chrom,start,end,hor_state,bz2_bpb,H11,evo2_bpb,accessibility,gc
chr13,15548063,15550063,active,1.836,9.935442038498874,0.738627,0.84375,0.3905
chr13,15552063,15554063,active,1.844,9.948212647839812,0.742432,3.5277751474380494,0.3885
chr13,15556063,15558063,active,1.848,9.964566844071074,0.742429,1.1833357257843018,0.3895
chr13,15560063,15562063,active,1.836,9.95702415024695,0.740598,0.0,0.388
chr13,15564063,15566063,active,1.876,10.000455690714505,0.763544,0.0,0.3905
chr13,15568063,15570063,active,1.872,10.01787448851544,0.747553,1.04,0.388
chr13,15572063,15574063,active,1.848,9.964766045332484,0.748857,0.0,0.3895
chr13,15576063,15578063,active,1.864,9.989759746353592,0.731091,1.7785696306228638,0.386
chr13,15580063,15582063,active,1.744,9.762482272381838,0.643673,2.4166643619537354,0.39
chr13,15584063,15586063,active,1.784,9.848595969265606,0.674315,0.55,0.388
chr13,15588063,15590063,active,1.84,9.928448362414567,0.732173,1.0444434185028075,0.388
chr13,15592063,15594063,active,1.848,9.939458383656993,0.736684,1.704544596672058,0.387
chr13,15596063,15598063,active,1.856,9.953560926922986,0.731683,0.887292046546936,0.3875
chr13,15600063,15602063,active,1.86,9.961120041292313,0.735522,0.4466668796539306,0.386
chr13,15604063,15606063,active,1.76,9.784279572683626,0.661909,3.154807656049728,0.387
chr13,15608063,15610063,active,1.856,9.968584741278375,0.731409,0.0,0.3855
chr13,15612063,15614063,active,1.76,9.799655032794726,0.659557,0.9171432251930236,0.3875
chr13,15616063,15618063,active,1.86,9.968722311560477,0.726971,1.494093758821487,0.3855
chr13,15620063,15622063,active,1.848,9.916260657413488,0.725852,3.38791468501091,0.3885
chr13,15624063,15626063,active,1.844,9.933915251362,0.740649,3.502354969263077,0.3895
chr13,15628063,15630063,active,1.824,9.917500430672156,0.742007,3.5624685287475586,0.3905
chr13,15632063,15634063,active,1.832,9.920792075910564,0.738765,3.445257695198059,0.3895
chr13,15636063,15638063,active,1.76,9.800207961903672,0.635233,1.2080003051757813,0.384
chr13,15640063,15642063,active,1.764,9.76481216959681,0.636791,1.6640308496952056,0.3865
chr13,15644063,15646063,active,1.736,9.751482468349591,0.643918,0.096764374256134,0.3885
chr13,15648063,15650063,active,1.856,9.956282005372556,0.742944,1.2924832100868224,0.39
chr13,15652063,15654063,active,1.8,9.887728984823884,0.687866,5.373683381319046,0.385
chr13,15656063,15658063,active,1.78,9.839818037241391,0.663261,2.9537565562725066,0.382
chr13,15660063,15662063,active,1.848,9.949954999096851,0.751592,2.487970217704773,0.389
chr13,15664063,15666063,active,1.764,9.806538860111177,0.641008,4.5527632937431335,0.382
chr13,15668063,15670063,active,1.86,9.956189356863977,0.74492,3.0052064218521117,0.39
chr13,15672063,15674063,active,1.74,9.764109509779706,0.64654,2.0664841895103456,0.386
chr13,15676063,15678063,active,1.852,9.94508284560274,0.737303,0.0,0.389
chr13,15680063,15682063,active,1.848,9.949058747908015,0.728658,1.5642304029464722,0.39
chr13,15684063,15686063,active,1.884,10.015921289489556,0.75077,2.421665711402893,0.386
chr13,15688063,15690063,active,1.848,9.93781461594308,0.710059,2.540705293416977,0.3835
chr13,15692063,15694063,active,1.864,9.96098778652306,0.729117,1.1326195328235626,0.3875
chr13,15696063,15698063,active,1.756,9.783889294655207,0.63675,0.5499997901916504,0.384
chr13,15700063,15702063,active,1.804,9.892465351799409,0.698958,1.7583347053527831,0.3845
chr13,15704063,15706063,active,1.764,9.800207961903672,0.634562,0.9717949905395508,0.3835
chr13,15708063,15710063,active,1.844,9.965464757079918,0.736724,0.8071968221664428,0.389
chr13,15712063,15714063,active,1.82,9.87107974936691,0.685643,0.3500001368522644,0.3845
chr13,15716063,15718063,active,1.76,9.798834483478222,0.636129,0.0,0.384
chr13,15720063,15722063,active,1.768,9.784473999907332,0.626415,4.110608049869537,0.383
chr13,15724063,15726063,active,1.8,9.854046322180835,0.674422,1.024450570344925,0.382
chr13,15728063,15730063,active,1.784,9.82422475774478,0.658912,0.0,0.3815
chr13,15732063,15734063,active,1.836,9.923655525496333,0.739467,2.6645605313777923,0.389
chr13,15736063,15738063,active,1.808,9.901744739074129,0.71005,3.0666669878959656,0.39
chr13,15740063,15742063,active,1.88,9.987867978316968,0.76081,3.94861381149292,0.3895
chr13,15744063,15746063,active,1.816,9.902370423746415,0.701247,3.288460659503937,0.39
chr13,15748063,15750063,active,1.84,9.946394854049776,0.731166,3.7256419456005094,0.39
chr13,15752063,15754063,active,1.868,9.976853764309531,0.742946,1.5993007373809816,0.389
chr13,15756063,15758063,active,1.844,9.938110434882972,0.740178,4.750899344444275,0.391
chr13,15760063,15762063,active,1.836,9.941531243773277,0.740555,4.7071691756248475,0.389
chr13,15764063,15766063,active,1.832,9.910994404740912,0.746726,5.2499021673202515,0.3905
chr13,15768063,15770063,active,1.84,9.92578311078086,0.73543,4.670950204849243,0.387
chr13,15772063,15774063,active,1.86,9.957498220560662,0.755887,3.142831980705261,0.3895
chr13,15776063,15778063,active,1.752,9.77678152912114,0.656123,3.707826287508011,0.384
chr13,15780063,15782063,active,1.868,9.951070814445549,0.748283,6.608824018001556,0.3905
chr13,15784063,15786063,active,1.78,9.85559416897607,0.682191,1.727205066204071,0.388
chr13,15788063,15790063,active,1.832,9.950242301635647,0.744189,4.573315829515457,0.3915
chr13,15792063,15794063,active,1.836,9.940485460317715,0.729118,0.825,0.387
chr13,15796063,15798063,active,1.832,9.901290865010225,0.729783,3.481211447715759,0.3895
chr13,15800063,15802063,active,1.876,10.022698879530289,0.743286,0.0833332514762878,0.387
chr13,15804063,15806063,active,1.832,9.90153720922916,0.727925,3.61875,0.3895
chr13,15808063,15810063,active,1.836,9.938729136506122,0.737989,1.0000020217895509,0.389
chr13,15812063,15814063,active,1.84,9.918512560790353,0.724926,1.68,0.386
chr13,15816063,15818063,active,1.832,9.901056471343356,0.702488,2.51875,0.39
chr13,15820063,15822063,active,1.82,9.891657234420803,0.715803,2.66,0.386
chr13,15824063,15826063,active,1.84,9.896067612951772,0.704833,3.0519239766597748,0.389
chr13,15828063,15830063,active,1.744,9.790129655767284,0.646295,2.5115394341945647,0.3815
chr13,15832063,15834063,active,1.836,9.92463847227036,0.732287,0.0,0.388
chr13,15836063,15838063,active,1.832,9.923881917420752,0.730263,0.0,0.3865
chr13,15840063,15842063,active,1.856,9.96567496743824,0.714059,,0.3865
chr13,15844063,15846063,active,1.82,9.930576998925028,0.737936,,0.389
chr13,15848063,15850063,active,1.82,9.919274714097163,0.743803,,0.388
chr13,15852063,15854063,active,1.848,9.9675969164121,0.743437,3.0375,0.3895
chr13,15856063,15858063,active,1.82,9.920033395003868,0.741823,1.1473206415176391,0.3885
chr13,15860063,15862063,active,1.844,9.942408832872626,0.736201,0.7363637065887452,0.3885
chr13,15864063,15866063,active,1.868,9.948895847964469,0.723605,1.660714364290237,0.385
chr13,15868063,15870063,active,1.844,9.96925121681326,0.745653,2.023425586223602,0.386
chr13,15872063,15874063,active,1.736,9.766522053667009,0.635424,2.920454306602478,0.384
chr13,15876063,15878063,active,1.848,9.924086478900325,0.730191,0.0,0.388
chr13,15880063,15882063,active,1.84,9.943499156818882,0.732277,2.024746201038361,0.3865
chr13,15884063,15886063,active,1.84,9.92722752275712,0.739326,1.4000001335144043,0.3875
chr13,15888063,15890063,active,1.848,9.951001419962862,0.741584,0.4600000381469726,0.3875
chr13,15892063,15894063,active,1.848,9.95800917265646,0.726228,1.0428560886383056,0.385
chr13,15896063,15898063,active,1.832,9.905385448701738,0.73253,0.0,0.3875
chr13,15900063,15902063,active,1.848,9.947366580304363,0.741167,0.0,0.388
chr13,15904063,15906063,active,1.748,9.76656854383003,0.645706,1.3690498237609865,0.384
chr13,15908063,15910063,active,1.876,10.03195608189394,0.76211,1.21,0.387
chr13,15912063,15914063,active,1.832,9.92793779160145,0.741962,0.98125,0.3885
chr13,15916063,15918063,active,1.78,9.801088784424042,0.648825,0.0,0.3845
chr13,15920063,15922063,active,1.856,9.944350822811533,0.739467,1.4000003938674928,0.3875
chr13,15924063,15926063,active,1.884,10.016413977927416,0.762117,0.7859846830368042,0.386
chr13,15928063,15930063,active,1.756,9.769733732746325,0.631901,1.6837789275646209,0.3825
chr13,15932063,15934063,active,1.832,9.924354957608704,0.727153,0.8200002002716065,0.3865
chr13,15936063,15938063,active,1.844,9.972404577120898,0.752506,2.0926033692359924,0.386
chr13,15940063,15942063,active,1.844,9.932333018692056,0.74586,1.5546699059009552,0.39
chr13,15944063,15946063,active,1.856,9.947604904892062,0.750807,3.0208346242904662,0.388
chr13,15948063,15950063,active,1.86,9.96800679226887,0.745864,0.7277272796630859,0.3875
chr13,15952063,15954063,active,1.852,9.947076392354468,0.747077,3.620453567504883,0.3905
chr13,15956063,15958063,active,1.736,9.772925946416972,0.641414,1.4538884086608888,0.3885
chr13,15960063,15962063,active,1.772,9.795666763617014,0.638782,2.1749987230300905,0.385
chr13,15964063,15966063,active,1.752,9.794692273894768,0.628092,1.0,0.3855
chr13,15968063,15970063,active,1.724,9.665687918847873,0.650824,0.0,0.3895
chr13,15972063,15974063,active,1.756,9.760386767285205,0.638684,0.0,0.3855
chr13,15976063,15978063,active,1.764,9.811780149021011,0.643389,0.0,0.385
chr13,15980063,15982063,active,1.76,9.76717476880991,0.633414,1.99,0.3845
chr13,15984063,15986063,active,1.816,9.839689615054647,0.668325,1.2125,0.3845
chr13,15988063,15990063,active,1.844,9.914317249609775,0.734956,0.0,0.3905
chr13,15992063,15994063,active,1.756,9.777726198088615,0.632781,7.191662311553955,0.387
chr13,15996063,15998063,active,1.756,9.765354377460923,0.648923,3.475,0.3875
chr13,16000063,16002063,active,1.756,9.76789842321986,0.659043,3.48,0.389
chr13,16004063,16006063,active,1.8,9.876435931045702,0.693157,2.8,0.388
chr13,16008063,16010063,active,1.752,9.760386767285205,0.630223,0.0,0.386
chr13,16012063,16014063,active,1.856,9.936576968741557,0.746543,2.475,0.3865
chr13,16016063,16018063,active,1.768,9.805856324213511,0.638564,4.074998235702514,0.3845
chr13,16020063,16022063,active,1.84,9.919029034105268,0.731009,0.0,0.3915
chr13,16024063,16026063,active,1.872,9.991003063534151,0.736522,2.8266682167053223,0.386
chr13,16028063,16030063,active,1.864,9.965345810638231,0.740729,1.2500025272369384,0.387
chr13,16032063,16034063,active,1.792,9.829406714905968,0.648822,4.633328914642334,0.3845
chr13,16036063,16038063,active,1.776,9.798652848374878,0.655193,,0.3855
chr13,16040063,16042063,active,1.736,9.748285591960666,0.638683,,0.3885
chr13,16044063,16046063,active,1.78,9.854382456313743,0.670096,1.6108330154418946,0.383
chr13,16048063,16050063,active,1.86,9.95908860373297,0.739347,1.2000024261474609,0.3905
chr13,16052063,16054063,active,1.788,9.859384151531074,0.676542,0.4249998378753662,0.3895
chr13,16056063,16058063,active,1.768,9.760176607348452,0.649749,0.0,0.387
chr13,16060063,16062063,active,1.856,9.935915161641184,0.749575,1.0611119813919068,0.3895
chr13,16064063,16066063,active,1.84,9.92720713875828,0.736055,2.583026453495026,0.3885
chr13,16068063,16070063,active,1.788,9.827876649642786,0.657865,1.0266542236804963,0.385
chr13,16072063,16074063,active,1.788,9.822220273417964,0.657489,0.6212418327331543,0.384
chr13,16076063,16078063,active,1.86,9.97761070615806,0.748023,0.6269232532978057,0.3865
chr13,16080063,16082063,active,1.76,9.784506623118858,0.665537,1.5958981091976163,0.3865
chr13,16084063,16086063,active,1.84,9.91164728007622,0.711508,0.0,0.3895
chr13,16088063,16090063,active,1.824,9.90803625782747,0.731323,2.141758890390396,0.3865
chr13,16092063,16094063,active,1.772,9.778862486106718,0.633031,1.9754770910739896,0.3845
chr13,16096063,16098063,active,1.844,9.946208279000093,0.736853,1.344443123817444,0.386
chr13,16100063,16102063,active,1.848,9.95809347960036,0.735996,0.0,0.386
chr13,16104063,16106063,active,1.836,9.939767897923348,0.753495,2.075,0.3875
chr13,16108063,16110063,active,1.836,9.921466875121244,0.731683,1.6625,0.3875
chr13,16112063,16114063,active,1.712,9.727345772439037,0.638146,1.7879371535778046,0.3885
chr13,16116063,16118063,active,1.836,9.94082341074688,0.74055,0.449999828338623,0.3875
chr13,16120063,16122063,active,1.84,9.933549638767978,0.752853,0.5346155350208283,0.3895
chr13,16124063,16126063,active,1.868,9.948441469865918,0.74618,0.6208330965042115,0.389
chr13,16128063,16130063,active,1.832,9.925996161844935,0.731872,2.1949994106292725,0.3885
chr13,16132063,16134063,active,1.776,9.769420391613693,0.64078,0.9250018701553344,0.386
chr13,16136063,16138063,active,1.848,9.8934166379173,0.682626,0.9454546356201172,0.3865
chr13,16140063,16142063,active,1.82,9.88991113353564,0.689394,1.084615689754486,0.3885
chr13,16144063,16146063,active,1.844,9.966802107361044,0.747319,2.4045456504821776,0.389
chr13,16148063,16150063,active,1.62,9.609627980516503,0.587002,1.2966658153533936,0.3895
chr13,16152063,16154063,active,1.668,9.712845890117356,0.621403,2.4625,0.3895
chr13,16156063,16158063,active,1.86,9.961950680159331,0.741262,0.994443467617035,0.3875
chr13,16160063,16162063,active,1.884,10.009169660804536,0.752209,1.3,0.3865
chr13,16164063,16166063,active,1.76,9.771899622653873,0.644899,2.625,0.386
chr13,16168063,16170063,active,1.82,9.91091588897937,0.742876,1.0833355236053466,0.3885
chr13,16172063,16174063,active,1.764,9.806885571636723,0.634026,5.3642802915573125,0.3845
chr13,16176063,16178063,active,1.84,9.925302694088456,0.735595,1.898107361793518,0.3895
chr13,16180063,16182063,active,1.872,9.990771439051258,0.73183,0.5166664695739747,0.3845
chr13,16184063,16186063,active,1.852,9.936943694415785,0.746375,0.9492422723770142,0.3885
chr13,16188063,16190063,active,1.796,9.839841544890312,0.669524,2.825757908821106,0.3835
chr13,16192063,16194063,active,1.84,9.93222424475521,0.751299,2.0008922939300535,0.3895
chr13,16196063,16198063,active,1.84,9.919981085293411,0.736181,2.9583393144607544,0.389
chr13,16200063,16202063,active,1.752,9.759419854057397,0.64306,1.6666689453125,0.3865
chr13,16204063,16206063,active,1.84,9.94318226604807,0.745582,2.083331346511841,0.388
chr13,16208063,16210063,active,1.836,9.931031737206002,0.730793,1.5875,0.388
chr13,16212063,16214063,active,1.756,9.77823004519182,0.638722,0.0,0.384
chr13,16216063,16218063,active,1.78,9.798735882046222,0.649811,1.033335422515869,0.3835
chr13,16220063,16222063,active,1.736,9.759419106875994,0.645382,1.3208325638771057,0.3885
chr13,16224063,16226063,active,1.852,9.983507473678475,0.737439,3.0625,0.3855
chr13,16228063,16230063,active,1.84,9.935969121739197,0.746893,0.63125,0.3905
chr13,16232063,16234063,active,1.86,9.982040295518395,0.734414,0.0,0.3865
chr13,16236063,16238063,active,1.836,9.901537209229158,0.729198,0.0,0.3895
chr13,16240063,16242063,active,1.756,9.784693635589138,0.634335,0.34375,0.3865
chr13,16244063,16246063,active,1.768,9.790440709101825,0.655133,0.0,0.386
chr13,16248063,16250063,active,1.716,9.727219360822296,0.637803,0.0,0.388
chr13,16252063,16254063,active,1.872,10.011186024161594,0.739538,2.2027774066925048,0.386
chr13,16256063,16258063,active,1.836,9.926325601589287,0.739736,1.715,0.389
chr13,16260063,16262063,active,1.792,9.85017572504678,0.67921,1.168180956840515,0.387
chr13,16264063,16266063,active,1.82,9.890793966625989,0.688487,1.965,0.384
chr13,16268063,16270063,active,1.828,9.939008103936557,0.729603,2.059443664073944,0.3895
chr13,16272063,16274063,active,1.872,9.988929217257398,0.752695,2.4916681156158447,0.389
chr13,16276063,16278063,active,1.888,10.002551034070189,0.758268,1.8034705305099488,0.3905
chr13,16280063,16282063,active,1.868,10.006762360908148,0.749592,0.6249997615814209,0.386
chr13,16284063,16286063,active,1.78,9.802553482060771,0.640795,0.65,0.386
chr13,16288063,16290063,active,1.74,9.761563255009296,0.637768,0.9283326621055604,0.385
chr13,16292063,16294063,active,1.796,9.826152627109238,0.668936,2.0,0.3855
chr13,16296063,16298063,active,1.836,9.939172394188317,0.750257,1.0875,0.3895
chr13,16300063,16302063,active,1.792,9.823874490864783,0.66319,1.175,0.3835
chr13,16304063,16306063,active,1.748,9.763952291247673,0.640607,0.0,0.387
chr13,16308063,16310063,active,1.772,9.80468007546854,0.64121,0.0,0.3855
chr13,16312063,16314063,active,1.844,9.958443270810855,0.736226,4.075,0.388
chr13,16316063,16318063,active,1.844,9.905980520732488,0.723462,0.61,0.391
chr13,16320063,16322063,active,1.868,10.00678484414758,0.73343,0.63,0.387
chr13,16324063,16326063,active,1.856,9.962822682234048,0.748774,1.5090910530090331,0.3905
chr13,16328063,16330063,active,1.864,10.002956330163013,0.729372,0.4409091329574585,0.387
chr14,8149085,8151085,inactive,2.08,10.369979684249955,0.923847,2.999997960805893,0.3635
chr14,8153085,8155085,inactive,2.08,10.385179296272405,0.963385,0.5166664695739747,0.363
chr14,8157085,8159085,inactive,2.024,10.336361293301962,0.877931,7.99961869430542,0.362
chr14,8161085,8163085,inactive,2.036,10.303007793175162,0.912779,1.0454546451568605,0.3615
chr14,8165085,8167085,inactive,2.032,10.30305177504204,0.894694,1.09,0.364
chr14,8169085,8171085,inactive,1.972,10.201608946469198,0.843706,0.45909095287323,0.3635
chr14,8173085,8175085,inactive,1.932,10.170459397726209,0.824299,3.3045447731018065,0.363
chr14,8177085,8179085,inactive,1.924,10.12537960416769,0.801102,1.4444436149597168,0.3625
chr14,8181085,8183085,inactive,1.968,10.244856498013515,0.820483,0.8181818962097168,0.366
chr14,8185085,8187085,inactive,2.028,10.30449026662772,0.925643,1.08,0.364
chr14,8189085,8191085,inactive,2.036,10.333792632530225,0.912975,0.845,0.3655
chr14,8193085,8195085,inactive,2.036,10.319002541898342,0.919822,0.9977272367477416,0.365
chr14,8197085,8199085,inactive,1.932,10.172002443667251,0.843637,1.9750033321380616,0.3655
chr14,8201085,8203085,inactive,1.96,10.206854732188622,0.827734,1.2040909576416017,0.365
chr14,8205085,8207085,inactive,1.968,10.22575049365552,0.834777,0.8208330202102662,0.367
chr14,8209085,8211085,inactive,1.936,10.169862869581635,0.815194,1.8807401549816132,0.3665
chr14,8213085,8215085,inactive,1.964,10.213035350948008,0.823559,0.7,0.368
chr14,8217085,8219085,inactive,1.956,10.154238473408917,0.822055,3.145554027557373,0.3695
chr14,10093085,10095085,active,2.016,10.27704579433427,0.8998,0.0,0.377
chr14,10097085,10099085,active,1.868,10.01293746416468,0.719952,0.4791664838790893,0.383
chr14,10101085,10103085,active,1.96,10.149705066990649,0.794769,1.795,0.3815
chr14,10105085,10107085,active,1.924,10.150729823320551,0.798108,4.840476857185363,0.388
chr14,10109085,10111085,active,1.828,9.961423874147096,0.717562,0.92,0.387
chr14,10113085,10115085,active,1.956,10.18844694601968,0.809169,0.0,0.38
chr14,10117085,10119085,active,1.828,9.993663380937685,0.718249,0.0,0.3865
chr14,10121085,10123085,active,1.876,10.10884401502357,0.765626,1.45,0.3865
chr14,10125085,10127085,active,2.004,10.210976490202857,0.808658,0.0,0.382
chr14,10129085,10131085,active,1.94,10.137940938889171,0.785744,1.875003790855408,0.386
chr14,10133085,10135085,active,1.96,10.177500880995169,0.805557,2.5500051555633543,0.3815
chr14,10137085,10139085,active,1.84,9.922429458996683,0.715261,0.6214279432296753,0.39
chr14,10141085,10143085,active,1.82,9.878805153125452,0.699857,5.2928552799224855,0.3905
chr14,10145085,10147085,active,1.912,10.18130654584161,0.787251,4.059722151279449,0.383
chr14,10149085,10151085,active,1.888,10.098727127036032,0.751146,0.8090909862518311,0.3875
chr14,10153085,10155085,active,1.976,10.174294933748996,0.804983,1.0884618446826937,0.3825
chr14,10157085,10159085,active,1.952,10.152157267560256,0.783349,1.0384618306159974,0.3875
chr14,10161085,10163085,active,1.836,9.920457984880318,0.706002,2.230303044319153,0.3875
chr14,10165085,10167085,active,1.896,10.094841374827237,0.770215,0.6142859544754028,0.385
chr14,10169085,10171085,active,1.964,10.209309407565302,0.821739,2.0890150117874144,0.382
chr14,10173085,10175085,active,1.944,10.144540637738505,0.783474,1.2624995183944705,0.385
chr14,10177085,10179085,active,1.888,10.01121790590795,0.722405,0.6583330821990967,0.391
chr14,10181085,10183085,active,1.852,9.928019198490269,0.705567,1.5772719793319705,0.3895
chr14,10185085,10187085,active,1.788,9.885866290360582,0.683289,2.86634645485878,0.391
chr14,10189085,10191085,active,1.82,9.946980495040805,0.70525,1.5499994087219238,0.3905
chr14,10193085,10195085,active,1.832,9.95292755026913,0.700956,1.022727370262146,0.387
chr14,10197085,10199085,active,1.86,9.990536336452,0.722027,0.8545455074310303,0.3905
chr14,10201085,10203085,active,1.836,9.952552783863467,0.713665,1.389102651119232,0.3915
chr14,10205085,10207085,active,1.768,9.856671479711666,0.675618,0.5500001547336578,0.389
chr14,10209085,10211085,active,1.804,9.915472100570447,0.701775,1.533636407852173,0.3885
chr14,10213085,10215085,active,1.804,9.882583920877268,0.693268,0.825,0.3915
chr14,10217085,10219085,active,1.876,9.980167594458967,0.718906,0.9652771120071412,0.395
chr14,10221085,10223085,active,1.856,9.9632231270511,0.741837,1.5346155660152436,0.3935
chr14,10225085,10227085,active,1.824,9.919193336529547,0.694557,0.5346155350208283,0.3885
chr14,10229085,10231085,active,1.828,9.933068823644067,0.695076,0.0,0.3905
chr14,10233085,10235085,active,1.816,9.930887195307262,0.708787,0.4923078308105468,0.394
chr14,10237085,10239085,active,1.828,9.945521440566605,0.721796,1.6112176756858825,0.3935
chr14,10241085,10243085,active,1.836,9.938729502404758,0.7062,3.71875,0.391
chr14,10245085,10247085,active,1.792,9.90405399771092,0.700419,1.1277770628929138,0.392
chr14,10249085,10251085,active,1.78,9.908523547798104,0.701404,0.8863637208938598,0.3905
chr14,10253085,10255085,active,1.82,9.931502374108732,0.702456,0.0,0.3885
chr14,10257085,10259085,active,1.816,9.94977983884028,0.704624,0.428125,0.393
chr14,10261085,10263085,active,1.796,9.896907948654096,0.682722,1.25511918759346,0.39
chr14,10265085,10267085,active,1.82,9.953348313279394,0.710343,1.7784102249145508,0.39
chr14,10269085,10271085,active,1.792,9.872291767030088,0.679051,1.6495334942340851,0.391
chr14,10273085,10275085,active,1.988,10.204065986882052,0.832435,0.529166464805603,0.386
chr14,10277085,10279085,active,1.928,10.111279098288172,0.776848,0.0,0.389
chr14,10281085,10283085,active,1.956,10.106184778167348,0.792625,2.4812494106292724,0.383
chr14,10285085,10287085,active,1.844,9.934650445720012,0.687735,0.0,0.389
chr14,10289085,10291085,active,1.812,9.886679396558652,0.681415,1.8055537819862368,0.389
chr14,10293085,10295085,active,1.844,9.935206160353168,0.708024,0.0,0.3865
chr14,10297085,10299085,active,1.912,10.113155488077958,0.766243,1.025,0.3865
chr14,10301085,10303085,active,1.884,10.080946815019152,0.753075,0.54375,0.3905
chr14,10305085,10307085,active,1.972,10.159476788237033,0.813383,0.0,0.387
chr14,10309085,10311085,active,1.924,10.07291061250534,0.777543,0.8607142496109009,0.3885
chr14,10313085,10315085,active,1.828,9.924839212599826,0.706096,0.0,0.3905
chr14,10317085,10319085,active,1.896,10.067428489163138,0.732281,0.7444437131881714,0.391
chr14,10321085,10323085,active,1.872,10.010768456323294,0.737741,1.11,0.3875
chr14,10325085,10327085,active,1.924,10.073951024310167,0.78348,0.7064642615318298,0.3845
chr14,10329085,10331085,active,1.92,10.085027244863326,0.762622,0.0,0.3895
chr14,10333085,10335085,active,1.844,9.945084147240266,0.703294,1.345832942008972,0.3885
chr14,10337085,10339085,active,1.816,9.942724737482894,0.704456,1.3942309324741364,0.388
chr14,10341085,10343085,active,1.816,9.965067197673935,0.716891,3.566667048454285,0.389
chr14,10345085,10347085,active,1.856,10.013321018483271,0.731929,0.635,0.3905
chr14,10349085,10351085,active,1.832,9.911358001048672,0.700807,1.3055360102653504,0.39
chr14,10353085,10355085,active,1.848,9.966174185312232,0.718562,2.15,0.3865
chr14,10357085,10359085,active,2.0,10.214971459485454,0.807926,0.59,0.3845
chr14,10361085,10363085,active,1.936,10.093226480696613,0.777301,0.0,0.386
chr14,10365085,10367085,active,1.856,10.016723840943689,0.74609,0.0,0.388
chr14,10369085,10371085,active,1.832,9.917044641165097,0.704327,0.575,0.391
chr14,10373085,10375085,active,1.8,9.903409019254935,0.697752,0.320454568862915,0.389
chr14,10377085,10379085,active,1.816,9.903031695087847,0.687982,0.0,0.391
chr14,10381085,10383085,active,1.8,9.940387623955951,0.703042,1.383331974506378,0.3885
chr14,10385085,10387085,active,1.828,9.950156725586828,0.70457,1.014284688949585,0.388
chr14,10389085,10391085,active,1.848,9.980084255786691,0.718609,0.6714278926849365,0.3915
chr14,10393085,10395085,active,1.808,9.893632529687125,0.6861,1.5999983825683597,0.389
chr14,10397085,10399085,active,1.824,9.901775800568675,0.708561,1.1571416873931886,0.391
chr14,10401085,10403085,active,1.856,9.975958000962873,0.739489,1.1928559370040894,0.3915
chr14,10405085,10407085,active,1.872,9.9828854215987,0.716113,0.0,0.3945
chr14,10409085,10411085,active,1.844,9.94533029718546,0.745297,4.281110805511474,0.3935
chr14,10413085,10415085,active,1.86,9.965259498840531,0.706404,1.84999818277359,0.388
chr14,10417085,10419085,active,1.82,9.937222280563455,0.712952,0.92,0.3915
chr14,10421085,10423085,active,1.84,9.958275525307714,0.708369,1.7684521985054016,0.393
chr14,10425085,10427085,active,1.824,9.908661555500784,0.706371,0.0,0.3915
chr14,10429085,10431085,active,1.824,9.93502174544188,0.718299,2.5714259719848633,0.39
chr14,10433085,10435085,active,1.832,9.935517546097351,0.70308,2.5750020217895506,0.3905
chr14,10437085,10439085,active,1.816,9.922454944682851,0.678903,0.0,0.387
chr14,10441085,10443085,active,1.816,9.939477013213596,0.691464,0.0,0.388
chr14,10445085,10447085,active,1.808,9.898699792520857,0.695438,0.8076387033462524,0.3915
chr14,10449085,10451085,active,1.832,9.969668746402558,0.710597,2.713886640548706,0.392
chr14,10453085,10455085,active,1.856,9.964527077617904,0.712578,0.9428561897277832,0.3875
chr14,10457085,10459085,active,1.82,9.907779989966704,0.704133,0.0,0.3915
chr14,10461085,10463085,active,1.872,9.98746244970136,0.728377,0.969443811416626,0.392
chr14,10465085,10467085,active,1.86,9.965339934952937,0.705766,0.55625,0.392
chr14,10469085,10471085,active,1.828,9.932506380541115,0.714758,0.695,0.396
chr14,10473085,10475085,active,1.844,9.942153069046446,0.711141,0.5250002052783966,0.3925
chr14,10477085,10479085,active,1.824,9.899066158012584,0.709111,3.2291669130325316,0.39
chr14,10481085,10483085,active,1.832,9.952029565738446,0.706853,1.8879953446388245,0.393
chr14,10485085,10487085,active,1.844,9.94134586059024,0.706442,0.980302996635437,0.393
chr14,10489085,10491085,active,1.828,9.972113975355503,0.733953,0.7999999017715455,0.389
chr14,10493085,10495085,active,1.776,9.881901307741522,0.698111,0.0,0.392
chr14,10497085,10499085,active,1.828,9.97965820979634,0.7186,1.025,0.3905
chr14,10501085,10503085,active,1.808,9.95783310347754,0.710662,0.0,0.39
chr14,10505085,10507085,active,1.844,9.962735676887949,0.718833,2.091665868759155,0.392
chr14,10509085,10511085,active,1.8,9.912975369986253,0.702858,2.346363749504089,0.3905
chr14,10513085,10515085,active,1.808,9.904204265726548,0.692757,1.707638163089752,0.3925
chr14,10517085,10519085,active,1.824,9.92566744818165,0.70489,0.0,0.3895
chr14,10521085,10523085,active,1.848,9.960537291428585,0.711088,0.0,0.392
chr14,10525085,10527085,active,1.84,9.917669024199787,0.686767,1.5686086773872376,0.3935
chr14,10529085,10531085,active,1.808,9.88153546834098,0.707822,1.525000476837158,0.392
chr14,10533085,10535085,active,1.844,9.93981631570197,0.721348,2.77166285610199,0.3895
chr14,10537085,10539085,active,1.828,9.962159074221365,0.723828,3.737805860042572,0.3915
chr14,10541085,10543085,active,1.8,9.921038670541014,0.716054,0.3233334875106811,0.3925
chr14,10545085,10547085,active,1.848,10.001766364991209,0.729339,2.0692297191619873,0.393
chr14,10549085,10551085,active,1.832,9.922543798857944,0.709066,2.8209091520309446,0.3925
chr14,10553085,10555085,active,1.804,9.926105213009803,0.713246,4.601747102975845,0.3885
chr14,10557085,10559085,active,1.784,9.872814298871493,0.676336,3.654119384765625,0.389
chr14,10561085,10563085,active,1.796,9.894096144551666,0.696321,2.5456256580352785,0.3895
chr14,10565085,10567085,active,1.824,9.957525992496356,0.718163,0.0,0.3925
chr14,10569085,10571085,active,1.832,9.976078237609672,0.709937,1.834194056034088,0.393
chr14,10573085,10575085,active,1.852,9.981168704047713,0.712363,2.9447608008384702,0.3885
chr14,10577085,10579085,active,1.804,9.897921325228358,0.689457,2.0900729942321776,0.389
chr14,10581085,10583085,active,1.848,9.939514216189048,0.712977,0.2441175236701965,0.395
chr14,10585085,10587085,active,1.876,9.984893351509085,0.72888,2.108935737848282,0.393
chr14,10589085,10591085,active,1.828,9.920048635114725,0.713201,2.299998837471008,0.394
chr14,10593085,10595085,active,1.856,9.947952032737875,0.715317,3.886866183757782,0.3905
chr14,10597085,10599085,active,1.78,9.847994435369,0.686899,6.108175024986267,0.394
chr14,10601085,10603085,active,1.84,9.927779799071462,0.714764,2.8965908336639403,0.3905
chr14,10605085,10607085,active,1.844,9.972279157380912,0.721305,1.798146582365036,0.393
chr14,10609085,10611085,active,1.788,9.858829328887731,0.69505,2.8992868702411654,0.392
chr14,10613085,10615085,active,1.82,9.942041016983271,0.715628,2.101923287153244,0.391
chr14,10617085,10619085,active,1.812,9.916574635956632,0.702532,0.949524224281311,0.3905
chr14,10621085,10623085,active,1.832,9.93228390415355,0.704278,1.025735047340393,0.3905
chr14,10625085,10627085,active,1.828,9.951249497523666,0.720615,5.062148375272751,0.3915
chr14,10629085,10631085,active,1.84,10.006203030022771,0.727682,4.445511586904526,0.393
chr14,10633085,10635085,active,1.768,9.826788180241737,0.659089,4.534092009544373,0.387
chr14,10637085,10639085,active,1.82,9.919803442965,0.689675,2.4227535123825072,0.3915
chr14,10641085,10643085,active,1.8,9.876492427804838,0.680478,3.9601093397140503,0.395
chr14,10645085,10647085,active,1.852,9.941641169779246,0.696691,2.0084535701274873,0.395
chr14,10649085,10651085,active,1.832,9.963855562249764,0.725397,4.522630249977111,0.3935
chr14,10653085,10655085,active,1.788,9.90999857813219,0.702298,8.291631916761398,0.39
chr14,10657085,10659085,active,1.852,9.983013406364847,0.717582,4.412865564346314,0.3925
chr14,10661085,10663085,active,1.792,9.857625579718835,0.676517,4.90008723950386,0.3925
chr14,10665085,10667085,active,1.788,9.833464295612002,0.665011,5.446874432086944,0.3935
chr14,10669085,10671085,active,1.792,9.91336348296851,0.699843,5.747486503362656,0.391
chr14,10673085,10675085,active,1.808,9.90529411971952,0.70425,3.868332359313965,0.391
chr14,10677085,10679085,active,1.776,9.897897795522873,0.689483,3.376190895318985,0.39
chr14,10681085,10683085,active,1.788,9.896808024484256,0.685701,3.8368415644168854,0.3915
chr14,10685085,10687085,active,1.808,9.88997350026377,0.690077,3.298772696018219,0.3935
chr14,10689085,10691085,active,1.796,9.890201929574712,0.696834,1.8385957362651824,0.393
chr14,10693085,10695085,active,1.792,9.87183148547345,0.68357,3.753011438369751,0.392
chr14,10697085,10699085,active,1.768,9.831846898309372,0.683654,4.126797920703888,0.392
chr14,10701085,10703085,active,1.824,9.927392129226025,0.724265,1.4093411302566528,0.395
chr14,10705085,10707085,active,1.844,9.963553468453089,0.719527,5.4562118005752565,0.393
chr14,10709085,10711085,active,1.828,9.939767150741917,0.706788,3.650000128746033,0.3945
chr14,10713085,10715085,active,1.796,9.864239438131747,0.67992,7.584817457199096,0.3905
chr14,10717085,10719085,active,1.868,9.961976337470462,0.71558,4.11,0.393
chr14,10721085,10723085,active,1.8,9.911141090585549,0.702852,8.0,0.3925
chr14,10725085,10727085,active,1.796,9.895263516713175,0.695064,0.0,0.393
chr14,10729085,10731085,active,1.808,9.856198882660523,0.687834,3.26,0.391
chr14,10733085,10735085,active,1.82,9.901103902961482,0.691818,0.0,0.3905
chr14,10737085,10739085,active,1.772,9.840453120420571,0.664524,1.2,0.389
chr14,10741085,10743085,active,1.808,9.883737409154763,0.690764,2.7833306789398193,0.3895
chr14,10745085,10747085,active,1.784,9.874382591519634,0.686687,0.0,0.392
chr14,10749085,10751085,active,1.8,9.904472274481622,0.682,3.656824455738067,0.392
chr14,10753085,10755085,active,1.768,9.847123038172096,0.666452,1.268181939125061,0.3875
chr14,10757085,10759085,active,1.828,9.920182783418351,0.69636,1.059091010093689,0.391
chr14,10761085,10763085,active,1.828,9.925043496851302,0.72964,2.5644422397613527,0.3945
chr14,10765085,10767085,active,1.82,9.93281285411172,0.697566,1.3095225019454957,0.3935
chr14,10769085,10771085,active,1.844,9.948445739868992,0.73885,3.1928539152145388,0.395
chr14,10773085,10775085,active,1.8,9.881499915753064,0.693087,1.78,0.3905
chr14,10777085,10779085,active,1.776,9.848451299707111,0.683224,0.0,0.3935
chr14,10781085,10783085,active,1.796,9.90997471601706,0.705822,0.0,0.3915
chr14,10785085,10787085,active,1.808,9.911819052435527,0.707385,0.79375,0.394
chr14,10789085,10791085,active,1.808,9.87394262339625,0.692197,0.0,0.3915
chr14,10793085,10795085,active,1.8,9.910358270335614,0.699426,1.4777763261795045,0.3895
chr14,10797085,10799085,active,1.856,9.93627547982265,0.698039,0.0,0.3895
chr14,10801085,10803085,active,1.784,9.885353759399091,0.683872,0.7999992141723633,0.391
chr14,10805085,10807085,active,1.836,9.947236147547557,0.703968,1.1166655697822572,0.3895
chr14,10809085,10811085,active,1.808,9.879710912592062,0.683717,1.4285699844360351,0.3915
chr14,10813085,10815085,active,1.796,9.876655876488313,0.676243,0.0,0.392
chr14,10817085,10819085,active,1.8,9.859588613123703,0.67998,1.63,0.3905
chr14,10821085,10823085,active,1.776,9.830624602538167,0.682402,1.600003234863281,0.394
chr14,10825085,10827085,active,1.816,9.900381400620738,0.695699,0.9,0.3945
chr14,10829085,10831085,active,1.88,9.984695097419124,0.724456,1.08,0.396
chr14,10833085,10835085,active,1.812,9.903556180769195,0.707421,0.0,0.3945
chr14,10837085,10839085,active,1.792,9.851070277508128,0.686958,1.6499983792304993,0.3915
chr14,10841085,10843085,active,1.808,9.863957934040116,0.672037,5.049543749809265,0.393
chr14,10845085,10847085,active,1.792,9.856076303626333,0.673393,1.6666650295257568,0.3955
chr14,10849085,10851085,active,1.764,9.834625166110175,0.671097,3.085,0.394
chr14,10853085,10855085,active,1.764,9.823280776609437,0.675496,0.74,0.393
chr14,10857085,10859085,active,1.764,9.843256329335318,0.677549,0.0,0.392
chr14,10861085,10863085,active,1.808,9.936416528221056,0.693915,0.0,0.3895
chr14,10865085,10867085,active,1.828,9.923241873194874,0.696247,1.42,0.3915
chr14,10869085,10871085,active,1.808,9.88997350026377,0.690077,1.0830354471206665,0.3935
chr14,10873085,10875085,active,1.832,9.94696304436987,0.703742,0.7545449337959289,0.392
chr14,10877085,10879085,active,1.804,9.885869208304465,0.693746,2.0168178033828736,0.392
chr14,10881085,10883085,active,1.788,9.863135673438252,0.693131,0.0,0.3925
chr14,10885085,10887085,active,1.78,9.85429906245993,0.692105,2.130908088684082,0.3955
chr14,10889085,10891085,active,1.804,9.886269298655334,0.688534,0.5590909624099731,0.395
chr14,10893085,10895085,active,1.82,9.894802908463133,0.702835,3.020137819290161,0.397
chr14,10897085,10899085,active,1.784,9.843493248230809,0.672951,2.9127756876945496,0.3935
chr14,10901085,10903085,active,1.748,9.811233455779757,0.657479,3.45237771654129,0.393
chr14,10905085,10907085,active,1.756,9.821808664219253,0.664386,0.7727273464202881,0.394
chr14,10909085,10911085,active,1.776,9.8486449740332,0.671011,0.0,0.393
chr14,10913085,10915085,active,1.756,9.834111096080496,0.677665,1.7685604667663577,0.395
chr14,10917085,10919085,active,1.788,9.86502719832805,0.683044,5.171429027557373,0.392
chr14,10921085,10923085,active,1.776,9.869187621147818,0.677711,2.03141029214859,0.392
chr14,10925085,10927085,active,1.764,9.857376587519347,0.663019,6.271363520622254,0.39
chr14,10929085,10931085,active,1.84,9.958188963098465,0.704746,2.357498673915863,0.3895
chr14,10933085,10935085,active,1.788,9.872599591703604,0.680621,1.5731818914413451,0.392
chr14,10937085,10939085,active,1.784,9.852155933019883,0.666514,0.725,0.392
chr14,10941085,10943085,active,1.788,9.87001820483333,0.686679,0.0,0.391
chr14,10945085,10947085,active,1.764,9.829107240724769,0.673116,1.691670086860657,0.392
chr14,10949085,10951085,active,1.78,9.850546333301956,0.673401,0.0,0.395
chr14,10953085,10955085,active,1.784,9.863614855107093,0.681151,0.0,0.397
chr14,10957085,10959085,active,1.8,9.86010397907472,0.697182,0.0,0.3925
chr14,10961085,10963085,active,1.812,9.851297327943348,0.678707,0.0,0.3895
chr14,10965085,10967085,active,1.816,9.906650790600834,0.691004,1.6833367366790772,0.3915
chr14,10969085,10971085,active,1.836,9.897314962704828,0.702436,0.0,0.393
chr14,10973085,10975085,active,1.824,9.901934154829592,0.696304,0.0,0.3925
chr14,10977085,10979085,active,1.808,9.903715055404998,0.705142,3.416673574447632,0.39
chr14,10981085,10983085,active,1.792,9.874751044819458,0.68635,1.8375,0.3885
chr14,10985085,10987085,active,1.82,9.934101183284886,0.705041,0.7785706415176391,0.39
chr14,10989085,10991085,active,1.84,9.929289578674194,0.701029,0.0,0.3925
chr14,10993085,10995085,active,1.816,9.9039564653938,0.703203,1.41875,0.3895
chr14,10997085,10999085,active,1.788,9.902844399673231,0.682878,0.7142849922180176,0.3885
chr14,11001085,11003085,active,1.828,9.897237548590914,0.681554,1.5500031337738036,0.387
chr14,11005085,11007085,active,1.8,9.876389031234911,0.694955,0.7857134914398194,0.388
chr14,11009085,11011085,active,1.824,9.87553931967442,0.686003,1.6277761788368226,0.392
chr14,11013085,11015085,active,1.8,9.857658368839088,0.67411,0.0,0.393
chr14,11017085,11019085,active,1.8,9.84823353074322,0.69395,2.565969892024994,0.3925
chr14,11021085,11023085,active,1.78,9.833616751538814,0.671473,0.0,0.39
chr14,11025085,11027085,active,1.784,9.824657012786304,0.662094,2.675970726966858,0.3905
chr14,11029085,11031085,active,1.808,9.888075315066738,0.698485,0.585,0.3915
chr14,11033085,11035085,active,1.844,9.962442704370138,0.712921,0.0,0.393
chr14,11037085,11039085,active,1.816,9.902039096183907,0.703153,1.3999985847473144,0.391
chr14,11041085,11043085,active,1.808,9.910506999283072,0.70316,0.7388881630897522,0.3885
chr14,11045085,11047085,active,1.788,9.921723326779482,0.703642,0.0,0.3895
chr14,11049085,11051085,active,1.824,9.921162982917132,0.694728,1.775,0.3855
chr14,11053085,11055085,active,1.844,10.008641862915525,0.751079,1.825,0.3905
chr14,11057085,11059085,active,1.84,9.93862463828856,0.694804,0.0,0.391
chr14,11061085,11063085,active,1.772,9.80997932868382,0.673687,3.416673574447632,0.3915
chr14,11065085,11067085,active,1.804,9.888404504399563,0.702574,0.5375,0.3905
chr14,11069085,11071085,active,1.776,9.804845661641576,0.676617,2.4194424362182616,0.3915
chr14,11073085,11075085,active,1.8,9.888262071409128,0.67586,0.0,0.387
chr14,11077085,11079085,active,1.812,9.944951039686472,0.720874,0.8666658401489258,0.39
chr14,11081085,11083085,active,1.76,9.86115098121346,0.685132,0.94,0.3895
chr14,11085085,11087085,active,1.78,9.86069225015749,0.686902,2.184819529533386,0.3915
chr14,11089085,11091085,active,1.816,9.880120484404284,0.690912,0.0,0.3945
chr14,11093085,11095085,active,1.792,9.86305123311839,0.677547,2.049997986316681,0.389
chr14,11097085,11099085,active,1.772,9.854381797802889,0.680821,0.0,0.3905
chr14,11101085,11103085,active,1.768,9.827971019320657,0.685795,3.9369047498703,0.392
chr14,11105085,11107085,active,1.772,9.855731435213489,0.673784,0.0833332538604736,0.3885
chr14,11109085,11111085,active,1.804,9.887152548065997,0.694582,1.65,0.3905
chr14,11113085,11115085,active,1.772,9.829675116376215,0.699382,4.98,0.391
chr14,11117085,11119085,active,1.76,9.826768094571264,0.677371,2.172220088481903,0.391
chr14,11121085,11123085,active,1.784,9.84532851950832,0.678637,2.823485644340515,0.393
chr14,11125085,11127085,active,1.792,9.854586442236812,0.671742,0.0,0.3865
chr14,11129085,11131085,active,1.784,9.886784011811788,0.690439,0.6692309575080871,0.3885
chr14,11133085,11135085,active,1.796,9.87758258012616,0.664353,0.38125,0.3875
chr14,11137085,11139085,active,1.8,9.849562501210636,0.664962,1.9687906737327576,0.3855
chr14,11141085,11143085,active,1.796,9.915321112189927,0.702169,0.4907144930362701,0.388
chr14,11145085,11147085,active,1.808,9.897094025385444,0.68928,1.962262999534607,0.391
chr14,11149085,11151085,active,1.84,9.939460920318128,0.713207,1.53,0.3945
chr14,11153085,11155085,active,1.8,9.890006926794578,0.688277,0.948282479763031,0.393
chr14,11157085,11159085,active,1.8,9.84338924833168,0.700988,2.13375,0.391
chr14,11161085,11163085,active,1.784,9.88619790086742,0.690077,0.0,0.3925
chr14,11165085,11167085,active,1.804,9.882253585191522,0.684004,2.342854774475098,0.388
chr14,11169085,11171085,active,1.768,9.857746281558985,0.690532,0.9166657662391664,0.389
chr14,11173085,11175085,active,1.82,9.946814675604882,0.719067,0.9071419401168824,0.391
chr14,11177085,11179085,active,1.788,9.90092703617959,0.703494,1.021427538871765,0.393
chr14,11181085,11183085,active,1.764,9.882901758819502,0.690064,0.825,0.3935
chr14,11185085,11187085,active,1.768,9.857536182520048,0.68034,2.257140575408936,0.392
chr14,11189085,11191085,active,1.788,9.857195778384034,0.679318,1.0733349170684814,0.3885
chr14,11193085,11195085,active,1.76,9.847883812603149,0.662421,0.7833349170684815,0.3895
chr14,11197085,11199085,active,1.756,9.819898317047574,0.657357,0.0,0.389
chr14,11201085,11203085,active,1.768,9.82715525466586,0.661816,0.0,0.387
chr14,11205085,11207085,active,1.768,9.844706971463104,0.671501,1.725,0.3905
chr14,11209085,11211085,active,1.764,9.84466838961194,0.662478,0.0499999494552612,0.3895
chr14,11213085,11215085,active,1.804,9.853753244059822,0.680323,1.8755550589561465,0.387
chr14,11217085,11219085,active,1.832,9.904796580005884,0.706898,0.0,0.394
chr14,11221085,11223085,active,1.824,9.895474397014858,0.695468,0.8590909910202026,0.3935
chr14,11225085,11227085,active,1.76,9.79523582164547,0.694129,0.3423077886104583,0.3945
chr14,11229085,11231085,active,1.776,9.86048461544942,0.675675,1.2458331680297852,0.3875
chr14,11233085,11235085,active,1.8,9.874837412755008,0.690935,0.941667148590088,0.3925
chr14,11237085,11239085,active,1.832,9.915154025197696,0.689188,0.0,0.3925
chr14,11241085,11243085,active,1.812,9.948961111536264,0.713563,0.485,0.3915
chr14,11245085,11247085,active,1.784,9.880355587003436,0.676084,0.0,0.391
chr14,11249085,11251085,active,1.832,9.90541421823041,0.695695,1.8863629865646363,0.3875
chr14,11253085,11255085,active,1.776,9.84004462343951,0.663549,0.0,0.388
chr14,11257085,11259085,active,1.812,9.898609925368776,0.688307,1.2205548133850097,0.387
chr14,11261085,11263085,active,1.796,9.905326471419205,0.686494,0.0,0.386
chr14,11265085,11267085,active,1.804,9.8769130249064,0.686097,1.549304174900055,0.3885
chr14,11269085,11271085,active,1.796,9.85053500872787,0.670322,0.5999994106292724,0.3895
chr14,11273085,11275085,active,1.812,9.910420659120378,0.698641,2.3211108546257018,0.3875
chr14,11277085,11279085,active,1.812,9.903265218821366,0.707557,1.6727274322509766,0.393
chr14,11281085,11283085,active,1.832,9.91870348308121,0.697919,0.542307844877243,0.3925
chr14,11285085,11287085,active,1.772,9.87401592769957,0.693481,0.0,0.3945
chr14,11289085,11291085,active,1.828,9.932480424901607,0.702113,0.0,0.391
chr14,11293085,11295085,active,1.8,9.899551077230791,0.688421,0.0,0.3895
chr14,11297085,11299085,active,1.804,9.90518571168139,0.68873,0.61,0.3905
chr14,11301085,11303085,active,1.824,9.93529779492848,0.703047,0.2357140474319458,0.391
chr14,11305085,11307085,active,1.812,9.89560080863153,0.694949,0.7285706920623779,0.3885
chr14,11309085,11311085,active,1.728,9.78160280791833,0.649863,0.8,0.388
chr14,11313085,11315085,active,1.796,9.859715601845394,0.669925,0.4777773084640503,0.3875
chr14,11317085,11319085,active,1.78,9.8264032413312,0.665885,3.135713137626648,0.389
chr14,11321085,11323085,active,1.792,9.875016682822102,0.680067,2.5729159626960754,0.3895
chr14,11325085,11327085,active,1.8,9.90941365178978,0.698692,0.825,0.3935
chr14,11329085,11331085,active,1.852,9.95623392095981,0.721847,0.9375,0.393
chr14,11333085,11335085,active,1.816,9.922965713937415,0.711358,0.7500000715255737,0.3895
chr14,11337085,11339085,active,1.804,9.89740665186942,0.703838,0.6863637018203735,0.3905
chr14,11341085,11343085,active,1.728,9.800146929345804,0.658532,2.029999656200409,0.3915
chr14,11345085,11347085,active,1.812,9.850564442483712,0.680691,0.8857133903503418,0.3905
chr14,11349085,11351085,active,1.772,9.809085835246425,0.668803,0.0,0.3885
chr14,11353085,11355085,active,1.784,9.827082227590653,0.666283,3.4825,0.388
chr14,11357085,11359085,active,1.772,9.862923365387829,0.679982,3.575,0.3885
chr14,11361085,11363085,active,1.772,9.814665429051663,0.661242,0.0,0.3875
chr14,11365085,11367085,active,1.76,9.847823211749631,0.674081,3.966666206359863,0.388
chr14,11369085,11371085,active,1.784,9.856300185706065,0.672265,2.1375,0.387
chr14,11373085,11375085,active,1.788,9.8711492268039,0.672164,0.0,0.39
chr14,11377085,11379085,active,1.764,9.840854921464564,0.672178,2.90833802318573,0.389
chr14,11381085,11383085,active,1.784,9.86991656997035,0.681658,0.76875,0.394
chr14,11385085,11387085,active,1.808,9.880074957752932,0.68905,0.0,0.393
chr14,11389085,11391085,active,1.812,9.913198926921188,0.712718,2.850004919052124,0.393
chr14,11393085,11395085,active,1.76,9.820593479156878,0.66698,2.0866684188842775,0.3925
chr14,11397085,11399085,active,1.792,9.88194526695961,0.697459,0.0,0.391
chr14,11401085,11403085,active,1.796,9.90831066264273,0.697943,2.1428593740463255,0.39
chr14,11405085,11407085,active,1.792,9.891353569023208,0.696547,1.675,0.393
chr14,11409085,11411085,active,1.812,9.877571427177052,0.691453,2.17,0.389
chr14,11413085,11415085,active,1.764,9.857795224472476,0.682102,0.0,0.389
chr14,11417085,11419085,active,1.76,9.83529042451034,0.659866,0.0,0.3895
chr14,11421085,11423085,active,1.784,9.87181886497804,0.681476,0.0,0.389
chr14,11425085,11427085,active,1.792,9.868334886040312,0.673596,0.6142850933074951,0.3885
chr14,11429085,11431085,active,1.792,9.875116689946292,0.672033,0.0,0.389
chr14,11433085,11435085,active,1.788,9.865000876789866,0.668442,2.0,0.3875
chr14,11437085,11439085,active,1.772,9.839889192838744,0.677842,2.4142832736968995,0.389
chr14,11441085,11443085,active,1.764,9.855980233139244,0.682773,0.0,0.3925
chr14,11445085,11447085,active,1.812,9.892843756513852,0.688648,0.0,0.3925
chr14,11449085,11451085,active,1.796,9.894972366207847,0.717585,0.0,0.392
chr14,11453085,11455085,active,1.808,9.891621820925083,0.697195,1.341669379234314,0.3895
chr14,11457085,11459085,active,1.776,9.850756859137372,0.67828,1.45,0.3905
chr14,11461085,11463085,active,1.804,9.856685180754456,0.678069,0.9416685705184936,0.391
chr14,11465085,11467085,active,1.82,9.91114456298563,0.700218,1.0500021228790284,0.3935
chr14,11469085,11471085,active,1.804,9.87327654057655,0.691082,0.6571421928405762,0.3905
chr14,11473085,11475085,active,1.764,9.842087772571835,0.667679,0.685,0.389
chr14,11477085,11479085,active,1.812,9.893278680636222,0.680468,0.0,0.3895
chr14,11481085,11483085,active,1.776,9.853864604123116,0.669954,0.0,0.39
chr14,11485085,11487085,active,1.764,9.865253173932173,0.684169,0.6517853965759277,0.392
chr14,11489085,11491085,active,1.788,9.857700727134876,0.673975,0.555555009841919,0.39
chr14,11493085,11495085,active,1.768,9.854822203346824,0.679629,2.3283325638771055,0.389
chr14,11497085,11499085,active,1.788,9.848230855946143,0.681366,0.0,0.3875
chr14,11501085,11503085,active,1.78,9.83743922964566,0.685137,2.72103049325943,0.3935
chr14,11505085,11507085,active,1.82,9.898324367604395,0.687131,2.755554518699646,0.3935
chr14,11509085,11511085,active,1.816,9.907710629565344,0.724653,1.2685606098175048,0.393
chr14,11513085,11515085,active,1.828,9.887219267751613,0.696851,2.187912734031677,0.389
chr14,11517085,11519085,active,1.772,9.86310070783929,0.680376,0.758333044052124,0.3905
chr14,11521085,11523085,active,1.796,9.864044219021292,0.683493,0.0,0.3925
chr14,11525085,11527085,active,1.808,9.93117878894938,0.706874,0.687499737739563,0.393
chr14,11529085,11531085,active,1.772,9.841878631328369,0.670155,0.3909091281890869,0.391
chr14,11533085,11535085,active,1.764,9.83012847006525,0.669138,0.465,0.39
chr14,11537085,11539085,active,1.816,9.909572797937416,0.688858,1.6,0.387
chr14,11541085,11543085,active,1.78,9.878235383939646,0.679226,0.0,0.389
chr14,11545085,11547085,active,1.78,9.867177216430356,0.67945,1.6416699857711792,0.388
chr14,11549085,11551085,active,1.808,9.885064834837772,0.681073,1.1214274377822877,0.3925
chr14,11553085,11555085,active,1.784,9.865287181735654,0.671204,2.7857114696502685,0.389
chr14,11557085,11559085,active,1.772,9.859336233027015,0.668749,1.603570439338684,0.39
chr14,11561085,11563085,active,1.812,9.896160211038756,0.689259,0.6222216110229493,0.3915
chr14,11565085,11567085,active,1.796,9.826458719397133,0.65579,0.7964288828372955,0.39
chr14,11569085,11571085,active,1.82,9.887953449132636,0.716838,0.6999996461868286,0.3915
chr14,11573085,11575085,active,1.812,9.87598219035767,0.698972,0.9694447388648988,0.3885
chr14,11577085,11579085,active,1.792,9.876286050029009,0.702586,0.7979169130325318,0.391
chr14,11581085,11583085,active,1.816,9.913865209730874,0.706868,1.6427574355602264,0.391
chr14,11585085,11587085,active,1.8,9.928168564848258,0.711705,2.1178564889431,0.394
chr14,11589085,11591085,active,1.772,9.850987381972653,0.680381,0.0,0.391
chr14,11593085,11595085,active,1.764,9.864725376043198,0.685713,0.4433335447311401,0.3895
chr14,11597085,11599085,active,1.796,9.859134889368212,0.673512,2.9178581535816193,0.3885
chr14,11601085,11603085,active,1.764,9.883569657935452,0.684831,1.347756344795227,0.3905
chr14,11605085,11607085,active,1.748,9.830800151342148,0.670478,0.9719695472717284,0.389
chr14,11609085,11611085,active,1.776,9.858649255501344,0.661146,1.08,0.39
chr14,11613085,11615085,active,1.784,9.861632228041618,0.667811,0.575,0.3865
chr14,11617085,11619085,active,1.776,9.846262859946108,0.673218,0.4949997053146362,0.3865
chr14,11621085,11623085,active,1.82,9.894837630915257,0.688618,0.8142854619026184,0.3915
chr14,11625085,11627085,active,1.852,9.951518026653696,0.705677,1.6371318697929382,0.3935
chr14,11629085,11631085,active,1.812,9.937608094315117,0.721528,0.4166668653488159,0.39
chr14,11633085,11635085,active,1.8,9.846674031724223,0.686831,0.0,0.3885
chr14,11637085,11639085,active,1.804,9.911001509733444,0.706714,0.0,0.392
chr14,11641085,11643085,active,1.784,9.90777051577022,0.694213,1.0444434185028075,0.3925
chr14,11645085,11647085,active,1.82,9.914882578123812,0.716275,0.0,0.392
chr14,11649085,11651085,active,1.784,9.873174074029285,0.687623,0.0,0.3895
chr14,11653085,11655085,active,1.756,9.850678144934395,0.664443,2.46875,0.389
chr14,11657085,11659085,active,1.772,9.842088044083704,0.659578,5.07454306936264,0.3885
chr14,11661085,11663085,active,1.78,9.836826165468802,0.675169,2.1619460117816924,0.3895
chr14,11665085,11667085,active,1.808,9.93439423875709,0.713378,1.396667332649231,0.389
chr14,11669085,11671085,active,1.804,9.885099640244253,0.680451,2.569140387058258,0.389
chr14,11673085,11675085,active,1.78,9.85987417088807,0.675855,6.079983682394028,0.3875
chr14,11677085,11679085,active,1.796,9.872826509719166,0.687498,1.3375,0.387
chr14,11681085,11683085,active,1.836,9.944165954287216,0.710628,2.19375,0.3935
chr14,11685085,11687085,active,1.82,9.913832740995565,0.699204,0.0,0.3935
chr14,11689085,11691085,active,1.792,9.897230576974284,0.702821,3.266673271179199,0.3905
chr14,11693085,11695085,active,1.792,9.875479278993357,0.70165,0.0,0.391
chr14,11697085,11699085,active,1.816,9.92274425624312,0.704277,1.8857123794555664,0.3925
chr14,11701085,11703085,active,1.78,9.862329955177154,0.682084,0.925,0.393
chr14,11705085,11707085,active,1.796,9.88958573207999,0.705312,0.0,0.3935
chr14,11709085,11711085,active,1.788,9.871717035841314,0.694831,0.0,0.3905
chr14,11713085,11715085,active,1.82,9.95613211863958,0.712062,0.0,0.3895
chr14,11717085,11719085,active,1.784,9.893906845831816,0.671877,2.9875,0.389
chr14,11721085,11723085,active,1.76,9.854347784283178,0.667226,0.8875,0.387
chr14,11725085,11727085,active,1.784,9.84367278980977,0.661997,0.892856240272522,0.389
chr14,11729085,11731085,active,1.78,9.862672911358278,0.670478,1.0973205404281616,0.3895
chr14,11733085,11735085,active,1.78,9.850532499839526,0.677251,1.8416703901290896,0.3875
chr14,11737085,11739085,active,1.84,9.93183001961339,0.714567,0.21,0.388
chr14,11741085,11743085,active,1.812,9.914074150984352,0.701287,0.0,0.392
chr14,11745085,11747085,active,1.828,9.91699103553332,0.701402,1.0875,0.394
chr14,11749085,11751085,active,1.812,9.91238165573096,0.723062,0.0,0.3925
chr14,11753085,11755085,active,1.792,9.838055051573916,0.686984,1.05625,0.392
chr14,11757085,11759085,active,1.792,9.90106954069181,0.694486,1.0305768184661863,0.39
chr14,11761085,11763085,active,1.864,9.991325171479415,0.740395,2.7136359071731566,0.392
chr14,11765085,11767085,active,1.816,9.877290327973247,0.694888,6.74,0.392
chr14,11769085,11771085,active,1.852,9.975950813015926,0.750559,2.272272911071777,0.392
chr14,11773085,11775085,active,1.792,9.913739622533628,0.711556,2.911108251571655,0.3895
chr14,11777085,11779085,active,1.788,9.888390770823976,0.682723,3.0187544984817505,0.3905
chr14,11781085,11783085,active,1.808,9.921478167162553,0.700285,1.3357129354476929,0.3905
chr14,11785085,11787085,active,1.816,9.954031209359488,0.714604,0.7666682167053223,0.3885
chr14,11789085,11791085,active,1.8,9.900442028290762,0.67901,1.4277763752937316,0.391
chr14,11793085,11795085,active,1.788,9.904781505803664,0.683469,0.85625,0.3855
chr14,11797085,11799085,active,1.792,9.858850987707692,0.681018,2.6277751965522764,0.3925
chr14,11801085,11803085,active,1.792,9.903584152694922,0.688147,1.43125,0.3875
chr14,11805085,11807085,active,1.768,9.841036667887272,0.655391,0.0,0.387
chr14,11809085,11811085,active,1.764,9.847397408906094,0.668189,0.75,0.3875
chr14,11813085,11815085,active,1.808,9.883463918978173,0.695126,0.0,0.391
chr14,11817085,11819085,active,1.788,9.865468628281477,0.673996,1.5,0.3865
chr14,11821085,11823085,active,1.764,9.88105311414894,0.676396,2.808338366508484,0.39
chr14,11825085,11827085,active,1.784,9.885294421934171,0.684922,1.98888693523407,0.3875
chr14,11829085,11831085,active,1.796,9.870017955970251,0.688179,0.885,0.39
chr14,11833085,11835085,active,1.76,9.829293682398536,0.68249,0.0,0.3935
chr14,11837085,11839085,active,1.808,9.90905872790774,0.691809,1.7357125310897827,0.3855
chr14,11841085,11843085,active,1.728,9.856051166690085,0.664317,0.0,0.3885
chr14,11845085,11847085,active,1.78,9.9024576501827,0.690291,0.0,0.387
chr14,11849085,11851085,active,1.808,9.90386031195238,0.681364,1.39,0.3905
chr14,11853085,11855085,active,1.808,9.88808977867491,0.679399,0.0,0.3865
chr14,11857085,11859085,active,1.776,9.883313616881216,0.684378,0.0,0.388
chr14,11861085,11863085,active,1.796,9.879769591546165,0.689181,0.0,0.3915
chr14,11865085,11867085,active,1.808,9.834859199594506,0.698241,6.666660308837891,0.3925
chr14,11869085,11871085,active,1.78,9.837205505922142,0.665685,0.9083351697921752,0.389
chr14,11873085,11875085,active,1.768,9.833781080779644,0.676361,0.0,0.388
chr14,11877085,11879085,active,1.836,9.918270680848268,0.705836,1.3666694297790527,0.391
chr14,11881085,11883085,active,1.808,9.914555160381958,0.699877,0.0,0.392
chr14,11885085,11887085,active,1.808,9.940113862267497,0.716775,0.7214278421401977,0.3935
chr14,11889085,11891085,active,1.788,9.884949095000536,0.694253,1.0916688737869262,0.391
chr14,11893085,11895085,active,1.792,9.913192176394752,0.701311,0.88,0.39
chr14,11897085,11899085,active,1.788,9.898298877750474,0.68516,0.0,0.39
chr14,11901085,11903085,active,1.756,9.875608797111454,0.679306,0.0,0.39
chr14,11905085,11907085,active,1.772,9.877224987163329,0.680614,2.66666912651062,0.3895
chr14,11909085,11911085,active,1.824,9.912737072215076,0.684022,2.2416711988449096,0.3905
chr14,11913085,11915085,active,1.796,9.857655477711692,0.674692,1.6428554821014405,0.3875
chr14,11917085,11919085,active,1.8,9.87270483805882,0.687081,2.46875,0.388
chr14,11921085,11923085,active,1.8,9.888707112854844,0.689146,0.0,0.3915
chr14,11925085,11927085,active,1.768,9.862720697442665,0.668384,1.2166691265106202,0.3905
chr14,11929085,11931085,active,1.812,9.890209843602824,0.715515,0.0,0.392
chr14,11933085,11935085,active,1.792,9.820736343851545,0.678198,1.7142839813232422,0.3875
chr14,11937085,11939085,active,1.8,9.8641313341382,0.68686,0.0,0.391
chr14,11941085,11943085,active,1.756,9.845956220466814,0.6749,2.74,0.3925
chr14,11945085,11947085,active,1.776,9.877781200114836,0.685993,1.2000024261474609,0.392
chr14,11949085,11951085,active,1.76,9.806456767894913,0.664838,0.0,0.39
chr14,11953085,11955085,active,1.772,9.818435907208904,0.667898,1.842855279922485,0.389
chr14,11957085,11959085,active,1.764,9.842002396513086,0.666549,1.7583330550193788,0.39
chr14,11961085,11963085,active,1.76,9.842335933087057,0.667103,1.7222205305099487,0.3885
chr14,11965085,11967085,active,1.784,9.862575301803062,0.68916,0.9142847900390624,0.391
chr14,11969085,11971085,active,1.828,9.906037062197012,0.683191,1.298332416534424,0.392
chr14,11973085,11975085,active,1.82,9.939622829933436,0.710854,3.495240020751953,0.392
chr14,11977085,11979085,active,1.796,9.87445141044585,0.690293,1.3214272356033323,0.39
chr14,11981085,11983085,active,1.78,9.8582636076584,0.685857,1.37,0.388
chr14,11985085,11987085,active,1.796,9.875540261129576,0.660333,0.84,0.3905
chr14,11989085,11991085,active,1.792,9.837799170712165,0.665203,2.3083380002975464,0.3885
chr14,11993085,11995085,active,1.784,9.890675108854875,0.689187,1.4785699338912963,0.3905
chr14,11997085,11999085,active,1.8,9.874975426173888,0.68468,1.158335675239563,0.392
chr14,12001085,12003085,active,1.824,9.865804065654624,0.700552,0.0,0.392
chr14,12005085,12007085,active,1.788,9.82472097472052,0.67558,0.0,0.39
chr14,12009085,12011085,active,1.792,9.872598578726578,0.695948,0.0,0.393
chr14,12013085,12015085,active,1.788,9.850321325969473,0.702597,0.0,0.3915
chr14,12017085,12019085,active,1.776,9.887181538684988,0.679894,0.0,0.389
chr14,12021085,12023085,active,1.784,9.89208956670046,0.693764,0.0,0.3885
chr14,12025085,12027085,active,1.764,9.859428969249915,0.683481,0.665,0.389
chr14,12029085,12031085,active,1.796,9.8702494974988,0.660345,2.1000002002716065,0.388
chr14,12033085,12035085,active,1.804,9.866617475897254,0.671843,0.0,0.3855
chr14,12037085,12039085,active,1.78,9.80793890893783,0.666242,1.0230772109031678,0.387
chr14,12041085,12043085,active,1.788,9.820137993694471,0.667208,1.89128764629364,0.391
chr14,12045085,12047085,active,1.824,9.907213089851712,0.702548,0.0,0.393
chr14,12049085,12051085,active,1.8,9.890070534262582,0.702451,3.7818174457550047,0.3905
chr14,12053085,12055085,active,1.812,9.895839106402716,0.706606,1.0444434185028075,0.391
chr14,12057085,12059085,active,1.808,9.903893306778857,0.696441,0.7944436640739441,0.392
chr14,12061085,12063085,active,1.796,9.890611784331242,0.69901,0.92590913772583,0.3925
chr14,12065085,12067085,active,1.772,9.824309282567492,0.673194,0.875,0.394
chr14,12069085,12071085,active,1.808,9.873274801518376,0.702391,0.0,0.388
chr14,12073085,12075085,active,1.796,9.853315258733629,0.679242,0.65625,0.3885
chr15,15415223,15417223,inactive,2.104,10.48049212715972,0.999225,2.2756935658454895,0.3655
chr15,15419223,15421223,inactive,2.004,10.364179701865268,0.913837,0.775,0.377
chr15,15423223,15425223,inactive,2.016,10.37967481735046,0.919608,0.705,0.385
chr15,15427223,15429223,inactive,2.024,10.290574575639486,0.910665,1.48,0.386
chr15,15431223,15433223,inactive,2.008,10.338987215903057,0.873288,0.0,0.378
chr15,15435223,15437223,inactive,2.016,10.39990062983215,0.917951,0.7666682167053223,0.3745
chr15,15439223,15441223,inactive,2.0,10.406858863099467,0.905924,1.9166705417633056,0.378
chr15,15443223,15445223,inactive,2.064,10.431340891659891,0.954141,1.3166693286895752,0.3735
chr15,15447223,15449223,inactive,2.052,10.4862856362461,0.943526,0.0,0.374
chr15,15451223,15453223,inactive,2.016,10.413661667314551,0.906603,1.5625,0.3755
chr15,15455223,15457223,inactive,1.98,10.323788489197907,0.882831,2.31,0.378
chr15,15459223,15461223,inactive,2.008,10.341430843933738,0.919514,3.30439568901062,0.3775
chr15,15463223,15465223,inactive,1.988,10.275306233361428,0.893978,1.4684231488704682,0.378
chr15,15467223,15469223,inactive,2.004,10.28731323328177,0.89511,1.4590910482406616,0.3825
chr15,15471223,15473223,inactive,2.028,10.30976983906036,0.894925,2.2472206778526305,0.384
chr15,15475223,15477223,inactive,2.008,10.31345584853271,0.890462,0.5363636875152588,0.3805
chr15,15479223,15481223,inactive,2.024,10.40426286781256,0.915584,0.0,0.381
chr15,15483223,15485223,inactive,2.012,10.347444845654191,0.892284,0.0,0.381
chr15,15487223,15489223,inactive,2.068,10.455463588199322,0.937928,2.256665373325348,0.3785
chr15,15491223,15493223,inactive,2.02,10.417968150000968,0.91253,2.47179505944252,0.376
chr15,15495223,15497223,inactive,1.972,10.3313493426254,0.893407,0.0,0.375
chr15,15499223,15501223,inactive,1.98,10.312584040731744,0.880005,0.7,0.3775
chr15,15503223,15505223,inactive,2.012,10.369991286052098,0.913128,0.0,0.377
chr15,15507223,15509223,inactive,1.988,10.318176975397316,0.892305,2.353410385131836,0.3745
chr15,15511223,15513223,inactive,1.976,10.244243794019107,0.876283,2.5701041069030763,0.378
chr15,15515223,15517223,inactive,2.016,10.29247317715684,0.920937,0.4461539716720581,0.3785
chr15,15519223,15521223,inactive,2.0,10.277346237743396,0.873987,1.5021983258724212,0.375
chr15,15523223,15525223,inactive,1.976,10.32102585005555,0.899091,0.0,0.376
chr15,15527223,15529223,inactive,1.992,10.398371583262234,0.904381,0.309375,0.375
chr15,15531223,15533223,inactive,1.968,10.309593713743617,0.880719,1.378571967601776,0.3765
chr15,15535223,15537223,inactive,1.928,10.102053311885316,0.826512,0.3250001270771027,0.3745
chr15,15539223,15541223,inactive,1.98,10.326906191314514,0.889567,1.96533900475502,0.3745
chr15,15543223,15545223,inactive,2.02,10.380650851857087,0.91436,1.1499999675750732,0.377
chr15,15547223,15549223,inactive,1.948,10.29162959014469,0.874558,0.649999342918396,0.3765
chr15,15551223,15553223,inactive,1.98,10.292644672288056,0.884794,0.0,0.377
chr15,15555223,15557223,inactive,2.016,10.386410270185644,0.921372,1.8333370399475095,0.376
chr15,15559223,15561223,inactive,2.0,10.303852870382412,0.89596,0.0,0.376
chr15,15563223,15565223,inactive,2.0,10.294270253582113,0.911332,4.287499292373657,0.38
chr15,15567223,15569223,inactive,1.988,10.251977466271986,0.894588,1.3693180418014526,0.377
chr15,15571223,15573223,inactive,1.98,10.28071121981782,0.864916,1.2409433088302613,0.376
chr15,15575223,15577223,inactive,2.016,10.39235182134363,0.909653,2.3102931156158446,0.3735
chr15,15579223,15581223,inactive,2.008,10.389887664505675,0.886197,1.6461900382041932,0.3725
chr15,15583223,15585223,inactive,1.976,10.360694509960544,0.866411,0.947039746761322,0.3765
chr15,15587223,15589223,inactive,2.028,10.425877176784084,0.926906,1.2600006008148192,0.376
chr15,15591223,15593223,inactive,2.004,10.43756929650363,0.913698,0.4205880227088928,0.374
chr15,15595223,15597223,inactive,1.98,10.377492751593064,0.888747,2.880188136577606,0.3775
chr15,15599223,15601223,inactive,2.0,10.358052024510627,0.893491,0.0,0.376
chr15,15603223,15605223,inactive,1.996,10.30937280478925,0.88242,0.0214285497665405,0.3755
chr15,15607223,15609223,inactive,2.008,10.39344726236128,0.924145,0.0,0.3785
chr15,15611223,15613223,inactive,1.976,10.299861566225154,0.89156,0.0,0.375
chr15,15615223,15617223,inactive,1.996,10.336126745158907,0.903219,2.5166642665863037,0.3815
chr15,15619223,15621223,inactive,2.036,10.329479039134949,0.916946,2.5,0.375
chr15,15623223,15625223,inactive,2.004,10.303222140160596,0.87781,0.0,0.3735
chr15,15627223,15629223,inactive,1.984,10.37490105312573,0.900784,3.72,0.3755
chr15,15631223,15633223,inactive,2.024,10.404358383843432,0.906945,1.496464244365692,0.378
chr15,15635223,15637223,inactive,1.996,10.385662476432444,0.887495,0.9540909099578856,0.3775
chr15,15639223,15641223,inactive,2.028,10.397749093761924,0.914321,0.66,0.377
chr15,15643223,15645223,inactive,2.004,10.445667810564071,0.925211,0.0,0.374
chr15,15647223,15649223,inactive,1.988,10.459099774200824,0.912442,1.775,0.377
chr15,15651223,15653223,inactive,1.984,10.34664408367975,0.898117,3.7284846544265746,0.3765
chr15,15655223,15657223,inactive,1.96,10.287157559534185,0.871041,0.6769232673645019,0.3775
chr15,15659223,15661223,inactive,2.012,10.33859090199686,0.908016,1.64230726313591,0.379
chr15,15663223,15665223,inactive,2.008,10.35732770587362,0.917325,0.0,0.3735
chr15,15667223,15669223,inactive,2.008,10.344595368623011,0.897455,0.9085419464111328,0.377
chr15,15671223,15673223,inactive,2.008,10.296841007878191,0.91084,3.7438110609054567,0.382
chr15,15675223,15677223,inactive,1.988,10.28628762416734,0.877526,0.353125,0.381
chr15,15679223,15681223,inactive,1.956,10.315249812740358,0.870086,1.997856181383133,0.3765
chr15,15683223,15685223,inactive,2.028,10.420847282834536,0.926299,0.4500001759529113,0.3745
chr15,15687223,15689223,inactive,2.06,10.50801657132849,0.902364,1.1321429870128632,0.371
chr15,15691223,15693223,inactive,1.904,10.066809256688892,0.826261,0.3133334827423095,0.365
chr15,15999223,16001223,inactive,2.032,10.340428653797677,0.889681,1.3266487910747529,0.376
chr15,16003223,16005223,inactive,1.956,10.209409691917566,0.828914,1.0166662788391114,0.3775
chr15,16007223,16009223,inactive,1.992,10.302436700295168,0.873417,2.3295466642379763,0.379
chr15,16011223,16013223,inactive,2.016,10.342163203302253,0.896862,1.2051280691623687,0.38
chr15,16015223,16017223,inactive,1.988,10.325091586980223,0.882914,1.681914423942566,0.3745
chr15,16019223,16021223,inactive,2.048,10.41594476460565,0.908607,1.2291661977767945,0.38
chr15,16023223,16025223,inactive,1.972,10.313555418236357,0.8776,1.9692313232421872,0.3795
chr15,16027223,16029223,inactive,2.024,10.346659101744146,0.88895,3.3884617908000947,0.3805
chr15,16031223,16033223,inactive,1.96,10.217093673119203,0.830338,0.5363636875152588,0.377
chr15,16035223,16037223,inactive,1.988,10.336972978603104,0.872278,0.0,0.3735
chr15,16039223,16041223,inactive,2.004,10.365799911508644,0.883501,2.0995439958572386,0.3765
chr15,16043223,16045223,inactive,1.996,10.245421389107085,0.822921,2.4329779086112975,0.376
chr15,16047223,16049223,inactive,1.96,10.19628274573764,0.832541,0.935,0.3785
chr15,16051223,16053223,inactive,1.96,10.286040399391052,0.876764,0.0,0.3785
chr15,16055223,16057223,inactive,2.012,10.346567661442604,0.881279,1.727776080608368,0.3765
chr15,16059223,16061223,inactive,1.988,10.3784040769841,0.870692,0.7666659135818481,0.3755
chr15,16063223,16065223,inactive,2.016,10.348120326980842,0.900116,0.5666661100387573,0.378
chr15,16067223,16069223,inactive,1.948,10.231645471696169,0.814176,0.0,0.375
chr15,16071223,16073223,inactive,1.928,10.182917696060262,0.815924,0.3958331823348999,0.3775
chr15,16075223,16077223,inactive,1.988,10.292571285030414,0.888867,4.5766637034416195,0.378
chr15,16079223,16081223,inactive,1.992,10.315441316303938,0.882603,1.2640909957885742,0.3775
chr15,16083223,16085223,inactive,2.028,10.389630931451569,0.886377,3.3570823183059693,0.3755
chr15,16087223,16089223,inactive,2.036,10.387594919844604,0.901262,5.571501698732376,0.377
chr15,16091223,16093223,inactive,1.964,10.231707257151642,0.836906,2.176923689365387,0.3765
chr15,16095223,16097223,inactive,1.948,10.193259818186764,0.844492,8.201900276184082,0.379
chr15,16099223,16101223,inactive,1.98,10.298040731739356,0.91024,0.0,0.377
chr15,16103223,16105223,inactive,2.0,10.33682052839251,0.8946,0.8254546022415161,0.3765
chr15,16107223,16109223,inactive,2.02,10.412090289265322,0.905227,1.6569433016777038,0.377
chr15,16111223,16113223,inactive,2.044,10.371279775417792,0.901052,1.0677770137786866,0.3775
chr15,16115223,16117223,inactive,1.96,10.21910372337046,0.828669,0.6625,0.3775
chr15,16119223,16121223,inactive,2.0,10.321146524122913,0.878081,0.9576379666328432,0.381
chr15,16123223,16125223,inactive,2.004,10.343009631020175,0.902713,1.1722210707664489,0.3805
chr15,16127223,16129223,inactive,2.004,10.352433565909893,0.888865,0.5583331203460693,0.3775
chr15,16131223,16133223,inactive,2.032,10.410097793739622,0.906364,1.7585083117485047,0.3805
chr15,16135223,16137223,inactive,2.028,10.355898362383323,0.887729,1.8000008583068847,0.376
chr15,16139223,16141223,inactive,1.976,10.23555550234047,0.847804,0.2033334302902221,0.38
chr15,16143223,16145223,inactive,2.02,10.348418233728784,0.898143,0.7266670131683349,0.3795
chr15,16147223,16149223,inactive,1.996,10.348066670927446,0.895581,2.3439544112682342,0.38
chr15,16151223,16153223,inactive,2.0,10.3348917175729,0.882005,0.3669871032238007,0.378
chr15,16155223,16157223,inactive,2.044,10.42720077560085,0.908958,1.9307697739601135,0.379
chr15,16159223,16161223,inactive,2.008,10.307566297324325,0.861819,1.3211543083190918,0.3765
chr15,16163223,16165223,inactive,1.968,10.253420200087913,0.835359,0.546875,0.385
chr15,16167223,16169223,inactive,2.016,10.361015094221676,0.901617,0.969230481147766,0.381
chr15,16171223,16173223,inactive,2.004,10.338199682513268,0.903596,1.41875,0.3805
chr15,16175223,16177223,inactive,1.976,10.341573154172243,0.874438,0.765277259349823,0.374
chr15,16179223,16181223,inactive,2.024,10.399140791140011,0.898352,1.05,0.378
chr15,16183223,16185223,inactive,1.992,10.28625474637652,0.8401,1.3090906286239623,0.3775
chr15,16187223,16189223,inactive,1.972,10.237971956048447,0.852056,0.0,0.3805
chr15,16191223,16193223,inactive,1.988,10.343885796538514,0.894353,0.5631581444740296,0.3825
chr15,16195223,16197223,inactive,2.028,10.373865409642336,0.896336,0.9347227325439452,0.3795
chr15,16199223,16201223,inactive,2.0,10.4033545716848,0.87697,2.854582281112671,0.377
chr15,16203223,16205223,inactive,2.028,10.376306279921614,0.906837,1.7758929908275605,0.378
chr15,16207223,16209223,inactive,1.976,10.250154560910628,0.818341,0.8466669034957885,0.3765
chr15,16211223,16213223,inactive,1.956,10.213267722612324,0.827394,1.225824588060379,0.3795
chr15,16215223,16217223,inactive,1.996,10.320773774003484,0.893951,0.8170452642440796,0.381
chr15,16219223,16221223,inactive,1.996,10.34591913334845,0.88697,0.849999165058136,0.379
chr15,16223223,16225223,inactive,2.012,10.412107843990864,0.889249,2.8972215127944945,0.3775
chr15,16227223,16229223,inactive,2.048,10.403858501742391,0.907572,1.5848205404281617,0.3775
chr15,16231223,16233223,inactive,1.972,10.260139554311351,0.837893,2.225,0.3795
chr15,16235223,16237223,inactive,1.972,10.236028542528462,0.854208,1.2227273893356323,0.3815
chr15,16239223,16241223,inactive,2.012,10.352101485449726,0.920647,1.6500001573562622,0.38
chr15,16243223,16245223,inactive,2.008,10.32118489060007,0.895842,1.6198713183403015,0.3765
chr15,16247223,16249223,inactive,2.036,10.419371809363648,0.902862,2.6346161258220673,0.3775
chr15,16251223,16253223,inactive,2.044,10.378827287984958,0.908601,2.2975,0.3775
chr15,16255223,16257223,inactive,1.98,10.23714051957838,0.850054,0.0,0.3795
chr15,16259223,16261223,inactive,2.0,10.324686916865424,0.895468,2.9780179653167727,0.382
chr15,16263223,16265223,inactive,2.012,10.341913663911358,0.914308,1.0590905904769898,0.3815
chr15,16267223,16269223,inactive,2.012,10.338783395888676,0.895766,0.988289746761322,0.3785
chr15,16271223,16273223,inactive,2.052,10.438072872095017,0.913008,1.170587643623352,0.38
chr15,16275223,16277223,inactive,2.032,10.361794138026958,0.887177,1.301514973640442,0.3785
chr15,16279223,16281223,inactive,1.976,10.231538597009928,0.830068,2.053169357299805,0.382
chr15,16283223,16285223,inactive,2.016,10.3581773287635,0.900683,0.8769233236312867,0.3825
chr15,16287223,16289223,inactive,2.012,10.335072555073214,0.892401,1.1678575093746186,0.381
chr15,16291223,16293223,inactive,2.02,10.382767499566471,0.888236,0.0,0.3775
chr15,16295223,16297223,inactive,2.016,10.425683413787452,0.900172,1.4768938398361209,0.3785
chr15,16299223,16301223,inactive,1.988,10.31839625661291,0.868738,0.98125,0.3775
chr15,16303223,16305223,inactive,1.944,10.21039093788243,0.828877,0.0,0.3805
chr15,16307223,16309223,inactive,2.036,10.358909250711456,0.896695,0.8458330106735229,0.381
chr15,16311223,16313223,inactive,2.008,10.32715245257909,0.886237,0.0,0.381
chr15,16315223,16317223,inactive,2.016,10.390869403072625,0.896493,0.0,0.3775
chr15,16319223,16321223,inactive,2.04,10.41573352983782,0.900091,0.0,0.3795
chr15,16323223,16325223,inactive,1.988,10.273889510366528,0.835093,1.1809545736312863,0.3755
chr15,16327223,16329223,inactive,1.96,10.218352540171583,0.83051,1.46375,0.378
chr15,16331223,16333223,inactive,1.976,10.301996211796872,0.884004,2.6411101670265196,0.3775
chr15,16335223,16337223,inactive,2.024,10.360759407633653,0.891828,1.8733320236206057,0.38
chr15,16339223,16341223,inactive,2.008,10.388575722672622,0.87956,0.6857135925292969,0.3775
chr15,16343223,16345223,inactive,2.044,10.411120373590803,0.920531,0.78,0.381
chr15,16347223,16349223,inactive,1.984,10.27422498027238,0.834325,1.39,0.378
chr15,16351223,16353223,inactive,1.964,10.23564426784498,0.84259,1.948887622833252,0.38
chr15,16355223,16357223,inactive,1.996,10.33029413384645,0.911822,0.5604166502952576,0.3795
chr15,16359223,16361223,inactive,2.02,10.319993130232287,0.884983,0.775,0.3745
chr15,16363223,16365223,inactive,2.004,10.394030372407428,0.891316,0.96875,0.3765
chr15,16367223,16369223,inactive,2.044,10.391000937476996,0.913561,1.8130935316085817,0.377
chr15,16371223,16373223,inactive,1.972,10.239180003585448,0.823689,4.2625,0.378
chr15,16375223,16377223,inactive,1.972,10.27198275108204,0.872767,0.0,0.3825
chr15,16379223,16381223,inactive,2.004,10.328856466680282,0.917409,1.3253196799755096,0.38
chr15,16383223,16385223,inactive,2.008,10.35639050208121,0.896519,1.29562518119812,0.375
chr15,16387223,16389223,inactive,2.02,10.416515691576924,0.913492,1.678125,0.378
chr15,16391223,16393223,inactive,2.032,10.359589306085802,0.888688,1.7494511411190032,0.376
chr15,16395223,16397223,inactive,1.972,10.246535929634664,0.831132,0.4875000791549682,0.3795
chr15,16399223,16401223,inactive,2.028,10.363240953288445,0.896953,1.261109872341156,0.382
chr15,16403223,16405223,inactive,2.008,10.339903613660102,0.89713,1.0499989385604858,0.381
chr15,16407223,16409223,inactive,2.008,10.356476952971082,0.904691,3.5595212860107424,0.379
chr15,16411223,16413223,inactive,2.044,10.446442229900065,0.914519,1.8642838296890256,0.38
chr15,16415223,16417223,inactive,2.028,10.328363695288092,0.864374,0.7499992632865906,0.3755
chr15,16419223,16421223,inactive,1.992,10.246506501595126,0.840259,0.8955350427627563,0.381
chr15,16423223,16425223,inactive,2.02,10.359795057883536,0.904199,3.5261101179122925,0.38
chr15,16427223,16429223,inactive,1.992,10.32438372142114,0.8936,0.0,0.379
chr15,16431223,16433223,inactive,2.012,10.382091631240872,0.888247,1.292856695175171,0.3785
chr15,16435223,16437223,inactive,2.024,10.407669106535216,0.900511,2.01,0.379
chr15,16439223,16441223,inactive,2.024,10.31586720210185,0.857112,0.4874998140335083,0.3795
chr15,16443223,16445223,inactive,1.984,10.227220235293272,0.838661,0.875,0.381
chr15,16447223,16449223,inactive,2.02,10.352762639755564,0.899923,0.5846155490875244,0.381
chr15,16451223,16453223,inactive,2.008,10.353485933983066,0.887392,0.5681818723678589,0.38
chr15,16455223,16457223,inactive,2.008,10.38948503749365,0.87141,2.5611085953712465,0.378
chr15,16459223,16461223,inactive,2.0,10.378859202264056,0.892859,0.96875,0.381
chr15,16463223,16465223,inactive,1.964,10.269300221950886,0.832112,1.99643102645874,0.378
chr15,16467223,16469223,inactive,1.96,10.223490930829888,0.838157,0.0,0.381
chr15,16471223,16473223,inactive,1.988,10.322354300148072,0.898052,0.7090271611213684,0.378
chr15,16475223,16477223,inactive,2.016,10.343320601400364,0.88648,1.3250000858306883,0.3765
chr15,16479223,16481223,inactive,2.016,10.396975615881091,0.888875,1.237499527931213,0.376
chr15,16483223,16485223,inactive,2.064,10.41280126704204,0.915895,0.4727273178100586,0.3775
chr15,16487223,16489223,inactive,1.972,10.250172115636165,0.82196,1.7044436149597169,0.377
chr15,16491223,16493223,inactive,1.96,10.235685026174853,0.846336,0.0,0.3805
chr15,16495223,16497223,inactive,2.008,10.33453635055406,0.920751,0.0,0.381
chr15,16499223,16501223,inactive,2.016,10.32661495785485,0.891201,2.0999979372024535,0.3775
chr15,16503223,16505223,inactive,2.012,10.43578136817372,0.924327,2.84375,0.3765
chr15,16507223,16509223,inactive,2.056,10.38074154497724,0.902246,1.064284638404846,0.3735
chr15,16511223,16513223,inactive,1.944,10.182389537988836,0.810896,0.0,0.377
chr15,16515223,16517223,inactive,2.0,10.277545731616875,0.864211,0.9642847394943236,0.379
chr15,16519223,16521223,inactive,2.0,10.338639346592023,0.913098,0.0,0.3785
chr15,16523223,16525223,inactive,2.008,10.347713291829836,0.882148,0.7277770628929138,0.3755
chr15,16527223,16529223,inactive,2.036,10.407366625739568,0.905442,1.1444433202743531,0.379
chr15,16531223,16533223,inactive,2.036,10.378505545938363,0.910859,1.6392874689102173,0.3775
chr15,16535223,16537223,inactive,2.072,10.395800468783722,0.910631,0.015,0.374
chr15,16539223,16541223,inactive,1.98,10.238075712800786,0.831853,1.7166649804115297,0.3765
chr15,16543223,16545223,inactive,2.012,10.292171936144715,0.869451,0.5166664695739747,0.379
chr15,16547223,16549223,inactive,2.008,10.340897119937924,0.906799,0.5545455074310303,0.3785
chr15,16551223,16553223,inactive,2.0,10.328140670160591,0.881162,1.788181896209717,0.378
chr15,16679223,16681223,active,1.912,10.11853328387137,0.800978,2.4250049028396607,0.373
chr15,16683223,16685223,active,1.764,9.83831175198942,0.701324,0.0,0.3735
chr15,16687223,16689223,active,1.82,10.0000122712913,0.762009,2.0035722119808197,0.372
chr15,16691223,16693223,active,1.864,9.998186115576466,0.739715,2.4773820898532866,0.368
chr15,16695223,16697223,active,1.848,10.0312375276228,0.738814,0.7874996995925904,0.369
chr15,16699223,16701223,active,1.816,9.9296225932146,0.698869,2.363887328147888,0.3825
chr15,16703223,16705223,active,1.908,10.16678245339484,0.80205,0.95,0.3795
chr15,16707223,16709223,active,1.804,9.94238929845116,0.702509,2.3275,0.3825
chr15,16711223,16713223,active,1.92,10.169272211406089,0.794246,0.0,0.38
chr15,16715223,16717223,active,1.784,9.86343382114123,0.666452,0.0,0.379
chr15,16719223,16721223,active,1.856,10.02991179900856,0.728785,0.7857134914398194,0.38
chr15,16723223,16725223,active,1.764,9.820503496945111,0.662696,1.6714268817901612,0.3825
chr15,16727223,16729223,active,1.892,10.110797260730706,0.777871,3.23125,0.3805
chr15,16731223,16733223,active,1.828,10.015182068275244,0.722585,2.949997034072876,0.38
chr15,16735223,16737223,active,1.876,10.07723437674684,0.747774,1.5714269828796388,0.377
chr15,16739223,16741223,active,1.824,9.9667643193725,0.729492,0.0,0.378
chr15,16743223,16745223,active,1.764,9.861724300037446,0.695303,3.1812483825683593,0.377
chr15,16747223,16749223,active,1.836,9.971409661410531,0.723456,0.0,0.381
chr15,16751223,16753223,active,1.872,10.083043341318165,0.751595,0.7222215127944946,0.381
chr15,16755223,16757223,active,1.832,9.983070198668326,0.715969,1.3999986248016358,0.377
chr15,16759223,16761223,active,1.832,9.96866487532202,0.709751,0.7285706920623779,0.379
chr15,16763223,16765223,active,1.876,10.057999395212692,0.75949,2.923811770439148,0.3795
chr15,16767223,16769223,active,1.852,10.005069664006143,0.718054,1.135713137626648,0.3795
chr15,16771223,16773223,active,1.844,10.003016872094609,0.73512,1.707141131401062,0.3775
chr15,16775223,16777223,active,1.832,9.994803307264624,0.721173,2.6619047498703003,0.3755
chr15,16779223,16781223,active,1.836,9.980422973262,0.725809,1.549998477458954,0.38
chr15,16783223,16785223,active,1.872,10.079469940023806,0.749295,4.054165058135986,0.381
chr15,16787223,16789223,active,1.764,9.855759407139232,0.688861,2.575,0.373
chr15,16791223,16793223,active,1.816,9.976586551498787,0.716302,0.0,0.3805
chr15,16795223,16797223,active,1.792,9.874903774234117,0.686133,1.1333356246948243,0.38
chr15,16799223,16801223,active,1.864,10.046344154559309,0.744798,0.0,0.3755
chr15,16803223,16805223,active,1.896,10.100069713933268,0.76677,1.260713845252991,0.381
chr15,16807223,16809223,active,1.896,10.108531392597213,0.762157,0.0,0.3805
chr15,16811223,16813223,active,1.796,9.88528293032598,0.689287,1.0777767190933227,0.3775
chr15,16815223,16817223,active,1.86,10.035154389556023,0.745762,0.0,0.376
chr15,16819223,16821223,active,1.88,10.104590994116824,0.766373,1.5166697330474854,0.3775
chr15,16823223,16825223,active,1.872,10.059559614596562,0.752735,3.1416730184555055,0.3785
chr15,16827223,16829223,active,1.84,10.03790082656525,0.725646,1.25,0.3765
chr15,16831223,16833223,active,1.86,10.03934651128091,0.752488,0.0,0.3765
chr15,16835223,16837223,active,1.892,10.09169019099823,0.760653,0.761110363483429,0.3775
chr15,16839223,16841223,active,1.884,10.075211865659394,0.777718,2.5272719955444334,0.377
chr15,16843223,16845223,active,1.892,10.100520987189103,0.771326,0.5153847603797913,0.38
chr15,16847223,16849223,active,1.816,9.900728247498172,0.693217,0.6545455169677734,0.379
chr15,16851223,16853223,active,1.844,10.041880093158436,0.749357,1.449999108314514,0.378
chr15,16855223,16857223,active,1.8,9.874313332388857,0.683241,1.96363655090332,0.3825
chr15,16859223,16861223,active,1.832,9.968508324757488,0.721769,0.9454546356201172,0.3815
chr15,16863223,16865223,active,1.832,10.02395470994449,0.732717,1.34,0.3785
chr15,16867223,16869223,active,1.696,9.745122960065824,0.628914,0.76,0.3835
chr15,16871223,16873223,active,1.784,9.899940523041744,0.699843,0.0,0.3755
chr15,16875223,16877223,active,1.844,9.979173373532532,0.709733,2.28125,0.38
chr15,16879223,16881223,active,1.784,9.88202509124246,0.678952,2.172220088481903,0.3775
chr15,16883223,16885223,active,1.868,10.078085574444836,0.760163,1.0249996089935305,0.3825
chr15,16887223,16889223,active,1.76,9.817887410271483,0.663705,1.1461541686058043,0.3815
chr15,16891223,16893223,active,1.776,9.874641577757323,0.682823,0.8909091758728027,0.377
chr15,16895223,16897223,active,1.836,9.943061278479524,0.720118,0.4884616758823394,0.381
chr15,16899223,16901223,active,1.844,10.045292907998435,0.748261,3.847709399223328,0.3795
chr15,16903223,16905223,active,1.768,9.832337102483626,0.664701,1.6466670913696289,0.3825
chr15,16907223,16909223,active,1.776,9.857931249970164,0.684319,4.854641283035279,0.3755
chr15,16911223,16913223,active,1.848,9.991474730562684,0.731114,3.227504256248474,0.381
chr15,16915223,16917223,active,1.644,9.63231583750432,0.609252,5.7653182487487795,0.378
chr15,16919223,16921223,active,1.872,10.1009368989236,0.775785,4.038809380531311,0.382
chr15,16923223,16925223,active,1.76,9.866028993667191,0.693262,3.893807530403137,0.378
chr15,16927223,16929223,active,1.824,9.969158231727352,0.723084,3.632168316364288,0.3825
chr15,16931223,16933223,active,1.828,10.010420917171048,0.727145,5.874999680757522,0.3785
chr15,16935223,16937223,active,1.748,9.804857727680922,0.644474,3.983659128665924,0.3825
chr15,16939223,16941223,active,1.756,9.856737423317613,0.690444,3.537720187187195,0.3765
chr15,16943223,16945223,active,1.84,9.978844216732504,0.71186,2.863452129364014,0.3805
chr15,16947223,16949223,active,1.824,9.999228070507046,0.72772,2.864482591629028,0.378
chr15,16951223,16953223,active,1.76,9.838477303230896,0.654681,0.7722916698455811,0.383
chr15,16955223,16957223,active,1.884,10.06257995143018,0.771327,2.0971438307762145,0.3775
chr15,16959223,16961223,active,1.784,9.86591311527106,0.677189,2.440625225543976,0.3805
chr15,16963223,16965223,active,1.896,10.095303914860567,0.763342,5.0471202127933505,0.3805
chr15,16967223,16969223,active,1.772,9.843152954288785,0.68198,5.9332733135223386,0.3745
chr15,16971223,16973223,active,1.868,10.037098471043466,0.742496,4.07831587600708,0.3785
chr15,16975223,16977223,active,1.78,9.925140451530233,0.705393,2.1063492064476015,0.3795
chr15,16979223,16981223,active,1.812,9.905455203366902,0.693149,4.475489348888397,0.382
chr15,16983223,16985223,active,1.86,10.067921897965926,0.753205,3.1356150898933413,0.3775
chr15,16987223,16989223,active,1.8,9.898856933814832,0.681911,2.220203704357147,0.384
chr15,16991223,16993223,active,1.88,10.059090739934,0.752559,2.5953937833309175,0.381
chr15,16995223,16997223,active,1.784,9.858045891091992,0.676561,5.1884371387958526,0.379
chr15,16999223,17001223,active,1.884,10.079177908961126,0.778915,2.8339825201034547,0.3795
chr15,17003223,17005223,active,1.888,10.093361602988187,0.767632,2.509761588096618,0.3825
chr15,17007223,17009223,active,1.764,9.83408857251029,0.680206,5.238553163290024,0.375
chr15,17011223,17013223,active,1.836,9.97542457935304,0.716165,5.6134142541885375,0.3805
chr15,17015223,17017223,active,1.668,9.74301961694345,0.654226,5.680052681922913,0.3695
chr15,17019223,17021223,active,1.848,9.992473165354362,0.720116,5.5589202001094815,0.3805
chr15,17023223,17025223,active,1.824,9.996905678374787,0.738324,4.168048031806946,0.3795
chr15,17027223,17029223,active,1.756,9.839903361219989,0.659305,4.51223304271698,0.3815
chr15,17031223,17033223,active,1.896,10.087884907434498,0.767882,1.993125877380371,0.3775
chr15,17035223,17037223,active,1.78,9.8612276465975,0.66915,2.196666512489319,0.3805
chr15,17039223,17041223,active,1.892,10.097105544233257,0.767771,3.3155645422935485,0.3805
chr15,17043223,17045223,active,1.764,9.829620900573506,0.676519,2.8573809835910797,0.3765
chr15,17047223,17049223,active,1.864,10.052728321821233,0.751119,1.7695054125785827,0.3795
chr15,17051223,17053223,active,1.776,9.903727508866284,0.696837,2.75,0.3785
chr15,17055223,17057223,active,1.816,9.935782109268985,0.701716,5.112080795764923,0.3815
chr15,17059223,17061223,active,1.852,10.044575789866288,0.757096,3.2124989891052245,0.3775
chr15,17063223,17065223,active,1.788,9.889519919768336,0.667621,2.8375,0.3825
chr15,17067223,17069223,active,1.88,10.07959508408423,0.761156,1.4777771611213684,0.381
chr15,17071223,17073223,active,1.808,9.89666463091437,0.680848,0.0,0.38
chr15,17075223,17077223,active,1.884,10.086828984006903,0.783336,1.4,0.379
chr15,17079223,17081223,active,1.768,9.861610952052947,0.680927,2.02142655801773,0.3775
chr15,17083223,17085223,active,1.772,9.838844120291563,0.666823,18.508578206062317,0.3795
chr15,17087223,17089223,active,1.88,10.098966803682952,0.763709,5.092851994514465,0.382
chr15,17091223,17093223,active,1.756,9.85467076332918,0.682937,0.8999990901947021,0.375
chr15,17095223,17097223,active,1.84,9.985900142509408,0.725592,4.934529713630676,0.3805
chr15,17099223,17101223,active,1.792,9.95391670080548,0.718754,1.3250026788711549,0.378
chr15,17103223,17105223,active,1.764,9.85213734171236,0.671202,2.5821453266143797,0.3835
chr15,17107223,17109223,active,1.888,10.089395601675864,0.773692,1.358332815170288,0.38
chr15,17111223,17113223,active,1.792,9.88234477603785,0.682608,5.1999990556240085,0.382
chr15,17115223,17117223,active,1.892,10.092845052435193,0.77187,5.915882233858109,0.3795
chr15,17119223,17121223,active,1.756,9.818234319811104,0.668352,0.484375,0.3775
chr15,17123223,17125223,active,1.86,10.04893949133542,0.744691,3.422050286054611,0.3775
chr15,17127223,17129223,active,1.792,9.926899086321978,0.699299,4.516539250373841,0.377
chr15,17131223,17133223,active,1.832,9.940966192487274,0.707018,0.8976316909790039,0.382
chr15,17135223,17137223,active,1.836,10.034047618248035,0.749937,0.0,0.3775
chr15,17139223,17141223,active,1.764,9.849682486210376,0.660088,2.2442617101669313,0.3815
chr15,17143223,17145223,active,1.892,10.09089670468507,0.759414,1.8833328456878664,0.3825
chr15,17147223,17149223,active,1.804,9.913741964921105,0.695786,4.704613233327866,0.3795
chr15,17151223,17153223,active,1.872,10.07698192107072,0.764323,3.5613637018203734,0.3815
chr15,17155223,17157223,active,1.752,9.849463263916626,0.685005,0.0,0.378
chr15,17159223,17161223,active,1.848,9.991156815382366,0.728918,0.3833331871032714,0.383
chr15,17163223,17165223,active,1.816,9.988985185141331,0.723157,0.5708331155776978,0.379
chr15,17167223,17169223,active,1.78,9.868439942881857,0.677912,1.2727273941040038,0.3845
chr15,17171223,17173223,active,1.884,10.090419524129604,0.777477,0.445,0.3795
chr15,17175223,17177223,active,1.784,9.867756161484415,0.66847,0.6888882122039794,0.3795
chr15,17179223,17181223,active,1.908,10.093619872918572,0.759394,1.165,0.38
chr15,17183223,17185223,active,1.808,9.902907118083558,0.693443,1.3080801844596863,0.3745
chr15,17187223,17189223,active,1.88,10.051056576465362,0.740094,1.5840269646644591,0.3765
chr15,17191223,17193223,active,1.6,9.525574951750666,0.580415,0.6999993124008179,0.377
chr15,17195223,17197223,active,1.908,10.126808858987417,0.770898,0.8833324656486511,0.3805
chr15,17199223,17201223,active,1.756,9.81489785685384,0.667707,0.665,0.374
chr15,17203223,17205223,active,1.808,9.870381084300677,0.67431,1.7972221021652222,0.3785
chr15,17207223,17209223,active,1.872,10.079833428536622,0.753867,0.0,0.3805
chr15,17211223,17213223,active,1.84,10.03013629168236,0.754113,1.9845252656936645,0.377
chr15,17215223,17217223,active,1.832,10.007027334683752,0.738592,0.8611102652549744,0.3825
chr15,17219223,17221223,active,1.86,10.0380931256501,0.758602,1.3714271850585935,0.3795
chr15,17223223,17225223,active,1.872,10.040800656365672,0.742525,5.635708588600159,0.3805
chr15,17227223,17229223,active,1.824,9.992188291681734,0.735687,3.118749656200409,0.3795
chr15,17231223,17233223,active,1.568,9.51100036380796,0.5577,0.0,0.3735
chr15,17235223,17237223,active,1.832,10.039999838253372,0.748814,0.75,0.381
chr15,17239223,17241223,active,1.88,10.054799797345517,0.768412,1.403526502609253,0.3775
chr15,17243223,17245223,active,1.772,9.840086341540776,0.667367,0.3357144169807434,0.3795
chr15,17247223,17249223,active,1.816,9.91374636931975,0.70255,0.7725152366161346,0.381
chr15,17251223,17253223,active,1.856,10.067216919793834,0.757743,0.8375,0.3755
chr15,17255223,17257223,active,1.788,9.892803488002,0.693171,0.0,0.379
chr15,17259223,17261223,active,1.788,9.871783004605176,0.684393,0.2822224249839782,0.3775
chr15,17263223,17265223,active,1.804,9.868457908211449,0.682546,0.8255852880477905,0.382
chr15,17267223,17269223,active,1.852,10.005869351572564,0.72732,0.536666922569275,0.38
chr15,17271223,17273223,active,1.88,10.087294241884056,0.767171,0.0,0.38
chr15,17275223,17277223,active,1.744,9.796098907339164,0.665554,2.367044792175293,0.3735
chr15,17279223,17281223,active,1.8,9.870381084300677,0.676226,1.2981818771362306,0.3785
chr15,17283223,17285223,active,1.888,10.085863579290391,0.754598,3.2569426817893983,0.38
chr15,17287223,17289223,active,1.868,10.060056516899664,0.778065,0.61666606092453,0.3775
chr15,17291223,17293223,active,1.872,10.056907503833218,0.762656,0.0,0.3805
chr15,17295223,17297223,active,1.888,10.082738304419742,0.755436,0.6227273321151734,0.381
chr15,17299223,17301223,active,1.564,9.463963981777836,0.554458,1.5185605144500731,0.373
chr15,17303223,17305223,active,1.78,9.890235642684456,0.674883,1.576923520565033,0.381
chr15,17307223,17309223,active,1.912,10.140499593064764,0.790475,0.9555546169281006,0.3795
chr15,17311223,17313223,active,1.836,10.025964621526626,0.734563,0.0,0.3805
chr15,17315223,17317223,active,1.828,10.038401763099522,0.729937,0.0,0.378
chr15,17319223,17321223,active,1.772,9.882387217287985,0.696944,2.853336736679077,0.378
chr15,17323223,17325223,active,1.78,9.873749046173035,0.689042,2.3325,0.3805
chr15,17327223,17329223,active,1.864,10.037779237326026,0.75346,0.0,0.378
chr15,17331223,17333223,active,1.876,10.087497075737955,0.763355,3.45,0.38
chr15,17335223,17337223,active,1.876,10.071294926488092,0.743712,1.583331823348999,0.3815
chr15,17339223,17341223,active,1.88,10.06275718576943,0.763259,0.0,0.378
chr15,17343223,17345223,active,1.872,10.060293666342004,0.748499,0.0,0.3775
chr15,17347223,17349223,active,1.88,10.094401710748397,0.759845,0.0,0.3785
chr15,17351223,17353223,active,1.868,10.06890905486477,0.756819,1.36,0.376
chr15,17355223,17357223,active,1.788,9.901481947493506,0.696962,1.4,0.377
chr15,17359223,17361223,active,1.868,10.06913748417568,0.751071,0.725,0.3795
chr15,17363223,17365223,active,1.86,10.05313468900478,0.773313,1.175002375602722,0.376
chr15,17367223,17369223,active,1.876,10.05807606059668,0.76481,0.0,0.3805
chr15,17371223,17373223,active,1.744,9.809641599344848,0.674927,3.1142825660705564,0.3735
chr15,17375223,17377223,active,1.816,9.92603020218118,0.69559,1.2333358268737793,0.379
chr15,17379223,17381223,active,1.9,10.113078190999714,0.761852,2.728568670272827,0.379
chr15,17383223,17385223,active,1.888,10.07696783874523,0.777376,1.0916688737869262,0.38
chr15,17387223,17389223,active,1.764,9.879999759915274,0.668907,1.1625,0.3815
chr15,17391223,17393223,active,1.78,9.934141232682371,0.697803,1.035,0.377
chr15,17395223,17397223,active,1.872,10.060090879169328,0.770665,0.0,0.381
chr15,17399223,17401223,active,1.748,9.872192196370277,0.667075,2.2435022406578065,0.3825
chr15,17403223,17405223,active,1.792,9.86570088445867,0.690988,0.5609848880767823,0.3755
chr15,17407223,17409223,active,1.84,10.006592599118862,0.71623,2.140493544101715,0.3795
chr15,17411223,17413223,active,1.816,9.974801485398029,0.712843,0.0,0.377
chr15,17415223,17417223,active,1.76,9.83693361822066,0.645201,2.048483355522156,0.382
chr15,17419223,17421223,active,1.88,10.06811741374609,0.780559,0.0,0.3765
chr15,17423223,17425223,active,1.788,9.85911272848964,0.681378,2.2544634914398194,0.3785
chr15,17427223,17429223,active,1.888,10.12713208802192,0.759008,1.0750021734237671,0.3805
chr15,17431223,17433223,active,1.88,10.064839463834245,0.761099,0.0,0.376
chr15,17435223,17437223,active,1.784,9.902154696226594,0.694439,1.123333703994751,0.38
chr15,17439223,17441223,active,1.812,9.954689832720474,0.712455,0.0,0.382
chr15,17443223,17445223,active,1.868,10.062868800412046,0.753418,0.68,0.3815
chr15,17447223,17449223,active,1.752,9.821256141974064,0.654276,1.344443123817444,0.3825
chr15,17451223,17453223,active,1.904,10.1494292947322,0.781691,2.4086365509033203,0.3825
chr15,17455223,17457223,active,1.816,9.898363079091162,0.688079,6.6832747950553895,0.3775
chr15,17459223,17461223,active,1.876,10.086112080123344,0.76695,4.572217730998993,0.3815
chr15,17463223,17465223,active,1.784,9.875371795261602,0.685558,1.6888872299194335,0.375
chr15,17467223,17469223,active,1.856,10.00136637869499,0.715723,2.6250053071975707,0.38
chr15,17471223,17473223,active,1.832,10.002576876731627,0.720829,2.8291683807373045,0.378
chr15,17475223,17477223,active,1.788,9.856273321144307,0.652164,2.271426275253296,0.3825
chr15,17479223,17481223,active,1.712,9.774082907094476,0.653861,1.306347900867462,0.374
chr15,17483223,17485223,active,1.796,9.855202290981651,0.662624,1.0821969079971314,0.3785
chr15,17487223,17489223,active,1.9,10.12187249886376,0.766254,0.5772727823257446,0.38
chr15,17491223,17493223,active,1.784,9.900334306003051,0.682197,1.3749999508857726,0.374
chr15,17495223,17497223,active,1.764,9.827084483283455,0.665473,0.0,0.3835
chr15,17499223,17501223,active,1.892,10.121683392869148,0.782254,1.366666145324707,0.382
chr15,17503223,17505223,active,1.772,9.846737583054454,0.656507,2.3918054027557374,0.3785
chr15,17507223,17509223,active,1.768,9.84821165559311,0.657164,1.0250020723342896,0.381
chr15,17511223,17513223,active,1.912,10.127599891593793,0.784657,1.59375,0.3775
chr15,17515223,17517223,active,1.804,9.948690267791717,0.694813,0.0,0.3805
chr15,17519223,17521223,active,1.832,9.967370303397448,0.721405,1.1375,0.3825
chr15,17523223,17525223,active,1.84,10.023851555988193,0.7323,0.0,0.3805
chr15,17527223,17529223,active,1.768,9.83943423822755,0.671284,0.0,0.383
chr15,17531223,17533223,active,1.9,10.105519076630388,0.786582,0.0,0.3815
chr15,17535223,17537223,active,1.808,9.907104785868222,0.675772,0.0,0.38
chr15,17539223,17541223,active,1.788,9.88662015252439,0.664607,3.2583307962417605,0.377
chr15,17543223,17545223,active,1.848,10.057429579345664,0.751589,4.373334613800049,0.377
chr15,17547223,17549223,active,1.828,9.974845829106023,0.700366,1.19,0.378
chr15,17551223,17553223,active,1.872,10.08744867948264,0.75683,0.0,0.38
chr15,17555223,17557223,active,1.868,10.080315977002376,0.760254,2.916666650772094,0.3775
chr15,17559223,17561223,active,1.752,9.796243861817882,0.642262,0.0,0.382
chr15,17563223,17565223,active,1.888,10.097844576890049,0.762876,1.1863637495040893,0.381
chr15,17567223,17569223,active,1.76,9.819613166146889,0.662566,2.385,0.3775
chr15,17571223,17573223,active,1.88,10.066848857233346,0.764589,0.0,0.382
chr15,17575223,17577223,active,1.756,9.858887830500624,0.696608,0.84375,0.3765
chr15,17579223,17581223,active,1.824,9.97067101949307,0.720456,0.0,0.3815
chr15,17583223,17585223,active,1.828,9.97667853941487,0.717312,3.0857111663818357,0.3775
chr15,17587223,17589223,active,1.76,9.844572711840204,0.670423,1.75,0.3825
chr15,17591223,17593223,active,1.884,10.080369272873323,0.76913,0.6625,0.3785
chr15,17595223,17597223,active,1.8,9.89708534724346,0.674158,0.0,0.38
chr15,17599223,17601223,active,1.888,10.091037470139124,0.752167,1.5,0.38
chr15,17603223,17605223,active,1.752,9.836217760269934,0.66929,2.429582612991333,0.3775
chr15,17607223,17609223,active,1.924,10.141516137038204,0.782676,2.202677185058594,0.3775
chr15,17611223,17613223,active,1.784,9.860071402544476,0.667352,3.816672746658325,0.3765
chr15,17615223,17617223,active,1.86,10.077725574456403,0.75969,0.88125,0.373
chr15,17619223,17621223,active,1.808,9.888194057778142,0.674139,1.24375,0.3795
chr15,17623223,17625223,active,1.888,10.101304992040983,0.771041,1.0250020723342896,0.374
chr15,17627223,17629223,active,1.824,9.916933516340576,0.690368,5.9475,0.376
chr15,17631223,17633223,active,1.872,10.10869209090418,0.780416,0.0,0.378
chr15,17635223,17637223,active,1.744,9.788934567807864,0.657463,0.0,0.375
chr15,17639223,17641223,active,1.888,10.094140375281592,0.768789,0.6611107563972474,0.3775
chr15,17643223,17645223,active,1.672,9.703300640009315,0.622258,0.0,0.3835
chr15,17647223,17649223,active,1.816,9.944937751223623,0.722174,0.7214288535118103,0.376
chr15,17651223,17653223,active,1.912,10.16983335287148,0.784249,2.196609757900238,0.369
chr15,17655223,17657223,active,1.94,10.188152594626173,0.780799,0.0133333396911621,0.373
chr15,17659223,17661223,active,1.916,10.215473232928996,0.779516,1.389524395465851,0.3695
chr15,17663223,17665223,active,1.932,10.189268560710726,0.803328,0.553125,0.378
chr15,17667223,17669223,active,1.912,10.185514045813374,0.791837,0.6173202881813049,0.367
chr15,17671223,17673223,active,1.892,10.051278969898558,0.728974,0.8499983224868775,0.3765
chr15,17675223,17677223,active,1.932,10.169968114980572,0.797991,0.9583331997394562,0.374
chr15,17679223,17681223,active,1.824,9.985994036517791,0.702842,0.7666659135818481,0.38
chr15,17683223,17685223,active,2.048,10.39400441105169,0.904237,0.5333328094482422,0.366
chr15,17687223,17689223,active,1.92,10.188301737812182,0.815031,2.6131819248199464,0.3705
chr15,17691223,17693223,active,1.996,10.279165359987529,0.872535,0.9929486603736878,0.364
chr22,10100152,10102152,inactive,2.124,10.597985923986789,0.985604,0.649999342918396,0.384
chr22,10104152,10106152,inactive,2.104,10.6245962850131,0.969724,0.0,0.382
chr22,10108152,10110152,inactive,2.1,10.59659489083577,1.006637,1.4338881139755248,0.3785
chr22,10112152,10114152,inactive,2.188,10.636011253598443,1.028054,0.3125,0.374
chr22,10116152,10118152,inactive,2.16,10.589590965008444,1.007496,0.7423604617118835,0.3845
chr22,10120152,10122152,inactive,2.172,10.623950952090928,0.988433,0.935,0.391
chr22,10124152,10126152,inactive,2.152,10.624770316805485,1.018926,0.9651513528823852,0.3845
chr22,10128152,10130152,inactive,2.096,10.543960556955602,0.942836,0.4772727727890015,0.3815
chr22,10132152,10134152,inactive,2.14,10.581157728223552,0.996048,0.0,0.376
chr22,10136152,10138152,inactive,2.16,10.662510360164625,1.03136,0.0,0.3735
chr22,10140152,10142152,inactive,2.112,10.455128206964076,0.977037,1.3500010871887207,0.372
chr22,10144152,10146152,inactive,2.064,10.42268696796721,0.934265,1.2104757571220397,0.3755
chr22,10148152,10150152,inactive,2.076,10.467226426095715,0.934683,1.3488635444641113,0.3735
chr22,10152152,10154152,inactive,2.072,10.413803977553036,0.902432,0.0,0.3705
chr22,10156152,10158152,inactive,2.08,10.436890121686682,0.933415,3.325274929046631,0.368
chr22,10160152,10162152,inactive,2.088,10.43877064810358,0.972783,0.3576924083232879,0.3675
chr22,10164152,10166152,inactive,2.104,10.393067567441744,0.958583,0.3176468982696533,0.373
chr22,10168152,10170152,inactive,2.056,10.37429639557907,0.919604,1.797473123073578,0.3735
chr22,10172152,10174152,inactive,2.032,10.400570545234372,0.901975,2.5657321708202363,0.3745
chr22,10176152,10178152,inactive,2.052,10.374299785024764,0.901949,0.0,0.372
chr22,10180152,10182152,inactive,2.112,10.504563925397186,0.965635,1.6914284238815307,0.3685
chr22,12308152,12310152,inactive,1.868,10.069789609613654,0.749831,0.0,0.356
chr22,12312152,12314152,inactive,1.832,9.970502559341297,0.723515,0.0,0.3595
chr22,12316152,12318152,inactive,1.888,10.071235373649165,0.748135,0.0,0.357
chr22,12788152,12790152,active,2.028,10.313074603112517,0.888586,0.9166669578552246,0.3775
chr22,12792152,12794152,active,1.884,10.088785926944691,0.755002,0.938887966632843,0.382
chr22,12796152,12798152,active,1.844,10.005831354734456,0.72704,1.435,0.3855
chr22,12800152,12802152,active,1.916,10.073914479845522,0.739998,4.147220579624176,0.3835
chr22,12804152,12806152,active,1.872,9.981083854080117,0.718884,2.65,0.39
chr22,12808152,12810152,active,1.876,9.995298083510582,0.715776,0.0,0.3885
chr22,12812152,12814152,active,1.84,9.925636198129578,0.689058,2.825891839027405,0.3875
chr22,12816152,12818152,active,1.84,9.975707829877685,0.712856,2.44375,0.389
chr22,12820152,12822152,active,1.844,9.973454824853222,0.726966,4.124091238975525,0.3905
chr22,12824152,12826152,active,1.84,9.913442596343083,0.703313,0.10625,0.3885
chr22,12828152,12830152,active,1.88,10.039893157840895,0.746594,2.1714263763427732,0.3895
chr22,12832152,12834152,active,1.856,10.007418354177336,0.743717,0.0,0.3855
chr22,12836152,12838152,active,1.896,10.073789890241288,0.761536,2.9166725635528565,0.3855
chr22,12840152,12842152,active,1.864,9.994907335528804,0.741859,0.0,0.386
chr22,12844152,12846152,active,1.84,9.915384935032,0.697956,1.21428448677063,0.3845
chr22,12848152,12850152,active,1.864,9.992262092327453,0.729696,0.0,0.3855
chr22,12852152,12854152,active,1.896,10.072311907882067,0.755116,0.164285548210144,0.386
chr22,12856152,12858152,active,1.908,10.058033716517404,0.739822,3.34375,0.388
chr22,12860152,12862152,active,1.908,10.084027895433003,0.753294,3.7619090967178344,0.3875
chr22,12864152,12866152,active,1.908,10.078326901479247,0.749991,2.133331298828125,0.3855
chr22,12868152,12870152,active,1.856,9.96792628954239,0.711866,1.6650002527236938,0.387
chr22,12872152,12874152,active,1.832,9.936254618605744,0.712818,3.3294612674713133,0.3935
chr22,12876152,12878152,active,1.844,9.932563674903273,0.693538,0.0,0.39
chr22,12880152,12882152,active,1.844,9.980634958951647,0.755296,0.0,0.3895
chr22,12884152,12886152,active,1.864,9.987750216477217,0.717499,0.0,0.385
chr22,12888152,12890152,active,1.796,9.86720232500154,0.698503,0.0,0.3885
chr22,12892152,12894152,active,1.844,9.971335286016457,0.715742,0.0,0.391
chr22,12896152,12898152,active,1.86,9.9522317621818,0.719603,1.7,0.3895
chr22,12900152,12902152,active,1.852,9.989280476014128,0.726021,0.5055550589561463,0.3875
chr22,12904152,12906152,active,1.888,10.037827414149715,0.746574,5.913093014717102,0.3855
chr22,12908152,12910152,active,1.916,10.12777979335518,0.804306,1.73125,0.3825
chr22,12912152,12914152,active,1.868,10.018569063635756,0.741055,0.635,0.3865
chr22,12916152,12918152,active,1.896,10.084133474197875,0.769845,0.4711111001968384,0.385
chr22,12920152,12922152,active,1.86,9.983145687950651,0.73069,2.465,0.389
chr22,12924152,12926152,active,1.88,10.007602552758328,0.719395,4.152491300821304,0.3865
chr22,12928152,12930152,active,1.896,10.064832493876224,0.774704,2.622050941705704,0.38
chr22,12932152,12934152,active,1.872,10.006071468801904,0.746048,0.6999993124008179,0.391
chr22,12936152,12938152,active,1.872,9.94497416033643,0.717253,0.0,0.389
chr22,12940152,12942152,active,1.948,10.17084504556913,0.798192,2.927279492378235,0.39
chr22,12944152,12946152,active,1.972,10.109154604121048,0.786834,0.0,0.385
chr22,12948152,12950152,active,1.944,10.104728481444534,0.780669,4.164281504631043,0.388
chr22,12952152,12954152,active,1.84,10.001934193448612,0.7286,0.1,0.3895
chr22,12956152,12958152,active,1.856,9.996310994891491,0.752157,3.472503487586975,0.387
chr22,12960152,12962152,active,1.92,10.12897612777065,0.778311,1.0500021228790284,0.387
chr22,12964152,12966152,active,1.86,9.995126815185872,0.749821,0.0,0.3825
chr22,12968152,12970152,active,1.92,10.071107527018928,0.75395,0.6214279432296753,0.3865
chr22,12972152,12974152,active,1.808,9.918751573210164,0.690026,1.0666688232421877,0.3795
chr22,12976152,12978152,active,1.86,9.949973850699982,0.725746,2.625,0.3835
chr22,12980152,12982152,active,1.828,9.965941674555712,0.712267,1.021153884887695,0.391
chr22,12984152,12986152,active,1.844,9.987424532077274,0.720712,1.1923080277442932,0.3865
chr22,12988152,12990152,active,1.896,10.003815240240444,0.7564,0.4500001266002655,0.3885
chr22,12992152,12994152,active,1.876,9.99970273592466,0.729445,0.0,0.3905
chr22,12996152,12998152,active,1.912,10.095790567420638,0.774051,0.7833325638771057,0.3875
chr22,13000152,13002152,active,1.832,9.922310435316884,0.714866,3.95,0.3935
chr22,13004152,13006152,active,1.868,10.04280467073915,0.775683,0.0,0.3905
chr22,13008152,13010152,active,1.868,10.053427665262967,0.772646,1.7,0.3885
chr22,13012152,13014152,active,1.928,10.089933811048729,0.773082,2.6875,0.39
chr22,13016152,13018152,active,1.892,10.115173779050682,0.775888,0.0,0.387
chr22,13020152,13022152,active,1.9,10.112684768220843,0.774158,0.8,0.3885
chr22,13024152,13026152,active,1.94,10.155231647869291,0.804272,0.5833330059051514,0.3895
chr22,13028152,13030152,active,1.892,10.03505148932858,0.724198,0.7375,0.385
chr22,13032152,13034152,active,1.972,10.196069579186403,0.813397,0.0,0.388
chr22,13036152,13038152,active,1.908,10.098965702035306,0.774407,1.4499985756874083,0.3865
chr22,13040152,13042152,active,1.9,10.09926925766206,0.796991,1.4333319253921508,0.3925
chr22,13044152,13046152,active,1.896,10.063318327234798,0.760133,1.251288501739502,0.39
chr22,13048152,13050152,active,1.824,9.92211754716135,0.718918,7.2411053538322445,0.394
chr22,13052152,13054152,active,1.848,9.963378695195535,0.705628,0.0,0.3895
chr22,13056152,13058152,active,1.856,10.010308042346972,0.726689,5.196135120391846,0.3885
chr22,13060152,13062152,active,1.872,9.996370964050708,0.721676,4.590003713369369,0.391
chr22,13064152,13066152,active,1.792,9.908973461619857,0.701891,3.1241252381801603,0.392
chr22,13068152,13070152,active,1.82,9.922804219686084,0.698175,1.7685848007202147,0.3905
chr22,13072152,13074152,active,1.852,9.952994192716629,0.726796,4.656320592403412,0.385
chr22,13076152,13078152,active,1.84,9.96243308632146,0.714177,2.9042480111122133,0.3885
chr22,13080152,13082152,active,1.876,10.073461448089924,0.754394,2.6325495018959044,0.3855
chr22,13084152,13086152,active,1.808,9.949233134166588,0.711089,3.635821990251541,0.388
chr22,13088152,13090152,active,1.916,10.119614642563464,0.772411,5.076052229642868,0.386
chr22,13092152,13094152,active,1.844,9.994038070105248,0.725233,9.526520834684373,0.3845
chr22,13096152,13098152,active,1.908,10.035916927885845,0.757204,4.689653476715088,0.3865
chr22,13100152,13102152,active,1.972,10.142713850329354,0.816147,1.0690668613910674,0.3865
chr22,13104152,13106152,active,1.784,9.870935671705237,0.672321,3.9344320416450502,0.392
chr22,13108152,13110152,active,1.86,10.01798615357962,0.757441,1.2833322200775146,0.392
chr22,13112152,13114152,active,1.792,9.864839250118887,0.69652,3.9454534530639647,0.3815
chr22,13116152,13118152,active,1.836,10.007222553794186,0.734214,0.70625,0.3925
chr22,13120152,13122152,active,1.856,9.9261541007418,0.705813,3.8777739686965944,0.388
chr22,13124152,13126152,active,1.832,9.984071151805008,0.740238,1.3,0.3935
chr22,13128152,13130152,active,1.804,9.87595760787764,0.696017,1.265,0.3855
chr22,13132152,13134152,active,1.764,9.86402145855375,0.689413,2.154545559883118,0.388
chr22,13136152,13138152,active,1.8,9.91558440780516,0.701432,0.0,0.3905
chr22,13140152,13142152,active,1.792,9.866244116732336,0.668963,2.172220088481903,0.3905
chr22,13144152,13146152,active,1.756,9.828883496780875,0.674293,1.788887131690979,0.3895
chr22,13148152,13150152,active,1.764,9.835504139801476,0.681248,5.755454568862915,0.3915
chr22,13152152,13154152,active,1.76,9.851178525353795,0.673504,1.2545445728302005,0.389
chr22,13156152,13158152,active,1.832,9.931515797923396,0.713785,4.527975522756576,0.385
chr22,13160152,13162152,active,1.78,9.871226473460585,0.690429,1.6273816287517548,0.3885
chr22,13164152,13166152,active,1.832,9.96246794536096,0.715744,1.402703377246857,0.3865
chr22,13168152,13170152,active,1.84,9.97772824119129,0.724262,2.0163754122257234,0.3875
chr22,13172152,13174152,active,1.812,9.95677899634618,0.726246,0.8833337545394897,0.3875
chr22,13176152,13178152,active,1.808,9.9638919676222,0.721995,3.4087616763114927,0.3925
chr22,13180152,13182152,active,1.844,10.004333363942893,0.737679,5.6426465382575985,0.3895
chr22,13184152,13186152,active,1.82,9.943252148372888,0.725861,5.4349670264720915,0.3945
chr22,13188152,13190152,active,1.836,9.969459965341526,0.726581,7.7027962992191314,0.3865
chr22,13192152,13194152,active,1.764,9.85196297334248,0.673996,4.82623574590683,0.3875
chr22,13196152,13198152,active,1.812,9.93318746032492,0.712865,0.5467034552097321,0.3925
chr22,13200152,13202152,active,1.82,9.975535365518493,0.729373,5.442222289800644,0.3895
chr22,13204152,13206152,active,1.772,9.886038666049176,0.69701,4.713330694198609,0.39
chr22,13208152,13210152,active,1.8,9.929090494448424,0.728183,3.875446296453476,0.389
chr22,13212152,13214152,active,1.8,9.933434817520846,0.713996,2.9709524846076967,0.3885
chr22,13216152,13218152,active,1.812,9.949733591824083,0.720289,4.167509662628174,0.3865
chr22,13220152,13222152,active,1.788,9.886592065111412,0.700442,2.060926734447479,0.389
chr22,13224152,13226152,active,1.816,9.920103143952646,0.683701,4.315909266471863,0.3905
chr22,13228152,13230152,active,1.764,9.871621989763776,0.67715,1.682777259349823,0.3875
chr22,13232152,13234152,active,1.808,9.94866794474469,0.721206,0.6883331532478333,0.3865
chr22,13236152,13238152,active,1.828,9.993546560553115,0.731871,3.115592893600464,0.3895
chr22,13240152,13242152,active,1.792,9.864019055268583,0.675774,1.171427387237549,0.393
chr22,13244152,13246152,active,1.764,9.835413086498926,0.681104,0.6636364269256592,0.3935
chr22,13248152,13250152,active,1.756,9.82214978300388,0.674368,2.57280287194252,0.391
chr22,13252152,13254152,active,1.812,9.96172122643886,0.711222,1.6499974422454835,0.389
chr22,13256152,13258152,active,1.828,9.974643029866575,0.726101,0.490625,0.39
chr22,13260152,13262152,active,1.78,9.861999142273298,0.692867,0.5666669368743896,0.3935
chr22,13264152,13266152,active,1.792,9.845835567499687,0.685741,0.8090909862518311,0.3905
chr22,13268152,13270152,active,1.788,9.855908939405932,0.689538,0.0,0.3915
chr22,13272152,13274152,active,1.808,9.882452940929106,0.683977,2.812498635292054,0.39
chr22,13276152,13278152,active,1.796,9.880378734469918,0.684215,3.9964253149032594,0.39
chr22,13280152,13282152,active,1.776,9.845363191538794,0.677727,1.500003032684326,0.3905
chr22,13284152,13286152,active,1.772,9.862865516569467,0.672356,2.0416707944869996,0.391
chr22,13288152,13290152,active,1.78,9.858124464226885,0.668351,0.0,0.389
chr22,13292152,13294152,active,1.752,9.821441806125408,0.664394,0.0,0.39
chr22,13296152,13298152,active,1.784,9.892304577912965,0.695409,2.30625,0.3925
chr22,13300152,13302152,active,1.776,9.88882285840831,0.677858,1.9214266290664672,0.39
chr22,13304152,13306152,active,1.788,9.878899899326148,0.679193,1.0500021228790284,0.3905
chr22,13308152,13310152,active,1.844,9.993792904772034,0.738564,1.8666648864746096,0.3905
chr22,13312152,13314152,active,1.828,9.965263352523309,0.732099,1.161668469429016,0.3915
chr22,13316152,13318152,active,1.788,9.854194398333732,0.678328,2.5785688219070435,0.393
chr22,13320152,13322152,active,1.776,9.850101076482254,0.6777,2.807140474319458,0.3915
chr22,13324152,13326152,active,1.788,9.890996800479858,0.706295,0.0,0.392
chr22,13328152,13330152,active,1.792,9.89409360789048,0.671637,0.0,0.3885
chr22,13332152,13334152,active,1.804,9.904907834466032,0.69448,0.882638457775116,0.3865
chr22,13336152,13338152,active,1.784,9.880537553924178,0.682515,1.2691664266586304,0.3895
chr22,13340152,13342152,active,1.796,9.899474572039283,0.693186,0.7689102103710175,0.3915
chr22,13344152,13346152,active,1.772,9.869749754489936,0.669577,1.1000001049041748,0.3865
chr22,13348152,13350152,active,1.796,9.89401680437062,0.685935,1.0624999508857726,0.387
chr22,13352152,13354152,active,1.76,9.857284981309093,0.673833,2.78,0.387
chr22,13356152,13358152,active,1.788,9.886795170477164,0.68408,6.7875,0.39
chr22,13360152,13362152,active,1.804,9.916298470982944,0.684764,0.0,0.387
chr22,13364152,13366152,active,1.752,9.835010896907445,0.66387,0.3388885560035705,0.3885
chr22,13368152,13370152,active,1.768,9.852259418260395,0.66993,0.9333324165344238,0.3895
chr22,13372152,13374152,active,1.772,9.887242963958016,0.685523,1.9942865009307864,0.387
chr22,13376152,13378152,active,1.764,9.831707894562234,0.664125,2.269375410079956,0.3885
chr22,13380152,13382152,active,1.812,9.93921203943802,0.70808,1.0507348957061768,0.3875
chr22,13384152,13386152,active,1.808,9.920171242513977,0.70371,1.68198476934433,0.3875
chr22,13388152,13390152,active,1.836,9.956724814201644,0.697917,2.0152935309410096,0.3895
chr22,13392152,13394152,active,1.78,9.90648579713294,0.686497,1.2068180704116822,0.3865
chr22,13396152,13398152,active,1.748,9.833644086054017,0.666451,0.0,0.3895
chr22,13400152,13402152,active,1.768,9.871962665411608,0.685602,1.3972214636802671,0.3895
chr22,13404152,13406152,active,1.824,9.988462761687098,0.710164,0.4928566446304321,0.3865
chr22,13408152,13410152,active,1.836,9.982726386770423,0.713335,2.35,0.388
chr22,13412152,13414152,active,1.76,9.83079913264894,0.671644,0.0,0.3875
chr22,13416152,13418152,active,1.78,9.89385456865414,0.682157,1.5125,0.3875
chr22,13420152,13422152,active,1.756,9.863767062170831,0.662477,0.0,0.388
chr22,13424152,13426152,active,1.768,9.831982652295196,0.658067,2.930955382347107,0.389
chr22,13428152,13430152,active,1.768,9.835245999506649,0.673165,1.1375,0.392
chr22,13432152,13434152,active,1.808,9.903969883492229,0.692546,2.002677589416504,0.3935
chr22,13436152,13438152,active,1.776,9.859294290095225,0.686269,0.81875,0.3945
chr22,13440152,13442152,active,1.772,9.886727515052645,0.689687,1.2333358268737793,0.3905
chr22,13444152,13446152,active,1.772,9.839732832807536,0.671645,0.0,0.392
chr22,13448152,13450152,active,1.792,9.860881516344564,0.685497,0.0,0.392
chr22,13452152,13454152,active,1.764,9.829302797961134,0.670396,0.0,0.3935
chr22,13456152,13458152,active,1.764,9.83550039588959,0.663725,1.6714279432296753,0.39
chr22,13460152,13462152,active,1.756,9.83289199548122,0.665534,1.7249988012313844,0.39
chr22,13464152,13466152,active,1.768,9.845441043073253,0.671948,1.704166208267212,0.3885
chr22,13468152,13470152,active,1.784,9.85616834725712,0.671356,2.527775294780731,0.3895
chr22,13472152,13474152,active,1.744,9.82916668379282,0.654394,1.1715271611213685,0.3875
chr22,13476152,13478152,active,1.756,9.827671727980745,0.657989,0.4888884086608887,0.3885
chr22,13480152,13482152,active,1.76,9.848667462988834,0.666535,1.242307939529419,0.389
chr22,13484152,13486152,active,1.764,9.862642985000386,0.674824,2.513636269569397,0.3865
chr22,13488152,13490152,active,1.756,9.835284581357811,0.672142,4.84697039604187,0.3935
chr22,13492152,13494152,active,1.852,9.96556974885582,0.722445,0.0,0.393
chr22,13496152,13498152,active,1.844,9.9897170278753,0.744641,0.999999017715454,0.3925
chr22,13500152,13502152,active,1.828,9.95128670049913,0.719768,1.255554862499237,0.3925
chr22,13504152,13506152,active,1.836,9.980212046279124,0.7236,0.0,0.389
chr22,13508152,13510152,active,1.804,9.938130160370903,0.711193,1.15,0.391
chr22,13512152,13514152,active,1.808,9.909508641729486,0.69411,1.4055541749000549,0.3925
chr22,13516152,13518152,active,1.808,9.942559389548792,0.718318,2.2714262909889222,0.3875
chr22,13520152,13522152,active,1.78,9.896429315725184,0.68818,0.57,0.388
chr22,13524152,13526152,active,1.816,9.961033009129702,0.717271,0.8357134408950806,0.3855
chr22,13528152,13530152,active,1.78,9.904945391907688,0.706356,0.0,0.3885
chr22,13532152,13534152,active,1.8,9.93509970103096,0.711455,0.0,0.388
chr22,13536152,13538152,active,1.788,9.912552158985427,0.701053,1.62,0.3865
chr22,13540152,13542152,active,1.828,9.96100807218346,0.727568,1.1125,0.388
chr22,13544152,13546152,active,1.844,9.978774905204157,0.739344,0.8214277410507203,0.385
chr22,13548152,13550152,active,1.764,9.845714173067432,0.674727,0.0,0.3915
chr22,13552152,13554152,active,1.756,9.842747902468188,0.666531,0.0,0.394
chr22,13556152,13558152,active,1.788,9.873061086227272,0.686315,5.28,0.395
chr22,13560152,13562152,active,1.732,9.793211456545995,0.657656,3.911902827262878,0.393
chr22,13564152,13566152,active,1.756,9.811948266138971,0.667956,0.0,0.393
chr22,13568152,13570152,active,1.748,9.812187582603434,0.661225,1.2928558359146118,0.3945
chr22,13572152,13574152,active,1.764,9.827842287373102,0.663834,0.0,0.393
chr22,13576152,13578152,active,1.78,9.821186534901384,0.668637,3.228571500778198,0.391
chr22,13580152,13582152,active,1.768,9.830262650901629,0.676753,0.0,0.389
chr22,13584152,13586152,active,1.776,9.843509263888194,0.675653,1.47,0.3925
chr22,13588152,13590152,active,1.772,9.851960049682384,0.683552,2.8874997806549074,0.3935
chr22,13592152,13594152,active,1.748,9.80694807745708,0.66848,1.566666159152985,0.391
chr22,13596152,13598152,active,1.8,9.885545617428845,0.692255,2.261109724998474,0.3865
chr22,13600152,13602152,active,1.8,9.90550287396403,0.691151,0.0,0.3905
chr22,13604152,13606152,active,1.752,9.850738938513132,0.671566,1.7680546169281006,0.3895
chr22,13608152,13610152,active,1.776,9.8105855593799,0.668447,0.0,0.392
chr22,13612152,13614152,active,1.788,9.95019184075416,0.706624,0.0,0.389
chr22,13616152,13618152,active,1.808,9.932788111439226,0.707404,0.0,0.3895
chr22,13620152,13622152,active,1.784,9.859283706986291,0.689322,2.155,0.393
chr22,13624152,13626152,active,1.76,9.82853149084272,0.669823,0.625,0.389
chr22,13628152,13630152,active,1.768,9.82648672385561,0.672398,1.100002223968506,0.3925
chr22,13632152,13634152,active,1.804,9.933374854077904,0.700159,0.0,0.392
chr22,13636152,13638152,active,1.704,9.710005909931343,0.628574,1.62,0.392
chr22,13640152,13642152,active,1.764,9.83499930082151,0.664454,1.62,0.39
chr22,13644152,13646152,active,1.784,9.828562031962424,0.672087,2.18666953086853,0.393
chr22,13648152,13650152,active,1.784,9.887302655889156,0.6841,0.0,0.3925
chr22,13652152,13654152,active,1.688,9.692251282042102,0.621654,4.2,0.3925
chr22,13656152,13658152,active,1.78,9.857033708576267,0.673688,0.0,0.3895
chr22,13660152,13662152,active,1.772,9.827249951993494,0.676785,0.9125,0.394
chr22,13664152,13666152,active,1.796,9.92166154132402,0.702233,4.32,0.391
chr22,13668152,13670152,active,1.796,9.89454167859944,0.700155,1.785,0.3905
chr22,13672152,13674152,active,1.58,9.623821820971925,0.597314,0.0,0.3915
chr22,13676152,13678152,active,1.804,9.945333415119334,0.713472,6.642850427627564,0.3925
chr22,13680152,13682152,active,1.752,9.827917413688878,0.681226,3.815002678871154,0.3935
chr22,13684152,13686152,active,1.76,9.827701959339544,0.674859,1.63,0.389
chr22,13688152,13690152,active,1.768,9.85737749644172,0.666225,1.6267848405838012,0.387
chr22,13692152,13694152,active,1.8,9.909917776121087,0.684766,1.4583362817764285,0.3885
chr22,13696152,13698152,active,1.808,9.9265064050083,0.701382,0.78,0.3865
chr22,13700152,13702152,active,1.772,9.857863517307552,0.66879,0.0,0.3895
chr22,13704152,13706152,active,1.784,9.85171618598675,0.659478,0.0,0.3895
chr22,13708152,13710152,active,1.748,9.827090522901477,0.656415,2.1624995555877686,0.3875
chr22,13712152,13714152,active,1.764,9.835733836668748,0.669556,1.725003487586975,0.393
chr22,13716152,13718152,active,1.776,9.84224397241062,0.669978,1.241669177055359,0.396
chr22,13720152,13722152,active,1.776,9.85861210866378,0.684381,1.3875,0.3955
chr22,13724152,13726152,active,1.764,9.84175266284846,0.678321,2.075,0.392
chr22,13728152,13730152,active,1.752,9.83465396817166,0.669416,5.8625,0.3935
chr22,13732152,13734152,active,1.776,9.864509295715862,0.690412,0.0,0.3925
chr22,13736152,13738152,active,1.744,9.819910860304908,0.656201,0.0,0.392
chr22,13740152,13742152,active,1.752,9.808460150574144,0.664165,3.486605279922485,0.39
chr22,13744152,13746152,active,1.776,9.887920211159315,0.686074,0.0,0.3865
chr22,13748152,13750152,active,1.784,9.911993438694086,0.683566,3.18,0.389
chr22,13752152,13754152,active,1.8,9.90730322851562,0.691982,0.89,0.387
chr22,13756152,13758152,active,1.804,9.909035684495892,0.682433,1.51666522026062,0.3865
chr22,13760152,13762152,active,1.804,9.933047076153564,0.692842,1.4999984836578368,0.388
chr22,13764152,13766152,active,1.764,9.830220076275502,0.65679,0.0,0.3905
chr22,13768152,13770152,active,1.748,9.82684417868254,0.663587,1.0916688737869262,0.3885
chr22,13772152,13774152,active,1.84,9.97257119415982,0.724646,2.542854572296142,0.393
chr22,13776152,13778152,active,1.828,9.93581304956011,0.695249,0.0,0.3955
chr22,13780152,13782152,active,1.776,9.8466080266873,0.681018,0.5500000524520874,0.396
chr22,13784152,13786152,active,1.776,9.85388070273486,0.678485,2.254545669555664,0.3925
chr22,13788152,13790152,active,1.752,9.816847063104722,0.659313,0.0,0.3935
chr22,13792152,13794152,active,1.756,9.831900975442997,0.663096,0.8785705404281616,0.3915
chr22,13796152,13798152,active,1.756,9.876579654241173,0.681182,0.0,0.3915
chr22,13800152,13802152,active,1.8,9.92544334977159,0.693872,0.0,0.39
chr22,13804152,13806152,active,1.784,9.845874149350845,0.678507,1.6255495672225952,0.39
chr22,13808152,13810152,active,1.8,9.901404534928108,0.696003,0.5833331108093261,0.389
chr22,13812152,13814152,active,1.784,9.866208452825038,0.673491,2.8870875325202943,0.3885
chr22,13816152,13818152,active,1.756,9.826375109213004,0.657531,1.293333429336548,0.391
chr22,13820152,13822152,active,1.78,9.858297615461902,0.668076,0.8612502050399781,0.393
chr22,13824152,13826152,active,1.772,9.85328271276021,0.669091,1.4166662063598632,0.388
chr22,13828152,13830152,active,1.76,9.819864835335244,0.675448,0.6409091520309448,0.3875
chr22,13832152,13834152,active,1.816,9.962237035526726,0.735595,0.75625,0.3915
chr22,13836152,13838152,active,1.84,9.974115258794132,0.731113,1.7642839307785034,0.3905
chr22,13840152,13842152,active,1.824,9.959516090453135,0.733818,0.7333348159790039,0.394
chr22,13844152,13846152,active,1.836,9.987973274137468,0.727244,0.92,0.3865
chr22,13848152,13850152,active,1.808,9.932476509364712,0.713017,3.108339617729187,0.391
chr22,13852152,13854152,active,1.788,9.889149540401272,0.681429,0.7555548133850097,0.3925
chr22,13856152,13858152,active,1.816,9.984664866060312,0.736572,0.0166666603088378,0.3905
chr22,13860152,13862152,active,1.808,9.90831137157512,0.700555,0.6545455169677734,0.389
chr22,13864152,13866152,active,1.808,9.922717851750562,0.714141,0.6454546070098877,0.3865
chr22,13868152,13870152,active,1.804,9.925037378019187,0.708783,0.0,0.3885
chr22,13872152,13874152,active,1.796,9.912350482916985,0.709121,0.0,0.388
chr22,13876152,13878152,active,1.812,9.906862766833852,0.705023,1.033335422515869,0.388
chr22,13880152,13882152,active,1.796,9.89114624407595,0.693179,0.0,0.391
chr22,13884152,13886152,active,1.756,9.845865632949792,0.667429,0.7416681661605835,0.3895
chr22,13888152,13890152,active,1.764,9.890629339056776,0.684957,0.4750009603500366,0.392
chr22,13892152,13894152,active,1.776,9.869325191429896,0.689015,0.0,0.39
chr22,13896152,13898152,active,1.784,9.896319440140743,0.701214,1.8571409797668457,0.3895
chr22,13900152,13902152,active,1.8,9.907155712535166,0.688799,0.0,0.3895
chr22,13904152,13906152,active,1.748,9.834232567750842,0.662119,0.4461539716720581,0.388
chr22,13908152,13910152,active,1.776,9.840934954237676,0.681481,0.9769233517646788,0.3905
chr22,13912152,13914152,active,1.788,9.87059585455818,0.667754,0.36875,0.389
chr22,13916152,13918152,active,1.764,9.861088060029086,0.66906,1.9099986276626584,0.385
chr22,13920152,13922152,active,1.82,9.909065644342842,0.704135,1.550000129699707,0.3865
chr22,13924152,13926152,active,1.792,9.88853655346252,0.694217,0.0,0.3925
chr22,13928152,13930152,active,1.792,9.906548297237112,0.690877,0.0,0.3915
chr22,13932152,13934152,active,1.804,9.942498407412591,0.733072,1.01,0.3895
chr22,13936152,13938152,active,1.788,9.922322335447396,0.718771,0.0,0.393
chr22,13940152,13942152,active,1.836,9.984615319817514,0.701882,1.7375,0.391
chr22,13944152,13946152,active,1.824,9.932318549367588,0.72005,0.0,0.3945
chr22,13948152,13950152,active,1.8,9.89551551552712,0.706919,3.98332953453064,0.3945
chr22,13952152,13954152,active,1.792,9.87538979312396,0.687544,1.62,0.389
chr22,13956152,13958152,active,1.776,9.886521846209222,0.680623,0.0,0.39
chr22,13960152,13962152,active,1.776,9.860970907827094,0.663968,0.0,0.3875
chr22,13964152,13966152,active,1.82,9.948737997738167,0.70468,0.6090909671783448,0.386
chr22,13968152,13970152,active,1.816,9.933348178073484,0.701027,0.705554862499237,0.386
chr22,13972152,13974152,active,1.884,10.094667620262856,0.763225,1.933331434249878,0.384
chr22,13976152,13978152,active,1.864,9.989449296348276,0.721462,1.6,0.383
chr22,13980152,13982152,active,1.872,10.067178014033331,0.757754,0.0,0.388
chr22,13984152,13986152,active,1.916,10.103835702655813,0.765056,1.8275,0.394
chr22,13988152,13990152,active,1.872,10.078089844447886,0.763926,2.1500002050399782,0.39
chr22,13992152,13994152,active,1.784,9.864214944322327,0.693557,1.300000123977661,0.3935
chr22,13996152,13998152,active,1.792,9.858462969112248,0.688169,1.158181858062744,0.3925
chr22,14000152,14002152,active,1.812,9.987877126412302,0.718392,0.7166659626960754,0.3905
chr22,14004152,14006152,active,1.78,9.903869438947488,0.699406,0.79375,0.3915
chr22,14008152,14010152,active,1.796,9.861391289554668,0.666483,1.37,0.3915
chr22,14012152,14014152,active,1.764,9.8408209420261,0.673935,0.89,0.3885
chr22,14016152,14018152,active,1.796,9.882686658936358,0.679968,0.9555546169281006,0.391
chr22,14020152,14022152,active,1.768,9.863269522457207,0.684765,0.4395454549789429,0.388
chr22,14024152,14026152,active,1.788,9.889421563031611,0.676952,1.295832839012146,0.388
chr22,14028152,14030152,active,1.8,9.918031031017826,0.689092,0.4000001125335693,0.3895
chr22,14032152,14034152,active,1.828,9.946791826466743,0.696341,4.731001564979553,0.389
chr22,14036152,14038152,active,1.784,9.885065881303843,0.685489,2.2146053659915923,0.388
chr22,14040152,14042152,active,1.872,10.098940100862022,0.771682,2.07840874671936,0.3895
chr22,14044152,14046152,active,1.884,10.04821762640519,0.74894,0.0,0.392
chr22,14048152,14050152,active,1.848,9.99471721084094,0.732905,1.118661031246185,0.3915
chr22,14052152,14054152,active,1.852,9.959907115662988,0.712086,1.0501837491989137,0.3905
chr22,14056152,14058152,active,1.964,10.137927022472397,0.782961,0.7952393124103546,0.3875
chr22,14060152,14062152,active,1.808,9.94251312143234,0.72149,0.7945454692840577,0.393
chr22,14064152,14066152,active,1.788,9.899820181917285,0.692501,1.4886360359191897,0.392
chr22,14068152,14070152,active,1.82,9.903018076999423,0.701372,0.5958331060409546,0.388
chr22,14072152,14074152,active,1.928,10.102295851886742,0.759388,0.66875,0.385
chr22,14076152,14078152,active,1.804,9.933255824681822,0.69229,2.056248736381531,0.387
chr22,14080152,14082152,active,1.768,9.873736317142296,0.678107,1.0285703887939452,0.389
chr22,14084152,14086152,active,1.796,9.880930450611848,0.683037,0.0,0.3855
chr22,14088152,14090152,active,1.82,9.942753096407596,0.695803,0.7833325862884521,0.388
chr22,14092152,14094152,active,1.792,9.901638285468136,0.690502,2.48333270072937,0.389
chr22,14096152,14098152,active,1.796,9.9312926573088,0.69712,0.0,0.386
chrX,57821479,57823479,active,2.104,10.517449981963209,,1.7902568950653075,0.4055
chrX,57825479,57827479,active,2.108,10.484268281012252,,1.075000420331955,0.4085
chrX,57829479,57831479,active,2.132,10.509271135845005,,0.9153848729133606,0.4065
chrX,57833479,57835479,active,2.12,10.514512070288667,,2.5821567153930665,0.403
chrX,57837479,57839479,active,2.14,10.538815853191483,,0.8994508416652679,0.403
chrX,57841479,57843479,active,2.112,10.516669476327928,,1.812436205625534,0.405
chrX,57845479,57847479,active,2.124,10.529577224246632,,0.0,0.4045
chrX,57849479,57851479,active,2.14,10.487666252196924,,1.5064108920097352,0.407
chrX,57853479,57855479,active,2.14,10.553019201184672,,2.9507563362121583,0.4065
chrX,57857479,57859479,active,2.132,10.55215659761691,,2.763571019411087,0.4075
chrX,57861479,57863479,active,2.132,10.541056071811806,,1.5865386817455291,0.405
chrX,57865479,57867479,active,2.148,10.562414611240966,,0.0,0.404
chrX,57869479,57871479,active,2.128,10.555764728738303,,1.0181819152832032,0.402
chrX,57873479,57875479,active,2.12,10.529537263519762,,0.0,0.4065
chrX,57877479,57879479,active,2.112,10.477935815371572,,0.7252749481201172,0.407
chrX,57881479,57883479,active,2.132,10.53462555347908,,2.045161954879761,0.405
chrX,57885479,57887479,active,2.128,10.523587831822717,,0.9476194553375245,0.4055
chrX,57889479,57891479,active,2.104,10.536776646412497,,1.335252375125885,0.408
chrX,57893479,57895479,active,2.152,10.525390917309196,,1.2124995374679566,0.4045
chrX,57897479,57899479,active,2.124,10.53853368487278,,1.137878713607788,0.4085
chrX,57901479,57903479,active,2.112,10.478703921601715,,0.71,0.407
chrX,57905479,57907479,active,2.124,10.53006933141179,,0.575,0.4065
chrX,57909479,57911479,active,2.156,10.568217351377076,,1.16,0.407
chrX,57913479,57915479,active,2.144,10.5685173516494,,0.0,0.41
chrX,57917479,57919479,active,2.136,10.550865931772565,,0.9666686210632324,0.407
chrX,57921479,57923479,active,2.116,10.525876855220694,,2.22,0.408
chrX,57925479,57927479,active,2.124,10.532602522549968,,0.0,0.408
chrX,57929479,57931479,active,2.108,10.499805810931132,,0.6642850427627564,0.408
chrX,57933479,57935479,active,2.124,10.51454478217078,,0.0,0.405
chrX,57937479,57939479,active,2.124,10.519885286318072,,2.35,0.408
chrX,57941479,57943479,active,2.152,10.56608097246342,,0.0,0.4035
chrX,57945479,57947479,active,2.128,10.521250801250158,,0.7277770628929138,0.405
chrX,57949479,57951479,active,2.12,10.53276952658786,,1.3992423391342164,0.408
chrX,57953479,57955479,active,2.148,10.575295379110685,,3.204545340538025,0.4065
chrX,57957479,57959479,active,2.112,10.519362145431147,,4.658517261981964,0.4025
chrX,57961479,57963479,active,2.144,10.553873675350331,,3.120908341407776,0.407
chrX,57965479,57967479,active,2.16,10.515587010271853,,4.466110412597656,0.407
chrX,57969479,57971479,active,2.112,10.469015456073226,,1.515,0.411
chrX,57973479,57975479,active,2.124,10.50134775522456,,0.8722213654518127,0.404
chrX,57977479,57979479,active,2.124,10.511150366340564,,0.54375,0.4055
chrX,57981479,57983479,active,2.14,10.543380204660888,,0.8416683683395386,0.4075
chrX,57985479,57987479,active,2.116,10.537230038350572,,0.5857136936187745,0.407
chrX,57989479,57991479,active,2.14,10.530889000170976,,1.1979163031578064,0.406
chrX,57993479,57995479,active,2.116,10.491140008208186,,0.493333568572998,0.4065
chrX,57997479,57999479,active,2.116,10.511068849680806,,1.5662491588592529,0.4035
chrX,58001479,58003479,active,2.128,10.558598717751806,,0.9366335945129396,0.405
chrX,58005479,58007479,active,2.148,10.544713007710811,,0.7641815567016601,0.407
chrX,58009479,58011479,active,2.12,10.517352012225537,,1.8008552141189575,0.403
chrX,58013479,58015479,active,2.144,10.556257417176166,,0.7277084493637085,0.4035
chrX,58017479,58019479,active,2.14,10.530668617307768,,0.896875,0.4075
chrX,58021479,58023479,active,2.144,10.540678824882828,,1.6610616490840913,0.401
chrX,58025479,58027479,active,2.148,10.564436263294402,,0.3624998617172241,0.403
chrX,58029479,58031479,active,2.14,10.52191041077156,,0.0,0.406
chrX,58033479,58035479,active,2.14,10.523661136126009,,1.1545448303222656,0.4045
chrX,58037479,58039479,active,2.144,10.558394510738443,,1.0440909671783447,0.4025
chrX,58041479,58043479,active,2.14,10.56705226701366,,2.611108546257019,0.403
chrX,58045479,58047479,active,2.128,10.516288756998856,,1.435415913581848,0.405
chrX,58049479,58051479,active,2.164,10.552231363750284,,1.4571413841247558,0.4035
chrX,58053479,58055479,active,2.164,10.56728918590916,,0.9416685705184936,0.4065
chrX,58057479,58059479,active,2.132,10.530295944426468,,0.0,0.4055
chrX,58061479,58063479,active,2.148,10.54437927686312,,0.0,0.404
chrX,58065479,58067479,active,2.16,10.523241037342808,,1.885,0.407
chrX,58069479,58071479,active,2.104,10.511182197665336,,1.3005948963165284,0.4015
chrX,58073479,58075479,active,2.144,10.571661950860635,,0.85625,0.4035
chrX,58077479,58079479,active,2.112,10.526732708262063,,1.4,0.405
chrX,58081479,58083479,active,2.156,10.58515222755277,,0.7884617602825165,0.404
chrX,58085479,58087479,active,2.124,10.550589052150196,,0.7499996209144593,0.407
chrX,58089479,58091479,active,2.12,10.548110895941113,,1.047617988586426,0.405
chrX,58093479,58095479,active,2.104,10.518193588667684,,0.7157141485214233,0.4035
chrX,58097479,58099479,active,2.156,10.559888751901871,,1.642785648345947,0.4055
chrX,58101479,58103479,active,2.144,10.54410835016415,,0.5000002384185791,0.408
chrX,58105479,58107479,active,2.168,10.56668452836248,,1.3055542731285097,0.403
chrX,58109479,58111479,active,2.136,10.573492376578551,,0.0,0.404
chrX,58113479,58115479,active,2.124,10.513041696956607,,0.6277771611213684,0.4065
chrX,58117479,58119479,active,2.16,10.570863226272689,,2.4200757551193237,0.403
chrX,58121479,58123479,active,2.156,10.539618050179444,,0.8938097665309906,0.407
chrX,58125479,58127479,active,2.112,10.499663389373245,,1.1334555463790894,0.4055
chrX,58129479,58131479,active,2.148,10.587961634086238,,0.3421054148674011,0.4
chrX,58133479,58135479,active,2.152,10.56336945271329,,0.8730265865325928,0.4075
chrX,58137479,58139479,active,2.156,10.554926790604942,,2.815789569377899,0.406
chrX,58141479,58143479,active,2.112,10.52070575268027,,0.2113634347915649,0.405
chrX,58145479,58147479,active,2.164,10.581842440599914,,0.9300005979537964,0.4065
chrX,58149479,58151479,active,2.092,10.507509606291398,,0.0,0.407
chrX,58153479,58155479,active,2.152,10.55462221628494,,1.4659717092514035,0.405
chrX,58157479,58159479,active,2.12,10.53402546998009,,0.0,0.4055
chrX,58161479,58163479,active,2.14,10.517408508984696,,0.0,0.4085
chrX,58165479,58167479,active,2.128,10.521291476625665,,0.0,0.404
chrX,58169479,58171479,active,2.14,10.548157607194364,,2.03333456325531,0.4065
chrX,58173479,58175479,active,2.128,10.504226361966955,,2.1499978265762327,0.4085
chrX,58177479,58179479,active,2.124,10.509141694965006,,0.8666684188842774,0.404
chrX,58181479,58183479,active,2.136,10.514145793467534,,1.4430546660423278,0.405
chrX,58185479,58187479,active,2.108,10.495776368059518,,0.4137819495201111,0.406
chrX,58189479,58191479,active,2.128,10.510843615541834,,0.8897780907154084,0.4055
chrX,58193479,58195479,active,2.136,10.514966176875353,,0.0,0.4085
chrX,58197479,58199479,active,2.14,10.520276228573572,,1.0382356972694398,0.412
chrX,58201479,58203479,active,2.112,10.518019834103404,,1.7230759162902831,0.4045
chrX,58205479,58207479,active,2.14,10.512781076138472,,0.3461539435386658,0.408
chrX,58209479,58211479,active,2.14,10.539884042648303,,2.18738188290596,0.4045
chrX,58213479,58215479,active,2.096,10.48469185219556,,0.0,0.4035
chrX,58217479,58219479,active,2.116,10.50971719598399,,0.9772727775573732,0.4055
chrX,58221479,58223479,active,2.12,10.523291303950485,,2.0905863749980926,0.4045
chrX,58225479,58227479,active,2.132,10.54611035396767,,2.260952432155609,0.403
chrX,58229479,58231479,active,2.14,10.512206953995204,,0.8080420966148376,0.404
chrX,58233479,58235479,active,2.14,10.557674411682909,,1.0696977643966674,0.408
chrX,58237479,58239479,active,2.132,10.536543282871436,,3.245484641075134,0.405
chrX,58241479,58243479,active,2.136,10.517129535837988,,0.0,0.4065
chrX,58245479,58247479,active,2.148,10.541843909246214,,0.5681818723678589,0.4025
chrX,58249479,58251479,active,2.128,10.550456055915786,,0.0,0.4045
chrX,58253479,58255479,active,2.152,10.549903758501152,,2.474998281478882,0.4035
chrX,58257479,58259479,active,2.116,10.523537648169398,,0.6125,0.408
chrX,58261479,58263479,active,2.14,10.55271245038596,,0.0,0.405
chrX,58265479,58267479,active,2.136,10.538127004187992,,0.0,0.405
chrX,58269479,58271479,active,2.176,10.551659335131376,,4.387505509376526,0.404
chrX,58273479,58275479,active,2.144,10.536272356172477,,3.213890688419342,0.405
chrX,58277479,58279479,active,2.168,10.557465630621897,,2.4333333005905153,0.407
chrX,58281479,58283479,active,2.148,10.540099851463818,,0.3400001621246338,0.4035
chrX,58285479,58287479,active,2.148,10.533231679622324,,0.3250001270771027,0.4045
chrX,58289479,58291479,active,2.164,10.581017400190058,,0.4500001759529113,0.404
chrX,58293479,58295479,active,2.152,10.559778876317443,,2.0788462250232698,0.4025
chrX,58297479,58299479,active,2.172,10.613646310167963,,0.3916665172576904,0.403
chrX,58301479,58303479,active,2.144,10.532931679349982,,2.1522201867103576,0.4065
chrX,58305479,58307479,active,2.112,10.514875234892155,,0.0,0.4065
chrX,58309479,58311479,active,2.136,10.540057714258214,,2.1799982810020446,0.406
chrX,58313479,58315479,active,2.148,10.544570503198589,,3.1183373937606813,0.4065
chrX,58317479,58319479,active,2.14,10.544549476072971,,1.2000024261474609,0.4045
chrX,58321479,58323479,active,2.14,10.546335588106626,,0.0,0.4075
chrX,58325479,58327479,active,2.144,10.54545760629204,,1.21428448677063,0.4055
chrX,58329479,58331479,active,2.152,10.581523069305774,,1.46,0.4055
chrX,58333479,58335479,active,2.176,10.553028626508114,,0.0,0.405
chrX,58337479,58339479,active,2.108,10.529687814479717,,1.2330350427627563,0.4045
chrX,58341479,58343479,active,2.132,10.552080812790292,,0.935,0.4055
chrX,58345479,58347479,active,2.112,10.532465970961104,,1.8248696219921112,0.407
chrX,58349479,58351479,active,2.124,10.537831855191444,,0.4200002002716064,0.4035
chrX,58353479,58355479,active,2.12,10.538418958012585,,0.284375,0.4025
chrX,58357479,58359479,active,2.136,10.573695121761856,,0.7952790479660035,0.404
chrX,58361479,58363479,active,2.124,10.547186589872243,,0.9594775233268736,0.4075
chrX,58365479,58367479,active,2.132,10.540571512776069,,0.9932892770767212,0.402
chrX,58369479,58371479,active,2.148,10.57196057225724,,0.7286505484580994,0.405
chrX,58373479,58375479,active,2.136,10.571005730784917,,0.2875,0.4035
chrX,58377479,58379479,active,2.132,10.562852181795382,,0.4504168605804443,0.4045
chrX,58381479,58383479,active,2.12,10.52767994070718,,6.90192175245285,0.4055
chrX,58385479,58387479,active,2.14,10.52478625976254,,0.7615387251377106,0.4065
chrX,58389479,58391479,active,2.112,10.529516153439776,,3.303571341276169,0.402
chrX,58393479,58395479,active,2.148,10.52779328869169,,0.3233334875106811,0.406
chrX,58397479,58399479,active,2.14,10.538755446611685,,0.925,0.407
chrX,58401479,58403479,active,2.128,10.554971021334868,,0.9807695066928864,0.4035
chrX,58405479,58407479,active,2.128,10.508903397193798,,0.7377272987365723,0.4035
chrX,58409479,58411479,active,2.12,10.536087797409024,,2.540076992034912,0.407
chrX,58413479,58415479,active,2.136,10.5318262869177,,0.0,0.407
chrX,58417479,58419479,active,2.124,10.521304374349167,,1.0875,0.4085
chrX,58421479,58423479,active,2.14,10.502412472281309,,0.1357141485214233,0.404
chrX,58425479,58427479,active,2.156,10.5740651198461,,1.8048604617118835,0.4095
chrX,58429479,58431479,active,2.132,10.537648758258078,,1.0724356412887572,0.4035
chrX,58433479,58435479,active,2.132,10.550054309461128,,0.0,0.4055
chrX,58437479,58439479,active,2.112,10.49709090173529,,0.7886362600326539,0.4055
chrX,58441479,58443479,active,2.156,10.558833543122942,,0.6999993124008179,0.4095
chrX,58445479,58447479,active,2.12,10.510058890325055,,1.499443860530853,0.4045
chrX,58449479,58451479,active,2.112,10.5300460448531,,1.593333703994751,0.4075
chrX,58453479,58455479,active,2.14,10.5341118379156,,0.0,0.4095
chrX,58457479,58459479,active,2.096,10.476421482821424,,1.2777765226364135,0.4085
chrX,58461479,58463479,active,2.156,10.550732354265424,,1.172915569782257,0.4075
chrX,58465479,58467479,active,2.144,10.563019351741987,,1.8291659688949584,0.4065
chrX,58469479,58471479,active,2.108,10.502419139853336,,1.7299993896484376,0.4065
chrX,58473479,58475479,active,2.108,10.558528885848585,,1.417307531118393,0.407
chrX,58477479,58479479,active,2.188,10.570935898881698,,0.7153839755058289,0.405
chrX,58481479,58483479,active,2.16,10.589128811974,,0.3423077886104583,0.4085
chrX,58485479,58487479,active,2.148,10.541678284084025,,2.2503778886795045,0.4105
chrX,58489479,58491479,active,2.144,10.586653850936871,,1.2065938189029697,0.4065
chrX,58493479,58495479,active,2.192,10.599672466316775,,0.5583331203460693,0.4085
chrX,58497479,58499479,active,2.148,10.59009982929613,,0.8233323640823365,0.4115
chrX,58501479,58503479,active,2.028,10.183089983078313,,0.8300003571510315,0.4035
chrX,58505479,58507479,active,2.044,10.29564190999505,,1.1854752309322356,0.4055
chrX,58509479,58511479,active,2.144,10.562555736877478,,0.7985718026161194,0.4065
chrX,58513479,58515479,active,2.128,10.550910162502484,,0.7769232954978943,0.409
chrX,58517479,58519479,active,2.14,10.553878249398004,,0.9700004625320434,0.408
chrX,58521479,58523479,active,2.16,10.548856679124288,,0.3438096785545349,0.4085
chrX,58525479,58527479,active,2.12,10.554164554343815,,0.5749997806549072,0.406
chrX,58529479,58531479,active,2.116,10.539544081649115,,0.9363637256622316,0.4065
chrX,58533479,58535479,active,2.156,10.582744921940185,,1.9388635444641111,0.4085
chrX,58537479,58539479,active,2.124,10.52364148787613,,1.3977577297687531,0.4095
chrX,58541479,58543479,active,2.136,10.556457050141866,,2.1569038059711456,0.407
chrX,58545479,58547479,active,2.124,10.519384551432486,,0.8647054452896118,0.409
chrX,58549479,58551479,active,2.112,10.529859752747742,,2.6145809307098387,0.4055
chrX,58553479,58555479,active,2.112,10.51908664468451,,1.0363637351989743,0.4075
chrX,58557479,58559479,active,2.136,10.547287754781872,,1.4727274131774903,0.4075
chrX,58561479,58563479,active,2.116,10.5402306712195,,0.0,0.4085
chrX,58565479,58567479,active,2.124,10.545470309741798,,1.421427134513855,0.4055
chrX,58569479,58571479,active,2.112,10.517322938652187,,1.25,0.407
chrX,58573479,58575479,active,2.128,10.547564551449868,,1.694444155216217,0.4065
chrX,58577479,58579479,active,2.124,10.552838197775651,,3.824442534446716,0.4085
chrX,58581479,58583479,active,2.104,10.517117352763128,,1.655448171377182,0.4085
chrX,58585479,58587479,active,2.128,10.555429619014886,,3.1999998888969423,0.4095
chrX,58589479,58591479,active,2.144,10.553859315796748,,6.796998964309692,0.4085
chrX,58593479,58595479,active,2.12,10.54243767963936,,0.0,0.4085
chrX,58597479,58599479,active,2.136,10.558435269068337,,1.2693431582450867,0.408
chrX,58601479,58603479,active,2.132,10.552095609764448,,1.96363655090332,0.407
chrX,58605479,58607479,active,2.196,10.607648788341985,,1.15,0.4085
chrX,58609479,58611479,active,2.116,10.542589609475064,,1.339091005325317,0.4075
chrX,58613479,58615479,active,2.148,10.552136949367036,,1.410000005722046,0.4075
chrX,58617479,58619479,active,2.104,10.522471635191303,,0.0,0.4075
chrX,58621479,58623479,active,2.116,10.561513508776404,,2.3761458575725554,0.4045
chrX,58625479,58627479,active,2.124,10.564269259256482,,0.4454167509078979,0.4075
chrX,58629479,58631479,active,2.144,10.592869939329798,,0.6136364221572876,0.407
chrX,58633479,58635479,active,2.12,10.546055236084204,,0.5307693800926209,0.408
chrX,58637479,58639479,active,2.12,10.542895562670738,,2.019300817966461,0.405
chrX,58641479,58643479,active,2.116,10.53352473509449,,1.2300005650520325,0.407
chrX,58645479,58647479,active,2.112,10.53661181885332,,0.0,0.408
chrX,58649479,58651479,active,2.112,10.538785400742425,,1.116668924331665,0.407
chrX,58653479,58655479,active,2.152,10.580929653378837,,0.0,0.4055
chrX,58657479,58659479,active,2.136,10.562886272553234,,0.9178029012680052,0.41
chrX,58661479,58663479,active,2.128,10.580199110306578,,0.9713394339084626,0.41
chrX,58665479,58667479,active,2.116,10.57243303117248,,0.525,0.407
chrX,58669479,58671479,active,2.128,10.547350919113056,,0.2428568973541259,0.4115
chrX,58673479,58675479,active,2.124,10.602215963335786,,1.4073525972366332,0.407
chrX,58677479,58679479,active,2.132,10.518461042966589,,0.3895605585575104,0.408
chrX,58681479,58683479,active,2.14,10.580892533357718,,1.5313192045688628,0.4075
chrX,58685479,58687479,active,2.136,10.55373930024022,,1.4586362075805663,0.4075
chrX,58689479,58691479,active,2.128,10.54785650527445,,1.2954546689987183,0.408
chrX,58693479,58695479,active,2.136,10.56008700599185,,2.3410420274734496,0.4045
chrX,58697479,58699479,active,2.168,10.590482725103907,,2.0617769412994384,0.4095
chrX,58701479,58703479,active,2.14,10.579265213005511,,2.0073863677978516,0.407
chrX,58705479,58707479,active,2.152,10.59576086252301,,1.1882723066806793,0.405
chrX,58709479,58711479,active,2.148,10.614580839163304,,0.0,0.409
chrX,58713479,58715479,active,2.156,10.552455301967884,,0.0,0.4075
chrX,58717479,58719479,active,2.152,10.59261279091172,,2.701663988828659,0.41
chrX,58721479,58723479,active,2.14,10.545566103000787,,1.4714282155036926,0.4045
chrX,58725479,58727479,active,2.144,10.586666831614766,,1.9660262274742129,0.4095
chrX,58729479,58731479,active,2.136,10.573724361243928,,0.4000000381469726,0.4075
chrX,58733479,58735479,active,2.148,10.569115696090217,,0.4863636827468872,0.41
chrX,58737479,58739479,active,2.108,10.569096047840302,,0.0,0.407
chrX,58741479,58743479,active,2.116,10.543768389164974,,0.9730771968364716,0.4065
chrX,58745479,58747479,active,2.16,10.540242273021668,,2.9153845243453977,0.4085
chrX,58749479,58751479,active,2.14,10.526366785907127,,0.5821430847644806,0.4085
chrX,58753479,58755479,active,2.12,10.508739067952968,,0.6333330917358398,0.407
chrX,58757479,58759479,active,2.132,10.532632974999014,,3.4791661591529848,0.4075
chrX,58761479,58763479,active,2.136,10.550710446582451,,1.378570034980774,0.408
chrX,58765479,58767479,active,2.12,10.549052756735556,,0.9318182706832886,0.408
chrX,58769479,58771479,active,2.108,10.565888284297875,,0.6799983415603638,0.409
chrX,58773479,58775479,active,2.136,10.564103551139926,,0.9971199555397032,0.4075
chrX,58777479,58779479,active,2.128,10.52065556902692,,1.149999418735504,0.406
chrX,58781479,58783479,active,2.112,10.503057805203484,,0.6219738790988922,0.4055
chrX,58785479,58787479,active,2.136,10.527117420366087,,1.3379125089645385,0.4045
chrX,58789479,58791479,active,2.132,10.55145165571797,,1.192857276916504,0.4035
chrX,58793479,58795479,active,2.136,10.54245661324065,,0.503125,0.408
chrX,58797479,58799479,active,2.12,10.547986029108811,,1.29,0.406
chrX,58801479,58803479,active,2.14,10.600846976003655,,1.5140791387557984,0.4085
chrX,58805479,58807479,active,2.132,10.541613740877136,,1.6321129622459412,0.4095
chrX,58809479,58811479,active,2.168,10.628843879087642,,0.5599357042312622,0.408
chrX,58813479,58815479,active,2.176,10.594829805927734,,0.3107144072055817,0.4085
chrX,58817479,58819479,active,2.144,10.6073298544684,,0.0,0.406
chrX,58821479,58823479,active,2.14,10.594007960689838,,0.0,0.408
chrX,58825479,58827479,active,2.172,10.603059854392532,,1.6000031852722167,0.4065
chrX,58829479,58831479,active,2.136,10.554453750416974,,3.228338101387024,0.408
chrX,58833479,58835479,active,2.152,10.597801365223342,,0.69375,0.4065
chrX,58837479,58839479,active,2.12,10.558489008076076,,0.9335954966545104,0.408
chrX,58841479,58843479,active,2.124,10.56194432880442,,0.8954546308517456,0.4065
chrX,58845479,58847479,active,2.116,10.511784097460565,,1.0748253774642944,0.4035
chrX,58849479,58851479,active,2.172,10.626315539225237,,1.1109519839286803,0.408
chrX,58853479,58855479,active,2.128,10.564792400143402,,1.6116066601276398,0.4095
chrX,58857479,58859479,active,2.124,10.524582052749196,,0.8250003225803375,0.403
chrX,58861479,58863479,active,2.156,10.604838002932803,,1.4000005474090575,0.409
chrX,58865479,58867479,active,2.14,10.59171574211994,,0.4000000381469726,0.4085
chrX,58869479,58871479,active,2.148,10.5725638509282,,0.0357142496109008,0.405
chrX,58873479,58875479,active,2.156,10.589708887040652,,0.505,0.4105
chrX,58877479,58879479,active,2.144,10.556359878007177,,0.65625,0.41
chrX,58881479,58883479,active,2.14,10.61951510576261,,0.7555548133850097,0.4105
chrX,58885479,58887479,active,2.136,10.550466361796593,,1.274393725395203,0.4055
chrX,58889479,58891479,active,2.168,10.59771993151794,,0.0,0.4105
chrX,58893479,58895479,active,2.132,10.580994911234354,,0.811080890417099,0.411
chrX,58897479,58899479,active,2.156,10.598081800200095,,0.484375,0.4125
chrX,58901479,58903479,active,2.16,10.554320754182548,,1.4752929282188416,0.408
chrX,58905479,58907479,active,2.144,10.568073550943488,,2.070582581043243,0.4095
chrX,58909479,58911479,active,2.136,10.572925719610344,,1.605,0.4085
chrX,58913479,58915479,active,2.14,10.54695184745545,,0.895,0.4055
chrX,58917479,58919479,active,2.172,10.591871581776203,,0.0,0.4095
chrX,58921479,58923479,active,2.156,10.603518812255006,,0.0,0.412
chrX,58925479,58927479,active,2.152,10.551897272720106,,2.6348205909729003,0.412
chrX,58929479,58931479,active,2.148,10.60194779438822,,2.175227150917053,0.415
chrX,58933479,58935479,active,2.132,10.562570811079713,,4.299998617172241,0.4095
chrX,58937479,58939479,active,2.128,10.543982021501774,,2.2632574319839476,0.4075
chrX,58941479,58943479,active,2.1,10.436635287883243,,0.7166663932800293,0.4055
chrX,58945479,58947479,active,2.132,10.549154502917895,,0.961538102388382,0.407
chrX,58949479,58951479,active,2.148,10.546580553449855,,0.465384746313095,0.4075
chrX,58953479,58955479,active,2.136,10.490600691471435,,0.5333331298828125,0.4065
chrX,58957479,58959479,active,2.14,10.52734047802636,,2.3286364698410034,0.407
chrX,58961479,58963479,active,2.152,10.588418935844922,,1.37,0.4065
chrX,58965479,58967479,active,2.132,10.50728566807378,,1.4777763261795045,0.4045
chrX,58969479,58971479,active,2.128,10.551908874522274,,0.527272777557373,0.407
chrX,58973479,58975479,active,2.12,10.521558847970212,,1.3607149035930637,0.407
chrX,58977479,58979479,active,2.14,10.573936614704987,,0.4802382938861847,0.409
chrX,58981479,58983479,active,2.12,10.535933774048996,,1.0411110820770264,0.4095
chrX,58985479,58987479,active,1.952,10.060381401720736,,1.8759174389839173,0.404
chrX,58989479,58991479,active,2.16,10.58581582984916,,0.358823745727539,0.4105
chrX,58993479,58995479,active,2.14,10.579028377064406,,0.975,0.4095
chrX,58997479,58999479,active,2.1,10.501722244402147,,1.5,0.404
chrX,59001479,59003479,active,2.124,10.499696018301034,,1.1327087020874025,0.4065
chrX,59005479,59007479,active,2.112,10.4958918095684,,0.4366668748855591,0.4045
chrX,59009479,59011479,active,2.104,10.493745124773938,,2.239834326982498,0.4065
chrX,59013479,59015479,active,2.148,10.551993065979095,,0.0,0.406
chrX,59017479,59019479,active,2.136,10.551112990640137,,2.281942681789398,0.4085
chrX,59021479,59023479,active,2.12,10.54804919343999,,2.516664194583893,0.4065
chrX,59025479,59027479,active,2.084,10.34761308471566,,2.1281805515289305,0.41
chrX,59029479,59031479,active,2.1,10.494669513797175,,0.685,0.404
chrX,59033479,59035479,active,2.12,10.498840082305286,,0.0,0.4075
chrX,59037479,59039479,active,2.112,10.535033967505772,,2.406247776031494,0.407
chrX,59041479,59043479,active,2.132,10.542439058515086,,1.7625,0.4045
chrX,59045479,59047479,active,2.124,10.543915744952974,,3.23571101474762,0.4085
chrX,59049479,59051479,active,2.136,10.548395822011216,,0.7,0.4065
chrX,59053479,59055479,active,2.084,10.497901859819669,,1.0541207304000857,0.4075
chrX,59057479,59059479,active,2.144,10.55354104615026,,0.9164289658069612,0.411
chrX,59061479,59063479,active,2.132,10.527375283432823,,0.63104181599617,0.4055
chrX,59065479,59067479,active,2.124,10.533126461039885,,1.4558977174758911,0.4025
chrX,59069479,59071479,active,2.12,10.5103074110227,,0.9454546356201172,0.405
chrX,59073479,59075479,active,2.148,10.572998226310624,,0.0,0.4085
chrX,59077479,59079479,active,2.136,10.523139374114796,,3.483329911708832,0.4085
chrX,59081479,59083479,active,2.124,10.51152615143948,,2.4761101179122926,0.4075
chrX,59085479,59087479,active,2.144,10.528266162970931,,2.047915373325348,0.406
chrX,59089479,59091479,active,2.152,10.534656803531158,,2.1345456075668334,0.405
chrX,59093479,59095479,active,2.14,10.536460470290343,,2.1400000762939455,0.4065
chrX,59097479,59099479,active,2.116,10.51059936484727,,0.5124998044967651,0.4095
chrX,59101479,59103479,active,2.116,10.523002822525951,,1.906893280506134,0.4035
chrX,59105479,59107479,active,2.14,10.56396735973354,,0.0,0.406
chrX,59109479,59111479,active,2.112,10.52231890775261,,4.357370327472687,0.408
chrX,59113479,59115479,active,2.1,10.515695784208695,,1.9112643675804135,0.4075
chrX,59117479,59119479,active,2.12,10.525692296457242,,2.0190936131477355,0.4055
chrX,59121479,59123479,active,2.104,10.50716876473484,,1.328125,0.405
chrX,59125479,59127479,active,2.104,10.505408614056927,,2.319233709335327,0.4075
chrX,59129479,59131479,active,2.136,10.53645104496688,,0.8667279248237609,0.4095
chrX,59133479,59135479,active,2.132,10.531689735328865,,1.0218751430511477,0.407
chrX,59137479,59139479,active,2.124,10.49042417915572,,0.796410543680191,0.4025
chrX,59141479,59143479,active,2.124,10.516953821125316,,1.1249998025894166,0.406
chrX,59145479,59147479,active,2.116,10.52065628367559,,1.235293493270874,0.4045
chrX,59149479,59151479,active,2.156,10.567018259210194,,1.6859294271469116,0.405
chrX,59153479,59155479,active,2.144,10.51750749741565,,1.3136024446487429,0.408
chrX,59157479,59159479,active,2.136,10.53730196377816,,2.321499741077423,0.407
chrX,59161479,59163479,active,2.112,10.469585939907716,,1.3999910097122192,0.404
chrX,59165479,59167479,active,2.136,10.559842040648634,,3.1820257601737976,0.4075
chrX,59169479,59171479,active,2.12,10.52593051127407,,3.919293835401535,0.408
chrX,59173479,59175479,active,2.128,10.56271113911322,,4.186592269062996,0.403
chrX,59177479,59179479,active,2.136,10.524473556040464,,6.010829263210296,0.4075
chrX,59181479,59183479,active,2.12,10.522122747187009,,2.733817685961723,0.408
chrX,59185479,59187479,active,2.136,10.540970501479302,,3.695157153248787,0.407
chrX,59189479,59191479,active,2.14,10.5384996770693,,3.8023258278369902,0.408
chrX,59193479,59195479,active,2.148,10.547111823738868,,3.161370878458023,0.4085
chrX,59197479,59199479,active,2.124,10.504219030167873,,2.9711470937728883,0.4045
chrX,59201479,59203479,active,2.112,10.514134108711012,,1.704899510383606,0.405
chrX,59205479,59207479,active,2.116,10.529600344896592,,3.213672081708908,0.4065
chrX,59209479,59211479,active,2.136,10.559204754174177,,4.033939356803894,0.406
chrX,59213479,59215479,active,2.132,10.503306325901129,,3.946667458534241,0.4065
chrX,59217479,59219479,active,2.136,10.521054557730178,,0.0,0.409
chrX,59221479,59223479,active,2.112,10.464381189746245,,,0.405
chrX,59225479,59227479,active,2.132,10.53735570278587,,,0.4085
chrX,59229479,59231479,active,2.16,10.532544209494525,,,0.4095
chrX,59233479,59235479,active,2.128,10.543995002179631,,11.95,0.4005
chrX,59237479,59239479,active,2.152,10.542817020092738,,7.806727564811706,0.409
chrX,59241479,59243479,active,2.132,10.548036129807771,,3.909089510917663,0.4085
chrX,59245479,59247479,active,2.116,10.53981274891501,,3.978572603702545,0.4065
chrX,59249479,59251479,active,2.144,10.53675561928691,,4.581323862552643,0.4085
chrX,59253479,59255479,active,2.1,10.494330931673712,,7.171448610782623,0.4065
chrX,59257479,59259479,active,2.112,10.526071636910585,,2.6639842808246614,0.405
chrX,59261479,59263479,active,2.108,10.489994655049037,,5.37377742767334,0.405
chrX,59265479,59267479,active,2.14,10.543013180658331,,4.126605833411217,0.408
chrX,59269479,59271479,active,2.108,10.515950091921018,,4.551728063702583,0.406
chrX,59273479,59275479,active,2.124,10.532553717772345,,3.7446360578536986,0.4065
chrX,59277479,59279479,active,2.08,10.34948330525175,,3.73037001311779,0.407
chrX,59281479,59283479,active,2.112,10.510636567822724,,4.895650784134864,0.4055
chrX,59285479,59287479,active,2.116,10.54875413533894,,4.498469116687775,0.403
chrX,59289479,59291479,active,2.152,10.52341487486144,,3.8440162799358366,0.4085
chrX,59293479,59295479,active,2.116,10.52219751332036,,4.461080451965332,0.4065
chrX,59297479,59299479,active,2.14,10.534521630818023,,3.971768844604492,0.408
chrX,59301479,59303479,active,2.124,10.549354135883585,,4.2912289295196535,0.409
chrX,59305479,59307479,active,2.132,10.54699398466104,,4.61521888923645,0.409
chrX,59309479,59311479,active,2.108,10.496763838459596,,4.594077392101288,0.407
chrX,59313479,59315479,active,2.128,10.515630443398782,,3.164078295469284,0.409
chrX,59317479,59319479,active,2.12,10.553309776133531,,2.2411841201782225,0.4095
chrX,59321479,59323479,active,2.12,10.509448362809335,,0.9760239920616148,0.4075
chrX,59325479,59327479,active,2.124,10.541955795400677,,0.0,0.407
chrX,59329479,59331479,active,2.14,10.566209394650176,,0.5233335828781128,0.4055
chrX,59333479,59335479,active,2.164,10.595179989853388,,2.0590911054611207,0.4085
chrX,59337479,59339479,active,2.124,10.525709768228449,,2.6784081172943117,0.4085
chrX,59341479,59343479,active,2.136,10.5345610102722,,0.6458330869674682,0.4065
chrX,59345479,59347479,active,2.116,10.525262772350573,,0.3714287166595459,0.4085
chrX,59349479,59351479,active,2.112,10.534757170837796,,1.901204099178314,0.407
chrX,59353479,59355479,active,2.14,10.515332536650837,,0.0,0.409
chrX,59357479,59359479,active,2.12,10.532276838149992,,0.825,0.4095
chrX,59361479,59363479,active,2.128,10.536037696710062,,1.115,0.408
chrX,59365479,59367479,active,2.132,10.521975391399012,,0.0,0.407
chrX,59369479,59371479,active,2.128,10.53132199667769,,0.0,0.409
chrX,59373479,59375479,active,2.14,10.531506555441142,,1.8535709953308104,0.4065
chrX,59377479,59379479,active,2.14,10.529496588144236,,0.4916676607131958,0.409
chrX,59381479,59383479,active,2.088,10.479432067104993,,3.9446402721405023,0.409
chrX,59385479,59387479,active,2.128,10.532561764220072,,0.6999992923736572,0.4085
chrX,59389479,59391479,active,2.108,10.539732112812596,,3.5506923871040343,0.409
chrX,59393479,59395479,active,2.14,10.53698302990455,,1.5090910530090331,0.407
chrX,59397479,59399479,active,2.12,10.52226734522359,,0.0,0.407
chrX,59401479,59403479,active,2.12,10.5316722635577,,0.84230792927742,0.407
chrX,59405479,59407479,active,2.128,10.53443881823694,,0.4444448089599609,0.4075
chrX,59409479,59411479,active,2.124,10.51783527533997,,0.9054170656204223,0.4075
chrX,59413479,59415479,active,2.156,10.556351831559432,,1.5847030074596404,0.4065
chrX,59417479,59419479,active,2.1,10.527835342942913,,1.67287619304657,0.404
chrX,59421479,59423479,active,2.136,10.56146194624737,,1.934668143749237,0.404
chrX,59425479,59427479,active,2.124,10.55916132104725,,1.0441171193122865,0.4055
chrX,59429479,59431479,active,2.132,10.544082666036504,,2.226922334432602,0.407
chrX,59433479,59435479,active,2.124,10.52705555195624,,1.2365381798744202,0.4035
chrX,59437479,59439479,active,2.136,10.52859184737089,,0.8391025626659393,0.406
chrX,59441479,59443479,active,2.14,10.52552658834069,,0.3166668176651001,0.409
chrX,59445479,59447479,active,2.14,10.518986277377875,,0.9096151268482208,0.4065
chrX,59449479,59451479,active,2.124,10.530205085397611,,1.1690470547676086,0.409
chrX,59453479,59455479,active,2.104,10.48929558311911,,3.044229334831238,0.4075
chrX,59457479,59459479,active,2.132,10.537155986865844,,1.466987246990204,0.405
chrX,59461479,59463479,active,2.156,10.549841973045652,,0.5090909576416016,0.409
chrX,59465479,59467479,active,2.148,10.530767522784332,,0.9125,0.4075
chrX,59469479,59471479,active,2.144,10.565220545374368,,1.2339281454086304,0.4025
chrX,59473479,59475479,active,2.144,10.522810217314792,,0.9818176364898682,0.408
chrX,59477479,59479479,active,2.14,10.513374048928627,,1.8059089279174805,0.4075
chrX,59481479,59483479,active,2.084,10.50597105144368,,1.7101649613380432,0.4035
chrX,59485479,59487479,active,2.14,10.533486153243349,,0.0,0.4075
chrX,59489479,59491479,active,2.1,10.488230949016728,,2.6500005252361296,0.409
chrX,59493479,59495479,active,2.112,10.535496203494592,,1.7628676373958587,0.4075
chrX,59497479,59499479,active,2.132,10.532367780133198,,0.919998896598816,0.4075
chrX,59501479,59503479,active,2.12,10.53842838333602,,1.1983520317077636,0.4075
chrX,59505479,59507479,active,2.148,10.547892329374182,,0.4708331537246704,0.406
chrX,59509479,59511479,active,2.148,10.530265491977383,,0.4576924364566803,0.408
chrX,59513479,59515479,active,2.144,10.573408102167392,,1.9250011081695555,0.4085
chrX,59517479,59519479,active,2.128,10.540787321591568,,0.0,0.4065
chrX,59521479,59523479,active,2.128,10.52005446683469,,0.6288888015747071,0.407
chrX,59525479,59527479,active,2.116,10.553410143440182,,1.099998888015747,0.409
chrX,59529479,59531479,active,2.132,10.52498379920386,,0.81875,0.404
chrX,59533479,59535479,active,2.144,10.542643265528422,,0.503846295595169,0.407
chrX,59537479,59539479,active,2.144,10.54327699664844,,1.105,0.408
chrX,59541479,59543479,active,2.132,10.528470452938638,,2.020605088233948,0.4045
chrX,59545479,59547479,active,2.144,10.54364829065407,,1.1607147395610808,0.4095
chrX,59549479,59551479,active,2.14,10.57821000422658,,0.815,0.4065
chrX,59553479,59555479,active,2.104,10.49179236888486,,0.93125,0.4045
chrX,59557479,59559479,active,2.16,10.585478543647042,,1.7833369388580322,0.4045
chrX,59561479,59563479,active,2.128,10.542972422328464,,0.0,0.4055
chrX,59565479,59567479,active,2.12,10.53719950294714,,1.9857122783660888,0.4045
chrX,59569479,59571479,active,2.136,10.554836563270388,,0.4307693519592285,0.4085
chrX,59573479,59575479,active,2.12,10.517611337122345,,1.091666250228882,0.4075
chrX,59577479,59579479,active,2.128,10.511121209812844,,0.8928574919700623,0.4055
chrX,59581479,59583479,active,2.152,10.564557657726636,,0.0,0.4075
chrX,59585479,59587479,active,2.148,10.551923234075852,,0.8923079433441162,0.408
chrX,59589479,59591479,active,2.12,10.530983414554214,,0.0,0.4085
chrX,59593479,59595479,active,2.152,10.556235288402942,,3.1819416995048524,0.4065
chrX,59597479,59599479,active,2.124,10.519244223398957,,1.114284587860107,0.407
chrX,59601479,59603479,active,2.144,10.560208400424097,,1.6666650295257568,0.4055
chrX,59605479,59607479,active,2.148,10.57041614744047,,2.1404547023773195,0.406
chrX,59609479,59611479,active,2.14,10.55868153033289,,0.3541665315628052,0.409
chrX,59613479,59615479,active,2.104,10.49137546527359,,1.634640024662018,0.408
chrX,59617479,59619479,active,2.152,10.571379118314884,,1.4763067784309387,0.4075
chrX,59621479,59623479,active,2.14,10.55224158667674,,2.462865676641464,0.406
chrX,59625479,59627479,active,2.124,10.484703536952086,,0.7331579005718232,0.4065
chrX,59629479,59631479,active,2.16,10.580646106184444,,0.6189704484939575,0.4075
chrX,59633479,59635479,active,2.136,10.519119273612295,,0.3368422546386719,0.406
chrX,59637479,59639479,active,2.132,10.54712698089546,,3.1071440720558168,0.407
chrX,59641479,59643479,active,2.132,10.537013565307989,,1.908974719285965,0.4085
chrX,59645479,59647479,active,2.128,10.513344892400896,,0.0,0.4065
chrX,59649479,59651479,active,2.124,10.515788022113243,,1.4323718857765195,0.4075
chrX,59653479,59655479,active,2.148,10.565645578387723,,0.0,0.408
chrX,59657479,59659479,active,2.128,10.53772206256135,,0.7534318423271179,0.4065
chrX,59661479,59663479,active,2.128,10.529758006565396,,0.0,0.408
chrX,59665479,59667479,active,2.148,10.554019569308275,,1.00357182097435,0.406
chrX,59669479,59671479,active,2.14,10.544218940397244,,5.093027798652649,0.407
chrX,59673479,59675479,active,2.128,10.547768758463206,,1.7071683416366576,0.405
chrX,59677479,59679479,active,2.14,10.528314967748535,,0.9194451985359192,0.408
chrX,59681479,59683479,active,2.104,10.486053811773193,,2.4017016551494597,0.4065
chrX,59685479,59687479,active,2.104,10.506327271247038,,0.681993036031723,0.407
chrX,59689479,59691479,active,2.12,10.503162442513212,,0.0,0.404
chrX,59693479,59695479,active,2.104,10.5254867105682,,1.7579550275802611,0.4035
chrX,59697479,59699479,active,2.124,10.4754119666025,,1.120454249382019,0.4035
chrX,59701479,59703479,active,2.108,10.529616520746448,,0.0,0.4065
chrX,59705479,59707479,active,2.128,10.537648675303725,,2.092221070766449,0.406
chrX,59709479,59711479,active,2.112,10.497202787889732,,0.4416666889190674,0.4045
chrX,59713479,59715479,active,2.108,10.507561883469071,,0.4208331727981567,0.406
chrX,59717479,59719479,active,2.108,10.501827462984544,,0.9560898938179015,0.4085
chrX,59721479,59723479,active,2.14,10.544244901752988,,0.9821967792510986,0.405
chrX,59725479,59727479,active,2.144,10.545430930287642,,0.8477771120071411,0.408
chrX,59729479,59731479,active,2.132,10.52914987661866,,0.0,0.405
chrX,59733479,59735479,active,2.132,10.537373257511428,,1.45625,0.4065
chrX,59737479,59739479,active,2.132,10.524717723780672,,5.491066041946411,0.407
chrX,59741479,59743479,active,2.148,10.55752248184724,,3.3793616938591,0.4065
chrX,59745479,59747479,active,2.132,10.52196872382697,,3.56666316318512,0.404
chrX,59749479,59751479,active,2.152,10.563643491629843,,1.1090904426574708,0.4085
chrX,59753479,59755479,active,2.116,10.527342654505034,,1.2458331785202026,0.4065
chrX,59757479,59759479,active,2.116,10.536630669500196,,0.8791665458679199,0.409
chrX,59761479,59763479,active,2.124,10.533351695178853,,2.0666646366119386,0.408
chrX,59765479,59767479,active,2.124,10.554487758220471,,1.5076384086608887,0.405
chrX,59769479,59771479,active,2.128,10.537538085070628,,0.0,0.4055
chrX,59773479,59775479,active,1.804,9.842760484714669,,1.935,0.4085
chrX,59777479,59779479,active,2.116,10.528081687161835,,0.0,0.4035
chrX,59781479,59783479,active,2.136,10.552088942192396,,1.1875,0.4085
chrX,59785479,59787479,active,2.14,10.557081355938404,,1.589011583328247,0.41
chrX,59789479,59791479,active,2.12,10.51437907405422,,1.2666653881072998,0.405
chrX,59793479,59795479,active,2.124,10.529548865321903,,0.0,0.411
chrX,59797479,59799479,active,2.136,10.5400998514638,,1.4401779432296753,0.408
chrX,59801479,59803479,active,2.132,10.558764425868368,,1.69,0.4065
chrX,59805479,59807479,active,2.16,10.55805592861499,,0.999999017715454,0.4065
chrX,59809479,59811479,active,2.148,10.569438185318212,,0.6958793280124664,0.4085
chrX,59813479,59815479,active,2.136,10.51870730423118,,1.9465065159797668,0.4055
chrX,59817479,59819479,active,2.112,10.529529217072012,,2.257032834768295,0.407
chrX,59821479,59823479,active,2.144,10.586517659530497,,2.966360224246978,0.405
chrX,59825479,59827479,active,2.116,10.517309957974318,,1.6783332569599152,0.409
chrX,59829479,59831479,active,2.176,10.588093334399304,,0.7125001921653747,0.4055
chrX,59833479,59835479,active,2.136,10.52302610908464,,0.5749998760223388,0.409
chrX,59837479,59839479,active,2.128,10.52702647838289,,0.0,0.4065
chrX,59841479,59843479,active,2.12,10.52213434898917,,1.112499837875366,0.408
chrX,59845479,59847479,active,2.124,10.513908791617698,,0.3357144169807434,0.409
chrX,59849479,59851479,active,2.128,10.553357866262507,,0.969231041908264,0.407
chrX,59853479,59855479,active,2.128,10.506372963807047,,1.83041446685791,0.4085
chrX,59857479,59859479,active,2.14,10.5165221205399,,0.2895423741340637,0.409
chrX,59861479,59863479,active,2.124,10.532667863359851,,2.768748776435852,0.4085
chrX,59865479,59867479,active,2.12,10.524431501789214,,1.7678801064491272,0.4075
chrX,59869479,59871479,active,2.12,10.486467242984393,,0.9902570719718932,0.4065
chrX,59873479,59875479,active,2.136,10.545629267331972,,1.3791667461395265,0.408
chrX,59877479,59879479,active,2.164,10.546911089125595,,2.7282963478565216,0.407
chrX,59881479,59883479,active,2.1,10.521438832413676,,0.8771978211402893,0.407
chrX,59885479,59887479,active,2.148,10.54251839869613,,0.8306072537899017,0.4085
chrX,59889479,59891479,active,2.124,10.518606936924522,,0.7675443255901336,0.4065
chrX,59893479,59895479,active,2.132,10.536491803296766,,0.9357146515846252,0.4065
chrX,59897479,59899479,active,2.14,10.520020376076856,,2.271875,0.4085
chrX,59901479,59903479,active,2.132,10.538828833869337,,2.386262589931488,0.407
chrX,59905479,59907479,active,2.128,10.537392905761326,,1.180769562959671,0.4095
chrX,59909479,59911479,active,2.128,10.514028890128593,,0.8172617282867431,0.4095
chrX,59913479,59915479,active,2.136,10.509220952191678,,1.084911093235016,0.4065
chrX,59917479,59919479,active,2.104,10.492886159514963,,1.5432689554691317,0.4045
chrX,59921479,59923479,active,2.124,10.53160243165446,,0.0,0.4055
chrX,59925479,59927479,active,2.1,10.4810627769029,,0.0,0.4075
chrX,59929479,59931479,active,2.096,10.49963293692419,,0.1500003032684326,0.4065
chrX,59933479,59935479,active,2.168,10.582536140879128,,2.1,0.408
chrX,59937479,59939479,active,2.124,10.529916603973094,,0.0,0.4065
chrX,59941479,59943479,active,2.116,10.511352396875187,,0.3857138957977294,0.4045
chrX,59945479,59947479,active,2.124,10.525323178930366,,0.0,0.408
chrX,59949479,59951479,active,2.12,10.50902826402616,,0.0,0.4045
chrX,59953479,59955479,active,2.08,10.457764019125744,,0.529166464805603,0.403
chrX,59957479,59959479,active,2.14,10.55183099617133,,0.4000001125335693,0.407
chrX,59961479,59963479,active,2.144,10.514820199963085,,0.7022322866916656,0.4065
chrX,59965479,59967479,active,2.124,10.542091632340863,,1.8294108400344848,0.4055
chrX,59969479,59971479,active,2.148,10.565601264703425,,0.4755679433345794,0.4085
chrX,59973479,59975479,active,2.124,10.520226044920266,,1.216666088104248,0.409
chrX,59977479,59979479,active,2.14,10.547525969598706,,1.20686851644516,0.4075
chrX,59981479,59983479,active,2.144,10.519315434177892,,0.2545454788208008,0.4075
chrX,59985479,59987479,active,2.14,10.537248307724749,,0.0,0.407
chrX,59989479,59991479,active,2.124,10.534870518822313,,0.0,0.4095
chrX,59993479,59995479,active,2.132,10.519178882589053,,1.9576838755607604,0.4075
chrX,59997479,59999479,active,2.112,10.511283362574964,,1.831374341726303,0.4095
chrX,60001479,60003479,active,2.1,10.51743628663669,,2.2447810451984407,0.4055
chrX,60005479,60007479,active,2.124,10.53987453437047,,2.436665144920349,0.407
chrX,60009479,60011479,active,2.132,10.57043863639614,,2.1759161353111267,0.4085
chrX,60013479,60015479,active,2.136,10.52030747862565,,0.5088461880683899,0.407
chrX,60017479,60019479,active,2.128,10.5421622618471,,0.9363637256622316,0.4075
chrX,60021479,60023479,active,2.144,10.538660368001388,,0.0,0.4035
chrX,60025479,60027479,active,2.148,10.570404628592682,,2.6437488212585447,0.405
chrX,60029479,60031479,active,2.188,10.567785069518996,,1.6277761788368226,0.411
chrX,60033479,60035479,active,2.116,10.548640787354437,,2.895454821586609,0.406
chrX,60037479,60039479,active,2.124,10.54852077179788,,0.9785714607238768,0.408
chrX,60041479,60043479,active,2.108,10.5193432118299,,0.4428573160171509,0.4095
chrX,60045479,60047479,active,2.092,10.483727585399787,,0.6000002346038819,0.408
chrX,60049479,60051479,active,2.164,10.56377794969434,,0.9742860960960388,0.4065
chrX,60053479,60055479,active,2.144,10.553532916748148,,2.525273854494095,0.4085
chrX,60057479,60059479,active,2.124,10.520285653897028,,0.6911363554000854,0.403
chrX,60061479,60063479,active,2.14,10.58615311605128,,0.4500001266002655,0.406
chrX,60065479,60067479,active,2.14,10.548724978811236,,0.97045454120636,0.4095
chrX,60069479,60071479,active,2.116,10.530041553759768,,0.7733331532478332,0.4055
chrX,60073479,60075479,active,2.104,10.518114248486656,,0.0,0.4055
chrX,60077479,60079479,active,2.132,10.52689210327276,,0.625,0.41
chrX,60081479,60083479,active,2.12,10.528684965832785,,0.0,0.409
chrX,60085479,60087479,active,2.144,10.524615977598303,,0.0,0.4105
chrX,60089479,60091479,active,2.104,10.505572145694773,,2.590002628326416,0.407
chrX,60093479,60095479,active,2.116,10.519877954519002,,7.50834851360321,0.406
chrX,60097479,60099479,active,2.172,10.55859067130408,,1.0500021228790284,0.407
chrX,60101479,60103479,active,2.14,10.567768893669156,,1.05,0.407
chrX,60105479,60107479,active,2.164,10.560741847191856,,1.8520820727348328,0.4045
chrX,60109479,60111479,active,2.108,10.494815490709472,,0.7701381630897522,0.407
chrX,60113479,60115479,active,2.116,10.542223249699564,,1.6463637351989746,0.404
chrX,60117479,60119479,active,2.164,10.583289970510066,,0.0,0.411
chrX,60121479,60123479,active,2.128,10.545259352202065,,0.0,0.4045
chrX,60125479,60127479,active,2.172,10.610670614245237,,1.245,0.4105
chrX,60129479,60131479,active,2.116,10.500547020066628,,1.957140878677368,0.4075
chrX,60133479,60135479,active,2.164,10.57373102881594,,1.3871964874267575,0.4055
chrX,60137479,60139479,active,2.132,10.521456304184865,,0.0,0.4075
chrX,60141479,60143479,active,2.132,10.55042560346672,,1.0148690958023072,0.4055
chrX,60145479,60147479,active,2.12,10.509723863555994,,1.2458336114883424,0.4075
chrX,60149479,60151479,active,2.12,10.523119642910522,,0.0,0.4085
chrX,60153479,60155479,active,2.132,10.52281021731476,,1.6409087467193604,0.4085
chrX,60157479,60159479,active,2.124,10.522931528792652,,1.87,0.4065
chrX,60161479,60163479,active,2.112,10.49853696981538,,0.8166658644676208,0.406
chrX,60165479,60167479,active,2.164,10.561676957459902,,0.0,0.4065
chrX,60169479,60171479,active,2.152,10.548528818245629,,2.603334310531616,0.4085
chrX,60173479,60175479,active,2.088,10.499265198273037,,3.95,0.4065
chrX,60177479,60179479,active,2.128,10.541476170595049,,0.0,0.4065
chrX,60181479,60183479,active,2.136,10.491604254766983,,0.0,0.4065
chrX,60185479,60187479,active,2.156,10.5452463715242,,0.0,0.4035
chrX,60189479,60191479,active,2.12,10.476496248954785,,1.908335473060608,0.4105
chrX,60193479,60195479,active,2.184,10.584244811982373,,0.0,0.4095
chrX,60197479,60199479,active,2.152,10.551492414047823,,0.61666606092453,0.411
chrX,60201479,60203479,active,2.124,10.542928274552878,,1.085,0.406
chrX,60205479,60207479,active,2.128,10.501363931074392,,0.0,0.405
chrX,60209479,60211479,active,2.112,10.502187952791,,0.7472219548225403,0.405
chrX,60213479,60215479,active,2.116,10.490120983711426,,1.0363637351989743,0.405
chrX,60217479,60219479,active,2.128,10.506893346942556,,2.095,0.408
chrX,60221479,60223479,active,2.112,10.517240043116718,,1.6277761788368226,0.4025
chrX,60225479,60227479,active,2.12,10.520082244486671,,3.603055157184601,0.4045
chrX,60229479,60231479,active,2.14,10.515899991222035,,0.0,0.406
chrX,60233479,60235479,active,2.116,10.49348130878382,,1.3583344774246215,0.4045
chrX,60237479,60239479,active,2.144,10.5456162866541,,0.0,0.4055
chrX,60241479,60243479,active,2.132,10.523106745187023,,1.2518182516098022,0.406
chrX,60245479,60247479,active,1.912,10.04289588423421,,1.5166651768684387,0.405
chrX,60249479,60251479,active,2.16,10.578537150456611,,2.3012110137939454,0.407
chrX,60253479,60255479,active,2.136,10.556455671266146,,0.0,0.4075
chrX,60257479,60259479,active,2.104,10.4980558831797,,0.3035715472698211,0.406
chrX,60261479,60263479,active,2.104,10.38066063164676,,0.6466669750213623,0.4085
chrX,60265479,60267479,active,2.136,10.531197046891029,,0.5533335971832275,0.408
chrX,60269479,60271479,active,2.092,10.493298128896091,,1.86890918302536,0.406
chrX,60273479,60275479,active,2.144,10.54149728067502,,0.0,0.406
chrX,60277479,60279479,active,2.128,10.507192051293526,,0.8964289219379425,0.407
chrX,60281479,60283479,active,2.148,10.539333124109364,,1.3279171180725098,0.406
chrX,60285479,60287479,active,2.112,10.387399556881991,,1.0797623770236968,0.4125
chrX,60289479,60291479,active,2.1,10.356871860228756,,2.4243602602481844,0.4115
chrX,60293479,60295479,active,2.08,10.38185040980957,,1.6,0.41
chrX,60297479,60299479,active,2.092,10.37313544212656,,0.8416683683395386,0.409
chrX,60301479,60303479,active,2.144,10.53420052046572,,1.3375,0.4085
chrX,60305479,60307479,active,2.116,10.480629697441811,,1.8,0.4015
chrX,60309479,60311479,active,2.152,10.5324309444644,,0.0,0.4045
chrX,60313479,60315479,active,2.144,10.542005979054002,,0.9888879175186156,0.405
chrX,60317479,60319479,active,2.104,10.500712645228838,,0.5142851943969726,0.4025
chrX,60321479,60323479,active,2.092,10.341833686319797,,2.311108840942383,0.411
chrX,60325479,60327479,active,2.148,10.53462866569672,,2.4833308939933776,0.405
chrX,60329479,60331479,active,2.144,10.499099490156468,,0.4428569984436035,0.4025
chrX,60333479,60335479,active,2.136,10.514473488437512,,1.8025,0.406
chrX,60337479,60339479,active,2.132,10.49780598360635,,0.6571421928405762,0.405
chrX,60341479,60343479,active,2.096,10.487893662814608,,2.0045450258255006,0.406
chrX,60345479,60347479,active,2.136,10.514073120858557,,2.2749991321563723,0.4065
chrX,60349479,60351479,active,2.116,10.501192352988827,,0.9981058835983276,0.409
chrX,60353479,60355479,active,2.144,10.558691038610712,,0.5681818723678589,0.4035
chrX,60357479,60359479,active,2.12,10.516317913526564,,1.7055538802146912,0.4065
chrX,60361479,60363479,active,2.116,10.491493664533886,,0.0,0.408
chrX,60365479,60367479,active,2.128,10.504461819032372,,0.0,0.404
chrX,60369479,60371479,active,2.124,10.515876787617724,,2.70714204120636,0.4075
chrX,60373479,60375479,active,2.12,10.52434998512949,,2.17,0.408
chrX,60377479,60379479,active,2.124,10.54051986729267,,0.9214276399612428,0.4055
chrX,60381479,60383479,active,2.104,10.51899570270132,,0.3944440569877624,0.406
chrX,60385479,60387479,active,2.1,10.5266130471717,,0.0,0.41
chrX,60389479,60391479,active,2.136,10.52864420750292,,0.975,0.4055
chrX,60393479,60395479,active,2.152,10.541659350482764,,0.0,0.4075
chrX,60397479,60399479,active,2.124,10.484803821304336,,0.525,0.408
chrX,60401479,60403479,active,2.12,10.50212123310538,,1.972915078639984,0.4025
chrX,60405479,60407479,active,2.152,10.503847736162273,,1.1289773178100586,0.4075
chrX,60409479,60411479,active,2.128,10.505734215502564,,2.5414290490150453,0.406
chrX,60413479,60415479,active,2.096,10.499482385964257,,0.990909185409546,0.406
chrX,60417479,60419479,active,2.128,10.561258674972942,,0.974167008638382,0.406
chrX,60421479,60423479,active,2.096,10.497655515600732,,0.250000205039978,0.407
chrX,60425479,60427479,active,2.128,10.537802781618105,,1.3115381395816803,0.4065
chrX,60429479,60431479,active,2.156,10.564662876309065,,1.4753784656524658,0.4095
chrX,60433479,60435479,active,2.1,10.491080316277053,,0.615,0.4065
chrX,60437479,60439479,active,2.124,10.511304389700584,,0.0,0.405
chrX,60441479,60443479,active,2.136,10.541954499479315,,1.224999532699585,0.409
chrX,60445479,60447479,active,2.128,10.52695171224954,,0.4636364078521728,0.4075
chrX,60449479,60451479,active,2.124,10.514781618111911,,0.9832420861721038,0.407
chrX,60453479,60455479,active,2.148,10.50226858889338,,0.9686813542842864,0.408
chrX,60457479,60459479,active,2.124,10.515825225088692,,1.1150733480453492,0.408
chrX,60461479,60463479,active,2.12,10.496740551900906,,0.8606252241134643,0.4075
chrX,60465479,60467479,active,2.124,10.503077453453384,,0.0,0.4065
chrX,60469479,60471479,active,2.14,10.49389923108831,,0.993406937122345,0.4085
chrX,60473479,60475479,active,2.116,10.506117111310308,,0.4636364078521728,0.407
chrX,60477479,60479479,active,2.124,10.493604879694804,,0.6409091520309448,0.4045
chrX,60481479,60483479,active,2.124,10.50077087532991,,0.0,0.405
chrX,60485479,60487479,active,2.12,10.482886091912022,,0.6333330917358398,0.4075
chrX,60489479,60491479,active,2.148,10.526868899668468,,0.3541665315628052,0.4075
chrX,60493479,60495479,active,2.108,10.497684589174089,,1.1000014028549194,0.405
chrX,60497479,60499479,active,2.104,10.50997158665064,,0.8778846220970153,0.405
chrX,60501479,60503479,active,2.152,10.533873540144429,,0.0,0.4075
chrX,60505479,60507479,active,2.12,10.526267797476198,,1.5454537391662595,0.4095
chrX,60509479,60511479,active,2.148,10.565420261294406,,0.0,0.407
chrX,60513479,60515479,active,2.152,10.532993547759828,,1.9357123289108276,0.408
chrX,60517479,60519479,active,2.124,10.517885458993272,,2.5944418959617614,0.4055
chrX,60521479,60523479,active,2.128,10.509920024121612,,1.715,0.408
chrX,60525479,60527479,active,2.116,10.498115492156456,,0.0,0.4075
chrX,60529479,60531479,active,2.128,10.533719516784386,,0.5181818675994873,0.408
chrX,60533479,60535479,active,2.112,10.503119590658963,,0.9888879175186156,0.4065
chrX,60537479,60539479,active,2.124,10.531158465039844,,0.3,0.4085
chrX,60541479,60543479,active,2.148,10.521104741383494,,0.8277769646644593,0.407
chrX,60545479,60547479,active,2.116,10.482822927580797,,0.9857132892608642,0.4075
chrX,60549479,60551479,active,2.132,10.501448920134209,,1.5866688232421875,0.407
chrX,60553479,60555479,active,2.152,10.537216393445636,,0.0,0.4045
chrX,60557479,60559479,active,2.136,10.520461584940056,,1.51666522026062,0.406
chrX,60561479,60563479,active,2.148,10.5327551670343,,0.6636364269256592,0.408
chrX,60565479,60567479,active,2.132,10.522367712530244,,0.4807693660259247,0.404
chrX,60569479,60571479,active,2.124,10.517777045238896,,1.4374999923706056,0.406
chrX,60573479,60575479,active,2.128,10.511878511843836,,0.6714288339614868,0.407
chrX,60577479,60579479,active,2.112,10.495048854250532,,1.4336536612510682,0.4075
chrX,60581479,60583479,active,2.156,10.534027646458815,,1.6766663932800292,0.406
chrX,60585479,60587479,active,2.152,10.533946129799062,,4.08347033405304,0.4075
chrX,60589479,60591479,active,2.136,10.519003832103412,,1.0642848405838012,0.4045
chrX,60593479,60595479,active,2.448,10.95754769030528,,0.42,0.4755
chrX,60597479,60599479,active,2.416,10.899207788423688,,3.0303550271987914,0.391
chrX,60601479,60603479,active,2.156,10.521057315481606,,1.2357130365371705,0.408
chrX,60605479,60607479,active,2.108,10.501233111318683,,1.1863637018203734,0.405
chrX,60609479,60611479,active,2.14,10.53749327306796,,1.4363628578186036,0.408
chrX,60613479,60615479,active,2.128,10.494165223557149,,0.4374998331069946,0.4065
chrX,60617479,60619479,active,2.136,10.507519031614825,,1.7940474650859832,0.408
chrX,60621479,60623479,active,2.124,10.489611759241264,,0.917857501745224,0.4075
chrX,60625479,60627479,active,2.132,10.51250419651612,,0.0,0.407
chrX,60629479,60631479,active,2.132,10.533063296708717,,0.7714277915954589,0.407
chrX,60633479,60635479,active,2.12,10.50513986383671,,0.8,0.4055
chrX,60637479,60639479,active,2.14,10.555572040572777,,0.7499992632865906,0.407
chrX,60641479,60643479,active,2.136,10.499415666278644,,1.3277764735221862,0.4055
chrX,60645479,60647479,active,2.156,10.510401110757318,,0.89375,0.4065
chrX,60649479,60651479,active,2.116,10.498359078623968,,0.94,0.4075
chrX,60653479,60655479,active,2.12,10.52385244541585,,2.2490397787094114,0.406
chrX,60657479,60659479,active,2.14,10.546846628873045,,2.31875,0.4045
chrX,60661479,60663479,active,2.136,10.544361361955112,,0.6611104617118836,0.4065
chrX,60665479,60667479,active,2.128,10.53358652054997,,0.9848207931518554,0.4055
chrX,60669479,60671479,active,2.116,10.513897987418542,,0.0,0.4085
chrX,60673479,60675479,active,2.132,10.490554998911422,,0.0,0.407
chrX,60677479,60679479,active,2.112,10.505828712840158,,0.0,0.406
chrX,60681479,60683479,active,2.136,10.494340356997144,,1.71136323928833,0.4065
chrX,60685479,60687479,active,2.144,10.509177436110376,,1.717727293968201,0.405
chrX,60689479,60691479,active,2.132,10.493899231088312,,0.4727273178100586,0.408
chrX,60693479,60695479,active,2.132,10.502993261996586,,1.2322213654518128,0.4075
chrX,60697479,60699479,active,2.12,10.496504430608445,,1.3844435167312623,0.407
chrX,60701479,60703479,active,2.116,10.519659387952071,,0.475,0.4055
chrX,60705479,60707479,active,2.14,10.506421768584683,,0.0,0.406
chrX,60709479,60711479,active,2.128,10.535696855153544,,0.2874998903274536,0.407
chrX,60713479,60715479,active,2.132,10.501192352988832,,0.0,0.403
chrX,60717479,60719479,active,2.112,10.502894356520022,,0.5817306926250457,0.4045
chrX,60721479,60723479,active,2.128,10.510740490483792,,2.584026375293732,0.407
chrX,60725479,60727479,active,2.1,10.477424774605144,,1.4127273273468015,0.4065
chrX,60729479,60731479,active,2.148,10.535853137946624,,2.296911123752594,0.407
chrX,60733479,60735479,active,2.132,10.525455377561755,,0.0,0.409
chrX,60737479,60739479,active,2.144,10.528561394921828,,0.7145834684371948,0.403
chrX,60741479,60743479,active,2.124,10.516134733638822,,0.4444448089599609,0.4075
chrX,60745479,60747479,active,2.14,10.525551170820728,,0.7777784156799317,0.409
chrX,60749479,60751479,active,2.116,10.524453907790544,,1.324182195186615,0.4025
chrX,60753479,60755479,active,2.112,10.515771486080943,,2.3023895988464353,0.406
chrX,60757479,60759479,active,2.128,10.530245677818764,,1.6678577950000764,0.4065
chrX,60761479,60763479,active,2.132,10.507313445725758,,1.4230773820877076,0.406
chrX,60765479,60767479,active,2.124,10.492014130623732,,1.0967951085567471,0.407
chrX,60769479,60771479,active,2.112,10.494014755551555,,0.6624997472763061,0.406
chrX,60773479,60775479,active,2.12,10.530277010825207,,2.735577452421188,0.404
chrX,60777479,60779479,active,2.124,10.500967118849877,,0.3916665172576904,0.4065
chrX,60781479,60783479,active,2.108,10.492761209728307,,0.425,0.4075
chrX,60785479,60787479,active,2.148,10.551463257520137,,1.3102273273468017,0.404
chrX,60789479,60791479,active,2.116,10.486846583437751,,0.704545521736145,0.405
chrX,60793479,60795479,active,2.12,10.510544329918185,,0.4249998378753662,0.405
chrX,60797479,60799479,active,2.096,10.48003664169731,,2.286642146110535,0.407
chrX,60801479,60803479,active,2.124,10.513539757045166,,1.1833336029052737,0.4065
chrX,60805479,60807479,active,2.148,10.502217109318709,,0.6590196447372436,0.408
chrX,60809479,60811479,active,2.132,10.513978706475273,,4.077619898080826,0.4045
chrX,60813479,60815479,active,2.128,10.480057751777275,,3.2053658010959625,0.407
chrX,60817479,60819479,active,2.12,10.510179266064052,,0.4052748944759369,0.4095
chrX,60821479,60823479,active,2.096,10.502455324135532,,0.546428785085678,0.4035
chrX,60825479,60827479,active,2.128,10.519908489922392,,0.4944439587593078,0.4055
chrX,60829479,60831479,active,2.152,10.552785754689248,,0.8775642445087433,0.4105
chrX,60833479,60835479,active,2.132,10.514121925636127,,1.5285715155601505,0.407
chrX,60837479,60839479,active,2.132,10.493079562329134,,0.3035715472698211,0.4085
chrX,60841479,60843479,active,2.136,10.503153681416824,,0.0,0.4015
chrX,60845479,60847479,active,2.156,10.533526911573228,,0.8227273511886597,0.4025
chrX,60849479,60851479,active,2.124,10.518050369506836,,1.3511365792751313,0.4
chrX,60853479,60855479,active,2.144,10.569013235259227,,0.0,0.405
chrX,60857479,60859479,active,2.124,10.54510394996634,,0.733332612991333,0.404
chrX,60861479,60863479,active,2.108,10.510341501780534,,0.84,0.405
chrX,60865479,60867479,active,2.144,10.566558282654444,,0.5166664695739747,0.4035
chrX,60869479,60871479,active,2.124,10.53912398286588,,0.2749998950958252,0.4075
chrX,60873479,60875479,active,2.18,10.61191393714206,,2.209545512199402,0.407
chrX,60877479,60879479,active,2.12,10.542229202622948,,2.424360667705536,0.408
chrX,60881479,60883479,active,2.164,10.552567271076676,,1.3192301890850069,0.4045
chrX,60885479,60887479,active,2.18,10.562875468354065,,0.9558332633972167,0.407
chrX,60889479,60891479,active,2.152,10.574883409729566,,0.8583330059051514,0.4135
chrX,60893479,60895479,active,2.16,10.584304420959151,,0.0,0.4065
chrX,60897479,60899479,active,2.156,10.549453207268872,,1.2,0.4065
chrX,60901479,60903479,active,2.156,10.582031850639122,,1.4875015354156491,0.408
chrX,60905479,60907479,active,2.152,10.597903111405689,,1.2576926615238189,0.4045
chrX,60909479,60911479,active,2.14,10.57902846001874,,0.475,0.406
chrX,60913479,60915479,active,2.14,10.555972491106068,,2.2833320989608765,0.406
chrX,60917479,60919479,active,2.14,10.58620112322588,,0.1807692816257476,0.4
chrX,60921479,60923479,active,2.176,10.582811724580132,,2.01565581035614,0.4
chrX,60925479,60927479,active,2.18,10.613296126242329,,0.6071430945396423,0.3855
chr21,10968000,10970000,active,1.86,10.043367938261651,0.760829,1.424106240272522,0.3885
chr21,10976000,10978000,active,1.84,9.993472154602276,0.759141,0.4363636779785156,0.387
chr21,10984000,10986000,active,1.868,10.015280917613955,0.771575,1.8346159007549283,0.388
chr21,10992000,10994000,active,1.816,9.94659605290012,0.741585,0.8318182983398438,0.3875
chr21,11000000,11002000,active,1.804,9.918323433695504,0.735914,3.832517316818237,0.3865
chr21,11008000,11010000,active,1.812,9.954963639114268,0.739104,0.978570439338684,0.3855
chr21,11016000,11018000,active,1.824,9.970306032877028,0.741941,1.0500001001358032,0.386
chr21,11024000,11026000,active,1.812,9.923065560869142,0.749236,3.297757944345474,0.387
chr21,11032000,11034000,active,1.848,9.97322815570073,0.769211,0.8493600697517395,0.3885
chr21,11040000,11042000,active,1.812,9.93823921153589,0.733735,2.091175413608551,0.3875
chr21,11048000,11050000,active,1.848,10.03723780720021,0.779787,3.833813597202301,0.3895
chr21,11056000,11058000,active,1.856,9.994649859461097,0.753141,4.573540462493897,0.385
chr21,11064000,11066000,active,1.872,10.025132495248592,0.779956,0.0,0.3895
chr21,11072000,11074000,active,1.876,10.031496769565258,0.781905,1.0066671466827393,0.3875
chr21,11080000,11082000,active,1.84,9.964876990031732,0.747396,2.781827206134796,0.389
chr21,11088000,11090000,active,1.86,9.998013302467324,0.770879,1.3466405248641968,0.389
chr21,11096000,11098000,active,1.856,9.993400229174656,0.774063,3.75235680103302,0.3865
chr21,11104000,11106000,active,1.856,10.00857944576578,0.775135,5.691361550927162,0.387
chr21,11112000,11114000,active,1.876,10.054874120342038,0.790081,6.6583311576843265,0.389
chr21,11120000,11122000,active,1.86,10.035128735985264,0.75869,7.365262928962707,0.3875
chr21,11128000,11130000,active,1.88,10.04674579124308,0.777512,5.016678558826446,0.3925
chr21,11136000,11138000,active,1.88,10.069836503708196,0.799303,3.3632895300388337,0.3915
chr21,11144000,11146000,active,1.86,10.033101872473615,0.785059,4.452044304847718,0.39
chr21,11152000,11154000,active,1.816,9.88737074873424,0.72073,3.014912189245224,0.3905
chr21,11160000,11162000,active,1.808,9.875105891463392,0.75152,2.052564483165741,0.3915
chr21,11168000,11170000,active,1.852,10.003828081826123,0.751634,3.1848211975097658,0.3875
chr21,11176000,11178000,active,1.864,10.031873269312817,0.76294,1.369641737937927,0.39
chr21,11184000,11186000,active,1.852,10.024403280630429,0.770066,1.725,0.389
chr21,11192000,11194000,active,1.796,9.896369346565956,0.744416,0.0,0.388
chr21,11200000,11202000,active,1.832,10.01083268976937,0.761795,0.5500000524520874,0.3875
chr21,11208000,11210000,active,1.856,10.032077204814314,0.752,1.411109724998474,0.3905
chr21,11216000,11218000,active,1.752,9.83578010478526,0.671871,0.5772727823257446,0.3845
chr21,11224000,11226000,active,1.808,9.945112317607483,0.745408,0.56153861951828,0.389
chr21,11232000,11234000,active,1.832,9.938243231127403,0.746731,3.478965487480163,0.3895
chr21,11240000,11242000,active,1.828,9.96193566209495,0.757651,1.32,0.39
chr21,11248000,11250000,active,1.864,10.025596780056398,0.773511,1.0611100687980652,0.3905
chr21,11256000,11258000,active,1.824,9.97637449397009,0.748178,1.8493598070144652,0.3885
chr21,11264000,11266000,active,1.888,10.035236485512623,0.78122,2.28,0.389
chr21,11272000,11274000,active,1.808,9.976486823261354,0.744383,1.6416699857711792,0.3845
chr21,11280000,11282000,active,1.816,9.910840730130785,0.736596,0.0,0.3875
chr21,11288000,11290000,active,1.876,9.999967216141894,0.771003,0.665,0.391
chr21,11296000,11298000,inactive,1.944,10.10897464622181,0.812103,1.371154273033142,0.377
chr21,11304000,11306000,active,2.0,10.285927875826058,0.883489,1.2190018739700317,0.375
