species,chrom,state,bz2,gc
Chimp hap2,chr11_hap2_hsa9,inactive,1.776,0.3615
Chimp hap2,chr11_hap2_hsa9,inactive,2.488,0.4615
Chimp hap2,chr11_hap2_hsa9,inactive,2.42,0.382
Chimp hap2,chr11_hap2_hsa9,inactive,2.384,0.386
Chimp hap2,chr11_hap2_hsa9,inactive,2.312,0.3755
Chimp hap2,chr11_hap2_hsa9,inactive,1.9,0.3585
Chimp hap2,chr11_hap2_hsa9,inactive,1.872,0.362
Chimp hap2,chr11_hap2_hsa9,inactive,1.864,0.357
Chimp hap2,chr11_hap2_hsa9,inactive,1.856,0.356
Chimp hap2,chr11_hap2_hsa9,inactive,1.904,0.353
Chimp hap2,chr11_hap2_hsa9,inactive,1.788,0.358
Chimp hap2,chr11_hap2_hsa9,inactive,1.884,0.3645
Chimp hap2,chr11_hap2_hsa9,inactive,1.868,0.359
Chimp hap2,chr11_hap2_hsa9,inactive,1.904,0.358
Chimp hap2,chr11_hap2_hsa9,inactive,1.836,0.359
Chimp hap2,chr11_hap2_hsa9,inactive,1.9,0.3645
Chimp hap2,chr11_hap2_hsa9,inactive,1.844,0.366
Chimp hap2,chr11_hap2_hsa9,inactive,1.96,0.371
Chimp hap2,chr11_hap2_hsa9,inactive,2.4,0.375
Chimp hap2,chr11_hap2_hsa9,inactive,1.976,0.367
Chimp hap2,chr11_hap2_hsa9,active,1.984,0.3585
Chimp hap2,chr11_hap2_hsa9,active,2.044,0.373
Chimp hap2,chr11_hap2_hsa9,active,1.916,0.368
Chimp hap2,chr11_hap2_hsa9,active,1.936,0.3745
Chimp hap2,chr11_hap2_hsa9,active,1.968,0.3625
Chimp hap2,chr11_hap2_hsa9,active,2.028,0.369
Chimp hap2,chr11_hap2_hsa9,active,2.044,0.361
Chimp hap2,chr11_hap2_hsa9,active,2.004,0.369
Chimp hap2,chr11_hap2_hsa9,active,2.032,0.371
Chimp hap2,chr11_hap2_hsa9,active,2.052,0.374
Chimp hap2,chr11_hap2_hsa9,active,2.04,0.375
Chimp hap2,chr11_hap2_hsa9,active,1.98,0.375
Chimp hap2,chr11_hap2_hsa9,active,2.06,0.361
Chimp hap2,chr11_hap2_hsa9,active,2.004,0.3725
Chimp hap2,chr11_hap2_hsa9,active,2.04,0.368
Chimp hap2,chr11_hap2_hsa9,active,2.032,0.369
Chimp hap2,chr11_hap2_hsa9,active,2.024,0.3765
Chimp hap2,chr11_hap2_hsa9,active,2.028,0.3795
Chimp hap2,chr11_hap2_hsa9,active,2.012,0.3775
Chimp hap2,chr11_hap2_hsa9,active,2.036,0.379
Chimp hap2,chr11_hap2_hsa9,active,1.924,0.3785
Chimp hap2,chr11_hap2_hsa9,active,2.02,0.377
Chimp hap2,chr11_hap2_hsa9,active,2.056,0.383
Chimp hap2,chr11_hap2_hsa9,active,1.848,0.378
Chimp hap2,chr11_hap2_hsa9,active,1.996,0.376
Chimp hap2,chr11_hap2_hsa9,active,2.036,0.38
Chimp hap2,chr11_hap2_hsa9,active,1.944,0.3755
Chimp hap2,chr11_hap2_hsa9,active,2.044,0.3785
Chimp hap2,chr11_hap2_hsa9,active,1.924,0.382
Chimp hap2,chr11_hap2_hsa9,active,1.956,0.3855
Chimp hap2,chr11_hap2_hsa9,active,1.8,0.3745
Chimp hap2,chr11_hap2_hsa9,active,1.952,0.3765
Chimp hap2,chr11_hap2_hsa9,active,2.064,0.3835
Chimp hap2,chr11_hap2_hsa9,active,1.952,0.378
Chimp hap2,chr11_hap2_hsa9,active,2.024,0.377
Chimp hap2,chr11_hap2_hsa9,active,1.932,0.385
Chimp hap2,chr11_hap2_hsa9,active,1.924,0.375
Chimp hap2,chr11_hap2_hsa9,active,2.068,0.379
Chimp hap2,chr11_hap2_hsa9,active,1.896,0.382
Chimp hap2,chr11_hap2_hsa9,active,1.936,0.387
Chimp hap2,chr11_hap2_hsa9,active,2.052,0.3815
Chimp hap2,chr11_hap2_hsa9,active,1.848,0.38
Chimp hap2,chr11_hap2_hsa9,active,1.992,0.375
Chimp hap2,chr11_hap2_hsa9,active,2.036,0.382
Chimp hap2,chr11_hap2_hsa9,active,2.016,0.378
Chimp hap2,chr11_hap2_hsa9,active,2.056,0.3865
Chimp hap2,chr11_hap2_hsa9,active,1.992,0.3785
Chimp hap2,chr11_hap2_hsa9,active,2.048,0.381
Chimp hap2,chr11_hap2_hsa9,active,1.952,0.3805
Chimp hap2,chr11_hap2_hsa9,active,1.996,0.3765
Chimp hap2,chr11_hap2_hsa9,active,1.908,0.388
Chimp hap2,chr11_hap2_hsa9,active,1.972,0.3735
Chimp hap2,chr11_hap2_hsa9,active,1.992,0.39
Chimp hap2,chr11_hap2_hsa9,active,1.996,0.3745
Chimp hap2,chr11_hap2_hsa9,active,2.036,0.382
Chimp hap2,chr11_hap2_hsa9,active,2.004,0.3785
Chimp hap2,chr11_hap2_hsa9,active,2.072,0.3845
Chimp hap2,chr11_hap2_hsa9,active,2.004,0.3785
Chimp hap2,chr11_hap2_hsa9,active,2.06,0.378
Chimp hap2,chr11_hap2_hsa9,active,1.956,0.383
Chimp hap2,chr11_hap2_hsa9,active,2.012,0.3755
Chimp hap2,chr11_hap2_hsa9,active,1.936,0.3875
Chimp hap2,chr11_hap2_hsa9,active,1.984,0.3745
Chimp hap2,chr11_hap2_hsa9,active,1.976,0.3855
Chimp hap2,chr11_hap2_hsa9,active,2.004,0.376
Chimp hap2,chr11_hap2_hsa9,active,2.032,0.382
Chimp hap2,chr11_hap2_hsa9,active,2.008,0.379
Chimp hap2,chr11_hap2_hsa9,active,2.068,0.384
Chimp hap2,chr11_hap2_hsa9,active,2.008,0.38
Chimp hap2,chr11_hap2_hsa9,active,2.016,0.3765
Chimp hap2,chr11_hap2_hsa9,active,1.976,0.3855
Chimp hap2,chr11_hap2_hsa9,active,2.012,0.3765
Chimp hap2,chr11_hap2_hsa9,active,1.928,0.3875
Chimp hap2,chr11_hap2_hsa9,active,1.984,0.3745
Chimp hap2,chr11_hap2_hsa9,active,1.98,0.3865
Chimp hap2,chr11_hap2_hsa9,active,2.008,0.377
Chimp hap2,chr11_hap2_hsa9,active,2.028,0.382
Chimp hap2,chr11_hap2_hsa9,active,2.024,0.379
Chimp hap2,chr11_hap2_hsa9,active,2.084,0.386
Chimp hap2,chr11_hap2_hsa9,active,2.008,0.3775
Chimp hap2,chr11_hap2_hsa9,active,2.052,0.3795
Chimp hap2,chr11_hap2_hsa9,active,1.956,0.3835
Chimp hap2,chr11_hap2_hsa9,active,1.996,0.3775
Chimp hap2,chr11_hap2_hsa9,active,1.928,0.388
Chimp hap2,chr11_hap2_hsa9,active,1.98,0.3755
Chimp hap2,chr11_hap2_hsa9,active,1.984,0.3845
Chimp hap2,chr11_hap2_hsa9,active,2.016,0.378
Chimp hap2,chr11_hap2_hsa9,active,2.06,0.3825
Chimp hap2,chr11_hap2_hsa9,active,2.02,0.3785
Chimp hap2,chr11_hap2_hsa9,active,2.04,0.383
Chimp hap2,chr11_hap2_hsa9,active,2.012,0.3795
Chimp hap2,chr11_hap2_hsa9,active,2.056,0.38
Chimp hap2,chr11_hap2_hsa9,active,1.932,0.3815
Chimp hap2,chr11_hap2_hsa9,active,2.008,0.379
Chimp hap2,chr11_hap2_hsa9,active,1.924,0.388
Chimp hap2,chr11_hap2_hsa9,active,1.968,0.373
Chimp hap2,chr11_hap2_hsa9,active,1.964,0.384
Chimp hap2,chr11_hap2_hsa9,active,2.032,0.378
Chimp hap2,chr11_hap2_hsa9,active,2.024,0.3805
Chimp hap2,chr11_hap2_hsa9,active,2.024,0.3785
Chimp hap2,chr11_hap2_hsa9,active,2.068,0.381
Chimp hap2,chr11_hap2_hsa9,active,2.0,0.378
Chimp hap2,chr11_hap2_hsa9,active,2.016,0.377
Chimp hap2,chr11_hap2_hsa9,active,1.952,0.384
Chimp hap2,chr11_hap2_hsa9,active,2.044,0.3775
Chimp hap2,chr11_hap2_hsa9,active,1.956,0.3845
Chimp hap2,chr11_hap2_hsa9,active,1.992,0.375
Chimp hap2,chr11_hap2_hsa9,active,1.996,0.384
Chimp hap2,chr11_hap2_hsa9,active,2.004,0.3765
Chimp hap2,chr11_hap2_hsa9,active,2.04,0.38
Chimp hap2,chr11_hap2_hsa9,active,1.988,0.3765
Chimp hap2,chr11_hap2_hsa9,active,2.044,0.3815
Chimp hap2,chr11_hap2_hsa9,active,1.972,0.381
Chimp hap2,chr11_hap2_hsa9,active,1.916,0.3845
Chimp hap2,chr11_hap2_hsa9,active,1.976,0.374
Chimp hap2,chr11_hap2_hsa9,active,1.86,0.3925
Chimp hap2,chr11_hap2_hsa9,active,1.968,0.386
Chimp hap2,chr11_hap2_hsa9,active,1.984,0.3925
Chimp hap2,chr11_hap2_hsa9,active,1.88,0.3925
Chimp hap2,chr11_hap2_hsa9,active,1.96,0.387
Chimp hap2,chr11_hap2_hsa9,active,1.952,0.3855
Chimp hap2,chr11_hap2_hsa9,active,1.956,0.39
Chimp hap2,chr11_hap2_hsa9,active,1.984,0.387
Chimp hap2,chr11_hap2_hsa9,active,1.984,0.3915
Chimp hap2,chr11_hap2_hsa9,active,1.892,0.395
Chimp hap2,chr11_hap2_hsa9,active,1.968,0.384
Chimp hap2,chr11_hap2_hsa9,active,2.004,0.39
Chimp hap2,chr11_hap2_hsa9,active,1.852,0.3925
Chimp hap2,chr11_hap2_hsa9,active,1.924,0.3905
Chimp hap2,chr11_hap2_hsa9,active,1.928,0.388
Chimp hap2,chr11_hap2_hsa9,active,1.936,0.3915
Chimp hap2,chr11_hap2_hsa9,active,1.908,0.3935
Chimp hap2,chr11_hap2_hsa9,active,1.996,0.387
Chimp hap2,chr11_hap2_hsa9,active,1.888,0.384
Chimp hap2,chr11_hap2_hsa9,active,1.976,0.39
Chimp hap2,chr11_hap2_hsa9,active,1.92,0.3845
Chimp hap2,chr11_hap2_hsa9,active,1.924,0.389
Chimp hap2,chr11_hap2_hsa9,active,1.904,0.386
Chimp hap2,chr11_hap2_hsa9,active,1.984,0.391
Chimp hap2,chr11_hap2_hsa9,active,1.924,0.387
Chimp hap2,chr11_hap2_hsa9,active,1.924,0.3855
Chimp hap2,chr11_hap2_hsa9,active,1.944,0.392
Chimp hap2,chr11_hap2_hsa9,active,1.864,0.3855
Chimp hap2,chr11_hap2_hsa9,active,1.952,0.3875
Chimp hap2,chr11_hap2_hsa9,active,1.724,0.3925
Chimp hap2,chr11_hap2_hsa9,active,1.956,0.384
Chimp hap2,chr11_hap2_hsa9,active,1.952,0.3895
Chimp hap2,chr11_hap2_hsa9,active,1.972,0.3885
Chimp hap2,chr11_hap2_hsa9,active,1.94,0.3865
Chimp hap2,chr11_hap2_hsa9,active,1.98,0.391
Chimp hap2,chr11_hap2_hsa9,active,1.916,0.387
Chimp hap2,chr11_hap2_hsa9,active,1.916,0.3875
Chimp hap2,chr11_hap2_hsa9,active,2.016,0.3855
Chimp hap2,chr11_hap2_hsa9,active,1.924,0.3885
Chimp hap2,chr11_hap2_hsa9,active,1.884,0.3885
Chimp hap2,chr11_hap2_hsa9,active,1.92,0.39
Chimp hap2,chr11_hap2_hsa9,active,1.884,0.388
Chimp hap2,chr11_hap2_hsa9,active,1.948,0.3895
Chimp hap2,chr11_hap2_hsa9,active,1.992,0.3885
Chimp hap2,chr11_hap2_hsa9,active,1.948,0.385
Chimp hap2,chr11_hap2_hsa9,active,1.948,0.387
Chimp hap2,chr11_hap2_hsa9,active,1.912,0.386
Chimp hap2,chr11_hap2_hsa9,active,1.872,0.384
Chimp hap2,chr11_hap2_hsa9,active,1.988,0.3855
Chimp hap2,chr11_hap2_hsa9,active,1.988,0.3885
Chimp hap2,chr11_hap2_hsa9,active,1.908,0.3835
Chimp hap2,chr11_hap2_hsa9,active,1.904,0.3835
Chimp hap2,chr11_hap2_hsa9,active,1.872,0.3865
Chimp hap2,chr11_hap2_hsa9,active,1.928,0.3875
Chimp hap2,chr11_hap2_hsa9,active,1.856,0.3785
Chimp hap2,chr11_hap2_hsa9,active,1.82,0.3825
Chimp hap2,chr11_hap2_hsa9,active,1.872,0.3835
Chimp hap2,chr11_hap2_hsa9,active,1.796,0.377
Chimp hap2,chr11_hap2_hsa9,active,1.824,0.386
Chimp hap2,chr11_hap2_hsa9,active,1.872,0.381
Chimp hap2,chr11_hap2_hsa9,active,1.772,0.384
Chimp hap2,chr11_hap2_hsa9,active,1.792,0.382
Chimp hap2,chr11_hap2_hsa9,active,1.724,0.387
Chimp hap2,chr11_hap2_hsa9,active,1.848,0.38
Chimp hap2,chr11_hap2_hsa9,active,1.792,0.383
Chimp hap2,chr11_hap2_hsa9,active,1.816,0.3835
Chimp hap2,chr11_hap2_hsa9,active,1.736,0.382
Chimp hap2,chr11_hap2_hsa9,active,1.804,0.386
Chimp hap2,chr11_hap2_hsa9,active,1.816,0.3835
Chimp hap2,chr11_hap2_hsa9,active,1.832,0.381
Chimp hap2,chr11_hap2_hsa9,active,1.768,0.3835
Chimp hap2,chr11_hap2_hsa9,active,1.764,0.3855
Chimp hap2,chr11_hap2_hsa9,active,1.788,0.3855
Chimp hap2,chr11_hap2_hsa9,active,1.8,0.383
Chimp hap2,chr11_hap2_hsa9,active,1.712,0.3875
Chimp hap2,chr11_hap2_hsa9,active,1.84,0.3855
Chimp hap2,chr11_hap2_hsa9,active,1.78,0.379
Chimp hap2,chr11_hap2_hsa9,active,1.812,0.382
Chimp hap2,chr11_hap2_hsa9,active,1.748,0.3825
Chimp hap2,chr11_hap2_hsa9,active,1.876,0.382
Chimp hap2,chr11_hap2_hsa9,active,1.848,0.381
Chimp hap2,chr11_hap2_hsa9,active,1.816,0.3765
Chimp hap2,chr11_hap2_hsa9,active,1.732,0.38
Chimp hap2,chr11_hap2_hsa9,active,1.756,0.384
Chimp hap2,chr11_hap2_hsa9,active,1.852,0.381
Chimp hap2,chr11_hap2_hsa9,active,1.856,0.382
Chimp hap2,chr11_hap2_hsa9,active,1.788,0.3785
Chimp hap2,chr11_hap2_hsa9,active,1.768,0.38
Chimp hap2,chr11_hap2_hsa9,active,1.784,0.3795
Chimp hap2,chr11_hap2_hsa9,active,1.764,0.38
Chimp hap2,chr11_hap2_hsa9,active,1.888,0.3835
Chimp hap2,chr11_hap2_hsa9,active,1.752,0.3815
Chimp hap2,chr11_hap2_hsa9,active,1.816,0.3775
Chimp hap2,chr11_hap2_hsa9,active,1.72,0.384
Chimp hap2,chr11_hap2_hsa9,active,1.82,0.383
Chimp hap2,chr11_hap2_hsa9,active,1.84,0.383
Chimp hap2,chr11_hap2_hsa9,active,1.732,0.384
Chimp hap2,chr11_hap2_hsa9,active,1.752,0.385
Chimp hap2,chr11_hap2_hsa9,active,1.696,0.385
Chimp hap2,chr11_hap2_hsa9,active,1.708,0.384
Chimp hap2,chr11_hap2_hsa9,active,1.768,0.3865
Chimp hap2,chr11_hap2_hsa9,active,1.812,0.3875
Chimp hap2,chr11_hap2_hsa9,active,1.62,0.374
Chimp hap2,chr11_hap2_hsa9,active,1.86,0.3795
Chimp hap2,chr11_hap2_hsa9,active,1.872,0.3805
Chimp hap2,chr11_hap2_hsa9,active,1.84,0.384
Chimp hap2,chr11_hap2_hsa9,active,1.748,0.3815
Chimp hap2,chr11_hap2_hsa9,active,1.876,0.384
Chimp hap2,chr11_hap2_hsa9,active,1.864,0.3845
Chimp hap2,chr11_hap2_hsa9,active,1.836,0.3795
Chimp hap2,chr11_hap2_hsa9,active,1.868,0.382
Chimp hap2,chr11_hap2_hsa9,active,1.868,0.3815
Chimp hap2,chr11_hap2_hsa9,active,1.88,0.382
Chimp hap2,chr11_hap2_hsa9,active,1.864,0.381
Chimp hap2,chr11_hap2_hsa9,active,1.852,0.3855
Chimp hap2,chr11_hap2_hsa9,active,1.644,0.3745
Chimp hap2,chr11_hap2_hsa9,active,1.848,0.3795
Chimp hap2,chr11_hap2_hsa9,active,1.872,0.3805
Chimp hap2,chr11_hap2_hsa9,active,1.8,0.383
Chimp hap2,chr11_hap2_hsa9,active,1.788,0.383
Chimp hap2,chr11_hap2_hsa9,active,1.864,0.3855
Chimp hap2,chr11_hap2_hsa9,active,1.86,0.383
Chimp hap2,chr11_hap2_hsa9,active,1.804,0.3795
Chimp hap2,chr11_hap2_hsa9,active,1.884,0.382
Chimp hap2,chr11_hap2_hsa9,active,1.852,0.381
Chimp hap2,chr11_hap2_hsa9,active,1.876,0.387
Chimp hap2,chr11_hap2_hsa9,active,1.76,0.3845
Chimp hap2,chr11_hap2_hsa9,active,1.792,0.386
Chimp hap2,chr11_hap2_hsa9,active,1.84,0.3805
Chimp hap2,chr11_hap2_hsa9,active,1.784,0.385
Chimp hap2,chr11_hap2_hsa9,active,1.832,0.38
Chimp hap2,chr11_hap2_hsa9,active,1.844,0.3825
Chimp hap2,chr11_hap2_hsa9,active,1.848,0.381
Chimp hap2,chr11_hap2_hsa9,active,1.796,0.3775
Chimp hap2,chr11_hap2_hsa9,active,1.892,0.381
Chimp hap2,chr11_hap2_hsa9,active,1.864,0.385
Chimp hap2,chr11_hap2_hsa9,active,1.816,0.38
Chimp hap2,chr11_hap2_hsa9,active,1.78,0.3825
Chimp hap2,chr11_hap2_hsa9,active,1.856,0.3845
Chimp hap2,chr11_hap2_hsa9,active,1.772,0.3795
Chimp hap2,chr11_hap2_hsa9,active,1.816,0.38
Chimp hap2,chr11_hap2_hsa9,active,1.86,0.3825
Chimp hap2,chr11_hap2_hsa9,active,1.904,0.3805
Chimp hap2,chr11_hap2_hsa9,active,1.904,0.384
Chimp hap2,chr11_hap2_hsa9,active,1.86,0.387
Chimp hap2,chr11_hap2_hsa9,active,1.816,0.3805
Chimp hap2,chr11_hap2_hsa9,active,1.872,0.38
Chimp hap2,chr11_hap2_hsa9,active,1.812,0.378
Chimp hap2,chr11_hap2_hsa9,active,1.776,0.3835
Chimp hap2,chr11_hap2_hsa9,active,1.816,0.379
Chimp hap2,chr11_hap2_hsa9,active,1.628,0.3835
Chimp hap2,chr11_hap2_hsa9,active,1.88,0.3805
Chimp hap2,chr11_hap2_hsa9,active,1.82,0.3875
Chimp hap2,chr11_hap2_hsa9,active,1.604,0.3735
Chimp hap2,chr11_hap2_hsa9,active,1.876,0.3835
Chimp hap2,chr11_hap2_hsa9,active,1.82,0.386
Chimp hap2,chr11_hap2_hsa9,active,1.648,0.377
Chimp hap2,chr11_hap2_hsa9,active,1.816,0.3845
Chimp hap2,chr11_hap2_hsa9,active,1.792,0.382
Chimp hap2,chr11_hap2_hsa9,active,1.796,0.382
Chimp hap2,chr11_hap2_hsa9,active,1.792,0.3785
Chimp hap2,chr11_hap2_hsa9,active,1.836,0.3795
Chimp hap2,chr11_hap2_hsa9,active,1.76,0.3795
Chimp hap2,chr11_hap2_hsa9,active,1.804,0.385
Chimp hap2,chr11_hap2_hsa9,active,1.84,0.384
Chimp hap2,chr11_hap2_hsa9,active,1.7,0.3795
Chimp hap2,chr11_hap2_hsa9,active,1.74,0.383
Chimp hap2,chr11_hap2_hsa9,active,1.872,0.383
Chimp hap2,chr11_hap2_hsa9,active,1.836,0.383
Chimp hap2,chr11_hap2_hsa9,active,1.756,0.377
Chimp hap2,chr11_hap2_hsa9,active,1.744,0.381
Chimp hap2,chr11_hap2_hsa9,active,1.808,0.382
Chimp hap2,chr11_hap2_hsa9,active,1.812,0.384
Chimp hap2,chr11_hap2_hsa9,active,1.86,0.3855
Chimp hap2,chr11_hap2_hsa9,active,1.708,0.3785
Chimp hap2,chr11_hap2_hsa9,active,1.72,0.383
Chimp hap2,chr11_hap2_hsa9,active,1.796,0.378
Chimp hap2,chr11_hap2_hsa9,active,1.856,0.383
Chimp hap2,chr11_hap2_hsa9,active,1.904,0.382
Chimp hap2,chr11_hap2_hsa9,active,1.832,0.3845
Chimp hap2,chr11_hap2_hsa9,active,1.768,0.376
Chimp hap2,chr11_hap2_hsa9,active,1.756,0.383
Chimp hap2,chr11_hap2_hsa9,active,1.76,0.381
Chimp hap2,chr11_hap2_hsa9,active,1.828,0.384
Chimp hap2,chr11_hap2_hsa9,active,1.708,0.3815
Chimp hap2,chr11_hap2_hsa9,active,1.692,0.382
Chimp hap2,chr11_hap2_hsa9,active,1.804,0.377
Chimp hap2,chr11_hap2_hsa9,active,1.864,0.382
Chimp hap2,chr11_hap2_hsa9,active,1.864,0.385
Chimp hap2,chr11_hap2_hsa9,active,1.836,0.382
Chimp hap2,chr11_hap2_hsa9,active,1.872,0.383
Chimp hap2,chr11_hap2_hsa9,active,1.836,0.3845
Chimp hap2,chr11_hap2_hsa9,active,1.844,0.3815
Chimp hap2,chr11_hap2_hsa9,active,1.844,0.379
Chimp hap2,chr11_hap2_hsa9,active,1.824,0.3825
Chimp hap2,chr11_hap2_hsa9,active,1.852,0.3845
Chimp hap2,chr11_hap2_hsa9,active,1.848,0.3815
Chimp hap2,chr11_hap2_hsa9,active,1.86,0.381
Chimp hap2,chr11_hap2_hsa9,active,1.836,0.383
Chimp hap2,chr11_hap2_hsa9,active,1.872,0.382
Chimp hap2,chr11_hap2_hsa9,active,1.712,0.3785
Chimp hap2,chr11_hap2_hsa9,active,1.764,0.3805
Chimp hap2,chr11_hap2_hsa9,active,1.812,0.3795
Chimp hap2,chr11_hap2_hsa9,active,1.876,0.382
Chimp hap2,chr11_hap2_hsa9,active,1.772,0.3785
Chimp hap2,chr11_hap2_hsa9,active,1.76,0.379
Chimp hap2,chr11_hap2_hsa9,active,1.74,0.3795
Chimp hap2,chr11_hap2_hsa9,active,1.832,0.382
Chimp hap2,chr11_hap2_hsa9,active,1.808,0.384
Chimp hap2,chr11_hap2_hsa9,active,1.772,0.378
Chimp hap2,chr11_hap2_hsa9,active,1.732,0.38
Chimp hap2,chr11_hap2_hsa9,active,1.82,0.3795
Chimp hap2,chr11_hap2_hsa9,active,1.852,0.3825
Chimp hap2,chr11_hap2_hsa9,active,1.86,0.3815
Chimp hap2,chr11_hap2_hsa9,active,1.712,0.379
Chimp hap2,chr11_hap2_hsa9,active,1.748,0.3765
Chimp hap2,chr11_hap2_hsa9,active,1.872,0.383
Chimp hap2,chr11_hap2_hsa9,active,1.848,0.384
Chimp hap2,chr11_hap2_hsa9,active,1.616,0.375
Chimp hap2,chr11_hap2_hsa9,active,1.824,0.3815
Chimp hap2,chr11_hap2_hsa9,active,1.872,0.3845
Chimp hap2,chr11_hap2_hsa9,active,1.596,0.3755
Chimp hap2,chr11_hap2_hsa9,active,1.824,0.382
Chimp hap2,chr11_hap2_hsa9,active,1.912,0.3815
Chimp hap2,chr11_hap2_hsa9,active,1.6,0.3775
Chimp hap2,chr11_hap2_hsa9,active,1.864,0.3835
Chimp hap2,chr11_hap2_hsa9,active,1.804,0.382
Chimp hap2,chr11_hap2_hsa9,active,1.772,0.376
Chimp hap2,chr11_hap2_hsa9,active,1.844,0.3835
Chimp hap2,chr11_hap2_hsa9,active,1.804,0.383
Chimp hap2,chr11_hap2_hsa9,active,1.796,0.3735
Chimp hap2,chr11_hap2_hsa9,active,1.864,0.384
Chimp hap2,chr11_hap2_hsa9,active,1.788,0.3805
Chimp hap2,chr11_hap2_hsa9,active,1.984,0.3865
Chimp hap2,chr11_hap2_hsa9,active,1.94,0.3865
Chimp hap2,chr11_hap2_hsa9,active,2.0,0.3855
Chimp hap2,chr11_hap2_hsa9,active,1.952,0.3855
Chimp hap2,chr11_hap2_hsa9,active,1.856,0.3855
Chimp hap2,chr11_hap2_hsa9,active,2.012,0.387
Chimp hap2,chr11_hap2_hsa9,active,1.956,0.3875
Chimp hap2,chr11_hap2_hsa9,active,1.996,0.388
Chimp hap2,chr11_hap2_hsa9,active,1.86,0.387
Chimp hap2,chr11_hap2_hsa9,active,1.824,0.385
Chimp hap2,chr11_hap2_hsa9,active,1.984,0.384
Chimp hap2,chr11_hap2_hsa9,active,1.892,0.3905
Chimp hap2,chr11_hap2_hsa9,active,1.8,0.382
Chimp hap2,chr11_hap2_hsa9,active,1.688,0.386
Chimp hap2,chr11_hap2_hsa9,active,1.816,0.381
Chimp hap2,chr11_hap2_hsa9,active,2.024,0.3885
Chimp hap2,chr11_hap2_hsa9,active,1.912,0.3875
Chimp hap2,chr11_hap2_hsa9,active,1.924,0.389
Chimp hap2,chr11_hap2_hsa9,active,2.016,0.385
Chimp hap2,chr11_hap2_hsa9,active,1.82,0.384
Chimp hap2,chr11_hap2_hsa9,active,1.772,0.384
Chimp hap2,chr11_hap2_hsa9,active,1.764,0.3865
Chimp hap2,chr11_hap2_hsa9,active,1.76,0.381
Chimp hap2,chr11_hap2_hsa9,active,1.8,0.382
Chimp hap2,chr11_hap2_hsa9,active,1.756,0.3805
Chimp hap2,chr11_hap2_hsa9,active,1.872,0.384
Chimp hap2,chr11_hap2_hsa9,active,1.86,0.3825
Chimp hap2,chr11_hap2_hsa9,active,1.848,0.3825
Chimp hap2,chr11_hap2_hsa9,active,1.728,0.3785
Chimp hap2,chr11_hap2_hsa9,active,1.664,0.3855
Chimp hap2,chr11_hap2_hsa9,active,1.74,0.385
Chimp hap2,chr11_hap2_hsa9,active,1.776,0.3865
Chimp hap2,chr11_hap2_hsa9,active,1.784,0.3755
Chimp hap2,chr11_hap2_hsa9,active,1.776,0.3835
Chimp hap2,chr11_hap2_hsa9,active,1.844,0.3825
Chimp hap2,chr11_hap2_hsa9,active,1.828,0.3775
Chimp hap2,chr11_hap2_hsa9,active,1.768,0.384
Chimp hap2,chr11_hap2_hsa9,active,1.88,0.3835
Chimp hap2,chr11_hap2_hsa9,active,1.816,0.38
Chimp hap2,chr11_hap2_hsa9,active,1.788,0.3845
Chimp hap2,chr11_hap2_hsa9,active,1.832,0.386
Chimp hap2,chr11_hap2_hsa9,active,1.776,0.3825
Chimp hap2,chr11_hap2_hsa9,active,1.808,0.382
Chimp hap2,chr11_hap2_hsa9,active,1.8,0.384
Chimp hap2,chr11_hap2_hsa9,active,1.832,0.383
Chimp hap2,chr11_hap2_hsa9,active,1.848,0.3815
Chimp hap2,chr11_hap2_hsa9,active,1.816,0.3775
Chimp hap2,chr11_hap2_hsa9,active,1.792,0.382
Chimp hap2,chr11_hap2_hsa9,active,1.732,0.382
Chimp hap2,chr11_hap2_hsa9,active,1.812,0.384
Chimp hap2,chr11_hap2_hsa9,active,1.764,0.3805
Chimp hap2,chr11_hap2_hsa9,active,1.82,0.378
Chimp hap2,chr11_hap2_hsa9,active,1.844,0.384
Chimp hap2,chr11_hap2_hsa9,active,1.868,0.382
Chimp hap2,chr11_hap2_hsa9,active,1.796,0.3825
Chimp hap2,chr11_hap2_hsa9,active,1.728,0.385
Chimp hap2,chr11_hap2_hsa9,active,1.744,0.3855
Chimp hap2,chr11_hap2_hsa9,active,1.66,0.376
Chimp hap2,chr11_hap2_hsa9,active,1.828,0.381
Chimp hap2,chr11_hap2_hsa9,active,1.76,0.3845
Chimp hap2,chr11_hap2_hsa9,active,1.848,0.383
Chimp hap2,chr11_hap2_hsa9,active,1.772,0.379
Chimp hap2,chr11_hap2_hsa9,active,1.792,0.385
Chimp hap2,chr11_hap2_hsa9,active,1.808,0.385
Chimp hap2,chr11_hap2_hsa9,active,1.8,0.3835
Chimp hap2,chr11_hap2_hsa9,active,1.816,0.382
Chimp hap2,chr11_hap2_hsa9,active,1.808,0.384
Chimp hap2,chr11_hap2_hsa9,active,1.856,0.381
Chimp hap2,chr11_hap2_hsa9,active,1.852,0.3825
Chimp hap2,chr11_hap2_hsa9,active,1.752,0.3755
Chimp hap2,chr11_hap2_hsa9,active,1.788,0.385
Chimp hap2,chr11_hap2_hsa9,active,1.796,0.3785
Chimp hap2,chr11_hap2_hsa9,active,1.9,0.3845
Chimp hap2,chr11_hap2_hsa9,active,1.836,0.3865
Chimp hap2,chr11_hap2_hsa9,active,1.756,0.3775
Chimp hap2,chr11_hap2_hsa9,active,1.776,0.38
Chimp hap2,chr11_hap2_hsa9,active,1.796,0.3795
Chimp hap2,chr11_hap2_hsa9,active,1.82,0.3855
Chimp hap2,chr11_hap2_hsa9,active,1.836,0.3835
Chimp hap2,chr11_hap2_hsa9,active,1.88,0.383
Chimp hap2,chr11_hap2_hsa9,active,1.84,0.3775
Chimp hap2,chr11_hap2_hsa9,active,1.94,0.3885
Chimp hap2,chr11_hap2_hsa9,active,1.972,0.387
Chimp hap2,chr11_hap2_hsa9,active,1.828,0.384
Chimp hap2,chr11_hap2_hsa9,active,1.872,0.3855
Chimp hap2,chr11_hap2_hsa9,active,1.856,0.383
Chimp hap2,chr11_hap2_hsa9,active,1.892,0.3825
Chimp hap2,chr11_hap2_hsa9,active,1.932,0.3855
Chimp hap2,chr11_hap2_hsa9,active,1.804,0.383
Chimp hap2,chr11_hap2_hsa9,active,1.836,0.38
Chimp hap2,chr11_hap2_hsa9,active,1.864,0.3845
Chimp hap2,chr11_hap2_hsa9,active,1.96,0.385
Chimp hap2,chr11_hap2_hsa9,active,1.98,0.383
Chimp hap2,chr11_hap2_hsa9,active,1.92,0.382
Chimp hap2,chr11_hap2_hsa9,active,2.052,0.3885
Chimp hap2,chr11_hap2_hsa9,active,1.956,0.3855
Chimp hap2,chr11_hap2_hsa9,active,1.952,0.385
Chimp hap2,chr11_hap2_hsa9,active,1.792,0.3845
Chimp hap2,chr11_hap2_hsa9,active,1.796,0.3805
Chimp hap2,chr11_hap2_hsa9,active,1.776,0.383
Chimp hap2,chr11_hap2_hsa9,active,1.796,0.385
Chimp hap2,chr11_hap2_hsa9,active,1.784,0.386
Chimp hap2,chr11_hap2_hsa9,active,1.756,0.3835
Chimp hap2,chr11_hap2_hsa9,active,1.748,0.3865
Chimp hap2,chr11_hap2_hsa9,active,1.82,0.3875
Chimp hap2,chr11_hap2_hsa9,active,1.96,0.3845
Chimp hap2,chr11_hap2_hsa9,active,1.88,0.388
Chimp hap2,chr11_hap2_hsa9,active,1.812,0.383
Chimp hap2,chr11_hap2_hsa9,active,1.756,0.3865
Chimp hap2,chr11_hap2_hsa9,active,1.772,0.389
Chimp hap2,chr11_hap2_hsa9,active,1.752,0.39
Chimp hap2,chr11_hap2_hsa9,active,1.78,0.3895
Chimp hap2,chr11_hap2_hsa9,active,1.772,0.3915
Chimp hap2,chr11_hap2_hsa9,active,1.744,0.3865
Chimp hap2,chr11_hap2_hsa9,active,1.764,0.3905
Chimp hap2,chr11_hap2_hsa9,active,1.78,0.39
Chimp hap2,chr11_hap2_hsa9,active,1.752,0.389
Chimp hap2,chr11_hap2_hsa9,active,1.768,0.3925
Chimp hap2,chr11_hap2_hsa9,active,1.772,0.388
Chimp hap2,chr11_hap2_hsa9,active,1.744,0.388
Chimp hap2,chr11_hap2_hsa9,active,1.784,0.39
Chimp hap2,chr11_hap2_hsa9,active,1.772,0.3905
Chimp hap2,chr11_hap2_hsa9,active,1.748,0.3905
Chimp hap2,chr11_hap2_hsa9,active,1.764,0.3915
Chimp hap2,chr11_hap2_hsa9,active,1.76,0.388
Chimp hap2,chr11_hap2_hsa9,active,1.756,0.388
Chimp hap2,chr11_hap2_hsa9,active,1.756,0.391
Chimp hap2,chr11_hap2_hsa9,active,1.74,0.388
Chimp hap2,chr11_hap2_hsa9,active,1.76,0.392
Chimp hap2,chr11_hap2_hsa9,active,1.772,0.389
Chimp hap2,chr11_hap2_hsa9,active,1.74,0.385
Chimp hap2,chr11_hap2_hsa9,active,1.764,0.3915
Chimp hap2,chr11_hap2_hsa9,active,1.76,0.3905
Chimp hap2,chr11_hap2_hsa9,active,1.764,0.387
Chimp hap2,chr11_hap2_hsa9,active,1.78,0.3925
Chimp hap2,chr11_hap2_hsa9,active,1.736,0.386
Chimp hap2,chr11_hap2_hsa9,active,1.804,0.3875
Chimp hap2,chr11_hap2_hsa9,active,1.768,0.3915
Chimp hap2,chr11_hap2_hsa9,active,1.752,0.3885
Chimp hap2,chr11_hap2_hsa9,active,1.808,0.3905
Chimp hap2,chr11_hap2_hsa9,active,1.768,0.3875
Chimp hap2,chr11_hap2_hsa9,active,1.756,0.387
Chimp hap2,chr11_hap2_hsa9,active,1.752,0.391
Chimp hap2,chr11_hap2_hsa9,active,1.752,0.392
Chimp hap2,chr11_hap2_hsa9,active,1.764,0.389
Chimp hap2,chr11_hap2_hsa9,active,1.78,0.393
Chimp hap2,chr11_hap2_hsa9,active,1.764,0.386
Chimp hap2,chr11_hap2_hsa9,active,1.756,0.388
Chimp hap2,chr11_hap2_hsa9,active,1.8,0.3915
Chimp hap2,chr11_hap2_hsa9,active,1.756,0.389
Chimp hap2,chr11_hap2_hsa9,active,1.748,0.3865
Chimp hap2,chr11_hap2_hsa9,active,1.772,0.389
Chimp hap2,chr11_hap2_hsa9,active,1.772,0.3905
Chimp hap2,chr11_hap2_hsa9,active,1.76,0.393
Chimp hap2,chr11_hap2_hsa9,active,1.736,0.3875
Chimp hap2,chr11_hap2_hsa9,active,1.728,0.3835
Chimp hap2,chr11_hap2_hsa9,active,1.684,0.384
Chimp hap2,chr11_hap2_hsa9,active,1.756,0.387
Chimp hap2,chr11_hap2_hsa9,active,1.74,0.388
Chimp hap2,chr11_hap2_hsa9,active,1.772,0.391
Chimp hap2,chr11_hap2_hsa9,active,1.776,0.39
Chimp hap2,chr11_hap2_hsa9,active,1.772,0.389
Chimp hap2,chr11_hap2_hsa9,active,1.736,0.388
Chimp hap2,chr11_hap2_hsa9,active,1.756,0.39
Chimp hap2,chr11_hap2_hsa9,active,1.776,0.391
Chimp hap2,chr11_hap2_hsa9,active,1.776,0.3895
Chimp hap2,chr11_hap2_hsa9,active,1.756,0.3905
Chimp hap2,chr11_hap2_hsa9,active,1.788,0.393
Chimp hap2,chr11_hap2_hsa9,active,1.748,0.3865
Chimp hap2,chr11_hap2_hsa9,active,1.772,0.3885
Chimp hap2,chr11_hap2_hsa9,active,1.768,0.3895
Chimp hap2,chr11_hap2_hsa9,active,1.752,0.388
Chimp hap2,chr11_hap2_hsa9,active,1.764,0.389
Chimp hap2,chr11_hap2_hsa9,active,1.756,0.392
Chimp hap2,chr11_hap2_hsa9,active,1.748,0.3865
Chimp hap2,chr11_hap2_hsa9,active,1.772,0.3875
Chimp hap2,chr11_hap2_hsa9,active,1.768,0.3925
Chimp hap2,chr11_hap2_hsa9,active,1.736,0.3875
Chimp hap2,chr11_hap2_hsa9,active,1.788,0.392
Chimp hap2,chr11_hap2_hsa9,active,1.756,0.3875
Chimp hap2,chr11_hap2_hsa9,active,1.748,0.387
Chimp hap2,chr11_hap2_hsa9,active,1.752,0.391
Chimp hap2,chr11_hap2_hsa9,active,1.74,0.387
Chimp hap2,chr11_hap2_hsa9,active,1.784,0.3855
Chimp hap2,chr11_hap2_hsa9,active,1.808,0.3825
Chimp hap2,chr11_hap2_hsa9,active,1.7,0.383
Chimp hap2,chr11_hap2_hsa9,active,1.756,0.3865
Chimp hap2,chr11_hap2_hsa9,active,1.692,0.3795
Chimp hap2,chr11_hap2_hsa9,active,1.688,0.3825
Chimp hap2,chr11_hap2_hsa9,active,1.676,0.382
Chimp hap2,chr11_hap2_hsa9,active,1.788,0.3825
Chimp hap2,chr11_hap2_hsa9,active,1.68,0.378
Chimp hap2,chr11_hap2_hsa9,active,1.8,0.3835
Chimp hap2,chr11_hap2_hsa9,active,1.692,0.379
Chimp hap2,chr11_hap2_hsa9,active,1.764,0.3845
Chimp hap2,chr11_hap2_hsa9,active,1.672,0.379
Chimp hap2,chr11_hap2_hsa9,active,1.744,0.3825
Chimp hap2,chr11_hap2_hsa9,active,1.724,0.3795
Chimp hap2,chr11_hap2_hsa9,active,1.768,0.3855
Chimp hap2,chr11_hap2_hsa9,active,1.736,0.3785
Chimp hap2,chr11_hap2_hsa9,active,1.76,0.3825
Chimp hap2,chr11_hap2_hsa9,active,1.82,0.38
Chimp hap2,chr11_hap2_hsa9,active,1.684,0.383
Chimp hap2,chr11_hap2_hsa9,active,1.804,0.382
Chimp hap2,chr11_hap2_hsa9,active,1.736,0.3795
Chimp hap2,chr11_hap2_hsa9,active,1.728,0.384
Chimp hap2,chr11_hap2_hsa9,active,1.68,0.3835
Chimp hap2,chr11_hap2_hsa9,active,1.768,0.3835
Chimp hap2,chr11_hap2_hsa9,active,1.792,0.3895
Chimp hap2,chr11_hap2_hsa9,active,1.724,0.382
Chimp hap2,chr11_hap2_hsa9,active,1.788,0.3855
Chimp hap2,chr11_hap2_hsa9,active,1.76,0.3875
Chimp hap2,chr11_hap2_hsa9,active,1.724,0.381
Chimp hap2,chr11_hap2_hsa9,active,1.8,0.383
Chimp hap2,chr11_hap2_hsa9,active,1.752,0.381
Chimp hap2,chr11_hap2_hsa9,active,1.772,0.384
Chimp hap2,chr11_hap2_hsa9,active,1.796,0.381
Chimp hap2,chr11_hap2_hsa9,active,1.776,0.3835
Chimp hap2,chr11_hap2_hsa9,active,1.772,0.3835
Chimp hap2,chr11_hap2_hsa9,active,1.764,0.3865
Chimp hap2,chr11_hap2_hsa9,active,1.744,0.382
Chimp hap2,chr11_hap2_hsa9,active,1.764,0.3825
Chimp hap2,chr11_hap2_hsa9,active,1.736,0.3815
Chimp hap2,chr11_hap2_hsa9,active,1.728,0.384
Chimp hap2,chr11_hap2_hsa9,active,1.692,0.3825
Chimp hap2,chr11_hap2_hsa9,active,1.744,0.3875
Chimp hap2,chr11_hap2_hsa9,active,1.812,0.3865
Chimp hap2,chr11_hap2_hsa9,active,1.68,0.382
Chimp hap2,chr11_hap2_hsa9,active,1.7,0.3825
Chimp hap2,chr11_hap2_hsa9,active,1.724,0.3835
Chimp hap2,chr11_hap2_hsa9,active,1.792,0.389
Chimp hap2,chr11_hap2_hsa9,active,1.752,0.3895
Chimp hap2,chr11_hap2_hsa9,active,1.788,0.386
Chimp hap2,chr11_hap2_hsa9,active,1.736,0.3845
Chimp hap2,chr11_hap2_hsa9,active,1.756,0.3875
Chimp hap2,chr11_hap2_hsa9,active,1.768,0.3885
Chimp hap2,chr11_hap2_hsa9,active,1.692,0.3845
Chimp hap2,chr11_hap2_hsa9,active,1.768,0.388
Chimp hap2,chr11_hap2_hsa9,active,1.756,0.389
Chimp hap2,chr11_hap2_hsa9,active,1.756,0.389
Chimp hap2,chr11_hap2_hsa9,active,1.764,0.389
Chimp hap2,chr11_hap2_hsa9,active,1.756,0.3855
Chimp hap2,chr11_hap2_hsa9,active,1.768,0.39
Chimp hap2,chr11_hap2_hsa9,active,1.764,0.3905
Chimp hap2,chr11_hap2_hsa9,active,1.744,0.3875
Chimp hap2,chr11_hap2_hsa9,active,1.772,0.3865
Chimp hap2,chr11_hap2_hsa9,active,1.76,0.3905
Chimp hap2,chr11_hap2_hsa9,active,1.756,0.385
Chimp hap2,chr11_hap2_hsa9,active,1.792,0.3915
Chimp hap2,chr11_hap2_hsa9,active,1.772,0.3885
Chimp hap2,chr11_hap2_hsa9,active,1.76,0.3855
Chimp hap2,chr11_hap2_hsa9,active,1.772,0.3805
Chimp hap2,chr11_hap2_hsa9,active,1.772,0.3825
Chimp hap2,chr11_hap2_hsa9,active,1.76,0.3895
Chimp hap2,chr11_hap2_hsa9,active,1.684,0.383
Chimp hap2,chr11_hap2_hsa9,active,1.764,0.3855
Chimp hap2,chr11_hap2_hsa9,active,1.772,0.3915
Chimp hap2,chr11_hap2_hsa9,active,1.656,0.387
Chimp hap2,chr11_hap2_hsa9,active,1.756,0.3865
Chimp hap2,chr11_hap2_hsa9,active,1.78,0.389
Chimp hap2,chr11_hap2_hsa9,active,1.748,0.387
Chimp hap2,chr11_hap2_hsa9,active,1.764,0.3885
Chimp hap2,chr11_hap2_hsa9,active,1.752,0.389
Chimp hap2,chr11_hap2_hsa9,active,1.728,0.38
Chimp hap2,chr11_hap2_hsa9,active,1.744,0.387
Chimp hap2,chr11_hap2_hsa9,active,1.776,0.3925
Chimp hap2,chr11_hap2_hsa9,active,1.736,0.3865
Chimp hap2,chr11_hap2_hsa9,active,1.744,0.387
Chimp hap2,chr11_hap2_hsa9,active,1.776,0.391
Chimp hap2,chr11_hap2_hsa9,active,1.74,0.388
Chimp hap2,chr11_hap2_hsa9,active,1.768,0.39
Chimp hap2,chr11_hap2_hsa9,active,1.772,0.3885
Chimp hap2,chr11_hap2_hsa9,active,1.748,0.385
Chimp hap2,chr11_hap2_hsa9,active,1.76,0.389
Chimp hap2,chr11_hap2_hsa9,active,1.784,0.3885
Chimp hap2,chr11_hap2_hsa9,active,1.748,0.3865
Chimp hap2,chr11_hap2_hsa9,active,1.78,0.3895
Chimp hap2,chr11_hap2_hsa9,active,1.768,0.387
Chimp hap2,chr11_hap2_hsa9,active,1.776,0.3875
Chimp hap2,chr11_hap2_hsa9,active,1.752,0.3885
Chimp hap2,chr11_hap2_hsa9,active,1.728,0.388
Chimp hap2,chr11_hap2_hsa9,active,1.804,0.3865
Chimp hap2,chr11_hap2_hsa9,active,1.74,0.3875
Chimp hap2,chr11_hap2_hsa9,active,1.768,0.386
Chimp hap2,chr11_hap2_hsa9,active,1.76,0.3885
Chimp hap2,chr11_hap2_hsa9,active,1.776,0.3895
Chimp hap2,chr11_hap2_hsa9,active,1.784,0.3845
Chimp hap2,chr11_hap2_hsa9,active,1.772,0.3905
Chimp hap2,chr11_hap2_hsa9,active,1.748,0.3845
Chimp hap2,chr11_hap2_hsa9,active,1.752,0.382
Chimp hap2,chr11_hap2_hsa9,active,1.752,0.385
Chimp hap2,chr11_hap2_hsa9,active,1.692,0.3835
Chimp hap2,chr11_hap2_hsa9,active,1.772,0.382
Chimp hap2,chr11_hap2_hsa9,active,1.68,0.382
Chimp hap2,chr11_hap2_hsa9,active,1.76,0.384
Chimp hap2,chr11_hap2_hsa9,active,1.748,0.3845
Chimp hap2,chr11_hap2_hsa9,active,1.868,0.3865
Chimp hap2,chr11_hap2_hsa9,active,1.744,0.3845
Chimp hap2,chr11_hap2_hsa9,active,1.76,0.386
Chimp hap2,chr11_hap2_hsa9,active,1.788,0.387
Chimp hap2,chr11_hap2_hsa9,active,1.784,0.386
Chimp hap2,chr11_hap2_hsa9,active,1.696,0.38
Chimp hap2,chr11_hap2_hsa9,active,1.788,0.3845
Chimp hap2,chr11_hap2_hsa9,active,1.796,0.3895
Chimp hap2,chr11_hap2_hsa9,active,1.732,0.3845
Chimp hap2,chr11_hap2_hsa9,active,1.76,0.3835
Chimp hap2,chr11_hap2_hsa9,active,1.752,0.385
Chimp hap2,chr11_hap2_hsa9,active,1.784,0.3855
Chimp hap2,chr11_hap2_hsa9,active,1.82,0.3885
Chimp hap2,chr11_hap2_hsa9,active,1.616,0.384
Chimp hap2,chr11_hap2_hsa9,active,1.704,0.3805
Chimp hap2,chr11_hap2_hsa9,active,1.792,0.384
Chimp hap2,chr11_hap2_hsa9,active,1.76,0.385
Chimp hap2,chr11_hap2_hsa9,active,1.68,0.38
Chimp hap2,chr11_hap2_hsa9,active,1.78,0.386
Chimp hap2,chr11_hap2_hsa9,active,1.76,0.3845
Chimp hap2,chr11_hap2_hsa9,active,1.744,0.385
Chimp hap2,chr11_hap2_hsa9,active,1.668,0.3785
Chimp hap2,chr11_hap2_hsa9,active,1.768,0.3855
Chimp hap2,chr11_hap2_hsa9,active,1.672,0.386
Chimp hap2,chr11_hap2_hsa9,active,1.784,0.3845
Chimp hap2,chr11_hap2_hsa9,active,1.68,0.38
Chimp hap2,chr11_hap2_hsa9,active,1.728,0.383
Chimp hap2,chr11_hap2_hsa9,active,1.8,0.3845
Chimp hap2,chr11_hap2_hsa9,active,1.72,0.384
Chimp hap2,chr11_hap2_hsa9,active,1.652,0.3855
Chimp hap2,chr11_hap2_hsa9,active,1.748,0.386
Chimp hap2,chr11_hap2_hsa9,active,1.748,0.3845
Chimp hap2,chr11_hap2_hsa9,active,1.788,0.3865
Chimp hap2,chr11_hap2_hsa9,active,1.744,0.381
Chimp hap2,chr11_hap2_hsa9,active,1.764,0.385
Chimp hap2,chr11_hap2_hsa9,active,1.76,0.381
Chimp hap2,chr11_hap2_hsa9,active,1.748,0.3845
Chimp hap2,chr11_hap2_hsa9,active,1.776,0.3875
Chimp hap2,chr11_hap2_hsa9,active,1.696,0.3855
Chimp hap2,chr11_hap2_hsa9,active,1.752,0.383
Chimp hap2,chr11_hap2_hsa9,active,1.748,0.386
Chimp hap2,chr11_hap2_hsa9,active,1.736,0.384
Chimp hap2,chr11_hap2_hsa9,active,1.696,0.3805
Chimp hap2,chr11_hap2_hsa9,active,1.656,0.379
Chimp hap2,chr11_hap2_hsa9,active,1.752,0.384
Chimp hap2,chr11_hap2_hsa9,active,1.78,0.387
Chimp hap2,chr11_hap2_hsa9,active,1.756,0.384
Chimp hap2,chr11_hap2_hsa9,active,1.72,0.38
Chimp hap2,chr11_hap2_hsa9,active,1.588,0.3855
Chimp hap2,chr11_hap2_hsa9,active,1.656,0.379
Chimp hap2,chr11_hap2_hsa9,active,1.732,0.384
Chimp hap2,chr11_hap2_hsa9,active,1.684,0.38
Chimp hap2,chr11_hap2_hsa9,active,1.752,0.385
Chimp hap2,chr11_hap2_hsa9,active,1.804,0.384
Chimp hap2,chr11_hap2_hsa9,active,1.608,0.3825
Chimp hap2,chr11_hap2_hsa9,active,1.756,0.3855
Chimp hap2,chr11_hap2_hsa9,active,1.724,0.3785
Chimp hap2,chr11_hap2_hsa9,active,1.592,0.3855
Chimp hap2,chr11_hap2_hsa9,active,1.64,0.379
Chimp hap2,chr11_hap2_hsa9,active,1.712,0.3845
Chimp hap2,chr11_hap2_hsa9,active,1.72,0.386
Chimp hap2,chr11_hap2_hsa9,active,1.664,0.3825
Chimp hap2,chr11_hap2_hsa9,active,1.724,0.384
Chimp hap2,chr11_hap2_hsa9,active,1.708,0.3835
Chimp hap2,chr11_hap2_hsa9,active,1.764,0.3835
Chimp hap2,chr11_hap2_hsa9,active,1.668,0.381
Chimp hap2,chr11_hap2_hsa9,active,1.764,0.382
Chimp hap2,chr11_hap2_hsa9,active,1.704,0.383
Chimp hap2,chr11_hap2_hsa9,active,1.716,0.3845
Chimp hap2,chr11_hap2_hsa9,active,1.712,0.384
Chimp hap2,chr11_hap2_hsa9,active,1.704,0.3835
Chimp hap2,chr11_hap2_hsa9,active,1.684,0.38
Chimp hap2,chr11_hap2_hsa9,active,1.692,0.381
Chimp hap2,chr11_hap2_hsa9,active,1.756,0.3875
Chimp hap2,chr11_hap2_hsa9,active,1.792,0.386
Chimp hap2,chr11_hap2_hsa9,active,1.784,0.3845
Chimp hap2,chr11_hap2_hsa9,active,1.7,0.3815
Chimp hap2,chr11_hap2_hsa9,active,1.8,0.386
Chimp hap2,chr11_hap2_hsa9,active,1.72,0.3825
Chimp hap2,chr11_hap2_hsa9,active,1.784,0.3825
Chimp hap2,chr11_hap2_hsa9,active,1.736,0.384
Chimp hap2,chr11_hap2_hsa9,active,1.76,0.386
Chimp hap2,chr11_hap2_hsa9,active,1.676,0.3785
Chimp hap2,chr11_hap2_hsa9,active,1.776,0.384
Chimp hap2,chr11_hap2_hsa9,active,1.668,0.3815
Chimp hap2,chr11_hap2_hsa9,active,1.704,0.3795
Chimp hap2,chr11_hap2_hsa9,active,1.712,0.3845
Chimp hap2,chr11_hap2_hsa9,active,1.736,0.3835
Chimp hap2,chr11_hap2_hsa9,active,1.668,0.3785
Chimp hap2,chr11_hap2_hsa9,active,1.776,0.386
Chimp hap2,chr11_hap2_hsa9,active,1.692,0.382
Chimp hap2,chr11_hap2_hsa9,active,1.704,0.3805
Chimp hap2,chr11_hap2_hsa9,active,1.68,0.38
Chimp hap2,chr11_hap2_hsa9,active,1.744,0.381
Chimp hap2,chr11_hap2_hsa9,active,1.728,0.3855
Chimp hap2,chr11_hap2_hsa9,active,1.736,0.384
Chimp hap2,chr11_hap2_hsa9,active,1.828,0.389
Chimp hap2,chr11_hap2_hsa9,active,1.756,0.384
Chimp hap2,chr11_hap2_hsa9,active,1.796,0.3845
Chimp hap2,chr11_hap2_hsa9,active,1.748,0.3845
Chimp hap2,chr11_hap2_hsa9,active,1.768,0.385
Chimp hap2,chr11_hap2_hsa9,active,1.672,0.381
Chimp hap2,chr11_hap2_hsa9,active,1.728,0.3845
Chimp hap2,chr11_hap2_hsa9,active,1.716,0.385
Chimp hap2,chr11_hap2_hsa9,active,1.668,0.379
Chimp hap2,chr11_hap2_hsa9,active,1.764,0.386
Chimp hap2,chr11_hap2_hsa9,active,1.664,0.3815
Chimp hap2,chr11_hap2_hsa9,active,1.82,0.3895
Chimp hap2,chr11_hap2_hsa9,active,1.768,0.386
Chimp hap2,chr11_hap2_hsa9,active,1.748,0.3815
Chimp hap2,chr11_hap2_hsa9,active,1.736,0.383
Chimp hap2,chr11_hap2_hsa9,active,1.748,0.3805
Chimp hap2,chr11_hap2_hsa9,active,1.696,0.3835
Chimp hap2,chr11_hap2_hsa9,active,1.74,0.3845
Chimp hap2,chr11_hap2_hsa9,active,1.82,0.388
Chimp hap2,chr11_hap2_hsa9,active,1.78,0.3855
Chimp hap2,chr11_hap2_hsa9,active,1.768,0.387
Chimp hap2,chr11_hap2_hsa9,active,1.704,0.3825
Chimp hap2,chr11_hap2_hsa9,active,1.768,0.3845
Chimp hap2,chr11_hap2_hsa9,active,1.664,0.3895
Chimp hap2,chr11_hap2_hsa9,active,1.812,0.386
Chimp hap2,chr11_hap2_hsa9,active,1.776,0.385
Chimp hap2,chr11_hap2_hsa9,active,1.76,0.386
Chimp hap2,chr11_hap2_hsa9,active,1.82,0.387
Chimp hap2,chr11_hap2_hsa9,active,1.74,0.386
Chimp hap2,chr11_hap2_hsa9,active,1.716,0.383
Chimp hap2,chr11_hap2_hsa9,active,1.764,0.385
Chimp hap2,chr11_hap2_hsa9,active,1.732,0.3835
Chimp hap2,chr11_hap2_hsa9,active,1.676,0.382
Chimp hap2,chr11_hap2_hsa9,active,1.736,0.3845
Chimp hap2,chr11_hap2_hsa9,active,1.784,0.3835
Chimp hap2,chr11_hap2_hsa9,active,1.772,0.385
Chimp hap2,chr11_hap2_hsa9,active,1.804,0.383
Chimp hap2,chr11_hap2_hsa9,active,1.796,0.388
Chimp hap2,chr11_hap2_hsa9,active,1.808,0.3885
Chimp hap2,chr11_hap2_hsa9,active,1.668,0.384
Chimp hap2,chr11_hap2_hsa9,active,1.772,0.389
Chimp hap2,chr11_hap2_hsa9,active,1.66,0.3825
Chimp hap2,chr11_hap2_hsa9,active,1.752,0.3855
Chimp hap2,chr11_hap2_hsa9,active,1.668,0.38
Chimp hap2,chr11_hap2_hsa9,active,1.78,0.387
Chimp hap2,chr11_hap2_hsa9,active,1.736,0.382
Chimp hap2,chr11_hap2_hsa9,active,1.684,0.381
Chimp hap2,chr11_hap2_hsa9,active,1.764,0.385
Chimp hap2,chr11_hap2_hsa9,active,1.752,0.384
Chimp hap2,chr11_hap2_hsa9,active,1.764,0.3865
Chimp hap2,chr11_hap2_hsa9,active,1.704,0.384
Chimp hap2,chr11_hap2_hsa9,active,1.72,0.385
Chimp hap2,chr11_hap2_hsa9,active,1.684,0.3825
Chimp hap2,chr11_hap2_hsa9,active,1.716,0.3835
Chimp hap2,chr11_hap2_hsa9,active,1.708,0.382
Chimp hap2,chr11_hap2_hsa9,active,1.692,0.3805
Chimp hap2,chr11_hap2_hsa9,active,1.748,0.387
Chimp hap2,chr11_hap2_hsa9,active,1.732,0.3865
Chimp hap2,chr11_hap2_hsa9,active,1.68,0.387
Chimp hap2,chr11_hap2_hsa9,active,1.68,0.3805
Chimp hap2,chr11_hap2_hsa9,active,1.788,0.384
Chimp hap2,chr11_hap2_hsa9,active,1.74,0.387
Chimp hap2,chr11_hap2_hsa9,active,1.792,0.386
Chimp hap2,chr11_hap2_hsa9,active,1.744,0.382
Chimp hap2,chr11_hap2_hsa9,active,1.68,0.382
Chimp hap2,chr11_hap2_hsa9,active,1.764,0.384
Chimp hap2,chr11_hap2_hsa9,active,1.756,0.3855
Chimp hap2,chr11_hap2_hsa9,active,1.768,0.3855
Chimp hap2,chr11_hap2_hsa9,active,1.62,0.379
Chimp hap2,chr11_hap2_hsa9,active,1.768,0.388
Chimp hap2,chr11_hap2_hsa9,active,1.764,0.3845
Chimp hap2,chr11_hap2_hsa9,active,1.772,0.384
Chimp hap2,chr11_hap2_hsa9,active,1.736,0.3815
Chimp hap2,chr11_hap2_hsa9,active,1.672,0.384
Chimp hap2,chr11_hap2_hsa9,active,1.764,0.3845
Chimp hap2,chr11_hap2_hsa9,active,1.768,0.3855
Chimp hap2,chr11_hap2_hsa9,active,1.744,0.3855
Chimp hap2,chr11_hap2_hsa9,active,1.728,0.381
Chimp hap2,chr11_hap2_hsa9,active,1.66,0.387
Chimp hap2,chr11_hap2_hsa9,active,1.776,0.3835
Chimp hap2,chr11_hap2_hsa9,active,1.52,0.384
Chimp hap2,chr11_hap2_hsa9,active,1.78,0.385
Chimp hap2,chr11_hap2_hsa9,active,1.708,0.3855
Chimp hap2,chr11_hap2_hsa9,active,1.752,0.3865
Chimp hap2,chr11_hap2_hsa9,active,1.788,0.384
Chimp hap2,chr11_hap2_hsa9,active,1.744,0.3835
Chimp hap2,chr11_hap2_hsa9,active,1.796,0.386
Chimp hap2,chr11_hap2_hsa9,active,1.66,0.3825
Chimp hap2,chr11_hap2_hsa9,active,1.76,0.3845
Chimp hap2,chr11_hap2_hsa9,active,1.752,0.384
Chimp hap2,chr11_hap2_hsa9,active,1.784,0.3875
Chimp hap2,chr11_hap2_hsa9,active,1.76,0.385
Chimp hap2,chr11_hap2_hsa9,active,1.764,0.3885
Chimp hap2,chr11_hap2_hsa9,active,1.78,0.3875
Chimp hap2,chr11_hap2_hsa9,active,1.804,0.3825
Chimp hap2,chr11_hap2_hsa9,active,1.772,0.386
Chimp hap2,chr11_hap2_hsa9,active,1.764,0.387
Chimp hap2,chr11_hap2_hsa9,active,1.768,0.3845
Chimp hap2,chr11_hap2_hsa9,active,1.836,0.384
Chimp hap2,chr11_hap2_hsa9,active,1.776,0.3865
Chimp hap2,chr11_hap2_hsa9,active,1.768,0.388
Chimp hap2,chr11_hap2_hsa9,active,1.768,0.3855
Chimp hap2,chr11_hap2_hsa9,active,1.764,0.3875
Chimp hap2,chr11_hap2_hsa9,active,1.792,0.39
Chimp hap2,chr11_hap2_hsa9,active,1.78,0.387
Chimp hap2,chr11_hap2_hsa9,active,1.792,0.3895
Chimp hap2,chr11_hap2_hsa9,active,1.776,0.3865
Chimp hap2,chr11_hap2_hsa9,active,1.768,0.3865
Chimp hap2,chr11_hap2_hsa9,active,1.796,0.3885
Chimp hap2,chr11_hap2_hsa9,active,1.776,0.3815
Chimp hap2,chr11_hap2_hsa9,active,1.768,0.387
Chimp hap2,chr11_hap2_hsa9,active,1.76,0.382
Chimp hap2,chr11_hap2_hsa9,active,1.732,0.3825
Chimp hap2,chr11_hap2_hsa9,active,1.676,0.3815
Chimp hap2,chr11_hap2_hsa9,active,1.776,0.3865
Chimp hap2,chr11_hap2_hsa9,active,1.768,0.3845
Chimp hap2,chr11_hap2_hsa9,active,1.744,0.3835
Chimp hap2,chr11_hap2_hsa9,active,1.772,0.385
Chimp hap2,chr11_hap2_hsa9,active,1.776,0.386
Chimp hap2,chr11_hap2_hsa9,active,1.808,0.383
Chimp hap2,chr11_hap2_hsa9,active,1.78,0.3805
Chimp hap2,chr11_hap2_hsa9,active,1.784,0.381
Chimp hap2,chr11_hap2_hsa9,active,1.764,0.384
Chimp hap2,chr11_hap2_hsa9,active,1.76,0.3875
Chimp hap2,chr11_hap2_hsa9,active,1.776,0.3865
Chimp hap2,chr11_hap2_hsa9,active,1.812,0.3865
Chimp hap2,chr11_hap2_hsa9,active,1.752,0.385
Chimp hap2,chr11_hap2_hsa9,active,1.772,0.385
Chimp hap2,chr11_hap2_hsa9,active,1.768,0.3865
Chimp hap2,chr11_hap2_hsa9,active,1.788,0.3845
Chimp hap2,chr11_hap2_hsa9,active,1.764,0.3885
Chimp hap2,chr11_hap2_hsa9,active,1.764,0.3845
Chimp hap2,chr11_hap2_hsa9,active,1.788,0.389
Chimp hap2,chr11_hap2_hsa9,active,1.772,0.386
Chimp hap2,chr11_hap2_hsa9,active,1.756,0.384
Chimp hap2,chr11_hap2_hsa9,active,1.768,0.3895
Chimp hap2,chr11_hap2_hsa9,active,1.676,0.3945
Chimp hap2,chr11_hap2_hsa9,active,1.708,0.385
Chimp hap2,chr11_hap2_hsa9,active,1.748,0.3895
Chimp hap2,chr11_hap2_hsa9,active,1.78,0.3905
Chimp hap2,chr11_hap2_hsa9,active,1.616,0.3835
Chimp hap2,chr11_hap2_hsa9,active,1.768,0.385
Chimp hap2,chr11_hap2_hsa9,active,1.792,0.3835
Chimp hap2,chr11_hap2_hsa9,active,1.788,0.388
Chimp hap2,chr11_hap2_hsa9,active,1.748,0.3875
Chimp hap2,chr11_hap2_hsa9,active,1.684,0.3805
Chimp hap2,chr11_hap2_hsa9,active,1.812,0.384
Chimp hap2,chr11_hap2_hsa9,active,1.76,0.3835
Chimp hap2,chr11_hap2_hsa9,active,1.796,0.384
Chimp hap2,chr11_hap2_hsa9,active,1.804,0.383
Chimp hap2,chr11_hap2_hsa9,active,1.676,0.3805
Chimp hap2,chr11_hap2_hsa9,active,1.788,0.3835
Chimp hap2,chr11_hap2_hsa9,active,1.812,0.383
Chimp hap2,chr11_hap2_hsa9,active,1.772,0.3875
Chimp hap2,chr11_hap2_hsa9,active,1.732,0.379
Chimp hap2,chr11_hap2_hsa9,active,1.76,0.3825
Chimp hap2,chr11_hap2_hsa9,active,1.672,0.3825
Chimp hap2,chr11_hap2_hsa9,active,1.704,0.381
Chimp hap2,chr11_hap2_hsa9,active,1.676,0.3805
Chimp hap2,chr11_hap2_hsa9,active,1.772,0.3845
Chimp hap2,chr11_hap2_hsa9,active,1.68,0.382
Chimp hap2,chr11_hap2_hsa9,active,1.744,0.3835
Chimp hap2,chr11_hap2_hsa9,active,1.644,0.383
Chimp hap2,chr11_hap2_hsa9,active,1.688,0.3795
Chimp hap2,chr11_hap2_hsa9,active,1.672,0.3845
Chimp hap2,chr11_hap2_hsa9,active,1.752,0.382
Chimp hap2,chr11_hap2_hsa9,active,1.652,0.3815
Chimp hap2,chr11_hap2_hsa9,active,1.776,0.3835
Chimp hap2,chr11_hap2_hsa9,active,1.68,0.381
Chimp hap2,chr11_hap2_hsa9,active,1.736,0.3845
Chimp hap2,chr11_hap2_hsa9,active,1.652,0.3835
Chimp hap2,chr11_hap2_hsa9,active,1.692,0.3815
Chimp hap2,chr11_hap2_hsa9,active,1.784,0.381
Chimp hap2,chr11_hap2_hsa9,active,1.772,0.3805
Chimp hap2,chr11_hap2_hsa9,active,1.696,0.385
Chimp hap2,chr11_hap2_hsa9,active,1.788,0.3845
Chimp hap2,chr11_hap2_hsa9,active,1.8,0.3855
Chimp hap2,chr11_hap2_hsa9,active,1.76,0.383
Chimp hap2,chr11_hap2_hsa9,active,1.692,0.378
Chimp hap2,chr11_hap2_hsa9,active,1.792,0.3825
Chimp hap2,chr11_hap2_hsa9,active,1.72,0.383
Chimp hap2,chr11_hap2_hsa9,active,1.784,0.3825
Chimp hap2,chr11_hap2_hsa9,active,1.76,0.384
Chimp hap2,chr11_hap2_hsa9,active,1.684,0.3785
Chimp hap2,chr11_hap2_hsa9,active,1.672,0.382
Chimp hap2,chr11_hap2_hsa9,active,1.648,0.3785
Chimp hap2,chr11_hap2_hsa9,active,1.656,0.3825
Chimp hap2,chr11_hap2_hsa9,active,1.756,0.3795
Chimp hap2,chr11_hap2_hsa9,active,1.736,0.385
Chimp hap2,chr11_hap2_hsa9,active,1.664,0.38
Chimp hap2,chr11_hap2_hsa9,active,1.68,0.3795
Chimp hap2,chr11_hap2_hsa9,active,1.788,0.385
Chimp hap2,chr11_hap2_hsa9,active,1.8,0.38
Chimp hap2,chr11_hap2_hsa9,active,1.7,0.3835
Chimp hap2,chr11_hap2_hsa9,active,1.708,0.383
Chimp hap2,chr11_hap2_hsa9,active,1.768,0.3835
Chimp hap2,chr11_hap2_hsa9,active,1.776,0.3855
Chimp hap2,chr11_hap2_hsa9,active,1.788,0.383
Chimp hap2,chr11_hap2_hsa9,active,1.732,0.384
Chimp hap2,chr11_hap2_hsa9,active,1.7,0.381
Chimp hap2,chr11_hap2_hsa9,active,1.772,0.3845
Chimp hap2,chr11_hap2_hsa9,active,1.744,0.38
Chimp hap2,chr11_hap2_hsa9,active,1.736,0.3845
Chimp hap2,chr11_hap2_hsa9,active,1.76,0.386
Chimp hap2,chr11_hap2_hsa9,active,1.772,0.3845
Chimp hap2,chr11_hap2_hsa9,active,1.744,0.381
Chimp hap2,chr11_hap2_hsa9,active,1.8,0.3855
Chimp hap2,chr11_hap2_hsa9,active,1.668,0.382
Chimp hap2,chr11_hap2_hsa9,active,1.724,0.3845
Chimp hap2,chr11_hap2_hsa9,active,1.792,0.384
Chimp hap2,chr11_hap2_hsa9,active,1.788,0.384
Chimp hap2,chr11_hap2_hsa9,active,1.68,0.3795
Chimp hap2,chr11_hap2_hsa9,active,1.736,0.3855
Chimp hap2,chr11_hap2_hsa9,active,1.748,0.38
Chimp hap2,chr11_hap2_hsa9,active,1.732,0.385
Chimp hap2,chr11_hap2_hsa9,active,1.772,0.3835
Chimp hap2,chr11_hap2_hsa9,active,1.776,0.3845
Chimp hap2,chr11_hap2_hsa9,active,1.672,0.382
Chimp hap2,chr11_hap2_hsa9,active,1.8,0.3845
Chimp hap2,chr11_hap2_hsa9,active,1.76,0.3825
Chimp hap2,chr11_hap2_hsa9,active,1.752,0.3805
Chimp hap2,chr11_hap2_hsa9,active,1.752,0.3805
Chimp hap2,chr11_hap2_hsa9,active,1.684,0.3815
Chimp hap2,chr11_hap2_hsa9,active,1.724,0.385
Chimp hap2,chr11_hap2_hsa9,active,1.772,0.3835
Chimp hap2,chr11_hap2_hsa9,active,1.756,0.382
Chimp hap2,chr11_hap2_hsa9,active,1.8,0.3865
Chimp hap2,chr11_hap2_hsa9,active,1.852,0.386
Chimp hap2,chr11_hap2_hsa9,active,1.78,0.3845
Chimp hap2,chr11_hap2_hsa9,active,1.824,0.3885
Chimp hap2,chr11_hap2_hsa9,active,1.824,0.386
Chimp hap2,chr11_hap2_hsa9,active,1.792,0.384
Chimp hap2,chr11_hap2_hsa9,active,1.768,0.3855
Chimp hap2,chr11_hap2_hsa9,active,1.852,0.388
Chimp hap2,chr11_hap2_hsa9,active,1.752,0.3855
Chimp hap2,chr11_hap2_hsa9,active,1.824,0.3885
Chimp hap2,chr11_hap2_hsa9,active,1.8,0.385
Chimp hap2,chr11_hap2_hsa9,active,1.776,0.383
Chimp hap2,chr11_hap2_hsa9,active,1.78,0.388
Chimp hap2,chr11_hap2_hsa9,active,1.78,0.3835
Chimp hap2,chr11_hap2_hsa9,active,1.78,0.3845
Chimp hap2,chr11_hap2_hsa9,active,1.784,0.386
Chimp hap2,chr11_hap2_hsa9,active,1.76,0.386
Chimp hap2,chr11_hap2_hsa9,active,1.788,0.385
Chimp hap2,chr11_hap2_hsa9,active,1.824,0.389
Chimp hap2,chr11_hap2_hsa9,active,1.78,0.381
Chimp hap2,chr11_hap2_hsa9,active,1.82,0.388
Chimp hap2,chr11_hap2_hsa9,active,1.772,0.3855
Chimp hap2,chr11_hap2_hsa9,active,1.788,0.384
Chimp hap2,chr11_hap2_hsa9,active,1.772,0.386
Chimp hap2,chr11_hap2_hsa9,active,1.76,0.384
Chimp hap2,chr11_hap2_hsa9,active,1.812,0.387
Chimp hap2,chr11_hap2_hsa9,active,1.796,0.388
Chimp hap2,chr11_hap2_hsa9,active,1.776,0.3845
Chimp hap2,chr11_hap2_hsa9,active,1.78,0.386
Chimp hap2,chr11_hap2_hsa9,active,1.796,0.3825
Chimp hap2,chr11_hap2_hsa9,active,1.788,0.386
Chimp hap2,chr11_hap2_hsa9,active,1.812,0.3895
Chimp hap2,chr11_hap2_hsa9,active,1.784,0.382
Chimp hap2,chr11_hap2_hsa9,active,1.82,0.3825
Chimp hap2,chr11_hap2_hsa9,active,1.78,0.387
Chimp hap2,chr11_hap2_hsa9,active,1.792,0.3845
Chimp hap2,chr11_hap2_hsa9,active,1.792,0.3875
Chimp hap2,chr11_hap2_hsa9,active,1.788,0.3895
Chimp hap2,chr11_hap2_hsa9,active,1.756,0.386
Chimp hap2,chr11_hap2_hsa9,active,1.776,0.3855
Chimp hap2,chr11_hap2_hsa9,active,1.788,0.3885
Chimp hap2,chr11_hap2_hsa9,active,1.78,0.3855
Chimp hap2,chr11_hap2_hsa9,active,1.804,0.3885
Chimp hap2,chr11_hap2_hsa9,active,1.816,0.387
Chimp hap2,chr11_hap2_hsa9,active,1.808,0.3825
Chimp hap2,chr11_hap2_hsa9,active,1.796,0.388
Chimp hap2,chr11_hap2_hsa9,active,1.804,0.385
Chimp hap2,chr11_hap2_hsa9,active,1.752,0.3845
Chimp hap2,chr11_hap2_hsa9,active,1.836,0.385
Chimp hap2,chr11_hap2_hsa9,active,1.74,0.3845
Chimp hap2,chr11_hap2_hsa9,active,1.724,0.3865
Chimp hap2,chr11_hap2_hsa9,active,1.72,0.385
Chimp hap2,chr11_hap2_hsa9,active,1.708,0.3815
Chimp hap2,chr11_hap2_hsa9,active,1.804,0.3875
Chimp hap2,chr11_hap2_hsa9,active,1.796,0.386
Chimp hap2,chr11_hap2_hsa9,active,1.74,0.382
Chimp hap2,chr11_hap2_hsa9,active,1.776,0.387
Chimp hap2,chr11_hap2_hsa9,active,1.784,0.3855
Chimp hap2,chr11_hap2_hsa9,active,1.764,0.382
Chimp hap2,chr11_hap2_hsa9,active,1.828,0.3845
Chimp hap2,chr11_hap2_hsa9,active,1.764,0.386
Chimp hap2,chr11_hap2_hsa9,active,1.696,0.3795
Chimp hap2,chr11_hap2_hsa9,active,1.812,0.386
Chimp hap2,chr11_hap2_hsa9,active,1.784,0.3835
Chimp hap2,chr11_hap2_hsa9,active,1.808,0.3875
Chimp hap2,chr11_hap2_hsa9,active,1.8,0.385
Chimp hap2,chr11_hap2_hsa9,active,1.768,0.384
Chimp hap2,chr11_hap2_hsa9,active,1.76,0.3855
Chimp hap2,chr11_hap2_hsa9,active,1.724,0.3825
Chimp hap2,chr11_hap2_hsa9,active,1.752,0.389
Chimp hap2,chr11_hap2_hsa9,active,1.736,0.3785
Chimp hap2,chr11_hap2_hsa9,active,1.644,0.3795
Chimp hap2,chr11_hap2_hsa9,active,1.652,0.381
Chimp hap2,chr11_hap2_hsa9,active,1.768,0.3845
Chimp hap2,chr11_hap2_hsa9,active,1.74,0.38
Chimp hap2,chr11_hap2_hsa9,active,1.732,0.3855
Chimp hap2,chr11_hap2_hsa9,active,1.692,0.382
Chimp hap2,chr11_hap2_hsa9,active,1.772,0.3825
Chimp hap2,chr11_hap2_hsa9,active,1.756,0.3865
Chimp hap2,chr11_hap2_hsa9,active,1.768,0.3865
Chimp hap2,chr11_hap2_hsa9,active,1.708,0.381
Chimp hap2,chr11_hap2_hsa9,active,1.764,0.382
Chimp hap2,chr11_hap2_hsa9,active,1.692,0.383
Chimp hap2,chr11_hap2_hsa9,active,1.728,0.383
Chimp hap2,chr11_hap2_hsa9,active,1.768,0.3835
Chimp hap2,chr11_hap2_hsa9,active,1.78,0.386
Chimp hap2,chr11_hap2_hsa9,active,1.728,0.3825
Chimp hap2,chr11_hap2_hsa9,active,1.784,0.3815
Chimp hap2,chr11_hap2_hsa9,active,1.764,0.3835
Chimp hap2,chr11_hap2_hsa9,active,1.7,0.377
Chimp hap2,chr11_hap2_hsa9,active,1.76,0.3825
Chimp hap2,chr11_hap2_hsa9,active,1.72,0.3785
Chimp hap2,chr11_hap2_hsa9,active,1.752,0.3835
Chimp hap2,chr11_hap2_hsa9,active,1.752,0.384
Chimp hap2,chr11_hap2_hsa9,active,1.76,0.3795
Chimp hap2,chr11_hap2_hsa9,active,1.688,0.383
Chimp hap2,chr11_hap2_hsa9,active,1.776,0.382
Chimp hap2,chr11_hap2_hsa9,active,1.74,0.3825
Chimp hap2,chr11_hap2_hsa9,active,1.688,0.3815
Chimp hap2,chr11_hap2_hsa9,active,1.6,0.3885
Chimp hap2,chr11_hap2_hsa9,active,1.776,0.384
Chimp hap2,chr11_hap2_hsa9,active,1.736,0.384
Chimp hap2,chr11_hap2_hsa9,active,1.728,0.38
Chimp hap2,chr11_hap2_hsa9,active,1.696,0.381
Chimp hap2,chr11_hap2_hsa9,active,1.78,0.385
Chimp hap2,chr11_hap2_hsa9,active,1.84,0.386
Chimp hap2,chr11_hap2_hsa9,active,1.8,0.3845
Chimp hap2,chr11_hap2_hsa9,active,1.796,0.388
Chimp hap2,chr11_hap2_hsa9,active,1.82,0.384
Chimp hap2,chr11_hap2_hsa9,active,1.756,0.385
Chimp hap2,chr11_hap2_hsa9,active,1.788,0.386
Chimp hap2,chr11_hap2_hsa9,active,1.752,0.3815
Chimp hap2,chr11_hap2_hsa9,active,1.748,0.379
Chimp hap2,chr11_hap2_hsa9,active,1.828,0.3865
Chimp hap2,chr11_hap2_hsa9,active,1.792,0.386
Chimp hap2,chr11_hap2_hsa9,active,1.776,0.3845
Chimp hap2,chr11_hap2_hsa9,active,1.764,0.3865
Chimp hap2,chr11_hap2_hsa9,active,1.648,0.3795
Chimp hap2,chr11_hap2_hsa9,active,1.784,0.383
Chimp hap2,chr11_hap2_hsa9,active,1.688,0.381
Chimp hap2,chr11_hap2_hsa9,active,1.732,0.383
Chimp hap2,chr11_hap2_hsa9,active,1.676,0.384
Chimp hap2,chr11_hap2_hsa9,active,1.808,0.3855
Chimp hap2,chr11_hap2_hsa9,active,1.676,0.3795
Chimp hap2,chr11_hap2_hsa9,active,1.732,0.3845
Chimp hap2,chr11_hap2_hsa9,active,1.772,0.386
Chimp hap2,chr11_hap2_hsa9,active,1.752,0.3845
Chimp hap2,chr11_hap2_hsa9,active,1.74,0.3805
Chimp hap2,chr11_hap2_hsa9,active,1.796,0.381
Chimp hap2,chr11_hap2_hsa9,active,1.68,0.3795
Chimp hap2,chr11_hap2_hsa9,active,1.776,0.381
Chimp hap2,chr11_hap2_hsa9,active,1.768,0.3825
Chimp hap2,chr11_hap2_hsa9,active,1.78,0.3815
Chimp hap2,chr11_hap2_hsa9,active,1.656,0.3785
Chimp hap2,chr11_hap2_hsa9,active,1.748,0.383
Chimp hap2,chr11_hap2_hsa9,active,1.696,0.3825
Chimp hap2,chr11_hap2_hsa9,active,1.68,0.383
Chimp hap2,chr11_hap2_hsa9,active,1.736,0.3835
Chimp hap2,chr11_hap2_hsa9,active,1.772,0.3835
Chimp hap2,chr11_hap2_hsa9,active,1.712,0.3835
Chimp hap2,chr11_hap2_hsa9,active,1.748,0.381
Chimp hap2,chr11_hap2_hsa9,active,1.8,0.381
Chimp hap2,chr11_hap2_hsa9,active,1.72,0.382
Chimp hap2,chr11_hap2_hsa9,active,1.768,0.384
Chimp hap2,chr11_hap2_hsa9,active,1.732,0.386
Chimp hap2,chr11_hap2_hsa9,active,1.756,0.392
Chimp hap2,chr11_hap2_hsa9,active,1.76,0.388
Chimp hap2,chr11_hap2_hsa9,active,1.768,0.3885
Chimp hap2,chr11_hap2_hsa9,active,1.76,0.3875
Chimp hap2,chr11_hap2_hsa9,active,1.732,0.388
Chimp hap2,chr11_hap2_hsa9,active,1.768,0.3885
Chimp hap2,chr11_hap2_hsa9,active,1.8,0.3885
Chimp hap2,chr11_hap2_hsa9,active,1.772,0.3845
Chimp hap2,chr11_hap2_hsa9,active,1.784,0.3835
Chimp hap2,chr11_hap2_hsa9,active,1.772,0.3875
Chimp hap2,chr11_hap2_hsa9,active,1.752,0.391
Chimp hap2,chr11_hap2_hsa9,active,1.76,0.3875
Chimp hap2,chr11_hap2_hsa9,active,1.776,0.3905
Chimp hap2,chr11_hap2_hsa9,active,1.752,0.386
Chimp hap2,chr11_hap2_hsa9,active,1.768,0.381
Chimp hap2,chr11_hap2_hsa9,active,1.748,0.384
Chimp hap2,chr11_hap2_hsa9,active,1.824,0.3855
Chimp hap2,chr11_hap2_hsa9,active,1.78,0.38
Chimp hap2,chr11_hap2_hsa9,active,1.76,0.3845
Chimp hap2,chr11_hap2_hsa9,active,1.72,0.383
Chimp hap2,chr11_hap2_hsa9,active,1.744,0.386
Chimp hap2,chr11_hap2_hsa9,active,1.76,0.386
Chimp hap2,chr11_hap2_hsa9,active,1.696,0.382
Chimp hap2,chr11_hap2_hsa9,active,1.772,0.388
Chimp hap2,chr11_hap2_hsa9,active,1.756,0.38
Chimp hap2,chr11_hap2_hsa9,active,1.792,0.3845
Chimp hap2,chr11_hap2_hsa9,active,1.82,0.3885
Chimp hap2,chr11_hap2_hsa9,active,1.784,0.3855
Chimp hap2,chr11_hap2_hsa9,active,1.756,0.3835
Chimp hap2,chr11_hap2_hsa9,active,1.764,0.3845
Chimp hap2,chr11_hap2_hsa9,active,1.76,0.3865
Chimp hap2,chr11_hap2_hsa9,active,1.764,0.3835
Chimp hap2,chr11_hap2_hsa9,active,1.792,0.3905
Chimp hap2,chr11_hap2_hsa9,active,1.756,0.385
Chimp hap2,chr11_hap2_hsa9,active,1.76,0.383
Chimp hap2,chr11_hap2_hsa9,active,1.74,0.386
Chimp hap2,chr11_hap2_hsa9,active,1.688,0.3815
Chimp hap2,chr11_hap2_hsa9,active,1.856,0.3875
Chimp hap2,chr11_hap2_hsa9,active,1.788,0.385
Chimp hap2,chr11_hap2_hsa9,active,1.844,0.388
Chimp hap2,chr11_hap2_hsa9,active,1.8,0.3815
Chimp hap2,chr11_hap2_hsa9,active,1.668,0.385
Chimp hap2,chr11_hap2_hsa9,active,1.728,0.38
Chimp hap2,chr11_hap2_hsa9,active,1.736,0.389
Chimp hap2,chr11_hap2_hsa9,active,1.732,0.381
Chimp hap2,chr11_hap2_hsa9,active,1.752,0.383
Chimp hap2,chr11_hap2_hsa9,active,1.688,0.383
Chimp hap2,chr11_hap2_hsa9,active,1.728,0.3855
Chimp hap2,chr11_hap2_hsa9,active,1.792,0.3835
Chimp hap2,chr11_hap2_hsa9,active,1.8,0.385
Chimp hap2,chr11_hap2_hsa9,active,1.7,0.3785
Chimp hap2,chr11_hap2_hsa9,active,1.772,0.382
Chimp hap2,chr11_hap2_hsa9,active,1.708,0.3785
Chimp hap2,chr11_hap2_hsa9,active,1.724,0.3825
Chimp hap2,chr11_hap2_hsa9,active,1.748,0.3815
Chimp hap2,chr11_hap2_hsa9,active,1.82,0.38
Chimp hap2,chr11_hap2_hsa9,active,1.732,0.3825
Chimp hap2,chr11_hap2_hsa9,active,1.7,0.3805
Chimp hap2,chr11_hap2_hsa9,active,1.724,0.3805
Chimp hap2,chr11_hap2_hsa9,active,1.708,0.3835
Chimp hap2,chr11_hap2_hsa9,active,1.72,0.385
Chimp hap2,chr11_hap2_hsa9,active,1.752,0.3825
Chimp hap2,chr11_hap2_hsa9,active,1.76,0.3825
Chimp hap2,chr11_hap2_hsa9,active,1.676,0.379
Chimp hap2,chr11_hap2_hsa9,active,1.768,0.3835
Chimp hap2,chr11_hap2_hsa9,active,1.704,0.382
Chimp hap2,chr11_hap2_hsa9,active,1.748,0.385
Chimp hap2,chr11_hap2_hsa9,active,1.756,0.389
Chimp hap2,chr11_hap2_hsa9,active,1.748,0.385
Chimp hap2,chr11_hap2_hsa9,active,1.764,0.387
Chimp hap2,chr11_hap2_hsa9,active,1.764,0.3925
Chimp hap2,chr11_hap2_hsa9,active,1.772,0.3885
Chimp hap2,chr11_hap2_hsa9,active,1.768,0.392
Chimp hap2,chr11_hap2_hsa9,active,1.764,0.3865
Chimp hap2,chr11_hap2_hsa9,active,1.74,0.384
Chimp hap2,chr11_hap2_hsa9,active,1.804,0.388
Chimp hap2,chr11_hap2_hsa9,active,1.808,0.389
Chimp hap2,chr11_hap2_hsa9,active,1.788,0.3875
Chimp hap2,chr11_hap2_hsa9,active,1.74,0.38
Chimp hap2,chr11_hap2_hsa9,active,1.832,0.388
Chimp hap2,chr11_hap2_hsa9,active,1.752,0.3825
Chimp hap2,chr11_hap2_hsa9,active,1.78,0.3875
Chimp hap2,chr11_hap2_hsa9,active,1.688,0.382
Chimp hap2,chr11_hap2_hsa9,active,1.752,0.387
Chimp hap2,chr11_hap2_hsa9,active,1.752,0.3835
Chimp hap2,chr11_hap2_hsa9,active,1.812,0.3845
Chimp hap2,chr11_hap2_hsa9,active,1.732,0.3835
Chimp hap2,chr11_hap2_hsa9,active,1.764,0.3865
Chimp hap2,chr11_hap2_hsa9,active,1.672,0.379
Chimp hap2,chr11_hap2_hsa9,active,1.768,0.3875
Chimp hap2,chr11_hap2_hsa9,active,1.764,0.383
Chimp hap2,chr11_hap2_hsa9,active,1.752,0.3865
Chimp hap2,chr11_hap2_hsa9,active,1.752,0.384
Chimp hap2,chr11_hap2_hsa9,active,1.764,0.385
Chimp hap2,chr11_hap2_hsa9,active,1.756,0.3855
Chimp hap2,chr11_hap2_hsa9,active,1.756,0.383
Chimp hap2,chr11_hap2_hsa9,active,1.764,0.3865
Chimp hap2,chr11_hap2_hsa9,active,1.7,0.3815
Chimp hap2,chr11_hap2_hsa9,active,1.84,0.3855
Chimp hap2,chr11_hap2_hsa9,active,1.804,0.386
Chimp hap2,chr11_hap2_hsa9,active,1.784,0.3845
Chimp hap2,chr11_hap2_hsa9,active,1.788,0.387
Chimp hap2,chr11_hap2_hsa9,active,1.744,0.3835
Chimp hap2,chr11_hap2_hsa9,active,1.796,0.3855
Chimp hap2,chr11_hap2_hsa9,active,1.792,0.3865
Chimp hap2,chr11_hap2_hsa9,active,1.676,0.3795
Chimp hap2,chr11_hap2_hsa9,active,1.804,0.388
Chimp hap2,chr11_hap2_hsa9,active,1.644,0.385
Chimp hap2,chr11_hap2_hsa9,active,1.852,0.3845
Chimp hap2,chr11_hap2_hsa9,active,1.796,0.381
Chimp hap2,chr11_hap2_hsa9,active,1.776,0.385
Chimp hap2,chr11_hap2_hsa9,active,1.868,0.3895
Chimp hap2,chr11_hap2_hsa9,active,1.804,0.3815
Chimp hap2,chr11_hap2_hsa9,active,1.708,0.384
Chimp hap2,chr11_hap2_hsa9,active,1.768,0.382
Chimp hap2,chr11_hap2_hsa9,active,1.788,0.3875
Chimp hap2,chr11_hap2_hsa9,active,1.808,0.3875
Chimp hap2,chr11_hap2_hsa9,active,1.832,0.38
Chimp hap2,chr11_hap2_hsa9,active,1.692,0.384
Chimp hap2,chr11_hap2_hsa9,active,1.76,0.384
Chimp hap2,chr11_hap2_hsa9,active,1.852,0.3865
Chimp hap2,chr11_hap2_hsa9,active,1.812,0.3815
Chimp hap2,chr11_hap2_hsa9,active,1.708,0.383
Chimp hap2,chr11_hap2_hsa9,active,1.768,0.3855
Chimp hap2,chr11_hap2_hsa9,active,1.692,0.3855
Chimp hap2,chr11_hap2_hsa9,active,1.768,0.389
Chimp hap2,chr11_hap2_hsa9,active,1.772,0.3845
Chimp hap2,chr11_hap2_hsa9,active,1.772,0.3835
Chimp hap2,chr11_hap2_hsa9,active,1.796,0.3835
Chimp hap2,chr11_hap2_hsa9,active,1.748,0.3825
Chimp hap2,chr11_hap2_hsa9,active,1.788,0.387
Chimp hap2,chr11_hap2_hsa9,active,1.812,0.3815
Chimp hap2,chr11_hap2_hsa9,active,1.76,0.387
Chimp hap2,chr11_hap2_hsa9,active,1.736,0.3825
Chimp hap2,chr11_hap2_hsa9,active,1.78,0.3845
Chimp hap2,chr11_hap2_hsa9,active,1.816,0.381
Chimp hap2,chr11_hap2_hsa9,active,1.768,0.3875
Chimp hap2,chr11_hap2_hsa9,active,1.796,0.3835
Chimp hap2,chr11_hap2_hsa9,active,1.7,0.387
Chimp hap2,chr11_hap2_hsa9,active,1.744,0.384
Chimp hap2,chr11_hap2_hsa9,active,1.796,0.3845
Chimp hap2,chr11_hap2_hsa9,active,1.764,0.3895
Chimp hap2,chr11_hap2_hsa9,active,1.74,0.3845
Chimp hap2,chr11_hap2_hsa9,active,1.752,0.383
Chimp hap2,chr11_hap2_hsa9,active,1.764,0.3845
Chimp hap2,chr11_hap2_hsa9,active,1.788,0.3845
Chimp hap2,chr11_hap2_hsa9,active,1.796,0.3845
Chimp hap2,chr11_hap2_hsa9,active,1.764,0.386
Chimp hap2,chr11_hap2_hsa9,active,1.768,0.3855
Chimp hap2,chr11_hap2_hsa9,active,1.776,0.3815
Chimp hap2,chr11_hap2_hsa9,active,1.764,0.386
Chimp hap2,chr11_hap2_hsa9,active,1.744,0.3845
Chimp hap2,chr11_hap2_hsa9,active,1.804,0.3835
Chimp hap2,chr11_hap2_hsa9,active,1.768,0.3845
Chimp hap2,chr11_hap2_hsa9,active,1.812,0.3855
Chimp hap2,chr11_hap2_hsa9,active,1.76,0.382
Chimp hap2,chr11_hap2_hsa9,active,1.712,0.384
Chimp hap2,chr11_hap2_hsa9,active,1.768,0.3835
Chimp hap2,chr11_hap2_hsa9,active,1.744,0.389
Chimp hap2,chr11_hap2_hsa9,active,1.7,0.3815
Chimp hap2,chr11_hap2_hsa9,active,1.764,0.387
Chimp hap2,chr11_hap2_hsa9,active,1.764,0.3865
Chimp hap2,chr11_hap2_hsa9,active,1.744,0.3855
Chimp hap2,chr11_hap2_hsa9,active,1.764,0.3845
Chimp hap2,chr11_hap2_hsa9,active,1.768,0.3865
Chimp hap2,chr11_hap2_hsa9,active,1.74,0.383
Chimp hap2,chr11_hap2_hsa9,active,1.708,0.3835
Chimp hap2,chr11_hap2_hsa9,active,1.736,0.386
Chimp hap2,chr11_hap2_hsa9,active,1.744,0.384
Chimp hap2,chr11_hap2_hsa9,active,1.748,0.382
Chimp hap2,chr11_hap2_hsa9,active,1.76,0.386
Chimp hap2,chr11_hap2_hsa9,active,1.708,0.3835
Chimp hap2,chr11_hap2_hsa9,active,1.804,0.3825
Chimp hap2,chr11_hap2_hsa9,active,1.768,0.3855
Chimp hap2,chr11_hap2_hsa9,active,1.74,0.383
Chimp hap2,chr11_hap2_hsa9,active,1.756,0.387
Chimp hap2,chr11_hap2_hsa9,active,1.76,0.384
Chimp hap2,chr11_hap2_hsa9,active,1.796,0.382
Chimp hap2,chr11_hap2_hsa9,active,1.812,0.3835
Chimp hap2,chr11_hap2_hsa9,active,1.752,0.383
Chimp hap2,chr11_hap2_hsa9,active,1.768,0.384
Chimp hap2,chr11_hap2_hsa9,active,1.784,0.3835
Chimp hap2,chr11_hap2_hsa9,active,1.72,0.3835
Chimp hap2,chr11_hap2_hsa9,active,1.776,0.3845
Chimp hap2,chr11_hap2_hsa9,active,1.724,0.3865
Chimp hap2,chr11_hap2_hsa9,active,1.756,0.384
Chimp hap2,chr11_hap2_hsa9,active,1.72,0.382
Chimp hap2,chr11_hap2_hsa9,active,1.748,0.385
Chimp hap2,chr11_hap2_hsa9,active,1.732,0.385
Chimp hap2,chr11_hap2_hsa9,active,1.74,0.382
Chimp hap2,chr11_hap2_hsa9,active,1.74,0.3855
Chimp hap2,chr11_hap2_hsa9,active,1.728,0.3795
Chimp hap2,chr11_hap2_hsa9,active,1.68,0.3845
Chimp hap2,chr11_hap2_hsa9,active,1.736,0.3835
Chimp hap2,chr11_hap2_hsa9,active,1.776,0.383
Chimp hap2,chr11_hap2_hsa9,active,1.656,0.382
Chimp hap2,chr11_hap2_hsa9,active,1.728,0.3835
Chimp hap2,chr11_hap2_hsa9,active,1.668,0.385
Chimp hap2,chr11_hap2_hsa9,active,1.728,0.3845
Chimp hap2,chr11_hap2_hsa9,active,1.728,0.3875
Chimp hap2,chr11_hap2_hsa9,active,1.684,0.3845
Chimp hap2,chr11_hap2_hsa9,active,1.772,0.386
Chimp hap2,chr11_hap2_hsa9,active,1.692,0.385
Chimp hap2,chr11_hap2_hsa9,active,1.768,0.3865
Chimp hap2,chr11_hap2_hsa9,active,1.74,0.3855
Chimp hap2,chr11_hap2_hsa9,active,1.748,0.3885
Chimp hap2,chr11_hap2_hsa9,active,1.612,0.3815
Chimp hap2,chr11_hap2_hsa9,active,1.764,0.391
Chimp hap2,chr11_hap2_hsa9,active,1.764,0.384
Chimp hap2,chr11_hap2_hsa9,active,1.752,0.3845
Chimp hap2,chr11_hap2_hsa9,active,1.752,0.3875
Chimp hap2,chr11_hap2_hsa9,active,1.716,0.385
Chimp hap2,chr11_hap2_hsa9,active,1.792,0.3905
Chimp hap2,chr11_hap2_hsa9,active,1.78,0.385
Chimp hap2,chr11_hap2_hsa9,active,1.76,0.385
Chimp hap2,chr11_hap2_hsa9,active,1.78,0.387
Chimp hap2,chr11_hap2_hsa9,active,1.656,0.39
Chimp hap2,chr11_hap2_hsa9,active,1.788,0.386
Chimp hap2,chr11_hap2_hsa9,active,1.772,0.385
Chimp hap2,chr11_hap2_hsa9,active,1.78,0.3855
Chimp hap2,chr11_hap2_hsa9,active,1.78,0.386
Chimp hap2,chr11_hap2_hsa9,active,1.788,0.3875
Chimp hap2,chr11_hap2_hsa9,active,1.768,0.385
Chimp hap2,chr11_hap2_hsa9,active,1.776,0.386
Chimp hap2,chr11_hap2_hsa9,active,1.808,0.3875
Chimp hap2,chr11_hap2_hsa9,active,1.7,0.383
Chimp hap2,chr11_hap2_hsa9,active,1.696,0.3875
Chimp hap2,chr11_hap2_hsa9,active,1.792,0.3835
Chimp hap2,chr11_hap2_hsa9,active,1.84,0.388
Chimp hap2,chr11_hap2_hsa9,active,1.768,0.383
Chimp hap2,chr11_hap2_hsa9,active,1.804,0.3865
Chimp hap2,chr11_hap2_hsa9,active,1.82,0.3845
Chimp hap2,chr11_hap2_hsa9,active,1.808,0.3875
Chimp hap2,chr11_hap2_hsa9,active,1.756,0.3855
Chimp hap2,chr11_hap2_hsa9,active,1.732,0.3835
Chimp hap2,chr11_hap2_hsa9,active,1.768,0.3815
Chimp hap2,chr11_hap2_hsa9,active,1.708,0.3815
Chimp hap2,chr11_hap2_hsa9,active,1.732,0.383
Chimp hap2,chr11_hap2_hsa9,active,1.78,0.384
Chimp hap2,chr11_hap2_hsa9,active,1.824,0.387
Chimp hap2,chr11_hap2_hsa9,active,1.884,0.379
Chimp hap2,chr11_hap2_hsa9,active,1.78,0.388
Chimp hap2,chr11_hap2_hsa9,active,1.836,0.3825
Chimp hap2,chr11_hap2_hsa9,active,1.812,0.3865
Chimp hap2,chr11_hap2_hsa9,active,1.768,0.384
Chimp hap2,chr11_hap2_hsa9,active,1.776,0.384
Chimp hap2,chr11_hap2_hsa9,active,1.752,0.385
Chimp hap2,chr11_hap2_hsa9,active,1.8,0.3845
Chimp hap2,chr11_hap2_hsa9,active,1.832,0.3835
Chimp hap2,chr11_hap2_hsa9,active,1.672,0.379
Chimp hap2,chr11_hap2_hsa9,active,1.864,0.389
Chimp hap2,chr11_hap2_hsa9,active,1.792,0.382
Chimp hap2,chr11_hap2_hsa9,active,1.828,0.389
Chimp hap2,chr11_hap2_hsa9,active,1.768,0.3845
Chimp hap2,chr11_hap2_hsa9,active,1.788,0.3845
Chimp hap2,chr11_hap2_hsa9,active,1.792,0.387
Chimp hap2,chr11_hap2_hsa9,active,1.756,0.3825
Chimp hap2,chr11_hap2_hsa9,active,1.788,0.3865
Chimp hap2,chr11_hap2_hsa9,active,1.64,0.3805
Chimp hap2,chr11_hap2_hsa9,active,1.8,0.3825
Chimp hap2,chr11_hap2_hsa9,active,1.788,0.386
Chimp hap2,chr11_hap2_hsa9,active,1.784,0.385
Chimp hap2,chr11_hap2_hsa9,active,1.784,0.389
Chimp hap2,chr11_hap2_hsa9,active,1.808,0.385
Chimp hap2,chr11_hap2_hsa9,active,1.808,0.3875
Chimp hap2,chr11_hap2_hsa9,active,1.796,0.384
Chimp hap2,chr11_hap2_hsa9,active,1.784,0.3805
Chimp hap2,chr11_hap2_hsa9,active,1.792,0.387
Chimp hap2,chr11_hap2_hsa9,active,1.772,0.3855
Chimp hap2,chr11_hap2_hsa9,active,1.804,0.3835
Chimp hap2,chr11_hap2_hsa9,active,1.752,0.383
Chimp hap2,chr11_hap2_hsa9,active,1.788,0.389
Chimp hap2,chr11_hap2_hsa9,active,1.784,0.38
Chimp hap2,chr11_hap2_hsa9,active,1.764,0.384
Chimp hap2,chr11_hap2_hsa9,active,1.756,0.384
Chimp hap2,chr11_hap2_hsa9,active,1.812,0.3815
Chimp hap2,chr11_hap2_hsa9,active,1.784,0.3845
Chimp hap2,chr11_hap2_hsa9,active,1.764,0.383
Chimp hap2,chr11_hap2_hsa9,active,1.668,0.38
Chimp hap2,chr11_hap2_hsa9,active,1.8,0.385
Chimp hap2,chr11_hap2_hsa9,active,1.72,0.3775
Chimp hap2,chr11_hap2_hsa9,active,1.828,0.3865
Chimp hap2,chr11_hap2_hsa9,active,1.828,0.3815
Chimp hap2,chr11_hap2_hsa9,active,1.812,0.384
Chimp hap2,chr11_hap2_hsa9,active,1.812,0.3825
Chimp hap2,chr11_hap2_hsa9,active,1.776,0.3845
Chimp hap2,chr11_hap2_hsa9,active,1.696,0.376
Chimp hap2,chr11_hap2_hsa9,active,1.772,0.38
Chimp hap2,chr11_hap2_hsa9,active,1.672,0.3795
Chimp hap2,chr11_hap2_hsa9,active,1.836,0.384
Chimp hap2,chr11_hap2_hsa9,active,1.76,0.3825
Chimp hap2,chr11_hap2_hsa9,active,1.816,0.3865
Chimp hap2,chr11_hap2_hsa9,active,1.74,0.383
Chimp hap2,chr11_hap2_hsa9,active,1.696,0.3845
Chimp hap2,chr11_hap2_hsa9,active,1.768,0.3855
Chimp hap2,chr11_hap2_hsa9,active,1.828,0.3855
Chimp hap2,chr11_hap2_hsa9,active,1.812,0.386
Chimp hap2,chr11_hap2_hsa9,active,1.784,0.3835
Chimp hap2,chr11_hap2_hsa9,active,1.692,0.384
Chimp hap2,chr11_hap2_hsa9,active,1.8,0.3875
Chimp hap2,chr11_hap2_hsa9,active,1.796,0.381
Chimp hap2,chr11_hap2_hsa9,active,1.812,0.381
Chimp hap2,chr11_hap2_hsa9,active,1.864,0.3835
Chimp hap2,chr11_hap2_hsa9,active,1.748,0.3845
Chimp hap2,chr11_hap2_hsa9,active,1.836,0.384
Chimp hap2,chr11_hap2_hsa9,active,1.792,0.383
Chimp hap2,chr11_hap2_hsa9,active,1.844,0.3825
Chimp hap2,chr11_hap2_hsa9,active,1.784,0.3845
Chimp hap2,chr11_hap2_hsa9,active,1.788,0.3845
Chimp hap2,chr11_hap2_hsa9,active,1.796,0.3835
Chimp hap2,chr11_hap2_hsa9,active,1.776,0.3825
Chimp hap2,chr11_hap2_hsa9,active,1.832,0.382
Chimp hap2,chr11_hap2_hsa9,active,1.808,0.385
Chimp hap2,chr11_hap2_hsa9,active,1.768,0.3835
Chimp hap2,chr11_hap2_hsa9,active,1.808,0.384
Chimp hap2,chr11_hap2_hsa9,active,1.8,0.3825
Chimp hap2,chr11_hap2_hsa9,active,1.812,0.3865
Chimp hap2,chr11_hap2_hsa9,active,1.828,0.384
Chimp hap2,chr11_hap2_hsa9,active,1.784,0.386
Chimp hap2,chr11_hap2_hsa9,active,1.772,0.379
Chimp hap2,chr11_hap2_hsa9,active,1.788,0.386
Chimp hap2,chr11_hap2_hsa9,active,1.748,0.3805
Chimp hap2,chr11_hap2_hsa9,active,1.792,0.383
Chimp hap2,chr11_hap2_hsa9,active,1.672,0.381
Chimp hap2,chr11_hap2_hsa9,active,1.748,0.3825
Chimp hap2,chr11_hap2_hsa9,active,1.828,0.3835
Chimp hap2,chr11_hap2_hsa9,active,1.792,0.3825
Chimp hap2,chr11_hap2_hsa9,active,1.804,0.3845
Chimp hap2,chr11_hap2_hsa9,active,1.808,0.3815
Chimp hap2,chr11_hap2_hsa9,active,1.772,0.383
Chimp hap2,chr11_hap2_hsa9,active,1.724,0.3825
Chimp hap2,chr11_hap2_hsa9,active,1.788,0.3835
Chimp hap2,chr11_hap2_hsa9,active,1.668,0.3865
Chimp hap2,chr11_hap2_hsa9,active,1.668,0.383
Chimp hap2,chr11_hap2_hsa9,active,1.732,0.385
Chimp hap2,chr11_hap2_hsa9,active,1.752,0.3815
Chimp hap2,chr11_hap2_hsa9,active,1.816,0.385
Chimp hap2,chr11_hap2_hsa9,active,1.684,0.385
Chimp hap2,chr11_hap2_hsa9,active,1.784,0.3855
Chimp hap2,chr11_hap2_hsa9,active,1.792,0.382
Chimp hap2,chr11_hap2_hsa9,active,1.776,0.385
Chimp hap2,chr11_hap2_hsa9,active,1.776,0.3835
Chimp hap2,chr11_hap2_hsa9,active,1.836,0.3865
Chimp hap2,chr11_hap2_hsa9,active,1.776,0.3845
Chimp hap2,chr11_hap2_hsa9,active,1.772,0.385
Chimp hap2,chr11_hap2_hsa9,active,1.78,0.38
Chimp hap2,chr11_hap2_hsa9,active,1.836,0.384
Chimp hap2,chr11_hap2_hsa9,active,1.796,0.3795
Chimp hap2,chr11_hap2_hsa9,active,1.76,0.383
Chimp hap2,chr11_hap2_hsa9,active,1.768,0.381
Chimp hap2,chr11_hap2_hsa9,active,1.788,0.3835
Chimp hap2,chr11_hap2_hsa9,active,1.752,0.3835
Chimp hap2,chr11_hap2_hsa9,active,1.776,0.385
Chimp hap2,chr11_hap2_hsa9,active,1.728,0.384
Chimp hap2,chr11_hap2_hsa9,active,1.796,0.384
Chimp hap2,chr11_hap2_hsa9,active,1.8,0.379
Chimp hap2,chr11_hap2_hsa9,active,1.84,0.3825
Chimp hap2,chr11_hap2_hsa9,active,1.748,0.3815
Chimp hap2,chr11_hap2_hsa9,active,1.74,0.3845
Chimp hap2,chr11_hap2_hsa9,active,1.76,0.3855
Chimp hap2,chr11_hap2_hsa9,active,1.828,0.3815
Chimp hap2,chr11_hap2_hsa9,active,1.824,0.384
Chimp hap2,chr11_hap2_hsa9,active,1.684,0.3825
Chimp hap2,chr11_hap2_hsa9,active,1.884,0.3835
Chimp hap2,chr11_hap2_hsa9,active,1.688,0.3815
Chimp hap2,chr11_hap2_hsa9,active,1.828,0.381
Chimp hap2,chr11_hap2_hsa9,active,1.78,0.3855
Chimp hap2,chr11_hap2_hsa9,active,1.78,0.3845
Chimp hap2,chr11_hap2_hsa9,active,1.796,0.381
Chimp hap2,chr11_hap2_hsa9,active,1.836,0.3855
Chimp hap2,chr11_hap2_hsa9,active,1.804,0.382
Chimp hap2,chr11_hap2_hsa9,active,1.812,0.382
Chimp hap2,chr11_hap2_hsa9,active,1.764,0.381
Chimp hap2,chr11_hap2_hsa9,active,1.796,0.3855
Chimp hap2,chr11_hap2_hsa9,active,1.792,0.3815
Chimp hap2,chr11_hap2_hsa9,active,1.816,0.384
Chimp hap2,chr11_hap2_hsa9,active,1.836,0.3855
Chimp hap2,chr11_hap2_hsa9,active,1.768,0.3785
Chimp hap2,chr11_hap2_hsa9,active,1.672,0.3865
Chimp hap2,chr11_hap2_hsa9,active,1.84,0.3835
Chimp hap2,chr11_hap2_hsa9,active,1.804,0.383
Chimp hap2,chr11_hap2_hsa9,active,1.812,0.385
Chimp hap2,chr11_hap2_hsa9,active,1.804,0.3825
Chimp hap2,chr11_hap2_hsa9,active,1.88,0.384
Chimp hap2,chr11_hap2_hsa9,active,1.732,0.379
Chimp hap2,chr11_hap2_hsa9,active,1.852,0.3825
Chimp hap2,chr11_hap2_hsa9,active,1.88,0.379
Chimp hap2,chr11_hap2_hsa9,active,1.78,0.3815
Chimp hap2,chr11_hap2_hsa9,active,1.832,0.3865
Chimp hap2,chr11_hap2_hsa9,active,1.792,0.3795
Chimp hap2,chr11_hap2_hsa9,active,1.876,0.3805
Chimp hap2,chr11_hap2_hsa9,active,1.836,0.3825
Chimp hap2,chr11_hap2_hsa9,active,1.832,0.38
Chimp hap2,chr11_hap2_hsa9,active,1.868,0.3835
Chimp hap2,chr11_hap2_hsa9,active,1.784,0.38
Chimp hap2,chr11_hap2_hsa9,active,1.848,0.382
Chimp hap2,chr11_hap2_hsa9,active,1.864,0.377
Chimp hap2,chr11_hap2_hsa9,active,1.936,0.3825
Chimp hap2,chr11_hap2_hsa9,active,1.792,0.379
Chimp hap2,chr11_hap2_hsa9,active,1.9,0.376
Chimp hap2,chr11_hap2_hsa9,active,1.888,0.3835
Chimp hap2,chr11_hap2_hsa9,active,1.868,0.379
Chimp hap2,chr11_hap2_hsa9,active,1.864,0.3785
Chimp hap2,chr11_hap2_hsa9,active,2.064,0.371
Chimp hap2,chr11_hap2_hsa9,active,1.96,0.359
Chimp hap2,chr11_hap2_hsa9,active,1.996,0.359
Chimp hap2,chr11_hap2_hsa9,active,1.892,0.365
Chimp hap2,chr11_hap2_hsa9,active,1.948,0.355
Chimp hap2,chr11_hap2_hsa9,active,1.948,0.3605
Chimp hap2,chr11_hap2_hsa9,active,1.88,0.3565
Chimp hap2,chr11_hap2_hsa9,active,1.932,0.3565
Chimp hap2,chr11_hap2_hsa9,inactive,1.872,0.364
Chimp hap2,chr11_hap2_hsa9,inactive,1.788,0.3685
Chimp hap2,chr11_hap2_hsa9,inactive,1.964,0.3675
Chimp hap2,chr11_hap2_hsa9,inactive,1.928,0.3675
Chimp hap2,chr11_hap2_hsa9,inactive,1.904,0.3665
Chimp hap2,chr11_hap2_hsa9,inactive,1.908,0.357
Chimp hap2,chr11_hap2_hsa9,inactive,1.876,0.358
Chimp hap2,chr11_hap2_hsa9,inactive,1.94,0.36
Chimp hap2,chr11_hap2_hsa9,inactive,1.9,0.353
Chimp hap2,chr11_hap2_hsa9,inactive,1.948,0.366
Chimp hap2,chr11_hap2_hsa9,inactive,1.892,0.3595
Chimp hap2,chr15_hap2_hsa14,inactive,1.868,0.368
Chimp hap2,chr15_hap2_hsa14,inactive,1.808,0.3765
Chimp hap2,chr15_hap2_hsa14,inactive,1.808,0.3735
Chimp hap2,chr15_hap2_hsa14,inactive,1.824,0.376
Chimp hap2,chr15_hap2_hsa14,inactive,1.792,0.375
Chimp hap2,chr15_hap2_hsa14,inactive,1.812,0.3765
Chimp hap2,chr15_hap2_hsa14,inactive,1.748,0.3745
Chimp hap2,chr15_hap2_hsa14,inactive,1.832,0.375
Chimp hap2,chr15_hap2_hsa14,inactive,1.82,0.379
Chimp hap2,chr15_hap2_hsa14,inactive,1.82,0.377
Chimp hap2,chr15_hap2_hsa14,inactive,1.868,0.3765
Chimp hap2,chr15_hap2_hsa14,inactive,1.864,0.378
Chimp hap2,chr15_hap2_hsa14,inactive,1.848,0.3755
Chimp hap2,chr15_hap2_hsa14,inactive,1.856,0.378
Chimp hap2,chr15_hap2_hsa14,inactive,1.848,0.378
Chimp hap2,chr15_hap2_hsa14,inactive,1.852,0.377
Chimp hap2,chr15_hap2_hsa14,inactive,1.876,0.3765
Chimp hap2,chr15_hap2_hsa14,inactive,1.856,0.378
Chimp hap2,chr15_hap2_hsa14,inactive,1.844,0.3775
Chimp hap2,chr15_hap2_hsa14,inactive,1.856,0.3765
Chimp hap2,chr15_hap2_hsa14,inactive,1.848,0.3775
Chimp hap2,chr15_hap2_hsa14,inactive,1.852,0.376
Chimp hap2,chr15_hap2_hsa14,inactive,1.864,0.376
Chimp hap2,chr15_hap2_hsa14,inactive,1.836,0.378
Chimp hap2,chr15_hap2_hsa14,inactive,1.844,0.3755
Chimp hap2,chr15_hap2_hsa14,inactive,1.844,0.3785
Chimp hap2,chr15_hap2_hsa14,inactive,1.844,0.377
Chimp hap2,chr15_hap2_hsa14,inactive,1.848,0.378
Chimp hap2,chr15_hap2_hsa14,inactive,1.852,0.375
Chimp hap2,chr15_hap2_hsa14,inactive,1.836,0.377
Chimp hap2,chr15_hap2_hsa14,inactive,1.864,0.3755
Chimp hap2,chr15_hap2_hsa14,inactive,1.824,0.3755
Chimp hap2,chr15_hap2_hsa14,inactive,1.836,0.3755
Chimp hap2,chr15_hap2_hsa14,inactive,1.836,0.375
Chimp hap2,chr15_hap2_hsa14,inactive,1.84,0.3715
Chimp hap2,chr15_hap2_hsa14,inactive,1.828,0.3785
Chimp hap2,chr15_hap2_hsa14,inactive,1.816,0.3745
Chimp hap2,chr15_hap2_hsa14,inactive,1.832,0.375
Chimp hap2,chr15_hap2_hsa14,inactive,1.836,0.376
Chimp hap2,chr15_hap2_hsa14,inactive,1.82,0.374
Chimp hap2,chr15_hap2_hsa14,inactive,1.828,0.375
Chimp hap2,chr15_hap2_hsa14,inactive,1.832,0.3735
Chimp hap2,chr15_hap2_hsa14,inactive,1.828,0.377
Chimp hap2,chr15_hap2_hsa14,inactive,1.832,0.375
Chimp hap2,chr15_hap2_hsa14,inactive,1.824,0.377
Chimp hap2,chr15_hap2_hsa14,inactive,1.828,0.377
Chimp hap2,chr15_hap2_hsa14,inactive,1.856,0.376
Chimp hap2,chr15_hap2_hsa14,inactive,1.86,0.378
Chimp hap2,chr15_hap2_hsa14,inactive,1.84,0.375
Chimp hap2,chr15_hap2_hsa14,inactive,1.86,0.3785
Chimp hap2,chr15_hap2_hsa14,inactive,1.804,0.377
Chimp hap2,chr15_hap2_hsa14,inactive,1.796,0.3755
Chimp hap2,chr15_hap2_hsa14,inactive,1.836,0.377
Chimp hap2,chr15_hap2_hsa14,inactive,1.84,0.378
Chimp hap2,chr15_hap2_hsa14,inactive,1.812,0.3775
Chimp hap2,chr15_hap2_hsa14,inactive,1.844,0.3775
Chimp hap2,chr15_hap2_hsa14,inactive,1.824,0.3795
Chimp hap2,chr15_hap2_hsa14,inactive,1.824,0.3755
Chimp hap2,chr15_hap2_hsa14,inactive,1.844,0.3805
Chimp hap2,chr15_hap2_hsa14,inactive,1.832,0.3785
Chimp hap2,chr15_hap2_hsa14,inactive,1.828,0.3775
Chimp hap2,chr15_hap2_hsa14,inactive,1.828,0.378
Chimp hap2,chr15_hap2_hsa14,inactive,1.828,0.3765
Chimp hap2,chr15_hap2_hsa14,inactive,1.852,0.377
Chimp hap2,chr15_hap2_hsa14,inactive,1.844,0.381
Chimp hap2,chr15_hap2_hsa14,inactive,1.84,0.3785
Chimp hap2,chr15_hap2_hsa14,inactive,1.82,0.379
Chimp hap2,chr15_hap2_hsa14,inactive,1.82,0.379
Chimp hap2,chr15_hap2_hsa14,inactive,1.824,0.3775
Chimp hap2,chr15_hap2_hsa14,inactive,1.844,0.376
Chimp hap2,chr15_hap2_hsa14,inactive,1.82,0.3805
Chimp hap2,chr15_hap2_hsa14,inactive,1.832,0.378
Chimp hap2,chr15_hap2_hsa14,inactive,1.8,0.3775
Chimp hap2,chr15_hap2_hsa14,inactive,1.82,0.3785
Chimp hap2,chr15_hap2_hsa14,inactive,1.828,0.378
Chimp hap2,chr15_hap2_hsa14,inactive,1.84,0.3775
Chimp hap2,chr15_hap2_hsa14,inactive,1.828,0.3785
Chimp hap2,chr15_hap2_hsa14,inactive,1.832,0.3775
Chimp hap2,chr15_hap2_hsa14,inactive,1.8,0.378
Chimp hap2,chr15_hap2_hsa14,inactive,1.744,0.3765
Chimp hap2,chr15_hap2_hsa14,inactive,1.864,0.3795
Chimp hap2,chr15_hap2_hsa14,inactive,1.832,0.3805
Chimp hap2,chr15_hap2_hsa14,inactive,1.86,0.378
Chimp hap2,chr15_hap2_hsa14,inactive,1.864,0.3785
Chimp hap2,chr15_hap2_hsa14,inactive,1.848,0.377
Chimp hap2,chr15_hap2_hsa14,inactive,1.844,0.376
Chimp hap2,chr15_hap2_hsa14,inactive,1.836,0.3745
Chimp hap2,chr15_hap2_hsa14,inactive,1.828,0.3795
Chimp hap2,chr15_hap2_hsa14,inactive,1.844,0.375
Chimp hap2,chr15_hap2_hsa14,inactive,1.868,0.378
Chimp hap2,chr15_hap2_hsa14,inactive,1.812,0.3795
Chimp hap2,chr15_hap2_hsa14,inactive,1.84,0.376
Chimp hap2,chr15_hap2_hsa14,inactive,1.784,0.378
Chimp hap2,chr15_hap2_hsa14,inactive,1.804,0.374
Chimp hap2,chr15_hap2_hsa14,inactive,1.82,0.3765
Chimp hap2,chr15_hap2_hsa14,inactive,1.864,0.3775
Chimp hap2,chr15_hap2_hsa14,inactive,1.808,0.376
Chimp hap2,chr15_hap2_hsa14,inactive,1.836,0.3795
Chimp hap2,chr15_hap2_hsa14,inactive,1.796,0.378
Chimp hap2,chr15_hap2_hsa14,inactive,1.82,0.3765
Chimp hap2,chr15_hap2_hsa14,inactive,1.816,0.3755
Chimp hap2,chr15_hap2_hsa14,inactive,1.832,0.381
Chimp hap2,chr15_hap2_hsa14,inactive,1.792,0.3755
Chimp hap2,chr15_hap2_hsa14,inactive,1.836,0.3775
Chimp hap2,chr15_hap2_hsa14,inactive,1.808,0.3765
Chimp hap2,chr15_hap2_hsa14,inactive,1.82,0.3765
Chimp hap2,chr15_hap2_hsa14,inactive,1.84,0.3745
Chimp hap2,chr15_hap2_hsa14,inactive,1.848,0.3775
Chimp hap2,chr15_hap2_hsa14,inactive,1.844,0.377
Chimp hap2,chr15_hap2_hsa14,inactive,1.812,0.376
Chimp hap2,chr15_hap2_hsa14,inactive,1.82,0.375
Chimp hap2,chr15_hap2_hsa14,inactive,1.82,0.3765
Chimp hap2,chr15_hap2_hsa14,inactive,1.8,0.3765
Chimp hap2,chr15_hap2_hsa14,inactive,1.832,0.3755
Chimp hap2,chr15_hap2_hsa14,inactive,1.824,0.376
Chimp hap2,chr15_hap2_hsa14,inactive,1.836,0.377
Chimp hap2,chr15_hap2_hsa14,inactive,1.824,0.376
Chimp hap2,chr15_hap2_hsa14,inactive,1.828,0.3755
Chimp hap2,chr15_hap2_hsa14,inactive,1.808,0.3775
Chimp hap2,chr15_hap2_hsa14,inactive,1.816,0.3755
Chimp hap2,chr15_hap2_hsa14,inactive,1.832,0.374
Chimp hap2,chr15_hap2_hsa14,inactive,1.832,0.378
Chimp hap2,chr15_hap2_hsa14,inactive,1.824,0.3745
Chimp hap2,chr15_hap2_hsa14,inactive,1.812,0.377
Chimp hap2,chr15_hap2_hsa14,inactive,1.816,0.3775
Chimp hap2,chr15_hap2_hsa14,inactive,1.852,0.3745
Chimp hap2,chr15_hap2_hsa14,inactive,1.856,0.3735
Chimp hap2,chr15_hap2_hsa14,inactive,1.816,0.377
Chimp hap2,chr15_hap2_hsa14,inactive,1.812,0.377
Chimp hap2,chr15_hap2_hsa14,inactive,1.84,0.374
Chimp hap2,chr15_hap2_hsa14,inactive,1.836,0.376
Chimp hap2,chr15_hap2_hsa14,inactive,1.836,0.371
Chimp hap2,chr15_hap2_hsa14,inactive,1.832,0.377
Chimp hap2,chr15_hap2_hsa14,inactive,1.84,0.374
Chimp hap2,chr15_hap2_hsa14,inactive,1.768,0.3745
Chimp hap2,chr15_hap2_hsa14,inactive,1.836,0.3765
Chimp hap2,chr15_hap2_hsa14,inactive,1.82,0.376
Chimp hap2,chr15_hap2_hsa14,inactive,1.824,0.3725
Chimp hap2,chr15_hap2_hsa14,inactive,1.804,0.375
Chimp hap2,chr15_hap2_hsa14,inactive,1.844,0.376
Chimp hap2,chr15_hap2_hsa14,inactive,1.796,0.3765
Chimp hap2,chr15_hap2_hsa14,inactive,1.824,0.374
Chimp hap2,chr15_hap2_hsa14,inactive,1.832,0.3755
Chimp hap2,chr15_hap2_hsa14,inactive,1.856,0.379
Chimp hap2,chr15_hap2_hsa14,inactive,1.764,0.3745
Chimp hap2,chr15_hap2_hsa14,inactive,1.848,0.376
Chimp hap2,chr15_hap2_hsa14,inactive,1.844,0.374
Chimp hap2,chr15_hap2_hsa14,inactive,1.836,0.378
Chimp hap2,chr15_hap2_hsa14,inactive,1.816,0.374
Chimp hap2,chr15_hap2_hsa14,inactive,1.808,0.3755
Chimp hap2,chr15_hap2_hsa14,inactive,1.812,0.3775
Chimp hap2,chr15_hap2_hsa14,inactive,1.744,0.37
Chimp hap2,chr15_hap2_hsa14,inactive,1.864,0.3805
Chimp hap2,chr15_hap2_hsa14,inactive,1.832,0.374
Chimp hap2,chr15_hap2_hsa14,inactive,1.796,0.376
Chimp hap2,chr15_hap2_hsa14,inactive,1.808,0.375
Chimp hap2,chr15_hap2_hsa14,inactive,1.824,0.374
Chimp hap2,chr15_hap2_hsa14,inactive,1.804,0.376
Chimp hap2,chr15_hap2_hsa14,inactive,1.832,0.373
Chimp hap2,chr15_hap2_hsa14,inactive,1.836,0.3745
Chimp hap2,chr15_hap2_hsa14,inactive,1.616,0.3785
Chimp hap2,chr15_hap2_hsa14,inactive,1.808,0.374
Chimp hap2,chr15_hap2_hsa14,inactive,1.828,0.376
Chimp hap2,chr15_hap2_hsa14,inactive,1.82,0.3745
Chimp hap2,chr15_hap2_hsa14,inactive,1.82,0.3785
Chimp hap2,chr15_hap2_hsa14,inactive,1.804,0.3755
Chimp hap2,chr15_hap2_hsa14,inactive,1.832,0.3755
Chimp hap2,chr15_hap2_hsa14,inactive,1.828,0.3755
Chimp hap2,chr15_hap2_hsa14,inactive,1.832,0.3715
Chimp hap2,chr15_hap2_hsa14,inactive,1.848,0.3795
Chimp hap2,chr15_hap2_hsa14,inactive,1.804,0.3715
Chimp hap2,chr15_hap2_hsa14,inactive,1.792,0.3745
Chimp hap2,chr15_hap2_hsa14,inactive,1.788,0.3725
Chimp hap2,chr15_hap2_hsa14,inactive,1.78,0.374
Chimp hap2,chr15_hap2_hsa14,inactive,1.656,0.3795
Chimp hap2,chr15_hap2_hsa14,inactive,1.844,0.374
Chimp hap2,chr15_hap2_hsa14,inactive,1.832,0.38
Chimp hap2,chr15_hap2_hsa14,inactive,1.816,0.377
Chimp hap2,chr15_hap2_hsa14,inactive,1.836,0.3795
Chimp hap2,chr15_hap2_hsa14,inactive,1.812,0.377
Chimp hap2,chr15_hap2_hsa14,inactive,1.836,0.3825
Chimp hap2,chr15_hap2_hsa14,inactive,1.82,0.376
Chimp hap2,chr15_hap2_hsa14,inactive,1.832,0.38
Chimp hap2,chr15_hap2_hsa14,inactive,1.836,0.3795
Chimp hap2,chr15_hap2_hsa14,inactive,1.844,0.378
Chimp hap2,chr15_hap2_hsa14,inactive,1.824,0.3805
Chimp hap2,chr15_hap2_hsa14,inactive,1.832,0.377
Chimp hap2,chr15_hap2_hsa14,inactive,1.848,0.378
Chimp hap2,chr15_hap2_hsa14,inactive,1.82,0.3785
Chimp hap2,chr15_hap2_hsa14,inactive,1.832,0.377
Chimp hap2,chr15_hap2_hsa14,inactive,1.828,0.3785
Chimp hap2,chr15_hap2_hsa14,inactive,1.84,0.3805
Chimp hap2,chr15_hap2_hsa14,inactive,1.84,0.379
Chimp hap2,chr15_hap2_hsa14,inactive,1.844,0.3765
Chimp hap2,chr15_hap2_hsa14,inactive,1.832,0.3785
Chimp hap2,chr15_hap2_hsa14,inactive,1.836,0.3795
Chimp hap2,chr15_hap2_hsa14,inactive,1.816,0.376
Chimp hap2,chr15_hap2_hsa14,inactive,1.832,0.3785
Chimp hap2,chr15_hap2_hsa14,inactive,1.852,0.3785
Chimp hap2,chr15_hap2_hsa14,inactive,1.856,0.3765
Chimp hap2,chr15_hap2_hsa14,inactive,1.812,0.3785
Chimp hap2,chr15_hap2_hsa14,inactive,1.836,0.376
Chimp hap2,chr15_hap2_hsa14,inactive,1.828,0.3785
Chimp hap2,chr15_hap2_hsa14,inactive,1.816,0.376
Chimp hap2,chr15_hap2_hsa14,inactive,1.84,0.3775
Chimp hap2,chr15_hap2_hsa14,inactive,1.844,0.3805
Chimp hap2,chr15_hap2_hsa14,inactive,1.856,0.377
Chimp hap2,chr15_hap2_hsa14,inactive,1.84,0.378
Chimp hap2,chr15_hap2_hsa14,inactive,1.836,0.377
Chimp hap2,chr15_hap2_hsa14,inactive,1.82,0.3755
Chimp hap2,chr15_hap2_hsa14,inactive,1.84,0.375
Chimp hap2,chr15_hap2_hsa14,inactive,1.828,0.3765
Chimp hap2,chr15_hap2_hsa14,inactive,1.804,0.375
Chimp hap2,chr15_hap2_hsa14,inactive,1.816,0.3765
Chimp hap2,chr15_hap2_hsa14,inactive,1.808,0.375
Chimp hap2,chr15_hap2_hsa14,inactive,1.804,0.3755
Chimp hap2,chr15_hap2_hsa14,inactive,1.852,0.374
Chimp hap2,chr15_hap2_hsa14,inactive,1.824,0.377
Chimp hap2,chr15_hap2_hsa14,inactive,1.808,0.375
Chimp hap2,chr15_hap2_hsa14,inactive,1.82,0.377
Chimp hap2,chr15_hap2_hsa14,inactive,1.812,0.374
Chimp hap2,chr15_hap2_hsa14,inactive,1.824,0.376
Chimp hap2,chr15_hap2_hsa14,inactive,1.824,0.372
Chimp hap2,chr15_hap2_hsa14,inactive,1.832,0.3785
Chimp hap2,chr15_hap2_hsa14,inactive,1.828,0.379
Chimp hap2,chr15_hap2_hsa14,inactive,1.812,0.376
Chimp hap2,chr15_hap2_hsa14,inactive,1.808,0.3775
Chimp hap2,chr15_hap2_hsa14,inactive,1.816,0.374
Chimp hap2,chr15_hap2_hsa14,inactive,1.836,0.3755
Chimp hap2,chr15_hap2_hsa14,inactive,1.808,0.3775
Chimp hap2,chr15_hap2_hsa14,inactive,1.828,0.3755
Chimp hap2,chr15_hap2_hsa14,inactive,1.824,0.377
Chimp hap2,chr15_hap2_hsa14,inactive,1.816,0.3755
Chimp hap2,chr15_hap2_hsa14,inactive,1.828,0.377
Chimp hap2,chr15_hap2_hsa14,inactive,1.836,0.3735
Chimp hap2,chr15_hap2_hsa14,inactive,1.812,0.378
Chimp hap2,chr15_hap2_hsa14,inactive,1.828,0.376
Chimp hap2,chr15_hap2_hsa14,inactive,1.796,0.3765
Chimp hap2,chr15_hap2_hsa14,inactive,1.82,0.3755
Chimp hap2,chr15_hap2_hsa14,inactive,1.824,0.3765
Chimp hap2,chr15_hap2_hsa14,inactive,1.836,0.376
Chimp hap2,chr15_hap2_hsa14,inactive,1.808,0.377
Chimp hap2,chr15_hap2_hsa14,inactive,1.824,0.3775
Chimp hap2,chr15_hap2_hsa14,inactive,1.804,0.3765
Chimp hap2,chr15_hap2_hsa14,inactive,1.8,0.3725
Chimp hap2,chr15_hap2_hsa14,inactive,1.868,0.376
Chimp hap2,chr15_hap2_hsa14,inactive,1.844,0.3765
Chimp hap2,chr15_hap2_hsa14,inactive,1.804,0.375
Chimp hap2,chr15_hap2_hsa14,inactive,1.812,0.3765
Chimp hap2,chr15_hap2_hsa14,inactive,1.78,0.3775
Chimp hap2,chr15_hap2_hsa14,inactive,1.828,0.3745
Chimp hap2,chr15_hap2_hsa14,inactive,1.824,0.3755
Chimp hap2,chr15_hap2_hsa14,inactive,1.848,0.3775
Chimp hap2,chr15_hap2_hsa14,inactive,1.832,0.375
Chimp hap2,chr15_hap2_hsa14,inactive,1.82,0.376
Chimp hap2,chr15_hap2_hsa14,inactive,1.828,0.3775
Chimp hap2,chr15_hap2_hsa14,inactive,1.828,0.3745
Chimp hap2,chr15_hap2_hsa14,inactive,1.844,0.374
Chimp hap2,chr15_hap2_hsa14,inactive,1.876,0.376
Chimp hap2,chr15_hap2_hsa14,inactive,1.844,0.376
Chimp hap2,chr15_hap2_hsa14,inactive,1.82,0.375
Chimp hap2,chr15_hap2_hsa14,inactive,1.812,0.375
Chimp hap2,chr15_hap2_hsa14,inactive,1.82,0.376
Chimp hap2,chr15_hap2_hsa14,inactive,1.844,0.3765
Chimp hap2,chr15_hap2_hsa14,inactive,1.856,0.381
Chimp hap2,chr15_hap2_hsa14,inactive,1.836,0.3785
Chimp hap2,chr15_hap2_hsa14,inactive,1.836,0.379
Chimp hap2,chr15_hap2_hsa14,inactive,1.836,0.38
Chimp hap2,chr15_hap2_hsa14,inactive,1.864,0.3785
Chimp hap2,chr15_hap2_hsa14,inactive,1.856,0.3785
Chimp hap2,chr15_hap2_hsa14,inactive,1.84,0.38
Chimp hap2,chr15_hap2_hsa14,inactive,1.84,0.378
Chimp hap2,chr15_hap2_hsa14,inactive,1.844,0.379
Chimp hap2,chr15_hap2_hsa14,inactive,1.836,0.3785
Chimp hap2,chr15_hap2_hsa14,inactive,1.864,0.378
Chimp hap2,chr15_hap2_hsa14,inactive,1.852,0.374
Chimp hap2,chr15_hap2_hsa14,inactive,1.828,0.3775
Chimp hap2,chr15_hap2_hsa14,inactive,1.86,0.3785
Chimp hap2,chr15_hap2_hsa14,inactive,1.84,0.38
Chimp hap2,chr15_hap2_hsa14,inactive,1.84,0.3765
Chimp hap2,chr15_hap2_hsa14,inactive,1.86,0.377
Chimp hap2,chr15_hap2_hsa14,inactive,1.856,0.378
Chimp hap2,chr15_hap2_hsa14,inactive,1.832,0.374
Chimp hap2,chr15_hap2_hsa14,inactive,1.848,0.3755
Chimp hap2,chr15_hap2_hsa14,inactive,1.8,0.375
Chimp hap2,chr15_hap2_hsa14,inactive,1.824,0.3745
Chimp hap2,chr15_hap2_hsa14,inactive,1.832,0.377
Chimp hap2,chr15_hap2_hsa14,inactive,1.876,0.3765
Chimp hap2,chr15_hap2_hsa14,inactive,1.808,0.376
Chimp hap2,chr15_hap2_hsa14,inactive,1.832,0.375
Chimp hap2,chr15_hap2_hsa14,inactive,1.808,0.3765
Chimp hap2,chr15_hap2_hsa14,inactive,1.828,0.3745
Chimp hap2,chr15_hap2_hsa14,inactive,1.824,0.374
Chimp hap2,chr15_hap2_hsa14,inactive,1.832,0.3765
Chimp hap2,chr15_hap2_hsa14,inactive,1.812,0.375
Chimp hap2,chr15_hap2_hsa14,inactive,1.808,0.375
Chimp hap2,chr15_hap2_hsa14,inactive,1.804,0.373
Chimp hap2,chr15_hap2_hsa14,inactive,1.828,0.3745
Chimp hap2,chr15_hap2_hsa14,inactive,1.82,0.3715
Chimp hap2,chr15_hap2_hsa14,inactive,1.824,0.378
Chimp hap2,chr15_hap2_hsa14,inactive,1.804,0.375
Chimp hap2,chr15_hap2_hsa14,inactive,1.82,0.3725
Chimp hap2,chr15_hap2_hsa14,inactive,1.8,0.376
Chimp hap2,chr15_hap2_hsa14,inactive,1.824,0.3745
Chimp hap2,chr15_hap2_hsa14,inactive,1.816,0.374
Chimp hap2,chr15_hap2_hsa14,inactive,1.824,0.378
Chimp hap2,chr15_hap2_hsa14,inactive,1.816,0.375
Chimp hap2,chr15_hap2_hsa14,inactive,1.82,0.3765
Chimp hap2,chr15_hap2_hsa14,inactive,1.804,0.3755
Chimp hap2,chr15_hap2_hsa14,inactive,1.828,0.3745
Chimp hap2,chr15_hap2_hsa14,inactive,1.84,0.374
Chimp hap2,chr15_hap2_hsa14,inactive,1.808,0.3755
Chimp hap2,chr15_hap2_hsa14,inactive,1.828,0.3755
Chimp hap2,chr15_hap2_hsa14,inactive,1.804,0.375
Chimp hap2,chr15_hap2_hsa14,inactive,1.828,0.374
Chimp hap2,chr15_hap2_hsa14,inactive,1.816,0.3745
Chimp hap2,chr15_hap2_hsa14,inactive,1.836,0.3735
Chimp hap2,chr15_hap2_hsa14,inactive,1.976,0.365
Chimp hap2,chr15_hap2_hsa14,active,1.952,0.3735
Chimp hap2,chr15_hap2_hsa14,active,1.88,0.3665
Chimp hap2,chr15_hap2_hsa14,active,1.828,0.372
Chimp hap2,chr15_hap2_hsa14,active,1.976,0.369
Chimp hap2,chr15_hap2_hsa14,active,1.98,0.375
Chimp hap2,chr15_hap2_hsa14,active,1.964,0.363
Chimp hap2,chr15_hap2_hsa14,active,1.96,0.3705
Chimp hap2,chr15_hap2_hsa14,active,1.924,0.3665
Chimp hap2,chr15_hap2_hsa14,active,1.936,0.372
Chimp hap2,chr15_hap2_hsa14,active,1.856,0.368
Chimp hap2,chr15_hap2_hsa14,active,1.896,0.372
Chimp hap2,chr15_hap2_hsa14,active,1.828,0.3705
Chimp hap2,chr15_hap2_hsa14,active,1.868,0.366
Chimp hap2,chr15_hap2_hsa14,active,1.9,0.372
Chimp hap2,chr15_hap2_hsa14,active,1.868,0.37
Chimp hap2,chr15_hap2_hsa14,active,1.856,0.3685
Chimp hap2,chr15_hap2_hsa14,active,1.86,0.367
Chimp hap2,chr15_hap2_hsa14,active,1.888,0.3735
Chimp hap2,chr15_hap2_hsa14,active,1.852,0.3685
Chimp hap2,chr15_hap2_hsa14,active,1.884,0.3695
Chimp hap2,chr15_hap2_hsa14,active,1.84,0.368
Chimp hap2,chr15_hap2_hsa14,active,1.852,0.3715
Chimp hap2,chr15_hap2_hsa14,active,1.808,0.3705
Chimp hap2,chr15_hap2_hsa14,active,1.924,0.3685
Chimp hap2,chr15_hap2_hsa14,active,1.832,0.368
Chimp hap2,chr15_hap2_hsa14,active,1.876,0.367
Chimp hap2,chr15_hap2_hsa14,active,1.808,0.372
Chimp hap2,chr15_hap2_hsa14,active,1.888,0.3705
Chimp hap2,chr15_hap2_hsa14,active,1.86,0.367
Chimp hap2,chr15_hap2_hsa14,active,1.896,0.372
Chimp hap2,chr15_hap2_hsa14,active,1.82,0.3695
Chimp hap2,chr15_hap2_hsa14,active,1.86,0.369
Chimp hap2,chr15_hap2_hsa14,active,1.892,0.3725
Chimp hap2,chr15_hap2_hsa14,active,1.88,0.37
Chimp hap2,chr15_hap2_hsa14,active,1.848,0.3685
Chimp hap2,chr15_hap2_hsa14,active,1.84,0.3675
Chimp hap2,chr15_hap2_hsa14,active,1.604,0.367
Chimp hap2,chr15_hap2_hsa14,active,1.572,0.3705
Chimp hap2,chr15_hap2_hsa14,active,1.636,0.3695
Chimp hap2,chr15_hap2_hsa14,active,1.796,0.367
Chimp hap2,chr15_hap2_hsa14,active,1.876,0.369
Chimp hap2,chr15_hap2_hsa14,active,1.868,0.37
Chimp hap2,chr15_hap2_hsa14,active,1.884,0.3705
Chimp hap2,chr15_hap2_hsa14,active,1.836,0.369
Chimp hap2,chr15_hap2_hsa14,active,1.856,0.367
Chimp hap2,chr15_hap2_hsa14,active,1.904,0.3705
Chimp hap2,chr15_hap2_hsa14,active,1.876,0.37
Chimp hap2,chr15_hap2_hsa14,active,1.86,0.37
Chimp hap2,chr15_hap2_hsa14,active,1.864,0.367
Chimp hap2,chr15_hap2_hsa14,active,1.864,0.3735
Chimp hap2,chr15_hap2_hsa14,active,1.836,0.37
Chimp hap2,chr15_hap2_hsa14,active,1.912,0.3685
Chimp hap2,chr15_hap2_hsa14,active,1.82,0.368
Chimp hap2,chr15_hap2_hsa14,active,1.888,0.3695
Chimp hap2,chr15_hap2_hsa14,active,1.8,0.372
Chimp hap2,chr15_hap2_hsa14,active,1.936,0.369
Chimp hap2,chr15_hap2_hsa14,active,1.824,0.367
Chimp hap2,chr15_hap2_hsa14,active,1.876,0.37
Chimp hap2,chr15_hap2_hsa14,active,1.816,0.37
Chimp hap2,chr15_hap2_hsa14,active,1.816,0.3685
Chimp hap2,chr15_hap2_hsa14,active,1.648,0.3665
Chimp hap2,chr15_hap2_hsa14,active,1.592,0.37
Chimp hap2,chr15_hap2_hsa14,active,1.632,0.368
Chimp hap2,chr15_hap2_hsa14,active,1.768,0.371
Chimp hap2,chr15_hap2_hsa14,active,1.64,0.3665
Chimp hap2,chr15_hap2_hsa14,active,1.62,0.371
Chimp hap2,chr15_hap2_hsa14,active,1.608,0.367
Chimp hap2,chr15_hap2_hsa14,active,1.62,0.367
Chimp hap2,chr15_hap2_hsa14,active,1.576,0.3695
Chimp hap2,chr15_hap2_hsa14,active,1.612,0.367
Chimp hap2,chr15_hap2_hsa14,active,1.608,0.3715
Chimp hap2,chr15_hap2_hsa14,active,1.616,0.3655
Chimp hap2,chr15_hap2_hsa14,active,1.6,0.372
Chimp hap2,chr15_hap2_hsa14,active,1.648,0.368
Chimp hap2,chr15_hap2_hsa14,active,1.596,0.37
Chimp hap2,chr15_hap2_hsa14,active,1.62,0.369
Chimp hap2,chr15_hap2_hsa14,active,1.644,0.369
Chimp hap2,chr15_hap2_hsa14,active,1.568,0.3675
Chimp hap2,chr15_hap2_hsa14,active,1.664,0.368
Chimp hap2,chr15_hap2_hsa14,active,1.6,0.369
Chimp hap2,chr15_hap2_hsa14,active,1.648,0.373
Chimp hap2,chr15_hap2_hsa14,active,1.568,0.371
Chimp hap2,chr15_hap2_hsa14,active,1.644,0.3725
Chimp hap2,chr15_hap2_hsa14,active,1.616,0.3735
Chimp hap2,chr15_hap2_hsa14,active,1.616,0.3695
Chimp hap2,chr15_hap2_hsa14,active,1.604,0.3715
Chimp hap2,chr15_hap2_hsa14,active,1.672,0.3705
Chimp hap2,chr15_hap2_hsa14,active,1.704,0.368
Chimp hap2,chr15_hap2_hsa14,active,1.616,0.3705
Chimp hap2,chr15_hap2_hsa14,active,1.62,0.3695
Chimp hap2,chr15_hap2_hsa14,active,1.524,0.3725
Chimp hap2,chr15_hap2_hsa14,active,1.552,0.369
Chimp hap2,chr15_hap2_hsa14,active,1.64,0.371
Chimp hap2,chr15_hap2_hsa14,active,1.552,0.3735
Chimp hap2,chr15_hap2_hsa14,active,1.596,0.3695
Chimp hap2,chr15_hap2_hsa14,active,1.564,0.3705
Chimp hap2,chr15_hap2_hsa14,active,1.568,0.367
Chimp hap2,chr15_hap2_hsa14,active,1.548,0.3715
Chimp hap2,chr15_hap2_hsa14,active,1.544,0.3655
Chimp hap2,chr15_hap2_hsa14,active,1.468,0.3685
Chimp hap2,chr15_hap2_hsa14,active,1.664,0.3675
Chimp hap2,chr15_hap2_hsa14,active,1.484,0.366
Chimp hap2,chr15_hap2_hsa14,active,1.664,0.3685
Chimp hap2,chr15_hap2_hsa14,active,1.456,0.368
Chimp hap2,chr15_hap2_hsa14,active,1.592,0.3675
Chimp hap2,chr15_hap2_hsa14,active,1.568,0.368
Chimp hap2,chr15_hap2_hsa14,active,1.628,0.363
Chimp hap2,chr15_hap2_hsa14,active,1.52,0.3685
Chimp hap2,chr15_hap2_hsa14,active,1.524,0.366
Chimp hap2,chr15_hap2_hsa14,active,1.624,0.373
Chimp hap2,chr15_hap2_hsa14,active,1.692,0.3755
Chimp hap2,chr15_hap2_hsa14,active,1.584,0.369
Chimp hap2,chr15_hap2_hsa14,active,1.54,0.371
Chimp hap2,chr15_hap2_hsa14,active,1.54,0.375
Chimp hap2,chr15_hap2_hsa14,active,1.628,0.374
Chimp hap2,chr15_hap2_hsa14,active,1.672,0.3735
Chimp hap2,chr15_hap2_hsa14,active,1.612,0.37
Chimp hap2,chr15_hap2_hsa14,active,1.684,0.369
Chimp hap2,chr15_hap2_hsa14,active,1.432,0.364
Chimp hap2,chr15_hap2_hsa14,active,1.552,0.374
Chimp hap2,chr15_hap2_hsa14,active,1.56,0.369
Chimp hap2,chr15_hap2_hsa14,active,1.58,0.3665
Chimp hap2,chr15_hap2_hsa14,active,1.516,0.368
Chimp hap2,chr15_hap2_hsa14,active,1.444,0.3655
Chimp hap2,chr15_hap2_hsa14,active,1.46,0.369
Chimp hap2,chr15_hap2_hsa14,active,1.512,0.3675
Chimp hap2,chr15_hap2_hsa14,active,1.544,0.371
Chimp hap2,chr15_hap2_hsa14,active,1.528,0.3715
Chimp hap2,chr15_hap2_hsa14,active,1.448,0.368
Chimp hap2,chr15_hap2_hsa14,active,1.496,0.373
Chimp hap2,chr15_hap2_hsa14,active,1.536,0.3635
Chimp hap2,chr15_hap2_hsa14,active,1.504,0.3665
Chimp hap2,chr15_hap2_hsa14,active,1.476,0.368
Chimp hap2,chr15_hap2_hsa14,active,1.548,0.3685
Chimp hap2,chr15_hap2_hsa14,active,1.556,0.369
Chimp hap2,chr15_hap2_hsa14,active,1.496,0.3645
Chimp hap2,chr15_hap2_hsa14,active,1.44,0.37
Chimp hap2,chr15_hap2_hsa14,active,1.588,0.369
Chimp hap2,chr15_hap2_hsa14,active,1.548,0.3685
Chimp hap2,chr15_hap2_hsa14,active,1.536,0.373
Chimp hap2,chr15_hap2_hsa14,active,1.7,0.3675
Chimp hap2,chr15_hap2_hsa14,active,1.508,0.371
Chimp hap2,chr15_hap2_hsa14,active,1.46,0.368
Chimp hap2,chr15_hap2_hsa14,active,1.64,0.3695
Chimp hap2,chr15_hap2_hsa14,active,1.564,0.368
Chimp hap2,chr15_hap2_hsa14,active,1.524,0.37
Chimp hap2,chr15_hap2_hsa14,active,1.636,0.3705
Chimp hap2,chr15_hap2_hsa14,active,1.616,0.37
Chimp hap2,chr15_hap2_hsa14,active,1.576,0.373
Chimp hap2,chr15_hap2_hsa14,active,1.62,0.367
Chimp hap2,chr15_hap2_hsa14,active,1.648,0.371
Chimp hap2,chr15_hap2_hsa14,active,1.604,0.3665
Chimp hap2,chr15_hap2_hsa14,active,1.604,0.3665
Chimp hap2,chr15_hap2_hsa14,active,1.564,0.3665
Chimp hap2,chr15_hap2_hsa14,active,1.536,0.371
Chimp hap2,chr15_hap2_hsa14,active,1.592,0.37
Chimp hap2,chr15_hap2_hsa14,active,1.516,0.369
Chimp hap2,chr15_hap2_hsa14,active,1.644,0.3665
Chimp hap2,chr15_hap2_hsa14,active,1.536,0.366
Chimp hap2,chr15_hap2_hsa14,active,1.552,0.366
Chimp hap2,chr15_hap2_hsa14,active,1.584,0.3705
Chimp hap2,chr15_hap2_hsa14,active,1.636,0.3685
Chimp hap2,chr15_hap2_hsa14,active,1.588,0.367
Chimp hap2,chr15_hap2_hsa14,active,1.584,0.368
Chimp hap2,chr15_hap2_hsa14,active,1.596,0.3715
Chimp hap2,chr15_hap2_hsa14,active,1.516,0.37
Chimp hap2,chr15_hap2_hsa14,active,1.6,0.3685
Chimp hap2,chr15_hap2_hsa14,active,1.612,0.3715
Chimp hap2,chr15_hap2_hsa14,active,1.552,0.37
Chimp hap2,chr15_hap2_hsa14,active,1.556,0.3725
Chimp hap2,chr15_hap2_hsa14,active,1.492,0.3685
Chimp hap2,chr15_hap2_hsa14,active,1.556,0.3685
Chimp hap2,chr15_hap2_hsa14,active,1.548,0.369
Chimp hap2,chr15_hap2_hsa14,active,2.004,0.373
Chimp hap2,chr15_hap2_hsa14,active,2.452,0.395
Chimp hap2,chr15_hap2_hsa14,active,2.408,0.3855
Chimp hap2,chr15_hap2_hsa14,active,1.516,0.3745
Chimp hap2,chr15_hap2_hsa14,active,1.46,0.376
Chimp hap2,chr15_hap2_hsa14,active,1.384,0.3765
Chimp hap2,chr15_hap2_hsa14,active,1.46,0.374
Chimp hap2,chr15_hap2_hsa14,active,1.656,0.3725
Chimp hap2,chr15_hap2_hsa14,active,1.548,0.373
Chimp hap2,chr15_hap2_hsa14,active,1.536,0.373
Chimp hap2,chr15_hap2_hsa14,active,1.568,0.368
Chimp hap2,chr15_hap2_hsa14,active,1.58,0.366
Chimp hap2,chr15_hap2_hsa14,active,1.604,0.37
Chimp hap2,chr15_hap2_hsa14,active,1.568,0.3655
Chimp hap2,chr15_hap2_hsa14,active,1.492,0.373
Chimp hap2,chr15_hap2_hsa14,active,1.588,0.3695
Chimp hap2,chr15_hap2_hsa14,active,1.456,0.3725
Chimp hap2,chr15_hap2_hsa14,active,1.596,0.374
Chimp hap2,chr15_hap2_hsa14,active,1.584,0.3715
Chimp hap2,chr15_hap2_hsa14,active,1.572,0.371
Chimp hap2,chr15_hap2_hsa14,active,1.536,0.3715
Chimp hap2,chr15_hap2_hsa14,active,1.568,0.3715
Chimp hap2,chr15_hap2_hsa14,active,1.572,0.3685
Chimp hap2,chr15_hap2_hsa14,active,1.488,0.372
Chimp hap2,chr15_hap2_hsa14,active,1.552,0.372
Chimp hap2,chr15_hap2_hsa14,active,1.532,0.368
Chimp hap2,chr15_hap2_hsa14,active,1.632,0.3705
Chimp hap2,chr15_hap2_hsa14,active,1.528,0.37
Chimp hap2,chr15_hap2_hsa14,active,1.536,0.3715
Chimp hap2,chr15_hap2_hsa14,active,1.568,0.3645
Chimp hap2,chr15_hap2_hsa14,active,1.572,0.3685
Chimp hap2,chr15_hap2_hsa14,active,1.556,0.37
Chimp hap2,chr15_hap2_hsa14,active,1.54,0.3665
Chimp hap2,chr15_hap2_hsa14,active,1.484,0.371
Chimp hap2,chr15_hap2_hsa14,active,1.616,0.377
Chimp hap2,chr15_hap2_hsa14,active,1.776,0.3695
Chimp hap2,chr15_hap2_hsa14,active,1.62,0.3675
Chimp hap2,chr15_hap2_hsa14,active,1.58,0.367
Chimp hap2,chr15_hap2_hsa14,active,1.496,0.3685
Chimp hap2,chr15_hap2_hsa14,active,1.472,0.3685
Chimp hap2,chr15_hap2_hsa14,active,1.628,0.368
Chimp hap2,chr15_hap2_hsa14,active,1.472,0.3675
Chimp hap2,chr15_hap2_hsa14,active,1.612,0.369
Chimp hap2,chr15_hap2_hsa14,active,1.46,0.37
Chimp hap2,chr15_hap2_hsa14,active,1.608,0.3665
Chimp hap2,chr15_hap2_hsa14,active,1.536,0.365
Chimp hap2,chr15_hap2_hsa14,active,1.56,0.3725
Chimp hap2,chr15_hap2_hsa14,active,1.616,0.372
Chimp hap2,chr15_hap2_hsa14,active,1.528,0.369
Chimp hap2,chr15_hap2_hsa14,active,1.62,0.369
Chimp hap2,chr15_hap2_hsa14,active,1.592,0.3665
Chimp hap2,chr15_hap2_hsa14,active,1.54,0.367
Chimp hap2,chr15_hap2_hsa14,active,1.58,0.3695
Chimp hap2,chr15_hap2_hsa14,active,1.596,0.3695
Chimp hap2,chr15_hap2_hsa14,active,1.56,0.369
Chimp hap2,chr15_hap2_hsa14,active,1.496,0.3685
Chimp hap2,chr15_hap2_hsa14,active,1.464,0.3715
Chimp hap2,chr15_hap2_hsa14,active,1.556,0.3685
Chimp hap2,chr15_hap2_hsa14,active,1.58,0.368
Chimp hap2,chr15_hap2_hsa14,active,1.504,0.369
Chimp hap2,chr15_hap2_hsa14,active,1.488,0.3675
Chimp hap2,chr15_hap2_hsa14,active,1.536,0.371
Chimp hap2,chr15_hap2_hsa14,active,1.52,0.3655
Chimp hap2,chr15_hap2_hsa14,active,1.492,0.366
Chimp hap2,chr15_hap2_hsa14,active,1.496,0.365
Chimp hap2,chr15_hap2_hsa14,active,1.48,0.3675
Chimp hap2,chr15_hap2_hsa14,active,1.548,0.368
Chimp hap2,chr15_hap2_hsa14,active,1.448,0.372
Chimp hap2,chr15_hap2_hsa14,active,1.508,0.369
Chimp hap2,chr15_hap2_hsa14,active,1.512,0.366
Chimp hap2,chr15_hap2_hsa14,active,1.528,0.3695
Chimp hap2,chr15_hap2_hsa14,active,1.456,0.369
Chimp hap2,chr15_hap2_hsa14,active,1.512,0.368
Chimp hap2,chr15_hap2_hsa14,active,1.552,0.366
Chimp hap2,chr15_hap2_hsa14,active,1.56,0.37
Chimp hap2,chr15_hap2_hsa14,active,1.48,0.373
Chimp hap2,chr15_hap2_hsa14,active,1.504,0.3745
Chimp hap2,chr15_hap2_hsa14,active,1.524,0.3695
Chimp hap2,chr15_hap2_hsa14,active,1.484,0.371
Chimp hap2,chr15_hap2_hsa14,active,1.508,0.3665
Chimp hap2,chr15_hap2_hsa14,active,1.496,0.3665
Chimp hap2,chr15_hap2_hsa14,active,1.448,0.3675
Chimp hap2,chr15_hap2_hsa14,active,1.54,0.3665
Chimp hap2,chr15_hap2_hsa14,active,1.492,0.37
Chimp hap2,chr15_hap2_hsa14,active,1.504,0.3695
Chimp hap2,chr15_hap2_hsa14,active,1.512,0.3685
Chimp hap2,chr15_hap2_hsa14,active,1.548,0.3685
Chimp hap2,chr15_hap2_hsa14,active,1.536,0.3675
Chimp hap2,chr15_hap2_hsa14,active,1.536,0.367
Chimp hap2,chr15_hap2_hsa14,active,1.496,0.371
Chimp hap2,chr15_hap2_hsa14,active,1.496,0.369
Chimp hap2,chr15_hap2_hsa14,active,1.528,0.373
Chimp hap2,chr15_hap2_hsa14,active,1.504,0.368
Chimp hap2,chr15_hap2_hsa14,active,1.572,0.3715
Chimp hap2,chr15_hap2_hsa14,active,1.536,0.367
Chimp hap2,chr15_hap2_hsa14,active,1.46,0.367
Chimp hap2,chr15_hap2_hsa14,active,1.544,0.369
Chimp hap2,chr15_hap2_hsa14,active,1.48,0.367
Chimp hap2,chr15_hap2_hsa14,active,1.508,0.368
Chimp hap2,chr15_hap2_hsa14,active,1.56,0.367
Chimp hap2,chr15_hap2_hsa14,active,1.472,0.366
Chimp hap2,chr15_hap2_hsa14,active,1.608,0.3695
Chimp hap2,chr15_hap2_hsa14,active,1.504,0.37
Chimp hap2,chr15_hap2_hsa14,active,1.54,0.376
Chimp hap2,chr15_hap2_hsa14,active,1.464,0.3645
Chimp hap2,chr15_hap2_hsa14,active,1.504,0.3715
Chimp hap2,chr15_hap2_hsa14,active,1.556,0.366
Chimp hap2,chr15_hap2_hsa14,active,1.556,0.3585
Chimp hap2,chr15_hap2_hsa14,active,1.448,0.378
Chimp hap2,chr15_hap2_hsa14,active,1.492,0.3655
Chimp hap2,chr15_hap2_hsa14,active,1.44,0.3685
Chimp hap2,chr15_hap2_hsa14,active,1.512,0.3755
Chimp hap2,chr15_hap2_hsa14,active,1.544,0.365
Chimp hap2,chr15_hap2_hsa14,active,1.508,0.3725
Chimp hap2,chr15_hap2_hsa14,active,1.496,0.365
Chimp hap2,chr15_hap2_hsa14,active,1.56,0.3755
Chimp hap2,chr15_hap2_hsa14,active,1.544,0.368
Chimp hap2,chr15_hap2_hsa14,active,1.552,0.363
Chimp hap2,chr15_hap2_hsa14,active,1.516,0.369
Chimp hap2,chr15_hap2_hsa14,active,1.468,0.377
Chimp hap2,chr15_hap2_hsa14,active,1.432,0.3685
Chimp hap2,chr15_hap2_hsa14,active,1.496,0.3755
Chimp hap2,chr15_hap2_hsa14,active,1.52,0.371
Chimp hap2,chr15_hap2_hsa14,active,1.532,0.3705
Chimp hap2,chr15_hap2_hsa14,active,1.488,0.372
Chimp hap2,chr15_hap2_hsa14,active,1.484,0.372
Chimp hap2,chr15_hap2_hsa14,active,1.404,0.3705
Chimp hap2,chr15_hap2_hsa14,active,1.528,0.3645
Chimp hap2,chr15_hap2_hsa14,active,1.576,0.37
Chimp hap2,chr15_hap2_hsa14,active,1.484,0.3685
Chimp hap2,chr15_hap2_hsa14,active,1.516,0.3705
Chimp hap2,chr15_hap2_hsa14,active,1.484,0.3735
Chimp hap2,chr15_hap2_hsa14,active,1.496,0.367
Chimp hap2,chr15_hap2_hsa14,active,1.432,0.372
Chimp hap2,chr15_hap2_hsa14,active,1.512,0.3755
Chimp hap2,chr15_hap2_hsa14,active,1.48,0.3665
Chimp hap2,chr15_hap2_hsa14,active,1.516,0.366
Chimp hap2,chr15_hap2_hsa14,active,1.436,0.368
Chimp hap2,chr15_hap2_hsa14,active,1.468,0.3655
Chimp hap2,chr15_hap2_hsa14,active,1.472,0.3635
Chimp hap2,chr15_hap2_hsa14,active,1.472,0.367
Chimp hap2,chr15_hap2_hsa14,active,1.532,0.3725
Chimp hap2,chr15_hap2_hsa14,active,1.488,0.3695
Chimp hap2,chr15_hap2_hsa14,active,1.608,0.3715
Chimp hap2,chr15_hap2_hsa14,active,1.472,0.37
Chimp hap2,chr15_hap2_hsa14,active,1.388,0.373
Chimp hap2,chr15_hap2_hsa14,active,1.48,0.367
Chimp hap2,chr15_hap2_hsa14,active,1.564,0.373
Chimp hap2,chr15_hap2_hsa14,active,1.516,0.37
Chimp hap2,chr15_hap2_hsa14,active,1.492,0.367
Chimp hap2,chr15_hap2_hsa14,active,1.52,0.3695
Chimp hap2,chr15_hap2_hsa14,active,1.5,0.371
Chimp hap2,chr15_hap2_hsa14,active,1.596,0.371
Chimp hap2,chr15_hap2_hsa14,active,1.428,0.3745
Chimp hap2,chr15_hap2_hsa14,active,1.372,0.374
Chimp hap2,chr15_hap2_hsa14,active,1.48,0.3715
Chimp hap2,chr15_hap2_hsa14,active,1.504,0.367
Chimp hap2,chr15_hap2_hsa14,active,1.512,0.369
Chimp hap2,chr15_hap2_hsa14,active,1.532,0.3675
Chimp hap2,chr15_hap2_hsa14,active,1.54,0.371
Chimp hap2,chr15_hap2_hsa14,active,1.504,0.3715
Chimp hap2,chr15_hap2_hsa14,active,1.472,0.3675
Chimp hap2,chr15_hap2_hsa14,active,1.492,0.3675
Chimp hap2,chr15_hap2_hsa14,active,1.512,0.3675
Chimp hap2,chr15_hap2_hsa14,active,1.452,0.373
Chimp hap2,chr15_hap2_hsa14,active,1.52,0.369
Chimp hap2,chr15_hap2_hsa14,active,1.52,0.367
Chimp hap2,chr15_hap2_hsa14,active,1.552,0.37
Chimp hap2,chr15_hap2_hsa14,active,1.444,0.371
Chimp hap2,chr15_hap2_hsa14,active,1.54,0.368
Chimp hap2,chr15_hap2_hsa14,active,1.528,0.365
Chimp hap2,chr15_hap2_hsa14,active,1.484,0.3645
Chimp hap2,chr15_hap2_hsa14,active,1.44,0.364
Chimp hap2,chr15_hap2_hsa14,active,1.588,0.364
Chimp hap2,chr15_hap2_hsa14,active,1.444,0.3725
Chimp hap2,chr15_hap2_hsa14,active,1.524,0.363
Chimp hap2,chr15_hap2_hsa14,active,1.54,0.3675
Chimp hap2,chr15_hap2_hsa14,active,1.448,0.3665
Chimp hap2,chr15_hap2_hsa14,active,1.592,0.368
Chimp hap2,chr15_hap2_hsa14,active,1.452,0.3645
Chimp hap2,chr15_hap2_hsa14,active,1.444,0.362
Chimp hap2,chr15_hap2_hsa14,active,1.524,0.3725
Chimp hap2,chr15_hap2_hsa14,active,1.496,0.363
Chimp hap2,chr15_hap2_hsa14,active,1.492,0.363
Chimp hap2,chr15_hap2_hsa14,active,1.58,0.371
Chimp hap2,chr15_hap2_hsa14,active,1.556,0.3665
Chimp hap2,chr15_hap2_hsa14,active,1.46,0.3655
Chimp hap2,chr15_hap2_hsa14,active,1.516,0.3615
Chimp hap2,chr15_hap2_hsa14,active,1.512,0.37
Chimp hap2,chr15_hap2_hsa14,active,1.54,0.371
Chimp hap2,chr15_hap2_hsa14,active,1.492,0.3675
Chimp hap2,chr15_hap2_hsa14,active,1.516,0.3695
Chimp hap2,chr15_hap2_hsa14,active,1.472,0.367
Chimp hap2,chr15_hap2_hsa14,active,1.488,0.3735
Chimp hap2,chr15_hap2_hsa14,active,1.452,0.372
Chimp hap2,chr15_hap2_hsa14,active,1.492,0.3635
Chimp hap2,chr15_hap2_hsa14,active,1.508,0.3695
Chimp hap2,chr15_hap2_hsa14,active,1.588,0.3705
Chimp hap2,chr15_hap2_hsa14,active,1.552,0.3675
Chimp hap2,chr15_hap2_hsa14,active,1.512,0.369
Chimp hap2,chr15_hap2_hsa14,active,1.544,0.373
Chimp hap2,chr15_hap2_hsa14,active,1.528,0.367
Chimp hap2,chr15_hap2_hsa14,active,1.44,0.3715
Chimp hap2,chr15_hap2_hsa14,active,1.468,0.372
Chimp hap2,chr15_hap2_hsa14,active,1.408,0.3635
Chimp hap2,chr15_hap2_hsa14,active,1.556,0.371
Chimp hap2,chr15_hap2_hsa14,active,1.504,0.3685
Chimp hap2,chr15_hap2_hsa14,active,1.62,0.368
Chimp hap2,chr15_hap2_hsa14,active,1.536,0.3655
Chimp hap2,chr15_hap2_hsa14,active,1.54,0.369
Chimp hap2,chr15_hap2_hsa14,active,1.472,0.366
Chimp hap2,chr15_hap2_hsa14,active,1.524,0.3675
Chimp hap2,chr15_hap2_hsa14,active,1.528,0.372
Chimp hap2,chr15_hap2_hsa14,active,1.484,0.369
Chimp hap2,chr15_hap2_hsa14,active,1.452,0.3665
Chimp hap2,chr15_hap2_hsa14,active,1.552,0.3675
Chimp hap2,chr15_hap2_hsa14,active,1.532,0.368
Chimp hap2,chr15_hap2_hsa14,active,1.528,0.3665
Chimp hap2,chr15_hap2_hsa14,active,1.468,0.3705
Chimp hap2,chr15_hap2_hsa14,active,1.58,0.3685
Chimp hap2,chr15_hap2_hsa14,active,1.592,0.3685
Chimp hap2,chr15_hap2_hsa14,active,1.544,0.3705
Chimp hap2,chr15_hap2_hsa14,active,1.5,0.366
Chimp hap2,chr15_hap2_hsa14,active,1.476,0.3705
Chimp hap2,chr15_hap2_hsa14,active,1.408,0.366
Chimp hap2,chr15_hap2_hsa14,active,1.448,0.372
Chimp hap2,chr15_hap2_hsa14,active,1.492,0.3705
Chimp hap2,chr15_hap2_hsa14,active,1.476,0.37
Chimp hap2,chr15_hap2_hsa14,active,1.508,0.3705
Chimp hap2,chr15_hap2_hsa14,active,1.46,0.372
Chimp hap2,chr15_hap2_hsa14,active,1.504,0.371
Chimp hap2,chr15_hap2_hsa14,active,1.508,0.3675
Chimp hap2,chr15_hap2_hsa14,active,1.504,0.3735
Chimp hap2,chr15_hap2_hsa14,active,1.544,0.3735
Chimp hap2,chr15_hap2_hsa14,active,1.408,0.3625
Chimp hap2,chr15_hap2_hsa14,active,1.388,0.365
Chimp hap2,chr15_hap2_hsa14,active,1.484,0.3655
Chimp hap2,chr15_hap2_hsa14,active,1.384,0.364
Chimp hap2,chr15_hap2_hsa14,active,1.416,0.362
Chimp hap2,chr15_hap2_hsa14,active,1.552,0.3705
Chimp hap2,chr15_hap2_hsa14,active,1.476,0.365
Chimp hap2,chr15_hap2_hsa14,active,1.54,0.3705
Chimp hap2,chr15_hap2_hsa14,active,1.488,0.3685
Chimp hap2,chr15_hap2_hsa14,active,1.452,0.3705
Chimp hap2,chr15_hap2_hsa14,active,1.472,0.374
Chimp hap2,chr15_hap2_hsa14,active,1.488,0.3675
Chimp hap2,chr15_hap2_hsa14,active,1.444,0.365
Chimp hap2,chr15_hap2_hsa14,active,1.532,0.37
Chimp hap2,chr15_hap2_hsa14,active,1.472,0.368
Chimp hap2,chr15_hap2_hsa14,active,1.444,0.3695
Chimp hap2,chr15_hap2_hsa14,active,1.528,0.367
Chimp hap2,chr15_hap2_hsa14,active,1.524,0.3725
Chimp hap2,chr15_hap2_hsa14,active,1.512,0.3655
Chimp hap2,chr15_hap2_hsa14,active,1.44,0.371
Chimp hap2,chr15_hap2_hsa14,active,1.516,0.371
Chimp hap2,chr15_hap2_hsa14,active,1.468,0.3725
Chimp hap2,chr15_hap2_hsa14,active,1.356,0.371
Chimp hap2,chr15_hap2_hsa14,active,1.52,0.369
Chimp hap2,chr15_hap2_hsa14,active,1.476,0.3745
Chimp hap2,chr15_hap2_hsa14,active,1.448,0.368
Chimp hap2,chr15_hap2_hsa14,active,1.516,0.374
Chimp hap2,chr15_hap2_hsa14,active,1.42,0.372
Chimp hap2,chr15_hap2_hsa14,active,1.508,0.3735
Chimp hap2,chr15_hap2_hsa14,active,1.468,0.3745
Chimp hap2,chr15_hap2_hsa14,active,1.496,0.37
Chimp hap2,chr15_hap2_hsa14,active,1.472,0.3715
Chimp hap2,chr15_hap2_hsa14,active,1.488,0.37
Chimp hap2,chr15_hap2_hsa14,active,1.448,0.3705
Chimp hap2,chr15_hap2_hsa14,active,1.508,0.37
Chimp hap2,chr15_hap2_hsa14,active,1.512,0.371
Chimp hap2,chr15_hap2_hsa14,active,1.448,0.3715
Chimp hap2,chr15_hap2_hsa14,active,1.472,0.3695
Chimp hap2,chr15_hap2_hsa14,active,1.504,0.3745
Chimp hap2,chr15_hap2_hsa14,active,1.548,0.373
Chimp hap2,chr15_hap2_hsa14,active,1.46,0.3725
Chimp hap2,chr15_hap2_hsa14,active,1.5,0.372
Chimp hap2,chr15_hap2_hsa14,active,1.436,0.366
Chimp hap2,chr15_hap2_hsa14,active,1.456,0.3735
Chimp hap2,chr15_hap2_hsa14,active,1.456,0.3695
Chimp hap2,chr15_hap2_hsa14,active,1.412,0.368
Chimp hap2,chr15_hap2_hsa14,active,1.524,0.3655
Chimp hap2,chr15_hap2_hsa14,active,1.436,0.3765
Chimp hap2,chr15_hap2_hsa14,active,1.576,0.367
Chimp hap2,chr15_hap2_hsa14,active,1.464,0.3715
Chimp hap2,chr15_hap2_hsa14,active,1.508,0.373
Chimp hap2,chr15_hap2_hsa14,active,1.46,0.373
Chimp hap2,chr15_hap2_hsa14,active,1.48,0.3685
Chimp hap2,chr15_hap2_hsa14,active,1.408,0.365
Chimp hap2,chr15_hap2_hsa14,active,1.528,0.3715
Chimp hap2,chr15_hap2_hsa14,active,1.524,0.372
Chimp hap2,chr15_hap2_hsa14,active,1.556,0.3685
Chimp hap2,chr15_hap2_hsa14,active,1.492,0.374
Chimp hap2,chr15_hap2_hsa14,active,1.488,0.367
Chimp hap2,chr15_hap2_hsa14,active,1.584,0.369
Chimp hap2,chr15_hap2_hsa14,active,1.468,0.37
Chimp hap2,chr15_hap2_hsa14,active,1.516,0.365
Chimp hap2,chr15_hap2_hsa14,active,1.504,0.369
Chimp hap2,chr15_hap2_hsa14,active,1.464,0.3715
Chimp hap2,chr15_hap2_hsa14,active,1.464,0.372
Chimp hap2,chr15_hap2_hsa14,active,1.48,0.3655
Chimp hap2,chr15_hap2_hsa14,active,1.564,0.3665
Chimp hap2,chr15_hap2_hsa14,active,1.552,0.3705
Chimp hap2,chr15_hap2_hsa14,active,1.552,0.3675
Chimp hap2,chr15_hap2_hsa14,active,1.48,0.369
Chimp hap2,chr15_hap2_hsa14,active,1.5,0.3705
Chimp hap2,chr15_hap2_hsa14,active,1.492,0.3615
Chimp hap2,chr15_hap2_hsa14,active,1.444,0.366
Chimp hap2,chr15_hap2_hsa14,active,1.576,0.3675
Chimp hap2,chr15_hap2_hsa14,active,1.496,0.368
Chimp hap2,chr15_hap2_hsa14,active,1.452,0.365
Chimp hap2,chr15_hap2_hsa14,active,1.604,0.365
Chimp hap2,chr15_hap2_hsa14,active,1.452,0.373
Chimp hap2,chr15_hap2_hsa14,active,1.544,0.368
Chimp hap2,chr15_hap2_hsa14,active,1.58,0.3685
Chimp hap2,chr15_hap2_hsa14,active,1.444,0.371
Chimp hap2,chr15_hap2_hsa14,active,1.54,0.3655
Chimp hap2,chr15_hap2_hsa14,active,1.448,0.368
Chimp hap2,chr15_hap2_hsa14,active,1.52,0.3675
Chimp hap2,chr15_hap2_hsa14,active,1.584,0.369
Chimp hap2,chr15_hap2_hsa14,active,1.476,0.3685
Chimp hap2,chr15_hap2_hsa14,active,1.484,0.367
Chimp hap2,chr15_hap2_hsa14,active,1.54,0.369
Chimp hap2,chr15_hap2_hsa14,active,1.52,0.368
Chimp hap2,chr15_hap2_hsa14,active,1.568,0.368
Chimp hap2,chr15_hap2_hsa14,active,1.568,0.3635
Chimp hap2,chr15_hap2_hsa14,active,1.576,0.3665
Chimp hap2,chr15_hap2_hsa14,active,1.604,0.368
Chimp hap2,chr15_hap2_hsa14,active,1.62,0.369
Chimp hap2,chr15_hap2_hsa14,active,1.532,0.366
Chimp hap2,chr15_hap2_hsa14,active,1.516,0.37
Chimp hap2,chr15_hap2_hsa14,active,1.512,0.3715
Chimp hap2,chr15_hap2_hsa14,active,1.588,0.37
Chimp hap2,chr15_hap2_hsa14,active,1.62,0.367
Chimp hap2,chr15_hap2_hsa14,active,1.56,0.37
Chimp hap2,chr15_hap2_hsa14,active,1.604,0.3695
Chimp hap2,chr15_hap2_hsa14,active,1.592,0.367
Chimp hap2,chr15_hap2_hsa14,active,1.516,0.368
Chimp hap2,chr15_hap2_hsa14,active,1.492,0.371
Chimp hap2,chr15_hap2_hsa14,active,1.596,0.369
Chimp hap2,chr15_hap2_hsa14,active,1.52,0.37
Chimp hap2,chr15_hap2_hsa14,active,1.592,0.369
Chimp hap2,chr15_hap2_hsa14,active,1.512,0.3705
Chimp hap2,chr15_hap2_hsa14,active,1.568,0.3695
Chimp hap2,chr15_hap2_hsa14,active,1.56,0.3685
Chimp hap2,chr15_hap2_hsa14,active,1.476,0.369
Chimp hap2,chr15_hap2_hsa14,active,1.54,0.369
Chimp hap2,chr15_hap2_hsa14,active,1.532,0.368
Chimp hap2,chr15_hap2_hsa14,active,1.5,0.3675
Chimp hap2,chr15_hap2_hsa14,active,1.488,0.365
Chimp hap2,chr15_hap2_hsa14,active,1.5,0.368
Chimp hap2,chr15_hap2_hsa14,active,1.516,0.364
Chimp hap2,chr15_hap2_hsa14,active,1.552,0.3725
Chimp hap2,chr15_hap2_hsa14,active,1.508,0.3655
Chimp hap2,chr15_hap2_hsa14,active,1.564,0.37
Chimp hap2,chr15_hap2_hsa14,active,1.56,0.3705
Chimp hap2,chr15_hap2_hsa14,active,1.484,0.369
Chimp hap2,chr15_hap2_hsa14,active,1.5,0.3665
Chimp hap2,chr15_hap2_hsa14,active,1.528,0.368
Chimp hap2,chr15_hap2_hsa14,active,1.444,0.3735
Chimp hap2,chr15_hap2_hsa14,active,1.5,0.366
Chimp hap2,chr15_hap2_hsa14,active,1.48,0.368
Chimp hap2,chr15_hap2_hsa14,active,1.532,0.3655
Chimp hap2,chr15_hap2_hsa14,active,1.52,0.368
Chimp hap2,chr15_hap2_hsa14,active,1.536,0.37
Chimp hap2,chr15_hap2_hsa14,active,1.444,0.3675
Chimp hap2,chr15_hap2_hsa14,active,1.508,0.3665
Chimp hap2,chr15_hap2_hsa14,active,1.496,0.37
Chimp hap2,chr15_hap2_hsa14,active,1.476,0.364
Chimp hap2,chr15_hap2_hsa14,active,1.528,0.3715
Chimp hap2,chr15_hap2_hsa14,active,1.448,0.3625
Chimp hap2,chr15_hap2_hsa14,active,1.532,0.3695
Chimp hap2,chr15_hap2_hsa14,active,1.484,0.3715
Chimp hap2,chr15_hap2_hsa14,active,1.548,0.364
Chimp hap2,chr15_hap2_hsa14,active,1.552,0.372
Chimp hap2,chr15_hap2_hsa14,active,1.5,0.367
Chimp hap2,chr15_hap2_hsa14,active,1.548,0.366
Chimp hap2,chr15_hap2_hsa14,active,1.524,0.3665
Chimp hap2,chr15_hap2_hsa14,active,1.508,0.3645
Chimp hap2,chr15_hap2_hsa14,active,1.528,0.3675
Chimp hap2,chr15_hap2_hsa14,active,1.432,0.371
Chimp hap2,chr15_hap2_hsa14,active,1.552,0.366
Chimp hap2,chr15_hap2_hsa14,active,1.492,0.3705
Chimp hap2,chr15_hap2_hsa14,active,1.5,0.366
Chimp hap2,chr15_hap2_hsa14,active,1.536,0.371
Chimp hap2,chr15_hap2_hsa14,active,1.456,0.3705
Chimp hap2,chr15_hap2_hsa14,active,1.46,0.3685
Chimp hap2,chr15_hap2_hsa14,active,1.528,0.3685
Chimp hap2,chr15_hap2_hsa14,active,1.512,0.3685
Chimp hap2,chr15_hap2_hsa14,active,1.564,0.3665
Chimp hap2,chr15_hap2_hsa14,active,1.48,0.3685
Chimp hap2,chr15_hap2_hsa14,active,1.544,0.366
Chimp hap2,chr15_hap2_hsa14,active,1.488,0.368
Chimp hap2,chr15_hap2_hsa14,active,1.404,0.3695
Chimp hap2,chr15_hap2_hsa14,active,1.552,0.3655
Chimp hap2,chr15_hap2_hsa14,active,1.58,0.3675
Chimp hap2,chr15_hap2_hsa14,active,1.608,0.3625
Chimp hap2,chr15_hap2_hsa14,active,1.6,0.368
Chimp hap2,chr15_hap2_hsa14,active,1.56,0.3685
Chimp hap2,chr15_hap2_hsa14,active,1.584,0.3625
Chimp hap2,chr15_hap2_hsa14,active,1.524,0.369
Chimp hap2,chr15_hap2_hsa14,active,1.544,0.3645
Chimp hap2,chr15_hap2_hsa14,active,1.532,0.3675
Chimp hap2,chr15_hap2_hsa14,active,1.576,0.37
Chimp hap2,chr15_hap2_hsa14,active,1.528,0.366
Chimp hap2,chr15_hap2_hsa14,active,1.58,0.3675
Chimp hap2,chr15_hap2_hsa14,active,1.612,0.366
Chimp hap2,chr15_hap2_hsa14,active,1.608,0.367
Chimp hap2,chr15_hap2_hsa14,active,1.58,0.3615
Chimp hap2,chr15_hap2_hsa14,active,1.504,0.368
Chimp hap2,chr15_hap2_hsa14,active,1.572,0.3705
Chimp hap2,chr15_hap2_hsa14,active,1.564,0.365
Chimp hap2,chr15_hap2_hsa14,active,1.584,0.3675
Chimp hap2,chr15_hap2_hsa14,active,1.564,0.365
Chimp hap2,chr15_hap2_hsa14,active,1.576,0.371
Chimp hap2,chr15_hap2_hsa14,active,1.556,0.362
Chimp hap2,chr15_hap2_hsa14,active,1.552,0.3725
Chimp hap2,chr15_hap2_hsa14,active,1.548,0.3615
Chimp hap2,chr15_hap2_hsa14,active,1.484,0.3665
Chimp hap2,chr15_hap2_hsa14,active,1.532,0.3705
Chimp hap2,chr15_hap2_hsa14,active,1.568,0.363
Chimp hap2,chr15_hap2_hsa14,active,1.58,0.3675
Chimp hap2,chr15_hap2_hsa14,active,1.56,0.3645
Chimp hap2,chr15_hap2_hsa14,active,1.596,0.37
Chimp hap2,chr15_hap2_hsa14,active,1.572,0.3635
Chimp hap2,chr15_hap2_hsa14,active,1.552,0.37
Chimp hap2,chr15_hap2_hsa14,active,1.504,0.3645
Chimp hap2,chr15_hap2_hsa14,active,1.532,0.37
Chimp hap2,chr15_hap2_hsa14,active,1.5,0.368
Chimp hap2,chr15_hap2_hsa14,active,1.568,0.366
Chimp hap2,chr15_hap2_hsa14,active,1.54,0.3675
Chimp hap2,chr15_hap2_hsa14,active,1.532,0.3695
Chimp hap2,chr15_hap2_hsa14,active,1.568,0.367
Chimp hap2,chr15_hap2_hsa14,active,1.564,0.365
Chimp hap2,chr15_hap2_hsa14,active,1.54,0.369
Chimp hap2,chr15_hap2_hsa14,active,1.604,0.3665
Chimp hap2,chr15_hap2_hsa14,active,1.592,0.369
Chimp hap2,chr15_hap2_hsa14,active,1.576,0.367
Chimp hap2,chr15_hap2_hsa14,active,1.56,0.3705
Chimp hap2,chr15_hap2_hsa14,active,1.552,0.3665
Chimp hap2,chr15_hap2_hsa14,active,1.56,0.3665
Chimp hap2,chr15_hap2_hsa14,active,1.524,0.3705
Chimp hap2,chr15_hap2_hsa14,active,1.58,0.3695
Chimp hap2,chr15_hap2_hsa14,active,1.54,0.368
Chimp hap2,chr15_hap2_hsa14,active,1.58,0.3685
Chimp hap2,chr15_hap2_hsa14,active,1.576,0.3675
Chimp hap2,chr15_hap2_hsa14,active,1.588,0.368
Chimp hap2,chr15_hap2_hsa14,active,1.54,0.3705
Chimp hap2,chr15_hap2_hsa14,active,1.556,0.3665
Chimp hap2,chr15_hap2_hsa14,active,1.496,0.3665
Chimp hap2,chr15_hap2_hsa14,active,1.584,0.3675
Chimp hap2,chr15_hap2_hsa14,active,1.576,0.3685
Chimp hap2,chr15_hap2_hsa14,active,1.468,0.369
Chimp hap2,chr15_hap2_hsa14,active,1.548,0.3655
Chimp hap2,chr15_hap2_hsa14,active,1.528,0.367
Chimp hap2,chr15_hap2_hsa14,active,1.544,0.365
Chimp hap2,chr15_hap2_hsa14,active,1.592,0.3695
Chimp hap2,chr15_hap2_hsa14,active,1.56,0.368
Chimp hap2,chr15_hap2_hsa14,active,1.572,0.37
Chimp hap2,chr15_hap2_hsa14,active,1.552,0.371
Chimp hap2,chr15_hap2_hsa14,active,1.58,0.367
Chimp hap2,chr15_hap2_hsa14,active,1.592,0.365
Chimp hap2,chr15_hap2_hsa14,active,1.544,0.368
Chimp hap2,chr15_hap2_hsa14,active,1.564,0.3645
Chimp hap2,chr15_hap2_hsa14,active,1.524,0.3685
Chimp hap2,chr15_hap2_hsa14,active,1.516,0.365
Chimp hap2,chr15_hap2_hsa14,active,1.544,0.3655
Chimp hap2,chr15_hap2_hsa14,active,1.524,0.366
Chimp hap2,chr15_hap2_hsa14,active,1.54,0.372
Chimp hap2,chr15_hap2_hsa14,active,1.516,0.3635
Chimp hap2,chr15_hap2_hsa14,active,1.572,0.3665
Chimp hap2,chr15_hap2_hsa14,active,1.552,0.3695
Chimp hap2,chr15_hap2_hsa14,active,1.472,0.3685
Chimp hap2,chr15_hap2_hsa14,active,1.592,0.3695
Chimp hap2,chr15_hap2_hsa14,active,1.576,0.3685
Chimp hap2,chr15_hap2_hsa14,active,1.476,0.3705
Chimp hap2,chr15_hap2_hsa14,active,1.58,0.3655
Chimp hap2,chr15_hap2_hsa14,active,1.536,0.3685
Chimp hap2,chr15_hap2_hsa14,active,1.516,0.37
Chimp hap2,chr15_hap2_hsa14,active,1.556,0.37
Chimp hap2,chr15_hap2_hsa14,active,1.58,0.3685
Chimp hap2,chr15_hap2_hsa14,active,1.564,0.3675
Chimp hap2,chr15_hap2_hsa14,active,1.52,0.3665
Chimp hap2,chr15_hap2_hsa14,active,1.576,0.369
Chimp hap2,chr15_hap2_hsa14,active,1.576,0.3715
Chimp hap2,chr15_hap2_hsa14,active,1.58,0.368
Chimp hap2,chr15_hap2_hsa14,active,1.56,0.369
Chimp hap2,chr15_hap2_hsa14,active,1.448,0.372
Chimp hap2,chr15_hap2_hsa14,active,1.592,0.3635
Chimp hap2,chr15_hap2_hsa14,active,1.512,0.373
Chimp hap2,chr15_hap2_hsa14,active,1.56,0.3685
Chimp hap2,chr15_hap2_hsa14,active,1.548,0.3615
Chimp hap2,chr15_hap2_hsa14,active,1.508,0.3695
Chimp hap2,chr15_hap2_hsa14,active,1.556,0.364
Chimp hap2,chr15_hap2_hsa14,active,1.548,0.3665
Chimp hap2,chr15_hap2_hsa14,active,1.584,0.3655
Chimp hap2,chr15_hap2_hsa14,active,1.644,0.372
Chimp hap2,chr15_hap2_hsa14,active,1.528,0.3665
Chimp hap2,chr15_hap2_hsa14,active,1.552,0.37
Chimp hap2,chr15_hap2_hsa14,active,1.516,0.3715
Chimp hap2,chr15_hap2_hsa14,active,1.484,0.368
Chimp hap2,chr15_hap2_hsa14,active,1.608,0.3715
Chimp hap2,chr15_hap2_hsa14,active,1.52,0.3725
Chimp hap2,chr15_hap2_hsa14,active,1.456,0.365
Chimp hap2,chr15_hap2_hsa14,active,1.512,0.367
Chimp hap2,chr15_hap2_hsa14,active,1.616,0.3695
Chimp hap2,chr15_hap2_hsa14,active,1.476,0.369
Chimp hap2,chr15_hap2_hsa14,active,1.564,0.3665
Chimp hap2,chr15_hap2_hsa14,active,1.52,0.366
Chimp hap2,chr15_hap2_hsa14,active,1.516,0.373
Chimp hap2,chr15_hap2_hsa14,active,1.456,0.3655
Chimp hap2,chr15_hap2_hsa14,active,1.444,0.367
Chimp hap2,chr15_hap2_hsa14,active,1.536,0.3695
Chimp hap2,chr15_hap2_hsa14,active,1.52,0.3655
Chimp hap2,chr15_hap2_hsa14,active,1.568,0.3695
Chimp hap2,chr15_hap2_hsa14,active,1.536,0.3675
Chimp hap2,chr15_hap2_hsa14,active,1.444,0.3665
Chimp hap2,chr15_hap2_hsa14,active,1.492,0.367
Chimp hap2,chr15_hap2_hsa14,active,1.508,0.37
Chimp hap2,chr15_hap2_hsa14,active,1.492,0.368
Chimp hap2,chr15_hap2_hsa14,active,1.512,0.372
Chimp hap2,chr15_hap2_hsa14,active,1.54,0.372
Chimp hap2,chr15_hap2_hsa14,active,1.444,0.3675
Chimp hap2,chr15_hap2_hsa14,active,1.408,0.368
Chimp hap2,chr15_hap2_hsa14,active,1.512,0.368
Chimp hap2,chr15_hap2_hsa14,active,1.584,0.369
Chimp hap2,chr15_hap2_hsa14,active,1.516,0.3685
Chimp hap2,chr15_hap2_hsa14,active,1.592,0.3695
Chimp hap2,chr15_hap2_hsa14,active,1.54,0.3725
Chimp hap2,chr15_hap2_hsa14,active,1.46,0.369
Chimp hap2,chr15_hap2_hsa14,active,1.468,0.367
Chimp hap2,chr15_hap2_hsa14,active,1.524,0.3685
Chimp hap2,chr15_hap2_hsa14,active,1.42,0.3695
Chimp hap2,chr15_hap2_hsa14,active,1.524,0.366
Chimp hap2,chr15_hap2_hsa14,active,1.576,0.3695
Chimp hap2,chr15_hap2_hsa14,active,1.524,0.3655
Chimp hap2,chr15_hap2_hsa14,active,1.508,0.37
Chimp hap2,chr15_hap2_hsa14,active,1.516,0.3675
Chimp hap2,chr15_hap2_hsa14,active,1.484,0.3695
Chimp hap2,chr15_hap2_hsa14,active,1.592,0.369
Chimp hap2,chr15_hap2_hsa14,active,1.44,0.3665
Chimp hap2,chr15_hap2_hsa14,active,1.592,0.37
Chimp hap2,chr15_hap2_hsa14,active,1.44,0.3675
Chimp hap2,chr15_hap2_hsa14,active,1.54,0.368
Chimp hap2,chr15_hap2_hsa14,active,1.484,0.3705
Chimp hap2,chr15_hap2_hsa14,active,1.6,0.368
Chimp hap2,chr15_hap2_hsa14,active,1.524,0.368
Chimp hap2,chr15_hap2_hsa14,active,1.588,0.3695
Chimp hap2,chr15_hap2_hsa14,active,1.52,0.3725
Chimp hap2,chr15_hap2_hsa14,active,1.452,0.37
Chimp hap2,chr15_hap2_hsa14,active,1.612,0.3675
Chimp hap2,chr15_hap2_hsa14,active,1.444,0.363
Chimp hap2,chr15_hap2_hsa14,active,1.528,0.3675
Chimp hap2,chr15_hap2_hsa14,active,1.512,0.3675
Chimp hap2,chr15_hap2_hsa14,active,1.504,0.367
Chimp hap2,chr15_hap2_hsa14,active,1.48,0.3635
Chimp hap2,chr15_hap2_hsa14,active,1.44,0.3645
Chimp hap2,chr15_hap2_hsa14,active,1.488,0.365
Chimp hap2,chr15_hap2_hsa14,active,1.472,0.3655
Chimp hap2,chr15_hap2_hsa14,active,1.424,0.3665
Chimp hap2,chr15_hap2_hsa14,active,1.476,0.364
Chimp hap2,chr15_hap2_hsa14,active,1.452,0.367
Chimp hap2,chr15_hap2_hsa14,active,1.452,0.3665
Chimp hap2,chr15_hap2_hsa14,active,1.44,0.364
Chimp hap2,chr15_hap2_hsa14,active,1.48,0.365
Chimp hap2,chr15_hap2_hsa14,active,1.428,0.3635
Chimp hap2,chr15_hap2_hsa14,active,1.484,0.369
Chimp hap2,chr15_hap2_hsa14,active,1.488,0.3625
Chimp hap2,chr15_hap2_hsa14,active,1.48,0.366
Chimp hap2,chr15_hap2_hsa14,active,1.48,0.3635
Chimp hap2,chr15_hap2_hsa14,active,1.472,0.3665
Chimp hap2,chr15_hap2_hsa14,active,1.464,0.364
Chimp hap2,chr15_hap2_hsa14,active,1.504,0.363
Chimp hap2,chr15_hap2_hsa14,active,1.492,0.366
Chimp hap2,chr15_hap2_hsa14,active,1.388,0.362
Chimp hap2,chr15_hap2_hsa14,active,1.488,0.364
Chimp hap2,chr15_hap2_hsa14,active,1.492,0.3655
Chimp hap2,chr15_hap2_hsa14,active,1.48,0.365
Chimp hap2,chr15_hap2_hsa14,active,1.476,0.367
Chimp hap2,chr15_hap2_hsa14,active,1.484,0.365
Chimp hap2,chr15_hap2_hsa14,active,1.484,0.364
Chimp hap2,chr15_hap2_hsa14,active,1.42,0.363
Chimp hap2,chr15_hap2_hsa14,active,1.5,0.3645
Chimp hap2,chr15_hap2_hsa14,active,1.484,0.3645
Chimp hap2,chr15_hap2_hsa14,active,1.468,0.364
Chimp hap2,chr15_hap2_hsa14,active,1.5,0.3675
Chimp hap2,chr15_hap2_hsa14,active,1.472,0.3625
Chimp hap2,chr15_hap2_hsa14,active,1.508,0.368
Chimp hap2,chr15_hap2_hsa14,active,1.604,0.37
Chimp hap2,chr15_hap2_hsa14,active,1.456,0.373
Chimp hap2,chr15_hap2_hsa14,active,1.516,0.3665
Chimp hap2,chr15_hap2_hsa14,active,1.496,0.364
Chimp hap2,chr15_hap2_hsa14,active,1.516,0.37
Chimp hap2,chr15_hap2_hsa14,active,1.536,0.375
Chimp hap2,chr15_hap2_hsa14,active,1.484,0.3695
Chimp hap2,chr15_hap2_hsa14,active,1.564,0.371
Chimp hap2,chr15_hap2_hsa14,active,1.496,0.364
Chimp hap2,chr15_hap2_hsa14,active,1.516,0.3695
Chimp hap2,chr15_hap2_hsa14,active,1.496,0.3655
Chimp hap2,chr15_hap2_hsa14,active,1.54,0.3695
Chimp hap2,chr15_hap2_hsa14,active,1.512,0.375
Chimp hap2,chr15_hap2_hsa14,active,1.504,0.3675
Chimp hap2,chr15_hap2_hsa14,active,1.592,0.371
Chimp hap2,chr15_hap2_hsa14,active,1.48,0.3645
Chimp hap2,chr15_hap2_hsa14,active,1.508,0.369
Chimp hap2,chr15_hap2_hsa14,active,1.544,0.37
Chimp hap2,chr15_hap2_hsa14,active,1.428,0.367
Chimp hap2,chr15_hap2_hsa14,active,1.532,0.3685
Chimp hap2,chr15_hap2_hsa14,active,1.592,0.3705
Chimp hap2,chr15_hap2_hsa14,active,1.452,0.37
Chimp hap2,chr15_hap2_hsa14,active,1.528,0.3675
Chimp hap2,chr15_hap2_hsa14,active,1.488,0.366
Chimp hap2,chr15_hap2_hsa14,active,1.588,0.372
Chimp hap2,chr15_hap2_hsa14,active,1.492,0.3705
Chimp hap2,chr15_hap2_hsa14,active,1.54,0.373
Chimp hap2,chr15_hap2_hsa14,active,1.572,0.3685
Chimp hap2,chr15_hap2_hsa14,active,1.46,0.365
Chimp hap2,chr15_hap2_hsa14,active,1.532,0.3705
Chimp hap2,chr15_hap2_hsa14,active,1.512,0.369
Chimp hap2,chr15_hap2_hsa14,active,1.428,0.3675
Chimp hap2,chr15_hap2_hsa14,active,1.48,0.363
Chimp hap2,chr15_hap2_hsa14,active,1.44,0.3625
Chimp hap2,chr15_hap2_hsa14,active,1.528,0.3665
Chimp hap2,chr15_hap2_hsa14,active,1.508,0.3665
Chimp hap2,chr15_hap2_hsa14,active,1.436,0.3665
Chimp hap2,chr15_hap2_hsa14,active,1.432,0.3675
Chimp hap2,chr15_hap2_hsa14,active,1.476,0.363
Chimp hap2,chr15_hap2_hsa14,active,1.464,0.3705
Chimp hap2,chr15_hap2_hsa14,active,1.588,0.3685
Chimp hap2,chr15_hap2_hsa14,active,1.428,0.367
Chimp hap2,chr15_hap2_hsa14,active,1.468,0.363
Chimp hap2,chr15_hap2_hsa14,active,1.492,0.365
Chimp hap2,chr15_hap2_hsa14,active,1.48,0.3645
Chimp hap2,chr15_hap2_hsa14,active,1.476,0.365
Chimp hap2,chr15_hap2_hsa14,active,1.5,0.368
Chimp hap2,chr15_hap2_hsa14,active,1.472,0.3635
Chimp hap2,chr15_hap2_hsa14,active,1.468,0.3645
Chimp hap2,chr15_hap2_hsa14,active,1.452,0.3705
Chimp hap2,chr15_hap2_hsa14,active,1.572,0.367
Chimp hap2,chr15_hap2_hsa14,active,1.532,0.372
Chimp hap2,chr15_hap2_hsa14,active,1.432,0.3635
Chimp hap2,chr15_hap2_hsa14,active,1.516,0.3675
Chimp hap2,chr15_hap2_hsa14,active,1.556,0.3695
Chimp hap2,chr15_hap2_hsa14,active,1.548,0.3685
Chimp hap2,chr15_hap2_hsa14,active,1.452,0.3675
Chimp hap2,chr15_hap2_hsa14,active,1.516,0.3685
Chimp hap2,chr15_hap2_hsa14,active,1.572,0.369
Chimp hap2,chr15_hap2_hsa14,active,1.52,0.3665
Chimp hap2,chr15_hap2_hsa14,active,1.44,0.364
Chimp hap2,chr15_hap2_hsa14,active,1.472,0.367
Chimp hap2,chr15_hap2_hsa14,active,1.524,0.3655
Chimp hap2,chr15_hap2_hsa14,active,1.496,0.3635
Chimp hap2,chr15_hap2_hsa14,active,1.46,0.3695
Chimp hap2,chr15_hap2_hsa14,active,1.556,0.3695
Chimp hap2,chr15_hap2_hsa14,active,1.432,0.3665
Chimp hap2,chr15_hap2_hsa14,active,1.44,0.3665
Chimp hap2,chr15_hap2_hsa14,active,1.552,0.369
Chimp hap2,chr15_hap2_hsa14,active,1.444,0.3685
Chimp hap2,chr15_hap2_hsa14,active,1.432,0.365
Chimp hap2,chr15_hap2_hsa14,active,1.544,0.3695
Chimp hap2,chr15_hap2_hsa14,active,1.456,0.368
Chimp hap2,chr15_hap2_hsa14,active,1.452,0.3665
Chimp hap2,chr15_hap2_hsa14,active,1.56,0.3715
Chimp hap2,chr15_hap2_hsa14,active,1.424,0.367
Chimp hap2,chr15_hap2_hsa14,active,1.456,0.3635
Chimp hap2,chr15_hap2_hsa14,active,1.5,0.3685
Chimp hap2,chr15_hap2_hsa14,active,1.568,0.367
Chimp hap2,chr15_hap2_hsa14,active,1.536,0.3675
Chimp hap2,chr15_hap2_hsa14,active,1.412,0.364
Chimp hap2,chr15_hap2_hsa14,active,1.432,0.367
Chimp hap2,chr15_hap2_hsa14,active,1.556,0.369
Chimp hap2,chr15_hap2_hsa14,active,1.58,0.3675
Chimp hap2,chr15_hap2_hsa14,active,1.488,0.365
Chimp hap2,chr15_hap2_hsa14,active,1.456,0.3645
Chimp hap2,chr15_hap2_hsa14,active,1.504,0.37
Chimp hap2,chr15_hap2_hsa14,active,1.536,0.37
Chimp hap2,chr15_hap2_hsa14,active,1.492,0.3635
Chimp hap2,chr15_hap2_hsa14,active,1.548,0.367
Chimp hap2,chr15_hap2_hsa14,active,1.468,0.3655
Chimp hap2,chr15_hap2_hsa14,active,1.312,0.3645
Chimp hap2,chr15_hap2_hsa14,active,1.44,0.364
Chimp hap2,chr15_hap2_hsa14,active,1.416,0.364
Chimp hap2,chr15_hap2_hsa14,active,1.472,0.3655
Chimp hap2,chr15_hap2_hsa14,active,1.472,0.367
Chimp hap2,chr15_hap2_hsa14,active,1.436,0.3645
Chimp hap2,chr15_hap2_hsa14,active,1.44,0.3655
Chimp hap2,chr15_hap2_hsa14,active,1.352,0.366
Chimp hap2,chr15_hap2_hsa14,active,1.48,0.3665
Chimp hap2,chr15_hap2_hsa14,active,1.496,0.3635
Chimp hap2,chr15_hap2_hsa14,active,1.46,0.37
Chimp hap2,chr15_hap2_hsa14,active,1.524,0.3665
Chimp hap2,chr15_hap2_hsa14,active,1.52,0.3635
Chimp hap2,chr15_hap2_hsa14,active,1.536,0.368
Chimp hap2,chr15_hap2_hsa14,active,1.484,0.364
Chimp hap2,chr15_hap2_hsa14,active,1.332,0.366
Chimp hap2,chr15_hap2_hsa14,active,1.46,0.3665
Chimp hap2,chr15_hap2_hsa14,active,1.464,0.363
Chimp hap2,chr15_hap2_hsa14,active,1.48,0.3665
Chimp hap2,chr15_hap2_hsa14,active,1.472,0.3655
Chimp hap2,chr15_hap2_hsa14,active,1.42,0.368
Chimp hap2,chr15_hap2_hsa14,active,1.532,0.369
Chimp hap2,chr15_hap2_hsa14,active,1.524,0.365
Chimp hap2,chr15_hap2_hsa14,active,1.508,0.367
Chimp hap2,chr15_hap2_hsa14,active,1.464,0.3635
Chimp hap2,chr15_hap2_hsa14,active,1.368,0.3665
Chimp hap2,chr15_hap2_hsa14,active,1.452,0.365
Chimp hap2,chr15_hap2_hsa14,active,1.48,0.3645
Chimp hap2,chr15_hap2_hsa14,active,1.464,0.3655
Chimp hap2,chr15_hap2_hsa14,active,1.432,0.3635
Chimp hap2,chr15_hap2_hsa14,active,1.468,0.366
Chimp hap2,chr15_hap2_hsa14,active,1.44,0.363
Chimp hap2,chr15_hap2_hsa14,active,1.476,0.3635
Chimp hap2,chr15_hap2_hsa14,active,1.476,0.3665
Chimp hap2,chr15_hap2_hsa14,active,1.468,0.3645
Chimp hap2,chr15_hap2_hsa14,active,1.48,0.368
Chimp hap2,chr15_hap2_hsa14,active,1.488,0.3645
Chimp hap2,chr15_hap2_hsa14,active,1.484,0.367
Chimp hap2,chr15_hap2_hsa14,active,1.468,0.366
Chimp hap2,chr15_hap2_hsa14,active,1.448,0.3655
Chimp hap2,chr15_hap2_hsa14,active,1.476,0.3655
Chimp hap2,chr15_hap2_hsa14,active,1.504,0.3635
Chimp hap2,chr15_hap2_hsa14,active,1.492,0.367
Chimp hap2,chr15_hap2_hsa14,active,1.492,0.366
Chimp hap2,chr15_hap2_hsa14,active,1.48,0.3655
Chimp hap2,chr15_hap2_hsa14,active,1.492,0.367
Chimp hap2,chr15_hap2_hsa14,active,1.492,0.3655
Chimp hap2,chr15_hap2_hsa14,active,1.484,0.368
Chimp hap2,chr15_hap2_hsa14,active,1.508,0.3655
Chimp hap2,chr15_hap2_hsa14,active,1.428,0.369
Chimp hap2,chr15_hap2_hsa14,active,1.5,0.3655
Chimp hap2,chr15_hap2_hsa14,active,1.516,0.3705
Chimp hap2,chr15_hap2_hsa14,active,1.452,0.3705
Chimp hap2,chr15_hap2_hsa14,active,1.552,0.3685
Chimp hap2,chr15_hap2_hsa14,active,1.508,0.364
Chimp hap2,chr15_hap2_hsa14,active,1.588,0.3685
Chimp hap2,chr15_hap2_hsa14,active,1.504,0.3675
Chimp hap2,chr15_hap2_hsa14,active,1.504,0.37
Chimp hap2,chr15_hap2_hsa14,active,1.54,0.3685
Chimp hap2,chr15_hap2_hsa14,active,1.532,0.3665
Chimp hap2,chr15_hap2_hsa14,active,1.596,0.37
Chimp hap2,chr15_hap2_hsa14,active,1.528,0.3685
Chimp hap2,chr15_hap2_hsa14,active,1.544,0.367
Chimp hap2,chr15_hap2_hsa14,active,1.584,0.368
Chimp hap2,chr15_hap2_hsa14,active,1.488,0.3715
Chimp hap2,chr15_hap2_hsa14,active,1.488,0.369
Chimp hap2,chr15_hap2_hsa14,active,1.784,0.364
Chimp hap2,chr15_hap2_hsa14,active,1.772,0.377
Chimp hap2,chr15_hap2_hsa14,active,1.776,0.3705
Chimp hap2,chr15_hap2_hsa14,active,1.784,0.3705
Chimp hap2,chr15_hap2_hsa14,active,1.896,0.3725
Chimp hap2,chr15_hap2_hsa14,active,1.832,0.3615
Chimp hap2,chr15_hap2_hsa14,active,1.896,0.38
Chimp hap2,chr15_hap2_hsa14,active,1.864,0.3715
Chimp hap2,chr15_hap2_hsa14,active,1.876,0.3665
Chimp hap2,chr15_hap2_hsa14,active,1.9,0.377
Chimp hap2,chr15_hap2_hsa14,active,1.836,0.3675
Chimp hap2,chr15_hap2_hsa14,active,1.912,0.3695
Chimp hap2,chr15_hap2_hsa14,active,1.852,0.376
Chimp hap2,chr15_hap2_hsa14,active,1.844,0.3645
Chimp hap2,chr15_hap2_hsa14,active,1.936,0.3725
Chimp hap2,chr15_hap2_hsa14,active,1.9,0.375
Chimp hap2,chr15_hap2_hsa14,active,1.864,0.3635
Chimp hap2,chr15_hap2_hsa14,active,1.88,0.38
Chimp hap2,chr15_hap2_hsa14,active,1.868,0.372
Chimp hap2,chr15_hap2_hsa14,active,1.84,0.366
Chimp hap2,chr15_hap2_hsa14,active,1.892,0.377
Chimp hap2,chr15_hap2_hsa14,active,1.836,0.367
Chimp hap2,chr15_hap2_hsa14,active,1.936,0.367
Chimp hap2,chr15_hap2_hsa14,active,1.836,0.378
Chimp hap2,chr15_hap2_hsa14,active,1.808,0.367
Chimp hap2,chr15_hap2_hsa14,active,1.844,0.3705
Chimp hap2,chr15_hap2_hsa14,active,1.876,0.3635
Chimp hap2,chr15_hap2_hsa14,active,1.888,0.3785
Chimp hap2,chr15_hap2_hsa14,active,1.88,0.3745
Chimp hap2,chr15_hap2_hsa14,active,1.848,0.364
Chimp hap2,chr15_hap2_hsa14,active,1.896,0.3785
Chimp hap2,chr15_hap2_hsa14,active,1.848,0.364
Chimp hap2,chr15_hap2_hsa14,active,1.904,0.369
Chimp hap2,chr15_hap2_hsa14,active,1.836,0.378
Chimp hap2,chr15_hap2_hsa14,active,1.832,0.367
Chimp hap2,chr15_hap2_hsa14,active,1.848,0.371
Chimp hap2,chr15_hap2_hsa14,active,1.864,0.364
Chimp hap2,chr15_hap2_hsa14,active,1.9,0.379
Chimp hap2,chr15_hap2_hsa14,active,1.88,0.3735
Chimp hap2,chr15_hap2_hsa14,active,1.816,0.363
Chimp hap2,chr15_hap2_hsa14,active,1.844,0.3775
Chimp hap2,chr15_hap2_hsa14,active,1.8,0.37
Chimp hap2,chr15_hap2_hsa14,active,1.888,0.366
Chimp hap2,chr15_hap2_hsa14,active,1.852,0.369
Chimp hap2,chr15_hap2_hsa14,active,1.9,0.3715
Chimp hap2,chr15_hap2_hsa14,active,1.928,0.377
Chimp hap2,chr15_hap2_hsa14,active,1.848,0.3625
Chimp hap2,chr15_hap2_hsa14,active,1.9,0.3775
Chimp hap2,chr15_hap2_hsa14,active,1.812,0.3725
Chimp hap2,chr15_hap2_hsa14,active,1.848,0.3615
Chimp hap2,chr15_hap2_hsa14,active,1.896,0.3795
Chimp hap2,chr15_hap2_hsa14,active,1.844,0.371
Chimp hap2,chr15_hap2_hsa14,active,1.876,0.3655
Chimp hap2,chr15_hap2_hsa14,active,1.896,0.3765
Chimp hap2,chr15_hap2_hsa14,active,1.832,0.3675
Chimp hap2,chr15_hap2_hsa14,active,1.92,0.371
Chimp hap2,chr15_hap2_hsa14,active,1.92,0.375
Chimp hap2,chr15_hap2_hsa14,active,1.876,0.3635
Chimp hap2,chr15_hap2_hsa14,active,1.896,0.375
Chimp hap2,chr15_hap2_hsa14,active,1.908,0.3735
Chimp hap2,chr15_hap2_hsa14,active,1.848,0.364
Chimp hap2,chr15_hap2_hsa14,active,1.84,0.379
Chimp hap2,chr15_hap2_hsa14,active,1.86,0.3665
Chimp hap2,chr15_hap2_hsa14,active,1.92,0.37
Chimp hap2,chr15_hap2_hsa14,active,1.864,0.377
Chimp hap2,chr15_hap2_hsa14,active,1.828,0.3645
Chimp hap2,chr15_hap2_hsa14,active,1.928,0.3695
Chimp hap2,chr15_hap2_hsa14,active,1.912,0.3735
Chimp hap2,chr15_hap2_hsa14,active,1.88,0.3675
Chimp hap2,chr15_hap2_hsa14,active,1.876,0.375
Chimp hap2,chr15_hap2_hsa14,active,1.808,0.373
Chimp hap2,chr15_hap2_hsa14,active,2.44,0.3935
Chimp hap2,chr15_hap2_hsa14,active,1.852,0.3705
Chimp hap2,chr15_hap2_hsa14,active,1.908,0.3725
Chimp hap2,chr15_hap2_hsa14,active,1.824,0.3705
Chimp hap2,chr15_hap2_hsa14,active,1.84,0.3655
Chimp hap2,chr15_hap2_hsa14,active,1.848,0.3785
Chimp hap2,chr15_hap2_hsa14,active,1.784,0.3675
Chimp hap2,chr15_hap2_hsa14,active,1.86,0.366
Chimp hap2,chr15_hap2_hsa14,active,1.888,0.377
Chimp hap2,chr15_hap2_hsa14,active,1.824,0.372
Chimp hap2,chr15_hap2_hsa14,active,2.468,0.3935
Chimp hap2,chr15_hap2_hsa14,active,1.812,0.37
Chimp hap2,chr15_hap2_hsa14,active,1.908,0.3715
Chimp hap2,chr15_hap2_hsa14,active,2.34,0.384
Chimp hap2,chr15_hap2_hsa14,active,2.24,0.3715
Chimp hap2,chr15_hap2_hsa14,active,2.0,0.3685
Chimp hap2,chr15_hap2_hsa14,active,1.964,0.3745
Chimp hap2,chr15_hap2_hsa14,active,1.828,0.364
Chimp hap2,chr15_hap2_hsa14,active,2.068,0.3715
Chimp hap2,chr15_hap2_hsa14,active,1.876,0.372
Chimp hap2,chr15_hap2_hsa14,active,1.968,0.38
Chimp hap2,chr15_hap2_hsa14,active,2.44,0.39
Chimp hap2,chr15_hap2_hsa14,active,2.412,0.3825
Chimp hap2,chr15_hap2_hsa14,active,2.5,0.472
Chimp hap2,chr15_hap2_hsa14,active,1.708,0.368
Chimp hap2,chr15_hap2_hsa14,active,1.88,0.368
Chimp hap2,chr15_hap2_hsa14,active,1.956,0.369
Chimp hap2,chr15_hap2_hsa14,active,2.108,0.365
Chimp hap2,chr15_hap2_hsa14,inactive,2.02,0.357
Chimp hap2,chr15_hap2_hsa14,inactive,1.9,0.361
Chimp hap2,chr15_hap2_hsa14,inactive,1.872,0.3565
Chimp hap2,chr15_hap2_hsa14,inactive,1.948,0.359
Chimp hap2,chr15_hap2_hsa14,inactive,1.836,0.367
Chimp hap2,chr15_hap2_hsa14,inactive,1.9,0.371
Chimp hap2,chr15_hap2_hsa14,inactive,1.88,0.369
Chimp hap2,chr15_hap2_hsa14,inactive,1.836,0.3725
Chimp hap2,chr15_hap2_hsa14,inactive,1.88,0.375
Chimp hap2,chr15_hap2_hsa14,inactive,1.856,0.3735
Chimp hap2,chr21_hap2_hsa20,inactive,1.836,0.3715
Chimp hap2,chr21_hap2_hsa20,inactive,1.828,0.3735
Chimp hap2,chr21_hap2_hsa20,inactive,1.876,0.3695
Chimp hap2,chr21_hap2_hsa20,inactive,1.904,0.3525
Chimp hap2,chr21_hap2_hsa20,inactive,1.592,0.363
Chimp hap2,chr21_hap2_hsa20,inactive,1.896,0.3585
Chimp hap2,chr21_hap2_hsa20,inactive,1.904,0.3475
Chimp hap2,chr21_hap2_hsa20,inactive,1.744,0.3505
Chimp hap2,chr21_hap2_hsa20,inactive,2.208,0.3735
Chimp hap2,chr21_hap2_hsa20,inactive,2.44,0.379
Chimp hap2,chr21_hap2_hsa20,inactive,1.868,0.36
Chimp hap2,chr21_hap2_hsa20,inactive,2.44,0.389
Chimp hap2,chr21_hap2_hsa20,inactive,2.092,0.357
Chimp hap2,chr21_hap2_hsa20,inactive,1.94,0.357
Chimp hap2,chr21_hap2_hsa20,inactive,1.888,0.356
Chimp hap2,chr21_hap2_hsa20,inactive,1.924,0.355
Chimp hap2,chr21_hap2_hsa20,inactive,1.884,0.3595
Chimp hap2,chr21_hap2_hsa20,inactive,1.912,0.3545
Chimp hap2,chr21_hap2_hsa20,inactive,1.856,0.363
Chimp hap2,chr21_hap2_hsa20,inactive,1.936,0.36
Chimp hap2,chr21_hap2_hsa20,inactive,1.972,0.3685
Chimp hap2,chr21_hap2_hsa20,inactive,2.04,0.3595
Chimp hap2,chr21_hap2_hsa20,inactive,2.248,0.3795
Chimp hap2,chr21_hap2_hsa20,inactive,1.888,0.358
Chimp hap2,chr21_hap2_hsa20,inactive,1.96,0.37
Chimp hap2,chr21_hap2_hsa20,inactive,1.9,0.367
Chimp hap2,chr21_hap2_hsa20,inactive,2.424,0.389
Chimp hap2,chr21_hap2_hsa20,inactive,2.428,0.389
Chimp hap2,chr21_hap2_hsa20,inactive,2.384,0.3755
Chimp hap2,chr21_hap2_hsa20,active,2.116,0.3635
Chimp hap2,chr21_hap2_hsa20,active,1.88,0.376
Chimp hap2,chr21_hap2_hsa20,active,1.948,0.3755
Chimp hap2,chr21_hap2_hsa20,active,1.92,0.367
Chimp hap2,chr21_hap2_hsa20,active,1.9,0.3635
Chimp hap2,chr21_hap2_hsa20,active,1.972,0.3805
Chimp hap2,chr21_hap2_hsa20,active,1.976,0.3695
Chimp hap2,chr21_hap2_hsa20,active,1.924,0.366
Chimp hap2,chr21_hap2_hsa20,active,1.916,0.3725
Chimp hap2,chr21_hap2_hsa20,active,2.036,0.367
Chimp hap2,chr21_hap2_hsa20,active,1.952,0.372
Chimp hap2,chr21_hap2_hsa20,active,2.008,0.3595
Chimp hap2,chr21_hap2_hsa20,active,1.96,0.378
Chimp hap2,chr21_hap2_hsa20,active,1.964,0.375
Chimp hap2,chr21_hap2_hsa20,active,2.024,0.372
Chimp hap2,chr21_hap2_hsa20,active,1.864,0.3775
Chimp hap2,chr21_hap2_hsa20,active,1.904,0.373
Chimp hap2,chr21_hap2_hsa20,active,1.96,0.369
Chimp hap2,chr21_hap2_hsa20,active,1.836,0.375
Chimp hap2,chr21_hap2_hsa20,active,1.764,0.369
Chimp hap2,chr21_hap2_hsa20,active,1.824,0.3745
Chimp hap2,chr21_hap2_hsa20,active,2.032,0.3965
Chimp hap2,chr21_hap2_hsa20,active,1.796,0.368
Chimp hap2,chr21_hap2_hsa20,active,1.8,0.3645
Chimp hap2,chr21_hap2_hsa20,active,1.776,0.3865
Chimp hap2,chr21_hap2_hsa20,active,1.872,0.371
Chimp hap2,chr21_hap2_hsa20,active,1.868,0.3715
Chimp hap2,chr21_hap2_hsa20,active,1.876,0.373
Chimp hap2,chr21_hap2_hsa20,active,1.852,0.3755
Chimp hap2,chr21_hap2_hsa20,active,1.912,0.3705
Chimp hap2,chr21_hap2_hsa20,active,1.876,0.376
Chimp hap2,chr21_hap2_hsa20,active,1.876,0.3715
Chimp hap2,chr21_hap2_hsa20,active,1.9,0.374
Chimp hap2,chr21_hap2_hsa20,active,1.864,0.371
Chimp hap2,chr21_hap2_hsa20,active,1.96,0.378
Chimp hap2,chr21_hap2_hsa20,active,1.848,0.3765
Chimp hap2,chr21_hap2_hsa20,active,1.924,0.37
Chimp hap2,chr21_hap2_hsa20,active,1.904,0.3805
Chimp hap2,chr21_hap2_hsa20,active,1.96,0.367
Chimp hap2,chr21_hap2_hsa20,active,1.744,0.369
Chimp hap2,chr21_hap2_hsa20,active,1.752,0.3695
Chimp hap2,chr21_hap2_hsa20,active,1.776,0.3665
Chimp hap2,chr21_hap2_hsa20,active,1.876,0.368
Chimp hap2,chr21_hap2_hsa20,active,1.816,0.373
Chimp hap2,chr21_hap2_hsa20,active,1.812,0.377
Chimp hap2,chr21_hap2_hsa20,active,1.828,0.3645
Chimp hap2,chr21_hap2_hsa20,active,1.792,0.3655
Chimp hap2,chr21_hap2_hsa20,active,1.816,0.367
Chimp hap2,chr21_hap2_hsa20,active,1.824,0.3595
Chimp hap2,chr21_hap2_hsa20,active,1.756,0.371
Chimp hap2,chr21_hap2_hsa20,active,1.804,0.3635
Chimp hap2,chr21_hap2_hsa20,active,1.8,0.3655
Chimp hap2,chr21_hap2_hsa20,active,1.8,0.3785
Chimp hap2,chr21_hap2_hsa20,active,1.572,0.3825
Chimp hap2,chr21_hap2_hsa20,active,1.58,0.3805
Chimp hap2,chr21_hap2_hsa20,active,1.608,0.381
Chimp hap2,chr21_hap2_hsa20,active,1.588,0.3795
Chimp hap2,chr21_hap2_hsa20,active,1.568,0.383
Chimp hap2,chr21_hap2_hsa20,active,1.512,0.3845
Chimp hap2,chr21_hap2_hsa20,active,1.572,0.3795
Chimp hap2,chr21_hap2_hsa20,active,1.588,0.3805
Chimp hap2,chr21_hap2_hsa20,active,1.588,0.3785
Chimp hap2,chr21_hap2_hsa20,active,1.568,0.3795
Chimp hap2,chr21_hap2_hsa20,active,1.56,0.3815
Chimp hap2,chr21_hap2_hsa20,active,1.612,0.3785
Chimp hap2,chr21_hap2_hsa20,active,1.584,0.378
Chimp hap2,chr21_hap2_hsa20,active,1.556,0.382
Chimp hap2,chr21_hap2_hsa20,active,1.58,0.381
Chimp hap2,chr21_hap2_hsa20,active,1.516,0.384
Chimp hap2,chr21_hap2_hsa20,active,1.624,0.378
Chimp hap2,chr21_hap2_hsa20,active,1.596,0.3805
Chimp hap2,chr21_hap2_hsa20,active,1.688,0.38
Chimp hap2,chr21_hap2_hsa20,active,1.64,0.38
Chimp hap2,chr21_hap2_hsa20,active,1.656,0.3775
Chimp hap2,chr21_hap2_hsa20,active,1.676,0.386
Chimp hap2,chr21_hap2_hsa20,active,1.596,0.3845
Chimp hap2,chr21_hap2_hsa20,active,1.708,0.384
Chimp hap2,chr21_hap2_hsa20,active,1.68,0.3835
Chimp hap2,chr21_hap2_hsa20,active,1.744,0.382
Chimp hap2,chr21_hap2_hsa20,active,1.576,0.376
Chimp hap2,chr21_hap2_hsa20,active,1.756,0.3775
Chimp hap2,chr21_hap2_hsa20,active,1.66,0.378
Chimp hap2,chr21_hap2_hsa20,active,1.688,0.379
Chimp hap2,chr21_hap2_hsa20,active,1.636,0.3815
Chimp hap2,chr21_hap2_hsa20,active,1.68,0.38
Chimp hap2,chr21_hap2_hsa20,active,1.66,0.3815
Chimp hap2,chr21_hap2_hsa20,active,1.772,0.3775
Chimp hap2,chr21_hap2_hsa20,active,1.664,0.3805
Chimp hap2,chr21_hap2_hsa20,active,1.564,0.3785
Chimp hap2,chr21_hap2_hsa20,active,1.684,0.375
Chimp hap2,chr21_hap2_hsa20,active,1.596,0.381
Chimp hap2,chr21_hap2_hsa20,active,1.636,0.38
Chimp hap2,chr21_hap2_hsa20,active,1.612,0.3915
Chimp hap2,chr21_hap2_hsa20,active,1.612,0.3855
Chimp hap2,chr21_hap2_hsa20,active,1.608,0.381
Chimp hap2,chr21_hap2_hsa20,active,1.608,0.3845
Chimp hap2,chr21_hap2_hsa20,active,1.636,0.3825
Chimp hap2,chr21_hap2_hsa20,active,1.676,0.377
Chimp hap2,chr21_hap2_hsa20,active,1.668,0.381
Chimp hap2,chr21_hap2_hsa20,active,1.68,0.3855
Chimp hap2,chr21_hap2_hsa20,active,1.712,0.38
Chimp hap2,chr21_hap2_hsa20,active,1.584,0.3805
Chimp hap2,chr21_hap2_hsa20,active,1.656,0.3835
Chimp hap2,chr21_hap2_hsa20,active,1.68,0.3835
Chimp hap2,chr21_hap2_hsa20,active,1.688,0.382
Chimp hap2,chr21_hap2_hsa20,active,1.672,0.379
Chimp hap2,chr21_hap2_hsa20,active,1.632,0.3835
Chimp hap2,chr21_hap2_hsa20,active,1.58,0.38
Chimp hap2,chr21_hap2_hsa20,active,1.612,0.382
Chimp hap2,chr21_hap2_hsa20,active,1.676,0.381
Chimp hap2,chr21_hap2_hsa20,active,1.608,0.383
Chimp hap2,chr21_hap2_hsa20,active,1.664,0.3815
Chimp hap2,chr21_hap2_hsa20,active,1.58,0.375
Chimp hap2,chr21_hap2_hsa20,active,1.632,0.3765
Chimp hap2,chr21_hap2_hsa20,active,1.612,0.384
Chimp hap2,chr21_hap2_hsa20,active,1.716,0.382
Chimp hap2,chr21_hap2_hsa20,active,1.604,0.3765
Chimp hap2,chr21_hap2_hsa20,active,1.584,0.3825
Chimp hap2,chr21_hap2_hsa20,active,1.552,0.38
Chimp hap2,chr21_hap2_hsa20,active,1.672,0.385
Chimp hap2,chr21_hap2_hsa20,active,1.604,0.386
Chimp hap2,chr21_hap2_hsa20,active,1.744,0.3815
Chimp hap2,chr21_hap2_hsa20,active,1.72,0.38
Chimp hap2,chr21_hap2_hsa20,active,1.648,0.382
Chimp hap2,chr21_hap2_hsa20,active,1.66,0.38
Chimp hap2,chr21_hap2_hsa20,active,1.628,0.381
Chimp hap2,chr21_hap2_hsa20,active,1.628,0.385
Chimp hap2,chr21_hap2_hsa20,active,1.512,0.3845
Chimp hap2,chr21_hap2_hsa20,active,1.624,0.3845
Chimp hap2,chr21_hap2_hsa20,active,1.708,0.38
Chimp hap2,chr21_hap2_hsa20,active,1.58,0.383
Chimp hap2,chr21_hap2_hsa20,active,1.696,0.3805
Chimp hap2,chr21_hap2_hsa20,active,1.656,0.3815
Chimp hap2,chr21_hap2_hsa20,active,1.632,0.382
Chimp hap2,chr21_hap2_hsa20,active,1.636,0.379
Chimp hap2,chr21_hap2_hsa20,active,1.648,0.383
Chimp hap2,chr21_hap2_hsa20,active,1.752,0.382
Chimp hap2,chr21_hap2_hsa20,active,1.568,0.38
Chimp hap2,chr21_hap2_hsa20,active,1.744,0.3845
Chimp hap2,chr21_hap2_hsa20,active,1.628,0.3785
Chimp hap2,chr21_hap2_hsa20,active,1.676,0.382
Chimp hap2,chr21_hap2_hsa20,active,1.632,0.381
Chimp hap2,chr21_hap2_hsa20,active,1.584,0.381
Chimp hap2,chr21_hap2_hsa20,active,1.608,0.3785
Chimp hap2,chr21_hap2_hsa20,active,1.704,0.38
Chimp hap2,chr21_hap2_hsa20,active,1.56,0.3835
Chimp hap2,chr21_hap2_hsa20,active,1.62,0.382
Chimp hap2,chr21_hap2_hsa20,active,1.704,0.3815
Chimp hap2,chr21_hap2_hsa20,active,1.644,0.3835
Chimp hap2,chr21_hap2_hsa20,active,1.612,0.382
Chimp hap2,chr21_hap2_hsa20,active,1.548,0.3825
Chimp hap2,chr21_hap2_hsa20,active,1.704,0.38
Chimp hap2,chr21_hap2_hsa20,active,1.616,0.3765
Chimp hap2,chr21_hap2_hsa20,active,1.684,0.3835
Chimp hap2,chr21_hap2_hsa20,active,1.648,0.38
Chimp hap2,chr21_hap2_hsa20,active,1.596,0.3825
Chimp hap2,chr21_hap2_hsa20,active,1.608,0.3795
Chimp hap2,chr21_hap2_hsa20,active,1.568,0.381
Chimp hap2,chr21_hap2_hsa20,active,1.584,0.3825
Chimp hap2,chr21_hap2_hsa20,active,1.54,0.3805
Chimp hap2,chr21_hap2_hsa20,active,1.692,0.377
Chimp hap2,chr21_hap2_hsa20,active,1.72,0.383
Chimp hap2,chr21_hap2_hsa20,active,1.652,0.3825
Chimp hap2,chr21_hap2_hsa20,active,1.68,0.379
Chimp hap2,chr21_hap2_hsa20,active,1.612,0.384
Chimp hap2,chr21_hap2_hsa20,active,1.604,0.38
Chimp hap2,chr21_hap2_hsa20,active,1.6,0.379
Chimp hap2,chr21_hap2_hsa20,active,1.624,0.3795
Chimp hap2,chr21_hap2_hsa20,active,1.596,0.381
Chimp hap2,chr21_hap2_hsa20,active,1.524,0.38
Chimp hap2,chr21_hap2_hsa20,active,1.488,0.383
Chimp hap2,chr21_hap2_hsa20,active,1.56,0.38
Chimp hap2,chr21_hap2_hsa20,active,1.548,0.379
Chimp hap2,chr21_hap2_hsa20,active,1.548,0.382
Chimp hap2,chr21_hap2_hsa20,active,1.56,0.3795
Chimp hap2,chr21_hap2_hsa20,active,1.564,0.3805
Chimp hap2,chr21_hap2_hsa20,active,1.584,0.3805
Chimp hap2,chr21_hap2_hsa20,active,1.52,0.38
Chimp hap2,chr21_hap2_hsa20,active,1.6,0.383
Chimp hap2,chr21_hap2_hsa20,active,1.544,0.3745
Chimp hap2,chr21_hap2_hsa20,active,1.584,0.3805
Chimp hap2,chr21_hap2_hsa20,active,1.532,0.3815
Chimp hap2,chr21_hap2_hsa20,active,1.532,0.3795
Chimp hap2,chr21_hap2_hsa20,active,1.456,0.3805
Chimp hap2,chr21_hap2_hsa20,active,1.58,0.377
Chimp hap2,chr21_hap2_hsa20,active,1.62,0.376
Chimp hap2,chr21_hap2_hsa20,active,1.436,0.379
Chimp hap2,chr21_hap2_hsa20,active,1.572,0.3785
Chimp hap2,chr21_hap2_hsa20,active,1.564,0.383
Chimp hap2,chr21_hap2_hsa20,active,1.588,0.379
Chimp hap2,chr21_hap2_hsa20,active,1.52,0.3825
Chimp hap2,chr21_hap2_hsa20,active,1.584,0.383
Chimp hap2,chr21_hap2_hsa20,active,1.52,0.384
Chimp hap2,chr21_hap2_hsa20,active,1.496,0.383
Chimp hap2,chr21_hap2_hsa20,active,1.54,0.3845
Chimp hap2,chr21_hap2_hsa20,active,1.56,0.379
Chimp hap2,chr21_hap2_hsa20,active,1.524,0.384
Chimp hap2,chr21_hap2_hsa20,active,1.544,0.3805
Chimp hap2,chr21_hap2_hsa20,active,1.556,0.382
Chimp hap2,chr21_hap2_hsa20,active,1.528,0.38
Chimp hap2,chr21_hap2_hsa20,active,1.512,0.383
Chimp hap2,chr21_hap2_hsa20,active,1.552,0.3785
Chimp hap2,chr21_hap2_hsa20,active,1.5,0.3825
Chimp hap2,chr21_hap2_hsa20,active,1.52,0.379
Chimp hap2,chr21_hap2_hsa20,active,1.512,0.383
Chimp hap2,chr21_hap2_hsa20,active,1.48,0.3805
Chimp hap2,chr21_hap2_hsa20,active,1.536,0.3795
Chimp hap2,chr21_hap2_hsa20,active,1.524,0.379
Chimp hap2,chr21_hap2_hsa20,active,1.536,0.383
Chimp hap2,chr21_hap2_hsa20,active,1.544,0.3835
Chimp hap2,chr21_hap2_hsa20,active,1.544,0.38
Chimp hap2,chr21_hap2_hsa20,active,1.532,0.3785
Chimp hap2,chr21_hap2_hsa20,active,1.58,0.3825
Chimp hap2,chr21_hap2_hsa20,active,1.54,0.382
Chimp hap2,chr21_hap2_hsa20,active,1.544,0.385
Chimp hap2,chr21_hap2_hsa20,active,1.512,0.3815
Chimp hap2,chr21_hap2_hsa20,active,1.528,0.383
Chimp hap2,chr21_hap2_hsa20,active,1.508,0.379
Chimp hap2,chr21_hap2_hsa20,active,1.584,0.38
Chimp hap2,chr21_hap2_hsa20,active,1.516,0.3835
Chimp hap2,chr21_hap2_hsa20,active,1.608,0.383
Chimp hap2,chr21_hap2_hsa20,active,1.576,0.381
Chimp hap2,chr21_hap2_hsa20,active,1.516,0.3805
Chimp hap2,chr21_hap2_hsa20,active,1.52,0.3785
Chimp hap2,chr21_hap2_hsa20,active,1.476,0.381
Chimp hap2,chr21_hap2_hsa20,active,1.516,0.379
Chimp hap2,chr21_hap2_hsa20,active,1.496,0.3785
Chimp hap2,chr21_hap2_hsa20,active,1.532,0.38
Chimp hap2,chr21_hap2_hsa20,active,1.448,0.3805
Chimp hap2,chr21_hap2_hsa20,active,1.496,0.3765
Chimp hap2,chr21_hap2_hsa20,active,1.516,0.3795
Chimp hap2,chr21_hap2_hsa20,active,1.492,0.3775
Chimp hap2,chr21_hap2_hsa20,active,1.544,0.3795
Chimp hap2,chr21_hap2_hsa20,active,1.552,0.3795
Chimp hap2,chr21_hap2_hsa20,active,1.516,0.383
Chimp hap2,chr21_hap2_hsa20,active,1.528,0.383
Chimp hap2,chr21_hap2_hsa20,active,1.54,0.382
Chimp hap2,chr21_hap2_hsa20,active,1.548,0.3815
Chimp hap2,chr21_hap2_hsa20,active,1.504,0.377
Chimp hap2,chr21_hap2_hsa20,active,1.5,0.3835
Chimp hap2,chr21_hap2_hsa20,active,1.548,0.383
Chimp hap2,chr21_hap2_hsa20,active,1.48,0.38
Chimp hap2,chr21_hap2_hsa20,active,1.5,0.383
Chimp hap2,chr21_hap2_hsa20,active,1.508,0.378
Chimp hap2,chr21_hap2_hsa20,active,1.556,0.3805
Chimp hap2,chr21_hap2_hsa20,active,1.576,0.383
Chimp hap2,chr21_hap2_hsa20,active,1.672,0.3785
Chimp hap2,chr21_hap2_hsa20,active,1.564,0.38
Chimp hap2,chr21_hap2_hsa20,active,1.464,0.384
Chimp hap2,chr21_hap2_hsa20,active,1.512,0.3835
Chimp hap2,chr21_hap2_hsa20,active,1.556,0.3835
Chimp hap2,chr21_hap2_hsa20,active,1.496,0.384
Chimp hap2,chr21_hap2_hsa20,active,1.512,0.3865
Chimp hap2,chr21_hap2_hsa20,active,1.456,0.382
Chimp hap2,chr21_hap2_hsa20,active,1.524,0.384
Chimp hap2,chr21_hap2_hsa20,active,1.556,0.3825
Chimp hap2,chr21_hap2_hsa20,active,1.56,0.38
Chimp hap2,chr21_hap2_hsa20,active,1.48,0.3835
Chimp hap2,chr21_hap2_hsa20,active,1.512,0.382
Chimp hap2,chr21_hap2_hsa20,active,1.604,0.3865
Chimp hap2,chr21_hap2_hsa20,active,1.572,0.3835
Chimp hap2,chr21_hap2_hsa20,active,1.492,0.385
Chimp hap2,chr21_hap2_hsa20,active,1.596,0.381
Chimp hap2,chr21_hap2_hsa20,active,1.444,0.383
Chimp hap2,chr21_hap2_hsa20,active,1.444,0.38
Chimp hap2,chr21_hap2_hsa20,active,1.516,0.3805
Chimp hap2,chr21_hap2_hsa20,active,1.456,0.383
Chimp hap2,chr21_hap2_hsa20,active,1.552,0.38
Chimp hap2,chr21_hap2_hsa20,active,1.504,0.3825
Chimp hap2,chr21_hap2_hsa20,active,1.564,0.379
Chimp hap2,chr21_hap2_hsa20,active,1.624,0.38
Chimp hap2,chr21_hap2_hsa20,active,1.484,0.3845
Chimp hap2,chr21_hap2_hsa20,active,1.58,0.382
Chimp hap2,chr21_hap2_hsa20,active,1.552,0.3845
Chimp hap2,chr21_hap2_hsa20,active,1.48,0.3855
Chimp hap2,chr21_hap2_hsa20,active,1.556,0.3865
Chimp hap2,chr21_hap2_hsa20,active,1.568,0.384
Chimp hap2,chr21_hap2_hsa20,active,1.484,0.385
Chimp hap2,chr21_hap2_hsa20,active,1.56,0.3835
Chimp hap2,chr21_hap2_hsa20,active,1.512,0.3815
Chimp hap2,chr21_hap2_hsa20,active,1.52,0.3815
Chimp hap2,chr21_hap2_hsa20,active,1.588,0.3815
Chimp hap2,chr21_hap2_hsa20,active,1.452,0.3775
Chimp hap2,chr21_hap2_hsa20,active,1.452,0.3815
Chimp hap2,chr21_hap2_hsa20,active,1.432,0.3795
Chimp hap2,chr21_hap2_hsa20,active,1.456,0.3835
Chimp hap2,chr21_hap2_hsa20,active,1.488,0.3825
Chimp hap2,chr21_hap2_hsa20,active,1.548,0.3805
Chimp hap2,chr21_hap2_hsa20,active,1.56,0.3815
Chimp hap2,chr21_hap2_hsa20,active,1.512,0.38
Chimp hap2,chr21_hap2_hsa20,active,1.44,0.3805
Chimp hap2,chr21_hap2_hsa20,active,1.432,0.38
Chimp hap2,chr21_hap2_hsa20,active,1.46,0.3805
Chimp hap2,chr21_hap2_hsa20,active,1.484,0.3825
Chimp hap2,chr21_hap2_hsa20,active,1.484,0.381
Chimp hap2,chr21_hap2_hsa20,active,1.512,0.384
Chimp hap2,chr21_hap2_hsa20,active,1.48,0.3805
Chimp hap2,chr21_hap2_hsa20,active,1.584,0.3795
Chimp hap2,chr21_hap2_hsa20,active,1.552,0.3785
Chimp hap2,chr21_hap2_hsa20,active,1.556,0.3815
Chimp hap2,chr21_hap2_hsa20,active,1.536,0.3785
Chimp hap2,chr21_hap2_hsa20,active,1.512,0.3775
Chimp hap2,chr21_hap2_hsa20,active,1.5,0.3835
Chimp hap2,chr21_hap2_hsa20,active,1.532,0.384
Chimp hap2,chr21_hap2_hsa20,active,1.492,0.3785
Chimp hap2,chr21_hap2_hsa20,active,1.56,0.381
Chimp hap2,chr21_hap2_hsa20,active,1.556,0.383
Chimp hap2,chr21_hap2_hsa20,active,1.544,0.383
Chimp hap2,chr21_hap2_hsa20,active,1.48,0.3795
Chimp hap2,chr21_hap2_hsa20,active,1.576,0.3815
Chimp hap2,chr21_hap2_hsa20,active,1.516,0.381
Chimp hap2,chr21_hap2_hsa20,active,1.552,0.381
Chimp hap2,chr21_hap2_hsa20,active,1.548,0.383
Chimp hap2,chr21_hap2_hsa20,active,1.54,0.381
Chimp hap2,chr21_hap2_hsa20,active,1.548,0.38
Chimp hap2,chr21_hap2_hsa20,active,1.524,0.3815
Chimp hap2,chr21_hap2_hsa20,active,1.52,0.3785
Chimp hap2,chr21_hap2_hsa20,active,1.516,0.38
Chimp hap2,chr21_hap2_hsa20,active,1.464,0.38
Chimp hap2,chr21_hap2_hsa20,active,1.512,0.3835
Chimp hap2,chr21_hap2_hsa20,active,1.596,0.3805
Chimp hap2,chr21_hap2_hsa20,active,1.48,0.38
Chimp hap2,chr21_hap2_hsa20,active,1.584,0.383
Chimp hap2,chr21_hap2_hsa20,active,1.54,0.383
Chimp hap2,chr21_hap2_hsa20,active,1.508,0.382
Chimp hap2,chr21_hap2_hsa20,active,1.56,0.3835
Chimp hap2,chr21_hap2_hsa20,active,1.532,0.3805
Chimp hap2,chr21_hap2_hsa20,active,1.568,0.3845
Chimp hap2,chr21_hap2_hsa20,active,1.512,0.3835
Chimp hap2,chr21_hap2_hsa20,active,1.46,0.383
Chimp hap2,chr21_hap2_hsa20,active,1.552,0.382
Chimp hap2,chr21_hap2_hsa20,active,1.528,0.3795
Chimp hap2,chr21_hap2_hsa20,active,1.516,0.3825
Chimp hap2,chr21_hap2_hsa20,active,1.508,0.381
Chimp hap2,chr21_hap2_hsa20,active,1.52,0.382
Chimp hap2,chr21_hap2_hsa20,active,1.5,0.38
Chimp hap2,chr21_hap2_hsa20,active,1.488,0.382
Chimp hap2,chr21_hap2_hsa20,active,1.52,0.383
Chimp hap2,chr21_hap2_hsa20,active,1.52,0.3835
Chimp hap2,chr21_hap2_hsa20,active,1.54,0.3835
Chimp hap2,chr21_hap2_hsa20,active,1.564,0.385
Chimp hap2,chr21_hap2_hsa20,active,1.508,0.38
Chimp hap2,chr21_hap2_hsa20,active,1.512,0.382
Chimp hap2,chr21_hap2_hsa20,active,1.508,0.3815
Chimp hap2,chr21_hap2_hsa20,active,1.48,0.3815
Chimp hap2,chr21_hap2_hsa20,active,1.52,0.386
Chimp hap2,chr21_hap2_hsa20,active,1.532,0.381
Chimp hap2,chr21_hap2_hsa20,active,1.524,0.3785
Chimp hap2,chr21_hap2_hsa20,active,1.512,0.384
Chimp hap2,chr21_hap2_hsa20,active,1.58,0.3785
Chimp hap2,chr21_hap2_hsa20,active,1.452,0.381
Chimp hap2,chr21_hap2_hsa20,active,1.528,0.383
Chimp hap2,chr21_hap2_hsa20,active,1.496,0.3795
Chimp hap2,chr21_hap2_hsa20,active,1.476,0.387
Chimp hap2,chr21_hap2_hsa20,active,1.452,0.3835
Chimp hap2,chr21_hap2_hsa20,active,1.504,0.3825
Chimp hap2,chr21_hap2_hsa20,active,1.52,0.381
Chimp hap2,chr21_hap2_hsa20,active,1.472,0.385
Chimp hap2,chr21_hap2_hsa20,active,1.444,0.3855
Chimp hap2,chr21_hap2_hsa20,active,1.532,0.385
Chimp hap2,chr21_hap2_hsa20,active,1.524,0.384
Chimp hap2,chr21_hap2_hsa20,active,1.552,0.3815
Chimp hap2,chr21_hap2_hsa20,active,1.476,0.385
Chimp hap2,chr21_hap2_hsa20,active,1.576,0.387
Chimp hap2,chr21_hap2_hsa20,active,1.492,0.3855
Chimp hap2,chr21_hap2_hsa20,active,1.512,0.3835
Chimp hap2,chr21_hap2_hsa20,active,1.46,0.384
Chimp hap2,chr21_hap2_hsa20,active,1.576,0.382
Chimp hap2,chr21_hap2_hsa20,active,1.432,0.3875
Chimp hap2,chr21_hap2_hsa20,active,1.512,0.3845
Chimp hap2,chr21_hap2_hsa20,active,1.448,0.3855
Chimp hap2,chr21_hap2_hsa20,active,1.504,0.383
Chimp hap2,chr21_hap2_hsa20,active,1.488,0.384
Chimp hap2,chr21_hap2_hsa20,active,1.516,0.382
Chimp hap2,chr21_hap2_hsa20,active,1.476,0.383
Chimp hap2,chr21_hap2_hsa20,active,1.54,0.379
Chimp hap2,chr21_hap2_hsa20,active,1.56,0.3825
Chimp hap2,chr21_hap2_hsa20,active,1.488,0.3855
Chimp hap2,chr21_hap2_hsa20,active,1.524,0.38
Chimp hap2,chr21_hap2_hsa20,active,1.456,0.386
Chimp hap2,chr21_hap2_hsa20,active,1.584,0.3835
Chimp hap2,chr21_hap2_hsa20,active,1.544,0.381
Chimp hap2,chr21_hap2_hsa20,active,1.408,0.386
Chimp hap2,chr21_hap2_hsa20,active,1.528,0.382
Chimp hap2,chr21_hap2_hsa20,active,1.54,0.379
Chimp hap2,chr21_hap2_hsa20,active,1.536,0.3805
Chimp hap2,chr21_hap2_hsa20,active,1.524,0.381
Chimp hap2,chr21_hap2_hsa20,active,1.496,0.382
Chimp hap2,chr21_hap2_hsa20,active,1.5,0.3815
Chimp hap2,chr21_hap2_hsa20,active,1.5,0.383
Chimp hap2,chr21_hap2_hsa20,active,1.548,0.3795
Chimp hap2,chr21_hap2_hsa20,active,1.496,0.3815
Chimp hap2,chr21_hap2_hsa20,active,1.532,0.383
Chimp hap2,chr21_hap2_hsa20,active,1.568,0.381
Chimp hap2,chr21_hap2_hsa20,active,1.668,0.381
Chimp hap2,chr21_hap2_hsa20,active,1.564,0.3775
Chimp hap2,chr21_hap2_hsa20,active,1.532,0.383
Chimp hap2,chr21_hap2_hsa20,active,1.584,0.3835
Chimp hap2,chr21_hap2_hsa20,active,1.596,0.3785
Chimp hap2,chr21_hap2_hsa20,active,1.532,0.381
Chimp hap2,chr21_hap2_hsa20,active,1.616,0.381
Chimp hap2,chr21_hap2_hsa20,active,1.624,0.376
Chimp hap2,chr21_hap2_hsa20,active,1.516,0.384
Chimp hap2,chr21_hap2_hsa20,active,1.58,0.377
Chimp hap2,chr21_hap2_hsa20,active,1.572,0.379
Chimp hap2,chr21_hap2_hsa20,active,1.496,0.3795
Chimp hap2,chr21_hap2_hsa20,active,1.628,0.384
Chimp hap2,chr21_hap2_hsa20,active,1.496,0.381
Chimp hap2,chr21_hap2_hsa20,active,1.632,0.38
Chimp hap2,chr21_hap2_hsa20,active,1.552,0.379
Chimp hap2,chr21_hap2_hsa20,active,1.556,0.378
Chimp hap2,chr21_hap2_hsa20,active,1.66,0.3775
Chimp hap2,chr21_hap2_hsa20,active,1.692,0.378
Chimp hap2,chr21_hap2_hsa20,active,1.548,0.38
Chimp hap2,chr21_hap2_hsa20,active,1.628,0.38
Chimp hap2,chr21_hap2_hsa20,active,1.572,0.379
Chimp hap2,chr21_hap2_hsa20,active,1.648,0.3805
Chimp hap2,chr21_hap2_hsa20,active,1.548,0.3815
Chimp hap2,chr21_hap2_hsa20,active,1.596,0.378
Chimp hap2,chr21_hap2_hsa20,active,1.576,0.38
Chimp hap2,chr21_hap2_hsa20,active,1.532,0.3785
Chimp hap2,chr21_hap2_hsa20,active,1.596,0.381
Chimp hap2,chr21_hap2_hsa20,active,1.564,0.38
Chimp hap2,chr21_hap2_hsa20,active,1.604,0.3805
Chimp hap2,chr21_hap2_hsa20,active,1.588,0.385
Chimp hap2,chr21_hap2_hsa20,active,1.644,0.381
Chimp hap2,chr21_hap2_hsa20,active,1.6,0.3795
Chimp hap2,chr21_hap2_hsa20,active,1.572,0.378
Chimp hap2,chr21_hap2_hsa20,active,1.64,0.382
Chimp hap2,chr21_hap2_hsa20,active,1.5,0.3805
Chimp hap2,chr21_hap2_hsa20,active,1.528,0.382
Chimp hap2,chr21_hap2_hsa20,active,1.696,0.382
Chimp hap2,chr21_hap2_hsa20,active,1.508,0.377
Chimp hap2,chr21_hap2_hsa20,active,1.632,0.382
Chimp hap2,chr21_hap2_hsa20,active,1.548,0.383
Chimp hap2,chr21_hap2_hsa20,active,1.532,0.379
Chimp hap2,chr21_hap2_hsa20,active,1.652,0.38
Chimp hap2,chr21_hap2_hsa20,active,1.544,0.378
Chimp hap2,chr21_hap2_hsa20,active,1.712,0.384
Chimp hap2,chr21_hap2_hsa20,active,1.584,0.382
Chimp hap2,chr21_hap2_hsa20,active,1.64,0.372
Chimp hap2,chr21_hap2_hsa20,active,1.656,0.376
Chimp hap2,chr21_hap2_hsa20,active,1.636,0.3785
Chimp hap2,chr21_hap2_hsa20,active,1.624,0.3815
Chimp hap2,chr21_hap2_hsa20,active,1.68,0.3745
Chimp hap2,chr21_hap2_hsa20,active,1.676,0.378
Chimp hap2,chr21_hap2_hsa20,active,1.64,0.3795
Chimp hap2,chr21_hap2_hsa20,active,1.688,0.3825
Chimp hap2,chr21_hap2_hsa20,active,1.632,0.3815
Chimp hap2,chr21_hap2_hsa20,active,1.684,0.3775
Chimp hap2,chr21_hap2_hsa20,active,1.608,0.384
Chimp hap2,chr21_hap2_hsa20,active,1.636,0.381
Chimp hap2,chr21_hap2_hsa20,active,1.708,0.3735
Chimp hap2,chr21_hap2_hsa20,active,1.688,0.377
Chimp hap2,chr21_hap2_hsa20,active,1.688,0.3765
Chimp hap2,chr21_hap2_hsa20,active,1.68,0.3775
Chimp hap2,chr21_hap2_hsa20,active,1.524,0.378
Chimp hap2,chr21_hap2_hsa20,active,1.476,0.378
Chimp hap2,chr21_hap2_hsa20,active,1.628,0.3785
Chimp hap2,chr21_hap2_hsa20,active,1.612,0.381
Chimp hap2,chr21_hap2_hsa20,active,1.6,0.3775
Chimp hap2,chr21_hap2_hsa20,active,1.6,0.3795
Chimp hap2,chr21_hap2_hsa20,active,1.616,0.3805
Chimp hap2,chr21_hap2_hsa20,active,1.552,0.3795
Chimp hap2,chr21_hap2_hsa20,active,1.48,0.381
Chimp hap2,chr21_hap2_hsa20,active,1.52,0.3765
Chimp hap2,chr21_hap2_hsa20,active,1.516,0.3825
Chimp hap2,chr21_hap2_hsa20,active,1.568,0.38
Chimp hap2,chr21_hap2_hsa20,active,1.544,0.378
Chimp hap2,chr21_hap2_hsa20,active,1.524,0.3805
Chimp hap2,chr21_hap2_hsa20,active,1.58,0.374
Chimp hap2,chr21_hap2_hsa20,active,1.564,0.3815
Chimp hap2,chr21_hap2_hsa20,active,1.544,0.3805
Chimp hap2,chr21_hap2_hsa20,active,1.632,0.3765
Chimp hap2,chr21_hap2_hsa20,active,1.584,0.3815
Chimp hap2,chr21_hap2_hsa20,active,1.54,0.3725
Chimp hap2,chr21_hap2_hsa20,active,1.564,0.38
Chimp hap2,chr21_hap2_hsa20,active,1.508,0.376
Chimp hap2,chr21_hap2_hsa20,active,1.584,0.376
Chimp hap2,chr21_hap2_hsa20,active,1.592,0.3815
Chimp hap2,chr21_hap2_hsa20,active,1.628,0.3815
Chimp hap2,chr21_hap2_hsa20,active,1.628,0.374
Chimp hap2,chr21_hap2_hsa20,active,1.576,0.3895
Chimp hap2,chr21_hap2_hsa20,active,1.556,0.387
Chimp hap2,chr21_hap2_hsa20,active,1.584,0.384
Chimp hap2,chr21_hap2_hsa20,active,1.572,0.383
Chimp hap2,chr21_hap2_hsa20,active,1.564,0.385
Chimp hap2,chr21_hap2_hsa20,active,1.636,0.3805
Chimp hap2,chr21_hap2_hsa20,active,1.588,0.3855
Chimp hap2,chr21_hap2_hsa20,active,1.592,0.384
Chimp hap2,chr21_hap2_hsa20,active,1.58,0.3845
Chimp hap2,chr21_hap2_hsa20,active,1.584,0.3835
Chimp hap2,chr21_hap2_hsa20,active,1.592,0.3835
Chimp hap2,chr21_hap2_hsa20,active,1.552,0.3845
Chimp hap2,chr21_hap2_hsa20,active,1.62,0.381
Chimp hap2,chr21_hap2_hsa20,active,1.62,0.3815
Chimp hap2,chr21_hap2_hsa20,active,1.696,0.3825
Chimp hap2,chr21_hap2_hsa20,active,1.572,0.383
Chimp hap2,chr21_hap2_hsa20,active,1.628,0.382
Chimp hap2,chr21_hap2_hsa20,active,1.612,0.382
Chimp hap2,chr21_hap2_hsa20,active,1.596,0.384
Chimp hap2,chr21_hap2_hsa20,active,1.576,0.3845
Chimp hap2,chr21_hap2_hsa20,active,1.644,0.3805
Chimp hap2,chr21_hap2_hsa20,active,1.62,0.3815
Chimp hap2,chr21_hap2_hsa20,active,1.6,0.3845
Chimp hap2,chr21_hap2_hsa20,active,1.584,0.385
Chimp hap2,chr21_hap2_hsa20,active,1.724,0.3825
Chimp hap2,chr21_hap2_hsa20,active,1.64,0.3835
Chimp hap2,chr21_hap2_hsa20,active,1.736,0.3825
Chimp hap2,chr21_hap2_hsa20,active,1.76,0.3755
Chimp hap2,chr21_hap2_hsa20,active,1.608,0.379
Chimp hap2,chr21_hap2_hsa20,active,1.78,0.3825
Chimp hap2,chr21_hap2_hsa20,active,1.636,0.3805
Chimp hap2,chr21_hap2_hsa20,active,1.704,0.381
Chimp hap2,chr21_hap2_hsa20,active,1.58,0.3805
Chimp hap2,chr21_hap2_hsa20,active,1.768,0.378
Chimp hap2,chr21_hap2_hsa20,active,1.692,0.3795
Chimp hap2,chr21_hap2_hsa20,active,1.704,0.3755
Chimp hap2,chr21_hap2_hsa20,active,1.636,0.377
Chimp hap2,chr21_hap2_hsa20,active,1.576,0.38
Chimp hap2,chr21_hap2_hsa20,active,1.62,0.3815
Chimp hap2,chr21_hap2_hsa20,active,1.612,0.3785
Chimp hap2,chr21_hap2_hsa20,active,1.52,0.384
Chimp hap2,chr21_hap2_hsa20,active,1.524,0.383
Chimp hap2,chr21_hap2_hsa20,active,1.552,0.3835
Chimp hap2,chr21_hap2_hsa20,active,1.536,0.3845
Chimp hap2,chr21_hap2_hsa20,active,1.548,0.3825
Chimp hap2,chr21_hap2_hsa20,active,1.524,0.382
Chimp hap2,chr21_hap2_hsa20,active,1.56,0.3825
Chimp hap2,chr21_hap2_hsa20,active,1.56,0.381
Chimp hap2,chr21_hap2_hsa20,active,1.488,0.382
Chimp hap2,chr21_hap2_hsa20,active,1.632,0.3835
Chimp hap2,chr21_hap2_hsa20,active,1.592,0.3855
Chimp hap2,chr21_hap2_hsa20,active,1.516,0.3805
Chimp hap2,chr21_hap2_hsa20,active,1.616,0.376
Chimp hap2,chr21_hap2_hsa20,active,1.668,0.379
Chimp hap2,chr21_hap2_hsa20,active,1.508,0.38
Chimp hap2,chr21_hap2_hsa20,active,1.488,0.3795
Chimp hap2,chr21_hap2_hsa20,active,1.5,0.38
Chimp hap2,chr21_hap2_hsa20,active,1.5,0.3785
Chimp hap2,chr21_hap2_hsa20,active,1.48,0.378
Chimp hap2,chr21_hap2_hsa20,active,1.544,0.3805
Chimp hap2,chr21_hap2_hsa20,active,1.496,0.377
Chimp hap2,chr21_hap2_hsa20,active,1.48,0.3775
Chimp hap2,chr21_hap2_hsa20,active,1.448,0.379
Chimp hap2,chr21_hap2_hsa20,active,1.544,0.3845
Chimp hap2,chr21_hap2_hsa20,active,1.52,0.377
Chimp hap2,chr21_hap2_hsa20,active,1.604,0.3755
Chimp hap2,chr21_hap2_hsa20,active,1.532,0.3775
Chimp hap2,chr21_hap2_hsa20,active,1.5,0.382
Chimp hap2,chr21_hap2_hsa20,active,1.548,0.3765
Chimp hap2,chr21_hap2_hsa20,active,1.456,0.3775
Chimp hap2,chr21_hap2_hsa20,active,1.628,0.377
Chimp hap2,chr21_hap2_hsa20,active,1.536,0.378
Chimp hap2,chr21_hap2_hsa20,active,1.544,0.382
Chimp hap2,chr21_hap2_hsa20,active,1.616,0.3755
Chimp hap2,chr21_hap2_hsa20,active,1.572,0.3835
Chimp hap2,chr21_hap2_hsa20,active,1.568,0.383
Chimp hap2,chr21_hap2_hsa20,active,1.504,0.384
Chimp hap2,chr21_hap2_hsa20,active,1.436,0.379
Chimp hap2,chr21_hap2_hsa20,active,1.564,0.385
Chimp hap2,chr21_hap2_hsa20,active,1.584,0.3855
Chimp hap2,chr21_hap2_hsa20,active,1.596,0.3815
Chimp hap2,chr21_hap2_hsa20,active,1.576,0.3865
Chimp hap2,chr21_hap2_hsa20,active,1.524,0.38
Chimp hap2,chr21_hap2_hsa20,active,1.524,0.3825
Chimp hap2,chr21_hap2_hsa20,active,1.564,0.3855
Chimp hap2,chr21_hap2_hsa20,active,1.624,0.383
Chimp hap2,chr21_hap2_hsa20,active,1.58,0.3815
Chimp hap2,chr21_hap2_hsa20,active,1.524,0.38
Chimp hap2,chr21_hap2_hsa20,active,1.608,0.3765
Chimp hap2,chr21_hap2_hsa20,active,1.556,0.382
Chimp hap2,chr21_hap2_hsa20,active,1.544,0.382
Chimp hap2,chr21_hap2_hsa20,active,1.532,0.381
Chimp hap2,chr21_hap2_hsa20,active,1.536,0.3805
Chimp hap2,chr21_hap2_hsa20,active,1.556,0.381
Chimp hap2,chr21_hap2_hsa20,active,1.624,0.3855
Chimp hap2,chr21_hap2_hsa20,active,1.604,0.385
Chimp hap2,chr21_hap2_hsa20,active,1.64,0.377
Chimp hap2,chr21_hap2_hsa20,active,1.476,0.3795
Chimp hap2,chr21_hap2_hsa20,active,1.52,0.3805
Chimp hap2,chr21_hap2_hsa20,active,1.608,0.3835
Chimp hap2,chr21_hap2_hsa20,active,1.512,0.384
Chimp hap2,chr21_hap2_hsa20,active,1.688,0.377
Chimp hap2,chr21_hap2_hsa20,active,1.724,0.3835
Chimp hap2,chr21_hap2_hsa20,active,1.552,0.3735
Chimp hap2,chr21_hap2_hsa20,active,1.596,0.374
Chimp hap2,chr21_hap2_hsa20,active,1.716,0.376
Chimp hap2,chr21_hap2_hsa20,active,1.56,0.377
Chimp hap2,chr21_hap2_hsa20,active,1.608,0.3765
Chimp hap2,chr21_hap2_hsa20,active,1.608,0.38
Chimp hap2,chr21_hap2_hsa20,active,1.552,0.3795
Chimp hap2,chr21_hap2_hsa20,active,1.564,0.3805
Chimp hap2,chr21_hap2_hsa20,active,1.524,0.382
Chimp hap2,chr21_hap2_hsa20,active,1.496,0.3755
Chimp hap2,chr21_hap2_hsa20,active,1.552,0.3805
Chimp hap2,chr21_hap2_hsa20,active,1.552,0.3825
Chimp hap2,chr21_hap2_hsa20,active,1.524,0.383
Chimp hap2,chr21_hap2_hsa20,active,1.448,0.376
Chimp hap2,chr21_hap2_hsa20,active,1.604,0.374
Chimp hap2,chr21_hap2_hsa20,active,1.596,0.3725
Chimp hap2,chr21_hap2_hsa20,active,1.62,0.372
Chimp hap2,chr21_hap2_hsa20,active,1.644,0.3765
Chimp hap2,chr21_hap2_hsa20,active,1.656,0.3775
Chimp hap2,chr21_hap2_hsa20,active,1.528,0.3785
Chimp hap2,chr21_hap2_hsa20,active,1.604,0.382
Chimp hap2,chr21_hap2_hsa20,active,1.604,0.3755
Chimp hap2,chr21_hap2_hsa20,active,1.556,0.381
Chimp hap2,chr21_hap2_hsa20,active,1.604,0.378
Chimp hap2,chr21_hap2_hsa20,active,1.696,0.3835
Chimp hap2,chr21_hap2_hsa20,active,1.692,0.3785
Chimp hap2,chr21_hap2_hsa20,active,1.628,0.376
Chimp hap2,chr21_hap2_hsa20,active,1.704,0.3765
Chimp hap2,chr21_hap2_hsa20,active,1.692,0.38
Chimp hap2,chr21_hap2_hsa20,active,1.708,0.3745
Chimp hap2,chr21_hap2_hsa20,active,1.648,0.378
Chimp hap2,chr21_hap2_hsa20,active,1.82,0.383
Chimp hap2,chr21_hap2_hsa20,active,1.596,0.3755
Chimp hap2,chr21_hap2_hsa20,active,1.656,0.376
Chimp hap2,chr21_hap2_hsa20,active,1.632,0.3765
Chimp hap2,chr21_hap2_hsa20,active,1.672,0.3795
Chimp hap2,chr21_hap2_hsa20,active,1.712,0.3795
Chimp hap2,chr21_hap2_hsa20,active,1.692,0.3775
Chimp hap2,chr21_hap2_hsa20,active,1.652,0.3775
Chimp hap2,chr21_hap2_hsa20,active,1.732,0.3795
Chimp hap2,chr21_hap2_hsa20,active,1.592,0.375
Chimp hap2,chr21_hap2_hsa20,active,1.628,0.3765
Chimp hap2,chr21_hap2_hsa20,active,1.728,0.373
Chimp hap2,chr21_hap2_hsa20,active,1.628,0.3785
Chimp hap2,chr21_hap2_hsa20,active,1.604,0.376
Chimp hap2,chr21_hap2_hsa20,active,1.516,0.3815
Chimp hap2,chr21_hap2_hsa20,active,1.72,0.374
Chimp hap2,chr21_hap2_hsa20,active,1.512,0.3795
Chimp hap2,chr21_hap2_hsa20,active,1.532,0.3785
Chimp hap2,chr21_hap2_hsa20,active,1.608,0.379
Chimp hap2,chr21_hap2_hsa20,active,1.54,0.378
Chimp hap2,chr21_hap2_hsa20,active,1.584,0.3775
Chimp hap2,chr21_hap2_hsa20,active,1.568,0.379
Chimp hap2,chr21_hap2_hsa20,active,1.556,0.3735
Chimp hap2,chr21_hap2_hsa20,active,1.632,0.377
Chimp hap2,chr21_hap2_hsa20,active,1.612,0.3785
Chimp hap2,chr21_hap2_hsa20,active,1.704,0.381
Chimp hap2,chr21_hap2_hsa20,active,1.54,0.383
Chimp hap2,chr21_hap2_hsa20,active,1.592,0.375
Chimp hap2,chr21_hap2_hsa20,active,1.532,0.3825
Chimp hap2,chr21_hap2_hsa20,active,1.656,0.3765
Chimp hap2,chr21_hap2_hsa20,active,1.544,0.3815
Chimp hap2,chr21_hap2_hsa20,active,1.552,0.38
Chimp hap2,chr21_hap2_hsa20,active,1.552,0.38
Chimp hap2,chr21_hap2_hsa20,active,1.592,0.3815
Chimp hap2,chr21_hap2_hsa20,active,1.588,0.3835
Chimp hap2,chr21_hap2_hsa20,active,1.556,0.38
Chimp hap2,chr21_hap2_hsa20,active,1.552,0.3765
Chimp hap2,chr21_hap2_hsa20,active,1.64,0.38
Chimp hap2,chr21_hap2_hsa20,active,1.58,0.387
Chimp hap2,chr21_hap2_hsa20,active,1.576,0.377
Chimp hap2,chr21_hap2_hsa20,active,1.536,0.376
Chimp hap2,chr21_hap2_hsa20,active,1.592,0.377
Chimp hap2,chr21_hap2_hsa20,active,1.548,0.3765
Chimp hap2,chr21_hap2_hsa20,active,1.516,0.378
Chimp hap2,chr21_hap2_hsa20,active,1.576,0.378
Chimp hap2,chr21_hap2_hsa20,active,1.516,0.374
Chimp hap2,chr21_hap2_hsa20,active,1.52,0.3775
Chimp hap2,chr21_hap2_hsa20,active,1.532,0.3805
Chimp hap2,chr21_hap2_hsa20,active,1.544,0.3765
Chimp hap2,chr21_hap2_hsa20,active,1.548,0.378
Chimp hap2,chr21_hap2_hsa20,active,1.496,0.375
Chimp hap2,chr21_hap2_hsa20,active,1.484,0.3765
Chimp hap2,chr21_hap2_hsa20,active,1.5,0.3745
Chimp hap2,chr21_hap2_hsa20,active,1.46,0.3765
Chimp hap2,chr21_hap2_hsa20,active,1.476,0.3735
Chimp hap2,chr21_hap2_hsa20,active,1.528,0.377
Chimp hap2,chr21_hap2_hsa20,active,1.608,0.381
Chimp hap2,chr21_hap2_hsa20,active,1.628,0.377
Chimp hap2,chr21_hap2_hsa20,active,1.504,0.379
Chimp hap2,chr21_hap2_hsa20,active,1.564,0.3765
Chimp hap2,chr21_hap2_hsa20,active,1.584,0.379
Chimp hap2,chr21_hap2_hsa20,active,1.552,0.3805
Chimp hap2,chr21_hap2_hsa20,active,1.544,0.382
Chimp hap2,chr21_hap2_hsa20,active,1.552,0.3805
Chimp hap2,chr21_hap2_hsa20,active,1.644,0.3865
Chimp hap2,chr21_hap2_hsa20,active,1.584,0.3795
Chimp hap2,chr21_hap2_hsa20,active,1.528,0.3775
Chimp hap2,chr21_hap2_hsa20,active,1.532,0.376
Chimp hap2,chr21_hap2_hsa20,active,1.568,0.3775
Chimp hap2,chr21_hap2_hsa20,active,1.556,0.3775
Chimp hap2,chr21_hap2_hsa20,active,1.568,0.377
Chimp hap2,chr21_hap2_hsa20,active,1.572,0.377
Chimp hap2,chr21_hap2_hsa20,active,1.552,0.3745
Chimp hap2,chr21_hap2_hsa20,active,1.564,0.3785
Chimp hap2,chr21_hap2_hsa20,active,1.556,0.376
Chimp hap2,chr21_hap2_hsa20,active,1.56,0.3755
Chimp hap2,chr21_hap2_hsa20,active,1.492,0.376
Chimp hap2,chr21_hap2_hsa20,active,1.552,0.3785
Chimp hap2,chr21_hap2_hsa20,active,1.508,0.375
Chimp hap2,chr21_hap2_hsa20,active,1.556,0.3775
Chimp hap2,chr21_hap2_hsa20,active,1.616,0.38
Chimp hap2,chr21_hap2_hsa20,active,1.544,0.3755
Chimp hap2,chr21_hap2_hsa20,active,1.476,0.38
Chimp hap2,chr21_hap2_hsa20,active,1.636,0.375
Chimp hap2,chr21_hap2_hsa20,active,1.648,0.3825
Chimp hap2,chr21_hap2_hsa20,active,1.708,0.376
Chimp hap2,chr21_hap2_hsa20,active,1.712,0.3825
Chimp hap2,chr21_hap2_hsa20,active,1.588,0.379
Chimp hap2,chr21_hap2_hsa20,active,1.616,0.379
Chimp hap2,chr21_hap2_hsa20,active,1.628,0.3785
Chimp hap2,chr21_hap2_hsa20,active,1.552,0.378
Chimp hap2,chr21_hap2_hsa20,active,1.712,0.381
Chimp hap2,chr21_hap2_hsa20,active,1.708,0.378
Chimp hap2,chr21_hap2_hsa20,active,1.692,0.3825
Chimp hap2,chr21_hap2_hsa20,active,1.592,0.3795
Chimp hap2,chr21_hap2_hsa20,active,1.632,0.378
Chimp hap2,chr21_hap2_hsa20,active,1.672,0.3785
Chimp hap2,chr21_hap2_hsa20,active,1.576,0.3805
Chimp hap2,chr21_hap2_hsa20,active,1.64,0.38
Chimp hap2,chr21_hap2_hsa20,active,1.68,0.3745
Chimp hap2,chr21_hap2_hsa20,active,1.672,0.3755
Chimp hap2,chr21_hap2_hsa20,active,1.64,0.3745
Chimp hap2,chr21_hap2_hsa20,active,1.728,0.3795
Chimp hap2,chr21_hap2_hsa20,active,1.748,0.3805
Chimp hap2,chr21_hap2_hsa20,active,1.68,0.373
Chimp hap2,chr21_hap2_hsa20,active,1.652,0.378
Chimp hap2,chr21_hap2_hsa20,active,1.7,0.3795
Chimp hap2,chr21_hap2_hsa20,active,1.58,0.3805
Chimp hap2,chr21_hap2_hsa20,active,1.708,0.3765
Chimp hap2,chr21_hap2_hsa20,active,1.644,0.3795
Chimp hap2,chr21_hap2_hsa20,active,1.724,0.378
Chimp hap2,chr21_hap2_hsa20,active,1.596,0.381
Chimp hap2,chr21_hap2_hsa20,active,1.548,0.377
Chimp hap2,chr21_hap2_hsa20,active,1.724,0.3775
Chimp hap2,chr21_hap2_hsa20,active,1.664,0.38
Chimp hap2,chr21_hap2_hsa20,active,1.72,0.3755
Chimp hap2,chr21_hap2_hsa20,active,1.64,0.3825
Chimp hap2,chr21_hap2_hsa20,active,1.72,0.374
Chimp hap2,chr21_hap2_hsa20,active,1.688,0.38
Chimp hap2,chr21_hap2_hsa20,active,1.48,0.371
Chimp hap2,chr21_hap2_hsa20,active,1.532,0.3805
Chimp hap2,chr21_hap2_hsa20,active,1.688,0.375
Chimp hap2,chr21_hap2_hsa20,active,1.536,0.376
Chimp hap2,chr21_hap2_hsa20,active,1.708,0.3765
Chimp hap2,chr21_hap2_hsa20,active,1.684,0.382
Chimp hap2,chr21_hap2_hsa20,active,1.656,0.3775
Chimp hap2,chr21_hap2_hsa20,active,1.56,0.376
Chimp hap2,chr21_hap2_hsa20,active,1.52,0.3725
Chimp hap2,chr21_hap2_hsa20,active,1.524,0.3795
Chimp hap2,chr21_hap2_hsa20,active,1.604,0.377
Chimp hap2,chr21_hap2_hsa20,active,1.54,0.3785
Chimp hap2,chr21_hap2_hsa20,active,1.596,0.377
Chimp hap2,chr21_hap2_hsa20,active,1.528,0.3775
Chimp hap2,chr21_hap2_hsa20,active,1.624,0.376
Chimp hap2,chr21_hap2_hsa20,active,1.476,0.375
Chimp hap2,chr21_hap2_hsa20,active,1.6,0.381
Chimp hap2,chr21_hap2_hsa20,active,1.576,0.3785
Chimp hap2,chr21_hap2_hsa20,active,1.568,0.374
Chimp hap2,chr21_hap2_hsa20,active,1.54,0.379
Chimp hap2,chr21_hap2_hsa20,active,1.608,0.3785
Chimp hap2,chr21_hap2_hsa20,active,1.612,0.3775
Chimp hap2,chr21_hap2_hsa20,active,1.508,0.381
Chimp hap2,chr21_hap2_hsa20,active,1.496,0.3745
Chimp hap2,chr21_hap2_hsa20,active,1.568,0.379
Chimp hap2,chr21_hap2_hsa20,active,1.54,0.3745
Chimp hap2,chr21_hap2_hsa20,active,1.52,0.374
Chimp hap2,chr21_hap2_hsa20,active,1.58,0.377
Chimp hap2,chr21_hap2_hsa20,active,1.52,0.38
Chimp hap2,chr21_hap2_hsa20,active,1.492,0.375
Chimp hap2,chr21_hap2_hsa20,active,1.508,0.3755
Chimp hap2,chr21_hap2_hsa20,active,1.484,0.373
Chimp hap2,chr21_hap2_hsa20,active,1.52,0.3815
Chimp hap2,chr21_hap2_hsa20,active,1.552,0.377
Chimp hap2,chr21_hap2_hsa20,active,1.54,0.375
Chimp hap2,chr21_hap2_hsa20,active,1.46,0.378
Chimp hap2,chr21_hap2_hsa20,active,1.472,0.376
Chimp hap2,chr21_hap2_hsa20,active,1.48,0.375
Chimp hap2,chr21_hap2_hsa20,active,1.472,0.3765
Chimp hap2,chr21_hap2_hsa20,active,1.484,0.3775
Chimp hap2,chr21_hap2_hsa20,active,1.488,0.3775
Chimp hap2,chr21_hap2_hsa20,active,1.5,0.3745
Chimp hap2,chr21_hap2_hsa20,active,1.496,0.3785
Chimp hap2,chr21_hap2_hsa20,active,1.492,0.3755
Chimp hap2,chr21_hap2_hsa20,active,1.5,0.3775
Chimp hap2,chr21_hap2_hsa20,active,1.468,0.3755
Chimp hap2,chr21_hap2_hsa20,active,1.516,0.3775
Chimp hap2,chr21_hap2_hsa20,active,1.516,0.376
Chimp hap2,chr21_hap2_hsa20,active,1.492,0.375
Chimp hap2,chr21_hap2_hsa20,active,1.464,0.3735
Chimp hap2,chr21_hap2_hsa20,active,1.508,0.3775
Chimp hap2,chr21_hap2_hsa20,active,1.488,0.3775
Chimp hap2,chr21_hap2_hsa20,active,1.556,0.3775
Chimp hap2,chr21_hap2_hsa20,active,1.5,0.3765
Chimp hap2,chr21_hap2_hsa20,active,1.48,0.3755
Chimp hap2,chr21_hap2_hsa20,active,1.496,0.378
Chimp hap2,chr21_hap2_hsa20,active,1.496,0.375
Chimp hap2,chr21_hap2_hsa20,active,1.5,0.3775
Chimp hap2,chr21_hap2_hsa20,active,1.5,0.374
Chimp hap2,chr21_hap2_hsa20,active,1.5,0.377
Chimp hap2,chr21_hap2_hsa20,active,1.536,0.3745
Chimp hap2,chr21_hap2_hsa20,active,1.492,0.38
Chimp hap2,chr21_hap2_hsa20,active,1.508,0.377
Chimp hap2,chr21_hap2_hsa20,active,1.564,0.3765
Chimp hap2,chr21_hap2_hsa20,active,1.48,0.374
Chimp hap2,chr21_hap2_hsa20,active,1.616,0.3835
Chimp hap2,chr21_hap2_hsa20,active,1.516,0.3745
Chimp hap2,chr21_hap2_hsa20,active,1.432,0.372
Chimp hap2,chr21_hap2_hsa20,active,1.484,0.3765
Chimp hap2,chr21_hap2_hsa20,active,1.492,0.375
Chimp hap2,chr21_hap2_hsa20,active,1.556,0.3785
Chimp hap2,chr21_hap2_hsa20,active,1.42,0.3745
Chimp hap2,chr21_hap2_hsa20,active,1.524,0.377
Chimp hap2,chr21_hap2_hsa20,active,1.596,0.3795
Chimp hap2,chr21_hap2_hsa20,active,1.48,0.381
Chimp hap2,chr21_hap2_hsa20,active,1.52,0.374
Chimp hap2,chr21_hap2_hsa20,active,1.604,0.3795
Chimp hap2,chr21_hap2_hsa20,active,1.508,0.3765
Chimp hap2,chr21_hap2_hsa20,active,1.6,0.377
Chimp hap2,chr21_hap2_hsa20,active,1.508,0.378
Chimp hap2,chr21_hap2_hsa20,active,1.572,0.379
Chimp hap2,chr21_hap2_hsa20,active,1.544,0.378
Chimp hap2,chr21_hap2_hsa20,active,1.484,0.3785
Chimp hap2,chr21_hap2_hsa20,active,1.528,0.3765
Chimp hap2,chr21_hap2_hsa20,active,1.476,0.3765
Chimp hap2,chr21_hap2_hsa20,active,1.624,0.3795
Chimp hap2,chr21_hap2_hsa20,active,1.564,0.3795
Chimp hap2,chr21_hap2_hsa20,active,1.52,0.3745
Chimp hap2,chr21_hap2_hsa20,active,1.552,0.3805
Chimp hap2,chr21_hap2_hsa20,active,1.504,0.3755
Chimp hap2,chr21_hap2_hsa20,active,1.548,0.381
Chimp hap2,chr21_hap2_hsa20,active,1.544,0.378
Chimp hap2,chr21_hap2_hsa20,active,1.524,0.3785
Chimp hap2,chr21_hap2_hsa20,active,1.584,0.3795
Chimp hap2,chr21_hap2_hsa20,active,1.524,0.38
Chimp hap2,chr21_hap2_hsa20,active,1.488,0.3785
Chimp hap2,chr21_hap2_hsa20,active,1.584,0.3775
Chimp hap2,chr21_hap2_hsa20,active,1.54,0.381
Chimp hap2,chr21_hap2_hsa20,active,1.508,0.375
Chimp hap2,chr21_hap2_hsa20,active,1.596,0.3825
Chimp hap2,chr21_hap2_hsa20,active,1.6,0.38
Chimp hap2,chr21_hap2_hsa20,active,1.584,0.381
Chimp hap2,chr21_hap2_hsa20,active,1.58,0.38
Chimp hap2,chr21_hap2_hsa20,active,1.612,0.381
Chimp hap2,chr21_hap2_hsa20,active,1.656,0.3845
Chimp hap2,chr21_hap2_hsa20,active,1.604,0.3775
Chimp hap2,chr21_hap2_hsa20,active,1.532,0.385
Chimp hap2,chr21_hap2_hsa20,active,1.64,0.38
Chimp hap2,chr21_hap2_hsa20,active,1.572,0.3785
Chimp hap2,chr21_hap2_hsa20,active,1.644,0.3825
Chimp hap2,chr21_hap2_hsa20,active,1.636,0.3825
Chimp hap2,chr21_hap2_hsa20,active,1.516,0.3795
Chimp hap2,chr21_hap2_hsa20,active,1.532,0.378
Chimp hap2,chr21_hap2_hsa20,active,1.592,0.379
Chimp hap2,chr21_hap2_hsa20,active,1.552,0.381
Chimp hap2,chr21_hap2_hsa20,active,1.624,0.381
Chimp hap2,chr21_hap2_hsa20,active,1.552,0.378
Chimp hap2,chr21_hap2_hsa20,active,1.62,0.381
Chimp hap2,chr21_hap2_hsa20,active,1.552,0.377
Chimp hap2,chr21_hap2_hsa20,active,1.628,0.3815
Chimp hap2,chr21_hap2_hsa20,active,1.612,0.38
Chimp hap2,chr21_hap2_hsa20,active,1.544,0.382
Chimp hap2,chr21_hap2_hsa20,active,1.588,0.378
Chimp hap2,chr21_hap2_hsa20,active,1.592,0.381
Chimp hap2,chr21_hap2_hsa20,active,1.596,0.383
Chimp hap2,chr21_hap2_hsa20,active,1.624,0.381
Chimp hap2,chr21_hap2_hsa20,active,1.524,0.381
Chimp hap2,chr21_hap2_hsa20,active,1.544,0.3785
Chimp hap2,chr21_hap2_hsa20,active,1.584,0.3775
Chimp hap2,chr21_hap2_hsa20,active,1.58,0.375
Chimp hap2,chr21_hap2_hsa20,active,1.54,0.3785
Chimp hap2,chr21_hap2_hsa20,active,1.652,0.3805
Chimp hap2,chr21_hap2_hsa20,active,1.512,0.3765
Chimp hap2,chr21_hap2_hsa20,active,1.584,0.3805
Chimp hap2,chr21_hap2_hsa20,active,1.416,0.3765
Chimp hap2,chr21_hap2_hsa20,active,1.596,0.38
Chimp hap2,chr21_hap2_hsa20,active,1.528,0.38
Chimp hap2,chr21_hap2_hsa20,active,1.532,0.3785
Chimp hap2,chr21_hap2_hsa20,active,1.564,0.3775
Chimp hap2,chr21_hap2_hsa20,active,1.62,0.3815
Chimp hap2,chr21_hap2_hsa20,active,1.548,0.376
Chimp hap2,chr21_hap2_hsa20,active,1.584,0.3845
Chimp hap2,chr21_hap2_hsa20,active,1.516,0.378
Chimp hap2,chr21_hap2_hsa20,active,1.596,0.381
Chimp hap2,chr21_hap2_hsa20,active,1.576,0.3785
Chimp hap2,chr21_hap2_hsa20,active,1.596,0.379
Chimp hap2,chr21_hap2_hsa20,active,1.52,0.377
Chimp hap2,chr21_hap2_hsa20,active,1.552,0.3765
Chimp hap2,chr21_hap2_hsa20,active,1.592,0.383
Chimp hap2,chr21_hap2_hsa20,active,1.584,0.3785
Chimp hap2,chr21_hap2_hsa20,active,1.576,0.3795
Chimp hap2,chr21_hap2_hsa20,active,1.568,0.385
Chimp hap2,chr21_hap2_hsa20,active,1.488,0.376
Chimp hap2,chr21_hap2_hsa20,active,1.508,0.376
Chimp hap2,chr21_hap2_hsa20,active,1.536,0.3815
Chimp hap2,chr21_hap2_hsa20,active,1.54,0.373
Chimp hap2,chr21_hap2_hsa20,active,1.476,0.378
Chimp hap2,chr21_hap2_hsa20,active,1.544,0.3805
Chimp hap2,chr21_hap2_hsa20,active,1.604,0.379
Chimp hap2,chr21_hap2_hsa20,active,1.58,0.3805
Chimp hap2,chr21_hap2_hsa20,active,1.548,0.382
Chimp hap2,chr21_hap2_hsa20,active,1.548,0.3805
Chimp hap2,chr21_hap2_hsa20,active,1.556,0.378
Chimp hap2,chr21_hap2_hsa20,active,1.556,0.38
Chimp hap2,chr21_hap2_hsa20,active,1.572,0.3805
Chimp hap2,chr21_hap2_hsa20,active,1.536,0.381
Chimp hap2,chr21_hap2_hsa20,active,1.576,0.3765
Chimp hap2,chr21_hap2_hsa20,active,1.568,0.3855
Chimp hap2,chr21_hap2_hsa20,active,1.524,0.3795
Chimp hap2,chr21_hap2_hsa20,active,1.552,0.38
Chimp hap2,chr21_hap2_hsa20,active,1.52,0.381
Chimp hap2,chr21_hap2_hsa20,active,1.54,0.383
Chimp hap2,chr21_hap2_hsa20,active,1.412,0.375
Chimp hap2,chr21_hap2_hsa20,active,1.54,0.3825
Chimp hap2,chr21_hap2_hsa20,active,1.528,0.3825
Chimp hap2,chr21_hap2_hsa20,active,1.52,0.3805
Chimp hap2,chr21_hap2_hsa20,active,1.524,0.3845
Chimp hap2,chr21_hap2_hsa20,active,1.536,0.3795
Chimp hap2,chr21_hap2_hsa20,active,1.544,0.3845
Chimp hap2,chr21_hap2_hsa20,active,1.528,0.377
Chimp hap2,chr21_hap2_hsa20,active,1.536,0.3825
Chimp hap2,chr21_hap2_hsa20,active,1.528,0.3765
Chimp hap2,chr21_hap2_hsa20,active,1.504,0.382
Chimp hap2,chr21_hap2_hsa20,active,1.532,0.3805
Chimp hap2,chr21_hap2_hsa20,active,1.46,0.382
Chimp hap2,chr21_hap2_hsa20,active,1.504,0.381
Chimp hap2,chr21_hap2_hsa20,active,1.472,0.38
Chimp hap2,chr21_hap2_hsa20,active,1.532,0.38
Chimp hap2,chr21_hap2_hsa20,active,1.508,0.381
Chimp hap2,chr21_hap2_hsa20,active,1.48,0.378
Chimp hap2,chr21_hap2_hsa20,active,1.508,0.3825
Chimp hap2,chr21_hap2_hsa20,active,1.532,0.376
Chimp hap2,chr21_hap2_hsa20,active,1.524,0.382
Chimp hap2,chr21_hap2_hsa20,active,1.516,0.3845
Chimp hap2,chr21_hap2_hsa20,active,1.56,0.3775
Chimp hap2,chr21_hap2_hsa20,active,1.488,0.383
Chimp hap2,chr21_hap2_hsa20,active,1.492,0.3785
Chimp hap2,chr21_hap2_hsa20,active,1.528,0.383
Chimp hap2,chr21_hap2_hsa20,active,1.52,0.375
Chimp hap2,chr21_hap2_hsa20,active,1.46,0.385
Chimp hap2,chr21_hap2_hsa20,active,1.508,0.3805
Chimp hap2,chr21_hap2_hsa20,active,1.54,0.382
Chimp hap2,chr21_hap2_hsa20,active,1.5,0.381
Chimp hap2,chr21_hap2_hsa20,active,1.42,0.3845
Chimp hap2,chr21_hap2_hsa20,active,1.572,0.377
Chimp hap2,chr21_hap2_hsa20,active,1.536,0.3805
Chimp hap2,chr21_hap2_hsa20,active,1.508,0.3785
Chimp hap2,chr21_hap2_hsa20,active,1.54,0.3825
Chimp hap2,chr21_hap2_hsa20,active,1.568,0.3785
Chimp hap2,chr21_hap2_hsa20,active,1.524,0.3725
Chimp hap2,chr21_hap2_hsa20,active,1.576,0.3805
Chimp hap2,chr21_hap2_hsa20,active,1.52,0.3825
Chimp hap2,chr21_hap2_hsa20,active,1.512,0.379
Chimp hap2,chr21_hap2_hsa20,active,1.516,0.378
Chimp hap2,chr21_hap2_hsa20,active,1.512,0.383
Chimp hap2,chr21_hap2_hsa20,active,1.548,0.3805
Chimp hap2,chr21_hap2_hsa20,active,1.5,0.382
Chimp hap2,chr21_hap2_hsa20,active,1.54,0.383
Chimp hap2,chr21_hap2_hsa20,active,1.512,0.3845
Chimp hap2,chr21_hap2_hsa20,active,1.504,0.381
Chimp hap2,chr21_hap2_hsa20,active,1.46,0.3835
Chimp hap2,chr21_hap2_hsa20,active,1.492,0.38
Chimp hap2,chr21_hap2_hsa20,active,1.476,0.3825
Chimp hap2,chr21_hap2_hsa20,active,1.544,0.3775
Chimp hap2,chr21_hap2_hsa20,active,1.468,0.383
Chimp hap2,chr21_hap2_hsa20,active,1.52,0.3795
Chimp hap2,chr21_hap2_hsa20,active,1.5,0.384
Chimp hap2,chr21_hap2_hsa20,active,1.42,0.3865
Chimp hap2,chr21_hap2_hsa20,active,1.492,0.379
Chimp hap2,chr21_hap2_hsa20,active,1.504,0.383
Chimp hap2,chr21_hap2_hsa20,active,1.52,0.3835
Chimp hap2,chr21_hap2_hsa20,active,1.48,0.3835
Chimp hap2,chr21_hap2_hsa20,active,1.492,0.377
Chimp hap2,chr21_hap2_hsa20,active,1.512,0.382
Chimp hap2,chr21_hap2_hsa20,active,1.5,0.3815
Chimp hap2,chr21_hap2_hsa20,active,1.488,0.381
Chimp hap2,chr21_hap2_hsa20,active,1.516,0.382
Chimp hap2,chr21_hap2_hsa20,active,1.528,0.3795
Chimp hap2,chr21_hap2_hsa20,active,1.468,0.383
Chimp hap2,chr21_hap2_hsa20,active,1.508,0.3835
Chimp hap2,chr21_hap2_hsa20,active,1.48,0.382
Chimp hap2,chr21_hap2_hsa20,active,1.516,0.3775
Chimp hap2,chr21_hap2_hsa20,active,1.508,0.381
Chimp hap2,chr21_hap2_hsa20,active,1.52,0.3795
Chimp hap2,chr21_hap2_hsa20,active,1.5,0.3835
Chimp hap2,chr21_hap2_hsa20,active,1.468,0.383
Chimp hap2,chr21_hap2_hsa20,active,1.572,0.3825
Chimp hap2,chr21_hap2_hsa20,active,1.512,0.382
Chimp hap2,chr21_hap2_hsa20,active,1.496,0.3815
Chimp hap2,chr21_hap2_hsa20,active,1.44,0.382
Chimp hap2,chr21_hap2_hsa20,active,1.568,0.379
Chimp hap2,chr21_hap2_hsa20,active,1.456,0.382
Chimp hap2,chr21_hap2_hsa20,active,1.436,0.381
Chimp hap2,chr21_hap2_hsa20,active,1.48,0.383
Chimp hap2,chr21_hap2_hsa20,active,1.528,0.3795
Chimp hap2,chr21_hap2_hsa20,active,1.488,0.3815
Chimp hap2,chr21_hap2_hsa20,active,1.504,0.3825
Chimp hap2,chr21_hap2_hsa20,active,1.512,0.38
Chimp hap2,chr21_hap2_hsa20,active,1.36,0.384
Chimp hap2,chr21_hap2_hsa20,active,1.5,0.382
Chimp hap2,chr21_hap2_hsa20,active,1.524,0.3775
Chimp hap2,chr21_hap2_hsa20,active,1.564,0.3835
Chimp hap2,chr21_hap2_hsa20,active,1.512,0.379
Chimp hap2,chr21_hap2_hsa20,active,1.54,0.383
Chimp hap2,chr21_hap2_hsa20,active,1.512,0.3815
Chimp hap2,chr21_hap2_hsa20,active,1.56,0.3805
Chimp hap2,chr21_hap2_hsa20,active,1.488,0.379
Chimp hap2,chr21_hap2_hsa20,active,1.532,0.379
Chimp hap2,chr21_hap2_hsa20,active,1.516,0.382
Chimp hap2,chr21_hap2_hsa20,active,1.452,0.38
Chimp hap2,chr21_hap2_hsa20,active,1.504,0.3845
Chimp hap2,chr21_hap2_hsa20,active,1.532,0.379
Chimp hap2,chr21_hap2_hsa20,active,1.476,0.381
Chimp hap2,chr21_hap2_hsa20,active,1.548,0.3795
Chimp hap2,chr21_hap2_hsa20,active,1.492,0.3825
Chimp hap2,chr21_hap2_hsa20,active,1.552,0.377
Chimp hap2,chr21_hap2_hsa20,active,1.516,0.382
Chimp hap2,chr21_hap2_hsa20,active,1.504,0.381
Chimp hap2,chr21_hap2_hsa20,active,1.5,0.381
Chimp hap2,chr21_hap2_hsa20,active,1.576,0.382
Chimp hap2,chr21_hap2_hsa20,active,1.508,0.38
Chimp hap2,chr21_hap2_hsa20,active,1.512,0.3825
Chimp hap2,chr21_hap2_hsa20,active,1.492,0.383
Chimp hap2,chr21_hap2_hsa20,active,1.532,0.384
Chimp hap2,chr21_hap2_hsa20,active,1.568,0.378
Chimp hap2,chr21_hap2_hsa20,active,1.508,0.378
Chimp hap2,chr21_hap2_hsa20,active,1.504,0.382
Chimp hap2,chr21_hap2_hsa20,active,1.4,0.385
Chimp hap2,chr21_hap2_hsa20,active,1.48,0.383
Chimp hap2,chr21_hap2_hsa20,active,1.492,0.383
Chimp hap2,chr21_hap2_hsa20,active,1.5,0.38
Chimp hap2,chr21_hap2_hsa20,active,1.468,0.382
Chimp hap2,chr21_hap2_hsa20,active,1.52,0.3825
Chimp hap2,chr21_hap2_hsa20,active,1.484,0.3795
Chimp hap2,chr21_hap2_hsa20,active,1.496,0.3835
Chimp hap2,chr21_hap2_hsa20,active,1.524,0.383
Chimp hap2,chr21_hap2_hsa20,active,1.376,0.384
Chimp hap2,chr21_hap2_hsa20,active,1.488,0.3825
Chimp hap2,chr21_hap2_hsa20,active,1.548,0.3845
Chimp hap2,chr21_hap2_hsa20,active,1.504,0.384
Chimp hap2,chr21_hap2_hsa20,active,1.464,0.3815
Chimp hap2,chr21_hap2_hsa20,active,1.468,0.381
Chimp hap2,chr21_hap2_hsa20,active,1.432,0.383
Chimp hap2,chr21_hap2_hsa20,active,1.46,0.383
Chimp hap2,chr21_hap2_hsa20,active,1.48,0.382
Chimp hap2,chr21_hap2_hsa20,active,1.472,0.382
Chimp hap2,chr21_hap2_hsa20,active,1.484,0.3845
Chimp hap2,chr21_hap2_hsa20,active,1.492,0.382
Chimp hap2,chr21_hap2_hsa20,active,1.512,0.379
Chimp hap2,chr21_hap2_hsa20,active,1.552,0.38
Chimp hap2,chr21_hap2_hsa20,active,1.496,0.378
Chimp hap2,chr21_hap2_hsa20,active,1.5,0.381
Chimp hap2,chr21_hap2_hsa20,active,1.476,0.38
Chimp hap2,chr21_hap2_hsa20,active,1.492,0.384
Chimp hap2,chr21_hap2_hsa20,active,1.496,0.38
Chimp hap2,chr21_hap2_hsa20,active,1.524,0.3755
Chimp hap2,chr21_hap2_hsa20,active,1.524,0.381
Chimp hap2,chr21_hap2_hsa20,active,1.472,0.384
Chimp hap2,chr21_hap2_hsa20,active,1.496,0.3815
Chimp hap2,chr21_hap2_hsa20,active,1.504,0.383
Chimp hap2,chr21_hap2_hsa20,active,1.496,0.383
Chimp hap2,chr21_hap2_hsa20,active,1.488,0.379
Chimp hap2,chr21_hap2_hsa20,active,1.488,0.382
Chimp hap2,chr21_hap2_hsa20,active,1.5,0.3725
Chimp hap2,chr21_hap2_hsa20,active,1.512,0.3855
Chimp hap2,chr21_hap2_hsa20,active,1.468,0.3815
Chimp hap2,chr21_hap2_hsa20,active,1.44,0.386
Chimp hap2,chr21_hap2_hsa20,active,1.504,0.378
Chimp hap2,chr21_hap2_hsa20,active,1.436,0.384
Chimp hap2,chr21_hap2_hsa20,active,1.512,0.3815
Chimp hap2,chr21_hap2_hsa20,active,1.52,0.382
Chimp hap2,chr21_hap2_hsa20,active,1.504,0.384
Chimp hap2,chr21_hap2_hsa20,active,1.516,0.3835
Chimp hap2,chr21_hap2_hsa20,active,1.484,0.3795
Chimp hap2,chr21_hap2_hsa20,active,1.492,0.3825
Chimp hap2,chr21_hap2_hsa20,active,1.488,0.3805
Chimp hap2,chr21_hap2_hsa20,active,1.492,0.3805
Chimp hap2,chr21_hap2_hsa20,active,1.492,0.383
Chimp hap2,chr21_hap2_hsa20,active,1.488,0.3825
Chimp hap2,chr21_hap2_hsa20,active,1.496,0.382
Chimp hap2,chr21_hap2_hsa20,active,1.48,0.3825
Chimp hap2,chr21_hap2_hsa20,active,1.512,0.3835
Chimp hap2,chr21_hap2_hsa20,active,1.456,0.3805
Chimp hap2,chr21_hap2_hsa20,active,1.472,0.3815
Chimp hap2,chr21_hap2_hsa20,active,1.516,0.3825
Chimp hap2,chr21_hap2_hsa20,active,1.472,0.381
Chimp hap2,chr21_hap2_hsa20,active,1.492,0.379
Chimp hap2,chr21_hap2_hsa20,active,1.448,0.383
Chimp hap2,chr21_hap2_hsa20,active,1.532,0.38
Chimp hap2,chr21_hap2_hsa20,active,1.508,0.383
Chimp hap2,chr21_hap2_hsa20,active,1.492,0.3845
Chimp hap2,chr21_hap2_hsa20,active,1.524,0.379
Chimp hap2,chr21_hap2_hsa20,active,1.528,0.3795
Chimp hap2,chr21_hap2_hsa20,active,1.532,0.3765
Chimp hap2,chr21_hap2_hsa20,active,1.528,0.382
Chimp hap2,chr21_hap2_hsa20,active,1.528,0.3765
Chimp hap2,chr21_hap2_hsa20,active,1.588,0.3765
Chimp hap2,chr21_hap2_hsa20,active,1.524,0.382
Chimp hap2,chr21_hap2_hsa20,active,1.532,0.379
Chimp hap2,chr21_hap2_hsa20,active,1.528,0.378
Chimp hap2,chr21_hap2_hsa20,active,1.488,0.377
Chimp hap2,chr21_hap2_hsa20,active,1.552,0.3825
Chimp hap2,chr21_hap2_hsa20,active,1.528,0.3775
Chimp hap2,chr21_hap2_hsa20,active,1.556,0.3805
Chimp hap2,chr21_hap2_hsa20,active,1.544,0.378
Chimp hap2,chr21_hap2_hsa20,active,1.52,0.38
Chimp hap2,chr21_hap2_hsa20,active,1.508,0.3815
Chimp hap2,chr21_hap2_hsa20,active,1.556,0.3795
Chimp hap2,chr21_hap2_hsa20,active,1.548,0.3825
Chimp hap2,chr21_hap2_hsa20,active,1.536,0.378
Chimp hap2,chr21_hap2_hsa20,active,1.496,0.3765
Chimp hap2,chr21_hap2_hsa20,active,1.536,0.3805
Chimp hap2,chr21_hap2_hsa20,active,1.528,0.3785
Chimp hap2,chr21_hap2_hsa20,active,1.572,0.3775
Chimp hap2,chr21_hap2_hsa20,active,1.548,0.3845
Chimp hap2,chr21_hap2_hsa20,active,1.576,0.3805
Chimp hap2,chr21_hap2_hsa20,active,1.54,0.385
Chimp hap2,chr21_hap2_hsa20,active,1.56,0.3775
Chimp hap2,chr21_hap2_hsa20,active,1.54,0.385
Chimp hap2,chr21_hap2_hsa20,active,1.512,0.3765
Chimp hap2,chr21_hap2_hsa20,active,1.484,0.3815
Chimp hap2,chr21_hap2_hsa20,active,1.532,0.3775
Chimp hap2,chr21_hap2_hsa20,active,1.58,0.381
Chimp hap2,chr21_hap2_hsa20,active,1.492,0.382
Chimp hap2,chr21_hap2_hsa20,active,1.588,0.383
Chimp hap2,chr21_hap2_hsa20,active,1.548,0.379
Chimp hap2,chr21_hap2_hsa20,active,1.492,0.3795
Chimp hap2,chr21_hap2_hsa20,active,1.568,0.382
Chimp hap2,chr21_hap2_hsa20,active,1.508,0.3775
Chimp hap2,chr21_hap2_hsa20,active,1.536,0.3805
Chimp hap2,chr21_hap2_hsa20,active,1.524,0.3775
Chimp hap2,chr21_hap2_hsa20,active,1.552,0.382
Chimp hap2,chr21_hap2_hsa20,active,1.548,0.3835
Chimp hap2,chr21_hap2_hsa20,active,1.54,0.3805
Chimp hap2,chr21_hap2_hsa20,active,1.58,0.384
Chimp hap2,chr21_hap2_hsa20,active,1.548,0.3835
Chimp hap2,chr21_hap2_hsa20,active,1.608,0.3835
Chimp hap2,chr21_hap2_hsa20,active,1.532,0.3805
Chimp hap2,chr21_hap2_hsa20,active,1.544,0.3835
Chimp hap2,chr21_hap2_hsa20,active,1.548,0.38
Chimp hap2,chr21_hap2_hsa20,active,1.544,0.3785
Chimp hap2,chr21_hap2_hsa20,active,1.44,0.387
Chimp hap2,chr21_hap2_hsa20,active,1.54,0.3835
Chimp hap2,chr21_hap2_hsa20,active,1.436,0.388
Chimp hap2,chr21_hap2_hsa20,active,1.576,0.3785
Chimp hap2,chr21_hap2_hsa20,active,1.612,0.3835
Chimp hap2,chr21_hap2_hsa20,active,1.524,0.381
Chimp hap2,chr21_hap2_hsa20,active,1.536,0.3815
Chimp hap2,chr21_hap2_hsa20,active,1.492,0.376
Chimp hap2,chr21_hap2_hsa20,active,1.596,0.3815
Chimp hap2,chr21_hap2_hsa20,active,1.592,0.383
Chimp hap2,chr21_hap2_hsa20,active,1.568,0.381
Chimp hap2,chr21_hap2_hsa20,active,1.492,0.38
Chimp hap2,chr21_hap2_hsa20,active,1.504,0.3765
Chimp hap2,chr21_hap2_hsa20,active,1.6,0.3815
Chimp hap2,chr21_hap2_hsa20,active,1.52,0.382
Chimp hap2,chr21_hap2_hsa20,active,1.58,0.3855
Chimp hap2,chr21_hap2_hsa20,active,1.6,0.382
Chimp hap2,chr21_hap2_hsa20,active,1.516,0.3845
Chimp hap2,chr21_hap2_hsa20,active,1.56,0.3845
Chimp hap2,chr21_hap2_hsa20,active,1.596,0.3825
Chimp hap2,chr21_hap2_hsa20,active,1.544,0.384
Chimp hap2,chr21_hap2_hsa20,active,1.58,0.382
Chimp hap2,chr21_hap2_hsa20,active,1.556,0.3815
Chimp hap2,chr21_hap2_hsa20,active,1.552,0.3775
Chimp hap2,chr21_hap2_hsa20,active,1.596,0.382
Chimp hap2,chr21_hap2_hsa20,active,1.54,0.381
Chimp hap2,chr21_hap2_hsa20,active,1.548,0.38
Chimp hap2,chr21_hap2_hsa20,active,1.54,0.376
Chimp hap2,chr21_hap2_hsa20,active,1.608,0.3855
Chimp hap2,chr21_hap2_hsa20,active,1.516,0.38
Chimp hap2,chr21_hap2_hsa20,active,1.48,0.382
Chimp hap2,chr21_hap2_hsa20,active,1.532,0.377
Chimp hap2,chr21_hap2_hsa20,active,1.464,0.3815
Chimp hap2,chr21_hap2_hsa20,active,1.536,0.3835
Chimp hap2,chr21_hap2_hsa20,active,1.56,0.3805
Chimp hap2,chr21_hap2_hsa20,active,1.5,0.3845
Chimp hap2,chr21_hap2_hsa20,active,1.512,0.38
Chimp hap2,chr21_hap2_hsa20,active,1.52,0.3825
Chimp hap2,chr21_hap2_hsa20,active,1.476,0.3815
Chimp hap2,chr21_hap2_hsa20,active,1.46,0.38
Chimp hap2,chr21_hap2_hsa20,active,1.38,0.385
Chimp hap2,chr21_hap2_hsa20,active,1.488,0.3815
Chimp hap2,chr21_hap2_hsa20,active,1.528,0.3865
Chimp hap2,chr21_hap2_hsa20,active,1.5,0.3815
Chimp hap2,chr21_hap2_hsa20,active,1.588,0.3825
Chimp hap2,chr21_hap2_hsa20,active,1.548,0.3845
Chimp hap2,chr21_hap2_hsa20,active,1.496,0.3835
Chimp hap2,chr21_hap2_hsa20,active,1.552,0.38
Chimp hap2,chr21_hap2_hsa20,active,1.528,0.3825
Chimp hap2,chr21_hap2_hsa20,active,1.552,0.384
Chimp hap2,chr21_hap2_hsa20,active,1.38,0.3845
Chimp hap2,chr21_hap2_hsa20,active,1.4,0.383
Chimp hap2,chr21_hap2_hsa20,active,1.592,0.3795
Chimp hap2,chr21_hap2_hsa20,active,1.4,0.3845
Chimp hap2,chr21_hap2_hsa20,active,1.496,0.3795
Chimp hap2,chr21_hap2_hsa20,active,1.584,0.382
Chimp hap2,chr21_hap2_hsa20,active,1.388,0.3855
Chimp hap2,chr21_hap2_hsa20,active,1.524,0.3825
Chimp hap2,chr21_hap2_hsa20,active,1.536,0.381
Chimp hap2,chr21_hap2_hsa20,active,1.388,0.3875
Chimp hap2,chr21_hap2_hsa20,active,1.548,0.38
Chimp hap2,chr21_hap2_hsa20,active,1.524,0.3825
Chimp hap2,chr21_hap2_hsa20,active,1.568,0.382
Chimp hap2,chr21_hap2_hsa20,active,1.508,0.3805
Chimp hap2,chr21_hap2_hsa20,active,1.584,0.3845
Chimp hap2,chr21_hap2_hsa20,active,1.388,0.382
Chimp hap2,chr21_hap2_hsa20,active,1.432,0.388
Chimp hap2,chr21_hap2_hsa20,active,1.472,0.381
Chimp hap2,chr21_hap2_hsa20,active,1.592,0.3785
Chimp hap2,chr21_hap2_hsa20,active,1.388,0.3835
Chimp hap2,chr21_hap2_hsa20,active,1.4,0.3875
Chimp hap2,chr21_hap2_hsa20,active,1.388,0.383
Chimp hap2,chr21_hap2_hsa20,active,1.508,0.383
Chimp hap2,chr21_hap2_hsa20,active,1.536,0.3825
Chimp hap2,chr21_hap2_hsa20,active,1.56,0.382
Chimp hap2,chr21_hap2_hsa20,active,1.56,0.384
Chimp hap2,chr21_hap2_hsa20,active,1.536,0.384
Chimp hap2,chr21_hap2_hsa20,active,1.564,0.381
Chimp hap2,chr21_hap2_hsa20,active,1.54,0.382
Chimp hap2,chr21_hap2_hsa20,active,1.572,0.383
Chimp hap2,chr21_hap2_hsa20,active,1.488,0.3805
Chimp hap2,chr21_hap2_hsa20,active,1.54,0.381
Chimp hap2,chr21_hap2_hsa20,active,1.564,0.3815
Chimp hap2,chr21_hap2_hsa20,active,1.468,0.383
Chimp hap2,chr21_hap2_hsa20,active,1.576,0.382
Chimp hap2,chr21_hap2_hsa20,active,1.508,0.3815
Chimp hap2,chr21_hap2_hsa20,active,1.54,0.383
Chimp hap2,chr21_hap2_hsa20,active,1.52,0.383
Chimp hap2,chr21_hap2_hsa20,active,1.52,0.379
Chimp hap2,chr21_hap2_hsa20,active,1.416,0.3865
Chimp hap2,chr21_hap2_hsa20,active,1.564,0.3835
Chimp hap2,chr21_hap2_hsa20,active,1.556,0.382
Chimp hap2,chr21_hap2_hsa20,active,1.48,0.3815
Chimp hap2,chr21_hap2_hsa20,active,1.508,0.384
Chimp hap2,chr21_hap2_hsa20,active,1.492,0.3805
Chimp hap2,chr21_hap2_hsa20,active,1.576,0.383
Chimp hap2,chr21_hap2_hsa20,active,1.56,0.382
Chimp hap2,chr21_hap2_hsa20,active,1.56,0.38
Chimp hap2,chr21_hap2_hsa20,active,1.52,0.3805
Chimp hap2,chr21_hap2_hsa20,active,1.564,0.38
Chimp hap2,chr21_hap2_hsa20,active,1.568,0.3855
Chimp hap2,chr21_hap2_hsa20,active,1.54,0.3815
Chimp hap2,chr21_hap2_hsa20,active,1.56,0.382
Chimp hap2,chr21_hap2_hsa20,active,1.524,0.3805
Chimp hap2,chr21_hap2_hsa20,active,1.56,0.382
Chimp hap2,chr21_hap2_hsa20,active,1.536,0.379
Chimp hap2,chr21_hap2_hsa20,active,1.504,0.38
Chimp hap2,chr21_hap2_hsa20,active,1.508,0.3815
Chimp hap2,chr21_hap2_hsa20,active,1.564,0.3805
Chimp hap2,chr21_hap2_hsa20,active,1.532,0.381
Chimp hap2,chr21_hap2_hsa20,active,1.552,0.382
Chimp hap2,chr21_hap2_hsa20,active,1.568,0.3815
Chimp hap2,chr21_hap2_hsa20,active,1.504,0.381
Chimp hap2,chr21_hap2_hsa20,active,1.524,0.3825
Chimp hap2,chr21_hap2_hsa20,active,1.496,0.3765
Chimp hap2,chr21_hap2_hsa20,active,1.508,0.3835
Chimp hap2,chr21_hap2_hsa20,active,1.544,0.382
Chimp hap2,chr21_hap2_hsa20,active,1.548,0.38
Chimp hap2,chr21_hap2_hsa20,active,1.508,0.382
Chimp hap2,chr21_hap2_hsa20,active,1.56,0.379
Chimp hap2,chr21_hap2_hsa20,active,1.572,0.3825
Chimp hap2,chr21_hap2_hsa20,active,1.584,0.379
Chimp hap2,chr21_hap2_hsa20,active,1.544,0.3805
Chimp hap2,chr21_hap2_hsa20,active,1.54,0.3815
Chimp hap2,chr21_hap2_hsa20,active,1.536,0.381
Chimp hap2,chr21_hap2_hsa20,active,1.496,0.381
Chimp hap2,chr21_hap2_hsa20,active,1.468,0.3825
Chimp hap2,chr21_hap2_hsa20,active,1.508,0.381
Chimp hap2,chr21_hap2_hsa20,active,1.568,0.38
Chimp hap2,chr21_hap2_hsa20,active,1.548,0.3745
Chimp hap2,chr21_hap2_hsa20,active,1.568,0.382
Chimp hap2,chr21_hap2_hsa20,active,1.524,0.3745
Chimp hap2,chr21_hap2_hsa20,active,1.468,0.38
Chimp hap2,chr21_hap2_hsa20,active,1.532,0.383
Chimp hap2,chr21_hap2_hsa20,active,1.544,0.3765
Chimp hap2,chr21_hap2_hsa20,active,1.528,0.3825
Chimp hap2,chr21_hap2_hsa20,active,1.576,0.3795
Chimp hap2,chr21_hap2_hsa20,active,1.556,0.378
Chimp hap2,chr21_hap2_hsa20,active,1.564,0.3775
Chimp hap2,chr21_hap2_hsa20,active,1.608,0.38
Chimp hap2,chr21_hap2_hsa20,active,1.532,0.377
Chimp hap2,chr21_hap2_hsa20,active,1.524,0.384
Chimp hap2,chr21_hap2_hsa20,active,1.572,0.3795
Chimp hap2,chr21_hap2_hsa20,active,1.56,0.3755
Chimp hap2,chr21_hap2_hsa20,active,1.548,0.381
Chimp hap2,chr21_hap2_hsa20,active,1.584,0.378
Chimp hap2,chr21_hap2_hsa20,active,1.532,0.377
Chimp hap2,chr21_hap2_hsa20,active,1.568,0.3765
Chimp hap2,chr21_hap2_hsa20,active,1.532,0.382
Chimp hap2,chr21_hap2_hsa20,active,1.532,0.3725
Chimp hap2,chr21_hap2_hsa20,active,1.58,0.38
Chimp hap2,chr21_hap2_hsa20,active,1.54,0.3745
Chimp hap2,chr21_hap2_hsa20,active,1.508,0.3835
Chimp hap2,chr21_hap2_hsa20,active,1.548,0.38
Chimp hap2,chr21_hap2_hsa20,active,1.512,0.378
Chimp hap2,chr21_hap2_hsa20,active,1.472,0.381
Chimp hap2,chr21_hap2_hsa20,active,1.54,0.3785
Chimp hap2,chr21_hap2_hsa20,active,1.576,0.379
Chimp hap2,chr21_hap2_hsa20,active,1.556,0.38
Chimp hap2,chr21_hap2_hsa20,active,1.58,0.3795
Chimp hap2,chr21_hap2_hsa20,active,1.484,0.384
Chimp hap2,chr21_hap2_hsa20,active,1.588,0.379
Chimp hap2,chr21_hap2_hsa20,active,1.548,0.383
Chimp hap2,chr21_hap2_hsa20,active,1.584,0.3815
Chimp hap2,chr21_hap2_hsa20,active,1.528,0.382
Chimp hap2,chr21_hap2_hsa20,active,1.524,0.377
Chimp hap2,chr21_hap2_hsa20,active,1.608,0.379
Chimp hap2,chr21_hap2_hsa20,active,1.568,0.38
Chimp hap2,chr21_hap2_hsa20,active,1.544,0.378
Chimp hap2,chr21_hap2_hsa20,active,1.536,0.3805
Chimp hap2,chr21_hap2_hsa20,active,1.584,0.3755
Chimp hap2,chr21_hap2_hsa20,active,1.536,0.3785
Chimp hap2,chr21_hap2_hsa20,active,1.572,0.3765
Chimp hap2,chr21_hap2_hsa20,active,1.592,0.3775
Chimp hap2,chr21_hap2_hsa20,active,1.56,0.3805
Chimp hap2,chr21_hap2_hsa20,active,1.508,0.3805
Chimp hap2,chr21_hap2_hsa20,active,1.548,0.3835
Chimp hap2,chr21_hap2_hsa20,active,1.532,0.377
Chimp hap2,chr21_hap2_hsa20,active,1.624,0.3815
Chimp hap2,chr21_hap2_hsa20,active,1.532,0.379
Chimp hap2,chr21_hap2_hsa20,active,1.568,0.3795
Chimp hap2,chr21_hap2_hsa20,active,1.544,0.379
Chimp hap2,chr21_hap2_hsa20,active,1.552,0.377
Chimp hap2,chr21_hap2_hsa20,active,1.54,0.3735
Chimp hap2,chr21_hap2_hsa20,active,1.588,0.3775
Chimp hap2,chr21_hap2_hsa20,active,1.528,0.381
Chimp hap2,chr21_hap2_hsa20,active,1.54,0.3815
Chimp hap2,chr21_hap2_hsa20,active,1.52,0.376
Chimp hap2,chr21_hap2_hsa20,active,1.552,0.3775
Chimp hap2,chr21_hap2_hsa20,active,1.556,0.3805
Chimp hap2,chr21_hap2_hsa20,active,1.52,0.3795
Chimp hap2,chr21_hap2_hsa20,active,1.572,0.377
Chimp hap2,chr21_hap2_hsa20,active,1.564,0.376
Chimp hap2,chr21_hap2_hsa20,active,1.552,0.382
Chimp hap2,chr21_hap2_hsa20,active,1.492,0.3795
Chimp hap2,chr21_hap2_hsa20,active,1.548,0.3805
Chimp hap2,chr21_hap2_hsa20,active,1.512,0.3825
Chimp hap2,chr21_hap2_hsa20,active,1.604,0.3785
Chimp hap2,chr21_hap2_hsa20,active,1.544,0.381
Chimp hap2,chr21_hap2_hsa20,active,1.544,0.379
Chimp hap2,chr21_hap2_hsa20,active,1.56,0.3745
Chimp hap2,chr21_hap2_hsa20,active,1.576,0.377
Chimp hap2,chr21_hap2_hsa20,active,1.504,0.3735
Chimp hap2,chr21_hap2_hsa20,active,1.596,0.375
Chimp hap2,chr21_hap2_hsa20,active,1.628,0.38
Chimp hap2,chr21_hap2_hsa20,active,1.608,0.374
Chimp hap2,chr21_hap2_hsa20,active,1.56,0.38
Chimp hap2,chr21_hap2_hsa20,active,1.56,0.377
Chimp hap2,chr21_hap2_hsa20,active,1.528,0.375
Chimp hap2,chr21_hap2_hsa20,active,1.592,0.378
Chimp hap2,chr21_hap2_hsa20,active,1.552,0.374
Chimp hap2,chr21_hap2_hsa20,active,1.628,0.3785
Chimp hap2,chr21_hap2_hsa20,active,1.584,0.3795
Chimp hap2,chr21_hap2_hsa20,active,1.52,0.378
Chimp hap2,chr21_hap2_hsa20,active,1.576,0.3765
Chimp hap2,chr21_hap2_hsa20,active,1.576,0.375
Chimp hap2,chr21_hap2_hsa20,active,1.536,0.3755
Chimp hap2,chr21_hap2_hsa20,active,1.532,0.377
Chimp hap2,chr21_hap2_hsa20,active,1.524,0.3785
Chimp hap2,chr21_hap2_hsa20,active,1.584,0.3805
Chimp hap2,chr21_hap2_hsa20,active,1.556,0.3745
Chimp hap2,chr21_hap2_hsa20,active,1.668,0.38
Chimp hap2,chr21_hap2_hsa20,active,1.552,0.381
Chimp hap2,chr21_hap2_hsa20,active,1.528,0.378
Chimp hap2,chr21_hap2_hsa20,active,1.576,0.377
Chimp hap2,chr21_hap2_hsa20,active,1.54,0.375
Chimp hap2,chr21_hap2_hsa20,active,1.524,0.3805
Chimp hap2,chr21_hap2_hsa20,active,1.612,0.3775
Chimp hap2,chr21_hap2_hsa20,active,1.572,0.3775
Chimp hap2,chr21_hap2_hsa20,active,1.572,0.3775
Chimp hap2,chr21_hap2_hsa20,active,1.516,0.3765
Chimp hap2,chr21_hap2_hsa20,active,1.516,0.3795
Chimp hap2,chr21_hap2_hsa20,active,1.604,0.378
Chimp hap2,chr21_hap2_hsa20,active,1.572,0.3775
Chimp hap2,chr21_hap2_hsa20,active,1.476,0.3785
Chimp hap2,chr21_hap2_hsa20,active,1.496,0.3735
Chimp hap2,chr21_hap2_hsa20,active,1.576,0.3775
Chimp hap2,chr21_hap2_hsa20,active,1.52,0.375
Chimp hap2,chr21_hap2_hsa20,active,1.688,0.3785
Chimp hap2,chr21_hap2_hsa20,active,1.612,0.3735
Chimp hap2,chr21_hap2_hsa20,active,1.568,0.3765
Chimp hap2,chr21_hap2_hsa20,active,1.572,0.376
Chimp hap2,chr21_hap2_hsa20,active,1.628,0.381
Chimp hap2,chr21_hap2_hsa20,active,1.64,0.3755
Chimp hap2,chr21_hap2_hsa20,active,1.58,0.3745
Chimp hap2,chr21_hap2_hsa20,active,1.528,0.373
Chimp hap2,chr21_hap2_hsa20,active,1.616,0.3805
Chimp hap2,chr21_hap2_hsa20,active,1.56,0.379
Chimp hap2,chr21_hap2_hsa20,active,1.632,0.3805
Chimp hap2,chr21_hap2_hsa20,active,1.608,0.38
Chimp hap2,chr21_hap2_hsa20,active,1.564,0.373
Chimp hap2,chr21_hap2_hsa20,active,1.624,0.3775
Chimp hap2,chr21_hap2_hsa20,active,1.572,0.379
Chimp hap2,chr21_hap2_hsa20,active,1.628,0.377
Chimp hap2,chr21_hap2_hsa20,active,1.548,0.379
Chimp hap2,chr21_hap2_hsa20,active,1.568,0.3765
Chimp hap2,chr21_hap2_hsa20,active,1.608,0.3765
Chimp hap2,chr21_hap2_hsa20,active,1.772,0.3825
Chimp hap2,chr21_hap2_hsa20,active,1.7,0.3745
Chimp hap2,chr21_hap2_hsa20,active,1.696,0.374
Chimp hap2,chr21_hap2_hsa20,active,1.56,0.379
Chimp hap2,chr21_hap2_hsa20,active,1.684,0.382
Chimp hap2,chr21_hap2_hsa20,active,1.712,0.375
Chimp hap2,chr21_hap2_hsa20,active,1.596,0.374
Chimp hap2,chr21_hap2_hsa20,active,1.692,0.368
Chimp hap2,chr21_hap2_hsa20,active,1.78,0.3725
Chimp hap2,chr21_hap2_hsa20,active,1.744,0.3735
Chimp hap2,chr21_hap2_hsa20,active,1.72,0.371
Chimp hap2,chr21_hap2_hsa20,active,1.656,0.3735
Chimp hap2,chr21_hap2_hsa20,active,1.716,0.377
Chimp hap2,chr21_hap2_hsa20,active,1.768,0.3705
Chimp hap2,chr21_hap2_hsa20,active,1.736,0.3705
Chimp hap2,chr21_hap2_hsa20,active,1.788,0.374
Chimp hap2,chr21_hap2_hsa20,active,1.516,0.3775
Chimp hap2,chr21_hap2_hsa20,active,1.736,0.3705
Chimp hap2,chr21_hap2_hsa20,active,1.764,0.377
Chimp hap2,chr21_hap2_hsa20,active,1.736,0.378
Chimp hap2,chr21_hap2_hsa20,active,1.72,0.367
Chimp hap2,chr21_hap2_hsa20,active,1.752,0.3765
Chimp hap2,chr21_hap2_hsa20,active,1.756,0.3755
Chimp hap2,chr21_hap2_hsa20,active,1.636,0.374
Chimp hap2,chr21_hap2_hsa20,active,1.804,0.3745
Chimp hap2,chr21_hap2_hsa20,active,1.752,0.372
Chimp hap2,chr21_hap2_hsa20,active,1.772,0.3695
Chimp hap2,chr21_hap2_hsa20,active,1.592,0.3705
Chimp hap2,chr21_hap2_hsa20,active,1.644,0.379
Chimp hap2,chr21_hap2_hsa20,active,1.556,0.378
Chimp hap2,chr21_hap2_hsa20,active,1.604,0.3765
Chimp hap2,chr21_hap2_hsa20,active,1.604,0.3785
Chimp hap2,chr21_hap2_hsa20,active,1.604,0.3755
Chimp hap2,chr21_hap2_hsa20,active,1.532,0.375
Chimp hap2,chr21_hap2_hsa20,active,1.688,0.375
Chimp hap2,chr21_hap2_hsa20,active,1.636,0.3755
Chimp hap2,chr21_hap2_hsa20,active,1.528,0.377
Chimp hap2,chr21_hap2_hsa20,active,1.74,0.374
Chimp hap2,chr21_hap2_hsa20,active,1.764,0.365
Chimp hap2,chr21_hap2_hsa20,active,1.632,0.3745
Chimp hap2,chr21_hap2_hsa20,active,1.608,0.375
Chimp hap2,chr21_hap2_hsa20,active,1.62,0.3825
Chimp hap2,chr21_hap2_hsa20,active,1.488,0.377
Chimp hap2,chr21_hap2_hsa20,active,1.568,0.375
Chimp hap2,chr21_hap2_hsa20,active,1.556,0.382
Chimp hap2,chr21_hap2_hsa20,active,1.768,0.3755
Chimp hap2,chr21_hap2_hsa20,active,1.572,0.378
Chimp hap2,chr21_hap2_hsa20,active,1.616,0.3745
Chimp hap2,chr21_hap2_hsa20,active,1.648,0.384
Chimp hap2,chr21_hap2_hsa20,active,1.748,0.3735
Chimp hap2,chr21_hap2_hsa20,active,1.768,0.3705
Chimp hap2,chr21_hap2_hsa20,active,1.716,0.3735
Chimp hap2,chr21_hap2_hsa20,active,1.744,0.374
Chimp hap2,chr21_hap2_hsa20,active,1.864,0.368
Chimp hap2,chr21_hap2_hsa20,active,1.792,0.3645
Chimp hap2,chr21_hap2_hsa20,active,1.848,0.37
Chimp hap2,chr21_hap2_hsa20,active,1.712,0.3725
Chimp hap2,chr21_hap2_hsa20,active,1.824,0.369
Chimp hap2,chr21_hap2_hsa20,active,1.828,0.369
Chimp hap2,chr21_hap2_hsa20,active,1.832,0.3755
Chimp hap2,chr21_hap2_hsa20,active,1.752,0.3705
Chimp hap2,chr21_hap2_hsa20,active,1.472,0.375
Chimp hap2,chr21_hap2_hsa20,active,1.54,0.375
Chimp hap2,chr21_hap2_hsa20,active,1.52,0.3795
Chimp hap2,chr21_hap2_hsa20,active,1.492,0.3755
Chimp hap2,chr21_hap2_hsa20,active,1.536,0.373
Chimp hap2,chr21_hap2_hsa20,active,1.48,0.3745
Chimp hap2,chr21_hap2_hsa20,active,1.496,0.3765
Chimp hap2,chr21_hap2_hsa20,active,1.548,0.377
Chimp hap2,chr21_hap2_hsa20,active,1.52,0.382
Chimp hap2,chr21_hap2_hsa20,active,1.552,0.378
Chimp hap2,chr21_hap2_hsa20,active,1.5,0.377
Chimp hap2,chr21_hap2_hsa20,active,1.568,0.3755
Chimp hap2,chr21_hap2_hsa20,active,1.552,0.3795
Chimp hap2,chr21_hap2_hsa20,active,1.596,0.378
Chimp hap2,chr21_hap2_hsa20,active,1.548,0.3755
Chimp hap2,chr21_hap2_hsa20,active,1.488,0.3785
Chimp hap2,chr21_hap2_hsa20,active,1.576,0.3745
Chimp hap2,chr21_hap2_hsa20,active,1.672,0.3775
Chimp hap2,chr21_hap2_hsa20,active,1.612,0.381
Chimp hap2,chr21_hap2_hsa20,active,1.768,0.368
Chimp hap2,chr21_hap2_hsa20,active,1.712,0.375
Chimp hap2,chr21_hap2_hsa20,active,1.584,0.377
Chimp hap2,chr21_hap2_hsa20,active,1.58,0.374
Chimp hap2,chr21_hap2_hsa20,active,1.696,0.376
Chimp hap2,chr21_hap2_hsa20,active,1.728,0.3775
Chimp hap2,chr21_hap2_hsa20,active,1.724,0.369
Chimp hap2,chr21_hap2_hsa20,active,1.64,0.3765
Chimp hap2,chr21_hap2_hsa20,active,1.524,0.378
Chimp hap2,chr21_hap2_hsa20,active,1.528,0.3775
Chimp hap2,chr21_hap2_hsa20,active,1.616,0.3755
Chimp hap2,chr21_hap2_hsa20,active,1.54,0.3765
Chimp hap2,chr21_hap2_hsa20,active,1.44,0.3795
Chimp hap2,chr21_hap2_hsa20,active,1.576,0.377
Chimp hap2,chr21_hap2_hsa20,active,1.396,0.376
Chimp hap2,chr21_hap2_hsa20,active,1.46,0.379
Chimp hap2,chr21_hap2_hsa20,active,1.552,0.374
Chimp hap2,chr21_hap2_hsa20,active,1.508,0.3755
Chimp hap2,chr21_hap2_hsa20,active,1.544,0.3765
Chimp hap2,chr21_hap2_hsa20,active,1.56,0.376
Chimp hap2,chr21_hap2_hsa20,active,1.612,0.3745
Chimp hap2,chr21_hap2_hsa20,active,1.664,0.3765
Chimp hap2,chr21_hap2_hsa20,active,1.8,0.367
Chimp hap2,chr21_hap2_hsa20,active,1.784,0.3665
Chimp hap2,chr21_hap2_hsa20,active,1.812,0.3765
Chimp hap2,chr21_hap2_hsa20,active,1.768,0.3725
Chimp hap2,chr21_hap2_hsa20,active,1.792,0.371
Chimp hap2,chr21_hap2_hsa20,active,1.756,0.372
Chimp hap2,chr21_hap2_hsa20,active,1.864,0.37
Chimp hap2,chr21_hap2_hsa20,active,1.784,0.37
Chimp hap2,chr21_hap2_hsa20,active,1.688,0.3695
Chimp hap2,chr21_hap2_hsa20,active,1.796,0.3695
Chimp hap2,chr21_hap2_hsa20,active,1.748,0.366
Chimp hap2,chr21_hap2_hsa20,active,1.78,0.372
Chimp hap2,chr21_hap2_hsa20,active,1.676,0.365
Chimp hap2,chr21_hap2_hsa20,active,1.776,0.3675
Chimp hap2,chr21_hap2_hsa20,active,1.788,0.37
Chimp hap2,chr21_hap2_hsa20,active,1.816,0.375
Chimp hap2,chr21_hap2_hsa20,active,1.784,0.3645
Chimp hap2,chr21_hap2_hsa20,active,1.776,0.369
Chimp hap2,chr21_hap2_hsa20,active,1.812,0.3685
Chimp hap2,chr21_hap2_hsa20,active,1.788,0.368
Chimp hap2,chr21_hap2_hsa20,active,1.792,0.373
Chimp hap2,chr21_hap2_hsa20,active,1.692,0.3675
Chimp hap2,chr21_hap2_hsa20,active,1.756,0.37
Chimp hap2,chr21_hap2_hsa20,active,1.832,0.366
Chimp hap2,chr21_hap2_hsa20,active,1.74,0.368
Chimp hap2,chr21_hap2_hsa20,active,1.856,0.3675
Chimp hap2,chr21_hap2_hsa20,active,1.772,0.3755
Chimp hap2,chr21_hap2_hsa20,active,1.772,0.381
Chimp hap2,chr21_hap2_hsa20,active,1.892,0.3735
Chimp hap2,chr21_hap2_hsa20,active,1.876,0.3685
Chimp hap2,chr21_hap2_hsa20,active,1.784,0.371
Chimp hap2,chr21_hap2_hsa20,active,1.752,0.364
Chimp hap2,chr21_hap2_hsa20,active,1.844,0.3715
Chimp hap2,chr21_hap2_hsa20,active,1.804,0.373
Chimp hap2,chr21_hap2_hsa20,active,1.716,0.3765
Chimp hap2,chr21_hap2_hsa20,active,1.708,0.3855
Chimp hap2,chr21_hap2_hsa20,active,1.68,0.383
Chimp hap2,chr21_hap2_hsa20,active,1.484,0.383
Chimp hap2,chr21_hap2_hsa20,active,1.732,0.38
Chimp hap2,chr21_hap2_hsa20,active,1.608,0.381
Chimp hap2,chr21_hap2_hsa20,active,1.684,0.3815
Chimp hap2,chr21_hap2_hsa20,active,1.428,0.383
Chimp hap2,chr21_hap2_hsa20,active,1.532,0.3805
Chimp hap2,chr21_hap2_hsa20,active,1.584,0.38
Chimp hap2,chr21_hap2_hsa20,active,1.604,0.383
Chimp hap2,chr21_hap2_hsa20,active,1.652,0.3835
Chimp hap2,chr21_hap2_hsa20,active,1.436,0.386
Chimp hap2,chr21_hap2_hsa20,active,1.644,0.38
Chimp hap2,chr21_hap2_hsa20,active,1.624,0.3795
Chimp hap2,chr21_hap2_hsa20,active,1.64,0.3855
Chimp hap2,chr21_hap2_hsa20,active,1.672,0.378
Chimp hap2,chr21_hap2_hsa20,active,1.672,0.382
Chimp hap2,chr21_hap2_hsa20,active,1.672,0.38
Chimp hap2,chr21_hap2_hsa20,active,1.684,0.389
Chimp hap2,chr21_hap2_hsa20,active,1.68,0.382
Chimp hap2,chr21_hap2_hsa20,active,1.648,0.3815
Chimp hap2,chr21_hap2_hsa20,active,1.704,0.378
Chimp hap2,chr21_hap2_hsa20,active,1.684,0.383
Chimp hap2,chr21_hap2_hsa20,active,1.648,0.3795
Chimp hap2,chr21_hap2_hsa20,active,1.776,0.3725
Chimp hap2,chr21_hap2_hsa20,active,1.816,0.376
Chimp hap2,chr21_hap2_hsa20,active,1.988,0.384
Chimp hap2,chr21_hap2_hsa20,active,1.832,0.3755
Chimp hap2,chr2_hap2_hsa3,inactive,2.012,0.356
Chimp hap2,chr2_hap2_hsa3,inactive,2.0,0.3585
Chimp hap2,chr2_hap2_hsa3,inactive,2.004,0.3555
Chimp hap2,chr2_hap2_hsa3,inactive,1.996,0.3445
Chimp hap2,chr2_hap2_hsa3,inactive,1.996,0.3605
Chimp hap2,chr2_hap2_hsa3,inactive,1.956,0.3625
Chimp hap2,chr2_hap2_hsa3,inactive,1.992,0.3625
Chimp hap2,chr2_hap2_hsa3,inactive,2.052,0.3665
Chimp hap2,chr2_hap2_hsa3,inactive,1.972,0.342
Chimp hap2,chr2_hap2_hsa3,inactive,1.936,0.348
Chimp hap2,chr2_hap2_hsa3,inactive,1.936,0.3485
Chimp hap2,chr2_hap2_hsa3,inactive,1.94,0.344
Chimp hap2,chr2_hap2_hsa3,inactive,2.02,0.3535
Chimp hap2,chr2_hap2_hsa3,inactive,1.976,0.3505
Chimp hap2,chr2_hap2_hsa3,inactive,1.996,0.345
Chimp hap2,chr2_hap2_hsa3,inactive,2.076,0.3495
Chimp hap2,chr2_hap2_hsa3,inactive,2.004,0.3595
Chimp hap2,chr2_hap2_hsa3,inactive,1.964,0.3465
Chimp hap2,chr2_hap2_hsa3,inactive,1.976,0.3395
Chimp hap2,chr2_hap2_hsa3,inactive,2.216,0.364
Chimp hap2,chr2_hap2_hsa3,inactive,2.428,0.393
Chimp hap2,chr2_hap2_hsa3,inactive,2.412,0.3855
Chimp hap2,chr2_hap2_hsa3,inactive,2.472,0.467
Chimp hap2,chr2_hap2_hsa3,inactive,2.06,0.351
Chimp hap2,chr2_hap2_hsa3,inactive,1.984,0.348
Chimp hap2,chr2_hap2_hsa3,inactive,1.984,0.3485
Chimp hap2,chr2_hap2_hsa3,inactive,2.028,0.356
Chimp hap2,chr2_hap2_hsa3,inactive,1.936,0.3535
Chimp hap2,chr2_hap2_hsa3,inactive,1.876,0.3645
Chimp hap2,chr2_hap2_hsa3,inactive,2.02,0.353
Chimp hap2,chr2_hap2_hsa3,inactive,2.076,0.35
Chimp hap2,chr2_hap2_hsa3,inactive,2.012,0.3505
Chimp hap2,chr2_hap2_hsa3,inactive,2.128,0.355
Chimp hap2,chr2_hap2_hsa3,inactive,1.996,0.3485
Chimp hap2,chr2_hap2_hsa3,inactive,1.98,0.3545
Chimp hap2,chr2_hap2_hsa3,inactive,1.98,0.35
Chimp hap2,chr2_hap2_hsa3,inactive,1.988,0.3545
Chimp hap2,chr2_hap2_hsa3,inactive,2.024,0.359
Chimp hap2,chr2_hap2_hsa3,inactive,2.028,0.3475
Chimp hap2,chr2_hap2_hsa3,inactive,1.828,0.354
Chimp hap2,chr2_hap2_hsa3,inactive,2.024,0.3435
Chimp hap2,chr2_hap2_hsa3,inactive,2.0,0.3595
Chimp hap2,chr2_hap2_hsa3,inactive,2.076,0.357
Chimp hap2,chr2_hap2_hsa3,inactive,2.464,0.4715
Chimp hap2,chr2_hap2_hsa3,inactive,2.424,0.387
Chimp hap2,chr2_hap2_hsa3,inactive,2.388,0.391
Chimp hap2,chr2_hap2_hsa3,inactive,2.456,0.331
Chimp hap2,chr2_hap2_hsa3,inactive,2.028,0.3435
Chimp hap2,chr2_hap2_hsa3,inactive,2.036,0.358
Chimp hap2,chr2_hap2_hsa3,inactive,2.0,0.3415
Chimp hap2,chr2_hap2_hsa3,inactive,2.016,0.3505
Chimp hap2,chr2_hap2_hsa3,inactive,2.012,0.3545
Chimp hap2,chr2_hap2_hsa3,inactive,1.964,0.3485
Chimp hap2,chr2_hap2_hsa3,inactive,2.012,0.353
Chimp hap2,chr2_hap2_hsa3,inactive,2.04,0.3525
Chimp hap2,chr2_hap2_hsa3,inactive,2.024,0.356
Chimp hap2,chr2_hap2_hsa3,inactive,2.092,0.3475
Chimp hap2,chr2_hap2_hsa3,inactive,2.112,0.358
Chimp hap2,chr2_hap2_hsa3,inactive,1.992,0.357
Chimp hap2,chr2_hap2_hsa3,inactive,2.024,0.3575
Chimp hap2,chr2_hap2_hsa3,inactive,2.076,0.353
Chimp hap2,chr2_hap2_hsa3,inactive,2.036,0.3495
Chimp hap2,chr2_hap2_hsa3,inactive,2.42,0.387
Chimp hap2,chr2_hap2_hsa3,inactive,2.064,0.3535
Chimp hap2,chr2_hap2_hsa3,inactive,2.012,0.353
Chimp hap2,chr2_hap2_hsa3,inactive,1.908,0.3455
Chimp hap2,chr2_hap2_hsa3,inactive,2.1,0.3535
Chimp hap2,chr2_hap2_hsa3,inactive,2.064,0.354
Chimp hap2,chr2_hap2_hsa3,inactive,1.944,0.34
Chimp hap2,chr2_hap2_hsa3,inactive,1.984,0.348
Chimp hap2,chr2_hap2_hsa3,inactive,2.028,0.348
Chimp hap2,chr2_hap2_hsa3,inactive,2.004,0.354
Chimp hap2,chr2_hap2_hsa3,inactive,2.084,0.3595
Chimp hap2,chr2_hap2_hsa3,inactive,1.964,0.361
Chimp hap2,chr2_hap2_hsa3,inactive,1.98,0.3505
Chimp hap2,chr2_hap2_hsa3,inactive,1.988,0.353
Chimp hap2,chr2_hap2_hsa3,inactive,1.972,0.348
Chimp hap2,chr2_hap2_hsa3,inactive,1.932,0.3555
Chimp hap2,chr2_hap2_hsa3,inactive,2.092,0.3595
Chimp hap2,chr2_hap2_hsa3,inactive,1.964,0.3565
Chimp hap2,chr2_hap2_hsa3,inactive,2.088,0.348
Chimp hap2,chr2_hap2_hsa3,inactive,2.0,0.3435
Chimp hap2,chr2_hap2_hsa3,inactive,2.068,0.3525
Chimp hap2,chr2_hap2_hsa3,inactive,2.004,0.352
Chimp hap2,chr2_hap2_hsa3,inactive,2.052,0.3445
Chimp hap2,chr2_hap2_hsa3,inactive,2.052,0.3455
Chimp hap2,chr2_hap2_hsa3,inactive,1.82,0.352
Chimp hap2,chr2_hap2_hsa3,inactive,2.02,0.3615
Chimp hap2,chr2_hap2_hsa3,inactive,2.028,0.35
Chimp hap2,chr2_hap2_hsa3,inactive,2.016,0.3475
Chimp hap2,chr2_hap2_hsa3,inactive,2.104,0.3495
Chimp hap2,chr2_hap2_hsa3,inactive,2.024,0.349
Chimp hap2,chr2_hap2_hsa3,inactive,2.076,0.356
Chimp hap2,chr2_hap2_hsa3,inactive,1.972,0.356
Chimp hap2,chr2_hap2_hsa3,inactive,2.196,0.3855
Chimp hap2,chr2_hap2_hsa3,inactive,1.972,0.3545
Chimp hap2,chr2_hap2_hsa3,inactive,2.092,0.3535
Chimp hap2,chr2_hap2_hsa3,inactive,2.088,0.352
Chimp hap2,chr2_hap2_hsa3,inactive,2.028,0.3375
Chimp hap2,chr2_hap2_hsa3,inactive,2.056,0.3625
Chimp hap2,chr2_hap2_hsa3,inactive,1.992,0.357
Chimp hap2,chr2_hap2_hsa3,inactive,2.336,0.372
Chimp hap2,chr2_hap2_hsa3,inactive,2.392,0.3745
Chimp hap2,chr2_hap2_hsa3,inactive,1.884,0.361
Chimp hap2,chr2_hap2_hsa3,inactive,2.044,0.3545
Chimp hap2,chr2_hap2_hsa3,inactive,2.024,0.3605
Chimp hap2,chr2_hap2_hsa3,inactive,2.024,0.3525
Chimp hap2,chr2_hap2_hsa3,inactive,2.04,0.3545
Chimp hap2,chr2_hap2_hsa3,inactive,2.108,0.349
Chimp hap2,chr2_hap2_hsa3,inactive,1.948,0.351
Chimp hap2,chr2_hap2_hsa3,inactive,1.996,0.3475
Chimp hap2,chr2_hap2_hsa3,inactive,2.04,0.352
Chimp hap2,chr2_hap2_hsa3,inactive,1.964,0.3585
Chimp hap2,chr2_hap2_hsa3,inactive,2.076,0.352
Chimp hap2,chr2_hap2_hsa3,inactive,2.052,0.3455
Chimp hap2,chr2_hap2_hsa3,inactive,1.984,0.354
Chimp hap2,chr2_hap2_hsa3,inactive,2.068,0.359
Chimp hap2,chr2_hap2_hsa3,inactive,2.02,0.3515
Chimp hap2,chr2_hap2_hsa3,inactive,1.972,0.354
Chimp hap2,chr2_hap2_hsa3,inactive,2.064,0.357
Chimp hap2,chr2_hap2_hsa3,inactive,2.028,0.3485
Chimp hap2,chr2_hap2_hsa3,inactive,2.028,0.3465
Chimp hap2,chr2_hap2_hsa3,inactive,2.056,0.351
Chimp hap2,chr2_hap2_hsa3,inactive,1.98,0.3445
Chimp hap2,chr2_hap2_hsa3,inactive,1.984,0.354
Chimp hap2,chr2_hap2_hsa3,inactive,2.068,0.3465
Chimp hap2,chr2_hap2_hsa3,inactive,2.012,0.358
Chimp hap2,chr2_hap2_hsa3,inactive,2.016,0.3585
Chimp hap2,chr2_hap2_hsa3,inactive,1.996,0.361
Chimp hap2,chr2_hap2_hsa3,inactive,2.036,0.348
Chimp hap2,chr2_hap2_hsa3,inactive,1.992,0.3455
Chimp hap2,chr2_hap2_hsa3,inactive,1.976,0.353
Chimp hap2,chr2_hap2_hsa3,inactive,2.012,0.3465
Chimp hap2,chr2_hap2_hsa3,inactive,1.968,0.3465
Chimp hap2,chr2_hap2_hsa3,inactive,1.956,0.354
Chimp hap2,chr2_hap2_hsa3,inactive,2.052,0.3565
Chimp hap2,chr2_hap2_hsa3,inactive,1.996,0.352
Chimp hap2,chr2_hap2_hsa3,inactive,2.076,0.34
Chimp hap2,chr2_hap2_hsa3,inactive,2.084,0.3445
Chimp hap2,chr2_hap2_hsa3,inactive,2.04,0.344
Chimp hap2,chr2_hap2_hsa3,inactive,1.936,0.3455
Chimp hap2,chr2_hap2_hsa3,inactive,2.036,0.349
Chimp hap2,chr2_hap2_hsa3,inactive,2.02,0.349
Chimp hap2,chr2_hap2_hsa3,inactive,2.024,0.355
Chimp hap2,chr2_hap2_hsa3,inactive,2.108,0.3625
Chimp hap2,chr2_hap2_hsa3,inactive,2.4,0.3805
Chimp hap2,chr2_hap2_hsa3,inactive,2.032,0.3595
Chimp hap2,chr2_hap2_hsa3,inactive,2.016,0.3635
Chimp hap2,chr2_hap2_hsa3,inactive,2.096,0.3505
Chimp hap2,chr2_hap2_hsa3,inactive,2.024,0.3535
Chimp hap2,chr2_hap2_hsa3,inactive,2.04,0.3495
Chimp hap2,chr2_hap2_hsa3,inactive,2.04,0.3525
Chimp hap2,chr2_hap2_hsa3,inactive,1.98,0.3495
Chimp hap2,chr2_hap2_hsa3,inactive,2.04,0.3485
Chimp hap2,chr2_hap2_hsa3,inactive,2.056,0.354
Chimp hap2,chr2_hap2_hsa3,inactive,1.972,0.355
Chimp hap2,chr2_hap2_hsa3,inactive,2.024,0.345
Chimp hap2,chr2_hap2_hsa3,inactive,1.988,0.367
Chimp hap2,chr2_hap2_hsa3,inactive,2.028,0.3625
Chimp hap2,chr2_hap2_hsa3,inactive,2.016,0.3555
Chimp hap2,chr2_hap2_hsa3,inactive,2.012,0.3535
Chimp hap2,chr2_hap2_hsa3,inactive,2.004,0.35
Chimp hap2,chr2_hap2_hsa3,inactive,2.036,0.341
Chimp hap2,chr2_hap2_hsa3,inactive,2.068,0.3525
Chimp hap2,chr2_hap2_hsa3,inactive,1.964,0.35
Chimp hap2,chr2_hap2_hsa3,inactive,2.032,0.3595
Chimp hap2,chr2_hap2_hsa3,inactive,1.952,0.353
Chimp hap2,chr2_hap2_hsa3,inactive,2.336,0.366
Chimp hap2,chr2_hap2_hsa3,inactive,2.068,0.3525
Chimp hap2,chr2_hap2_hsa3,inactive,2.032,0.351
Chimp hap2,chr2_hap2_hsa3,inactive,2.04,0.3555
Chimp hap2,chr2_hap2_hsa3,inactive,1.968,0.354
Chimp hap2,chr2_hap2_hsa3,inactive,2.04,0.352
Chimp hap2,chr2_hap2_hsa3,inactive,2.016,0.3625
Chimp hap2,chr2_hap2_hsa3,inactive,2.024,0.358
Chimp hap2,chr2_hap2_hsa3,inactive,2.056,0.3555
Chimp hap2,chr2_hap2_hsa3,inactive,1.964,0.35
Chimp hap2,chr2_hap2_hsa3,inactive,2.424,0.3885
Chimp hap2,chr2_hap2_hsa3,inactive,2.068,0.3475
Chimp hap2,chr2_hap2_hsa3,inactive,2.06,0.3635
Chimp hap2,chr2_hap2_hsa3,inactive,1.86,0.3495
Chimp hap2,chr2_hap2_hsa3,inactive,2.048,0.3555
Chimp hap2,chr2_hap2_hsa3,inactive,2.028,0.351
Chimp hap2,chr2_hap2_hsa3,inactive,1.956,0.3605
Chimp hap2,chr2_hap2_hsa3,inactive,2.012,0.3465
Chimp hap2,chr2_hap2_hsa3,inactive,2.028,0.36
Chimp hap2,chr2_hap2_hsa3,inactive,1.964,0.345
Chimp hap2,chr2_hap2_hsa3,inactive,2.008,0.357
Chimp hap2,chr2_hap2_hsa3,inactive,2.004,0.351
Chimp hap2,chr2_hap2_hsa3,inactive,2.0,0.362
Chimp hap2,chr2_hap2_hsa3,inactive,1.96,0.3555
Chimp hap2,chr2_hap2_hsa3,inactive,2.02,0.3515
Chimp hap2,chr2_hap2_hsa3,inactive,2.044,0.362
Chimp hap2,chr2_hap2_hsa3,inactive,1.984,0.3505
Chimp hap2,chr2_hap2_hsa3,inactive,2.0,0.3535
Chimp hap2,chr2_hap2_hsa3,inactive,2.02,0.355
Chimp hap2,chr2_hap2_hsa3,inactive,2.496,0.4425
Chimp hap2,chr2_hap2_hsa3,inactive,2.288,0.3695
Chimp hap2,chr2_hap2_hsa3,inactive,2.0,0.35
Chimp hap2,chr2_hap2_hsa3,inactive,2.112,0.351
Chimp hap2,chr2_hap2_hsa3,inactive,1.996,0.37
Chimp hap2,chr2_hap2_hsa3,inactive,2.0,0.3565
Chimp hap2,chr2_hap2_hsa3,inactive,1.952,0.359
Chimp hap2,chr2_hap2_hsa3,inactive,2.004,0.3525
Chimp hap2,chr2_hap2_hsa3,inactive,2.0,0.3575
Chimp hap2,chr2_hap2_hsa3,inactive,1.896,0.365
Chimp hap2,chr2_hap2_hsa3,inactive,2.052,0.3555
Chimp hap2,chr2_hap2_hsa3,inactive,2.02,0.3525
Chimp hap2,chr2_hap2_hsa3,inactive,1.852,0.358
Chimp hap2,chr2_hap2_hsa3,inactive,1.972,0.353
Chimp hap2,chr2_hap2_hsa3,inactive,1.944,0.3625
Chimp hap2,chr2_hap2_hsa3,inactive,1.96,0.359
Chimp hap2,chr2_hap2_hsa3,inactive,1.948,0.352
Chimp hap2,chr2_hap2_hsa3,inactive,1.928,0.351
Chimp hap2,chr2_hap2_hsa3,inactive,1.96,0.3575
Chimp hap2,chr2_hap2_hsa3,inactive,1.928,0.3535
Chimp hap2,chr2_hap2_hsa3,inactive,1.964,0.3475
Chimp hap2,chr2_hap2_hsa3,inactive,1.972,0.353
Chimp hap2,chr2_hap2_hsa3,inactive,1.92,0.348
Chimp hap2,chr2_hap2_hsa3,inactive,1.876,0.3475
Chimp hap2,chr2_hap2_hsa3,inactive,2.016,0.3455
Chimp hap2,chr2_hap2_hsa3,inactive,1.772,0.3505
Chimp hap2,chr2_hap2_hsa3,inactive,1.892,0.347
Chimp hap2,chr2_hap2_hsa3,active,1.936,0.367
Chimp hap2,chr2_hap2_hsa3,active,1.992,0.3835
Chimp hap2,chr2_hap2_hsa3,active,1.98,0.382
Chimp hap2,chr2_hap2_hsa3,active,1.952,0.375
Chimp hap2,chr2_hap2_hsa3,active,1.992,0.374
Chimp hap2,chr2_hap2_hsa3,active,1.912,0.381
Chimp hap2,chr2_hap2_hsa3,active,1.964,0.388
Chimp hap2,chr2_hap2_hsa3,active,1.688,0.3805
Chimp hap2,chr2_hap2_hsa3,active,1.94,0.381
Chimp hap2,chr2_hap2_hsa3,active,1.932,0.3875
Chimp hap2,chr2_hap2_hsa3,active,2.032,0.3835
Chimp hap2,chr2_hap2_hsa3,active,1.924,0.3875
Chimp hap2,chr2_hap2_hsa3,active,1.936,0.3855
Chimp hap2,chr2_hap2_hsa3,active,1.98,0.38
Chimp hap2,chr2_hap2_hsa3,active,1.848,0.378
Chimp hap2,chr2_hap2_hsa3,active,1.824,0.3825
Chimp hap2,chr2_hap2_hsa3,active,1.924,0.384
Chimp hap2,chr2_hap2_hsa3,active,1.828,0.395
Chimp hap2,chr2_hap2_hsa3,active,1.86,0.3905
Chimp hap2,chr2_hap2_hsa3,active,1.7,0.373
Chimp hap2,chr2_hap2_hsa3,active,1.572,0.371
Chimp hap2,chr2_hap2_hsa3,active,1.632,0.3675
Chimp hap2,chr2_hap2_hsa3,active,1.668,0.3745
Chimp hap2,chr2_hap2_hsa3,active,1.616,0.369
Chimp hap2,chr2_hap2_hsa3,active,1.62,0.3705
Chimp hap2,chr2_hap2_hsa3,active,1.68,0.377
Chimp hap2,chr2_hap2_hsa3,active,1.576,0.366
Chimp hap2,chr2_hap2_hsa3,active,1.588,0.3725
Chimp hap2,chr2_hap2_hsa3,active,1.576,0.365
Chimp hap2,chr2_hap2_hsa3,active,1.612,0.3675
Chimp hap2,chr2_hap2_hsa3,active,1.544,0.367
Chimp hap2,chr2_hap2_hsa3,active,1.648,0.37
Chimp hap2,chr2_hap2_hsa3,active,1.752,0.37
Chimp hap2,chr2_hap2_hsa3,active,1.528,0.3665
Chimp hap2,chr2_hap2_hsa3,active,1.532,0.366
Chimp hap2,chr2_hap2_hsa3,active,1.548,0.3695
Chimp hap2,chr2_hap2_hsa3,active,1.616,0.372
Chimp hap2,chr2_hap2_hsa3,active,1.568,0.3665
Chimp hap2,chr2_hap2_hsa3,active,1.564,0.37
Chimp hap2,chr2_hap2_hsa3,active,1.628,0.365
Chimp hap2,chr2_hap2_hsa3,active,1.656,0.3725
Chimp hap2,chr2_hap2_hsa3,active,1.512,0.3665
Chimp hap2,chr2_hap2_hsa3,active,1.544,0.3655
Chimp hap2,chr2_hap2_hsa3,active,1.668,0.372
Chimp hap2,chr2_hap2_hsa3,active,1.604,0.369
Chimp hap2,chr2_hap2_hsa3,active,1.592,0.368
Chimp hap2,chr2_hap2_hsa3,active,1.604,0.371
Chimp hap2,chr2_hap2_hsa3,active,1.66,0.373
Chimp hap2,chr2_hap2_hsa3,active,1.568,0.3655
Chimp hap2,chr2_hap2_hsa3,active,1.652,0.368
Chimp hap2,chr2_hap2_hsa3,active,1.672,0.368
Chimp hap2,chr2_hap2_hsa3,active,1.552,0.3715
Chimp hap2,chr2_hap2_hsa3,active,1.584,0.363
Chimp hap2,chr2_hap2_hsa3,active,1.62,0.374
Chimp hap2,chr2_hap2_hsa3,active,1.644,0.3745
Chimp hap2,chr2_hap2_hsa3,active,1.596,0.369
Chimp hap2,chr2_hap2_hsa3,active,1.608,0.3675
Chimp hap2,chr2_hap2_hsa3,active,1.64,0.3635
Chimp hap2,chr2_hap2_hsa3,active,1.532,0.3715
Chimp hap2,chr2_hap2_hsa3,active,1.568,0.3665
Chimp hap2,chr2_hap2_hsa3,active,1.628,0.373
Chimp hap2,chr2_hap2_hsa3,active,1.568,0.366
Chimp hap2,chr2_hap2_hsa3,active,1.616,0.3705
Chimp hap2,chr2_hap2_hsa3,active,1.552,0.3715
Chimp hap2,chr2_hap2_hsa3,active,1.588,0.367
Chimp hap2,chr2_hap2_hsa3,active,1.42,0.371
Chimp hap2,chr2_hap2_hsa3,active,1.584,0.365
Chimp hap2,chr2_hap2_hsa3,active,1.604,0.367
Chimp hap2,chr2_hap2_hsa3,active,1.628,0.369
Chimp hap2,chr2_hap2_hsa3,active,1.532,0.369
Chimp hap2,chr2_hap2_hsa3,active,1.576,0.366
Chimp hap2,chr2_hap2_hsa3,active,1.52,0.3655
Chimp hap2,chr2_hap2_hsa3,active,1.572,0.37
Chimp hap2,chr2_hap2_hsa3,active,1.64,0.3665
Chimp hap2,chr2_hap2_hsa3,active,1.616,0.3685
Chimp hap2,chr2_hap2_hsa3,active,1.548,0.3645
Chimp hap2,chr2_hap2_hsa3,active,1.608,0.3655
Chimp hap2,chr2_hap2_hsa3,active,1.592,0.3655
Chimp hap2,chr2_hap2_hsa3,active,1.54,0.3705
Chimp hap2,chr2_hap2_hsa3,active,1.652,0.3725
Chimp hap2,chr2_hap2_hsa3,active,1.6,0.37
Chimp hap2,chr2_hap2_hsa3,active,1.708,0.3725
Chimp hap2,chr2_hap2_hsa3,active,1.624,0.3725
Chimp hap2,chr2_hap2_hsa3,active,1.648,0.3685
Chimp hap2,chr2_hap2_hsa3,active,1.708,0.3725
Chimp hap2,chr2_hap2_hsa3,active,1.616,0.374
Chimp hap2,chr2_hap2_hsa3,active,1.612,0.374
Chimp hap2,chr2_hap2_hsa3,active,1.604,0.3745
Chimp hap2,chr2_hap2_hsa3,active,1.584,0.373
Chimp hap2,chr2_hap2_hsa3,active,1.664,0.3685
Chimp hap2,chr2_hap2_hsa3,active,1.54,0.3715
Chimp hap2,chr2_hap2_hsa3,active,1.488,0.367
Chimp hap2,chr2_hap2_hsa3,active,1.684,0.375
Chimp hap2,chr2_hap2_hsa3,active,1.576,0.371
Chimp hap2,chr2_hap2_hsa3,active,1.612,0.3715
Chimp hap2,chr2_hap2_hsa3,active,1.604,0.3725
Chimp hap2,chr2_hap2_hsa3,active,1.636,0.3705
Chimp hap2,chr2_hap2_hsa3,active,1.584,0.377
Chimp hap2,chr2_hap2_hsa3,active,1.564,0.3695
Chimp hap2,chr2_hap2_hsa3,active,1.632,0.3725
Chimp hap2,chr2_hap2_hsa3,active,1.616,0.3755
Chimp hap2,chr2_hap2_hsa3,active,1.568,0.376
Chimp hap2,chr2_hap2_hsa3,active,1.62,0.3745
Chimp hap2,chr2_hap2_hsa3,active,1.592,0.372
Chimp hap2,chr2_hap2_hsa3,active,1.616,0.3735
Chimp hap2,chr2_hap2_hsa3,active,1.544,0.3705
Chimp hap2,chr2_hap2_hsa3,active,1.652,0.3735
Chimp hap2,chr2_hap2_hsa3,active,1.588,0.373
Chimp hap2,chr2_hap2_hsa3,active,1.616,0.371
Chimp hap2,chr2_hap2_hsa3,active,1.552,0.372
Chimp hap2,chr2_hap2_hsa3,active,1.612,0.375
Chimp hap2,chr2_hap2_hsa3,active,1.632,0.3725
Chimp hap2,chr2_hap2_hsa3,active,1.576,0.3775
Chimp hap2,chr2_hap2_hsa3,active,1.552,0.368
Chimp hap2,chr2_hap2_hsa3,active,1.54,0.3715
Chimp hap2,chr2_hap2_hsa3,active,1.572,0.366
Chimp hap2,chr2_hap2_hsa3,active,1.64,0.368
Chimp hap2,chr2_hap2_hsa3,active,1.616,0.3715
Chimp hap2,chr2_hap2_hsa3,active,1.64,0.3695
Chimp hap2,chr2_hap2_hsa3,active,1.568,0.37
Chimp hap2,chr2_hap2_hsa3,active,1.572,0.3675
Chimp hap2,chr2_hap2_hsa3,active,1.548,0.37
Chimp hap2,chr2_hap2_hsa3,active,1.672,0.37
Chimp hap2,chr2_hap2_hsa3,active,1.504,0.3715
Chimp hap2,chr2_hap2_hsa3,active,1.516,0.364
Chimp hap2,chr2_hap2_hsa3,active,1.636,0.3765
Chimp hap2,chr2_hap2_hsa3,active,1.544,0.367
Chimp hap2,chr2_hap2_hsa3,active,1.564,0.367
Chimp hap2,chr2_hap2_hsa3,active,1.624,0.366
Chimp hap2,chr2_hap2_hsa3,active,1.62,0.374
Chimp hap2,chr2_hap2_hsa3,active,1.532,0.3695
Chimp hap2,chr2_hap2_hsa3,active,1.56,0.3645
Chimp hap2,chr2_hap2_hsa3,active,1.636,0.373
Chimp hap2,chr2_hap2_hsa3,active,1.492,0.3685
Chimp hap2,chr2_hap2_hsa3,active,1.676,0.3715
Chimp hap2,chr2_hap2_hsa3,active,1.552,0.3675
Chimp hap2,chr2_hap2_hsa3,active,1.536,0.3665
Chimp hap2,chr2_hap2_hsa3,active,1.648,0.3695
Chimp hap2,chr2_hap2_hsa3,active,1.46,0.3725
Chimp hap2,chr2_hap2_hsa3,active,1.652,0.37
Chimp hap2,chr2_hap2_hsa3,active,1.548,0.3695
Chimp hap2,chr2_hap2_hsa3,active,1.536,0.368
Chimp hap2,chr2_hap2_hsa3,active,1.636,0.364
Chimp hap2,chr2_hap2_hsa3,active,1.58,0.3735
Chimp hap2,chr2_hap2_hsa3,active,1.54,0.3675
Chimp hap2,chr2_hap2_hsa3,active,1.568,0.366
Chimp hap2,chr2_hap2_hsa3,active,1.644,0.3685
Chimp hap2,chr2_hap2_hsa3,active,1.588,0.3725
Chimp hap2,chr2_hap2_hsa3,active,1.62,0.368
Chimp hap2,chr2_hap2_hsa3,active,1.46,0.362
Chimp hap2,chr2_hap2_hsa3,active,1.52,0.37
Chimp hap2,chr2_hap2_hsa3,active,1.592,0.371
Chimp hap2,chr2_hap2_hsa3,active,1.62,0.366
Chimp hap2,chr2_hap2_hsa3,active,1.592,0.37
Chimp hap2,chr2_hap2_hsa3,active,1.528,0.368
Chimp hap2,chr2_hap2_hsa3,active,1.66,0.3695
Chimp hap2,chr2_hap2_hsa3,active,1.544,0.3715
Chimp hap2,chr2_hap2_hsa3,active,1.568,0.365
Chimp hap2,chr2_hap2_hsa3,active,1.544,0.364
Chimp hap2,chr2_hap2_hsa3,active,1.6,0.3705
Chimp hap2,chr2_hap2_hsa3,active,1.572,0.368
Chimp hap2,chr2_hap2_hsa3,active,1.608,0.3645
Chimp hap2,chr2_hap2_hsa3,active,1.592,0.371
Chimp hap2,chr2_hap2_hsa3,active,1.604,0.3715
Chimp hap2,chr2_hap2_hsa3,active,1.632,0.374
Chimp hap2,chr2_hap2_hsa3,active,1.58,0.3765
Chimp hap2,chr2_hap2_hsa3,active,1.624,0.375
Chimp hap2,chr2_hap2_hsa3,active,1.62,0.3715
Chimp hap2,chr2_hap2_hsa3,active,1.7,0.3725
Chimp hap2,chr2_hap2_hsa3,active,1.632,0.3695
Chimp hap2,chr2_hap2_hsa3,active,1.564,0.3725
Chimp hap2,chr2_hap2_hsa3,active,1.624,0.3725
Chimp hap2,chr2_hap2_hsa3,active,1.676,0.3725
Chimp hap2,chr2_hap2_hsa3,active,1.608,0.3725
Chimp hap2,chr2_hap2_hsa3,active,1.588,0.3735
Chimp hap2,chr2_hap2_hsa3,active,1.632,0.374
Chimp hap2,chr2_hap2_hsa3,active,1.616,0.371
Chimp hap2,chr2_hap2_hsa3,active,1.668,0.369
Chimp hap2,chr2_hap2_hsa3,active,1.632,0.372
Chimp hap2,chr2_hap2_hsa3,active,1.628,0.37
Chimp hap2,chr2_hap2_hsa3,active,1.608,0.375
Chimp hap2,chr2_hap2_hsa3,active,1.62,0.3725
Chimp hap2,chr2_hap2_hsa3,active,1.612,0.3705
Chimp hap2,chr2_hap2_hsa3,active,1.596,0.372
Chimp hap2,chr2_hap2_hsa3,active,1.612,0.3755
Chimp hap2,chr2_hap2_hsa3,active,1.664,0.373
Chimp hap2,chr2_hap2_hsa3,active,1.628,0.37
Chimp hap2,chr2_hap2_hsa3,active,1.56,0.3735
Chimp hap2,chr2_hap2_hsa3,active,1.676,0.369
Chimp hap2,chr2_hap2_hsa3,active,1.66,0.3745
Chimp hap2,chr2_hap2_hsa3,active,1.74,0.371
Chimp hap2,chr2_hap2_hsa3,active,1.656,0.37
Chimp hap2,chr2_hap2_hsa3,active,1.652,0.371
Chimp hap2,chr2_hap2_hsa3,active,1.612,0.3745
Chimp hap2,chr2_hap2_hsa3,active,1.668,0.3735
Chimp hap2,chr2_hap2_hsa3,active,1.644,0.371
Chimp hap2,chr2_hap2_hsa3,active,1.588,0.373
Chimp hap2,chr2_hap2_hsa3,active,1.72,0.3715
Chimp hap2,chr2_hap2_hsa3,active,1.664,0.366
Chimp hap2,chr2_hap2_hsa3,active,1.604,0.374
Chimp hap2,chr2_hap2_hsa3,active,1.632,0.372
Chimp hap2,chr2_hap2_hsa3,active,1.616,0.375
Chimp hap2,chr2_hap2_hsa3,active,1.568,0.3785
Chimp hap2,chr2_hap2_hsa3,active,1.648,0.376
Chimp hap2,chr2_hap2_hsa3,active,1.58,0.373
Chimp hap2,chr2_hap2_hsa3,active,1.628,0.3755
Chimp hap2,chr2_hap2_hsa3,active,1.668,0.3755
Chimp hap2,chr2_hap2_hsa3,active,1.62,0.373
Chimp hap2,chr2_hap2_hsa3,active,1.648,0.3755
Chimp hap2,chr2_hap2_hsa3,active,1.636,0.3755
Chimp hap2,chr2_hap2_hsa3,active,1.592,0.375
Chimp hap2,chr2_hap2_hsa3,active,1.472,0.3675
Chimp hap2,chr2_hap2_hsa3,active,1.552,0.363
Chimp hap2,chr2_hap2_hsa3,active,1.624,0.374
Chimp hap2,chr2_hap2_hsa3,active,1.592,0.3665
Chimp hap2,chr2_hap2_hsa3,active,1.544,0.363
Chimp hap2,chr2_hap2_hsa3,active,1.624,0.3715
Chimp hap2,chr2_hap2_hsa3,active,1.608,0.3715
Chimp hap2,chr2_hap2_hsa3,active,1.66,0.374
Chimp hap2,chr2_hap2_hsa3,active,1.596,0.3715
Chimp hap2,chr2_hap2_hsa3,active,1.556,0.376
Chimp hap2,chr2_hap2_hsa3,active,1.624,0.3735
Chimp hap2,chr2_hap2_hsa3,active,1.624,0.3735
Chimp hap2,chr2_hap2_hsa3,active,1.612,0.3715
Chimp hap2,chr2_hap2_hsa3,active,1.548,0.3715
Chimp hap2,chr2_hap2_hsa3,active,1.672,0.3745
Chimp hap2,chr2_hap2_hsa3,active,1.62,0.3685
Chimp hap2,chr2_hap2_hsa3,active,1.612,0.373
Chimp hap2,chr2_hap2_hsa3,active,1.628,0.3745
Chimp hap2,chr2_hap2_hsa3,active,1.636,0.372
Chimp hap2,chr2_hap2_hsa3,active,1.604,0.3715
Chimp hap2,chr2_hap2_hsa3,active,1.608,0.376
Chimp hap2,chr2_hap2_hsa3,active,1.556,0.373
Chimp hap2,chr2_hap2_hsa3,active,1.632,0.3705
Chimp hap2,chr2_hap2_hsa3,active,1.708,0.374
Chimp hap2,chr2_hap2_hsa3,active,1.624,0.3695
Chimp hap2,chr2_hap2_hsa3,active,1.608,0.371
Chimp hap2,chr2_hap2_hsa3,active,1.696,0.374
Chimp hap2,chr2_hap2_hsa3,active,1.524,0.374
Chimp hap2,chr2_hap2_hsa3,active,1.62,0.3705
Chimp hap2,chr2_hap2_hsa3,active,1.572,0.371
Chimp hap2,chr2_hap2_hsa3,active,1.66,0.375
Chimp hap2,chr2_hap2_hsa3,active,1.632,0.3705
Chimp hap2,chr2_hap2_hsa3,active,1.672,0.367
Chimp hap2,chr2_hap2_hsa3,active,1.628,0.372
Chimp hap2,chr2_hap2_hsa3,active,1.6,0.375
Chimp hap2,chr2_hap2_hsa3,active,1.628,0.3765
Chimp hap2,chr2_hap2_hsa3,active,1.54,0.375
Chimp hap2,chr2_hap2_hsa3,active,1.624,0.373
Chimp hap2,chr2_hap2_hsa3,active,1.592,0.38
Chimp hap2,chr2_hap2_hsa3,active,1.636,0.3745
Chimp hap2,chr2_hap2_hsa3,active,1.624,0.3755
Chimp hap2,chr2_hap2_hsa3,active,1.64,0.3735
Chimp hap2,chr2_hap2_hsa3,active,1.624,0.374
Chimp hap2,chr2_hap2_hsa3,active,1.564,0.376
Chimp hap2,chr2_hap2_hsa3,active,1.664,0.374
Chimp hap2,chr2_hap2_hsa3,active,1.588,0.375
Chimp hap2,chr2_hap2_hsa3,active,1.576,0.3735
Chimp hap2,chr2_hap2_hsa3,active,1.592,0.3725
Chimp hap2,chr2_hap2_hsa3,active,1.584,0.3755
Chimp hap2,chr2_hap2_hsa3,active,1.588,0.376
Chimp hap2,chr2_hap2_hsa3,active,1.612,0.372
Chimp hap2,chr2_hap2_hsa3,active,1.572,0.376
Chimp hap2,chr2_hap2_hsa3,active,1.592,0.3735
Chimp hap2,chr2_hap2_hsa3,active,1.572,0.3735
Chimp hap2,chr2_hap2_hsa3,active,1.632,0.3745
Chimp hap2,chr2_hap2_hsa3,active,1.624,0.3775
Chimp hap2,chr2_hap2_hsa3,active,1.636,0.373
Chimp hap2,chr2_hap2_hsa3,active,1.576,0.379
Chimp hap2,chr2_hap2_hsa3,active,1.648,0.3745
Chimp hap2,chr2_hap2_hsa3,active,1.588,0.373
Chimp hap2,chr2_hap2_hsa3,active,1.62,0.3765
Chimp hap2,chr2_hap2_hsa3,active,1.644,0.374
Chimp hap2,chr2_hap2_hsa3,active,1.576,0.375
Chimp hap2,chr2_hap2_hsa3,active,1.644,0.372
Chimp hap2,chr2_hap2_hsa3,active,1.564,0.376
Chimp hap2,chr2_hap2_hsa3,active,1.648,0.376
Chimp hap2,chr2_hap2_hsa3,active,1.616,0.3735
Chimp hap2,chr2_hap2_hsa3,active,1.536,0.3755
Chimp hap2,chr2_hap2_hsa3,active,1.676,0.376
Chimp hap2,chr2_hap2_hsa3,active,1.568,0.3765
Chimp hap2,chr2_hap2_hsa3,active,1.636,0.3745
Chimp hap2,chr2_hap2_hsa3,active,1.604,0.374
Chimp hap2,chr2_hap2_hsa3,active,1.616,0.3735
Chimp hap2,chr2_hap2_hsa3,active,1.648,0.377
Chimp hap2,chr2_hap2_hsa3,active,1.624,0.3755
Chimp hap2,chr2_hap2_hsa3,active,1.616,0.371
Chimp hap2,chr2_hap2_hsa3,active,1.568,0.372
Chimp hap2,chr2_hap2_hsa3,active,1.64,0.378
Chimp hap2,chr2_hap2_hsa3,active,1.62,0.3775
Chimp hap2,chr2_hap2_hsa3,active,1.708,0.372
Chimp hap2,chr2_hap2_hsa3,active,1.668,0.373
Chimp hap2,chr2_hap2_hsa3,active,1.636,0.3765
Chimp hap2,chr2_hap2_hsa3,active,1.608,0.375
Chimp hap2,chr2_hap2_hsa3,active,1.612,0.371
Chimp hap2,chr2_hap2_hsa3,active,1.592,0.3745
Chimp hap2,chr2_hap2_hsa3,active,1.704,0.3705
Chimp hap2,chr2_hap2_hsa3,active,1.752,0.368
Chimp hap2,chr2_hap2_hsa3,active,1.748,0.3665
Chimp hap2,chr2_hap2_hsa3,active,1.572,0.378
Chimp hap2,chr2_hap2_hsa3,active,1.668,0.377
Chimp hap2,chr2_hap2_hsa3,active,1.64,0.376
Chimp hap2,chr2_hap2_hsa3,active,1.66,0.3745
Chimp hap2,chr2_hap2_hsa3,active,1.636,0.3755
Chimp hap2,chr2_hap2_hsa3,active,1.58,0.3785
Chimp hap2,chr2_hap2_hsa3,active,1.632,0.3755
Chimp hap2,chr2_hap2_hsa3,active,1.596,0.371
Chimp hap2,chr2_hap2_hsa3,active,1.612,0.3795
Chimp hap2,chr2_hap2_hsa3,active,1.62,0.372
Chimp hap2,chr2_hap2_hsa3,active,1.572,0.3775
Chimp hap2,chr2_hap2_hsa3,active,1.628,0.3735
Chimp hap2,chr2_hap2_hsa3,active,1.592,0.373
Chimp hap2,chr2_hap2_hsa3,active,1.584,0.3785
Chimp hap2,chr2_hap2_hsa3,active,1.616,0.371
Chimp hap2,chr2_hap2_hsa3,active,1.648,0.372
Chimp hap2,chr2_hap2_hsa3,active,1.596,0.375
Chimp hap2,chr2_hap2_hsa3,active,1.652,0.3735
Chimp hap2,chr2_hap2_hsa3,active,1.656,0.373
Chimp hap2,chr2_hap2_hsa3,active,1.648,0.3755
Chimp hap2,chr2_hap2_hsa3,active,1.548,0.372
Chimp hap2,chr2_hap2_hsa3,active,1.724,0.368
Chimp hap2,chr2_hap2_hsa3,active,1.644,0.369
Chimp hap2,chr2_hap2_hsa3,active,1.688,0.3725
Chimp hap2,chr2_hap2_hsa3,active,1.692,0.377
Chimp hap2,chr2_hap2_hsa3,active,1.644,0.3795
Chimp hap2,chr2_hap2_hsa3,active,1.672,0.376
Chimp hap2,chr2_hap2_hsa3,active,1.684,0.3755
Chimp hap2,chr2_hap2_hsa3,active,1.656,0.3755
Chimp hap2,chr2_hap2_hsa3,active,1.628,0.3745
Chimp hap2,chr2_hap2_hsa3,active,1.632,0.371
Chimp hap2,chr2_hap2_hsa3,active,1.564,0.377
Chimp hap2,chr2_hap2_hsa3,active,1.636,0.373
Chimp hap2,chr2_hap2_hsa3,active,1.58,0.379
Chimp hap2,chr2_hap2_hsa3,active,1.596,0.374
Chimp hap2,chr2_hap2_hsa3,active,1.612,0.3725
Chimp hap2,chr2_hap2_hsa3,active,1.616,0.3775
Chimp hap2,chr2_hap2_hsa3,active,1.568,0.3735
Chimp hap2,chr2_hap2_hsa3,active,1.672,0.3725
Chimp hap2,chr2_hap2_hsa3,active,1.676,0.3715
Chimp hap2,chr2_hap2_hsa3,active,1.64,0.372
Chimp hap2,chr2_hap2_hsa3,active,1.708,0.3695
Chimp hap2,chr2_hap2_hsa3,active,1.624,0.366
Chimp hap2,chr2_hap2_hsa3,active,1.644,0.3745
Chimp hap2,chr2_hap2_hsa3,active,1.724,0.374
Chimp hap2,chr2_hap2_hsa3,active,1.624,0.3765
Chimp hap2,chr2_hap2_hsa3,active,1.72,0.371
Chimp hap2,chr2_hap2_hsa3,active,1.732,0.3705
Chimp hap2,chr2_hap2_hsa3,active,1.64,0.369
Chimp hap2,chr2_hap2_hsa3,active,1.592,0.376
Chimp hap2,chr2_hap2_hsa3,active,1.692,0.369
Chimp hap2,chr2_hap2_hsa3,active,1.732,0.3675
Chimp hap2,chr2_hap2_hsa3,active,1.608,0.373
Chimp hap2,chr2_hap2_hsa3,active,1.676,0.3735
Chimp hap2,chr2_hap2_hsa3,active,1.608,0.3705
Chimp hap2,chr2_hap2_hsa3,active,1.696,0.3715
Chimp hap2,chr2_hap2_hsa3,active,1.668,0.3745
Chimp hap2,chr2_hap2_hsa3,active,1.7,0.376
Chimp hap2,chr2_hap2_hsa3,active,1.64,0.374
Chimp hap2,chr2_hap2_hsa3,active,1.604,0.3685
Chimp hap2,chr2_hap2_hsa3,active,1.728,0.3765
Chimp hap2,chr2_hap2_hsa3,active,1.652,0.3705
Chimp hap2,chr2_hap2_hsa3,active,1.628,0.377
Chimp hap2,chr2_hap2_hsa3,active,1.644,0.3685
Chimp hap2,chr2_hap2_hsa3,active,1.684,0.376
Chimp hap2,chr2_hap2_hsa3,active,1.648,0.374
Chimp hap2,chr2_hap2_hsa3,active,1.62,0.373
Chimp hap2,chr2_hap2_hsa3,active,1.62,0.3735
Chimp hap2,chr2_hap2_hsa3,active,1.62,0.3735
Chimp hap2,chr2_hap2_hsa3,active,1.66,0.3705
Chimp hap2,chr2_hap2_hsa3,active,1.72,0.374
Chimp hap2,chr2_hap2_hsa3,active,1.704,0.373
Chimp hap2,chr2_hap2_hsa3,active,1.656,0.3705
Chimp hap2,chr2_hap2_hsa3,active,1.604,0.374
Chimp hap2,chr2_hap2_hsa3,active,1.624,0.371
Chimp hap2,chr2_hap2_hsa3,active,1.696,0.371
Chimp hap2,chr2_hap2_hsa3,active,1.712,0.3765
Chimp hap2,chr2_hap2_hsa3,active,1.696,0.371
Chimp hap2,chr2_hap2_hsa3,active,1.58,0.377
Chimp hap2,chr2_hap2_hsa3,active,1.596,0.3685
Chimp hap2,chr2_hap2_hsa3,active,1.604,0.3725
Chimp hap2,chr2_hap2_hsa3,active,1.708,0.371
Chimp hap2,chr2_hap2_hsa3,active,1.708,0.375
Chimp hap2,chr2_hap2_hsa3,active,1.688,0.3705
Chimp hap2,chr2_hap2_hsa3,active,1.664,0.375
Chimp hap2,chr2_hap2_hsa3,active,1.64,0.3715
Chimp hap2,chr2_hap2_hsa3,active,1.644,0.375
Chimp hap2,chr2_hap2_hsa3,active,1.656,0.371
Chimp hap2,chr2_hap2_hsa3,active,1.656,0.3735
Chimp hap2,chr2_hap2_hsa3,active,1.548,0.3745
Chimp hap2,chr2_hap2_hsa3,active,1.612,0.3725
Chimp hap2,chr2_hap2_hsa3,active,1.64,0.369
Chimp hap2,chr2_hap2_hsa3,active,1.692,0.373
Chimp hap2,chr2_hap2_hsa3,active,1.576,0.379
Chimp hap2,chr2_hap2_hsa3,active,1.64,0.3715
Chimp hap2,chr2_hap2_hsa3,active,1.664,0.38
Chimp hap2,chr2_hap2_hsa3,active,1.648,0.3675
Chimp hap2,chr2_hap2_hsa3,active,1.692,0.373
Chimp hap2,chr2_hap2_hsa3,active,1.688,0.3755
Chimp hap2,chr2_hap2_hsa3,active,1.732,0.372
Chimp hap2,chr2_hap2_hsa3,active,1.636,0.3745
Chimp hap2,chr2_hap2_hsa3,active,1.632,0.366
Chimp hap2,chr2_hap2_hsa3,active,1.532,0.371
Chimp hap2,chr2_hap2_hsa3,active,1.7,0.371
Chimp hap2,chr2_hap2_hsa3,active,1.632,0.3705
Chimp hap2,chr2_hap2_hsa3,active,1.572,0.369
Chimp hap2,chr2_hap2_hsa3,active,1.624,0.373
Chimp hap2,chr2_hap2_hsa3,active,1.652,0.3695
Chimp hap2,chr2_hap2_hsa3,active,1.684,0.3695
Chimp hap2,chr2_hap2_hsa3,active,1.512,0.3745
Chimp hap2,chr2_hap2_hsa3,active,1.576,0.3735
Chimp hap2,chr2_hap2_hsa3,active,1.616,0.3705
Chimp hap2,chr2_hap2_hsa3,active,1.688,0.372
Chimp hap2,chr2_hap2_hsa3,active,1.616,0.3705
Chimp hap2,chr2_hap2_hsa3,active,1.652,0.371
Chimp hap2,chr2_hap2_hsa3,active,1.596,0.3685
Chimp hap2,chr2_hap2_hsa3,active,1.596,0.371
Chimp hap2,chr2_hap2_hsa3,active,1.628,0.3695
Chimp hap2,chr2_hap2_hsa3,active,1.532,0.3715
Chimp hap2,chr2_hap2_hsa3,active,1.6,0.3705
Chimp hap2,chr2_hap2_hsa3,active,1.532,0.367
Chimp hap2,chr2_hap2_hsa3,active,1.672,0.371
Chimp hap2,chr2_hap2_hsa3,active,1.596,0.3705
Chimp hap2,chr2_hap2_hsa3,active,1.612,0.372
Chimp hap2,chr2_hap2_hsa3,active,1.64,0.372
Chimp hap2,chr2_hap2_hsa3,active,1.596,0.3685
Chimp hap2,chr2_hap2_hsa3,active,1.56,0.3705
Chimp hap2,chr2_hap2_hsa3,active,1.572,0.3695
Chimp hap2,chr2_hap2_hsa3,active,1.632,0.373
Chimp hap2,chr2_hap2_hsa3,active,1.588,0.369
Chimp hap2,chr2_hap2_hsa3,active,1.656,0.3695
Chimp hap2,chr2_hap2_hsa3,active,1.556,0.373
Chimp hap2,chr2_hap2_hsa3,active,1.62,0.3675
Chimp hap2,chr2_hap2_hsa3,active,1.612,0.3715
Chimp hap2,chr2_hap2_hsa3,active,1.576,0.3695
Chimp hap2,chr2_hap2_hsa3,active,1.636,0.3725
Chimp hap2,chr2_hap2_hsa3,active,1.556,0.3685
Chimp hap2,chr2_hap2_hsa3,active,1.648,0.375
Chimp hap2,chr2_hap2_hsa3,active,1.62,0.3695
Chimp hap2,chr2_hap2_hsa3,active,1.6,0.37
Chimp hap2,chr2_hap2_hsa3,active,1.752,0.373
Chimp hap2,chr2_hap2_hsa3,active,1.604,0.3705
Chimp hap2,chr2_hap2_hsa3,active,1.588,0.369
Chimp hap2,chr2_hap2_hsa3,active,1.672,0.3735
Chimp hap2,chr2_hap2_hsa3,active,1.464,0.3675
Chimp hap2,chr2_hap2_hsa3,active,1.572,0.3705
Chimp hap2,chr2_hap2_hsa3,active,1.548,0.371
Chimp hap2,chr2_hap2_hsa3,active,1.548,0.372
Chimp hap2,chr2_hap2_hsa3,active,1.584,0.372
Chimp hap2,chr2_hap2_hsa3,active,1.54,0.372
Chimp hap2,chr2_hap2_hsa3,active,1.568,0.3725
Chimp hap2,chr2_hap2_hsa3,active,1.548,0.371
Chimp hap2,chr2_hap2_hsa3,active,1.58,0.3735
Chimp hap2,chr2_hap2_hsa3,active,1.572,0.372
Chimp hap2,chr2_hap2_hsa3,active,1.48,0.3705
Chimp hap2,chr2_hap2_hsa3,active,1.524,0.369
Chimp hap2,chr2_hap2_hsa3,active,1.536,0.3765
Chimp hap2,chr2_hap2_hsa3,active,1.552,0.3705
Chimp hap2,chr2_hap2_hsa3,active,1.564,0.37
Chimp hap2,chr2_hap2_hsa3,active,1.544,0.3735
Chimp hap2,chr2_hap2_hsa3,active,1.536,0.372
Chimp hap2,chr2_hap2_hsa3,active,1.632,0.371
Chimp hap2,chr2_hap2_hsa3,active,1.628,0.3725
Chimp hap2,chr2_hap2_hsa3,active,1.64,0.3705
Chimp hap2,chr2_hap2_hsa3,active,1.64,0.3735
Chimp hap2,chr2_hap2_hsa3,active,1.588,0.3735
Chimp hap2,chr2_hap2_hsa3,active,1.556,0.375
Chimp hap2,chr2_hap2_hsa3,active,1.744,0.3745
Chimp hap2,chr2_hap2_hsa3,active,1.572,0.372
Chimp hap2,chr2_hap2_hsa3,active,1.704,0.3745
Chimp hap2,chr2_hap2_hsa3,active,1.56,0.372
Chimp hap2,chr2_hap2_hsa3,active,1.728,0.3725
Chimp hap2,chr2_hap2_hsa3,active,1.488,0.3725
Chimp hap2,chr2_hap2_hsa3,active,1.672,0.373
Chimp hap2,chr2_hap2_hsa3,active,1.548,0.374
Chimp hap2,chr2_hap2_hsa3,active,1.704,0.375
Chimp hap2,chr2_hap2_hsa3,active,1.596,0.369
Chimp hap2,chr2_hap2_hsa3,active,1.684,0.3745
Chimp hap2,chr2_hap2_hsa3,active,1.596,0.3715
Chimp hap2,chr2_hap2_hsa3,active,1.68,0.373
Chimp hap2,chr2_hap2_hsa3,active,1.62,0.3725
Chimp hap2,chr2_hap2_hsa3,active,1.632,0.37
Chimp hap2,chr2_hap2_hsa3,active,1.692,0.3725
Chimp hap2,chr2_hap2_hsa3,active,1.556,0.3685
Chimp hap2,chr2_hap2_hsa3,active,1.624,0.3745
Chimp hap2,chr2_hap2_hsa3,active,1.66,0.3695
Chimp hap2,chr2_hap2_hsa3,active,1.648,0.374
Chimp hap2,chr2_hap2_hsa3,active,1.632,0.3675
Chimp hap2,chr2_hap2_hsa3,active,1.488,0.375
Chimp hap2,chr2_hap2_hsa3,active,1.66,0.3725
Chimp hap2,chr2_hap2_hsa3,active,1.572,0.371
Chimp hap2,chr2_hap2_hsa3,active,1.672,0.3735
Chimp hap2,chr2_hap2_hsa3,active,1.56,0.37
Chimp hap2,chr2_hap2_hsa3,active,1.728,0.375
Chimp hap2,chr2_hap2_hsa3,active,1.588,0.368
Chimp hap2,chr2_hap2_hsa3,active,1.688,0.372
Chimp hap2,chr2_hap2_hsa3,active,1.596,0.3685
Chimp hap2,chr2_hap2_hsa3,active,1.64,0.377
Chimp hap2,chr2_hap2_hsa3,active,1.676,0.368
Chimp hap2,chr2_hap2_hsa3,active,1.536,0.373
Chimp hap2,chr2_hap2_hsa3,active,1.58,0.371
Chimp hap2,chr2_hap2_hsa3,active,1.636,0.3675
Chimp hap2,chr2_hap2_hsa3,active,1.644,0.374
Chimp hap2,chr2_hap2_hsa3,active,1.628,0.377
Chimp hap2,chr2_hap2_hsa3,active,1.66,0.38
Chimp hap2,chr2_hap2_hsa3,active,1.792,0.3695
Chimp hap2,chr2_hap2_hsa3,active,1.88,0.3815
Chimp hap2,chr2_hap2_hsa3,active,1.872,0.389
Chimp hap2,chr2_hap2_hsa3,active,1.884,0.38
Chimp hap2,chr2_hap2_hsa3,active,1.788,0.3885
Chimp hap2,chr2_hap2_hsa3,active,1.724,0.3915
Chimp hap2,chr2_hap2_hsa3,active,1.848,0.386
Chimp hap2,chr2_hap2_hsa3,active,1.788,0.3885
Chimp hap2,chr2_hap2_hsa3,active,1.736,0.3885
Chimp hap2,chr2_hap2_hsa3,active,1.768,0.375
Chimp hap2,chr2_hap2_hsa3,active,1.568,0.3695
Chimp hap2,chr2_hap2_hsa3,active,1.724,0.375
Chimp hap2,chr2_hap2_hsa3,active,1.6,0.3685
Chimp hap2,chr2_hap2_hsa3,active,1.68,0.3715
Chimp hap2,chr2_hap2_hsa3,active,1.592,0.3705
Chimp hap2,chr2_hap2_hsa3,active,1.64,0.376
Chimp hap2,chr2_hap2_hsa3,active,1.672,0.368
Chimp hap2,chr2_hap2_hsa3,active,1.556,0.374
Chimp hap2,chr2_hap2_hsa3,active,1.58,0.3705
Chimp hap2,chr2_hap2_hsa3,active,1.636,0.3675
Chimp hap2,chr2_hap2_hsa3,active,1.64,0.3735
Chimp hap2,chr2_hap2_hsa3,active,1.644,0.3775
Chimp hap2,chr2_hap2_hsa3,active,1.66,0.3805
Chimp hap2,chr2_hap2_hsa3,active,1.788,0.369
Chimp hap2,chr2_hap2_hsa3,active,1.876,0.3815
Chimp hap2,chr2_hap2_hsa3,active,1.868,0.388
Chimp hap2,chr2_hap2_hsa3,active,1.876,0.3805
Chimp hap2,chr2_hap2_hsa3,active,1.796,0.388
Chimp hap2,chr2_hap2_hsa3,active,1.704,0.392
Chimp hap2,chr2_hap2_hsa3,active,1.848,0.3845
Chimp hap2,chr2_hap2_hsa3,active,1.792,0.389
Chimp hap2,chr2_hap2_hsa3,active,1.736,0.3885
Chimp hap2,chr2_hap2_hsa3,active,1.888,0.383
Chimp hap2,chr2_hap2_hsa3,active,1.872,0.387
Chimp hap2,chr2_hap2_hsa3,active,1.844,0.3865
Chimp hap2,chr2_hap2_hsa3,active,1.772,0.3915
Chimp hap2,chr2_hap2_hsa3,active,1.848,0.38
Chimp hap2,chr2_hap2_hsa3,active,1.836,0.39
Chimp hap2,chr2_hap2_hsa3,active,1.852,0.3825
Chimp hap2,chr2_hap2_hsa3,active,1.692,0.3915
Chimp hap2,chr2_hap2_hsa3,active,1.832,0.384
Chimp hap2,chr2_hap2_hsa3,active,1.816,0.389
Chimp hap2,chr2_hap2_hsa3,active,1.928,0.383
Chimp hap2,chr2_hap2_hsa3,active,1.708,0.3875
Chimp hap2,chr2_hap2_hsa3,active,1.856,0.3835
Chimp hap2,chr2_hap2_hsa3,active,1.792,0.387
Chimp hap2,chr2_hap2_hsa3,active,1.756,0.3795
Chimp hap2,chr2_hap2_hsa3,active,1.792,0.387
Chimp hap2,chr2_hap2_hsa3,active,1.904,0.385
Chimp hap2,chr2_hap2_hsa3,active,1.864,0.3875
Chimp hap2,chr2_hap2_hsa3,active,1.824,0.389
Chimp hap2,chr2_hap2_hsa3,active,1.92,0.383
Chimp hap2,chr2_hap2_hsa3,active,1.708,0.388
Chimp hap2,chr2_hap2_hsa3,active,1.848,0.384
Chimp hap2,chr2_hap2_hsa3,active,1.796,0.3865
Chimp hap2,chr2_hap2_hsa3,active,1.924,0.3845
Chimp hap2,chr2_hap2_hsa3,active,1.888,0.386
Chimp hap2,chr2_hap2_hsa3,active,1.812,0.3875
Chimp hap2,chr2_hap2_hsa3,active,1.908,0.386
Chimp hap2,chr2_hap2_hsa3,active,1.72,0.3885
Chimp hap2,chr2_hap2_hsa3,active,1.596,0.3705
Chimp hap2,chr2_hap2_hsa3,active,1.596,0.371
Chimp hap2,chr2_hap2_hsa3,active,1.6,0.374
Chimp hap2,chr2_hap2_hsa3,active,1.628,0.37
Chimp hap2,chr2_hap2_hsa3,active,1.632,0.3715
Chimp hap2,chr2_hap2_hsa3,active,1.616,0.3725
Chimp hap2,chr2_hap2_hsa3,active,1.636,0.371
Chimp hap2,chr2_hap2_hsa3,active,1.648,0.3715
Chimp hap2,chr2_hap2_hsa3,active,1.536,0.368
Chimp hap2,chr2_hap2_hsa3,active,1.604,0.371
Chimp hap2,chr2_hap2_hsa3,active,1.624,0.37
Chimp hap2,chr2_hap2_hsa3,active,1.608,0.3695
Chimp hap2,chr2_hap2_hsa3,active,1.572,0.373
Chimp hap2,chr2_hap2_hsa3,active,1.616,0.368
Chimp hap2,chr2_hap2_hsa3,active,1.568,0.375
Chimp hap2,chr2_hap2_hsa3,active,1.552,0.368
Chimp hap2,chr2_hap2_hsa3,active,1.668,0.3695
Chimp hap2,chr2_hap2_hsa3,active,1.596,0.371
Chimp hap2,chr2_hap2_hsa3,active,1.572,0.3735
Chimp hap2,chr2_hap2_hsa3,active,1.524,0.3685
Chimp hap2,chr2_hap2_hsa3,active,1.696,0.371
Chimp hap2,chr2_hap2_hsa3,active,1.6,0.3695
Chimp hap2,chr2_hap2_hsa3,active,1.564,0.3705
Chimp hap2,chr2_hap2_hsa3,active,1.652,0.373
Chimp hap2,chr2_hap2_hsa3,active,1.628,0.37
Chimp hap2,chr2_hap2_hsa3,active,1.556,0.369
Chimp hap2,chr2_hap2_hsa3,active,1.616,0.37
Chimp hap2,chr2_hap2_hsa3,active,1.604,0.372
Chimp hap2,chr2_hap2_hsa3,active,1.628,0.373
Chimp hap2,chr2_hap2_hsa3,active,1.556,0.3695
Chimp hap2,chr2_hap2_hsa3,active,1.588,0.3725
Chimp hap2,chr2_hap2_hsa3,active,1.592,0.3695
Chimp hap2,chr2_hap2_hsa3,active,1.616,0.3685
Chimp hap2,chr2_hap2_hsa3,active,1.568,0.372
Chimp hap2,chr2_hap2_hsa3,active,1.596,0.3695
Chimp hap2,chr2_hap2_hsa3,active,1.712,0.3715
Chimp hap2,chr2_hap2_hsa3,active,1.612,0.369
Chimp hap2,chr2_hap2_hsa3,active,1.616,0.3735
Chimp hap2,chr2_hap2_hsa3,active,1.544,0.3685
Chimp hap2,chr2_hap2_hsa3,active,1.628,0.374
Chimp hap2,chr2_hap2_hsa3,active,1.556,0.3705
Chimp hap2,chr2_hap2_hsa3,active,1.624,0.371
Chimp hap2,chr2_hap2_hsa3,active,1.56,0.373
Chimp hap2,chr2_hap2_hsa3,active,1.664,0.368
Chimp hap2,chr2_hap2_hsa3,active,1.476,0.372
Chimp hap2,chr2_hap2_hsa3,active,1.652,0.3715
Chimp hap2,chr2_hap2_hsa3,active,1.632,0.3745
Chimp hap2,chr2_hap2_hsa3,active,1.608,0.3675
Chimp hap2,chr2_hap2_hsa3,active,1.504,0.37
Chimp hap2,chr2_hap2_hsa3,active,1.672,0.373
Chimp hap2,chr2_hap2_hsa3,active,1.608,0.37
Chimp hap2,chr2_hap2_hsa3,active,1.616,0.371
Chimp hap2,chr2_hap2_hsa3,active,1.676,0.373
Chimp hap2,chr2_hap2_hsa3,active,1.492,0.368
Chimp hap2,chr2_hap2_hsa3,active,1.56,0.3675
Chimp hap2,chr2_hap2_hsa3,active,1.536,0.373
Chimp hap2,chr2_hap2_hsa3,active,1.572,0.37
Chimp hap2,chr2_hap2_hsa3,active,1.544,0.3715
Chimp hap2,chr2_hap2_hsa3,active,1.532,0.372
Chimp hap2,chr2_hap2_hsa3,active,1.58,0.3705
Chimp hap2,chr2_hap2_hsa3,active,1.54,0.3725
Chimp hap2,chr2_hap2_hsa3,active,1.576,0.3695
Chimp hap2,chr2_hap2_hsa3,active,1.484,0.3725
Chimp hap2,chr2_hap2_hsa3,active,1.54,0.3695
Chimp hap2,chr2_hap2_hsa3,active,1.548,0.3705
Chimp hap2,chr2_hap2_hsa3,active,1.568,0.371
Chimp hap2,chr2_hap2_hsa3,active,1.54,0.372
Chimp hap2,chr2_hap2_hsa3,active,1.56,0.3705
Chimp hap2,chr2_hap2_hsa3,active,1.572,0.371
Chimp hap2,chr2_hap2_hsa3,active,1.548,0.3725
Chimp hap2,chr2_hap2_hsa3,active,1.584,0.3685
Chimp hap2,chr2_hap2_hsa3,active,1.512,0.375
Chimp hap2,chr2_hap2_hsa3,active,1.572,0.369
Chimp hap2,chr2_hap2_hsa3,active,1.552,0.373
Chimp hap2,chr2_hap2_hsa3,active,1.536,0.3725
Chimp hap2,chr2_hap2_hsa3,active,1.5,0.3705
Chimp hap2,chr2_hap2_hsa3,active,1.56,0.371
Chimp hap2,chr2_hap2_hsa3,active,1.552,0.3695
Chimp hap2,chr2_hap2_hsa3,active,1.448,0.3745
Chimp hap2,chr2_hap2_hsa3,active,1.536,0.3675
Chimp hap2,chr2_hap2_hsa3,active,1.588,0.37
Chimp hap2,chr2_hap2_hsa3,active,1.516,0.371
Chimp hap2,chr2_hap2_hsa3,active,1.576,0.3705
Chimp hap2,chr2_hap2_hsa3,active,1.616,0.371
Chimp hap2,chr2_hap2_hsa3,active,1.608,0.3745
Chimp hap2,chr2_hap2_hsa3,active,1.54,0.3715
Chimp hap2,chr2_hap2_hsa3,active,1.636,0.373
Chimp hap2,chr2_hap2_hsa3,active,1.576,0.368
Chimp hap2,chr2_hap2_hsa3,active,1.644,0.376
Chimp hap2,chr2_hap2_hsa3,active,1.552,0.369
Chimp hap2,chr2_hap2_hsa3,active,1.632,0.3745
Chimp hap2,chr2_hap2_hsa3,active,1.504,0.3685
Chimp hap2,chr2_hap2_hsa3,active,1.548,0.3675
Chimp hap2,chr2_hap2_hsa3,active,1.536,0.372
Chimp hap2,chr2_hap2_hsa3,active,1.56,0.3705
Chimp hap2,chr2_hap2_hsa3,active,1.528,0.371
Chimp hap2,chr2_hap2_hsa3,active,1.564,0.368
Chimp hap2,chr2_hap2_hsa3,active,1.576,0.3715
Chimp hap2,chr2_hap2_hsa3,active,1.556,0.3715
Chimp hap2,chr2_hap2_hsa3,active,1.556,0.368
Chimp hap2,chr2_hap2_hsa3,active,1.568,0.369
Chimp hap2,chr2_hap2_hsa3,active,1.548,0.3735
Chimp hap2,chr2_hap2_hsa3,active,1.568,0.3725
Chimp hap2,chr2_hap2_hsa3,active,1.572,0.3685
Chimp hap2,chr2_hap2_hsa3,active,1.544,0.3725
Chimp hap2,chr2_hap2_hsa3,active,1.572,0.3715
Chimp hap2,chr2_hap2_hsa3,active,1.484,0.373
Chimp hap2,chr2_hap2_hsa3,active,1.572,0.3695
Chimp hap2,chr2_hap2_hsa3,active,1.576,0.3695
Chimp hap2,chr2_hap2_hsa3,active,1.552,0.3715
Chimp hap2,chr2_hap2_hsa3,active,1.48,0.373
Chimp hap2,chr2_hap2_hsa3,active,1.532,0.372
Chimp hap2,chr2_hap2_hsa3,active,1.572,0.369
Chimp hap2,chr2_hap2_hsa3,active,1.592,0.3715
Chimp hap2,chr2_hap2_hsa3,active,1.624,0.3715
Chimp hap2,chr2_hap2_hsa3,active,1.552,0.3725
Chimp hap2,chr2_hap2_hsa3,active,1.68,0.373
Chimp hap2,chr2_hap2_hsa3,active,1.568,0.37
Chimp hap2,chr2_hap2_hsa3,active,1.66,0.372
Chimp hap2,chr2_hap2_hsa3,active,1.64,0.3765
Chimp hap2,chr2_hap2_hsa3,active,1.724,0.3745
Chimp hap2,chr2_hap2_hsa3,active,1.572,0.369
Chimp hap2,chr2_hap2_hsa3,active,1.68,0.3745
Chimp hap2,chr2_hap2_hsa3,active,1.572,0.369
Chimp hap2,chr2_hap2_hsa3,active,1.68,0.374
Chimp hap2,chr2_hap2_hsa3,active,1.628,0.371
Chimp hap2,chr2_hap2_hsa3,active,1.668,0.37
Chimp hap2,chr2_hap2_hsa3,active,1.552,0.3725
Chimp hap2,chr2_hap2_hsa3,active,1.704,0.371
Chimp hap2,chr2_hap2_hsa3,active,1.608,0.37
Chimp hap2,chr2_hap2_hsa3,active,1.72,0.369
Chimp hap2,chr2_hap2_hsa3,active,1.628,0.3725
Chimp hap2,chr2_hap2_hsa3,active,1.66,0.3725
Chimp hap2,chr2_hap2_hsa3,active,1.484,0.376
Chimp hap2,chr2_hap2_hsa3,active,1.644,0.372
Chimp hap2,chr2_hap2_hsa3,active,1.592,0.3685
Chimp hap2,chr2_hap2_hsa3,active,1.648,0.375
Chimp hap2,chr2_hap2_hsa3,active,1.568,0.3695
Chimp hap2,chr2_hap2_hsa3,active,1.74,0.3735
Chimp hap2,chr2_hap2_hsa3,active,1.58,0.37
Chimp hap2,chr2_hap2_hsa3,active,1.672,0.372
Chimp hap2,chr2_hap2_hsa3,active,1.596,0.3685
Chimp hap2,chr2_hap2_hsa3,active,1.632,0.3795
Chimp hap2,chr2_hap2_hsa3,active,1.6,0.372
Chimp hap2,chr2_hap2_hsa3,active,1.66,0.3715
Chimp hap2,chr2_hap2_hsa3,active,1.568,0.368
Chimp hap2,chr2_hap2_hsa3,active,1.632,0.3775
Chimp hap2,chr2_hap2_hsa3,active,1.592,0.369
Chimp hap2,chr2_hap2_hsa3,active,1.68,0.376
Chimp hap2,chr2_hap2_hsa3,active,1.656,0.3655
Chimp hap2,chr2_hap2_hsa3,active,1.58,0.373
Chimp hap2,chr2_hap2_hsa3,active,1.564,0.3795
Chimp hap2,chr2_hap2_hsa3,active,1.64,0.3745
Chimp hap2,chr2_hap2_hsa3,active,1.956,0.374
Chimp hap2,chr2_hap2_hsa3,active,1.836,0.3835
Chimp hap2,chr2_hap2_hsa3,active,1.792,0.387
Chimp hap2,chr2_hap2_hsa3,active,1.888,0.3845
Chimp hap2,chr2_hap2_hsa3,active,1.696,0.3895
Chimp hap2,chr2_hap2_hsa3,active,1.74,0.39
Chimp hap2,chr2_hap2_hsa3,active,1.788,0.3855
Chimp hap2,chr2_hap2_hsa3,active,1.836,0.384
Chimp hap2,chr2_hap2_hsa3,active,1.876,0.3875
Chimp hap2,chr2_hap2_hsa3,active,1.776,0.392
Chimp hap2,chr2_hap2_hsa3,active,1.828,0.3785
Chimp hap2,chr2_hap2_hsa3,active,1.824,0.3895
Chimp hap2,chr2_hap2_hsa3,active,1.864,0.3865
Chimp hap2,chr2_hap2_hsa3,active,1.684,0.388
Chimp hap2,chr2_hap2_hsa3,active,1.892,0.381
Chimp hap2,chr2_hap2_hsa3,active,1.788,0.3885
Chimp hap2,chr2_hap2_hsa3,active,1.72,0.3795
Chimp hap2,chr2_hap2_hsa3,active,1.864,0.387
Chimp hap2,chr2_hap2_hsa3,active,1.872,0.383
Chimp hap2,chr2_hap2_hsa3,active,1.76,0.389
Chimp hap2,chr2_hap2_hsa3,active,1.792,0.3835
Chimp hap2,chr2_hap2_hsa3,active,1.86,0.3875
Chimp hap2,chr2_hap2_hsa3,active,1.84,0.385
Chimp hap2,chr2_hap2_hsa3,active,1.868,0.388
Chimp hap2,chr2_hap2_hsa3,active,1.796,0.39
Chimp hap2,chr2_hap2_hsa3,active,1.848,0.3815
Chimp hap2,chr2_hap2_hsa3,active,1.848,0.379
Chimp hap2,chr2_hap2_hsa3,active,1.824,0.389
Chimp hap2,chr2_hap2_hsa3,active,1.86,0.3835
Chimp hap2,chr2_hap2_hsa3,active,1.784,0.376
Chimp hap2,chr2_hap2_hsa3,active,1.864,0.3815
Chimp hap2,chr2_hap2_hsa3,active,1.868,0.389
Chimp hap2,chr2_hap2_hsa3,active,1.868,0.381
Chimp hap2,chr2_hap2_hsa3,active,1.772,0.3895
Chimp hap2,chr2_hap2_hsa3,active,1.892,0.3825
Chimp hap2,chr2_hap2_hsa3,active,1.716,0.3875
Chimp hap2,chr2_hap2_hsa3,active,1.896,0.385
Chimp hap2,chr2_hap2_hsa3,active,1.924,0.3775
Chimp hap2,chr2_hap2_hsa3,active,1.808,0.387
Chimp hap2,chr2_hap2_hsa3,active,1.92,0.387
Chimp hap2,chr2_hap2_hsa3,active,1.856,0.3815
Chimp hap2,chr2_hap2_hsa3,active,1.856,0.381
Chimp hap2,chr2_hap2_hsa3,active,1.956,0.3835
Chimp hap2,chr2_hap2_hsa3,active,1.936,0.3805
Chimp hap2,chr2_hap2_hsa3,active,2.424,0.452
Chimp hap2,chr2_hap2_hsa3,active,2.448,0.3995
Chimp hap2,chr2_hap2_hsa3,active,2.424,0.3935
Chimp hap2,chr2_hap2_hsa3,active,2.292,0.387
Chimp hap2,chr2_hap2_hsa3,active,2.16,0.3845
Chimp hap2,chr2_hap2_hsa3,active,2.408,0.379
Chimp hap2,chr2_hap2_hsa3,active,1.944,0.3785
Chimp hap2,chr2_hap2_hsa3,active,1.976,0.3785
Chimp hap2,chr2_hap2_hsa3,active,2.024,0.3815
Chimp hap2,chr2_hap2_hsa3,active,2.016,0.366
Chimp hap2,chr2_hap2_hsa3,active,1.924,0.3775
Chimp hap2,chr2_hap2_hsa3,active,2.0,0.37
Chimp hap2,chr2_hap2_hsa3,active,2.024,0.3715
Chimp hap2,chr2_hap2_hsa3,active,2.004,0.3685
Chimp hap2,chr2_hap2_hsa3,active,1.96,0.3765
Chimp hap2,chr2_hap2_hsa3,inactive,2.06,0.3705
Chimp hap2,chr2_hap2_hsa3,inactive,2.16,0.3765
Chimp hap2,chr2_hap2_hsa3,inactive,1.952,0.364
Chimp hap2,chr2_hap2_hsa3,inactive,1.92,0.3455
Chimp hap2,chr2_hap2_hsa3,inactive,1.924,0.358
Chimp hap2,chr2_hap2_hsa3,inactive,1.956,0.3505
Chimp hap2,chr2_hap2_hsa3,inactive,1.984,0.3585
Chimp hap2,chr2_hap2_hsa3,inactive,1.924,0.3625
Chimp hap2,chr2_hap2_hsa3,inactive,2.32,0.368
Chimp hap2,chr2_hap2_hsa3,inactive,2.436,0.387
Chimp hap2,chr2_hap2_hsa3,inactive,2.404,0.396
Chimp hap2,chr2_hap2_hsa3,inactive,2.392,0.4365
Chimp hap2,chr2_hap2_hsa3,inactive,1.924,0.3615
Chimp hap2,chr2_hap2_hsa3,inactive,1.896,0.3535
Chimp hap2,chr2_hap2_hsa3,inactive,1.944,0.3505
Chimp hap2,chr2_hap2_hsa3,inactive,1.944,0.3535
Chimp hap2,chr2_hap2_hsa3,inactive,1.852,0.355
Chimp hap2,chr2_hap2_hsa3,inactive,1.86,0.361
Chimp hap2,chr3_hap2_hsa4,inactive,1.46,0.3855
Chimp hap2,chr3_hap2_hsa4,inactive,1.432,0.386
Chimp hap2,chr3_hap2_hsa4,inactive,1.444,0.3885
Chimp hap2,chr3_hap2_hsa4,inactive,1.528,0.385
Chimp hap2,chr3_hap2_hsa4,inactive,1.46,0.383
Chimp hap2,chr3_hap2_hsa4,inactive,1.464,0.383
Chimp hap2,chr3_hap2_hsa4,inactive,1.412,0.388
Chimp hap2,chr3_hap2_hsa4,inactive,1.508,0.382
Chimp hap2,chr3_hap2_hsa4,inactive,1.432,0.387
Chimp hap2,chr3_hap2_hsa4,inactive,1.504,0.3815
Chimp hap2,chr3_hap2_hsa4,inactive,1.436,0.383
Chimp hap2,chr3_hap2_hsa4,inactive,1.492,0.3855
Chimp hap2,chr3_hap2_hsa4,inactive,1.452,0.3835
Chimp hap2,chr3_hap2_hsa4,inactive,1.488,0.3895
Chimp hap2,chr3_hap2_hsa4,inactive,1.476,0.382
Chimp hap2,chr3_hap2_hsa4,inactive,1.408,0.382
Chimp hap2,chr3_hap2_hsa4,inactive,1.48,0.3835
Chimp hap2,chr3_hap2_hsa4,inactive,1.396,0.382
Chimp hap2,chr3_hap2_hsa4,inactive,1.404,0.387
Chimp hap2,chr3_hap2_hsa4,inactive,1.44,0.384
Chimp hap2,chr3_hap2_hsa4,inactive,1.5,0.3845
Chimp hap2,chr3_hap2_hsa4,inactive,1.432,0.382
Chimp hap2,chr3_hap2_hsa4,inactive,1.404,0.387
Chimp hap2,chr3_hap2_hsa4,inactive,1.42,0.385
Chimp hap2,chr3_hap2_hsa4,inactive,1.404,0.382
Chimp hap2,chr3_hap2_hsa4,inactive,1.416,0.3865
Chimp hap2,chr3_hap2_hsa4,inactive,1.416,0.3835
Chimp hap2,chr3_hap2_hsa4,inactive,1.408,0.3825
Chimp hap2,chr3_hap2_hsa4,active,2.268,0.377
Chimp hap2,chr3_hap2_hsa4,active,1.976,0.353
Chimp hap2,chr3_hap2_hsa4,active,1.968,0.3635
Chimp hap2,chr3_hap2_hsa4,active,2.056,0.3655
Chimp hap2,chr3_hap2_hsa4,active,1.968,0.3755
Chimp hap2,chr3_hap2_hsa4,active,2.032,0.367
Chimp hap2,chr3_hap2_hsa4,active,1.812,0.3785
Chimp hap2,chr3_hap2_hsa4,active,1.916,0.374
Chimp hap2,chr3_hap2_hsa4,active,1.944,0.3785
Chimp hap2,chr3_hap2_hsa4,active,1.956,0.3735
Chimp hap2,chr3_hap2_hsa4,active,1.828,0.3785
Chimp hap2,chr3_hap2_hsa4,active,1.98,0.3755
Chimp hap2,chr3_hap2_hsa4,active,1.812,0.375
Chimp hap2,chr3_hap2_hsa4,active,1.792,0.378
Chimp hap2,chr3_hap2_hsa4,active,1.984,0.3735
Chimp hap2,chr3_hap2_hsa4,active,1.968,0.373
Chimp hap2,chr3_hap2_hsa4,active,1.796,0.3765
Chimp hap2,chr3_hap2_hsa4,active,1.956,0.375
Chimp hap2,chr3_hap2_hsa4,active,1.828,0.3735
Chimp hap2,chr3_hap2_hsa4,active,1.876,0.372
Chimp hap2,chr3_hap2_hsa4,active,1.872,0.372
Chimp hap2,chr3_hap2_hsa4,active,1.952,0.37
Chimp hap2,chr3_hap2_hsa4,active,1.952,0.3725
Chimp hap2,chr3_hap2_hsa4,active,1.852,0.3735
Chimp hap2,chr3_hap2_hsa4,active,1.836,0.3775
Chimp hap2,chr3_hap2_hsa4,active,1.808,0.376
Chimp hap2,chr3_hap2_hsa4,active,1.956,0.3645
Chimp hap2,chr3_hap2_hsa4,active,1.924,0.366
Chimp hap2,chr3_hap2_hsa4,active,1.916,0.3665
Chimp hap2,chr3_hap2_hsa4,active,1.808,0.377
Chimp hap2,chr3_hap2_hsa4,active,1.86,0.3695
Chimp hap2,chr3_hap2_hsa4,active,2.036,0.3755
Chimp hap2,chr3_hap2_hsa4,active,1.788,0.3735
Chimp hap2,chr3_hap2_hsa4,active,1.8,0.376
Chimp hap2,chr3_hap2_hsa4,active,1.728,0.3665
Chimp hap2,chr3_hap2_hsa4,active,1.848,0.375
Chimp hap2,chr3_hap2_hsa4,active,1.76,0.376
Chimp hap2,chr3_hap2_hsa4,active,1.74,0.376
Chimp hap2,chr3_hap2_hsa4,active,1.752,0.3745
Chimp hap2,chr3_hap2_hsa4,active,1.828,0.3815
Chimp hap2,chr3_hap2_hsa4,active,1.756,0.3785
Chimp hap2,chr3_hap2_hsa4,active,1.676,0.376
Chimp hap2,chr3_hap2_hsa4,active,1.74,0.376
Chimp hap2,chr3_hap2_hsa4,active,1.712,0.374
Chimp hap2,chr3_hap2_hsa4,active,1.788,0.3735
Chimp hap2,chr3_hap2_hsa4,active,1.696,0.3775
Chimp hap2,chr3_hap2_hsa4,active,1.736,0.3785
Chimp hap2,chr3_hap2_hsa4,active,1.736,0.378
Chimp hap2,chr3_hap2_hsa4,active,1.66,0.374
Chimp hap2,chr3_hap2_hsa4,active,1.696,0.3795
Chimp hap2,chr3_hap2_hsa4,active,1.816,0.375
Chimp hap2,chr3_hap2_hsa4,active,1.64,0.379
Chimp hap2,chr3_hap2_hsa4,active,1.776,0.3745
Chimp hap2,chr3_hap2_hsa4,active,1.668,0.3775
Chimp hap2,chr3_hap2_hsa4,active,1.724,0.376
Chimp hap2,chr3_hap2_hsa4,active,1.724,0.379
Chimp hap2,chr3_hap2_hsa4,active,1.724,0.376
Chimp hap2,chr3_hap2_hsa4,active,1.768,0.381
Chimp hap2,chr3_hap2_hsa4,active,1.748,0.38
Chimp hap2,chr3_hap2_hsa4,active,1.728,0.3695
Chimp hap2,chr3_hap2_hsa4,active,1.796,0.377
Chimp hap2,chr3_hap2_hsa4,active,1.912,0.378
Chimp hap2,chr3_hap2_hsa4,active,1.844,0.373
Chimp hap2,chr3_hap2_hsa4,active,1.78,0.38
Chimp hap2,chr3_hap2_hsa4,active,1.864,0.3795
Chimp hap2,chr3_hap2_hsa4,active,1.708,0.3765
Chimp hap2,chr3_hap2_hsa4,active,1.84,0.378
Chimp hap2,chr3_hap2_hsa4,active,1.712,0.378
Chimp hap2,chr3_hap2_hsa4,active,1.832,0.3815
Chimp hap2,chr3_hap2_hsa4,active,1.772,0.3775
Chimp hap2,chr3_hap2_hsa4,active,1.632,0.3795
Chimp hap2,chr3_hap2_hsa4,active,1.732,0.3755
Chimp hap2,chr3_hap2_hsa4,active,1.808,0.381
Chimp hap2,chr3_hap2_hsa4,active,1.768,0.3765
Chimp hap2,chr3_hap2_hsa4,active,1.8,0.3775
Chimp hap2,chr3_hap2_hsa4,active,1.76,0.377
Chimp hap2,chr3_hap2_hsa4,active,1.824,0.3805
Chimp hap2,chr3_hap2_hsa4,active,1.808,0.3775
Chimp hap2,chr3_hap2_hsa4,active,1.748,0.3785
Chimp hap2,chr3_hap2_hsa4,active,1.76,0.377
Chimp hap2,chr3_hap2_hsa4,active,1.792,0.379
Chimp hap2,chr3_hap2_hsa4,active,1.792,0.375
Chimp hap2,chr3_hap2_hsa4,active,1.752,0.3795
Chimp hap2,chr3_hap2_hsa4,active,1.72,0.3805
Chimp hap2,chr3_hap2_hsa4,active,1.776,0.375
Chimp hap2,chr3_hap2_hsa4,active,1.784,0.374
Chimp hap2,chr3_hap2_hsa4,active,1.78,0.377
Chimp hap2,chr3_hap2_hsa4,active,1.884,0.383
Chimp hap2,chr3_hap2_hsa4,active,1.756,0.3785
Chimp hap2,chr3_hap2_hsa4,active,1.872,0.376
Chimp hap2,chr3_hap2_hsa4,active,1.832,0.378
Chimp hap2,chr3_hap2_hsa4,active,1.808,0.376
Chimp hap2,chr3_hap2_hsa4,active,1.868,0.3795
Chimp hap2,chr3_hap2_hsa4,active,1.704,0.3725
Chimp hap2,chr3_hap2_hsa4,active,1.7,0.381
Chimp hap2,chr3_hap2_hsa4,active,1.732,0.374
Chimp hap2,chr3_hap2_hsa4,active,1.62,0.384
Chimp hap2,chr3_hap2_hsa4,active,1.72,0.375
Chimp hap2,chr3_hap2_hsa4,active,1.86,0.3835
Chimp hap2,chr3_hap2_hsa4,active,1.776,0.3695
Chimp hap2,chr3_hap2_hsa4,active,1.836,0.3815
Chimp hap2,chr3_hap2_hsa4,active,1.748,0.3745
Chimp hap2,chr3_hap2_hsa4,active,1.712,0.3785
Chimp hap2,chr3_hap2_hsa4,active,1.668,0.3765
Chimp hap2,chr3_hap2_hsa4,active,1.636,0.381
Chimp hap2,chr3_hap2_hsa4,active,1.732,0.3785
Chimp hap2,chr3_hap2_hsa4,active,1.732,0.376
Chimp hap2,chr3_hap2_hsa4,active,1.748,0.3775
Chimp hap2,chr3_hap2_hsa4,active,1.64,0.369
Chimp hap2,chr3_hap2_hsa4,active,1.72,0.383
Chimp hap2,chr3_hap2_hsa4,active,1.72,0.3745
Chimp hap2,chr3_hap2_hsa4,active,1.7,0.371
Chimp hap2,chr3_hap2_hsa4,active,1.76,0.376
Chimp hap2,chr3_hap2_hsa4,active,1.76,0.377
Chimp hap2,chr3_hap2_hsa4,active,1.796,0.3765
Chimp hap2,chr3_hap2_hsa4,active,1.512,0.38
Chimp hap2,chr3_hap2_hsa4,active,1.604,0.374
Chimp hap2,chr3_hap2_hsa4,active,1.752,0.3775
Chimp hap2,chr3_hap2_hsa4,active,1.632,0.3785
Chimp hap2,chr3_hap2_hsa4,active,1.752,0.379
Chimp hap2,chr3_hap2_hsa4,active,1.756,0.3795
Chimp hap2,chr3_hap2_hsa4,active,1.648,0.3755
Chimp hap2,chr3_hap2_hsa4,active,1.796,0.379
Chimp hap2,chr3_hap2_hsa4,active,1.728,0.372
Chimp hap2,chr3_hap2_hsa4,active,1.712,0.3785
Chimp hap2,chr3_hap2_hsa4,active,1.7,0.3765
Chimp hap2,chr3_hap2_hsa4,active,1.704,0.373
Chimp hap2,chr3_hap2_hsa4,active,1.672,0.378
Chimp hap2,chr3_hap2_hsa4,active,1.68,0.379
Chimp hap2,chr3_hap2_hsa4,active,1.64,0.3765
Chimp hap2,chr3_hap2_hsa4,active,1.744,0.375
Chimp hap2,chr3_hap2_hsa4,active,1.772,0.381
Chimp hap2,chr3_hap2_hsa4,active,1.688,0.377
Chimp hap2,chr3_hap2_hsa4,active,1.708,0.377
Chimp hap2,chr3_hap2_hsa4,active,1.768,0.3805
Chimp hap2,chr3_hap2_hsa4,active,1.76,0.375
Chimp hap2,chr3_hap2_hsa4,active,1.732,0.373
Chimp hap2,chr3_hap2_hsa4,active,1.74,0.377
Chimp hap2,chr3_hap2_hsa4,active,1.704,0.374
Chimp hap2,chr3_hap2_hsa4,active,1.772,0.3765
Chimp hap2,chr3_hap2_hsa4,active,1.692,0.371
Chimp hap2,chr3_hap2_hsa4,active,1.684,0.375
Chimp hap2,chr3_hap2_hsa4,active,1.792,0.376
Chimp hap2,chr3_hap2_hsa4,active,1.604,0.3705
Chimp hap2,chr3_hap2_hsa4,active,1.696,0.372
Chimp hap2,chr3_hap2_hsa4,active,1.792,0.378
Chimp hap2,chr3_hap2_hsa4,active,1.704,0.3705
Chimp hap2,chr3_hap2_hsa4,active,1.708,0.3735
Chimp hap2,chr3_hap2_hsa4,active,1.76,0.375
Chimp hap2,chr3_hap2_hsa4,active,1.784,0.3745
Chimp hap2,chr3_hap2_hsa4,active,1.764,0.3695
Chimp hap2,chr3_hap2_hsa4,active,1.74,0.371
Chimp hap2,chr3_hap2_hsa4,active,1.752,0.373
Chimp hap2,chr3_hap2_hsa4,active,1.784,0.3745
Chimp hap2,chr3_hap2_hsa4,active,1.704,0.375
Chimp hap2,chr3_hap2_hsa4,active,1.7,0.3725
Chimp hap2,chr3_hap2_hsa4,active,1.716,0.3705
Chimp hap2,chr3_hap2_hsa4,active,1.696,0.3765
Chimp hap2,chr3_hap2_hsa4,active,1.744,0.371
Chimp hap2,chr3_hap2_hsa4,active,1.724,0.38
Chimp hap2,chr3_hap2_hsa4,active,1.696,0.374
Chimp hap2,chr3_hap2_hsa4,active,1.632,0.374
Chimp hap2,chr3_hap2_hsa4,active,1.708,0.368
Chimp hap2,chr3_hap2_hsa4,active,1.732,0.3745
Chimp hap2,chr3_hap2_hsa4,active,1.652,0.3775
Chimp hap2,chr3_hap2_hsa4,active,1.712,0.368
Chimp hap2,chr3_hap2_hsa4,active,1.796,0.3745
Chimp hap2,chr3_hap2_hsa4,active,1.648,0.3765
Chimp hap2,chr3_hap2_hsa4,active,1.828,0.375
Chimp hap2,chr3_hap2_hsa4,active,1.728,0.375
Chimp hap2,chr3_hap2_hsa4,active,1.576,0.373
Chimp hap2,chr3_hap2_hsa4,active,1.704,0.381
Chimp hap2,chr3_hap2_hsa4,active,1.672,0.3715
Chimp hap2,chr3_hap2_hsa4,active,1.696,0.3755
Chimp hap2,chr3_hap2_hsa4,active,1.712,0.3785
Chimp hap2,chr3_hap2_hsa4,active,1.772,0.375
Chimp hap2,chr3_hap2_hsa4,active,1.74,0.3785
Chimp hap2,chr3_hap2_hsa4,active,1.776,0.3765
Chimp hap2,chr3_hap2_hsa4,active,1.66,0.373
Chimp hap2,chr3_hap2_hsa4,active,1.764,0.3735
Chimp hap2,chr3_hap2_hsa4,active,1.752,0.3765
Chimp hap2,chr3_hap2_hsa4,active,1.716,0.379
Chimp hap2,chr3_hap2_hsa4,active,1.708,0.377
Chimp hap2,chr3_hap2_hsa4,active,1.72,0.3755
Chimp hap2,chr3_hap2_hsa4,active,1.772,0.383
Chimp hap2,chr3_hap2_hsa4,active,1.676,0.3765
Chimp hap2,chr3_hap2_hsa4,active,1.78,0.376
Chimp hap2,chr3_hap2_hsa4,active,1.688,0.3745
Chimp hap2,chr3_hap2_hsa4,active,1.764,0.379
Chimp hap2,chr3_hap2_hsa4,active,1.728,0.3765
Chimp hap2,chr3_hap2_hsa4,active,1.768,0.3775
Chimp hap2,chr3_hap2_hsa4,active,1.716,0.3735
Chimp hap2,chr3_hap2_hsa4,active,1.668,0.379
Chimp hap2,chr3_hap2_hsa4,active,1.66,0.375
Chimp hap2,chr3_hap2_hsa4,active,1.688,0.3785
Chimp hap2,chr3_hap2_hsa4,active,1.752,0.3765
Chimp hap2,chr3_hap2_hsa4,active,1.776,0.3785
Chimp hap2,chr3_hap2_hsa4,active,1.7,0.377
Chimp hap2,chr3_hap2_hsa4,active,1.732,0.376
Chimp hap2,chr3_hap2_hsa4,active,1.736,0.3815
Chimp hap2,chr3_hap2_hsa4,active,1.756,0.376
Chimp hap2,chr3_hap2_hsa4,active,1.736,0.3725
Chimp hap2,chr3_hap2_hsa4,active,1.744,0.3745
Chimp hap2,chr3_hap2_hsa4,active,1.776,0.3785
Chimp hap2,chr3_hap2_hsa4,active,1.756,0.374
Chimp hap2,chr3_hap2_hsa4,active,1.78,0.3775
Chimp hap2,chr3_hap2_hsa4,active,1.748,0.372
Chimp hap2,chr3_hap2_hsa4,active,1.732,0.3685
Chimp hap2,chr3_hap2_hsa4,active,1.712,0.3735
Chimp hap2,chr3_hap2_hsa4,active,1.792,0.3735
Chimp hap2,chr3_hap2_hsa4,active,1.744,0.3755
Chimp hap2,chr3_hap2_hsa4,active,1.736,0.373
Chimp hap2,chr3_hap2_hsa4,active,1.74,0.3735
Chimp hap2,chr3_hap2_hsa4,active,1.724,0.371
Chimp hap2,chr3_hap2_hsa4,active,1.708,0.3715
Chimp hap2,chr3_hap2_hsa4,active,1.744,0.3725
Chimp hap2,chr3_hap2_hsa4,active,1.724,0.3795
Chimp hap2,chr3_hap2_hsa4,active,1.776,0.378
Chimp hap2,chr3_hap2_hsa4,active,1.764,0.3725
Chimp hap2,chr3_hap2_hsa4,active,1.72,0.3775
Chimp hap2,chr3_hap2_hsa4,active,1.72,0.3705
Chimp hap2,chr3_hap2_hsa4,active,1.716,0.3755
Chimp hap2,chr3_hap2_hsa4,active,1.712,0.3725
Chimp hap2,chr3_hap2_hsa4,active,1.716,0.374
Chimp hap2,chr3_hap2_hsa4,active,1.72,0.3745
Chimp hap2,chr3_hap2_hsa4,active,1.724,0.374
Chimp hap2,chr3_hap2_hsa4,active,1.724,0.3735
Chimp hap2,chr3_hap2_hsa4,active,1.64,0.3715
Chimp hap2,chr3_hap2_hsa4,active,1.748,0.377
Chimp hap2,chr3_hap2_hsa4,active,1.644,0.3705
Chimp hap2,chr3_hap2_hsa4,active,1.752,0.377
Chimp hap2,chr3_hap2_hsa4,active,1.684,0.3745
Chimp hap2,chr3_hap2_hsa4,active,1.772,0.3765
Chimp hap2,chr3_hap2_hsa4,active,1.704,0.3715
Chimp hap2,chr3_hap2_hsa4,active,1.632,0.374
Chimp hap2,chr3_hap2_hsa4,active,1.66,0.3805
Chimp hap2,chr3_hap2_hsa4,active,1.744,0.3735
Chimp hap2,chr3_hap2_hsa4,active,1.64,0.379
Chimp hap2,chr3_hap2_hsa4,active,1.732,0.371
Chimp hap2,chr3_hap2_hsa4,active,1.708,0.3795
Chimp hap2,chr3_hap2_hsa4,active,1.78,0.3765
Chimp hap2,chr3_hap2_hsa4,active,1.792,0.3755
Chimp hap2,chr3_hap2_hsa4,active,1.764,0.3735
Chimp hap2,chr3_hap2_hsa4,active,1.76,0.3725
Chimp hap2,chr3_hap2_hsa4,active,1.768,0.38
Chimp hap2,chr3_hap2_hsa4,active,1.688,0.3715
Chimp hap2,chr3_hap2_hsa4,active,1.844,0.3745
Chimp hap2,chr3_hap2_hsa4,active,1.744,0.3745
Chimp hap2,chr3_hap2_hsa4,active,1.748,0.378
Chimp hap2,chr3_hap2_hsa4,active,1.8,0.374
Chimp hap2,chr3_hap2_hsa4,active,1.756,0.3745
Chimp hap2,chr3_hap2_hsa4,active,1.724,0.374
Chimp hap2,chr3_hap2_hsa4,active,1.824,0.3735
Chimp hap2,chr3_hap2_hsa4,active,1.74,0.3745
Chimp hap2,chr3_hap2_hsa4,active,1.72,0.373
Chimp hap2,chr3_hap2_hsa4,active,1.792,0.3725
Chimp hap2,chr3_hap2_hsa4,active,1.744,0.379
Chimp hap2,chr3_hap2_hsa4,active,1.724,0.374
Chimp hap2,chr3_hap2_hsa4,active,1.728,0.3775
Chimp hap2,chr3_hap2_hsa4,active,1.664,0.3785
Chimp hap2,chr3_hap2_hsa4,active,1.776,0.3765
Chimp hap2,chr3_hap2_hsa4,active,1.74,0.373
Chimp hap2,chr3_hap2_hsa4,active,1.488,0.378
Chimp hap2,chr3_hap2_hsa4,active,1.732,0.374
Chimp hap2,chr3_hap2_hsa4,active,1.784,0.379
Chimp hap2,chr3_hap2_hsa4,active,1.664,0.3745
Chimp hap2,chr3_hap2_hsa4,active,1.736,0.3785
Chimp hap2,chr3_hap2_hsa4,active,1.764,0.377
Chimp hap2,chr3_hap2_hsa4,active,1.72,0.376
Chimp hap2,chr3_hap2_hsa4,active,1.74,0.375
Chimp hap2,chr3_hap2_hsa4,active,1.776,0.3705
Chimp hap2,chr3_hap2_hsa4,active,1.776,0.377
Chimp hap2,chr3_hap2_hsa4,active,1.724,0.377
Chimp hap2,chr3_hap2_hsa4,active,1.7,0.3745
Chimp hap2,chr3_hap2_hsa4,active,1.74,0.377
Chimp hap2,chr3_hap2_hsa4,active,1.812,0.3735
Chimp hap2,chr3_hap2_hsa4,active,1.76,0.3765
Chimp hap2,chr3_hap2_hsa4,active,1.796,0.3775
Chimp hap2,chr3_hap2_hsa4,active,1.728,0.3745
Chimp hap2,chr3_hap2_hsa4,active,1.748,0.3725
Chimp hap2,chr3_hap2_hsa4,active,1.68,0.381
Chimp hap2,chr3_hap2_hsa4,active,1.66,0.374
Chimp hap2,chr3_hap2_hsa4,active,1.724,0.379
Chimp hap2,chr3_hap2_hsa4,active,1.6,0.3755
Chimp hap2,chr3_hap2_hsa4,active,1.688,0.3765
Chimp hap2,chr3_hap2_hsa4,active,1.728,0.379
Chimp hap2,chr3_hap2_hsa4,active,1.752,0.3745
Chimp hap2,chr3_hap2_hsa4,active,1.664,0.3755
Chimp hap2,chr3_hap2_hsa4,active,1.728,0.375
Chimp hap2,chr3_hap2_hsa4,active,1.728,0.3775
Chimp hap2,chr3_hap2_hsa4,active,1.66,0.3735
Chimp hap2,chr3_hap2_hsa4,active,1.728,0.3795
Chimp hap2,chr3_hap2_hsa4,active,1.732,0.377
Chimp hap2,chr3_hap2_hsa4,active,1.732,0.3755
Chimp hap2,chr3_hap2_hsa4,active,1.804,0.375
Chimp hap2,chr3_hap2_hsa4,active,1.772,0.376
Chimp hap2,chr3_hap2_hsa4,active,1.756,0.374
Chimp hap2,chr3_hap2_hsa4,active,1.688,0.375
Chimp hap2,chr3_hap2_hsa4,active,1.752,0.3785
Chimp hap2,chr3_hap2_hsa4,active,1.74,0.38
Chimp hap2,chr3_hap2_hsa4,active,1.76,0.3785
Chimp hap2,chr3_hap2_hsa4,active,1.764,0.374
Chimp hap2,chr3_hap2_hsa4,active,1.74,0.3785
Chimp hap2,chr3_hap2_hsa4,active,1.744,0.378
Chimp hap2,chr3_hap2_hsa4,active,1.716,0.375
Chimp hap2,chr3_hap2_hsa4,active,1.772,0.381
Chimp hap2,chr3_hap2_hsa4,active,1.788,0.3695
Chimp hap2,chr3_hap2_hsa4,active,1.752,0.3745
Chimp hap2,chr3_hap2_hsa4,active,1.72,0.3755
Chimp hap2,chr3_hap2_hsa4,active,1.732,0.3775
Chimp hap2,chr3_hap2_hsa4,active,1.74,0.3815
Chimp hap2,chr3_hap2_hsa4,active,1.748,0.3755
Chimp hap2,chr3_hap2_hsa4,active,1.764,0.38
Chimp hap2,chr3_hap2_hsa4,active,1.768,0.375
Chimp hap2,chr3_hap2_hsa4,active,1.708,0.3775
Chimp hap2,chr3_hap2_hsa4,active,1.732,0.3755
Chimp hap2,chr3_hap2_hsa4,active,1.728,0.377
Chimp hap2,chr3_hap2_hsa4,active,1.708,0.375
Chimp hap2,chr3_hap2_hsa4,active,1.72,0.378
Chimp hap2,chr3_hap2_hsa4,active,1.728,0.381
Chimp hap2,chr3_hap2_hsa4,active,1.648,0.371
Chimp hap2,chr3_hap2_hsa4,active,1.716,0.381
Chimp hap2,chr3_hap2_hsa4,active,1.732,0.3775
Chimp hap2,chr3_hap2_hsa4,active,1.664,0.374
Chimp hap2,chr3_hap2_hsa4,active,1.72,0.377
Chimp hap2,chr3_hap2_hsa4,active,1.7,0.375
Chimp hap2,chr3_hap2_hsa4,active,1.728,0.378
Chimp hap2,chr3_hap2_hsa4,active,1.7,0.3775
Chimp hap2,chr3_hap2_hsa4,active,1.708,0.373
Chimp hap2,chr3_hap2_hsa4,active,1.72,0.3795
Chimp hap2,chr3_hap2_hsa4,active,1.688,0.379
Chimp hap2,chr3_hap2_hsa4,active,1.712,0.374
Chimp hap2,chr3_hap2_hsa4,active,1.704,0.3775
Chimp hap2,chr3_hap2_hsa4,active,1.708,0.374
Chimp hap2,chr3_hap2_hsa4,active,1.74,0.3775
Chimp hap2,chr3_hap2_hsa4,active,1.684,0.374
Chimp hap2,chr3_hap2_hsa4,active,1.764,0.375
Chimp hap2,chr3_hap2_hsa4,active,1.684,0.3785
Chimp hap2,chr3_hap2_hsa4,active,1.732,0.376
Chimp hap2,chr3_hap2_hsa4,active,1.72,0.377
Chimp hap2,chr3_hap2_hsa4,active,1.716,0.375
Chimp hap2,chr3_hap2_hsa4,active,1.804,0.3775
Chimp hap2,chr3_hap2_hsa4,active,1.748,0.372
Chimp hap2,chr3_hap2_hsa4,active,1.768,0.3745
Chimp hap2,chr3_hap2_hsa4,active,1.732,0.3815
Chimp hap2,chr3_hap2_hsa4,active,1.744,0.377
Chimp hap2,chr3_hap2_hsa4,active,1.752,0.377
Chimp hap2,chr3_hap2_hsa4,active,1.66,0.378
Chimp hap2,chr3_hap2_hsa4,active,1.724,0.3805
Chimp hap2,chr3_hap2_hsa4,active,1.7,0.375
Chimp hap2,chr3_hap2_hsa4,active,1.736,0.3795
Chimp hap2,chr3_hap2_hsa4,active,1.716,0.374
Chimp hap2,chr3_hap2_hsa4,active,1.732,0.375
Chimp hap2,chr3_hap2_hsa4,active,1.744,0.379
Chimp hap2,chr3_hap2_hsa4,active,1.752,0.376
Chimp hap2,chr3_hap2_hsa4,active,1.744,0.375
Chimp hap2,chr3_hap2_hsa4,active,1.724,0.378
Chimp hap2,chr3_hap2_hsa4,active,1.744,0.3785
Chimp hap2,chr3_hap2_hsa4,active,1.58,0.374
Chimp hap2,chr3_hap2_hsa4,active,1.72,0.3775
Chimp hap2,chr3_hap2_hsa4,active,1.704,0.376
Chimp hap2,chr3_hap2_hsa4,active,1.716,0.377
Chimp hap2,chr3_hap2_hsa4,active,1.572,0.377
Chimp hap2,chr3_hap2_hsa4,active,1.72,0.3725
Chimp hap2,chr3_hap2_hsa4,active,1.74,0.378
Chimp hap2,chr3_hap2_hsa4,active,1.708,0.3785
Chimp hap2,chr3_hap2_hsa4,active,1.7,0.375
Chimp hap2,chr3_hap2_hsa4,active,1.728,0.3785
Chimp hap2,chr3_hap2_hsa4,active,1.74,0.3755
Chimp hap2,chr3_hap2_hsa4,active,1.692,0.378
Chimp hap2,chr3_hap2_hsa4,active,1.732,0.3735
Chimp hap2,chr3_hap2_hsa4,active,1.748,0.373
Chimp hap2,chr3_hap2_hsa4,active,1.732,0.379
Chimp hap2,chr3_hap2_hsa4,active,1.696,0.372
Chimp hap2,chr3_hap2_hsa4,active,1.748,0.375
Chimp hap2,chr3_hap2_hsa4,active,1.688,0.378
Chimp hap2,chr3_hap2_hsa4,active,1.7,0.374
Chimp hap2,chr3_hap2_hsa4,active,1.68,0.3795
Chimp hap2,chr3_hap2_hsa4,active,1.696,0.3755
Chimp hap2,chr3_hap2_hsa4,active,1.78,0.375
Chimp hap2,chr3_hap2_hsa4,active,1.74,0.376
Chimp hap2,chr3_hap2_hsa4,active,1.724,0.3725
Chimp hap2,chr3_hap2_hsa4,active,1.708,0.379
Chimp hap2,chr3_hap2_hsa4,active,1.672,0.371
Chimp hap2,chr3_hap2_hsa4,active,1.744,0.379
Chimp hap2,chr3_hap2_hsa4,active,1.668,0.375
Chimp hap2,chr3_hap2_hsa4,active,1.716,0.3755
Chimp hap2,chr3_hap2_hsa4,active,1.736,0.3765
Chimp hap2,chr3_hap2_hsa4,active,1.712,0.3755
Chimp hap2,chr3_hap2_hsa4,active,1.712,0.374
Chimp hap2,chr3_hap2_hsa4,active,1.74,0.3745
Chimp hap2,chr3_hap2_hsa4,active,1.744,0.3745
Chimp hap2,chr3_hap2_hsa4,active,1.776,0.375
Chimp hap2,chr3_hap2_hsa4,active,1.736,0.3765
Chimp hap2,chr3_hap2_hsa4,active,1.724,0.3755
Chimp hap2,chr3_hap2_hsa4,active,1.732,0.3735
Chimp hap2,chr3_hap2_hsa4,active,1.7,0.374
Chimp hap2,chr3_hap2_hsa4,active,1.736,0.378
Chimp hap2,chr3_hap2_hsa4,active,1.692,0.373
Chimp hap2,chr3_hap2_hsa4,active,1.72,0.3785
Chimp hap2,chr3_hap2_hsa4,active,1.692,0.3745
Chimp hap2,chr3_hap2_hsa4,active,1.684,0.3735
Chimp hap2,chr3_hap2_hsa4,active,1.74,0.3785
Chimp hap2,chr3_hap2_hsa4,active,1.728,0.3765
Chimp hap2,chr3_hap2_hsa4,active,1.744,0.3735
Chimp hap2,chr3_hap2_hsa4,active,1.748,0.3775
Chimp hap2,chr3_hap2_hsa4,active,1.732,0.375
Chimp hap2,chr3_hap2_hsa4,active,1.752,0.3745
Chimp hap2,chr3_hap2_hsa4,active,1.756,0.38
Chimp hap2,chr3_hap2_hsa4,active,1.692,0.374
Chimp hap2,chr3_hap2_hsa4,active,1.748,0.3765
Chimp hap2,chr3_hap2_hsa4,active,1.692,0.375
Chimp hap2,chr3_hap2_hsa4,active,1.708,0.371
Chimp hap2,chr3_hap2_hsa4,active,1.74,0.381
Chimp hap2,chr3_hap2_hsa4,active,1.728,0.3725
Chimp hap2,chr3_hap2_hsa4,active,1.752,0.376
Chimp hap2,chr3_hap2_hsa4,active,1.792,0.379
Chimp hap2,chr3_hap2_hsa4,active,1.76,0.3745
Chimp hap2,chr3_hap2_hsa4,active,1.688,0.3735
Chimp hap2,chr3_hap2_hsa4,active,1.796,0.375
Chimp hap2,chr3_hap2_hsa4,active,1.732,0.3795
Chimp hap2,chr3_hap2_hsa4,active,1.732,0.3765
Chimp hap2,chr3_hap2_hsa4,active,1.772,0.3775
Chimp hap2,chr3_hap2_hsa4,active,1.764,0.3715
Chimp hap2,chr3_hap2_hsa4,active,1.7,0.376
Chimp hap2,chr3_hap2_hsa4,active,1.724,0.374
Chimp hap2,chr3_hap2_hsa4,active,1.776,0.3775
Chimp hap2,chr3_hap2_hsa4,active,1.748,0.3785
Chimp hap2,chr3_hap2_hsa4,active,1.74,0.376
Chimp hap2,chr3_hap2_hsa4,active,1.716,0.3775
Chimp hap2,chr3_hap2_hsa4,active,1.748,0.374
Chimp hap2,chr3_hap2_hsa4,active,1.748,0.3765
Chimp hap2,chr3_hap2_hsa4,active,1.76,0.3775
Chimp hap2,chr3_hap2_hsa4,active,1.752,0.3745
Chimp hap2,chr3_hap2_hsa4,active,1.776,0.374
Chimp hap2,chr3_hap2_hsa4,active,1.76,0.3785
Chimp hap2,chr3_hap2_hsa4,active,1.736,0.376
Chimp hap2,chr3_hap2_hsa4,active,1.728,0.373
Chimp hap2,chr3_hap2_hsa4,active,1.764,0.3805
Chimp hap2,chr3_hap2_hsa4,active,1.716,0.376
Chimp hap2,chr3_hap2_hsa4,active,1.76,0.374
Chimp hap2,chr3_hap2_hsa4,active,1.752,0.3755
Chimp hap2,chr3_hap2_hsa4,active,1.736,0.3745
Chimp hap2,chr3_hap2_hsa4,active,1.708,0.375
Chimp hap2,chr3_hap2_hsa4,active,1.776,0.378
Chimp hap2,chr3_hap2_hsa4,active,1.72,0.374
Chimp hap2,chr3_hap2_hsa4,active,1.668,0.3745
Chimp hap2,chr3_hap2_hsa4,active,1.756,0.377
Chimp hap2,chr3_hap2_hsa4,active,1.712,0.3745
Chimp hap2,chr3_hap2_hsa4,active,1.728,0.372
Chimp hap2,chr3_hap2_hsa4,active,1.76,0.373
Chimp hap2,chr3_hap2_hsa4,active,1.712,0.3755
Chimp hap2,chr3_hap2_hsa4,active,1.74,0.3785
Chimp hap2,chr3_hap2_hsa4,active,1.72,0.376
Chimp hap2,chr3_hap2_hsa4,active,1.652,0.3725
Chimp hap2,chr3_hap2_hsa4,active,1.772,0.369
Chimp hap2,chr3_hap2_hsa4,active,1.732,0.3755
Chimp hap2,chr3_hap2_hsa4,active,1.768,0.3735
Chimp hap2,chr3_hap2_hsa4,active,1.696,0.3775
Chimp hap2,chr3_hap2_hsa4,active,1.768,0.376
Chimp hap2,chr3_hap2_hsa4,active,1.732,0.3775
Chimp hap2,chr3_hap2_hsa4,active,1.784,0.3735
Chimp hap2,chr3_hap2_hsa4,active,1.776,0.378
Chimp hap2,chr3_hap2_hsa4,active,1.692,0.375
Chimp hap2,chr3_hap2_hsa4,active,1.736,0.3725
Chimp hap2,chr3_hap2_hsa4,active,1.76,0.3795
Chimp hap2,chr3_hap2_hsa4,active,1.748,0.377
Chimp hap2,chr3_hap2_hsa4,active,1.756,0.3745
Chimp hap2,chr3_hap2_hsa4,active,1.784,0.3755
Chimp hap2,chr3_hap2_hsa4,active,1.72,0.377
Chimp hap2,chr3_hap2_hsa4,active,1.716,0.372
Chimp hap2,chr3_hap2_hsa4,active,1.752,0.375
Chimp hap2,chr3_hap2_hsa4,active,1.708,0.3805
Chimp hap2,chr3_hap2_hsa4,active,1.748,0.379
Chimp hap2,chr3_hap2_hsa4,active,1.792,0.375
Chimp hap2,chr3_hap2_hsa4,active,1.72,0.3745
Chimp hap2,chr3_hap2_hsa4,active,1.74,0.377
Chimp hap2,chr3_hap2_hsa4,active,1.724,0.3725
Chimp hap2,chr3_hap2_hsa4,active,1.732,0.3795
Chimp hap2,chr3_hap2_hsa4,active,1.764,0.3735
Chimp hap2,chr3_hap2_hsa4,active,1.74,0.3765
Chimp hap2,chr3_hap2_hsa4,active,1.768,0.3765
Chimp hap2,chr3_hap2_hsa4,active,1.736,0.377
Chimp hap2,chr3_hap2_hsa4,active,1.736,0.3735
Chimp hap2,chr3_hap2_hsa4,active,1.756,0.3785
Chimp hap2,chr3_hap2_hsa4,active,1.752,0.3735
Chimp hap2,chr3_hap2_hsa4,active,1.756,0.372
Chimp hap2,chr3_hap2_hsa4,active,1.74,0.3795
Chimp hap2,chr3_hap2_hsa4,active,1.756,0.3785
Chimp hap2,chr3_hap2_hsa4,active,1.668,0.3735
Chimp hap2,chr3_hap2_hsa4,active,1.752,0.375
Chimp hap2,chr3_hap2_hsa4,active,1.696,0.3795
Chimp hap2,chr3_hap2_hsa4,active,1.708,0.3735
Chimp hap2,chr3_hap2_hsa4,active,1.76,0.379
Chimp hap2,chr3_hap2_hsa4,active,1.744,0.3745
Chimp hap2,chr3_hap2_hsa4,active,1.724,0.373
Chimp hap2,chr3_hap2_hsa4,active,1.744,0.3775
Chimp hap2,chr3_hap2_hsa4,active,1.78,0.37
Chimp hap2,chr3_hap2_hsa4,active,1.708,0.373
Chimp hap2,chr3_hap2_hsa4,active,1.768,0.377
Chimp hap2,chr3_hap2_hsa4,active,1.736,0.3775
Chimp hap2,chr3_hap2_hsa4,active,1.704,0.3755
Chimp hap2,chr3_hap2_hsa4,active,1.688,0.377
Chimp hap2,chr3_hap2_hsa4,active,1.72,0.37
Chimp hap2,chr3_hap2_hsa4,active,1.492,0.368
Chimp hap2,chr3_hap2_hsa4,active,1.748,0.373
Chimp hap2,chr3_hap2_hsa4,active,1.624,0.3675
Chimp hap2,chr3_hap2_hsa4,active,1.72,0.378
Chimp hap2,chr3_hap2_hsa4,active,1.768,0.377
Chimp hap2,chr3_hap2_hsa4,active,1.496,0.3655
Chimp hap2,chr3_hap2_hsa4,active,1.652,0.373
Chimp hap2,chr3_hap2_hsa4,active,1.708,0.3695
Chimp hap2,chr3_hap2_hsa4,active,1.756,0.377
Chimp hap2,chr3_hap2_hsa4,active,1.704,0.3695
Chimp hap2,chr3_hap2_hsa4,active,1.632,0.372
Chimp hap2,chr3_hap2_hsa4,active,1.628,0.3705
Chimp hap2,chr3_hap2_hsa4,active,1.704,0.375
Chimp hap2,chr3_hap2_hsa4,active,1.708,0.375
Chimp hap2,chr3_hap2_hsa4,active,1.62,0.3745
Chimp hap2,chr3_hap2_hsa4,active,1.656,0.37
Chimp hap2,chr3_hap2_hsa4,active,1.724,0.3755
Chimp hap2,chr3_hap2_hsa4,active,1.716,0.372
Chimp hap2,chr3_hap2_hsa4,active,1.632,0.371
Chimp hap2,chr3_hap2_hsa4,active,1.648,0.373
Chimp hap2,chr3_hap2_hsa4,active,1.744,0.3715
Chimp hap2,chr3_hap2_hsa4,active,1.704,0.3745
Chimp hap2,chr3_hap2_hsa4,active,1.612,0.37
Chimp hap2,chr3_hap2_hsa4,active,1.72,0.3745
Chimp hap2,chr3_hap2_hsa4,active,1.708,0.3725
Chimp hap2,chr3_hap2_hsa4,active,1.632,0.3745
Chimp hap2,chr3_hap2_hsa4,active,1.636,0.3705
Chimp hap2,chr3_hap2_hsa4,active,1.72,0.3725
Chimp hap2,chr3_hap2_hsa4,active,1.672,0.372
Chimp hap2,chr3_hap2_hsa4,active,1.592,0.371
Chimp hap2,chr3_hap2_hsa4,active,1.612,0.37
Chimp hap2,chr3_hap2_hsa4,active,1.676,0.372
Chimp hap2,chr3_hap2_hsa4,active,1.692,0.374
Chimp hap2,chr3_hap2_hsa4,active,1.604,0.3715
Chimp hap2,chr3_hap2_hsa4,active,1.604,0.3715
Chimp hap2,chr3_hap2_hsa4,active,1.696,0.37
Chimp hap2,chr3_hap2_hsa4,active,1.628,0.3695
Chimp hap2,chr3_hap2_hsa4,active,1.668,0.3745
Chimp hap2,chr3_hap2_hsa4,active,1.756,0.3725
Chimp hap2,chr3_hap2_hsa4,active,1.58,0.37
Chimp hap2,chr3_hap2_hsa4,active,1.656,0.375
Chimp hap2,chr3_hap2_hsa4,active,1.72,0.3725
Chimp hap2,chr3_hap2_hsa4,active,1.664,0.3725
Chimp hap2,chr3_hap2_hsa4,active,1.596,0.369
Chimp hap2,chr3_hap2_hsa4,active,1.724,0.375
Chimp hap2,chr3_hap2_hsa4,active,1.632,0.3675
Chimp hap2,chr3_hap2_hsa4,active,1.72,0.375
Chimp hap2,chr3_hap2_hsa4,active,1.612,0.371
Chimp hap2,chr3_hap2_hsa4,active,1.68,0.3745
Chimp hap2,chr3_hap2_hsa4,active,1.72,0.372
Chimp hap2,chr3_hap2_hsa4,active,1.628,0.374
Chimp hap2,chr3_hap2_hsa4,active,1.732,0.371
Chimp hap2,chr3_hap2_hsa4,active,1.776,0.3805
Chimp hap2,chr3_hap2_hsa4,active,1.716,0.371
Chimp hap2,chr3_hap2_hsa4,active,1.608,0.3695
Chimp hap2,chr3_hap2_hsa4,active,1.712,0.376
Chimp hap2,chr3_hap2_hsa4,active,1.768,0.3765
Chimp hap2,chr3_hap2_hsa4,active,1.676,0.3725
Chimp hap2,chr3_hap2_hsa4,active,1.692,0.371
Chimp hap2,chr3_hap2_hsa4,active,1.696,0.374
Chimp hap2,chr3_hap2_hsa4,active,1.604,0.3725
Chimp hap2,chr3_hap2_hsa4,active,1.732,0.3725
Chimp hap2,chr3_hap2_hsa4,active,1.64,0.3745
Chimp hap2,chr3_hap2_hsa4,active,1.668,0.3695
Chimp hap2,chr3_hap2_hsa4,active,1.756,0.3775
Chimp hap2,chr3_hap2_hsa4,active,1.72,0.375
Chimp hap2,chr3_hap2_hsa4,active,1.62,0.3695
Chimp hap2,chr3_hap2_hsa4,active,1.724,0.3725
Chimp hap2,chr3_hap2_hsa4,active,1.768,0.3805
Chimp hap2,chr3_hap2_hsa4,active,1.736,0.3735
Chimp hap2,chr3_hap2_hsa4,active,1.644,0.373
Chimp hap2,chr3_hap2_hsa4,active,1.788,0.3755
Chimp hap2,chr3_hap2_hsa4,active,1.68,0.37
Chimp hap2,chr3_hap2_hsa4,active,1.66,0.3745
Chimp hap2,chr3_hap2_hsa4,active,1.772,0.3715
Chimp hap2,chr3_hap2_hsa4,active,1.68,0.378
Chimp hap2,chr3_hap2_hsa4,active,1.744,0.368
Chimp hap2,chr3_hap2_hsa4,active,1.688,0.376
Chimp hap2,chr3_hap2_hsa4,active,1.596,0.3715
Chimp hap2,chr3_hap2_hsa4,active,1.644,0.3725
Chimp hap2,chr3_hap2_hsa4,active,1.716,0.375
Chimp hap2,chr3_hap2_hsa4,active,1.712,0.3715
Chimp hap2,chr3_hap2_hsa4,active,1.636,0.3735
Chimp hap2,chr3_hap2_hsa4,active,1.74,0.3745
Chimp hap2,chr3_hap2_hsa4,active,1.612,0.372
Chimp hap2,chr3_hap2_hsa4,active,1.688,0.3705
Chimp hap2,chr3_hap2_hsa4,active,1.692,0.3735
Chimp hap2,chr3_hap2_hsa4,active,1.704,0.373
Chimp hap2,chr3_hap2_hsa4,active,1.62,0.3725
Chimp hap2,chr3_hap2_hsa4,active,1.636,0.3705
Chimp hap2,chr3_hap2_hsa4,active,1.728,0.373
Chimp hap2,chr3_hap2_hsa4,active,1.616,0.371
Chimp hap2,chr3_hap2_hsa4,active,1.688,0.372
Chimp hap2,chr3_hap2_hsa4,active,1.66,0.372
Chimp hap2,chr3_hap2_hsa4,active,1.652,0.372
Chimp hap2,chr3_hap2_hsa4,active,1.58,0.3705
Chimp hap2,chr3_hap2_hsa4,active,1.68,0.371
Chimp hap2,chr3_hap2_hsa4,active,1.74,0.3765
Chimp hap2,chr3_hap2_hsa4,active,1.696,0.372
Chimp hap2,chr3_hap2_hsa4,active,1.64,0.371
Chimp hap2,chr3_hap2_hsa4,active,1.644,0.3745
Chimp hap2,chr3_hap2_hsa4,active,1.732,0.3705
Chimp hap2,chr3_hap2_hsa4,active,1.676,0.3725
Chimp hap2,chr3_hap2_hsa4,active,1.6,0.37
Chimp hap2,chr3_hap2_hsa4,active,1.708,0.3735
Chimp hap2,chr3_hap2_hsa4,active,1.692,0.372
Chimp hap2,chr3_hap2_hsa4,active,1.608,0.372
Chimp hap2,chr3_hap2_hsa4,active,1.656,0.372
Chimp hap2,chr3_hap2_hsa4,active,1.76,0.373
Chimp hap2,chr3_hap2_hsa4,active,1.608,0.3695
Chimp hap2,chr3_hap2_hsa4,active,1.764,0.374
Chimp hap2,chr3_hap2_hsa4,active,1.632,0.371
Chimp hap2,chr3_hap2_hsa4,active,1.72,0.3725
Chimp hap2,chr3_hap2_hsa4,active,1.656,0.376
Chimp hap2,chr3_hap2_hsa4,active,1.704,0.3725
Chimp hap2,chr3_hap2_hsa4,active,1.748,0.3765
Chimp hap2,chr3_hap2_hsa4,active,1.7,0.372
Chimp hap2,chr3_hap2_hsa4,active,1.656,0.372
Chimp hap2,chr3_hap2_hsa4,active,1.64,0.373
Chimp hap2,chr3_hap2_hsa4,active,1.732,0.3725
Chimp hap2,chr3_hap2_hsa4,active,1.736,0.3775
Chimp hap2,chr3_hap2_hsa4,active,1.756,0.3735
Chimp hap2,chr3_hap2_hsa4,active,1.584,0.371
Chimp hap2,chr3_hap2_hsa4,active,1.724,0.38
Chimp hap2,chr3_hap2_hsa4,active,1.788,0.373
Chimp hap2,chr3_hap2_hsa4,active,1.572,0.3695
Chimp hap2,chr3_hap2_hsa4,active,1.664,0.3705
Chimp hap2,chr3_hap2_hsa4,active,1.712,0.3745
Chimp hap2,chr3_hap2_hsa4,active,1.724,0.3795
Chimp hap2,chr3_hap2_hsa4,active,1.776,0.372
Chimp hap2,chr3_hap2_hsa4,active,1.692,0.376
Chimp hap2,chr3_hap2_hsa4,active,1.736,0.376
Chimp hap2,chr3_hap2_hsa4,active,1.588,0.371
Chimp hap2,chr3_hap2_hsa4,active,1.712,0.3775
Chimp hap2,chr3_hap2_hsa4,active,1.752,0.3735
Chimp hap2,chr3_hap2_hsa4,active,1.724,0.376
Chimp hap2,chr3_hap2_hsa4,active,1.784,0.3745
Chimp hap2,chr3_hap2_hsa4,active,1.672,0.377
Chimp hap2,chr3_hap2_hsa4,active,1.72,0.3755
Chimp hap2,chr3_hap2_hsa4,active,1.596,0.368
Chimp hap2,chr3_hap2_hsa4,active,1.752,0.3795
Chimp hap2,chr3_hap2_hsa4,active,1.736,0.373
Chimp hap2,chr3_hap2_hsa4,active,1.608,0.3735
Chimp hap2,chr3_hap2_hsa4,active,1.644,0.371
Chimp hap2,chr3_hap2_hsa4,active,1.7,0.3685
Chimp hap2,chr3_hap2_hsa4,active,1.624,0.374
Chimp hap2,chr3_hap2_hsa4,active,1.596,0.369
Chimp hap2,chr3_hap2_hsa4,active,1.736,0.3775
Chimp hap2,chr3_hap2_hsa4,active,1.76,0.3735
Chimp hap2,chr3_hap2_hsa4,active,1.588,0.372
Chimp hap2,chr3_hap2_hsa4,active,1.736,0.3795
Chimp hap2,chr3_hap2_hsa4,active,1.788,0.3745
Chimp hap2,chr3_hap2_hsa4,active,1.564,0.368
Chimp hap2,chr3_hap2_hsa4,active,1.764,0.3755
Chimp hap2,chr3_hap2_hsa4,active,1.504,0.3725
Chimp hap2,chr3_hap2_hsa4,active,1.748,0.3755
Chimp hap2,chr3_hap2_hsa4,active,1.816,0.377
Chimp hap2,chr3_hap2_hsa4,active,1.652,0.376
Chimp hap2,chr3_hap2_hsa4,active,1.768,0.3725
Chimp hap2,chr3_hap2_hsa4,active,1.664,0.372
Chimp hap2,chr3_hap2_hsa4,active,1.64,0.377
Chimp hap2,chr3_hap2_hsa4,active,1.76,0.3745
Chimp hap2,chr3_hap2_hsa4,active,1.72,0.3775
Chimp hap2,chr3_hap2_hsa4,active,1.516,0.371
Chimp hap2,chr3_hap2_hsa4,active,1.724,0.374
Chimp hap2,chr3_hap2_hsa4,active,1.728,0.3765
Chimp hap2,chr3_hap2_hsa4,active,1.788,0.3715
Chimp hap2,chr3_hap2_hsa4,active,1.736,0.3785
Chimp hap2,chr3_hap2_hsa4,active,1.64,0.37
Chimp hap2,chr3_hap2_hsa4,active,1.712,0.377
Chimp hap2,chr3_hap2_hsa4,active,1.756,0.3735
Chimp hap2,chr3_hap2_hsa4,active,1.636,0.373
Chimp hap2,chr3_hap2_hsa4,active,1.708,0.375
Chimp hap2,chr3_hap2_hsa4,active,1.56,0.378
Chimp hap2,chr3_hap2_hsa4,active,1.688,0.3695
Chimp hap2,chr3_hap2_hsa4,active,1.648,0.374
Chimp hap2,chr3_hap2_hsa4,active,1.764,0.3735
Chimp hap2,chr3_hap2_hsa4,active,1.724,0.373
Chimp hap2,chr3_hap2_hsa4,active,1.74,0.375
Chimp hap2,chr3_hap2_hsa4,active,1.728,0.3735
Chimp hap2,chr3_hap2_hsa4,active,1.72,0.37
Chimp hap2,chr3_hap2_hsa4,active,1.704,0.379
Chimp hap2,chr3_hap2_hsa4,active,1.68,0.3715
Chimp hap2,chr3_hap2_hsa4,active,1.736,0.3765
Chimp hap2,chr3_hap2_hsa4,active,1.656,0.37
Chimp hap2,chr3_hap2_hsa4,active,1.544,0.3735
Chimp hap2,chr3_hap2_hsa4,active,1.668,0.373
Chimp hap2,chr3_hap2_hsa4,active,1.44,0.373
Chimp hap2,chr3_hap2_hsa4,active,1.74,0.374
Chimp hap2,chr3_hap2_hsa4,active,1.464,0.372
Chimp hap2,chr3_hap2_hsa4,active,1.78,0.375
Chimp hap2,chr3_hap2_hsa4,active,1.628,0.371
Chimp hap2,chr3_hap2_hsa4,active,1.64,0.3745
Chimp hap2,chr3_hap2_hsa4,active,1.752,0.379
Chimp hap2,chr3_hap2_hsa4,active,1.696,0.3745
Chimp hap2,chr3_hap2_hsa4,active,1.744,0.377
Chimp hap2,chr3_hap2_hsa4,active,1.72,0.3765
Chimp hap2,chr3_hap2_hsa4,active,1.692,0.369
Chimp hap2,chr3_hap2_hsa4,active,1.732,0.3755
Chimp hap2,chr3_hap2_hsa4,active,1.776,0.379
Chimp hap2,chr3_hap2_hsa4,active,1.656,0.37
Chimp hap2,chr3_hap2_hsa4,active,1.76,0.3745
Chimp hap2,chr3_hap2_hsa4,active,1.712,0.377
Chimp hap2,chr3_hap2_hsa4,active,1.744,0.3775
Chimp hap2,chr3_hap2_hsa4,active,1.728,0.372
Chimp hap2,chr3_hap2_hsa4,active,1.724,0.377
Chimp hap2,chr3_hap2_hsa4,active,1.78,0.3755
Chimp hap2,chr3_hap2_hsa4,active,1.636,0.3705
Chimp hap2,chr3_hap2_hsa4,active,1.768,0.374
Chimp hap2,chr3_hap2_hsa4,active,1.744,0.378
Chimp hap2,chr3_hap2_hsa4,active,1.724,0.3775
Chimp hap2,chr3_hap2_hsa4,active,1.696,0.369
Chimp hap2,chr3_hap2_hsa4,active,1.752,0.3795
Chimp hap2,chr3_hap2_hsa4,active,1.632,0.3685
Chimp hap2,chr3_hap2_hsa4,active,1.7,0.376
Chimp hap2,chr3_hap2_hsa4,active,1.752,0.3795
Chimp hap2,chr3_hap2_hsa4,active,1.596,0.3685
Chimp hap2,chr3_hap2_hsa4,active,1.78,0.377
Chimp hap2,chr3_hap2_hsa4,active,1.68,0.373
Chimp hap2,chr3_hap2_hsa4,active,1.736,0.376
Chimp hap2,chr3_hap2_hsa4,active,1.576,0.372
Chimp hap2,chr3_hap2_hsa4,active,1.752,0.381
Chimp hap2,chr3_hap2_hsa4,active,1.616,0.3705
Chimp hap2,chr3_hap2_hsa4,active,1.628,0.379
Chimp hap2,chr3_hap2_hsa4,active,1.764,0.376
Chimp hap2,chr3_hap2_hsa4,active,1.732,0.3715
Chimp hap2,chr3_hap2_hsa4,active,1.784,0.376
Chimp hap2,chr3_hap2_hsa4,active,1.724,0.3755
Chimp hap2,chr3_hap2_hsa4,active,1.828,0.3765
Chimp hap2,chr3_hap2_hsa4,active,1.74,0.3725
Chimp hap2,chr3_hap2_hsa4,active,1.736,0.375
Chimp hap2,chr3_hap2_hsa4,active,1.768,0.3755
Chimp hap2,chr3_hap2_hsa4,active,1.752,0.3755
Chimp hap2,chr3_hap2_hsa4,active,1.732,0.3725
Chimp hap2,chr3_hap2_hsa4,active,1.72,0.3775
Chimp hap2,chr3_hap2_hsa4,active,1.776,0.373
Chimp hap2,chr3_hap2_hsa4,active,1.652,0.3745
Chimp hap2,chr3_hap2_hsa4,active,1.732,0.375
Chimp hap2,chr3_hap2_hsa4,active,1.6,0.3715
Chimp hap2,chr3_hap2_hsa4,active,1.776,0.3745
Chimp hap2,chr3_hap2_hsa4,active,1.66,0.373
Chimp hap2,chr3_hap2_hsa4,active,1.72,0.3735
Chimp hap2,chr3_hap2_hsa4,active,1.816,0.375
Chimp hap2,chr3_hap2_hsa4,active,1.764,0.377
Chimp hap2,chr3_hap2_hsa4,active,1.628,0.3745
Chimp hap2,chr3_hap2_hsa4,active,1.68,0.3785
Chimp hap2,chr3_hap2_hsa4,active,1.68,0.379
Chimp hap2,chr3_hap2_hsa4,active,1.68,0.3735
Chimp hap2,chr3_hap2_hsa4,active,1.68,0.3775
Chimp hap2,chr3_hap2_hsa4,active,1.728,0.3745
Chimp hap2,chr3_hap2_hsa4,active,1.704,0.378
Chimp hap2,chr3_hap2_hsa4,active,1.776,0.375
Chimp hap2,chr3_hap2_hsa4,active,1.68,0.369
Chimp hap2,chr3_hap2_hsa4,active,1.644,0.3735
Chimp hap2,chr3_hap2_hsa4,active,1.82,0.3765
Chimp hap2,chr3_hap2_hsa4,active,1.764,0.372
Chimp hap2,chr3_hap2_hsa4,active,1.728,0.376
Chimp hap2,chr3_hap2_hsa4,active,1.716,0.372
Chimp hap2,chr3_hap2_hsa4,active,1.688,0.3705
Chimp hap2,chr3_hap2_hsa4,active,1.736,0.377
Chimp hap2,chr3_hap2_hsa4,active,1.696,0.3735
Chimp hap2,chr3_hap2_hsa4,active,1.728,0.3685
Chimp hap2,chr3_hap2_hsa4,active,1.728,0.3765
Chimp hap2,chr3_hap2_hsa4,active,1.78,0.373
Chimp hap2,chr3_hap2_hsa4,active,1.7,0.377
Chimp hap2,chr3_hap2_hsa4,active,1.744,0.373
Chimp hap2,chr3_hap2_hsa4,active,1.728,0.379
Chimp hap2,chr3_hap2_hsa4,active,1.64,0.372
Chimp hap2,chr3_hap2_hsa4,active,1.744,0.3755
Chimp hap2,chr3_hap2_hsa4,active,1.776,0.3735
Chimp hap2,chr3_hap2_hsa4,active,1.592,0.375
Chimp hap2,chr3_hap2_hsa4,active,1.748,0.374
Chimp hap2,chr3_hap2_hsa4,active,1.756,0.3745
Chimp hap2,chr3_hap2_hsa4,active,1.644,0.3765
Chimp hap2,chr3_hap2_hsa4,active,1.62,0.3775
Chimp hap2,chr3_hap2_hsa4,active,1.74,0.373
Chimp hap2,chr3_hap2_hsa4,active,1.7,0.371
Chimp hap2,chr3_hap2_hsa4,active,1.68,0.3725
Chimp hap2,chr3_hap2_hsa4,active,1.596,0.3745
Chimp hap2,chr3_hap2_hsa4,active,1.732,0.372
Chimp hap2,chr3_hap2_hsa4,active,1.732,0.376
Chimp hap2,chr3_hap2_hsa4,active,1.716,0.3775
Chimp hap2,chr3_hap2_hsa4,active,1.736,0.3745
Chimp hap2,chr3_hap2_hsa4,active,1.66,0.372
Chimp hap2,chr3_hap2_hsa4,active,1.752,0.376
Chimp hap2,chr3_hap2_hsa4,active,1.644,0.3775
Chimp hap2,chr3_hap2_hsa4,active,1.7,0.3715
Chimp hap2,chr3_hap2_hsa4,active,1.64,0.3705
Chimp hap2,chr3_hap2_hsa4,active,1.764,0.376
Chimp hap2,chr3_hap2_hsa4,active,1.764,0.373
Chimp hap2,chr3_hap2_hsa4,active,1.656,0.377
Chimp hap2,chr3_hap2_hsa4,active,1.56,0.3765
Chimp hap2,chr3_hap2_hsa4,active,1.688,0.377
Chimp hap2,chr3_hap2_hsa4,active,1.628,0.3785
Chimp hap2,chr3_hap2_hsa4,active,1.772,0.3795
Chimp hap2,chr3_hap2_hsa4,active,1.704,0.3815
Chimp hap2,chr3_hap2_hsa4,active,1.724,0.374
Chimp hap2,chr3_hap2_hsa4,active,1.664,0.3755
Chimp hap2,chr3_hap2_hsa4,active,1.736,0.375
Chimp hap2,chr3_hap2_hsa4,active,1.656,0.3705
Chimp hap2,chr3_hap2_hsa4,active,1.66,0.375
Chimp hap2,chr3_hap2_hsa4,active,1.74,0.382
Chimp hap2,chr3_hap2_hsa4,active,1.668,0.3755
Chimp hap2,chr3_hap2_hsa4,active,1.72,0.3785
Chimp hap2,chr3_hap2_hsa4,active,1.736,0.378
Chimp hap2,chr3_hap2_hsa4,active,1.616,0.377
Chimp hap2,chr3_hap2_hsa4,active,1.68,0.37
Chimp hap2,chr3_hap2_hsa4,active,1.708,0.3755
Chimp hap2,chr3_hap2_hsa4,active,1.804,0.375
Chimp hap2,chr3_hap2_hsa4,active,1.724,0.3755
Chimp hap2,chr3_hap2_hsa4,active,1.696,0.3775
Chimp hap2,chr3_hap2_hsa4,active,1.732,0.376
Chimp hap2,chr3_hap2_hsa4,active,1.732,0.3715
Chimp hap2,chr3_hap2_hsa4,active,1.624,0.371
Chimp hap2,chr3_hap2_hsa4,active,1.688,0.3775
Chimp hap2,chr3_hap2_hsa4,active,1.792,0.3775
Chimp hap2,chr3_hap2_hsa4,active,1.692,0.37
Chimp hap2,chr3_hap2_hsa4,active,1.692,0.378
Chimp hap2,chr3_hap2_hsa4,active,1.656,0.3815
Chimp hap2,chr3_hap2_hsa4,active,1.72,0.3765
Chimp hap2,chr3_hap2_hsa4,active,1.692,0.3745
Chimp hap2,chr3_hap2_hsa4,active,1.72,0.377
Chimp hap2,chr3_hap2_hsa4,active,1.7,0.3755
Chimp hap2,chr3_hap2_hsa4,active,1.7,0.377
Chimp hap2,chr3_hap2_hsa4,active,1.792,0.3745
Chimp hap2,chr3_hap2_hsa4,active,1.632,0.3705
Chimp hap2,chr3_hap2_hsa4,active,1.792,0.3775
Chimp hap2,chr3_hap2_hsa4,active,1.7,0.377
Chimp hap2,chr3_hap2_hsa4,active,1.736,0.3705
Chimp hap2,chr3_hap2_hsa4,active,1.66,0.3765
Chimp hap2,chr3_hap2_hsa4,active,1.732,0.377
Chimp hap2,chr3_hap2_hsa4,active,1.688,0.377
Chimp hap2,chr3_hap2_hsa4,active,1.736,0.3745
Chimp hap2,chr3_hap2_hsa4,active,1.644,0.374
Chimp hap2,chr3_hap2_hsa4,active,1.688,0.372
Chimp hap2,chr3_hap2_hsa4,active,1.68,0.376
Chimp hap2,chr3_hap2_hsa4,active,1.676,0.376
Chimp hap2,chr3_hap2_hsa4,active,1.652,0.3785
Chimp hap2,chr3_hap2_hsa4,active,1.684,0.3715
Chimp hap2,chr3_hap2_hsa4,active,1.624,0.378
Chimp hap2,chr3_hap2_hsa4,active,1.712,0.3755
Chimp hap2,chr3_hap2_hsa4,active,1.692,0.376
Chimp hap2,chr3_hap2_hsa4,active,1.66,0.3735
Chimp hap2,chr3_hap2_hsa4,active,1.732,0.3755
Chimp hap2,chr3_hap2_hsa4,active,1.572,0.3725
Chimp hap2,chr3_hap2_hsa4,active,1.736,0.3785
Chimp hap2,chr3_hap2_hsa4,active,1.66,0.376
Chimp hap2,chr3_hap2_hsa4,active,1.724,0.3755
Chimp hap2,chr3_hap2_hsa4,active,1.74,0.3805
Chimp hap2,chr3_hap2_hsa4,active,1.688,0.375
Chimp hap2,chr3_hap2_hsa4,active,1.62,0.376
Chimp hap2,chr3_hap2_hsa4,active,1.66,0.376
Chimp hap2,chr3_hap2_hsa4,active,1.732,0.377
Chimp hap2,chr3_hap2_hsa4,active,1.708,0.374
Chimp hap2,chr3_hap2_hsa4,active,1.7,0.371
Chimp hap2,chr3_hap2_hsa4,active,1.672,0.3765
Chimp hap2,chr3_hap2_hsa4,active,1.7,0.3775
Chimp hap2,chr3_hap2_hsa4,active,1.64,0.3795
Chimp hap2,chr3_hap2_hsa4,active,1.656,0.3745
Chimp hap2,chr3_hap2_hsa4,active,1.644,0.3755
Chimp hap2,chr3_hap2_hsa4,active,1.596,0.3765
Chimp hap2,chr3_hap2_hsa4,active,1.72,0.3775
Chimp hap2,chr3_hap2_hsa4,active,1.744,0.3765
Chimp hap2,chr3_hap2_hsa4,active,1.704,0.3735
Chimp hap2,chr3_hap2_hsa4,active,1.704,0.374
Chimp hap2,chr3_hap2_hsa4,active,1.652,0.374
Chimp hap2,chr3_hap2_hsa4,active,1.676,0.3785
Chimp hap2,chr3_hap2_hsa4,active,1.74,0.377
Chimp hap2,chr3_hap2_hsa4,active,1.632,0.376
Chimp hap2,chr3_hap2_hsa4,active,1.72,0.3765
Chimp hap2,chr3_hap2_hsa4,active,1.76,0.3725
Chimp hap2,chr3_hap2_hsa4,active,1.748,0.372
Chimp hap2,chr3_hap2_hsa4,active,1.788,0.3795
Chimp hap2,chr3_hap2_hsa4,active,1.712,0.3755
Chimp hap2,chr3_hap2_hsa4,active,1.704,0.3805
Chimp hap2,chr3_hap2_hsa4,active,1.632,0.381
Chimp hap2,chr3_hap2_hsa4,active,1.648,0.381
Chimp hap2,chr3_hap2_hsa4,active,1.704,0.382
Chimp hap2,chr3_hap2_hsa4,active,1.664,0.3755
Chimp hap2,chr3_hap2_hsa4,active,1.7,0.379
Chimp hap2,chr3_hap2_hsa4,active,1.652,0.3795
Chimp hap2,chr3_hap2_hsa4,active,1.788,0.3785
Chimp hap2,chr3_hap2_hsa4,active,1.656,0.38
Chimp hap2,chr3_hap2_hsa4,active,1.692,0.38
Chimp hap2,chr3_hap2_hsa4,active,1.716,0.38
Chimp hap2,chr3_hap2_hsa4,active,1.724,0.374
Chimp hap2,chr3_hap2_hsa4,active,1.644,0.3825
Chimp hap2,chr3_hap2_hsa4,active,1.78,0.3765
Chimp hap2,chr3_hap2_hsa4,active,1.708,0.3755
Chimp hap2,chr3_hap2_hsa4,active,1.78,0.3735
Chimp hap2,chr3_hap2_hsa4,active,1.716,0.3695
Chimp hap2,chr3_hap2_hsa4,active,1.78,0.375
Chimp hap2,chr3_hap2_hsa4,active,1.652,0.376
Chimp hap2,chr3_hap2_hsa4,active,1.752,0.374
Chimp hap2,chr3_hap2_hsa4,active,1.604,0.3725
Chimp hap2,chr3_hap2_hsa4,active,1.656,0.373
Chimp hap2,chr3_hap2_hsa4,active,1.652,0.3845
Chimp hap2,chr3_hap2_hsa4,active,1.792,0.3745
Chimp hap2,chr3_hap2_hsa4,active,1.76,0.3755
Chimp hap2,chr3_hap2_hsa4,active,1.764,0.372
Chimp hap2,chr3_hap2_hsa4,active,1.708,0.3735
Chimp hap2,chr3_hap2_hsa4,active,1.7,0.3735
Chimp hap2,chr3_hap2_hsa4,active,1.708,0.3755
Chimp hap2,chr3_hap2_hsa4,active,1.74,0.3745
Chimp hap2,chr3_hap2_hsa4,active,1.708,0.371
Chimp hap2,chr3_hap2_hsa4,active,1.708,0.376
Chimp hap2,chr3_hap2_hsa4,active,1.66,0.3725
Chimp hap2,chr3_hap2_hsa4,active,1.668,0.378
Chimp hap2,chr3_hap2_hsa4,active,1.6,0.3675
Chimp hap2,chr3_hap2_hsa4,active,1.628,0.3725
Chimp hap2,chr3_hap2_hsa4,active,1.648,0.379
Chimp hap2,chr3_hap2_hsa4,active,1.676,0.375
Chimp hap2,chr3_hap2_hsa4,active,1.66,0.3805
Chimp hap2,chr3_hap2_hsa4,active,1.68,0.371
Chimp hap2,chr3_hap2_hsa4,active,1.608,0.3785
Chimp hap2,chr3_hap2_hsa4,active,1.636,0.3745
Chimp hap2,chr3_hap2_hsa4,active,1.644,0.383
Chimp hap2,chr3_hap2_hsa4,active,1.632,0.3755
Chimp hap2,chr3_hap2_hsa4,active,1.652,0.375
Chimp hap2,chr3_hap2_hsa4,active,1.596,0.3765
Chimp hap2,chr3_hap2_hsa4,active,1.672,0.374
Chimp hap2,chr3_hap2_hsa4,active,1.664,0.377
Chimp hap2,chr3_hap2_hsa4,active,1.608,0.376
Chimp hap2,chr3_hap2_hsa4,active,1.552,0.3785
Chimp hap2,chr3_hap2_hsa4,active,1.652,0.379
Chimp hap2,chr3_hap2_hsa4,active,1.624,0.38
Chimp hap2,chr3_hap2_hsa4,active,1.672,0.3775
Chimp hap2,chr3_hap2_hsa4,active,1.668,0.374
Chimp hap2,chr3_hap2_hsa4,active,1.736,0.378
Chimp hap2,chr3_hap2_hsa4,active,1.628,0.371
Chimp hap2,chr3_hap2_hsa4,active,1.72,0.3795
Chimp hap2,chr3_hap2_hsa4,active,1.7,0.3775
Chimp hap2,chr3_hap2_hsa4,active,1.72,0.376
Chimp hap2,chr3_hap2_hsa4,active,1.708,0.3755
Chimp hap2,chr3_hap2_hsa4,active,1.7,0.3785
Chimp hap2,chr3_hap2_hsa4,active,1.732,0.3765
Chimp hap2,chr3_hap2_hsa4,active,1.704,0.376
Chimp hap2,chr3_hap2_hsa4,active,1.804,0.376
Chimp hap2,chr3_hap2_hsa4,active,1.72,0.372
Chimp hap2,chr3_hap2_hsa4,active,1.74,0.375
Chimp hap2,chr3_hap2_hsa4,active,1.724,0.379
Chimp hap2,chr3_hap2_hsa4,active,1.724,0.372
Chimp hap2,chr3_hap2_hsa4,active,1.708,0.3715
Chimp hap2,chr3_hap2_hsa4,active,1.736,0.3805
Chimp hap2,chr3_hap2_hsa4,active,1.688,0.375
Chimp hap2,chr3_hap2_hsa4,active,1.764,0.377
Chimp hap2,chr3_hap2_hsa4,active,1.656,0.3775
Chimp hap2,chr3_hap2_hsa4,active,1.656,0.3705
Chimp hap2,chr3_hap2_hsa4,active,1.704,0.3765
Chimp hap2,chr3_hap2_hsa4,active,1.668,0.3765
Chimp hap2,chr3_hap2_hsa4,active,1.596,0.378
Chimp hap2,chr3_hap2_hsa4,active,1.716,0.3785
Chimp hap2,chr3_hap2_hsa4,active,1.728,0.375
Chimp hap2,chr3_hap2_hsa4,active,1.724,0.374
Chimp hap2,chr3_hap2_hsa4,active,1.72,0.376
Chimp hap2,chr3_hap2_hsa4,active,1.64,0.3725
Chimp hap2,chr3_hap2_hsa4,active,1.708,0.3765
Chimp hap2,chr3_hap2_hsa4,active,1.636,0.379
Chimp hap2,chr3_hap2_hsa4,active,1.716,0.3725
Chimp hap2,chr3_hap2_hsa4,active,1.688,0.3735
Chimp hap2,chr3_hap2_hsa4,active,1.74,0.372
Chimp hap2,chr3_hap2_hsa4,active,1.756,0.378
Chimp hap2,chr3_hap2_hsa4,active,1.708,0.372
Chimp hap2,chr3_hap2_hsa4,active,1.74,0.375
Chimp hap2,chr3_hap2_hsa4,active,1.788,0.3745
Chimp hap2,chr3_hap2_hsa4,active,1.824,0.3755
Chimp hap2,chr3_hap2_hsa4,active,1.708,0.38
Chimp hap2,chr3_hap2_hsa4,active,1.712,0.3785
Chimp hap2,chr3_hap2_hsa4,active,1.708,0.3755
Chimp hap2,chr3_hap2_hsa4,active,1.692,0.3835
Chimp hap2,chr3_hap2_hsa4,active,1.748,0.377
Chimp hap2,chr3_hap2_hsa4,active,1.72,0.376
Chimp hap2,chr3_hap2_hsa4,active,1.78,0.37
Chimp hap2,chr3_hap2_hsa4,active,1.724,0.375
Chimp hap2,chr3_hap2_hsa4,active,1.76,0.374
Chimp hap2,chr3_hap2_hsa4,active,1.736,0.373
Chimp hap2,chr3_hap2_hsa4,active,1.624,0.375
Chimp hap2,chr3_hap2_hsa4,active,1.772,0.374
Chimp hap2,chr3_hap2_hsa4,active,1.656,0.375
Chimp hap2,chr3_hap2_hsa4,active,1.744,0.3745
Chimp hap2,chr3_hap2_hsa4,active,1.672,0.3735
Chimp hap2,chr3_hap2_hsa4,active,1.66,0.375
Chimp hap2,chr3_hap2_hsa4,active,1.604,0.3725
Chimp hap2,chr3_hap2_hsa4,active,1.68,0.3715
Chimp hap2,chr3_hap2_hsa4,active,1.612,0.371
Chimp hap2,chr3_hap2_hsa4,active,1.676,0.3685
Chimp hap2,chr3_hap2_hsa4,active,1.628,0.3745
Chimp hap2,chr3_hap2_hsa4,active,1.612,0.378
Chimp hap2,chr3_hap2_hsa4,active,1.624,0.374
Chimp hap2,chr3_hap2_hsa4,active,1.656,0.379
Chimp hap2,chr3_hap2_hsa4,active,1.624,0.377
Chimp hap2,chr3_hap2_hsa4,active,1.572,0.3775
Chimp hap2,chr3_hap2_hsa4,active,1.648,0.3765
Chimp hap2,chr3_hap2_hsa4,active,1.636,0.3775
Chimp hap2,chr3_hap2_hsa4,active,1.612,0.3755
Chimp hap2,chr3_hap2_hsa4,active,1.632,0.3775
Chimp hap2,chr3_hap2_hsa4,active,1.564,0.3735
Chimp hap2,chr3_hap2_hsa4,active,1.608,0.376
Chimp hap2,chr3_hap2_hsa4,active,1.652,0.3795
Chimp hap2,chr3_hap2_hsa4,active,1.556,0.3785
Chimp hap2,chr3_hap2_hsa4,active,1.652,0.379
Chimp hap2,chr3_hap2_hsa4,active,1.636,0.379
Chimp hap2,chr3_hap2_hsa4,active,1.648,0.3765
Chimp hap2,chr3_hap2_hsa4,active,1.66,0.3765
Chimp hap2,chr3_hap2_hsa4,active,1.684,0.3745
Chimp hap2,chr3_hap2_hsa4,active,1.732,0.377
Chimp hap2,chr3_hap2_hsa4,active,1.6,0.374
Chimp hap2,chr3_hap2_hsa4,active,1.644,0.3715
Chimp hap2,chr3_hap2_hsa4,active,1.716,0.38
Chimp hap2,chr3_hap2_hsa4,active,1.672,0.377
Chimp hap2,chr3_hap2_hsa4,active,1.732,0.3755
Chimp hap2,chr3_hap2_hsa4,active,1.728,0.373
Chimp hap2,chr3_hap2_hsa4,active,1.716,0.3745
Chimp hap2,chr3_hap2_hsa4,active,1.716,0.3745
Chimp hap2,chr3_hap2_hsa4,active,1.676,0.376
Chimp hap2,chr3_hap2_hsa4,active,1.788,0.3785
Chimp hap2,chr3_hap2_hsa4,active,1.668,0.3695
Chimp hap2,chr3_hap2_hsa4,active,1.684,0.369
Chimp hap2,chr3_hap2_hsa4,active,1.736,0.3825
Chimp hap2,chr3_hap2_hsa4,active,1.668,0.38
Chimp hap2,chr3_hap2_hsa4,active,1.748,0.3745
Chimp hap2,chr3_hap2_hsa4,active,1.748,0.3775
Chimp hap2,chr3_hap2_hsa4,active,1.712,0.3705
Chimp hap2,chr3_hap2_hsa4,active,1.752,0.376
Chimp hap2,chr3_hap2_hsa4,active,1.696,0.3795
Chimp hap2,chr3_hap2_hsa4,active,1.592,0.373
Chimp hap2,chr3_hap2_hsa4,active,1.664,0.3685
Chimp hap2,chr3_hap2_hsa4,active,1.788,0.3775
Chimp hap2,chr3_hap2_hsa4,active,1.6,0.3725
Chimp hap2,chr3_hap2_hsa4,active,1.788,0.3755
Chimp hap2,chr3_hap2_hsa4,active,1.612,0.371
Chimp hap2,chr3_hap2_hsa4,active,1.78,0.3765
Chimp hap2,chr3_hap2_hsa4,active,1.756,0.3765
Chimp hap2,chr3_hap2_hsa4,active,1.764,0.3785
Chimp hap2,chr3_hap2_hsa4,active,1.636,0.3875
Chimp hap2,chr3_hap2_hsa4,active,1.764,0.3785
Chimp hap2,chr3_hap2_hsa4,active,1.644,0.384
Chimp hap2,chr3_hap2_hsa4,active,1.696,0.382
Chimp hap2,chr3_hap2_hsa4,active,1.732,0.383
Chimp hap2,chr3_hap2_hsa4,active,1.672,0.3805
Chimp hap2,chr3_hap2_hsa4,active,1.616,0.379
Chimp hap2,chr3_hap2_hsa4,active,1.696,0.38
Chimp hap2,chr3_hap2_hsa4,active,1.7,0.3785
Chimp hap2,chr3_hap2_hsa4,active,1.684,0.3765
Chimp hap2,chr3_hap2_hsa4,active,1.724,0.3785
Chimp hap2,chr3_hap2_hsa4,active,1.648,0.383
Chimp hap2,chr3_hap2_hsa4,active,1.724,0.3775
Chimp hap2,chr3_hap2_hsa4,active,1.652,0.379
Chimp hap2,chr3_hap2_hsa4,active,1.676,0.379
Chimp hap2,chr3_hap2_hsa4,active,1.688,0.3705
Chimp hap2,chr3_hap2_hsa4,active,1.76,0.377
Chimp hap2,chr3_hap2_hsa4,active,1.72,0.3765
Chimp hap2,chr3_hap2_hsa4,active,1.78,0.381
Chimp hap2,chr3_hap2_hsa4,active,1.728,0.383
Chimp hap2,chr3_hap2_hsa4,active,1.668,0.382
Chimp hap2,chr3_hap2_hsa4,active,1.636,0.3845
Chimp hap2,chr3_hap2_hsa4,active,1.724,0.376
Chimp hap2,chr3_hap2_hsa4,active,1.592,0.3855
Chimp hap2,chr3_hap2_hsa4,active,1.66,0.373
Chimp hap2,chr3_hap2_hsa4,active,1.724,0.3815
Chimp hap2,chr3_hap2_hsa4,active,1.74,0.371
Chimp hap2,chr3_hap2_hsa4,active,1.56,0.377
Chimp hap2,chr3_hap2_hsa4,active,1.652,0.3745
Chimp hap2,chr3_hap2_hsa4,active,1.628,0.3675
Chimp hap2,chr3_hap2_hsa4,active,1.732,0.3815
Chimp hap2,chr3_hap2_hsa4,active,1.728,0.3805
Chimp hap2,chr3_hap2_hsa4,active,1.7,0.37
Chimp hap2,chr3_hap2_hsa4,active,1.652,0.371
Chimp hap2,chr3_hap2_hsa4,active,1.748,0.378
Chimp hap2,chr3_hap2_hsa4,active,1.58,0.3745
Chimp hap2,chr3_hap2_hsa4,active,1.696,0.375
Chimp hap2,chr3_hap2_hsa4,active,1.616,0.375
Chimp hap2,chr3_hap2_hsa4,active,1.696,0.372
Chimp hap2,chr3_hap2_hsa4,active,1.68,0.3755
Chimp hap2,chr3_hap2_hsa4,active,1.64,0.3735
Chimp hap2,chr3_hap2_hsa4,active,1.62,0.3775
Chimp hap2,chr3_hap2_hsa4,active,1.636,0.374
Chimp hap2,chr3_hap2_hsa4,active,2.444,0.3945
Chimp hap2,chr3_hap2_hsa4,active,1.992,0.381
Chimp hap2,chr3_hap2_hsa4,active,2.336,0.387
Chimp hap2,chr3_hap2_hsa4,active,2.344,0.3885
Chimp hap2,chr3_hap2_hsa4,active,1.66,0.376
Chimp hap2,chr3_hap2_hsa4,active,1.756,0.3795
Chimp hap2,chr3_hap2_hsa4,active,2.052,0.3735
Chimp hap2,chr3_hap2_hsa4,active,1.876,0.374
Chimp hap2,chr3_hap2_hsa4,active,1.876,0.375
Chimp hap2,chr3_hap2_hsa4,active,1.728,0.3775
Chimp hap2,chr3_hap2_hsa4,active,1.84,0.374
Chimp hap2,chr3_hap2_hsa4,active,2.14,0.378
Chimp hap2,chr3_hap2_hsa4,active,1.924,0.3745
Chimp hap2,chr3_hap2_hsa4,active,1.872,0.376
Chimp hap2,chr3_hap2_hsa4,active,1.752,0.3795
Chimp hap2,chr3_hap2_hsa4,active,1.848,0.3765
Chimp hap2,chr3_hap2_hsa4,active,2.124,0.375
Chimp hap2,chr3_hap2_hsa4,active,1.748,0.3765
Chimp hap2,chr3_hap2_hsa4,active,1.708,0.375
Chimp hap2,chr3_hap2_hsa4,active,1.94,0.379
Chimp hap2,chr3_hap2_hsa4,active,2.084,0.372
Chimp hap2,chr3_hap2_hsa4,active,1.92,0.3805
Chimp hap2,chr3_hap2_hsa4,active,2.136,0.3705
Chimp hap2,chr3_hap2_hsa4,active,1.876,0.379
Chimp hap2,chr3_hap2_hsa4,active,1.872,0.3765
Chimp hap2,chr3_hap2_hsa4,active,1.864,0.379
Chimp hap2,chr3_hap2_hsa4,active,1.876,0.378
Chimp hap2,chr3_hap2_hsa4,active,1.904,0.378
Chimp hap2,chr3_hap2_hsa4,active,1.908,0.3765
Chimp hap2,chr3_hap2_hsa4,active,1.884,0.3755
Chimp hap2,chr3_hap2_hsa4,active,1.876,0.3775
Chimp hap2,chr3_hap2_hsa4,active,1.876,0.3775
Chimp hap2,chr3_hap2_hsa4,active,1.896,0.378
Chimp hap2,chr3_hap2_hsa4,active,1.88,0.3775
Chimp hap2,chr3_hap2_hsa4,active,1.864,0.3775
Chimp hap2,chr3_hap2_hsa4,active,1.86,0.378
Chimp hap2,chr3_hap2_hsa4,active,1.888,0.377
Chimp hap2,chr3_hap2_hsa4,active,1.872,0.3775
Chimp hap2,chr3_hap2_hsa4,active,1.872,0.3755
Chimp hap2,chr3_hap2_hsa4,active,1.872,0.378
Chimp hap2,chr3_hap2_hsa4,active,1.892,0.379
Chimp hap2,chr3_hap2_hsa4,active,1.864,0.3765
Chimp hap2,chr3_hap2_hsa4,active,1.876,0.3765
Chimp hap2,chr3_hap2_hsa4,active,1.872,0.377
Chimp hap2,chr3_hap2_hsa4,active,1.892,0.3795
Chimp hap2,chr3_hap2_hsa4,active,2.064,0.378
Chimp hap2,chr3_hap2_hsa4,active,1.904,0.3755
Chimp hap2,chr3_hap2_hsa4,active,2.008,0.387
Chimp hap2,chr3_hap2_hsa4,active,2.204,0.3755
Chimp hap2,chr3_hap2_hsa4,active,2.16,0.377
Chimp hap2,chr3_hap2_hsa4,active,1.808,0.381
Chimp hap2,chr3_hap2_hsa4,active,1.892,0.3735
Chimp hap2,chr3_hap2_hsa4,active,1.968,0.367
Chimp hap2,chr3_hap2_hsa4,active,1.912,0.379
Chimp hap2,chr3_hap2_hsa4,active,1.896,0.3685
Chimp hap2,chr3_hap2_hsa4,active,1.984,0.378
Chimp hap2,chr3_hap2_hsa4,active,2.016,0.3725
Chimp hap2,chr3_hap2_hsa4,active,2.34,0.38
Chimp hap2,chr3_hap2_hsa4,active,2.396,0.3835
Chimp hap2,chr3_hap2_hsa4,active,2.44,0.407
Chimp hap2,chr3_hap2_hsa4,active,2.4,0.447
Chimp hap2,chr3_hap2_hsa4,active,1.984,0.3715
Chimp hap2,chr3_hap2_hsa4,active,2.036,0.3805
Chimp hap2,chr5_hap2_hsa6,inactive,1.996,0.358
Chimp hap2,chr5_hap2_hsa6,inactive,1.896,0.371
Chimp hap2,chr5_hap2_hsa6,inactive,2.02,0.3775
Chimp hap2,chr5_hap2_hsa6,inactive,1.94,0.391
Chimp hap2,chr5_hap2_hsa6,inactive,2.04,0.381
Chimp hap2,chr5_hap2_hsa6,active,2.132,0.3965
Chimp hap2,chr5_hap2_hsa6,active,2.04,0.3985
Chimp hap2,chr5_hap2_hsa6,active,2.12,0.4015
Chimp hap2,chr5_hap2_hsa6,active,1.832,0.402
Chimp hap2,chr5_hap2_hsa6,active,2.068,0.397
Chimp hap2,chr5_hap2_hsa6,active,2.1,0.398
Chimp hap2,chr5_hap2_hsa6,active,1.824,0.404
Chimp hap2,chr5_hap2_hsa6,active,2.08,0.398
Chimp hap2,chr5_hap2_hsa6,active,2.108,0.3965
Chimp hap2,chr5_hap2_hsa6,active,1.944,0.409
Chimp hap2,chr5_hap2_hsa6,active,2.056,0.3985
Chimp hap2,chr5_hap2_hsa6,active,2.116,0.4005
Chimp hap2,chr5_hap2_hsa6,active,1.936,0.4025
Chimp hap2,chr5_hap2_hsa6,active,2.04,0.3965
Chimp hap2,chr5_hap2_hsa6,active,2.088,0.3995
Chimp hap2,chr5_hap2_hsa6,active,2.048,0.402
Chimp hap2,chr5_hap2_hsa6,active,1.96,0.4085
Chimp hap2,chr5_hap2_hsa6,active,2.128,0.3945
Chimp hap2,chr5_hap2_hsa6,active,2.052,0.3975
Chimp hap2,chr5_hap2_hsa6,active,1.936,0.4025
Chimp hap2,chr5_hap2_hsa6,active,2.096,0.3975
Chimp hap2,chr5_hap2_hsa6,active,1.964,0.406
Chimp hap2,chr5_hap2_hsa6,active,2.048,0.4005
Chimp hap2,chr5_hap2_hsa6,active,2.104,0.4
Chimp hap2,chr5_hap2_hsa6,active,2.088,0.399
Chimp hap2,chr5_hap2_hsa6,active,1.764,0.401
Chimp hap2,chr5_hap2_hsa6,active,2.092,0.401
Chimp hap2,chr5_hap2_hsa6,active,2.08,0.395
Chimp hap2,chr5_hap2_hsa6,active,1.98,0.406
Chimp hap2,chr5_hap2_hsa6,active,2.056,0.399
Chimp hap2,chr5_hap2_hsa6,active,1.992,0.3975
Chimp hap2,chr5_hap2_hsa6,active,2.116,0.401
Chimp hap2,chr5_hap2_hsa6,active,2.064,0.403
Chimp hap2,chr5_hap2_hsa6,active,1.772,0.4005
Chimp hap2,chr5_hap2_hsa6,active,2.108,0.403
Chimp hap2,chr5_hap2_hsa6,active,2.084,0.3925
Chimp hap2,chr5_hap2_hsa6,active,1.924,0.4065
Chimp hap2,chr5_hap2_hsa6,active,2.072,0.4005
Chimp hap2,chr5_hap2_hsa6,active,2.06,0.399
Chimp hap2,chr5_hap2_hsa6,active,2.1,0.3985
Chimp hap2,chr5_hap2_hsa6,active,1.852,0.4045
Chimp hap2,chr5_hap2_hsa6,active,2.084,0.398
Chimp hap2,chr5_hap2_hsa6,active,2.064,0.4035
Chimp hap2,chr5_hap2_hsa6,active,1.948,0.3995
Chimp hap2,chr5_hap2_hsa6,active,2.096,0.4
Chimp hap2,chr5_hap2_hsa6,active,1.924,0.4085
Chimp hap2,chr5_hap2_hsa6,active,2.076,0.396
Chimp hap2,chr5_hap2_hsa6,active,2.116,0.401
Chimp hap2,chr5_hap2_hsa6,active,1.832,0.4045
Chimp hap2,chr5_hap2_hsa6,active,2.108,0.396
Chimp hap2,chr5_hap2_hsa6,active,2.072,0.403
Chimp hap2,chr5_hap2_hsa6,active,1.94,0.399
Chimp hap2,chr5_hap2_hsa6,active,2.124,0.4
Chimp hap2,chr5_hap2_hsa6,active,1.956,0.409
Chimp hap2,chr5_hap2_hsa6,active,2.052,0.3995
Chimp hap2,chr5_hap2_hsa6,active,2.124,0.402
Chimp hap2,chr5_hap2_hsa6,active,1.832,0.405
Chimp hap2,chr5_hap2_hsa6,active,2.088,0.3965
Chimp hap2,chr5_hap2_hsa6,active,2.048,0.4
Chimp hap2,chr5_hap2_hsa6,active,1.932,0.4015
Chimp hap2,chr5_hap2_hsa6,active,2.096,0.398
Chimp hap2,chr5_hap2_hsa6,active,1.976,0.407
Chimp hap2,chr5_hap2_hsa6,active,2.004,0.399
Chimp hap2,chr5_hap2_hsa6,active,2.124,0.4
Chimp hap2,chr5_hap2_hsa6,active,2.124,0.399
Chimp hap2,chr5_hap2_hsa6,active,1.836,0.4065
Chimp hap2,chr5_hap2_hsa6,active,2.08,0.3975
Chimp hap2,chr5_hap2_hsa6,active,2.092,0.3975
Chimp hap2,chr5_hap2_hsa6,active,1.876,0.406
Chimp hap2,chr5_hap2_hsa6,active,2.096,0.398
Chimp hap2,chr5_hap2_hsa6,active,2.02,0.406
Chimp hap2,chr5_hap2_hsa6,active,1.992,0.399
Chimp hap2,chr5_hap2_hsa6,active,2.116,0.4015
Chimp hap2,chr5_hap2_hsa6,active,1.852,0.406
Chimp hap2,chr5_hap2_hsa6,active,2.072,0.3975
Chimp hap2,chr5_hap2_hsa6,active,2.1,0.4
Chimp hap2,chr5_hap2_hsa6,active,1.88,0.405
Chimp hap2,chr5_hap2_hsa6,active,2.076,0.3945
Chimp hap2,chr5_hap2_hsa6,active,2.048,0.4065
Chimp hap2,chr5_hap2_hsa6,active,1.952,0.3985
Chimp hap2,chr5_hap2_hsa6,active,2.108,0.399
Chimp hap2,chr5_hap2_hsa6,active,1.92,0.4085
Chimp hap2,chr5_hap2_hsa6,active,2.072,0.397
Chimp hap2,chr5_hap2_hsa6,active,2.128,0.3985
Chimp hap2,chr5_hap2_hsa6,active,1.828,0.406
Chimp hap2,chr5_hap2_hsa6,active,2.1,0.3955
Chimp hap2,chr5_hap2_hsa6,active,2.048,0.406
Chimp hap2,chr5_hap2_hsa6,active,1.952,0.399
Chimp hap2,chr5_hap2_hsa6,active,2.132,0.4
Chimp hap2,chr5_hap2_hsa6,active,1.928,0.409
Chimp hap2,chr5_hap2_hsa6,active,2.052,0.3975
Chimp hap2,chr5_hap2_hsa6,active,2.132,0.4025
Chimp hap2,chr5_hap2_hsa6,active,1.836,0.406
Chimp hap2,chr5_hap2_hsa6,active,2.116,0.3965
Chimp hap2,chr5_hap2_hsa6,active,2.044,0.3985
Chimp hap2,chr5_hap2_hsa6,active,1.928,0.4035
Chimp hap2,chr5_hap2_hsa6,active,2.104,0.399
Chimp hap2,chr5_hap2_hsa6,active,1.94,0.406
Chimp hap2,chr5_hap2_hsa6,active,2.052,0.4005
Chimp hap2,chr5_hap2_hsa6,active,2.124,0.4005
Chimp hap2,chr5_hap2_hsa6,active,1.832,0.4055
Chimp hap2,chr5_hap2_hsa6,active,2.1,0.396
Chimp hap2,chr5_hap2_hsa6,active,2.08,0.399
Chimp hap2,chr5_hap2_hsa6,active,1.884,0.4055
Chimp hap2,chr5_hap2_hsa6,active,2.104,0.3975
Chimp hap2,chr5_hap2_hsa6,active,2.004,0.406
Chimp hap2,chr5_hap2_hsa6,active,2.016,0.399
Chimp hap2,chr5_hap2_hsa6,active,2.112,0.401
Chimp hap2,chr5_hap2_hsa6,active,1.856,0.407
Chimp hap2,chr5_hap2_hsa6,active,2.068,0.3975
Chimp hap2,chr5_hap2_hsa6,active,2.1,0.399
Chimp hap2,chr5_hap2_hsa6,active,1.86,0.408
Chimp hap2,chr5_hap2_hsa6,active,2.088,0.3965
Chimp hap2,chr5_hap2_hsa6,active,2.024,0.406
Chimp hap2,chr5_hap2_hsa6,active,1.984,0.4005
Chimp hap2,chr5_hap2_hsa6,active,2.116,0.4005
Chimp hap2,chr5_hap2_hsa6,active,1.82,0.407
Chimp hap2,chr5_hap2_hsa6,active,2.1,0.3975
Chimp hap2,chr5_hap2_hsa6,active,2.084,0.3985
Chimp hap2,chr5_hap2_hsa6,active,1.884,0.4005
Chimp hap2,chr5_hap2_hsa6,active,2.136,0.3995
Chimp hap2,chr5_hap2_hsa6,active,1.924,0.4085
Chimp hap2,chr5_hap2_hsa6,active,2.04,0.401
Chimp hap2,chr5_hap2_hsa6,active,2.132,0.401
Chimp hap2,chr5_hap2_hsa6,active,1.828,0.406
Chimp hap2,chr5_hap2_hsa6,active,2.112,0.3955
Chimp hap2,chr5_hap2_hsa6,active,2.056,0.3995
Chimp hap2,chr5_hap2_hsa6,active,1.908,0.404
Chimp hap2,chr5_hap2_hsa6,active,2.1,0.399
Chimp hap2,chr5_hap2_hsa6,active,1.956,0.4065
Chimp hap2,chr5_hap2_hsa6,active,2.048,0.3985
Chimp hap2,chr5_hap2_hsa6,active,2.1,0.3975
Chimp hap2,chr5_hap2_hsa6,active,1.796,0.4045
Chimp hap2,chr5_hap2_hsa6,active,2.096,0.3965
Chimp hap2,chr5_hap2_hsa6,active,1.744,0.4065
Chimp hap2,chr5_hap2_hsa6,active,2.068,0.3975
Chimp hap2,chr5_hap2_hsa6,active,1.852,0.401
Chimp hap2,chr5_hap2_hsa6,active,2.1,0.4015
Chimp hap2,chr5_hap2_hsa6,active,1.752,0.4005
Chimp hap2,chr5_hap2_hsa6,active,2.124,0.3995
Chimp hap2,chr5_hap2_hsa6,active,2.112,0.3965
Chimp hap2,chr5_hap2_hsa6,active,1.784,0.4065
Chimp hap2,chr5_hap2_hsa6,active,2.056,0.391
Chimp hap2,chr5_hap2_hsa6,active,2.06,0.405
Chimp hap2,chr5_hap2_hsa6,active,1.968,0.4005
Chimp hap2,chr5_hap2_hsa6,active,2.124,0.3995
Chimp hap2,chr5_hap2_hsa6,active,1.808,0.4045
Chimp hap2,chr5_hap2_hsa6,active,2.076,0.3935
Chimp hap2,chr5_hap2_hsa6,active,2.036,0.4055
Chimp hap2,chr5_hap2_hsa6,active,2.0,0.401
Chimp hap2,chr5_hap2_hsa6,active,2.128,0.398
Chimp hap2,chr5_hap2_hsa6,active,1.772,0.402
Chimp hap2,chr5_hap2_hsa6,active,2.084,0.3965
Chimp hap2,chr5_hap2_hsa6,active,2.012,0.404
Chimp hap2,chr5_hap2_hsa6,active,1.976,0.398
Chimp hap2,chr5_hap2_hsa6,active,2.112,0.4005
Chimp hap2,chr5_hap2_hsa6,active,1.748,0.398
Chimp hap2,chr5_hap2_hsa6,active,2.112,0.399
Chimp hap2,chr5_hap2_hsa6,active,1.924,0.407
Chimp hap2,chr5_hap2_hsa6,active,1.972,0.3915
Chimp hap2,chr5_hap2_hsa6,active,2.04,0.4045
Chimp hap2,chr5_hap2_hsa6,active,1.944,0.398
Chimp hap2,chr5_hap2_hsa6,active,2.092,0.397
Chimp hap2,chr5_hap2_hsa6,active,1.856,0.4015
Chimp hap2,chr5_hap2_hsa6,active,2.108,0.399
Chimp hap2,chr5_hap2_hsa6,active,1.84,0.406
Chimp hap2,chr5_hap2_hsa6,active,2.088,0.3985
Chimp hap2,chr5_hap2_hsa6,active,2.104,0.398
Chimp hap2,chr5_hap2_hsa6,active,1.9,0.4055
Chimp hap2,chr5_hap2_hsa6,active,2.116,0.397
Chimp hap2,chr5_hap2_hsa6,active,1.932,0.406
Chimp hap2,chr5_hap2_hsa6,active,2.072,0.4025
Chimp hap2,chr5_hap2_hsa6,active,2.124,0.399
Chimp hap2,chr5_hap2_hsa6,active,1.816,0.4005
Chimp hap2,chr5_hap2_hsa6,active,2.108,0.397
Chimp hap2,chr5_hap2_hsa6,active,1.86,0.4075
Chimp hap2,chr5_hap2_hsa6,active,2.072,0.3955
Chimp hap2,chr5_hap2_hsa6,active,2.032,0.3975
Chimp hap2,chr5_hap2_hsa6,active,1.904,0.401
Chimp hap2,chr5_hap2_hsa6,active,2.124,0.4015
Chimp hap2,chr5_hap2_hsa6,active,1.756,0.4015
Chimp hap2,chr5_hap2_hsa6,active,2.096,0.395
Chimp hap2,chr5_hap2_hsa6,active,1.968,0.4055
Chimp hap2,chr5_hap2_hsa6,active,2.04,0.399
Chimp hap2,chr5_hap2_hsa6,active,2.092,0.3975
Chimp hap2,chr5_hap2_hsa6,active,1.78,0.405
Chimp hap2,chr5_hap2_hsa6,active,2.104,0.395
Chimp hap2,chr5_hap2_hsa6,active,1.928,0.4055
Chimp hap2,chr5_hap2_hsa6,active,2.06,0.399
Chimp hap2,chr5_hap2_hsa6,active,2.116,0.3985
Chimp hap2,chr5_hap2_hsa6,active,1.804,0.403
Chimp hap2,chr5_hap2_hsa6,active,2.088,0.3965
Chimp hap2,chr5_hap2_hsa6,active,1.94,0.4075
Chimp hap2,chr5_hap2_hsa6,active,2.072,0.3955
Chimp hap2,chr5_hap2_hsa6,active,2.084,0.398
Chimp hap2,chr5_hap2_hsa6,active,1.856,0.4025
Chimp hap2,chr5_hap2_hsa6,active,2.064,0.399
Chimp hap2,chr5_hap2_hsa6,active,1.928,0.406
Chimp hap2,chr5_hap2_hsa6,active,2.052,0.397
Chimp hap2,chr5_hap2_hsa6,active,2.092,0.3965
Chimp hap2,chr5_hap2_hsa6,active,1.852,0.402
Chimp hap2,chr5_hap2_hsa6,active,2.116,0.401
Chimp hap2,chr5_hap2_hsa6,active,1.912,0.4055
Chimp hap2,chr5_hap2_hsa6,active,2.096,0.399
Chimp hap2,chr5_hap2_hsa6,active,2.076,0.3975
Chimp hap2,chr5_hap2_hsa6,active,1.864,0.4
Chimp hap2,chr5_hap2_hsa6,active,2.1,0.4015
Chimp hap2,chr5_hap2_hsa6,active,1.856,0.405
Chimp hap2,chr5_hap2_hsa6,active,2.076,0.398
Chimp hap2,chr5_hap2_hsa6,active,2.056,0.398
Chimp hap2,chr5_hap2_hsa6,active,1.888,0.4005
Chimp hap2,chr5_hap2_hsa6,active,2.104,0.4
Chimp hap2,chr5_hap2_hsa6,active,1.832,0.404
Chimp hap2,chr5_hap2_hsa6,active,2.072,0.396
Chimp hap2,chr5_hap2_hsa6,active,2.04,0.3995
Chimp hap2,chr5_hap2_hsa6,active,1.9,0.4025
Chimp hap2,chr5_hap2_hsa6,active,2.136,0.402
Chimp hap2,chr5_hap2_hsa6,active,1.828,0.403
Chimp hap2,chr5_hap2_hsa6,active,2.072,0.3915
Chimp hap2,chr5_hap2_hsa6,active,2.04,0.4045
Chimp hap2,chr5_hap2_hsa6,active,1.956,0.405
Chimp hap2,chr5_hap2_hsa6,active,2.08,0.397
Chimp hap2,chr5_hap2_hsa6,active,2.028,0.405
Chimp hap2,chr5_hap2_hsa6,active,1.976,0.399
Chimp hap2,chr5_hap2_hsa6,active,2.136,0.401
Chimp hap2,chr5_hap2_hsa6,active,1.764,0.3985
Chimp hap2,chr5_hap2_hsa6,active,2.108,0.4005
Chimp hap2,chr5_hap2_hsa6,active,2.068,0.3955
Chimp hap2,chr5_hap2_hsa6,active,1.808,0.4075
Chimp hap2,chr5_hap2_hsa6,active,2.06,0.392
Chimp hap2,chr5_hap2_hsa6,active,2.044,0.4055
Chimp hap2,chr5_hap2_hsa6,active,1.976,0.4
Chimp hap2,chr5_hap2_hsa6,active,2.12,0.4005
Chimp hap2,chr5_hap2_hsa6,active,1.768,0.405
Chimp hap2,chr5_hap2_hsa6,active,2.072,0.3945
Chimp hap2,chr5_hap2_hsa6,active,2.02,0.404
Chimp hap2,chr5_hap2_hsa6,active,1.976,0.4
Chimp hap2,chr5_hap2_hsa6,active,2.116,0.4
Chimp hap2,chr5_hap2_hsa6,active,1.76,0.4
Chimp hap2,chr5_hap2_hsa6,active,2.12,0.3965
Chimp hap2,chr5_hap2_hsa6,active,2.012,0.405
Chimp hap2,chr5_hap2_hsa6,active,2.012,0.403
Chimp hap2,chr5_hap2_hsa6,active,2.112,0.3965
Chimp hap2,chr5_hap2_hsa6,active,1.92,0.407
Chimp hap2,chr5_hap2_hsa6,active,1.972,0.393
Chimp hap2,chr5_hap2_hsa6,active,2.052,0.4055
Chimp hap2,chr5_hap2_hsa6,active,1.948,0.398
Chimp hap2,chr5_hap2_hsa6,active,2.092,0.399
Chimp hap2,chr5_hap2_hsa6,active,1.88,0.4085
Chimp hap2,chr5_hap2_hsa6,active,2.1,0.3975
Chimp hap2,chr5_hap2_hsa6,active,2.088,0.4
Chimp hap2,chr5_hap2_hsa6,active,1.744,0.4025
Chimp hap2,chr5_hap2_hsa6,active,2.112,0.397
Chimp hap2,chr5_hap2_hsa6,active,1.872,0.4055
Chimp hap2,chr5_hap2_hsa6,active,2.084,0.402
Chimp hap2,chr5_hap2_hsa6,active,2.048,0.391
Chimp hap2,chr5_hap2_hsa6,active,1.92,0.406
Chimp hap2,chr5_hap2_hsa6,active,1.996,0.395
Chimp hap2,chr5_hap2_hsa6,active,2.048,0.404
Chimp hap2,chr5_hap2_hsa6,active,1.92,0.399
Chimp hap2,chr5_hap2_hsa6,active,2.092,0.399
Chimp hap2,chr5_hap2_hsa6,active,1.868,0.4045
Chimp hap2,chr5_hap2_hsa6,active,2.1,0.394
Chimp hap2,chr5_hap2_hsa6,active,1.86,0.4065
Chimp hap2,chr5_hap2_hsa6,active,2.012,0.3935
Chimp hap2,chr5_hap2_hsa6,active,1.96,0.405
Chimp hap2,chr5_hap2_hsa6,active,1.98,0.398
Chimp hap2,chr5_hap2_hsa6,active,2.056,0.4
Chimp hap2,chr5_hap2_hsa6,active,2.084,0.4025
Chimp hap2,chr5_hap2_hsa6,active,2.064,0.3995
Chimp hap2,chr5_hap2_hsa6,active,2.108,0.4005
Chimp hap2,chr5_hap2_hsa6,active,2.084,0.3985
Chimp hap2,chr5_hap2_hsa6,active,2.112,0.398
Chimp hap2,chr5_hap2_hsa6,active,1.812,0.4045
Chimp hap2,chr5_hap2_hsa6,active,2.096,0.3965
Chimp hap2,chr5_hap2_hsa6,active,2.008,0.409
Chimp hap2,chr5_hap2_hsa6,active,2.0,0.3975
Chimp hap2,chr5_hap2_hsa6,active,2.136,0.402
Chimp hap2,chr5_hap2_hsa6,active,1.8,0.4075
Chimp hap2,chr5_hap2_hsa6,active,2.06,0.3915
Chimp hap2,chr5_hap2_hsa6,active,2.064,0.406
Chimp hap2,chr5_hap2_hsa6,active,1.952,0.4
Chimp hap2,chr5_hap2_hsa6,active,2.136,0.4015
Chimp hap2,chr5_hap2_hsa6,active,1.924,0.406
Chimp hap2,chr5_hap2_hsa6,active,2.056,0.397
Chimp hap2,chr5_hap2_hsa6,active,2.084,0.397
Chimp hap2,chr5_hap2_hsa6,active,1.86,0.4065
Chimp hap2,chr5_hap2_hsa6,active,2.096,0.395
Chimp hap2,chr5_hap2_hsa6,active,2.016,0.4085
Chimp hap2,chr5_hap2_hsa6,active,1.98,0.3995
Chimp hap2,chr5_hap2_hsa6,active,2.12,0.402
Chimp hap2,chr5_hap2_hsa6,active,1.832,0.4055
Chimp hap2,chr5_hap2_hsa6,active,2.056,0.3935
Chimp hap2,chr5_hap2_hsa6,active,2.052,0.404
Chimp hap2,chr5_hap2_hsa6,active,1.948,0.3995
Chimp hap2,chr5_hap2_hsa6,active,2.108,0.4
Chimp hap2,chr5_hap2_hsa6,active,1.796,0.406
Chimp hap2,chr5_hap2_hsa6,active,2.084,0.3945
Chimp hap2,chr5_hap2_hsa6,active,2.036,0.4055
Chimp hap2,chr5_hap2_hsa6,active,1.96,0.4
Chimp hap2,chr5_hap2_hsa6,active,2.128,0.4
Chimp hap2,chr5_hap2_hsa6,active,1.756,0.402
Chimp hap2,chr5_hap2_hsa6,active,2.092,0.397
Chimp hap2,chr5_hap2_hsa6,active,2.024,0.404
Chimp hap2,chr5_hap2_hsa6,active,1.972,0.399
Chimp hap2,chr5_hap2_hsa6,active,2.12,0.4015
Chimp hap2,chr5_hap2_hsa6,active,1.832,0.407
Chimp hap2,chr5_hap2_hsa6,active,2.048,0.3925
Chimp hap2,chr5_hap2_hsa6,active,2.052,0.4055
Chimp hap2,chr5_hap2_hsa6,active,1.96,0.401
Chimp hap2,chr5_hap2_hsa6,active,2.124,0.3995
Chimp hap2,chr5_hap2_hsa6,active,1.792,0.4065
Chimp hap2,chr5_hap2_hsa6,active,2.088,0.395
Chimp hap2,chr5_hap2_hsa6,active,2.04,0.398
Chimp hap2,chr5_hap2_hsa6,active,1.9,0.4025
Chimp hap2,chr5_hap2_hsa6,active,2.128,0.401
Chimp hap2,chr5_hap2_hsa6,active,1.772,0.4
Chimp hap2,chr5_hap2_hsa6,active,2.128,0.4025
Chimp hap2,chr5_hap2_hsa6,active,1.74,0.4005
Chimp hap2,chr5_hap2_hsa6,active,2.096,0.3945
Chimp hap2,chr5_hap2_hsa6,active,1.944,0.4075
Chimp hap2,chr5_hap2_hsa6,active,2.068,0.399
Chimp hap2,chr5_hap2_hsa6,active,2.1,0.399
Chimp hap2,chr5_hap2_hsa6,active,1.812,0.405
Chimp hap2,chr5_hap2_hsa6,active,2.1,0.3955
Chimp hap2,chr5_hap2_hsa6,active,1.932,0.4075
Chimp hap2,chr5_hap2_hsa6,active,2.052,0.3985
Chimp hap2,chr5_hap2_hsa6,active,2.096,0.3995
Chimp hap2,chr5_hap2_hsa6,active,1.832,0.402
Chimp hap2,chr5_hap2_hsa6,active,2.08,0.398
Chimp hap2,chr5_hap2_hsa6,active,1.94,0.406
Chimp hap2,chr5_hap2_hsa6,active,2.044,0.4
Chimp hap2,chr5_hap2_hsa6,active,2.116,0.4005
Chimp hap2,chr5_hap2_hsa6,active,1.792,0.406
Chimp hap2,chr5_hap2_hsa6,active,2.08,0.396
Chimp hap2,chr5_hap2_hsa6,active,2.02,0.404
Chimp hap2,chr5_hap2_hsa6,active,1.996,0.4015
Chimp hap2,chr5_hap2_hsa6,active,2.12,0.399
Chimp hap2,chr5_hap2_hsa6,active,1.744,0.401
Chimp hap2,chr5_hap2_hsa6,active,2.092,0.3985
Chimp hap2,chr5_hap2_hsa6,active,2.028,0.405
Chimp hap2,chr5_hap2_hsa6,active,1.988,0.3995
Chimp hap2,chr5_hap2_hsa6,active,2.124,0.402
Chimp hap2,chr5_hap2_hsa6,active,1.776,0.402
Chimp hap2,chr5_hap2_hsa6,active,2.1,0.396
Chimp hap2,chr5_hap2_hsa6,active,1.976,0.406
Chimp hap2,chr5_hap2_hsa6,active,2.036,0.3985
Chimp hap2,chr5_hap2_hsa6,active,2.112,0.402
Chimp hap2,chr5_hap2_hsa6,active,1.768,0.403
Chimp hap2,chr5_hap2_hsa6,active,2.124,0.397
Chimp hap2,chr5_hap2_hsa6,active,1.936,0.405
Chimp hap2,chr5_hap2_hsa6,active,2.056,0.4005
Chimp hap2,chr5_hap2_hsa6,active,2.108,0.3975
Chimp hap2,chr5_hap2_hsa6,active,1.764,0.407
Chimp hap2,chr5_hap2_hsa6,active,2.14,0.399
Chimp hap2,chr5_hap2_hsa6,active,1.744,0.401
Chimp hap2,chr5_hap2_hsa6,active,2.088,0.3985
Chimp hap2,chr5_hap2_hsa6,active,2.02,0.404
Chimp hap2,chr5_hap2_hsa6,active,1.988,0.399
Chimp hap2,chr5_hap2_hsa6,active,2.12,0.4015
Chimp hap2,chr5_hap2_hsa6,active,1.772,0.4015
Chimp hap2,chr5_hap2_hsa6,active,2.116,0.396
Chimp hap2,chr5_hap2_hsa6,active,1.96,0.4055
Chimp hap2,chr5_hap2_hsa6,active,2.016,0.3985
Chimp hap2,chr5_hap2_hsa6,active,2.116,0.401
Chimp hap2,chr5_hap2_hsa6,active,1.804,0.406
Chimp hap2,chr5_hap2_hsa6,active,2.092,0.3945
Chimp hap2,chr5_hap2_hsa6,active,2.04,0.406
Chimp hap2,chr5_hap2_hsa6,active,1.984,0.4015
Chimp hap2,chr5_hap2_hsa6,active,2.128,0.399
Chimp hap2,chr5_hap2_hsa6,active,1.764,0.4025
Chimp hap2,chr5_hap2_hsa6,active,2.084,0.3935
Chimp hap2,chr5_hap2_hsa6,active,2.048,0.405
Chimp hap2,chr5_hap2_hsa6,active,1.928,0.4005
Chimp hap2,chr5_hap2_hsa6,active,2.116,0.398
Chimp hap2,chr5_hap2_hsa6,active,1.824,0.4035
Chimp hap2,chr5_hap2_hsa6,active,2.092,0.396
Chimp hap2,chr5_hap2_hsa6,active,1.796,0.409
Chimp hap2,chr5_hap2_hsa6,active,2.06,0.3915
Chimp hap2,chr5_hap2_hsa6,active,1.92,0.4075
Chimp hap2,chr5_hap2_hsa6,active,1.992,0.3925
Chimp hap2,chr5_hap2_hsa6,active,2.04,0.4055
Chimp hap2,chr5_hap2_hsa6,active,1.956,0.4
Chimp hap2,chr5_hap2_hsa6,active,2.12,0.4005
Chimp hap2,chr5_hap2_hsa6,active,1.8,0.4045
Chimp hap2,chr5_hap2_hsa6,active,2.08,0.3955
Chimp hap2,chr5_hap2_hsa6,active,2.016,0.405
Chimp hap2,chr5_hap2_hsa6,active,1.984,0.401
Chimp hap2,chr5_hap2_hsa6,active,2.116,0.3995
Chimp hap2,chr5_hap2_hsa6,active,1.752,0.401
Chimp hap2,chr5_hap2_hsa6,active,2.108,0.398
Chimp hap2,chr5_hap2_hsa6,active,2.024,0.4045
Chimp hap2,chr5_hap2_hsa6,active,1.94,0.4025
Chimp hap2,chr5_hap2_hsa6,active,2.116,0.398
Chimp hap2,chr5_hap2_hsa6,active,1.82,0.407
Chimp hap2,chr5_hap2_hsa6,active,2.06,0.392
Chimp hap2,chr5_hap2_hsa6,active,2.04,0.4055
Chimp hap2,chr5_hap2_hsa6,active,1.96,0.4
Chimp hap2,chr5_hap2_hsa6,active,2.116,0.399
Chimp hap2,chr5_hap2_hsa6,active,1.804,0.406
Chimp hap2,chr5_hap2_hsa6,active,2.084,0.395
Chimp hap2,chr5_hap2_hsa6,active,2.02,0.4045
Chimp hap2,chr5_hap2_hsa6,active,1.968,0.4
Chimp hap2,chr5_hap2_hsa6,active,2.116,0.3995
Chimp hap2,chr5_hap2_hsa6,active,1.756,0.403
Chimp hap2,chr5_hap2_hsa6,active,2.092,0.397
Chimp hap2,chr5_hap2_hsa6,active,2.016,0.4035
Chimp hap2,chr5_hap2_hsa6,active,1.972,0.399
Chimp hap2,chr5_hap2_hsa6,active,2.128,0.401
Chimp hap2,chr5_hap2_hsa6,active,1.78,0.4005
Chimp hap2,chr5_hap2_hsa6,active,2.1,0.3965
Chimp hap2,chr5_hap2_hsa6,active,1.996,0.4065
Chimp hap2,chr5_hap2_hsa6,active,2.024,0.3965
Chimp hap2,chr5_hap2_hsa6,active,2.12,0.402
Chimp hap2,chr5_hap2_hsa6,active,1.756,0.4035
Chimp hap2,chr5_hap2_hsa6,active,2.1,0.3945
Chimp hap2,chr5_hap2_hsa6,active,1.952,0.4045
Chimp hap2,chr5_hap2_hsa6,active,2.052,0.3995
Chimp hap2,chr5_hap2_hsa6,active,2.104,0.399
Chimp hap2,chr5_hap2_hsa6,active,1.772,0.405
Chimp hap2,chr5_hap2_hsa6,active,2.096,0.395
Chimp hap2,chr5_hap2_hsa6,active,1.924,0.4065
Chimp hap2,chr5_hap2_hsa6,active,2.052,0.399
Chimp hap2,chr5_hap2_hsa6,active,2.092,0.398
Chimp hap2,chr5_hap2_hsa6,active,1.8,0.4055
Chimp hap2,chr5_hap2_hsa6,active,2.096,0.395
Chimp hap2,chr5_hap2_hsa6,active,1.936,0.407
Chimp hap2,chr5_hap2_hsa6,active,2.052,0.3985
Chimp hap2,chr5_hap2_hsa6,active,2.108,0.4
Chimp hap2,chr5_hap2_hsa6,active,1.828,0.402
Chimp hap2,chr5_hap2_hsa6,active,2.084,0.398
Chimp hap2,chr5_hap2_hsa6,active,1.964,0.4075
Chimp hap2,chr5_hap2_hsa6,active,2.076,0.397
Chimp hap2,chr5_hap2_hsa6,active,2.084,0.398
Chimp hap2,chr5_hap2_hsa6,active,1.82,0.403
Chimp hap2,chr5_hap2_hsa6,active,2.096,0.3995
Chimp hap2,chr5_hap2_hsa6,active,1.928,0.4065
Chimp hap2,chr5_hap2_hsa6,active,2.072,0.398
Chimp hap2,chr5_hap2_hsa6,active,2.084,0.397
Chimp hap2,chr5_hap2_hsa6,active,1.84,0.4015
Chimp hap2,chr5_hap2_hsa6,active,2.108,0.403
Chimp hap2,chr5_hap2_hsa6,active,1.864,0.4055
Chimp hap2,chr5_hap2_hsa6,active,2.016,0.3945
Chimp hap2,chr5_hap2_hsa6,active,2.0,0.4045
Chimp hap2,chr5_hap2_hsa6,active,1.976,0.3985
Chimp hap2,chr5_hap2_hsa6,active,2.06,0.3985
Chimp hap2,chr5_hap2_hsa6,active,1.912,0.3995
Chimp hap2,chr5_hap2_hsa6,active,2.116,0.401
Chimp hap2,chr5_hap2_hsa6,active,1.824,0.4045
Chimp hap2,chr5_hap2_hsa6,active,2.044,0.393
Chimp hap2,chr5_hap2_hsa6,active,1.952,0.404
Chimp hap2,chr5_hap2_hsa6,active,2.04,0.3995
Chimp hap2,chr5_hap2_hsa6,active,2.104,0.3975
Chimp hap2,chr5_hap2_hsa6,active,1.772,0.404
Chimp hap2,chr5_hap2_hsa6,active,2.132,0.394
Chimp hap2,chr5_hap2_hsa6,active,1.956,0.4065
Chimp hap2,chr5_hap2_hsa6,active,2.0,0.3935
Chimp hap2,chr5_hap2_hsa6,active,2.052,0.404
Chimp hap2,chr5_hap2_hsa6,active,1.952,0.401
Chimp hap2,chr5_hap2_hsa6,active,2.132,0.401
Chimp hap2,chr5_hap2_hsa6,active,1.852,0.4035
Chimp hap2,chr5_hap2_hsa6,active,2.1,0.397
Chimp hap2,chr5_hap2_hsa6,active,2.068,0.398
Chimp hap2,chr5_hap2_hsa6,active,1.868,0.399
Chimp hap2,chr5_hap2_hsa6,active,2.12,0.399
Chimp hap2,chr5_hap2_hsa6,active,1.936,0.408
Chimp hap2,chr5_hap2_hsa6,active,2.084,0.395
Chimp hap2,chr5_hap2_hsa6,active,2.132,0.402
Chimp hap2,chr5_hap2_hsa6,active,1.776,0.399
Chimp hap2,chr5_hap2_hsa6,active,2.128,0.399
Chimp hap2,chr5_hap2_hsa6,active,1.908,0.4075
Chimp hap2,chr5_hap2_hsa6,active,1.996,0.3945
Chimp hap2,chr5_hap2_hsa6,active,2.016,0.403
Chimp hap2,chr5_hap2_hsa6,active,1.964,0.399
Chimp hap2,chr5_hap2_hsa6,active,2.104,0.3975
Chimp hap2,chr5_hap2_hsa6,active,1.864,0.4045
Chimp hap2,chr5_hap2_hsa6,active,2.136,0.4015
Chimp hap2,chr5_hap2_hsa6,active,1.768,0.401
Chimp hap2,chr5_hap2_hsa6,active,2.108,0.3975
Chimp hap2,chr5_hap2_hsa6,active,1.868,0.406
Chimp hap2,chr5_hap2_hsa6,active,2.004,0.394
Chimp hap2,chr5_hap2_hsa6,active,1.984,0.406
Chimp hap2,chr5_hap2_hsa6,active,1.976,0.397
Chimp hap2,chr5_hap2_hsa6,active,2.064,0.397
Chimp hap2,chr5_hap2_hsa6,active,1.92,0.402
Chimp hap2,chr5_hap2_hsa6,active,2.116,0.401
Chimp hap2,chr5_hap2_hsa6,active,1.788,0.4005
Chimp hap2,chr5_hap2_hsa6,active,2.096,0.4
Chimp hap2,chr5_hap2_hsa6,active,1.996,0.3945
Chimp hap2,chr5_hap2_hsa6,active,2.02,0.4035
Chimp hap2,chr5_hap2_hsa6,active,1.984,0.4005
Chimp hap2,chr5_hap2_hsa6,active,2.136,0.4
Chimp hap2,chr5_hap2_hsa6,active,1.752,0.397
Chimp hap2,chr5_hap2_hsa6,active,2.14,0.4
Chimp hap2,chr5_hap2_hsa6,active,1.876,0.406
Chimp hap2,chr5_hap2_hsa6,active,2.044,0.393
Chimp hap2,chr5_hap2_hsa6,active,2.0,0.4055
Chimp hap2,chr5_hap2_hsa6,active,1.976,0.397
Chimp hap2,chr5_hap2_hsa6,active,2.14,0.401
Chimp hap2,chr5_hap2_hsa6,active,1.776,0.3985
Chimp hap2,chr5_hap2_hsa6,active,2.116,0.4015
Chimp hap2,chr5_hap2_hsa6,active,1.848,0.4035
Chimp hap2,chr5_hap2_hsa6,active,2.04,0.3945
Chimp hap2,chr5_hap2_hsa6,active,1.94,0.403
Chimp hap2,chr5_hap2_hsa6,active,2.04,0.3995
Chimp hap2,chr5_hap2_hsa6,active,2.108,0.398
Chimp hap2,chr5_hap2_hsa6,active,1.764,0.4045
Chimp hap2,chr5_hap2_hsa6,active,2.116,0.3935
Chimp hap2,chr5_hap2_hsa6,active,1.952,0.407
Chimp hap2,chr5_hap2_hsa6,active,1.992,0.393
Chimp hap2,chr5_hap2_hsa6,active,2.052,0.405
Chimp hap2,chr5_hap2_hsa6,active,1.944,0.401
Chimp hap2,chr5_hap2_hsa6,active,2.12,0.401
Chimp hap2,chr5_hap2_hsa6,active,1.824,0.403
Chimp hap2,chr5_hap2_hsa6,active,2.116,0.3965
Chimp hap2,chr5_hap2_hsa6,active,2.076,0.399
Chimp hap2,chr5_hap2_hsa6,active,1.928,0.4015
Chimp hap2,chr5_hap2_hsa6,active,2.088,0.3975
Chimp hap2,chr5_hap2_hsa6,active,1.8,0.4075
Chimp hap2,chr5_hap2_hsa6,active,2.108,0.3945
Chimp hap2,chr5_hap2_hsa6,active,2.048,0.399
Chimp hap2,chr5_hap2_hsa6,active,1.92,0.4025
Chimp hap2,chr5_hap2_hsa6,active,2.116,0.399
Chimp hap2,chr5_hap2_hsa6,active,1.784,0.4015
Chimp hap2,chr5_hap2_hsa6,active,2.124,0.4025
Chimp hap2,chr5_hap2_hsa6,active,1.736,0.401
Chimp hap2,chr5_hap2_hsa6,active,2.12,0.3955
Chimp hap2,chr5_hap2_hsa6,active,1.944,0.407
Chimp hap2,chr5_hap2_hsa6,active,1.968,0.3945
Chimp hap2,chr5_hap2_hsa6,active,2.048,0.404
Chimp hap2,chr5_hap2_hsa6,active,1.956,0.4005
Chimp hap2,chr5_hap2_hsa6,active,2.1,0.398
Chimp hap2,chr5_hap2_hsa6,active,1.864,0.404
Chimp hap2,chr5_hap2_hsa6,active,2.128,0.398
Chimp hap2,chr5_hap2_hsa6,active,1.748,0.401
Chimp hap2,chr5_hap2_hsa6,active,2.08,0.3975
Chimp hap2,chr5_hap2_hsa6,active,1.816,0.408
Chimp hap2,chr5_hap2_hsa6,active,2.068,0.391
Chimp hap2,chr5_hap2_hsa6,active,1.908,0.4075
Chimp hap2,chr5_hap2_hsa6,active,2.004,0.394
Chimp hap2,chr5_hap2_hsa6,active,2.052,0.405
Chimp hap2,chr5_hap2_hsa6,active,1.996,0.3995
Chimp hap2,chr5_hap2_hsa6,active,2.096,0.3975
Chimp hap2,chr5_hap2_hsa6,active,1.872,0.404
Chimp hap2,chr5_hap2_hsa6,active,2.132,0.3995
Chimp hap2,chr5_hap2_hsa6,active,1.756,0.398
Chimp hap2,chr5_hap2_hsa6,active,2.056,0.4005
Chimp hap2,chr5_hap2_hsa6,active,1.976,0.3935
Chimp hap2,chr5_hap2_hsa6,active,2.076,0.4025
Chimp hap2,chr5_hap2_hsa6,active,1.972,0.3995
Chimp hap2,chr5_hap2_hsa6,active,2.12,0.3985
Chimp hap2,chr5_hap2_hsa6,active,1.86,0.401
Chimp hap2,chr5_hap2_hsa6,active,2.132,0.4
Chimp hap2,chr5_hap2_hsa6,active,1.764,0.4
Chimp hap2,chr5_hap2_hsa6,active,2.084,0.399
Chimp hap2,chr5_hap2_hsa6,active,1.828,0.4055
Chimp hap2,chr5_hap2_hsa6,active,1.928,0.389
Chimp hap2,chr5_hap2_hsa6,active,1.944,0.4015
Chimp hap2,chr5_hap2_hsa6,active,2.116,0.3995
Chimp hap2,chr5_hap2_hsa6,active,1.816,0.4
Chimp hap2,chr5_hap2_hsa6,active,2.14,0.403
Chimp hap2,chr5_hap2_hsa6,active,1.748,0.399
Chimp hap2,chr5_hap2_hsa6,active,2.104,0.395
Chimp hap2,chr5_hap2_hsa6,active,1.844,0.4075
Chimp hap2,chr5_hap2_hsa6,active,2.052,0.3915
Chimp hap2,chr5_hap2_hsa6,active,1.952,0.4055
Chimp hap2,chr5_hap2_hsa6,active,1.84,0.395
Chimp hap2,chr5_hap2_hsa6,active,1.792,0.396
Chimp hap2,chr5_hap2_hsa6,active,2.12,0.4035
Chimp hap2,chr5_hap2_hsa6,active,1.776,0.3995
Chimp hap2,chr5_hap2_hsa6,active,2.096,0.3975
Chimp hap2,chr5_hap2_hsa6,active,1.868,0.406
Chimp hap2,chr5_hap2_hsa6,active,1.848,0.388
Chimp hap2,chr5_hap2_hsa6,active,1.884,0.4025
Chimp hap2,chr5_hap2_hsa6,active,2.116,0.4
Chimp hap2,chr5_hap2_hsa6,active,1.764,0.3985
Chimp hap2,chr5_hap2_hsa6,active,2.092,0.399
Chimp hap2,chr5_hap2_hsa6,active,1.796,0.4045
Chimp hap2,chr5_hap2_hsa6,active,2.076,0.396
Chimp hap2,chr5_hap2_hsa6,active,1.9,0.404
Chimp hap2,chr5_hap2_hsa6,active,2.004,0.3955
Chimp hap2,chr5_hap2_hsa6,active,2.016,0.402
Chimp hap2,chr5_hap2_hsa6,active,1.98,0.3985
Chimp hap2,chr5_hap2_hsa6,active,2.08,0.398
Chimp hap2,chr5_hap2_hsa6,active,1.872,0.4025
Chimp hap2,chr5_hap2_hsa6,active,2.124,0.4005
Chimp hap2,chr5_hap2_hsa6,active,1.772,0.3975
Chimp hap2,chr5_hap2_hsa6,active,2.104,0.402
Chimp hap2,chr5_hap2_hsa6,active,1.768,0.4025
Chimp hap2,chr5_hap2_hsa6,active,2.104,0.3965
Chimp hap2,chr5_hap2_hsa6,active,1.86,0.406
Chimp hap2,chr5_hap2_hsa6,active,2.036,0.3925
Chimp hap2,chr5_hap2_hsa6,active,1.996,0.404
Chimp hap2,chr5_hap2_hsa6,active,1.844,0.394
Chimp hap2,chr5_hap2_hsa6,active,1.756,0.399
Chimp hap2,chr5_hap2_hsa6,active,2.096,0.399
Chimp hap2,chr5_hap2_hsa6,active,1.812,0.404
Chimp hap2,chr5_hap2_hsa6,active,2.076,0.396
Chimp hap2,chr5_hap2_hsa6,active,1.896,0.404
Chimp hap2,chr5_hap2_hsa6,active,2.032,0.3955
Chimp hap2,chr5_hap2_hsa6,active,2.024,0.402
Chimp hap2,chr5_hap2_hsa6,active,1.968,0.3985
Chimp hap2,chr5_hap2_hsa6,active,2.096,0.397
Chimp hap2,chr5_hap2_hsa6,active,1.976,0.3965
Chimp hap2,chr5_hap2_hsa6,active,1.856,0.406
Chimp hap2,chr5_hap2_hsa6,active,2.056,0.394
Chimp hap2,chr5_hap2_hsa6,active,1.976,0.403
Chimp hap2,chr5_hap2_hsa6,active,1.992,0.395
Chimp hap2,chr5_hap2_hsa6,active,2.076,0.402
Chimp hap2,chr5_hap2_hsa6,active,1.964,0.3995
Chimp hap2,chr5_hap2_hsa6,active,2.092,0.3975
Chimp hap2,chr5_hap2_hsa6,active,1.892,0.402
Chimp hap2,chr5_hap2_hsa6,active,2.108,0.4
Chimp hap2,chr5_hap2_hsa6,active,1.732,0.4
Chimp hap2,chr5_hap2_hsa6,active,2.084,0.399
Chimp hap2,chr5_hap2_hsa6,active,1.784,0.4055
Chimp hap2,chr5_hap2_hsa6,active,2.08,0.395
Chimp hap2,chr5_hap2_hsa6,active,1.9,0.407
Chimp hap2,chr5_hap2_hsa6,active,2.072,0.3965
Chimp hap2,chr5_hap2_hsa6,active,2.084,0.3965
Chimp hap2,chr5_hap2_hsa6,active,1.888,0.405
Chimp hap2,chr5_hap2_hsa6,active,2.12,0.4
Chimp hap2,chr5_hap2_hsa6,active,1.756,0.3975
Chimp hap2,chr5_hap2_hsa6,active,2.14,0.401
Chimp hap2,chr5_hap2_hsa6,active,1.76,0.401
Chimp hap2,chr5_hap2_hsa6,active,2.116,0.397
Chimp hap2,chr5_hap2_hsa6,active,1.856,0.406
Chimp hap2,chr5_hap2_hsa6,active,2.016,0.394
Chimp hap2,chr5_hap2_hsa6,active,2.004,0.4055
Chimp hap2,chr5_hap2_hsa6,active,2.02,0.3945
Chimp hap2,chr5_hap2_hsa6,active,2.128,0.4005
Chimp hap2,chr5_hap2_hsa6,active,1.764,0.404
Chimp hap2,chr5_hap2_hsa6,active,2.124,0.3935
Chimp hap2,chr5_hap2_hsa6,active,1.852,0.406
Chimp hap2,chr5_hap2_hsa6,active,2.04,0.3945
Chimp hap2,chr5_hap2_hsa6,active,1.948,0.4045
Chimp hap2,chr5_hap2_hsa6,active,1.992,0.3965
Chimp hap2,chr5_hap2_hsa6,active,2.06,0.399
Chimp hap2,chr5_hap2_hsa6,active,1.908,0.4025
Chimp hap2,chr5_hap2_hsa6,active,2.132,0.403
Chimp hap2,chr5_hap2_hsa6,active,1.832,0.4005
Chimp hap2,chr5_hap2_hsa6,active,2.04,0.3915
Chimp hap2,chr5_hap2_hsa6,active,1.952,0.4055
Chimp hap2,chr5_hap2_hsa6,active,1.98,0.394
Chimp hap2,chr5_hap2_hsa6,active,2.068,0.4035
Chimp hap2,chr5_hap2_hsa6,active,1.972,0.4005
Chimp hap2,chr5_hap2_hsa6,active,2.108,0.397
Chimp hap2,chr5_hap2_hsa6,active,1.852,0.4035
Chimp hap2,chr5_hap2_hsa6,active,2.112,0.3995
Chimp hap2,chr5_hap2_hsa6,active,1.752,0.4005
Chimp hap2,chr5_hap2_hsa6,active,2.088,0.397
Chimp hap2,chr5_hap2_hsa6,active,1.848,0.4075
Chimp hap2,chr5_hap2_hsa6,active,2.068,0.3915
Chimp hap2,chr5_hap2_hsa6,active,1.948,0.406
Chimp hap2,chr5_hap2_hsa6,active,2.052,0.3965
Chimp hap2,chr5_hap2_hsa6,active,2.108,0.3975
Chimp hap2,chr5_hap2_hsa6,active,1.848,0.4035
Chimp hap2,chr5_hap2_hsa6,active,2.096,0.3985
Chimp hap2,chr5_hap2_hsa6,active,1.936,0.407
Chimp hap2,chr5_hap2_hsa6,active,2.068,0.3955
Chimp hap2,chr5_hap2_hsa6,active,2.076,0.397
Chimp hap2,chr5_hap2_hsa6,active,1.86,0.4005
Chimp hap2,chr5_hap2_hsa6,active,2.096,0.3995
Chimp hap2,chr5_hap2_hsa6,active,1.876,0.4035
Chimp hap2,chr5_hap2_hsa6,active,2.076,0.394
Chimp hap2,chr5_hap2_hsa6,active,1.856,0.386
Chimp hap2,chr5_hap2_hsa6,inactive,1.88,0.3425
Chimp hap2,chr5_hap2_hsa6,inactive,1.848,0.354
Chimp hap2,chr5_hap2_hsa6,inactive,1.9,0.359
Chimp hap2,chr5_hap2_hsa6,inactive,1.944,0.347
Chimp hap2,chr5_hap2_hsa6,inactive,1.892,0.346
Chimp hap2,chr5_hap2_hsa6,inactive,1.76,0.344
Chimp hap2,chr5_hap2_hsa6,inactive,1.824,0.362
Chimp hap2,chr5_hap2_hsa6,inactive,2.004,0.342
Chimp hap2,chr5_hap2_hsa6,inactive,2.036,0.349
Chimp hap2,chr5_hap2_hsa6,inactive,1.996,0.358
Chimp hap2,chr5_hap2_hsa6,inactive,1.952,0.353
Chimp hap2,chr5_hap2_hsa6,inactive,2.036,0.359
Chimp hap2,chr5_hap2_hsa6,inactive,2.02,0.353
Chimp hap2,chr5_hap2_hsa6,inactive,2.012,0.3565
Chimp hap2,chr5_hap2_hsa6,inactive,1.956,0.3575
Chimp hap2,chr5_hap2_hsa6,inactive,2.048,0.343
Chimp hap2,chr5_hap2_hsa6,inactive,2.364,0.382
Chimp hap2,chr5_hap2_hsa6,inactive,2.384,0.378
Chimp hap2,chr5_hap2_hsa6,inactive,2.324,0.378
Chimp hap2,chr5_hap2_hsa6,inactive,1.984,0.3545
Chimp hap2,chr5_hap2_hsa6,inactive,1.952,0.352
Chimp hap2,chr5_hap2_hsa6,inactive,2.048,0.3525
Chimp hap2,chr5_hap2_hsa6,inactive,2.044,0.3415
Chimp hap2,chr5_hap2_hsa6,inactive,2.0,0.3545
Chimp hap2,chr5_hap2_hsa6,inactive,2.072,0.344
Chimp hap2,chr5_hap2_hsa6,inactive,2.088,0.3605
Chimp hap2,chr5_hap2_hsa6,inactive,2.132,0.3795
Chimp hap2,chr5_hap2_hsa6,inactive,2.028,0.3565
Chimp hap2,chr5_hap2_hsa6,inactive,1.916,0.3515
Chimp hap2,chr5_hap2_hsa6,inactive,2.02,0.3545
Chimp hap2,chr5_hap2_hsa6,inactive,2.056,0.353
Chimp hap2,chr5_hap2_hsa6,inactive,2.128,0.366
Chimp hap2,chr5_hap2_hsa6,inactive,2.0,0.349
Chimp hap2,chr5_hap2_hsa6,inactive,1.976,0.349
Chimp hap2,chr5_hap2_hsa6,inactive,2.072,0.3595
Chimp hap2,chr5_hap2_hsa6,inactive,1.948,0.3445
Chimp hap2,chr5_hap2_hsa6,inactive,2.068,0.34
Chimp hap2,chr5_hap2_hsa6,inactive,1.932,0.3455
Chimp hap2,chr5_hap2_hsa6,inactive,1.924,0.345
Chimp hap2,chr5_hap2_hsa6,inactive,2.008,0.354
Chimp hap2,chr5_hap2_hsa6,inactive,1.956,0.3565
Chimp hap2,chr5_hap2_hsa6,inactive,1.984,0.3455
Chimp hap2,chr5_hap2_hsa6,inactive,2.104,0.3515
Chimp hap2,chr5_hap2_hsa6,inactive,2.032,0.358
Chimp hap2,chr5_hap2_hsa6,inactive,2.016,0.3475
Chimp hap2,chr5_hap2_hsa6,inactive,2.048,0.3585
Chimp hap2,chr5_hap2_hsa6,inactive,2.024,0.3515
Chimp hap2,chr5_hap2_hsa6,inactive,2.024,0.3515
Chimp hap2,chr5_hap2_hsa6,inactive,2.0,0.35
Chimp hap2,chr5_hap2_hsa6,inactive,1.888,0.3565
Chimp hap2,chr5_hap2_hsa6,inactive,2.032,0.3575
Chimp hap2,chr5_hap2_hsa6,inactive,2.004,0.3585
Chimp hap2,chr5_hap2_hsa6,inactive,1.992,0.352
Chimp hap2,chr5_hap2_hsa6,inactive,2.004,0.343
Chimp hap2,chr5_hap2_hsa6,inactive,1.972,0.3535
Chimp hap2,chr5_hap2_hsa6,inactive,2.036,0.348
Chimp hap2,chr5_hap2_hsa6,inactive,1.996,0.3535
Chimp hap2,chr5_hap2_hsa6,inactive,1.712,0.7335
Chimp hap2,chr5_hap2_hsa6,inactive,2.392,0.4095
Chimp hap2,chr5_hap2_hsa6,inactive,2.04,0.3485
Chimp hap2,chr5_hap2_hsa6,inactive,2.036,0.347
Chimp hap2,chr5_hap2_hsa6,inactive,2.028,0.343
Chimp hap2,chr5_hap2_hsa6,inactive,2.056,0.35
Chimp hap2,chr5_hap2_hsa6,inactive,2.092,0.358
Chimp hap2,chr5_hap2_hsa6,inactive,1.928,0.3585
Chimp hap2,chr5_hap2_hsa6,inactive,1.912,0.3535
Chimp hap2,chr5_hap2_hsa6,inactive,2.072,0.3555
Chimp hap2,chr5_hap2_hsa6,inactive,2.08,0.3545
Chimp hap2,chr5_hap2_hsa6,inactive,1.992,0.3555
Chimp hap2,chr5_hap2_hsa6,inactive,1.94,0.3515
Chimp hap2,chr5_hap2_hsa6,inactive,2.012,0.3535
Chimp hap2,chr5_hap2_hsa6,inactive,2.064,0.3525
Chimp hap2,chr5_hap2_hsa6,inactive,1.884,0.361
Chimp hap2,chr5_hap2_hsa6,inactive,2.124,0.354
Chimp hap2,chr5_hap2_hsa6,inactive,2.4,0.3885
Chimp hap2,chr5_hap2_hsa6,inactive,1.96,0.3475
Chimp hap2,chr5_hap2_hsa6,inactive,1.992,0.3465
Chimp hap2,chr5_hap2_hsa6,inactive,2.024,0.358
Chimp hap2,chr5_hap2_hsa6,inactive,2.016,0.3505
Chimp hap2,chr5_hap2_hsa6,inactive,2.04,0.3505
Chimp hap2,chr5_hap2_hsa6,inactive,2.0,0.3485
Chimp hap2,chr5_hap2_hsa6,inactive,2.012,0.3415
Chimp hap2,chr5_hap2_hsa6,inactive,2.016,0.3525
Chimp hap2,chr5_hap2_hsa6,inactive,2.144,0.377
Chimp hap2,chr5_hap2_hsa6,inactive,2.0,0.3525
Chimp hap2,chr5_hap2_hsa6,inactive,1.956,0.3495
Chimp hap2,chr5_hap2_hsa6,inactive,2.1,0.355
Chimp hap2,chr5_hap2_hsa6,inactive,2.008,0.354
Chimp hap2,chr5_hap2_hsa6,inactive,1.988,0.3615
Chimp hap2,chr5_hap2_hsa6,inactive,1.992,0.3575
Chimp hap2,chr5_hap2_hsa6,inactive,2.0,0.353
Chimp hap2,chr5_hap2_hsa6,inactive,2.036,0.3475
Chimp hap2,chr5_hap2_hsa6,inactive,1.892,0.3505
Chimp hap2,chr5_hap2_hsa6,inactive,2.028,0.3485
Chimp hap2,chr5_hap2_hsa6,inactive,1.996,0.354
Chimp hap2,chr5_hap2_hsa6,inactive,1.984,0.348
Chimp hap2,chr5_hap2_hsa6,inactive,2.076,0.3585
Chimp hap2,chr5_hap2_hsa6,inactive,2.04,0.3525
Chimp hap2,chr5_hap2_hsa6,inactive,1.96,0.3485
Chimp hap2,chr5_hap2_hsa6,inactive,2.02,0.3395
Chimp hap2,chr5_hap2_hsa6,inactive,2.04,0.349
Chimp hap2,chr5_hap2_hsa6,inactive,2.012,0.348
Chimp hap2,chr5_hap2_hsa6,inactive,2.096,0.34
Chimp hap2,chr5_hap2_hsa6,inactive,1.992,0.3535
Chimp hap2,chr5_hap2_hsa6,inactive,1.94,0.344
Chimp hap2,chr5_hap2_hsa6,inactive,2.016,0.347
Chimp hap2,chr5_hap2_hsa6,inactive,2.008,0.3485
Chimp hap2,chr5_hap2_hsa6,inactive,2.068,0.3395
Chimp hap2,chr5_hap2_hsa6,inactive,1.976,0.3555
Chimp hap2,chr5_hap2_hsa6,inactive,1.896,0.344
Chimp hap2,chr5_hap2_hsa6,inactive,1.996,0.358
Chimp hap2,chr5_hap2_hsa6,inactive,2.084,0.3525
Chimp hap2,chr5_hap2_hsa6,inactive,1.988,0.3505
Chimp hap2,chr5_hap2_hsa6,inactive,2.036,0.3475
Chimp hap2,chr5_hap2_hsa6,inactive,2.02,0.3575
Chimp hap2,chr5_hap2_hsa6,inactive,1.868,0.3535
Chimp hap2,chr5_hap2_hsa6,inactive,2.0,0.354
Chimp hap2,chr5_hap2_hsa6,inactive,2.06,0.35
Chimp hap2,chr5_hap2_hsa6,inactive,1.96,0.364
Chimp hap2,chr5_hap2_hsa6,inactive,2.0,0.3405
Chimp hap2,chr5_hap2_hsa6,inactive,2.0,0.351
Chimp hap2,chr5_hap2_hsa6,inactive,2.02,0.3605
Chimp hap2,chr5_hap2_hsa6,inactive,1.984,0.344
Chimp hap2,chr5_hap2_hsa6,inactive,1.972,0.3545
Chimp hap2,chr5_hap2_hsa6,inactive,1.956,0.3515
Chimp hap2,chr5_hap2_hsa6,inactive,1.916,0.3505
Chimp hap2,chr5_hap2_hsa6,inactive,2.02,0.366
Chimp hap2,chr5_hap2_hsa6,inactive,2.016,0.355
Chimp hap2,chr5_hap2_hsa6,inactive,1.984,0.347
Chimp hap2,chr5_hap2_hsa6,inactive,2.004,0.348
Chimp hap2,chr5_hap2_hsa6,inactive,1.884,0.3615
Chimp hap2,chr5_hap2_hsa6,inactive,1.712,0.364
Chimp hap2,chr5_hap2_hsa6,inactive,1.916,0.354
Chimp hap2,chr5_hap2_hsa6,inactive,1.984,0.3465
Chimp hap2,chr5_hap2_hsa6,inactive,1.928,0.3455
Chimp hap2,chr5_hap2_hsa6,inactive,1.992,0.3555
Chimp hap2,chr5_hap2_hsa6,inactive,1.944,0.351
Chimp hap2,chr5_hap2_hsa6,inactive,1.908,0.35
Chimp hap2,chr5_hap2_hsa6,inactive,1.896,0.352
Chimp hap2,chr5_hap2_hsa6,inactive,1.968,0.3515
Chimp hap2,chr5_hap2_hsa6,inactive,2.1,0.366
Chimp hap2,chr5_hap2_hsa6,inactive,1.86,0.358
Chimp hap2,chr5_hap2_hsa6,inactive,1.896,0.352
Chimp hap2,chr5_hap2_hsa6,inactive,1.932,0.342
Chimp hap2,chr5_hap2_hsa6,inactive,1.896,0.355
Chimp hap2,chr5_hap2_hsa6,inactive,1.892,0.343
Chimp hap2,chr5_hap2_hsa6,inactive,1.984,0.357
Chimp hap2,chr5_hap2_hsa6,inactive,1.932,0.3595
Chimp hap2,chr5_hap2_hsa6,inactive,1.944,0.35
Chimp hap2,chr5_hap2_hsa6,inactive,1.788,0.345
Chimp hap2,chr5_hap2_hsa6,inactive,1.988,0.361
Chimp hap2,chr5_hap2_hsa6,inactive,1.92,0.3535
Chimp hap2,chr5_hap2_hsa6,inactive,2.308,0.4615
Chimp hap2,chr5_hap2_hsa6,inactive,1.948,0.4005
Chimp hap2,chr5_hap2_hsa6,inactive,1.924,0.3545
Chimp hap2,chr5_hap2_hsa6,inactive,1.908,0.3645
Chimp hap2,chr5_hap2_hsa6,inactive,2.016,0.3535
Chimp hap2,chr5_hap2_hsa6,inactive,1.968,0.3605
Chimp hap2,chr5_hap2_hsa6,inactive,1.904,0.354
Chimp hap2,chr5_hap2_hsa6,inactive,1.992,0.3465
Chimp hap2,chr5_hap2_hsa6,inactive,1.904,0.3585
Chimp hap2,chr5_hap2_hsa6,inactive,1.996,0.348
Chimp hap2,chr5_hap2_hsa6,inactive,1.924,0.359
Chimp hap2,chr5_hap2_hsa6,inactive,2.004,0.3545
Chimp hap2,chr5_hap2_hsa6,inactive,1.888,0.3585
Chimp hap2,chr5_hap2_hsa6,inactive,1.84,0.3605
Chimp hap2,chr5_hap2_hsa6,inactive,1.896,0.355
Chimp hap2,chr5_hap2_hsa6,inactive,1.9,0.362
Chimp hap2,chr5_hap2_hsa6,inactive,1.96,0.3515
Chimp hap2,chr5_hap2_hsa6,inactive,1.844,0.3495
Chimp hap2,chr5_hap2_hsa6,inactive,1.904,0.3595
Chimp hap2,chr5_hap2_hsa6,inactive,1.82,0.354
Chimp hap2,chr7_hap2_hsa8,inactive,1.84,0.351
Chimp hap2,chr7_hap2_hsa8,inactive,1.904,0.3565
Chimp hap2,chr7_hap2_hsa8,inactive,1.888,0.3545
Chimp hap2,chr7_hap2_hsa8,inactive,1.868,0.3605
Chimp hap2,chr7_hap2_hsa8,inactive,1.976,0.3585
Chimp hap2,chr7_hap2_hsa8,inactive,1.948,0.3635
Chimp hap2,chr7_hap2_hsa8,inactive,1.896,0.3585
Chimp hap2,chr7_hap2_hsa8,inactive,2.084,0.3535
Chimp hap2,chr7_hap2_hsa8,inactive,1.972,0.367
Chimp hap2,chr7_hap2_hsa8,inactive,1.828,0.3745
Chimp hap2,chr7_hap2_hsa8,inactive,1.852,0.3695
Chimp hap2,chr7_hap2_hsa8,inactive,1.84,0.3755
Chimp hap2,chr7_hap2_hsa8,inactive,1.852,0.372
Chimp hap2,chr7_hap2_hsa8,inactive,1.836,0.3745
Chimp hap2,chr7_hap2_hsa8,inactive,1.864,0.3705
Chimp hap2,chr7_hap2_hsa8,inactive,1.868,0.3725
Chimp hap2,chr7_hap2_hsa8,inactive,1.86,0.371
Chimp hap2,chr7_hap2_hsa8,inactive,1.944,0.3805
Chimp hap2,chr7_hap2_hsa8,inactive,2.06,0.37
Chimp hap2,chr7_hap2_hsa8,inactive,1.968,0.371
Chimp hap2,chr7_hap2_hsa8,inactive,2.072,0.357
Chimp hap2,chr7_hap2_hsa8,inactive,1.968,0.3455
Chimp hap2,chr7_hap2_hsa8,inactive,2.252,0.4155
Chimp hap2,chr7_hap2_hsa8,inactive,2.432,0.432
Chimp hap2,chr7_hap2_hsa8,inactive,2.428,0.387
Chimp hap2,chr7_hap2_hsa8,inactive,2.468,0.3835
Chimp hap2,chr7_hap2_hsa8,inactive,2.44,0.375
Chimp hap2,chr7_hap2_hsa8,inactive,2.056,0.352
Chimp hap2,chr7_hap2_hsa8,inactive,1.944,0.359
Chimp hap2,chr7_hap2_hsa8,inactive,1.944,0.3635
Chimp hap2,chr7_hap2_hsa8,inactive,1.976,0.3475
Chimp hap2,chr7_hap2_hsa8,inactive,1.964,0.3435
Chimp hap2,chr7_hap2_hsa8,inactive,1.968,0.3545
Chimp hap2,chr7_hap2_hsa8,inactive,1.984,0.3615
Chimp hap2,chr7_hap2_hsa8,inactive,1.996,0.3575
Chimp hap2,chr7_hap2_hsa8,inactive,1.988,0.364
Chimp hap2,chr7_hap2_hsa8,inactive,2.04,0.363
Chimp hap2,chr7_hap2_hsa8,active,1.856,0.3815
Chimp hap2,chr7_hap2_hsa8,active,2.008,0.371
Chimp hap2,chr7_hap2_hsa8,active,1.924,0.375
Chimp hap2,chr7_hap2_hsa8,active,2.0,0.377
Chimp hap2,chr7_hap2_hsa8,active,1.728,0.368
Chimp hap2,chr7_hap2_hsa8,active,1.896,0.3775
Chimp hap2,chr7_hap2_hsa8,active,1.796,0.3865
Chimp hap2,chr7_hap2_hsa8,active,1.792,0.3875
Chimp hap2,chr7_hap2_hsa8,active,1.884,0.3915
Chimp hap2,chr7_hap2_hsa8,active,1.816,0.3895
Chimp hap2,chr7_hap2_hsa8,active,1.832,0.3885
Chimp hap2,chr7_hap2_hsa8,active,1.8,0.3895
Chimp hap2,chr7_hap2_hsa8,active,1.808,0.3845
Chimp hap2,chr7_hap2_hsa8,active,1.756,0.3825
Chimp hap2,chr7_hap2_hsa8,active,1.768,0.3835
Chimp hap2,chr7_hap2_hsa8,active,1.792,0.385
Chimp hap2,chr7_hap2_hsa8,active,1.832,0.3845
Chimp hap2,chr7_hap2_hsa8,active,1.776,0.381
Chimp hap2,chr7_hap2_hsa8,active,1.868,0.3845
Chimp hap2,chr7_hap2_hsa8,active,1.74,0.3825
Chimp hap2,chr7_hap2_hsa8,active,1.78,0.3875
Chimp hap2,chr7_hap2_hsa8,active,1.828,0.3825
Chimp hap2,chr7_hap2_hsa8,active,1.756,0.383
Chimp hap2,chr7_hap2_hsa8,active,1.956,0.385
Chimp hap2,chr7_hap2_hsa8,active,1.808,0.383
Chimp hap2,chr7_hap2_hsa8,active,1.72,0.3785
Chimp hap2,chr7_hap2_hsa8,active,1.788,0.384
Chimp hap2,chr7_hap2_hsa8,active,1.724,0.3835
Chimp hap2,chr7_hap2_hsa8,active,1.88,0.3835
Chimp hap2,chr7_hap2_hsa8,active,1.712,0.3865
Chimp hap2,chr7_hap2_hsa8,active,1.772,0.3825
Chimp hap2,chr7_hap2_hsa8,active,1.82,0.3865
Chimp hap2,chr7_hap2_hsa8,active,1.836,0.385
Chimp hap2,chr7_hap2_hsa8,active,1.836,0.3865
Chimp hap2,chr7_hap2_hsa8,active,1.72,0.3885
Chimp hap2,chr7_hap2_hsa8,active,1.86,0.383
Chimp hap2,chr7_hap2_hsa8,active,1.844,0.3875
Chimp hap2,chr7_hap2_hsa8,active,1.712,0.3815
Chimp hap2,chr7_hap2_hsa8,active,1.828,0.3865
Chimp hap2,chr7_hap2_hsa8,active,1.752,0.3875
Chimp hap2,chr7_hap2_hsa8,active,1.668,0.385
Chimp hap2,chr7_hap2_hsa8,active,1.572,0.377
Chimp hap2,chr7_hap2_hsa8,active,1.592,0.383
Chimp hap2,chr7_hap2_hsa8,active,1.66,0.381
Chimp hap2,chr7_hap2_hsa8,active,1.632,0.3805
Chimp hap2,chr7_hap2_hsa8,active,1.588,0.383
Chimp hap2,chr7_hap2_hsa8,active,1.684,0.3845
Chimp hap2,chr7_hap2_hsa8,active,1.624,0.383
Chimp hap2,chr7_hap2_hsa8,active,1.608,0.3815
Chimp hap2,chr7_hap2_hsa8,active,1.66,0.3835
Chimp hap2,chr7_hap2_hsa8,active,1.576,0.3785
Chimp hap2,chr7_hap2_hsa8,active,1.656,0.384
Chimp hap2,chr7_hap2_hsa8,active,1.604,0.3825
Chimp hap2,chr7_hap2_hsa8,active,1.584,0.3815
Chimp hap2,chr7_hap2_hsa8,active,1.532,0.385
Chimp hap2,chr7_hap2_hsa8,active,1.596,0.381
Chimp hap2,chr7_hap2_hsa8,active,1.48,0.38
Chimp hap2,chr7_hap2_hsa8,active,1.62,0.3795
Chimp hap2,chr7_hap2_hsa8,active,1.588,0.381
Chimp hap2,chr7_hap2_hsa8,active,1.78,0.3825
Chimp hap2,chr7_hap2_hsa8,active,1.792,0.3845
Chimp hap2,chr7_hap2_hsa8,active,1.772,0.382
Chimp hap2,chr7_hap2_hsa8,active,1.796,0.3835
Chimp hap2,chr7_hap2_hsa8,active,1.62,0.381
Chimp hap2,chr7_hap2_hsa8,active,1.548,0.381
Chimp hap2,chr7_hap2_hsa8,active,1.692,0.383
Chimp hap2,chr7_hap2_hsa8,active,1.76,0.3765
Chimp hap2,chr7_hap2_hsa8,active,1.6,0.3775
Chimp hap2,chr7_hap2_hsa8,active,1.604,0.374
Chimp hap2,chr7_hap2_hsa8,active,1.616,0.3755
Chimp hap2,chr7_hap2_hsa8,active,1.556,0.3715
Chimp hap2,chr7_hap2_hsa8,active,1.624,0.374
Chimp hap2,chr7_hap2_hsa8,active,1.62,0.374
Chimp hap2,chr7_hap2_hsa8,active,1.62,0.375
Chimp hap2,chr7_hap2_hsa8,active,1.516,0.3775
Chimp hap2,chr7_hap2_hsa8,active,1.724,0.371
Chimp hap2,chr7_hap2_hsa8,active,1.616,0.3775
Chimp hap2,chr7_hap2_hsa8,active,1.668,0.373
Chimp hap2,chr7_hap2_hsa8,active,1.624,0.377
Chimp hap2,chr7_hap2_hsa8,active,1.532,0.374
Chimp hap2,chr7_hap2_hsa8,active,1.628,0.374
Chimp hap2,chr7_hap2_hsa8,active,1.56,0.3735
Chimp hap2,chr7_hap2_hsa8,active,1.648,0.378
Chimp hap2,chr7_hap2_hsa8,active,1.64,0.3755
Chimp hap2,chr7_hap2_hsa8,active,1.568,0.3685
Chimp hap2,chr7_hap2_hsa8,active,1.604,0.3735
Chimp hap2,chr7_hap2_hsa8,active,1.556,0.3735
Chimp hap2,chr7_hap2_hsa8,active,1.628,0.373
Chimp hap2,chr7_hap2_hsa8,active,1.636,0.3735
Chimp hap2,chr7_hap2_hsa8,active,1.544,0.3675
Chimp hap2,chr7_hap2_hsa8,active,1.64,0.3685
Chimp hap2,chr7_hap2_hsa8,active,1.576,0.374
Chimp hap2,chr7_hap2_hsa8,active,1.564,0.37
Chimp hap2,chr7_hap2_hsa8,active,1.796,0.374
Chimp hap2,chr7_hap2_hsa8,active,1.632,0.375
Chimp hap2,chr7_hap2_hsa8,active,1.7,0.3755
Chimp hap2,chr7_hap2_hsa8,active,1.64,0.3815
Chimp hap2,chr7_hap2_hsa8,active,1.588,0.38
Chimp hap2,chr7_hap2_hsa8,active,1.608,0.376
Chimp hap2,chr7_hap2_hsa8,active,1.652,0.3695
Chimp hap2,chr7_hap2_hsa8,active,1.644,0.377
Chimp hap2,chr7_hap2_hsa8,active,1.596,0.3775
Chimp hap2,chr7_hap2_hsa8,active,1.628,0.3745
Chimp hap2,chr7_hap2_hsa8,active,1.588,0.3795
Chimp hap2,chr7_hap2_hsa8,active,1.632,0.3725
Chimp hap2,chr7_hap2_hsa8,active,1.604,0.38
Chimp hap2,chr7_hap2_hsa8,active,1.58,0.3805
Chimp hap2,chr7_hap2_hsa8,active,1.648,0.3755
Chimp hap2,chr7_hap2_hsa8,active,1.604,0.3815
Chimp hap2,chr7_hap2_hsa8,active,1.612,0.374
Chimp hap2,chr7_hap2_hsa8,active,1.628,0.3795
Chimp hap2,chr7_hap2_hsa8,active,1.596,0.373
Chimp hap2,chr7_hap2_hsa8,active,1.624,0.373
Chimp hap2,chr7_hap2_hsa8,active,1.608,0.3755
Chimp hap2,chr7_hap2_hsa8,active,1.692,0.372
Chimp hap2,chr7_hap2_hsa8,active,1.684,0.3785
Chimp hap2,chr7_hap2_hsa8,active,1.632,0.3735
Chimp hap2,chr7_hap2_hsa8,active,1.644,0.37
Chimp hap2,chr7_hap2_hsa8,active,1.648,0.3765
Chimp hap2,chr7_hap2_hsa8,active,1.636,0.38
Chimp hap2,chr7_hap2_hsa8,active,1.604,0.3725
Chimp hap2,chr7_hap2_hsa8,active,1.692,0.375
Chimp hap2,chr7_hap2_hsa8,active,1.664,0.3775
Chimp hap2,chr7_hap2_hsa8,active,1.628,0.378
Chimp hap2,chr7_hap2_hsa8,active,1.62,0.374
Chimp hap2,chr7_hap2_hsa8,active,1.676,0.3725
Chimp hap2,chr7_hap2_hsa8,active,1.608,0.3775
Chimp hap2,chr7_hap2_hsa8,active,1.564,0.376
Chimp hap2,chr7_hap2_hsa8,active,1.636,0.375
Chimp hap2,chr7_hap2_hsa8,active,1.636,0.379
Chimp hap2,chr7_hap2_hsa8,active,1.572,0.378
Chimp hap2,chr7_hap2_hsa8,active,1.596,0.373
Chimp hap2,chr7_hap2_hsa8,active,1.652,0.3775
Chimp hap2,chr7_hap2_hsa8,active,1.556,0.3745
Chimp hap2,chr7_hap2_hsa8,active,1.616,0.3795
Chimp hap2,chr7_hap2_hsa8,active,1.532,0.376
Chimp hap2,chr7_hap2_hsa8,active,1.552,0.376
Chimp hap2,chr7_hap2_hsa8,active,1.636,0.378
Chimp hap2,chr7_hap2_hsa8,active,1.588,0.3785
Chimp hap2,chr7_hap2_hsa8,active,1.64,0.376
Chimp hap2,chr7_hap2_hsa8,active,1.584,0.376
Chimp hap2,chr7_hap2_hsa8,active,1.652,0.38
Chimp hap2,chr7_hap2_hsa8,active,1.592,0.3715
Chimp hap2,chr7_hap2_hsa8,active,1.568,0.376
Chimp hap2,chr7_hap2_hsa8,active,1.664,0.374
Chimp hap2,chr7_hap2_hsa8,active,1.712,0.3755
Chimp hap2,chr7_hap2_hsa8,active,1.592,0.378
Chimp hap2,chr7_hap2_hsa8,active,1.68,0.369
Chimp hap2,chr7_hap2_hsa8,active,1.684,0.3785
Chimp hap2,chr7_hap2_hsa8,active,1.596,0.376
Chimp hap2,chr7_hap2_hsa8,active,1.648,0.379
Chimp hap2,chr7_hap2_hsa8,active,1.58,0.376
Chimp hap2,chr7_hap2_hsa8,active,1.64,0.376
Chimp hap2,chr7_hap2_hsa8,active,1.596,0.3785
Chimp hap2,chr7_hap2_hsa8,active,1.624,0.3735
Chimp hap2,chr7_hap2_hsa8,active,1.548,0.3785
Chimp hap2,chr7_hap2_hsa8,active,1.688,0.371
Chimp hap2,chr7_hap2_hsa8,active,1.668,0.3745
Chimp hap2,chr7_hap2_hsa8,active,1.696,0.369
Chimp hap2,chr7_hap2_hsa8,active,1.592,0.3785
Chimp hap2,chr7_hap2_hsa8,active,1.6,0.3735
Chimp hap2,chr7_hap2_hsa8,active,1.584,0.3765
Chimp hap2,chr7_hap2_hsa8,active,1.596,0.375
Chimp hap2,chr7_hap2_hsa8,active,1.496,0.3795
Chimp hap2,chr7_hap2_hsa8,active,1.572,0.375
Chimp hap2,chr7_hap2_hsa8,active,1.564,0.373
Chimp hap2,chr7_hap2_hsa8,active,1.496,0.3765
Chimp hap2,chr7_hap2_hsa8,active,1.572,0.377
Chimp hap2,chr7_hap2_hsa8,active,1.596,0.373
Chimp hap2,chr7_hap2_hsa8,active,1.572,0.378
Chimp hap2,chr7_hap2_hsa8,active,1.648,0.375
Chimp hap2,chr7_hap2_hsa8,active,1.696,0.3755
Chimp hap2,chr7_hap2_hsa8,active,1.532,0.3785
Chimp hap2,chr7_hap2_hsa8,active,1.584,0.376
Chimp hap2,chr7_hap2_hsa8,active,1.66,0.3755
Chimp hap2,chr7_hap2_hsa8,active,1.604,0.3775
Chimp hap2,chr7_hap2_hsa8,active,1.592,0.378
Chimp hap2,chr7_hap2_hsa8,active,1.564,0.3775
Chimp hap2,chr7_hap2_hsa8,active,1.576,0.376
Chimp hap2,chr7_hap2_hsa8,active,1.664,0.375
Chimp hap2,chr7_hap2_hsa8,active,1.528,0.373
Chimp hap2,chr7_hap2_hsa8,active,1.54,0.3765
Chimp hap2,chr7_hap2_hsa8,active,1.644,0.377
Chimp hap2,chr7_hap2_hsa8,active,1.584,0.3735
Chimp hap2,chr7_hap2_hsa8,active,1.604,0.3755
Chimp hap2,chr7_hap2_hsa8,active,1.576,0.373
Chimp hap2,chr7_hap2_hsa8,active,1.58,0.377
Chimp hap2,chr7_hap2_hsa8,active,1.672,0.3755
Chimp hap2,chr7_hap2_hsa8,active,1.668,0.3735
Chimp hap2,chr7_hap2_hsa8,active,1.636,0.3715
Chimp hap2,chr7_hap2_hsa8,active,1.708,0.372
Chimp hap2,chr7_hap2_hsa8,active,1.624,0.376
Chimp hap2,chr7_hap2_hsa8,active,1.588,0.3725
Chimp hap2,chr7_hap2_hsa8,active,1.62,0.372
Chimp hap2,chr7_hap2_hsa8,active,1.696,0.37
Chimp hap2,chr7_hap2_hsa8,active,1.5,0.375
Chimp hap2,chr7_hap2_hsa8,active,1.688,0.3775
Chimp hap2,chr7_hap2_hsa8,active,1.552,0.3705
Chimp hap2,chr7_hap2_hsa8,active,1.572,0.3805
Chimp hap2,chr7_hap2_hsa8,active,1.592,0.3745
Chimp hap2,chr7_hap2_hsa8,active,1.548,0.3725
Chimp hap2,chr7_hap2_hsa8,active,1.544,0.3785
Chimp hap2,chr7_hap2_hsa8,active,1.572,0.376
Chimp hap2,chr7_hap2_hsa8,active,1.6,0.373
Chimp hap2,chr7_hap2_hsa8,active,1.616,0.375
Chimp hap2,chr7_hap2_hsa8,active,1.592,0.375
Chimp hap2,chr7_hap2_hsa8,active,1.592,0.3735
Chimp hap2,chr7_hap2_hsa8,active,1.532,0.378
Chimp hap2,chr7_hap2_hsa8,active,1.648,0.3685
Chimp hap2,chr7_hap2_hsa8,active,1.612,0.377
Chimp hap2,chr7_hap2_hsa8,active,1.544,0.3725
Chimp hap2,chr7_hap2_hsa8,active,1.548,0.375
Chimp hap2,chr7_hap2_hsa8,active,1.592,0.374
Chimp hap2,chr7_hap2_hsa8,active,1.628,0.3685
Chimp hap2,chr7_hap2_hsa8,active,1.512,0.381
Chimp hap2,chr7_hap2_hsa8,active,1.608,0.3725
Chimp hap2,chr7_hap2_hsa8,active,1.616,0.375
Chimp hap2,chr7_hap2_hsa8,active,1.536,0.3765
Chimp hap2,chr7_hap2_hsa8,active,1.52,0.3775
Chimp hap2,chr7_hap2_hsa8,active,1.628,0.3755
Chimp hap2,chr7_hap2_hsa8,active,1.632,0.3665
Chimp hap2,chr7_hap2_hsa8,active,1.564,0.3795
Chimp hap2,chr7_hap2_hsa8,active,1.7,0.374
Chimp hap2,chr7_hap2_hsa8,active,1.62,0.376
Chimp hap2,chr7_hap2_hsa8,active,1.556,0.3745
Chimp hap2,chr7_hap2_hsa8,active,1.532,0.3785
Chimp hap2,chr7_hap2_hsa8,active,1.552,0.3765
Chimp hap2,chr7_hap2_hsa8,active,1.54,0.378
Chimp hap2,chr7_hap2_hsa8,active,1.652,0.371
Chimp hap2,chr7_hap2_hsa8,active,1.6,0.375
Chimp hap2,chr7_hap2_hsa8,active,1.68,0.3785
Chimp hap2,chr7_hap2_hsa8,active,1.696,0.376
Chimp hap2,chr7_hap2_hsa8,active,1.58,0.377
Chimp hap2,chr7_hap2_hsa8,active,1.584,0.376
Chimp hap2,chr7_hap2_hsa8,active,1.664,0.376
Chimp hap2,chr7_hap2_hsa8,active,1.604,0.3765
Chimp hap2,chr7_hap2_hsa8,active,1.56,0.369
Chimp hap2,chr7_hap2_hsa8,active,1.56,0.38
Chimp hap2,chr7_hap2_hsa8,active,1.632,0.3685
Chimp hap2,chr7_hap2_hsa8,active,1.588,0.3735
Chimp hap2,chr7_hap2_hsa8,active,1.656,0.378
Chimp hap2,chr7_hap2_hsa8,active,1.568,0.3785
Chimp hap2,chr7_hap2_hsa8,active,1.54,0.38
Chimp hap2,chr7_hap2_hsa8,active,1.564,0.373
Chimp hap2,chr7_hap2_hsa8,active,1.588,0.376
Chimp hap2,chr7_hap2_hsa8,active,1.628,0.374
Chimp hap2,chr7_hap2_hsa8,active,1.696,0.382
Chimp hap2,chr7_hap2_hsa8,active,1.616,0.379
Chimp hap2,chr7_hap2_hsa8,active,1.664,0.375
Chimp hap2,chr7_hap2_hsa8,active,1.592,0.372
Chimp hap2,chr7_hap2_hsa8,active,1.708,0.3795
Chimp hap2,chr7_hap2_hsa8,active,1.64,0.3755
Chimp hap2,chr7_hap2_hsa8,active,1.6,0.373
Chimp hap2,chr7_hap2_hsa8,active,1.68,0.375
Chimp hap2,chr7_hap2_hsa8,active,1.552,0.375
Chimp hap2,chr7_hap2_hsa8,active,1.548,0.3775
Chimp hap2,chr7_hap2_hsa8,active,1.652,0.37
Chimp hap2,chr7_hap2_hsa8,active,1.612,0.3755
Chimp hap2,chr7_hap2_hsa8,active,1.612,0.3815
Chimp hap2,chr7_hap2_hsa8,active,1.62,0.373
Chimp hap2,chr7_hap2_hsa8,active,1.552,0.376
Chimp hap2,chr7_hap2_hsa8,active,1.608,0.368
Chimp hap2,chr7_hap2_hsa8,active,1.536,0.3755
Chimp hap2,chr7_hap2_hsa8,active,1.592,0.3725
Chimp hap2,chr7_hap2_hsa8,active,1.544,0.3765
Chimp hap2,chr7_hap2_hsa8,active,1.648,0.371
Chimp hap2,chr7_hap2_hsa8,active,1.512,0.3735
Chimp hap2,chr7_hap2_hsa8,active,1.636,0.372
Chimp hap2,chr7_hap2_hsa8,active,1.476,0.376
Chimp hap2,chr7_hap2_hsa8,active,1.704,0.379
Chimp hap2,chr7_hap2_hsa8,active,1.624,0.3745
Chimp hap2,chr7_hap2_hsa8,active,1.652,0.38
Chimp hap2,chr7_hap2_hsa8,active,1.56,0.373
Chimp hap2,chr7_hap2_hsa8,active,1.704,0.382
Chimp hap2,chr7_hap2_hsa8,active,1.636,0.3725
Chimp hap2,chr7_hap2_hsa8,active,1.592,0.3795
Chimp hap2,chr7_hap2_hsa8,active,1.7,0.374
Chimp hap2,chr7_hap2_hsa8,active,1.512,0.3775
Chimp hap2,chr7_hap2_hsa8,active,1.584,0.3725
Chimp hap2,chr7_hap2_hsa8,active,1.576,0.3775
Chimp hap2,chr7_hap2_hsa8,active,1.516,0.376
Chimp hap2,chr7_hap2_hsa8,active,1.716,0.377
Chimp hap2,chr7_hap2_hsa8,active,1.552,0.3745
Chimp hap2,chr7_hap2_hsa8,active,1.516,0.378
Chimp hap2,chr7_hap2_hsa8,active,1.66,0.373
Chimp hap2,chr7_hap2_hsa8,active,1.544,0.373
Chimp hap2,chr7_hap2_hsa8,active,1.548,0.379
Chimp hap2,chr7_hap2_hsa8,active,1.56,0.369
Chimp hap2,chr7_hap2_hsa8,active,1.58,0.376
Chimp hap2,chr7_hap2_hsa8,active,1.6,0.375
Chimp hap2,chr7_hap2_hsa8,active,1.58,0.3765
Chimp hap2,chr7_hap2_hsa8,active,1.548,0.376
Chimp hap2,chr7_hap2_hsa8,active,1.584,0.372
Chimp hap2,chr7_hap2_hsa8,active,1.656,0.3665
Chimp hap2,chr7_hap2_hsa8,active,1.632,0.372
Chimp hap2,chr7_hap2_hsa8,active,1.596,0.374
Chimp hap2,chr7_hap2_hsa8,active,1.576,0.3735
Chimp hap2,chr7_hap2_hsa8,active,1.624,0.371
Chimp hap2,chr7_hap2_hsa8,active,1.556,0.374
Chimp hap2,chr7_hap2_hsa8,active,1.596,0.3735
Chimp hap2,chr7_hap2_hsa8,active,1.56,0.3795
Chimp hap2,chr7_hap2_hsa8,active,1.572,0.376
Chimp hap2,chr7_hap2_hsa8,active,1.584,0.367
Chimp hap2,chr7_hap2_hsa8,active,1.548,0.373
Chimp hap2,chr7_hap2_hsa8,active,1.64,0.3725
Chimp hap2,chr7_hap2_hsa8,active,1.592,0.3785
Chimp hap2,chr7_hap2_hsa8,active,1.652,0.374
Chimp hap2,chr7_hap2_hsa8,active,1.58,0.375
Chimp hap2,chr7_hap2_hsa8,active,1.6,0.373
Chimp hap2,chr7_hap2_hsa8,active,1.58,0.375
Chimp hap2,chr7_hap2_hsa8,active,1.628,0.372
Chimp hap2,chr7_hap2_hsa8,active,1.564,0.3755
Chimp hap2,chr7_hap2_hsa8,active,1.6,0.3655
Chimp hap2,chr7_hap2_hsa8,active,1.592,0.3795
Chimp hap2,chr7_hap2_hsa8,active,1.528,0.3755
Chimp hap2,chr7_hap2_hsa8,active,1.596,0.376
Chimp hap2,chr7_hap2_hsa8,active,1.528,0.375
Chimp hap2,chr7_hap2_hsa8,active,1.612,0.3725
Chimp hap2,chr7_hap2_hsa8,active,1.772,0.379
Chimp hap2,chr7_hap2_hsa8,active,1.536,0.379
Chimp hap2,chr7_hap2_hsa8,active,1.552,0.3755
Chimp hap2,chr7_hap2_hsa8,active,1.68,0.375
Chimp hap2,chr7_hap2_hsa8,active,1.588,0.3785
Chimp hap2,chr7_hap2_hsa8,active,1.68,0.3765
Chimp hap2,chr7_hap2_hsa8,active,1.604,0.3755
Chimp hap2,chr7_hap2_hsa8,active,1.68,0.3715
Chimp hap2,chr7_hap2_hsa8,active,1.64,0.375
Chimp hap2,chr7_hap2_hsa8,active,1.568,0.377
Chimp hap2,chr7_hap2_hsa8,active,1.568,0.3785
Chimp hap2,chr7_hap2_hsa8,active,1.644,0.3775
Chimp hap2,chr7_hap2_hsa8,active,1.584,0.3785
Chimp hap2,chr7_hap2_hsa8,active,1.644,0.3795
Chimp hap2,chr7_hap2_hsa8,active,1.596,0.3785
Chimp hap2,chr7_hap2_hsa8,active,1.604,0.379
Chimp hap2,chr7_hap2_hsa8,active,1.644,0.3755
Chimp hap2,chr7_hap2_hsa8,active,1.616,0.377
Chimp hap2,chr7_hap2_hsa8,active,1.572,0.3755
Chimp hap2,chr7_hap2_hsa8,active,1.608,0.377
Chimp hap2,chr7_hap2_hsa8,active,1.572,0.371
Chimp hap2,chr7_hap2_hsa8,active,1.612,0.3735
Chimp hap2,chr7_hap2_hsa8,active,1.604,0.375
Chimp hap2,chr7_hap2_hsa8,active,1.592,0.3755
Chimp hap2,chr7_hap2_hsa8,active,1.58,0.377
Chimp hap2,chr7_hap2_hsa8,active,1.616,0.3765
Chimp hap2,chr7_hap2_hsa8,active,1.628,0.3805
Chimp hap2,chr7_hap2_hsa8,active,1.572,0.3785
Chimp hap2,chr7_hap2_hsa8,active,1.64,0.375
Chimp hap2,chr7_hap2_hsa8,active,1.624,0.373
Chimp hap2,chr7_hap2_hsa8,active,1.648,0.371
Chimp hap2,chr7_hap2_hsa8,active,1.58,0.373
Chimp hap2,chr7_hap2_hsa8,active,1.672,0.371
Chimp hap2,chr7_hap2_hsa8,active,1.736,0.3725
Chimp hap2,chr7_hap2_hsa8,active,1.588,0.373
Chimp hap2,chr7_hap2_hsa8,active,1.724,0.379
Chimp hap2,chr7_hap2_hsa8,active,1.6,0.375
Chimp hap2,chr7_hap2_hsa8,active,1.572,0.376
Chimp hap2,chr7_hap2_hsa8,active,1.532,0.377
Chimp hap2,chr7_hap2_hsa8,active,1.604,0.379
Chimp hap2,chr7_hap2_hsa8,active,1.54,0.3765
Chimp hap2,chr7_hap2_hsa8,active,1.64,0.375
Chimp hap2,chr7_hap2_hsa8,active,1.612,0.378
Chimp hap2,chr7_hap2_hsa8,active,1.544,0.3705
Chimp hap2,chr7_hap2_hsa8,active,1.684,0.379
Chimp hap2,chr7_hap2_hsa8,active,1.556,0.3765
Chimp hap2,chr7_hap2_hsa8,active,1.62,0.3705
Chimp hap2,chr7_hap2_hsa8,active,1.644,0.38
Chimp hap2,chr7_hap2_hsa8,active,1.512,0.375
Chimp hap2,chr7_hap2_hsa8,active,1.64,0.3735
Chimp hap2,chr7_hap2_hsa8,active,1.704,0.3805
Chimp hap2,chr7_hap2_hsa8,active,1.56,0.3765
Chimp hap2,chr7_hap2_hsa8,active,1.64,0.3725
Chimp hap2,chr7_hap2_hsa8,active,1.628,0.3775
Chimp hap2,chr7_hap2_hsa8,active,1.7,0.3785
Chimp hap2,chr7_hap2_hsa8,active,1.52,0.3755
Chimp hap2,chr7_hap2_hsa8,active,1.532,0.3825
Chimp hap2,chr7_hap2_hsa8,active,1.716,0.375
Chimp hap2,chr7_hap2_hsa8,active,1.524,0.379
Chimp hap2,chr7_hap2_hsa8,active,1.6,0.373
Chimp hap2,chr7_hap2_hsa8,active,1.616,0.378
Chimp hap2,chr7_hap2_hsa8,active,1.62,0.3735
Chimp hap2,chr7_hap2_hsa8,active,1.6,0.3705
Chimp hap2,chr7_hap2_hsa8,active,1.64,0.373
Chimp hap2,chr7_hap2_hsa8,active,1.624,0.3805
Chimp hap2,chr7_hap2_hsa8,active,1.584,0.3775
Chimp hap2,chr7_hap2_hsa8,active,1.632,0.37
Chimp hap2,chr7_hap2_hsa8,active,1.608,0.3775
Chimp hap2,chr7_hap2_hsa8,active,1.648,0.3725
Chimp hap2,chr7_hap2_hsa8,active,1.62,0.3715
Chimp hap2,chr7_hap2_hsa8,active,1.604,0.378
Chimp hap2,chr7_hap2_hsa8,active,1.616,0.373
Chimp hap2,chr7_hap2_hsa8,active,1.636,0.373
Chimp hap2,chr7_hap2_hsa8,active,1.648,0.3695
Chimp hap2,chr7_hap2_hsa8,active,1.624,0.3785
Chimp hap2,chr7_hap2_hsa8,active,1.624,0.38
Chimp hap2,chr7_hap2_hsa8,active,1.576,0.373
Chimp hap2,chr7_hap2_hsa8,active,1.636,0.378
Chimp hap2,chr7_hap2_hsa8,active,1.576,0.378
Chimp hap2,chr7_hap2_hsa8,active,1.604,0.3745
Chimp hap2,chr7_hap2_hsa8,active,1.56,0.377
Chimp hap2,chr7_hap2_hsa8,active,1.652,0.373
Chimp hap2,chr7_hap2_hsa8,active,1.612,0.371
Chimp hap2,chr7_hap2_hsa8,active,1.628,0.3765
Chimp hap2,chr7_hap2_hsa8,active,1.6,0.3735
Chimp hap2,chr7_hap2_hsa8,active,1.608,0.3735
Chimp hap2,chr7_hap2_hsa8,active,1.664,0.3715
Chimp hap2,chr7_hap2_hsa8,active,1.664,0.37
Chimp hap2,chr7_hap2_hsa8,active,1.596,0.3805
Chimp hap2,chr7_hap2_hsa8,active,1.64,0.372
Chimp hap2,chr7_hap2_hsa8,active,1.624,0.373
Chimp hap2,chr7_hap2_hsa8,active,1.636,0.378
Chimp hap2,chr7_hap2_hsa8,active,1.636,0.3785
Chimp hap2,chr7_hap2_hsa8,active,1.62,0.379
Chimp hap2,chr7_hap2_hsa8,active,1.604,0.3725
Chimp hap2,chr7_hap2_hsa8,active,1.624,0.374
Chimp hap2,chr7_hap2_hsa8,active,1.668,0.372
Chimp hap2,chr7_hap2_hsa8,active,1.616,0.373
Chimp hap2,chr7_hap2_hsa8,active,1.548,0.378
Chimp hap2,chr7_hap2_hsa8,active,1.624,0.374
Chimp hap2,chr7_hap2_hsa8,active,1.66,0.3725
Chimp hap2,chr7_hap2_hsa8,active,1.616,0.3765
Chimp hap2,chr7_hap2_hsa8,active,1.624,0.373
Chimp hap2,chr7_hap2_hsa8,active,1.624,0.375
Chimp hap2,chr7_hap2_hsa8,active,1.588,0.3775
Chimp hap2,chr7_hap2_hsa8,active,1.732,0.371
Chimp hap2,chr7_hap2_hsa8,active,1.544,0.376
Chimp hap2,chr7_hap2_hsa8,active,1.624,0.374
Chimp hap2,chr7_hap2_hsa8,active,1.576,0.3765
Chimp hap2,chr7_hap2_hsa8,active,1.56,0.3755
Chimp hap2,chr7_hap2_hsa8,active,1.532,0.3785
Chimp hap2,chr7_hap2_hsa8,active,1.592,0.3735
Chimp hap2,chr7_hap2_hsa8,active,1.56,0.376
Chimp hap2,chr7_hap2_hsa8,active,1.592,0.3735
Chimp hap2,chr7_hap2_hsa8,active,1.596,0.3725
Chimp hap2,chr7_hap2_hsa8,active,1.58,0.3735
Chimp hap2,chr7_hap2_hsa8,active,1.612,0.372
Chimp hap2,chr7_hap2_hsa8,active,1.596,0.373
Chimp hap2,chr7_hap2_hsa8,active,1.584,0.373
Chimp hap2,chr7_hap2_hsa8,active,1.688,0.372
Chimp hap2,chr7_hap2_hsa8,active,1.604,0.371
Chimp hap2,chr7_hap2_hsa8,active,1.644,0.373
Chimp hap2,chr7_hap2_hsa8,active,1.612,0.3725
Chimp hap2,chr7_hap2_hsa8,active,1.596,0.374
Chimp hap2,chr7_hap2_hsa8,active,1.508,0.3705
Chimp hap2,chr7_hap2_hsa8,active,1.632,0.3725
Chimp hap2,chr7_hap2_hsa8,active,1.616,0.3695
Chimp hap2,chr7_hap2_hsa8,active,1.556,0.376
Chimp hap2,chr7_hap2_hsa8,active,1.628,0.3725
Chimp hap2,chr7_hap2_hsa8,active,1.604,0.368
Chimp hap2,chr7_hap2_hsa8,active,1.536,0.376
Chimp hap2,chr7_hap2_hsa8,active,1.628,0.372
Chimp hap2,chr7_hap2_hsa8,active,1.596,0.3735
Chimp hap2,chr7_hap2_hsa8,active,1.552,0.3695
Chimp hap2,chr7_hap2_hsa8,active,1.628,0.3735
Chimp hap2,chr7_hap2_hsa8,active,1.588,0.372
Chimp hap2,chr7_hap2_hsa8,active,1.564,0.372
Chimp hap2,chr7_hap2_hsa8,active,1.628,0.366
Chimp hap2,chr7_hap2_hsa8,active,1.504,0.3755
Chimp hap2,chr7_hap2_hsa8,active,1.556,0.368
Chimp hap2,chr7_hap2_hsa8,active,1.524,0.3725
Chimp hap2,chr7_hap2_hsa8,active,1.608,0.375
Chimp hap2,chr7_hap2_hsa8,active,1.64,0.368
Chimp hap2,chr7_hap2_hsa8,active,1.548,0.375
Chimp hap2,chr7_hap2_hsa8,active,1.628,0.3705
Chimp hap2,chr7_hap2_hsa8,active,1.584,0.374
Chimp hap2,chr7_hap2_hsa8,active,1.608,0.3725
Chimp hap2,chr7_hap2_hsa8,active,1.604,0.3755
Chimp hap2,chr7_hap2_hsa8,active,1.592,0.373
Chimp hap2,chr7_hap2_hsa8,active,1.616,0.3715
Chimp hap2,chr7_hap2_hsa8,active,1.568,0.3745
Chimp hap2,chr7_hap2_hsa8,active,1.556,0.372
Chimp hap2,chr7_hap2_hsa8,active,1.628,0.3725
Chimp hap2,chr7_hap2_hsa8,active,1.54,0.374
Chimp hap2,chr7_hap2_hsa8,active,1.6,0.372
Chimp hap2,chr7_hap2_hsa8,active,1.544,0.37
Chimp hap2,chr7_hap2_hsa8,active,1.628,0.3695
Chimp hap2,chr7_hap2_hsa8,active,1.532,0.375
Chimp hap2,chr7_hap2_hsa8,active,1.572,0.375
Chimp hap2,chr7_hap2_hsa8,active,1.576,0.3735
Chimp hap2,chr7_hap2_hsa8,active,1.56,0.3765
Chimp hap2,chr7_hap2_hsa8,active,1.7,0.368
Chimp hap2,chr7_hap2_hsa8,active,1.616,0.372
Chimp hap2,chr7_hap2_hsa8,active,1.488,0.375
Chimp hap2,chr7_hap2_hsa8,active,1.588,0.3755
Chimp hap2,chr7_hap2_hsa8,active,1.5,0.3795
Chimp hap2,chr7_hap2_hsa8,active,1.688,0.3785
Chimp hap2,chr7_hap2_hsa8,active,1.572,0.3745
Chimp hap2,chr7_hap2_hsa8,active,1.612,0.3695
Chimp hap2,chr7_hap2_hsa8,active,1.652,0.381
Chimp hap2,chr7_hap2_hsa8,active,1.616,0.3735
Chimp hap2,chr7_hap2_hsa8,active,1.556,0.377
Chimp hap2,chr7_hap2_hsa8,active,1.6,0.3725
Chimp hap2,chr7_hap2_hsa8,active,1.628,0.37
Chimp hap2,chr7_hap2_hsa8,active,1.632,0.3745
Chimp hap2,chr7_hap2_hsa8,active,1.576,0.3715
Chimp hap2,chr7_hap2_hsa8,active,1.548,0.378
Chimp hap2,chr7_hap2_hsa8,active,1.636,0.371
Chimp hap2,chr7_hap2_hsa8,active,1.62,0.3785
Chimp hap2,chr7_hap2_hsa8,active,1.58,0.3715
Chimp hap2,chr7_hap2_hsa8,active,1.672,0.3725
Chimp hap2,chr7_hap2_hsa8,active,1.552,0.377
Chimp hap2,chr7_hap2_hsa8,active,1.584,0.3715
Chimp hap2,chr7_hap2_hsa8,active,1.592,0.3765
Chimp hap2,chr7_hap2_hsa8,active,1.572,0.378
Chimp hap2,chr7_hap2_hsa8,active,1.56,0.377
Chimp hap2,chr7_hap2_hsa8,active,1.62,0.372
Chimp hap2,chr7_hap2_hsa8,active,1.596,0.377
Chimp hap2,chr7_hap2_hsa8,active,1.58,0.3765
Chimp hap2,chr7_hap2_hsa8,active,1.528,0.3765
Chimp hap2,chr7_hap2_hsa8,active,1.564,0.3665
Chimp hap2,chr7_hap2_hsa8,active,1.6,0.375
Chimp hap2,chr7_hap2_hsa8,active,1.58,0.3725
Chimp hap2,chr7_hap2_hsa8,active,1.556,0.371
Chimp hap2,chr7_hap2_hsa8,active,1.628,0.375
Chimp hap2,chr7_hap2_hsa8,active,1.648,0.374
Chimp hap2,chr7_hap2_hsa8,active,1.552,0.37
Chimp hap2,chr7_hap2_hsa8,active,1.596,0.3715
Chimp hap2,chr7_hap2_hsa8,active,1.608,0.374
Chimp hap2,chr7_hap2_hsa8,active,1.516,0.369
Chimp hap2,chr7_hap2_hsa8,active,1.676,0.374
Chimp hap2,chr7_hap2_hsa8,active,1.6,0.3715
Chimp hap2,chr7_hap2_hsa8,active,1.616,0.3735
Chimp hap2,chr7_hap2_hsa8,active,1.608,0.374
Chimp hap2,chr7_hap2_hsa8,active,1.616,0.371
Chimp hap2,chr7_hap2_hsa8,active,1.592,0.373
Chimp hap2,chr7_hap2_hsa8,active,1.612,0.374
Chimp hap2,chr7_hap2_hsa8,active,1.576,0.372
Chimp hap2,chr7_hap2_hsa8,active,1.524,0.371
Chimp hap2,chr7_hap2_hsa8,active,1.644,0.3725
Chimp hap2,chr7_hap2_hsa8,active,1.628,0.3715
Chimp hap2,chr7_hap2_hsa8,active,1.58,0.3785
Chimp hap2,chr7_hap2_hsa8,active,1.58,0.3715
Chimp hap2,chr7_hap2_hsa8,active,1.604,0.373
Chimp hap2,chr7_hap2_hsa8,active,1.676,0.3715
Chimp hap2,chr7_hap2_hsa8,active,1.632,0.3725
Chimp hap2,chr7_hap2_hsa8,active,1.5,0.3725
Chimp hap2,chr7_hap2_hsa8,active,1.596,0.374
Chimp hap2,chr7_hap2_hsa8,active,1.588,0.373
Chimp hap2,chr7_hap2_hsa8,active,1.688,0.371
Chimp hap2,chr7_hap2_hsa8,active,1.58,0.3745
Chimp hap2,chr7_hap2_hsa8,active,1.608,0.371
Chimp hap2,chr7_hap2_hsa8,active,1.676,0.3725
Chimp hap2,chr7_hap2_hsa8,active,1.516,0.374
Chimp hap2,chr7_hap2_hsa8,active,1.628,0.377
Chimp hap2,chr7_hap2_hsa8,active,1.648,0.367
Chimp hap2,chr7_hap2_hsa8,active,1.584,0.3755
Chimp hap2,chr7_hap2_hsa8,active,1.624,0.374
Chimp hap2,chr7_hap2_hsa8,active,1.516,0.375
Chimp hap2,chr7_hap2_hsa8,active,1.588,0.3775
Chimp hap2,chr7_hap2_hsa8,active,1.548,0.3755
Chimp hap2,chr7_hap2_hsa8,active,1.536,0.3765
Chimp hap2,chr7_hap2_hsa8,active,1.672,0.371
Chimp hap2,chr7_hap2_hsa8,active,1.592,0.372
Chimp hap2,chr7_hap2_hsa8,active,1.624,0.372
Chimp hap2,chr7_hap2_hsa8,active,1.488,0.3735
Chimp hap2,chr7_hap2_hsa8,active,1.572,0.3755
Chimp hap2,chr7_hap2_hsa8,active,1.572,0.375
Chimp hap2,chr7_hap2_hsa8,active,1.584,0.381
Chimp hap2,chr7_hap2_hsa8,active,1.624,0.372
Chimp hap2,chr7_hap2_hsa8,active,1.592,0.372
Chimp hap2,chr7_hap2_hsa8,active,1.584,0.3755
Chimp hap2,chr7_hap2_hsa8,active,1.58,0.3725
Chimp hap2,chr7_hap2_hsa8,active,1.58,0.374
Chimp hap2,chr7_hap2_hsa8,active,1.612,0.3725
Chimp hap2,chr7_hap2_hsa8,active,1.568,0.3755
Chimp hap2,chr7_hap2_hsa8,active,1.632,0.375
Chimp hap2,chr7_hap2_hsa8,active,1.532,0.3765
Chimp hap2,chr7_hap2_hsa8,active,1.6,0.3725
Chimp hap2,chr7_hap2_hsa8,active,1.596,0.3765
Chimp hap2,chr7_hap2_hsa8,active,1.672,0.374
Chimp hap2,chr7_hap2_hsa8,active,1.52,0.3745
Chimp hap2,chr7_hap2_hsa8,active,1.652,0.3715
Chimp hap2,chr7_hap2_hsa8,active,1.596,0.3735
Chimp hap2,chr7_hap2_hsa8,active,1.56,0.3685
Chimp hap2,chr7_hap2_hsa8,active,1.664,0.376
Chimp hap2,chr7_hap2_hsa8,active,1.624,0.3695
Chimp hap2,chr7_hap2_hsa8,active,1.624,0.3745
Chimp hap2,chr7_hap2_hsa8,active,1.58,0.375
Chimp hap2,chr7_hap2_hsa8,active,1.532,0.376
Chimp hap2,chr7_hap2_hsa8,active,1.54,0.373
Chimp hap2,chr7_hap2_hsa8,active,1.444,0.3785
Chimp hap2,chr7_hap2_hsa8,active,1.608,0.3715
Chimp hap2,chr7_hap2_hsa8,active,1.556,0.3765
Chimp hap2,chr7_hap2_hsa8,active,1.632,0.3765
Chimp hap2,chr7_hap2_hsa8,active,1.636,0.371
Chimp hap2,chr7_hap2_hsa8,active,1.46,0.376
Chimp hap2,chr7_hap2_hsa8,active,1.58,0.3765
Chimp hap2,chr7_hap2_hsa8,active,1.648,0.373
Chimp hap2,chr7_hap2_hsa8,active,1.6,0.3725
Chimp hap2,chr7_hap2_hsa8,active,1.552,0.3725
Chimp hap2,chr7_hap2_hsa8,active,1.608,0.376
Chimp hap2,chr7_hap2_hsa8,active,1.52,0.376
Chimp hap2,chr7_hap2_hsa8,active,1.556,0.376
Chimp hap2,chr7_hap2_hsa8,active,1.564,0.3755
Chimp hap2,chr7_hap2_hsa8,active,1.56,0.375
Chimp hap2,chr7_hap2_hsa8,active,1.572,0.3745
Chimp hap2,chr7_hap2_hsa8,active,1.552,0.3755
Chimp hap2,chr7_hap2_hsa8,active,1.552,0.374
Chimp hap2,chr7_hap2_hsa8,active,1.624,0.3755
Chimp hap2,chr7_hap2_hsa8,active,1.556,0.3755
Chimp hap2,chr7_hap2_hsa8,active,1.588,0.3755
Chimp hap2,chr7_hap2_hsa8,active,1.58,0.3775
Chimp hap2,chr7_hap2_hsa8,active,1.428,0.373
Chimp hap2,chr7_hap2_hsa8,active,1.58,0.374
Chimp hap2,chr7_hap2_hsa8,active,1.564,0.377
Chimp hap2,chr7_hap2_hsa8,active,1.528,0.377
Chimp hap2,chr7_hap2_hsa8,active,1.512,0.3725
Chimp hap2,chr7_hap2_hsa8,active,1.524,0.3765
Chimp hap2,chr7_hap2_hsa8,active,1.568,0.375
Chimp hap2,chr7_hap2_hsa8,active,1.552,0.375
Chimp hap2,chr7_hap2_hsa8,active,1.564,0.3795
Chimp hap2,chr7_hap2_hsa8,active,1.544,0.377
Chimp hap2,chr7_hap2_hsa8,active,1.536,0.375
Chimp hap2,chr7_hap2_hsa8,active,1.54,0.378
Chimp hap2,chr7_hap2_hsa8,active,1.496,0.376
Chimp hap2,chr7_hap2_hsa8,active,1.536,0.374
Chimp hap2,chr7_hap2_hsa8,active,1.524,0.377
Chimp hap2,chr7_hap2_hsa8,active,1.52,0.377
Chimp hap2,chr7_hap2_hsa8,active,1.556,0.378
Chimp hap2,chr7_hap2_hsa8,active,1.56,0.378
Chimp hap2,chr7_hap2_hsa8,active,1.572,0.374
Chimp hap2,chr7_hap2_hsa8,active,1.608,0.378
Chimp hap2,chr7_hap2_hsa8,active,1.44,0.3765
Chimp hap2,chr7_hap2_hsa8,active,1.66,0.3735
Chimp hap2,chr7_hap2_hsa8,active,1.52,0.3705
Chimp hap2,chr7_hap2_hsa8,active,1.6,0.3735
Chimp hap2,chr7_hap2_hsa8,active,1.432,0.3725
Chimp hap2,chr7_hap2_hsa8,active,1.548,0.372
Chimp hap2,chr7_hap2_hsa8,active,1.596,0.375
Chimp hap2,chr7_hap2_hsa8,active,1.656,0.374
Chimp hap2,chr7_hap2_hsa8,active,1.536,0.374
Chimp hap2,chr7_hap2_hsa8,active,1.644,0.3725
Chimp hap2,chr7_hap2_hsa8,active,1.512,0.374
Chimp hap2,chr7_hap2_hsa8,active,1.488,0.371
Chimp hap2,chr7_hap2_hsa8,active,1.628,0.371
Chimp hap2,chr7_hap2_hsa8,active,1.512,0.372
Chimp hap2,chr7_hap2_hsa8,active,1.504,0.3725
Chimp hap2,chr7_hap2_hsa8,active,1.412,0.378
Chimp hap2,chr7_hap2_hsa8,active,1.46,0.3755
Chimp hap2,chr7_hap2_hsa8,active,1.608,0.374
Chimp hap2,chr7_hap2_hsa8,active,1.6,0.377
Chimp hap2,chr7_hap2_hsa8,active,1.54,0.3745
Chimp hap2,chr7_hap2_hsa8,active,1.52,0.371
Chimp hap2,chr7_hap2_hsa8,active,1.508,0.3785
Chimp hap2,chr7_hap2_hsa8,active,1.524,0.374
Chimp hap2,chr7_hap2_hsa8,active,1.488,0.378
Chimp hap2,chr7_hap2_hsa8,active,1.524,0.3755
Chimp hap2,chr7_hap2_hsa8,active,1.46,0.3765
Chimp hap2,chr7_hap2_hsa8,active,1.552,0.374
Chimp hap2,chr7_hap2_hsa8,active,1.576,0.374
Chimp hap2,chr7_hap2_hsa8,active,1.464,0.3755
Chimp hap2,chr7_hap2_hsa8,active,1.668,0.371
Chimp hap2,chr7_hap2_hsa8,active,1.56,0.3745
Chimp hap2,chr7_hap2_hsa8,active,1.548,0.3715
Chimp hap2,chr7_hap2_hsa8,active,1.688,0.3785
Chimp hap2,chr7_hap2_hsa8,active,1.524,0.3735
Chimp hap2,chr7_hap2_hsa8,active,1.68,0.3735
Chimp hap2,chr7_hap2_hsa8,active,1.472,0.3755
Chimp hap2,chr7_hap2_hsa8,active,1.604,0.3705
Chimp hap2,chr7_hap2_hsa8,active,1.6,0.3745
Chimp hap2,chr7_hap2_hsa8,active,1.592,0.372
Chimp hap2,chr7_hap2_hsa8,active,1.604,0.378
Chimp hap2,chr7_hap2_hsa8,active,1.612,0.3715
Chimp hap2,chr7_hap2_hsa8,active,1.572,0.376
Chimp hap2,chr7_hap2_hsa8,active,1.632,0.373
Chimp hap2,chr7_hap2_hsa8,active,1.556,0.3765
Chimp hap2,chr7_hap2_hsa8,active,1.64,0.3735
Chimp hap2,chr7_hap2_hsa8,active,1.56,0.374
Chimp hap2,chr7_hap2_hsa8,active,1.54,0.372
Chimp hap2,chr7_hap2_hsa8,active,1.648,0.373
Chimp hap2,chr7_hap2_hsa8,active,1.508,0.375
Chimp hap2,chr7_hap2_hsa8,active,1.624,0.375
Chimp hap2,chr7_hap2_hsa8,active,1.424,0.3755
Chimp hap2,chr7_hap2_hsa8,active,1.568,0.373
Chimp hap2,chr7_hap2_hsa8,active,1.496,0.3735
Chimp hap2,chr7_hap2_hsa8,active,1.572,0.3735
Chimp hap2,chr7_hap2_hsa8,active,1.464,0.373
Chimp hap2,chr7_hap2_hsa8,active,1.56,0.3745
Chimp hap2,chr7_hap2_hsa8,active,1.532,0.3745
Chimp hap2,chr7_hap2_hsa8,active,1.536,0.373
Chimp hap2,chr7_hap2_hsa8,active,1.568,0.3755
Chimp hap2,chr7_hap2_hsa8,active,1.46,0.3735
Chimp hap2,chr7_hap2_hsa8,active,1.58,0.375
Chimp hap2,chr7_hap2_hsa8,active,1.36,0.375
Chimp hap2,chr7_hap2_hsa8,active,1.56,0.374
Chimp hap2,chr7_hap2_hsa8,active,1.476,0.3735
Chimp hap2,chr7_hap2_hsa8,active,1.556,0.372
Chimp hap2,chr7_hap2_hsa8,active,1.576,0.3755
Chimp hap2,chr7_hap2_hsa8,active,1.548,0.3725
Chimp hap2,chr7_hap2_hsa8,active,1.544,0.373
Chimp hap2,chr7_hap2_hsa8,active,1.472,0.376
Chimp hap2,chr7_hap2_hsa8,active,1.568,0.372
Chimp hap2,chr7_hap2_hsa8,active,1.536,0.375
Chimp hap2,chr7_hap2_hsa8,active,1.548,0.373
Chimp hap2,chr7_hap2_hsa8,active,1.576,0.37
Chimp hap2,chr7_hap2_hsa8,active,1.548,0.3745
Chimp hap2,chr7_hap2_hsa8,active,1.568,0.3735
Chimp hap2,chr7_hap2_hsa8,active,1.568,0.374
Chimp hap2,chr7_hap2_hsa8,active,1.496,0.3745
Chimp hap2,chr7_hap2_hsa8,active,1.528,0.3745
Chimp hap2,chr7_hap2_hsa8,active,1.568,0.3735
Chimp hap2,chr7_hap2_hsa8,active,1.48,0.3755
Chimp hap2,chr7_hap2_hsa8,active,1.46,0.3725
Chimp hap2,chr7_hap2_hsa8,active,1.496,0.3725
Chimp hap2,chr7_hap2_hsa8,active,1.476,0.376
Chimp hap2,chr7_hap2_hsa8,active,1.544,0.3735
Chimp hap2,chr7_hap2_hsa8,active,1.516,0.3745
Chimp hap2,chr7_hap2_hsa8,active,1.452,0.3755
Chimp hap2,chr7_hap2_hsa8,active,1.536,0.3735
Chimp hap2,chr7_hap2_hsa8,active,1.5,0.373
Chimp hap2,chr7_hap2_hsa8,active,1.548,0.374
Chimp hap2,chr7_hap2_hsa8,active,1.484,0.375
Chimp hap2,chr7_hap2_hsa8,active,1.5,0.373
Chimp hap2,chr7_hap2_hsa8,active,1.536,0.376
Chimp hap2,chr7_hap2_hsa8,active,1.484,0.378
Chimp hap2,chr7_hap2_hsa8,active,1.516,0.3755
Chimp hap2,chr7_hap2_hsa8,active,1.536,0.378
Chimp hap2,chr7_hap2_hsa8,active,1.472,0.374
Chimp hap2,chr7_hap2_hsa8,active,1.528,0.3775
Chimp hap2,chr7_hap2_hsa8,active,1.556,0.3715
Chimp hap2,chr7_hap2_hsa8,active,1.504,0.3755
Chimp hap2,chr7_hap2_hsa8,active,1.512,0.3765
Chimp hap2,chr7_hap2_hsa8,active,1.68,0.371
Chimp hap2,chr7_hap2_hsa8,active,1.552,0.376
Chimp hap2,chr7_hap2_hsa8,active,1.52,0.373
Chimp hap2,chr7_hap2_hsa8,active,1.62,0.3745
Chimp hap2,chr7_hap2_hsa8,active,1.636,0.3735
Chimp hap2,chr7_hap2_hsa8,active,1.584,0.374
Chimp hap2,chr7_hap2_hsa8,active,1.616,0.372
Chimp hap2,chr7_hap2_hsa8,active,1.564,0.375
Chimp hap2,chr7_hap2_hsa8,active,1.6,0.3735
Chimp hap2,chr7_hap2_hsa8,active,1.652,0.3755
Chimp hap2,chr7_hap2_hsa8,active,1.584,0.3775
Chimp hap2,chr7_hap2_hsa8,active,1.676,0.374
Chimp hap2,chr7_hap2_hsa8,active,1.616,0.3755
Chimp hap2,chr7_hap2_hsa8,active,1.528,0.3765
Chimp hap2,chr7_hap2_hsa8,active,1.624,0.3755
Chimp hap2,chr7_hap2_hsa8,active,1.6,0.3725
Chimp hap2,chr7_hap2_hsa8,active,1.536,0.376
Chimp hap2,chr7_hap2_hsa8,active,1.644,0.375
Chimp hap2,chr7_hap2_hsa8,active,1.564,0.378
Chimp hap2,chr7_hap2_hsa8,active,1.496,0.379
Chimp hap2,chr7_hap2_hsa8,active,1.62,0.374
Chimp hap2,chr7_hap2_hsa8,active,1.572,0.3785
Chimp hap2,chr7_hap2_hsa8,active,1.476,0.3755
Chimp hap2,chr7_hap2_hsa8,active,1.612,0.3725
Chimp hap2,chr7_hap2_hsa8,active,1.588,0.3775
Chimp hap2,chr7_hap2_hsa8,active,1.596,0.373
Chimp hap2,chr7_hap2_hsa8,active,1.604,0.3785
Chimp hap2,chr7_hap2_hsa8,active,1.612,0.374
Chimp hap2,chr7_hap2_hsa8,active,1.612,0.376
Chimp hap2,chr7_hap2_hsa8,active,1.604,0.3785
Chimp hap2,chr7_hap2_hsa8,active,1.616,0.3725
Chimp hap2,chr7_hap2_hsa8,active,1.56,0.3785
Chimp hap2,chr7_hap2_hsa8,active,1.452,0.375
Chimp hap2,chr7_hap2_hsa8,active,1.624,0.3715
Chimp hap2,chr7_hap2_hsa8,active,1.56,0.3785
Chimp hap2,chr7_hap2_hsa8,active,1.572,0.3735
Chimp hap2,chr7_hap2_hsa8,active,1.58,0.3765
Chimp hap2,chr7_hap2_hsa8,active,1.572,0.375
Chimp hap2,chr7_hap2_hsa8,active,1.528,0.3735
Chimp hap2,chr7_hap2_hsa8,active,1.532,0.3715
Chimp hap2,chr7_hap2_hsa8,active,1.636,0.372
Chimp hap2,chr7_hap2_hsa8,active,1.548,0.3715
Chimp hap2,chr7_hap2_hsa8,active,1.62,0.3685
Chimp hap2,chr7_hap2_hsa8,active,1.648,0.372
Chimp hap2,chr7_hap2_hsa8,active,1.632,0.3725
Chimp hap2,chr7_hap2_hsa8,active,1.592,0.3735
Chimp hap2,chr7_hap2_hsa8,active,1.568,0.372
Chimp hap2,chr7_hap2_hsa8,active,1.56,0.375
Chimp hap2,chr7_hap2_hsa8,active,1.572,0.3705
Chimp hap2,chr7_hap2_hsa8,active,1.584,0.3775
Chimp hap2,chr7_hap2_hsa8,active,1.58,0.3735
Chimp hap2,chr7_hap2_hsa8,active,1.556,0.372
Chimp hap2,chr7_hap2_hsa8,active,1.6,0.3735
Chimp hap2,chr7_hap2_hsa8,active,1.568,0.3795
Chimp hap2,chr7_hap2_hsa8,active,1.572,0.3755
Chimp hap2,chr7_hap2_hsa8,active,1.624,0.3685
Chimp hap2,chr7_hap2_hsa8,active,1.564,0.375
Chimp hap2,chr7_hap2_hsa8,active,1.608,0.372
Chimp hap2,chr7_hap2_hsa8,active,1.576,0.374
Chimp hap2,chr7_hap2_hsa8,active,1.612,0.3725
Chimp hap2,chr7_hap2_hsa8,active,1.644,0.3755
Chimp hap2,chr7_hap2_hsa8,active,1.584,0.375
Chimp hap2,chr7_hap2_hsa8,active,1.544,0.373
Chimp hap2,chr7_hap2_hsa8,active,1.608,0.376
Chimp hap2,chr7_hap2_hsa8,active,1.588,0.3755
Chimp hap2,chr7_hap2_hsa8,active,1.684,0.3735
Chimp hap2,chr7_hap2_hsa8,active,1.624,0.374
Chimp hap2,chr7_hap2_hsa8,active,1.62,0.369
Chimp hap2,chr7_hap2_hsa8,active,1.592,0.3765
Chimp hap2,chr7_hap2_hsa8,active,1.62,0.373
Chimp hap2,chr7_hap2_hsa8,active,1.692,0.3785
Chimp hap2,chr7_hap2_hsa8,active,1.584,0.377
Chimp hap2,chr7_hap2_hsa8,active,1.628,0.379
Chimp hap2,chr7_hap2_hsa8,active,1.72,0.3765
Chimp hap2,chr7_hap2_hsa8,active,1.548,0.3785
Chimp hap2,chr7_hap2_hsa8,active,1.66,0.3735
Chimp hap2,chr7_hap2_hsa8,active,1.656,0.3745
Chimp hap2,chr7_hap2_hsa8,active,1.564,0.3805
Chimp hap2,chr7_hap2_hsa8,active,1.576,0.376
Chimp hap2,chr7_hap2_hsa8,active,1.648,0.381
Chimp hap2,chr7_hap2_hsa8,active,1.608,0.3775
Chimp hap2,chr7_hap2_hsa8,active,1.656,0.378
Chimp hap2,chr7_hap2_hsa8,active,1.608,0.3755
Chimp hap2,chr7_hap2_hsa8,active,1.588,0.3755
Chimp hap2,chr7_hap2_hsa8,active,1.628,0.3755
Chimp hap2,chr7_hap2_hsa8,active,1.608,0.373
Chimp hap2,chr7_hap2_hsa8,active,1.64,0.374
Chimp hap2,chr7_hap2_hsa8,active,1.572,0.3775
Chimp hap2,chr7_hap2_hsa8,active,1.576,0.372
Chimp hap2,chr7_hap2_hsa8,active,1.56,0.3765
Chimp hap2,chr7_hap2_hsa8,active,1.628,0.379
Chimp hap2,chr7_hap2_hsa8,active,1.588,0.374
Chimp hap2,chr7_hap2_hsa8,active,1.704,0.3725
Chimp hap2,chr7_hap2_hsa8,active,1.6,0.3745
Chimp hap2,chr7_hap2_hsa8,active,1.724,0.3745
Chimp hap2,chr7_hap2_hsa8,active,1.544,0.3785
Chimp hap2,chr7_hap2_hsa8,active,1.592,0.374
Chimp hap2,chr7_hap2_hsa8,active,1.684,0.3805
Chimp hap2,chr7_hap2_hsa8,active,1.512,0.374
Chimp hap2,chr7_hap2_hsa8,active,1.536,0.378
Chimp hap2,chr7_hap2_hsa8,active,1.704,0.379
Chimp hap2,chr7_hap2_hsa8,active,1.496,0.3725
Chimp hap2,chr7_hap2_hsa8,active,1.736,0.3775
Chimp hap2,chr7_hap2_hsa8,active,1.548,0.377
Chimp hap2,chr7_hap2_hsa8,active,1.624,0.3735
Chimp hap2,chr7_hap2_hsa8,active,1.66,0.3705
Chimp hap2,chr7_hap2_hsa8,active,1.588,0.382
Chimp hap2,chr7_hap2_hsa8,active,1.628,0.3715
Chimp hap2,chr7_hap2_hsa8,active,1.64,0.375
Chimp hap2,chr7_hap2_hsa8,active,1.656,0.378
Chimp hap2,chr7_hap2_hsa8,active,1.524,0.3765
Chimp hap2,chr7_hap2_hsa8,active,1.724,0.3745
Chimp hap2,chr7_hap2_hsa8,active,1.644,0.374
Chimp hap2,chr7_hap2_hsa8,active,1.64,0.3815
Chimp hap2,chr7_hap2_hsa8,active,1.548,0.3765
Chimp hap2,chr7_hap2_hsa8,active,1.624,0.377
Chimp hap2,chr7_hap2_hsa8,active,1.644,0.374
Chimp hap2,chr7_hap2_hsa8,active,1.616,0.3705
Chimp hap2,chr7_hap2_hsa8,active,1.652,0.382
Chimp hap2,chr7_hap2_hsa8,active,1.524,0.3735
Chimp hap2,chr7_hap2_hsa8,active,1.716,0.3805
Chimp hap2,chr7_hap2_hsa8,active,1.516,0.377
Chimp hap2,chr7_hap2_hsa8,active,1.584,0.376
Chimp hap2,chr7_hap2_hsa8,active,1.624,0.3755
Chimp hap2,chr7_hap2_hsa8,active,1.628,0.3705
Chimp hap2,chr7_hap2_hsa8,active,1.632,0.3725
Chimp hap2,chr7_hap2_hsa8,active,1.604,0.375
Chimp hap2,chr7_hap2_hsa8,active,1.624,0.3745
Chimp hap2,chr7_hap2_hsa8,active,1.592,0.375
Chimp hap2,chr7_hap2_hsa8,active,1.624,0.3745
Chimp hap2,chr7_hap2_hsa8,active,1.664,0.374
Chimp hap2,chr7_hap2_hsa8,active,1.632,0.379
Chimp hap2,chr7_hap2_hsa8,active,1.64,0.3795
Chimp hap2,chr7_hap2_hsa8,active,1.604,0.376
Chimp hap2,chr7_hap2_hsa8,active,1.62,0.3745
Chimp hap2,chr7_hap2_hsa8,active,1.596,0.3755
Chimp hap2,chr7_hap2_hsa8,active,1.572,0.378
Chimp hap2,chr7_hap2_hsa8,active,1.68,0.3725
Chimp hap2,chr7_hap2_hsa8,active,1.672,0.3705
Chimp hap2,chr7_hap2_hsa8,active,1.544,0.382
Chimp hap2,chr7_hap2_hsa8,active,1.624,0.3695
Chimp hap2,chr7_hap2_hsa8,active,1.596,0.3785
Chimp hap2,chr7_hap2_hsa8,active,1.572,0.3745
Chimp hap2,chr7_hap2_hsa8,active,1.632,0.3765
Chimp hap2,chr7_hap2_hsa8,active,1.6,0.3765
Chimp hap2,chr7_hap2_hsa8,active,1.516,0.379
Chimp hap2,chr7_hap2_hsa8,active,1.636,0.377
Chimp hap2,chr7_hap2_hsa8,active,1.676,0.379
Chimp hap2,chr7_hap2_hsa8,active,1.6,0.3745
Chimp hap2,chr7_hap2_hsa8,active,1.632,0.375
Chimp hap2,chr7_hap2_hsa8,active,1.596,0.38
Chimp hap2,chr7_hap2_hsa8,active,1.6,0.3725
Chimp hap2,chr7_hap2_hsa8,active,1.612,0.3725
Chimp hap2,chr7_hap2_hsa8,active,1.592,0.378
Chimp hap2,chr7_hap2_hsa8,active,1.604,0.3775
Chimp hap2,chr7_hap2_hsa8,active,1.6,0.3795
Chimp hap2,chr7_hap2_hsa8,active,1.616,0.3745
Chimp hap2,chr7_hap2_hsa8,active,1.7,0.3745
Chimp hap2,chr7_hap2_hsa8,active,1.54,0.378
Chimp hap2,chr7_hap2_hsa8,active,1.624,0.3795
Chimp hap2,chr7_hap2_hsa8,active,1.612,0.375
Chimp hap2,chr7_hap2_hsa8,active,1.604,0.3815
Chimp hap2,chr7_hap2_hsa8,active,1.688,0.3775
Chimp hap2,chr7_hap2_hsa8,active,1.584,0.3755
Chimp hap2,chr7_hap2_hsa8,active,1.652,0.372
Chimp hap2,chr7_hap2_hsa8,active,1.544,0.378
Chimp hap2,chr7_hap2_hsa8,active,1.568,0.3775
Chimp hap2,chr7_hap2_hsa8,active,1.616,0.375
Chimp hap2,chr7_hap2_hsa8,active,1.488,0.3825
Chimp hap2,chr7_hap2_hsa8,active,1.636,0.372
Chimp hap2,chr7_hap2_hsa8,active,1.6,0.38
Chimp hap2,chr7_hap2_hsa8,active,1.636,0.374
Chimp hap2,chr7_hap2_hsa8,active,1.608,0.379
Chimp hap2,chr7_hap2_hsa8,active,1.568,0.381
Chimp hap2,chr7_hap2_hsa8,active,1.54,0.3735
Chimp hap2,chr7_hap2_hsa8,active,1.66,0.3805
Chimp hap2,chr7_hap2_hsa8,active,1.704,0.375
Chimp hap2,chr7_hap2_hsa8,active,1.616,0.3715
Chimp hap2,chr7_hap2_hsa8,active,1.592,0.3715
Chimp hap2,chr7_hap2_hsa8,active,1.524,0.3795
Chimp hap2,chr7_hap2_hsa8,active,1.584,0.3675
Chimp hap2,chr7_hap2_hsa8,active,1.596,0.3715
Chimp hap2,chr7_hap2_hsa8,active,1.592,0.3745
Chimp hap2,chr7_hap2_hsa8,active,1.66,0.3795
Chimp hap2,chr7_hap2_hsa8,active,1.504,0.3745
Chimp hap2,chr7_hap2_hsa8,active,1.552,0.377
Chimp hap2,chr7_hap2_hsa8,active,1.488,0.3775
Chimp hap2,chr7_hap2_hsa8,active,1.644,0.3805
Chimp hap2,chr7_hap2_hsa8,active,1.5,0.3735
Chimp hap2,chr7_hap2_hsa8,active,1.512,0.373
Chimp hap2,chr7_hap2_hsa8,active,1.56,0.377
Chimp hap2,chr7_hap2_hsa8,active,1.54,0.378
Chimp hap2,chr7_hap2_hsa8,active,1.612,0.3795
Chimp hap2,chr7_hap2_hsa8,active,1.688,0.374
Chimp hap2,chr7_hap2_hsa8,active,1.644,0.371
Chimp hap2,chr7_hap2_hsa8,active,1.636,0.3715
Chimp hap2,chr7_hap2_hsa8,active,1.712,0.3775
Chimp hap2,chr7_hap2_hsa8,active,1.528,0.3755
Chimp hap2,chr7_hap2_hsa8,active,1.648,0.373
Chimp hap2,chr7_hap2_hsa8,active,1.508,0.3775
Chimp hap2,chr7_hap2_hsa8,active,1.636,0.3835
Chimp hap2,chr7_hap2_hsa8,active,1.644,0.3725
Chimp hap2,chr7_hap2_hsa8,active,1.648,0.371
Chimp hap2,chr7_hap2_hsa8,active,1.636,0.3805
Chimp hap2,chr7_hap2_hsa8,active,1.536,0.377
Chimp hap2,chr7_hap2_hsa8,active,1.644,0.373
Chimp hap2,chr7_hap2_hsa8,active,1.716,0.377
Chimp hap2,chr7_hap2_hsa8,active,1.544,0.3775
Chimp hap2,chr7_hap2_hsa8,active,1.716,0.373
Chimp hap2,chr7_hap2_hsa8,active,1.656,0.376
Chimp hap2,chr7_hap2_hsa8,active,1.712,0.3815
Chimp hap2,chr7_hap2_hsa8,active,1.516,0.374
Chimp hap2,chr7_hap2_hsa8,active,1.544,0.3815
Chimp hap2,chr7_hap2_hsa8,active,1.724,0.375
Chimp hap2,chr7_hap2_hsa8,active,1.528,0.3785
Chimp hap2,chr7_hap2_hsa8,active,1.64,0.3815
Chimp hap2,chr7_hap2_hsa8,active,1.52,0.374
Chimp hap2,chr7_hap2_hsa8,active,1.56,0.3785
Chimp hap2,chr7_hap2_hsa8,active,1.704,0.3795
Chimp hap2,chr7_hap2_hsa8,active,1.536,0.3705
Chimp hap2,chr7_hap2_hsa8,active,1.712,0.3775
Chimp hap2,chr7_hap2_hsa8,active,1.484,0.377
Chimp hap2,chr7_hap2_hsa8,active,1.62,0.3725
Chimp hap2,chr7_hap2_hsa8,active,1.708,0.374
Chimp hap2,chr7_hap2_hsa8,active,1.524,0.3785
Chimp hap2,chr7_hap2_hsa8,active,1.624,0.3725
Chimp hap2,chr7_hap2_hsa8,active,1.632,0.3765
Chimp hap2,chr7_hap2_hsa8,active,1.668,0.377
Chimp hap2,chr7_hap2_hsa8,active,1.596,0.377
Chimp hap2,chr7_hap2_hsa8,active,1.656,0.376
Chimp hap2,chr7_hap2_hsa8,active,1.62,0.378
Chimp hap2,chr7_hap2_hsa8,active,1.556,0.3795
Chimp hap2,chr7_hap2_hsa8,active,1.6,0.378
Chimp hap2,chr7_hap2_hsa8,active,1.616,0.3735
Chimp hap2,chr7_hap2_hsa8,active,1.632,0.3785
Chimp hap2,chr7_hap2_hsa8,active,1.564,0.38
Chimp hap2,chr7_hap2_hsa8,active,1.64,0.3715
Chimp hap2,chr7_hap2_hsa8,active,1.58,0.378
Chimp hap2,chr7_hap2_hsa8,active,1.64,0.375
Chimp hap2,chr7_hap2_hsa8,active,1.608,0.3725
Chimp hap2,chr7_hap2_hsa8,active,1.608,0.3785
Chimp hap2,chr7_hap2_hsa8,active,1.616,0.378
Chimp hap2,chr7_hap2_hsa8,active,1.604,0.3795
Chimp hap2,chr7_hap2_hsa8,active,1.576,0.373
Chimp hap2,chr7_hap2_hsa8,active,1.62,0.377
Chimp hap2,chr7_hap2_hsa8,active,1.632,0.3735
Chimp hap2,chr7_hap2_hsa8,active,1.656,0.3705
Chimp hap2,chr7_hap2_hsa8,active,1.604,0.379
Chimp hap2,chr7_hap2_hsa8,active,1.624,0.37
Chimp hap2,chr7_hap2_hsa8,active,1.596,0.378
Chimp hap2,chr7_hap2_hsa8,active,1.664,0.3735
Chimp hap2,chr7_hap2_hsa8,active,1.64,0.37
Chimp hap2,chr7_hap2_hsa8,active,1.592,0.374
Chimp hap2,chr7_hap2_hsa8,active,1.604,0.3745
Chimp hap2,chr7_hap2_hsa8,active,1.628,0.371
Chimp hap2,chr7_hap2_hsa8,active,1.64,0.374
Chimp hap2,chr7_hap2_hsa8,active,1.628,0.376
Chimp hap2,chr7_hap2_hsa8,active,1.624,0.369
Chimp hap2,chr7_hap2_hsa8,active,1.676,0.374
Chimp hap2,chr7_hap2_hsa8,active,1.6,0.377
Chimp hap2,chr7_hap2_hsa8,active,1.624,0.3735
Chimp hap2,chr7_hap2_hsa8,active,1.62,0.3685
Chimp hap2,chr7_hap2_hsa8,active,1.604,0.384
Chimp hap2,chr7_hap2_hsa8,active,1.648,0.3735
Chimp hap2,chr7_hap2_hsa8,active,1.624,0.3795
Chimp hap2,chr7_hap2_hsa8,active,1.604,0.377
Chimp hap2,chr7_hap2_hsa8,active,1.628,0.372
Chimp hap2,chr7_hap2_hsa8,active,1.628,0.3765
Chimp hap2,chr7_hap2_hsa8,active,1.664,0.372
Chimp hap2,chr7_hap2_hsa8,active,1.64,0.376
Chimp hap2,chr7_hap2_hsa8,active,1.612,0.3735
Chimp hap2,chr7_hap2_hsa8,active,1.58,0.3705
Chimp hap2,chr7_hap2_hsa8,active,1.608,0.3825
Chimp hap2,chr7_hap2_hsa8,active,1.676,0.3715
Chimp hap2,chr7_hap2_hsa8,active,1.596,0.3765
Chimp hap2,chr7_hap2_hsa8,active,1.612,0.371
Chimp hap2,chr7_hap2_hsa8,active,1.552,0.377
Chimp hap2,chr7_hap2_hsa8,active,1.552,0.3765
Chimp hap2,chr7_hap2_hsa8,active,1.58,0.3775
Chimp hap2,chr7_hap2_hsa8,active,1.548,0.3715
Chimp hap2,chr7_hap2_hsa8,active,1.676,0.374
Chimp hap2,chr7_hap2_hsa8,active,1.588,0.3725
Chimp hap2,chr7_hap2_hsa8,active,1.588,0.3735
Chimp hap2,chr7_hap2_hsa8,active,1.564,0.377
Chimp hap2,chr7_hap2_hsa8,active,1.504,0.374
Chimp hap2,chr7_hap2_hsa8,active,1.572,0.3695
Chimp hap2,chr7_hap2_hsa8,active,1.632,0.3745
Chimp hap2,chr7_hap2_hsa8,active,1.54,0.373
Chimp hap2,chr7_hap2_hsa8,active,1.556,0.369
Chimp hap2,chr7_hap2_hsa8,active,1.672,0.3725
Chimp hap2,chr7_hap2_hsa8,active,1.616,0.3735
Chimp hap2,chr7_hap2_hsa8,active,1.58,0.3725
Chimp hap2,chr7_hap2_hsa8,active,1.56,0.3705
Chimp hap2,chr7_hap2_hsa8,active,1.58,0.3735
Chimp hap2,chr7_hap2_hsa8,active,1.628,0.3725
Chimp hap2,chr7_hap2_hsa8,active,1.62,0.375
Chimp hap2,chr7_hap2_hsa8,active,1.568,0.371
Chimp hap2,chr7_hap2_hsa8,active,1.592,0.372
Chimp hap2,chr7_hap2_hsa8,active,1.628,0.3745
Chimp hap2,chr7_hap2_hsa8,active,1.624,0.372
Chimp hap2,chr7_hap2_hsa8,active,1.604,0.374
Chimp hap2,chr7_hap2_hsa8,active,1.636,0.369
Chimp hap2,chr7_hap2_hsa8,active,1.596,0.372
Chimp hap2,chr7_hap2_hsa8,active,1.516,0.3725
Chimp hap2,chr7_hap2_hsa8,active,1.644,0.368
Chimp hap2,chr7_hap2_hsa8,active,1.612,0.3725
Chimp hap2,chr7_hap2_hsa8,active,1.592,0.3715
Chimp hap2,chr7_hap2_hsa8,active,1.592,0.3735
Chimp hap2,chr7_hap2_hsa8,active,1.62,0.373
Chimp hap2,chr7_hap2_hsa8,active,1.584,0.3705
Chimp hap2,chr7_hap2_hsa8,active,1.6,0.3725
Chimp hap2,chr7_hap2_hsa8,active,1.612,0.3715
Chimp hap2,chr7_hap2_hsa8,active,1.572,0.3745
Chimp hap2,chr7_hap2_hsa8,active,1.592,0.372
Chimp hap2,chr7_hap2_hsa8,active,1.596,0.368
Chimp hap2,chr7_hap2_hsa8,active,1.532,0.3735
Chimp hap2,chr7_hap2_hsa8,active,1.612,0.371
Chimp hap2,chr7_hap2_hsa8,active,1.532,0.373
Chimp hap2,chr7_hap2_hsa8,active,1.632,0.3705
Chimp hap2,chr7_hap2_hsa8,active,1.64,0.3725
Chimp hap2,chr7_hap2_hsa8,active,1.588,0.374
Chimp hap2,chr7_hap2_hsa8,active,1.652,0.368
Chimp hap2,chr7_hap2_hsa8,active,1.596,0.371
Chimp hap2,chr7_hap2_hsa8,active,1.576,0.3745
Chimp hap2,chr7_hap2_hsa8,active,1.612,0.376
Chimp hap2,chr7_hap2_hsa8,active,1.668,0.373
Chimp hap2,chr7_hap2_hsa8,active,1.58,0.374
Chimp hap2,chr7_hap2_hsa8,active,1.556,0.3745
Chimp hap2,chr7_hap2_hsa8,active,1.584,0.3715
Chimp hap2,chr7_hap2_hsa8,active,1.608,0.3735
Chimp hap2,chr7_hap2_hsa8,active,1.592,0.3725
Chimp hap2,chr7_hap2_hsa8,active,1.572,0.372
Chimp hap2,chr7_hap2_hsa8,active,1.612,0.3695
Chimp hap2,chr7_hap2_hsa8,active,1.616,0.372
Chimp hap2,chr7_hap2_hsa8,active,1.544,0.375
Chimp hap2,chr7_hap2_hsa8,active,1.536,0.3725
Chimp hap2,chr7_hap2_hsa8,active,1.608,0.375
Chimp hap2,chr7_hap2_hsa8,active,1.568,0.375
Chimp hap2,chr7_hap2_hsa8,active,1.628,0.3705
Chimp hap2,chr7_hap2_hsa8,active,1.644,0.371
Chimp hap2,chr7_hap2_hsa8,active,1.48,0.375
Chimp hap2,chr7_hap2_hsa8,active,1.536,0.3775
Chimp hap2,chr7_hap2_hsa8,active,1.58,0.375
Chimp hap2,chr7_hap2_hsa8,active,1.588,0.3755
Chimp hap2,chr7_hap2_hsa8,active,1.64,0.376
Chimp hap2,chr7_hap2_hsa8,active,1.604,0.3745
Chimp hap2,chr7_hap2_hsa8,active,1.612,0.374
Chimp hap2,chr7_hap2_hsa8,active,1.604,0.374
Chimp hap2,chr7_hap2_hsa8,active,1.612,0.3755
Chimp hap2,chr7_hap2_hsa8,active,1.664,0.3705
Chimp hap2,chr7_hap2_hsa8,active,1.516,0.3795
Chimp hap2,chr7_hap2_hsa8,active,1.632,0.381
Chimp hap2,chr7_hap2_hsa8,active,1.648,0.3745
Chimp hap2,chr7_hap2_hsa8,active,1.56,0.3805
Chimp hap2,chr7_hap2_hsa8,active,1.596,0.3735
Chimp hap2,chr7_hap2_hsa8,active,1.568,0.3775
Chimp hap2,chr7_hap2_hsa8,active,1.624,0.374
Chimp hap2,chr7_hap2_hsa8,active,1.628,0.372
Chimp hap2,chr7_hap2_hsa8,active,1.632,0.372
Chimp hap2,chr7_hap2_hsa8,active,1.576,0.3715
Chimp hap2,chr7_hap2_hsa8,active,1.552,0.376
Chimp hap2,chr7_hap2_hsa8,active,1.624,0.371
Chimp hap2,chr7_hap2_hsa8,active,1.572,0.3825
Chimp hap2,chr7_hap2_hsa8,active,1.608,0.3775
Chimp hap2,chr7_hap2_hsa8,active,1.624,0.3735
Chimp hap2,chr7_hap2_hsa8,active,1.656,0.3725
Chimp hap2,chr7_hap2_hsa8,active,1.544,0.377
Chimp hap2,chr7_hap2_hsa8,active,1.536,0.3745
Chimp hap2,chr7_hap2_hsa8,active,1.496,0.372
Chimp hap2,chr7_hap2_hsa8,active,1.644,0.373
Chimp hap2,chr7_hap2_hsa8,active,1.596,0.3745
Chimp hap2,chr7_hap2_hsa8,active,1.616,0.3725
Chimp hap2,chr7_hap2_hsa8,active,1.672,0.3705
Chimp hap2,chr7_hap2_hsa8,active,1.568,0.374
Chimp hap2,chr7_hap2_hsa8,active,1.544,0.3775
Chimp hap2,chr7_hap2_hsa8,active,1.56,0.376
Chimp hap2,chr7_hap2_hsa8,active,1.496,0.3695
Chimp hap2,chr7_hap2_hsa8,active,1.608,0.374
Chimp hap2,chr7_hap2_hsa8,active,1.596,0.374
Chimp hap2,chr7_hap2_hsa8,active,1.648,0.3705
Chimp hap2,chr7_hap2_hsa8,active,1.532,0.3745
Chimp hap2,chr7_hap2_hsa8,active,1.64,0.3735
Chimp hap2,chr7_hap2_hsa8,active,1.564,0.372
Chimp hap2,chr7_hap2_hsa8,active,1.62,0.3755
Chimp hap2,chr7_hap2_hsa8,active,1.608,0.3705
Chimp hap2,chr7_hap2_hsa8,active,1.548,0.372
Chimp hap2,chr7_hap2_hsa8,active,1.612,0.373
Chimp hap2,chr7_hap2_hsa8,active,1.656,0.3705
Chimp hap2,chr7_hap2_hsa8,active,1.584,0.3765
Chimp hap2,chr7_hap2_hsa8,active,1.596,0.372
Chimp hap2,chr7_hap2_hsa8,active,1.608,0.372
Chimp hap2,chr7_hap2_hsa8,active,1.588,0.376
Chimp hap2,chr7_hap2_hsa8,active,1.632,0.371
Chimp hap2,chr7_hap2_hsa8,active,1.532,0.375
Chimp hap2,chr7_hap2_hsa8,active,1.572,0.3675
Chimp hap2,chr7_hap2_hsa8,active,1.612,0.375
Chimp hap2,chr7_hap2_hsa8,active,1.628,0.372
Chimp hap2,chr7_hap2_hsa8,active,1.544,0.3765
Chimp hap2,chr7_hap2_hsa8,active,1.604,0.3715
Chimp hap2,chr7_hap2_hsa8,active,1.564,0.3775
Chimp hap2,chr7_hap2_hsa8,active,1.588,0.3745
Chimp hap2,chr7_hap2_hsa8,active,1.672,0.371
Chimp hap2,chr7_hap2_hsa8,active,1.58,0.369
Chimp hap2,chr7_hap2_hsa8,active,1.596,0.3735
Chimp hap2,chr7_hap2_hsa8,active,1.564,0.374
Chimp hap2,chr7_hap2_hsa8,active,1.644,0.372
Chimp hap2,chr7_hap2_hsa8,active,1.504,0.375
Chimp hap2,chr7_hap2_hsa8,active,1.596,0.3725
Chimp hap2,chr7_hap2_hsa8,active,1.596,0.3735
Chimp hap2,chr7_hap2_hsa8,active,1.652,0.3735
Chimp hap2,chr7_hap2_hsa8,active,1.684,0.372
Chimp hap2,chr7_hap2_hsa8,active,1.516,0.372
Chimp hap2,chr7_hap2_hsa8,active,1.636,0.377
Chimp hap2,chr7_hap2_hsa8,active,1.624,0.3675
Chimp hap2,chr7_hap2_hsa8,active,1.576,0.376
Chimp hap2,chr7_hap2_hsa8,active,1.62,0.3755
Chimp hap2,chr7_hap2_hsa8,active,1.532,0.375
Chimp hap2,chr7_hap2_hsa8,active,1.608,0.375
Chimp hap2,chr7_hap2_hsa8,active,1.7,0.3755
Chimp hap2,chr7_hap2_hsa8,active,1.62,0.373
Chimp hap2,chr7_hap2_hsa8,active,1.588,0.3735
Chimp hap2,chr7_hap2_hsa8,active,1.616,0.374
Chimp hap2,chr7_hap2_hsa8,active,1.596,0.372
Chimp hap2,chr7_hap2_hsa8,active,1.48,0.377
Chimp hap2,chr7_hap2_hsa8,active,1.664,0.371
Chimp hap2,chr7_hap2_hsa8,active,1.548,0.3765
Chimp hap2,chr7_hap2_hsa8,active,1.668,0.373
Chimp hap2,chr7_hap2_hsa8,active,1.56,0.3735
Chimp hap2,chr7_hap2_hsa8,active,1.588,0.3735
Chimp hap2,chr7_hap2_hsa8,active,1.556,0.372
Chimp hap2,chr7_hap2_hsa8,active,1.58,0.3755
Chimp hap2,chr7_hap2_hsa8,active,1.612,0.3735
Chimp hap2,chr7_hap2_hsa8,active,1.644,0.3765
Chimp hap2,chr7_hap2_hsa8,active,1.556,0.3735
Chimp hap2,chr7_hap2_hsa8,active,1.628,0.3755
Chimp hap2,chr7_hap2_hsa8,active,1.532,0.3765
Chimp hap2,chr7_hap2_hsa8,active,1.68,0.371
Chimp hap2,chr7_hap2_hsa8,active,1.592,0.3705
Chimp hap2,chr7_hap2_hsa8,active,1.58,0.3735
Chimp hap2,chr7_hap2_hsa8,active,1.504,0.371
Chimp hap2,chr7_hap2_hsa8,active,1.608,0.375
Chimp hap2,chr7_hap2_hsa8,active,1.56,0.373
Chimp hap2,chr7_hap2_hsa8,active,1.752,0.3715
Chimp hap2,chr7_hap2_hsa8,active,1.616,0.372
Chimp hap2,chr7_hap2_hsa8,active,1.536,0.3745
Chimp hap2,chr7_hap2_hsa8,active,1.636,0.3755
Chimp hap2,chr7_hap2_hsa8,active,1.564,0.372
Chimp hap2,chr7_hap2_hsa8,active,1.576,0.373
Chimp hap2,chr7_hap2_hsa8,active,1.552,0.3705
Chimp hap2,chr7_hap2_hsa8,active,1.664,0.3755
Chimp hap2,chr7_hap2_hsa8,active,1.616,0.37
Chimp hap2,chr7_hap2_hsa8,active,1.636,0.3745
Chimp hap2,chr7_hap2_hsa8,active,1.588,0.3735
Chimp hap2,chr7_hap2_hsa8,active,1.532,0.376
Chimp hap2,chr7_hap2_hsa8,active,1.448,0.3775
Chimp hap2,chr7_hap2_hsa8,active,1.628,0.371
Chimp hap2,chr7_hap2_hsa8,active,1.56,0.3765
Chimp hap2,chr7_hap2_hsa8,active,1.628,0.374
Chimp hap2,chr7_hap2_hsa8,active,1.636,0.375
Chimp hap2,chr7_hap2_hsa8,active,1.46,0.3735
Chimp hap2,chr7_hap2_hsa8,active,1.572,0.3765
Chimp hap2,chr7_hap2_hsa8,active,1.64,0.373
Chimp hap2,chr7_hap2_hsa8,active,1.592,0.3755
Chimp hap2,chr7_hap2_hsa8,active,1.64,0.371
Chimp hap2,chr7_hap2_hsa8,active,1.58,0.3745
Chimp hap2,chr7_hap2_hsa8,active,1.54,0.374
Chimp hap2,chr7_hap2_hsa8,active,1.516,0.375
Chimp hap2,chr7_hap2_hsa8,active,1.536,0.377
Chimp hap2,chr7_hap2_hsa8,active,1.564,0.3755
Chimp hap2,chr7_hap2_hsa8,active,1.564,0.375
Chimp hap2,chr7_hap2_hsa8,active,1.56,0.3755
Chimp hap2,chr7_hap2_hsa8,active,1.628,0.3765
Chimp hap2,chr7_hap2_hsa8,active,1.572,0.3735
Chimp hap2,chr7_hap2_hsa8,active,1.568,0.373
Chimp hap2,chr7_hap2_hsa8,active,1.544,0.3775
Chimp hap2,chr7_hap2_hsa8,active,1.552,0.3765
Chimp hap2,chr7_hap2_hsa8,active,1.508,0.377
Chimp hap2,chr7_hap2_hsa8,active,1.536,0.3765
Chimp hap2,chr7_hap2_hsa8,active,1.56,0.376
Chimp hap2,chr7_hap2_hsa8,active,1.552,0.375
Chimp hap2,chr7_hap2_hsa8,active,1.576,0.3775
Chimp hap2,chr7_hap2_hsa8,active,1.548,0.375
Chimp hap2,chr7_hap2_hsa8,active,1.532,0.3765
Chimp hap2,chr7_hap2_hsa8,active,1.572,0.3755
Chimp hap2,chr7_hap2_hsa8,active,1.48,0.377
Chimp hap2,chr7_hap2_hsa8,active,1.536,0.377
Chimp hap2,chr7_hap2_hsa8,active,1.536,0.3765
Chimp hap2,chr7_hap2_hsa8,active,1.568,0.374
Chimp hap2,chr7_hap2_hsa8,active,1.612,0.3775
Chimp hap2,chr7_hap2_hsa8,active,1.392,0.3755
Chimp hap2,chr7_hap2_hsa8,active,1.672,0.37
Chimp hap2,chr7_hap2_hsa8,active,1.404,0.374
Chimp hap2,chr7_hap2_hsa8,active,1.628,0.3725
Chimp hap2,chr7_hap2_hsa8,active,1.372,0.3765
Chimp hap2,chr7_hap2_hsa8,active,1.652,0.3725
Chimp hap2,chr7_hap2_hsa8,active,1.548,0.3745
Chimp hap2,chr7_hap2_hsa8,active,1.68,0.373
Chimp hap2,chr7_hap2_hsa8,active,1.48,0.376
Chimp hap2,chr7_hap2_hsa8,active,1.64,0.373
Chimp hap2,chr7_hap2_hsa8,active,1.368,0.3725
Chimp hap2,chr7_hap2_hsa8,active,1.488,0.374
Chimp hap2,chr7_hap2_hsa8,active,1.64,0.3725
Chimp hap2,chr7_hap2_hsa8,active,1.416,0.3765
Chimp hap2,chr7_hap2_hsa8,active,1.496,0.375
Chimp hap2,chr7_hap2_hsa8,active,1.64,0.37
Chimp hap2,chr7_hap2_hsa8,active,1.476,0.374
Chimp hap2,chr7_hap2_hsa8,active,1.628,0.3695
Chimp hap2,chr7_hap2_hsa8,active,1.484,0.3735
Chimp hap2,chr7_hap2_hsa8,active,1.632,0.368
Chimp hap2,chr7_hap2_hsa8,active,1.536,0.374
Chimp hap2,chr7_hap2_hsa8,active,1.408,0.3735
Chimp hap2,chr7_hap2_hsa8,active,1.684,0.375
Chimp hap2,chr7_hap2_hsa8,active,1.5,0.3735
Chimp hap2,chr7_hap2_hsa8,active,1.624,0.377
Chimp hap2,chr7_hap2_hsa8,active,1.604,0.374
Chimp hap2,chr7_hap2_hsa8,active,1.508,0.3775
Chimp hap2,chr7_hap2_hsa8,active,1.676,0.373
Chimp hap2,chr7_hap2_hsa8,active,1.472,0.3725
Chimp hap2,chr7_hap2_hsa8,active,1.588,0.373
Chimp hap2,chr7_hap2_hsa8,active,1.516,0.374
Chimp hap2,chr7_hap2_hsa8,active,1.536,0.374
Chimp hap2,chr7_hap2_hsa8,active,1.488,0.3765
Chimp hap2,chr7_hap2_hsa8,active,1.588,0.371
Chimp hap2,chr7_hap2_hsa8,active,1.412,0.3765
Chimp hap2,chr7_hap2_hsa8,active,1.564,0.3725
Chimp hap2,chr7_hap2_hsa8,active,1.536,0.371
Chimp hap2,chr7_hap2_hsa8,active,1.528,0.375
Chimp hap2,chr7_hap2_hsa8,active,1.544,0.3735
Chimp hap2,chr7_hap2_hsa8,active,1.472,0.3745
Chimp hap2,chr7_hap2_hsa8,active,1.54,0.3745
Chimp hap2,chr7_hap2_hsa8,active,1.524,0.3745
Chimp hap2,chr7_hap2_hsa8,active,1.54,0.375
Chimp hap2,chr7_hap2_hsa8,active,1.496,0.375
Chimp hap2,chr7_hap2_hsa8,active,1.52,0.374
Chimp hap2,chr7_hap2_hsa8,active,1.556,0.3715
Chimp hap2,chr7_hap2_hsa8,active,1.444,0.3755
Chimp hap2,chr7_hap2_hsa8,active,1.6,0.373
Chimp hap2,chr7_hap2_hsa8,active,1.576,0.374
Chimp hap2,chr7_hap2_hsa8,active,1.488,0.3755
Chimp hap2,chr7_hap2_hsa8,active,1.58,0.3735
Chimp hap2,chr7_hap2_hsa8,active,1.492,0.375
Chimp hap2,chr7_hap2_hsa8,active,1.556,0.371
Chimp hap2,chr7_hap2_hsa8,active,1.404,0.374
Chimp hap2,chr7_hap2_hsa8,active,1.568,0.373
Chimp hap2,chr7_hap2_hsa8,active,1.536,0.375
Chimp hap2,chr7_hap2_hsa8,active,1.492,0.3765
Chimp hap2,chr7_hap2_hsa8,active,1.524,0.378
Chimp hap2,chr7_hap2_hsa8,active,1.48,0.372
Chimp hap2,chr7_hap2_hsa8,active,1.532,0.3775
Chimp hap2,chr7_hap2_hsa8,active,1.564,0.3735
Chimp hap2,chr7_hap2_hsa8,active,1.5,0.3765
Chimp hap2,chr7_hap2_hsa8,active,1.564,0.3725
Chimp hap2,chr7_hap2_hsa8,active,1.42,0.376
Chimp hap2,chr7_hap2_hsa8,active,1.572,0.375
Chimp hap2,chr7_hap2_hsa8,active,1.524,0.3745
Chimp hap2,chr7_hap2_hsa8,active,1.524,0.3775
Chimp hap2,chr7_hap2_hsa8,active,1.668,0.3705
Chimp hap2,chr7_hap2_hsa8,active,1.568,0.373
Chimp hap2,chr7_hap2_hsa8,active,1.52,0.3725
Chimp hap2,chr7_hap2_hsa8,active,1.688,0.3745
Chimp hap2,chr7_hap2_hsa8,active,1.524,0.374
Chimp hap2,chr7_hap2_hsa8,active,1.66,0.3735
Chimp hap2,chr7_hap2_hsa8,active,1.516,0.3735
Chimp hap2,chr7_hap2_hsa8,active,1.604,0.3735
Chimp hap2,chr7_hap2_hsa8,active,1.592,0.376
Chimp hap2,chr7_hap2_hsa8,active,1.624,0.374
Chimp hap2,chr7_hap2_hsa8,active,1.544,0.374
Chimp hap2,chr7_hap2_hsa8,active,1.624,0.3735
Chimp hap2,chr7_hap2_hsa8,active,1.544,0.373
Chimp hap2,chr7_hap2_hsa8,active,1.608,0.373
Chimp hap2,chr7_hap2_hsa8,active,1.564,0.375
Chimp hap2,chr7_hap2_hsa8,active,1.62,0.373
Chimp hap2,chr7_hap2_hsa8,active,1.516,0.3775
Chimp hap2,chr7_hap2_hsa8,active,1.548,0.3705
Chimp hap2,chr7_hap2_hsa8,active,1.52,0.3735
Chimp hap2,chr7_hap2_hsa8,active,1.54,0.375
Chimp hap2,chr7_hap2_hsa8,active,1.52,0.373
Chimp hap2,chr7_hap2_hsa8,active,1.536,0.371
Chimp hap2,chr7_hap2_hsa8,active,1.476,0.375
Chimp hap2,chr7_hap2_hsa8,active,1.564,0.373
Chimp hap2,chr7_hap2_hsa8,active,1.46,0.375
Chimp hap2,chr7_hap2_hsa8,active,1.492,0.374
Chimp hap2,chr7_hap2_hsa8,active,1.5,0.376
Chimp hap2,chr7_hap2_hsa8,active,1.568,0.3735
Chimp hap2,chr7_hap2_hsa8,active,1.452,0.3745
Chimp hap2,chr7_hap2_hsa8,active,1.616,0.371
Chimp hap2,chr7_hap2_hsa8,active,1.492,0.373
Chimp hap2,chr7_hap2_hsa8,active,1.52,0.373
Chimp hap2,chr7_hap2_hsa8,active,1.572,0.374
Chimp hap2,chr7_hap2_hsa8,active,1.564,0.375
Chimp hap2,chr7_hap2_hsa8,active,1.564,0.372
Chimp hap2,chr7_hap2_hsa8,active,1.64,0.3735
Chimp hap2,chr7_hap2_hsa8,active,1.572,0.374
Chimp hap2,chr7_hap2_hsa8,active,1.572,0.3725
Chimp hap2,chr7_hap2_hsa8,active,1.56,0.3705
Chimp hap2,chr7_hap2_hsa8,active,1.544,0.3745
Chimp hap2,chr7_hap2_hsa8,active,1.548,0.372
Chimp hap2,chr7_hap2_hsa8,active,1.532,0.375
Chimp hap2,chr7_hap2_hsa8,active,1.512,0.376
Chimp hap2,chr7_hap2_hsa8,active,1.568,0.3735
Chimp hap2,chr7_hap2_hsa8,active,1.396,0.375
Chimp hap2,chr7_hap2_hsa8,active,1.564,0.3745
Chimp hap2,chr7_hap2_hsa8,active,1.38,0.373
Chimp hap2,chr7_hap2_hsa8,active,1.552,0.374
Chimp hap2,chr7_hap2_hsa8,active,1.548,0.374
Chimp hap2,chr7_hap2_hsa8,active,1.424,0.373
Chimp hap2,chr7_hap2_hsa8,active,1.524,0.375
Chimp hap2,chr7_hap2_hsa8,active,1.552,0.373
Chimp hap2,chr7_hap2_hsa8,active,1.5,0.378
Chimp hap2,chr7_hap2_hsa8,active,1.516,0.373
Chimp hap2,chr7_hap2_hsa8,active,1.54,0.374
Chimp hap2,chr7_hap2_hsa8,active,1.516,0.371
Chimp hap2,chr7_hap2_hsa8,active,1.512,0.375
Chimp hap2,chr7_hap2_hsa8,active,1.508,0.377
Chimp hap2,chr7_hap2_hsa8,active,1.66,0.3715
Chimp hap2,chr7_hap2_hsa8,active,1.56,0.3755
Chimp hap2,chr7_hap2_hsa8,active,1.476,0.3745
Chimp hap2,chr7_hap2_hsa8,active,1.484,0.376
Chimp hap2,chr7_hap2_hsa8,active,1.572,0.3745
Chimp hap2,chr7_hap2_hsa8,active,1.612,0.3735
Chimp hap2,chr7_hap2_hsa8,active,1.548,0.372
Chimp hap2,chr7_hap2_hsa8,active,1.644,0.373
Chimp hap2,chr7_hap2_hsa8,active,1.556,0.375
Chimp hap2,chr7_hap2_hsa8,active,1.608,0.3755
Chimp hap2,chr7_hap2_hsa8,active,1.536,0.375
Chimp hap2,chr7_hap2_hsa8,active,1.632,0.374
Chimp hap2,chr7_hap2_hsa8,active,1.596,0.3735
Chimp hap2,chr7_hap2_hsa8,active,1.62,0.377
Chimp hap2,chr7_hap2_hsa8,active,1.604,0.373
Chimp hap2,chr7_hap2_hsa8,active,1.612,0.3775
Chimp hap2,chr7_hap2_hsa8,active,1.536,0.375
Chimp hap2,chr7_hap2_hsa8,active,1.488,0.3735
Chimp hap2,chr7_hap2_hsa8,active,1.592,0.378
Chimp hap2,chr7_hap2_hsa8,active,1.544,0.3765
Chimp hap2,chr7_hap2_hsa8,active,1.628,0.3745
Chimp hap2,chr7_hap2_hsa8,active,1.56,0.379
Chimp hap2,chr7_hap2_hsa8,active,1.532,0.3775
Chimp hap2,chr7_hap2_hsa8,active,1.612,0.3735
Chimp hap2,chr7_hap2_hsa8,active,1.548,0.3765
Chimp hap2,chr7_hap2_hsa8,active,1.5,0.3745
Chimp hap2,chr7_hap2_hsa8,active,1.668,0.3745
Chimp hap2,chr7_hap2_hsa8,active,1.568,0.3785
Chimp hap2,chr7_hap2_hsa8,active,1.552,0.3755
Chimp hap2,chr7_hap2_hsa8,active,1.66,0.3745
Chimp hap2,chr7_hap2_hsa8,active,1.552,0.375
Chimp hap2,chr7_hap2_hsa8,active,1.684,0.3775
Chimp hap2,chr7_hap2_hsa8,active,1.592,0.373
Chimp hap2,chr7_hap2_hsa8,active,1.608,0.3765
Chimp hap2,chr7_hap2_hsa8,active,1.636,0.374
Chimp hap2,chr7_hap2_hsa8,active,1.592,0.3735
Chimp hap2,chr7_hap2_hsa8,active,1.548,0.3795
Chimp hap2,chr7_hap2_hsa8,active,1.596,0.3745
Chimp hap2,chr7_hap2_hsa8,active,1.624,0.376
Chimp hap2,chr7_hap2_hsa8,active,1.528,0.3765
Chimp hap2,chr7_hap2_hsa8,active,1.652,0.376
Chimp hap2,chr7_hap2_hsa8,active,1.54,0.3755
Chimp hap2,chr7_hap2_hsa8,active,1.612,0.3725
Chimp hap2,chr7_hap2_hsa8,active,1.56,0.376
Chimp hap2,chr7_hap2_hsa8,active,1.632,0.374
Chimp hap2,chr7_hap2_hsa8,active,1.532,0.3785
Chimp hap2,chr7_hap2_hsa8,active,1.64,0.3735
Chimp hap2,chr7_hap2_hsa8,active,1.568,0.3785
Chimp hap2,chr7_hap2_hsa8,active,1.636,0.3735
Chimp hap2,chr7_hap2_hsa8,active,1.564,0.3755
Chimp hap2,chr7_hap2_hsa8,active,1.56,0.379
Chimp hap2,chr7_hap2_hsa8,active,1.644,0.373
Chimp hap2,chr7_hap2_hsa8,active,1.576,0.3755
Chimp hap2,chr7_hap2_hsa8,active,1.604,0.373
Chimp hap2,chr7_hap2_hsa8,active,1.568,0.381
Chimp hap2,chr7_hap2_hsa8,active,1.524,0.373
Chimp hap2,chr7_hap2_hsa8,active,1.672,0.3775
Chimp hap2,chr7_hap2_hsa8,active,1.532,0.376
Chimp hap2,chr7_hap2_hsa8,active,1.672,0.3765
Chimp hap2,chr7_hap2_hsa8,active,1.604,0.3765
Chimp hap2,chr7_hap2_hsa8,active,1.592,0.375
Chimp hap2,chr7_hap2_hsa8,active,1.62,0.3765
Chimp hap2,chr7_hap2_hsa8,active,1.524,0.3765
Chimp hap2,chr7_hap2_hsa8,active,1.544,0.375
Chimp hap2,chr7_hap2_hsa8,active,1.608,0.379
Chimp hap2,chr7_hap2_hsa8,active,1.576,0.3775
Chimp hap2,chr7_hap2_hsa8,active,1.624,0.371
Chimp hap2,chr7_hap2_hsa8,active,1.552,0.3765
Chimp hap2,chr7_hap2_hsa8,active,1.616,0.375
Chimp hap2,chr7_hap2_hsa8,active,1.636,0.371
Chimp hap2,chr7_hap2_hsa8,active,1.66,0.373
Chimp hap2,chr7_hap2_hsa8,active,1.652,0.373
Chimp hap2,chr7_hap2_hsa8,active,1.576,0.372
Chimp hap2,chr7_hap2_hsa8,active,1.628,0.374
Chimp hap2,chr7_hap2_hsa8,active,1.64,0.3745
Chimp hap2,chr7_hap2_hsa8,active,1.608,0.3735
Chimp hap2,chr7_hap2_hsa8,active,1.66,0.372
Chimp hap2,chr7_hap2_hsa8,active,1.592,0.3755
Chimp hap2,chr7_hap2_hsa8,active,1.648,0.3755
Chimp hap2,chr7_hap2_hsa8,active,1.536,0.376
Chimp hap2,chr7_hap2_hsa8,active,1.676,0.3755
Chimp hap2,chr7_hap2_hsa8,active,1.564,0.376
Chimp hap2,chr7_hap2_hsa8,active,1.664,0.3775
Chimp hap2,chr7_hap2_hsa8,active,1.632,0.3755
Chimp hap2,chr7_hap2_hsa8,active,1.612,0.378
Chimp hap2,chr7_hap2_hsa8,active,1.624,0.3725
Chimp hap2,chr7_hap2_hsa8,active,1.568,0.376
Chimp hap2,chr7_hap2_hsa8,active,1.6,0.374
Chimp hap2,chr7_hap2_hsa8,active,1.584,0.378
Chimp hap2,chr7_hap2_hsa8,active,1.62,0.3745
Chimp hap2,chr7_hap2_hsa8,active,1.58,0.3805
Chimp hap2,chr7_hap2_hsa8,active,1.644,0.3745
Chimp hap2,chr7_hap2_hsa8,active,1.584,0.3785
Chimp hap2,chr7_hap2_hsa8,active,1.668,0.3745
Chimp hap2,chr7_hap2_hsa8,active,1.544,0.3785
Chimp hap2,chr7_hap2_hsa8,active,1.624,0.373
Chimp hap2,chr7_hap2_hsa8,active,1.576,0.3765
Chimp hap2,chr7_hap2_hsa8,active,1.648,0.377
Chimp hap2,chr7_hap2_hsa8,active,1.556,0.377
Chimp hap2,chr7_hap2_hsa8,active,1.532,0.375
Chimp hap2,chr7_hap2_hsa8,active,1.628,0.3735
Chimp hap2,chr7_hap2_hsa8,active,1.632,0.376
Chimp hap2,chr7_hap2_hsa8,active,1.56,0.378
Chimp hap2,chr7_hap2_hsa8,active,1.648,0.378
Chimp hap2,chr7_hap2_hsa8,active,1.508,0.3735
Chimp hap2,chr7_hap2_hsa8,active,1.684,0.376
Chimp hap2,chr7_hap2_hsa8,active,1.584,0.3745
Chimp hap2,chr7_hap2_hsa8,active,1.624,0.378
Chimp hap2,chr7_hap2_hsa8,active,1.572,0.3785
Chimp hap2,chr7_hap2_hsa8,active,1.636,0.3785
Chimp hap2,chr7_hap2_hsa8,active,1.536,0.3765
Chimp hap2,chr7_hap2_hsa8,active,1.62,0.376
Chimp hap2,chr7_hap2_hsa8,active,1.58,0.3765
Chimp hap2,chr7_hap2_hsa8,active,1.644,0.3765
Chimp hap2,chr7_hap2_hsa8,active,1.56,0.374
Chimp hap2,chr7_hap2_hsa8,active,1.616,0.377
Chimp hap2,chr7_hap2_hsa8,active,1.644,0.3745
Chimp hap2,chr7_hap2_hsa8,active,1.648,0.377
Chimp hap2,chr7_hap2_hsa8,active,1.596,0.375
Chimp hap2,chr7_hap2_hsa8,active,1.64,0.377
Chimp hap2,chr7_hap2_hsa8,active,1.616,0.377
Chimp hap2,chr7_hap2_hsa8,active,1.62,0.3745
Chimp hap2,chr7_hap2_hsa8,active,1.612,0.3755
Chimp hap2,chr7_hap2_hsa8,active,1.612,0.377
Chimp hap2,chr7_hap2_hsa8,active,1.48,0.3755
Chimp hap2,chr7_hap2_hsa8,active,1.632,0.3775
Chimp hap2,chr7_hap2_hsa8,active,1.604,0.37
Chimp hap2,chr7_hap2_hsa8,active,1.56,0.376
Chimp hap2,chr7_hap2_hsa8,active,1.652,0.3755
Chimp hap2,chr7_hap2_hsa8,active,1.56,0.372
Chimp hap2,chr7_hap2_hsa8,active,1.604,0.374
Chimp hap2,chr7_hap2_hsa8,active,1.544,0.3715
Chimp hap2,chr7_hap2_hsa8,active,1.592,0.3755
Chimp hap2,chr7_hap2_hsa8,active,1.516,0.375
Chimp hap2,chr7_hap2_hsa8,active,1.656,0.373
Chimp hap2,chr7_hap2_hsa8,active,1.488,0.3745
Chimp hap2,chr7_hap2_hsa8,active,1.672,0.3745
Chimp hap2,chr7_hap2_hsa8,active,1.392,0.3775
Chimp hap2,chr7_hap2_hsa8,active,1.62,0.3735
Chimp hap2,chr7_hap2_hsa8,active,1.652,0.373
Chimp hap2,chr7_hap2_hsa8,active,1.604,0.375
Chimp hap2,chr7_hap2_hsa8,active,1.66,0.3745
Chimp hap2,chr7_hap2_hsa8,active,1.5,0.377
Chimp hap2,chr7_hap2_hsa8,active,1.62,0.3705
Chimp hap2,chr7_hap2_hsa8,active,1.624,0.3765
Chimp hap2,chr7_hap2_hsa8,active,1.652,0.376
Chimp hap2,chr7_hap2_hsa8,active,1.52,0.3735
Chimp hap2,chr7_hap2_hsa8,active,1.62,0.37
Chimp hap2,chr7_hap2_hsa8,active,1.62,0.376
Chimp hap2,chr7_hap2_hsa8,active,1.656,0.376
Chimp hap2,chr7_hap2_hsa8,active,1.524,0.373
Chimp hap2,chr7_hap2_hsa8,active,1.608,0.3745
Chimp hap2,chr7_hap2_hsa8,active,1.6,0.376
Chimp hap2,chr7_hap2_hsa8,active,1.676,0.3765
Chimp hap2,chr7_hap2_hsa8,active,1.5,0.3735
Chimp hap2,chr7_hap2_hsa8,active,1.628,0.3735
Chimp hap2,chr7_hap2_hsa8,active,1.552,0.3735
Chimp hap2,chr7_hap2_hsa8,active,1.644,0.3735
Chimp hap2,chr7_hap2_hsa8,active,1.536,0.3745
Chimp hap2,chr7_hap2_hsa8,active,1.652,0.373
Chimp hap2,chr7_hap2_hsa8,active,1.532,0.3775
Chimp hap2,chr7_hap2_hsa8,active,1.524,0.3725
Chimp hap2,chr7_hap2_hsa8,active,1.608,0.3765
Chimp hap2,chr7_hap2_hsa8,active,1.536,0.3715
Chimp hap2,chr7_hap2_hsa8,active,1.608,0.3775
Chimp hap2,chr7_hap2_hsa8,active,1.516,0.3695
Chimp hap2,chr7_hap2_hsa8,active,1.624,0.3765
Chimp hap2,chr7_hap2_hsa8,active,1.528,0.371
Chimp hap2,chr7_hap2_hsa8,active,1.592,0.3785
Chimp hap2,chr7_hap2_hsa8,active,1.496,0.373
Chimp hap2,chr7_hap2_hsa8,active,1.624,0.376
Chimp hap2,chr7_hap2_hsa8,active,1.504,0.3735
Chimp hap2,chr7_hap2_hsa8,active,1.668,0.376
Chimp hap2,chr7_hap2_hsa8,active,1.488,0.3735
Chimp hap2,chr7_hap2_hsa8,active,1.652,0.374
Chimp hap2,chr7_hap2_hsa8,active,1.512,0.375
Chimp hap2,chr7_hap2_hsa8,active,1.62,0.3715
Chimp hap2,chr7_hap2_hsa8,active,1.62,0.3755
Chimp hap2,chr7_hap2_hsa8,active,1.52,0.375
Chimp hap2,chr7_hap2_hsa8,active,1.58,0.371
Chimp hap2,chr7_hap2_hsa8,active,1.556,0.376
Chimp hap2,chr7_hap2_hsa8,active,1.616,0.372
Chimp hap2,chr7_hap2_hsa8,active,1.552,0.3715
Chimp hap2,chr7_hap2_hsa8,active,1.608,0.3755
Chimp hap2,chr7_hap2_hsa8,active,1.508,0.374
Chimp hap2,chr7_hap2_hsa8,active,1.608,0.371
Chimp hap2,chr7_hap2_hsa8,active,1.608,0.3775
Chimp hap2,chr7_hap2_hsa8,active,1.624,0.375
Chimp hap2,chr7_hap2_hsa8,active,1.592,0.3765
Chimp hap2,chr7_hap2_hsa8,active,1.564,0.3765
Chimp hap2,chr7_hap2_hsa8,active,1.552,0.3725
Chimp hap2,chr7_hap2_hsa8,active,1.564,0.372
Chimp hap2,chr7_hap2_hsa8,active,1.504,0.378
Chimp hap2,chr7_hap2_hsa8,active,1.548,0.3765
Chimp hap2,chr7_hap2_hsa8,active,1.624,0.372
Chimp hap2,chr7_hap2_hsa8,active,1.6,0.377
Chimp hap2,chr7_hap2_hsa8,active,1.652,0.3765
Chimp hap2,chr7_hap2_hsa8,active,1.504,0.373
Chimp hap2,chr7_hap2_hsa8,active,1.656,0.3745
Chimp hap2,chr7_hap2_hsa8,active,1.468,0.3735
Chimp hap2,chr7_hap2_hsa8,active,1.612,0.3715
Chimp hap2,chr7_hap2_hsa8,active,1.516,0.376
Chimp hap2,chr7_hap2_hsa8,active,1.616,0.3725
Chimp hap2,chr7_hap2_hsa8,active,1.488,0.375
Chimp hap2,chr7_hap2_hsa8,active,1.588,0.3705
Chimp hap2,chr7_hap2_hsa8,active,1.616,0.3745
Chimp hap2,chr7_hap2_hsa8,active,1.532,0.3715
Chimp hap2,chr7_hap2_hsa8,active,1.64,0.377
Chimp hap2,chr7_hap2_hsa8,active,1.532,0.3725
Chimp hap2,chr7_hap2_hsa8,active,1.588,0.371
Chimp hap2,chr7_hap2_hsa8,active,1.48,0.376
Chimp hap2,chr7_hap2_hsa8,active,1.64,0.3705
Chimp hap2,chr7_hap2_hsa8,active,1.544,0.3785
Chimp hap2,chr7_hap2_hsa8,active,1.604,0.3715
Chimp hap2,chr7_hap2_hsa8,active,1.632,0.3715
Chimp hap2,chr7_hap2_hsa8,active,1.552,0.3745
Chimp hap2,chr7_hap2_hsa8,active,1.588,0.3715
Chimp hap2,chr7_hap2_hsa8,active,1.544,0.375
Chimp hap2,chr7_hap2_hsa8,active,1.488,0.373
Chimp hap2,chr7_hap2_hsa8,active,1.612,0.376
Chimp hap2,chr7_hap2_hsa8,active,1.492,0.3745
Chimp hap2,chr7_hap2_hsa8,active,1.6,0.3675
Chimp hap2,chr7_hap2_hsa8,active,1.54,0.3765
Chimp hap2,chr7_hap2_hsa8,active,1.608,0.3745
Chimp hap2,chr7_hap2_hsa8,active,1.62,0.3755
Chimp hap2,chr7_hap2_hsa8,active,1.52,0.3745
Chimp hap2,chr7_hap2_hsa8,active,1.508,0.376
Chimp hap2,chr7_hap2_hsa8,active,1.604,0.3755
Chimp hap2,chr7_hap2_hsa8,active,1.636,0.3765
Chimp hap2,chr7_hap2_hsa8,active,1.512,0.373
Chimp hap2,chr7_hap2_hsa8,active,1.472,0.372
Chimp hap2,chr7_hap2_hsa8,active,1.608,0.377
Chimp hap2,chr7_hap2_hsa8,active,1.584,0.378
Chimp hap2,chr7_hap2_hsa8,active,1.632,0.373
Chimp hap2,chr7_hap2_hsa8,active,1.604,0.3785
Chimp hap2,chr7_hap2_hsa8,active,1.536,0.372
Chimp hap2,chr7_hap2_hsa8,active,1.608,0.376
Chimp hap2,chr7_hap2_hsa8,active,1.536,0.3715
Chimp hap2,chr7_hap2_hsa8,active,1.644,0.375
Chimp hap2,chr7_hap2_hsa8,active,1.44,0.3755
Chimp hap2,chr7_hap2_hsa8,active,1.604,0.374
Chimp hap2,chr7_hap2_hsa8,active,1.492,0.3735
Chimp hap2,chr7_hap2_hsa8,active,1.588,0.377
Chimp hap2,chr7_hap2_hsa8,active,1.536,0.3725
Chimp hap2,chr7_hap2_hsa8,active,1.604,0.375
Chimp hap2,chr7_hap2_hsa8,active,1.648,0.3765
Chimp hap2,chr7_hap2_hsa8,active,1.524,0.373
Chimp hap2,chr7_hap2_hsa8,active,1.532,0.3775
Chimp hap2,chr7_hap2_hsa8,active,1.652,0.371
Chimp hap2,chr7_hap2_hsa8,active,1.544,0.375
Chimp hap2,chr7_hap2_hsa8,active,1.592,0.375
Chimp hap2,chr7_hap2_hsa8,active,1.548,0.376
Chimp hap2,chr7_hap2_hsa8,active,1.544,0.3725
Chimp hap2,chr7_hap2_hsa8,active,1.632,0.3765
Chimp hap2,chr7_hap2_hsa8,active,1.608,0.3765
Chimp hap2,chr7_hap2_hsa8,active,1.648,0.371
Chimp hap2,chr7_hap2_hsa8,active,1.604,0.3765
Chimp hap2,chr7_hap2_hsa8,active,1.64,0.3725
Chimp hap2,chr7_hap2_hsa8,active,1.54,0.373
Chimp hap2,chr7_hap2_hsa8,active,1.524,0.373
Chimp hap2,chr7_hap2_hsa8,active,1.584,0.377
Chimp hap2,chr7_hap2_hsa8,active,1.644,0.3735
Chimp hap2,chr7_hap2_hsa8,active,1.56,0.3745
Chimp hap2,chr7_hap2_hsa8,active,1.564,0.3755
Chimp hap2,chr7_hap2_hsa8,active,1.572,0.373
Chimp hap2,chr7_hap2_hsa8,active,1.488,0.3765
Chimp hap2,chr7_hap2_hsa8,active,1.468,0.3755
Chimp hap2,chr7_hap2_hsa8,active,1.624,0.375
Chimp hap2,chr7_hap2_hsa8,active,1.464,0.3765
Chimp hap2,chr7_hap2_hsa8,active,1.592,0.374
Chimp hap2,chr7_hap2_hsa8,active,1.572,0.3765
Chimp hap2,chr7_hap2_hsa8,active,1.556,0.377
Chimp hap2,chr7_hap2_hsa8,active,1.564,0.374
Chimp hap2,chr7_hap2_hsa8,active,1.508,0.3715
Chimp hap2,chr7_hap2_hsa8,active,1.644,0.3725
Chimp hap2,chr7_hap2_hsa8,active,1.496,0.374
Chimp hap2,chr7_hap2_hsa8,active,1.552,0.3745
Chimp hap2,chr7_hap2_hsa8,active,1.556,0.378
Chimp hap2,chr7_hap2_hsa8,active,1.436,0.376
Chimp hap2,chr7_hap2_hsa8,active,1.62,0.3745
Chimp hap2,chr7_hap2_hsa8,active,1.496,0.373
Chimp hap2,chr7_hap2_hsa8,active,1.476,0.3795
Chimp hap2,chr7_hap2_hsa8,active,1.564,0.3715
Chimp hap2,chr7_hap2_hsa8,active,1.556,0.374
Chimp hap2,chr7_hap2_hsa8,active,1.504,0.3775
Chimp hap2,chr7_hap2_hsa8,active,1.624,0.3745
Chimp hap2,chr7_hap2_hsa8,active,1.452,0.378
Chimp hap2,chr7_hap2_hsa8,active,1.608,0.375
Chimp hap2,chr7_hap2_hsa8,active,1.516,0.373
Chimp hap2,chr7_hap2_hsa8,active,1.504,0.3735
Chimp hap2,chr7_hap2_hsa8,active,1.656,0.3745
Chimp hap2,chr7_hap2_hsa8,active,1.428,0.3735
Chimp hap2,chr7_hap2_hsa8,active,1.616,0.376
Chimp hap2,chr7_hap2_hsa8,active,1.468,0.373
Chimp hap2,chr7_hap2_hsa8,active,1.56,0.3745
Chimp hap2,chr7_hap2_hsa8,active,1.628,0.378
Chimp hap2,chr7_hap2_hsa8,active,1.548,0.374
Chimp hap2,chr7_hap2_hsa8,active,1.564,0.374
Chimp hap2,chr7_hap2_hsa8,active,1.58,0.3755
Chimp hap2,chr7_hap2_hsa8,active,1.576,0.373
Chimp hap2,chr7_hap2_hsa8,active,1.48,0.376
Chimp hap2,chr7_hap2_hsa8,active,1.46,0.374
Chimp hap2,chr7_hap2_hsa8,active,1.628,0.375
Chimp hap2,chr7_hap2_hsa8,active,1.524,0.3745
Chimp hap2,chr7_hap2_hsa8,active,1.472,0.374
Chimp hap2,chr7_hap2_hsa8,active,1.508,0.3775
Chimp hap2,chr7_hap2_hsa8,active,1.56,0.3735
Chimp hap2,chr7_hap2_hsa8,active,1.572,0.373
Chimp hap2,chr7_hap2_hsa8,active,1.548,0.375
Chimp hap2,chr7_hap2_hsa8,active,1.552,0.3715
Chimp hap2,chr7_hap2_hsa8,active,1.508,0.3785
Chimp hap2,chr7_hap2_hsa8,active,1.56,0.374
Chimp hap2,chr7_hap2_hsa8,active,1.572,0.375
Chimp hap2,chr7_hap2_hsa8,active,1.484,0.3775
Chimp hap2,chr7_hap2_hsa8,active,1.62,0.3745
Chimp hap2,chr7_hap2_hsa8,active,1.516,0.3735
Chimp hap2,chr7_hap2_hsa8,active,1.564,0.3725
Chimp hap2,chr7_hap2_hsa8,active,1.596,0.3745
Chimp hap2,chr7_hap2_hsa8,active,1.488,0.375
Chimp hap2,chr7_hap2_hsa8,active,1.576,0.377
Chimp hap2,chr7_hap2_hsa8,active,1.548,0.375
Chimp hap2,chr7_hap2_hsa8,active,1.58,0.3755
Chimp hap2,chr7_hap2_hsa8,active,1.492,0.377
Chimp hap2,chr7_hap2_hsa8,active,1.612,0.3745
Chimp hap2,chr7_hap2_hsa8,active,1.5,0.3735
Chimp hap2,chr7_hap2_hsa8,active,1.464,0.377
Chimp hap2,chr7_hap2_hsa8,active,1.604,0.375
Chimp hap2,chr7_hap2_hsa8,active,1.504,0.3715
Chimp hap2,chr7_hap2_hsa8,active,1.532,0.3765
Chimp hap2,chr7_hap2_hsa8,active,1.592,0.3745
Chimp hap2,chr7_hap2_hsa8,active,1.532,0.3755
Chimp hap2,chr7_hap2_hsa8,active,1.54,0.3745
Chimp hap2,chr7_hap2_hsa8,active,1.544,0.3765
Chimp hap2,chr7_hap2_hsa8,active,1.476,0.3775
Chimp hap2,chr7_hap2_hsa8,active,1.644,0.3745
Chimp hap2,chr7_hap2_hsa8,active,1.576,0.37
Chimp hap2,chr7_hap2_hsa8,active,1.508,0.3735
Chimp hap2,chr7_hap2_hsa8,active,1.624,0.37
Chimp hap2,chr7_hap2_hsa8,active,1.62,0.3775
Chimp hap2,chr7_hap2_hsa8,active,1.56,0.377
Chimp hap2,chr7_hap2_hsa8,active,1.572,0.371
Chimp hap2,chr7_hap2_hsa8,active,1.752,0.378
Chimp hap2,chr7_hap2_hsa8,active,1.996,0.391
Chimp hap2,chr7_hap2_hsa8,active,1.868,0.3835
Chimp hap2,chr7_hap2_hsa8,active,1.764,0.3805
Chimp hap2,chr7_hap2_hsa8,active,1.76,0.3855
Chimp hap2,chr7_hap2_hsa8,active,1.712,0.3825
Chimp hap2,chr7_hap2_hsa8,active,1.564,0.388
Chimp hap2,chr7_hap2_hsa8,active,1.76,0.3835
Chimp hap2,chr7_hap2_hsa8,active,1.768,0.382
Chimp hap2,chr7_hap2_hsa8,active,1.78,0.377
Chimp hap2,chr7_hap2_hsa8,active,1.656,0.3835
Chimp hap2,chr7_hap2_hsa8,active,1.768,0.377
Chimp hap2,chr7_hap2_hsa8,active,1.644,0.3805
Chimp hap2,chr7_hap2_hsa8,active,1.724,0.3775
Chimp hap2,chr7_hap2_hsa8,active,1.66,0.382
Chimp hap2,chr7_hap2_hsa8,active,1.788,0.3795
Chimp hap2,chr7_hap2_hsa8,active,1.732,0.3785
Chimp hap2,chr7_hap2_hsa8,active,1.764,0.3835
Chimp hap2,chr7_hap2_hsa8,active,1.824,0.378
Chimp hap2,chr7_hap2_hsa8,active,1.684,0.3845
Chimp hap2,chr7_hap2_hsa8,active,1.74,0.381
Chimp hap2,chr7_hap2_hsa8,active,1.824,0.381
Chimp hap2,chr7_hap2_hsa8,active,1.68,0.382
Chimp hap2,chr7_hap2_hsa8,active,1.796,0.375
Chimp hap2,chr7_hap2_hsa8,active,1.688,0.3815
Chimp hap2,chr7_hap2_hsa8,active,1.744,0.3785
Chimp hap2,chr7_hap2_hsa8,active,1.756,0.38
Chimp hap2,chr7_hap2_hsa8,active,1.652,0.383
Chimp hap2,chr7_hap2_hsa8,active,1.804,0.377
Chimp hap2,chr7_hap2_hsa8,active,1.648,0.3825
Chimp hap2,chr7_hap2_hsa8,active,1.776,0.376
Chimp hap2,chr7_hap2_hsa8,active,1.808,0.3795
Chimp hap2,chr7_hap2_hsa8,active,1.768,0.3805
Chimp hap2,chr7_hap2_hsa8,active,1.74,0.3805
Chimp hap2,chr7_hap2_hsa8,active,1.828,0.384
Chimp hap2,chr7_hap2_hsa8,active,1.76,0.38
Chimp hap2,chr7_hap2_hsa8,active,1.776,0.3835
Chimp hap2,chr7_hap2_hsa8,active,1.676,0.3835
Chimp hap2,chr7_hap2_hsa8,active,1.708,0.39
Chimp hap2,chr7_hap2_hsa8,active,1.724,0.3835
Chimp hap2,chr7_hap2_hsa8,active,1.656,0.3815
Chimp hap2,chr7_hap2_hsa8,active,1.676,0.38
Chimp hap2,chr7_hap2_hsa8,active,1.752,0.38
Chimp hap2,chr7_hap2_hsa8,active,1.72,0.377
Chimp hap2,chr7_hap2_hsa8,active,1.732,0.3845
Chimp hap2,chr7_hap2_hsa8,active,1.564,0.382
Chimp hap2,chr7_hap2_hsa8,active,1.74,0.38
Chimp hap2,chr7_hap2_hsa8,active,1.568,0.3815
Chimp hap2,chr7_hap2_hsa8,active,1.656,0.385
Chimp hap2,chr7_hap2_hsa8,active,1.636,0.382
Chimp hap2,chr7_hap2_hsa8,active,1.672,0.3765
Chimp hap2,chr7_hap2_hsa8,active,1.628,0.3845
Chimp hap2,chr7_hap2_hsa8,active,1.708,0.381
Chimp hap2,chr7_hap2_hsa8,active,1.76,0.3795
Chimp hap2,chr7_hap2_hsa8,active,1.632,0.3785
Chimp hap2,chr7_hap2_hsa8,active,1.584,0.381
Chimp hap2,chr7_hap2_hsa8,active,1.704,0.384
Chimp hap2,chr7_hap2_hsa8,active,1.732,0.3805
Chimp hap2,chr7_hap2_hsa8,active,1.648,0.39
Chimp hap2,chr7_hap2_hsa8,active,1.74,0.3765
Chimp hap2,chr7_hap2_hsa8,active,1.632,0.3835
Chimp hap2,chr7_hap2_hsa8,active,1.716,0.3825
Chimp hap2,chr7_hap2_hsa8,active,1.656,0.3815
Chimp hap2,chr7_hap2_hsa8,active,1.792,0.385
Chimp hap2,chr7_hap2_hsa8,active,1.648,0.3835
Chimp hap2,chr7_hap2_hsa8,active,1.664,0.381
Chimp hap2,chr7_hap2_hsa8,active,1.756,0.3805
Chimp hap2,chr7_hap2_hsa8,active,1.752,0.383
Chimp hap2,chr7_hap2_hsa8,active,1.856,0.377
Chimp hap2,chr7_hap2_hsa8,active,1.84,0.3805
Chimp hap2,chr7_hap2_hsa8,active,1.64,0.3775
Chimp hap2,chr7_hap2_hsa8,active,1.86,0.3855
Chimp hap2,chr7_hap2_hsa8,active,1.768,0.384
Chimp hap2,chr7_hap2_hsa8,active,1.676,0.3825
Chimp hap2,chr7_hap2_hsa8,active,1.716,0.3835
Chimp hap2,chr7_hap2_hsa8,active,1.768,0.388
Chimp hap2,chr7_hap2_hsa8,active,1.724,0.3825
Chimp hap2,chr7_hap2_hsa8,active,1.676,0.383
Chimp hap2,chr7_hap2_hsa8,active,1.844,0.3785
Chimp hap2,chr7_hap2_hsa8,active,1.796,0.379
Chimp hap2,chr7_hap2_hsa8,active,1.776,0.384
Chimp hap2,chr7_hap2_hsa8,active,1.832,0.3795
Chimp hap2,chr7_hap2_hsa8,active,1.852,0.378
Chimp hap2,chr7_hap2_hsa8,active,1.94,0.386
Chimp hap2,chr7_hap2_hsa8,active,2.02,0.371
Chimp hap2,chr7_hap2_hsa8,active,2.028,0.375
Chimp hap2,chr7_hap2_hsa8,active,2.052,0.3735
Chimp hap2,chr7_hap2_hsa8,active,2.06,0.368
Chimp hap2,chr7_hap2_hsa8,active,2.096,0.3745
Chimp hap2,chr7_hap2_hsa8,active,2.036,0.373
Chimp hap2,chr7_hap2_hsa8,active,2.08,0.373
Chimp hap2,chr7_hap2_hsa8,active,2.008,0.372
Chimp hap2,chr7_hap2_hsa8,active,2.028,0.3705
Chimp hap2,chr7_hap2_hsa8,active,1.936,0.371
Chimp hap2,chr7_hap2_hsa8,active,1.964,0.368
Chimp hap2,chr7_hap2_hsa8,active,1.952,0.3735
Chimp hap2,chr7_hap2_hsa8,active,2.02,0.3735
Chimp hap2,chr7_hap2_hsa8,active,1.868,0.377
Chimp hap2,chr7_hap2_hsa8,inactive,2.064,0.3695
Chimp hap2,chr7_hap2_hsa8,inactive,2.048,0.371
Chimp hap2,chr7_hap2_hsa8,inactive,2.46,0.4755
Chimp hap2,chr7_hap2_hsa8,inactive,2.416,0.383
Chimp hap2,chr7_hap2_hsa8,inactive,2.46,0.391
Chimp hap2,chr7_hap2_hsa8,inactive,2.46,0.368
Chimp hap2,chr7_hap2_hsa8,inactive,2.028,0.355
Chimp hap2,chr7_hap2_hsa8,inactive,1.956,0.361
Chimp hap2,chr7_hap2_hsa8,inactive,1.924,0.3635
Chimp hap2,chr7_hap2_hsa8,inactive,2.028,0.3485
Chimp hap2,chr7_hap2_hsa8,inactive,1.9,0.345
Chimp hap2,chr7_hap2_hsa8,inactive,1.964,0.3565
Chimp hap2,chr7_hap2_hsa8,inactive,2.048,0.3685
Chimp hap2,chr7_hap2_hsa8,inactive,2.0,0.364
Chimp hap2,chr7_hap2_hsa8,inactive,2.004,0.3625
Chimp hap2,chr7_hap2_hsa8,inactive,1.804,0.3725
Chimp hap2,chr7_hap2_hsa8,inactive,2.06,0.3585
Chimp hap2,chr7_hap2_hsa8,inactive,1.972,0.354
Chimp hap2,chr7_hap2_hsa8,inactive,2.292,0.3645
Chimp hap2,chr7_hap2_hsa8,inactive,2.404,0.378
Chimp hap2,chr7_hap2_hsa8,inactive,1.944,0.346
Chimp hap2,chr7_hap2_hsa8,inactive,1.836,0.3535
Chimp hap2,chr7_hap2_hsa8,inactive,1.916,0.36
Chimp hap2,chr7_hap2_hsa8,inactive,1.872,0.357
Chimp hap2,chr7_hap2_hsa8,inactive,1.944,0.3535
Chimp hap2,chr7_hap2_hsa8,inactive,1.888,0.3575
Chimp hap2,chr7_hap2_hsa8,inactive,1.944,0.357
Chimp hap2,chr7_hap2_hsa8,inactive,1.932,0.353
Chimp hap2,chr7_hap2_hsa8,inactive,1.924,0.357
Chimp hap2,chr7_hap2_hsa8,inactive,1.948,0.345
Chimp hap2,chr7_hap2_hsa8,inactive,1.976,0.3575
Chimp hap2,chr7_hap2_hsa8,inactive,1.948,0.357
Chimp hap2,chr7_hap2_hsa8,inactive,1.928,0.357
Chimp hap2,chr7_hap2_hsa8,inactive,1.868,0.3575
Chimp hap2,chr7_hap2_hsa8,inactive,1.956,0.3585
Chimp hap2,chr7_hap2_hsa8,inactive,1.988,0.352
Chimp hap2,chr7_hap2_hsa8,inactive,1.936,0.3605
Chimp hap2,chr7_hap2_hsa8,inactive,1.908,0.359
Chimp hap2,chr7_hap2_hsa8,inactive,1.852,0.3545
Chimp hap2,chr7_hap2_hsa8,inactive,1.984,0.3565
Chimp hap2,chr7_hap2_hsa8,inactive,1.964,0.3605
Chimp hap2,chr7_hap2_hsa8,inactive,1.956,0.3575
Chimp hap2,chr7_hap2_hsa8,inactive,2.328,0.39
Chimp hap2,chr7_hap2_hsa8,inactive,2.424,0.3825
Chimp hap2,chr7_hap2_hsa8,inactive,1.908,0.3535
Chimp hap2,chr7_hap2_hsa8,inactive,1.96,0.361
Chimp hap2,chr7_hap2_hsa8,inactive,1.872,0.3535
Chimp hap2,chr7_hap2_hsa8,inactive,1.852,0.353
Chimp hap2,chr7_hap2_hsa8,inactive,1.84,0.3645
Gorilla pat,chr2_pat_hsa3,inactive,1.956,0.3485
Gorilla pat,chr2_pat_hsa3,inactive,2.008,0.351
Gorilla pat,chr2_pat_hsa3,inactive,1.964,0.3645
Gorilla pat,chr2_pat_hsa3,inactive,1.964,0.3465
Gorilla pat,chr2_pat_hsa3,inactive,2.044,0.3535
Gorilla pat,chr2_pat_hsa3,inactive,2.032,0.3475
Gorilla pat,chr2_pat_hsa3,inactive,1.964,0.358
Gorilla pat,chr2_pat_hsa3,inactive,2.04,0.35
Gorilla pat,chr2_pat_hsa3,inactive,2.0,0.349
Gorilla pat,chr2_pat_hsa3,inactive,2.076,0.355
Gorilla pat,chr2_pat_hsa3,inactive,1.96,0.359
Gorilla pat,chr2_pat_hsa3,inactive,1.976,0.3585
Gorilla pat,chr2_pat_hsa3,inactive,2.016,0.3545
Gorilla pat,chr2_pat_hsa3,inactive,1.996,0.3495
Gorilla pat,chr2_pat_hsa3,inactive,2.072,0.356
Gorilla pat,chr2_pat_hsa3,inactive,2.024,0.357
Gorilla pat,chr2_pat_hsa3,inactive,2.02,0.354
Gorilla pat,chr2_pat_hsa3,inactive,2.044,0.355
Gorilla pat,chr2_pat_hsa3,inactive,1.992,0.3545
Gorilla pat,chr2_pat_hsa3,inactive,1.996,0.3565
Gorilla pat,chr2_pat_hsa3,inactive,2.0,0.356
Gorilla pat,chr2_pat_hsa3,inactive,2.056,0.3425
Gorilla pat,chr2_pat_hsa3,inactive,1.988,0.353
Gorilla pat,chr2_pat_hsa3,inactive,2.012,0.3605
Gorilla pat,chr2_pat_hsa3,inactive,2.076,0.3575
Gorilla pat,chr2_pat_hsa3,inactive,2.064,0.352
Gorilla pat,chr2_pat_hsa3,inactive,1.988,0.3555
Gorilla pat,chr2_pat_hsa3,inactive,2.424,0.3815
Gorilla pat,chr2_pat_hsa3,inactive,2.22,0.3545
Gorilla pat,chr2_pat_hsa3,inactive,1.98,0.348
Gorilla pat,chr2_pat_hsa3,inactive,2.024,0.352
Gorilla pat,chr2_pat_hsa3,inactive,2.068,0.358
Gorilla pat,chr2_pat_hsa3,inactive,1.744,0.3465
Gorilla pat,chr2_pat_hsa3,inactive,2.028,0.361
Gorilla pat,chr2_pat_hsa3,inactive,2.016,0.349
Gorilla pat,chr2_pat_hsa3,inactive,2.02,0.355
Gorilla pat,chr2_pat_hsa3,inactive,2.004,0.358
Gorilla pat,chr2_pat_hsa3,inactive,1.98,0.361
Gorilla pat,chr2_pat_hsa3,inactive,2.06,0.3495
Gorilla pat,chr2_pat_hsa3,inactive,1.956,0.3565
Gorilla pat,chr2_pat_hsa3,inactive,2.044,0.352
Gorilla pat,chr2_pat_hsa3,inactive,2.02,0.3565
Gorilla pat,chr2_pat_hsa3,inactive,1.928,0.352
Gorilla pat,chr2_pat_hsa3,inactive,2.216,0.3525
Gorilla pat,chr2_pat_hsa3,inactive,2.444,0.3835
Gorilla pat,chr2_pat_hsa3,inactive,2.072,0.346
Gorilla pat,chr2_pat_hsa3,inactive,1.98,0.356
Gorilla pat,chr2_pat_hsa3,inactive,1.984,0.3495
Gorilla pat,chr2_pat_hsa3,inactive,1.972,0.3505
Gorilla pat,chr2_pat_hsa3,inactive,1.96,0.3655
Gorilla pat,chr2_pat_hsa3,inactive,1.964,0.364
Gorilla pat,chr2_pat_hsa3,inactive,1.968,0.3585
Gorilla pat,chr2_pat_hsa3,inactive,2.016,0.3565
Gorilla pat,chr2_pat_hsa3,inactive,2.02,0.3525
Gorilla pat,chr2_pat_hsa3,inactive,2.0,0.349
Gorilla pat,chr2_pat_hsa3,inactive,2.072,0.36
Gorilla pat,chr2_pat_hsa3,inactive,2.024,0.3525
Gorilla pat,chr2_pat_hsa3,inactive,2.068,0.3515
Gorilla pat,chr2_pat_hsa3,inactive,2.052,0.344
Gorilla pat,chr2_pat_hsa3,inactive,2.068,0.355
Gorilla pat,chr2_pat_hsa3,inactive,2.06,0.361
Gorilla pat,chr2_pat_hsa3,inactive,1.992,0.3625
Gorilla pat,chr2_pat_hsa3,inactive,2.012,0.3555
Gorilla pat,chr2_pat_hsa3,inactive,2.056,0.3545
Gorilla pat,chr2_pat_hsa3,inactive,2.024,0.347
Gorilla pat,chr2_pat_hsa3,inactive,2.024,0.3475
Gorilla pat,chr2_pat_hsa3,inactive,1.992,0.365
Gorilla pat,chr2_pat_hsa3,inactive,1.94,0.3535
Gorilla pat,chr2_pat_hsa3,inactive,1.972,0.353
Gorilla pat,chr2_pat_hsa3,inactive,2.004,0.3585
Gorilla pat,chr2_pat_hsa3,inactive,1.984,0.3565
Gorilla pat,chr2_pat_hsa3,inactive,2.024,0.3525
Gorilla pat,chr2_pat_hsa3,inactive,2.068,0.353
Gorilla pat,chr2_pat_hsa3,inactive,2.02,0.356
Gorilla pat,chr2_pat_hsa3,inactive,2.072,0.3525
Gorilla pat,chr2_pat_hsa3,inactive,2.056,0.3455
Gorilla pat,chr2_pat_hsa3,inactive,1.96,0.365
Gorilla pat,chr2_pat_hsa3,inactive,2.072,0.3495
Gorilla pat,chr2_pat_hsa3,inactive,1.956,0.3555
Gorilla pat,chr2_pat_hsa3,inactive,1.916,0.3565
Gorilla pat,chr2_pat_hsa3,inactive,1.996,0.3535
Gorilla pat,chr2_pat_hsa3,inactive,1.968,0.3575
Gorilla pat,chr2_pat_hsa3,inactive,1.996,0.356
Gorilla pat,chr2_pat_hsa3,inactive,2.02,0.358
Gorilla pat,chr2_pat_hsa3,inactive,1.884,0.3575
Gorilla pat,chr2_pat_hsa3,inactive,1.992,0.355
Gorilla pat,chr2_pat_hsa3,inactive,1.988,0.3545
Gorilla pat,chr2_pat_hsa3,inactive,1.992,0.359
Gorilla pat,chr2_pat_hsa3,inactive,1.96,0.3575
Gorilla pat,chr2_pat_hsa3,inactive,1.96,0.3545
Gorilla pat,chr2_pat_hsa3,inactive,1.976,0.3555
Gorilla pat,chr2_pat_hsa3,inactive,2.02,0.3575
Gorilla pat,chr2_pat_hsa3,inactive,1.976,0.36
Gorilla pat,chr2_pat_hsa3,inactive,1.912,0.357
Gorilla pat,chr2_pat_hsa3,inactive,2.012,0.3545
Gorilla pat,chr2_pat_hsa3,inactive,1.968,0.356
Gorilla pat,chr2_pat_hsa3,inactive,1.968,0.355
Gorilla pat,chr2_pat_hsa3,inactive,1.992,0.355
Gorilla pat,chr2_pat_hsa3,inactive,1.996,0.3615
Gorilla pat,chr2_pat_hsa3,inactive,1.94,0.3565
Gorilla pat,chr2_pat_hsa3,inactive,1.976,0.3545
Gorilla pat,chr2_pat_hsa3,inactive,1.984,0.357
Gorilla pat,chr2_pat_hsa3,inactive,1.948,0.3615
Gorilla pat,chr2_pat_hsa3,inactive,2.184,0.3885
Gorilla pat,chr2_pat_hsa3,inactive,2.108,0.357
Gorilla pat,chr2_pat_hsa3,inactive,2.064,0.361
Gorilla pat,chr2_pat_hsa3,inactive,1.94,0.3525
Gorilla pat,chr2_pat_hsa3,inactive,1.988,0.352
Gorilla pat,chr2_pat_hsa3,inactive,2.08,0.3915
Gorilla pat,chr2_pat_hsa3,inactive,2.064,0.3595
Gorilla pat,chr2_pat_hsa3,inactive,2.072,0.3595
Gorilla pat,chr2_pat_hsa3,inactive,2.028,0.3545
Gorilla pat,chr2_pat_hsa3,inactive,2.004,0.3495
Gorilla pat,chr2_pat_hsa3,inactive,1.968,0.353
Gorilla pat,chr2_pat_hsa3,inactive,1.992,0.3655
Gorilla pat,chr2_pat_hsa3,inactive,2.008,0.3565
Gorilla pat,chr2_pat_hsa3,inactive,1.984,0.353
Gorilla pat,chr2_pat_hsa3,inactive,2.024,0.343
Gorilla pat,chr2_pat_hsa3,inactive,1.884,0.353
Gorilla pat,chr2_pat_hsa3,inactive,2.056,0.357
Gorilla pat,chr2_pat_hsa3,inactive,1.936,0.358
Gorilla pat,chr2_pat_hsa3,inactive,1.964,0.3655
Gorilla pat,chr2_pat_hsa3,inactive,2.004,0.362
Gorilla pat,chr2_pat_hsa3,inactive,2.024,0.361
Gorilla pat,chr2_pat_hsa3,inactive,2.004,0.3575
Gorilla pat,chr2_pat_hsa3,inactive,2.3,0.362
Gorilla pat,chr2_pat_hsa3,inactive,2.176,0.354
Gorilla pat,chr2_pat_hsa3,inactive,2.06,0.361
Gorilla pat,chr2_pat_hsa3,inactive,2.028,0.361
Gorilla pat,chr2_pat_hsa3,inactive,1.972,0.358
Gorilla pat,chr2_pat_hsa3,inactive,1.98,0.3505
Gorilla pat,chr2_pat_hsa3,inactive,2.024,0.355
Gorilla pat,chr2_pat_hsa3,inactive,2.044,0.358
Gorilla pat,chr2_pat_hsa3,inactive,1.968,0.3555
Gorilla pat,chr2_pat_hsa3,inactive,1.928,0.3605
Gorilla pat,chr2_pat_hsa3,inactive,2.032,0.351
Gorilla pat,chr2_pat_hsa3,inactive,2.46,0.39
Gorilla pat,chr2_pat_hsa3,inactive,2.052,0.3525
Gorilla pat,chr2_pat_hsa3,inactive,1.996,0.3535
Gorilla pat,chr2_pat_hsa3,inactive,1.996,0.3525
Gorilla pat,chr2_pat_hsa3,inactive,2.044,0.3515
Gorilla pat,chr2_pat_hsa3,inactive,1.932,0.362
Gorilla pat,chr2_pat_hsa3,inactive,1.816,0.3555
Gorilla pat,chr2_pat_hsa3,inactive,2.008,0.359
Gorilla pat,chr2_pat_hsa3,inactive,2.02,0.363
Gorilla pat,chr2_pat_hsa3,inactive,2.004,0.3585
Gorilla pat,chr2_pat_hsa3,inactive,2.032,0.357
Gorilla pat,chr2_pat_hsa3,inactive,1.74,0.3555
Gorilla pat,chr2_pat_hsa3,inactive,1.916,0.356
Gorilla pat,chr2_pat_hsa3,inactive,1.972,0.3535
Gorilla pat,chr2_pat_hsa3,inactive,1.984,0.3515
Gorilla pat,chr2_pat_hsa3,inactive,1.928,0.348
Gorilla pat,chr2_pat_hsa3,inactive,1.892,0.353
Gorilla pat,chr2_pat_hsa3,inactive,1.94,0.3525
Gorilla pat,chr2_pat_hsa3,inactive,1.924,0.348
Gorilla pat,chr2_pat_hsa3,inactive,1.864,0.3515
Gorilla pat,chr2_pat_hsa3,inactive,1.932,0.349
Gorilla pat,chr2_pat_hsa3,inactive,1.892,0.352
Gorilla pat,chr2_pat_hsa3,inactive,1.924,0.351
Gorilla pat,chr2_pat_hsa3,inactive,1.932,0.354
Gorilla pat,chr2_pat_hsa3,inactive,1.948,0.3495
Gorilla pat,chr2_pat_hsa3,inactive,1.824,0.343
Gorilla pat,chr2_pat_hsa3,inactive,1.888,0.348
Gorilla pat,chr2_pat_hsa3,inactive,2.224,0.368
Gorilla pat,chr2_pat_hsa3,inactive,1.892,0.357
Gorilla pat,chr2_pat_hsa3,inactive,1.952,0.3615
Gorilla pat,chr2_pat_hsa3,inactive,1.856,0.3575
Gorilla pat,chr2_pat_hsa3,inactive,2.024,0.3495
Gorilla pat,chr2_pat_hsa3,inactive,1.988,0.36
Gorilla pat,chr2_pat_hsa3,inactive,1.948,0.3585
Gorilla pat,chr2_pat_hsa3,inactive,1.88,0.366
Gorilla pat,chr2_pat_hsa3,inactive,1.98,0.365
Gorilla pat,chr2_pat_hsa3,inactive,2.008,0.3705
Gorilla pat,chr2_pat_hsa3,inactive,2.052,0.3765
Gorilla pat,chr2_pat_hsa3,active,1.82,0.376
Gorilla pat,chr2_pat_hsa3,active,1.872,0.37
Gorilla pat,chr2_pat_hsa3,active,1.836,0.375
Gorilla pat,chr2_pat_hsa3,active,1.832,0.379
Gorilla pat,chr2_pat_hsa3,active,1.84,0.3755
Gorilla pat,chr2_pat_hsa3,active,1.86,0.3745
Gorilla pat,chr2_pat_hsa3,active,1.84,0.375
Gorilla pat,chr2_pat_hsa3,active,1.848,0.3725
Gorilla pat,chr2_pat_hsa3,active,1.82,0.3775
Gorilla pat,chr2_pat_hsa3,active,1.868,0.374
Gorilla pat,chr2_pat_hsa3,active,1.876,0.381
Gorilla pat,chr2_pat_hsa3,active,1.916,0.3755
Gorilla pat,chr2_pat_hsa3,active,1.88,0.3645
Gorilla pat,chr2_pat_hsa3,active,1.884,0.3775
Gorilla pat,chr2_pat_hsa3,active,1.912,0.3765
Gorilla pat,chr2_pat_hsa3,active,1.904,0.3765
Gorilla pat,chr2_pat_hsa3,active,1.88,0.3745
Gorilla pat,chr2_pat_hsa3,active,1.884,0.375
Gorilla pat,chr2_pat_hsa3,active,1.844,0.3845
Gorilla pat,chr2_pat_hsa3,active,1.856,0.375
Gorilla pat,chr2_pat_hsa3,active,1.876,0.3755
Gorilla pat,chr2_pat_hsa3,active,1.952,0.381
Gorilla pat,chr2_pat_hsa3,active,1.824,0.3745
Gorilla pat,chr2_pat_hsa3,active,1.924,0.38
Gorilla pat,chr2_pat_hsa3,active,1.928,0.38
Gorilla pat,chr2_pat_hsa3,active,1.812,0.376
Gorilla pat,chr2_pat_hsa3,active,1.988,0.3815
Gorilla pat,chr2_pat_hsa3,active,1.972,0.368
Gorilla pat,chr2_pat_hsa3,active,1.952,0.381
Gorilla pat,chr2_pat_hsa3,active,1.76,0.3855
Gorilla pat,chr2_pat_hsa3,active,1.764,0.3985
Gorilla pat,chr2_pat_hsa3,active,1.732,0.3975
Gorilla pat,chr2_pat_hsa3,active,1.684,0.39
Gorilla pat,chr2_pat_hsa3,active,1.748,0.398
Gorilla pat,chr2_pat_hsa3,active,1.832,0.395
Gorilla pat,chr2_pat_hsa3,active,1.8,0.395
Gorilla pat,chr2_pat_hsa3,active,1.744,0.3945
Gorilla pat,chr2_pat_hsa3,active,1.588,0.3885
Gorilla pat,chr2_pat_hsa3,active,1.768,0.3815
Gorilla pat,chr2_pat_hsa3,active,1.792,0.388
Gorilla pat,chr2_pat_hsa3,active,1.852,0.3935
Gorilla pat,chr2_pat_hsa3,active,1.872,0.3895
Gorilla pat,chr2_pat_hsa3,active,1.88,0.392
Gorilla pat,chr2_pat_hsa3,active,1.86,0.389
Gorilla pat,chr2_pat_hsa3,active,1.888,0.3925
Gorilla pat,chr2_pat_hsa3,active,1.928,0.39
Gorilla pat,chr2_pat_hsa3,active,1.808,0.391
Gorilla pat,chr2_pat_hsa3,active,1.912,0.395
Gorilla pat,chr2_pat_hsa3,active,1.86,0.393
Gorilla pat,chr2_pat_hsa3,active,1.848,0.3975
Gorilla pat,chr2_pat_hsa3,active,1.724,0.382
Gorilla pat,chr2_pat_hsa3,active,1.812,0.3905
Gorilla pat,chr2_pat_hsa3,active,1.848,0.389
Gorilla pat,chr2_pat_hsa3,active,1.764,0.3905
Gorilla pat,chr2_pat_hsa3,active,1.824,0.387
Gorilla pat,chr2_pat_hsa3,active,1.752,0.3865
Gorilla pat,chr2_pat_hsa3,active,1.78,0.393
Gorilla pat,chr2_pat_hsa3,active,1.844,0.388
Gorilla pat,chr2_pat_hsa3,active,1.764,0.3895
Gorilla pat,chr2_pat_hsa3,active,1.744,0.388
Gorilla pat,chr2_pat_hsa3,active,1.724,0.386
Gorilla pat,chr2_pat_hsa3,active,1.904,0.3915
Gorilla pat,chr2_pat_hsa3,active,1.724,0.3955
Gorilla pat,chr2_pat_hsa3,active,1.892,0.395
Gorilla pat,chr2_pat_hsa3,active,1.764,0.394
Gorilla pat,chr2_pat_hsa3,active,1.844,0.3885
Gorilla pat,chr2_pat_hsa3,active,1.9,0.3885
Gorilla pat,chr2_pat_hsa3,active,1.844,0.3925
Gorilla pat,chr2_pat_hsa3,active,1.82,0.393
Gorilla pat,chr2_pat_hsa3,active,1.792,0.395
Gorilla pat,chr2_pat_hsa3,active,1.816,0.3895
Gorilla pat,chr2_pat_hsa3,active,1.848,0.3935
Gorilla pat,chr2_pat_hsa3,active,1.852,0.3915
Gorilla pat,chr2_pat_hsa3,active,1.872,0.4045
Gorilla pat,chr2_pat_hsa3,active,1.82,0.3905
Gorilla pat,chr2_pat_hsa3,active,1.884,0.39
Gorilla pat,chr2_pat_hsa3,active,1.852,0.393
Gorilla pat,chr2_pat_hsa3,active,1.892,0.384
Gorilla pat,chr2_pat_hsa3,active,1.828,0.386
Gorilla pat,chr2_pat_hsa3,active,1.852,0.3945
Gorilla pat,chr2_pat_hsa3,active,1.836,0.3885
Gorilla pat,chr2_pat_hsa3,active,1.836,0.3925
Gorilla pat,chr2_pat_hsa3,active,1.86,0.39
Gorilla pat,chr2_pat_hsa3,active,1.84,0.3915
Gorilla pat,chr2_pat_hsa3,active,1.908,0.384
Gorilla pat,chr2_pat_hsa3,active,1.84,0.39
Gorilla pat,chr2_pat_hsa3,active,1.848,0.393
Gorilla pat,chr2_pat_hsa3,active,1.904,0.3845
Gorilla pat,chr2_pat_hsa3,active,1.844,0.3885
Gorilla pat,chr2_pat_hsa3,active,1.856,0.393
Gorilla pat,chr2_pat_hsa3,active,1.884,0.385
Gorilla pat,chr2_pat_hsa3,active,1.852,0.3875
Gorilla pat,chr2_pat_hsa3,active,1.872,0.3915
Gorilla pat,chr2_pat_hsa3,active,1.896,0.385
Gorilla pat,chr2_pat_hsa3,active,1.844,0.3895
Gorilla pat,chr2_pat_hsa3,active,1.832,0.3925
Gorilla pat,chr2_pat_hsa3,active,1.9,0.384
Gorilla pat,chr2_pat_hsa3,active,1.868,0.389
Gorilla pat,chr2_pat_hsa3,active,1.86,0.392
Gorilla pat,chr2_pat_hsa3,active,1.928,0.385
Gorilla pat,chr2_pat_hsa3,active,1.872,0.388
Gorilla pat,chr2_pat_hsa3,active,1.84,0.3925
Gorilla pat,chr2_pat_hsa3,active,1.892,0.387
Gorilla pat,chr2_pat_hsa3,active,1.88,0.391
Gorilla pat,chr2_pat_hsa3,active,1.784,0.39
Gorilla pat,chr2_pat_hsa3,active,1.88,0.384
Gorilla pat,chr2_pat_hsa3,active,1.796,0.3925
Gorilla pat,chr2_pat_hsa3,active,1.828,0.3945
Gorilla pat,chr2_pat_hsa3,active,1.752,0.3955
Gorilla pat,chr2_pat_hsa3,active,1.76,0.3905
Gorilla pat,chr2_pat_hsa3,active,1.792,0.3865
Gorilla pat,chr2_pat_hsa3,active,1.792,0.391
Gorilla pat,chr2_pat_hsa3,active,1.836,0.393
Gorilla pat,chr2_pat_hsa3,active,1.812,0.395
Gorilla pat,chr2_pat_hsa3,active,1.816,0.39
Gorilla pat,chr2_pat_hsa3,active,1.796,0.3995
Gorilla pat,chr2_pat_hsa3,active,1.804,0.3975
Gorilla pat,chr2_pat_hsa3,active,1.844,0.387
Gorilla pat,chr2_pat_hsa3,active,1.732,0.3945
Gorilla pat,chr2_pat_hsa3,active,1.768,0.3975
Gorilla pat,chr2_pat_hsa3,active,1.748,0.396
Gorilla pat,chr2_pat_hsa3,active,1.812,0.385
Gorilla pat,chr2_pat_hsa3,active,1.828,0.394
Gorilla pat,chr2_pat_hsa3,active,1.816,0.3905
Gorilla pat,chr2_pat_hsa3,active,1.748,0.391
Gorilla pat,chr2_pat_hsa3,active,1.876,0.398
Gorilla pat,chr2_pat_hsa3,active,1.832,0.3965
Gorilla pat,chr2_pat_hsa3,active,1.856,0.387
Gorilla pat,chr2_pat_hsa3,active,1.868,0.394
Gorilla pat,chr2_pat_hsa3,active,1.772,0.3895
Gorilla pat,chr2_pat_hsa3,active,1.904,0.39
Gorilla pat,chr2_pat_hsa3,active,1.656,0.396
Gorilla pat,chr2_pat_hsa3,active,1.724,0.394
Gorilla pat,chr2_pat_hsa3,active,1.772,0.3965
Gorilla pat,chr2_pat_hsa3,active,1.824,0.395
Gorilla pat,chr2_pat_hsa3,active,1.796,0.391
Gorilla pat,chr2_pat_hsa3,active,1.748,0.397
Gorilla pat,chr2_pat_hsa3,active,1.824,0.3925
Gorilla pat,chr2_pat_hsa3,active,1.716,0.394
Gorilla pat,chr2_pat_hsa3,active,1.652,0.3995
Gorilla pat,chr2_pat_hsa3,active,1.748,0.391
Gorilla pat,chr2_pat_hsa3,active,1.812,0.395
Gorilla pat,chr2_pat_hsa3,active,1.804,0.391
Gorilla pat,chr2_pat_hsa3,active,1.756,0.3885
Gorilla pat,chr2_pat_hsa3,active,1.72,0.3885
Gorilla pat,chr2_pat_hsa3,active,1.792,0.3885
Gorilla pat,chr2_pat_hsa3,active,1.804,0.391
Gorilla pat,chr2_pat_hsa3,active,1.768,0.387
Gorilla pat,chr2_pat_hsa3,active,1.7,0.391
Gorilla pat,chr2_pat_hsa3,active,1.716,0.387
Gorilla pat,chr2_pat_hsa3,active,1.716,0.386
Gorilla pat,chr2_pat_hsa3,active,1.684,0.3835
Gorilla pat,chr2_pat_hsa3,active,1.644,0.392
Gorilla pat,chr2_pat_hsa3,active,1.74,0.3875
Gorilla pat,chr2_pat_hsa3,active,1.652,0.3895
Gorilla pat,chr2_pat_hsa3,active,1.7,0.3865
Gorilla pat,chr2_pat_hsa3,active,1.728,0.3885
Gorilla pat,chr2_pat_hsa3,active,1.68,0.389
Gorilla pat,chr2_pat_hsa3,active,1.724,0.387
Gorilla pat,chr2_pat_hsa3,active,1.74,0.3905
Gorilla pat,chr2_pat_hsa3,active,1.82,0.389
Gorilla pat,chr2_pat_hsa3,active,1.884,0.3925
Gorilla pat,chr2_pat_hsa3,active,1.776,0.395
Gorilla pat,chr2_pat_hsa3,active,1.808,0.392
Gorilla pat,chr2_pat_hsa3,active,1.78,0.394
Gorilla pat,chr2_pat_hsa3,active,1.74,0.387
Gorilla pat,chr2_pat_hsa3,active,1.744,0.3915
Gorilla pat,chr2_pat_hsa3,active,1.852,0.395
Gorilla pat,chr2_pat_hsa3,active,1.824,0.389
Gorilla pat,chr2_pat_hsa3,active,1.872,0.395
Gorilla pat,chr2_pat_hsa3,active,1.824,0.397
Gorilla pat,chr2_pat_hsa3,active,1.736,0.3965
Gorilla pat,chr2_pat_hsa3,active,1.772,0.395
Gorilla pat,chr2_pat_hsa3,active,1.716,0.392
Gorilla pat,chr2_pat_hsa3,active,1.816,0.3985
Gorilla pat,chr2_pat_hsa3,active,1.76,0.3935
Gorilla pat,chr2_pat_hsa3,active,1.816,0.391
Gorilla pat,chr2_pat_hsa3,active,1.728,0.3915
Gorilla pat,chr2_pat_hsa3,active,1.82,0.3955
Gorilla pat,chr2_pat_hsa3,active,1.736,0.399
Gorilla pat,chr2_pat_hsa3,active,1.856,0.3925
Gorilla pat,chr2_pat_hsa3,active,1.816,0.3925
Gorilla pat,chr2_pat_hsa3,active,1.784,0.397
Gorilla pat,chr2_pat_hsa3,active,1.808,0.3965
Gorilla pat,chr2_pat_hsa3,active,1.748,0.3895
Gorilla pat,chr2_pat_hsa3,active,1.704,0.4005
Gorilla pat,chr2_pat_hsa3,active,1.708,0.391
Gorilla pat,chr2_pat_hsa3,active,1.816,0.3935
Gorilla pat,chr2_pat_hsa3,active,1.804,0.3855
Gorilla pat,chr2_pat_hsa3,active,1.728,0.395
Gorilla pat,chr2_pat_hsa3,active,1.716,0.3925
Gorilla pat,chr2_pat_hsa3,active,1.828,0.395
Gorilla pat,chr2_pat_hsa3,active,1.784,0.389
Gorilla pat,chr2_pat_hsa3,active,1.704,0.394
Gorilla pat,chr2_pat_hsa3,active,1.708,0.3925
Gorilla pat,chr2_pat_hsa3,active,1.84,0.393
Gorilla pat,chr2_pat_hsa3,active,1.8,0.387
Gorilla pat,chr2_pat_hsa3,active,1.812,0.386
Gorilla pat,chr2_pat_hsa3,active,1.684,0.39
Gorilla pat,chr2_pat_hsa3,active,1.708,0.391
Gorilla pat,chr2_pat_hsa3,active,1.648,0.39
Gorilla pat,chr2_pat_hsa3,active,1.736,0.388
Gorilla pat,chr2_pat_hsa3,active,1.716,0.3915
Gorilla pat,chr2_pat_hsa3,active,1.632,0.383
Gorilla pat,chr2_pat_hsa3,active,1.636,0.3875
Gorilla pat,chr2_pat_hsa3,active,1.704,0.3855
Gorilla pat,chr2_pat_hsa3,active,1.7,0.384
Gorilla pat,chr2_pat_hsa3,active,1.692,0.387
Gorilla pat,chr2_pat_hsa3,active,1.744,0.391
Gorilla pat,chr2_pat_hsa3,active,1.656,0.391
Gorilla pat,chr2_pat_hsa3,active,1.636,0.389
Gorilla pat,chr2_pat_hsa3,active,1.668,0.3875
Gorilla pat,chr2_pat_hsa3,active,1.652,0.3865
Gorilla pat,chr2_pat_hsa3,active,1.608,0.3905
Gorilla pat,chr2_pat_hsa3,active,1.6,0.391
Gorilla pat,chr2_pat_hsa3,active,1.588,0.3945
Gorilla pat,chr2_pat_hsa3,active,1.556,0.387
Gorilla pat,chr2_pat_hsa3,active,1.78,0.3865
Gorilla pat,chr2_pat_hsa3,active,1.632,0.39
Gorilla pat,chr2_pat_hsa3,active,1.592,0.392
Gorilla pat,chr2_pat_hsa3,active,1.616,0.384
Gorilla pat,chr2_pat_hsa3,active,1.748,0.388
Gorilla pat,chr2_pat_hsa3,active,1.628,0.3885
Gorilla pat,chr2_pat_hsa3,active,1.576,0.3935
Gorilla pat,chr2_pat_hsa3,active,1.5,0.3905
Gorilla pat,chr2_pat_hsa3,active,1.66,0.395
Gorilla pat,chr2_pat_hsa3,active,1.692,0.3885
Gorilla pat,chr2_pat_hsa3,active,1.42,0.393
Gorilla pat,chr2_pat_hsa3,active,1.684,0.395
Gorilla pat,chr2_pat_hsa3,active,1.488,0.3935
Gorilla pat,chr2_pat_hsa3,active,1.588,0.393
Gorilla pat,chr2_pat_hsa3,active,1.716,0.388
Gorilla pat,chr2_pat_hsa3,active,1.52,0.3905
Gorilla pat,chr2_pat_hsa3,active,1.648,0.3975
Gorilla pat,chr2_pat_hsa3,active,1.644,0.394
Gorilla pat,chr2_pat_hsa3,active,1.692,0.39
Gorilla pat,chr2_pat_hsa3,active,1.4,0.393
Gorilla pat,chr2_pat_hsa3,active,1.664,0.394
Gorilla pat,chr2_pat_hsa3,active,1.648,0.391
Gorilla pat,chr2_pat_hsa3,active,1.54,0.39
Gorilla pat,chr2_pat_hsa3,active,1.528,0.3915
Gorilla pat,chr2_pat_hsa3,active,1.728,0.396
Gorilla pat,chr2_pat_hsa3,active,1.68,0.39
Gorilla pat,chr2_pat_hsa3,active,1.592,0.3925
Gorilla pat,chr2_pat_hsa3,active,1.636,0.3935
Gorilla pat,chr2_pat_hsa3,active,1.668,0.389
Gorilla pat,chr2_pat_hsa3,active,1.68,0.388
Gorilla pat,chr2_pat_hsa3,active,1.616,0.391
Gorilla pat,chr2_pat_hsa3,active,1.652,0.389
Gorilla pat,chr2_pat_hsa3,active,1.608,0.393
Gorilla pat,chr2_pat_hsa3,active,1.648,0.3825
Gorilla pat,chr2_pat_hsa3,active,1.724,0.3875
Gorilla pat,chr2_pat_hsa3,active,1.648,0.386
Gorilla pat,chr2_pat_hsa3,active,1.636,0.393
Gorilla pat,chr2_pat_hsa3,active,1.564,0.3925
Gorilla pat,chr2_pat_hsa3,active,1.508,0.395
Gorilla pat,chr2_pat_hsa3,active,1.652,0.3935
Gorilla pat,chr2_pat_hsa3,active,1.704,0.388
Gorilla pat,chr2_pat_hsa3,active,1.424,0.3945
Gorilla pat,chr2_pat_hsa3,active,1.64,0.393
Gorilla pat,chr2_pat_hsa3,active,1.616,0.392
Gorilla pat,chr2_pat_hsa3,active,1.576,0.3885
Gorilla pat,chr2_pat_hsa3,active,1.572,0.3885
Gorilla pat,chr2_pat_hsa3,active,1.752,0.3855
Gorilla pat,chr2_pat_hsa3,active,1.664,0.386
Gorilla pat,chr2_pat_hsa3,active,1.668,0.3935
Gorilla pat,chr2_pat_hsa3,active,1.548,0.391
Gorilla pat,chr2_pat_hsa3,active,1.528,0.3955
Gorilla pat,chr2_pat_hsa3,active,1.624,0.393
Gorilla pat,chr2_pat_hsa3,active,1.696,0.3905
Gorilla pat,chr2_pat_hsa3,active,1.464,0.39
Gorilla pat,chr2_pat_hsa3,active,1.628,0.396
Gorilla pat,chr2_pat_hsa3,active,1.644,0.391
Gorilla pat,chr2_pat_hsa3,active,1.664,0.3885
Gorilla pat,chr2_pat_hsa3,active,1.52,0.3935
Gorilla pat,chr2_pat_hsa3,active,1.596,0.3945
Gorilla pat,chr2_pat_hsa3,active,1.672,0.3875
Gorilla pat,chr2_pat_hsa3,active,1.54,0.3955
Gorilla pat,chr2_pat_hsa3,active,1.592,0.393
Gorilla pat,chr2_pat_hsa3,active,1.608,0.3925
Gorilla pat,chr2_pat_hsa3,active,1.72,0.384
Gorilla pat,chr2_pat_hsa3,active,1.62,0.393
Gorilla pat,chr2_pat_hsa3,active,1.68,0.3885
Gorilla pat,chr2_pat_hsa3,active,1.692,0.387
Gorilla pat,chr2_pat_hsa3,active,1.644,0.388
Gorilla pat,chr2_pat_hsa3,active,1.648,0.3885
Gorilla pat,chr2_pat_hsa3,active,1.632,0.388
Gorilla pat,chr2_pat_hsa3,active,1.592,0.3905
Gorilla pat,chr2_pat_hsa3,active,1.724,0.3905
Gorilla pat,chr2_pat_hsa3,active,1.664,0.3845
Gorilla pat,chr2_pat_hsa3,active,1.64,0.39
Gorilla pat,chr2_pat_hsa3,active,1.528,0.388
Gorilla pat,chr2_pat_hsa3,active,1.66,0.394
Gorilla pat,chr2_pat_hsa3,active,1.664,0.39
Gorilla pat,chr2_pat_hsa3,active,1.44,0.395
Gorilla pat,chr2_pat_hsa3,active,1.652,0.392
Gorilla pat,chr2_pat_hsa3,active,1.616,0.391
Gorilla pat,chr2_pat_hsa3,active,1.476,0.3895
Gorilla pat,chr2_pat_hsa3,active,1.628,0.3975
Gorilla pat,chr2_pat_hsa3,active,1.648,0.3895
Gorilla pat,chr2_pat_hsa3,active,1.652,0.3915
Gorilla pat,chr2_pat_hsa3,active,1.472,0.394
Gorilla pat,chr2_pat_hsa3,active,1.66,0.3935
Gorilla pat,chr2_pat_hsa3,active,1.688,0.392
Gorilla pat,chr2_pat_hsa3,active,1.588,0.3865
Gorilla pat,chr2_pat_hsa3,active,1.516,0.3935
Gorilla pat,chr2_pat_hsa3,active,1.52,0.3925
Gorilla pat,chr2_pat_hsa3,active,1.704,0.3925
Gorilla pat,chr2_pat_hsa3,active,1.544,0.389
Gorilla pat,chr2_pat_hsa3,active,1.544,0.397
Gorilla pat,chr2_pat_hsa3,active,1.612,0.3915
Gorilla pat,chr2_pat_hsa3,active,1.72,0.384
Gorilla pat,chr2_pat_hsa3,active,1.628,0.3905
Gorilla pat,chr2_pat_hsa3,active,1.644,0.3905
Gorilla pat,chr2_pat_hsa3,active,1.636,0.3945
Gorilla pat,chr2_pat_hsa3,active,1.712,0.3905
Gorilla pat,chr2_pat_hsa3,active,1.716,0.386
Gorilla pat,chr2_pat_hsa3,active,1.668,0.3895
Gorilla pat,chr2_pat_hsa3,active,1.648,0.3875
Gorilla pat,chr2_pat_hsa3,active,1.628,0.3845
Gorilla pat,chr2_pat_hsa3,active,1.624,0.3945
Gorilla pat,chr2_pat_hsa3,active,1.732,0.3905
Gorilla pat,chr2_pat_hsa3,active,1.684,0.3865
Gorilla pat,chr2_pat_hsa3,active,1.632,0.3835
Gorilla pat,chr2_pat_hsa3,active,1.592,0.3935
Gorilla pat,chr2_pat_hsa3,active,1.64,0.3895
Gorilla pat,chr2_pat_hsa3,active,1.528,0.395
Gorilla pat,chr2_pat_hsa3,active,1.568,0.393
Gorilla pat,chr2_pat_hsa3,active,1.608,0.393
Gorilla pat,chr2_pat_hsa3,active,1.612,0.387
Gorilla pat,chr2_pat_hsa3,active,1.484,0.3955
Gorilla pat,chr2_pat_hsa3,active,1.7,0.393
Gorilla pat,chr2_pat_hsa3,active,1.648,0.3895
Gorilla pat,chr2_pat_hsa3,active,1.556,0.396
Gorilla pat,chr2_pat_hsa3,active,1.608,0.3925
Gorilla pat,chr2_pat_hsa3,active,1.64,0.39
Gorilla pat,chr2_pat_hsa3,active,1.612,0.392
Gorilla pat,chr2_pat_hsa3,active,1.688,0.39
Gorilla pat,chr2_pat_hsa3,active,1.54,0.3925
Gorilla pat,chr2_pat_hsa3,active,1.608,0.395
Gorilla pat,chr2_pat_hsa3,active,1.676,0.388
Gorilla pat,chr2_pat_hsa3,active,1.676,0.3875
Gorilla pat,chr2_pat_hsa3,active,1.624,0.3905
Gorilla pat,chr2_pat_hsa3,active,1.712,0.389
Gorilla pat,chr2_pat_hsa3,active,1.672,0.388
Gorilla pat,chr2_pat_hsa3,active,1.68,0.387
Gorilla pat,chr2_pat_hsa3,active,1.532,0.39
Gorilla pat,chr2_pat_hsa3,active,1.7,0.395
Gorilla pat,chr2_pat_hsa3,active,1.692,0.3875
Gorilla pat,chr2_pat_hsa3,active,1.692,0.392
Gorilla pat,chr2_pat_hsa3,active,1.64,0.386
Gorilla pat,chr2_pat_hsa3,active,1.6,0.391
Gorilla pat,chr2_pat_hsa3,active,1.616,0.3925
Gorilla pat,chr2_pat_hsa3,active,1.608,0.391
Gorilla pat,chr2_pat_hsa3,active,1.608,0.3925
Gorilla pat,chr2_pat_hsa3,active,1.612,0.3895
Gorilla pat,chr2_pat_hsa3,active,1.632,0.392
Gorilla pat,chr2_pat_hsa3,active,1.608,0.389
Gorilla pat,chr2_pat_hsa3,active,1.692,0.3845
Gorilla pat,chr2_pat_hsa3,active,1.684,0.3885
Gorilla pat,chr2_pat_hsa3,active,1.668,0.3895
Gorilla pat,chr2_pat_hsa3,active,1.6,0.3895
Gorilla pat,chr2_pat_hsa3,active,1.684,0.3965
Gorilla pat,chr2_pat_hsa3,active,1.68,0.3885
Gorilla pat,chr2_pat_hsa3,active,1.704,0.393
Gorilla pat,chr2_pat_hsa3,active,1.66,0.3835
Gorilla pat,chr2_pat_hsa3,active,1.644,0.386
Gorilla pat,chr2_pat_hsa3,active,1.708,0.396
Gorilla pat,chr2_pat_hsa3,active,1.668,0.386
Gorilla pat,chr2_pat_hsa3,active,1.744,0.3955
Gorilla pat,chr2_pat_hsa3,active,1.672,0.385
Gorilla pat,chr2_pat_hsa3,active,1.744,0.3825
Gorilla pat,chr2_pat_hsa3,active,1.716,0.3925
Gorilla pat,chr2_pat_hsa3,active,1.608,0.3815
Gorilla pat,chr2_pat_hsa3,active,1.656,0.3865
Gorilla pat,chr2_pat_hsa3,active,1.7,0.388
Gorilla pat,chr2_pat_hsa3,active,1.556,0.3865
Gorilla pat,chr2_pat_hsa3,active,1.688,0.385
Gorilla pat,chr2_pat_hsa3,active,1.664,0.389
Gorilla pat,chr2_pat_hsa3,active,1.724,0.3935
Gorilla pat,chr2_pat_hsa3,active,1.648,0.3845
Gorilla pat,chr2_pat_hsa3,active,1.716,0.386
Gorilla pat,chr2_pat_hsa3,active,1.712,0.3855
Gorilla pat,chr2_pat_hsa3,active,1.664,0.3875
Gorilla pat,chr2_pat_hsa3,active,1.68,0.3865
Gorilla pat,chr2_pat_hsa3,active,1.744,0.3835
Gorilla pat,chr2_pat_hsa3,active,1.664,0.3875
Gorilla pat,chr2_pat_hsa3,active,1.66,0.3855
Gorilla pat,chr2_pat_hsa3,active,1.712,0.3835
Gorilla pat,chr2_pat_hsa3,active,1.728,0.3945
Gorilla pat,chr2_pat_hsa3,active,1.688,0.3815
Gorilla pat,chr2_pat_hsa3,active,1.692,0.388
Gorilla pat,chr2_pat_hsa3,active,1.74,0.389
Gorilla pat,chr2_pat_hsa3,active,1.632,0.384
Gorilla pat,chr2_pat_hsa3,active,1.716,0.384
Gorilla pat,chr2_pat_hsa3,active,1.72,0.386
Gorilla pat,chr2_pat_hsa3,active,1.632,0.3875
Gorilla pat,chr2_pat_hsa3,active,1.672,0.3885
Gorilla pat,chr2_pat_hsa3,active,1.752,0.379
Gorilla pat,chr2_pat_hsa3,active,1.724,0.3915
Gorilla pat,chr2_pat_hsa3,active,1.62,0.389
Gorilla pat,chr2_pat_hsa3,active,1.716,0.3945
Gorilla pat,chr2_pat_hsa3,active,1.72,0.3945
Gorilla pat,chr2_pat_hsa3,active,1.688,0.3835
Gorilla pat,chr2_pat_hsa3,active,1.68,0.3895
Gorilla pat,chr2_pat_hsa3,active,1.732,0.387
Gorilla pat,chr2_pat_hsa3,active,1.744,0.3855
Gorilla pat,chr2_pat_hsa3,active,1.7,0.388
Gorilla pat,chr2_pat_hsa3,active,1.672,0.387
Gorilla pat,chr2_pat_hsa3,active,1.652,0.3875
Gorilla pat,chr2_pat_hsa3,active,1.712,0.3895
Gorilla pat,chr2_pat_hsa3,active,1.684,0.392
Gorilla pat,chr2_pat_hsa3,active,1.696,0.3855
Gorilla pat,chr2_pat_hsa3,active,1.532,0.3945
Gorilla pat,chr2_pat_hsa3,active,1.684,0.388
Gorilla pat,chr2_pat_hsa3,active,1.632,0.3915
Gorilla pat,chr2_pat_hsa3,active,1.796,0.3845
Gorilla pat,chr2_pat_hsa3,active,1.604,0.389
Gorilla pat,chr2_pat_hsa3,active,1.72,0.3895
Gorilla pat,chr2_pat_hsa3,active,1.72,0.3855
Gorilla pat,chr2_pat_hsa3,active,1.612,0.395
Gorilla pat,chr2_pat_hsa3,active,1.636,0.3915
Gorilla pat,chr2_pat_hsa3,active,1.588,0.39
Gorilla pat,chr2_pat_hsa3,active,1.684,0.391
Gorilla pat,chr2_pat_hsa3,active,1.668,0.3925
Gorilla pat,chr2_pat_hsa3,active,1.72,0.3925
Gorilla pat,chr2_pat_hsa3,active,1.636,0.3835
Gorilla pat,chr2_pat_hsa3,active,1.664,0.392
Gorilla pat,chr2_pat_hsa3,active,1.712,0.3925
Gorilla pat,chr2_pat_hsa3,active,1.744,0.3855
Gorilla pat,chr2_pat_hsa3,active,1.648,0.389
Gorilla pat,chr2_pat_hsa3,active,1.628,0.393
Gorilla pat,chr2_pat_hsa3,active,1.704,0.3885
Gorilla pat,chr2_pat_hsa3,active,1.824,0.385
Gorilla pat,chr2_pat_hsa3,active,1.576,0.3845
Gorilla pat,chr2_pat_hsa3,active,1.704,0.3895
Gorilla pat,chr2_pat_hsa3,active,1.552,0.3805
Gorilla pat,chr2_pat_hsa3,active,1.592,0.3945
Gorilla pat,chr2_pat_hsa3,active,1.516,0.3955
Gorilla pat,chr2_pat_hsa3,active,1.676,0.395
Gorilla pat,chr2_pat_hsa3,active,1.596,0.396
Gorilla pat,chr2_pat_hsa3,active,1.644,0.395
Gorilla pat,chr2_pat_hsa3,active,1.66,0.3845
Gorilla pat,chr2_pat_hsa3,active,1.684,0.3945
Gorilla pat,chr2_pat_hsa3,active,1.64,0.3845
Gorilla pat,chr2_pat_hsa3,active,1.636,0.3945
Gorilla pat,chr2_pat_hsa3,active,1.74,0.385
Gorilla pat,chr2_pat_hsa3,active,1.704,0.391
Gorilla pat,chr2_pat_hsa3,active,1.636,0.3895
Gorilla pat,chr2_pat_hsa3,active,1.628,0.393
Gorilla pat,chr2_pat_hsa3,active,1.732,0.389
Gorilla pat,chr2_pat_hsa3,active,1.696,0.384
Gorilla pat,chr2_pat_hsa3,active,1.72,0.3895
Gorilla pat,chr2_pat_hsa3,active,1.584,0.3845
Gorilla pat,chr2_pat_hsa3,active,1.692,0.3885
Gorilla pat,chr2_pat_hsa3,active,1.552,0.3935
Gorilla pat,chr2_pat_hsa3,active,1.64,0.3945
Gorilla pat,chr2_pat_hsa3,active,1.56,0.3965
Gorilla pat,chr2_pat_hsa3,active,1.664,0.3945
Gorilla pat,chr2_pat_hsa3,active,1.656,0.3875
Gorilla pat,chr2_pat_hsa3,active,1.656,0.391
Gorilla pat,chr2_pat_hsa3,active,1.636,0.3875
Gorilla pat,chr2_pat_hsa3,active,1.72,0.3915
Gorilla pat,chr2_pat_hsa3,active,1.64,0.3885
Gorilla pat,chr2_pat_hsa3,active,1.696,0.389
Gorilla pat,chr2_pat_hsa3,active,1.668,0.387
Gorilla pat,chr2_pat_hsa3,active,1.584,0.392
Gorilla pat,chr2_pat_hsa3,active,1.628,0.3865
Gorilla pat,chr2_pat_hsa3,active,1.72,0.393
Gorilla pat,chr2_pat_hsa3,active,1.7,0.3905
Gorilla pat,chr2_pat_hsa3,active,1.7,0.387
Gorilla pat,chr2_pat_hsa3,active,1.656,0.3905
Gorilla pat,chr2_pat_hsa3,active,1.568,0.3915
Gorilla pat,chr2_pat_hsa3,active,1.752,0.389
Gorilla pat,chr2_pat_hsa3,active,1.732,0.3805
Gorilla pat,chr2_pat_hsa3,active,1.636,0.3975
Gorilla pat,chr2_pat_hsa3,active,1.584,0.3775
Gorilla pat,chr2_pat_hsa3,active,1.632,0.395
Gorilla pat,chr2_pat_hsa3,active,1.508,0.394
Gorilla pat,chr2_pat_hsa3,active,1.616,0.395
Gorilla pat,chr2_pat_hsa3,active,1.636,0.3935
Gorilla pat,chr2_pat_hsa3,active,1.592,0.3955
Gorilla pat,chr2_pat_hsa3,active,1.696,0.3885
Gorilla pat,chr2_pat_hsa3,active,1.664,0.3875
Gorilla pat,chr2_pat_hsa3,active,1.596,0.3925
Gorilla pat,chr2_pat_hsa3,active,1.628,0.391
Gorilla pat,chr2_pat_hsa3,active,1.72,0.39
Gorilla pat,chr2_pat_hsa3,active,1.732,0.3885
Gorilla pat,chr2_pat_hsa3,active,1.644,0.3905
Gorilla pat,chr2_pat_hsa3,active,1.6,0.3915
Gorilla pat,chr2_pat_hsa3,active,1.684,0.392
Gorilla pat,chr2_pat_hsa3,active,1.7,0.381
Gorilla pat,chr2_pat_hsa3,active,1.708,0.3915
Gorilla pat,chr2_pat_hsa3,active,1.656,0.3895
Gorilla pat,chr2_pat_hsa3,active,1.64,0.386
Gorilla pat,chr2_pat_hsa3,active,1.576,0.3925
Gorilla pat,chr2_pat_hsa3,active,1.584,0.395
Gorilla pat,chr2_pat_hsa3,active,1.592,0.3965
Gorilla pat,chr2_pat_hsa3,active,1.724,0.3925
Gorilla pat,chr2_pat_hsa3,active,1.536,0.3955
Gorilla pat,chr2_pat_hsa3,active,1.596,0.3955
Gorilla pat,chr2_pat_hsa3,active,1.636,0.3915
Gorilla pat,chr2_pat_hsa3,active,1.516,0.399
Gorilla pat,chr2_pat_hsa3,active,1.62,0.3905
Gorilla pat,chr2_pat_hsa3,active,1.516,0.389
Gorilla pat,chr2_pat_hsa3,active,1.436,0.39
Gorilla pat,chr2_pat_hsa3,active,1.564,0.3895
Gorilla pat,chr2_pat_hsa3,active,1.572,0.3965
Gorilla pat,chr2_pat_hsa3,active,1.544,0.3965
Gorilla pat,chr2_pat_hsa3,active,1.58,0.392
Gorilla pat,chr2_pat_hsa3,active,1.62,0.3895
Gorilla pat,chr2_pat_hsa3,active,1.624,0.3915
Gorilla pat,chr2_pat_hsa3,active,1.528,0.394
Gorilla pat,chr2_pat_hsa3,active,1.5,0.3935
Gorilla pat,chr2_pat_hsa3,active,1.564,0.386
Gorilla pat,chr2_pat_hsa3,active,1.656,0.394
Gorilla pat,chr2_pat_hsa3,active,1.548,0.3905
Gorilla pat,chr2_pat_hsa3,active,1.56,0.391
Gorilla pat,chr2_pat_hsa3,active,1.552,0.388
Gorilla pat,chr2_pat_hsa3,active,1.556,0.3945
Gorilla pat,chr2_pat_hsa3,active,1.524,0.3965
Gorilla pat,chr2_pat_hsa3,active,1.54,0.3905
Gorilla pat,chr2_pat_hsa3,active,1.64,0.39
Gorilla pat,chr2_pat_hsa3,active,1.612,0.391
Gorilla pat,chr2_pat_hsa3,active,1.58,0.3975
Gorilla pat,chr2_pat_hsa3,active,1.664,0.39
Gorilla pat,chr2_pat_hsa3,active,1.66,0.394
Gorilla pat,chr2_pat_hsa3,active,1.632,0.3915
Gorilla pat,chr2_pat_hsa3,active,1.696,0.3955
Gorilla pat,chr2_pat_hsa3,active,1.692,0.393
Gorilla pat,chr2_pat_hsa3,active,1.732,0.385
Gorilla pat,chr2_pat_hsa3,active,1.632,0.385
Gorilla pat,chr2_pat_hsa3,active,1.632,0.3905
Gorilla pat,chr2_pat_hsa3,active,1.48,0.3955
Gorilla pat,chr2_pat_hsa3,active,1.668,0.391
Gorilla pat,chr2_pat_hsa3,active,1.468,0.39
Gorilla pat,chr2_pat_hsa3,active,1.628,0.391
Gorilla pat,chr2_pat_hsa3,active,1.552,0.389
Gorilla pat,chr2_pat_hsa3,active,1.484,0.39
Gorilla pat,chr2_pat_hsa3,active,1.588,0.391
Gorilla pat,chr2_pat_hsa3,active,1.572,0.391
Gorilla pat,chr2_pat_hsa3,active,1.468,0.3905
Gorilla pat,chr2_pat_hsa3,active,1.56,0.393
Gorilla pat,chr2_pat_hsa3,active,1.56,0.3935
Gorilla pat,chr2_pat_hsa3,active,1.688,0.391
Gorilla pat,chr2_pat_hsa3,active,1.64,0.396
Gorilla pat,chr2_pat_hsa3,active,1.644,0.391
Gorilla pat,chr2_pat_hsa3,active,1.672,0.381
Gorilla pat,chr2_pat_hsa3,active,1.612,0.392
Gorilla pat,chr2_pat_hsa3,active,1.76,0.3875
Gorilla pat,chr2_pat_hsa3,active,1.552,0.3865
Gorilla pat,chr2_pat_hsa3,active,1.568,0.395
Gorilla pat,chr2_pat_hsa3,active,1.676,0.39
Gorilla pat,chr2_pat_hsa3,active,1.632,0.383
Gorilla pat,chr2_pat_hsa3,active,1.6,0.393
Gorilla pat,chr2_pat_hsa3,active,1.54,0.3925
Gorilla pat,chr2_pat_hsa3,active,1.644,0.39
Gorilla pat,chr2_pat_hsa3,active,1.744,0.3955
Gorilla pat,chr2_pat_hsa3,active,1.616,0.396
Gorilla pat,chr2_pat_hsa3,active,1.74,0.3875
Gorilla pat,chr2_pat_hsa3,active,1.648,0.3825
Gorilla pat,chr2_pat_hsa3,active,1.564,0.395
Gorilla pat,chr2_pat_hsa3,active,1.528,0.388
Gorilla pat,chr2_pat_hsa3,active,1.428,0.3915
Gorilla pat,chr2_pat_hsa3,active,1.556,0.3895
Gorilla pat,chr2_pat_hsa3,active,1.524,0.393
Gorilla pat,chr2_pat_hsa3,active,1.404,0.398
Gorilla pat,chr2_pat_hsa3,active,1.604,0.393
Gorilla pat,chr2_pat_hsa3,active,1.588,0.3965
Gorilla pat,chr2_pat_hsa3,active,1.628,0.391
Gorilla pat,chr2_pat_hsa3,active,1.576,0.3985
Gorilla pat,chr2_pat_hsa3,active,1.608,0.3915
Gorilla pat,chr2_pat_hsa3,active,1.62,0.3905
Gorilla pat,chr2_pat_hsa3,active,1.62,0.3875
Gorilla pat,chr2_pat_hsa3,active,1.78,0.391
Gorilla pat,chr2_pat_hsa3,active,1.692,0.3885
Gorilla pat,chr2_pat_hsa3,active,1.672,0.381
Gorilla pat,chr2_pat_hsa3,active,1.788,0.3875
Gorilla pat,chr2_pat_hsa3,active,1.648,0.3825
Gorilla pat,chr2_pat_hsa3,active,1.708,0.389
Gorilla pat,chr2_pat_hsa3,active,1.74,0.388
Gorilla pat,chr2_pat_hsa3,active,1.732,0.3865
Gorilla pat,chr2_pat_hsa3,active,1.764,0.3875
Gorilla pat,chr2_pat_hsa3,active,1.732,0.387
Gorilla pat,chr2_pat_hsa3,active,1.748,0.389
Gorilla pat,chr2_pat_hsa3,active,1.712,0.388
Gorilla pat,chr2_pat_hsa3,active,1.744,0.387
Gorilla pat,chr2_pat_hsa3,active,1.704,0.386
Gorilla pat,chr2_pat_hsa3,active,1.748,0.386
Gorilla pat,chr2_pat_hsa3,active,1.728,0.3885
Gorilla pat,chr2_pat_hsa3,active,1.744,0.3875
Gorilla pat,chr2_pat_hsa3,active,1.72,0.387
Gorilla pat,chr2_pat_hsa3,active,1.7,0.3885
Gorilla pat,chr2_pat_hsa3,active,1.724,0.385
Gorilla pat,chr2_pat_hsa3,active,1.728,0.3885
Gorilla pat,chr2_pat_hsa3,active,1.732,0.3875
Gorilla pat,chr2_pat_hsa3,active,1.736,0.3865
Gorilla pat,chr2_pat_hsa3,active,1.712,0.3875
Gorilla pat,chr2_pat_hsa3,active,1.708,0.387
Gorilla pat,chr2_pat_hsa3,active,1.732,0.3875
Gorilla pat,chr2_pat_hsa3,active,1.724,0.385
Gorilla pat,chr2_pat_hsa3,active,1.724,0.389
Gorilla pat,chr2_pat_hsa3,active,1.724,0.3865
Gorilla pat,chr2_pat_hsa3,active,1.68,0.3875
Gorilla pat,chr2_pat_hsa3,active,1.716,0.3865
Gorilla pat,chr2_pat_hsa3,active,1.684,0.3875
Gorilla pat,chr2_pat_hsa3,active,1.688,0.388
Gorilla pat,chr2_pat_hsa3,active,1.7,0.3875
Gorilla pat,chr2_pat_hsa3,active,1.68,0.388
Gorilla pat,chr2_pat_hsa3,active,1.732,0.388
Gorilla pat,chr2_pat_hsa3,active,1.732,0.386
Gorilla pat,chr2_pat_hsa3,active,1.728,0.3865
Gorilla pat,chr2_pat_hsa3,active,1.7,0.3865
Gorilla pat,chr2_pat_hsa3,active,1.724,0.389
Gorilla pat,chr2_pat_hsa3,active,1.72,0.387
Gorilla pat,chr2_pat_hsa3,active,1.732,0.3875
Gorilla pat,chr2_pat_hsa3,active,1.712,0.388
Gorilla pat,chr2_pat_hsa3,active,1.696,0.3865
Gorilla pat,chr2_pat_hsa3,active,1.704,0.386
Gorilla pat,chr2_pat_hsa3,active,1.728,0.387
Gorilla pat,chr2_pat_hsa3,active,1.732,0.3875
Gorilla pat,chr2_pat_hsa3,active,1.728,0.3885
Gorilla pat,chr2_pat_hsa3,active,1.708,0.3865
Gorilla pat,chr2_pat_hsa3,active,1.728,0.3885
Gorilla pat,chr2_pat_hsa3,active,1.748,0.386
Gorilla pat,chr2_pat_hsa3,active,1.724,0.388
Gorilla pat,chr2_pat_hsa3,active,1.72,0.388
Gorilla pat,chr2_pat_hsa3,active,1.724,0.388
Gorilla pat,chr2_pat_hsa3,active,1.724,0.387
Gorilla pat,chr2_pat_hsa3,active,1.74,0.386
Gorilla pat,chr2_pat_hsa3,active,1.72,0.3865
Gorilla pat,chr2_pat_hsa3,active,1.64,0.388
Gorilla pat,chr2_pat_hsa3,active,1.728,0.3885
Gorilla pat,chr2_pat_hsa3,active,1.752,0.3885
Gorilla pat,chr2_pat_hsa3,active,1.74,0.386
Gorilla pat,chr2_pat_hsa3,active,1.712,0.3875
Gorilla pat,chr2_pat_hsa3,active,1.712,0.387
Gorilla pat,chr2_pat_hsa3,active,1.732,0.3885
Gorilla pat,chr2_pat_hsa3,active,1.748,0.388
Gorilla pat,chr2_pat_hsa3,active,1.74,0.3855
Gorilla pat,chr2_pat_hsa3,active,1.728,0.3885
Gorilla pat,chr2_pat_hsa3,active,1.732,0.386
Gorilla pat,chr2_pat_hsa3,active,1.74,0.388
Gorilla pat,chr2_pat_hsa3,active,1.712,0.388
Gorilla pat,chr2_pat_hsa3,active,1.736,0.3865
Gorilla pat,chr2_pat_hsa3,active,1.736,0.386
Gorilla pat,chr2_pat_hsa3,active,1.696,0.3865
Gorilla pat,chr2_pat_hsa3,active,1.72,0.3895
Gorilla pat,chr2_pat_hsa3,active,1.584,0.387
Gorilla pat,chr2_pat_hsa3,active,1.744,0.3885
Gorilla pat,chr2_pat_hsa3,active,1.724,0.3875
Gorilla pat,chr2_pat_hsa3,active,1.704,0.388
Gorilla pat,chr2_pat_hsa3,active,1.736,0.388
Gorilla pat,chr2_pat_hsa3,active,1.736,0.386
Gorilla pat,chr2_pat_hsa3,active,1.72,0.388
Gorilla pat,chr2_pat_hsa3,active,1.716,0.3865
Gorilla pat,chr2_pat_hsa3,active,1.728,0.3885
Gorilla pat,chr2_pat_hsa3,active,1.728,0.3885
Gorilla pat,chr2_pat_hsa3,active,1.74,0.386
Gorilla pat,chr2_pat_hsa3,active,1.712,0.386
Gorilla pat,chr2_pat_hsa3,active,1.648,0.3885
Gorilla pat,chr2_pat_hsa3,active,1.736,0.3875
Gorilla pat,chr2_pat_hsa3,active,1.748,0.3885
Gorilla pat,chr2_pat_hsa3,active,1.752,0.3875
Gorilla pat,chr2_pat_hsa3,active,1.704,0.3855
Gorilla pat,chr2_pat_hsa3,active,1.728,0.387
Gorilla pat,chr2_pat_hsa3,active,1.736,0.389
Gorilla pat,chr2_pat_hsa3,active,1.744,0.3885
Gorilla pat,chr2_pat_hsa3,active,1.736,0.386
Gorilla pat,chr2_pat_hsa3,active,1.708,0.388
Gorilla pat,chr2_pat_hsa3,active,1.732,0.386
Gorilla pat,chr2_pat_hsa3,active,1.744,0.387
Gorilla pat,chr2_pat_hsa3,active,1.728,0.388
Gorilla pat,chr2_pat_hsa3,active,1.736,0.388
Gorilla pat,chr2_pat_hsa3,active,1.72,0.3865
Gorilla pat,chr2_pat_hsa3,active,1.712,0.388
Gorilla pat,chr2_pat_hsa3,active,1.752,0.387
Gorilla pat,chr2_pat_hsa3,active,1.74,0.3855
Gorilla pat,chr2_pat_hsa3,active,1.728,0.389
Gorilla pat,chr2_pat_hsa3,active,1.724,0.387
Gorilla pat,chr2_pat_hsa3,active,1.68,0.3875
Gorilla pat,chr2_pat_hsa3,active,1.732,0.3855
Gorilla pat,chr2_pat_hsa3,active,1.652,0.39
Gorilla pat,chr2_pat_hsa3,active,1.6,0.3955
Gorilla pat,chr2_pat_hsa3,active,1.732,0.3905
Gorilla pat,chr2_pat_hsa3,active,1.632,0.3895
Gorilla pat,chr2_pat_hsa3,active,1.6,0.395
Gorilla pat,chr2_pat_hsa3,active,1.712,0.3885
Gorilla pat,chr2_pat_hsa3,active,1.712,0.386
Gorilla pat,chr2_pat_hsa3,active,1.592,0.393
Gorilla pat,chr2_pat_hsa3,active,1.728,0.388
Gorilla pat,chr2_pat_hsa3,active,1.664,0.397
Gorilla pat,chr2_pat_hsa3,active,1.648,0.3935
Gorilla pat,chr2_pat_hsa3,active,1.6,0.388
Gorilla pat,chr2_pat_hsa3,active,1.596,0.387
Gorilla pat,chr2_pat_hsa3,active,1.672,0.398
Gorilla pat,chr2_pat_hsa3,active,1.748,0.393
Gorilla pat,chr2_pat_hsa3,active,1.712,0.392
Gorilla pat,chr2_pat_hsa3,active,1.6,0.3975
Gorilla pat,chr2_pat_hsa3,active,1.584,0.3945
Gorilla pat,chr2_pat_hsa3,active,1.52,0.3965
Gorilla pat,chr2_pat_hsa3,active,1.512,0.3975
Gorilla pat,chr2_pat_hsa3,active,1.628,0.397
Gorilla pat,chr2_pat_hsa3,active,1.628,0.3955
Gorilla pat,chr2_pat_hsa3,active,1.464,0.3945
Gorilla pat,chr2_pat_hsa3,active,1.596,0.3965
Gorilla pat,chr2_pat_hsa3,active,1.604,0.3885
Gorilla pat,chr2_pat_hsa3,active,1.632,0.395
Gorilla pat,chr2_pat_hsa3,active,1.636,0.3885
Gorilla pat,chr2_pat_hsa3,active,1.772,0.391
Gorilla pat,chr2_pat_hsa3,active,1.752,0.386
Gorilla pat,chr2_pat_hsa3,active,1.748,0.3885
Gorilla pat,chr2_pat_hsa3,active,1.708,0.387
Gorilla pat,chr2_pat_hsa3,active,1.732,0.3875
Gorilla pat,chr2_pat_hsa3,active,1.708,0.387
Gorilla pat,chr2_pat_hsa3,active,1.744,0.386
Gorilla pat,chr2_pat_hsa3,active,1.7,0.392
Gorilla pat,chr2_pat_hsa3,active,1.612,0.3925
Gorilla pat,chr2_pat_hsa3,active,1.632,0.393
Gorilla pat,chr2_pat_hsa3,active,1.636,0.3905
Gorilla pat,chr2_pat_hsa3,active,1.704,0.3865
Gorilla pat,chr2_pat_hsa3,active,1.708,0.3865
Gorilla pat,chr2_pat_hsa3,active,1.712,0.3955
Gorilla pat,chr2_pat_hsa3,active,1.608,0.3945
Gorilla pat,chr2_pat_hsa3,active,1.692,0.386
Gorilla pat,chr2_pat_hsa3,active,1.704,0.386
Gorilla pat,chr2_pat_hsa3,active,1.72,0.3885
Gorilla pat,chr2_pat_hsa3,active,1.676,0.3915
Gorilla pat,chr2_pat_hsa3,active,1.608,0.394
Gorilla pat,chr2_pat_hsa3,active,1.684,0.388
Gorilla pat,chr2_pat_hsa3,active,1.68,0.385
Gorilla pat,chr2_pat_hsa3,active,1.72,0.3875
Gorilla pat,chr2_pat_hsa3,active,1.62,0.3845
Gorilla pat,chr2_pat_hsa3,active,1.66,0.39
Gorilla pat,chr2_pat_hsa3,active,1.612,0.3945
Gorilla pat,chr2_pat_hsa3,active,1.724,0.392
Gorilla pat,chr2_pat_hsa3,active,1.652,0.3895
Gorilla pat,chr2_pat_hsa3,active,1.572,0.3955
Gorilla pat,chr2_pat_hsa3,active,1.712,0.3885
Gorilla pat,chr2_pat_hsa3,active,1.696,0.392
Gorilla pat,chr2_pat_hsa3,active,1.604,0.396
Gorilla pat,chr2_pat_hsa3,active,1.556,0.396
Gorilla pat,chr2_pat_hsa3,active,1.6,0.3955
Gorilla pat,chr2_pat_hsa3,active,1.632,0.3965
Gorilla pat,chr2_pat_hsa3,active,1.616,0.3975
Gorilla pat,chr2_pat_hsa3,active,1.604,0.395
Gorilla pat,chr2_pat_hsa3,active,1.604,0.398
Gorilla pat,chr2_pat_hsa3,active,1.48,0.3965
Gorilla pat,chr2_pat_hsa3,active,1.604,0.397
Gorilla pat,chr2_pat_hsa3,active,1.612,0.395
Gorilla pat,chr2_pat_hsa3,active,1.66,0.396
Gorilla pat,chr2_pat_hsa3,active,1.616,0.3885
Gorilla pat,chr2_pat_hsa3,active,1.62,0.3875
Gorilla pat,chr2_pat_hsa3,active,1.672,0.393
Gorilla pat,chr2_pat_hsa3,active,1.616,0.3895
Gorilla pat,chr2_pat_hsa3,active,1.604,0.393
Gorilla pat,chr2_pat_hsa3,active,1.616,0.3975
Gorilla pat,chr2_pat_hsa3,active,1.632,0.3955
Gorilla pat,chr2_pat_hsa3,active,1.688,0.396
Gorilla pat,chr2_pat_hsa3,active,1.64,0.3985
Gorilla pat,chr2_pat_hsa3,active,1.604,0.3985
Gorilla pat,chr2_pat_hsa3,active,1.672,0.394
Gorilla pat,chr2_pat_hsa3,active,1.64,0.395
Gorilla pat,chr2_pat_hsa3,active,1.596,0.393
Gorilla pat,chr2_pat_hsa3,active,1.624,0.397
Gorilla pat,chr2_pat_hsa3,active,1.684,0.395
Gorilla pat,chr2_pat_hsa3,active,1.592,0.3975
Gorilla pat,chr2_pat_hsa3,active,1.796,0.3915
Gorilla pat,chr2_pat_hsa3,active,1.664,0.392
Gorilla pat,chr2_pat_hsa3,active,1.772,0.3845
Gorilla pat,chr2_pat_hsa3,active,1.648,0.3925
Gorilla pat,chr2_pat_hsa3,active,1.712,0.394
Gorilla pat,chr2_pat_hsa3,active,1.7,0.3845
Gorilla pat,chr2_pat_hsa3,active,1.64,0.3955
Gorilla pat,chr2_pat_hsa3,active,1.64,0.3875
Gorilla pat,chr2_pat_hsa3,active,1.696,0.3925
Gorilla pat,chr2_pat_hsa3,active,1.604,0.3865
Gorilla pat,chr2_pat_hsa3,active,1.612,0.398
Gorilla pat,chr2_pat_hsa3,active,1.796,0.386
Gorilla pat,chr2_pat_hsa3,active,1.572,0.3915
Gorilla pat,chr2_pat_hsa3,active,1.632,0.3905
Gorilla pat,chr2_pat_hsa3,active,1.8,0.3835
Gorilla pat,chr2_pat_hsa3,active,1.68,0.3915
Gorilla pat,chr2_pat_hsa3,active,1.748,0.389
Gorilla pat,chr2_pat_hsa3,active,1.792,0.385
Gorilla pat,chr2_pat_hsa3,active,1.652,0.396
Gorilla pat,chr2_pat_hsa3,active,1.684,0.3935
Gorilla pat,chr2_pat_hsa3,active,1.66,0.3835
Gorilla pat,chr2_pat_hsa3,active,1.632,0.394
Gorilla pat,chr2_pat_hsa3,active,1.808,0.387
Gorilla pat,chr2_pat_hsa3,active,1.58,0.395
Gorilla pat,chr2_pat_hsa3,active,1.624,0.3885
Gorilla pat,chr2_pat_hsa3,active,1.624,0.3875
Gorilla pat,chr2_pat_hsa3,active,1.608,0.398
Gorilla pat,chr2_pat_hsa3,active,1.696,0.3845
Gorilla pat,chr2_pat_hsa3,active,1.568,0.3945
Gorilla pat,chr2_pat_hsa3,active,1.644,0.385
Gorilla pat,chr2_pat_hsa3,active,1.64,0.387
Gorilla pat,chr2_pat_hsa3,active,1.704,0.39
Gorilla pat,chr2_pat_hsa3,active,1.644,0.3865
Gorilla pat,chr2_pat_hsa3,active,1.64,0.388
Gorilla pat,chr2_pat_hsa3,active,1.552,0.396
Gorilla pat,chr2_pat_hsa3,active,1.696,0.385
Gorilla pat,chr2_pat_hsa3,active,1.624,0.388
Gorilla pat,chr2_pat_hsa3,active,1.556,0.396
Gorilla pat,chr2_pat_hsa3,active,1.608,0.4005
Gorilla pat,chr2_pat_hsa3,active,1.596,0.391
Gorilla pat,chr2_pat_hsa3,active,1.628,0.3935
Gorilla pat,chr2_pat_hsa3,active,1.704,0.3885
Gorilla pat,chr2_pat_hsa3,active,1.636,0.388
Gorilla pat,chr2_pat_hsa3,active,1.608,0.3935
Gorilla pat,chr2_pat_hsa3,active,1.568,0.3975
Gorilla pat,chr2_pat_hsa3,active,1.584,0.3975
Gorilla pat,chr2_pat_hsa3,active,1.568,0.3955
Gorilla pat,chr2_pat_hsa3,active,1.6,0.3985
Gorilla pat,chr2_pat_hsa3,active,1.56,0.3955
Gorilla pat,chr2_pat_hsa3,active,1.572,0.3965
Gorilla pat,chr2_pat_hsa3,active,1.532,0.396
Gorilla pat,chr2_pat_hsa3,active,1.556,0.395
Gorilla pat,chr2_pat_hsa3,active,1.404,0.397
Gorilla pat,chr2_pat_hsa3,active,1.692,0.3955
Gorilla pat,chr2_pat_hsa3,active,1.624,0.392
Gorilla pat,chr2_pat_hsa3,active,1.808,0.3875
Gorilla pat,chr2_pat_hsa3,active,1.656,0.3935
Gorilla pat,chr2_pat_hsa3,active,1.624,0.388
Gorilla pat,chr2_pat_hsa3,active,1.612,0.3915
Gorilla pat,chr2_pat_hsa3,active,1.624,0.392
Gorilla pat,chr2_pat_hsa3,active,1.792,0.3865
Gorilla pat,chr2_pat_hsa3,active,1.58,0.3955
Gorilla pat,chr2_pat_hsa3,active,1.728,0.391
Gorilla pat,chr2_pat_hsa3,active,1.696,0.3905
Gorilla pat,chr2_pat_hsa3,active,1.72,0.392
Gorilla pat,chr2_pat_hsa3,active,1.676,0.3915
Gorilla pat,chr2_pat_hsa3,active,1.688,0.3845
Gorilla pat,chr2_pat_hsa3,active,1.736,0.391
Gorilla pat,chr2_pat_hsa3,active,1.648,0.3915
Gorilla pat,chr2_pat_hsa3,active,1.624,0.386
Gorilla pat,chr2_pat_hsa3,active,1.612,0.39
Gorilla pat,chr2_pat_hsa3,active,1.656,0.389
Gorilla pat,chr2_pat_hsa3,active,1.652,0.393
Gorilla pat,chr2_pat_hsa3,active,1.696,0.387
Gorilla pat,chr2_pat_hsa3,active,1.576,0.3965
Gorilla pat,chr2_pat_hsa3,active,1.688,0.386
Gorilla pat,chr2_pat_hsa3,active,1.7,0.3895
Gorilla pat,chr2_pat_hsa3,active,1.672,0.3845
Gorilla pat,chr2_pat_hsa3,active,1.72,0.3895
Gorilla pat,chr2_pat_hsa3,active,1.692,0.385
Gorilla pat,chr2_pat_hsa3,active,1.636,0.3885
Gorilla pat,chr2_pat_hsa3,active,1.648,0.39
Gorilla pat,chr2_pat_hsa3,active,1.64,0.383
Gorilla pat,chr2_pat_hsa3,active,1.6,0.3955
Gorilla pat,chr2_pat_hsa3,active,1.652,0.388
Gorilla pat,chr2_pat_hsa3,active,1.648,0.3855
Gorilla pat,chr2_pat_hsa3,active,1.632,0.395
Gorilla pat,chr2_pat_hsa3,active,1.684,0.387
Gorilla pat,chr2_pat_hsa3,active,1.636,0.3885
Gorilla pat,chr2_pat_hsa3,active,1.568,0.398
Gorilla pat,chr2_pat_hsa3,active,1.612,0.3955
Gorilla pat,chr2_pat_hsa3,active,1.536,0.397
Gorilla pat,chr2_pat_hsa3,active,1.576,0.397
Gorilla pat,chr2_pat_hsa3,active,1.532,0.396
Gorilla pat,chr2_pat_hsa3,active,1.584,0.397
Gorilla pat,chr2_pat_hsa3,active,1.588,0.3945
Gorilla pat,chr2_pat_hsa3,active,1.608,0.399
Gorilla pat,chr2_pat_hsa3,active,1.54,0.394
Gorilla pat,chr2_pat_hsa3,active,1.616,0.398
Gorilla pat,chr2_pat_hsa3,active,1.588,0.3965
Gorilla pat,chr2_pat_hsa3,active,1.552,0.3965
Gorilla pat,chr2_pat_hsa3,active,1.576,0.397
Gorilla pat,chr2_pat_hsa3,active,1.536,0.396
Gorilla pat,chr2_pat_hsa3,active,1.612,0.3975
Gorilla pat,chr2_pat_hsa3,active,1.584,0.395
Gorilla pat,chr2_pat_hsa3,active,1.584,0.4
Gorilla pat,chr2_pat_hsa3,active,1.568,0.398
Gorilla pat,chr2_pat_hsa3,active,1.408,0.395
Gorilla pat,chr2_pat_hsa3,active,1.544,0.3965
Gorilla pat,chr2_pat_hsa3,active,1.584,0.394
Gorilla pat,chr2_pat_hsa3,active,1.616,0.3995
Gorilla pat,chr2_pat_hsa3,active,1.556,0.394
Gorilla pat,chr2_pat_hsa3,active,1.48,0.399
Gorilla pat,chr2_pat_hsa3,active,1.596,0.3955
Gorilla pat,chr2_pat_hsa3,active,1.548,0.397
Gorilla pat,chr2_pat_hsa3,active,1.568,0.395
Gorilla pat,chr2_pat_hsa3,active,1.576,0.3975
Gorilla pat,chr2_pat_hsa3,active,1.552,0.3965
Gorilla pat,chr2_pat_hsa3,active,1.548,0.397
Gorilla pat,chr2_pat_hsa3,active,1.576,0.3965
Gorilla pat,chr2_pat_hsa3,active,1.536,0.396
Gorilla pat,chr2_pat_hsa3,active,1.508,0.396
Gorilla pat,chr2_pat_hsa3,active,1.528,0.397
Gorilla pat,chr2_pat_hsa3,active,1.448,0.398
Gorilla pat,chr2_pat_hsa3,active,1.536,0.3955
Gorilla pat,chr2_pat_hsa3,active,1.468,0.3975
Gorilla pat,chr2_pat_hsa3,active,1.548,0.395
Gorilla pat,chr2_pat_hsa3,active,1.568,0.398
Gorilla pat,chr2_pat_hsa3,active,1.568,0.3955
Gorilla pat,chr2_pat_hsa3,active,1.588,0.397
Gorilla pat,chr2_pat_hsa3,active,1.572,0.397
Gorilla pat,chr2_pat_hsa3,active,1.528,0.398
Gorilla pat,chr2_pat_hsa3,active,1.628,0.395
Gorilla pat,chr2_pat_hsa3,active,1.556,0.397
Gorilla pat,chr2_pat_hsa3,active,1.456,0.3965
Gorilla pat,chr2_pat_hsa3,active,1.588,0.3965
Gorilla pat,chr2_pat_hsa3,active,1.536,0.3955
Gorilla pat,chr2_pat_hsa3,active,1.524,0.396
Gorilla pat,chr2_pat_hsa3,active,1.604,0.3985
Gorilla pat,chr2_pat_hsa3,active,1.552,0.3965
Gorilla pat,chr2_pat_hsa3,active,1.552,0.3975
Gorilla pat,chr2_pat_hsa3,active,1.564,0.397
Gorilla pat,chr2_pat_hsa3,active,1.556,0.397
Gorilla pat,chr2_pat_hsa3,active,1.576,0.3955
Gorilla pat,chr2_pat_hsa3,active,1.564,0.3965
Gorilla pat,chr2_pat_hsa3,active,1.508,0.397
Gorilla pat,chr2_pat_hsa3,active,1.552,0.397
Gorilla pat,chr2_pat_hsa3,active,1.48,0.394
Gorilla pat,chr2_pat_hsa3,active,1.56,0.3995
Gorilla pat,chr2_pat_hsa3,active,1.54,0.396
Gorilla pat,chr2_pat_hsa3,active,1.552,0.3985
Gorilla pat,chr2_pat_hsa3,active,1.6,0.3965
Gorilla pat,chr2_pat_hsa3,active,1.564,0.397
Gorilla pat,chr2_pat_hsa3,active,1.508,0.3965
Gorilla pat,chr2_pat_hsa3,active,1.612,0.395
Gorilla pat,chr2_pat_hsa3,active,1.556,0.397
Gorilla pat,chr2_pat_hsa3,active,1.552,0.3955
Gorilla pat,chr2_pat_hsa3,active,1.568,0.398
Gorilla pat,chr2_pat_hsa3,active,1.548,0.399
Gorilla pat,chr2_pat_hsa3,active,1.492,0.396
Gorilla pat,chr2_pat_hsa3,active,1.46,0.398
Gorilla pat,chr2_pat_hsa3,active,1.564,0.3965
Gorilla pat,chr2_pat_hsa3,active,1.568,0.3945
Gorilla pat,chr2_pat_hsa3,active,1.536,0.398
Gorilla pat,chr2_pat_hsa3,active,1.588,0.397
Gorilla pat,chr2_pat_hsa3,active,1.568,0.395
Gorilla pat,chr2_pat_hsa3,active,1.52,0.401
Gorilla pat,chr2_pat_hsa3,active,1.544,0.3975
Gorilla pat,chr2_pat_hsa3,active,1.576,0.395
Gorilla pat,chr2_pat_hsa3,active,1.572,0.396
Gorilla pat,chr2_pat_hsa3,active,1.536,0.3965
Gorilla pat,chr2_pat_hsa3,active,1.504,0.3955
Gorilla pat,chr2_pat_hsa3,active,1.512,0.397
Gorilla pat,chr2_pat_hsa3,active,1.536,0.3955
Gorilla pat,chr2_pat_hsa3,active,1.488,0.3985
Gorilla pat,chr2_pat_hsa3,active,1.552,0.397
Gorilla pat,chr2_pat_hsa3,active,1.556,0.3975
Gorilla pat,chr2_pat_hsa3,active,1.54,0.3975
Gorilla pat,chr2_pat_hsa3,active,1.564,0.393
Gorilla pat,chr2_pat_hsa3,active,1.592,0.4
Gorilla pat,chr2_pat_hsa3,active,1.564,0.3945
Gorilla pat,chr2_pat_hsa3,active,1.592,0.395
Gorilla pat,chr2_pat_hsa3,active,1.54,0.3965
Gorilla pat,chr2_pat_hsa3,active,1.54,0.395
Gorilla pat,chr2_pat_hsa3,active,1.512,0.396
Gorilla pat,chr2_pat_hsa3,active,1.52,0.399
Gorilla pat,chr2_pat_hsa3,active,1.572,0.3945
Gorilla pat,chr2_pat_hsa3,active,1.54,0.3985
Gorilla pat,chr2_pat_hsa3,active,1.528,0.3945
Gorilla pat,chr2_pat_hsa3,active,1.524,0.3995
Gorilla pat,chr2_pat_hsa3,active,1.556,0.3965
Gorilla pat,chr2_pat_hsa3,active,1.54,0.3975
Gorilla pat,chr2_pat_hsa3,active,1.584,0.397
Gorilla pat,chr2_pat_hsa3,active,1.572,0.3945
Gorilla pat,chr2_pat_hsa3,active,1.552,0.396
Gorilla pat,chr2_pat_hsa3,active,1.56,0.397
Gorilla pat,chr2_pat_hsa3,active,1.54,0.397
Gorilla pat,chr2_pat_hsa3,active,1.528,0.3935
Gorilla pat,chr2_pat_hsa3,active,1.476,0.3995
Gorilla pat,chr2_pat_hsa3,active,1.572,0.397
Gorilla pat,chr2_pat_hsa3,active,1.532,0.3965
Gorilla pat,chr2_pat_hsa3,active,1.552,0.3945
Gorilla pat,chr2_pat_hsa3,active,1.568,0.3975
Gorilla pat,chr2_pat_hsa3,active,1.56,0.3955
Gorilla pat,chr2_pat_hsa3,active,1.592,0.396
Gorilla pat,chr2_pat_hsa3,active,1.56,0.3965
Gorilla pat,chr2_pat_hsa3,active,1.608,0.3945
Gorilla pat,chr2_pat_hsa3,active,1.556,0.3995
Gorilla pat,chr2_pat_hsa3,active,1.556,0.395
Gorilla pat,chr2_pat_hsa3,active,1.616,0.396
Gorilla pat,chr2_pat_hsa3,active,1.556,0.3975
Gorilla pat,chr2_pat_hsa3,active,1.552,0.3945
Gorilla pat,chr2_pat_hsa3,active,1.556,0.3975
Gorilla pat,chr2_pat_hsa3,active,1.6,0.3975
Gorilla pat,chr2_pat_hsa3,active,1.58,0.396
Gorilla pat,chr2_pat_hsa3,active,1.56,0.394
Gorilla pat,chr2_pat_hsa3,active,1.572,0.4
Gorilla pat,chr2_pat_hsa3,active,1.488,0.3975
Gorilla pat,chr2_pat_hsa3,active,1.568,0.3975
Gorilla pat,chr2_pat_hsa3,active,1.58,0.397
Gorilla pat,chr2_pat_hsa3,active,1.684,0.39
Gorilla pat,chr2_pat_hsa3,active,1.576,0.3955
Gorilla pat,chr2_pat_hsa3,active,1.46,0.3975
Gorilla pat,chr2_pat_hsa3,active,1.712,0.3885
Gorilla pat,chr2_pat_hsa3,active,1.492,0.3995
Gorilla pat,chr2_pat_hsa3,active,1.6,0.3965
Gorilla pat,chr2_pat_hsa3,active,1.58,0.3965
Gorilla pat,chr2_pat_hsa3,active,1.592,0.396
Gorilla pat,chr2_pat_hsa3,active,1.548,0.394
Gorilla pat,chr2_pat_hsa3,active,1.524,0.3985
Gorilla pat,chr2_pat_hsa3,active,1.58,0.3955
Gorilla pat,chr2_pat_hsa3,active,1.54,0.397
Gorilla pat,chr2_pat_hsa3,active,1.552,0.3965
Gorilla pat,chr2_pat_hsa3,active,1.612,0.391
Gorilla pat,chr2_pat_hsa3,active,1.42,0.394
Gorilla pat,chr2_pat_hsa3,active,1.664,0.3905
Gorilla pat,chr2_pat_hsa3,active,1.636,0.395
Gorilla pat,chr2_pat_hsa3,active,1.464,0.3935
Gorilla pat,chr2_pat_hsa3,active,1.704,0.386
Gorilla pat,chr2_pat_hsa3,active,1.64,0.391
Gorilla pat,chr2_pat_hsa3,active,1.456,0.3965
Gorilla pat,chr2_pat_hsa3,active,1.56,0.395
Gorilla pat,chr2_pat_hsa3,active,1.64,0.3935
Gorilla pat,chr2_pat_hsa3,active,1.688,0.385
Gorilla pat,chr2_pat_hsa3,active,1.624,0.3935
Gorilla pat,chr2_pat_hsa3,active,1.616,0.3875
Gorilla pat,chr2_pat_hsa3,active,1.68,0.387
Gorilla pat,chr2_pat_hsa3,active,1.736,0.393
Gorilla pat,chr2_pat_hsa3,active,1.632,0.392
Gorilla pat,chr2_pat_hsa3,active,1.864,0.3935
Gorilla pat,chr2_pat_hsa3,active,1.824,0.3955
Gorilla pat,chr2_pat_hsa3,active,1.908,0.4
Gorilla pat,chr2_pat_hsa3,active,1.86,0.39
Gorilla pat,chr2_pat_hsa3,active,1.94,0.402
Gorilla pat,chr2_pat_hsa3,active,1.8,0.397
Gorilla pat,chr2_pat_hsa3,active,1.836,0.3965
Gorilla pat,chr2_pat_hsa3,active,1.948,0.396
Gorilla pat,chr2_pat_hsa3,active,1.816,0.396
Gorilla pat,chr2_pat_hsa3,active,1.856,0.4
Gorilla pat,chr2_pat_hsa3,active,1.936,0.3925
Gorilla pat,chr2_pat_hsa3,active,1.84,0.398
Gorilla pat,chr2_pat_hsa3,active,1.88,0.397
Gorilla pat,chr2_pat_hsa3,active,1.872,0.394
Gorilla pat,chr2_pat_hsa3,active,1.928,0.3985
Gorilla pat,chr2_pat_hsa3,active,1.876,0.398
Gorilla pat,chr2_pat_hsa3,active,1.892,0.3925
Gorilla pat,chr2_pat_hsa3,active,1.908,0.399
Gorilla pat,chr2_pat_hsa3,active,1.86,0.399
Gorilla pat,chr2_pat_hsa3,active,1.82,0.391
Gorilla pat,chr2_pat_hsa3,active,1.88,0.3975
Gorilla pat,chr2_pat_hsa3,active,1.856,0.393
Gorilla pat,chr2_pat_hsa3,active,1.832,0.3875
Gorilla pat,chr2_pat_hsa3,active,1.856,0.393
Gorilla pat,chr2_pat_hsa3,active,1.812,0.391
Gorilla pat,chr2_pat_hsa3,active,1.732,0.391
Gorilla pat,chr2_pat_hsa3,active,1.728,0.3975
Gorilla pat,chr2_pat_hsa3,active,1.764,0.388
Gorilla pat,chr2_pat_hsa3,active,1.784,0.3965
Gorilla pat,chr2_pat_hsa3,active,1.788,0.3945
Gorilla pat,chr2_pat_hsa3,active,1.672,0.396
Gorilla pat,chr2_pat_hsa3,active,1.788,0.397
Gorilla pat,chr2_pat_hsa3,active,1.792,0.3925
Gorilla pat,chr2_pat_hsa3,active,1.716,0.3975
Gorilla pat,chr2_pat_hsa3,active,1.688,0.3965
Gorilla pat,chr2_pat_hsa3,active,1.82,0.3925
Gorilla pat,chr2_pat_hsa3,active,1.768,0.397
Gorilla pat,chr2_pat_hsa3,active,1.78,0.3915
Gorilla pat,chr2_pat_hsa3,active,1.804,0.395
Gorilla pat,chr2_pat_hsa3,active,1.7,0.3915
Gorilla pat,chr2_pat_hsa3,active,1.748,0.3935
Gorilla pat,chr2_pat_hsa3,active,1.872,0.388
Gorilla pat,chr2_pat_hsa3,active,1.816,0.4005
Gorilla pat,chr2_pat_hsa3,active,1.86,0.397
Gorilla pat,chr2_pat_hsa3,active,1.924,0.394
Gorilla pat,chr2_pat_hsa3,active,1.784,0.3925
Gorilla pat,chr2_pat_hsa3,active,1.84,0.3885
Gorilla pat,chr2_pat_hsa3,active,1.876,0.3925
Gorilla pat,chr2_pat_hsa3,active,1.824,0.396
Gorilla pat,chr2_pat_hsa3,active,1.86,0.3945
Gorilla pat,chr2_pat_hsa3,active,1.852,0.3895
Gorilla pat,chr2_pat_hsa3,active,1.892,0.392
Gorilla pat,chr2_pat_hsa3,active,1.84,0.3955
Gorilla pat,chr2_pat_hsa3,active,1.88,0.3905
Gorilla pat,chr2_pat_hsa3,active,1.784,0.387
Gorilla pat,chr2_pat_hsa3,active,1.844,0.395
Gorilla pat,chr2_pat_hsa3,active,1.912,0.401
Gorilla pat,chr2_pat_hsa3,active,1.756,0.3965
Gorilla pat,chr2_pat_hsa3,active,1.88,0.395
Gorilla pat,chr2_pat_hsa3,active,1.888,0.4
Gorilla pat,chr2_pat_hsa3,active,1.82,0.3845
Gorilla pat,chr2_pat_hsa3,active,2.476,0.4015
Gorilla pat,chr2_pat_hsa3,active,1.996,0.376
Gorilla pat,chr2_pat_hsa3,active,1.892,0.392
Gorilla pat,chr2_pat_hsa3,active,1.848,0.3825
Gorilla pat,chr2_pat_hsa3,active,1.856,0.389
Gorilla pat,chr2_pat_hsa3,active,1.9,0.391
Gorilla pat,chr2_pat_hsa3,active,1.82,0.3815
Gorilla pat,chr2_pat_hsa3,active,1.876,0.386
Gorilla pat,chr2_pat_hsa3,active,1.864,0.3835
Gorilla pat,chr2_pat_hsa3,active,1.936,0.392
Gorilla pat,chr2_pat_hsa3,active,1.832,0.3875
Gorilla pat,chr2_pat_hsa3,active,1.88,0.3845
Gorilla pat,chr2_pat_hsa3,active,1.772,0.384
Gorilla pat,chr2_pat_hsa3,active,1.848,0.397
Gorilla pat,chr2_pat_hsa3,active,1.88,0.3865
Gorilla pat,chr2_pat_hsa3,active,1.88,0.392
Gorilla pat,chr2_pat_hsa3,active,1.884,0.397
Gorilla pat,chr2_pat_hsa3,active,1.844,0.396
Gorilla pat,chr2_pat_hsa3,active,1.86,0.397
Gorilla pat,chr2_pat_hsa3,active,1.82,0.3925
Gorilla pat,chr2_pat_hsa3,active,1.856,0.3965
Gorilla pat,chr2_pat_hsa3,active,1.908,0.405
Gorilla pat,chr2_pat_hsa3,active,1.9,0.3945
Gorilla pat,chr2_pat_hsa3,active,1.792,0.392
Gorilla pat,chr2_pat_hsa3,active,1.816,0.3945
Gorilla pat,chr2_pat_hsa3,active,1.888,0.393
Gorilla pat,chr2_pat_hsa3,active,1.98,0.3975
Gorilla pat,chr2_pat_hsa3,active,1.848,0.3965
Gorilla pat,chr2_pat_hsa3,active,1.816,0.397
Gorilla pat,chr2_pat_hsa3,active,1.892,0.3955
Gorilla pat,chr2_pat_hsa3,active,1.884,0.396
Gorilla pat,chr2_pat_hsa3,active,1.9,0.3945
Gorilla pat,chr2_pat_hsa3,active,1.824,0.387
Gorilla pat,chr2_pat_hsa3,active,1.864,0.3935
Gorilla pat,chr2_pat_hsa3,active,1.808,0.396
Gorilla pat,chr2_pat_hsa3,active,2.464,0.3895
Gorilla pat,chr2_pat_hsa3,active,2.232,0.396
Gorilla pat,chr2_pat_hsa3,active,1.828,0.3875
Gorilla pat,chr2_pat_hsa3,active,1.848,0.391
Gorilla pat,chr2_pat_hsa3,active,1.956,0.405
Gorilla pat,chr2_pat_hsa3,active,1.848,0.396
Gorilla pat,chr2_pat_hsa3,active,1.784,0.388
Gorilla pat,chr2_pat_hsa3,active,1.864,0.3885
Gorilla pat,chr2_pat_hsa3,active,1.86,0.3935
Gorilla pat,chr2_pat_hsa3,active,1.868,0.3855
Gorilla pat,chr2_pat_hsa3,active,1.88,0.394
Gorilla pat,chr2_pat_hsa3,active,1.912,0.398
Gorilla pat,chr2_pat_hsa3,active,1.836,0.392
Gorilla pat,chr2_pat_hsa3,active,1.828,0.401
Gorilla pat,chr2_pat_hsa3,active,1.84,0.3935
Gorilla pat,chr2_pat_hsa3,active,1.904,0.397
Gorilla pat,chr2_pat_hsa3,active,1.872,0.4
Gorilla pat,chr2_pat_hsa3,active,1.892,0.397
Gorilla pat,chr2_pat_hsa3,active,1.844,0.3925
Gorilla pat,chr2_pat_hsa3,active,1.816,0.393
Gorilla pat,chr2_pat_hsa3,active,1.832,0.399
Gorilla pat,chr2_pat_hsa3,active,1.812,0.394
Gorilla pat,chr2_pat_hsa3,active,1.924,0.3935
Gorilla pat,chr2_pat_hsa3,active,1.908,0.396
Gorilla pat,chr2_pat_hsa3,active,1.78,0.394
Gorilla pat,chr2_pat_hsa3,active,1.86,0.396
Gorilla pat,chr2_pat_hsa3,active,1.932,0.3975
Gorilla pat,chr2_pat_hsa3,active,1.78,0.392
Gorilla pat,chr2_pat_hsa3,active,1.804,0.3905
Gorilla pat,chr2_pat_hsa3,active,1.904,0.3895
Gorilla pat,chr2_pat_hsa3,active,1.932,0.396
Gorilla pat,chr2_pat_hsa3,active,2.26,0.3965
Gorilla pat,chr2_pat_hsa3,active,2.452,0.3855
Gorilla pat,chr2_pat_hsa3,active,1.868,0.391
Gorilla pat,chr2_pat_hsa3,active,1.764,0.396
Gorilla pat,chr2_pat_hsa3,active,1.944,0.3955
Gorilla pat,chr2_pat_hsa3,active,1.932,0.399
Gorilla pat,chr2_pat_hsa3,active,1.716,0.4055
Gorilla pat,chr2_pat_hsa3,active,1.804,0.377
Gorilla pat,chr2_pat_hsa3,active,1.728,0.3835
Gorilla pat,chr2_pat_hsa3,active,1.872,0.3905
Gorilla pat,chr2_pat_hsa3,active,1.884,0.387
Gorilla pat,chr2_pat_hsa3,active,1.856,0.3835
Gorilla pat,chr2_pat_hsa3,active,1.896,0.392
Gorilla pat,chr2_pat_hsa3,active,1.876,0.3865
Gorilla pat,chr2_pat_hsa3,active,1.82,0.3955
Gorilla pat,chr2_pat_hsa3,active,1.864,0.3845
Gorilla pat,chr2_pat_hsa3,active,1.888,0.3955
Gorilla pat,chr2_pat_hsa3,active,1.888,0.4
Gorilla pat,chr2_pat_hsa3,active,1.808,0.387
Gorilla pat,chr2_pat_hsa3,active,1.772,0.405
Gorilla pat,chr2_pat_hsa3,active,1.884,0.388
Gorilla pat,chr2_pat_hsa3,active,1.864,0.393
Gorilla pat,chr2_pat_hsa3,active,1.86,0.403
Gorilla pat,chr2_pat_hsa3,active,1.912,0.396
Gorilla pat,chr2_pat_hsa3,active,1.764,0.3935
Gorilla pat,chr2_pat_hsa3,active,1.7,0.391
Gorilla pat,chr2_pat_hsa3,active,1.86,0.398
Gorilla pat,chr2_pat_hsa3,active,1.804,0.401
Gorilla pat,chr2_pat_hsa3,active,1.844,0.3925
Gorilla pat,chr2_pat_hsa3,active,1.804,0.395
Gorilla pat,chr2_pat_hsa3,active,1.9,0.3935
Gorilla pat,chr2_pat_hsa3,active,1.94,0.399
Gorilla pat,chr2_pat_hsa3,active,1.908,0.3935
Gorilla pat,chr2_pat_hsa3,active,1.844,0.393
Gorilla pat,chr2_pat_hsa3,active,1.876,0.396
Gorilla pat,chr2_pat_hsa3,active,1.852,0.3965
Gorilla pat,chr2_pat_hsa3,active,1.92,0.39
Gorilla pat,chr2_pat_hsa3,active,1.86,0.3905
Gorilla pat,chr2_pat_hsa3,active,1.9,0.3965
Gorilla pat,chr2_pat_hsa3,active,1.924,0.3955
Gorilla pat,chr2_pat_hsa3,active,1.832,0.395
Gorilla pat,chr2_pat_hsa3,active,1.9,0.384
Gorilla pat,chr2_pat_hsa3,active,1.888,0.3975
Gorilla pat,chr2_pat_hsa3,active,1.912,0.397
Gorilla pat,chr2_pat_hsa3,active,1.78,0.3935
Gorilla pat,chr2_pat_hsa3,active,1.964,0.381
Gorilla pat,chr2_pat_hsa3,active,1.888,0.394
Gorilla pat,chr2_pat_hsa3,active,1.78,0.4035
Gorilla pat,chr2_pat_hsa3,active,1.9,0.396
Gorilla pat,chr2_pat_hsa3,active,1.836,0.394
Gorilla pat,chr2_pat_hsa3,active,1.82,0.4005
Gorilla pat,chr2_pat_hsa3,active,1.88,0.3945
Gorilla pat,chr2_pat_hsa3,active,1.896,0.3955
Gorilla pat,chr2_pat_hsa3,active,1.824,0.3895
Gorilla pat,chr2_pat_hsa3,active,1.944,0.394
Gorilla pat,chr2_pat_hsa3,active,1.904,0.399
Gorilla pat,chr2_pat_hsa3,active,1.872,0.3955
Gorilla pat,chr2_pat_hsa3,active,1.892,0.394
Gorilla pat,chr2_pat_hsa3,active,1.856,0.396
Gorilla pat,chr2_pat_hsa3,active,1.876,0.3935
Gorilla pat,chr2_pat_hsa3,active,1.952,0.4
Gorilla pat,chr2_pat_hsa3,active,1.856,0.397
Gorilla pat,chr2_pat_hsa3,active,1.9,0.3905
Gorilla pat,chr2_pat_hsa3,active,1.972,0.403
Gorilla pat,chr2_pat_hsa3,active,1.892,0.389
Gorilla pat,chr2_pat_hsa3,active,1.92,0.4005
Gorilla pat,chr2_pat_hsa3,active,1.74,0.393
Gorilla pat,chr2_pat_hsa3,active,1.912,0.39
Gorilla pat,chr2_pat_hsa3,active,1.844,0.398
Gorilla pat,chr2_pat_hsa3,active,1.864,0.393
Gorilla pat,chr2_pat_hsa3,active,1.832,0.3985
Gorilla pat,chr2_pat_hsa3,active,1.8,0.403
Gorilla pat,chr2_pat_hsa3,active,1.856,0.391
Gorilla pat,chr2_pat_hsa3,active,1.888,0.396
Gorilla pat,chr2_pat_hsa3,active,1.9,0.393
Gorilla pat,chr2_pat_hsa3,active,1.764,0.395
Gorilla pat,chr2_pat_hsa3,active,1.9,0.3915
Gorilla pat,chr2_pat_hsa3,active,1.916,0.4
Gorilla pat,chr2_pat_hsa3,active,1.868,0.394
Gorilla pat,chr2_pat_hsa3,active,1.832,0.396
Gorilla pat,chr2_pat_hsa3,active,1.82,0.397
Gorilla pat,chr2_pat_hsa3,active,1.864,0.4025
Gorilla pat,chr2_pat_hsa3,active,1.788,0.3945
Gorilla pat,chr2_pat_hsa3,active,1.836,0.4045
Gorilla pat,chr2_pat_hsa3,active,1.836,0.389
Gorilla pat,chr2_pat_hsa3,active,1.804,0.398
Gorilla pat,chr2_pat_hsa3,active,1.9,0.396
Gorilla pat,chr2_pat_hsa3,active,1.904,0.381
Gorilla pat,chr2_pat_hsa3,active,1.956,0.39
Gorilla pat,chr2_pat_hsa3,active,1.884,0.393
Gorilla pat,chr2_pat_hsa3,active,1.86,0.3935
Gorilla pat,chr2_pat_hsa3,active,1.9,0.406
Gorilla pat,chr2_pat_hsa3,active,1.872,0.3975
Gorilla pat,chr2_pat_hsa3,active,1.884,0.395
Gorilla pat,chr2_pat_hsa3,active,1.908,0.3985
Gorilla pat,chr2_pat_hsa3,active,2.432,0.397
Gorilla pat,chr2_pat_hsa3,active,2.284,0.387
Gorilla pat,chr2_pat_hsa3,active,1.872,0.3935
Gorilla pat,chr2_pat_hsa3,active,1.86,0.3945
Gorilla pat,chr2_pat_hsa3,active,1.844,0.381
Gorilla pat,chr2_pat_hsa3,active,1.944,0.3755
Gorilla pat,chr2_pat_hsa3,active,1.9,0.374
Gorilla pat,chr2_pat_hsa3,active,1.956,0.393
Gorilla pat,chr2_pat_hsa3,active,2.028,0.377
Gorilla pat,chr2_pat_hsa3,active,1.872,0.386
Gorilla pat,chr2_pat_hsa3,active,1.904,0.3755
Gorilla pat,chr2_pat_hsa3,active,1.956,0.3805
Gorilla pat,chr2_pat_hsa3,active,1.86,0.3875
Gorilla pat,chr2_pat_hsa3,active,2.032,0.372
Gorilla pat,chr2_pat_hsa3,active,1.804,0.391
Gorilla pat,chr2_pat_hsa3,active,1.888,0.3865
Gorilla pat,chr2_pat_hsa3,active,1.896,0.3715
Gorilla pat,chr2_pat_hsa3,active,1.976,0.3805
Gorilla pat,chr2_pat_hsa3,active,1.872,0.385
Gorilla pat,chr2_pat_hsa3,active,1.884,0.381
Gorilla pat,chr2_pat_hsa3,active,1.888,0.3855
Gorilla pat,chr2_pat_hsa3,active,1.884,0.3765
Gorilla pat,chr2_pat_hsa3,active,1.88,0.3835
Gorilla pat,chr2_pat_hsa3,active,1.928,0.3775
Gorilla pat,chr2_pat_hsa3,active,1.808,0.3785
Gorilla pat,chr2_pat_hsa3,active,1.908,0.385
Gorilla pat,chr2_pat_hsa3,active,1.964,0.3825
Gorilla pat,chr2_pat_hsa3,active,1.924,0.3755
Gorilla pat,chr2_pat_hsa3,active,1.88,0.3805
Gorilla pat,chr2_pat_hsa3,active,1.972,0.375
Gorilla pat,chr2_pat_hsa3,active,1.856,0.385
Gorilla pat,chr2_pat_hsa3,active,1.88,0.3845
Gorilla pat,chr2_pat_hsa3,active,1.912,0.384
Gorilla pat,chr2_pat_hsa3,active,1.812,0.3835
Gorilla pat,chr2_pat_hsa3,active,1.924,0.3855
Gorilla pat,chr2_pat_hsa3,active,1.924,0.3825
Gorilla pat,chr2_pat_hsa3,active,1.904,0.3775
Gorilla pat,chr2_pat_hsa3,active,1.896,0.387
Gorilla pat,chr2_pat_hsa3,active,1.86,0.379
Gorilla pat,chr2_pat_hsa3,active,2.416,0.385
Gorilla pat,chr2_pat_hsa3,active,2.06,0.3985
Gorilla pat,chr2_pat_hsa3,active,1.944,0.391
Gorilla pat,chr2_pat_hsa3,active,1.532,0.39
Gorilla pat,chr2_pat_hsa3,active,1.844,0.38
Gorilla pat,chr2_pat_hsa3,active,1.904,0.3835
Gorilla pat,chr2_pat_hsa3,active,1.896,0.378
Gorilla pat,chr2_pat_hsa3,active,1.8,0.3845
Gorilla pat,chr2_pat_hsa3,active,1.9,0.382
Gorilla pat,chr2_pat_hsa3,active,1.872,0.3895
Gorilla pat,chr2_pat_hsa3,active,1.924,0.3865
Gorilla pat,chr2_pat_hsa3,active,1.864,0.381
Gorilla pat,chr2_pat_hsa3,active,1.892,0.388
Gorilla pat,chr2_pat_hsa3,active,1.896,0.388
Gorilla pat,chr2_pat_hsa3,active,1.856,0.376
Gorilla pat,chr2_pat_hsa3,active,2.484,0.3925
Gorilla pat,chr2_pat_hsa3,active,1.888,0.385
Gorilla pat,chr2_pat_hsa3,active,1.912,0.3855
Gorilla pat,chr2_pat_hsa3,active,1.928,0.3745
Gorilla pat,chr2_pat_hsa3,active,2.204,0.379
Gorilla pat,chr2_pat_hsa3,active,2.376,0.3875
Gorilla pat,chr2_pat_hsa3,active,1.968,0.3885
Gorilla pat,chr2_pat_hsa3,active,1.956,0.379
Gorilla pat,chr2_pat_hsa3,active,1.892,0.376
Gorilla pat,chr2_pat_hsa3,active,1.9,0.3745
Gorilla pat,chr2_pat_hsa3,active,1.844,0.3785
Gorilla pat,chr2_pat_hsa3,active,1.88,0.3745
Gorilla pat,chr2_pat_hsa3,active,1.996,0.3725
Gorilla pat,chr2_pat_hsa3,active,1.928,0.3715
Gorilla pat,chr2_pat_hsa3,active,2.052,0.3795
Gorilla pat,chr2_pat_hsa3,active,1.936,0.3725
Gorilla pat,chr2_pat_hsa3,active,1.904,0.3805
Gorilla pat,chr2_pat_hsa3,active,1.836,0.385
Gorilla pat,chr2_pat_hsa3,active,1.932,0.376
Gorilla pat,chr2_pat_hsa3,active,1.764,0.3805
Gorilla pat,chr2_pat_hsa3,active,2.368,0.383
Gorilla pat,chr2_pat_hsa3,active,2.276,0.4005
Gorilla pat,chr2_pat_hsa3,active,1.832,0.393
Gorilla pat,chr2_pat_hsa3,active,1.72,0.392
Gorilla pat,chr2_pat_hsa3,active,1.844,0.3765
Gorilla pat,chr2_pat_hsa3,active,1.88,0.3855
Gorilla pat,chr2_pat_hsa3,active,1.904,0.375
Gorilla pat,chr2_pat_hsa3,active,1.844,0.388
Gorilla pat,chr2_pat_hsa3,active,1.88,0.383
Gorilla pat,chr2_pat_hsa3,active,1.82,0.387
Gorilla pat,chr2_pat_hsa3,active,1.944,0.388
Gorilla pat,chr2_pat_hsa3,active,1.856,0.3815
Gorilla pat,chr2_pat_hsa3,active,1.872,0.3875
Gorilla pat,chr2_pat_hsa3,active,1.892,0.388
Gorilla pat,chr2_pat_hsa3,active,1.868,0.377
Gorilla pat,chr2_pat_hsa3,active,2.392,0.385
Gorilla pat,chr2_pat_hsa3,active,2.06,0.389
Gorilla pat,chr2_pat_hsa3,active,1.892,0.3865
Gorilla pat,chr2_pat_hsa3,active,1.968,0.377
Gorilla pat,chr2_pat_hsa3,active,2.012,0.3775
Gorilla pat,chr2_pat_hsa3,active,2.452,0.3905
Gorilla pat,chr2_pat_hsa3,active,1.968,0.388
Gorilla pat,chr2_pat_hsa3,active,1.888,0.3805
Gorilla pat,chr2_pat_hsa3,active,1.924,0.3725
Gorilla pat,chr2_pat_hsa3,active,1.836,0.375
Gorilla pat,chr2_pat_hsa3,active,1.856,0.381
Gorilla pat,chr2_pat_hsa3,active,1.9,0.375
Gorilla pat,chr2_pat_hsa3,active,1.976,0.3755
Gorilla pat,chr2_pat_hsa3,active,1.78,0.369
Gorilla pat,chr2_pat_hsa3,active,2.056,0.3765
Gorilla pat,chr2_pat_hsa3,active,1.896,0.375
Gorilla pat,chr2_pat_hsa3,active,1.912,0.3805
Gorilla pat,chr2_pat_hsa3,active,1.776,0.384
Gorilla pat,chr2_pat_hsa3,active,1.86,0.3745
Gorilla pat,chr2_pat_hsa3,active,1.916,0.378
Gorilla pat,chr2_pat_hsa3,active,1.756,0.385
Gorilla pat,chr2_pat_hsa3,active,1.904,0.379
Gorilla pat,chr2_pat_hsa3,active,1.824,0.38
Gorilla pat,chr2_pat_hsa3,active,1.884,0.383
Gorilla pat,chr2_pat_hsa3,active,1.932,0.377
Gorilla pat,chr2_pat_hsa3,active,1.768,0.383
Gorilla pat,chr2_pat_hsa3,active,1.936,0.378
Gorilla pat,chr2_pat_hsa3,active,1.768,0.3785
Gorilla pat,chr2_pat_hsa3,active,1.9,0.3835
Gorilla pat,chr2_pat_hsa3,active,1.936,0.3795
Gorilla pat,chr2_pat_hsa3,active,2.12,0.411
Gorilla pat,chr2_pat_hsa3,active,1.876,0.373
Gorilla pat,chr2_pat_hsa3,active,2.408,0.3925
Gorilla pat,chr2_pat_hsa3,active,1.912,0.396
Gorilla pat,chr2_pat_hsa3,active,1.86,0.39
Gorilla pat,chr2_pat_hsa3,active,1.792,0.3925
Gorilla pat,chr2_pat_hsa3,active,1.752,0.388
Gorilla pat,chr2_pat_hsa3,active,1.876,0.4005
Gorilla pat,chr2_pat_hsa3,active,1.892,0.3905
Gorilla pat,chr2_pat_hsa3,active,1.672,0.391
Gorilla pat,chr2_pat_hsa3,active,1.912,0.392
Gorilla pat,chr2_pat_hsa3,active,1.904,0.3955
Gorilla pat,chr2_pat_hsa3,active,1.972,0.3845
Gorilla pat,chr2_pat_hsa3,active,1.912,0.3925
Gorilla pat,chr2_pat_hsa3,active,1.824,0.3935
Gorilla pat,chr2_pat_hsa3,active,1.832,0.399
Gorilla pat,chr2_pat_hsa3,active,1.868,0.382
Gorilla pat,chr2_pat_hsa3,active,1.876,0.3975
Gorilla pat,chr2_pat_hsa3,active,1.66,0.391
Gorilla pat,chr2_pat_hsa3,active,1.92,0.3925
Gorilla pat,chr2_pat_hsa3,active,1.856,0.3865
Gorilla pat,chr2_pat_hsa3,active,1.932,0.3885
Gorilla pat,chr2_pat_hsa3,active,1.932,0.3925
Gorilla pat,chr2_pat_hsa3,active,1.912,0.395
Gorilla pat,chr2_pat_hsa3,active,1.836,0.395
Gorilla pat,chr2_pat_hsa3,active,1.892,0.4045
Gorilla pat,chr2_pat_hsa3,active,1.9,0.3915
Gorilla pat,chr2_pat_hsa3,active,1.852,0.3995
Gorilla pat,chr2_pat_hsa3,active,1.764,0.395
Gorilla pat,chr2_pat_hsa3,active,1.764,0.394
Gorilla pat,chr2_pat_hsa3,active,1.792,0.401
Gorilla pat,chr2_pat_hsa3,active,1.812,0.398
Gorilla pat,chr2_pat_hsa3,active,1.788,0.396
Gorilla pat,chr2_pat_hsa3,active,1.828,0.3945
Gorilla pat,chr2_pat_hsa3,active,1.848,0.401
Gorilla pat,chr2_pat_hsa3,active,1.88,0.381
Gorilla pat,chr2_pat_hsa3,active,1.844,0.389
Gorilla pat,chr2_pat_hsa3,active,1.876,0.396
Gorilla pat,chr2_pat_hsa3,active,1.78,0.392
Gorilla pat,chr2_pat_hsa3,active,1.9,0.393
Gorilla pat,chr2_pat_hsa3,active,1.9,0.3925
Gorilla pat,chr2_pat_hsa3,active,1.828,0.4005
Gorilla pat,chr2_pat_hsa3,active,1.848,0.397
Gorilla pat,chr2_pat_hsa3,active,1.924,0.395
Gorilla pat,chr2_pat_hsa3,active,2.436,0.3955
Gorilla pat,chr2_pat_hsa3,active,2.308,0.3905
Gorilla pat,chr2_pat_hsa3,active,2.472,0.3975
Gorilla pat,chr2_pat_hsa3,active,2.204,0.395
Gorilla pat,chr2_pat_hsa3,active,2.472,0.3925
Gorilla pat,chr2_pat_hsa3,active,2.164,0.389
Gorilla pat,chr2_pat_hsa3,active,2.488,0.404
Gorilla pat,chr2_pat_hsa3,active,2.18,0.3935
Gorilla pat,chr2_pat_hsa3,active,2.448,0.391
Gorilla pat,chr2_pat_hsa3,active,2.164,0.3955
Gorilla pat,chr2_pat_hsa3,active,2.452,0.3925
Gorilla pat,chr2_pat_hsa3,active,2.164,0.399
Gorilla pat,chr2_pat_hsa3,active,2.456,0.389
Gorilla pat,chr2_pat_hsa3,active,2.312,0.396
Gorilla pat,chr2_pat_hsa3,active,2.408,0.3915
Gorilla pat,chr2_pat_hsa3,active,2.364,0.3985
Gorilla pat,chr2_pat_hsa3,active,2.428,0.39
Gorilla pat,chr2_pat_hsa3,active,2.424,0.3945
Gorilla pat,chr2_pat_hsa3,active,2.36,0.3905
Gorilla pat,chr2_pat_hsa3,active,2.456,0.397
Gorilla pat,chr2_pat_hsa3,active,2.276,0.39
Gorilla pat,chr2_pat_hsa3,active,2.476,0.398
Gorilla pat,chr2_pat_hsa3,active,2.192,0.393
Gorilla pat,chr2_pat_hsa3,active,2.464,0.3925
Gorilla pat,chr2_pat_hsa3,active,2.164,0.392
Gorilla pat,chr2_pat_hsa3,active,2.468,0.401
Gorilla pat,chr2_pat_hsa3,active,2.144,0.3935
Gorilla pat,chr2_pat_hsa3,active,2.424,0.388
Gorilla pat,chr2_pat_hsa3,active,2.176,0.3985
Gorilla pat,chr2_pat_hsa3,active,2.456,0.3905
Gorilla pat,chr2_pat_hsa3,active,2.2,0.398
Gorilla pat,chr2_pat_hsa3,active,2.448,0.3885
Gorilla pat,chr2_pat_hsa3,active,2.336,0.3965
Gorilla pat,chr2_pat_hsa3,active,2.412,0.391
Gorilla pat,chr2_pat_hsa3,active,2.392,0.396
Gorilla pat,chr2_pat_hsa3,active,2.408,0.393
Gorilla pat,chr2_pat_hsa3,active,2.432,0.3955
Gorilla pat,chr2_pat_hsa3,active,2.372,0.3925
Gorilla pat,chr2_pat_hsa3,active,2.452,0.395
Gorilla pat,chr2_pat_hsa3,active,2.276,0.3935
Gorilla pat,chr2_pat_hsa3,active,2.472,0.396
Gorilla pat,chr2_pat_hsa3,active,2.152,0.394
Gorilla pat,chr2_pat_hsa3,active,2.472,0.3925
Gorilla pat,chr2_pat_hsa3,active,2.18,0.3975
Gorilla pat,chr2_pat_hsa3,active,2.444,0.395
Gorilla pat,chr2_pat_hsa3,active,2.176,0.395
Gorilla pat,chr2_pat_hsa3,active,2.444,0.393
Gorilla pat,chr2_pat_hsa3,active,2.12,0.3955
Gorilla pat,chr2_pat_hsa3,active,2.448,0.392
Gorilla pat,chr2_pat_hsa3,active,2.24,0.397
Gorilla pat,chr2_pat_hsa3,active,2.44,0.388
Gorilla pat,chr2_pat_hsa3,active,2.336,0.398
Gorilla pat,chr2_pat_hsa3,active,2.42,0.3895
Gorilla pat,chr2_pat_hsa3,active,2.404,0.392
Gorilla pat,chr2_pat_hsa3,active,2.388,0.3925
Gorilla pat,chr2_pat_hsa3,active,1.916,0.3925
Gorilla pat,chr2_pat_hsa3,active,1.86,0.3925
Gorilla pat,chr2_pat_hsa3,active,1.916,0.379
Gorilla pat,chr2_pat_hsa3,active,1.916,0.377
Gorilla pat,chr2_pat_hsa3,active,1.852,0.3925
Gorilla pat,chr2_pat_hsa3,active,1.948,0.3735
Gorilla pat,chr2_pat_hsa3,active,1.84,0.386
Gorilla pat,chr2_pat_hsa3,active,1.824,0.389
Gorilla pat,chr2_pat_hsa3,active,1.9,0.3725
Gorilla pat,chr2_pat_hsa3,active,1.928,0.381
Gorilla pat,chr2_pat_hsa3,active,1.948,0.376
Gorilla pat,chr2_pat_hsa3,active,1.88,0.3855
Gorilla pat,chr2_pat_hsa3,active,1.972,0.385
Gorilla pat,chr2_pat_hsa3,active,1.832,0.3745
Gorilla pat,chr2_pat_hsa3,active,1.876,0.383
Gorilla pat,chr2_pat_hsa3,active,1.892,0.3785
Gorilla pat,chr2_pat_hsa3,active,1.824,0.381
Gorilla pat,chr2_pat_hsa3,active,1.892,0.385
Gorilla pat,chr2_pat_hsa3,active,1.932,0.3745
Gorilla pat,chr2_pat_hsa3,active,1.932,0.3815
Gorilla pat,chr2_pat_hsa3,active,1.892,0.3805
Gorilla pat,chr2_pat_hsa3,active,1.84,0.3815
Gorilla pat,chr2_pat_hsa3,active,1.912,0.3855
Gorilla pat,chr2_pat_hsa3,active,1.936,0.3765
Gorilla pat,chr2_pat_hsa3,active,1.884,0.381
Gorilla pat,chr2_pat_hsa3,active,1.872,0.375
Gorilla pat,chr2_pat_hsa3,active,1.944,0.382
Gorilla pat,chr2_pat_hsa3,active,1.868,0.385
Gorilla pat,chr2_pat_hsa3,active,1.916,0.3815
Gorilla pat,chr2_pat_hsa3,active,1.888,0.3745
Gorilla pat,chr2_pat_hsa3,active,1.884,0.3815
Gorilla pat,chr2_pat_hsa3,active,1.9,0.381
Gorilla pat,chr2_pat_hsa3,active,1.892,0.379
Gorilla pat,chr2_pat_hsa3,active,1.824,0.388
Gorilla pat,chr2_pat_hsa3,active,1.96,0.38
Gorilla pat,chr2_pat_hsa3,active,1.88,0.3875
Gorilla pat,chr2_pat_hsa3,active,1.832,0.389
Gorilla pat,chr2_pat_hsa3,active,1.916,0.383
Gorilla pat,chr2_pat_hsa3,active,1.828,0.3765
Gorilla pat,chr2_pat_hsa3,active,1.868,0.382
Gorilla pat,chr2_pat_hsa3,active,2.26,0.3855
Gorilla pat,chr2_pat_hsa3,active,2.348,0.3995
Gorilla pat,chr2_pat_hsa3,active,1.744,0.397
Gorilla pat,chr2_pat_hsa3,active,1.84,0.3855
Gorilla pat,chr2_pat_hsa3,active,1.932,0.382
Gorilla pat,chr2_pat_hsa3,active,1.912,0.381
Gorilla pat,chr2_pat_hsa3,active,1.816,0.386
Gorilla pat,chr2_pat_hsa3,active,1.924,0.3805
Gorilla pat,chr2_pat_hsa3,active,1.892,0.3865
Gorilla pat,chr2_pat_hsa3,active,1.912,0.39
Gorilla pat,chr2_pat_hsa3,active,1.968,0.374
Gorilla pat,chr2_pat_hsa3,active,1.948,0.382
Gorilla pat,chr2_pat_hsa3,active,1.916,0.3875
Gorilla pat,chr2_pat_hsa3,active,1.852,0.388
Gorilla pat,chr2_pat_hsa3,active,1.812,0.381
Gorilla pat,chr2_pat_hsa3,active,1.92,0.384
Gorilla pat,chr2_pat_hsa3,active,1.892,0.3795
Gorilla pat,chr2_pat_hsa3,active,2.428,0.3865
Gorilla pat,chr2_pat_hsa3,active,2.024,0.386
Gorilla pat,chr2_pat_hsa3,active,1.892,0.383
Gorilla pat,chr2_pat_hsa3,active,1.976,0.377
Gorilla pat,chr2_pat_hsa3,active,1.876,0.375
Gorilla pat,chr2_pat_hsa3,active,1.868,0.377
Gorilla pat,chr2_pat_hsa3,active,1.948,0.3795
Gorilla pat,chr2_pat_hsa3,active,1.88,0.38
Gorilla pat,chr2_pat_hsa3,active,1.748,0.377
Gorilla pat,chr2_pat_hsa3,active,1.932,0.3795
Gorilla pat,chr2_pat_hsa3,active,1.76,0.3855
Gorilla pat,chr2_pat_hsa3,active,1.92,0.3755
Gorilla pat,chr2_pat_hsa3,active,1.832,0.385
Gorilla pat,chr2_pat_hsa3,active,1.676,0.384
Gorilla pat,chr2_pat_hsa3,active,1.924,0.378
Gorilla pat,chr2_pat_hsa3,active,1.668,0.3805
Gorilla pat,chr2_pat_hsa3,active,1.824,0.3845
Gorilla pat,chr2_pat_hsa3,active,1.928,0.3775
Gorilla pat,chr2_pat_hsa3,active,1.636,0.383
Gorilla pat,chr2_pat_hsa3,active,1.7,0.386
Gorilla pat,chr2_pat_hsa3,active,1.928,0.377
Gorilla pat,chr2_pat_hsa3,active,1.86,0.383
Gorilla pat,chr2_pat_hsa3,active,1.86,0.3795
Gorilla pat,chr2_pat_hsa3,active,1.868,0.38
Gorilla pat,chr2_pat_hsa3,active,1.728,0.3835
Gorilla pat,chr2_pat_hsa3,active,1.916,0.378
Gorilla pat,chr2_pat_hsa3,active,1.732,0.382
Gorilla pat,chr2_pat_hsa3,active,1.88,0.381
Gorilla pat,chr2_pat_hsa3,active,1.924,0.3765
Gorilla pat,chr2_pat_hsa3,active,1.812,0.383
Gorilla pat,chr2_pat_hsa3,active,1.944,0.376
Gorilla pat,chr2_pat_hsa3,active,1.728,0.384
Gorilla pat,chr2_pat_hsa3,active,1.828,0.382
Gorilla pat,chr2_pat_hsa3,active,1.8,0.3855
Gorilla pat,chr2_pat_hsa3,active,1.72,0.3825
Gorilla pat,chr2_pat_hsa3,active,1.912,0.383
Gorilla pat,chr2_pat_hsa3,active,1.92,0.375
Gorilla pat,chr2_pat_hsa3,active,1.728,0.3865
Gorilla pat,chr2_pat_hsa3,active,1.92,0.3785
Gorilla pat,chr2_pat_hsa3,active,1.84,0.3805
Gorilla pat,chr2_pat_hsa3,active,1.9,0.385
Gorilla pat,chr2_pat_hsa3,active,1.892,0.382
Gorilla pat,chr2_pat_hsa3,active,1.924,0.3755
Gorilla pat,chr2_pat_hsa3,active,1.744,0.3825
Gorilla pat,chr2_pat_hsa3,active,1.9,0.3825
Gorilla pat,chr2_pat_hsa3,active,1.908,0.3805
Gorilla pat,chr2_pat_hsa3,active,1.6,0.3805
Gorilla pat,chr2_pat_hsa3,active,1.916,0.382
Gorilla pat,chr2_pat_hsa3,active,1.904,0.38
Gorilla pat,chr2_pat_hsa3,active,1.784,0.381
Gorilla pat,chr2_pat_hsa3,active,1.952,0.375
Gorilla pat,chr2_pat_hsa3,active,1.824,0.383
Gorilla pat,chr2_pat_hsa3,active,1.824,0.3705
Gorilla pat,chr2_pat_hsa3,active,1.908,0.3785
Gorilla pat,chr2_pat_hsa3,active,1.928,0.3715
Gorilla pat,chr2_pat_hsa3,active,1.964,0.365
Gorilla pat,chr2_pat_hsa3,active,1.952,0.3805
Gorilla pat,chr2_pat_hsa3,active,1.924,0.3775
Gorilla pat,chr2_pat_hsa3,active,1.948,0.3805
Gorilla pat,chr2_pat_hsa3,active,1.968,0.3715
Gorilla pat,chr2_pat_hsa3,active,1.924,0.379
Gorilla pat,chr2_pat_hsa3,active,2.124,0.4145
Gorilla pat,chr2_pat_hsa3,active,1.892,0.38
Gorilla pat,chr2_pat_hsa3,active,1.916,0.382
Gorilla pat,chr2_pat_hsa3,active,2.004,0.3745
Gorilla pat,chr2_pat_hsa3,active,1.912,0.3805
Gorilla pat,chr2_pat_hsa3,active,1.912,0.3845
Gorilla pat,chr2_pat_hsa3,active,1.844,0.374
Gorilla pat,chr2_pat_hsa3,active,1.904,0.3865
Gorilla pat,chr2_pat_hsa3,active,1.832,0.372
Gorilla pat,chr2_pat_hsa3,active,1.992,0.375
Gorilla pat,chr2_pat_hsa3,active,2.352,0.3985
Gorilla pat,chr2_pat_hsa3,active,1.844,0.3985
Gorilla pat,chr2_pat_hsa3,active,1.664,0.397
Gorilla pat,chr2_pat_hsa3,active,1.696,0.389
Gorilla pat,chr2_pat_hsa3,active,1.852,0.393
Gorilla pat,chr2_pat_hsa3,active,2.14,0.3705
Gorilla pat,chr2_pat_hsa3,active,1.96,0.389
Gorilla pat,chr2_pat_hsa3,active,1.784,0.3845
Gorilla pat,chr2_pat_hsa3,active,1.96,0.3815
Gorilla pat,chr2_pat_hsa3,active,2.08,0.371
Gorilla pat,chr2_pat_hsa3,active,1.988,0.3725
Gorilla pat,chr2_pat_hsa3,active,2.0,0.38
Gorilla pat,chr2_pat_hsa3,active,1.98,0.3795
Gorilla pat,chr2_pat_hsa3,active,1.952,0.379
Gorilla pat,chr2_pat_hsa3,active,1.896,0.3775
Gorilla pat,chr2_pat_hsa3,active,2.056,0.38
Gorilla pat,chr2_pat_hsa3,active,1.932,0.379
Gorilla pat,chr2_pat_hsa3,inactive,2.016,0.3655
Gorilla pat,chr2_pat_hsa3,inactive,2.092,0.3575
Gorilla pat,chr2_pat_hsa3,inactive,2.144,0.371
Gorilla pat,chr2_pat_hsa3,inactive,2.092,0.3625
Gorilla pat,chr2_pat_hsa3,inactive,1.868,0.3635
Gorilla pat,chr2_pat_hsa3,inactive,2.028,0.363
Gorilla pat,chr2_pat_hsa3,inactive,1.896,0.36
Gorilla pat,chr2_pat_hsa3,inactive,1.948,0.3555
Gorilla pat,chr2_pat_hsa3,inactive,2.436,0.3815
Gorilla pat,chr2_pat_hsa3,inactive,2.448,0.3835
Gorilla pat,chr2_pat_hsa3,inactive,2.42,0.397
Gorilla pat,chr2_pat_hsa3,inactive,2.276,0.4275
Gorilla pat,chr2_pat_hsa3,inactive,1.892,0.3555
Gorilla pat,chr2_pat_hsa3,inactive,1.92,0.3525
Gorilla pat,chr2_pat_hsa3,inactive,1.928,0.3505
Gorilla pat,chr2_pat_hsa3,inactive,2.0,0.352
Gorilla pat,chr2_pat_hsa3,inactive,1.852,0.361
Gorilla pat,chr2_pat_hsa3,inactive,1.848,0.356
Gorilla pat,chr2_pat_hsa3,inactive,1.828,0.3665
Gorilla pat,chr2_pat_hsa3,inactive,1.892,0.3615
Gorilla pat,chr2_pat_hsa3,inactive,1.808,0.358
Gorilla pat,chr5_pat_hsa6,inactive,1.84,0.369
Gorilla pat,chr5_pat_hsa6,inactive,1.816,0.386
Gorilla pat,chr5_pat_hsa6,inactive,1.724,0.376
Gorilla pat,chr5_pat_hsa6,inactive,1.8,0.378
Gorilla pat,chr5_pat_hsa6,inactive,1.932,0.3825
Gorilla pat,chr5_pat_hsa6,active,1.928,0.3735
Gorilla pat,chr5_pat_hsa6,active,1.748,0.376
Gorilla pat,chr5_pat_hsa6,active,1.868,0.3815
Gorilla pat,chr5_pat_hsa6,active,1.884,0.3915
Gorilla pat,chr5_pat_hsa6,active,1.792,0.397
Gorilla pat,chr5_pat_hsa6,active,1.632,0.4035
Gorilla pat,chr5_pat_hsa6,active,1.512,0.3955
Gorilla pat,chr5_pat_hsa6,active,1.568,0.391
Gorilla pat,chr5_pat_hsa6,active,1.536,0.4005
Gorilla pat,chr5_pat_hsa6,active,1.608,0.393
Gorilla pat,chr5_pat_hsa6,active,1.596,0.393
Gorilla pat,chr5_pat_hsa6,active,1.568,0.3985
Gorilla pat,chr5_pat_hsa6,active,1.676,0.3945
Gorilla pat,chr5_pat_hsa6,active,1.528,0.3955
Gorilla pat,chr5_pat_hsa6,active,1.632,0.393
Gorilla pat,chr5_pat_hsa6,active,1.608,0.3955
Gorilla pat,chr5_pat_hsa6,active,1.568,0.392
Gorilla pat,chr5_pat_hsa6,active,1.568,0.396
Gorilla pat,chr5_pat_hsa6,active,1.536,0.396
Gorilla pat,chr5_pat_hsa6,active,1.584,0.3935
Gorilla pat,chr5_pat_hsa6,active,1.436,0.392
Gorilla pat,chr5_pat_hsa6,active,1.588,0.3895
Gorilla pat,chr5_pat_hsa6,active,1.576,0.3925
Gorilla pat,chr5_pat_hsa6,active,1.68,0.401
Gorilla pat,chr5_pat_hsa6,active,1.48,0.394
Gorilla pat,chr5_pat_hsa6,active,1.592,0.397
Gorilla pat,chr5_pat_hsa6,active,1.484,0.393
Gorilla pat,chr5_pat_hsa6,active,1.72,0.3985
Gorilla pat,chr5_pat_hsa6,active,1.572,0.3985
Gorilla pat,chr5_pat_hsa6,active,1.708,0.3895
Gorilla pat,chr5_pat_hsa6,active,1.624,0.392
Gorilla pat,chr5_pat_hsa6,active,1.572,0.391
Gorilla pat,chr5_pat_hsa6,active,1.492,0.3965
Gorilla pat,chr5_pat_hsa6,active,1.628,0.397
Gorilla pat,chr5_pat_hsa6,active,1.712,0.39
Gorilla pat,chr5_pat_hsa6,active,1.588,0.3905
Gorilla pat,chr5_pat_hsa6,active,1.548,0.3955
Gorilla pat,chr5_pat_hsa6,active,1.616,0.3975
Gorilla pat,chr5_pat_hsa6,active,1.728,0.3885
Gorilla pat,chr5_pat_hsa6,active,1.592,0.391
Gorilla pat,chr5_pat_hsa6,active,1.496,0.396
Gorilla pat,chr5_pat_hsa6,active,1.556,0.395
Gorilla pat,chr5_pat_hsa6,active,1.468,0.39
Gorilla pat,chr5_pat_hsa6,active,1.608,0.398
Gorilla pat,chr5_pat_hsa6,active,1.644,0.3925
Gorilla pat,chr5_pat_hsa6,active,1.584,0.389
Gorilla pat,chr5_pat_hsa6,active,1.648,0.3915
Gorilla pat,chr5_pat_hsa6,active,1.532,0.4035
Gorilla pat,chr5_pat_hsa6,active,1.6,0.3895
Gorilla pat,chr5_pat_hsa6,active,1.624,0.392
Gorilla pat,chr5_pat_hsa6,active,1.488,0.401
Gorilla pat,chr5_pat_hsa6,active,1.54,0.3985
Gorilla pat,chr5_pat_hsa6,active,1.58,0.3965
Gorilla pat,chr5_pat_hsa6,active,1.68,0.4005
Gorilla pat,chr5_pat_hsa6,active,1.732,0.403
Gorilla pat,chr5_pat_hsa6,active,1.66,0.4005
Gorilla pat,chr5_pat_hsa6,active,1.64,0.389
Gorilla pat,chr5_pat_hsa6,active,1.628,0.39
Gorilla pat,chr5_pat_hsa6,active,1.556,0.394
Gorilla pat,chr5_pat_hsa6,active,1.608,0.3935
Gorilla pat,chr5_pat_hsa6,active,1.588,0.401
Gorilla pat,chr5_pat_hsa6,active,1.644,0.394
Gorilla pat,chr5_pat_hsa6,active,1.516,0.396
Gorilla pat,chr5_pat_hsa6,active,1.568,0.3945
Gorilla pat,chr5_pat_hsa6,active,1.5,0.3915
Gorilla pat,chr5_pat_hsa6,active,1.584,0.394
Gorilla pat,chr5_pat_hsa6,active,1.504,0.389
Gorilla pat,chr5_pat_hsa6,active,1.52,0.391
Gorilla pat,chr5_pat_hsa6,active,1.576,0.397
Gorilla pat,chr5_pat_hsa6,active,1.7,0.3985
Gorilla pat,chr5_pat_hsa6,active,1.592,0.3915
Gorilla pat,chr5_pat_hsa6,active,1.504,0.387
Gorilla pat,chr5_pat_hsa6,active,1.516,0.392
Gorilla pat,chr5_pat_hsa6,active,1.552,0.3965
Gorilla pat,chr5_pat_hsa6,active,1.64,0.3985
Gorilla pat,chr5_pat_hsa6,active,1.62,0.396
Gorilla pat,chr5_pat_hsa6,active,1.556,0.3975
Gorilla pat,chr5_pat_hsa6,active,1.672,0.401
Gorilla pat,chr5_pat_hsa6,active,1.648,0.394
Gorilla pat,chr5_pat_hsa6,active,1.68,0.3965
Gorilla pat,chr5_pat_hsa6,active,1.636,0.3995
Gorilla pat,chr5_pat_hsa6,active,1.588,0.391
Gorilla pat,chr5_pat_hsa6,active,1.584,0.4025
Gorilla pat,chr5_pat_hsa6,active,1.696,0.398
Gorilla pat,chr5_pat_hsa6,active,1.508,0.4
Gorilla pat,chr5_pat_hsa6,active,1.584,0.392
Gorilla pat,chr5_pat_hsa6,active,1.716,0.3965
Gorilla pat,chr5_pat_hsa6,active,1.552,0.3915
Gorilla pat,chr5_pat_hsa6,active,1.672,0.396
Gorilla pat,chr5_pat_hsa6,active,1.76,0.398
Gorilla pat,chr5_pat_hsa6,active,1.672,0.4015
Gorilla pat,chr5_pat_hsa6,active,1.616,0.3995
Gorilla pat,chr5_pat_hsa6,active,1.652,0.396
Gorilla pat,chr5_pat_hsa6,active,1.56,0.398
Gorilla pat,chr5_pat_hsa6,active,1.732,0.397
Gorilla pat,chr5_pat_hsa6,active,1.6,0.3965
Gorilla pat,chr5_pat_hsa6,active,1.676,0.395
Gorilla pat,chr5_pat_hsa6,active,1.652,0.394
Gorilla pat,chr5_pat_hsa6,active,1.688,0.3975
Gorilla pat,chr5_pat_hsa6,active,1.66,0.394
Gorilla pat,chr5_pat_hsa6,active,1.66,0.3955
Gorilla pat,chr5_pat_hsa6,active,1.644,0.3975
Gorilla pat,chr5_pat_hsa6,active,1.564,0.3935
Gorilla pat,chr5_pat_hsa6,active,1.564,0.394
Gorilla pat,chr5_pat_hsa6,active,1.556,0.392
Gorilla pat,chr5_pat_hsa6,active,1.628,0.395
Gorilla pat,chr5_pat_hsa6,active,1.7,0.396
Gorilla pat,chr5_pat_hsa6,active,1.64,0.3945
Gorilla pat,chr5_pat_hsa6,active,1.628,0.398
Gorilla pat,chr5_pat_hsa6,active,1.556,0.3915
Gorilla pat,chr5_pat_hsa6,active,1.676,0.397
Gorilla pat,chr5_pat_hsa6,active,1.628,0.3955
Gorilla pat,chr5_pat_hsa6,active,1.744,0.3935
Gorilla pat,chr5_pat_hsa6,active,1.768,0.395
Gorilla pat,chr5_pat_hsa6,active,1.548,0.3975
Gorilla pat,chr5_pat_hsa6,active,1.712,0.3865
Gorilla pat,chr5_pat_hsa6,active,1.6,0.393
Gorilla pat,chr5_pat_hsa6,active,1.704,0.396
Gorilla pat,chr5_pat_hsa6,active,1.744,0.393
Gorilla pat,chr5_pat_hsa6,active,1.676,0.397
Gorilla pat,chr5_pat_hsa6,active,1.74,0.4015
Gorilla pat,chr5_pat_hsa6,active,1.716,0.4005
Gorilla pat,chr5_pat_hsa6,active,1.476,0.3965
Gorilla pat,chr5_pat_hsa6,active,1.856,0.3945
Gorilla pat,chr5_pat_hsa6,active,1.828,0.3955
Gorilla pat,chr5_pat_hsa6,active,1.74,0.401
Gorilla pat,chr5_pat_hsa6,active,1.752,0.396
Gorilla pat,chr5_pat_hsa6,active,1.748,0.397
Gorilla pat,chr5_pat_hsa6,active,1.78,0.4015
Gorilla pat,chr5_pat_hsa6,active,1.78,0.397
Gorilla pat,chr5_pat_hsa6,active,1.712,0.4005
Gorilla pat,chr5_pat_hsa6,active,1.748,0.3905
Gorilla pat,chr5_pat_hsa6,active,1.812,0.401
Gorilla pat,chr5_pat_hsa6,active,1.712,0.3955
Gorilla pat,chr5_pat_hsa6,active,1.78,0.4005
Gorilla pat,chr5_pat_hsa6,active,1.796,0.3935
Gorilla pat,chr5_pat_hsa6,active,1.812,0.3945
Gorilla pat,chr5_pat_hsa6,active,1.68,0.397
Gorilla pat,chr5_pat_hsa6,active,1.68,0.399
Gorilla pat,chr5_pat_hsa6,active,1.804,0.3945
Gorilla pat,chr5_pat_hsa6,active,1.832,0.3935
Gorilla pat,chr5_pat_hsa6,active,1.78,0.394
Gorilla pat,chr5_pat_hsa6,active,1.756,0.391
Gorilla pat,chr5_pat_hsa6,active,1.736,0.3915
Gorilla pat,chr5_pat_hsa6,active,1.504,0.3905
Gorilla pat,chr5_pat_hsa6,active,1.78,0.394
Gorilla pat,chr5_pat_hsa6,active,1.724,0.391
Gorilla pat,chr5_pat_hsa6,active,1.732,0.393
Gorilla pat,chr5_pat_hsa6,active,1.704,0.3955
Gorilla pat,chr5_pat_hsa6,active,1.676,0.395
Gorilla pat,chr5_pat_hsa6,active,1.664,0.3905
Gorilla pat,chr5_pat_hsa6,active,1.776,0.3995
Gorilla pat,chr5_pat_hsa6,active,1.808,0.398
Gorilla pat,chr5_pat_hsa6,active,1.684,0.397
Gorilla pat,chr5_pat_hsa6,active,1.752,0.3975
Gorilla pat,chr5_pat_hsa6,active,1.716,0.3975
Gorilla pat,chr5_pat_hsa6,active,1.764,0.397
Gorilla pat,chr5_pat_hsa6,active,1.832,0.391
Gorilla pat,chr5_pat_hsa6,active,1.688,0.3985
Gorilla pat,chr5_pat_hsa6,active,1.724,0.3895
Gorilla pat,chr5_pat_hsa6,active,1.676,0.39
Gorilla pat,chr5_pat_hsa6,active,1.728,0.402
Gorilla pat,chr5_pat_hsa6,active,1.78,0.3945
Gorilla pat,chr5_pat_hsa6,active,1.804,0.3975
Gorilla pat,chr5_pat_hsa6,active,1.7,0.398
Gorilla pat,chr5_pat_hsa6,active,1.72,0.398
Gorilla pat,chr5_pat_hsa6,active,1.784,0.4025
Gorilla pat,chr5_pat_hsa6,active,1.784,0.3995
Gorilla pat,chr5_pat_hsa6,active,1.768,0.396
Gorilla pat,chr5_pat_hsa6,active,1.716,0.3935
Gorilla pat,chr5_pat_hsa6,active,1.748,0.3935
Gorilla pat,chr5_pat_hsa6,active,1.7,0.391
Gorilla pat,chr5_pat_hsa6,active,1.772,0.399
Gorilla pat,chr5_pat_hsa6,active,1.632,0.399
Gorilla pat,chr5_pat_hsa6,active,1.724,0.393
Gorilla pat,chr5_pat_hsa6,active,1.748,0.394
Gorilla pat,chr5_pat_hsa6,active,1.844,0.3945
Gorilla pat,chr5_pat_hsa6,active,1.808,0.4015
Gorilla pat,chr5_pat_hsa6,active,1.612,0.4015
Gorilla pat,chr5_pat_hsa6,active,1.752,0.4
Gorilla pat,chr5_pat_hsa6,active,1.764,0.4045
Gorilla pat,chr5_pat_hsa6,active,1.592,0.404
Gorilla pat,chr5_pat_hsa6,active,1.708,0.395
Gorilla pat,chr5_pat_hsa6,active,1.744,0.399
Gorilla pat,chr5_pat_hsa6,active,1.74,0.3985
Gorilla pat,chr5_pat_hsa6,active,1.7,0.3935
Gorilla pat,chr5_pat_hsa6,active,1.756,0.397
Gorilla pat,chr5_pat_hsa6,active,1.748,0.392
Gorilla pat,chr5_pat_hsa6,active,1.68,0.3985
Gorilla pat,chr5_pat_hsa6,active,1.772,0.3945
Gorilla pat,chr5_pat_hsa6,active,1.78,0.3985
Gorilla pat,chr5_pat_hsa6,active,1.812,0.4
Gorilla pat,chr5_pat_hsa6,active,1.74,0.3945
Gorilla pat,chr5_pat_hsa6,active,1.82,0.3955
Gorilla pat,chr5_pat_hsa6,active,1.764,0.399
Gorilla pat,chr5_pat_hsa6,active,1.752,0.3995
Gorilla pat,chr5_pat_hsa6,active,1.828,0.395
Gorilla pat,chr5_pat_hsa6,active,1.688,0.397
Gorilla pat,chr5_pat_hsa6,active,1.764,0.3925
Gorilla pat,chr5_pat_hsa6,active,1.844,0.3955
Gorilla pat,chr5_pat_hsa6,active,1.848,0.3855
Gorilla pat,chr5_pat_hsa6,active,1.76,0.392
Gorilla pat,chr5_pat_hsa6,active,1.736,0.3895
Gorilla pat,chr5_pat_hsa6,active,1.712,0.3965
Gorilla pat,chr5_pat_hsa6,active,1.78,0.4015
Gorilla pat,chr5_pat_hsa6,active,1.788,0.396
Gorilla pat,chr5_pat_hsa6,active,1.772,0.395
Gorilla pat,chr5_pat_hsa6,active,1.8,0.391
Gorilla pat,chr5_pat_hsa6,active,1.696,0.393
Gorilla pat,chr5_pat_hsa6,active,1.816,0.399
Gorilla pat,chr5_pat_hsa6,active,1.704,0.398
Gorilla pat,chr5_pat_hsa6,active,1.776,0.4005
Gorilla pat,chr5_pat_hsa6,active,1.768,0.398
Gorilla pat,chr5_pat_hsa6,active,1.828,0.3995
Gorilla pat,chr5_pat_hsa6,active,1.74,0.3965
Gorilla pat,chr5_pat_hsa6,active,1.796,0.398
Gorilla pat,chr5_pat_hsa6,active,1.768,0.399
Gorilla pat,chr5_pat_hsa6,active,1.692,0.3925
Gorilla pat,chr5_pat_hsa6,active,1.776,0.3965
Gorilla pat,chr5_pat_hsa6,active,1.772,0.399
Gorilla pat,chr5_pat_hsa6,active,1.744,0.3935
Gorilla pat,chr5_pat_hsa6,active,1.8,0.392
Gorilla pat,chr5_pat_hsa6,active,1.832,0.394
Gorilla pat,chr5_pat_hsa6,active,1.556,0.3975
Gorilla pat,chr5_pat_hsa6,active,1.796,0.398
Gorilla pat,chr5_pat_hsa6,active,1.82,0.3955
Gorilla pat,chr5_pat_hsa6,active,1.84,0.3925
Gorilla pat,chr5_pat_hsa6,active,1.844,0.3945
Gorilla pat,chr5_pat_hsa6,active,1.704,0.393
Gorilla pat,chr5_pat_hsa6,active,1.732,0.396
Gorilla pat,chr5_pat_hsa6,active,1.716,0.3965
Gorilla pat,chr5_pat_hsa6,active,1.812,0.4
Gorilla pat,chr5_pat_hsa6,active,1.696,0.3975
Gorilla pat,chr5_pat_hsa6,active,1.696,0.3985
Gorilla pat,chr5_pat_hsa6,active,1.768,0.4
Gorilla pat,chr5_pat_hsa6,active,1.68,0.4005
Gorilla pat,chr5_pat_hsa6,active,1.792,0.3965
Gorilla pat,chr5_pat_hsa6,active,1.704,0.3935
Gorilla pat,chr5_pat_hsa6,active,1.776,0.397
Gorilla pat,chr5_pat_hsa6,active,1.792,0.3865
Gorilla pat,chr5_pat_hsa6,active,1.76,0.4045
Gorilla pat,chr5_pat_hsa6,active,1.604,0.395
Gorilla pat,chr5_pat_hsa6,active,1.776,0.393
Gorilla pat,chr5_pat_hsa6,active,1.844,0.397
Gorilla pat,chr5_pat_hsa6,active,1.764,0.3975
Gorilla pat,chr5_pat_hsa6,active,1.616,0.3995
Gorilla pat,chr5_pat_hsa6,active,1.532,0.4035
Gorilla pat,chr5_pat_hsa6,active,1.588,0.403
Gorilla pat,chr5_pat_hsa6,active,1.564,0.4045
Gorilla pat,chr5_pat_hsa6,active,1.592,0.405
Gorilla pat,chr5_pat_hsa6,active,1.5,0.4055
Gorilla pat,chr5_pat_hsa6,active,1.604,0.406
Gorilla pat,chr5_pat_hsa6,active,1.588,0.407
Gorilla pat,chr5_pat_hsa6,active,1.624,0.4015
Gorilla pat,chr5_pat_hsa6,active,1.648,0.4065
Gorilla pat,chr5_pat_hsa6,active,1.648,0.4045
Gorilla pat,chr5_pat_hsa6,active,1.568,0.402
Gorilla pat,chr5_pat_hsa6,active,1.636,0.412
Gorilla pat,chr5_pat_hsa6,active,1.64,0.409
Gorilla pat,chr5_pat_hsa6,active,1.616,0.402
Gorilla pat,chr5_pat_hsa6,active,1.664,0.403
Gorilla pat,chr5_pat_hsa6,active,1.712,0.4
Gorilla pat,chr5_pat_hsa6,active,1.64,0.4045
Gorilla pat,chr5_pat_hsa6,active,1.612,0.404
Gorilla pat,chr5_pat_hsa6,active,1.572,0.4075
Gorilla pat,chr5_pat_hsa6,active,1.62,0.404
Gorilla pat,chr5_pat_hsa6,active,1.588,0.401
Gorilla pat,chr5_pat_hsa6,active,1.616,0.404
Gorilla pat,chr5_pat_hsa6,active,1.536,0.4055
Gorilla pat,chr5_pat_hsa6,active,1.576,0.4105
Gorilla pat,chr5_pat_hsa6,active,1.596,0.403
Gorilla pat,chr5_pat_hsa6,active,1.656,0.4065
Gorilla pat,chr5_pat_hsa6,active,1.604,0.404
Gorilla pat,chr5_pat_hsa6,active,1.568,0.406
Gorilla pat,chr5_pat_hsa6,active,1.584,0.4105
Gorilla pat,chr5_pat_hsa6,active,1.632,0.408
Gorilla pat,chr5_pat_hsa6,active,1.584,0.4005
Gorilla pat,chr5_pat_hsa6,active,1.736,0.3995
Gorilla pat,chr5_pat_hsa6,active,1.612,0.4
Gorilla pat,chr5_pat_hsa6,active,1.676,0.4085
Gorilla pat,chr5_pat_hsa6,active,1.564,0.4005
Gorilla pat,chr5_pat_hsa6,active,1.748,0.4045
Gorilla pat,chr5_pat_hsa6,active,1.704,0.41
Gorilla pat,chr5_pat_hsa6,active,1.616,0.4005
Gorilla pat,chr5_pat_hsa6,active,1.78,0.401
Gorilla pat,chr5_pat_hsa6,active,1.648,0.4005
Gorilla pat,chr5_pat_hsa6,active,1.536,0.4015
Gorilla pat,chr5_pat_hsa6,active,1.584,0.3955
Gorilla pat,chr5_pat_hsa6,active,1.524,0.405
Gorilla pat,chr5_pat_hsa6,active,1.532,0.3975
Gorilla pat,chr5_pat_hsa6,active,1.584,0.402
Gorilla pat,chr5_pat_hsa6,active,1.644,0.402
Gorilla pat,chr5_pat_hsa6,active,1.636,0.406
Gorilla pat,chr5_pat_hsa6,active,1.668,0.4015
Gorilla pat,chr5_pat_hsa6,active,1.68,0.4075
Gorilla pat,chr5_pat_hsa6,active,1.564,0.4015
Gorilla pat,chr5_pat_hsa6,active,1.572,0.4
Gorilla pat,chr5_pat_hsa6,active,1.584,0.4075
Gorilla pat,chr5_pat_hsa6,active,1.656,0.4015
Gorilla pat,chr5_pat_hsa6,active,1.748,0.397
Gorilla pat,chr5_pat_hsa6,active,1.692,0.395
Gorilla pat,chr5_pat_hsa6,active,1.584,0.4085
Gorilla pat,chr5_pat_hsa6,active,1.696,0.398
Gorilla pat,chr5_pat_hsa6,active,1.724,0.397
Gorilla pat,chr5_pat_hsa6,active,1.616,0.3955
Gorilla pat,chr5_pat_hsa6,active,1.62,0.396
Gorilla pat,chr5_pat_hsa6,active,1.696,0.403
Gorilla pat,chr5_pat_hsa6,active,1.728,0.3995
Gorilla pat,chr5_pat_hsa6,active,1.668,0.396
Gorilla pat,chr5_pat_hsa6,active,1.676,0.3975
Gorilla pat,chr5_pat_hsa6,active,1.78,0.4005
Gorilla pat,chr5_pat_hsa6,active,1.66,0.3935
Gorilla pat,chr5_pat_hsa6,active,1.676,0.3995
Gorilla pat,chr5_pat_hsa6,active,1.716,0.4
Gorilla pat,chr5_pat_hsa6,active,1.628,0.398
Gorilla pat,chr5_pat_hsa6,active,1.736,0.3985
Gorilla pat,chr5_pat_hsa6,active,1.632,0.4075
Gorilla pat,chr5_pat_hsa6,active,1.572,0.4015
Gorilla pat,chr5_pat_hsa6,active,1.704,0.3985
Gorilla pat,chr5_pat_hsa6,active,1.68,0.3945
Gorilla pat,chr5_pat_hsa6,active,1.74,0.4025
Gorilla pat,chr5_pat_hsa6,active,1.716,0.4025
Gorilla pat,chr5_pat_hsa6,active,1.76,0.4025
Gorilla pat,chr5_pat_hsa6,active,1.716,0.403
Gorilla pat,chr5_pat_hsa6,active,1.76,0.4005
Gorilla pat,chr5_pat_hsa6,active,1.736,0.403
Gorilla pat,chr5_pat_hsa6,active,1.704,0.4
Gorilla pat,chr5_pat_hsa6,active,1.736,0.4045
Gorilla pat,chr5_pat_hsa6,active,1.74,0.4
Gorilla pat,chr5_pat_hsa6,active,1.748,0.3975
Gorilla pat,chr5_pat_hsa6,active,1.732,0.3975
Gorilla pat,chr5_pat_hsa6,active,1.728,0.405
Gorilla pat,chr5_pat_hsa6,active,1.764,0.4015
Gorilla pat,chr5_pat_hsa6,active,1.616,0.401
Gorilla pat,chr5_pat_hsa6,active,1.78,0.404
Gorilla pat,chr5_pat_hsa6,active,1.608,0.3965
Gorilla pat,chr5_pat_hsa6,active,1.66,0.402
Gorilla pat,chr5_pat_hsa6,active,1.748,0.4
Gorilla pat,chr5_pat_hsa6,active,1.728,0.3995
Gorilla pat,chr5_pat_hsa6,active,1.68,0.3985
Gorilla pat,chr5_pat_hsa6,active,1.648,0.4005
Gorilla pat,chr5_pat_hsa6,active,1.708,0.404
Gorilla pat,chr5_pat_hsa6,active,1.696,0.402
Gorilla pat,chr5_pat_hsa6,active,1.6,0.3965
Gorilla pat,chr5_pat_hsa6,active,1.672,0.4065
Gorilla pat,chr5_pat_hsa6,active,1.72,0.396
Gorilla pat,chr5_pat_hsa6,active,1.74,0.397
Gorilla pat,chr5_pat_hsa6,active,1.688,0.4
Gorilla pat,chr5_pat_hsa6,active,1.64,0.4065
Gorilla pat,chr5_pat_hsa6,active,1.716,0.408
Gorilla pat,chr5_pat_hsa6,active,1.7,0.3975
Gorilla pat,chr5_pat_hsa6,active,1.704,0.4065
Gorilla pat,chr5_pat_hsa6,active,1.728,0.4005
Gorilla pat,chr5_pat_hsa6,active,1.7,0.399
Gorilla pat,chr5_pat_hsa6,active,1.708,0.4
Gorilla pat,chr5_pat_hsa6,active,1.632,0.3985
Gorilla pat,chr5_pat_hsa6,active,1.616,0.399
Gorilla pat,chr5_pat_hsa6,active,1.736,0.397
Gorilla pat,chr5_pat_hsa6,active,1.716,0.3975
Gorilla pat,chr5_pat_hsa6,active,1.688,0.3935
Gorilla pat,chr5_pat_hsa6,active,1.752,0.399
Gorilla pat,chr5_pat_hsa6,active,1.672,0.392
Gorilla pat,chr5_pat_hsa6,active,1.736,0.3995
Gorilla pat,chr5_pat_hsa6,active,1.648,0.3945
Gorilla pat,chr5_pat_hsa6,active,1.744,0.4035
Gorilla pat,chr5_pat_hsa6,active,1.608,0.3995
Gorilla pat,chr5_pat_hsa6,active,1.732,0.4015
Gorilla pat,chr5_pat_hsa6,active,1.696,0.397
Gorilla pat,chr5_pat_hsa6,active,1.672,0.4025
Gorilla pat,chr5_pat_hsa6,active,1.64,0.4
Gorilla pat,chr5_pat_hsa6,active,1.736,0.4
Gorilla pat,chr5_pat_hsa6,active,1.676,0.394
Gorilla pat,chr5_pat_hsa6,active,1.74,0.407
Gorilla pat,chr5_pat_hsa6,active,1.636,0.4005
Gorilla pat,chr5_pat_hsa6,active,1.74,0.4015
Gorilla pat,chr5_pat_hsa6,active,1.724,0.3985
Gorilla pat,chr5_pat_hsa6,active,1.672,0.4025
Gorilla pat,chr5_pat_hsa6,active,1.768,0.401
Gorilla pat,chr5_pat_hsa6,active,1.648,0.3985
Gorilla pat,chr5_pat_hsa6,active,1.508,0.4
Gorilla pat,chr5_pat_hsa6,active,1.552,0.393
Gorilla pat,chr5_pat_hsa6,active,1.712,0.4045
Gorilla pat,chr5_pat_hsa6,active,1.768,0.397
Gorilla pat,chr5_pat_hsa6,active,1.72,0.4055
Gorilla pat,chr5_pat_hsa6,active,1.72,0.399
Gorilla pat,chr5_pat_hsa6,active,1.68,0.3975
Gorilla pat,chr5_pat_hsa6,active,1.68,0.401
Gorilla pat,chr5_pat_hsa6,active,1.672,0.394
Gorilla pat,chr5_pat_hsa6,active,1.7,0.3965
Gorilla pat,chr5_pat_hsa6,active,1.696,0.4005
Gorilla pat,chr5_pat_hsa6,active,1.748,0.3985
Gorilla pat,chr5_pat_hsa6,active,1.772,0.403
Gorilla pat,chr5_pat_hsa6,active,1.732,0.401
Gorilla pat,chr5_pat_hsa6,active,1.732,0.403
Gorilla pat,chr5_pat_hsa6,active,1.672,0.4
Gorilla pat,chr5_pat_hsa6,active,1.76,0.4035
Gorilla pat,chr5_pat_hsa6,active,1.72,0.398
Gorilla pat,chr5_pat_hsa6,active,1.672,0.4015
Gorilla pat,chr5_pat_hsa6,active,1.696,0.3935
Gorilla pat,chr5_pat_hsa6,active,1.64,0.403
Gorilla pat,chr5_pat_hsa6,active,1.7,0.403
Gorilla pat,chr5_pat_hsa6,active,1.772,0.4
Gorilla pat,chr5_pat_hsa6,active,1.616,0.4055
Gorilla pat,chr5_pat_hsa6,active,1.736,0.396
Gorilla pat,chr5_pat_hsa6,active,1.664,0.397
Gorilla pat,chr5_pat_hsa6,active,1.64,0.4025
Gorilla pat,chr5_pat_hsa6,active,1.6,0.4065
Gorilla pat,chr5_pat_hsa6,active,1.656,0.403
Gorilla pat,chr5_pat_hsa6,active,1.696,0.401
Gorilla pat,chr5_pat_hsa6,active,1.536,0.407
Gorilla pat,chr5_pat_hsa6,active,1.616,0.3995
Gorilla pat,chr5_pat_hsa6,active,1.504,0.41
Gorilla pat,chr5_pat_hsa6,active,1.612,0.4025
Gorilla pat,chr5_pat_hsa6,active,1.7,0.4025
Gorilla pat,chr5_pat_hsa6,active,1.596,0.4035
Gorilla pat,chr5_pat_hsa6,active,1.5,0.408
Gorilla pat,chr5_pat_hsa6,active,1.652,0.403
Gorilla pat,chr5_pat_hsa6,active,1.64,0.3995
Gorilla pat,chr5_pat_hsa6,active,1.548,0.4075
Gorilla pat,chr5_pat_hsa6,active,1.532,0.4065
Gorilla pat,chr5_pat_hsa6,active,1.624,0.4015
Gorilla pat,chr5_pat_hsa6,active,1.492,0.4085
Gorilla pat,chr5_pat_hsa6,active,1.556,0.4005
Gorilla pat,chr5_pat_hsa6,active,1.512,0.4075
Gorilla pat,chr5_pat_hsa6,active,1.632,0.4015
Gorilla pat,chr5_pat_hsa6,active,1.536,0.404
Gorilla pat,chr5_pat_hsa6,active,1.692,0.4025
Gorilla pat,chr5_pat_hsa6,active,1.532,0.402
Gorilla pat,chr5_pat_hsa6,active,1.632,0.405
Gorilla pat,chr5_pat_hsa6,active,1.716,0.4015
Gorilla pat,chr5_pat_hsa6,active,1.644,0.401
Gorilla pat,chr5_pat_hsa6,active,1.72,0.398
Gorilla pat,chr5_pat_hsa6,active,1.548,0.401
Gorilla pat,chr5_pat_hsa6,active,1.78,0.402
Gorilla pat,chr5_pat_hsa6,active,1.588,0.4035
Gorilla pat,chr5_pat_hsa6,active,1.632,0.4025
Gorilla pat,chr5_pat_hsa6,active,1.7,0.4055
Gorilla pat,chr5_pat_hsa6,active,1.572,0.3995
Gorilla pat,chr5_pat_hsa6,active,1.608,0.401
Gorilla pat,chr5_pat_hsa6,active,1.676,0.4
Gorilla pat,chr5_pat_hsa6,active,1.608,0.405
Gorilla pat,chr5_pat_hsa6,active,1.64,0.399
Gorilla pat,chr5_pat_hsa6,active,1.736,0.401
Gorilla pat,chr5_pat_hsa6,active,1.728,0.402
Gorilla pat,chr5_pat_hsa6,active,1.628,0.402
Gorilla pat,chr5_pat_hsa6,active,1.688,0.3945
Gorilla pat,chr5_pat_hsa6,active,1.704,0.4005
Gorilla pat,chr5_pat_hsa6,active,1.628,0.405
Gorilla pat,chr5_pat_hsa6,active,1.664,0.3985
Gorilla pat,chr5_pat_hsa6,active,1.592,0.399
Gorilla pat,chr5_pat_hsa6,active,1.728,0.398
Gorilla pat,chr5_pat_hsa6,active,1.756,0.401
Gorilla pat,chr5_pat_hsa6,active,1.62,0.398
Gorilla pat,chr5_pat_hsa6,active,1.668,0.402
Gorilla pat,chr5_pat_hsa6,active,1.736,0.4005
Gorilla pat,chr5_pat_hsa6,active,1.672,0.4035
Gorilla pat,chr5_pat_hsa6,active,1.712,0.3995
Gorilla pat,chr5_pat_hsa6,active,1.652,0.4035
Gorilla pat,chr5_pat_hsa6,active,1.676,0.3975
Gorilla pat,chr5_pat_hsa6,active,1.644,0.402
Gorilla pat,chr5_pat_hsa6,active,1.728,0.401
Gorilla pat,chr5_pat_hsa6,active,1.624,0.406
Gorilla pat,chr5_pat_hsa6,active,1.708,0.407
Gorilla pat,chr5_pat_hsa6,active,1.688,0.4015
Gorilla pat,chr5_pat_hsa6,active,1.608,0.4045
Gorilla pat,chr5_pat_hsa6,active,1.608,0.405
Gorilla pat,chr5_pat_hsa6,active,1.616,0.406
Gorilla pat,chr5_pat_hsa6,active,1.688,0.402
Gorilla pat,chr5_pat_hsa6,active,1.676,0.4015
Gorilla pat,chr5_pat_hsa6,active,1.732,0.399
Gorilla pat,chr5_pat_hsa6,active,1.612,0.4015
Gorilla pat,chr5_pat_hsa6,active,1.736,0.402
Gorilla pat,chr5_pat_hsa6,active,1.668,0.402
Gorilla pat,chr5_pat_hsa6,active,1.708,0.3995
Gorilla pat,chr5_pat_hsa6,active,1.608,0.4045
Gorilla pat,chr5_pat_hsa6,active,1.628,0.405
Gorilla pat,chr5_pat_hsa6,active,1.58,0.402
Gorilla pat,chr5_pat_hsa6,active,1.708,0.402
Gorilla pat,chr5_pat_hsa6,active,1.664,0.4055
Gorilla pat,chr5_pat_hsa6,active,1.708,0.402
Gorilla pat,chr5_pat_hsa6,active,1.692,0.3995
Gorilla pat,chr5_pat_hsa6,active,1.744,0.404
Gorilla pat,chr5_pat_hsa6,active,1.652,0.4025
Gorilla pat,chr5_pat_hsa6,active,1.728,0.3965
Gorilla pat,chr5_pat_hsa6,active,1.716,0.4005
Gorilla pat,chr5_pat_hsa6,active,1.772,0.4035
Gorilla pat,chr5_pat_hsa6,active,1.772,0.3995
Gorilla pat,chr5_pat_hsa6,active,1.712,0.4015
Gorilla pat,chr5_pat_hsa6,active,1.712,0.4025
Gorilla pat,chr5_pat_hsa6,active,1.712,0.3995
Gorilla pat,chr5_pat_hsa6,active,1.632,0.4025
Gorilla pat,chr5_pat_hsa6,active,1.528,0.407
Gorilla pat,chr5_pat_hsa6,active,1.692,0.4
Gorilla pat,chr5_pat_hsa6,active,1.7,0.3965
Gorilla pat,chr5_pat_hsa6,active,1.684,0.405
Gorilla pat,chr5_pat_hsa6,active,1.704,0.404
Gorilla pat,chr5_pat_hsa6,active,1.716,0.3985
Gorilla pat,chr5_pat_hsa6,active,1.552,0.4085
Gorilla pat,chr5_pat_hsa6,active,1.676,0.401
Gorilla pat,chr5_pat_hsa6,active,1.676,0.4045
Gorilla pat,chr5_pat_hsa6,active,1.66,0.3995
Gorilla pat,chr5_pat_hsa6,active,1.616,0.399
Gorilla pat,chr5_pat_hsa6,active,1.672,0.4015
Gorilla pat,chr5_pat_hsa6,active,1.584,0.3955
Gorilla pat,chr5_pat_hsa6,active,1.644,0.401
Gorilla pat,chr5_pat_hsa6,active,1.704,0.409
Gorilla pat,chr5_pat_hsa6,active,1.672,0.403
Gorilla pat,chr5_pat_hsa6,active,1.664,0.403
Gorilla pat,chr5_pat_hsa6,active,1.656,0.4055
Gorilla pat,chr5_pat_hsa6,active,1.664,0.4065
Gorilla pat,chr5_pat_hsa6,active,1.68,0.401
Gorilla pat,chr5_pat_hsa6,active,1.64,0.4085
Gorilla pat,chr5_pat_hsa6,active,1.672,0.4065
Gorilla pat,chr5_pat_hsa6,active,1.732,0.4
Gorilla pat,chr5_pat_hsa6,active,1.776,0.402
Gorilla pat,chr5_pat_hsa6,active,1.676,0.403
Gorilla pat,chr5_pat_hsa6,active,1.592,0.403
Gorilla pat,chr5_pat_hsa6,active,1.7,0.4045
Gorilla pat,chr5_pat_hsa6,active,1.652,0.4045
Gorilla pat,chr5_pat_hsa6,active,1.732,0.398
Gorilla pat,chr5_pat_hsa6,active,1.64,0.403
Gorilla pat,chr5_pat_hsa6,active,1.676,0.401
Gorilla pat,chr5_pat_hsa6,active,1.628,0.3995
Gorilla pat,chr5_pat_hsa6,active,1.744,0.4035
Gorilla pat,chr5_pat_hsa6,active,1.736,0.4
Gorilla pat,chr5_pat_hsa6,active,1.748,0.4025
Gorilla pat,chr5_pat_hsa6,active,1.74,0.3985
Gorilla pat,chr5_pat_hsa6,active,1.708,0.4
Gorilla pat,chr5_pat_hsa6,active,1.712,0.3985
Gorilla pat,chr5_pat_hsa6,active,1.728,0.4035
Gorilla pat,chr5_pat_hsa6,active,1.752,0.403
Gorilla pat,chr5_pat_hsa6,active,1.78,0.403
Gorilla pat,chr5_pat_hsa6,active,1.676,0.397
Gorilla pat,chr5_pat_hsa6,active,1.712,0.405
Gorilla pat,chr5_pat_hsa6,active,1.732,0.3985
Gorilla pat,chr5_pat_hsa6,active,1.64,0.402
Gorilla pat,chr5_pat_hsa6,active,1.508,0.407
Gorilla pat,chr5_pat_hsa6,active,1.68,0.4025
Gorilla pat,chr5_pat_hsa6,active,1.728,0.399
Gorilla pat,chr5_pat_hsa6,active,1.636,0.4025
Gorilla pat,chr5_pat_hsa6,active,1.692,0.405
Gorilla pat,chr5_pat_hsa6,active,1.668,0.4
Gorilla pat,chr5_pat_hsa6,active,1.56,0.4055
Gorilla pat,chr5_pat_hsa6,active,1.668,0.401
Gorilla pat,chr5_pat_hsa6,active,1.684,0.401
Gorilla pat,chr5_pat_hsa6,active,1.672,0.4005
Gorilla pat,chr5_pat_hsa6,active,1.544,0.399
Gorilla pat,chr5_pat_hsa6,active,1.572,0.407
Gorilla pat,chr5_pat_hsa6,active,1.712,0.401
Gorilla pat,chr5_pat_hsa6,active,1.732,0.4015
Gorilla pat,chr5_pat_hsa6,active,1.664,0.403
Gorilla pat,chr5_pat_hsa6,active,1.632,0.3975
Gorilla pat,chr5_pat_hsa6,active,1.68,0.4025
Gorilla pat,chr5_pat_hsa6,active,1.568,0.3935
Gorilla pat,chr5_pat_hsa6,active,1.656,0.404
Gorilla pat,chr5_pat_hsa6,active,1.672,0.4055
Gorilla pat,chr5_pat_hsa6,active,1.716,0.4005
Gorilla pat,chr5_pat_hsa6,active,1.724,0.403
Gorilla pat,chr5_pat_hsa6,active,1.732,0.4025
Gorilla pat,chr5_pat_hsa6,active,1.64,0.4055
Gorilla pat,chr5_pat_hsa6,active,1.692,0.404
Gorilla pat,chr5_pat_hsa6,active,1.716,0.3995
Gorilla pat,chr5_pat_hsa6,active,1.648,0.4
Gorilla pat,chr5_pat_hsa6,active,1.644,0.4035
Gorilla pat,chr5_pat_hsa6,active,1.724,0.397
Gorilla pat,chr5_pat_hsa6,active,1.584,0.404
Gorilla pat,chr5_pat_hsa6,active,1.672,0.405
Gorilla pat,chr5_pat_hsa6,active,1.68,0.4045
Gorilla pat,chr5_pat_hsa6,active,1.656,0.403
Gorilla pat,chr5_pat_hsa6,active,1.596,0.397
Gorilla pat,chr5_pat_hsa6,active,1.684,0.4005
Gorilla pat,chr5_pat_hsa6,active,1.636,0.403
Gorilla pat,chr5_pat_hsa6,active,1.716,0.4035
Gorilla pat,chr5_pat_hsa6,active,1.668,0.4015
Gorilla pat,chr5_pat_hsa6,active,1.62,0.4035
Gorilla pat,chr5_pat_hsa6,active,1.624,0.408
Gorilla pat,chr5_pat_hsa6,active,1.648,0.3995
Gorilla pat,chr5_pat_hsa6,active,1.568,0.404
Gorilla pat,chr5_pat_hsa6,active,1.672,0.4025
Gorilla pat,chr5_pat_hsa6,active,1.688,0.404
Gorilla pat,chr5_pat_hsa6,active,1.732,0.4005
Gorilla pat,chr5_pat_hsa6,active,1.66,0.4025
Gorilla pat,chr5_pat_hsa6,active,1.612,0.396
Gorilla pat,chr5_pat_hsa6,active,1.504,0.3985
Gorilla pat,chr5_pat_hsa6,active,1.544,0.3945
Gorilla pat,chr5_pat_hsa6,active,1.524,0.403
Gorilla pat,chr5_pat_hsa6,active,1.576,0.397
Gorilla pat,chr5_pat_hsa6,active,1.484,0.393
Gorilla pat,chr5_pat_hsa6,active,1.524,0.398
Gorilla pat,chr5_pat_hsa6,active,1.536,0.399
Gorilla pat,chr5_pat_hsa6,active,1.516,0.3975
Gorilla pat,chr5_pat_hsa6,active,1.576,0.398
Gorilla pat,chr5_pat_hsa6,active,1.548,0.3975
Gorilla pat,chr5_pat_hsa6,active,1.496,0.3985
Gorilla pat,chr5_pat_hsa6,active,1.528,0.397
Gorilla pat,chr5_pat_hsa6,active,1.536,0.3995
Gorilla pat,chr5_pat_hsa6,active,1.544,0.395
Gorilla pat,chr5_pat_hsa6,active,1.544,0.3995
Gorilla pat,chr5_pat_hsa6,active,1.528,0.3985
Gorilla pat,chr5_pat_hsa6,active,1.516,0.398
Gorilla pat,chr5_pat_hsa6,active,1.556,0.397
Gorilla pat,chr5_pat_hsa6,active,1.476,0.3965
Gorilla pat,chr5_pat_hsa6,active,1.544,0.3995
Gorilla pat,chr5_pat_hsa6,active,1.54,0.3975
Gorilla pat,chr5_pat_hsa6,active,1.552,0.3965
Gorilla pat,chr5_pat_hsa6,active,1.536,0.398
Gorilla pat,chr5_pat_hsa6,active,1.556,0.3995
Gorilla pat,chr5_pat_hsa6,active,1.624,0.402
Gorilla pat,chr5_pat_hsa6,active,1.728,0.4005
Gorilla pat,chr5_pat_hsa6,active,1.58,0.4035
Gorilla pat,chr5_pat_hsa6,active,1.648,0.404
Gorilla pat,chr5_pat_hsa6,active,1.66,0.4025
Gorilla pat,chr5_pat_hsa6,active,1.668,0.4055
Gorilla pat,chr5_pat_hsa6,active,1.696,0.3985
Gorilla pat,chr5_pat_hsa6,active,1.652,0.402
Gorilla pat,chr5_pat_hsa6,active,1.704,0.404
Gorilla pat,chr5_pat_hsa6,active,1.672,0.4075
Gorilla pat,chr5_pat_hsa6,active,1.596,0.405
Gorilla pat,chr5_pat_hsa6,active,1.688,0.4035
Gorilla pat,chr5_pat_hsa6,active,1.648,0.401
Gorilla pat,chr5_pat_hsa6,active,1.636,0.4
Gorilla pat,chr5_pat_hsa6,active,1.66,0.4
Gorilla pat,chr5_pat_hsa6,active,1.672,0.4015
Gorilla pat,chr5_pat_hsa6,active,1.652,0.4
Gorilla pat,chr5_pat_hsa6,active,1.696,0.4025
Gorilla pat,chr5_pat_hsa6,active,1.72,0.4025
Gorilla pat,chr5_pat_hsa6,active,1.74,0.4015
Gorilla pat,chr5_pat_hsa6,active,1.624,0.405
Gorilla pat,chr5_pat_hsa6,active,1.624,0.404
Gorilla pat,chr5_pat_hsa6,active,1.632,0.4015
Gorilla pat,chr5_pat_hsa6,active,1.604,0.404
Gorilla pat,chr5_pat_hsa6,active,1.632,0.401
Gorilla pat,chr5_pat_hsa6,active,1.544,0.4
Gorilla pat,chr5_pat_hsa6,active,1.672,0.403
Gorilla pat,chr5_pat_hsa6,active,1.632,0.401
Gorilla pat,chr5_pat_hsa6,active,1.672,0.3975
Gorilla pat,chr5_pat_hsa6,active,1.604,0.403
Gorilla pat,chr5_pat_hsa6,active,1.612,0.4
Gorilla pat,chr5_pat_hsa6,active,1.68,0.398
Gorilla pat,chr5_pat_hsa6,active,1.624,0.4
Gorilla pat,chr5_pat_hsa6,active,1.728,0.4
Gorilla pat,chr5_pat_hsa6,active,1.708,0.4015
Gorilla pat,chr5_pat_hsa6,active,1.648,0.399
Gorilla pat,chr5_pat_hsa6,active,1.584,0.401
Gorilla pat,chr5_pat_hsa6,active,1.668,0.399
Gorilla pat,chr5_pat_hsa6,active,1.664,0.4085
Gorilla pat,chr5_pat_hsa6,active,1.664,0.3975
Gorilla pat,chr5_pat_hsa6,active,1.644,0.4005
Gorilla pat,chr5_pat_hsa6,active,1.624,0.4015
Gorilla pat,chr5_pat_hsa6,active,1.684,0.403
Gorilla pat,chr5_pat_hsa6,active,1.688,0.4
Gorilla pat,chr5_pat_hsa6,active,1.684,0.4015
Gorilla pat,chr5_pat_hsa6,active,1.68,0.402
Gorilla pat,chr5_pat_hsa6,active,1.688,0.4005
Gorilla pat,chr5_pat_hsa6,active,1.668,0.399
Gorilla pat,chr5_pat_hsa6,active,1.704,0.4035
Gorilla pat,chr5_pat_hsa6,active,1.732,0.3975
Gorilla pat,chr5_pat_hsa6,active,1.66,0.4035
Gorilla pat,chr5_pat_hsa6,active,1.736,0.4015
Gorilla pat,chr5_pat_hsa6,active,1.664,0.4
Gorilla pat,chr5_pat_hsa6,active,1.652,0.4085
Gorilla pat,chr5_pat_hsa6,active,1.656,0.4035
Gorilla pat,chr5_pat_hsa6,active,1.7,0.401
Gorilla pat,chr5_pat_hsa6,active,1.648,0.405
Gorilla pat,chr5_pat_hsa6,active,1.708,0.3985
Gorilla pat,chr5_pat_hsa6,active,1.724,0.4045
Gorilla pat,chr5_pat_hsa6,active,1.684,0.402
Gorilla pat,chr5_pat_hsa6,active,1.728,0.4075
Gorilla pat,chr5_pat_hsa6,active,1.708,0.4015
Gorilla pat,chr5_pat_hsa6,active,1.672,0.4075
Gorilla pat,chr5_pat_hsa6,active,1.66,0.4005
Gorilla pat,chr5_pat_hsa6,active,1.604,0.4055
Gorilla pat,chr5_pat_hsa6,active,1.636,0.401
Gorilla pat,chr5_pat_hsa6,active,1.648,0.4095
Gorilla pat,chr5_pat_hsa6,active,1.652,0.402
Gorilla pat,chr5_pat_hsa6,active,1.684,0.4035
Gorilla pat,chr5_pat_hsa6,active,1.672,0.4015
Gorilla pat,chr5_pat_hsa6,active,1.656,0.401
Gorilla pat,chr5_pat_hsa6,active,1.744,0.4025
Gorilla pat,chr5_pat_hsa6,active,1.672,0.402
Gorilla pat,chr5_pat_hsa6,active,1.624,0.401
Gorilla pat,chr5_pat_hsa6,active,1.68,0.403
Gorilla pat,chr5_pat_hsa6,active,1.672,0.4015
Gorilla pat,chr5_pat_hsa6,active,1.732,0.3995
Gorilla pat,chr5_pat_hsa6,active,1.708,0.4025
Gorilla pat,chr5_pat_hsa6,active,1.66,0.402
Gorilla pat,chr5_pat_hsa6,active,1.628,0.405
Gorilla pat,chr5_pat_hsa6,active,1.672,0.405
Gorilla pat,chr5_pat_hsa6,active,1.744,0.4045
Gorilla pat,chr5_pat_hsa6,active,1.656,0.401
Gorilla pat,chr5_pat_hsa6,active,1.604,0.4005
Gorilla pat,chr5_pat_hsa6,active,1.708,0.4
Gorilla pat,chr5_pat_hsa6,active,1.668,0.403
Gorilla pat,chr5_pat_hsa6,active,1.712,0.4
Gorilla pat,chr5_pat_hsa6,active,1.696,0.4
Gorilla pat,chr5_pat_hsa6,active,1.612,0.407
Gorilla pat,chr5_pat_hsa6,active,1.668,0.4055
Gorilla pat,chr5_pat_hsa6,active,1.68,0.3985
Gorilla pat,chr5_pat_hsa6,active,1.632,0.405
Gorilla pat,chr5_pat_hsa6,active,1.656,0.402
Gorilla pat,chr5_pat_hsa6,active,1.624,0.4045
Gorilla pat,chr5_pat_hsa6,active,1.748,0.403
Gorilla pat,chr5_pat_hsa6,active,1.708,0.403
Gorilla pat,chr5_pat_hsa6,active,1.724,0.4055
Gorilla pat,chr5_pat_hsa6,active,1.704,0.3995
Gorilla pat,chr5_pat_hsa6,active,1.656,0.4065
Gorilla pat,chr5_pat_hsa6,active,1.588,0.403
Gorilla pat,chr5_pat_hsa6,active,1.684,0.4045
Gorilla pat,chr5_pat_hsa6,active,1.656,0.4005
Gorilla pat,chr5_pat_hsa6,active,1.74,0.4015
Gorilla pat,chr5_pat_hsa6,active,1.68,0.4025
Gorilla pat,chr5_pat_hsa6,active,1.716,0.404
Gorilla pat,chr5_pat_hsa6,active,1.592,0.404
Gorilla pat,chr5_pat_hsa6,active,1.644,0.4015
Gorilla pat,chr5_pat_hsa6,active,1.588,0.4085
Gorilla pat,chr5_pat_hsa6,active,1.676,0.4025
Gorilla pat,chr5_pat_hsa6,active,1.68,0.3995
Gorilla pat,chr5_pat_hsa6,active,1.636,0.404
Gorilla pat,chr5_pat_hsa6,active,1.716,0.4035
Gorilla pat,chr5_pat_hsa6,active,1.644,0.403
Gorilla pat,chr5_pat_hsa6,active,1.74,0.4055
Gorilla pat,chr5_pat_hsa6,active,1.7,0.4015
Gorilla pat,chr5_pat_hsa6,active,1.68,0.4065
Gorilla pat,chr5_pat_hsa6,active,1.68,0.4
Gorilla pat,chr5_pat_hsa6,active,1.676,0.403
Gorilla pat,chr5_pat_hsa6,active,1.66,0.401
Gorilla pat,chr5_pat_hsa6,active,1.572,0.4005
Gorilla pat,chr5_pat_hsa6,active,1.564,0.397
Gorilla pat,chr5_pat_hsa6,active,1.684,0.403
Gorilla pat,chr5_pat_hsa6,active,1.56,0.403
Gorilla pat,chr5_pat_hsa6,active,1.68,0.404
Gorilla pat,chr5_pat_hsa6,active,1.664,0.4035
Gorilla pat,chr5_pat_hsa6,active,1.66,0.401
Gorilla pat,chr5_pat_hsa6,active,1.652,0.4035
Gorilla pat,chr5_pat_hsa6,active,1.624,0.405
Gorilla pat,chr5_pat_hsa6,active,1.604,0.4025
Gorilla pat,chr5_pat_hsa6,active,1.604,0.4015
Gorilla pat,chr5_pat_hsa6,active,1.672,0.4045
Gorilla pat,chr5_pat_hsa6,active,1.632,0.4035
Gorilla pat,chr5_pat_hsa6,active,1.688,0.4005
Gorilla pat,chr5_pat_hsa6,active,1.656,0.399
Gorilla pat,chr5_pat_hsa6,active,1.556,0.399
Gorilla pat,chr5_pat_hsa6,active,1.636,0.402
Gorilla pat,chr5_pat_hsa6,active,1.636,0.4065
Gorilla pat,chr5_pat_hsa6,active,1.716,0.402
Gorilla pat,chr5_pat_hsa6,active,1.676,0.4035
Gorilla pat,chr5_pat_hsa6,active,1.656,0.4065
Gorilla pat,chr5_pat_hsa6,active,1.664,0.3995
Gorilla pat,chr5_pat_hsa6,active,1.516,0.402
Gorilla pat,chr5_pat_hsa6,active,1.624,0.4045
Gorilla pat,chr5_pat_hsa6,active,1.668,0.404
Gorilla pat,chr5_pat_hsa6,active,1.652,0.4025
Gorilla pat,chr5_pat_hsa6,active,1.604,0.3985
Gorilla pat,chr5_pat_hsa6,active,1.604,0.3985
Gorilla pat,chr5_pat_hsa6,active,1.696,0.404
Gorilla pat,chr5_pat_hsa6,active,1.656,0.398
Gorilla pat,chr5_pat_hsa6,active,1.484,0.399
Gorilla pat,chr5_pat_hsa6,active,1.672,0.4
Gorilla pat,chr5_pat_hsa6,active,1.636,0.4
Gorilla pat,chr5_pat_hsa6,active,1.604,0.4075
Gorilla pat,chr5_pat_hsa6,active,1.652,0.3975
Gorilla pat,chr5_pat_hsa6,active,1.732,0.4045
Gorilla pat,chr5_pat_hsa6,active,1.636,0.397
Gorilla pat,chr5_pat_hsa6,active,1.66,0.4005
Gorilla pat,chr5_pat_hsa6,active,1.72,0.4045
Gorilla pat,chr5_pat_hsa6,active,1.692,0.401
Gorilla pat,chr5_pat_hsa6,active,1.7,0.398
Gorilla pat,chr5_pat_hsa6,active,1.648,0.4
Gorilla pat,chr5_pat_hsa6,active,1.648,0.402
Gorilla pat,chr5_pat_hsa6,active,1.736,0.3985
Gorilla pat,chr5_pat_hsa6,active,1.612,0.4035
Gorilla pat,chr5_pat_hsa6,active,1.66,0.4
Gorilla pat,chr5_pat_hsa6,active,1.68,0.4005
Gorilla pat,chr5_pat_hsa6,active,1.688,0.4005
Gorilla pat,chr5_pat_hsa6,active,1.648,0.4035
Gorilla pat,chr5_pat_hsa6,active,1.628,0.4
Gorilla pat,chr5_pat_hsa6,active,1.64,0.3995
Gorilla pat,chr5_pat_hsa6,active,1.64,0.4035
Gorilla pat,chr5_pat_hsa6,active,1.688,0.403
Gorilla pat,chr5_pat_hsa6,active,1.7,0.4055
Gorilla pat,chr5_pat_hsa6,active,1.652,0.4015
Gorilla pat,chr5_pat_hsa6,active,1.708,0.3995
Gorilla pat,chr5_pat_hsa6,active,1.652,0.4045
Gorilla pat,chr5_pat_hsa6,active,1.652,0.3945
Gorilla pat,chr5_pat_hsa6,active,1.692,0.4025
Gorilla pat,chr5_pat_hsa6,active,1.676,0.402
Gorilla pat,chr5_pat_hsa6,active,1.648,0.4055
Gorilla pat,chr5_pat_hsa6,active,1.692,0.399
Gorilla pat,chr5_pat_hsa6,active,1.716,0.4
Gorilla pat,chr5_pat_hsa6,active,1.628,0.4055
Gorilla pat,chr5_pat_hsa6,active,1.68,0.3955
Gorilla pat,chr5_pat_hsa6,active,1.632,0.404
Gorilla pat,chr5_pat_hsa6,active,1.648,0.4035
Gorilla pat,chr5_pat_hsa6,active,1.62,0.4035
Gorilla pat,chr5_pat_hsa6,active,1.672,0.4015
Gorilla pat,chr5_pat_hsa6,active,1.656,0.404
Gorilla pat,chr5_pat_hsa6,active,1.736,0.3995
Gorilla pat,chr5_pat_hsa6,active,1.632,0.4045
Gorilla pat,chr5_pat_hsa6,active,1.68,0.4015
Gorilla pat,chr5_pat_hsa6,active,1.692,0.4005
Gorilla pat,chr5_pat_hsa6,active,1.548,0.41
Gorilla pat,chr5_pat_hsa6,active,1.604,0.396
Gorilla pat,chr5_pat_hsa6,active,1.684,0.4025
Gorilla pat,chr5_pat_hsa6,active,1.636,0.401
Gorilla pat,chr5_pat_hsa6,active,1.66,0.4015
Gorilla pat,chr5_pat_hsa6,active,1.632,0.4
Gorilla pat,chr5_pat_hsa6,active,1.668,0.4015
Gorilla pat,chr5_pat_hsa6,active,1.656,0.401
Gorilla pat,chr5_pat_hsa6,active,1.684,0.4015
Gorilla pat,chr5_pat_hsa6,active,1.656,0.3995
Gorilla pat,chr5_pat_hsa6,active,1.64,0.3985
Gorilla pat,chr5_pat_hsa6,active,1.668,0.4005
Gorilla pat,chr5_pat_hsa6,active,1.66,0.3975
Gorilla pat,chr5_pat_hsa6,active,1.676,0.3995
Gorilla pat,chr5_pat_hsa6,active,1.716,0.4015
Gorilla pat,chr5_pat_hsa6,active,1.76,0.4025
Gorilla pat,chr5_pat_hsa6,active,1.648,0.4025
Gorilla pat,chr5_pat_hsa6,active,1.64,0.4045
Gorilla pat,chr5_pat_hsa6,active,1.66,0.403
Gorilla pat,chr5_pat_hsa6,active,1.692,0.399
Gorilla pat,chr5_pat_hsa6,active,1.556,0.404
Gorilla pat,chr5_pat_hsa6,active,1.74,0.401
Gorilla pat,chr5_pat_hsa6,active,1.612,0.4005
Gorilla pat,chr5_pat_hsa6,active,1.556,0.402
Gorilla pat,chr5_pat_hsa6,active,1.728,0.403
Gorilla pat,chr5_pat_hsa6,active,1.628,0.4025
Gorilla pat,chr5_pat_hsa6,active,1.712,0.4045
Gorilla pat,chr5_pat_hsa6,active,1.648,0.401
Gorilla pat,chr5_pat_hsa6,active,1.628,0.4015
Gorilla pat,chr5_pat_hsa6,active,1.652,0.403
Gorilla pat,chr5_pat_hsa6,active,1.696,0.4035
Gorilla pat,chr5_pat_hsa6,active,1.596,0.4005
Gorilla pat,chr5_pat_hsa6,active,1.684,0.4005
Gorilla pat,chr5_pat_hsa6,active,1.652,0.4045
Gorilla pat,chr5_pat_hsa6,active,1.636,0.4035
Gorilla pat,chr5_pat_hsa6,active,1.644,0.4025
Gorilla pat,chr5_pat_hsa6,active,1.668,0.3985
Gorilla pat,chr5_pat_hsa6,active,1.656,0.4035
Gorilla pat,chr5_pat_hsa6,active,1.716,0.4
Gorilla pat,chr5_pat_hsa6,active,1.652,0.4025
Gorilla pat,chr5_pat_hsa6,active,1.772,0.3995
Gorilla pat,chr5_pat_hsa6,active,1.728,0.405
Gorilla pat,chr5_pat_hsa6,active,1.708,0.405
Gorilla pat,chr5_pat_hsa6,active,1.632,0.402
Gorilla pat,chr5_pat_hsa6,active,1.712,0.4005
Gorilla pat,chr5_pat_hsa6,active,1.648,0.403
Gorilla pat,chr5_pat_hsa6,active,1.66,0.4
Gorilla pat,chr5_pat_hsa6,active,1.668,0.403
Gorilla pat,chr5_pat_hsa6,active,1.696,0.3985
Gorilla pat,chr5_pat_hsa6,active,1.696,0.4035
Gorilla pat,chr5_pat_hsa6,active,1.692,0.408
Gorilla pat,chr5_pat_hsa6,active,1.604,0.403
Gorilla pat,chr5_pat_hsa6,active,1.636,0.4005
Gorilla pat,chr5_pat_hsa6,active,1.66,0.404
Gorilla pat,chr5_pat_hsa6,active,1.696,0.3995
Gorilla pat,chr5_pat_hsa6,active,1.648,0.4005
Gorilla pat,chr5_pat_hsa6,active,1.716,0.403
Gorilla pat,chr5_pat_hsa6,active,1.624,0.404
Gorilla pat,chr5_pat_hsa6,active,1.704,0.4025
Gorilla pat,chr5_pat_hsa6,active,1.656,0.4015
Gorilla pat,chr5_pat_hsa6,active,1.792,0.401
Gorilla pat,chr5_pat_hsa6,active,1.652,0.4005
Gorilla pat,chr5_pat_hsa6,active,1.576,0.398
Gorilla pat,chr5_pat_hsa6,active,1.64,0.4045
Gorilla pat,chr5_pat_hsa6,active,1.656,0.4
Gorilla pat,chr5_pat_hsa6,active,1.656,0.402
Gorilla pat,chr5_pat_hsa6,active,1.624,0.403
Gorilla pat,chr5_pat_hsa6,active,1.696,0.4045
Gorilla pat,chr5_pat_hsa6,active,1.644,0.4025
Gorilla pat,chr5_pat_hsa6,active,1.66,0.401
Gorilla pat,chr5_pat_hsa6,active,1.652,0.3985
Gorilla pat,chr5_pat_hsa6,active,1.636,0.4005
Gorilla pat,chr5_pat_hsa6,active,1.716,0.401
Gorilla pat,chr5_pat_hsa6,active,1.644,0.401
Gorilla pat,chr5_pat_hsa6,active,1.64,0.4045
Gorilla pat,chr5_pat_hsa6,active,1.656,0.4035
Gorilla pat,chr5_pat_hsa6,active,1.704,0.4005
Gorilla pat,chr5_pat_hsa6,active,1.648,0.4
Gorilla pat,chr5_pat_hsa6,active,1.664,0.4035
Gorilla pat,chr5_pat_hsa6,active,1.672,0.398
Gorilla pat,chr5_pat_hsa6,active,1.632,0.4025
Gorilla pat,chr5_pat_hsa6,active,1.616,0.4015
Gorilla pat,chr5_pat_hsa6,active,1.772,0.4035
Gorilla pat,chr5_pat_hsa6,active,1.616,0.4055
Gorilla pat,chr5_pat_hsa6,active,1.644,0.4005
Gorilla pat,chr5_pat_hsa6,active,1.656,0.403
Gorilla pat,chr5_pat_hsa6,active,1.608,0.404
Gorilla pat,chr5_pat_hsa6,active,1.672,0.4015
Gorilla pat,chr5_pat_hsa6,active,1.636,0.406
Gorilla pat,chr5_pat_hsa6,active,1.648,0.402
Gorilla pat,chr5_pat_hsa6,active,1.624,0.3995
Gorilla pat,chr5_pat_hsa6,active,1.668,0.401
Gorilla pat,chr5_pat_hsa6,active,1.676,0.403
Gorilla pat,chr5_pat_hsa6,active,1.612,0.399
Gorilla pat,chr5_pat_hsa6,active,1.632,0.402
Gorilla pat,chr5_pat_hsa6,active,1.644,0.4005
Gorilla pat,chr5_pat_hsa6,active,1.656,0.401
Gorilla pat,chr5_pat_hsa6,active,1.668,0.4
Gorilla pat,chr5_pat_hsa6,active,1.684,0.3985
Gorilla pat,chr5_pat_hsa6,active,1.692,0.401
Gorilla pat,chr5_pat_hsa6,active,1.732,0.4035
Gorilla pat,chr5_pat_hsa6,active,1.692,0.4015
Gorilla pat,chr5_pat_hsa6,active,1.624,0.4045
Gorilla pat,chr5_pat_hsa6,active,1.712,0.4015
Gorilla pat,chr5_pat_hsa6,active,1.712,0.4015
Gorilla pat,chr5_pat_hsa6,active,1.652,0.4005
Gorilla pat,chr5_pat_hsa6,active,1.608,0.4055
Gorilla pat,chr5_pat_hsa6,active,1.624,0.3985
Gorilla pat,chr5_pat_hsa6,active,1.684,0.402
Gorilla pat,chr5_pat_hsa6,active,1.652,0.4055
Gorilla pat,chr5_pat_hsa6,active,1.692,0.4005
Gorilla pat,chr5_pat_hsa6,active,1.688,0.4025
Gorilla pat,chr5_pat_hsa6,active,1.656,0.4035
Gorilla pat,chr5_pat_hsa6,active,1.672,0.4025
Gorilla pat,chr5_pat_hsa6,active,1.64,0.4
Gorilla pat,chr5_pat_hsa6,active,1.644,0.404
Gorilla pat,chr5_pat_hsa6,active,1.64,0.4
Gorilla pat,chr5_pat_hsa6,active,1.676,0.404
Gorilla pat,chr5_pat_hsa6,active,1.72,0.3995
Gorilla pat,chr5_pat_hsa6,active,1.604,0.406
Gorilla pat,chr5_pat_hsa6,active,1.648,0.401
Gorilla pat,chr5_pat_hsa6,active,1.612,0.4005
Gorilla pat,chr5_pat_hsa6,active,1.684,0.402
Gorilla pat,chr5_pat_hsa6,active,1.648,0.4025
Gorilla pat,chr5_pat_hsa6,active,1.648,0.4015
Gorilla pat,chr5_pat_hsa6,active,1.68,0.4025
Gorilla pat,chr5_pat_hsa6,active,1.7,0.399
Gorilla pat,chr5_pat_hsa6,active,1.748,0.404
Gorilla pat,chr5_pat_hsa6,active,1.684,0.4055
Gorilla pat,chr5_pat_hsa6,active,1.7,0.3985
Gorilla pat,chr5_pat_hsa6,active,1.612,0.405
Gorilla pat,chr5_pat_hsa6,active,1.668,0.3985
Gorilla pat,chr5_pat_hsa6,active,1.636,0.4025
Gorilla pat,chr5_pat_hsa6,active,1.712,0.397
Gorilla pat,chr5_pat_hsa6,active,1.676,0.406
Gorilla pat,chr5_pat_hsa6,active,1.68,0.405
Gorilla pat,chr5_pat_hsa6,active,1.636,0.4035
Gorilla pat,chr5_pat_hsa6,active,1.66,0.4015
Gorilla pat,chr5_pat_hsa6,active,1.632,0.403
Gorilla pat,chr5_pat_hsa6,active,1.704,0.401
Gorilla pat,chr5_pat_hsa6,active,1.692,0.401
Gorilla pat,chr5_pat_hsa6,active,1.62,0.402
Gorilla pat,chr5_pat_hsa6,active,1.624,0.4005
Gorilla pat,chr5_pat_hsa6,active,1.708,0.4045
Gorilla pat,chr5_pat_hsa6,active,1.704,0.4015
Gorilla pat,chr5_pat_hsa6,active,1.708,0.4025
Gorilla pat,chr5_pat_hsa6,active,1.656,0.402
Gorilla pat,chr5_pat_hsa6,active,1.572,0.399
Gorilla pat,chr5_pat_hsa6,active,1.664,0.3985
Gorilla pat,chr5_pat_hsa6,active,1.58,0.3995
Gorilla pat,chr5_pat_hsa6,active,1.548,0.4005
Gorilla pat,chr5_pat_hsa6,active,1.656,0.402
Gorilla pat,chr5_pat_hsa6,active,1.676,0.404
Gorilla pat,chr5_pat_hsa6,active,1.636,0.403
Gorilla pat,chr5_pat_hsa6,active,1.628,0.403
Gorilla pat,chr5_pat_hsa6,active,1.648,0.4015
Gorilla pat,chr5_pat_hsa6,active,1.692,0.402
Gorilla pat,chr5_pat_hsa6,active,1.704,0.4
Gorilla pat,chr5_pat_hsa6,active,1.628,0.4045
Gorilla pat,chr5_pat_hsa6,active,1.656,0.4025
Gorilla pat,chr5_pat_hsa6,active,1.632,0.403
Gorilla pat,chr5_pat_hsa6,active,1.656,0.4005
Gorilla pat,chr5_pat_hsa6,active,1.708,0.4025
Gorilla pat,chr5_pat_hsa6,active,1.708,0.405
Gorilla pat,chr5_pat_hsa6,active,1.744,0.4025
Gorilla pat,chr5_pat_hsa6,active,1.664,0.4025
Gorilla pat,chr5_pat_hsa6,active,1.7,0.3975
Gorilla pat,chr5_pat_hsa6,active,1.644,0.4015
Gorilla pat,chr5_pat_hsa6,active,1.7,0.4035
Gorilla pat,chr5_pat_hsa6,active,1.748,0.4
Gorilla pat,chr5_pat_hsa6,active,1.712,0.4035
Gorilla pat,chr5_pat_hsa6,active,1.588,0.4005
Gorilla pat,chr5_pat_hsa6,active,1.704,0.3985
Gorilla pat,chr5_pat_hsa6,active,1.616,0.4045
Gorilla pat,chr5_pat_hsa6,active,1.676,0.401
Gorilla pat,chr5_pat_hsa6,active,1.7,0.3995
Gorilla pat,chr5_pat_hsa6,active,1.644,0.4005
Gorilla pat,chr5_pat_hsa6,active,1.66,0.4065
Gorilla pat,chr5_pat_hsa6,active,1.692,0.3925
Gorilla pat,chr5_pat_hsa6,active,1.612,0.406
Gorilla pat,chr5_pat_hsa6,active,1.636,0.4055
Gorilla pat,chr5_pat_hsa6,active,1.632,0.3985
Gorilla pat,chr5_pat_hsa6,active,1.636,0.408
Gorilla pat,chr5_pat_hsa6,active,1.66,0.397
Gorilla pat,chr5_pat_hsa6,active,1.66,0.4025
Gorilla pat,chr5_pat_hsa6,active,1.696,0.3995
Gorilla pat,chr5_pat_hsa6,active,1.632,0.408
Gorilla pat,chr5_pat_hsa6,active,1.632,0.4035
Gorilla pat,chr5_pat_hsa6,active,1.62,0.4035
Gorilla pat,chr5_pat_hsa6,active,1.664,0.4015
Gorilla pat,chr5_pat_hsa6,active,1.72,0.402
Gorilla pat,chr5_pat_hsa6,active,1.672,0.4015
Gorilla pat,chr5_pat_hsa6,active,1.484,0.402
Gorilla pat,chr5_pat_hsa6,active,1.628,0.4025
Gorilla pat,chr5_pat_hsa6,active,1.568,0.4005
Gorilla pat,chr5_pat_hsa6,active,1.616,0.403
Gorilla pat,chr5_pat_hsa6,active,1.724,0.4015
Gorilla pat,chr5_pat_hsa6,active,1.744,0.4
Gorilla pat,chr5_pat_hsa6,active,1.652,0.404
Gorilla pat,chr5_pat_hsa6,active,1.628,0.404
Gorilla pat,chr5_pat_hsa6,active,1.672,0.4
Gorilla pat,chr5_pat_hsa6,active,1.74,0.405
Gorilla pat,chr5_pat_hsa6,active,1.564,0.4045
Gorilla pat,chr5_pat_hsa6,active,1.664,0.4025
Gorilla pat,chr5_pat_hsa6,active,1.708,0.4045
Gorilla pat,chr5_pat_hsa6,active,1.668,0.4015
Gorilla pat,chr5_pat_hsa6,active,1.668,0.4035
Gorilla pat,chr5_pat_hsa6,active,1.756,0.398
Gorilla pat,chr5_pat_hsa6,active,1.68,0.4075
Gorilla pat,chr5_pat_hsa6,active,1.752,0.399
Gorilla pat,chr5_pat_hsa6,active,1.58,0.4005
Gorilla pat,chr5_pat_hsa6,active,1.628,0.4015
Gorilla pat,chr5_pat_hsa6,active,1.66,0.4015
Gorilla pat,chr5_pat_hsa6,active,1.652,0.3965
Gorilla pat,chr5_pat_hsa6,active,1.52,0.4
Gorilla pat,chr5_pat_hsa6,active,1.608,0.4045
Gorilla pat,chr5_pat_hsa6,active,1.58,0.3945
Gorilla pat,chr5_pat_hsa6,active,1.568,0.402
Gorilla pat,chr5_pat_hsa6,active,1.628,0.4005
Gorilla pat,chr5_pat_hsa6,active,1.648,0.4015
Gorilla pat,chr5_pat_hsa6,active,1.604,0.401
Gorilla pat,chr5_pat_hsa6,active,1.644,0.4005
Gorilla pat,chr5_pat_hsa6,active,1.652,0.399
Gorilla pat,chr5_pat_hsa6,active,1.636,0.399
Gorilla pat,chr5_pat_hsa6,active,1.616,0.4085
Gorilla pat,chr5_pat_hsa6,active,1.736,0.4015
Gorilla pat,chr5_pat_hsa6,active,1.704,0.398
Gorilla pat,chr5_pat_hsa6,active,1.652,0.4055
Gorilla pat,chr5_pat_hsa6,active,1.736,0.401
Gorilla pat,chr5_pat_hsa6,active,1.688,0.402
Gorilla pat,chr5_pat_hsa6,active,1.676,0.4015
Gorilla pat,chr5_pat_hsa6,active,1.656,0.406
Gorilla pat,chr5_pat_hsa6,active,1.676,0.4045
Gorilla pat,chr5_pat_hsa6,active,1.684,0.3995
Gorilla pat,chr5_pat_hsa6,active,1.628,0.4025
Gorilla pat,chr5_pat_hsa6,active,1.644,0.402
Gorilla pat,chr5_pat_hsa6,active,1.62,0.4015
Gorilla pat,chr5_pat_hsa6,active,1.724,0.398
Gorilla pat,chr5_pat_hsa6,active,1.568,0.4045
Gorilla pat,chr5_pat_hsa6,active,1.664,0.3995
Gorilla pat,chr5_pat_hsa6,active,1.668,0.403
Gorilla pat,chr5_pat_hsa6,active,1.716,0.401
Gorilla pat,chr5_pat_hsa6,active,1.724,0.404
Gorilla pat,chr5_pat_hsa6,active,1.656,0.402
Gorilla pat,chr5_pat_hsa6,active,1.716,0.4065
Gorilla pat,chr5_pat_hsa6,active,1.656,0.4035
Gorilla pat,chr5_pat_hsa6,active,1.756,0.398
Gorilla pat,chr5_pat_hsa6,active,1.688,0.4055
Gorilla pat,chr5_pat_hsa6,active,1.724,0.4
Gorilla pat,chr5_pat_hsa6,active,1.74,0.3985
Gorilla pat,chr5_pat_hsa6,active,1.556,0.4065
Gorilla pat,chr5_pat_hsa6,active,1.616,0.4045
Gorilla pat,chr5_pat_hsa6,active,1.6,0.403
Gorilla pat,chr5_pat_hsa6,active,1.524,0.4055
Gorilla pat,chr5_pat_hsa6,active,1.632,0.406
Gorilla pat,chr5_pat_hsa6,active,1.576,0.4055
Gorilla pat,chr5_pat_hsa6,active,1.648,0.404
Gorilla pat,chr5_pat_hsa6,active,1.612,0.404
Gorilla pat,chr5_pat_hsa6,active,1.508,0.412
Gorilla pat,chr5_pat_hsa6,active,1.616,0.4035
Gorilla pat,chr5_pat_hsa6,active,1.684,0.401
Gorilla pat,chr5_pat_hsa6,active,1.744,0.401
Gorilla pat,chr5_pat_hsa6,active,1.648,0.401
Gorilla pat,chr5_pat_hsa6,active,1.7,0.4035
Gorilla pat,chr5_pat_hsa6,active,1.692,0.4045
Gorilla pat,chr5_pat_hsa6,active,1.708,0.404
Gorilla pat,chr5_pat_hsa6,active,1.776,0.401
Gorilla pat,chr5_pat_hsa6,active,1.648,0.4015
Gorilla pat,chr5_pat_hsa6,active,1.696,0.402
Gorilla pat,chr5_pat_hsa6,active,1.664,0.4065
Gorilla pat,chr5_pat_hsa6,active,1.764,0.401
Gorilla pat,chr5_pat_hsa6,active,1.628,0.397
Gorilla pat,chr5_pat_hsa6,active,1.624,0.4015
Gorilla pat,chr5_pat_hsa6,active,1.628,0.401
Gorilla pat,chr5_pat_hsa6,active,1.74,0.4015
Gorilla pat,chr5_pat_hsa6,active,1.644,0.405
Gorilla pat,chr5_pat_hsa6,active,1.644,0.4035
Gorilla pat,chr5_pat_hsa6,active,1.652,0.406
Gorilla pat,chr5_pat_hsa6,active,1.66,0.404
Gorilla pat,chr5_pat_hsa6,active,1.696,0.403
Gorilla pat,chr5_pat_hsa6,active,1.66,0.399
Gorilla pat,chr5_pat_hsa6,active,1.628,0.399
Gorilla pat,chr5_pat_hsa6,active,1.624,0.4015
Gorilla pat,chr5_pat_hsa6,active,1.648,0.4045
Gorilla pat,chr5_pat_hsa6,active,1.48,0.401
Gorilla pat,chr5_pat_hsa6,active,1.812,0.402
Gorilla pat,chr5_pat_hsa6,active,1.672,0.4
Gorilla pat,chr5_pat_hsa6,active,1.656,0.403
Gorilla pat,chr5_pat_hsa6,active,1.632,0.401
Gorilla pat,chr5_pat_hsa6,active,1.736,0.4005
Gorilla pat,chr5_pat_hsa6,active,1.668,0.398
Gorilla pat,chr5_pat_hsa6,active,1.652,0.404
Gorilla pat,chr5_pat_hsa6,active,1.624,0.4015
Gorilla pat,chr5_pat_hsa6,active,1.704,0.4005
Gorilla pat,chr5_pat_hsa6,active,1.596,0.4015
Gorilla pat,chr5_pat_hsa6,active,1.676,0.4015
Gorilla pat,chr5_pat_hsa6,active,1.684,0.404
Gorilla pat,chr5_pat_hsa6,active,1.736,0.3995
Gorilla pat,chr5_pat_hsa6,active,1.696,0.3985
Gorilla pat,chr5_pat_hsa6,active,1.664,0.4055
Gorilla pat,chr5_pat_hsa6,active,1.712,0.404
Gorilla pat,chr5_pat_hsa6,active,1.752,0.3985
Gorilla pat,chr5_pat_hsa6,active,1.636,0.3995
Gorilla pat,chr5_pat_hsa6,active,1.732,0.395
Gorilla pat,chr5_pat_hsa6,active,1.528,0.408
Gorilla pat,chr5_pat_hsa6,active,1.648,0.3985
Gorilla pat,chr5_pat_hsa6,active,1.672,0.4005
Gorilla pat,chr5_pat_hsa6,active,1.7,0.3975
Gorilla pat,chr5_pat_hsa6,active,1.652,0.4
Gorilla pat,chr5_pat_hsa6,active,1.656,0.4005
Gorilla pat,chr5_pat_hsa6,active,1.592,0.404
Gorilla pat,chr5_pat_hsa6,active,1.688,0.4015
Gorilla pat,chr5_pat_hsa6,active,1.588,0.4065
Gorilla pat,chr5_pat_hsa6,active,1.624,0.406
Gorilla pat,chr5_pat_hsa6,active,1.652,0.4015
Gorilla pat,chr5_pat_hsa6,active,1.716,0.405
Gorilla pat,chr5_pat_hsa6,active,1.676,0.4015
Gorilla pat,chr5_pat_hsa6,active,1.624,0.3995
Gorilla pat,chr5_pat_hsa6,active,1.664,0.402
Gorilla pat,chr5_pat_hsa6,active,1.756,0.401
Gorilla pat,chr5_pat_hsa6,active,1.748,0.403
Gorilla pat,chr5_pat_hsa6,active,1.676,0.3985
Gorilla pat,chr5_pat_hsa6,active,1.652,0.408
Gorilla pat,chr5_pat_hsa6,active,1.688,0.4015
Gorilla pat,chr5_pat_hsa6,active,1.76,0.3975
Gorilla pat,chr5_pat_hsa6,active,1.636,0.3985
Gorilla pat,chr5_pat_hsa6,active,1.728,0.395
Gorilla pat,chr5_pat_hsa6,active,1.548,0.408
Gorilla pat,chr5_pat_hsa6,active,1.684,0.3995
Gorilla pat,chr5_pat_hsa6,active,1.692,0.4005
Gorilla pat,chr5_pat_hsa6,active,1.716,0.3975
Gorilla pat,chr5_pat_hsa6,active,1.644,0.4005
Gorilla pat,chr5_pat_hsa6,active,1.58,0.401
Gorilla pat,chr5_pat_hsa6,active,1.62,0.4035
Gorilla pat,chr5_pat_hsa6,active,1.652,0.399
Gorilla pat,chr5_pat_hsa6,active,1.588,0.409
Gorilla pat,chr5_pat_hsa6,active,1.668,0.404
Gorilla pat,chr5_pat_hsa6,active,1.672,0.4025
Gorilla pat,chr5_pat_hsa6,active,1.716,0.404
Gorilla pat,chr5_pat_hsa6,active,1.672,0.4025
Gorilla pat,chr5_pat_hsa6,active,1.6,0.402
Gorilla pat,chr5_pat_hsa6,active,1.672,0.397
Gorilla pat,chr5_pat_hsa6,active,1.684,0.4025
Gorilla pat,chr5_pat_hsa6,active,1.648,0.4
Gorilla pat,chr5_pat_hsa6,active,1.7,0.4055
Gorilla pat,chr5_pat_hsa6,active,1.732,0.402
Gorilla pat,chr5_pat_hsa6,active,1.7,0.4055
Gorilla pat,chr5_pat_hsa6,active,1.612,0.3975
Gorilla pat,chr5_pat_hsa6,active,1.636,0.4095
Gorilla pat,chr5_pat_hsa6,active,1.7,0.4005
Gorilla pat,chr5_pat_hsa6,active,1.632,0.403
Gorilla pat,chr5_pat_hsa6,active,1.692,0.4015
Gorilla pat,chr5_pat_hsa6,active,1.48,0.408
Gorilla pat,chr5_pat_hsa6,active,1.768,0.401
Gorilla pat,chr5_pat_hsa6,active,1.592,0.403
Gorilla pat,chr5_pat_hsa6,active,1.708,0.4005
Gorilla pat,chr5_pat_hsa6,active,1.62,0.405
Gorilla pat,chr5_pat_hsa6,active,1.696,0.403
Gorilla pat,chr5_pat_hsa6,active,1.652,0.4025
Gorilla pat,chr5_pat_hsa6,active,1.64,0.401
Gorilla pat,chr5_pat_hsa6,active,1.56,0.405
Gorilla pat,chr5_pat_hsa6,active,1.588,0.398
Gorilla pat,chr5_pat_hsa6,active,1.652,0.399
Gorilla pat,chr5_pat_hsa6,active,1.748,0.405
Gorilla pat,chr5_pat_hsa6,active,1.668,0.4
Gorilla pat,chr5_pat_hsa6,active,1.712,0.402
Gorilla pat,chr5_pat_hsa6,active,1.6,0.407
Gorilla pat,chr5_pat_hsa6,active,1.72,0.395
Gorilla pat,chr5_pat_hsa6,active,1.748,0.4065
Gorilla pat,chr5_pat_hsa6,active,1.62,0.4045
Gorilla pat,chr5_pat_hsa6,active,1.664,0.402
Gorilla pat,chr5_pat_hsa6,active,1.552,0.4005
Gorilla pat,chr5_pat_hsa6,active,1.692,0.4025
Gorilla pat,chr5_pat_hsa6,active,1.592,0.4
Gorilla pat,chr5_pat_hsa6,active,1.584,0.4
Gorilla pat,chr5_pat_hsa6,active,1.696,0.398
Gorilla pat,chr5_pat_hsa6,active,1.576,0.4005
Gorilla pat,chr5_pat_hsa6,active,1.648,0.4055
Gorilla pat,chr5_pat_hsa6,active,1.644,0.4025
Gorilla pat,chr5_pat_hsa6,active,1.56,0.401
Gorilla pat,chr5_pat_hsa6,active,1.704,0.405
Gorilla pat,chr5_pat_hsa6,active,1.636,0.399
Gorilla pat,chr5_pat_hsa6,active,1.572,0.3995
Gorilla pat,chr5_pat_hsa6,active,1.652,0.3995
Gorilla pat,chr5_pat_hsa6,active,1.692,0.3985
Gorilla pat,chr5_pat_hsa6,active,1.672,0.4015
Gorilla pat,chr5_pat_hsa6,active,1.66,0.4035
Gorilla pat,chr5_pat_hsa6,active,1.704,0.4035
Gorilla pat,chr5_pat_hsa6,active,1.596,0.4015
Gorilla pat,chr5_pat_hsa6,active,1.608,0.4015
Gorilla pat,chr5_pat_hsa6,active,1.724,0.4025
Gorilla pat,chr5_pat_hsa6,active,1.652,0.4025
Gorilla pat,chr5_pat_hsa6,active,1.668,0.4055
Gorilla pat,chr5_pat_hsa6,active,1.604,0.4035
Gorilla pat,chr5_pat_hsa6,active,1.672,0.4025
Gorilla pat,chr5_pat_hsa6,active,1.592,0.401
Gorilla pat,chr5_pat_hsa6,active,1.648,0.4065
Gorilla pat,chr5_pat_hsa6,active,1.716,0.3995
Gorilla pat,chr5_pat_hsa6,active,1.644,0.4055
Gorilla pat,chr5_pat_hsa6,active,1.624,0.3985
Gorilla pat,chr5_pat_hsa6,active,1.668,0.401
Gorilla pat,chr5_pat_hsa6,active,1.556,0.401
Gorilla pat,chr5_pat_hsa6,active,1.728,0.4005
Gorilla pat,chr5_pat_hsa6,active,1.588,0.4055
Gorilla pat,chr5_pat_hsa6,active,1.656,0.3985
Gorilla pat,chr5_pat_hsa6,active,1.72,0.402
Gorilla pat,chr5_pat_hsa6,active,1.62,0.403
Gorilla pat,chr5_pat_hsa6,active,1.7,0.404
Gorilla pat,chr5_pat_hsa6,active,1.62,0.4055
Gorilla pat,chr5_pat_hsa6,active,1.664,0.401
Gorilla pat,chr5_pat_hsa6,active,1.688,0.397
Gorilla pat,chr5_pat_hsa6,active,1.664,0.399
Gorilla pat,chr5_pat_hsa6,active,1.612,0.4035
Gorilla pat,chr5_pat_hsa6,active,1.624,0.402
Gorilla pat,chr5_pat_hsa6,active,1.684,0.4025
Gorilla pat,chr5_pat_hsa6,active,1.728,0.3985
Gorilla pat,chr5_pat_hsa6,active,1.64,0.4055
Gorilla pat,chr5_pat_hsa6,active,1.668,0.4005
Gorilla pat,chr5_pat_hsa6,active,1.628,0.4015
Gorilla pat,chr5_pat_hsa6,active,1.608,0.4015
Gorilla pat,chr5_pat_hsa6,active,1.676,0.399
Gorilla pat,chr5_pat_hsa6,active,1.612,0.404
Gorilla pat,chr5_pat_hsa6,active,1.66,0.401
Gorilla pat,chr5_pat_hsa6,active,1.708,0.3995
Gorilla pat,chr5_pat_hsa6,active,1.616,0.4035
Gorilla pat,chr5_pat_hsa6,active,1.704,0.4
Gorilla pat,chr5_pat_hsa6,active,1.616,0.4035
Gorilla pat,chr5_pat_hsa6,active,1.672,0.402
Gorilla pat,chr5_pat_hsa6,active,1.628,0.4035
Gorilla pat,chr5_pat_hsa6,active,1.604,0.4005
Gorilla pat,chr5_pat_hsa6,active,1.644,0.4015
Gorilla pat,chr5_pat_hsa6,active,1.608,0.4035
Gorilla pat,chr5_pat_hsa6,active,1.616,0.4015
Gorilla pat,chr5_pat_hsa6,active,1.576,0.404
Gorilla pat,chr5_pat_hsa6,active,1.612,0.4
Gorilla pat,chr5_pat_hsa6,active,1.592,0.402
Gorilla pat,chr5_pat_hsa6,active,1.632,0.406
Gorilla pat,chr5_pat_hsa6,active,1.58,0.3955
Gorilla pat,chr5_pat_hsa6,active,1.68,0.399
Gorilla pat,chr5_pat_hsa6,active,1.736,0.4
Gorilla pat,chr5_pat_hsa6,active,1.716,0.4015
Gorilla pat,chr5_pat_hsa6,active,1.692,0.405
Gorilla pat,chr5_pat_hsa6,active,1.752,0.4045
Gorilla pat,chr5_pat_hsa6,active,1.616,0.402
Gorilla pat,chr5_pat_hsa6,active,1.624,0.402
Gorilla pat,chr5_pat_hsa6,active,1.612,0.404
Gorilla pat,chr5_pat_hsa6,active,1.584,0.401
Gorilla pat,chr5_pat_hsa6,active,1.592,0.401
Gorilla pat,chr5_pat_hsa6,active,1.6,0.401
Gorilla pat,chr5_pat_hsa6,active,1.588,0.4
Gorilla pat,chr5_pat_hsa6,active,1.608,0.4035
Gorilla pat,chr5_pat_hsa6,active,1.7,0.4045
Gorilla pat,chr5_pat_hsa6,active,1.748,0.407
Gorilla pat,chr5_pat_hsa6,active,1.576,0.4
Gorilla pat,chr5_pat_hsa6,active,1.624,0.402
Gorilla pat,chr5_pat_hsa6,active,1.632,0.3985
Gorilla pat,chr5_pat_hsa6,active,1.592,0.4035
Gorilla pat,chr5_pat_hsa6,active,1.628,0.402
Gorilla pat,chr5_pat_hsa6,active,1.6,0.4035
Gorilla pat,chr5_pat_hsa6,active,1.64,0.399
Gorilla pat,chr5_pat_hsa6,active,1.612,0.4055
Gorilla pat,chr5_pat_hsa6,active,1.608,0.401
Gorilla pat,chr5_pat_hsa6,active,1.62,0.4045
Gorilla pat,chr5_pat_hsa6,active,1.62,0.4035
Gorilla pat,chr5_pat_hsa6,active,1.736,0.3985
Gorilla pat,chr5_pat_hsa6,active,1.76,0.4015
Gorilla pat,chr5_pat_hsa6,active,1.604,0.4025
Gorilla pat,chr5_pat_hsa6,active,1.66,0.4015
Gorilla pat,chr5_pat_hsa6,active,1.592,0.406
Gorilla pat,chr5_pat_hsa6,active,1.624,0.399
Gorilla pat,chr5_pat_hsa6,active,1.584,0.403
Gorilla pat,chr5_pat_hsa6,active,1.576,0.398
Gorilla pat,chr5_pat_hsa6,active,1.636,0.4055
Gorilla pat,chr5_pat_hsa6,active,1.62,0.401
Gorilla pat,chr5_pat_hsa6,active,1.628,0.407
Gorilla pat,chr5_pat_hsa6,active,1.64,0.3995
Gorilla pat,chr5_pat_hsa6,active,1.728,0.4025
Gorilla pat,chr5_pat_hsa6,active,1.74,0.401
Gorilla pat,chr5_pat_hsa6,active,1.624,0.402
Gorilla pat,chr5_pat_hsa6,active,1.708,0.4035
Gorilla pat,chr5_pat_hsa6,active,1.736,0.4045
Gorilla pat,chr5_pat_hsa6,active,1.732,0.402
Gorilla pat,chr5_pat_hsa6,active,1.636,0.4105
Gorilla pat,chr5_pat_hsa6,active,1.752,0.406
Gorilla pat,chr5_pat_hsa6,active,1.7,0.4055
Gorilla pat,chr5_pat_hsa6,active,1.796,0.403
Gorilla pat,chr5_pat_hsa6,active,1.72,0.4
Gorilla pat,chr5_pat_hsa6,active,1.716,0.4005
Gorilla pat,chr5_pat_hsa6,active,1.788,0.4035
Gorilla pat,chr5_pat_hsa6,active,1.724,0.405
Gorilla pat,chr5_pat_hsa6,active,1.624,0.4055
Gorilla pat,chr5_pat_hsa6,active,1.732,0.405
Gorilla pat,chr5_pat_hsa6,active,1.76,0.408
Gorilla pat,chr5_pat_hsa6,active,2.38,0.389
Gorilla pat,chr5_pat_hsa6,active,2.42,0.386
Gorilla pat,chr5_pat_hsa6,active,1.708,0.4065
Gorilla pat,chr5_pat_hsa6,active,1.676,0.4045
Gorilla pat,chr5_pat_hsa6,active,1.756,0.403
Gorilla pat,chr5_pat_hsa6,active,1.728,0.4055
Gorilla pat,chr5_pat_hsa6,active,1.644,0.4035
Gorilla pat,chr5_pat_hsa6,active,1.732,0.404
Gorilla pat,chr5_pat_hsa6,active,1.748,0.4075
Gorilla pat,chr5_pat_hsa6,active,2.34,0.394
Gorilla pat,chr5_pat_hsa6,active,2.416,0.3825
Gorilla pat,chr5_pat_hsa6,active,1.74,0.4055
Gorilla pat,chr5_pat_hsa6,active,1.708,0.4065
Gorilla pat,chr5_pat_hsa6,active,1.788,0.4055
Gorilla pat,chr5_pat_hsa6,active,1.736,0.4025
Gorilla pat,chr5_pat_hsa6,active,1.732,0.4065
Gorilla pat,chr5_pat_hsa6,active,1.616,0.404
Gorilla pat,chr5_pat_hsa6,active,1.708,0.4065
Gorilla pat,chr5_pat_hsa6,active,1.664,0.4025
Gorilla pat,chr5_pat_hsa6,active,1.728,0.4035
Gorilla pat,chr5_pat_hsa6,active,1.724,0.405
Gorilla pat,chr5_pat_hsa6,active,1.628,0.407
Gorilla pat,chr5_pat_hsa6,active,1.704,0.4035
Gorilla pat,chr5_pat_hsa6,active,1.676,0.403
Gorilla pat,chr5_pat_hsa6,active,1.62,0.406
Gorilla pat,chr5_pat_hsa6,active,1.692,0.41
Gorilla pat,chr5_pat_hsa6,active,1.652,0.4035
Gorilla pat,chr5_pat_hsa6,active,1.716,0.4075
Gorilla pat,chr5_pat_hsa6,active,1.644,0.4
Gorilla pat,chr5_pat_hsa6,active,1.732,0.4025
Gorilla pat,chr5_pat_hsa6,active,1.616,0.4075
Gorilla pat,chr5_pat_hsa6,active,1.612,0.3955
Gorilla pat,chr5_pat_hsa6,active,1.744,0.402
Gorilla pat,chr5_pat_hsa6,active,1.756,0.407
Gorilla pat,chr5_pat_hsa6,active,1.604,0.4065
Gorilla pat,chr5_pat_hsa6,active,1.68,0.407
Gorilla pat,chr5_pat_hsa6,active,1.748,0.403
Gorilla pat,chr5_pat_hsa6,active,1.648,0.4
Gorilla pat,chr5_pat_hsa6,active,1.74,0.405
Gorilla pat,chr5_pat_hsa6,active,1.7,0.4
Gorilla pat,chr5_pat_hsa6,active,1.656,0.3975
Gorilla pat,chr5_pat_hsa6,active,1.696,0.4005
Gorilla pat,chr5_pat_hsa6,active,1.644,0.396
Gorilla pat,chr5_pat_hsa6,active,1.752,0.4065
Gorilla pat,chr5_pat_hsa6,active,1.84,0.408
Gorilla pat,chr5_pat_hsa6,active,1.724,0.3985
Gorilla pat,chr5_pat_hsa6,active,1.656,0.403
Gorilla pat,chr5_pat_hsa6,active,1.76,0.4
Gorilla pat,chr5_pat_hsa6,active,1.724,0.4065
Gorilla pat,chr5_pat_hsa6,active,1.536,0.392
Gorilla pat,chr5_pat_hsa6,active,1.688,0.3985
Gorilla pat,chr5_pat_hsa6,active,1.66,0.4015
Gorilla pat,chr5_pat_hsa6,active,1.736,0.4025
Gorilla pat,chr5_pat_hsa6,active,1.576,0.4
Gorilla pat,chr5_pat_hsa6,active,1.692,0.403
Gorilla pat,chr5_pat_hsa6,active,1.736,0.4055
Gorilla pat,chr5_pat_hsa6,active,1.572,0.3975
Gorilla pat,chr5_pat_hsa6,active,1.62,0.402
Gorilla pat,chr5_pat_hsa6,active,1.616,0.4025
Gorilla pat,chr5_pat_hsa6,active,1.668,0.4045
Gorilla pat,chr5_pat_hsa6,active,1.804,0.3995
Gorilla pat,chr5_pat_hsa6,active,1.672,0.4035
Gorilla pat,chr5_pat_hsa6,active,1.708,0.402
Gorilla pat,chr5_pat_hsa6,active,1.696,0.4065
Gorilla pat,chr5_pat_hsa6,active,1.644,0.403
Gorilla pat,chr5_pat_hsa6,active,1.752,0.4045
Gorilla pat,chr5_pat_hsa6,active,1.668,0.403
Gorilla pat,chr5_pat_hsa6,active,1.592,0.401
Gorilla pat,chr5_pat_hsa6,active,1.732,0.402
Gorilla pat,chr5_pat_hsa6,active,1.72,0.4045
Gorilla pat,chr5_pat_hsa6,active,1.74,0.4035
Gorilla pat,chr5_pat_hsa6,active,1.672,0.403
Gorilla pat,chr5_pat_hsa6,active,1.712,0.408
Gorilla pat,chr5_pat_hsa6,active,1.74,0.401
Gorilla pat,chr5_pat_hsa6,active,1.572,0.404
Gorilla pat,chr5_pat_hsa6,active,1.66,0.401
Gorilla pat,chr5_pat_hsa6,active,1.78,0.404
Gorilla pat,chr5_pat_hsa6,active,1.636,0.4045
Gorilla pat,chr5_pat_hsa6,active,1.672,0.4055
Gorilla pat,chr5_pat_hsa6,active,1.604,0.4025
Gorilla pat,chr5_pat_hsa6,active,1.784,0.394
Gorilla pat,chr5_pat_hsa6,active,1.744,0.3885
Gorilla pat,chr5_pat_hsa6,active,1.828,0.398
Gorilla pat,chr5_pat_hsa6,active,1.804,0.4
Gorilla pat,chr5_pat_hsa6,active,1.796,0.404
Gorilla pat,chr5_pat_hsa6,active,1.792,0.4015
Gorilla pat,chr5_pat_hsa6,active,1.752,0.3985
Gorilla pat,chr5_pat_hsa6,active,1.788,0.392
Gorilla pat,chr5_pat_hsa6,active,1.784,0.391
Gorilla pat,chr5_pat_hsa6,active,1.812,0.401
Gorilla pat,chr5_pat_hsa6,active,1.84,0.397
Gorilla pat,chr5_pat_hsa6,active,1.788,0.4025
Gorilla pat,chr5_pat_hsa6,active,1.784,0.4
Gorilla pat,chr5_pat_hsa6,active,1.776,0.4015
Gorilla pat,chr5_pat_hsa6,active,1.664,0.3965
Gorilla pat,chr5_pat_hsa6,active,1.704,0.4045
Gorilla pat,chr5_pat_hsa6,active,1.732,0.4
Gorilla pat,chr5_pat_hsa6,active,1.564,0.4065
Gorilla pat,chr5_pat_hsa6,active,1.596,0.4055
Gorilla pat,chr5_pat_hsa6,active,1.8,0.4035
Gorilla pat,chr5_pat_hsa6,active,1.7,0.4015
Gorilla pat,chr5_pat_hsa6,active,1.62,0.4045
Gorilla pat,chr5_pat_hsa6,active,1.96,0.4215
Gorilla pat,chr5_pat_hsa6,active,1.708,0.4025
Gorilla pat,chr5_pat_hsa6,active,1.7,0.401
Gorilla pat,chr5_pat_hsa6,active,1.7,0.399
Gorilla pat,chr5_pat_hsa6,active,1.772,0.3995
Gorilla pat,chr5_pat_hsa6,active,1.828,0.405
Gorilla pat,chr5_pat_hsa6,active,1.76,0.389
Gorilla pat,chr5_pat_hsa6,active,1.824,0.393
Gorilla pat,chr5_pat_hsa6,active,1.784,0.3925
Gorilla pat,chr5_pat_hsa6,active,1.884,0.398
Gorilla pat,chr5_pat_hsa6,active,1.744,0.396
Gorilla pat,chr5_pat_hsa6,active,1.936,0.396
Gorilla pat,chr5_pat_hsa6,active,1.876,0.3895
Gorilla pat,chr5_pat_hsa6,active,1.832,0.387
Gorilla pat,chr5_pat_hsa6,active,1.808,0.402
Gorilla pat,chr5_pat_hsa6,active,1.736,0.394
Gorilla pat,chr5_pat_hsa6,active,1.868,0.3995
Gorilla pat,chr5_pat_hsa6,active,1.744,0.394
Gorilla pat,chr5_pat_hsa6,active,1.892,0.3945
Gorilla pat,chr5_pat_hsa6,active,1.796,0.396
Gorilla pat,chr5_pat_hsa6,active,1.876,0.397
Gorilla pat,chr5_pat_hsa6,active,1.828,0.397
Gorilla pat,chr5_pat_hsa6,active,1.676,0.3885
Gorilla pat,chr5_pat_hsa6,active,1.808,0.395
Gorilla pat,chr5_pat_hsa6,active,1.588,0.393
Gorilla pat,chr5_pat_hsa6,active,1.824,0.397
Gorilla pat,chr5_pat_hsa6,active,1.744,0.399
Gorilla pat,chr5_pat_hsa6,active,1.696,0.396
Gorilla pat,chr5_pat_hsa6,active,1.772,0.3925
Gorilla pat,chr5_pat_hsa6,active,1.764,0.392
Gorilla pat,chr5_pat_hsa6,active,1.788,0.397
Gorilla pat,chr5_pat_hsa6,active,1.752,0.4
Gorilla pat,chr5_pat_hsa6,active,1.796,0.3935
Gorilla pat,chr5_pat_hsa6,active,1.76,0.3985
Gorilla pat,chr5_pat_hsa6,active,1.78,0.392
Gorilla pat,chr5_pat_hsa6,active,1.788,0.393
Gorilla pat,chr5_pat_hsa6,active,1.828,0.402
Gorilla pat,chr5_pat_hsa6,active,1.824,0.3965
Gorilla pat,chr5_pat_hsa6,active,1.844,0.3865
Gorilla pat,chr5_pat_hsa6,active,1.768,0.397
Gorilla pat,chr5_pat_hsa6,active,1.784,0.3905
Gorilla pat,chr5_pat_hsa6,active,1.804,0.397
Gorilla pat,chr5_pat_hsa6,active,1.836,0.3915
Gorilla pat,chr5_pat_hsa6,active,1.74,0.3965
Gorilla pat,chr5_pat_hsa6,active,1.856,0.3995
Gorilla pat,chr5_pat_hsa6,active,1.816,0.394
Gorilla pat,chr5_pat_hsa6,active,1.752,0.3875
Gorilla pat,chr5_pat_hsa6,active,1.812,0.3935
Gorilla pat,chr5_pat_hsa6,active,1.76,0.3965
Gorilla pat,chr5_pat_hsa6,active,1.724,0.39
Gorilla pat,chr5_pat_hsa6,active,1.772,0.398
Gorilla pat,chr5_pat_hsa6,active,1.932,0.394
Gorilla pat,chr5_pat_hsa6,active,1.756,0.398
Gorilla pat,chr5_pat_hsa6,active,1.676,0.3925
Gorilla pat,chr5_pat_hsa6,active,1.744,0.3945
Gorilla pat,chr5_pat_hsa6,active,1.864,0.3995
Gorilla pat,chr5_pat_hsa6,active,1.836,0.397
Gorilla pat,chr5_pat_hsa6,active,1.792,0.3975
Gorilla pat,chr5_pat_hsa6,active,1.736,0.3885
Gorilla pat,chr5_pat_hsa6,active,1.764,0.3985
Gorilla pat,chr5_pat_hsa6,active,1.812,0.396
Gorilla pat,chr5_pat_hsa6,active,1.848,0.398
Gorilla pat,chr5_pat_hsa6,active,1.856,0.3905
Gorilla pat,chr5_pat_hsa6,active,1.852,0.3985
Gorilla pat,chr5_pat_hsa6,active,1.836,0.394
Gorilla pat,chr5_pat_hsa6,active,1.844,0.3975
Gorilla pat,chr5_pat_hsa6,active,1.876,0.394
Gorilla pat,chr5_pat_hsa6,active,1.856,0.397
Gorilla pat,chr5_pat_hsa6,active,1.74,0.3905
Gorilla pat,chr5_pat_hsa6,active,1.844,0.388
Gorilla pat,chr5_pat_hsa6,active,1.856,0.397
Gorilla pat,chr5_pat_hsa6,active,1.872,0.391
Gorilla pat,chr5_pat_hsa6,active,1.836,0.393
Gorilla pat,chr5_pat_hsa6,active,1.74,0.3935
Gorilla pat,chr5_pat_hsa6,active,1.768,0.3955
Gorilla pat,chr5_pat_hsa6,active,1.856,0.392
Gorilla pat,chr5_pat_hsa6,active,1.716,0.3945
Gorilla pat,chr5_pat_hsa6,active,1.816,0.393
Gorilla pat,chr5_pat_hsa6,active,1.92,0.3945
Gorilla pat,chr5_pat_hsa6,active,1.74,0.395
Gorilla pat,chr5_pat_hsa6,active,1.848,0.3945
Gorilla pat,chr5_pat_hsa6,active,1.82,0.401
Gorilla pat,chr5_pat_hsa6,active,1.816,0.4
Gorilla pat,chr5_pat_hsa6,active,1.848,0.394
Gorilla pat,chr5_pat_hsa6,active,1.736,0.4055
Gorilla pat,chr5_pat_hsa6,active,1.796,0.398
Gorilla pat,chr5_pat_hsa6,active,1.692,0.393
Gorilla pat,chr5_pat_hsa6,active,1.812,0.395
Gorilla pat,chr5_pat_hsa6,active,1.872,0.392
Gorilla pat,chr5_pat_hsa6,active,1.864,0.394
Gorilla pat,chr5_pat_hsa6,active,1.756,0.389
Gorilla pat,chr5_pat_hsa6,active,1.804,0.3935
Gorilla pat,chr5_pat_hsa6,active,1.812,0.395
Gorilla pat,chr5_pat_hsa6,active,1.74,0.394
Gorilla pat,chr5_pat_hsa6,active,1.816,0.392
Gorilla pat,chr5_pat_hsa6,active,1.772,0.3875
Gorilla pat,chr5_pat_hsa6,active,1.664,0.3905
Gorilla pat,chr5_pat_hsa6,active,1.832,0.3925
Gorilla pat,chr5_pat_hsa6,active,1.728,0.387
Gorilla pat,chr5_pat_hsa6,active,1.656,0.393
Gorilla pat,chr5_pat_hsa6,active,1.744,0.395
Gorilla pat,chr5_pat_hsa6,active,1.752,0.388
Gorilla pat,chr5_pat_hsa6,active,1.748,0.4
Gorilla pat,chr5_pat_hsa6,active,1.82,0.393
Gorilla pat,chr5_pat_hsa6,active,1.84,0.3935
Gorilla pat,chr5_pat_hsa6,active,1.876,0.3915
Gorilla pat,chr5_pat_hsa6,active,1.78,0.3905
Gorilla pat,chr5_pat_hsa6,active,1.86,0.393
Gorilla pat,chr5_pat_hsa6,active,1.868,0.395
Gorilla pat,chr5_pat_hsa6,active,1.828,0.3905
Gorilla pat,chr5_pat_hsa6,active,1.716,0.391
Gorilla pat,chr5_pat_hsa6,active,1.728,0.3915
Gorilla pat,chr5_pat_hsa6,active,1.676,0.394
Gorilla pat,chr5_pat_hsa6,active,1.784,0.394
Gorilla pat,chr5_pat_hsa6,active,1.728,0.3955
Gorilla pat,chr5_pat_hsa6,active,1.636,0.3905
Gorilla pat,chr5_pat_hsa6,active,1.648,0.3945
Gorilla pat,chr5_pat_hsa6,active,1.856,0.3915
Gorilla pat,chr5_pat_hsa6,active,1.816,0.3935
Gorilla pat,chr5_pat_hsa6,active,1.828,0.3945
Gorilla pat,chr5_pat_hsa6,active,1.732,0.396
Gorilla pat,chr5_pat_hsa6,active,1.748,0.3905
Gorilla pat,chr5_pat_hsa6,active,1.744,0.3985
Gorilla pat,chr5_pat_hsa6,active,1.768,0.3955
Gorilla pat,chr5_pat_hsa6,active,1.708,0.3935
Gorilla pat,chr5_pat_hsa6,active,1.788,0.402
Gorilla pat,chr5_pat_hsa6,active,1.696,0.3885
Gorilla pat,chr5_pat_hsa6,active,1.632,0.393
Gorilla pat,chr5_pat_hsa6,active,1.772,0.3945
Gorilla pat,chr5_pat_hsa6,active,1.756,0.3935
Gorilla pat,chr5_pat_hsa6,active,1.712,0.397
Gorilla pat,chr5_pat_hsa6,active,1.688,0.3895
Gorilla pat,chr5_pat_hsa6,active,1.86,0.4
Gorilla pat,chr5_pat_hsa6,active,1.768,0.394
Gorilla pat,chr5_pat_hsa6,active,1.74,0.3975
Gorilla pat,chr5_pat_hsa6,active,1.808,0.3925
Gorilla pat,chr5_pat_hsa6,active,1.788,0.401
Gorilla pat,chr5_pat_hsa6,active,1.744,0.3955
Gorilla pat,chr5_pat_hsa6,active,1.86,0.3965
Gorilla pat,chr5_pat_hsa6,active,1.7,0.4045
Gorilla pat,chr5_pat_hsa6,active,1.816,0.392
Gorilla pat,chr5_pat_hsa6,active,1.736,0.3955
Gorilla pat,chr5_pat_hsa6,active,1.836,0.3905
Gorilla pat,chr5_pat_hsa6,active,1.728,0.3965
Gorilla pat,chr5_pat_hsa6,active,1.784,0.389
Gorilla pat,chr5_pat_hsa6,active,1.768,0.3925
Gorilla pat,chr5_pat_hsa6,active,1.864,0.3955
Gorilla pat,chr5_pat_hsa6,active,1.736,0.3865
Gorilla pat,chr5_pat_hsa6,active,1.772,0.3895
Gorilla pat,chr5_pat_hsa6,active,1.748,0.3915
Gorilla pat,chr5_pat_hsa6,active,1.808,0.392
Gorilla pat,chr5_pat_hsa6,active,1.804,0.3895
Gorilla pat,chr5_pat_hsa6,active,1.724,0.3885
Gorilla pat,chr5_pat_hsa6,active,1.828,0.3935
Gorilla pat,chr5_pat_hsa6,active,1.836,0.3885
Gorilla pat,chr5_pat_hsa6,active,1.776,0.393
Gorilla pat,chr5_pat_hsa6,active,1.848,0.385
Gorilla pat,chr5_pat_hsa6,active,1.848,0.395
Gorilla pat,chr5_pat_hsa6,active,1.84,0.393
Gorilla pat,chr5_pat_hsa6,active,1.828,0.395
Gorilla pat,chr5_pat_hsa6,active,1.86,0.3965
Gorilla pat,chr5_pat_hsa6,active,1.828,0.3915
Gorilla pat,chr5_pat_hsa6,active,1.716,0.396
Gorilla pat,chr5_pat_hsa6,active,1.832,0.3875
Gorilla pat,chr5_pat_hsa6,active,1.836,0.396
Gorilla pat,chr5_pat_hsa6,active,1.728,0.3935
Gorilla pat,chr5_pat_hsa6,active,1.7,0.394
Gorilla pat,chr5_pat_hsa6,active,1.732,0.3885
Gorilla pat,chr5_pat_hsa6,active,1.596,0.3875
Gorilla pat,chr5_pat_hsa6,active,1.516,0.392
Gorilla pat,chr5_pat_hsa6,active,1.76,0.3945
Gorilla pat,chr5_pat_hsa6,active,1.568,0.3985
Gorilla pat,chr5_pat_hsa6,active,1.76,0.3835
Gorilla pat,chr5_pat_hsa6,active,1.88,0.391
Gorilla pat,chr5_pat_hsa6,active,1.848,0.3905
Gorilla pat,chr5_pat_hsa6,active,1.916,0.391
Gorilla pat,chr5_pat_hsa6,active,1.788,0.3965
Gorilla pat,chr5_pat_hsa6,active,1.932,0.3965
Gorilla pat,chr5_pat_hsa6,active,1.872,0.4
Gorilla pat,chr5_pat_hsa6,active,1.912,0.4005
Gorilla pat,chr5_pat_hsa6,active,1.924,0.3975
Gorilla pat,chr5_pat_hsa6,active,1.824,0.3925
Gorilla pat,chr5_pat_hsa6,active,1.892,0.3835
Gorilla pat,chr5_pat_hsa6,active,1.848,0.393
Gorilla pat,chr5_pat_hsa6,active,1.864,0.3905
Gorilla pat,chr5_pat_hsa6,active,1.72,0.3995
Gorilla pat,chr5_pat_hsa6,active,1.764,0.4
Gorilla pat,chr5_pat_hsa6,active,1.908,0.3855
Gorilla pat,chr5_pat_hsa6,active,1.748,0.399
Gorilla pat,chr5_pat_hsa6,active,1.796,0.4015
Gorilla pat,chr5_pat_hsa6,active,1.856,0.395
Gorilla pat,chr5_pat_hsa6,active,1.936,0.388
Gorilla pat,chr5_pat_hsa6,active,1.848,0.387
Gorilla pat,chr5_pat_hsa6,active,1.768,0.393
Gorilla pat,chr5_pat_hsa6,active,1.784,0.3945
Gorilla pat,chr5_pat_hsa6,active,1.708,0.3955
Gorilla pat,chr5_pat_hsa6,active,1.784,0.3865
Gorilla pat,chr5_pat_hsa6,active,1.816,0.3915
Gorilla pat,chr5_pat_hsa6,active,1.772,0.3895
Gorilla pat,chr5_pat_hsa6,active,1.8,0.3905
Gorilla pat,chr5_pat_hsa6,active,1.788,0.394
Gorilla pat,chr5_pat_hsa6,active,1.872,0.3885
Gorilla pat,chr5_pat_hsa6,active,1.888,0.387
Gorilla pat,chr5_pat_hsa6,active,1.952,0.3845
Gorilla pat,chr5_pat_hsa6,active,1.832,0.375
Gorilla pat,chr5_pat_hsa6,active,1.9,0.3775
Gorilla pat,chr5_pat_hsa6,active,1.948,0.3805
Gorilla pat,chr5_pat_hsa6,active,1.8,0.378
Gorilla pat,chr5_pat_hsa6,active,1.904,0.3815
Gorilla pat,chr5_pat_hsa6,active,1.94,0.366
Gorilla pat,chr5_pat_hsa6,active,1.872,0.37
Gorilla pat,chr5_pat_hsa6,active,1.88,0.3775
Gorilla pat,chr5_pat_hsa6,active,1.804,0.3735
Gorilla pat,chr5_pat_hsa6,active,1.896,0.3795
Gorilla pat,chr5_pat_hsa6,active,1.804,0.366
Gorilla pat,chr5_pat_hsa6,active,1.8,0.38
Gorilla pat,chr5_pat_hsa6,active,1.944,0.3795
Gorilla pat,chr5_pat_hsa6,inactive,1.928,0.3455
Gorilla pat,chr5_pat_hsa6,inactive,1.956,0.355
Gorilla pat,chr5_pat_hsa6,inactive,2.0,0.362
Gorilla pat,chr5_pat_hsa6,inactive,2.016,0.3465
Gorilla pat,chr5_pat_hsa6,inactive,1.952,0.348
Gorilla pat,chr5_pat_hsa6,inactive,1.824,0.356
Gorilla pat,chr5_pat_hsa6,inactive,2.032,0.352
Gorilla pat,chr5_pat_hsa6,inactive,2.016,0.346
Gorilla pat,chr5_pat_hsa6,inactive,1.936,0.357
Gorilla pat,chr5_pat_hsa6,inactive,1.888,0.352
Gorilla pat,chr5_pat_hsa6,inactive,1.924,0.3465
Gorilla pat,chr5_pat_hsa6,inactive,2.016,0.358
Gorilla pat,chr5_pat_hsa6,inactive,1.968,0.3525
Gorilla pat,chr5_pat_hsa6,inactive,1.952,0.353
Gorilla pat,chr5_pat_hsa6,inactive,1.972,0.349
Gorilla pat,chr5_pat_hsa6,inactive,1.992,0.362
Gorilla pat,chr5_pat_hsa6,inactive,2.056,0.3485
Gorilla pat,chr5_pat_hsa6,inactive,1.92,0.3545
Gorilla pat,chr5_pat_hsa6,inactive,2.344,0.384
Gorilla pat,chr5_pat_hsa6,inactive,2.444,0.417
Gorilla pat,chr5_pat_hsa6,inactive,2.404,0.384
Gorilla pat,chr5_pat_hsa6,inactive,2.32,0.3625
Gorilla pat,chr5_pat_hsa6,inactive,2.036,0.3605
Gorilla pat,chr5_pat_hsa6,inactive,1.988,0.3525
Gorilla pat,chr5_pat_hsa6,inactive,2.012,0.358
Gorilla pat,chr5_pat_hsa6,inactive,2.192,0.382
Gorilla pat,chr5_pat_hsa6,inactive,2.032,0.3605
Gorilla pat,chr5_pat_hsa6,inactive,2.012,0.354
Gorilla pat,chr5_pat_hsa6,inactive,1.988,0.352
Gorilla pat,chr5_pat_hsa6,inactive,2.012,0.342
Gorilla pat,chr5_pat_hsa6,inactive,2.024,0.342
Gorilla pat,chr5_pat_hsa6,inactive,2.036,0.3505
Gorilla pat,chr5_pat_hsa6,inactive,1.996,0.355
Gorilla pat,chr5_pat_hsa6,inactive,2.128,0.3465
Gorilla pat,chr5_pat_hsa6,inactive,1.964,0.363
Gorilla pat,chr5_pat_hsa6,inactive,2.08,0.35
Gorilla pat,chr5_pat_hsa6,inactive,1.98,0.3585
Gorilla pat,chr5_pat_hsa6,inactive,2.068,0.352
Gorilla pat,chr5_pat_hsa6,inactive,1.956,0.359
Gorilla pat,chr5_pat_hsa6,inactive,2.02,0.3495
Gorilla pat,chr5_pat_hsa6,inactive,1.996,0.3575
Gorilla pat,chr5_pat_hsa6,inactive,2.02,0.3455
Gorilla pat,chr5_pat_hsa6,inactive,1.996,0.362
Gorilla pat,chr5_pat_hsa6,inactive,2.068,0.354
Gorilla pat,chr5_pat_hsa6,inactive,2.064,0.353
Gorilla pat,chr5_pat_hsa6,inactive,1.904,0.3595
Gorilla pat,chr5_pat_hsa6,inactive,1.996,0.352
Gorilla pat,chr5_pat_hsa6,inactive,2.032,0.3595
Gorilla pat,chr5_pat_hsa6,inactive,2.044,0.347
Gorilla pat,chr5_pat_hsa6,inactive,2.024,0.355
Gorilla pat,chr5_pat_hsa6,inactive,1.944,0.354
Gorilla pat,chr5_pat_hsa6,inactive,1.996,0.3535
Gorilla pat,chr5_pat_hsa6,inactive,1.972,0.3595
Gorilla pat,chr5_pat_hsa6,inactive,2.052,0.345
Gorilla pat,chr5_pat_hsa6,inactive,1.98,0.3535
Gorilla pat,chr5_pat_hsa6,inactive,2.04,0.345
Gorilla pat,chr5_pat_hsa6,inactive,2.048,0.3535
Gorilla pat,chr5_pat_hsa6,inactive,1.996,0.352
Gorilla pat,chr5_pat_hsa6,inactive,2.104,0.3555
Gorilla pat,chr5_pat_hsa6,inactive,2.0,0.3545
Gorilla pat,chr5_pat_hsa6,inactive,1.992,0.3605
Gorilla pat,chr5_pat_hsa6,inactive,2.024,0.356
Gorilla pat,chr5_pat_hsa6,inactive,1.972,0.355
Gorilla pat,chr5_pat_hsa6,inactive,2.056,0.355
Gorilla pat,chr5_pat_hsa6,inactive,1.872,0.3575
Gorilla pat,chr5_pat_hsa6,inactive,1.96,0.359
Gorilla pat,chr5_pat_hsa6,inactive,2.056,0.361
Gorilla pat,chr5_pat_hsa6,inactive,1.992,0.3485
Gorilla pat,chr5_pat_hsa6,inactive,1.976,0.35
Gorilla pat,chr5_pat_hsa6,inactive,2.028,0.3455
Gorilla pat,chr5_pat_hsa6,inactive,2.032,0.362
Gorilla pat,chr5_pat_hsa6,inactive,2.08,0.352
Gorilla pat,chr5_pat_hsa6,inactive,2.384,0.3795
Gorilla pat,chr5_pat_hsa6,inactive,2.112,0.358
Gorilla pat,chr5_pat_hsa6,inactive,1.964,0.3445
Gorilla pat,chr5_pat_hsa6,inactive,2.02,0.3475
Gorilla pat,chr5_pat_hsa6,inactive,1.98,0.3505
Gorilla pat,chr5_pat_hsa6,inactive,2.02,0.3585
Gorilla pat,chr5_pat_hsa6,inactive,2.016,0.358
Gorilla pat,chr5_pat_hsa6,inactive,2.008,0.361
Gorilla pat,chr5_pat_hsa6,inactive,2.004,0.356
Gorilla pat,chr5_pat_hsa6,inactive,2.012,0.352
Gorilla pat,chr5_pat_hsa6,inactive,1.924,0.357
Gorilla pat,chr5_pat_hsa6,inactive,1.872,0.3425
Gorilla pat,chr5_pat_hsa6,inactive,2.008,0.3595
Gorilla pat,chr5_pat_hsa6,inactive,1.904,0.35
Gorilla pat,chr5_pat_hsa6,inactive,1.952,0.3575
Gorilla pat,chr5_pat_hsa6,inactive,2.012,0.36
Gorilla pat,chr5_pat_hsa6,inactive,2.02,0.3515
Gorilla pat,chr5_pat_hsa6,inactive,1.992,0.3555
Gorilla pat,chr5_pat_hsa6,inactive,1.996,0.3545
Gorilla pat,chr5_pat_hsa6,inactive,2.144,0.3585
Gorilla pat,chr5_pat_hsa6,inactive,1.912,0.3545
Gorilla pat,chr5_pat_hsa6,inactive,1.924,0.3595
Gorilla pat,chr5_pat_hsa6,inactive,2.02,0.351
Gorilla pat,chr5_pat_hsa6,inactive,2.036,0.3505
Gorilla pat,chr5_pat_hsa6,inactive,2.024,0.353
Gorilla pat,chr5_pat_hsa6,inactive,1.944,0.3595
Gorilla pat,chr5_pat_hsa6,inactive,1.916,0.356
Gorilla pat,chr5_pat_hsa6,inactive,1.9,0.357
Gorilla pat,chr5_pat_hsa6,inactive,1.848,0.353
Gorilla pat,chr5_pat_hsa6,inactive,1.896,0.3635
Gorilla pat,chr5_pat_hsa6,inactive,1.784,0.3585
Gorilla pat,chr5_pat_hsa6,inactive,1.924,0.366
Gorilla pat,chr5_pat_hsa6,inactive,1.924,0.357
Gorilla pat,chr5_pat_hsa6,inactive,1.932,0.354
Gorilla pat,chr5_pat_hsa6,inactive,1.864,0.3595
Gorilla pat,chr5_pat_hsa6,inactive,1.92,0.3505
Gorilla pat,chr5_pat_hsa6,inactive,1.984,0.364
Gorilla pat,chr5_pat_hsa6,inactive,1.896,0.3595
Bonobo pat,chr11_pat_hsa9,inactive,1.816,0.3605
Bonobo pat,chr11_pat_hsa9,inactive,1.872,0.358
Bonobo pat,chr11_pat_hsa9,inactive,1.884,0.358
Bonobo pat,chr11_pat_hsa9,inactive,1.852,0.3535
Bonobo pat,chr11_pat_hsa9,inactive,1.792,0.357
Bonobo pat,chr11_pat_hsa9,inactive,1.924,0.3575
Bonobo pat,chr11_pat_hsa9,inactive,1.804,0.3585
Bonobo pat,chr11_pat_hsa9,inactive,1.828,0.357
Bonobo pat,chr11_pat_hsa9,inactive,1.888,0.3585
Bonobo pat,chr11_pat_hsa9,inactive,1.896,0.353
Bonobo pat,chr11_pat_hsa9,inactive,1.82,0.3595
Bonobo pat,chr11_pat_hsa9,inactive,1.96,0.3595
Bonobo pat,chr11_pat_hsa9,inactive,1.74,0.355
Bonobo pat,chr11_pat_hsa9,inactive,1.872,0.3635
Bonobo pat,chr11_pat_hsa9,inactive,1.884,0.3555
Bonobo pat,chr11_pat_hsa9,inactive,1.876,0.367
Bonobo pat,chr11_pat_hsa9,inactive,1.948,0.366
Bonobo pat,chr11_pat_hsa9,inactive,1.884,0.3675
Bonobo pat,chr11_pat_hsa9,inactive,1.828,0.3625
Bonobo pat,chr11_pat_hsa9,inactive,2.264,0.374
Bonobo pat,chr11_pat_hsa9,inactive,2.28,0.371
Bonobo pat,chr11_pat_hsa9,inactive,1.984,0.37
Bonobo pat,chr11_pat_hsa9,inactive,1.856,0.361
Bonobo pat,chr11_pat_hsa9,inactive,1.82,0.3615
Bonobo pat,chr11_pat_hsa9,inactive,1.924,0.3595
Bonobo pat,chr11_pat_hsa9,inactive,1.904,0.354
Bonobo pat,chr11_pat_hsa9,inactive,1.964,0.3715
Bonobo pat,chr11_pat_hsa9,inactive,1.904,0.3665
Bonobo pat,chr11_pat_hsa9,inactive,1.8,0.3675
Bonobo pat,chr11_pat_hsa9,inactive,1.892,0.3735
Bonobo pat,chr11_pat_hsa9,inactive,1.928,0.364
Bonobo pat,chr11_pat_hsa9,inactive,1.856,0.3655
Bonobo pat,chr11_pat_hsa9,inactive,1.956,0.36
Bonobo pat,chr11_pat_hsa9,inactive,1.86,0.3685
Bonobo pat,chr11_pat_hsa9,inactive,1.9,0.362
Bonobo pat,chr11_pat_hsa9,inactive,1.884,0.3655
Bonobo pat,chr11_pat_hsa9,inactive,1.928,0.3695
Bonobo pat,chr11_pat_hsa9,inactive,2.188,0.3925
Bonobo pat,chr11_pat_hsa9,inactive,1.848,0.371
Bonobo pat,chr11_pat_hsa9,active,1.94,0.356
Bonobo pat,chr11_pat_hsa9,active,1.988,0.368
Bonobo pat,chr11_pat_hsa9,active,1.928,0.371
Bonobo pat,chr11_pat_hsa9,active,1.94,0.3695
Bonobo pat,chr11_pat_hsa9,active,1.812,0.365
Bonobo pat,chr11_pat_hsa9,active,1.976,0.361
Bonobo pat,chr11_pat_hsa9,active,1.996,0.371
Bonobo pat,chr11_pat_hsa9,active,1.984,0.367
Bonobo pat,chr11_pat_hsa9,active,2.016,0.363
Bonobo pat,chr11_pat_hsa9,active,2.004,0.369
Bonobo pat,chr11_pat_hsa9,active,1.98,0.368
Bonobo pat,chr11_pat_hsa9,active,2.012,0.3715
Bonobo pat,chr11_pat_hsa9,active,2.048,0.3655
Bonobo pat,chr11_pat_hsa9,active,2.04,0.3725
Bonobo pat,chr11_pat_hsa9,active,2.128,0.366
Bonobo pat,chr11_pat_hsa9,active,2.028,0.3685
Bonobo pat,chr11_pat_hsa9,active,2.088,0.374
Bonobo pat,chr11_pat_hsa9,active,2.08,0.3715
Bonobo pat,chr11_pat_hsa9,active,2.056,0.364
Bonobo pat,chr11_pat_hsa9,active,2.036,0.3685
Bonobo pat,chr11_pat_hsa9,active,2.068,0.366
Bonobo pat,chr11_pat_hsa9,active,1.976,0.3795
Bonobo pat,chr11_pat_hsa9,active,1.952,0.3815
Bonobo pat,chr11_pat_hsa9,active,1.9,0.386
Bonobo pat,chr11_pat_hsa9,active,1.992,0.384
Bonobo pat,chr11_pat_hsa9,active,1.952,0.381
Bonobo pat,chr11_pat_hsa9,active,1.956,0.3835
Bonobo pat,chr11_pat_hsa9,active,1.748,0.3785
Bonobo pat,chr11_pat_hsa9,active,1.988,0.3835
Bonobo pat,chr11_pat_hsa9,active,1.972,0.3865
Bonobo pat,chr11_pat_hsa9,active,1.84,0.3775
Bonobo pat,chr11_pat_hsa9,active,1.832,0.377
Bonobo pat,chr11_pat_hsa9,active,1.976,0.383
Bonobo pat,chr11_pat_hsa9,active,1.84,0.3755
Bonobo pat,chr11_pat_hsa9,active,1.864,0.3825
Bonobo pat,chr11_pat_hsa9,active,1.956,0.3865
Bonobo pat,chr11_pat_hsa9,active,1.812,0.3765
Bonobo pat,chr11_pat_hsa9,active,1.844,0.3755
Bonobo pat,chr11_pat_hsa9,active,1.984,0.3845
Bonobo pat,chr11_pat_hsa9,active,1.972,0.386
Bonobo pat,chr11_pat_hsa9,active,1.836,0.378
Bonobo pat,chr11_pat_hsa9,active,1.992,0.3765
Bonobo pat,chr11_pat_hsa9,active,1.928,0.378
Bonobo pat,chr11_pat_hsa9,active,1.94,0.376
Bonobo pat,chr11_pat_hsa9,active,2.044,0.3795
Bonobo pat,chr11_pat_hsa9,active,1.916,0.3785
Bonobo pat,chr11_pat_hsa9,active,2.024,0.3815
Bonobo pat,chr11_pat_hsa9,active,1.884,0.3815
Bonobo pat,chr11_pat_hsa9,active,1.944,0.3815
Bonobo pat,chr11_pat_hsa9,active,1.972,0.384
Bonobo pat,chr11_pat_hsa9,active,1.872,0.382
Bonobo pat,chr11_pat_hsa9,active,1.92,0.381
Bonobo pat,chr11_pat_hsa9,active,1.92,0.378
Bonobo pat,chr11_pat_hsa9,active,1.912,0.3795
Bonobo pat,chr11_pat_hsa9,active,1.98,0.3815
Bonobo pat,chr11_pat_hsa9,active,1.948,0.379
Bonobo pat,chr11_pat_hsa9,active,2.004,0.384
Bonobo pat,chr11_pat_hsa9,active,1.884,0.376
Bonobo pat,chr11_pat_hsa9,active,2.008,0.3785
Bonobo pat,chr11_pat_hsa9,active,1.972,0.3745
Bonobo pat,chr11_pat_hsa9,active,2.016,0.381
Bonobo pat,chr11_pat_hsa9,active,1.948,0.3785
Bonobo pat,chr11_pat_hsa9,active,1.94,0.3775
Bonobo pat,chr11_pat_hsa9,active,1.916,0.3815
Bonobo pat,chr11_pat_hsa9,active,1.936,0.38
Bonobo pat,chr11_pat_hsa9,active,1.988,0.3825
Bonobo pat,chr11_pat_hsa9,active,1.932,0.378
Bonobo pat,chr11_pat_hsa9,active,1.992,0.376
Bonobo pat,chr11_pat_hsa9,active,1.944,0.379
Bonobo pat,chr11_pat_hsa9,active,1.916,0.381
Bonobo pat,chr11_pat_hsa9,active,1.952,0.3855
Bonobo pat,chr11_pat_hsa9,active,1.988,0.3835
Bonobo pat,chr11_pat_hsa9,active,1.948,0.375
Bonobo pat,chr11_pat_hsa9,active,1.96,0.38
Bonobo pat,chr11_pat_hsa9,active,1.944,0.3795
Bonobo pat,chr11_pat_hsa9,active,1.904,0.382
Bonobo pat,chr11_pat_hsa9,active,1.956,0.38
Bonobo pat,chr11_pat_hsa9,active,1.952,0.38
Bonobo pat,chr11_pat_hsa9,active,1.948,0.3815
Bonobo pat,chr11_pat_hsa9,active,1.884,0.3825
Bonobo pat,chr11_pat_hsa9,active,1.94,0.377
Bonobo pat,chr11_pat_hsa9,active,1.92,0.3815
Bonobo pat,chr11_pat_hsa9,active,1.912,0.379
Bonobo pat,chr11_pat_hsa9,active,1.932,0.382
Bonobo pat,chr11_pat_hsa9,active,1.908,0.381
Bonobo pat,chr11_pat_hsa9,active,1.888,0.383
Bonobo pat,chr11_pat_hsa9,active,1.936,0.379
Bonobo pat,chr11_pat_hsa9,active,1.944,0.3805
Bonobo pat,chr11_pat_hsa9,active,1.936,0.3805
Bonobo pat,chr11_pat_hsa9,active,1.892,0.3795
Bonobo pat,chr11_pat_hsa9,active,1.96,0.3835
Bonobo pat,chr11_pat_hsa9,active,1.968,0.3815
Bonobo pat,chr11_pat_hsa9,active,1.904,0.3775
Bonobo pat,chr11_pat_hsa9,active,1.916,0.383
Bonobo pat,chr11_pat_hsa9,active,1.972,0.3785
Bonobo pat,chr11_pat_hsa9,active,1.94,0.3785
Bonobo pat,chr11_pat_hsa9,active,1.936,0.38
Bonobo pat,chr11_pat_hsa9,active,1.836,0.3885
Bonobo pat,chr11_pat_hsa9,active,1.976,0.381
Bonobo pat,chr11_pat_hsa9,active,1.94,0.3795
Bonobo pat,chr11_pat_hsa9,active,1.94,0.383
Bonobo pat,chr11_pat_hsa9,active,1.972,0.3795
Bonobo pat,chr11_pat_hsa9,active,1.936,0.3795
Bonobo pat,chr11_pat_hsa9,active,1.924,0.3765
Bonobo pat,chr11_pat_hsa9,active,1.904,0.381
Bonobo pat,chr11_pat_hsa9,active,1.98,0.381
Bonobo pat,chr11_pat_hsa9,active,1.792,0.3815
Bonobo pat,chr11_pat_hsa9,active,1.892,0.385
Bonobo pat,chr11_pat_hsa9,active,1.948,0.379
Bonobo pat,chr11_pat_hsa9,active,1.904,0.3785
Bonobo pat,chr11_pat_hsa9,active,2.0,0.3805
Bonobo pat,chr11_pat_hsa9,active,1.836,0.385
Bonobo pat,chr11_pat_hsa9,active,1.904,0.3825
Bonobo pat,chr11_pat_hsa9,active,1.972,0.378
Bonobo pat,chr11_pat_hsa9,active,1.864,0.3815
Bonobo pat,chr11_pat_hsa9,active,1.808,0.38
Bonobo pat,chr11_pat_hsa9,active,1.976,0.3805
Bonobo pat,chr11_pat_hsa9,active,1.84,0.382
Bonobo pat,chr11_pat_hsa9,active,1.796,0.3785
Bonobo pat,chr11_pat_hsa9,active,1.74,0.385
Bonobo pat,chr11_pat_hsa9,active,1.988,0.378
Bonobo pat,chr11_pat_hsa9,active,1.82,0.383
Bonobo pat,chr11_pat_hsa9,active,1.74,0.3795
Bonobo pat,chr11_pat_hsa9,active,1.852,0.384
Bonobo pat,chr11_pat_hsa9,active,1.796,0.377
Bonobo pat,chr11_pat_hsa9,active,1.82,0.38
Bonobo pat,chr11_pat_hsa9,active,2.016,0.3765
Bonobo pat,chr11_pat_hsa9,active,1.792,0.3835
Bonobo pat,chr11_pat_hsa9,active,1.756,0.3775
Bonobo pat,chr11_pat_hsa9,active,1.804,0.385
Bonobo pat,chr11_pat_hsa9,active,1.82,0.3815
Bonobo pat,chr11_pat_hsa9,active,1.748,0.3735
Bonobo pat,chr11_pat_hsa9,active,1.628,0.3785
Bonobo pat,chr11_pat_hsa9,active,1.84,0.3815
Bonobo pat,chr11_pat_hsa9,active,1.944,0.3805
Bonobo pat,chr11_pat_hsa9,active,1.988,0.382
Bonobo pat,chr11_pat_hsa9,active,1.632,0.3805
Bonobo pat,chr11_pat_hsa9,active,1.692,0.3805
Bonobo pat,chr11_pat_hsa9,active,2.004,0.3825
Bonobo pat,chr11_pat_hsa9,active,1.892,0.3785
Bonobo pat,chr11_pat_hsa9,active,1.964,0.384
Bonobo pat,chr11_pat_hsa9,active,1.932,0.3825
Bonobo pat,chr11_pat_hsa9,active,1.892,0.383
Bonobo pat,chr11_pat_hsa9,active,1.976,0.3795
Bonobo pat,chr11_pat_hsa9,active,1.664,0.377
Bonobo pat,chr11_pat_hsa9,active,1.744,0.374
Bonobo pat,chr11_pat_hsa9,active,1.892,0.381
Bonobo pat,chr11_pat_hsa9,active,1.692,0.3755
Bonobo pat,chr11_pat_hsa9,active,1.636,0.3775
Bonobo pat,chr11_pat_hsa9,active,1.58,0.3755
Bonobo pat,chr11_pat_hsa9,active,1.9,0.3805
Bonobo pat,chr11_pat_hsa9,active,1.888,0.3835
Bonobo pat,chr11_pat_hsa9,active,1.932,0.3795
Bonobo pat,chr11_pat_hsa9,active,1.896,0.3805
Bonobo pat,chr11_pat_hsa9,active,1.944,0.38
Bonobo pat,chr11_pat_hsa9,active,1.928,0.3795
Bonobo pat,chr11_pat_hsa9,active,1.944,0.382
Bonobo pat,chr11_pat_hsa9,active,1.972,0.381
Bonobo pat,chr11_pat_hsa9,active,1.908,0.379
Bonobo pat,chr11_pat_hsa9,active,1.892,0.3845
Bonobo pat,chr11_pat_hsa9,active,1.928,0.377
Bonobo pat,chr11_pat_hsa9,active,1.94,0.3825
Bonobo pat,chr11_pat_hsa9,active,1.944,0.381
Bonobo pat,chr11_pat_hsa9,active,1.928,0.3795
Bonobo pat,chr11_pat_hsa9,active,1.948,0.3805
Bonobo pat,chr11_pat_hsa9,active,1.952,0.3805
Bonobo pat,chr11_pat_hsa9,active,1.908,0.379
Bonobo pat,chr11_pat_hsa9,active,1.796,0.3785
Bonobo pat,chr11_pat_hsa9,active,1.776,0.3845
Bonobo pat,chr11_pat_hsa9,active,1.704,0.378
Bonobo pat,chr11_pat_hsa9,active,1.952,0.379
Bonobo pat,chr11_pat_hsa9,active,1.824,0.3835
Bonobo pat,chr11_pat_hsa9,active,1.856,0.3785
Bonobo pat,chr11_pat_hsa9,active,1.824,0.3775
Bonobo pat,chr11_pat_hsa9,active,1.856,0.3805
Bonobo pat,chr11_pat_hsa9,active,1.748,0.3725
Bonobo pat,chr11_pat_hsa9,active,1.62,0.3765
Bonobo pat,chr11_pat_hsa9,active,1.56,0.3805
Bonobo pat,chr11_pat_hsa9,active,1.664,0.3725
Bonobo pat,chr11_pat_hsa9,active,1.668,0.378
Bonobo pat,chr11_pat_hsa9,active,1.608,0.3755
Bonobo pat,chr11_pat_hsa9,active,1.664,0.377
Bonobo pat,chr11_pat_hsa9,active,1.588,0.3735
Bonobo pat,chr11_pat_hsa9,active,1.668,0.3785
Bonobo pat,chr11_pat_hsa9,active,1.616,0.3785
Bonobo pat,chr11_pat_hsa9,active,1.576,0.38
Bonobo pat,chr11_pat_hsa9,active,1.636,0.377
Bonobo pat,chr11_pat_hsa9,active,1.572,0.377
Bonobo pat,chr11_pat_hsa9,active,1.58,0.374
Bonobo pat,chr11_pat_hsa9,active,1.524,0.3745
Bonobo pat,chr11_pat_hsa9,active,1.584,0.3755
Bonobo pat,chr11_pat_hsa9,active,1.628,0.3795
Bonobo pat,chr11_pat_hsa9,active,1.512,0.377
Bonobo pat,chr11_pat_hsa9,active,1.628,0.3755
Bonobo pat,chr11_pat_hsa9,active,1.604,0.3715
Bonobo pat,chr11_pat_hsa9,active,1.548,0.374
Bonobo pat,chr11_pat_hsa9,active,1.656,0.38
Bonobo pat,chr11_pat_hsa9,active,1.544,0.378
Bonobo pat,chr11_pat_hsa9,active,1.548,0.377
Bonobo pat,chr11_pat_hsa9,active,1.672,0.378
Bonobo pat,chr11_pat_hsa9,active,1.56,0.375
Bonobo pat,chr11_pat_hsa9,active,1.528,0.3735
Bonobo pat,chr11_pat_hsa9,active,1.672,0.379
Bonobo pat,chr11_pat_hsa9,active,1.556,0.3755
Bonobo pat,chr11_pat_hsa9,active,1.544,0.3775
Bonobo pat,chr11_pat_hsa9,active,1.684,0.3795
Bonobo pat,chr11_pat_hsa9,active,1.616,0.374
Bonobo pat,chr11_pat_hsa9,active,1.624,0.3765
Bonobo pat,chr11_pat_hsa9,active,1.572,0.378
Bonobo pat,chr11_pat_hsa9,active,1.552,0.379
Bonobo pat,chr11_pat_hsa9,active,1.568,0.381
Bonobo pat,chr11_pat_hsa9,active,1.58,0.38
Bonobo pat,chr11_pat_hsa9,active,1.556,0.3805
Bonobo pat,chr11_pat_hsa9,active,1.548,0.3795
Bonobo pat,chr11_pat_hsa9,active,1.588,0.376
Bonobo pat,chr11_pat_hsa9,active,1.628,0.374
Bonobo pat,chr11_pat_hsa9,active,1.548,0.3745
Bonobo pat,chr11_pat_hsa9,active,1.672,0.377
Bonobo pat,chr11_pat_hsa9,active,1.576,0.3785
Bonobo pat,chr11_pat_hsa9,active,1.616,0.377
Bonobo pat,chr11_pat_hsa9,active,1.512,0.373
Bonobo pat,chr11_pat_hsa9,active,1.612,0.376
Bonobo pat,chr11_pat_hsa9,active,1.664,0.3785
Bonobo pat,chr11_pat_hsa9,active,1.516,0.3775
Bonobo pat,chr11_pat_hsa9,active,1.6,0.374
Bonobo pat,chr11_pat_hsa9,active,1.544,0.3735
Bonobo pat,chr11_pat_hsa9,active,1.66,0.3775
Bonobo pat,chr11_pat_hsa9,active,1.628,0.3805
Bonobo pat,chr11_pat_hsa9,active,1.532,0.378
Bonobo pat,chr11_pat_hsa9,active,1.528,0.378
Bonobo pat,chr11_pat_hsa9,active,1.516,0.3805
Bonobo pat,chr11_pat_hsa9,active,1.592,0.3795
Bonobo pat,chr11_pat_hsa9,active,1.644,0.3735
Bonobo pat,chr11_pat_hsa9,active,1.532,0.3795
Bonobo pat,chr11_pat_hsa9,active,1.572,0.379
Bonobo pat,chr11_pat_hsa9,active,1.544,0.3785
Bonobo pat,chr11_pat_hsa9,active,1.568,0.3775
Bonobo pat,chr11_pat_hsa9,active,1.584,0.3765
Bonobo pat,chr11_pat_hsa9,active,1.58,0.379
Bonobo pat,chr11_pat_hsa9,active,1.552,0.3815
Bonobo pat,chr11_pat_hsa9,active,1.556,0.379
Bonobo pat,chr11_pat_hsa9,active,1.588,0.3805
Bonobo pat,chr11_pat_hsa9,active,1.548,0.379
Bonobo pat,chr11_pat_hsa9,active,1.548,0.3815
Bonobo pat,chr11_pat_hsa9,active,1.56,0.3785
Bonobo pat,chr11_pat_hsa9,active,1.548,0.3825
Bonobo pat,chr11_pat_hsa9,active,1.524,0.379
Bonobo pat,chr11_pat_hsa9,active,1.6,0.3725
Bonobo pat,chr11_pat_hsa9,active,1.652,0.3785
Bonobo pat,chr11_pat_hsa9,active,1.6,0.3755
Bonobo pat,chr11_pat_hsa9,active,1.564,0.373
Bonobo pat,chr11_pat_hsa9,active,1.612,0.3795
Bonobo pat,chr11_pat_hsa9,active,1.6,0.376
Bonobo pat,chr11_pat_hsa9,active,1.6,0.376
Bonobo pat,chr11_pat_hsa9,active,1.596,0.3755
Bonobo pat,chr11_pat_hsa9,active,1.628,0.376
Bonobo pat,chr11_pat_hsa9,active,1.556,0.3795
Bonobo pat,chr11_pat_hsa9,active,1.56,0.374
Bonobo pat,chr11_pat_hsa9,active,1.624,0.378
Bonobo pat,chr11_pat_hsa9,active,1.572,0.3745
Bonobo pat,chr11_pat_hsa9,active,1.608,0.3785
Bonobo pat,chr11_pat_hsa9,active,1.588,0.3765
Bonobo pat,chr11_pat_hsa9,active,1.612,0.379
Bonobo pat,chr11_pat_hsa9,active,1.604,0.378
Bonobo pat,chr11_pat_hsa9,active,1.6,0.3765
Bonobo pat,chr11_pat_hsa9,active,1.616,0.376
Bonobo pat,chr11_pat_hsa9,active,1.568,0.3765
Bonobo pat,chr11_pat_hsa9,active,1.616,0.3755
Bonobo pat,chr11_pat_hsa9,active,1.64,0.3835
Bonobo pat,chr11_pat_hsa9,active,1.536,0.3785
Bonobo pat,chr11_pat_hsa9,active,1.584,0.375
Bonobo pat,chr11_pat_hsa9,active,1.604,0.373
Bonobo pat,chr11_pat_hsa9,active,1.584,0.3735
Bonobo pat,chr11_pat_hsa9,active,1.596,0.3745
Bonobo pat,chr11_pat_hsa9,active,1.556,0.374
Bonobo pat,chr11_pat_hsa9,active,1.588,0.3755
Bonobo pat,chr11_pat_hsa9,active,1.608,0.3765
Bonobo pat,chr11_pat_hsa9,active,1.528,0.375
Bonobo pat,chr11_pat_hsa9,active,1.58,0.374
Bonobo pat,chr11_pat_hsa9,active,1.616,0.3785
Bonobo pat,chr11_pat_hsa9,active,1.592,0.378
Bonobo pat,chr11_pat_hsa9,active,1.676,0.384
Bonobo pat,chr11_pat_hsa9,active,1.552,0.376
Bonobo pat,chr11_pat_hsa9,active,1.6,0.3755
Bonobo pat,chr11_pat_hsa9,active,1.58,0.374
Bonobo pat,chr11_pat_hsa9,active,1.568,0.3745
Bonobo pat,chr11_pat_hsa9,active,1.604,0.3755
Bonobo pat,chr11_pat_hsa9,active,1.612,0.3805
Bonobo pat,chr11_pat_hsa9,active,1.62,0.376
Bonobo pat,chr11_pat_hsa9,active,1.652,0.382
Bonobo pat,chr11_pat_hsa9,active,1.576,0.3785
Bonobo pat,chr11_pat_hsa9,active,1.612,0.3745
Bonobo pat,chr11_pat_hsa9,active,1.592,0.3755
Bonobo pat,chr11_pat_hsa9,active,1.612,0.3765
Bonobo pat,chr11_pat_hsa9,active,1.628,0.3775
Bonobo pat,chr11_pat_hsa9,active,1.604,0.3785
Bonobo pat,chr11_pat_hsa9,active,1.54,0.3765
Bonobo pat,chr11_pat_hsa9,active,1.556,0.375
Bonobo pat,chr11_pat_hsa9,active,1.584,0.373
Bonobo pat,chr11_pat_hsa9,active,1.628,0.3795
Bonobo pat,chr11_pat_hsa9,active,1.58,0.376
Bonobo pat,chr11_pat_hsa9,active,1.684,0.384
Bonobo pat,chr11_pat_hsa9,active,1.56,0.3755
Bonobo pat,chr11_pat_hsa9,active,1.6,0.3745
Bonobo pat,chr11_pat_hsa9,active,1.56,0.3805
Bonobo pat,chr11_pat_hsa9,active,1.62,0.374
Bonobo pat,chr11_pat_hsa9,active,1.668,0.384
Bonobo pat,chr11_pat_hsa9,active,1.584,0.376
Bonobo pat,chr11_pat_hsa9,active,1.58,0.3795
Bonobo pat,chr11_pat_hsa9,active,1.548,0.377
Bonobo pat,chr11_pat_hsa9,active,1.596,0.3745
Bonobo pat,chr11_pat_hsa9,active,1.644,0.382
Bonobo pat,chr11_pat_hsa9,active,1.576,0.3755
Bonobo pat,chr11_pat_hsa9,active,1.604,0.3745
Bonobo pat,chr11_pat_hsa9,active,1.652,0.3745
Bonobo pat,chr11_pat_hsa9,active,1.584,0.3775
Bonobo pat,chr11_pat_hsa9,active,1.668,0.375
Bonobo pat,chr11_pat_hsa9,active,1.616,0.3755
Bonobo pat,chr11_pat_hsa9,active,1.54,0.3785
Bonobo pat,chr11_pat_hsa9,active,1.596,0.3745
Bonobo pat,chr11_pat_hsa9,active,1.68,0.3765
Bonobo pat,chr11_pat_hsa9,active,1.64,0.3755
Bonobo pat,chr11_pat_hsa9,active,1.664,0.376
Bonobo pat,chr11_pat_hsa9,active,1.584,0.378
Bonobo pat,chr11_pat_hsa9,active,1.64,0.3745
Bonobo pat,chr11_pat_hsa9,active,1.564,0.3785
Bonobo pat,chr11_pat_hsa9,active,1.584,0.3765
Bonobo pat,chr11_pat_hsa9,active,1.636,0.379
Bonobo pat,chr11_pat_hsa9,active,1.652,0.3755
Bonobo pat,chr11_pat_hsa9,active,1.624,0.379
Bonobo pat,chr11_pat_hsa9,active,1.644,0.3785
Bonobo pat,chr11_pat_hsa9,active,1.532,0.379
Bonobo pat,chr11_pat_hsa9,active,1.604,0.3755
Bonobo pat,chr11_pat_hsa9,active,1.676,0.3765
Bonobo pat,chr11_pat_hsa9,active,1.548,0.381
Bonobo pat,chr11_pat_hsa9,active,1.604,0.372
Bonobo pat,chr11_pat_hsa9,active,1.572,0.381
Bonobo pat,chr11_pat_hsa9,active,1.568,0.378
Bonobo pat,chr11_pat_hsa9,active,1.56,0.3785
Bonobo pat,chr11_pat_hsa9,active,1.572,0.3805
Bonobo pat,chr11_pat_hsa9,active,1.576,0.3805
Bonobo pat,chr11_pat_hsa9,active,1.46,0.3765
Bonobo pat,chr11_pat_hsa9,active,1.56,0.377
Bonobo pat,chr11_pat_hsa9,active,1.576,0.381
Bonobo pat,chr11_pat_hsa9,active,1.584,0.3825
Bonobo pat,chr11_pat_hsa9,active,1.56,0.3765
Bonobo pat,chr11_pat_hsa9,active,1.588,0.38
Bonobo pat,chr11_pat_hsa9,active,1.696,0.3785
Bonobo pat,chr11_pat_hsa9,active,1.532,0.3745
Bonobo pat,chr11_pat_hsa9,active,1.748,0.378
Bonobo pat,chr11_pat_hsa9,active,1.548,0.3805
Bonobo pat,chr11_pat_hsa9,active,1.588,0.375
Bonobo pat,chr11_pat_hsa9,active,1.588,0.3805
Bonobo pat,chr11_pat_hsa9,active,1.648,0.375
Bonobo pat,chr11_pat_hsa9,active,1.544,0.376
Bonobo pat,chr11_pat_hsa9,active,1.664,0.378
Bonobo pat,chr11_pat_hsa9,active,1.572,0.3775
Bonobo pat,chr11_pat_hsa9,active,1.56,0.3785
Bonobo pat,chr11_pat_hsa9,active,1.548,0.381
Bonobo pat,chr11_pat_hsa9,active,1.564,0.3795
Bonobo pat,chr11_pat_hsa9,active,1.54,0.3815
Bonobo pat,chr11_pat_hsa9,active,1.524,0.378
Bonobo pat,chr11_pat_hsa9,active,1.576,0.378
Bonobo pat,chr11_pat_hsa9,active,1.556,0.379
Bonobo pat,chr11_pat_hsa9,active,1.608,0.379
Bonobo pat,chr11_pat_hsa9,active,1.628,0.375
Bonobo pat,chr11_pat_hsa9,active,1.596,0.3765
Bonobo pat,chr11_pat_hsa9,active,1.656,0.3745
Bonobo pat,chr11_pat_hsa9,active,1.568,0.3755
Bonobo pat,chr11_pat_hsa9,active,1.632,0.3785
Bonobo pat,chr11_pat_hsa9,active,1.544,0.3815
Bonobo pat,chr11_pat_hsa9,active,1.64,0.3715
Bonobo pat,chr11_pat_hsa9,active,1.588,0.3785
Bonobo pat,chr11_pat_hsa9,active,1.544,0.376
Bonobo pat,chr11_pat_hsa9,active,1.66,0.3755
Bonobo pat,chr11_pat_hsa9,active,1.544,0.379
Bonobo pat,chr11_pat_hsa9,active,1.636,0.373
Bonobo pat,chr11_pat_hsa9,active,1.588,0.3735
Bonobo pat,chr11_pat_hsa9,active,1.588,0.381
Bonobo pat,chr11_pat_hsa9,active,1.544,0.3785
Bonobo pat,chr11_pat_hsa9,active,1.584,0.3715
Bonobo pat,chr11_pat_hsa9,active,1.624,0.3795
Bonobo pat,chr11_pat_hsa9,active,1.604,0.3735
Bonobo pat,chr11_pat_hsa9,active,1.544,0.381
Bonobo pat,chr11_pat_hsa9,active,1.556,0.3805
Bonobo pat,chr11_pat_hsa9,active,1.564,0.379
Bonobo pat,chr11_pat_hsa9,active,1.592,0.378
Bonobo pat,chr11_pat_hsa9,active,1.548,0.383
Bonobo pat,chr11_pat_hsa9,active,1.552,0.3805
Bonobo pat,chr11_pat_hsa9,active,1.524,0.3805
Bonobo pat,chr11_pat_hsa9,active,1.52,0.3815
Bonobo pat,chr11_pat_hsa9,active,1.6,0.3755
Bonobo pat,chr11_pat_hsa9,active,1.584,0.382
Bonobo pat,chr11_pat_hsa9,active,1.568,0.382
Bonobo pat,chr11_pat_hsa9,active,1.556,0.3805
Bonobo pat,chr11_pat_hsa9,active,1.66,0.3725
Bonobo pat,chr11_pat_hsa9,active,1.604,0.379
Bonobo pat,chr11_pat_hsa9,active,1.656,0.3705
Bonobo pat,chr11_pat_hsa9,active,1.572,0.3775
Bonobo pat,chr11_pat_hsa9,active,1.588,0.382
Bonobo pat,chr11_pat_hsa9,active,1.584,0.3735
Bonobo pat,chr11_pat_hsa9,active,1.568,0.374
Bonobo pat,chr11_pat_hsa9,active,1.616,0.378
Bonobo pat,chr11_pat_hsa9,active,1.576,0.3795
Bonobo pat,chr11_pat_hsa9,active,1.652,0.3725
Bonobo pat,chr11_pat_hsa9,active,1.588,0.3785
Bonobo pat,chr11_pat_hsa9,active,1.652,0.377
Bonobo pat,chr11_pat_hsa9,active,1.552,0.3775
Bonobo pat,chr11_pat_hsa9,active,1.636,0.3745
Bonobo pat,chr11_pat_hsa9,active,1.592,0.379
Bonobo pat,chr11_pat_hsa9,active,1.62,0.374
Bonobo pat,chr11_pat_hsa9,active,1.58,0.374
Bonobo pat,chr11_pat_hsa9,active,1.612,0.3785
Bonobo pat,chr11_pat_hsa9,active,1.552,0.3735
Bonobo pat,chr11_pat_hsa9,active,1.64,0.375
Bonobo pat,chr11_pat_hsa9,active,1.6,0.38
Bonobo pat,chr11_pat_hsa9,active,1.6,0.3745
Bonobo pat,chr11_pat_hsa9,active,1.636,0.3755
Bonobo pat,chr11_pat_hsa9,active,1.56,0.375
Bonobo pat,chr11_pat_hsa9,active,1.616,0.379
Bonobo pat,chr11_pat_hsa9,active,1.496,0.3795
Bonobo pat,chr11_pat_hsa9,active,1.604,0.375
Bonobo pat,chr11_pat_hsa9,active,1.584,0.3745
Bonobo pat,chr11_pat_hsa9,active,1.652,0.3795
Bonobo pat,chr11_pat_hsa9,active,1.548,0.3805
Bonobo pat,chr11_pat_hsa9,active,1.548,0.381
Bonobo pat,chr11_pat_hsa9,active,1.612,0.3735
Bonobo pat,chr11_pat_hsa9,active,1.588,0.3705
Bonobo pat,chr11_pat_hsa9,active,1.608,0.3795
Bonobo pat,chr11_pat_hsa9,active,1.62,0.3735
Bonobo pat,chr11_pat_hsa9,active,1.608,0.376
Bonobo pat,chr11_pat_hsa9,active,1.568,0.378
Bonobo pat,chr11_pat_hsa9,active,1.596,0.3725
Bonobo pat,chr11_pat_hsa9,active,1.616,0.3745
Bonobo pat,chr11_pat_hsa9,active,1.572,0.376
Bonobo pat,chr11_pat_hsa9,active,1.612,0.374
Bonobo pat,chr11_pat_hsa9,active,1.652,0.382
Bonobo pat,chr11_pat_hsa9,active,1.624,0.376
Bonobo pat,chr11_pat_hsa9,active,1.592,0.374
Bonobo pat,chr11_pat_hsa9,active,1.6,0.372
Bonobo pat,chr11_pat_hsa9,active,1.664,0.3745
Bonobo pat,chr11_pat_hsa9,active,1.6,0.3755
Bonobo pat,chr11_pat_hsa9,active,1.58,0.376
Bonobo pat,chr11_pat_hsa9,active,1.576,0.3775
Bonobo pat,chr11_pat_hsa9,active,1.584,0.376
Bonobo pat,chr11_pat_hsa9,active,1.684,0.375
Bonobo pat,chr11_pat_hsa9,active,1.616,0.374
Bonobo pat,chr11_pat_hsa9,active,1.636,0.3745
Bonobo pat,chr11_pat_hsa9,active,1.6,0.3785
Bonobo pat,chr11_pat_hsa9,active,1.656,0.373
Bonobo pat,chr11_pat_hsa9,active,1.624,0.375
Bonobo pat,chr11_pat_hsa9,active,1.608,0.3735
Bonobo pat,chr11_pat_hsa9,active,1.668,0.3745
Bonobo pat,chr11_pat_hsa9,active,1.588,0.3765
Bonobo pat,chr11_pat_hsa9,active,1.568,0.3765
Bonobo pat,chr11_pat_hsa9,active,1.62,0.3765
Bonobo pat,chr11_pat_hsa9,active,1.644,0.375
Bonobo pat,chr11_pat_hsa9,active,1.476,0.3765
Bonobo pat,chr11_pat_hsa9,active,1.656,0.375
Bonobo pat,chr11_pat_hsa9,active,1.58,0.3735
Bonobo pat,chr11_pat_hsa9,active,1.624,0.377
Bonobo pat,chr11_pat_hsa9,active,1.568,0.374
Bonobo pat,chr11_pat_hsa9,active,1.596,0.3765
Bonobo pat,chr11_pat_hsa9,active,1.648,0.372
Bonobo pat,chr11_pat_hsa9,active,1.492,0.3755
Bonobo pat,chr11_pat_hsa9,active,1.656,0.375
Bonobo pat,chr11_pat_hsa9,active,1.568,0.3725
Bonobo pat,chr11_pat_hsa9,active,1.612,0.3765
Bonobo pat,chr11_pat_hsa9,active,1.624,0.3775
Bonobo pat,chr11_pat_hsa9,active,1.66,0.375
Bonobo pat,chr11_pat_hsa9,active,1.532,0.378
Bonobo pat,chr11_pat_hsa9,active,1.58,0.3775
Bonobo pat,chr11_pat_hsa9,active,1.588,0.378
Bonobo pat,chr11_pat_hsa9,active,1.628,0.3725
Bonobo pat,chr11_pat_hsa9,active,1.528,0.376
Bonobo pat,chr11_pat_hsa9,active,1.544,0.375
Bonobo pat,chr11_pat_hsa9,active,1.54,0.3745
Bonobo pat,chr11_pat_hsa9,active,1.512,0.376
Bonobo pat,chr11_pat_hsa9,active,1.56,0.3735
Bonobo pat,chr11_pat_hsa9,active,1.624,0.3745
Bonobo pat,chr11_pat_hsa9,active,1.588,0.3725
Bonobo pat,chr11_pat_hsa9,active,1.628,0.3725
Bonobo pat,chr11_pat_hsa9,active,1.644,0.3725
Bonobo pat,chr11_pat_hsa9,active,1.512,0.3785
Bonobo pat,chr11_pat_hsa9,active,1.532,0.379
Bonobo pat,chr11_pat_hsa9,active,1.636,0.3685
Bonobo pat,chr11_pat_hsa9,active,1.644,0.3735
Bonobo pat,chr11_pat_hsa9,active,1.556,0.3775
Bonobo pat,chr11_pat_hsa9,active,1.592,0.377
Bonobo pat,chr11_pat_hsa9,active,1.568,0.3775
Bonobo pat,chr11_pat_hsa9,active,1.624,0.375
Bonobo pat,chr11_pat_hsa9,active,1.492,0.3745
Bonobo pat,chr11_pat_hsa9,active,1.6,0.3705
Bonobo pat,chr11_pat_hsa9,active,1.664,0.3745
Bonobo pat,chr11_pat_hsa9,active,1.556,0.378
Bonobo pat,chr11_pat_hsa9,active,1.584,0.3785
Bonobo pat,chr11_pat_hsa9,active,1.6,0.3735
Bonobo pat,chr11_pat_hsa9,active,1.544,0.379
Bonobo pat,chr11_pat_hsa9,active,1.512,0.379
Bonobo pat,chr11_pat_hsa9,active,1.592,0.371
Bonobo pat,chr11_pat_hsa9,active,1.664,0.372
Bonobo pat,chr11_pat_hsa9,active,1.66,0.374
Bonobo pat,chr11_pat_hsa9,active,1.532,0.3775
Bonobo pat,chr11_pat_hsa9,active,1.544,0.3785
Bonobo pat,chr11_pat_hsa9,active,1.66,0.3715
Bonobo pat,chr11_pat_hsa9,active,1.584,0.377
Bonobo pat,chr11_pat_hsa9,active,1.568,0.378
Bonobo pat,chr11_pat_hsa9,active,1.556,0.378
Bonobo pat,chr11_pat_hsa9,active,1.608,0.372
Bonobo pat,chr11_pat_hsa9,active,1.648,0.3735
Bonobo pat,chr11_pat_hsa9,active,1.444,0.38
Bonobo pat,chr11_pat_hsa9,active,1.572,0.3765
Bonobo pat,chr11_pat_hsa9,active,1.532,0.378
Bonobo pat,chr11_pat_hsa9,active,1.588,0.3705
Bonobo pat,chr11_pat_hsa9,active,1.664,0.373
Bonobo pat,chr11_pat_hsa9,active,1.564,0.3765
Bonobo pat,chr11_pat_hsa9,active,1.548,0.377
Bonobo pat,chr11_pat_hsa9,active,1.66,0.371
Bonobo pat,chr11_pat_hsa9,active,1.532,0.378
Bonobo pat,chr11_pat_hsa9,active,1.564,0.3765
Bonobo pat,chr11_pat_hsa9,active,1.596,0.371
Bonobo pat,chr11_pat_hsa9,active,1.564,0.379
Bonobo pat,chr11_pat_hsa9,active,1.632,0.3725
Bonobo pat,chr11_pat_hsa9,active,1.524,0.377
Bonobo pat,chr11_pat_hsa9,active,1.564,0.3725
Bonobo pat,chr11_pat_hsa9,active,1.652,0.3725
Bonobo pat,chr11_pat_hsa9,active,1.524,0.38
Bonobo pat,chr11_pat_hsa9,active,1.672,0.372
Bonobo pat,chr11_pat_hsa9,active,1.6,0.3745
Bonobo pat,chr11_pat_hsa9,active,1.544,0.3785
Bonobo pat,chr11_pat_hsa9,active,1.54,0.3765
Bonobo pat,chr11_pat_hsa9,active,1.612,0.3725
Bonobo pat,chr11_pat_hsa9,active,1.648,0.3735
Bonobo pat,chr11_pat_hsa9,active,1.46,0.381
Bonobo pat,chr11_pat_hsa9,active,1.58,0.377
Bonobo pat,chr11_pat_hsa9,active,1.524,0.38
Bonobo pat,chr11_pat_hsa9,active,1.584,0.371
Bonobo pat,chr11_pat_hsa9,active,1.648,0.372
Bonobo pat,chr11_pat_hsa9,active,1.552,0.378
Bonobo pat,chr11_pat_hsa9,active,1.584,0.374
Bonobo pat,chr11_pat_hsa9,active,1.572,0.373
Bonobo pat,chr11_pat_hsa9,active,1.612,0.369
Bonobo pat,chr11_pat_hsa9,active,1.612,0.375
Bonobo pat,chr11_pat_hsa9,active,1.516,0.3775
Bonobo pat,chr11_pat_hsa9,active,1.644,0.3725
Bonobo pat,chr11_pat_hsa9,active,1.536,0.3775
Bonobo pat,chr11_pat_hsa9,active,1.548,0.379
Bonobo pat,chr11_pat_hsa9,active,1.576,0.374
Bonobo pat,chr11_pat_hsa9,active,1.58,0.373
Bonobo pat,chr11_pat_hsa9,active,1.564,0.378
Bonobo pat,chr11_pat_hsa9,active,1.552,0.373
Bonobo pat,chr11_pat_hsa9,active,1.576,0.377
Bonobo pat,chr11_pat_hsa9,active,1.564,0.372
Bonobo pat,chr11_pat_hsa9,active,1.576,0.377
Bonobo pat,chr11_pat_hsa9,active,1.536,0.376
Bonobo pat,chr11_pat_hsa9,active,1.62,0.374
Bonobo pat,chr11_pat_hsa9,active,1.56,0.372
Bonobo pat,chr11_pat_hsa9,active,1.572,0.3775
Bonobo pat,chr11_pat_hsa9,active,1.564,0.3805
Bonobo pat,chr11_pat_hsa9,active,1.556,0.3715
Bonobo pat,chr11_pat_hsa9,active,1.648,0.3725
Bonobo pat,chr11_pat_hsa9,active,1.532,0.3785
Bonobo pat,chr11_pat_hsa9,active,1.612,0.3745
Bonobo pat,chr11_pat_hsa9,active,1.56,0.3725
Bonobo pat,chr11_pat_hsa9,active,1.532,0.3785
Bonobo pat,chr11_pat_hsa9,active,1.604,0.372
Bonobo pat,chr11_pat_hsa9,active,1.608,0.377
Bonobo pat,chr11_pat_hsa9,active,1.572,0.3775
Bonobo pat,chr11_pat_hsa9,active,1.62,0.372
Bonobo pat,chr11_pat_hsa9,active,1.564,0.3725
Bonobo pat,chr11_pat_hsa9,active,1.572,0.3785
Bonobo pat,chr11_pat_hsa9,active,1.56,0.3765
Bonobo pat,chr11_pat_hsa9,active,1.572,0.379
Bonobo pat,chr11_pat_hsa9,active,1.572,0.3765
Bonobo pat,chr11_pat_hsa9,active,1.64,0.373
Bonobo pat,chr11_pat_hsa9,active,1.556,0.3735
Bonobo pat,chr11_pat_hsa9,active,1.592,0.373
Bonobo pat,chr11_pat_hsa9,active,1.62,0.3705
Bonobo pat,chr11_pat_hsa9,active,1.536,0.3755
Bonobo pat,chr11_pat_hsa9,active,1.576,0.378
Bonobo pat,chr11_pat_hsa9,active,1.58,0.3725
Bonobo pat,chr11_pat_hsa9,active,1.624,0.374
Bonobo pat,chr11_pat_hsa9,active,1.52,0.3735
Bonobo pat,chr11_pat_hsa9,active,1.524,0.3775
Bonobo pat,chr11_pat_hsa9,active,1.56,0.379
Bonobo pat,chr11_pat_hsa9,active,1.556,0.3715
Bonobo pat,chr11_pat_hsa9,active,1.596,0.3725
Bonobo pat,chr11_pat_hsa9,active,1.572,0.3705
Bonobo pat,chr11_pat_hsa9,active,1.616,0.371
Bonobo pat,chr11_pat_hsa9,active,1.568,0.379
Bonobo pat,chr11_pat_hsa9,active,1.596,0.373
Bonobo pat,chr11_pat_hsa9,active,1.564,0.379
Bonobo pat,chr11_pat_hsa9,active,1.604,0.3705
Bonobo pat,chr11_pat_hsa9,active,1.556,0.3785
Bonobo pat,chr11_pat_hsa9,active,1.564,0.3745
Bonobo pat,chr11_pat_hsa9,active,1.58,0.3755
Bonobo pat,chr11_pat_hsa9,active,1.544,0.3765
Bonobo pat,chr11_pat_hsa9,active,1.536,0.379
Bonobo pat,chr11_pat_hsa9,active,1.576,0.3715
Bonobo pat,chr11_pat_hsa9,active,1.592,0.3695
Bonobo pat,chr11_pat_hsa9,active,1.588,0.379
Bonobo pat,chr11_pat_hsa9,active,1.532,0.375
Bonobo pat,chr11_pat_hsa9,active,1.6,0.3745
Bonobo pat,chr11_pat_hsa9,active,1.564,0.3695
Bonobo pat,chr11_pat_hsa9,active,1.612,0.374
Bonobo pat,chr11_pat_hsa9,active,1.592,0.3765
Bonobo pat,chr11_pat_hsa9,active,1.532,0.376
Bonobo pat,chr11_pat_hsa9,active,1.56,0.3735
Bonobo pat,chr11_pat_hsa9,active,1.596,0.3735
Bonobo pat,chr11_pat_hsa9,active,1.476,0.38
Bonobo pat,chr11_pat_hsa9,active,1.632,0.372
Bonobo pat,chr11_pat_hsa9,active,1.608,0.372
Bonobo pat,chr11_pat_hsa9,active,1.568,0.375
Bonobo pat,chr11_pat_hsa9,active,1.584,0.377
Bonobo pat,chr11_pat_hsa9,active,1.608,0.3745
Bonobo pat,chr11_pat_hsa9,active,1.524,0.376
Bonobo pat,chr11_pat_hsa9,active,1.572,0.377
Bonobo pat,chr11_pat_hsa9,active,1.564,0.3725
Bonobo pat,chr11_pat_hsa9,active,1.64,0.3735
Bonobo pat,chr11_pat_hsa9,active,1.576,0.371
Bonobo pat,chr11_pat_hsa9,active,1.648,0.373
Bonobo pat,chr11_pat_hsa9,active,1.556,0.378
Bonobo pat,chr11_pat_hsa9,active,1.596,0.3745
Bonobo pat,chr11_pat_hsa9,active,1.6,0.378
Bonobo pat,chr11_pat_hsa9,active,1.552,0.373
Bonobo pat,chr11_pat_hsa9,active,1.56,0.377
Bonobo pat,chr11_pat_hsa9,active,1.604,0.3775
Bonobo pat,chr11_pat_hsa9,active,1.652,0.3705
Bonobo pat,chr11_pat_hsa9,active,1.572,0.379
Bonobo pat,chr11_pat_hsa9,active,1.6,0.3705
Bonobo pat,chr11_pat_hsa9,active,1.528,0.382
Bonobo pat,chr11_pat_hsa9,active,1.576,0.371
Bonobo pat,chr11_pat_hsa9,active,1.568,0.38
Bonobo pat,chr11_pat_hsa9,active,1.564,0.375
Bonobo pat,chr11_pat_hsa9,active,1.596,0.374
Bonobo pat,chr11_pat_hsa9,active,1.584,0.371
Bonobo pat,chr11_pat_hsa9,active,1.512,0.3795
Bonobo pat,chr11_pat_hsa9,active,1.608,0.3755
Bonobo pat,chr11_pat_hsa9,active,1.676,0.3725
Bonobo pat,chr11_pat_hsa9,active,1.576,0.38
Bonobo pat,chr11_pat_hsa9,active,1.404,0.3705
Bonobo pat,chr11_pat_hsa9,active,1.54,0.376
Bonobo pat,chr11_pat_hsa9,active,1.504,0.3735
Bonobo pat,chr11_pat_hsa9,active,1.628,0.3745
Bonobo pat,chr11_pat_hsa9,active,1.588,0.3765
Bonobo pat,chr11_pat_hsa9,active,1.56,0.381
Bonobo pat,chr11_pat_hsa9,active,1.504,0.3805
Bonobo pat,chr11_pat_hsa9,active,1.56,0.375
Bonobo pat,chr11_pat_hsa9,active,1.564,0.373
Bonobo pat,chr11_pat_hsa9,active,1.608,0.3775
Bonobo pat,chr11_pat_hsa9,active,1.616,0.3805
Bonobo pat,chr11_pat_hsa9,active,1.552,0.3795
Bonobo pat,chr11_pat_hsa9,active,1.58,0.3795
Bonobo pat,chr11_pat_hsa9,active,1.504,0.375
Bonobo pat,chr11_pat_hsa9,active,1.596,0.379
Bonobo pat,chr11_pat_hsa9,active,1.584,0.383
Bonobo pat,chr11_pat_hsa9,active,1.6,0.374
Bonobo pat,chr11_pat_hsa9,active,1.596,0.378
Bonobo pat,chr11_pat_hsa9,active,1.504,0.3765
Bonobo pat,chr11_pat_hsa9,active,1.576,0.373
Bonobo pat,chr11_pat_hsa9,active,1.608,0.3785
Bonobo pat,chr11_pat_hsa9,active,1.62,0.38
Bonobo pat,chr11_pat_hsa9,active,1.596,0.3815
Bonobo pat,chr11_pat_hsa9,active,1.576,0.3785
Bonobo pat,chr11_pat_hsa9,active,1.564,0.381
Bonobo pat,chr11_pat_hsa9,active,1.624,0.38
Bonobo pat,chr11_pat_hsa9,active,1.516,0.3805
Bonobo pat,chr11_pat_hsa9,active,1.528,0.382
Bonobo pat,chr11_pat_hsa9,active,1.64,0.38
Bonobo pat,chr11_pat_hsa9,active,1.532,0.382
Bonobo pat,chr11_pat_hsa9,active,1.66,0.3795
Bonobo pat,chr11_pat_hsa9,active,1.576,0.381
Bonobo pat,chr11_pat_hsa9,active,1.628,0.375
Bonobo pat,chr11_pat_hsa9,active,1.592,0.3765
Bonobo pat,chr11_pat_hsa9,active,1.628,0.38
Bonobo pat,chr11_pat_hsa9,active,1.584,0.3765
Bonobo pat,chr11_pat_hsa9,active,1.552,0.377
Bonobo pat,chr11_pat_hsa9,active,1.636,0.3795
Bonobo pat,chr11_pat_hsa9,active,1.612,0.38
Bonobo pat,chr11_pat_hsa9,active,1.52,0.377
Bonobo pat,chr11_pat_hsa9,active,1.584,0.3735
Bonobo pat,chr11_pat_hsa9,active,1.572,0.3755
Bonobo pat,chr11_pat_hsa9,active,1.616,0.379
Bonobo pat,chr11_pat_hsa9,active,1.596,0.3835
Bonobo pat,chr11_pat_hsa9,active,1.596,0.378
Bonobo pat,chr11_pat_hsa9,active,1.528,0.3785
Bonobo pat,chr11_pat_hsa9,active,1.624,0.381
Bonobo pat,chr11_pat_hsa9,active,1.516,0.3875
Bonobo pat,chr11_pat_hsa9,active,1.632,0.3795
Bonobo pat,chr11_pat_hsa9,active,1.62,0.3775
Bonobo pat,chr11_pat_hsa9,active,1.596,0.3765
Bonobo pat,chr11_pat_hsa9,active,1.556,0.377
Bonobo pat,chr11_pat_hsa9,active,1.56,0.381
Bonobo pat,chr11_pat_hsa9,active,1.616,0.3755
Bonobo pat,chr11_pat_hsa9,active,1.532,0.377
Bonobo pat,chr11_pat_hsa9,active,1.56,0.3785
Bonobo pat,chr11_pat_hsa9,active,1.492,0.3745
Bonobo pat,chr11_pat_hsa9,active,1.616,0.3765
Bonobo pat,chr11_pat_hsa9,active,1.628,0.3815
Bonobo pat,chr11_pat_hsa9,active,1.588,0.379
Bonobo pat,chr11_pat_hsa9,active,1.588,0.3765
Bonobo pat,chr11_pat_hsa9,active,1.588,0.384
Bonobo pat,chr11_pat_hsa9,active,1.624,0.3825
Bonobo pat,chr11_pat_hsa9,active,1.572,0.3795
Bonobo pat,chr11_pat_hsa9,active,1.648,0.3805
Bonobo pat,chr11_pat_hsa9,active,1.576,0.38
Bonobo pat,chr11_pat_hsa9,active,1.636,0.38
Bonobo pat,chr11_pat_hsa9,active,1.58,0.377
Bonobo pat,chr11_pat_hsa9,active,1.62,0.374
Bonobo pat,chr11_pat_hsa9,active,1.484,0.378
Bonobo pat,chr11_pat_hsa9,active,1.644,0.378
Bonobo pat,chr11_pat_hsa9,active,1.596,0.3825
Bonobo pat,chr11_pat_hsa9,active,1.592,0.3755
Bonobo pat,chr11_pat_hsa9,active,1.604,0.3745
Bonobo pat,chr11_pat_hsa9,active,1.564,0.377
Bonobo pat,chr11_pat_hsa9,active,1.62,0.381
Bonobo pat,chr11_pat_hsa9,active,1.648,0.3775
Bonobo pat,chr11_pat_hsa9,active,1.624,0.377
Bonobo pat,chr11_pat_hsa9,active,1.632,0.38
Bonobo pat,chr11_pat_hsa9,active,1.584,0.376
Bonobo pat,chr11_pat_hsa9,active,1.48,0.3795
Bonobo pat,chr11_pat_hsa9,active,1.428,0.3795
Bonobo pat,chr11_pat_hsa9,active,1.628,0.377
Bonobo pat,chr11_pat_hsa9,active,1.516,0.376
Bonobo pat,chr11_pat_hsa9,active,1.54,0.375
Bonobo pat,chr11_pat_hsa9,active,1.608,0.379
Bonobo pat,chr11_pat_hsa9,active,1.632,0.379
Bonobo pat,chr11_pat_hsa9,active,1.624,0.379
Bonobo pat,chr11_pat_hsa9,active,1.6,0.3805
Bonobo pat,chr11_pat_hsa9,active,1.572,0.382
Bonobo pat,chr11_pat_hsa9,active,1.596,0.3795
Bonobo pat,chr11_pat_hsa9,active,1.524,0.3835
Bonobo pat,chr11_pat_hsa9,active,1.636,0.3745
Bonobo pat,chr11_pat_hsa9,active,1.584,0.3775
Bonobo pat,chr11_pat_hsa9,active,1.624,0.3795
Bonobo pat,chr11_pat_hsa9,active,1.612,0.378
Bonobo pat,chr11_pat_hsa9,active,1.56,0.376
Bonobo pat,chr11_pat_hsa9,active,1.66,0.378
Bonobo pat,chr11_pat_hsa9,active,1.628,0.382
Bonobo pat,chr11_pat_hsa9,active,1.532,0.38
Bonobo pat,chr11_pat_hsa9,active,1.62,0.3815
Bonobo pat,chr11_pat_hsa9,active,1.62,0.378
Bonobo pat,chr11_pat_hsa9,active,1.652,0.3735
Bonobo pat,chr11_pat_hsa9,active,1.568,0.3785
Bonobo pat,chr11_pat_hsa9,active,1.572,0.3755
Bonobo pat,chr11_pat_hsa9,active,1.5,0.38
Bonobo pat,chr11_pat_hsa9,active,1.592,0.378
Bonobo pat,chr11_pat_hsa9,active,1.604,0.3735
Bonobo pat,chr11_pat_hsa9,active,1.656,0.376
Bonobo pat,chr11_pat_hsa9,active,1.636,0.3745
Bonobo pat,chr11_pat_hsa9,active,1.568,0.374
Bonobo pat,chr11_pat_hsa9,active,1.616,0.384
Bonobo pat,chr11_pat_hsa9,active,1.576,0.377
Bonobo pat,chr11_pat_hsa9,active,1.524,0.3835
Bonobo pat,chr11_pat_hsa9,active,1.556,0.379
Bonobo pat,chr11_pat_hsa9,active,1.656,0.3745
Bonobo pat,chr11_pat_hsa9,active,1.54,0.381
Bonobo pat,chr11_pat_hsa9,active,1.476,0.377
Bonobo pat,chr11_pat_hsa9,active,1.62,0.377
Bonobo pat,chr11_pat_hsa9,active,1.584,0.379
Bonobo pat,chr11_pat_hsa9,active,1.632,0.3755
Bonobo pat,chr11_pat_hsa9,active,1.588,0.3775
Bonobo pat,chr11_pat_hsa9,active,1.652,0.3775
Bonobo pat,chr11_pat_hsa9,active,1.532,0.3805
Bonobo pat,chr11_pat_hsa9,active,1.584,0.3805
Bonobo pat,chr11_pat_hsa9,active,1.528,0.38
Bonobo pat,chr11_pat_hsa9,active,1.608,0.3705
Bonobo pat,chr11_pat_hsa9,active,1.664,0.3745
Bonobo pat,chr11_pat_hsa9,active,1.556,0.3815
Bonobo pat,chr11_pat_hsa9,active,1.576,0.381
Bonobo pat,chr11_pat_hsa9,active,1.568,0.38
Bonobo pat,chr11_pat_hsa9,active,1.66,0.3755
Bonobo pat,chr11_pat_hsa9,active,1.6,0.3805
Bonobo pat,chr11_pat_hsa9,active,1.648,0.3745
Bonobo pat,chr11_pat_hsa9,active,1.58,0.381
Bonobo pat,chr11_pat_hsa9,active,1.512,0.381
Bonobo pat,chr11_pat_hsa9,active,1.632,0.3745
Bonobo pat,chr11_pat_hsa9,active,1.56,0.3815
Bonobo pat,chr11_pat_hsa9,active,1.664,0.3745
Bonobo pat,chr11_pat_hsa9,active,1.588,0.38
Bonobo pat,chr11_pat_hsa9,active,1.636,0.375
Bonobo pat,chr11_pat_hsa9,active,1.572,0.3805
Bonobo pat,chr11_pat_hsa9,active,1.672,0.372
Bonobo pat,chr11_pat_hsa9,active,1.62,0.3785
Bonobo pat,chr11_pat_hsa9,active,1.584,0.377
Bonobo pat,chr11_pat_hsa9,active,1.6,0.3795
Bonobo pat,chr11_pat_hsa9,active,1.676,0.381
Bonobo pat,chr11_pat_hsa9,active,1.62,0.376
Bonobo pat,chr11_pat_hsa9,active,1.64,0.378
Bonobo pat,chr11_pat_hsa9,active,1.628,0.376
Bonobo pat,chr11_pat_hsa9,active,1.628,0.3775
Bonobo pat,chr11_pat_hsa9,active,1.54,0.3805
Bonobo pat,chr11_pat_hsa9,active,1.664,0.38
Bonobo pat,chr11_pat_hsa9,active,1.624,0.376
Bonobo pat,chr11_pat_hsa9,active,1.616,0.378
Bonobo pat,chr11_pat_hsa9,active,1.568,0.376
Bonobo pat,chr11_pat_hsa9,active,1.54,0.3795
Bonobo pat,chr11_pat_hsa9,active,1.564,0.3785
Bonobo pat,chr11_pat_hsa9,active,1.604,0.372
Bonobo pat,chr11_pat_hsa9,active,1.592,0.381
Bonobo pat,chr11_pat_hsa9,active,1.604,0.379
Bonobo pat,chr11_pat_hsa9,active,1.592,0.382
Bonobo pat,chr11_pat_hsa9,active,1.596,0.3805
Bonobo pat,chr11_pat_hsa9,active,1.568,0.3765
Bonobo pat,chr11_pat_hsa9,active,1.62,0.374
Bonobo pat,chr11_pat_hsa9,active,1.548,0.376
Bonobo pat,chr11_pat_hsa9,active,1.616,0.372
Bonobo pat,chr11_pat_hsa9,active,1.536,0.376
Bonobo pat,chr11_pat_hsa9,active,1.636,0.3795
Bonobo pat,chr11_pat_hsa9,active,1.616,0.38
Bonobo pat,chr11_pat_hsa9,active,1.636,0.375
Bonobo pat,chr11_pat_hsa9,active,1.588,0.3745
Bonobo pat,chr11_pat_hsa9,active,1.608,0.377
Bonobo pat,chr11_pat_hsa9,active,1.62,0.3745
Bonobo pat,chr11_pat_hsa9,active,1.58,0.3775
Bonobo pat,chr11_pat_hsa9,active,1.588,0.373
Bonobo pat,chr11_pat_hsa9,active,1.58,0.3755
Bonobo pat,chr11_pat_hsa9,active,1.624,0.3745
Bonobo pat,chr11_pat_hsa9,active,1.552,0.376
Bonobo pat,chr11_pat_hsa9,active,1.656,0.3745
Bonobo pat,chr11_pat_hsa9,active,1.584,0.374
Bonobo pat,chr11_pat_hsa9,active,1.572,0.375
Bonobo pat,chr11_pat_hsa9,active,1.608,0.3755
Bonobo pat,chr11_pat_hsa9,active,1.58,0.3745
Bonobo pat,chr11_pat_hsa9,active,1.496,0.371
Bonobo pat,chr11_pat_hsa9,active,1.608,0.376
Bonobo pat,chr11_pat_hsa9,active,1.512,0.372
Bonobo pat,chr11_pat_hsa9,active,1.48,0.369
Bonobo pat,chr11_pat_hsa9,active,1.632,0.3695
Bonobo pat,chr11_pat_hsa9,active,1.496,0.371
Bonobo pat,chr11_pat_hsa9,active,1.6,0.369
Bonobo pat,chr11_pat_hsa9,active,1.564,0.3685
Bonobo pat,chr11_pat_hsa9,active,1.472,0.371
Bonobo pat,chr11_pat_hsa9,active,1.608,0.377
Bonobo pat,chr11_pat_hsa9,active,1.504,0.3705
Bonobo pat,chr11_pat_hsa9,active,1.544,0.3755
Bonobo pat,chr11_pat_hsa9,active,1.628,0.375
Bonobo pat,chr11_pat_hsa9,active,1.636,0.3725
Bonobo pat,chr11_pat_hsa9,active,1.624,0.3755
Bonobo pat,chr11_pat_hsa9,active,1.652,0.3725
Bonobo pat,chr11_pat_hsa9,active,1.612,0.375
Bonobo pat,chr11_pat_hsa9,active,1.636,0.374
Bonobo pat,chr11_pat_hsa9,active,1.448,0.377
Bonobo pat,chr11_pat_hsa9,active,1.568,0.3765
Bonobo pat,chr11_pat_hsa9,active,1.668,0.3735
Bonobo pat,chr11_pat_hsa9,active,1.604,0.373
Bonobo pat,chr11_pat_hsa9,active,1.572,0.3765
Bonobo pat,chr11_pat_hsa9,active,1.588,0.372
Bonobo pat,chr11_pat_hsa9,active,1.564,0.375
Bonobo pat,chr11_pat_hsa9,active,1.592,0.379
Bonobo pat,chr11_pat_hsa9,active,1.592,0.373
Bonobo pat,chr11_pat_hsa9,active,1.572,0.372
Bonobo pat,chr11_pat_hsa9,active,1.552,0.378
Bonobo pat,chr11_pat_hsa9,active,1.568,0.3695
Bonobo pat,chr11_pat_hsa9,active,1.544,0.376
Bonobo pat,chr11_pat_hsa9,active,1.564,0.3725
Bonobo pat,chr11_pat_hsa9,active,1.536,0.3755
Bonobo pat,chr11_pat_hsa9,active,1.484,0.3775
Bonobo pat,chr11_pat_hsa9,active,1.548,0.374
Bonobo pat,chr11_pat_hsa9,active,1.676,0.373
Bonobo pat,chr11_pat_hsa9,active,1.54,0.3775
Bonobo pat,chr11_pat_hsa9,active,1.596,0.378
Bonobo pat,chr11_pat_hsa9,active,1.576,0.3775
Bonobo pat,chr11_pat_hsa9,active,1.596,0.374
Bonobo pat,chr11_pat_hsa9,active,1.568,0.371
Bonobo pat,chr11_pat_hsa9,active,1.66,0.3745
Bonobo pat,chr11_pat_hsa9,active,1.564,0.378
Bonobo pat,chr11_pat_hsa9,active,1.58,0.3715
Bonobo pat,chr11_pat_hsa9,active,1.596,0.3715
Bonobo pat,chr11_pat_hsa9,active,1.524,0.3775
Bonobo pat,chr11_pat_hsa9,active,1.644,0.3745
Bonobo pat,chr11_pat_hsa9,active,1.528,0.372
Bonobo pat,chr11_pat_hsa9,active,1.576,0.3785
Bonobo pat,chr11_pat_hsa9,active,1.556,0.376
Bonobo pat,chr11_pat_hsa9,active,1.576,0.3695
Bonobo pat,chr11_pat_hsa9,active,1.616,0.3725
Bonobo pat,chr11_pat_hsa9,active,1.572,0.3795
Bonobo pat,chr11_pat_hsa9,active,1.62,0.378
Bonobo pat,chr11_pat_hsa9,active,1.596,0.3835
Bonobo pat,chr11_pat_hsa9,active,1.568,0.3755
Bonobo pat,chr11_pat_hsa9,active,1.52,0.374
Bonobo pat,chr11_pat_hsa9,active,1.528,0.3715
Bonobo pat,chr11_pat_hsa9,active,1.612,0.3785
Bonobo pat,chr11_pat_hsa9,active,1.664,0.3755
Bonobo pat,chr11_pat_hsa9,active,1.52,0.3765
Bonobo pat,chr11_pat_hsa9,active,1.592,0.3755
Bonobo pat,chr11_pat_hsa9,active,1.608,0.3735
Bonobo pat,chr11_pat_hsa9,active,1.572,0.3765
Bonobo pat,chr11_pat_hsa9,active,1.612,0.3775
Bonobo pat,chr11_pat_hsa9,active,1.544,0.3765
Bonobo pat,chr11_pat_hsa9,active,1.544,0.379
Bonobo pat,chr11_pat_hsa9,active,1.632,0.3805
Bonobo pat,chr11_pat_hsa9,active,1.612,0.377
Bonobo pat,chr11_pat_hsa9,active,1.608,0.378
Bonobo pat,chr11_pat_hsa9,active,1.5,0.3815
Bonobo pat,chr11_pat_hsa9,active,1.512,0.3825
Bonobo pat,chr11_pat_hsa9,active,1.584,0.3815
Bonobo pat,chr11_pat_hsa9,active,1.52,0.3795
Bonobo pat,chr11_pat_hsa9,active,1.688,0.3755
Bonobo pat,chr11_pat_hsa9,active,1.548,0.378
Bonobo pat,chr11_pat_hsa9,active,1.604,0.3805
Bonobo pat,chr11_pat_hsa9,active,1.676,0.372
Bonobo pat,chr11_pat_hsa9,active,1.656,0.377
Bonobo pat,chr11_pat_hsa9,active,1.616,0.3775
Bonobo pat,chr11_pat_hsa9,active,1.592,0.379
Bonobo pat,chr11_pat_hsa9,active,1.496,0.379
Bonobo pat,chr11_pat_hsa9,active,1.64,0.3785
Bonobo pat,chr11_pat_hsa9,active,1.588,0.3775
Bonobo pat,chr11_pat_hsa9,active,1.568,0.3765
Bonobo pat,chr11_pat_hsa9,active,1.608,0.3805
Bonobo pat,chr11_pat_hsa9,active,1.556,0.379
Bonobo pat,chr11_pat_hsa9,active,1.54,0.382
Bonobo pat,chr11_pat_hsa9,active,1.664,0.379
Bonobo pat,chr11_pat_hsa9,active,1.62,0.379
Bonobo pat,chr11_pat_hsa9,active,1.564,0.378
Bonobo pat,chr11_pat_hsa9,active,1.576,0.379
Bonobo pat,chr11_pat_hsa9,active,1.548,0.3775
Bonobo pat,chr11_pat_hsa9,active,1.548,0.3705
Bonobo pat,chr11_pat_hsa9,active,1.58,0.3745
Bonobo pat,chr11_pat_hsa9,active,1.524,0.378
Bonobo pat,chr11_pat_hsa9,active,1.58,0.3725
Bonobo pat,chr11_pat_hsa9,active,1.564,0.3745
Bonobo pat,chr11_pat_hsa9,active,1.492,0.3775
Bonobo pat,chr11_pat_hsa9,active,1.572,0.377
Bonobo pat,chr11_pat_hsa9,active,1.548,0.3755
Bonobo pat,chr11_pat_hsa9,active,1.532,0.3755
Bonobo pat,chr11_pat_hsa9,active,1.556,0.3765
Bonobo pat,chr11_pat_hsa9,active,1.6,0.371
Bonobo pat,chr11_pat_hsa9,active,1.528,0.378
Bonobo pat,chr11_pat_hsa9,active,1.504,0.377
Bonobo pat,chr11_pat_hsa9,active,1.512,0.3775
Bonobo pat,chr11_pat_hsa9,active,1.612,0.375
Bonobo pat,chr11_pat_hsa9,active,1.556,0.371
Bonobo pat,chr11_pat_hsa9,active,1.572,0.373
Bonobo pat,chr11_pat_hsa9,active,1.696,0.373
Bonobo pat,chr11_pat_hsa9,active,1.592,0.3745
Bonobo pat,chr11_pat_hsa9,active,1.516,0.3755
Bonobo pat,chr11_pat_hsa9,active,1.572,0.3755
Bonobo pat,chr11_pat_hsa9,active,1.568,0.3765
Bonobo pat,chr11_pat_hsa9,active,1.604,0.3755
Bonobo pat,chr11_pat_hsa9,active,1.644,0.373
Bonobo pat,chr11_pat_hsa9,active,1.528,0.3795
Bonobo pat,chr11_pat_hsa9,active,1.5,0.374
Bonobo pat,chr11_pat_hsa9,active,1.5,0.378
Bonobo pat,chr11_pat_hsa9,active,1.484,0.374
Bonobo pat,chr11_pat_hsa9,active,1.524,0.376
Bonobo pat,chr11_pat_hsa9,active,1.584,0.376
Bonobo pat,chr11_pat_hsa9,active,1.604,0.377
Bonobo pat,chr11_pat_hsa9,active,1.648,0.374
Bonobo pat,chr11_pat_hsa9,active,1.62,0.3745
Bonobo pat,chr11_pat_hsa9,active,1.52,0.3755
Bonobo pat,chr11_pat_hsa9,active,1.488,0.375
Bonobo pat,chr11_pat_hsa9,active,1.62,0.3795
Bonobo pat,chr11_pat_hsa9,active,1.552,0.376
Bonobo pat,chr11_pat_hsa9,active,1.616,0.378
Bonobo pat,chr11_pat_hsa9,active,1.632,0.3745
Bonobo pat,chr11_pat_hsa9,active,1.608,0.3765
Bonobo pat,chr11_pat_hsa9,active,1.556,0.371
Bonobo pat,chr11_pat_hsa9,active,1.6,0.376
Bonobo pat,chr11_pat_hsa9,active,1.716,0.369
Bonobo pat,chr11_pat_hsa9,active,1.592,0.38
Bonobo pat,chr11_pat_hsa9,active,1.632,0.3725
Bonobo pat,chr11_pat_hsa9,active,1.608,0.377
Bonobo pat,chr11_pat_hsa9,active,1.652,0.3725
Bonobo pat,chr11_pat_hsa9,active,1.588,0.3765
Bonobo pat,chr11_pat_hsa9,active,1.564,0.377
Bonobo pat,chr11_pat_hsa9,active,1.604,0.3745
Bonobo pat,chr11_pat_hsa9,active,1.568,0.3765
Bonobo pat,chr11_pat_hsa9,active,1.628,0.374
Bonobo pat,chr11_pat_hsa9,active,1.58,0.375
Bonobo pat,chr11_pat_hsa9,active,1.536,0.375
Bonobo pat,chr11_pat_hsa9,active,1.58,0.375
Bonobo pat,chr11_pat_hsa9,active,1.584,0.377
Bonobo pat,chr11_pat_hsa9,active,1.588,0.3775
Bonobo pat,chr11_pat_hsa9,active,1.568,0.377
Bonobo pat,chr11_pat_hsa9,active,1.572,0.378
Bonobo pat,chr11_pat_hsa9,active,1.564,0.3775
Bonobo pat,chr11_pat_hsa9,active,1.6,0.378
Bonobo pat,chr11_pat_hsa9,active,1.576,0.3765
Bonobo pat,chr11_pat_hsa9,active,1.516,0.375
Bonobo pat,chr11_pat_hsa9,active,1.604,0.3765
Bonobo pat,chr11_pat_hsa9,active,1.556,0.3715
Bonobo pat,chr11_pat_hsa9,active,1.552,0.3765
Bonobo pat,chr11_pat_hsa9,active,1.608,0.381
Bonobo pat,chr11_pat_hsa9,active,1.544,0.376
Bonobo pat,chr11_pat_hsa9,active,1.588,0.3855
Bonobo pat,chr11_pat_hsa9,active,1.548,0.3775
Bonobo pat,chr11_pat_hsa9,active,1.608,0.3795
Bonobo pat,chr11_pat_hsa9,active,1.596,0.378
Bonobo pat,chr11_pat_hsa9,active,1.548,0.3775
Bonobo pat,chr11_pat_hsa9,active,1.552,0.377
Bonobo pat,chr11_pat_hsa9,active,1.612,0.3745
Bonobo pat,chr11_pat_hsa9,active,1.596,0.374
Bonobo pat,chr11_pat_hsa9,active,1.552,0.376
Bonobo pat,chr11_pat_hsa9,active,1.616,0.3735
Bonobo pat,chr11_pat_hsa9,active,1.56,0.3745
Bonobo pat,chr11_pat_hsa9,active,1.564,0.3775
Bonobo pat,chr11_pat_hsa9,active,1.54,0.3735
Bonobo pat,chr11_pat_hsa9,active,1.548,0.3735
Bonobo pat,chr11_pat_hsa9,active,1.628,0.3775
Bonobo pat,chr11_pat_hsa9,active,1.608,0.373
Bonobo pat,chr11_pat_hsa9,active,1.628,0.369
Bonobo pat,chr11_pat_hsa9,active,1.656,0.375
Bonobo pat,chr11_pat_hsa9,active,1.588,0.375
Bonobo pat,chr11_pat_hsa9,active,1.628,0.373
Bonobo pat,chr11_pat_hsa9,active,1.616,0.376
Bonobo pat,chr11_pat_hsa9,active,1.632,0.372
Bonobo pat,chr11_pat_hsa9,active,1.584,0.374
Bonobo pat,chr11_pat_hsa9,active,1.66,0.376
Bonobo pat,chr11_pat_hsa9,active,1.572,0.376
Bonobo pat,chr11_pat_hsa9,active,1.648,0.373
Bonobo pat,chr11_pat_hsa9,active,1.56,0.375
Bonobo pat,chr11_pat_hsa9,active,1.636,0.373
Bonobo pat,chr11_pat_hsa9,active,1.604,0.375
Bonobo pat,chr11_pat_hsa9,active,1.66,0.37
Bonobo pat,chr11_pat_hsa9,active,1.536,0.3765
Bonobo pat,chr11_pat_hsa9,active,1.688,0.3695
Bonobo pat,chr11_pat_hsa9,active,1.608,0.373
Bonobo pat,chr11_pat_hsa9,active,1.664,0.37
Bonobo pat,chr11_pat_hsa9,active,1.568,0.377
Bonobo pat,chr11_pat_hsa9,active,1.692,0.3695
Bonobo pat,chr11_pat_hsa9,active,1.512,0.3725
Bonobo pat,chr11_pat_hsa9,active,1.524,0.3795
Bonobo pat,chr11_pat_hsa9,active,1.588,0.3735
Bonobo pat,chr11_pat_hsa9,active,1.516,0.3815
Bonobo pat,chr11_pat_hsa9,active,1.484,0.383
Bonobo pat,chr11_pat_hsa9,active,1.608,0.374
Bonobo pat,chr11_pat_hsa9,active,1.512,0.378
Bonobo pat,chr11_pat_hsa9,active,1.556,0.375
Bonobo pat,chr11_pat_hsa9,active,1.488,0.3795
Bonobo pat,chr11_pat_hsa9,active,1.528,0.3825
Bonobo pat,chr11_pat_hsa9,active,1.568,0.378
Bonobo pat,chr11_pat_hsa9,active,1.496,0.378
Bonobo pat,chr11_pat_hsa9,active,1.516,0.3815
Bonobo pat,chr11_pat_hsa9,active,1.524,0.376
Bonobo pat,chr11_pat_hsa9,active,1.54,0.379
Bonobo pat,chr11_pat_hsa9,active,1.5,0.3775
Bonobo pat,chr11_pat_hsa9,active,1.54,0.378
Bonobo pat,chr11_pat_hsa9,active,1.5,0.3825
Bonobo pat,chr11_pat_hsa9,active,1.508,0.3785
Bonobo pat,chr11_pat_hsa9,active,1.532,0.378
Bonobo pat,chr11_pat_hsa9,active,1.5,0.3745
Bonobo pat,chr11_pat_hsa9,active,1.508,0.3815
Bonobo pat,chr11_pat_hsa9,active,1.52,0.3765
Bonobo pat,chr11_pat_hsa9,active,1.568,0.3765
Bonobo pat,chr11_pat_hsa9,active,1.556,0.3745
Bonobo pat,chr11_pat_hsa9,active,1.544,0.3765
Bonobo pat,chr11_pat_hsa9,active,1.56,0.3755
Bonobo pat,chr11_pat_hsa9,active,1.584,0.377
Bonobo pat,chr11_pat_hsa9,active,1.584,0.3775
Bonobo pat,chr11_pat_hsa9,active,1.548,0.372
Bonobo pat,chr11_pat_hsa9,active,1.492,0.3805
Bonobo pat,chr11_pat_hsa9,active,1.532,0.377
Bonobo pat,chr11_pat_hsa9,active,1.612,0.37
Bonobo pat,chr11_pat_hsa9,active,1.528,0.375
Bonobo pat,chr11_pat_hsa9,active,1.56,0.376
Bonobo pat,chr11_pat_hsa9,active,1.572,0.373
Bonobo pat,chr11_pat_hsa9,active,1.652,0.3775
Bonobo pat,chr11_pat_hsa9,active,1.608,0.3715
Bonobo pat,chr11_pat_hsa9,active,1.556,0.377
Bonobo pat,chr11_pat_hsa9,active,1.58,0.372
Bonobo pat,chr11_pat_hsa9,active,1.58,0.376
Bonobo pat,chr11_pat_hsa9,active,1.56,0.3765
Bonobo pat,chr11_pat_hsa9,active,1.572,0.376
Bonobo pat,chr11_pat_hsa9,active,1.548,0.374
Bonobo pat,chr11_pat_hsa9,active,1.568,0.374
Bonobo pat,chr11_pat_hsa9,active,1.56,0.376
Bonobo pat,chr11_pat_hsa9,active,1.544,0.376
Bonobo pat,chr11_pat_hsa9,active,1.532,0.3745
Bonobo pat,chr11_pat_hsa9,active,1.552,0.3795
Bonobo pat,chr11_pat_hsa9,active,1.564,0.377
Bonobo pat,chr11_pat_hsa9,active,1.468,0.377
Bonobo pat,chr11_pat_hsa9,active,1.552,0.3785
Bonobo pat,chr11_pat_hsa9,active,1.512,0.378
Bonobo pat,chr11_pat_hsa9,active,1.6,0.37
Bonobo pat,chr11_pat_hsa9,active,1.532,0.3755
Bonobo pat,chr11_pat_hsa9,active,1.524,0.3715
Bonobo pat,chr11_pat_hsa9,active,1.552,0.3745
Bonobo pat,chr11_pat_hsa9,active,1.576,0.376
Bonobo pat,chr11_pat_hsa9,active,1.528,0.374
Bonobo pat,chr11_pat_hsa9,active,1.568,0.371
Bonobo pat,chr11_pat_hsa9,active,1.6,0.373
Bonobo pat,chr11_pat_hsa9,active,1.564,0.376
Bonobo pat,chr11_pat_hsa9,active,1.552,0.375
Bonobo pat,chr11_pat_hsa9,active,1.568,0.3745
Bonobo pat,chr11_pat_hsa9,active,1.576,0.3755
Bonobo pat,chr11_pat_hsa9,active,1.544,0.372
Bonobo pat,chr11_pat_hsa9,active,1.652,0.377
Bonobo pat,chr11_pat_hsa9,active,1.604,0.375
Bonobo pat,chr11_pat_hsa9,active,1.552,0.3755
Bonobo pat,chr11_pat_hsa9,active,1.46,0.381
Bonobo pat,chr11_pat_hsa9,active,1.552,0.375
Bonobo pat,chr11_pat_hsa9,active,1.58,0.379
Bonobo pat,chr11_pat_hsa9,active,1.532,0.378
Bonobo pat,chr11_pat_hsa9,active,1.476,0.378
Bonobo pat,chr11_pat_hsa9,active,1.464,0.3805
Bonobo pat,chr11_pat_hsa9,active,1.48,0.374
Bonobo pat,chr11_pat_hsa9,active,1.46,0.3795
Bonobo pat,chr11_pat_hsa9,active,1.492,0.376
Bonobo pat,chr11_pat_hsa9,active,1.472,0.3795
Bonobo pat,chr11_pat_hsa9,active,1.608,0.376
Bonobo pat,chr11_pat_hsa9,active,1.624,0.3755
Bonobo pat,chr11_pat_hsa9,active,1.632,0.3735
Bonobo pat,chr11_pat_hsa9,active,1.62,0.378
Bonobo pat,chr11_pat_hsa9,active,1.568,0.3765
Bonobo pat,chr11_pat_hsa9,active,1.544,0.374
Bonobo pat,chr11_pat_hsa9,active,1.536,0.3795
Bonobo pat,chr11_pat_hsa9,active,1.536,0.377
Bonobo pat,chr11_pat_hsa9,active,1.528,0.3775
Bonobo pat,chr11_pat_hsa9,active,1.532,0.3765
Bonobo pat,chr11_pat_hsa9,active,1.532,0.376
Bonobo pat,chr11_pat_hsa9,active,1.624,0.3725
Bonobo pat,chr11_pat_hsa9,active,1.584,0.373
Bonobo pat,chr11_pat_hsa9,active,1.544,0.3745
Bonobo pat,chr11_pat_hsa9,active,1.596,0.3755
Bonobo pat,chr11_pat_hsa9,active,1.5,0.376
Bonobo pat,chr11_pat_hsa9,active,1.548,0.3725
Bonobo pat,chr11_pat_hsa9,active,1.584,0.3775
Bonobo pat,chr11_pat_hsa9,active,1.524,0.374
Bonobo pat,chr11_pat_hsa9,active,1.568,0.3705
Bonobo pat,chr11_pat_hsa9,active,1.612,0.372
Bonobo pat,chr11_pat_hsa9,active,1.664,0.379
Bonobo pat,chr11_pat_hsa9,active,1.672,0.3755
Bonobo pat,chr11_pat_hsa9,active,1.632,0.376
Bonobo pat,chr11_pat_hsa9,active,1.424,0.378
Bonobo pat,chr11_pat_hsa9,active,1.516,0.3705
Bonobo pat,chr11_pat_hsa9,active,1.688,0.3785
Bonobo pat,chr11_pat_hsa9,active,1.596,0.376
Bonobo pat,chr11_pat_hsa9,active,1.552,0.374
Bonobo pat,chr11_pat_hsa9,active,1.592,0.375
Bonobo pat,chr11_pat_hsa9,active,1.636,0.3825
Bonobo pat,chr11_pat_hsa9,active,1.56,0.377
Bonobo pat,chr11_pat_hsa9,active,1.628,0.3835
Bonobo pat,chr11_pat_hsa9,active,1.58,0.3785
Bonobo pat,chr11_pat_hsa9,active,1.588,0.378
Bonobo pat,chr11_pat_hsa9,active,1.5,0.3755
Bonobo pat,chr11_pat_hsa9,active,1.536,0.3695
Bonobo pat,chr11_pat_hsa9,active,1.512,0.3725
Bonobo pat,chr11_pat_hsa9,active,1.596,0.372
Bonobo pat,chr11_pat_hsa9,active,1.496,0.372
Bonobo pat,chr11_pat_hsa9,active,1.528,0.378
Bonobo pat,chr11_pat_hsa9,active,1.556,0.374
Bonobo pat,chr11_pat_hsa9,active,1.464,0.3695
Bonobo pat,chr11_pat_hsa9,active,1.624,0.3755
Bonobo pat,chr11_pat_hsa9,active,1.608,0.374
Bonobo pat,chr11_pat_hsa9,active,1.668,0.3795
Bonobo pat,chr11_pat_hsa9,active,1.62,0.3735
Bonobo pat,chr11_pat_hsa9,active,1.656,0.3745
Bonobo pat,chr11_pat_hsa9,active,1.664,0.378
Bonobo pat,chr11_pat_hsa9,active,1.608,0.371
Bonobo pat,chr11_pat_hsa9,active,1.648,0.376
Bonobo pat,chr11_pat_hsa9,active,1.616,0.3745
Bonobo pat,chr11_pat_hsa9,active,1.624,0.372
Bonobo pat,chr11_pat_hsa9,active,1.688,0.3795
Bonobo pat,chr11_pat_hsa9,active,1.54,0.3765
Bonobo pat,chr11_pat_hsa9,active,1.576,0.3815
Bonobo pat,chr11_pat_hsa9,active,1.568,0.379
Bonobo pat,chr11_pat_hsa9,active,1.58,0.3755
Bonobo pat,chr11_pat_hsa9,active,1.584,0.383
Bonobo pat,chr11_pat_hsa9,active,1.536,0.3775
Bonobo pat,chr11_pat_hsa9,active,1.636,0.3775
Bonobo pat,chr11_pat_hsa9,active,1.4,0.378
Bonobo pat,chr11_pat_hsa9,active,1.576,0.3735
Bonobo pat,chr11_pat_hsa9,active,1.608,0.371
Bonobo pat,chr11_pat_hsa9,active,1.528,0.379
Bonobo pat,chr11_pat_hsa9,active,1.568,0.3735
Bonobo pat,chr11_pat_hsa9,active,1.512,0.3735
Bonobo pat,chr11_pat_hsa9,active,1.536,0.378
Bonobo pat,chr11_pat_hsa9,active,1.452,0.367
Bonobo pat,chr11_pat_hsa9,active,1.592,0.3755
Bonobo pat,chr11_pat_hsa9,active,1.56,0.3725
Bonobo pat,chr11_pat_hsa9,active,1.556,0.374
Bonobo pat,chr11_pat_hsa9,active,1.416,0.3715
Bonobo pat,chr11_pat_hsa9,active,1.656,0.374
Bonobo pat,chr11_pat_hsa9,active,1.58,0.3725
Bonobo pat,chr11_pat_hsa9,active,1.46,0.371
Bonobo pat,chr11_pat_hsa9,active,1.672,0.3735
Bonobo pat,chr11_pat_hsa9,active,1.528,0.374
Bonobo pat,chr11_pat_hsa9,active,1.616,0.376
Bonobo pat,chr11_pat_hsa9,active,1.648,0.3775
Bonobo pat,chr11_pat_hsa9,active,1.54,0.3755
Bonobo pat,chr11_pat_hsa9,active,1.516,0.3705
Bonobo pat,chr11_pat_hsa9,active,1.556,0.3745
Bonobo pat,chr11_pat_hsa9,active,1.596,0.377
Bonobo pat,chr11_pat_hsa9,active,1.604,0.3745
Bonobo pat,chr11_pat_hsa9,active,1.596,0.379
Bonobo pat,chr11_pat_hsa9,active,1.688,0.3765
Bonobo pat,chr11_pat_hsa9,active,1.612,0.3785
Bonobo pat,chr11_pat_hsa9,active,1.628,0.378
Bonobo pat,chr11_pat_hsa9,active,1.624,0.381
Bonobo pat,chr11_pat_hsa9,active,1.592,0.383
Bonobo pat,chr11_pat_hsa9,active,1.568,0.3795
Bonobo pat,chr11_pat_hsa9,active,1.652,0.376
Bonobo pat,chr11_pat_hsa9,active,1.568,0.378
Bonobo pat,chr11_pat_hsa9,active,1.672,0.3735
Bonobo pat,chr11_pat_hsa9,active,1.564,0.382
Bonobo pat,chr11_pat_hsa9,active,1.604,0.378
Bonobo pat,chr11_pat_hsa9,active,1.592,0.3745
Bonobo pat,chr11_pat_hsa9,active,1.592,0.382
Bonobo pat,chr11_pat_hsa9,active,1.676,0.3775
Bonobo pat,chr11_pat_hsa9,active,1.564,0.369
Bonobo pat,chr11_pat_hsa9,active,1.632,0.376
Bonobo pat,chr11_pat_hsa9,active,1.592,0.3775
Bonobo pat,chr11_pat_hsa9,active,1.572,0.3695
Bonobo pat,chr11_pat_hsa9,active,1.556,0.3815
Bonobo pat,chr11_pat_hsa9,active,1.66,0.3765
Bonobo pat,chr11_pat_hsa9,active,1.76,0.3715
Bonobo pat,chr11_pat_hsa9,active,1.712,0.3715
Bonobo pat,chr11_pat_hsa9,active,1.636,0.3795
Bonobo pat,chr11_pat_hsa9,active,1.62,0.377
Bonobo pat,chr11_pat_hsa9,active,1.564,0.3755
Bonobo pat,chr11_pat_hsa9,active,1.56,0.3725
Bonobo pat,chr11_pat_hsa9,active,1.66,0.3745
Bonobo pat,chr11_pat_hsa9,active,1.592,0.373
Bonobo pat,chr11_pat_hsa9,active,1.612,0.379
Bonobo pat,chr11_pat_hsa9,active,1.592,0.378
Bonobo pat,chr11_pat_hsa9,active,1.552,0.371
Bonobo pat,chr11_pat_hsa9,active,1.62,0.377
Bonobo pat,chr11_pat_hsa9,active,1.604,0.3745
Bonobo pat,chr11_pat_hsa9,active,1.588,0.3805
Bonobo pat,chr11_pat_hsa9,active,1.612,0.3755
Bonobo pat,chr11_pat_hsa9,active,1.592,0.3795
Bonobo pat,chr11_pat_hsa9,active,1.612,0.3775
Bonobo pat,chr11_pat_hsa9,active,1.52,0.373
Bonobo pat,chr11_pat_hsa9,active,1.64,0.376
Bonobo pat,chr11_pat_hsa9,active,1.588,0.3745
Bonobo pat,chr11_pat_hsa9,active,1.556,0.377
Bonobo pat,chr11_pat_hsa9,active,1.572,0.379
Bonobo pat,chr11_pat_hsa9,active,1.56,0.3785
Bonobo pat,chr11_pat_hsa9,active,1.548,0.3715
Bonobo pat,chr11_pat_hsa9,active,1.668,0.377
Bonobo pat,chr11_pat_hsa9,active,1.64,0.37
Bonobo pat,chr11_pat_hsa9,active,1.572,0.3715
Bonobo pat,chr11_pat_hsa9,active,1.688,0.376
Bonobo pat,chr11_pat_hsa9,active,1.632,0.375
Bonobo pat,chr11_pat_hsa9,active,1.652,0.374
Bonobo pat,chr11_pat_hsa9,active,1.632,0.3725
Bonobo pat,chr11_pat_hsa9,active,1.564,0.374
Bonobo pat,chr11_pat_hsa9,active,1.544,0.375
Bonobo pat,chr11_pat_hsa9,active,1.62,0.3805
Bonobo pat,chr11_pat_hsa9,active,1.592,0.377
Bonobo pat,chr11_pat_hsa9,active,1.656,0.373
Bonobo pat,chr11_pat_hsa9,active,1.596,0.379
Bonobo pat,chr11_pat_hsa9,active,1.684,0.38
Bonobo pat,chr11_pat_hsa9,active,1.584,0.378
Bonobo pat,chr11_pat_hsa9,active,1.648,0.3785
Bonobo pat,chr11_pat_hsa9,active,1.504,0.3705
Bonobo pat,chr11_pat_hsa9,active,1.588,0.3815
Bonobo pat,chr11_pat_hsa9,active,1.548,0.3745
Bonobo pat,chr11_pat_hsa9,active,1.6,0.383
Bonobo pat,chr11_pat_hsa9,active,1.648,0.3765
Bonobo pat,chr11_pat_hsa9,active,1.552,0.3825
Bonobo pat,chr11_pat_hsa9,active,1.644,0.3745
Bonobo pat,chr11_pat_hsa9,active,1.688,0.3755
Bonobo pat,chr11_pat_hsa9,active,1.612,0.375
Bonobo pat,chr11_pat_hsa9,active,1.628,0.3795
Bonobo pat,chr11_pat_hsa9,active,1.588,0.375
Bonobo pat,chr11_pat_hsa9,active,1.616,0.3825
Bonobo pat,chr11_pat_hsa9,active,1.596,0.3735
Bonobo pat,chr11_pat_hsa9,active,1.6,0.374
Bonobo pat,chr11_pat_hsa9,active,1.552,0.3825
Bonobo pat,chr11_pat_hsa9,active,1.572,0.3815
Bonobo pat,chr11_pat_hsa9,active,1.54,0.3765
Bonobo pat,chr11_pat_hsa9,active,1.564,0.383
Bonobo pat,chr11_pat_hsa9,active,1.576,0.383
Bonobo pat,chr11_pat_hsa9,active,1.552,0.383
Bonobo pat,chr11_pat_hsa9,active,1.572,0.38
Bonobo pat,chr11_pat_hsa9,active,1.504,0.3825
Bonobo pat,chr11_pat_hsa9,active,1.62,0.3855
Bonobo pat,chr11_pat_hsa9,active,1.508,0.3815
Bonobo pat,chr11_pat_hsa9,active,1.564,0.3825
Bonobo pat,chr11_pat_hsa9,active,1.536,0.3785
Bonobo pat,chr11_pat_hsa9,active,1.532,0.378
Bonobo pat,chr11_pat_hsa9,active,1.588,0.383
Bonobo pat,chr11_pat_hsa9,active,1.632,0.381
Bonobo pat,chr11_pat_hsa9,active,1.564,0.3825
Bonobo pat,chr11_pat_hsa9,active,1.516,0.383
Bonobo pat,chr11_pat_hsa9,active,1.628,0.381
Bonobo pat,chr11_pat_hsa9,active,1.648,0.3815
Bonobo pat,chr11_pat_hsa9,active,1.68,0.3735
Bonobo pat,chr11_pat_hsa9,active,1.58,0.3785
Bonobo pat,chr11_pat_hsa9,active,1.64,0.377
Bonobo pat,chr11_pat_hsa9,active,1.58,0.375
Bonobo pat,chr11_pat_hsa9,active,1.6,0.3765
Bonobo pat,chr11_pat_hsa9,active,1.588,0.374
Bonobo pat,chr11_pat_hsa9,active,1.604,0.3815
Bonobo pat,chr11_pat_hsa9,active,1.692,0.3735
Bonobo pat,chr11_pat_hsa9,active,1.7,0.37
Bonobo pat,chr11_pat_hsa9,active,1.636,0.3755
Bonobo pat,chr11_pat_hsa9,active,1.624,0.3735
Bonobo pat,chr11_pat_hsa9,active,1.664,0.3695
Bonobo pat,chr11_pat_hsa9,active,1.616,0.3725
Bonobo pat,chr11_pat_hsa9,active,1.628,0.373
Bonobo pat,chr11_pat_hsa9,active,1.644,0.373
Bonobo pat,chr11_pat_hsa9,active,1.588,0.376
Bonobo pat,chr11_pat_hsa9,active,1.58,0.3825
Bonobo pat,chr11_pat_hsa9,active,1.596,0.373
Bonobo pat,chr11_pat_hsa9,active,1.532,0.3815
Bonobo pat,chr11_pat_hsa9,active,1.544,0.382
Bonobo pat,chr11_pat_hsa9,active,1.596,0.3745
Bonobo pat,chr11_pat_hsa9,active,1.496,0.373
Bonobo pat,chr11_pat_hsa9,active,1.568,0.377
Bonobo pat,chr11_pat_hsa9,active,1.556,0.3815
Bonobo pat,chr11_pat_hsa9,active,1.588,0.378
Bonobo pat,chr11_pat_hsa9,active,1.592,0.381
Bonobo pat,chr11_pat_hsa9,active,1.572,0.3785
Bonobo pat,chr11_pat_hsa9,active,1.532,0.3795
Bonobo pat,chr11_pat_hsa9,active,1.572,0.375
Bonobo pat,chr11_pat_hsa9,active,1.604,0.3765
Bonobo pat,chr11_pat_hsa9,active,1.596,0.3785
Bonobo pat,chr11_pat_hsa9,active,1.576,0.378
Bonobo pat,chr11_pat_hsa9,active,1.656,0.376
Bonobo pat,chr11_pat_hsa9,active,1.472,0.3795
Bonobo pat,chr11_pat_hsa9,active,1.556,0.3765
Bonobo pat,chr11_pat_hsa9,active,1.64,0.374
Bonobo pat,chr11_pat_hsa9,active,1.684,0.377
Bonobo pat,chr11_pat_hsa9,active,1.432,0.3785
Bonobo pat,chr11_pat_hsa9,active,1.576,0.374
Bonobo pat,chr11_pat_hsa9,active,1.6,0.373
Bonobo pat,chr11_pat_hsa9,active,1.576,0.378
Bonobo pat,chr11_pat_hsa9,active,1.584,0.382
Bonobo pat,chr11_pat_hsa9,active,1.54,0.377
Bonobo pat,chr11_pat_hsa9,active,1.624,0.376
Bonobo pat,chr11_pat_hsa9,active,1.612,0.3775
Bonobo pat,chr11_pat_hsa9,active,1.6,0.3755
Bonobo pat,chr11_pat_hsa9,active,1.528,0.378
Bonobo pat,chr11_pat_hsa9,active,1.56,0.375
Bonobo pat,chr11_pat_hsa9,active,1.556,0.3855
Bonobo pat,chr11_pat_hsa9,active,1.524,0.3785
Bonobo pat,chr11_pat_hsa9,active,1.552,0.3755
Bonobo pat,chr11_pat_hsa9,active,1.604,0.3785
Bonobo pat,chr11_pat_hsa9,active,1.584,0.382
Bonobo pat,chr11_pat_hsa9,active,1.664,0.3695
Bonobo pat,chr11_pat_hsa9,active,1.612,0.3775
Bonobo pat,chr11_pat_hsa9,active,1.524,0.379
Bonobo pat,chr11_pat_hsa9,active,1.572,0.3775
Bonobo pat,chr11_pat_hsa9,active,1.552,0.3805
Bonobo pat,chr11_pat_hsa9,active,1.604,0.3765
Bonobo pat,chr11_pat_hsa9,active,1.528,0.3815
Bonobo pat,chr11_pat_hsa9,active,1.624,0.374
Bonobo pat,chr11_pat_hsa9,active,1.576,0.3815
Bonobo pat,chr11_pat_hsa9,active,1.564,0.375
Bonobo pat,chr11_pat_hsa9,active,1.584,0.377
Bonobo pat,chr11_pat_hsa9,active,1.552,0.3775
Bonobo pat,chr11_pat_hsa9,active,1.544,0.376
Bonobo pat,chr11_pat_hsa9,active,1.548,0.3825
Bonobo pat,chr11_pat_hsa9,active,1.632,0.379
Bonobo pat,chr11_pat_hsa9,active,1.54,0.3775
Bonobo pat,chr11_pat_hsa9,active,1.672,0.3745
Bonobo pat,chr11_pat_hsa9,active,1.612,0.376
Bonobo pat,chr11_pat_hsa9,active,1.596,0.378
Bonobo pat,chr11_pat_hsa9,active,1.548,0.3775
Bonobo pat,chr11_pat_hsa9,active,1.56,0.381
Bonobo pat,chr11_pat_hsa9,active,1.576,0.3775
Bonobo pat,chr11_pat_hsa9,active,1.564,0.375
Bonobo pat,chr11_pat_hsa9,active,1.596,0.3775
Bonobo pat,chr11_pat_hsa9,active,1.644,0.377
Bonobo pat,chr11_pat_hsa9,active,1.644,0.371
Bonobo pat,chr11_pat_hsa9,active,1.544,0.3745
Bonobo pat,chr11_pat_hsa9,active,1.588,0.3765
Bonobo pat,chr11_pat_hsa9,active,1.56,0.373
Bonobo pat,chr11_pat_hsa9,active,1.56,0.3735
Bonobo pat,chr11_pat_hsa9,active,1.568,0.3735
Bonobo pat,chr11_pat_hsa9,active,1.576,0.374
Bonobo pat,chr11_pat_hsa9,active,1.576,0.3705
Bonobo pat,chr11_pat_hsa9,active,1.568,0.3745
Bonobo pat,chr11_pat_hsa9,active,1.54,0.3715
Bonobo pat,chr11_pat_hsa9,active,1.588,0.374
Bonobo pat,chr11_pat_hsa9,active,1.584,0.3775
Bonobo pat,chr11_pat_hsa9,active,1.508,0.37
Bonobo pat,chr11_pat_hsa9,active,1.656,0.3715
Bonobo pat,chr11_pat_hsa9,active,1.644,0.3765
Bonobo pat,chr11_pat_hsa9,active,1.652,0.3775
Bonobo pat,chr11_pat_hsa9,active,1.608,0.373
Bonobo pat,chr11_pat_hsa9,active,1.584,0.3745
Bonobo pat,chr11_pat_hsa9,active,1.66,0.378
Bonobo pat,chr11_pat_hsa9,active,1.528,0.3765
Bonobo pat,chr11_pat_hsa9,active,1.6,0.376
Bonobo pat,chr11_pat_hsa9,active,1.564,0.3815
Bonobo pat,chr11_pat_hsa9,active,1.6,0.378
Bonobo pat,chr11_pat_hsa9,active,1.536,0.378
Bonobo pat,chr11_pat_hsa9,active,1.572,0.376
Bonobo pat,chr11_pat_hsa9,active,1.62,0.379
Bonobo pat,chr11_pat_hsa9,active,1.6,0.3825
Bonobo pat,chr11_pat_hsa9,active,1.516,0.3775
Bonobo pat,chr11_pat_hsa9,active,1.548,0.3785
Bonobo pat,chr11_pat_hsa9,active,1.616,0.3785
Bonobo pat,chr11_pat_hsa9,active,1.608,0.3745
Bonobo pat,chr11_pat_hsa9,active,1.644,0.378
Bonobo pat,chr11_pat_hsa9,active,1.612,0.376
Bonobo pat,chr11_pat_hsa9,active,1.588,0.373
Bonobo pat,chr11_pat_hsa9,active,1.556,0.379
Bonobo pat,chr11_pat_hsa9,active,1.584,0.377
Bonobo pat,chr11_pat_hsa9,active,1.612,0.3775
Bonobo pat,chr11_pat_hsa9,active,1.596,0.379
Bonobo pat,chr11_pat_hsa9,active,1.556,0.3785
Bonobo pat,chr11_pat_hsa9,active,1.576,0.3725
Bonobo pat,chr11_pat_hsa9,active,1.652,0.3765
Bonobo pat,chr11_pat_hsa9,active,1.596,0.374
Bonobo pat,chr11_pat_hsa9,active,1.612,0.374
Bonobo pat,chr11_pat_hsa9,active,1.588,0.3765
Bonobo pat,chr11_pat_hsa9,active,1.588,0.3755
Bonobo pat,chr11_pat_hsa9,active,1.604,0.374
Bonobo pat,chr11_pat_hsa9,active,1.56,0.377
Bonobo pat,chr11_pat_hsa9,active,1.612,0.3755
Bonobo pat,chr11_pat_hsa9,active,1.636,0.374
Bonobo pat,chr11_pat_hsa9,active,1.54,0.375
Bonobo pat,chr11_pat_hsa9,active,1.68,0.3765
Bonobo pat,chr11_pat_hsa9,active,1.62,0.3785
Bonobo pat,chr11_pat_hsa9,active,1.636,0.377
Bonobo pat,chr11_pat_hsa9,active,1.608,0.377
Bonobo pat,chr11_pat_hsa9,active,1.576,0.3805
Bonobo pat,chr11_pat_hsa9,active,1.616,0.374
Bonobo pat,chr11_pat_hsa9,active,1.62,0.379
Bonobo pat,chr11_pat_hsa9,active,1.592,0.3805
Bonobo pat,chr11_pat_hsa9,active,1.708,0.3745
Bonobo pat,chr11_pat_hsa9,active,1.66,0.3785
Bonobo pat,chr11_pat_hsa9,active,1.636,0.3775
Bonobo pat,chr11_pat_hsa9,active,1.632,0.3795
Bonobo pat,chr11_pat_hsa9,active,1.664,0.374
Bonobo pat,chr11_pat_hsa9,active,1.664,0.3765
Bonobo pat,chr11_pat_hsa9,active,1.596,0.3755
Bonobo pat,chr11_pat_hsa9,active,1.652,0.373
Bonobo pat,chr11_pat_hsa9,active,1.628,0.3735
Bonobo pat,chr11_pat_hsa9,active,1.54,0.3765
Bonobo pat,chr11_pat_hsa9,active,1.604,0.3755
Bonobo pat,chr11_pat_hsa9,active,1.684,0.371
Bonobo pat,chr11_pat_hsa9,active,1.612,0.3775
Bonobo pat,chr11_pat_hsa9,active,1.628,0.3775
Bonobo pat,chr11_pat_hsa9,active,1.748,0.377
Bonobo pat,chr11_pat_hsa9,active,1.632,0.376
Bonobo pat,chr11_pat_hsa9,active,1.604,0.376
Bonobo pat,chr11_pat_hsa9,active,1.548,0.3795
Bonobo pat,chr11_pat_hsa9,active,1.648,0.3775
Bonobo pat,chr11_pat_hsa9,active,1.632,0.378
Bonobo pat,chr11_pat_hsa9,active,1.604,0.373
Bonobo pat,chr11_pat_hsa9,active,1.736,0.3755
Bonobo pat,chr11_pat_hsa9,active,1.604,0.375
Bonobo pat,chr11_pat_hsa9,active,1.608,0.375
Bonobo pat,chr11_pat_hsa9,active,1.616,0.3785
Bonobo pat,chr11_pat_hsa9,active,1.66,0.3745
Bonobo pat,chr11_pat_hsa9,active,1.68,0.3765
Bonobo pat,chr11_pat_hsa9,active,1.588,0.3735
Bonobo pat,chr11_pat_hsa9,active,1.636,0.377
Bonobo pat,chr11_pat_hsa9,active,1.612,0.378
Bonobo pat,chr11_pat_hsa9,active,1.588,0.378
Bonobo pat,chr11_pat_hsa9,active,1.632,0.3775
Bonobo pat,chr11_pat_hsa9,active,1.672,0.3765
Bonobo pat,chr11_pat_hsa9,active,1.64,0.372
Bonobo pat,chr11_pat_hsa9,active,1.644,0.3785
Bonobo pat,chr11_pat_hsa9,active,1.716,0.374
Bonobo pat,chr11_pat_hsa9,active,1.66,0.373
Bonobo pat,chr11_pat_hsa9,active,1.644,0.3765
Bonobo pat,chr11_pat_hsa9,active,1.56,0.3765
Bonobo pat,chr11_pat_hsa9,active,1.648,0.3775
Bonobo pat,chr11_pat_hsa9,active,1.628,0.3775
Bonobo pat,chr11_pat_hsa9,active,1.632,0.3755
Bonobo pat,chr11_pat_hsa9,active,1.644,0.378
Bonobo pat,chr11_pat_hsa9,active,1.632,0.3725
Bonobo pat,chr11_pat_hsa9,active,1.532,0.378
Bonobo pat,chr11_pat_hsa9,active,1.592,0.374
Bonobo pat,chr11_pat_hsa9,active,1.592,0.374
Bonobo pat,chr11_pat_hsa9,active,1.56,0.374
Bonobo pat,chr11_pat_hsa9,active,1.604,0.3785
Bonobo pat,chr11_pat_hsa9,active,1.592,0.376
Bonobo pat,chr11_pat_hsa9,active,1.548,0.3765
Bonobo pat,chr11_pat_hsa9,active,1.584,0.3745
Bonobo pat,chr11_pat_hsa9,active,1.48,0.3715
Bonobo pat,chr11_pat_hsa9,active,1.596,0.375
Bonobo pat,chr11_pat_hsa9,active,1.592,0.376
Bonobo pat,chr11_pat_hsa9,active,1.596,0.377
Bonobo pat,chr11_pat_hsa9,active,1.584,0.3805
Bonobo pat,chr11_pat_hsa9,active,1.652,0.3765
Bonobo pat,chr11_pat_hsa9,active,1.596,0.375
Bonobo pat,chr11_pat_hsa9,active,1.672,0.373
Bonobo pat,chr11_pat_hsa9,active,1.572,0.375
Bonobo pat,chr11_pat_hsa9,active,1.652,0.3755
Bonobo pat,chr11_pat_hsa9,active,1.54,0.375
Bonobo pat,chr11_pat_hsa9,active,1.676,0.3755
Bonobo pat,chr11_pat_hsa9,active,1.696,0.3755
Bonobo pat,chr11_pat_hsa9,active,1.556,0.374
Bonobo pat,chr11_pat_hsa9,active,1.608,0.377
Bonobo pat,chr11_pat_hsa9,active,1.62,0.3775
Bonobo pat,chr11_pat_hsa9,active,1.568,0.381
Bonobo pat,chr11_pat_hsa9,active,1.72,0.3745
Bonobo pat,chr11_pat_hsa9,active,1.68,0.377
Bonobo pat,chr11_pat_hsa9,active,1.632,0.3755
Bonobo pat,chr11_pat_hsa9,active,1.584,0.375
Bonobo pat,chr11_pat_hsa9,active,1.56,0.3795
Bonobo pat,chr11_pat_hsa9,active,1.624,0.378
Bonobo pat,chr11_pat_hsa9,active,1.664,0.38
Bonobo pat,chr11_pat_hsa9,active,1.592,0.379
Bonobo pat,chr11_pat_hsa9,active,1.62,0.373
Bonobo pat,chr11_pat_hsa9,active,1.584,0.3775
Bonobo pat,chr11_pat_hsa9,active,1.556,0.384
Bonobo pat,chr11_pat_hsa9,active,1.704,0.3735
Bonobo pat,chr11_pat_hsa9,active,1.596,0.376
Bonobo pat,chr11_pat_hsa9,active,1.604,0.3765
Bonobo pat,chr11_pat_hsa9,active,1.592,0.375
Bonobo pat,chr11_pat_hsa9,active,1.66,0.3765
Bonobo pat,chr11_pat_hsa9,active,1.584,0.378
Bonobo pat,chr11_pat_hsa9,active,1.66,0.3735
Bonobo pat,chr11_pat_hsa9,active,1.616,0.377
Bonobo pat,chr11_pat_hsa9,active,1.628,0.3755
Bonobo pat,chr11_pat_hsa9,active,1.7,0.3735
Bonobo pat,chr11_pat_hsa9,active,1.604,0.377
Bonobo pat,chr11_pat_hsa9,active,1.644,0.377
Bonobo pat,chr11_pat_hsa9,active,1.592,0.3775
Bonobo pat,chr11_pat_hsa9,active,1.668,0.376
Bonobo pat,chr11_pat_hsa9,active,1.656,0.378
Bonobo pat,chr11_pat_hsa9,active,1.688,0.374
Bonobo pat,chr11_pat_hsa9,active,1.588,0.378
Bonobo pat,chr11_pat_hsa9,active,1.568,0.379
Bonobo pat,chr11_pat_hsa9,active,1.632,0.3815
Bonobo pat,chr11_pat_hsa9,active,1.548,0.3765
Bonobo pat,chr11_pat_hsa9,active,1.632,0.3775
Bonobo pat,chr11_pat_hsa9,active,1.584,0.3745
Bonobo pat,chr11_pat_hsa9,active,1.58,0.381
Bonobo pat,chr11_pat_hsa9,active,1.612,0.3745
Bonobo pat,chr11_pat_hsa9,active,1.564,0.3765
Bonobo pat,chr11_pat_hsa9,active,1.592,0.376
Bonobo pat,chr11_pat_hsa9,active,1.476,0.379
Bonobo pat,chr11_pat_hsa9,active,1.644,0.373
Bonobo pat,chr11_pat_hsa9,active,1.64,0.3785
Bonobo pat,chr11_pat_hsa9,active,1.544,0.3775
Bonobo pat,chr11_pat_hsa9,active,1.628,0.3785
Bonobo pat,chr11_pat_hsa9,active,1.524,0.3775
Bonobo pat,chr11_pat_hsa9,active,1.46,0.381
Bonobo pat,chr11_pat_hsa9,active,1.524,0.3775
Bonobo pat,chr11_pat_hsa9,active,1.516,0.3815
Bonobo pat,chr11_pat_hsa9,active,1.46,0.378
Bonobo pat,chr11_pat_hsa9,active,1.6,0.377
Bonobo pat,chr11_pat_hsa9,active,1.512,0.379
Bonobo pat,chr11_pat_hsa9,active,1.632,0.3755
Bonobo pat,chr11_pat_hsa9,active,1.652,0.379
Bonobo pat,chr11_pat_hsa9,active,1.68,0.374
Bonobo pat,chr11_pat_hsa9,active,1.504,0.3805
Bonobo pat,chr11_pat_hsa9,active,1.592,0.378
Bonobo pat,chr11_pat_hsa9,active,1.588,0.3745
Bonobo pat,chr11_pat_hsa9,active,1.604,0.377
Bonobo pat,chr11_pat_hsa9,active,1.684,0.374
Bonobo pat,chr11_pat_hsa9,active,1.616,0.3775
Bonobo pat,chr11_pat_hsa9,active,1.58,0.3825
Bonobo pat,chr11_pat_hsa9,active,1.696,0.376
Bonobo pat,chr11_pat_hsa9,active,1.704,0.3755
Bonobo pat,chr11_pat_hsa9,active,1.712,0.376
Bonobo pat,chr11_pat_hsa9,active,1.632,0.382
Bonobo pat,chr11_pat_hsa9,active,1.656,0.3735
Bonobo pat,chr11_pat_hsa9,active,1.628,0.3825
Bonobo pat,chr11_pat_hsa9,active,1.592,0.382
Bonobo pat,chr11_pat_hsa9,active,1.568,0.382
Bonobo pat,chr11_pat_hsa9,active,1.644,0.3805
Bonobo pat,chr11_pat_hsa9,active,1.568,0.3795
Bonobo pat,chr11_pat_hsa9,active,1.664,0.3735
Bonobo pat,chr11_pat_hsa9,active,1.624,0.3775
Bonobo pat,chr11_pat_hsa9,active,1.68,0.378
Bonobo pat,chr11_pat_hsa9,active,1.692,0.3715
Bonobo pat,chr11_pat_hsa9,active,1.628,0.3825
Bonobo pat,chr11_pat_hsa9,active,1.62,0.378
Bonobo pat,chr11_pat_hsa9,active,1.684,0.371
Bonobo pat,chr11_pat_hsa9,active,1.668,0.3745
Bonobo pat,chr11_pat_hsa9,active,1.7,0.3745
Bonobo pat,chr11_pat_hsa9,active,1.732,0.3745
Bonobo pat,chr11_pat_hsa9,active,1.46,0.3695
Bonobo pat,chr11_pat_hsa9,active,1.64,0.3785
Bonobo pat,chr11_pat_hsa9,active,1.556,0.3725
Bonobo pat,chr11_pat_hsa9,active,1.708,0.37
Bonobo pat,chr11_pat_hsa9,active,1.616,0.379
Bonobo pat,chr11_pat_hsa9,active,1.688,0.3725
Bonobo pat,chr11_pat_hsa9,active,1.652,0.3755
Bonobo pat,chr11_pat_hsa9,active,1.624,0.3775
Bonobo pat,chr11_pat_hsa9,active,1.656,0.3735
Bonobo pat,chr11_pat_hsa9,active,1.672,0.376
Bonobo pat,chr11_pat_hsa9,active,1.588,0.375
Bonobo pat,chr11_pat_hsa9,active,1.584,0.3755
Bonobo pat,chr11_pat_hsa9,active,1.676,0.377
Bonobo pat,chr11_pat_hsa9,active,1.588,0.3725
Bonobo pat,chr11_pat_hsa9,active,1.5,0.377
Bonobo pat,chr11_pat_hsa9,active,1.564,0.375
Bonobo pat,chr11_pat_hsa9,active,1.54,0.3725
Bonobo pat,chr11_pat_hsa9,active,1.5,0.3765
Bonobo pat,chr11_pat_hsa9,active,1.608,0.3735
Bonobo pat,chr11_pat_hsa9,active,1.584,0.373
Bonobo pat,chr11_pat_hsa9,active,1.544,0.374
Bonobo pat,chr11_pat_hsa9,active,1.608,0.3775
Bonobo pat,chr11_pat_hsa9,active,1.608,0.3775
Bonobo pat,chr11_pat_hsa9,active,1.564,0.376
Bonobo pat,chr11_pat_hsa9,active,1.588,0.375
Bonobo pat,chr11_pat_hsa9,active,1.608,0.3745
Bonobo pat,chr11_pat_hsa9,active,1.576,0.3775
Bonobo pat,chr11_pat_hsa9,active,1.584,0.373
Bonobo pat,chr11_pat_hsa9,active,1.548,0.376
Bonobo pat,chr11_pat_hsa9,active,1.58,0.3735
Bonobo pat,chr11_pat_hsa9,active,1.544,0.375
Bonobo pat,chr11_pat_hsa9,active,1.516,0.3735
Bonobo pat,chr11_pat_hsa9,active,1.624,0.3785
Bonobo pat,chr11_pat_hsa9,active,1.564,0.3725
Bonobo pat,chr11_pat_hsa9,active,1.644,0.375
Bonobo pat,chr11_pat_hsa9,active,1.548,0.374
Bonobo pat,chr11_pat_hsa9,active,1.556,0.3745
Bonobo pat,chr11_pat_hsa9,active,1.604,0.372
Bonobo pat,chr11_pat_hsa9,active,1.528,0.3785
Bonobo pat,chr11_pat_hsa9,active,1.548,0.3745
Bonobo pat,chr11_pat_hsa9,active,1.608,0.376
Bonobo pat,chr11_pat_hsa9,active,1.612,0.3775
Bonobo pat,chr11_pat_hsa9,active,1.536,0.37
Bonobo pat,chr11_pat_hsa9,active,1.504,0.376
Bonobo pat,chr11_pat_hsa9,active,1.548,0.374
Bonobo pat,chr11_pat_hsa9,active,1.628,0.376
Bonobo pat,chr11_pat_hsa9,active,1.588,0.3785
Bonobo pat,chr11_pat_hsa9,active,1.628,0.3745
Bonobo pat,chr11_pat_hsa9,active,1.544,0.3765
Bonobo pat,chr11_pat_hsa9,active,1.548,0.375
Bonobo pat,chr11_pat_hsa9,active,1.6,0.3725
Bonobo pat,chr11_pat_hsa9,active,1.564,0.3735
Bonobo pat,chr11_pat_hsa9,active,1.564,0.3745
Bonobo pat,chr11_pat_hsa9,active,1.584,0.3725
Bonobo pat,chr11_pat_hsa9,active,1.556,0.3755
Bonobo pat,chr11_pat_hsa9,active,1.572,0.377
Bonobo pat,chr11_pat_hsa9,active,1.5,0.373
Bonobo pat,chr11_pat_hsa9,active,1.604,0.371
Bonobo pat,chr11_pat_hsa9,active,1.568,0.374
Bonobo pat,chr11_pat_hsa9,active,1.596,0.3765
Bonobo pat,chr11_pat_hsa9,active,1.548,0.3715
Bonobo pat,chr11_pat_hsa9,active,1.556,0.3725
Bonobo pat,chr11_pat_hsa9,active,1.548,0.375
Bonobo pat,chr11_pat_hsa9,active,1.564,0.373
Bonobo pat,chr11_pat_hsa9,active,1.552,0.374
Bonobo pat,chr11_pat_hsa9,active,1.448,0.373
Bonobo pat,chr11_pat_hsa9,active,1.548,0.3745
Bonobo pat,chr11_pat_hsa9,active,1.564,0.373
Bonobo pat,chr11_pat_hsa9,active,1.58,0.374
Bonobo pat,chr11_pat_hsa9,active,1.528,0.37
Bonobo pat,chr11_pat_hsa9,active,1.576,0.3745
Bonobo pat,chr11_pat_hsa9,active,1.56,0.378
Bonobo pat,chr11_pat_hsa9,active,1.548,0.3735
Bonobo pat,chr11_pat_hsa9,active,1.588,0.374
Bonobo pat,chr11_pat_hsa9,active,1.56,0.374
Bonobo pat,chr11_pat_hsa9,active,1.544,0.373
Bonobo pat,chr11_pat_hsa9,active,1.504,0.373
Bonobo pat,chr11_pat_hsa9,active,1.548,0.374
Bonobo pat,chr11_pat_hsa9,active,1.54,0.375
Bonobo pat,chr11_pat_hsa9,active,1.556,0.3735
Bonobo pat,chr11_pat_hsa9,active,1.532,0.374
Bonobo pat,chr11_pat_hsa9,active,1.56,0.372
Bonobo pat,chr11_pat_hsa9,active,1.592,0.3755
Bonobo pat,chr11_pat_hsa9,active,1.556,0.373
Bonobo pat,chr11_pat_hsa9,active,1.576,0.3725
Bonobo pat,chr11_pat_hsa9,active,1.572,0.3735
Bonobo pat,chr11_pat_hsa9,active,1.572,0.3775
Bonobo pat,chr11_pat_hsa9,active,1.58,0.371
Bonobo pat,chr11_pat_hsa9,active,1.556,0.375
Bonobo pat,chr11_pat_hsa9,active,1.524,0.374
Bonobo pat,chr11_pat_hsa9,active,1.576,0.375
Bonobo pat,chr11_pat_hsa9,active,1.532,0.3715
Bonobo pat,chr11_pat_hsa9,active,1.54,0.374
Bonobo pat,chr11_pat_hsa9,active,1.572,0.3715
Bonobo pat,chr11_pat_hsa9,active,1.628,0.3765
Bonobo pat,chr11_pat_hsa9,active,1.516,0.3745
Bonobo pat,chr11_pat_hsa9,active,1.616,0.3795
Bonobo pat,chr11_pat_hsa9,active,1.6,0.3785
Bonobo pat,chr11_pat_hsa9,active,1.62,0.379
Bonobo pat,chr11_pat_hsa9,active,1.608,0.379
Bonobo pat,chr11_pat_hsa9,active,1.616,0.382
Bonobo pat,chr11_pat_hsa9,active,1.648,0.3735
Bonobo pat,chr11_pat_hsa9,active,1.568,0.3745
Bonobo pat,chr11_pat_hsa9,active,1.612,0.372
Bonobo pat,chr11_pat_hsa9,active,1.6,0.379
Bonobo pat,chr11_pat_hsa9,active,1.512,0.3805
Bonobo pat,chr11_pat_hsa9,active,1.644,0.3725
Bonobo pat,chr11_pat_hsa9,active,1.596,0.3775
Bonobo pat,chr11_pat_hsa9,active,1.552,0.3765
Bonobo pat,chr11_pat_hsa9,active,1.584,0.373
Bonobo pat,chr11_pat_hsa9,active,1.632,0.3765
Bonobo pat,chr11_pat_hsa9,active,1.576,0.3785
Bonobo pat,chr11_pat_hsa9,active,1.572,0.373
Bonobo pat,chr11_pat_hsa9,active,1.608,0.3775
Bonobo pat,chr11_pat_hsa9,active,1.576,0.377
Bonobo pat,chr11_pat_hsa9,active,1.62,0.3745
Bonobo pat,chr11_pat_hsa9,active,1.596,0.377
Bonobo pat,chr11_pat_hsa9,active,1.528,0.3765
Bonobo pat,chr11_pat_hsa9,active,1.584,0.3735
Bonobo pat,chr11_pat_hsa9,active,1.508,0.3745
Bonobo pat,chr11_pat_hsa9,active,1.572,0.3785
Bonobo pat,chr11_pat_hsa9,active,1.584,0.3735
Bonobo pat,chr11_pat_hsa9,active,1.524,0.3755
Bonobo pat,chr11_pat_hsa9,active,1.648,0.3815
Bonobo pat,chr11_pat_hsa9,active,1.632,0.377
Bonobo pat,chr11_pat_hsa9,active,1.584,0.376
Bonobo pat,chr11_pat_hsa9,active,1.608,0.3765
Bonobo pat,chr11_pat_hsa9,active,1.656,0.378
Bonobo pat,chr11_pat_hsa9,active,1.624,0.377
Bonobo pat,chr11_pat_hsa9,active,1.58,0.3715
Bonobo pat,chr11_pat_hsa9,active,1.544,0.377
Bonobo pat,chr11_pat_hsa9,active,1.628,0.3815
Bonobo pat,chr11_pat_hsa9,active,1.676,0.38
Bonobo pat,chr11_pat_hsa9,active,1.648,0.3745
Bonobo pat,chr11_pat_hsa9,active,1.636,0.379
Bonobo pat,chr11_pat_hsa9,active,1.684,0.376
Bonobo pat,chr11_pat_hsa9,active,1.6,0.3735
Bonobo pat,chr11_pat_hsa9,active,1.62,0.3735
Bonobo pat,chr11_pat_hsa9,active,1.616,0.3765
Bonobo pat,chr11_pat_hsa9,active,1.568,0.3745
Bonobo pat,chr11_pat_hsa9,active,1.56,0.375
Bonobo pat,chr11_pat_hsa9,active,1.58,0.376
Bonobo pat,chr11_pat_hsa9,active,1.644,0.369
Bonobo pat,chr11_pat_hsa9,active,1.548,0.3765
Bonobo pat,chr11_pat_hsa9,active,1.58,0.374
Bonobo pat,chr11_pat_hsa9,active,1.596,0.3755
Bonobo pat,chr11_pat_hsa9,active,1.56,0.378
Bonobo pat,chr11_pat_hsa9,active,1.552,0.374
Bonobo pat,chr11_pat_hsa9,active,1.688,0.3735
Bonobo pat,chr11_pat_hsa9,active,1.624,0.3755
Bonobo pat,chr11_pat_hsa9,active,1.676,0.371
Bonobo pat,chr11_pat_hsa9,active,1.54,0.376
Bonobo pat,chr11_pat_hsa9,active,1.568,0.3735
Bonobo pat,chr11_pat_hsa9,active,1.62,0.371
Bonobo pat,chr11_pat_hsa9,active,1.576,0.3755
Bonobo pat,chr11_pat_hsa9,active,1.568,0.371
Bonobo pat,chr11_pat_hsa9,active,1.612,0.3795
Bonobo pat,chr11_pat_hsa9,active,1.58,0.371
Bonobo pat,chr11_pat_hsa9,active,1.628,0.375
Bonobo pat,chr11_pat_hsa9,active,1.54,0.375
Bonobo pat,chr11_pat_hsa9,active,1.632,0.375
Bonobo pat,chr11_pat_hsa9,active,1.644,0.3745
Bonobo pat,chr11_pat_hsa9,active,1.608,0.374
Bonobo pat,chr11_pat_hsa9,active,1.584,0.3745
Bonobo pat,chr11_pat_hsa9,active,1.7,0.3745
Bonobo pat,chr11_pat_hsa9,active,1.656,0.3725
Bonobo pat,chr11_pat_hsa9,active,1.624,0.375
Bonobo pat,chr11_pat_hsa9,active,1.632,0.3725
Bonobo pat,chr11_pat_hsa9,active,1.552,0.378
Bonobo pat,chr11_pat_hsa9,active,1.636,0.3785
Bonobo pat,chr11_pat_hsa9,active,1.64,0.374
Bonobo pat,chr11_pat_hsa9,active,1.564,0.378
Bonobo pat,chr11_pat_hsa9,active,1.596,0.3835
Bonobo pat,chr11_pat_hsa9,active,1.604,0.376
Bonobo pat,chr11_pat_hsa9,active,1.572,0.3795
Bonobo pat,chr11_pat_hsa9,active,1.688,0.3775
Bonobo pat,chr11_pat_hsa9,active,1.576,0.375
Bonobo pat,chr11_pat_hsa9,active,1.556,0.3745
Bonobo pat,chr11_pat_hsa9,active,1.628,0.375
Bonobo pat,chr11_pat_hsa9,active,1.568,0.3735
Bonobo pat,chr11_pat_hsa9,active,1.596,0.3765
Bonobo pat,chr11_pat_hsa9,active,1.548,0.374
Bonobo pat,chr11_pat_hsa9,active,1.512,0.3795
Bonobo pat,chr11_pat_hsa9,active,1.536,0.377
Bonobo pat,chr11_pat_hsa9,active,1.6,0.3785
Bonobo pat,chr11_pat_hsa9,active,1.704,0.371
Bonobo pat,chr11_pat_hsa9,active,1.572,0.379
Bonobo pat,chr11_pat_hsa9,active,1.52,0.376
Bonobo pat,chr11_pat_hsa9,active,1.632,0.376
Bonobo pat,chr11_pat_hsa9,active,1.584,0.3775
Bonobo pat,chr11_pat_hsa9,active,1.592,0.378
Bonobo pat,chr11_pat_hsa9,active,1.608,0.376
Bonobo pat,chr11_pat_hsa9,active,1.604,0.3805
Bonobo pat,chr11_pat_hsa9,active,1.624,0.379
Bonobo pat,chr11_pat_hsa9,active,1.66,0.38
Bonobo pat,chr11_pat_hsa9,active,1.62,0.377
Bonobo pat,chr11_pat_hsa9,active,1.552,0.383
Bonobo pat,chr11_pat_hsa9,active,1.608,0.378
Bonobo pat,chr11_pat_hsa9,active,1.596,0.3785
Bonobo pat,chr11_pat_hsa9,active,1.652,0.3775
Bonobo pat,chr11_pat_hsa9,active,1.664,0.381
Bonobo pat,chr11_pat_hsa9,active,1.708,0.3775
Bonobo pat,chr11_pat_hsa9,active,1.608,0.3795
Bonobo pat,chr11_pat_hsa9,active,1.648,0.373
Bonobo pat,chr11_pat_hsa9,active,1.668,0.376
Bonobo pat,chr11_pat_hsa9,active,1.692,0.3755
Bonobo pat,chr11_pat_hsa9,active,1.608,0.3735
Bonobo pat,chr11_pat_hsa9,active,1.76,0.3725
Bonobo pat,chr11_pat_hsa9,active,1.588,0.3735
Bonobo pat,chr11_pat_hsa9,active,1.716,0.374
Bonobo pat,chr11_pat_hsa9,active,1.58,0.372
Bonobo pat,chr11_pat_hsa9,active,1.744,0.3725
Bonobo pat,chr11_pat_hsa9,active,1.632,0.3755
Bonobo pat,chr11_pat_hsa9,active,1.72,0.373
Bonobo pat,chr11_pat_hsa9,active,1.696,0.3735
Bonobo pat,chr11_pat_hsa9,active,1.704,0.3735
Bonobo pat,chr11_pat_hsa9,active,1.62,0.378
Bonobo pat,chr11_pat_hsa9,active,1.588,0.379
Bonobo pat,chr11_pat_hsa9,active,1.664,0.372
Bonobo pat,chr11_pat_hsa9,active,1.616,0.3745
Bonobo pat,chr11_pat_hsa9,active,1.628,0.3765
Bonobo pat,chr11_pat_hsa9,active,1.604,0.379
Bonobo pat,chr11_pat_hsa9,active,1.652,0.379
Bonobo pat,chr11_pat_hsa9,active,1.6,0.379
Bonobo pat,chr11_pat_hsa9,active,1.5,0.382
Bonobo pat,chr11_pat_hsa9,active,1.672,0.3755
Bonobo pat,chr11_pat_hsa9,active,1.648,0.3755
Bonobo pat,chr11_pat_hsa9,active,1.62,0.3805
Bonobo pat,chr11_pat_hsa9,active,1.596,0.3765
Bonobo pat,chr11_pat_hsa9,active,1.652,0.3785
Bonobo pat,chr11_pat_hsa9,active,1.508,0.379
Bonobo pat,chr11_pat_hsa9,active,1.616,0.3775
Bonobo pat,chr11_pat_hsa9,active,1.648,0.378
Bonobo pat,chr11_pat_hsa9,active,1.688,0.3745
Bonobo pat,chr11_pat_hsa9,active,1.608,0.378
Bonobo pat,chr11_pat_hsa9,active,1.656,0.3805
Bonobo pat,chr11_pat_hsa9,active,1.684,0.376
Bonobo pat,chr11_pat_hsa9,active,1.612,0.3795
Bonobo pat,chr11_pat_hsa9,active,1.74,0.3735
Bonobo pat,chr11_pat_hsa9,active,1.588,0.3795
Bonobo pat,chr11_pat_hsa9,active,1.636,0.375
Bonobo pat,chr11_pat_hsa9,active,1.62,0.381
Bonobo pat,chr11_pat_hsa9,active,1.644,0.3745
Bonobo pat,chr11_pat_hsa9,active,1.692,0.3785
Bonobo pat,chr11_pat_hsa9,active,1.612,0.3785
Bonobo pat,chr11_pat_hsa9,active,1.7,0.371
Bonobo pat,chr11_pat_hsa9,active,1.62,0.3805
Bonobo pat,chr11_pat_hsa9,active,1.644,0.3815
Bonobo pat,chr11_pat_hsa9,active,1.668,0.3725
Bonobo pat,chr11_pat_hsa9,active,1.688,0.376
Bonobo pat,chr11_pat_hsa9,active,1.668,0.3725
Bonobo pat,chr11_pat_hsa9,active,1.484,0.374
Bonobo pat,chr11_pat_hsa9,active,1.644,0.3755
Bonobo pat,chr11_pat_hsa9,active,1.7,0.3725
Bonobo pat,chr11_pat_hsa9,active,1.668,0.376
Bonobo pat,chr11_pat_hsa9,active,1.668,0.378
Bonobo pat,chr11_pat_hsa9,active,1.62,0.378
Bonobo pat,chr11_pat_hsa9,active,1.64,0.377
Bonobo pat,chr11_pat_hsa9,active,1.636,0.3755
Bonobo pat,chr11_pat_hsa9,active,1.616,0.373
Bonobo pat,chr11_pat_hsa9,active,1.636,0.376
Bonobo pat,chr11_pat_hsa9,active,1.568,0.3735
Bonobo pat,chr11_pat_hsa9,active,1.596,0.374
Bonobo pat,chr11_pat_hsa9,active,1.58,0.3745
Bonobo pat,chr11_pat_hsa9,active,1.532,0.3765
Bonobo pat,chr11_pat_hsa9,active,1.56,0.375
Bonobo pat,chr11_pat_hsa9,active,1.528,0.3725
Bonobo pat,chr11_pat_hsa9,active,1.568,0.3745
Bonobo pat,chr11_pat_hsa9,active,1.608,0.3775
Bonobo pat,chr11_pat_hsa9,active,1.572,0.3725
Bonobo pat,chr11_pat_hsa9,active,1.612,0.375
Bonobo pat,chr11_pat_hsa9,active,1.564,0.375
Bonobo pat,chr11_pat_hsa9,active,1.584,0.373
Bonobo pat,chr11_pat_hsa9,active,1.572,0.3735
Bonobo pat,chr11_pat_hsa9,active,1.552,0.3735
Bonobo pat,chr11_pat_hsa9,active,1.572,0.377
Bonobo pat,chr11_pat_hsa9,active,1.56,0.3745
Bonobo pat,chr11_pat_hsa9,active,1.584,0.3745
Bonobo pat,chr11_pat_hsa9,active,1.536,0.3745
Bonobo pat,chr11_pat_hsa9,active,1.576,0.3735
Bonobo pat,chr11_pat_hsa9,active,1.552,0.375
Bonobo pat,chr11_pat_hsa9,active,1.504,0.373
Bonobo pat,chr11_pat_hsa9,active,1.544,0.3735
Bonobo pat,chr11_pat_hsa9,active,1.564,0.3725
Bonobo pat,chr11_pat_hsa9,active,1.484,0.3775
Bonobo pat,chr11_pat_hsa9,active,1.572,0.374
Bonobo pat,chr11_pat_hsa9,active,1.556,0.375
Bonobo pat,chr11_pat_hsa9,active,1.584,0.3735
Bonobo pat,chr11_pat_hsa9,active,1.584,0.3735
Bonobo pat,chr11_pat_hsa9,active,1.532,0.3725
Bonobo pat,chr11_pat_hsa9,active,1.584,0.374
Bonobo pat,chr11_pat_hsa9,active,1.568,0.3735
Bonobo pat,chr11_pat_hsa9,active,1.528,0.372
Bonobo pat,chr11_pat_hsa9,active,1.596,0.373
Bonobo pat,chr11_pat_hsa9,active,1.6,0.374
Bonobo pat,chr11_pat_hsa9,active,1.588,0.3715
Bonobo pat,chr11_pat_hsa9,active,1.572,0.374
Bonobo pat,chr11_pat_hsa9,active,1.4,0.3695
Bonobo pat,chr11_pat_hsa9,active,1.564,0.374
Bonobo pat,chr11_pat_hsa9,active,1.572,0.375
Bonobo pat,chr11_pat_hsa9,active,1.628,0.3725
Bonobo pat,chr11_pat_hsa9,active,1.608,0.3695
Bonobo pat,chr11_pat_hsa9,active,1.612,0.3755
Bonobo pat,chr11_pat_hsa9,active,1.564,0.3745
Bonobo pat,chr11_pat_hsa9,active,1.532,0.3705
Bonobo pat,chr11_pat_hsa9,active,1.504,0.3725
Bonobo pat,chr11_pat_hsa9,active,1.568,0.374
Bonobo pat,chr11_pat_hsa9,active,1.556,0.37
Bonobo pat,chr11_pat_hsa9,active,1.66,0.3755
Bonobo pat,chr11_pat_hsa9,active,1.612,0.3725
Bonobo pat,chr11_pat_hsa9,active,1.484,0.3735
Bonobo pat,chr11_pat_hsa9,active,1.456,0.369
Bonobo pat,chr11_pat_hsa9,active,1.568,0.374
Bonobo pat,chr11_pat_hsa9,active,1.5,0.3745
Bonobo pat,chr11_pat_hsa9,active,1.58,0.374
Bonobo pat,chr11_pat_hsa9,active,1.512,0.3705
Bonobo pat,chr11_pat_hsa9,active,1.572,0.372
Bonobo pat,chr11_pat_hsa9,active,1.416,0.37
Bonobo pat,chr11_pat_hsa9,active,1.544,0.3735
Bonobo pat,chr11_pat_hsa9,active,1.468,0.369
Bonobo pat,chr11_pat_hsa9,active,1.572,0.373
Bonobo pat,chr11_pat_hsa9,active,1.596,0.3755
Bonobo pat,chr11_pat_hsa9,active,1.54,0.3725
Bonobo pat,chr11_pat_hsa9,active,1.388,0.371
Bonobo pat,chr11_pat_hsa9,active,1.596,0.379
Bonobo pat,chr11_pat_hsa9,active,1.548,0.376
Bonobo pat,chr11_pat_hsa9,active,1.532,0.373
Bonobo pat,chr11_pat_hsa9,active,1.608,0.372
Bonobo pat,chr11_pat_hsa9,active,1.58,0.373
Bonobo pat,chr11_pat_hsa9,active,1.568,0.373
Bonobo pat,chr11_pat_hsa9,active,1.56,0.375
Bonobo pat,chr11_pat_hsa9,active,1.472,0.369
Bonobo pat,chr11_pat_hsa9,active,1.456,0.374
Bonobo pat,chr11_pat_hsa9,active,1.588,0.375
Bonobo pat,chr11_pat_hsa9,active,1.552,0.3735
Bonobo pat,chr11_pat_hsa9,active,1.464,0.3715
Bonobo pat,chr11_pat_hsa9,active,1.556,0.376
Bonobo pat,chr11_pat_hsa9,active,1.528,0.378
Bonobo pat,chr11_pat_hsa9,active,1.556,0.3725
Bonobo pat,chr11_pat_hsa9,active,1.564,0.3715
Bonobo pat,chr11_pat_hsa9,active,1.576,0.373
Bonobo pat,chr11_pat_hsa9,active,1.572,0.3735
Bonobo pat,chr11_pat_hsa9,active,1.572,0.374
Bonobo pat,chr11_pat_hsa9,active,1.54,0.3735
Bonobo pat,chr11_pat_hsa9,active,1.404,0.3725
Bonobo pat,chr11_pat_hsa9,active,1.572,0.3755
Bonobo pat,chr11_pat_hsa9,active,1.524,0.374
Bonobo pat,chr11_pat_hsa9,active,1.572,0.373
Bonobo pat,chr11_pat_hsa9,active,1.584,0.3755
Bonobo pat,chr11_pat_hsa9,active,1.536,0.3775
Bonobo pat,chr11_pat_hsa9,active,1.572,0.374
Bonobo pat,chr11_pat_hsa9,active,1.564,0.375
Bonobo pat,chr11_pat_hsa9,active,1.572,0.38
Bonobo pat,chr11_pat_hsa9,active,1.54,0.3745
Bonobo pat,chr11_pat_hsa9,active,1.544,0.375
Bonobo pat,chr11_pat_hsa9,active,1.588,0.377
Bonobo pat,chr11_pat_hsa9,active,1.536,0.3775
Bonobo pat,chr11_pat_hsa9,active,1.548,0.378
Bonobo pat,chr11_pat_hsa9,active,1.476,0.371
Bonobo pat,chr11_pat_hsa9,active,1.544,0.3795
Bonobo pat,chr11_pat_hsa9,active,1.588,0.3725
Bonobo pat,chr11_pat_hsa9,active,1.552,0.374
Bonobo pat,chr11_pat_hsa9,active,1.536,0.373
Bonobo pat,chr11_pat_hsa9,active,1.54,0.375
Bonobo pat,chr11_pat_hsa9,active,1.384,0.3725
Bonobo pat,chr11_pat_hsa9,active,1.636,0.3735
Bonobo pat,chr11_pat_hsa9,active,1.436,0.372
Bonobo pat,chr11_pat_hsa9,active,1.676,0.3785
Bonobo pat,chr11_pat_hsa9,active,1.524,0.368
Bonobo pat,chr11_pat_hsa9,active,1.628,0.374
Bonobo pat,chr11_pat_hsa9,active,1.676,0.376
Bonobo pat,chr11_pat_hsa9,active,1.624,0.3735
Bonobo pat,chr11_pat_hsa9,active,1.568,0.375
Bonobo pat,chr11_pat_hsa9,active,1.636,0.374
Bonobo pat,chr11_pat_hsa9,active,1.64,0.3765
Bonobo pat,chr11_pat_hsa9,active,1.664,0.3715
Bonobo pat,chr11_pat_hsa9,active,1.7,0.3765
Bonobo pat,chr11_pat_hsa9,active,1.608,0.373
Bonobo pat,chr11_pat_hsa9,active,1.68,0.3725
Bonobo pat,chr11_pat_hsa9,active,1.64,0.3765
Bonobo pat,chr11_pat_hsa9,active,1.56,0.3715
Bonobo pat,chr11_pat_hsa9,active,1.604,0.3695
Bonobo pat,chr11_pat_hsa9,active,1.684,0.379
Bonobo pat,chr11_pat_hsa9,active,1.564,0.378
Bonobo pat,chr11_pat_hsa9,active,1.64,0.371
Bonobo pat,chr11_pat_hsa9,active,1.724,0.3755
Bonobo pat,chr11_pat_hsa9,active,1.656,0.3745
Bonobo pat,chr11_pat_hsa9,active,1.604,0.3775
Bonobo pat,chr11_pat_hsa9,active,1.644,0.3755
Bonobo pat,chr11_pat_hsa9,active,1.684,0.377
Bonobo pat,chr11_pat_hsa9,active,1.672,0.374
Bonobo pat,chr11_pat_hsa9,active,1.672,0.379
Bonobo pat,chr11_pat_hsa9,active,1.732,0.373
Bonobo pat,chr11_pat_hsa9,active,1.764,0.379
Bonobo pat,chr11_pat_hsa9,active,1.72,0.3765
Bonobo pat,chr11_pat_hsa9,active,1.7,0.374
Bonobo pat,chr11_pat_hsa9,active,1.632,0.3755
Bonobo pat,chr11_pat_hsa9,active,1.676,0.3725
Bonobo pat,chr11_pat_hsa9,active,1.644,0.3745
Bonobo pat,chr11_pat_hsa9,active,1.624,0.3755
Bonobo pat,chr11_pat_hsa9,active,1.732,0.3765
Bonobo pat,chr11_pat_hsa9,active,1.68,0.3715
Bonobo pat,chr11_pat_hsa9,active,1.596,0.368
Bonobo pat,chr11_pat_hsa9,active,1.732,0.3765
Bonobo pat,chr11_pat_hsa9,active,1.7,0.3725
Bonobo pat,chr11_pat_hsa9,active,1.676,0.372
Bonobo pat,chr11_pat_hsa9,active,1.704,0.3745
Bonobo pat,chr11_pat_hsa9,active,1.884,0.3785
Bonobo pat,chr11_pat_hsa9,active,1.876,0.377
Bonobo pat,chr11_pat_hsa9,active,2.06,0.376
Bonobo pat,chr11_pat_hsa9,active,2.04,0.38
Bonobo pat,chr11_pat_hsa9,active,1.868,0.38
Bonobo pat,chr11_pat_hsa9,active,1.888,0.3745
Bonobo pat,chr11_pat_hsa9,active,2.056,0.378
Bonobo pat,chr11_pat_hsa9,active,1.996,0.378
Bonobo pat,chr11_pat_hsa9,active,1.996,0.383
Bonobo pat,chr11_pat_hsa9,active,2.04,0.3765
Bonobo pat,chr11_pat_hsa9,active,2.032,0.379
Bonobo pat,chr11_pat_hsa9,active,1.972,0.3815
Bonobo pat,chr11_pat_hsa9,active,2.044,0.38
Bonobo pat,chr11_pat_hsa9,active,1.992,0.3835
Bonobo pat,chr11_pat_hsa9,active,2.008,0.3785
Bonobo pat,chr11_pat_hsa9,active,2.044,0.3815
Bonobo pat,chr11_pat_hsa9,active,2.004,0.382
Bonobo pat,chr11_pat_hsa9,active,2.012,0.379
Bonobo pat,chr11_pat_hsa9,active,2.044,0.3805
Bonobo pat,chr11_pat_hsa9,active,2.012,0.377
Bonobo pat,chr11_pat_hsa9,active,2.036,0.3805
Bonobo pat,chr11_pat_hsa9,active,2.004,0.3825
Bonobo pat,chr11_pat_hsa9,active,2.012,0.376
Bonobo pat,chr11_pat_hsa9,active,2.02,0.3795
Bonobo pat,chr11_pat_hsa9,active,1.984,0.382
Bonobo pat,chr11_pat_hsa9,active,2.06,0.379
Bonobo pat,chr11_pat_hsa9,active,2.008,0.379
Bonobo pat,chr11_pat_hsa9,active,2.004,0.3815
Bonobo pat,chr11_pat_hsa9,active,2.072,0.379
Bonobo pat,chr11_pat_hsa9,active,2.0,0.3825
Bonobo pat,chr11_pat_hsa9,active,2.008,0.3785
Bonobo pat,chr11_pat_hsa9,active,2.048,0.3775
Bonobo pat,chr11_pat_hsa9,active,1.988,0.3795
Bonobo pat,chr11_pat_hsa9,active,2.024,0.3805
Bonobo pat,chr11_pat_hsa9,active,2.016,0.382
Bonobo pat,chr11_pat_hsa9,active,2.052,0.378
Bonobo pat,chr11_pat_hsa9,active,2.032,0.38
Bonobo pat,chr11_pat_hsa9,active,1.984,0.3825
Bonobo pat,chr11_pat_hsa9,active,2.008,0.375
Bonobo pat,chr11_pat_hsa9,active,2.032,0.381
Bonobo pat,chr11_pat_hsa9,active,1.96,0.382
Bonobo pat,chr11_pat_hsa9,active,2.072,0.3775
Bonobo pat,chr11_pat_hsa9,active,1.992,0.3825
Bonobo pat,chr11_pat_hsa9,active,1.996,0.38
Bonobo pat,chr11_pat_hsa9,active,2.072,0.3785
Bonobo pat,chr11_pat_hsa9,active,2.004,0.3825
Bonobo pat,chr11_pat_hsa9,active,2.016,0.3785
Bonobo pat,chr11_pat_hsa9,active,2.04,0.38
Bonobo pat,chr11_pat_hsa9,active,2.012,0.3775
Bonobo pat,chr11_pat_hsa9,active,2.048,0.3795
Bonobo pat,chr11_pat_hsa9,active,2.012,0.3825
Bonobo pat,chr11_pat_hsa9,active,2.0,0.383
Bonobo pat,chr11_pat_hsa9,active,2.068,0.378
Bonobo pat,chr11_pat_hsa9,active,1.988,0.383
Bonobo pat,chr11_pat_hsa9,active,2.008,0.379
Bonobo pat,chr11_pat_hsa9,active,2.04,0.378
Bonobo pat,chr11_pat_hsa9,active,1.996,0.3785
Bonobo pat,chr11_pat_hsa9,active,2.036,0.3805
Bonobo pat,chr11_pat_hsa9,active,2.02,0.383
Bonobo pat,chr11_pat_hsa9,active,2.06,0.377
Bonobo pat,chr11_pat_hsa9,active,2.04,0.3805
Bonobo pat,chr11_pat_hsa9,active,2.0,0.3815
Bonobo pat,chr11_pat_hsa9,active,2.004,0.3765
Bonobo pat,chr11_pat_hsa9,active,2.016,0.3785
Bonobo pat,chr11_pat_hsa9,active,2.0,0.382
Bonobo pat,chr11_pat_hsa9,active,2.032,0.378
Bonobo pat,chr11_pat_hsa9,active,1.988,0.3785
Bonobo pat,chr11_pat_hsa9,active,1.976,0.3845
Bonobo pat,chr11_pat_hsa9,active,2.02,0.3795
Bonobo pat,chr11_pat_hsa9,active,1.948,0.3825
Bonobo pat,chr11_pat_hsa9,active,1.876,0.3725
Bonobo pat,chr11_pat_hsa9,active,1.98,0.3815
Bonobo pat,chr11_pat_hsa9,active,2.08,0.379
Bonobo pat,chr11_pat_hsa9,active,2.024,0.38
Bonobo pat,chr11_pat_hsa9,active,1.972,0.3815
Bonobo pat,chr11_pat_hsa9,active,2.076,0.3775
Bonobo pat,chr11_pat_hsa9,active,1.912,0.383
Bonobo pat,chr11_pat_hsa9,active,1.732,0.377
Bonobo pat,chr11_pat_hsa9,active,1.988,0.3815
Bonobo pat,chr11_pat_hsa9,active,2.016,0.377
Bonobo pat,chr11_pat_hsa9,active,2.008,0.3805
Bonobo pat,chr11_pat_hsa9,active,1.964,0.3795
Bonobo pat,chr11_pat_hsa9,active,2.064,0.379
Bonobo pat,chr11_pat_hsa9,active,2.016,0.3795
Bonobo pat,chr11_pat_hsa9,active,1.98,0.3815
Bonobo pat,chr11_pat_hsa9,active,2.084,0.3805
Bonobo pat,chr11_pat_hsa9,active,1.988,0.3835
Bonobo pat,chr11_pat_hsa9,active,2.016,0.379
Bonobo pat,chr11_pat_hsa9,active,2.06,0.379
Bonobo pat,chr11_pat_hsa9,active,1.972,0.3815
Bonobo pat,chr11_pat_hsa9,active,2.024,0.3825
Bonobo pat,chr11_pat_hsa9,active,2.048,0.378
Bonobo pat,chr11_pat_hsa9,active,2.052,0.368
Bonobo pat,chr11_pat_hsa9,active,1.948,0.36
Bonobo pat,chr11_pat_hsa9,active,1.832,0.3685
Bonobo pat,chr11_pat_hsa9,active,1.9,0.3595
Bonobo pat,chr11_pat_hsa9,active,1.94,0.362
Bonobo pat,chr11_pat_hsa9,inactive,1.86,0.3645
Bonobo pat,chr11_pat_hsa9,inactive,1.932,0.374
Bonobo pat,chr11_pat_hsa9,inactive,1.932,0.363
Bonobo pat,chr11_pat_hsa9,inactive,1.988,0.3685
Bonobo pat,chr11_pat_hsa9,inactive,1.844,0.358
Bonobo pat,chr11_pat_hsa9,inactive,1.924,0.357
Bonobo pat,chr11_pat_hsa9,inactive,1.876,0.3565
Bonobo pat,chr11_pat_hsa9,inactive,1.936,0.3555
Bonobo pat,chr11_pat_hsa9,inactive,1.908,0.367
Bonobo pat,chr11_pat_hsa9,inactive,1.86,0.3585
Bonobo pat,chr15_pat_hsa14,inactive,1.824,0.3725
Bonobo pat,chr15_pat_hsa14,inactive,1.832,0.373
Bonobo pat,chr15_pat_hsa14,inactive,1.88,0.369
Bonobo pat,chr15_pat_hsa14,inactive,1.816,0.368
Bonobo pat,chr15_pat_hsa14,inactive,1.804,0.3665
Bonobo pat,chr15_pat_hsa14,inactive,1.816,0.371
Bonobo pat,chr15_pat_hsa14,inactive,1.864,0.3735
Bonobo pat,chr15_pat_hsa14,inactive,1.876,0.3755
Bonobo pat,chr15_pat_hsa14,inactive,1.812,0.372
Bonobo pat,chr15_pat_hsa14,inactive,1.768,0.3735
Bonobo pat,chr15_pat_hsa14,inactive,1.848,0.3755
Bonobo pat,chr15_pat_hsa14,inactive,1.856,0.373
Bonobo pat,chr15_pat_hsa14,inactive,1.856,0.3755
Bonobo pat,chr15_pat_hsa14,inactive,1.9,0.375
Bonobo pat,chr15_pat_hsa14,inactive,1.864,0.3755
Bonobo pat,chr15_pat_hsa14,inactive,1.848,0.3725
Bonobo pat,chr15_pat_hsa14,inactive,1.88,0.374
Bonobo pat,chr15_pat_hsa14,inactive,1.784,0.37
Bonobo pat,chr15_pat_hsa14,inactive,1.852,0.3725
Bonobo pat,chr15_pat_hsa14,inactive,1.872,0.3765
Bonobo pat,chr15_pat_hsa14,inactive,1.82,0.3705
Bonobo pat,chr15_pat_hsa14,inactive,1.848,0.3725
Bonobo pat,chr15_pat_hsa14,inactive,1.82,0.372
Bonobo pat,chr15_pat_hsa14,inactive,1.86,0.3715
Bonobo pat,chr15_pat_hsa14,inactive,1.86,0.3695
Bonobo pat,chr15_pat_hsa14,inactive,1.892,0.3735
Bonobo pat,chr15_pat_hsa14,inactive,1.856,0.374
Bonobo pat,chr15_pat_hsa14,inactive,1.84,0.372
Bonobo pat,chr15_pat_hsa14,inactive,1.82,0.371
Bonobo pat,chr15_pat_hsa14,inactive,1.852,0.3735
Bonobo pat,chr15_pat_hsa14,inactive,1.86,0.3705
Bonobo pat,chr15_pat_hsa14,inactive,1.828,0.376
Bonobo pat,chr15_pat_hsa14,inactive,1.892,0.367
Bonobo pat,chr15_pat_hsa14,inactive,1.86,0.369
Bonobo pat,chr15_pat_hsa14,inactive,1.864,0.371
Bonobo pat,chr15_pat_hsa14,inactive,1.852,0.3745
Bonobo pat,chr15_pat_hsa14,inactive,1.848,0.3685
Bonobo pat,chr15_pat_hsa14,inactive,1.864,0.3715
Bonobo pat,chr15_pat_hsa14,inactive,1.856,0.369
Bonobo pat,chr15_pat_hsa14,inactive,1.832,0.369
Bonobo pat,chr15_pat_hsa14,inactive,1.876,0.3685
Bonobo pat,chr15_pat_hsa14,inactive,1.86,0.372
Bonobo pat,chr15_pat_hsa14,inactive,1.848,0.368
Bonobo pat,chr15_pat_hsa14,inactive,1.888,0.372
Bonobo pat,chr15_pat_hsa14,inactive,1.812,0.3685
Bonobo pat,chr15_pat_hsa14,inactive,1.804,0.366
Bonobo pat,chr15_pat_hsa14,inactive,1.844,0.3675
Bonobo pat,chr15_pat_hsa14,inactive,1.82,0.373
Bonobo pat,chr15_pat_hsa14,inactive,1.876,0.3695
Bonobo pat,chr15_pat_hsa14,inactive,1.844,0.3695
Bonobo pat,chr15_pat_hsa14,inactive,1.82,0.369
Bonobo pat,chr15_pat_hsa14,inactive,1.828,0.367
Bonobo pat,chr15_pat_hsa14,inactive,1.832,0.3665
Bonobo pat,chr15_pat_hsa14,inactive,1.816,0.3705
Bonobo pat,chr15_pat_hsa14,inactive,1.876,0.3705
Bonobo pat,chr15_pat_hsa14,inactive,1.844,0.3685
Bonobo pat,chr15_pat_hsa14,inactive,1.844,0.37
Bonobo pat,chr15_pat_hsa14,inactive,1.848,0.3685
Bonobo pat,chr15_pat_hsa14,inactive,1.816,0.3695
Bonobo pat,chr15_pat_hsa14,inactive,1.856,0.368
Bonobo pat,chr15_pat_hsa14,inactive,1.88,0.3695
Bonobo pat,chr15_pat_hsa14,inactive,1.872,0.3725
Bonobo pat,chr15_pat_hsa14,inactive,1.828,0.3715
Bonobo pat,chr15_pat_hsa14,inactive,1.836,0.368
Bonobo pat,chr15_pat_hsa14,inactive,1.804,0.37
Bonobo pat,chr15_pat_hsa14,inactive,1.844,0.367
Bonobo pat,chr15_pat_hsa14,inactive,1.852,0.372
Bonobo pat,chr15_pat_hsa14,inactive,1.848,0.369
Bonobo pat,chr15_pat_hsa14,inactive,1.836,0.3675
Bonobo pat,chr15_pat_hsa14,inactive,1.816,0.3695
Bonobo pat,chr15_pat_hsa14,inactive,1.82,0.3675
Bonobo pat,chr15_pat_hsa14,inactive,1.896,0.368
Bonobo pat,chr15_pat_hsa14,inactive,1.856,0.3735
Bonobo pat,chr15_pat_hsa14,inactive,1.916,0.368
Bonobo pat,chr15_pat_hsa14,inactive,1.856,0.371
Bonobo pat,chr15_pat_hsa14,inactive,1.872,0.3695
Bonobo pat,chr15_pat_hsa14,inactive,1.832,0.369
Bonobo pat,chr15_pat_hsa14,inactive,1.82,0.3695
Bonobo pat,chr15_pat_hsa14,inactive,1.836,0.3705
Bonobo pat,chr15_pat_hsa14,inactive,1.876,0.366
Bonobo pat,chr15_pat_hsa14,inactive,1.904,0.3705
Bonobo pat,chr15_pat_hsa14,inactive,1.836,0.3705
Bonobo pat,chr15_pat_hsa14,inactive,1.848,0.3715
Bonobo pat,chr15_pat_hsa14,inactive,1.82,0.3695
Bonobo pat,chr15_pat_hsa14,inactive,1.88,0.368
Bonobo pat,chr15_pat_hsa14,inactive,1.836,0.37
Bonobo pat,chr15_pat_hsa14,inactive,1.876,0.368
Bonobo pat,chr15_pat_hsa14,inactive,1.78,0.3675
Bonobo pat,chr15_pat_hsa14,inactive,1.792,0.3715
Bonobo pat,chr15_pat_hsa14,inactive,1.816,0.3665
Bonobo pat,chr15_pat_hsa14,inactive,1.792,0.3695
Bonobo pat,chr15_pat_hsa14,inactive,1.86,0.3685
Bonobo pat,chr15_pat_hsa14,inactive,1.868,0.3665
Bonobo pat,chr15_pat_hsa14,inactive,1.696,0.3695
Bonobo pat,chr15_pat_hsa14,inactive,1.808,0.368
Bonobo pat,chr15_pat_hsa14,inactive,1.84,0.372
Bonobo pat,chr15_pat_hsa14,inactive,1.832,0.367
Bonobo pat,chr15_pat_hsa14,inactive,1.788,0.366
Bonobo pat,chr15_pat_hsa14,inactive,1.78,0.3665
Bonobo pat,chr15_pat_hsa14,inactive,1.804,0.3685
Bonobo pat,chr15_pat_hsa14,inactive,1.832,0.373
Bonobo pat,chr15_pat_hsa14,inactive,1.832,0.367
Bonobo pat,chr15_pat_hsa14,inactive,1.824,0.372
Bonobo pat,chr15_pat_hsa14,inactive,1.796,0.3695
Bonobo pat,chr15_pat_hsa14,inactive,1.792,0.3685
Bonobo pat,chr15_pat_hsa14,inactive,1.844,0.3705
Bonobo pat,chr15_pat_hsa14,inactive,1.82,0.3735
Bonobo pat,chr15_pat_hsa14,inactive,1.784,0.3725
Bonobo pat,chr15_pat_hsa14,inactive,1.8,0.371
Bonobo pat,chr15_pat_hsa14,inactive,1.792,0.3725
Bonobo pat,chr15_pat_hsa14,inactive,1.784,0.3675
Bonobo pat,chr15_pat_hsa14,inactive,1.796,0.3745
Bonobo pat,chr15_pat_hsa14,inactive,1.792,0.375
Bonobo pat,chr15_pat_hsa14,inactive,1.792,0.374
Bonobo pat,chr15_pat_hsa14,inactive,1.804,0.3725
Bonobo pat,chr15_pat_hsa14,inactive,1.804,0.373
Bonobo pat,chr15_pat_hsa14,inactive,1.772,0.371
Bonobo pat,chr15_pat_hsa14,inactive,1.836,0.368
Bonobo pat,chr15_pat_hsa14,inactive,1.772,0.3735
Bonobo pat,chr15_pat_hsa14,inactive,1.788,0.3705
Bonobo pat,chr15_pat_hsa14,inactive,1.76,0.3695
Bonobo pat,chr15_pat_hsa14,inactive,1.808,0.369
Bonobo pat,chr15_pat_hsa14,inactive,1.804,0.3685
Bonobo pat,chr15_pat_hsa14,inactive,1.78,0.3725
Bonobo pat,chr15_pat_hsa14,inactive,1.796,0.3715
Bonobo pat,chr15_pat_hsa14,inactive,1.768,0.368
Bonobo pat,chr15_pat_hsa14,inactive,1.804,0.3725
Bonobo pat,chr15_pat_hsa14,inactive,1.8,0.37
Bonobo pat,chr15_pat_hsa14,inactive,1.828,0.37
Bonobo pat,chr15_pat_hsa14,inactive,1.78,0.373
Bonobo pat,chr15_pat_hsa14,inactive,1.796,0.371
Bonobo pat,chr15_pat_hsa14,inactive,1.764,0.3685
Bonobo pat,chr15_pat_hsa14,inactive,1.76,0.3685
Bonobo pat,chr15_pat_hsa14,inactive,1.816,0.368
Bonobo pat,chr15_pat_hsa14,inactive,1.788,0.3725
Bonobo pat,chr15_pat_hsa14,inactive,1.808,0.3715
Bonobo pat,chr15_pat_hsa14,inactive,1.78,0.372
Bonobo pat,chr15_pat_hsa14,inactive,1.8,0.3705
Bonobo pat,chr15_pat_hsa14,inactive,1.768,0.37
Bonobo pat,chr15_pat_hsa14,inactive,1.812,0.369
Bonobo pat,chr15_pat_hsa14,inactive,1.824,0.372
Bonobo pat,chr15_pat_hsa14,inactive,1.78,0.371
Bonobo pat,chr15_pat_hsa14,inactive,1.8,0.3715
Bonobo pat,chr15_pat_hsa14,inactive,1.78,0.3695
Bonobo pat,chr15_pat_hsa14,inactive,1.82,0.3705
Bonobo pat,chr15_pat_hsa14,inactive,1.812,0.3655
Bonobo pat,chr15_pat_hsa14,inactive,1.792,0.372
Bonobo pat,chr15_pat_hsa14,inactive,1.828,0.3675
Bonobo pat,chr15_pat_hsa14,inactive,1.752,0.3705
Bonobo pat,chr15_pat_hsa14,inactive,1.828,0.3645
Bonobo pat,chr15_pat_hsa14,inactive,1.792,0.368
Bonobo pat,chr15_pat_hsa14,inactive,1.864,0.3705
Bonobo pat,chr15_pat_hsa14,inactive,1.828,0.368
Bonobo pat,chr15_pat_hsa14,inactive,1.844,0.3695
Bonobo pat,chr15_pat_hsa14,inactive,1.812,0.366
Bonobo pat,chr15_pat_hsa14,inactive,1.776,0.369
Bonobo pat,chr15_pat_hsa14,inactive,1.796,0.3695
Bonobo pat,chr15_pat_hsa14,inactive,1.824,0.3735
Bonobo pat,chr15_pat_hsa14,inactive,1.788,0.372
Bonobo pat,chr15_pat_hsa14,inactive,1.8,0.368
Bonobo pat,chr15_pat_hsa14,inactive,1.776,0.373
Bonobo pat,chr15_pat_hsa14,inactive,1.804,0.3695
Bonobo pat,chr15_pat_hsa14,inactive,1.836,0.3705
Bonobo pat,chr15_pat_hsa14,inactive,1.8,0.3695
Bonobo pat,chr15_pat_hsa14,inactive,1.792,0.3695
Bonobo pat,chr15_pat_hsa14,inactive,1.816,0.3725
Bonobo pat,chr15_pat_hsa14,inactive,1.804,0.368
Bonobo pat,chr15_pat_hsa14,inactive,1.792,0.368
Bonobo pat,chr15_pat_hsa14,inactive,1.852,0.369
Bonobo pat,chr15_pat_hsa14,inactive,1.78,0.3705
Bonobo pat,chr15_pat_hsa14,inactive,1.776,0.3695
Bonobo pat,chr15_pat_hsa14,inactive,1.764,0.3675
Bonobo pat,chr15_pat_hsa14,inactive,1.78,0.373
Bonobo pat,chr15_pat_hsa14,inactive,1.84,0.3725
Bonobo pat,chr15_pat_hsa14,inactive,1.868,0.3695
Bonobo pat,chr15_pat_hsa14,inactive,1.808,0.374
Bonobo pat,chr15_pat_hsa14,inactive,1.796,0.371
Bonobo pat,chr15_pat_hsa14,inactive,1.808,0.367
Bonobo pat,chr15_pat_hsa14,inactive,1.768,0.3705
Bonobo pat,chr15_pat_hsa14,inactive,1.832,0.3705
Bonobo pat,chr15_pat_hsa14,inactive,1.82,0.369
Bonobo pat,chr15_pat_hsa14,inactive,1.828,0.372
Bonobo pat,chr15_pat_hsa14,inactive,1.824,0.371
Bonobo pat,chr15_pat_hsa14,inactive,1.784,0.3665
Bonobo pat,chr15_pat_hsa14,inactive,1.788,0.3695
Bonobo pat,chr15_pat_hsa14,inactive,1.808,0.368
Bonobo pat,chr15_pat_hsa14,inactive,1.808,0.3685
Bonobo pat,chr15_pat_hsa14,inactive,1.796,0.37
Bonobo pat,chr15_pat_hsa14,inactive,1.792,0.368
Bonobo pat,chr15_pat_hsa14,inactive,1.78,0.3675
Bonobo pat,chr15_pat_hsa14,inactive,1.776,0.366
Bonobo pat,chr15_pat_hsa14,inactive,1.784,0.369
Bonobo pat,chr15_pat_hsa14,inactive,1.82,0.3705
Bonobo pat,chr15_pat_hsa14,inactive,1.788,0.3685
Bonobo pat,chr15_pat_hsa14,inactive,1.784,0.3705
Bonobo pat,chr15_pat_hsa14,inactive,1.796,0.366
Bonobo pat,chr15_pat_hsa14,inactive,1.792,0.366
Bonobo pat,chr15_pat_hsa14,inactive,1.824,0.368
Bonobo pat,chr15_pat_hsa14,inactive,1.804,0.373
Bonobo pat,chr15_pat_hsa14,inactive,1.788,0.3695
Bonobo pat,chr15_pat_hsa14,inactive,1.82,0.3695
Bonobo pat,chr15_pat_hsa14,inactive,1.816,0.37
Bonobo pat,chr15_pat_hsa14,inactive,1.792,0.367
Bonobo pat,chr15_pat_hsa14,inactive,1.824,0.368
Bonobo pat,chr15_pat_hsa14,inactive,1.792,0.3685
Bonobo pat,chr15_pat_hsa14,inactive,1.808,0.371
Bonobo pat,chr15_pat_hsa14,inactive,1.804,0.3715
Bonobo pat,chr15_pat_hsa14,inactive,1.796,0.365
Bonobo pat,chr15_pat_hsa14,inactive,1.776,0.368
Bonobo pat,chr15_pat_hsa14,inactive,1.824,0.3645
Bonobo pat,chr15_pat_hsa14,inactive,1.804,0.3715
Bonobo pat,chr15_pat_hsa14,inactive,1.796,0.3675
Bonobo pat,chr15_pat_hsa14,inactive,1.772,0.367
Bonobo pat,chr15_pat_hsa14,inactive,1.756,0.3695
Bonobo pat,chr15_pat_hsa14,inactive,1.784,0.3685
Bonobo pat,chr15_pat_hsa14,inactive,1.804,0.367
Bonobo pat,chr15_pat_hsa14,inactive,1.78,0.372
Bonobo pat,chr15_pat_hsa14,inactive,1.792,0.368
Bonobo pat,chr15_pat_hsa14,inactive,1.796,0.3675
Bonobo pat,chr15_pat_hsa14,inactive,1.768,0.369
Bonobo pat,chr15_pat_hsa14,inactive,1.78,0.3685
Bonobo pat,chr15_pat_hsa14,inactive,1.832,0.366
Bonobo pat,chr15_pat_hsa14,inactive,1.78,0.372
Bonobo pat,chr15_pat_hsa14,inactive,1.808,0.3685
Bonobo pat,chr15_pat_hsa14,inactive,1.788,0.367
Bonobo pat,chr15_pat_hsa14,inactive,1.772,0.37
Bonobo pat,chr15_pat_hsa14,inactive,1.82,0.3685
Bonobo pat,chr15_pat_hsa14,inactive,1.808,0.3705
Bonobo pat,chr15_pat_hsa14,inactive,1.784,0.371
Bonobo pat,chr15_pat_hsa14,inactive,1.736,0.361
Bonobo pat,chr15_pat_hsa14,inactive,1.832,0.3725
Bonobo pat,chr15_pat_hsa14,inactive,1.808,0.367
Bonobo pat,chr15_pat_hsa14,inactive,1.792,0.369
Bonobo pat,chr15_pat_hsa14,inactive,1.776,0.3675
Bonobo pat,chr15_pat_hsa14,inactive,1.788,0.367
Bonobo pat,chr15_pat_hsa14,inactive,1.832,0.369
Bonobo pat,chr15_pat_hsa14,inactive,1.84,0.37
Bonobo pat,chr15_pat_hsa14,inactive,1.84,0.3645
Bonobo pat,chr15_pat_hsa14,inactive,1.892,0.367
Bonobo pat,chr15_pat_hsa14,inactive,1.732,0.3665
Bonobo pat,chr15_pat_hsa14,inactive,1.88,0.367
Bonobo pat,chr15_pat_hsa14,inactive,1.656,0.3675
Bonobo pat,chr15_pat_hsa14,inactive,1.848,0.366
Bonobo pat,chr15_pat_hsa14,inactive,1.736,0.371
Bonobo pat,chr15_pat_hsa14,inactive,1.8,0.371
Bonobo pat,chr15_pat_hsa14,inactive,1.864,0.3665
Bonobo pat,chr15_pat_hsa14,inactive,1.868,0.3715
Bonobo pat,chr15_pat_hsa14,inactive,1.88,0.3695
Bonobo pat,chr15_pat_hsa14,inactive,1.808,0.3675
Bonobo pat,chr15_pat_hsa14,inactive,1.8,0.3665
Bonobo pat,chr15_pat_hsa14,inactive,1.792,0.366
Bonobo pat,chr15_pat_hsa14,inactive,1.856,0.371
Bonobo pat,chr15_pat_hsa14,inactive,1.856,0.372
Bonobo pat,chr15_pat_hsa14,inactive,1.808,0.367
Bonobo pat,chr15_pat_hsa14,inactive,1.784,0.369
Bonobo pat,chr15_pat_hsa14,inactive,1.828,0.3685
Bonobo pat,chr15_pat_hsa14,inactive,1.844,0.3685
Bonobo pat,chr15_pat_hsa14,inactive,1.836,0.3645
Bonobo pat,chr15_pat_hsa14,inactive,1.844,0.37
Bonobo pat,chr15_pat_hsa14,inactive,1.788,0.37
Bonobo pat,chr15_pat_hsa14,inactive,1.824,0.366
Bonobo pat,chr15_pat_hsa14,inactive,1.836,0.3685
Bonobo pat,chr15_pat_hsa14,inactive,1.796,0.368
Bonobo pat,chr15_pat_hsa14,inactive,1.848,0.365
Bonobo pat,chr15_pat_hsa14,inactive,1.992,0.374
Bonobo pat,chr15_pat_hsa14,inactive,1.852,0.369
Bonobo pat,chr15_pat_hsa14,inactive,1.732,0.3685
Bonobo pat,chr15_pat_hsa14,inactive,1.808,0.3685
Bonobo pat,chr15_pat_hsa14,inactive,1.776,0.368
Bonobo pat,chr15_pat_hsa14,inactive,1.764,0.3735
Bonobo pat,chr15_pat_hsa14,inactive,1.84,0.369
Bonobo pat,chr15_pat_hsa14,inactive,1.9,0.394
Bonobo pat,chr15_pat_hsa14,inactive,1.62,0.371
Bonobo pat,chr15_pat_hsa14,inactive,1.5,0.369
Bonobo pat,chr15_pat_hsa14,inactive,1.912,0.395
Bonobo pat,chr15_pat_hsa14,inactive,1.608,0.3645
Bonobo pat,chr15_pat_hsa14,inactive,1.568,0.3675
Bonobo pat,chr15_pat_hsa14,inactive,1.776,0.382
Bonobo pat,chr15_pat_hsa14,inactive,1.8,0.381
Bonobo pat,chr15_pat_hsa14,inactive,1.56,0.3655
Bonobo pat,chr15_pat_hsa14,inactive,1.904,0.3995
Bonobo pat,chr15_pat_hsa14,inactive,1.568,0.3675
Bonobo pat,chr15_pat_hsa14,inactive,1.888,0.3995
Bonobo pat,chr15_pat_hsa14,inactive,1.652,0.37
Bonobo pat,chr15_pat_hsa14,inactive,1.524,0.366
Bonobo pat,chr15_pat_hsa14,inactive,1.58,0.3715
Bonobo pat,chr15_pat_hsa14,inactive,1.616,0.3675
Bonobo pat,chr15_pat_hsa14,inactive,1.544,0.374
Bonobo pat,chr15_pat_hsa14,inactive,1.6,0.3605
Bonobo pat,chr15_pat_hsa14,inactive,1.504,0.372
Bonobo pat,chr15_pat_hsa14,inactive,1.56,0.3715
Bonobo pat,chr15_pat_hsa14,inactive,1.572,0.367
Bonobo pat,chr15_pat_hsa14,inactive,1.676,0.369
Bonobo pat,chr15_pat_hsa14,inactive,1.544,0.3665
Bonobo pat,chr15_pat_hsa14,inactive,1.528,0.372
Bonobo pat,chr15_pat_hsa14,inactive,1.636,0.367
Bonobo pat,chr15_pat_hsa14,inactive,1.692,0.371
Bonobo pat,chr15_pat_hsa14,inactive,1.592,0.3655
Bonobo pat,chr15_pat_hsa14,inactive,1.56,0.371
Bonobo pat,chr15_pat_hsa14,inactive,1.58,0.367
Bonobo pat,chr15_pat_hsa14,inactive,1.6,0.3665
Bonobo pat,chr15_pat_hsa14,inactive,1.604,0.3685
Bonobo pat,chr15_pat_hsa14,inactive,1.58,0.367
Bonobo pat,chr15_pat_hsa14,inactive,1.556,0.364
Bonobo pat,chr15_pat_hsa14,inactive,1.532,0.3735
Bonobo pat,chr15_pat_hsa14,inactive,1.556,0.3685
Bonobo pat,chr15_pat_hsa14,inactive,1.588,0.371
Bonobo pat,chr15_pat_hsa14,inactive,1.688,0.368
Bonobo pat,chr15_pat_hsa14,inactive,1.552,0.3665
Bonobo pat,chr15_pat_hsa14,inactive,1.572,0.3715
Bonobo pat,chr15_pat_hsa14,inactive,1.636,0.369
Bonobo pat,chr15_pat_hsa14,inactive,1.664,0.37
Bonobo pat,chr15_pat_hsa14,inactive,1.612,0.365
Bonobo pat,chr15_pat_hsa14,inactive,1.564,0.367
Bonobo pat,chr15_pat_hsa14,inactive,1.592,0.371
Bonobo pat,chr15_pat_hsa14,inactive,1.604,0.3675
Bonobo pat,chr15_pat_hsa14,inactive,1.6,0.365
Bonobo pat,chr15_pat_hsa14,inactive,1.704,0.3715
Bonobo pat,chr15_pat_hsa14,inactive,1.592,0.3665
Bonobo pat,chr15_pat_hsa14,inactive,1.544,0.3655
Bonobo pat,chr15_pat_hsa14,inactive,1.532,0.3685
Bonobo pat,chr15_pat_hsa14,inactive,1.64,0.373
Bonobo pat,chr15_pat_hsa14,inactive,1.6,0.3695
Bonobo pat,chr15_pat_hsa14,inactive,1.672,0.375
Bonobo pat,chr15_pat_hsa14,inactive,1.652,0.37
Bonobo pat,chr15_pat_hsa14,inactive,1.552,0.3725
Bonobo pat,chr15_pat_hsa14,inactive,1.516,0.367
Bonobo pat,chr15_pat_hsa14,inactive,1.744,0.3665
Bonobo pat,chr15_pat_hsa14,inactive,1.808,0.378
Bonobo pat,chr15_pat_hsa14,inactive,1.532,0.367
Bonobo pat,chr15_pat_hsa14,inactive,1.552,0.3705
Bonobo pat,chr15_pat_hsa14,inactive,1.628,0.3705
Bonobo pat,chr15_pat_hsa14,inactive,1.604,0.3645
Bonobo pat,chr15_pat_hsa14,inactive,1.844,0.3765
Bonobo pat,chr15_pat_hsa14,inactive,1.784,0.365
Bonobo pat,chr15_pat_hsa14,inactive,1.856,0.3675
Bonobo pat,chr15_pat_hsa14,inactive,1.888,0.3775
Bonobo pat,chr15_pat_hsa14,inactive,1.936,0.3755
Bonobo pat,chr15_pat_hsa14,inactive,1.828,0.3695
Bonobo pat,chr15_pat_hsa14,inactive,1.904,0.3775
Bonobo pat,chr15_pat_hsa14,inactive,1.8,0.3725
Bonobo pat,chr15_pat_hsa14,inactive,1.9,0.3705
Bonobo pat,chr15_pat_hsa14,inactive,1.908,0.369
Bonobo pat,chr15_pat_hsa14,inactive,1.96,0.3735
Bonobo pat,chr15_pat_hsa14,inactive,1.848,0.3725
Bonobo pat,chr15_pat_hsa14,inactive,1.932,0.373
Bonobo pat,chr15_pat_hsa14,inactive,1.876,0.375
Bonobo pat,chr15_pat_hsa14,inactive,1.92,0.3705
Bonobo pat,chr15_pat_hsa14,inactive,1.856,0.373
Bonobo pat,chr15_pat_hsa14,inactive,1.948,0.374
Bonobo pat,chr15_pat_hsa14,inactive,1.916,0.3695
Bonobo pat,chr15_pat_hsa14,inactive,1.848,0.373
Bonobo pat,chr15_pat_hsa14,inactive,1.92,0.3725
Bonobo pat,chr15_pat_hsa14,inactive,1.836,0.3745
Bonobo pat,chr15_pat_hsa14,active,1.948,0.3715
Bonobo pat,chr15_pat_hsa14,active,1.832,0.3745
Bonobo pat,chr15_pat_hsa14,active,1.916,0.3735
Bonobo pat,chr15_pat_hsa14,active,1.828,0.3725
Bonobo pat,chr15_pat_hsa14,active,1.924,0.3735
Bonobo pat,chr15_pat_hsa14,active,1.804,0.374
Bonobo pat,chr15_pat_hsa14,active,1.912,0.3755
Bonobo pat,chr15_pat_hsa14,active,1.76,0.367
Bonobo pat,chr15_pat_hsa14,active,1.92,0.373
Bonobo pat,chr15_pat_hsa14,active,1.824,0.3735
Bonobo pat,chr15_pat_hsa14,active,1.884,0.3725
Bonobo pat,chr15_pat_hsa14,active,1.86,0.374
Bonobo pat,chr15_pat_hsa14,active,1.86,0.372
Bonobo pat,chr15_pat_hsa14,active,1.896,0.3725
Bonobo pat,chr15_pat_hsa14,active,1.788,0.375
Bonobo pat,chr15_pat_hsa14,active,1.828,0.368
Bonobo pat,chr15_pat_hsa14,active,1.924,0.3755
Bonobo pat,chr15_pat_hsa14,active,1.86,0.3695
Bonobo pat,chr15_pat_hsa14,active,1.924,0.369
Bonobo pat,chr15_pat_hsa14,active,1.88,0.3765
Bonobo pat,chr15_pat_hsa14,active,1.948,0.3715
Bonobo pat,chr15_pat_hsa14,active,1.94,0.3735
Bonobo pat,chr15_pat_hsa14,active,1.888,0.3735
Bonobo pat,chr15_pat_hsa14,active,1.8,0.3695
Bonobo pat,chr15_pat_hsa14,active,1.912,0.374
Bonobo pat,chr15_pat_hsa14,active,1.92,0.372
Bonobo pat,chr15_pat_hsa14,active,1.86,0.376
Bonobo pat,chr15_pat_hsa14,active,1.88,0.376
Bonobo pat,chr15_pat_hsa14,active,1.952,0.3705
Bonobo pat,chr15_pat_hsa14,active,1.82,0.3755
Bonobo pat,chr15_pat_hsa14,active,1.924,0.376
Bonobo pat,chr15_pat_hsa14,active,1.852,0.3725
Bonobo pat,chr15_pat_hsa14,active,1.836,0.3745
Bonobo pat,chr15_pat_hsa14,active,1.956,0.374
Bonobo pat,chr15_pat_hsa14,active,1.924,0.373
Bonobo pat,chr15_pat_hsa14,active,1.936,0.373
Bonobo pat,chr15_pat_hsa14,active,1.888,0.373
Bonobo pat,chr15_pat_hsa14,active,1.836,0.374
Bonobo pat,chr15_pat_hsa14,active,1.912,0.37
Bonobo pat,chr15_pat_hsa14,active,1.88,0.3745
Bonobo pat,chr15_pat_hsa14,active,1.884,0.3715
Bonobo pat,chr15_pat_hsa14,active,1.864,0.3745
Bonobo pat,chr15_pat_hsa14,active,1.88,0.3745
Bonobo pat,chr15_pat_hsa14,active,1.912,0.375
Bonobo pat,chr15_pat_hsa14,active,1.784,0.367
Bonobo pat,chr15_pat_hsa14,active,1.928,0.3745
Bonobo pat,chr15_pat_hsa14,active,1.892,0.3745
Bonobo pat,chr15_pat_hsa14,active,1.94,0.371
Bonobo pat,chr15_pat_hsa14,active,1.884,0.3755
Bonobo pat,chr15_pat_hsa14,active,1.956,0.3715
Bonobo pat,chr15_pat_hsa14,active,1.928,0.3725
Bonobo pat,chr15_pat_hsa14,active,1.892,0.376
Bonobo pat,chr15_pat_hsa14,active,1.908,0.372
Bonobo pat,chr15_pat_hsa14,active,1.88,0.3705
Bonobo pat,chr15_pat_hsa14,active,1.86,0.3695
Bonobo pat,chr15_pat_hsa14,active,1.9,0.373
Bonobo pat,chr15_pat_hsa14,active,1.876,0.3745
Bonobo pat,chr15_pat_hsa14,active,1.916,0.369
Bonobo pat,chr15_pat_hsa14,active,1.904,0.3735
Bonobo pat,chr15_pat_hsa14,active,1.872,0.372
Bonobo pat,chr15_pat_hsa14,active,1.896,0.3735
Bonobo pat,chr15_pat_hsa14,active,1.852,0.3735
Bonobo pat,chr15_pat_hsa14,active,1.812,0.372
Bonobo pat,chr15_pat_hsa14,active,1.796,0.38
Bonobo pat,chr15_pat_hsa14,active,1.912,0.3725
Bonobo pat,chr15_pat_hsa14,active,1.924,0.372
Bonobo pat,chr15_pat_hsa14,active,1.82,0.3725
Bonobo pat,chr15_pat_hsa14,active,1.936,0.372
Bonobo pat,chr15_pat_hsa14,active,1.924,0.3725
Bonobo pat,chr15_pat_hsa14,active,1.892,0.3735
Bonobo pat,chr15_pat_hsa14,active,1.836,0.374
Bonobo pat,chr15_pat_hsa14,active,1.912,0.371
Bonobo pat,chr15_pat_hsa14,active,1.824,0.3745
Bonobo pat,chr15_pat_hsa14,active,1.916,0.3725
Bonobo pat,chr15_pat_hsa14,active,1.824,0.3735
Bonobo pat,chr15_pat_hsa14,active,1.908,0.3715
Bonobo pat,chr15_pat_hsa14,active,1.828,0.3725
Bonobo pat,chr15_pat_hsa14,active,1.936,0.3715
Bonobo pat,chr15_pat_hsa14,active,1.808,0.3745
Bonobo pat,chr15_pat_hsa14,active,1.888,0.379
Bonobo pat,chr15_pat_hsa14,active,1.92,0.3775
Bonobo pat,chr15_pat_hsa14,active,1.824,0.3685
Bonobo pat,chr15_pat_hsa14,active,1.888,0.378
Bonobo pat,chr15_pat_hsa14,active,1.852,0.3675
Bonobo pat,chr15_pat_hsa14,active,1.872,0.378
Bonobo pat,chr15_pat_hsa14,active,1.876,0.3685
Bonobo pat,chr15_pat_hsa14,active,1.908,0.374
Bonobo pat,chr15_pat_hsa14,active,1.92,0.3735
Bonobo pat,chr15_pat_hsa14,active,1.856,0.379
Bonobo pat,chr15_pat_hsa14,active,1.924,0.3755
Bonobo pat,chr15_pat_hsa14,active,1.856,0.373
Bonobo pat,chr15_pat_hsa14,active,1.912,0.3735
Bonobo pat,chr15_pat_hsa14,active,1.848,0.3725
Bonobo pat,chr15_pat_hsa14,active,1.924,0.3735
Bonobo pat,chr15_pat_hsa14,active,1.84,0.373
Bonobo pat,chr15_pat_hsa14,active,1.936,0.3715
Bonobo pat,chr15_pat_hsa14,active,1.844,0.373
Bonobo pat,chr15_pat_hsa14,active,1.932,0.371
Bonobo pat,chr15_pat_hsa14,active,1.876,0.3745
Bonobo pat,chr15_pat_hsa14,active,1.94,0.371
Bonobo pat,chr15_pat_hsa14,active,1.916,0.3725
Bonobo pat,chr15_pat_hsa14,active,1.824,0.3745
Bonobo pat,chr15_pat_hsa14,active,1.808,0.3755
Bonobo pat,chr15_pat_hsa14,active,1.908,0.373
Bonobo pat,chr15_pat_hsa14,active,1.828,0.3735
Bonobo pat,chr15_pat_hsa14,active,1.932,0.372
Bonobo pat,chr15_pat_hsa14,active,1.836,0.373
Bonobo pat,chr15_pat_hsa14,active,1.948,0.37
Bonobo pat,chr15_pat_hsa14,active,1.816,0.374
Bonobo pat,chr15_pat_hsa14,active,1.82,0.3725
Bonobo pat,chr15_pat_hsa14,active,1.876,0.3745
Bonobo pat,chr15_pat_hsa14,active,1.852,0.3725
Bonobo pat,chr15_pat_hsa14,active,1.9,0.374
Bonobo pat,chr15_pat_hsa14,active,1.832,0.3745
Bonobo pat,chr15_pat_hsa14,active,1.924,0.373
Bonobo pat,chr15_pat_hsa14,active,1.84,0.3715
Bonobo pat,chr15_pat_hsa14,active,1.924,0.372
Bonobo pat,chr15_pat_hsa14,active,1.932,0.376
Bonobo pat,chr15_pat_hsa14,active,1.928,0.3715
Bonobo pat,chr15_pat_hsa14,active,1.888,0.3735
Bonobo pat,chr15_pat_hsa14,active,1.804,0.3685
Bonobo pat,chr15_pat_hsa14,active,1.876,0.373
Bonobo pat,chr15_pat_hsa14,active,1.88,0.3735
Bonobo pat,chr15_pat_hsa14,active,1.892,0.373
Bonobo pat,chr15_pat_hsa14,active,1.892,0.374
Bonobo pat,chr15_pat_hsa14,active,1.892,0.3735
Bonobo pat,chr15_pat_hsa14,active,1.872,0.371
Bonobo pat,chr15_pat_hsa14,active,1.904,0.3745
Bonobo pat,chr15_pat_hsa14,active,1.876,0.372
Bonobo pat,chr15_pat_hsa14,active,1.884,0.374
Bonobo pat,chr15_pat_hsa14,active,1.848,0.373
Bonobo pat,chr15_pat_hsa14,active,1.88,0.3735
Bonobo pat,chr15_pat_hsa14,active,1.804,0.3665
Bonobo pat,chr15_pat_hsa14,active,1.916,0.3695
Bonobo pat,chr15_pat_hsa14,active,1.848,0.3775
Bonobo pat,chr15_pat_hsa14,active,1.904,0.3715
Bonobo pat,chr15_pat_hsa14,active,1.832,0.3735
Bonobo pat,chr15_pat_hsa14,active,1.88,0.372
Bonobo pat,chr15_pat_hsa14,active,1.848,0.3735
Bonobo pat,chr15_pat_hsa14,active,1.916,0.3735
Bonobo pat,chr15_pat_hsa14,active,1.872,0.373
Bonobo pat,chr15_pat_hsa14,active,1.876,0.374
Bonobo pat,chr15_pat_hsa14,active,1.892,0.3745
Bonobo pat,chr15_pat_hsa14,active,1.872,0.373
Bonobo pat,chr15_pat_hsa14,active,1.892,0.3735
Bonobo pat,chr15_pat_hsa14,active,1.86,0.3715
Bonobo pat,chr15_pat_hsa14,active,1.896,0.373
Bonobo pat,chr15_pat_hsa14,active,1.864,0.3735
Bonobo pat,chr15_pat_hsa14,active,1.896,0.372
Bonobo pat,chr15_pat_hsa14,active,1.852,0.374
Bonobo pat,chr15_pat_hsa14,active,1.928,0.3735
Bonobo pat,chr15_pat_hsa14,active,1.848,0.3745
Bonobo pat,chr15_pat_hsa14,active,1.924,0.374
Bonobo pat,chr15_pat_hsa14,active,1.828,0.3725
Bonobo pat,chr15_pat_hsa14,active,1.912,0.372
Bonobo pat,chr15_pat_hsa14,active,1.856,0.374
Bonobo pat,chr15_pat_hsa14,active,1.88,0.372
Bonobo pat,chr15_pat_hsa14,active,1.916,0.3715
Bonobo pat,chr15_pat_hsa14,active,1.848,0.3695
Bonobo pat,chr15_pat_hsa14,active,1.928,0.372
Bonobo pat,chr15_pat_hsa14,active,1.916,0.3715
Bonobo pat,chr15_pat_hsa14,active,1.912,0.374
Bonobo pat,chr15_pat_hsa14,active,1.884,0.3715
Bonobo pat,chr15_pat_hsa14,active,1.952,0.3735
Bonobo pat,chr15_pat_hsa14,active,1.908,0.375
Bonobo pat,chr15_pat_hsa14,active,1.908,0.371
Bonobo pat,chr15_pat_hsa14,active,1.824,0.3715
Bonobo pat,chr15_pat_hsa14,active,1.944,0.374
Bonobo pat,chr15_pat_hsa14,active,1.908,0.372
Bonobo pat,chr15_pat_hsa14,active,1.828,0.374
Bonobo pat,chr15_pat_hsa14,active,1.928,0.373
Bonobo pat,chr15_pat_hsa14,active,1.9,0.3745
Bonobo pat,chr15_pat_hsa14,active,1.928,0.3725
Bonobo pat,chr15_pat_hsa14,active,1.816,0.371
Bonobo pat,chr15_pat_hsa14,active,1.932,0.374
Bonobo pat,chr15_pat_hsa14,active,1.844,0.372
Bonobo pat,chr15_pat_hsa14,active,1.852,0.3745
Bonobo pat,chr15_pat_hsa14,active,1.848,0.3765
Bonobo pat,chr15_pat_hsa14,active,1.876,0.3715
Bonobo pat,chr15_pat_hsa14,active,1.876,0.3755
Bonobo pat,chr15_pat_hsa14,active,1.904,0.3695
Bonobo pat,chr15_pat_hsa14,active,1.884,0.3785
Bonobo pat,chr15_pat_hsa14,active,1.9,0.3695
Bonobo pat,chr15_pat_hsa14,active,1.828,0.3775
Bonobo pat,chr15_pat_hsa14,active,1.856,0.373
Bonobo pat,chr15_pat_hsa14,active,1.928,0.37
Bonobo pat,chr15_pat_hsa14,active,1.896,0.377
Bonobo pat,chr15_pat_hsa14,active,1.908,0.3725
Bonobo pat,chr15_pat_hsa14,active,1.836,0.374
Bonobo pat,chr15_pat_hsa14,active,1.9,0.3735
Bonobo pat,chr15_pat_hsa14,active,1.82,0.374
Bonobo pat,chr15_pat_hsa14,active,1.924,0.3755
Bonobo pat,chr15_pat_hsa14,active,1.732,0.366
Bonobo pat,chr15_pat_hsa14,active,1.88,0.3745
Bonobo pat,chr15_pat_hsa14,active,1.912,0.3725
Bonobo pat,chr15_pat_hsa14,active,1.884,0.374
Bonobo pat,chr15_pat_hsa14,active,1.928,0.372
Bonobo pat,chr15_pat_hsa14,active,1.852,0.372
Bonobo pat,chr15_pat_hsa14,active,1.884,0.374
Bonobo pat,chr15_pat_hsa14,active,1.856,0.372
Bonobo pat,chr15_pat_hsa14,active,1.816,0.3745
Bonobo pat,chr15_pat_hsa14,active,1.908,0.3745
Bonobo pat,chr15_pat_hsa14,active,1.812,0.372
Bonobo pat,chr15_pat_hsa14,active,1.912,0.3725
Bonobo pat,chr15_pat_hsa14,active,1.816,0.371
Bonobo pat,chr15_pat_hsa14,active,1.924,0.371
Bonobo pat,chr15_pat_hsa14,active,1.828,0.374
Bonobo pat,chr15_pat_hsa14,active,1.848,0.3725
Bonobo pat,chr15_pat_hsa14,active,1.912,0.373
Bonobo pat,chr15_pat_hsa14,active,1.812,0.373
Bonobo pat,chr15_pat_hsa14,active,1.864,0.3755
Bonobo pat,chr15_pat_hsa14,active,1.92,0.372
Bonobo pat,chr15_pat_hsa14,active,1.824,0.3745
Bonobo pat,chr15_pat_hsa14,active,1.912,0.372
Bonobo pat,chr15_pat_hsa14,active,1.852,0.367
Bonobo pat,chr15_pat_hsa14,active,1.892,0.373
Bonobo pat,chr15_pat_hsa14,active,1.868,0.372
Bonobo pat,chr15_pat_hsa14,active,1.892,0.3735
Bonobo pat,chr15_pat_hsa14,active,1.844,0.374
Bonobo pat,chr15_pat_hsa14,active,1.904,0.3735
Bonobo pat,chr15_pat_hsa14,active,1.828,0.3745
Bonobo pat,chr15_pat_hsa14,active,1.912,0.373
Bonobo pat,chr15_pat_hsa14,active,1.82,0.3735
Bonobo pat,chr15_pat_hsa14,active,1.924,0.3725
Bonobo pat,chr15_pat_hsa14,active,1.856,0.3715
Bonobo pat,chr15_pat_hsa14,active,1.928,0.373
Bonobo pat,chr15_pat_hsa14,active,1.824,0.3745
Bonobo pat,chr15_pat_hsa14,active,1.94,0.3725
Bonobo pat,chr15_pat_hsa14,active,1.832,0.374
Bonobo pat,chr15_pat_hsa14,active,1.908,0.372
Bonobo pat,chr15_pat_hsa14,active,1.832,0.376
Bonobo pat,chr15_pat_hsa14,active,1.92,0.372
Bonobo pat,chr15_pat_hsa14,active,1.828,0.375
Bonobo pat,chr15_pat_hsa14,active,1.888,0.3725
Bonobo pat,chr15_pat_hsa14,active,1.844,0.3725
Bonobo pat,chr15_pat_hsa14,active,1.904,0.373
Bonobo pat,chr15_pat_hsa14,active,1.84,0.3735
Bonobo pat,chr15_pat_hsa14,active,1.912,0.374
Bonobo pat,chr15_pat_hsa14,active,1.864,0.372
Bonobo pat,chr15_pat_hsa14,active,1.92,0.374
Bonobo pat,chr15_pat_hsa14,active,1.884,0.374
Bonobo pat,chr15_pat_hsa14,active,1.9,0.375
Bonobo pat,chr15_pat_hsa14,active,1.82,0.3665
Bonobo pat,chr15_pat_hsa14,active,1.936,0.373
Bonobo pat,chr15_pat_hsa14,active,1.916,0.371
Bonobo pat,chr15_pat_hsa14,active,1.924,0.372
Bonobo pat,chr15_pat_hsa14,active,1.932,0.3735
Bonobo pat,chr15_pat_hsa14,active,1.912,0.372
Bonobo pat,chr15_pat_hsa14,active,1.912,0.374
Bonobo pat,chr15_pat_hsa14,active,1.832,0.368
Bonobo pat,chr15_pat_hsa14,active,1.892,0.374
Bonobo pat,chr15_pat_hsa14,active,1.828,0.373
Bonobo pat,chr15_pat_hsa14,active,1.928,0.3725
Bonobo pat,chr15_pat_hsa14,active,1.92,0.371
Bonobo pat,chr15_pat_hsa14,active,1.936,0.371
Bonobo pat,chr15_pat_hsa14,active,1.928,0.373
Bonobo pat,chr15_pat_hsa14,active,1.912,0.372
Bonobo pat,chr15_pat_hsa14,active,1.808,0.373
Bonobo pat,chr15_pat_hsa14,active,1.932,0.3725
Bonobo pat,chr15_pat_hsa14,active,1.896,0.372
Bonobo pat,chr15_pat_hsa14,active,1.848,0.377
Bonobo pat,chr15_pat_hsa14,active,1.912,0.3705
Bonobo pat,chr15_pat_hsa14,active,1.856,0.375
Bonobo pat,chr15_pat_hsa14,active,1.908,0.373
Bonobo pat,chr15_pat_hsa14,active,1.92,0.3705
Bonobo pat,chr15_pat_hsa14,active,1.84,0.374
Bonobo pat,chr15_pat_hsa14,active,1.9,0.3735
Bonobo pat,chr15_pat_hsa14,active,1.844,0.372
Bonobo pat,chr15_pat_hsa14,active,1.92,0.3745
Bonobo pat,chr15_pat_hsa14,active,1.924,0.3725
Bonobo pat,chr15_pat_hsa14,active,1.824,0.374
Bonobo pat,chr15_pat_hsa14,active,1.944,0.3735
Bonobo pat,chr15_pat_hsa14,active,1.832,0.371
Bonobo pat,chr15_pat_hsa14,active,1.924,0.3735
Bonobo pat,chr15_pat_hsa14,active,1.928,0.3705
Bonobo pat,chr15_pat_hsa14,active,1.9,0.3735
Bonobo pat,chr15_pat_hsa14,active,1.816,0.3685
Bonobo pat,chr15_pat_hsa14,active,1.928,0.378
Bonobo pat,chr15_pat_hsa14,active,1.848,0.3695
Bonobo pat,chr15_pat_hsa14,active,1.904,0.377
Bonobo pat,chr15_pat_hsa14,active,1.856,0.3705
Bonobo pat,chr15_pat_hsa14,active,1.88,0.3765
Bonobo pat,chr15_pat_hsa14,active,1.876,0.37
Bonobo pat,chr15_pat_hsa14,active,1.872,0.375
Bonobo pat,chr15_pat_hsa14,active,1.884,0.3685
Bonobo pat,chr15_pat_hsa14,active,1.892,0.3765
Bonobo pat,chr15_pat_hsa14,active,1.884,0.369
Bonobo pat,chr15_pat_hsa14,active,1.9,0.377
Bonobo pat,chr15_pat_hsa14,active,1.864,0.369
Bonobo pat,chr15_pat_hsa14,active,1.848,0.3755
Bonobo pat,chr15_pat_hsa14,active,1.864,0.372
Bonobo pat,chr15_pat_hsa14,active,1.856,0.3745
Bonobo pat,chr15_pat_hsa14,active,1.908,0.3715
Bonobo pat,chr15_pat_hsa14,active,1.924,0.373
Bonobo pat,chr15_pat_hsa14,active,1.824,0.3705
Bonobo pat,chr15_pat_hsa14,active,1.916,0.3755
Bonobo pat,chr15_pat_hsa14,active,1.796,0.37
Bonobo pat,chr15_pat_hsa14,active,1.904,0.3765
Bonobo pat,chr15_pat_hsa14,active,1.82,0.367
Bonobo pat,chr15_pat_hsa14,active,1.908,0.3735
Bonobo pat,chr15_pat_hsa14,active,1.824,0.367
Bonobo pat,chr15_pat_hsa14,active,1.888,0.374
Bonobo pat,chr15_pat_hsa14,active,1.864,0.3735
Bonobo pat,chr15_pat_hsa14,active,1.904,0.3705
Bonobo pat,chr15_pat_hsa14,active,1.872,0.374
Bonobo pat,chr15_pat_hsa14,active,1.896,0.372
Bonobo pat,chr15_pat_hsa14,active,1.844,0.374
Bonobo pat,chr15_pat_hsa14,active,1.896,0.3745
Bonobo pat,chr15_pat_hsa14,active,1.852,0.3745
Bonobo pat,chr15_pat_hsa14,active,1.908,0.374
Bonobo pat,chr15_pat_hsa14,active,1.848,0.374
Bonobo pat,chr15_pat_hsa14,active,1.912,0.3715
Bonobo pat,chr15_pat_hsa14,active,1.84,0.3725
Bonobo pat,chr15_pat_hsa14,active,1.916,0.3705
Bonobo pat,chr15_pat_hsa14,active,1.824,0.375
Bonobo pat,chr15_pat_hsa14,active,1.948,0.371
Bonobo pat,chr15_pat_hsa14,active,1.884,0.371
Bonobo pat,chr15_pat_hsa14,active,1.816,0.3745
Bonobo pat,chr15_pat_hsa14,active,1.748,0.369
Bonobo pat,chr15_pat_hsa14,active,1.832,0.375
Bonobo pat,chr15_pat_hsa14,active,1.912,0.3765
Bonobo pat,chr15_pat_hsa14,active,1.852,0.37
Bonobo pat,chr15_pat_hsa14,active,1.848,0.3765
Bonobo pat,chr15_pat_hsa14,active,1.816,0.3705
Bonobo pat,chr15_pat_hsa14,active,1.804,0.3705
Bonobo pat,chr15_pat_hsa14,active,1.824,0.3725
Bonobo pat,chr15_pat_hsa14,active,1.936,0.378
Bonobo pat,chr15_pat_hsa14,active,1.884,0.3725
Bonobo pat,chr15_pat_hsa14,active,1.904,0.373
Bonobo pat,chr15_pat_hsa14,active,1.888,0.372
Bonobo pat,chr15_pat_hsa14,active,1.804,0.372
Bonobo pat,chr15_pat_hsa14,active,1.832,0.3745
Bonobo pat,chr15_pat_hsa14,active,1.76,0.3645
Bonobo pat,chr15_pat_hsa14,active,1.896,0.3775
Bonobo pat,chr15_pat_hsa14,active,1.856,0.369
Bonobo pat,chr15_pat_hsa14,active,1.788,0.3735
Bonobo pat,chr15_pat_hsa14,active,1.844,0.3745
Bonobo pat,chr15_pat_hsa14,active,1.92,0.3735
Bonobo pat,chr15_pat_hsa14,active,1.816,0.373
Bonobo pat,chr15_pat_hsa14,active,1.88,0.37
Bonobo pat,chr15_pat_hsa14,active,1.84,0.3755
Bonobo pat,chr15_pat_hsa14,active,1.9,0.372
Bonobo pat,chr15_pat_hsa14,active,1.772,0.3755
Bonobo pat,chr15_pat_hsa14,active,1.84,0.3695
Bonobo pat,chr15_pat_hsa14,active,1.924,0.377
Bonobo pat,chr15_pat_hsa14,active,1.868,0.37
Bonobo pat,chr15_pat_hsa14,active,1.832,0.3795
Bonobo pat,chr15_pat_hsa14,active,1.828,0.3675
Bonobo pat,chr15_pat_hsa14,active,1.92,0.3775
Bonobo pat,chr15_pat_hsa14,active,1.848,0.368
Bonobo pat,chr15_pat_hsa14,active,1.844,0.3795
Bonobo pat,chr15_pat_hsa14,active,1.812,0.37
Bonobo pat,chr15_pat_hsa14,active,1.96,0.3745
Bonobo pat,chr15_pat_hsa14,active,1.828,0.372
Bonobo pat,chr15_pat_hsa14,active,1.844,0.3725
Bonobo pat,chr15_pat_hsa14,active,1.92,0.37
Bonobo pat,chr15_pat_hsa14,active,1.864,0.371
Bonobo pat,chr15_pat_hsa14,active,1.88,0.373
Bonobo pat,chr15_pat_hsa14,active,1.884,0.375
Bonobo pat,chr15_pat_hsa14,active,1.888,0.3725
Bonobo pat,chr15_pat_hsa14,active,1.86,0.3715
Bonobo pat,chr15_pat_hsa14,active,1.844,0.3745
Bonobo pat,chr15_pat_hsa14,active,1.836,0.3685
Bonobo pat,chr15_pat_hsa14,active,1.948,0.3775
Bonobo pat,chr15_pat_hsa14,active,1.916,0.372
Bonobo pat,chr15_pat_hsa14,active,1.792,0.37
Bonobo pat,chr15_pat_hsa14,active,1.896,0.3775
Bonobo pat,chr15_pat_hsa14,active,1.84,0.3695
Bonobo pat,chr15_pat_hsa14,active,1.936,0.379
Bonobo pat,chr15_pat_hsa14,active,1.908,0.3715
Bonobo pat,chr15_pat_hsa14,active,1.836,0.369
Bonobo pat,chr15_pat_hsa14,active,1.872,0.375
Bonobo pat,chr15_pat_hsa14,active,1.916,0.372
Bonobo pat,chr15_pat_hsa14,active,1.84,0.3685
Bonobo pat,chr15_pat_hsa14,active,1.88,0.3755
Bonobo pat,chr15_pat_hsa14,active,1.932,0.373
Bonobo pat,chr15_pat_hsa14,active,1.88,0.369
Bonobo pat,chr15_pat_hsa14,active,1.86,0.3715
Bonobo pat,chr15_pat_hsa14,active,1.876,0.376
Bonobo pat,chr15_pat_hsa14,active,1.908,0.3735
Bonobo pat,chr15_pat_hsa14,active,1.896,0.3715
Bonobo pat,chr15_pat_hsa14,active,1.836,0.3745
Bonobo pat,chr15_pat_hsa14,active,1.924,0.3735
Bonobo pat,chr15_pat_hsa14,active,1.896,0.3735
Bonobo pat,chr15_pat_hsa14,active,1.88,0.3735
Bonobo pat,chr15_pat_hsa14,active,1.884,0.374
Bonobo pat,chr15_pat_hsa14,active,1.848,0.3675
Bonobo pat,chr15_pat_hsa14,active,1.884,0.3745
Bonobo pat,chr15_pat_hsa14,active,1.912,0.3735
Bonobo pat,chr15_pat_hsa14,active,1.924,0.3735
Bonobo pat,chr15_pat_hsa14,active,1.896,0.374
Bonobo pat,chr15_pat_hsa14,active,1.852,0.367
Bonobo pat,chr15_pat_hsa14,active,1.844,0.374
Bonobo pat,chr15_pat_hsa14,active,1.876,0.3715
Bonobo pat,chr15_pat_hsa14,active,1.836,0.3725
Bonobo pat,chr15_pat_hsa14,active,1.936,0.375
Bonobo pat,chr15_pat_hsa14,active,1.888,0.3725
Bonobo pat,chr15_pat_hsa14,active,1.828,0.3755
Bonobo pat,chr15_pat_hsa14,active,1.92,0.373
Bonobo pat,chr15_pat_hsa14,active,1.896,0.3715
Bonobo pat,chr15_pat_hsa14,active,1.892,0.3715
Bonobo pat,chr15_pat_hsa14,active,1.924,0.37
Bonobo pat,chr15_pat_hsa14,active,1.916,0.374
Bonobo pat,chr15_pat_hsa14,active,1.816,0.3735
Bonobo pat,chr15_pat_hsa14,active,1.916,0.373
Bonobo pat,chr15_pat_hsa14,active,1.9,0.3725
Bonobo pat,chr15_pat_hsa14,active,1.836,0.368
Bonobo pat,chr15_pat_hsa14,active,1.836,0.376
Bonobo pat,chr15_pat_hsa14,active,1.932,0.372
Bonobo pat,chr15_pat_hsa14,active,1.928,0.374
Bonobo pat,chr15_pat_hsa14,active,1.816,0.374
Bonobo pat,chr15_pat_hsa14,active,1.924,0.371
Bonobo pat,chr15_pat_hsa14,active,1.82,0.374
Bonobo pat,chr15_pat_hsa14,active,1.896,0.376
Bonobo pat,chr15_pat_hsa14,active,1.824,0.3715
Bonobo pat,chr15_pat_hsa14,active,1.908,0.3745
Bonobo pat,chr15_pat_hsa14,active,1.908,0.3705
Bonobo pat,chr15_pat_hsa14,active,1.92,0.374
Bonobo pat,chr15_pat_hsa14,active,1.876,0.3725
Bonobo pat,chr15_pat_hsa14,active,1.796,0.368
Bonobo pat,chr15_pat_hsa14,active,1.9,0.372
Bonobo pat,chr15_pat_hsa14,active,1.876,0.3715
Bonobo pat,chr15_pat_hsa14,active,1.836,0.3715
Bonobo pat,chr15_pat_hsa14,active,1.916,0.372
Bonobo pat,chr15_pat_hsa14,active,1.912,0.3725
Bonobo pat,chr15_pat_hsa14,active,1.844,0.371
Bonobo pat,chr15_pat_hsa14,active,1.912,0.376
Bonobo pat,chr15_pat_hsa14,active,1.932,0.373
Bonobo pat,chr15_pat_hsa14,active,1.94,0.372
Bonobo pat,chr15_pat_hsa14,active,1.92,0.371
Bonobo pat,chr15_pat_hsa14,active,1.916,0.3725
Bonobo pat,chr15_pat_hsa14,active,1.94,0.369
Bonobo pat,chr15_pat_hsa14,active,1.916,0.371
Bonobo pat,chr15_pat_hsa14,active,1.872,0.372
Bonobo pat,chr15_pat_hsa14,active,1.896,0.377
Bonobo pat,chr15_pat_hsa14,active,1.924,0.3725
Bonobo pat,chr15_pat_hsa14,active,1.852,0.3705
Bonobo pat,chr15_pat_hsa14,active,1.868,0.375
Bonobo pat,chr15_pat_hsa14,active,1.92,0.3715
Bonobo pat,chr15_pat_hsa14,active,1.924,0.374
Bonobo pat,chr15_pat_hsa14,active,1.84,0.3735
Bonobo pat,chr15_pat_hsa14,active,1.896,0.376
Bonobo pat,chr15_pat_hsa14,active,1.816,0.375
Bonobo pat,chr15_pat_hsa14,active,1.92,0.3755
Bonobo pat,chr15_pat_hsa14,active,1.904,0.374
Bonobo pat,chr15_pat_hsa14,active,1.932,0.3705
Bonobo pat,chr15_pat_hsa14,active,1.88,0.372
Bonobo pat,chr15_pat_hsa14,active,1.84,0.37
Bonobo pat,chr15_pat_hsa14,active,1.904,0.376
Bonobo pat,chr15_pat_hsa14,active,1.9,0.372
Bonobo pat,chr15_pat_hsa14,active,1.924,0.3715
Bonobo pat,chr15_pat_hsa14,active,1.932,0.371
Bonobo pat,chr15_pat_hsa14,active,1.904,0.3695
Bonobo pat,chr15_pat_hsa14,active,1.88,0.376
Bonobo pat,chr15_pat_hsa14,active,1.924,0.3725
Bonobo pat,chr15_pat_hsa14,active,1.916,0.372
Bonobo pat,chr15_pat_hsa14,active,1.92,0.3745
Bonobo pat,chr15_pat_hsa14,active,1.916,0.3715
Bonobo pat,chr15_pat_hsa14,active,1.86,0.375
Bonobo pat,chr15_pat_hsa14,active,1.936,0.373
Bonobo pat,chr15_pat_hsa14,active,1.912,0.37
Bonobo pat,chr15_pat_hsa14,active,1.852,0.3735
Bonobo pat,chr15_pat_hsa14,active,1.88,0.3725
Bonobo pat,chr15_pat_hsa14,active,1.868,0.3735
Bonobo pat,chr15_pat_hsa14,active,1.864,0.375
Bonobo pat,chr15_pat_hsa14,active,1.864,0.372
Bonobo pat,chr15_pat_hsa14,active,1.876,0.375
Bonobo pat,chr15_pat_hsa14,active,1.86,0.375
Bonobo pat,chr15_pat_hsa14,active,1.932,0.371
Bonobo pat,chr15_pat_hsa14,active,1.936,0.3735
Bonobo pat,chr15_pat_hsa14,active,1.852,0.373
Bonobo pat,chr15_pat_hsa14,active,1.924,0.373
Bonobo pat,chr15_pat_hsa14,active,1.916,0.3735
Bonobo pat,chr15_pat_hsa14,active,1.924,0.3725
Bonobo pat,chr15_pat_hsa14,active,1.896,0.375
Bonobo pat,chr15_pat_hsa14,active,1.748,0.364
Bonobo pat,chr15_pat_hsa14,active,1.876,0.3725
Bonobo pat,chr15_pat_hsa14,active,1.828,0.3765
Bonobo pat,chr15_pat_hsa14,active,1.932,0.372
Bonobo pat,chr15_pat_hsa14,active,1.936,0.3725
Bonobo pat,chr15_pat_hsa14,active,1.936,0.3705
Bonobo pat,chr15_pat_hsa14,active,1.944,0.3725
Bonobo pat,chr15_pat_hsa14,active,1.924,0.372
Bonobo pat,chr15_pat_hsa14,active,1.88,0.374
Bonobo pat,chr15_pat_hsa14,active,1.912,0.3745
Bonobo pat,chr15_pat_hsa14,active,1.928,0.3735
Bonobo pat,chr15_pat_hsa14,active,1.916,0.374
Bonobo pat,chr15_pat_hsa14,active,1.876,0.372
Bonobo pat,chr15_pat_hsa14,active,1.88,0.375
Bonobo pat,chr15_pat_hsa14,active,1.704,0.3725
Bonobo pat,chr15_pat_hsa14,active,1.84,0.367
Bonobo pat,chr15_pat_hsa14,active,1.912,0.379
Bonobo pat,chr15_pat_hsa14,active,1.88,0.373
Bonobo pat,chr15_pat_hsa14,active,1.828,0.373
Bonobo pat,chr15_pat_hsa14,active,1.788,0.3715
Bonobo pat,chr15_pat_hsa14,active,1.888,0.373
Bonobo pat,chr15_pat_hsa14,active,1.812,0.375
Bonobo pat,chr15_pat_hsa14,active,1.692,0.368
Bonobo pat,chr15_pat_hsa14,active,1.904,0.3715
Bonobo pat,chr15_pat_hsa14,active,1.84,0.377
Bonobo pat,chr15_pat_hsa14,active,1.936,0.37
Bonobo pat,chr15_pat_hsa14,active,1.92,0.374
Bonobo pat,chr15_pat_hsa14,active,1.876,0.3745
Bonobo pat,chr15_pat_hsa14,active,1.916,0.372
Bonobo pat,chr15_pat_hsa14,active,1.864,0.376
Bonobo pat,chr15_pat_hsa14,active,1.916,0.3735
Bonobo pat,chr15_pat_hsa14,active,1.928,0.3745
Bonobo pat,chr15_pat_hsa14,active,1.888,0.371
Bonobo pat,chr15_pat_hsa14,active,1.884,0.3745
Bonobo pat,chr15_pat_hsa14,active,1.888,0.372
Bonobo pat,chr15_pat_hsa14,active,1.86,0.374
Bonobo pat,chr15_pat_hsa14,active,1.888,0.3715
Bonobo pat,chr15_pat_hsa14,active,1.904,0.3675
Bonobo pat,chr15_pat_hsa14,active,1.908,0.3715
Bonobo pat,chr15_pat_hsa14,active,1.888,0.3755
Bonobo pat,chr15_pat_hsa14,active,1.904,0.375
Bonobo pat,chr15_pat_hsa14,active,1.884,0.372
Bonobo pat,chr15_pat_hsa14,active,1.844,0.367
Bonobo pat,chr15_pat_hsa14,active,1.884,0.3765
Bonobo pat,chr15_pat_hsa14,active,1.864,0.371
Bonobo pat,chr15_pat_hsa14,active,1.876,0.3735
Bonobo pat,chr15_pat_hsa14,active,1.844,0.3745
Bonobo pat,chr15_pat_hsa14,active,1.836,0.3705
Bonobo pat,chr15_pat_hsa14,active,1.9,0.3755
Bonobo pat,chr15_pat_hsa14,active,1.872,0.3765
Bonobo pat,chr15_pat_hsa14,active,1.808,0.3695
Bonobo pat,chr15_pat_hsa14,active,1.912,0.3775
Bonobo pat,chr15_pat_hsa14,active,1.908,0.373
Bonobo pat,chr15_pat_hsa14,active,1.896,0.373
Bonobo pat,chr15_pat_hsa14,active,1.84,0.3695
Bonobo pat,chr15_pat_hsa14,active,1.892,0.3755
Bonobo pat,chr15_pat_hsa14,active,1.892,0.3735
Bonobo pat,chr15_pat_hsa14,active,1.904,0.371
Bonobo pat,chr15_pat_hsa14,active,1.872,0.367
Bonobo pat,chr15_pat_hsa14,active,1.908,0.3775
Bonobo pat,chr15_pat_hsa14,active,1.924,0.371
Bonobo pat,chr15_pat_hsa14,active,1.928,0.373
Bonobo pat,chr15_pat_hsa14,active,1.912,0.3705
Bonobo pat,chr15_pat_hsa14,active,1.856,0.377
Bonobo pat,chr15_pat_hsa14,active,1.904,0.3735
Bonobo pat,chr15_pat_hsa14,active,1.904,0.373
Bonobo pat,chr15_pat_hsa14,active,1.836,0.3765
Bonobo pat,chr15_pat_hsa14,active,1.856,0.371
Bonobo pat,chr15_pat_hsa14,active,1.924,0.374
Bonobo pat,chr15_pat_hsa14,active,1.92,0.372
Bonobo pat,chr15_pat_hsa14,active,1.86,0.374
Bonobo pat,chr15_pat_hsa14,active,1.852,0.376
Bonobo pat,chr15_pat_hsa14,active,1.916,0.3735
Bonobo pat,chr15_pat_hsa14,active,1.804,0.3755
Bonobo pat,chr15_pat_hsa14,active,1.9,0.372
Bonobo pat,chr15_pat_hsa14,active,1.908,0.3745
Bonobo pat,chr15_pat_hsa14,active,1.928,0.371
Bonobo pat,chr15_pat_hsa14,active,1.948,0.371
Bonobo pat,chr15_pat_hsa14,active,1.928,0.3715
Bonobo pat,chr15_pat_hsa14,active,1.916,0.3715
Bonobo pat,chr15_pat_hsa14,active,1.88,0.3695
Bonobo pat,chr15_pat_hsa14,active,1.86,0.374
Bonobo pat,chr15_pat_hsa14,active,1.916,0.374
Bonobo pat,chr15_pat_hsa14,active,1.912,0.3715
Bonobo pat,chr15_pat_hsa14,active,1.84,0.3735
Bonobo pat,chr15_pat_hsa14,active,1.928,0.372
Bonobo pat,chr15_pat_hsa14,active,1.936,0.3705
Bonobo pat,chr15_pat_hsa14,active,1.884,0.3705
Bonobo pat,chr15_pat_hsa14,active,1.876,0.3755
Bonobo pat,chr15_pat_hsa14,active,1.892,0.37
Bonobo pat,chr15_pat_hsa14,active,1.856,0.375
Bonobo pat,chr15_pat_hsa14,active,1.868,0.3725
Bonobo pat,chr15_pat_hsa14,active,1.876,0.3735
Bonobo pat,chr15_pat_hsa14,active,1.936,0.373
Bonobo pat,chr15_pat_hsa14,active,1.884,0.3715
Bonobo pat,chr15_pat_hsa14,active,1.876,0.373
Bonobo pat,chr15_pat_hsa14,active,1.788,0.364
Bonobo pat,chr15_pat_hsa14,active,1.912,0.3755
Bonobo pat,chr15_pat_hsa14,active,1.952,0.3755
Bonobo pat,chr15_pat_hsa14,active,1.884,0.3715
Bonobo pat,chr15_pat_hsa14,active,1.96,0.3735
Bonobo pat,chr15_pat_hsa14,active,1.928,0.3715
Bonobo pat,chr15_pat_hsa14,active,1.88,0.3705
Bonobo pat,chr15_pat_hsa14,active,1.94,0.37
Bonobo pat,chr15_pat_hsa14,active,1.832,0.37
Bonobo pat,chr15_pat_hsa14,active,1.92,0.3735
Bonobo pat,chr15_pat_hsa14,active,1.892,0.367
Bonobo pat,chr15_pat_hsa14,active,1.944,0.3725
Bonobo pat,chr15_pat_hsa14,active,1.82,0.3675
Bonobo pat,chr15_pat_hsa14,active,1.852,0.375
Bonobo pat,chr15_pat_hsa14,active,1.936,0.3745
Bonobo pat,chr15_pat_hsa14,active,1.92,0.372
Bonobo pat,chr15_pat_hsa14,active,1.832,0.375
Bonobo pat,chr15_pat_hsa14,active,1.94,0.3735
Bonobo pat,chr15_pat_hsa14,active,1.932,0.3715
Bonobo pat,chr15_pat_hsa14,active,1.812,0.3705
Bonobo pat,chr15_pat_hsa14,active,1.948,0.3725
Bonobo pat,chr15_pat_hsa14,active,1.84,0.3725
Bonobo pat,chr15_pat_hsa14,active,1.86,0.3735
Bonobo pat,chr15_pat_hsa14,active,1.94,0.375
Bonobo pat,chr15_pat_hsa14,active,1.852,0.3735
Bonobo pat,chr15_pat_hsa14,active,1.904,0.3725
Bonobo pat,chr15_pat_hsa14,active,1.792,0.369
Bonobo pat,chr15_pat_hsa14,active,1.824,0.371
Bonobo pat,chr15_pat_hsa14,active,1.9,0.3715
Bonobo pat,chr15_pat_hsa14,active,1.848,0.375
Bonobo pat,chr15_pat_hsa14,active,1.928,0.371
Bonobo pat,chr15_pat_hsa14,active,1.876,0.3715
Bonobo pat,chr15_pat_hsa14,active,1.888,0.3745
Bonobo pat,chr15_pat_hsa14,active,1.856,0.3735
Bonobo pat,chr15_pat_hsa14,active,1.9,0.3725
Bonobo pat,chr15_pat_hsa14,active,1.832,0.373
Bonobo pat,chr15_pat_hsa14,active,1.912,0.375
Bonobo pat,chr15_pat_hsa14,active,1.916,0.371
Bonobo pat,chr15_pat_hsa14,active,1.844,0.376
Bonobo pat,chr15_pat_hsa14,active,1.852,0.3695
Bonobo pat,chr15_pat_hsa14,active,1.908,0.375
Bonobo pat,chr15_pat_hsa14,active,1.928,0.375
Bonobo pat,chr15_pat_hsa14,active,1.908,0.3735
Bonobo pat,chr15_pat_hsa14,active,1.84,0.3715
Bonobo pat,chr15_pat_hsa14,active,1.916,0.376
Bonobo pat,chr15_pat_hsa14,active,1.84,0.375
Bonobo pat,chr15_pat_hsa14,active,1.928,0.375
Bonobo pat,chr15_pat_hsa14,active,1.856,0.3715
Bonobo pat,chr15_pat_hsa14,active,1.936,0.3745
Bonobo pat,chr15_pat_hsa14,active,1.812,0.3695
Bonobo pat,chr15_pat_hsa14,active,1.932,0.3745
Bonobo pat,chr15_pat_hsa14,active,1.84,0.372
Bonobo pat,chr15_pat_hsa14,active,1.844,0.3745
Bonobo pat,chr15_pat_hsa14,active,1.928,0.375
Bonobo pat,chr15_pat_hsa14,active,1.948,0.373
Bonobo pat,chr15_pat_hsa14,active,1.848,0.3755
Bonobo pat,chr15_pat_hsa14,active,1.912,0.37
Bonobo pat,chr15_pat_hsa14,active,1.836,0.376
Bonobo pat,chr15_pat_hsa14,active,1.92,0.374
Bonobo pat,chr15_pat_hsa14,active,1.936,0.372
Bonobo pat,chr15_pat_hsa14,active,1.852,0.3745
Bonobo pat,chr15_pat_hsa14,active,1.868,0.371
Bonobo pat,chr15_pat_hsa14,active,1.824,0.375
Bonobo pat,chr15_pat_hsa14,active,1.94,0.374
Bonobo pat,chr15_pat_hsa14,active,1.828,0.3745
Bonobo pat,chr15_pat_hsa14,active,1.948,0.374
Bonobo pat,chr15_pat_hsa14,active,1.828,0.3725
Bonobo pat,chr15_pat_hsa14,active,1.932,0.3735
Bonobo pat,chr15_pat_hsa14,active,1.792,0.3685
Bonobo pat,chr15_pat_hsa14,active,1.784,0.3695
Bonobo pat,chr15_pat_hsa14,active,1.736,0.369
Bonobo pat,chr15_pat_hsa14,active,1.92,0.374
Bonobo pat,chr15_pat_hsa14,active,1.792,0.3715
Bonobo pat,chr15_pat_hsa14,active,1.828,0.368
Bonobo pat,chr15_pat_hsa14,active,1.816,0.368
Bonobo pat,chr15_pat_hsa14,active,1.724,0.373
Bonobo pat,chr15_pat_hsa14,active,1.804,0.3735
Bonobo pat,chr15_pat_hsa14,active,1.816,0.366
Bonobo pat,chr15_pat_hsa14,active,1.792,0.368
Bonobo pat,chr15_pat_hsa14,active,1.748,0.3705
Bonobo pat,chr15_pat_hsa14,active,1.784,0.3675
Bonobo pat,chr15_pat_hsa14,active,1.836,0.3735
Bonobo pat,chr15_pat_hsa14,active,1.796,0.3725
Bonobo pat,chr15_pat_hsa14,active,1.88,0.375
Bonobo pat,chr15_pat_hsa14,active,1.864,0.3685
Bonobo pat,chr15_pat_hsa14,active,1.948,0.371
Bonobo pat,chr15_pat_hsa14,active,1.92,0.366
Bonobo pat,chr15_pat_hsa14,active,1.86,0.365
Bonobo pat,chr15_pat_hsa14,active,1.916,0.3745
Bonobo pat,chr15_pat_hsa14,active,2.096,0.3675
Bonobo pat,chr15_pat_hsa14,active,2.08,0.3745
Bonobo pat,chr15_pat_hsa14,active,1.968,0.3675
Bonobo pat,chr15_pat_hsa14,active,1.972,0.37
Bonobo pat,chr15_pat_hsa14,active,1.74,0.3685
Bonobo pat,chr15_pat_hsa14,active,1.736,0.3705
Bonobo pat,chr15_pat_hsa14,active,1.888,0.3765
Bonobo pat,chr15_pat_hsa14,active,1.868,0.3725
Bonobo pat,chr15_pat_hsa14,active,1.824,0.3625
Bonobo pat,chr15_pat_hsa14,active,1.94,0.366
Bonobo pat,chr15_pat_hsa14,active,1.848,0.368
Bonobo pat,chr15_pat_hsa14,active,1.924,0.3725
Bonobo pat,chr15_pat_hsa14,active,2.1,0.3715
Bonobo pat,chr15_pat_hsa14,active,2.06,0.374
Bonobo pat,chr15_pat_hsa14,active,2.0,0.367
Bonobo pat,chr15_pat_hsa14,active,1.96,0.369
Bonobo pat,chr15_pat_hsa14,active,1.732,0.3685
Bonobo pat,chr15_pat_hsa14,active,1.78,0.3675
Bonobo pat,chr15_pat_hsa14,active,1.9,0.376
Bonobo pat,chr15_pat_hsa14,active,1.888,0.374
Bonobo pat,chr15_pat_hsa14,active,1.86,0.362
Bonobo pat,chr15_pat_hsa14,active,1.884,0.3685
Bonobo pat,chr15_pat_hsa14,active,1.888,0.3665
Bonobo pat,chr15_pat_hsa14,active,1.88,0.376
Bonobo pat,chr15_pat_hsa14,active,2.104,0.371
Bonobo pat,chr15_pat_hsa14,active,2.016,0.37
Bonobo pat,chr15_pat_hsa14,active,1.996,0.3665
Bonobo pat,chr15_pat_hsa14,active,1.96,0.37
Bonobo pat,chr15_pat_hsa14,active,1.72,0.3675
Bonobo pat,chr15_pat_hsa14,active,1.788,0.373
Bonobo pat,chr15_pat_hsa14,active,1.888,0.371
Bonobo pat,chr15_pat_hsa14,active,1.904,0.3755
Bonobo pat,chr15_pat_hsa14,active,1.896,0.3655
Bonobo pat,chr15_pat_hsa14,active,1.892,0.3655
Bonobo pat,chr15_pat_hsa14,active,1.884,0.3695
Bonobo pat,chr15_pat_hsa14,active,1.888,0.375
Bonobo pat,chr15_pat_hsa14,active,1.896,0.3615
Bonobo pat,chr15_pat_hsa14,active,1.912,0.37
Bonobo pat,chr15_pat_hsa14,active,1.888,0.3655
Bonobo pat,chr15_pat_hsa14,active,1.88,0.3725
Bonobo pat,chr15_pat_hsa14,active,2.088,0.3745
Bonobo pat,chr15_pat_hsa14,active,2.028,0.3685
Bonobo pat,chr15_pat_hsa14,active,1.976,0.3685
Bonobo pat,chr15_pat_hsa14,active,1.964,0.3695
Bonobo pat,chr15_pat_hsa14,active,1.712,0.3695
Bonobo pat,chr15_pat_hsa14,active,1.784,0.3695
Bonobo pat,chr15_pat_hsa14,active,1.868,0.3745
Bonobo pat,chr15_pat_hsa14,active,1.928,0.3735
Bonobo pat,chr15_pat_hsa14,active,1.944,0.363
Bonobo pat,chr15_pat_hsa14,active,1.892,0.3665
Bonobo pat,chr15_pat_hsa14,active,1.928,0.3715
Bonobo pat,chr15_pat_hsa14,active,1.98,0.3695
Bonobo pat,chr15_pat_hsa14,active,2.064,0.3755
Bonobo pat,chr15_pat_hsa14,active,1.984,0.3695
Bonobo pat,chr15_pat_hsa14,active,1.996,0.369
Bonobo pat,chr15_pat_hsa14,active,1.928,0.3695
Bonobo pat,chr15_pat_hsa14,active,1.712,0.366
Bonobo pat,chr15_pat_hsa14,active,1.88,0.376
Bonobo pat,chr15_pat_hsa14,active,1.88,0.37
Bonobo pat,chr15_pat_hsa14,active,1.916,0.369
Bonobo pat,chr15_pat_hsa14,active,1.884,0.37
Bonobo pat,chr15_pat_hsa14,active,1.908,0.366
Bonobo pat,chr15_pat_hsa14,active,1.86,0.3745
Bonobo pat,chr15_pat_hsa14,active,2.096,0.373
Bonobo pat,chr15_pat_hsa14,active,2.052,0.3695
Bonobo pat,chr15_pat_hsa14,active,1.88,0.369
Bonobo pat,chr15_pat_hsa14,active,1.864,0.376
Bonobo pat,chr15_pat_hsa14,active,1.88,0.371
Bonobo pat,chr15_pat_hsa14,active,1.884,0.3745
Bonobo pat,chr15_pat_hsa14,active,1.876,0.3745
Bonobo pat,chr15_pat_hsa14,active,1.664,0.3745
Bonobo pat,chr15_pat_hsa14,active,1.9,0.3775
Bonobo pat,chr15_pat_hsa14,active,1.836,0.3685
Bonobo pat,chr15_pat_hsa14,active,1.784,0.3695
Bonobo pat,chr15_pat_hsa14,active,1.84,0.3695
Bonobo pat,chr15_pat_hsa14,active,1.896,0.376
Bonobo pat,chr15_pat_hsa14,active,1.86,0.369
Bonobo pat,chr15_pat_hsa14,active,1.892,0.377
Bonobo pat,chr15_pat_hsa14,active,1.86,0.3695
Bonobo pat,chr15_pat_hsa14,active,1.888,0.376
Bonobo pat,chr15_pat_hsa14,active,1.884,0.369
Bonobo pat,chr15_pat_hsa14,active,1.856,0.3775
Bonobo pat,chr15_pat_hsa14,active,1.892,0.3715
Bonobo pat,chr15_pat_hsa14,active,1.848,0.375
Bonobo pat,chr15_pat_hsa14,active,1.908,0.371
Bonobo pat,chr15_pat_hsa14,active,1.852,0.3755
Bonobo pat,chr15_pat_hsa14,active,1.888,0.371
Bonobo pat,chr15_pat_hsa14,active,1.78,0.373
Bonobo pat,chr15_pat_hsa14,active,1.832,0.3665
Bonobo pat,chr15_pat_hsa14,active,1.796,0.3725
Bonobo pat,chr15_pat_hsa14,active,1.8,0.3685
Bonobo pat,chr15_pat_hsa14,active,1.784,0.3725
Bonobo pat,chr15_pat_hsa14,active,1.748,0.368
Bonobo pat,chr15_pat_hsa14,active,1.832,0.367
Bonobo pat,chr15_pat_hsa14,active,1.816,0.3705
Bonobo pat,chr15_pat_hsa14,active,1.724,0.374
Bonobo pat,chr15_pat_hsa14,active,1.852,0.365
Bonobo pat,chr15_pat_hsa14,active,1.788,0.372
Bonobo pat,chr15_pat_hsa14,active,1.808,0.3655
Bonobo pat,chr15_pat_hsa14,active,1.816,0.3705
Bonobo pat,chr15_pat_hsa14,active,1.812,0.3685
Bonobo pat,chr15_pat_hsa14,active,1.804,0.3745
Bonobo pat,chr15_pat_hsa14,active,1.772,0.366
Bonobo pat,chr15_pat_hsa14,active,1.716,0.3715
Bonobo pat,chr15_pat_hsa14,active,1.792,0.375
Bonobo pat,chr15_pat_hsa14,active,1.836,0.367
Bonobo pat,chr15_pat_hsa14,active,1.94,0.372
Bonobo pat,chr15_pat_hsa14,active,1.816,0.372
Bonobo pat,chr15_pat_hsa14,active,1.92,0.375
Bonobo pat,chr15_pat_hsa14,active,1.808,0.37
Bonobo pat,chr15_pat_hsa14,active,1.928,0.377
Bonobo pat,chr15_pat_hsa14,active,1.844,0.37
Bonobo pat,chr15_pat_hsa14,active,1.9,0.3775
Bonobo pat,chr15_pat_hsa14,active,1.828,0.3745
Bonobo pat,chr15_pat_hsa14,active,1.932,0.374
Bonobo pat,chr15_pat_hsa14,active,1.856,0.3725
Bonobo pat,chr15_pat_hsa14,active,1.944,0.3725
Bonobo pat,chr15_pat_hsa14,active,1.788,0.371
Bonobo pat,chr15_pat_hsa14,active,1.744,0.3695
Bonobo pat,chr15_pat_hsa14,active,1.78,0.3675
Bonobo pat,chr15_pat_hsa14,active,1.748,0.3725
Bonobo pat,chr15_pat_hsa14,active,1.792,0.3655
Bonobo pat,chr15_pat_hsa14,active,1.816,0.3755
Bonobo pat,chr15_pat_hsa14,active,1.808,0.369
Bonobo pat,chr15_pat_hsa14,active,1.812,0.3715
Bonobo pat,chr15_pat_hsa14,active,1.74,0.3655
Bonobo pat,chr15_pat_hsa14,active,1.824,0.367
Bonobo pat,chr15_pat_hsa14,active,1.78,0.3705
Bonobo pat,chr15_pat_hsa14,active,1.768,0.3765
Bonobo pat,chr15_pat_hsa14,active,1.836,0.3655
Bonobo pat,chr15_pat_hsa14,active,1.776,0.37
Bonobo pat,chr15_pat_hsa14,active,1.816,0.3665
Bonobo pat,chr15_pat_hsa14,active,1.836,0.3715
Bonobo pat,chr15_pat_hsa14,active,1.684,0.3735
Bonobo pat,chr15_pat_hsa14,active,1.812,0.366
Bonobo pat,chr15_pat_hsa14,active,1.816,0.3735
Bonobo pat,chr15_pat_hsa14,active,1.792,0.3645
Bonobo pat,chr15_pat_hsa14,active,1.82,0.369
Bonobo pat,chr15_pat_hsa14,active,1.744,0.3705
Bonobo pat,chr15_pat_hsa14,active,1.8,0.368
Bonobo pat,chr15_pat_hsa14,active,1.788,0.375
Bonobo pat,chr15_pat_hsa14,active,1.812,0.3665
Bonobo pat,chr15_pat_hsa14,active,1.808,0.368
Bonobo pat,chr15_pat_hsa14,active,1.772,0.373
Bonobo pat,chr15_pat_hsa14,active,1.772,0.3655
Bonobo pat,chr15_pat_hsa14,active,1.792,0.3735
Bonobo pat,chr15_pat_hsa14,active,1.812,0.3665
Bonobo pat,chr15_pat_hsa14,active,1.776,0.371
Bonobo pat,chr15_pat_hsa14,active,1.816,0.3665
Bonobo pat,chr15_pat_hsa14,active,1.812,0.371
Bonobo pat,chr15_pat_hsa14,active,1.732,0.3705
Bonobo pat,chr15_pat_hsa14,active,1.824,0.3675
Bonobo pat,chr15_pat_hsa14,active,1.8,0.375
Bonobo pat,chr15_pat_hsa14,active,1.816,0.3675
Bonobo pat,chr15_pat_hsa14,active,1.788,0.368
Bonobo pat,chr15_pat_hsa14,active,1.824,0.3685
Bonobo pat,chr15_pat_hsa14,active,1.784,0.372
Bonobo pat,chr15_pat_hsa14,active,1.808,0.366
Bonobo pat,chr15_pat_hsa14,active,1.844,0.371
Bonobo pat,chr15_pat_hsa14,active,1.78,0.3715
Bonobo pat,chr15_pat_hsa14,active,1.764,0.369
Bonobo pat,chr15_pat_hsa14,active,1.732,0.3695
Bonobo pat,chr15_pat_hsa14,active,1.816,0.3665
Bonobo pat,chr15_pat_hsa14,active,1.832,0.3755
Bonobo pat,chr15_pat_hsa14,active,1.808,0.3695
Bonobo pat,chr15_pat_hsa14,active,1.8,0.371
Bonobo pat,chr15_pat_hsa14,active,1.748,0.3665
Bonobo pat,chr15_pat_hsa14,active,1.824,0.3665
Bonobo pat,chr15_pat_hsa14,active,1.78,0.371
Bonobo pat,chr15_pat_hsa14,active,1.756,0.3765
Bonobo pat,chr15_pat_hsa14,active,1.832,0.3655
Bonobo pat,chr15_pat_hsa14,active,1.756,0.369
Bonobo pat,chr15_pat_hsa14,active,1.824,0.3665
Bonobo pat,chr15_pat_hsa14,active,1.792,0.3725
Bonobo pat,chr15_pat_hsa14,active,1.804,0.3675
Bonobo pat,chr15_pat_hsa14,active,1.72,0.3715
Bonobo pat,chr15_pat_hsa14,active,1.804,0.374
Bonobo pat,chr15_pat_hsa14,active,1.792,0.365
Bonobo pat,chr15_pat_hsa14,active,1.808,0.3685
Bonobo pat,chr15_pat_hsa14,active,1.832,0.369
Bonobo pat,chr15_pat_hsa14,active,1.76,0.3705
Bonobo pat,chr15_pat_hsa14,active,1.78,0.3765
Bonobo pat,chr15_pat_hsa14,active,1.824,0.3665
Bonobo pat,chr15_pat_hsa14,active,1.804,0.369
Bonobo pat,chr15_pat_hsa14,active,1.76,0.3725
Bonobo pat,chr15_pat_hsa14,active,1.776,0.365
Bonobo pat,chr15_pat_hsa14,active,1.848,0.368
Bonobo pat,chr15_pat_hsa14,active,1.716,0.3715
Bonobo pat,chr15_pat_hsa14,active,1.764,0.371
Bonobo pat,chr15_pat_hsa14,active,1.82,0.368
Bonobo pat,chr15_pat_hsa14,active,1.764,0.368
Bonobo pat,chr15_pat_hsa14,active,1.84,0.369
Bonobo pat,chr15_pat_hsa14,active,1.836,0.374
Bonobo pat,chr15_pat_hsa14,active,1.796,0.367
Bonobo pat,chr15_pat_hsa14,active,1.8,0.373
Bonobo pat,chr15_pat_hsa14,active,1.728,0.3635
Bonobo pat,chr15_pat_hsa14,active,1.848,0.3695
Bonobo pat,chr15_pat_hsa14,active,1.784,0.371
Bonobo pat,chr15_pat_hsa14,active,1.836,0.365
Bonobo pat,chr15_pat_hsa14,active,1.748,0.376
Bonobo pat,chr15_pat_hsa14,active,1.84,0.366
Bonobo pat,chr15_pat_hsa14,active,1.788,0.37
Bonobo pat,chr15_pat_hsa14,active,1.824,0.3675
Bonobo pat,chr15_pat_hsa14,active,1.78,0.3715
Bonobo pat,chr15_pat_hsa14,active,1.804,0.367
Bonobo pat,chr15_pat_hsa14,active,1.776,0.3725
Bonobo pat,chr15_pat_hsa14,active,1.848,0.3675
Bonobo pat,chr15_pat_hsa14,active,1.804,0.374
Bonobo pat,chr15_pat_hsa14,active,1.816,0.364
Bonobo pat,chr15_pat_hsa14,active,1.84,0.3685
Bonobo pat,chr15_pat_hsa14,active,1.796,0.368
Bonobo pat,chr15_pat_hsa14,active,1.784,0.374
Bonobo pat,chr15_pat_hsa14,active,1.824,0.367
Bonobo pat,chr15_pat_hsa14,active,1.804,0.366
Bonobo pat,chr15_pat_hsa14,active,1.828,0.3705
Bonobo pat,chr15_pat_hsa14,active,1.776,0.3725
Bonobo pat,chr15_pat_hsa14,active,1.788,0.3665
Bonobo pat,chr15_pat_hsa14,active,1.788,0.374
Bonobo pat,chr15_pat_hsa14,active,1.808,0.364
Bonobo pat,chr15_pat_hsa14,active,1.8,0.3725
Bonobo pat,chr15_pat_hsa14,active,1.816,0.3665
Bonobo pat,chr15_pat_hsa14,active,1.828,0.363
Bonobo pat,chr15_pat_hsa14,active,1.864,0.368
Bonobo pat,chr15_pat_hsa14,active,1.824,0.371
Bonobo pat,chr15_pat_hsa14,active,1.804,0.363
Bonobo pat,chr15_pat_hsa14,active,1.8,0.373
Bonobo pat,chr15_pat_hsa14,active,1.824,0.3675
Bonobo pat,chr15_pat_hsa14,active,1.84,0.373
Bonobo pat,chr15_pat_hsa14,active,1.836,0.371
Bonobo pat,chr15_pat_hsa14,active,1.78,0.364
Bonobo pat,chr15_pat_hsa14,active,1.776,0.374
Bonobo pat,chr15_pat_hsa14,active,1.804,0.3675
Bonobo pat,chr15_pat_hsa14,active,1.812,0.375
Bonobo pat,chr15_pat_hsa14,active,1.836,0.367
Bonobo pat,chr15_pat_hsa14,active,1.792,0.3695
Bonobo pat,chr15_pat_hsa14,active,1.844,0.3685
Bonobo pat,chr15_pat_hsa14,active,1.728,0.3685
Bonobo pat,chr15_pat_hsa14,active,1.808,0.368
Bonobo pat,chr15_pat_hsa14,active,1.848,0.37
Bonobo pat,chr15_pat_hsa14,active,1.808,0.371
Bonobo pat,chr15_pat_hsa14,active,1.812,0.368
Bonobo pat,chr15_pat_hsa14,active,1.836,0.372
Bonobo pat,chr15_pat_hsa14,active,1.792,0.371
Bonobo pat,chr15_pat_hsa14,active,1.808,0.365
Bonobo pat,chr15_pat_hsa14,active,1.86,0.367
Bonobo pat,chr15_pat_hsa14,active,1.784,0.3735
Bonobo pat,chr15_pat_hsa14,active,1.816,0.3665
Bonobo pat,chr15_pat_hsa14,active,1.848,0.371
Bonobo pat,chr15_pat_hsa14,active,1.824,0.3695
Bonobo pat,chr15_pat_hsa14,active,1.696,0.36
Bonobo pat,chr15_pat_hsa14,active,1.748,0.3725
Bonobo pat,chr15_pat_hsa14,active,1.768,0.371
Bonobo pat,chr15_pat_hsa14,active,1.804,0.3655
Bonobo pat,chr15_pat_hsa14,active,1.748,0.367
Bonobo pat,chr15_pat_hsa14,active,1.824,0.3695
Bonobo pat,chr15_pat_hsa14,active,1.756,0.384
Bonobo pat,chr15_pat_hsa14,active,1.708,0.3635
Bonobo pat,chr15_pat_hsa14,active,1.888,0.3795
Bonobo pat,chr15_pat_hsa14,active,1.856,0.3685
Bonobo pat,chr15_pat_hsa14,active,1.936,0.366
Bonobo pat,chr15_pat_hsa14,active,1.904,0.367
Bonobo pat,chr15_pat_hsa14,active,1.76,0.38
Bonobo pat,chr15_pat_hsa14,active,1.768,0.3665
Bonobo pat,chr15_pat_hsa14,active,1.908,0.3785
Bonobo pat,chr15_pat_hsa14,active,1.836,0.3675
Bonobo pat,chr15_pat_hsa14,active,1.944,0.371
Bonobo pat,chr15_pat_hsa14,active,1.928,0.3665
Bonobo pat,chr15_pat_hsa14,active,1.856,0.3645
Bonobo pat,chr15_pat_hsa14,active,1.9,0.376
Bonobo pat,chr15_pat_hsa14,active,2.108,0.3675
Bonobo pat,chr15_pat_hsa14,active,2.084,0.373
Bonobo pat,chr15_pat_hsa14,active,1.848,0.373
Bonobo pat,chr15_pat_hsa14,active,1.976,0.369
Bonobo pat,chr15_pat_hsa14,active,1.868,0.367
Bonobo pat,chr15_pat_hsa14,active,1.924,0.3705
Bonobo pat,chr15_pat_hsa14,active,1.98,0.3715
Bonobo pat,chr15_pat_hsa14,active,1.94,0.369
Bonobo pat,chr15_pat_hsa14,active,1.896,0.3675
Bonobo pat,chr15_pat_hsa14,active,1.892,0.367
Bonobo pat,chr15_pat_hsa14,active,1.936,0.374
Bonobo pat,chr15_pat_hsa14,active,2.108,0.37
Bonobo pat,chr15_pat_hsa14,active,2.052,0.3715
Bonobo pat,chr15_pat_hsa14,active,1.936,0.3755
Bonobo pat,chr15_pat_hsa14,active,1.94,0.3655
Bonobo pat,chr15_pat_hsa14,active,1.888,0.369
Bonobo pat,chr15_pat_hsa14,active,1.936,0.369
Bonobo pat,chr15_pat_hsa14,active,1.96,0.3705
Bonobo pat,chr15_pat_hsa14,active,1.928,0.37
Bonobo pat,chr15_pat_hsa14,active,1.936,0.3665
Bonobo pat,chr15_pat_hsa14,active,1.896,0.3665
Bonobo pat,chr15_pat_hsa14,active,1.912,0.372
Bonobo pat,chr15_pat_hsa14,active,2.068,0.376
Bonobo pat,chr15_pat_hsa14,active,2.06,0.3695
Bonobo pat,chr15_pat_hsa14,active,1.896,0.3735
Bonobo pat,chr15_pat_hsa14,active,1.836,0.3685
Bonobo pat,chr15_pat_hsa14,active,1.976,0.362
Bonobo pat,chr15_pat_hsa14,active,1.932,0.3755
Bonobo pat,chr15_pat_hsa14,active,1.932,0.374
Bonobo pat,chr15_pat_hsa14,active,1.864,0.362
Bonobo pat,chr15_pat_hsa14,active,1.908,0.3695
Bonobo pat,chr15_pat_hsa14,active,1.9,0.366
Bonobo pat,chr15_pat_hsa14,active,1.964,0.373
Bonobo pat,chr15_pat_hsa14,active,2.044,0.377
Bonobo pat,chr15_pat_hsa14,active,1.992,0.368
Bonobo pat,chr15_pat_hsa14,active,1.992,0.367
Bonobo pat,chr15_pat_hsa14,active,1.944,0.368
Bonobo pat,chr15_pat_hsa14,active,1.74,0.37
Bonobo pat,chr15_pat_hsa14,active,1.808,0.3715
Bonobo pat,chr15_pat_hsa14,active,1.88,0.3735
Bonobo pat,chr15_pat_hsa14,active,1.912,0.3735
Bonobo pat,chr15_pat_hsa14,active,1.976,0.3675
Bonobo pat,chr15_pat_hsa14,active,1.88,0.367
Bonobo pat,chr15_pat_hsa14,active,1.936,0.3715
Bonobo pat,chr15_pat_hsa14,active,1.988,0.365
Bonobo pat,chr15_pat_hsa14,active,2.088,0.377
Bonobo pat,chr15_pat_hsa14,active,1.968,0.3695
Bonobo pat,chr15_pat_hsa14,active,1.936,0.37
Bonobo pat,chr15_pat_hsa14,active,1.856,0.367
Bonobo pat,chr15_pat_hsa14,active,1.968,0.3675
Bonobo pat,chr15_pat_hsa14,active,1.928,0.3755
Bonobo pat,chr15_pat_hsa14,active,1.804,0.3725
Bonobo pat,chr15_pat_hsa14,active,1.86,0.364
Bonobo pat,chr15_pat_hsa14,active,2.084,0.3695
Bonobo pat,chr15_pat_hsa14,active,1.924,0.375
Bonobo pat,chr15_pat_hsa14,active,1.94,0.3635
Bonobo pat,chr15_pat_hsa14,active,1.896,0.37
Bonobo pat,chr15_pat_hsa14,active,1.904,0.3675
Bonobo pat,chr15_pat_hsa14,active,2.044,0.3715
Bonobo pat,chr15_pat_hsa14,active,1.852,0.3645
Bonobo pat,chr15_pat_hsa14,active,1.772,0.3645
Bonobo pat,chr15_pat_hsa14,active,1.816,0.3755
Bonobo pat,chr15_pat_hsa14,active,1.912,0.3725
Bonobo pat,chr15_pat_hsa14,active,1.872,0.373
Bonobo pat,chr15_pat_hsa14,active,1.984,0.3715
Bonobo pat,chr15_pat_hsa14,active,1.94,0.37
Bonobo pat,chr15_pat_hsa14,active,1.98,0.356
Bonobo pat,chr15_pat_hsa14,active,2.072,0.359
Bonobo pat,chr15_pat_hsa14,active,1.864,0.3585
Bonobo pat,chr15_pat_hsa14,active,1.872,0.3655
Bonobo pat,chr15_pat_hsa14,active,1.952,0.354
Bonobo pat,chr15_pat_hsa14,active,1.904,0.3615
Bonobo pat,chr15_pat_hsa14,active,1.868,0.3695
Bonobo pat,chr15_pat_hsa14,active,1.884,0.372
Bonobo pat,chr15_pat_hsa14,active,1.852,0.3735
Bonobo pat,chr15_pat_hsa14,active,1.968,0.3665
Bonobo pat,chr15_pat_hsa14,active,1.88,0.374
Bonobo pat,chr15_pat_hsa14,active,1.86,0.3815
Bonobo pat,chr15_pat_hsa14,active,1.896,0.38
Bonobo pat,chr15_pat_hsa14,active,1.92,0.378
Bonobo pat,chr15_pat_hsa14,active,1.844,0.375
Bonobo pat,chr15_pat_hsa14,active,1.912,0.3705
Bonobo pat,chr15_pat_hsa14,active,1.904,0.372
Bonobo pat,chr15_pat_hsa14,active,1.92,0.375
Bonobo pat,chr15_pat_hsa14,active,1.784,0.375
Bonobo pat,chr15_pat_hsa14,active,1.872,0.373
Bonobo pat,chr15_pat_hsa14,active,1.848,0.3705
Bonobo pat,chr15_pat_hsa14,active,1.7,0.372
Bonobo pat,chr15_pat_hsa14,active,1.78,0.3695
Bonobo pat,chr15_pat_hsa14,active,1.84,0.368
Bonobo pat,chr15_pat_hsa14,active,1.964,0.364
Bonobo pat,chr15_pat_hsa14,active,1.912,0.363
Bonobo pat,chr15_pat_hsa14,active,1.916,0.366
Bonobo pat,chr15_pat_hsa14,active,1.856,0.3655
Bonobo pat,chr15_pat_hsa14,active,1.876,0.3595
Bonobo pat,chr15_pat_hsa14,active,1.824,0.365
Bonobo pat,chr15_pat_hsa14,active,1.84,0.363
Bonobo pat,chr15_pat_hsa14,active,1.784,0.372
Bonobo pat,chr15_pat_hsa14,active,1.812,0.362
Bonobo pat,chr15_pat_hsa14,active,2.188,0.374
Bonobo pat,chr15_pat_hsa14,active,2.408,0.385
Bonobo pat,chr15_pat_hsa14,active,1.892,0.381
Bonobo pat,chr15_pat_hsa14,active,1.856,0.362
Bonobo pat,chr15_pat_hsa14,active,2.372,0.3835
Bonobo pat,chr15_pat_hsa14,active,1.88,0.37
Bonobo pat,chr15_pat_hsa14,active,1.872,0.373
Bonobo pat,chr15_pat_hsa14,active,1.88,0.3635
Bonobo pat,chr15_pat_hsa14,active,1.8,0.3775
Bonobo pat,chr15_pat_hsa14,active,2.416,0.379
Bonobo pat,chr15_pat_hsa14,active,2.432,0.4055
Bonobo pat,chr15_pat_hsa14,active,2.372,0.2915
Bonobo pat,chr15_pat_hsa14,active,2.46,0.352
Bonobo pat,chr15_pat_hsa14,active,2.424,0.383
Bonobo pat,chr15_pat_hsa14,active,2.444,0.363
Bonobo pat,chr15_pat_hsa14,active,2.352,0.428
Bonobo pat,chr15_pat_hsa14,active,2.424,0.4285
Bonobo pat,chr15_pat_hsa14,active,2.364,0.3975
Bonobo pat,chr15_pat_hsa14,active,2.464,0.3325
Bonobo pat,chr15_pat_hsa14,active,2.476,0.43
Bonobo pat,chr15_pat_hsa14,active,2.44,0.3415
Bonobo pat,chr15_pat_hsa14,active,2.44,0.4025
Bonobo pat,chr15_pat_hsa14,active,2.408,0.385
Bonobo pat,chr15_pat_hsa14,active,2.476,0.382
Bonobo pat,chr15_pat_hsa14,active,2.468,0.351
Bonobo pat,chr15_pat_hsa14,active,2.424,0.4225
Bonobo pat,chr15_pat_hsa14,active,2.488,0.4
Bonobo pat,chr15_pat_hsa14,active,2.444,0.3685
Bonobo pat,chr15_pat_hsa14,active,2.452,0.363
Bonobo pat,chr15_pat_hsa14,active,2.472,0.3855
Bonobo pat,chr15_pat_hsa14,active,2.432,0.313
Bonobo pat,chr15_pat_hsa14,active,2.464,0.3665
Bonobo pat,chr15_pat_hsa14,active,2.432,0.378
Bonobo pat,chr15_pat_hsa14,active,2.436,0.337
Bonobo pat,chr15_pat_hsa14,active,2.464,0.3605
Bonobo pat,chr15_pat_hsa14,active,2.424,0.324
Bonobo pat,chr15_pat_hsa14,active,2.424,0.3315
Bonobo pat,chr15_pat_hsa14,active,2.444,0.4495
Bonobo pat,chr15_pat_hsa14,active,2.416,0.383
Bonobo pat,chr15_pat_hsa14,active,2.44,0.3795
Bonobo pat,chr15_pat_hsa14,active,2.452,0.337
Bonobo pat,chr15_pat_hsa14,active,2.432,0.333
Bonobo pat,chr15_pat_hsa14,active,2.472,0.3555
Bonobo pat,chr15_pat_hsa14,active,2.388,0.32
Bonobo pat,chr15_pat_hsa14,active,2.448,0.4115
Bonobo pat,chr15_pat_hsa14,active,2.452,0.366
Bonobo pat,chr15_pat_hsa14,active,2.372,0.3805
Bonobo pat,chr15_pat_hsa14,active,2.46,0.359
Bonobo pat,chr15_pat_hsa14,active,2.416,0.3175
Bonobo pat,chr15_pat_hsa14,inactive,2.46,0.513
Bonobo pat,chr15_pat_hsa14,inactive,2.456,0.4065
Bonobo pat,chr15_pat_hsa14,inactive,2.408,0.4505
Bonobo pat,chr15_pat_hsa14,inactive,2.496,0.394
Bonobo pat,chr15_pat_hsa14,inactive,2.48,0.439
Bonobo pat,chr23_pat_hsa22,inactive,1.84,0.3625
Bonobo pat,chr23_pat_hsa22,inactive,1.908,0.3695
Bonobo pat,chr23_pat_hsa22,inactive,1.844,0.3685
Bonobo pat,chr23_pat_hsa22,inactive,1.852,0.374
Bonobo pat,chr23_pat_hsa22,inactive,1.844,0.3725
Bonobo pat,chr23_pat_hsa22,inactive,1.848,0.3705
Bonobo pat,chr23_pat_hsa22,inactive,1.832,0.374
Bonobo pat,chr23_pat_hsa22,inactive,1.86,0.372
Bonobo pat,chr23_pat_hsa22,inactive,1.876,0.37
Bonobo pat,chr23_pat_hsa22,inactive,1.8,0.3705
Bonobo pat,chr23_pat_hsa22,inactive,1.868,0.375
Bonobo pat,chr23_pat_hsa22,inactive,1.848,0.372
Bonobo pat,chr23_pat_hsa22,inactive,1.824,0.3715
Bonobo pat,chr23_pat_hsa22,inactive,1.884,0.371
Bonobo pat,chr23_pat_hsa22,inactive,1.832,0.369
Bonobo pat,chr23_pat_hsa22,inactive,1.868,0.373
Bonobo pat,chr23_pat_hsa22,inactive,1.872,0.3705
Bonobo pat,chr23_pat_hsa22,inactive,1.82,0.369
Bonobo pat,chr23_pat_hsa22,inactive,1.808,0.3725
Bonobo pat,chr23_pat_hsa22,inactive,1.852,0.3715
Bonobo pat,chr23_pat_hsa22,inactive,1.864,0.3735
Bonobo pat,chr23_pat_hsa22,inactive,1.84,0.37
Bonobo pat,chr23_pat_hsa22,inactive,1.832,0.371
Bonobo pat,chr23_pat_hsa22,inactive,1.788,0.369
Bonobo pat,chr23_pat_hsa22,inactive,1.804,0.369
Bonobo pat,chr23_pat_hsa22,inactive,1.812,0.37
Bonobo pat,chr23_pat_hsa22,inactive,1.82,0.3675
Bonobo pat,chr23_pat_hsa22,inactive,1.804,0.3705
Bonobo pat,chr23_pat_hsa22,inactive,1.78,0.37
Bonobo pat,chr23_pat_hsa22,inactive,1.82,0.3715
Bonobo pat,chr23_pat_hsa22,inactive,1.756,0.3685
Bonobo pat,chr23_pat_hsa22,inactive,1.804,0.3685
Bonobo pat,chr23_pat_hsa22,inactive,1.808,0.37
Bonobo pat,chr23_pat_hsa22,inactive,1.868,0.372
Bonobo pat,chr23_pat_hsa22,inactive,1.728,0.37
Bonobo pat,chr23_pat_hsa22,inactive,1.828,0.3695
Bonobo pat,chr23_pat_hsa22,inactive,1.82,0.371
Bonobo pat,chr23_pat_hsa22,inactive,1.788,0.374
Bonobo pat,chr23_pat_hsa22,inactive,1.876,0.372
Bonobo pat,chr23_pat_hsa22,inactive,1.852,0.368
Bonobo pat,chr23_pat_hsa22,inactive,1.852,0.373
Bonobo pat,chr23_pat_hsa22,inactive,1.86,0.3735
Bonobo pat,chr23_pat_hsa22,inactive,1.864,0.374
Bonobo pat,chr23_pat_hsa22,inactive,1.828,0.3725
Bonobo pat,chr23_pat_hsa22,inactive,1.852,0.3735
Bonobo pat,chr23_pat_hsa22,inactive,1.872,0.372
Bonobo pat,chr23_pat_hsa22,inactive,1.796,0.3745
Bonobo pat,chr23_pat_hsa22,inactive,1.856,0.37
Bonobo pat,chr23_pat_hsa22,inactive,1.812,0.369
Bonobo pat,chr23_pat_hsa22,inactive,1.856,0.37
Bonobo pat,chr23_pat_hsa22,inactive,1.872,0.37
Bonobo pat,chr23_pat_hsa22,inactive,1.872,0.376
Bonobo pat,chr23_pat_hsa22,inactive,1.844,0.3725
Bonobo pat,chr23_pat_hsa22,inactive,1.848,0.373
Bonobo pat,chr23_pat_hsa22,inactive,1.812,0.3715
Bonobo pat,chr23_pat_hsa22,inactive,1.824,0.373
Bonobo pat,chr23_pat_hsa22,inactive,1.86,0.374
Bonobo pat,chr23_pat_hsa22,inactive,1.864,0.376
Bonobo pat,chr23_pat_hsa22,inactive,1.836,0.373
Bonobo pat,chr23_pat_hsa22,inactive,1.84,0.3725
Bonobo pat,chr23_pat_hsa22,inactive,1.828,0.3755
Bonobo pat,chr23_pat_hsa22,inactive,1.808,0.3735
Bonobo pat,chr23_pat_hsa22,inactive,1.828,0.3715
Bonobo pat,chr23_pat_hsa22,inactive,1.86,0.3745
Bonobo pat,chr23_pat_hsa22,inactive,1.836,0.3725
Bonobo pat,chr23_pat_hsa22,inactive,1.836,0.374
Bonobo pat,chr23_pat_hsa22,inactive,1.828,0.3725
Bonobo pat,chr23_pat_hsa22,inactive,1.82,0.375
Bonobo pat,chr23_pat_hsa22,inactive,1.84,0.3715
Bonobo pat,chr23_pat_hsa22,inactive,1.828,0.3745
Bonobo pat,chr23_pat_hsa22,inactive,1.828,0.3735
Bonobo pat,chr23_pat_hsa22,inactive,1.828,0.3715
Bonobo pat,chr23_pat_hsa22,inactive,1.828,0.374
Bonobo pat,chr23_pat_hsa22,inactive,1.824,0.3745
Bonobo pat,chr23_pat_hsa22,inactive,1.836,0.371
Bonobo pat,chr23_pat_hsa22,inactive,1.824,0.3765
Bonobo pat,chr23_pat_hsa22,inactive,1.836,0.373
Bonobo pat,chr23_pat_hsa22,inactive,1.824,0.371
Bonobo pat,chr23_pat_hsa22,inactive,1.82,0.3745
Bonobo pat,chr23_pat_hsa22,inactive,1.82,0.3755
Bonobo pat,chr23_pat_hsa22,inactive,1.828,0.371
Bonobo pat,chr23_pat_hsa22,inactive,1.832,0.375
Bonobo pat,chr23_pat_hsa22,inactive,1.848,0.373
Bonobo pat,chr23_pat_hsa22,inactive,1.808,0.371
Bonobo pat,chr23_pat_hsa22,inactive,1.816,0.3745
Bonobo pat,chr23_pat_hsa22,inactive,1.82,0.3735
Bonobo pat,chr23_pat_hsa22,inactive,1.868,0.374
Bonobo pat,chr23_pat_hsa22,inactive,1.816,0.3735
Bonobo pat,chr23_pat_hsa22,inactive,1.82,0.373
Bonobo pat,chr23_pat_hsa22,inactive,1.8,0.3715
Bonobo pat,chr23_pat_hsa22,inactive,1.812,0.372
Bonobo pat,chr23_pat_hsa22,inactive,1.828,0.374
Bonobo pat,chr23_pat_hsa22,inactive,1.84,0.375
Bonobo pat,chr23_pat_hsa22,inactive,1.812,0.3715
Bonobo pat,chr23_pat_hsa22,inactive,1.828,0.3745
Bonobo pat,chr23_pat_hsa22,inactive,1.828,0.372
Bonobo pat,chr23_pat_hsa22,inactive,1.816,0.373
Bonobo pat,chr23_pat_hsa22,inactive,1.82,0.373
Bonobo pat,chr23_pat_hsa22,inactive,1.856,0.377
Bonobo pat,chr23_pat_hsa22,inactive,1.816,0.3715
Bonobo pat,chr23_pat_hsa22,inactive,1.848,0.3735
Bonobo pat,chr23_pat_hsa22,inactive,1.844,0.375
Bonobo pat,chr23_pat_hsa22,inactive,1.848,0.3745
Bonobo pat,chr23_pat_hsa22,inactive,1.852,0.373
Bonobo pat,chr23_pat_hsa22,inactive,1.856,0.376
Bonobo pat,chr23_pat_hsa22,inactive,1.824,0.3735
Bonobo pat,chr23_pat_hsa22,inactive,1.84,0.373
Bonobo pat,chr23_pat_hsa22,inactive,1.844,0.374
Bonobo pat,chr23_pat_hsa22,inactive,1.836,0.375
Bonobo pat,chr23_pat_hsa22,inactive,1.868,0.3725
Bonobo pat,chr23_pat_hsa22,inactive,1.836,0.3765
Bonobo pat,chr23_pat_hsa22,inactive,1.844,0.373
Bonobo pat,chr23_pat_hsa22,inactive,1.828,0.3715
Bonobo pat,chr23_pat_hsa22,inactive,1.844,0.3755
Bonobo pat,chr23_pat_hsa22,inactive,1.852,0.374
Bonobo pat,chr23_pat_hsa22,inactive,1.852,0.3725
Bonobo pat,chr23_pat_hsa22,inactive,1.852,0.3765
Bonobo pat,chr23_pat_hsa22,inactive,1.852,0.3725
Bonobo pat,chr23_pat_hsa22,inactive,1.828,0.374
Bonobo pat,chr23_pat_hsa22,inactive,1.876,0.376
Bonobo pat,chr23_pat_hsa22,inactive,1.868,0.3765
Bonobo pat,chr23_pat_hsa22,inactive,1.884,0.373
Bonobo pat,chr23_pat_hsa22,inactive,1.832,0.3755
Bonobo pat,chr23_pat_hsa22,inactive,1.848,0.3735
Bonobo pat,chr23_pat_hsa22,inactive,1.812,0.373
Bonobo pat,chr23_pat_hsa22,inactive,1.86,0.375
Bonobo pat,chr23_pat_hsa22,inactive,1.852,0.3755
Bonobo pat,chr23_pat_hsa22,inactive,1.872,0.379
Bonobo pat,chr23_pat_hsa22,inactive,1.84,0.3735
Bonobo pat,chr23_pat_hsa22,inactive,1.84,0.3765
Bonobo pat,chr23_pat_hsa22,inactive,1.856,0.374
Bonobo pat,chr23_pat_hsa22,inactive,1.872,0.3765
Bonobo pat,chr23_pat_hsa22,inactive,1.856,0.3755
Bonobo pat,chr23_pat_hsa22,inactive,1.832,0.373
Bonobo pat,chr23_pat_hsa22,inactive,1.864,0.378
Bonobo pat,chr23_pat_hsa22,inactive,1.836,0.3755
Bonobo pat,chr23_pat_hsa22,inactive,1.868,0.374
Bonobo pat,chr23_pat_hsa22,inactive,1.848,0.3775
Bonobo pat,chr23_pat_hsa22,inactive,1.864,0.374
Bonobo pat,chr23_pat_hsa22,inactive,1.864,0.375
Bonobo pat,chr23_pat_hsa22,inactive,1.86,0.3755
Bonobo pat,chr23_pat_hsa22,inactive,1.852,0.3775
Bonobo pat,chr23_pat_hsa22,inactive,1.86,0.3715
Bonobo pat,chr23_pat_hsa22,inactive,1.76,0.373
Bonobo pat,chr23_pat_hsa22,inactive,1.776,0.3755
Bonobo pat,chr23_pat_hsa22,inactive,1.884,0.3735
Bonobo pat,chr23_pat_hsa22,inactive,1.888,0.3775
Bonobo pat,chr23_pat_hsa22,inactive,1.876,0.372
Bonobo pat,chr23_pat_hsa22,inactive,1.864,0.374
Bonobo pat,chr23_pat_hsa22,inactive,1.84,0.3735
Bonobo pat,chr23_pat_hsa22,inactive,1.84,0.374
Bonobo pat,chr23_pat_hsa22,inactive,1.852,0.374
Bonobo pat,chr23_pat_hsa22,inactive,1.868,0.378
Bonobo pat,chr23_pat_hsa22,inactive,1.844,0.376
Bonobo pat,chr23_pat_hsa22,inactive,1.764,0.379
Bonobo pat,chr23_pat_hsa22,inactive,1.832,0.376
Bonobo pat,chr23_pat_hsa22,inactive,1.84,0.376
Bonobo pat,chr23_pat_hsa22,inactive,1.74,0.38
Bonobo pat,chr23_pat_hsa22,inactive,1.868,0.3735
Bonobo pat,chr23_pat_hsa22,inactive,1.688,0.375
Bonobo pat,chr23_pat_hsa22,inactive,1.856,0.382
Bonobo pat,chr23_pat_hsa22,inactive,1.84,0.374
Bonobo pat,chr23_pat_hsa22,inactive,1.776,0.378
Bonobo pat,chr23_pat_hsa22,inactive,1.864,0.376
Bonobo pat,chr23_pat_hsa22,inactive,1.856,0.378
Bonobo pat,chr23_pat_hsa22,inactive,1.852,0.3765
Bonobo pat,chr23_pat_hsa22,inactive,1.832,0.373
Bonobo pat,chr23_pat_hsa22,inactive,1.84,0.377
Bonobo pat,chr23_pat_hsa22,inactive,1.864,0.3765
Bonobo pat,chr23_pat_hsa22,inactive,1.86,0.3775
Bonobo pat,chr23_pat_hsa22,inactive,1.836,0.375
Bonobo pat,chr23_pat_hsa22,inactive,1.884,0.3765
Bonobo pat,chr23_pat_hsa22,inactive,1.84,0.373
Bonobo pat,chr23_pat_hsa22,inactive,1.848,0.3745
Bonobo pat,chr23_pat_hsa22,inactive,1.852,0.3765
Bonobo pat,chr23_pat_hsa22,inactive,1.864,0.381
Bonobo pat,chr23_pat_hsa22,inactive,1.844,0.3745
Bonobo pat,chr23_pat_hsa22,inactive,1.86,0.376
Bonobo pat,chr23_pat_hsa22,inactive,1.848,0.3745
Bonobo pat,chr23_pat_hsa22,inactive,1.84,0.3755
Bonobo pat,chr23_pat_hsa22,inactive,1.816,0.374
Bonobo pat,chr23_pat_hsa22,inactive,1.888,0.3765
Bonobo pat,chr23_pat_hsa22,inactive,1.868,0.3805
Bonobo pat,chr23_pat_hsa22,inactive,1.836,0.375
Bonobo pat,chr23_pat_hsa22,inactive,1.872,0.3765
Bonobo pat,chr23_pat_hsa22,inactive,1.848,0.375
Bonobo pat,chr23_pat_hsa22,inactive,1.828,0.3765
Bonobo pat,chr23_pat_hsa22,inactive,1.832,0.377
Bonobo pat,chr23_pat_hsa22,inactive,1.856,0.3785
Bonobo pat,chr23_pat_hsa22,inactive,1.828,0.3755
Bonobo pat,chr23_pat_hsa22,inactive,1.824,0.374
Bonobo pat,chr23_pat_hsa22,inactive,1.832,0.3775
Bonobo pat,chr23_pat_hsa22,inactive,1.82,0.376
Bonobo pat,chr23_pat_hsa22,inactive,1.84,0.3755
Bonobo pat,chr23_pat_hsa22,inactive,1.856,0.378
Bonobo pat,chr23_pat_hsa22,inactive,1.824,0.3755
Bonobo pat,chr23_pat_hsa22,inactive,1.828,0.377
Bonobo pat,chr23_pat_hsa22,inactive,1.852,0.3765
Bonobo pat,chr23_pat_hsa22,inactive,1.816,0.3775
Bonobo pat,chr23_pat_hsa22,inactive,1.824,0.3745
Bonobo pat,chr23_pat_hsa22,inactive,1.848,0.3775
Bonobo pat,chr23_pat_hsa22,inactive,1.836,0.3755
Bonobo pat,chr23_pat_hsa22,inactive,1.824,0.3735
Bonobo pat,chr23_pat_hsa22,inactive,1.804,0.3765
Bonobo pat,chr23_pat_hsa22,inactive,1.844,0.376
Bonobo pat,chr23_pat_hsa22,inactive,1.836,0.375
Bonobo pat,chr23_pat_hsa22,inactive,1.812,0.3785
Bonobo pat,chr23_pat_hsa22,inactive,1.856,0.375
Bonobo pat,chr23_pat_hsa22,inactive,1.8,0.373
Bonobo pat,chr23_pat_hsa22,inactive,1.816,0.3745
Bonobo pat,chr23_pat_hsa22,inactive,1.84,0.3765
Bonobo pat,chr23_pat_hsa22,inactive,1.852,0.375
Bonobo pat,chr23_pat_hsa22,inactive,1.832,0.3765
Bonobo pat,chr23_pat_hsa22,inactive,1.86,0.3745
Bonobo pat,chr23_pat_hsa22,inactive,1.828,0.3725
Bonobo pat,chr23_pat_hsa22,inactive,1.808,0.3795
Bonobo pat,chr23_pat_hsa22,inactive,1.832,0.372
Bonobo pat,chr23_pat_hsa22,inactive,1.568,0.377
Bonobo pat,chr23_pat_hsa22,inactive,1.812,0.3765
Bonobo pat,chr23_pat_hsa22,inactive,1.824,0.3755
Bonobo pat,chr23_pat_hsa22,inactive,1.828,0.379
Bonobo pat,chr23_pat_hsa22,inactive,1.824,0.374
Bonobo pat,chr23_pat_hsa22,inactive,1.82,0.375
Bonobo pat,chr23_pat_hsa22,inactive,1.78,0.374
Bonobo pat,chr23_pat_hsa22,inactive,1.808,0.3735
Bonobo pat,chr23_pat_hsa22,inactive,1.836,0.3745
Bonobo pat,chr23_pat_hsa22,inactive,1.828,0.3775
Bonobo pat,chr23_pat_hsa22,inactive,1.816,0.3755
Bonobo pat,chr23_pat_hsa22,inactive,1.832,0.3735
Bonobo pat,chr23_pat_hsa22,inactive,1.816,0.3755
Bonobo pat,chr23_pat_hsa22,inactive,1.84,0.3735
Bonobo pat,chr23_pat_hsa22,inactive,1.836,0.373
Bonobo pat,chr23_pat_hsa22,inactive,1.848,0.3775
Bonobo pat,chr23_pat_hsa22,inactive,1.828,0.3745
Bonobo pat,chr23_pat_hsa22,inactive,1.856,0.3745
Bonobo pat,chr23_pat_hsa22,inactive,1.836,0.373
Bonobo pat,chr23_pat_hsa22,inactive,1.8,0.3765
Bonobo pat,chr23_pat_hsa22,inactive,1.82,0.3785
Bonobo pat,chr23_pat_hsa22,inactive,1.824,0.3755
Bonobo pat,chr23_pat_hsa22,inactive,1.844,0.3775
Bonobo pat,chr23_pat_hsa22,inactive,1.856,0.3745
Bonobo pat,chr23_pat_hsa22,inactive,1.828,0.3755
Bonobo pat,chr23_pat_hsa22,inactive,1.864,0.377
Bonobo pat,chr23_pat_hsa22,inactive,1.856,0.381
Bonobo pat,chr23_pat_hsa22,inactive,1.844,0.3745
Bonobo pat,chr23_pat_hsa22,inactive,1.876,0.375
Bonobo pat,chr23_pat_hsa22,inactive,1.82,0.3745
Bonobo pat,chr23_pat_hsa22,inactive,1.836,0.375
Bonobo pat,chr23_pat_hsa22,inactive,1.844,0.376
Bonobo pat,chr23_pat_hsa22,inactive,1.836,0.3785
Bonobo pat,chr23_pat_hsa22,inactive,1.836,0.3755
Bonobo pat,chr23_pat_hsa22,inactive,1.836,0.377
Bonobo pat,chr23_pat_hsa22,inactive,1.816,0.3755
Bonobo pat,chr23_pat_hsa22,inactive,1.828,0.3775
Bonobo pat,chr23_pat_hsa22,inactive,1.868,0.3735
Bonobo pat,chr23_pat_hsa22,inactive,1.864,0.379
Bonobo pat,chr23_pat_hsa22,inactive,1.856,0.374
Bonobo pat,chr23_pat_hsa22,inactive,1.844,0.3715
Bonobo pat,chr23_pat_hsa22,inactive,1.824,0.376
Bonobo pat,chr23_pat_hsa22,inactive,1.848,0.3745
Bonobo pat,chr23_pat_hsa22,inactive,1.86,0.377
Bonobo pat,chr23_pat_hsa22,inactive,1.824,0.3775
Bonobo pat,chr23_pat_hsa22,inactive,1.836,0.375
Bonobo pat,chr23_pat_hsa22,inactive,1.836,0.3745
Bonobo pat,chr23_pat_hsa22,inactive,1.848,0.3765
Bonobo pat,chr23_pat_hsa22,inactive,1.864,0.3765
Bonobo pat,chr23_pat_hsa22,inactive,1.864,0.3735
Bonobo pat,chr23_pat_hsa22,inactive,1.88,0.3785
Bonobo pat,chr23_pat_hsa22,inactive,1.84,0.3745
Bonobo pat,chr23_pat_hsa22,inactive,1.824,0.3735
Bonobo pat,chr23_pat_hsa22,inactive,1.836,0.376
Bonobo pat,chr23_pat_hsa22,inactive,1.84,0.375
Bonobo pat,chr23_pat_hsa22,inactive,1.876,0.378
Bonobo pat,chr23_pat_hsa22,inactive,1.852,0.374
Bonobo pat,chr23_pat_hsa22,inactive,1.86,0.376
Bonobo pat,chr23_pat_hsa22,inactive,1.824,0.3725
Bonobo pat,chr23_pat_hsa22,inactive,1.84,0.375
Bonobo pat,chr23_pat_hsa22,inactive,1.844,0.374
Bonobo pat,chr23_pat_hsa22,inactive,1.892,0.3765
Bonobo pat,chr23_pat_hsa22,inactive,1.836,0.374
Bonobo pat,chr23_pat_hsa22,inactive,1.86,0.3755
Bonobo pat,chr23_pat_hsa22,inactive,1.844,0.3735
Bonobo pat,chr23_pat_hsa22,inactive,1.84,0.374
Bonobo pat,chr23_pat_hsa22,inactive,1.84,0.3735
Bonobo pat,chr23_pat_hsa22,inactive,1.888,0.3785
Bonobo pat,chr23_pat_hsa22,inactive,1.8,0.3725
Bonobo pat,chr23_pat_hsa22,inactive,1.816,0.374
Bonobo pat,chr23_pat_hsa22,inactive,1.852,0.375
Bonobo pat,chr23_pat_hsa22,inactive,1.844,0.3775
Bonobo pat,chr23_pat_hsa22,inactive,1.844,0.376
Bonobo pat,chr23_pat_hsa22,inactive,1.864,0.374
Bonobo pat,chr23_pat_hsa22,inactive,1.804,0.3745
Bonobo pat,chr23_pat_hsa22,inactive,1.828,0.3755
Bonobo pat,chr23_pat_hsa22,inactive,1.828,0.3735
Bonobo pat,chr23_pat_hsa22,inactive,1.852,0.3775
Bonobo pat,chr23_pat_hsa22,inactive,1.848,0.3745
Bonobo pat,chr23_pat_hsa22,inactive,1.848,0.377
Bonobo pat,chr23_pat_hsa22,inactive,1.844,0.374
Bonobo pat,chr23_pat_hsa22,inactive,1.84,0.3775
Bonobo pat,chr23_pat_hsa22,inactive,1.872,0.3725
Bonobo pat,chr23_pat_hsa22,inactive,1.856,0.378
Bonobo pat,chr23_pat_hsa22,inactive,1.852,0.376
Bonobo pat,chr23_pat_hsa22,inactive,1.848,0.3745
Bonobo pat,chr23_pat_hsa22,inactive,1.84,0.3785
Bonobo pat,chr23_pat_hsa22,inactive,1.84,0.376
Bonobo pat,chr23_pat_hsa22,inactive,1.864,0.3735
Bonobo pat,chr23_pat_hsa22,inactive,1.868,0.3775
Bonobo pat,chr23_pat_hsa22,inactive,1.864,0.3755
Bonobo pat,chr23_pat_hsa22,inactive,1.824,0.3745
Bonobo pat,chr23_pat_hsa22,inactive,1.828,0.376
Bonobo pat,chr23_pat_hsa22,inactive,1.852,0.3785
Bonobo pat,chr23_pat_hsa22,inactive,1.844,0.374
Bonobo pat,chr23_pat_hsa22,inactive,1.844,0.3785
Bonobo pat,chr23_pat_hsa22,inactive,1.856,0.376
Bonobo pat,chr23_pat_hsa22,inactive,1.816,0.374
Bonobo pat,chr23_pat_hsa22,inactive,1.836,0.377
Bonobo pat,chr23_pat_hsa22,inactive,1.848,0.376
Bonobo pat,chr23_pat_hsa22,inactive,1.856,0.376
Bonobo pat,chr23_pat_hsa22,inactive,1.832,0.375
Bonobo pat,chr23_pat_hsa22,inactive,1.852,0.374
Bonobo pat,chr23_pat_hsa22,inactive,1.812,0.372
Bonobo pat,chr23_pat_hsa22,inactive,1.84,0.3765
Bonobo pat,chr23_pat_hsa22,inactive,1.86,0.376
Bonobo pat,chr23_pat_hsa22,inactive,1.852,0.3765
Bonobo pat,chr23_pat_hsa22,inactive,1.82,0.374
Bonobo pat,chr23_pat_hsa22,inactive,1.856,0.3775
Bonobo pat,chr23_pat_hsa22,inactive,1.812,0.374
Bonobo pat,chr23_pat_hsa22,inactive,1.812,0.373
Bonobo pat,chr23_pat_hsa22,inactive,1.848,0.373
Bonobo pat,chr23_pat_hsa22,inactive,1.848,0.3775
Bonobo pat,chr23_pat_hsa22,inactive,1.828,0.372
Bonobo pat,chr23_pat_hsa22,inactive,1.848,0.376
Bonobo pat,chr23_pat_hsa22,inactive,1.828,0.374
Bonobo pat,chr23_pat_hsa22,inactive,1.816,0.3745
Bonobo pat,chr23_pat_hsa22,inactive,1.832,0.374
Bonobo pat,chr23_pat_hsa22,inactive,1.864,0.376
Bonobo pat,chr23_pat_hsa22,inactive,1.776,0.372
Bonobo pat,chr23_pat_hsa22,inactive,1.852,0.374
Bonobo pat,chr23_pat_hsa22,inactive,1.84,0.373
Bonobo pat,chr23_pat_hsa22,inactive,1.844,0.376
Bonobo pat,chr23_pat_hsa22,inactive,1.836,0.3725
Bonobo pat,chr23_pat_hsa22,inactive,1.8,0.37
Bonobo pat,chr23_pat_hsa22,inactive,1.848,0.374
Bonobo pat,chr23_pat_hsa22,inactive,1.864,0.3765
Bonobo pat,chr23_pat_hsa22,inactive,1.844,0.3725
Bonobo pat,chr23_pat_hsa22,inactive,1.856,0.3745
Bonobo pat,chr23_pat_hsa22,inactive,1.84,0.3735
Bonobo pat,chr23_pat_hsa22,inactive,1.84,0.374
Bonobo pat,chr23_pat_hsa22,inactive,1.828,0.3725
Bonobo pat,chr23_pat_hsa22,inactive,1.844,0.3755
Bonobo pat,chr23_pat_hsa22,inactive,1.832,0.373
Bonobo pat,chr23_pat_hsa22,inactive,1.852,0.375
Bonobo pat,chr23_pat_hsa22,inactive,1.84,0.3745
Bonobo pat,chr23_pat_hsa22,inactive,1.836,0.3755
Bonobo pat,chr23_pat_hsa22,inactive,1.872,0.3735
Bonobo pat,chr23_pat_hsa22,inactive,1.844,0.377
Bonobo pat,chr23_pat_hsa22,inactive,1.872,0.3755
Bonobo pat,chr23_pat_hsa22,inactive,1.864,0.3735
Bonobo pat,chr23_pat_hsa22,inactive,1.84,0.3765
Bonobo pat,chr23_pat_hsa22,inactive,1.852,0.375
Bonobo pat,chr23_pat_hsa22,inactive,1.884,0.3755
Bonobo pat,chr23_pat_hsa22,inactive,1.872,0.378
Bonobo pat,chr23_pat_hsa22,inactive,2.428,0.381
Bonobo pat,chr23_pat_hsa22,inactive,2.376,0.3755
Bonobo pat,chr23_pat_hsa22,inactive,1.888,0.373
Bonobo pat,chr23_pat_hsa22,inactive,1.864,0.379
Bonobo pat,chr23_pat_hsa22,inactive,1.824,0.372
Bonobo pat,chr23_pat_hsa22,inactive,1.84,0.375
Bonobo pat,chr23_pat_hsa22,inactive,1.852,0.374
Bonobo pat,chr23_pat_hsa22,inactive,1.8,0.376
Bonobo pat,chr23_pat_hsa22,inactive,1.908,0.3745
Bonobo pat,chr23_pat_hsa22,inactive,1.868,0.3775
Bonobo pat,chr23_pat_hsa22,inactive,1.884,0.3745
Bonobo pat,chr23_pat_hsa22,inactive,1.824,0.3705
Bonobo pat,chr23_pat_hsa22,inactive,1.836,0.374
Bonobo pat,chr23_pat_hsa22,inactive,1.832,0.373
Bonobo pat,chr23_pat_hsa22,inactive,1.896,0.3765
Bonobo pat,chr23_pat_hsa22,inactive,1.888,0.374
Bonobo pat,chr23_pat_hsa22,inactive,1.868,0.375
Bonobo pat,chr23_pat_hsa22,inactive,1.88,0.3735
Bonobo pat,chr23_pat_hsa22,inactive,1.852,0.371
Bonobo pat,chr23_pat_hsa22,inactive,1.908,0.378
Bonobo pat,chr23_pat_hsa22,inactive,1.888,0.371
Bonobo pat,chr23_pat_hsa22,inactive,1.904,0.373
Bonobo pat,chr23_pat_hsa22,inactive,1.876,0.3745
Bonobo pat,chr23_pat_hsa22,inactive,1.88,0.3725
Bonobo pat,chr23_pat_hsa22,inactive,1.884,0.3775
Bonobo pat,chr23_pat_hsa22,inactive,1.872,0.3735
Bonobo pat,chr23_pat_hsa22,inactive,1.88,0.371
Bonobo pat,chr23_pat_hsa22,inactive,1.86,0.3765
Bonobo pat,chr23_pat_hsa22,inactive,1.86,0.374
Bonobo pat,chr23_pat_hsa22,inactive,1.88,0.373
Bonobo pat,chr23_pat_hsa22,inactive,1.852,0.3745
Bonobo pat,chr23_pat_hsa22,inactive,1.84,0.372
Bonobo pat,chr23_pat_hsa22,inactive,1.824,0.373
Bonobo pat,chr23_pat_hsa22,inactive,1.84,0.3715
Bonobo pat,chr23_pat_hsa22,inactive,1.86,0.372
Bonobo pat,chr23_pat_hsa22,inactive,1.9,0.372
Bonobo pat,chr23_pat_hsa22,inactive,1.868,0.373
Bonobo pat,chr23_pat_hsa22,inactive,1.868,0.371
Bonobo pat,chr23_pat_hsa22,inactive,1.84,0.3715
Bonobo pat,chr23_pat_hsa22,inactive,1.852,0.375
Bonobo pat,chr23_pat_hsa22,inactive,1.848,0.3715
Bonobo pat,chr23_pat_hsa22,inactive,1.868,0.3745
Bonobo pat,chr23_pat_hsa22,inactive,1.824,0.369
Bonobo pat,chr23_pat_hsa22,inactive,1.856,0.374
Bonobo pat,chr23_pat_hsa22,inactive,1.844,0.372
Bonobo pat,chr23_pat_hsa22,inactive,1.776,0.373
Bonobo pat,chr23_pat_hsa22,inactive,1.824,0.3735
Bonobo pat,chr23_pat_hsa22,inactive,1.812,0.372
Bonobo pat,chr23_pat_hsa22,inactive,1.836,0.3735
Bonobo pat,chr23_pat_hsa22,inactive,1.808,0.3735
Bonobo pat,chr23_pat_hsa22,inactive,1.808,0.3745
Bonobo pat,chr23_pat_hsa22,inactive,1.828,0.371
Bonobo pat,chr23_pat_hsa22,inactive,1.836,0.373
Bonobo pat,chr23_pat_hsa22,inactive,1.816,0.372
Bonobo pat,chr23_pat_hsa22,inactive,1.864,0.37
Bonobo pat,chr23_pat_hsa22,inactive,1.84,0.374
Bonobo pat,chr23_pat_hsa22,inactive,1.868,0.3725
Bonobo pat,chr23_pat_hsa22,inactive,1.832,0.3685
Bonobo pat,chr23_pat_hsa22,inactive,1.808,0.372
Bonobo pat,chr23_pat_hsa22,inactive,1.824,0.369
Bonobo pat,chr23_pat_hsa22,inactive,1.856,0.371
Bonobo pat,chr23_pat_hsa22,inactive,1.812,0.372
Bonobo pat,chr23_pat_hsa22,inactive,1.872,0.3705
Bonobo pat,chr23_pat_hsa22,inactive,1.852,0.368
Bonobo pat,chr23_pat_hsa22,inactive,1.836,0.3725
Bonobo pat,chr23_pat_hsa22,inactive,1.844,0.372
Bonobo pat,chr23_pat_hsa22,inactive,1.84,0.368
Bonobo pat,chr23_pat_hsa22,inactive,1.856,0.372
Bonobo pat,chr23_pat_hsa22,inactive,1.832,0.3705
Bonobo pat,chr23_pat_hsa22,inactive,1.796,0.3685
Bonobo pat,chr23_pat_hsa22,inactive,1.832,0.3705
Bonobo pat,chr23_pat_hsa22,inactive,1.848,0.3715
Bonobo pat,chr23_pat_hsa22,inactive,1.808,0.366
Bonobo pat,chr23_pat_hsa22,inactive,1.828,0.371
Bonobo pat,chr23_pat_hsa22,inactive,1.792,0.3685
Bonobo pat,chr23_pat_hsa22,inactive,1.852,0.3695
Bonobo pat,chr23_pat_hsa22,inactive,1.856,0.368
Bonobo pat,chr23_pat_hsa22,inactive,1.728,0.3615
Bonobo pat,chr23_pat_hsa22,inactive,1.888,0.369
Bonobo pat,chr23_pat_hsa22,inactive,1.88,0.373
Bonobo pat,chr23_pat_hsa22,inactive,1.828,0.368
Bonobo pat,chr23_pat_hsa22,inactive,1.892,0.3705
Bonobo pat,chr23_pat_hsa22,inactive,1.852,0.368
Bonobo pat,chr23_pat_hsa22,inactive,1.824,0.3665
Bonobo pat,chr23_pat_hsa22,inactive,1.84,0.37
Bonobo pat,chr23_pat_hsa22,inactive,1.856,0.374
Bonobo pat,chr23_pat_hsa22,inactive,1.812,0.367
Bonobo pat,chr23_pat_hsa22,inactive,1.852,0.3695
Bonobo pat,chr23_pat_hsa22,inactive,1.8,0.368
Bonobo pat,chr23_pat_hsa22,inactive,1.86,0.3685
Bonobo pat,chr23_pat_hsa22,inactive,1.768,0.367
Bonobo pat,chr23_pat_hsa22,inactive,1.788,0.367
Bonobo pat,chr23_pat_hsa22,inactive,1.86,0.368
Bonobo pat,chr23_pat_hsa22,inactive,1.868,0.3715
Bonobo pat,chr23_pat_hsa22,inactive,1.812,0.367
Bonobo pat,chr23_pat_hsa22,inactive,1.824,0.375
Bonobo pat,chr23_pat_hsa22,inactive,1.8,0.3715
Bonobo pat,chr23_pat_hsa22,inactive,1.808,0.3735
Bonobo pat,chr23_pat_hsa22,inactive,1.832,0.374
Bonobo pat,chr23_pat_hsa22,inactive,1.844,0.376
Bonobo pat,chr23_pat_hsa22,inactive,1.824,0.375
Bonobo pat,chr23_pat_hsa22,inactive,1.844,0.373
Bonobo pat,chr23_pat_hsa22,inactive,1.812,0.3755
Bonobo pat,chr23_pat_hsa22,inactive,1.804,0.372
Bonobo pat,chr23_pat_hsa22,inactive,1.832,0.3735
Bonobo pat,chr23_pat_hsa22,inactive,1.816,0.3755
Bonobo pat,chr23_pat_hsa22,inactive,1.828,0.372
Bonobo pat,chr23_pat_hsa22,inactive,1.824,0.374
Bonobo pat,chr23_pat_hsa22,inactive,1.808,0.3725
Bonobo pat,chr23_pat_hsa22,inactive,1.788,0.3705
Bonobo pat,chr23_pat_hsa22,inactive,1.828,0.3765
Bonobo pat,chr23_pat_hsa22,inactive,1.804,0.374
Bonobo pat,chr23_pat_hsa22,inactive,1.812,0.376
Bonobo pat,chr23_pat_hsa22,inactive,1.816,0.3725
Bonobo pat,chr23_pat_hsa22,inactive,1.808,0.3715
Bonobo pat,chr23_pat_hsa22,inactive,1.804,0.372
Bonobo pat,chr23_pat_hsa22,inactive,1.812,0.372
Bonobo pat,chr23_pat_hsa22,inactive,1.796,0.3765
Bonobo pat,chr23_pat_hsa22,inactive,1.796,0.372
Bonobo pat,chr23_pat_hsa22,inactive,1.832,0.373
Bonobo pat,chr23_pat_hsa22,inactive,1.848,0.373
Bonobo pat,chr23_pat_hsa22,inactive,1.82,0.37
Bonobo pat,chr23_pat_hsa22,inactive,1.844,0.369
Bonobo pat,chr23_pat_hsa22,inactive,1.808,0.3675
Bonobo pat,chr23_pat_hsa22,inactive,1.8,0.369
Bonobo pat,chr23_pat_hsa22,inactive,1.828,0.372
Bonobo pat,chr23_pat_hsa22,inactive,1.852,0.3695
Bonobo pat,chr23_pat_hsa22,inactive,1.816,0.371
Bonobo pat,chr23_pat_hsa22,inactive,1.812,0.366
Bonobo pat,chr23_pat_hsa22,inactive,1.8,0.367
Bonobo pat,chr23_pat_hsa22,inactive,1.78,0.3695
Bonobo pat,chr23_pat_hsa22,inactive,1.788,0.3685
Bonobo pat,chr23_pat_hsa22,inactive,1.812,0.366
Bonobo pat,chr23_pat_hsa22,inactive,1.796,0.369
Bonobo pat,chr23_pat_hsa22,inactive,1.808,0.369
Bonobo pat,chr23_pat_hsa22,inactive,1.784,0.365
Bonobo pat,chr23_pat_hsa22,inactive,1.776,0.3685
Bonobo pat,chr23_pat_hsa22,inactive,1.816,0.3685
Bonobo pat,chr23_pat_hsa22,inactive,1.804,0.372
Bonobo pat,chr23_pat_hsa22,inactive,1.832,0.37
Bonobo pat,chr23_pat_hsa22,inactive,1.792,0.3705
Bonobo pat,chr23_pat_hsa22,inactive,1.792,0.367
Bonobo pat,chr23_pat_hsa22,inactive,1.796,0.368
Bonobo pat,chr23_pat_hsa22,inactive,1.808,0.369
Bonobo pat,chr23_pat_hsa22,inactive,1.828,0.3725
Bonobo pat,chr23_pat_hsa22,inactive,1.864,0.3725
Bonobo pat,chr23_pat_hsa22,inactive,1.78,0.3685
Bonobo pat,chr23_pat_hsa22,inactive,1.8,0.3685
Bonobo pat,chr23_pat_hsa22,inactive,1.828,0.3675
Bonobo pat,chr23_pat_hsa22,inactive,1.796,0.373
Bonobo pat,chr23_pat_hsa22,inactive,1.76,0.367
Bonobo pat,chr23_pat_hsa22,inactive,1.808,0.371
Bonobo pat,chr23_pat_hsa22,inactive,1.816,0.3725
Bonobo pat,chr23_pat_hsa22,inactive,1.788,0.3685
Bonobo pat,chr23_pat_hsa22,inactive,1.816,0.3695
Bonobo pat,chr23_pat_hsa22,inactive,1.768,0.3685
Bonobo pat,chr23_pat_hsa22,inactive,1.776,0.3685
Bonobo pat,chr23_pat_hsa22,inactive,1.82,0.3675
Bonobo pat,chr23_pat_hsa22,inactive,1.816,0.37
Bonobo pat,chr23_pat_hsa22,inactive,1.856,0.371
Bonobo pat,chr23_pat_hsa22,inactive,1.8,0.3685
Bonobo pat,chr23_pat_hsa22,inactive,1.792,0.368
Bonobo pat,chr23_pat_hsa22,inactive,1.792,0.3675
Bonobo pat,chr23_pat_hsa22,inactive,1.812,0.3665
Bonobo pat,chr23_pat_hsa22,inactive,1.812,0.3715
Bonobo pat,chr23_pat_hsa22,inactive,1.784,0.3705
Bonobo pat,chr23_pat_hsa22,inactive,1.808,0.3675
Bonobo pat,chr23_pat_hsa22,inactive,1.788,0.369
Bonobo pat,chr23_pat_hsa22,inactive,1.808,0.37
Bonobo pat,chr23_pat_hsa22,inactive,1.804,0.3655
Bonobo pat,chr23_pat_hsa22,inactive,1.82,0.3715
Bonobo pat,chr23_pat_hsa22,inactive,1.824,0.3705
Bonobo pat,chr23_pat_hsa22,inactive,1.812,0.371
Bonobo pat,chr23_pat_hsa22,inactive,1.796,0.369
Bonobo pat,chr23_pat_hsa22,inactive,1.8,0.369
Bonobo pat,chr23_pat_hsa22,inactive,1.832,0.3725
Bonobo pat,chr23_pat_hsa22,inactive,1.796,0.3705
Bonobo pat,chr23_pat_hsa22,inactive,1.836,0.3725
Bonobo pat,chr23_pat_hsa22,inactive,1.756,0.3685
Bonobo pat,chr23_pat_hsa22,inactive,1.788,0.369
Bonobo pat,chr23_pat_hsa22,inactive,1.808,0.369
Bonobo pat,chr23_pat_hsa22,inactive,1.8,0.3715
Bonobo pat,chr23_pat_hsa22,inactive,1.796,0.3695
Bonobo pat,chr23_pat_hsa22,inactive,1.792,0.37
Bonobo pat,chr23_pat_hsa22,inactive,1.8,0.3705
Bonobo pat,chr23_pat_hsa22,inactive,1.792,0.3675
Bonobo pat,chr23_pat_hsa22,inactive,1.852,0.3695
Bonobo pat,chr23_pat_hsa22,inactive,1.812,0.3705
Bonobo pat,chr23_pat_hsa22,inactive,1.812,0.3705
Bonobo pat,chr23_pat_hsa22,inactive,1.788,0.369
Bonobo pat,chr23_pat_hsa22,inactive,1.816,0.368
Bonobo pat,chr23_pat_hsa22,inactive,1.804,0.369
Bonobo pat,chr23_pat_hsa22,inactive,1.792,0.369
Bonobo pat,chr23_pat_hsa22,inactive,1.828,0.366
Bonobo pat,chr23_pat_hsa22,inactive,1.808,0.373
Bonobo pat,chr23_pat_hsa22,inactive,1.812,0.3675
Bonobo pat,chr23_pat_hsa22,inactive,1.856,0.37
Bonobo pat,chr23_pat_hsa22,inactive,1.772,0.3715
Bonobo pat,chr23_pat_hsa22,inactive,1.732,0.3645
Bonobo pat,chr23_pat_hsa22,inactive,1.824,0.3725
Bonobo pat,chr23_pat_hsa22,inactive,1.82,0.368
Bonobo pat,chr23_pat_hsa22,inactive,1.644,0.372
Bonobo pat,chr23_pat_hsa22,inactive,1.808,0.3695
Bonobo pat,chr23_pat_hsa22,inactive,1.74,0.3655
Bonobo pat,chr23_pat_hsa22,inactive,1.768,0.367
Bonobo pat,chr23_pat_hsa22,inactive,1.764,0.3695
Bonobo pat,chr23_pat_hsa22,inactive,1.736,0.366
Bonobo pat,chr23_pat_hsa22,inactive,1.752,0.3635
Bonobo pat,chr23_pat_hsa22,inactive,1.772,0.3695
Bonobo pat,chr23_pat_hsa22,inactive,1.752,0.365
Bonobo pat,chr23_pat_hsa22,inactive,1.764,0.3685
Bonobo pat,chr23_pat_hsa22,inactive,1.764,0.3655
Bonobo pat,chr23_pat_hsa22,inactive,1.848,0.369
Bonobo pat,chr23_pat_hsa22,inactive,1.796,0.3705
Bonobo pat,chr23_pat_hsa22,inactive,1.856,0.367
Bonobo pat,chr23_pat_hsa22,inactive,1.836,0.3715
Bonobo pat,chr23_pat_hsa22,inactive,1.828,0.3645
Bonobo pat,chr23_pat_hsa22,inactive,1.84,0.3645
Bonobo pat,chr23_pat_hsa22,inactive,1.86,0.369
Bonobo pat,chr23_pat_hsa22,inactive,1.984,0.369
Bonobo pat,chr23_pat_hsa22,inactive,2.048,0.3625
Bonobo pat,chr23_pat_hsa22,inactive,1.964,0.364
Bonobo pat,chr23_pat_hsa22,inactive,1.92,0.3625
Bonobo pat,chr23_pat_hsa22,inactive,1.936,0.355
Bonobo pat,chr23_pat_hsa22,inactive,1.996,0.3635
Bonobo pat,chr23_pat_hsa22,inactive,2.468,0.3805
Bonobo pat,chr23_pat_hsa22,inactive,1.956,0.3575
Bonobo pat,chr23_pat_hsa22,inactive,1.916,0.368
Bonobo pat,chr23_pat_hsa22,inactive,1.948,0.352
Bonobo pat,chr23_pat_hsa22,inactive,1.908,0.362
Bonobo pat,chr23_pat_hsa22,inactive,1.96,0.361
Bonobo pat,chr23_pat_hsa22,inactive,1.924,0.36
Bonobo pat,chr23_pat_hsa22,inactive,1.864,0.3595
Bonobo pat,chr23_pat_hsa22,inactive,1.932,0.364
Bonobo pat,chr23_pat_hsa22,inactive,1.94,0.361
Bonobo pat,chr23_pat_hsa22,inactive,1.912,0.359
Bonobo pat,chr23_pat_hsa22,inactive,1.924,0.3605
Bonobo pat,chr23_pat_hsa22,inactive,1.888,0.36
Bonobo pat,chr23_pat_hsa22,inactive,1.864,0.3725
Bonobo pat,chr23_pat_hsa22,inactive,1.988,0.362
Bonobo pat,chr23_pat_hsa22,inactive,1.952,0.3605
Bonobo pat,chr23_pat_hsa22,inactive,1.928,0.357
Bonobo pat,chr23_pat_hsa22,active,1.496,0.372
Bonobo pat,chr23_pat_hsa22,active,1.54,0.368
Bonobo pat,chr23_pat_hsa22,active,1.556,0.3675
Bonobo pat,chr23_pat_hsa22,active,1.54,0.3655
Bonobo pat,chr23_pat_hsa22,active,1.496,0.3705
Bonobo pat,chr23_pat_hsa22,active,1.52,0.3695
Bonobo pat,chr23_pat_hsa22,active,1.52,0.3665
Bonobo pat,chr23_pat_hsa22,active,1.52,0.371
Bonobo pat,chr23_pat_hsa22,active,1.512,0.371
Bonobo pat,chr23_pat_hsa22,active,1.532,0.3675
Bonobo pat,chr23_pat_hsa22,active,1.532,0.371
Bonobo pat,chr23_pat_hsa22,active,1.556,0.3695
Bonobo pat,chr23_pat_hsa22,active,1.484,0.3675
Bonobo pat,chr23_pat_hsa22,active,1.568,0.3685
Bonobo pat,chr23_pat_hsa22,active,1.488,0.368
Bonobo pat,chr23_pat_hsa22,active,1.56,0.3715
Bonobo pat,chr23_pat_hsa22,active,1.56,0.3705
Bonobo pat,chr23_pat_hsa22,active,1.504,0.3665
Bonobo pat,chr23_pat_hsa22,active,1.548,0.367
Bonobo pat,chr23_pat_hsa22,active,1.512,0.3705
Bonobo pat,chr23_pat_hsa22,active,1.548,0.372
Bonobo pat,chr23_pat_hsa22,active,1.52,0.366
Bonobo pat,chr23_pat_hsa22,active,1.524,0.3695
Bonobo pat,chr23_pat_hsa22,active,1.496,0.3655
Bonobo pat,chr23_pat_hsa22,active,1.516,0.3705
Bonobo pat,chr23_pat_hsa22,active,1.504,0.371
Bonobo pat,chr23_pat_hsa22,active,1.524,0.368
Bonobo pat,chr23_pat_hsa22,active,1.456,0.3725
Bonobo pat,chr23_pat_hsa22,active,1.512,0.3725
Bonobo pat,chr23_pat_hsa22,active,1.54,0.37
Bonobo pat,chr23_pat_hsa22,active,1.476,0.3695
Bonobo pat,chr23_pat_hsa22,active,1.484,0.366
Bonobo pat,chr23_pat_hsa22,active,1.544,0.3705
Bonobo pat,chr23_pat_hsa22,active,1.496,0.368
Bonobo pat,chr23_pat_hsa22,active,1.524,0.368
Bonobo pat,chr23_pat_hsa22,active,1.46,0.3695
Bonobo pat,chr23_pat_hsa22,active,1.536,0.3685
Bonobo pat,chr23_pat_hsa22,active,1.532,0.3695
Bonobo pat,chr23_pat_hsa22,active,1.44,0.3715
Bonobo pat,chr23_pat_hsa22,active,1.528,0.371
Bonobo pat,chr23_pat_hsa22,active,1.5,0.3695
Bonobo pat,chr23_pat_hsa22,active,1.54,0.371
Bonobo pat,chr23_pat_hsa22,active,1.548,0.3695
Bonobo pat,chr23_pat_hsa22,active,1.512,0.368
Bonobo pat,chr23_pat_hsa22,active,1.544,0.369
Bonobo pat,chr23_pat_hsa22,active,1.496,0.37
Bonobo pat,chr23_pat_hsa22,active,1.544,0.369
Bonobo pat,chr23_pat_hsa22,active,1.436,0.3685
Bonobo pat,chr23_pat_hsa22,active,1.536,0.3725
Bonobo pat,chr23_pat_hsa22,active,1.48,0.3685
Bonobo pat,chr23_pat_hsa22,active,1.544,0.3675
Bonobo pat,chr23_pat_hsa22,active,1.392,0.37
Bonobo pat,chr23_pat_hsa22,active,1.528,0.3705
Bonobo pat,chr23_pat_hsa22,active,1.5,0.371
Bonobo pat,chr23_pat_hsa22,active,1.508,0.3695
Bonobo pat,chr23_pat_hsa22,active,1.508,0.371
Bonobo pat,chr23_pat_hsa22,active,1.504,0.3695
Bonobo pat,chr23_pat_hsa22,active,1.508,0.3715
Bonobo pat,chr23_pat_hsa22,active,1.536,0.3715
Bonobo pat,chr23_pat_hsa22,active,1.496,0.3705
Bonobo pat,chr23_pat_hsa22,active,1.504,0.369
Bonobo pat,chr23_pat_hsa22,active,1.508,0.369
Bonobo pat,chr23_pat_hsa22,active,1.484,0.3695
Bonobo pat,chr23_pat_hsa22,active,1.508,0.368
Bonobo pat,chr23_pat_hsa22,active,1.544,0.369
Bonobo pat,chr23_pat_hsa22,active,1.5,0.371
Bonobo pat,chr23_pat_hsa22,active,1.52,0.3715
Bonobo pat,chr23_pat_hsa22,active,1.512,0.3695
Bonobo pat,chr23_pat_hsa22,active,1.52,0.3675
Bonobo pat,chr23_pat_hsa22,active,1.536,0.3695
Bonobo pat,chr23_pat_hsa22,active,1.444,0.3685
Bonobo pat,chr23_pat_hsa22,active,1.536,0.372
Bonobo pat,chr23_pat_hsa22,active,1.476,0.3695
Bonobo pat,chr23_pat_hsa22,active,1.512,0.3695
Bonobo pat,chr23_pat_hsa22,active,1.404,0.372
Bonobo pat,chr23_pat_hsa22,active,1.544,0.371
Bonobo pat,chr23_pat_hsa22,active,1.52,0.371
Bonobo pat,chr23_pat_hsa22,active,1.524,0.369
Bonobo pat,chr23_pat_hsa22,active,1.54,0.3675
Bonobo pat,chr23_pat_hsa22,active,1.492,0.3705
Bonobo pat,chr23_pat_hsa22,active,1.48,0.3685
Bonobo pat,chr23_pat_hsa22,active,1.532,0.37
Bonobo pat,chr23_pat_hsa22,active,1.52,0.37
Bonobo pat,chr23_pat_hsa22,active,1.524,0.3685
Bonobo pat,chr23_pat_hsa22,active,1.456,0.373
Bonobo pat,chr23_pat_hsa22,active,1.528,0.369
Bonobo pat,chr23_pat_hsa22,active,1.46,0.37
Bonobo pat,chr23_pat_hsa22,active,1.54,0.373
Bonobo pat,chr23_pat_hsa22,active,1.52,0.3685
Bonobo pat,chr23_pat_hsa22,active,1.528,0.368
Bonobo pat,chr23_pat_hsa22,active,1.46,0.3695
Bonobo pat,chr23_pat_hsa22,active,1.472,0.3715
Bonobo pat,chr23_pat_hsa22,active,1.532,0.3685
Bonobo pat,chr23_pat_hsa22,active,1.444,0.3685
Bonobo pat,chr23_pat_hsa22,active,1.456,0.3725
Bonobo pat,chr23_pat_hsa22,active,1.512,0.367
Bonobo pat,chr23_pat_hsa22,active,1.496,0.3715
Bonobo pat,chr23_pat_hsa22,active,1.432,0.367
Bonobo pat,chr23_pat_hsa22,active,1.456,0.371
Bonobo pat,chr23_pat_hsa22,active,1.492,0.3675
Bonobo pat,chr23_pat_hsa22,active,1.416,0.3665
Bonobo pat,chr23_pat_hsa22,active,1.468,0.371
Bonobo pat,chr23_pat_hsa22,active,1.492,0.368
Bonobo pat,chr23_pat_hsa22,active,1.44,0.3695
Bonobo pat,chr23_pat_hsa22,active,1.48,0.3715
Bonobo pat,chr23_pat_hsa22,active,1.468,0.3685
Bonobo pat,chr23_pat_hsa22,active,1.46,0.372
Bonobo pat,chr23_pat_hsa22,active,1.5,0.368
Bonobo pat,chr23_pat_hsa22,active,1.456,0.3725
Bonobo pat,chr23_pat_hsa22,active,1.452,0.3705
Bonobo pat,chr23_pat_hsa22,active,1.472,0.369
Bonobo pat,chr23_pat_hsa22,active,1.548,0.373
Bonobo pat,chr23_pat_hsa22,active,1.48,0.37
Bonobo pat,chr23_pat_hsa22,active,1.476,0.372
Bonobo pat,chr23_pat_hsa22,active,1.488,0.369
Bonobo pat,chr23_pat_hsa22,active,1.536,0.3695
Bonobo pat,chr23_pat_hsa22,active,1.496,0.3705
Bonobo pat,chr23_pat_hsa22,active,1.504,0.3695
Bonobo pat,chr23_pat_hsa22,active,1.508,0.37
Bonobo pat,chr23_pat_hsa22,active,1.448,0.371
Bonobo pat,chr23_pat_hsa22,active,1.536,0.369
Bonobo pat,chr23_pat_hsa22,active,1.504,0.3695
Bonobo pat,chr23_pat_hsa22,active,1.536,0.371
Bonobo pat,chr23_pat_hsa22,active,1.448,0.3735
Bonobo pat,chr23_pat_hsa22,active,1.492,0.368
Bonobo pat,chr23_pat_hsa22,active,1.476,0.3705
Bonobo pat,chr23_pat_hsa22,active,1.472,0.3725
Bonobo pat,chr23_pat_hsa22,active,1.516,0.368
Bonobo pat,chr23_pat_hsa22,active,1.448,0.371
Bonobo pat,chr23_pat_hsa22,active,1.436,0.3705
Bonobo pat,chr23_pat_hsa22,active,1.568,0.372
Bonobo pat,chr23_pat_hsa22,active,1.464,0.371
Bonobo pat,chr23_pat_hsa22,active,1.46,0.3715
Bonobo pat,chr23_pat_hsa22,active,1.5,0.3695
Bonobo pat,chr23_pat_hsa22,active,1.524,0.3715
Bonobo pat,chr23_pat_hsa22,active,1.536,0.3705
Bonobo pat,chr23_pat_hsa22,active,1.5,0.372
Bonobo pat,chr23_pat_hsa22,active,1.456,0.3695
Bonobo pat,chr23_pat_hsa22,active,1.428,0.371
Bonobo pat,chr23_pat_hsa22,active,1.532,0.365
Bonobo pat,chr23_pat_hsa22,active,1.52,0.3715
Bonobo pat,chr23_pat_hsa22,active,1.444,0.371
Bonobo pat,chr23_pat_hsa22,active,1.484,0.369
Bonobo pat,chr23_pat_hsa22,active,1.496,0.3685
Bonobo pat,chr23_pat_hsa22,active,1.528,0.3715
Bonobo pat,chr23_pat_hsa22,active,1.5,0.37
Bonobo pat,chr23_pat_hsa22,active,1.548,0.367
Bonobo pat,chr23_pat_hsa22,active,1.46,0.373
Bonobo pat,chr23_pat_hsa22,active,1.516,0.369
Bonobo pat,chr23_pat_hsa22,active,1.54,0.3665
Bonobo pat,chr23_pat_hsa22,active,1.544,0.3685
Bonobo pat,chr23_pat_hsa22,active,1.516,0.37
Bonobo pat,chr23_pat_hsa22,active,1.54,0.3705
Bonobo pat,chr23_pat_hsa22,active,1.504,0.367
Bonobo pat,chr23_pat_hsa22,active,1.48,0.371
Bonobo pat,chr23_pat_hsa22,active,1.516,0.369
Bonobo pat,chr23_pat_hsa22,active,1.484,0.369
Bonobo pat,chr23_pat_hsa22,active,1.496,0.3705
Bonobo pat,chr23_pat_hsa22,active,1.408,0.369
Bonobo pat,chr23_pat_hsa22,active,1.496,0.3725
Bonobo pat,chr23_pat_hsa22,active,1.536,0.37
Bonobo pat,chr23_pat_hsa22,active,1.416,0.365
Bonobo pat,chr23_pat_hsa22,active,1.528,0.3695
Bonobo pat,chr23_pat_hsa22,active,1.508,0.3695
Bonobo pat,chr23_pat_hsa22,active,1.504,0.3715
Bonobo pat,chr23_pat_hsa22,active,1.404,0.371
Bonobo pat,chr23_pat_hsa22,active,1.464,0.373
Bonobo pat,chr23_pat_hsa22,active,1.508,0.368
Bonobo pat,chr23_pat_hsa22,active,1.5,0.3695
Bonobo pat,chr23_pat_hsa22,active,1.516,0.3715
Bonobo pat,chr23_pat_hsa22,active,1.552,0.3675
Bonobo pat,chr23_pat_hsa22,active,1.508,0.3685
Bonobo pat,chr23_pat_hsa22,active,1.544,0.369
Bonobo pat,chr23_pat_hsa22,active,1.456,0.372
Bonobo pat,chr23_pat_hsa22,active,1.504,0.369
Bonobo pat,chr23_pat_hsa22,active,1.544,0.37
Bonobo pat,chr23_pat_hsa22,active,1.508,0.3685
Bonobo pat,chr23_pat_hsa22,active,1.408,0.3715
Bonobo pat,chr23_pat_hsa22,active,1.48,0.369
Bonobo pat,chr23_pat_hsa22,active,1.544,0.3735
Bonobo pat,chr23_pat_hsa22,active,1.48,0.3715
Bonobo pat,chr23_pat_hsa22,active,1.492,0.3695
Bonobo pat,chr23_pat_hsa22,active,1.504,0.3715
Bonobo pat,chr23_pat_hsa22,active,1.54,0.372
Bonobo pat,chr23_pat_hsa22,active,1.532,0.3725
Bonobo pat,chr23_pat_hsa22,active,1.488,0.3705
Bonobo pat,chr23_pat_hsa22,active,1.52,0.371
Bonobo pat,chr23_pat_hsa22,active,1.512,0.369
Bonobo pat,chr23_pat_hsa22,active,1.532,0.37
Bonobo pat,chr23_pat_hsa22,active,1.54,0.3695
Bonobo pat,chr23_pat_hsa22,active,1.54,0.3675
Bonobo pat,chr23_pat_hsa22,active,1.484,0.371
Bonobo pat,chr23_pat_hsa22,active,1.46,0.3705
Bonobo pat,chr23_pat_hsa22,active,1.536,0.3715
Bonobo pat,chr23_pat_hsa22,active,1.468,0.3665
Bonobo pat,chr23_pat_hsa22,active,1.476,0.371
Bonobo pat,chr23_pat_hsa22,active,1.468,0.371
Bonobo pat,chr23_pat_hsa22,active,1.528,0.3665
Bonobo pat,chr23_pat_hsa22,active,1.468,0.3695
Bonobo pat,chr23_pat_hsa22,active,1.492,0.3715
Bonobo pat,chr23_pat_hsa22,active,1.484,0.371
Bonobo pat,chr23_pat_hsa22,active,1.444,0.373
Bonobo pat,chr23_pat_hsa22,active,1.516,0.37
Bonobo pat,chr23_pat_hsa22,active,1.492,0.375
Bonobo pat,chr23_pat_hsa22,active,1.456,0.369
Bonobo pat,chr23_pat_hsa22,active,1.76,0.3765
Bonobo pat,chr23_pat_hsa22,active,1.828,0.377
Bonobo pat,chr23_pat_hsa22,active,1.756,0.374
Bonobo pat,chr23_pat_hsa22,active,1.82,0.38
Bonobo pat,chr23_pat_hsa22,active,1.78,0.376
Bonobo pat,chr23_pat_hsa22,active,1.712,0.366
Bonobo pat,chr23_pat_hsa22,active,1.696,0.381
Bonobo pat,chr23_pat_hsa22,active,1.868,0.3785
Bonobo pat,chr23_pat_hsa22,active,1.804,0.3805
Bonobo pat,chr23_pat_hsa22,active,1.668,0.3795
Bonobo pat,chr23_pat_hsa22,active,1.828,0.3735
Bonobo pat,chr23_pat_hsa22,active,1.808,0.3755
Bonobo pat,chr23_pat_hsa22,active,1.768,0.3825
Bonobo pat,chr23_pat_hsa22,active,1.82,0.3715
Bonobo pat,chr23_pat_hsa22,active,1.836,0.3745
Bonobo pat,chr23_pat_hsa22,active,1.824,0.374
Bonobo pat,chr23_pat_hsa22,active,1.752,0.379
Bonobo pat,chr23_pat_hsa22,active,1.692,0.3695
Bonobo pat,chr23_pat_hsa22,active,1.772,0.3715
Bonobo pat,chr23_pat_hsa22,active,1.74,0.379
Bonobo pat,chr23_pat_hsa22,active,1.668,0.3665
Bonobo pat,chr23_pat_hsa22,active,1.788,0.379
Bonobo pat,chr23_pat_hsa22,active,1.704,0.3745
Bonobo pat,chr23_pat_hsa22,active,1.828,0.3785
Bonobo pat,chr23_pat_hsa22,active,1.72,0.3785
Bonobo pat,chr23_pat_hsa22,active,1.816,0.378
Bonobo pat,chr23_pat_hsa22,active,1.868,0.3795
Bonobo pat,chr23_pat_hsa22,active,1.772,0.372
Bonobo pat,chr23_pat_hsa22,active,1.652,0.3745
Bonobo pat,chr23_pat_hsa22,active,1.74,0.3755
Bonobo pat,chr23_pat_hsa22,active,1.78,0.374
Bonobo pat,chr23_pat_hsa22,active,1.668,0.369
Bonobo pat,chr23_pat_hsa22,active,1.68,0.367
Bonobo pat,chr23_pat_hsa22,active,1.78,0.38
Bonobo pat,chr23_pat_hsa22,active,1.844,0.383
Bonobo pat,chr23_pat_hsa22,active,1.736,0.377
Bonobo pat,chr23_pat_hsa22,active,1.756,0.3725
Bonobo pat,chr23_pat_hsa22,active,1.824,0.381
Bonobo pat,chr23_pat_hsa22,active,1.788,0.374
Bonobo pat,chr23_pat_hsa22,active,1.784,0.3775
Bonobo pat,chr23_pat_hsa22,active,1.736,0.38
Bonobo pat,chr23_pat_hsa22,active,1.848,0.3745
Bonobo pat,chr23_pat_hsa22,active,1.792,0.381
Bonobo pat,chr23_pat_hsa22,active,1.776,0.369
Bonobo pat,chr23_pat_hsa22,active,1.692,0.377
Bonobo pat,chr23_pat_hsa22,active,1.752,0.375
Bonobo pat,chr23_pat_hsa22,active,1.776,0.3765
Bonobo pat,chr23_pat_hsa22,active,1.752,0.3815
Bonobo pat,chr23_pat_hsa22,active,1.836,0.374
Bonobo pat,chr23_pat_hsa22,active,1.852,0.3785
Bonobo pat,chr23_pat_hsa22,active,1.768,0.3765
Bonobo pat,chr23_pat_hsa22,active,1.7,0.366
Bonobo pat,chr23_pat_hsa22,active,1.708,0.382
Bonobo pat,chr23_pat_hsa22,active,1.764,0.379
Bonobo pat,chr23_pat_hsa22,active,1.852,0.3755
Bonobo pat,chr23_pat_hsa22,active,1.812,0.3735
Bonobo pat,chr23_pat_hsa22,active,1.744,0.3755
Bonobo pat,chr23_pat_hsa22,active,1.78,0.372
Bonobo pat,chr23_pat_hsa22,active,1.8,0.379
Bonobo pat,chr23_pat_hsa22,active,1.74,0.3795
Bonobo pat,chr23_pat_hsa22,active,1.852,0.376
Bonobo pat,chr23_pat_hsa22,active,1.796,0.374
Bonobo pat,chr23_pat_hsa22,active,1.724,0.37
Bonobo pat,chr23_pat_hsa22,active,1.816,0.373
Bonobo pat,chr23_pat_hsa22,active,1.688,0.368
Bonobo pat,chr23_pat_hsa22,active,1.804,0.375
Bonobo pat,chr23_pat_hsa22,active,1.804,0.3715
Bonobo pat,chr23_pat_hsa22,active,1.772,0.375
Bonobo pat,chr23_pat_hsa22,active,1.804,0.377
Bonobo pat,chr23_pat_hsa22,active,1.832,0.375
Bonobo pat,chr23_pat_hsa22,active,1.784,0.3785
Bonobo pat,chr23_pat_hsa22,active,1.744,0.365
Bonobo pat,chr23_pat_hsa22,active,1.708,0.375
Bonobo pat,chr23_pat_hsa22,active,1.716,0.3675
Bonobo pat,chr23_pat_hsa22,active,1.712,0.3735
Bonobo pat,chr23_pat_hsa22,active,1.8,0.374
Bonobo pat,chr23_pat_hsa22,active,1.728,0.38
Bonobo pat,chr23_pat_hsa22,active,1.844,0.3705
Bonobo pat,chr23_pat_hsa22,active,1.752,0.375
Bonobo pat,chr23_pat_hsa22,active,1.692,0.373
Bonobo pat,chr23_pat_hsa22,active,1.832,0.377
Bonobo pat,chr23_pat_hsa22,active,1.792,0.3755
Bonobo pat,chr23_pat_hsa22,active,1.716,0.365
Bonobo pat,chr23_pat_hsa22,active,1.776,0.372
Bonobo pat,chr23_pat_hsa22,active,1.632,0.3735
Bonobo pat,chr23_pat_hsa22,active,1.808,0.3775
Bonobo pat,chr23_pat_hsa22,active,1.804,0.378
Bonobo pat,chr23_pat_hsa22,active,1.712,0.366
Bonobo pat,chr23_pat_hsa22,active,1.752,0.3735
Bonobo pat,chr23_pat_hsa22,active,1.704,0.372
Bonobo pat,chr23_pat_hsa22,active,1.748,0.38
Bonobo pat,chr23_pat_hsa22,active,1.804,0.373
Bonobo pat,chr23_pat_hsa22,active,1.736,0.3685
Bonobo pat,chr23_pat_hsa22,active,1.692,0.3735
Bonobo pat,chr23_pat_hsa22,active,1.744,0.375
Bonobo pat,chr23_pat_hsa22,active,1.728,0.376
Bonobo pat,chr23_pat_hsa22,active,1.696,0.368
Bonobo pat,chr23_pat_hsa22,active,1.788,0.376
Bonobo pat,chr23_pat_hsa22,active,1.82,0.37
Bonobo pat,chr23_pat_hsa22,active,1.748,0.373
Bonobo pat,chr23_pat_hsa22,active,1.716,0.375
Bonobo pat,chr23_pat_hsa22,active,1.8,0.375
Bonobo pat,chr23_pat_hsa22,active,1.808,0.3735
Bonobo pat,chr23_pat_hsa22,active,1.664,0.372
Bonobo pat,chr23_pat_hsa22,active,1.74,0.3735
Bonobo pat,chr23_pat_hsa22,active,1.712,0.37
Bonobo pat,chr23_pat_hsa22,active,1.836,0.3765
Bonobo pat,chr23_pat_hsa22,active,1.856,0.376
Bonobo pat,chr23_pat_hsa22,active,1.828,0.3765
Bonobo pat,chr23_pat_hsa22,active,1.816,0.372
Bonobo pat,chr23_pat_hsa22,active,1.808,0.3725
Bonobo pat,chr23_pat_hsa22,active,1.752,0.375
Bonobo pat,chr23_pat_hsa22,active,1.792,0.372
Bonobo pat,chr23_pat_hsa22,active,1.9,0.374
Bonobo pat,chr23_pat_hsa22,active,1.716,0.369
Bonobo pat,chr23_pat_hsa22,active,1.712,0.366
Bonobo pat,chr23_pat_hsa22,active,1.932,0.367
Bonobo pat,chr23_pat_hsa22,active,1.86,0.3615
Bonobo pat,chr23_pat_hsa22,active,1.936,0.3715
Bonobo pat,chr23_pat_hsa22,active,1.896,0.367
Bonobo pat,chr23_pat_hsa22,active,1.856,0.3655
Bonobo pat,chr23_pat_hsa22,active,1.936,0.37
Bonobo pat,chr23_pat_hsa22,active,1.84,0.3615
Bonobo pat,chr23_pat_hsa22,active,1.9,0.367
Bonobo pat,chr23_pat_hsa22,active,1.856,0.362
Bonobo pat,chr23_pat_hsa22,active,1.916,0.367
Bonobo pat,chr23_pat_hsa22,active,1.948,0.3725
Bonobo pat,chr23_pat_hsa22,active,1.86,0.37
Bonobo pat,chr23_pat_hsa22,active,1.92,0.369
Bonobo pat,chr23_pat_hsa22,active,1.884,0.3755
Bonobo pat,chr23_pat_hsa22,active,1.888,0.386
Bonobo pat,chr23_pat_hsa22,active,1.98,0.3825
Bonobo pat,chr23_pat_hsa22,inactive,2.032,0.362
Bonobo pat,chr23_pat_hsa22,inactive,1.948,0.363
Bonobo pat,chr23_pat_hsa22,inactive,1.92,0.3615
Bonobo pat,chr23_pat_hsa22,inactive,1.928,0.3575
Bonobo pat,chr23_pat_hsa22,inactive,2.048,0.366
Bonobo pat,chr23_pat_hsa22,inactive,2.404,0.378
Bonobo pat,chr23_pat_hsa22,inactive,1.936,0.3555
Bonobo pat,chr23_pat_hsa22,inactive,1.9,0.368
Bonobo pat,chr23_pat_hsa22,inactive,1.948,0.3515
Bonobo pat,chr23_pat_hsa22,inactive,1.944,0.3645
Bonobo pat,chr23_pat_hsa22,inactive,1.964,0.359
Bonobo pat,chr23_pat_hsa22,inactive,1.916,0.3605
Bonobo pat,chr23_pat_hsa22,inactive,1.864,0.3605
Bonobo pat,chr23_pat_hsa22,inactive,1.952,0.3645
Bonobo pat,chr23_pat_hsa22,inactive,1.928,0.3605
Bonobo pat,chr23_pat_hsa22,inactive,1.892,0.358
Bonobo pat,chr23_pat_hsa22,inactive,1.904,0.363
Bonobo pat,chr23_pat_hsa22,inactive,1.892,0.3565
Bonobo pat,chr23_pat_hsa22,inactive,1.88,0.373
Bonobo pat,chr23_pat_hsa22,inactive,1.992,0.3615
Bonobo pat,chr23_pat_hsa22,inactive,1.948,0.3625
Bonobo pat,chr23_pat_hsa22,inactive,1.896,0.3555
Bonobo pat,chr2_pat_hsa3,inactive,1.928,0.3545
Bonobo pat,chr2_pat_hsa3,inactive,2.02,0.356
Bonobo pat,chr2_pat_hsa3,inactive,2.036,0.3605
Bonobo pat,chr2_pat_hsa3,inactive,1.968,0.347
Bonobo pat,chr2_pat_hsa3,inactive,1.956,0.343
Bonobo pat,chr2_pat_hsa3,inactive,1.996,0.361
Bonobo pat,chr2_pat_hsa3,inactive,1.916,0.367
Bonobo pat,chr2_pat_hsa3,inactive,2.008,0.3635
Bonobo pat,chr2_pat_hsa3,inactive,2.028,0.353
Bonobo pat,chr2_pat_hsa3,inactive,1.996,0.341
Bonobo pat,chr2_pat_hsa3,inactive,1.948,0.353
Bonobo pat,chr2_pat_hsa3,inactive,1.964,0.3405
Bonobo pat,chr2_pat_hsa3,inactive,1.956,0.352
Bonobo pat,chr2_pat_hsa3,inactive,2.044,0.351
Bonobo pat,chr2_pat_hsa3,inactive,1.928,0.3505
Bonobo pat,chr2_pat_hsa3,inactive,2.464,0.3785
Bonobo pat,chr2_pat_hsa3,inactive,2.404,0.382
Bonobo pat,chr2_pat_hsa3,inactive,2.476,0.4285
Bonobo pat,chr2_pat_hsa3,inactive,2.328,0.4135
Bonobo pat,chr2_pat_hsa3,inactive,2.008,0.3525
Bonobo pat,chr2_pat_hsa3,inactive,2.032,0.3455
Bonobo pat,chr2_pat_hsa3,inactive,2.04,0.351
Bonobo pat,chr2_pat_hsa3,inactive,2.024,0.3575
Bonobo pat,chr2_pat_hsa3,inactive,2.06,0.354
Bonobo pat,chr2_pat_hsa3,inactive,1.896,0.366
Bonobo pat,chr2_pat_hsa3,inactive,1.892,0.351
Bonobo pat,chr2_pat_hsa3,inactive,2.104,0.351
Bonobo pat,chr2_pat_hsa3,inactive,1.98,0.354
Bonobo pat,chr2_pat_hsa3,inactive,2.028,0.3485
Bonobo pat,chr2_pat_hsa3,inactive,2.1,0.356
Bonobo pat,chr2_pat_hsa3,inactive,1.992,0.3475
Bonobo pat,chr2_pat_hsa3,inactive,1.96,0.35
Bonobo pat,chr2_pat_hsa3,inactive,1.976,0.352
Bonobo pat,chr2_pat_hsa3,inactive,1.976,0.351
Bonobo pat,chr2_pat_hsa3,inactive,2.004,0.361
Bonobo pat,chr2_pat_hsa3,inactive,2.06,0.3445
Bonobo pat,chr2_pat_hsa3,inactive,2.02,0.3515
Bonobo pat,chr2_pat_hsa3,inactive,2.016,0.3575
Bonobo pat,chr2_pat_hsa3,inactive,2.056,0.357
Bonobo pat,chr2_pat_hsa3,inactive,2.436,0.456
Bonobo pat,chr2_pat_hsa3,inactive,2.42,0.395
Bonobo pat,chr2_pat_hsa3,inactive,2.396,0.385
Bonobo pat,chr2_pat_hsa3,inactive,2.448,0.347
Bonobo pat,chr2_pat_hsa3,inactive,2.08,0.3395
Bonobo pat,chr2_pat_hsa3,inactive,2.0,0.354
Bonobo pat,chr2_pat_hsa3,inactive,1.996,0.3445
Bonobo pat,chr2_pat_hsa3,inactive,1.976,0.3485
Bonobo pat,chr2_pat_hsa3,inactive,2.032,0.354
Bonobo pat,chr2_pat_hsa3,inactive,1.988,0.3465
Bonobo pat,chr2_pat_hsa3,inactive,2.012,0.353
Bonobo pat,chr2_pat_hsa3,inactive,2.024,0.35
Bonobo pat,chr2_pat_hsa3,inactive,2.036,0.3515
Bonobo pat,chr2_pat_hsa3,inactive,2.076,0.352
Bonobo pat,chr2_pat_hsa3,inactive,2.064,0.3455
Bonobo pat,chr2_pat_hsa3,inactive,2.068,0.3615
Bonobo pat,chr2_pat_hsa3,inactive,1.992,0.3495
Bonobo pat,chr2_pat_hsa3,inactive,2.052,0.3625
Bonobo pat,chr2_pat_hsa3,inactive,2.072,0.3545
Bonobo pat,chr2_pat_hsa3,inactive,2.344,0.372
Bonobo pat,chr2_pat_hsa3,inactive,2.376,0.3655
Bonobo pat,chr2_pat_hsa3,inactive,2.02,0.3515
Bonobo pat,chr2_pat_hsa3,inactive,2.044,0.352
Bonobo pat,chr2_pat_hsa3,inactive,1.936,0.3395
Bonobo pat,chr2_pat_hsa3,inactive,1.984,0.3555
Bonobo pat,chr2_pat_hsa3,inactive,2.056,0.3475
Bonobo pat,chr2_pat_hsa3,inactive,1.992,0.343
Bonobo pat,chr2_pat_hsa3,inactive,2.004,0.358
Bonobo pat,chr2_pat_hsa3,inactive,2.056,0.3515
Bonobo pat,chr2_pat_hsa3,inactive,2.024,0.3495
Bonobo pat,chr2_pat_hsa3,inactive,2.072,0.3505
Bonobo pat,chr2_pat_hsa3,inactive,2.044,0.3535
Bonobo pat,chr2_pat_hsa3,inactive,2.024,0.355
Bonobo pat,chr2_pat_hsa3,inactive,1.96,0.35
Bonobo pat,chr2_pat_hsa3,inactive,2.124,0.3545
Bonobo pat,chr2_pat_hsa3,inactive,1.984,0.3605
Bonobo pat,chr2_pat_hsa3,inactive,2.004,0.356
Bonobo pat,chr2_pat_hsa3,inactive,2.424,0.3785
Bonobo pat,chr2_pat_hsa3,inactive,2.292,0.3725
Bonobo pat,chr2_pat_hsa3,inactive,1.904,0.3575
Bonobo pat,chr2_pat_hsa3,inactive,1.996,0.3595
Bonobo pat,chr2_pat_hsa3,inactive,2.456,0.384
Bonobo pat,chr2_pat_hsa3,inactive,1.928,0.352
Bonobo pat,chr2_pat_hsa3,inactive,1.964,0.3585
Bonobo pat,chr2_pat_hsa3,inactive,2.036,0.3525
Bonobo pat,chr2_pat_hsa3,inactive,2.02,0.354
Bonobo pat,chr2_pat_hsa3,inactive,1.988,0.362
Bonobo pat,chr2_pat_hsa3,inactive,2.072,0.35
Bonobo pat,chr2_pat_hsa3,inactive,2.032,0.348
Bonobo pat,chr2_pat_hsa3,inactive,1.98,0.35
Bonobo pat,chr2_pat_hsa3,inactive,1.984,0.3525
Bonobo pat,chr2_pat_hsa3,inactive,2.048,0.3525
Bonobo pat,chr2_pat_hsa3,inactive,2.028,0.351
Bonobo pat,chr2_pat_hsa3,inactive,2.052,0.345
Bonobo pat,chr2_pat_hsa3,inactive,2.028,0.344
Bonobo pat,chr2_pat_hsa3,inactive,2.048,0.343
Bonobo pat,chr2_pat_hsa3,inactive,2.0,0.3515
Bonobo pat,chr2_pat_hsa3,inactive,2.1,0.3425
Bonobo pat,chr2_pat_hsa3,inactive,1.992,0.3615
Bonobo pat,chr2_pat_hsa3,inactive,2.28,0.364
Bonobo pat,chr2_pat_hsa3,inactive,2.384,0.3745
Bonobo pat,chr2_pat_hsa3,inactive,2.032,0.362
Bonobo pat,chr2_pat_hsa3,inactive,1.992,0.3635
Bonobo pat,chr2_pat_hsa3,inactive,2.108,0.349
Bonobo pat,chr2_pat_hsa3,inactive,1.968,0.3505
Bonobo pat,chr2_pat_hsa3,inactive,2.024,0.352
Bonobo pat,chr2_pat_hsa3,inactive,2.028,0.349
Bonobo pat,chr2_pat_hsa3,inactive,2.044,0.3445
Bonobo pat,chr2_pat_hsa3,inactive,2.008,0.3485
Bonobo pat,chr2_pat_hsa3,inactive,1.944,0.361
Bonobo pat,chr2_pat_hsa3,inactive,2.036,0.35
Bonobo pat,chr2_pat_hsa3,inactive,1.968,0.3545
Bonobo pat,chr2_pat_hsa3,inactive,2.404,0.373
Bonobo pat,chr2_pat_hsa3,inactive,1.988,0.3425
Bonobo pat,chr2_pat_hsa3,inactive,1.984,0.359
Bonobo pat,chr2_pat_hsa3,inactive,1.94,0.349
Bonobo pat,chr2_pat_hsa3,inactive,2.112,0.352
Bonobo pat,chr2_pat_hsa3,inactive,1.988,0.3745
Bonobo pat,chr2_pat_hsa3,inactive,1.96,0.355
Bonobo pat,chr2_pat_hsa3,inactive,2.284,0.365
Bonobo pat,chr2_pat_hsa3,inactive,2.276,0.368
Bonobo pat,chr2_pat_hsa3,inactive,2.084,0.3585
Bonobo pat,chr2_pat_hsa3,inactive,2.072,0.357
Bonobo pat,chr2_pat_hsa3,inactive,1.944,0.3395
Bonobo pat,chr2_pat_hsa3,inactive,2.016,0.3415
Bonobo pat,chr2_pat_hsa3,inactive,1.988,0.357
Bonobo pat,chr2_pat_hsa3,inactive,1.992,0.35
Bonobo pat,chr2_pat_hsa3,inactive,2.024,0.3495
Bonobo pat,chr2_pat_hsa3,inactive,2.04,0.3615
Bonobo pat,chr2_pat_hsa3,inactive,2.176,0.361
Bonobo pat,chr2_pat_hsa3,inactive,2.18,0.3565
Bonobo pat,chr2_pat_hsa3,inactive,2.032,0.353
Bonobo pat,chr2_pat_hsa3,inactive,1.976,0.35
Bonobo pat,chr2_pat_hsa3,inactive,1.976,0.3545
Bonobo pat,chr2_pat_hsa3,inactive,1.972,0.355
Bonobo pat,chr2_pat_hsa3,inactive,1.952,0.3595
Bonobo pat,chr2_pat_hsa3,inactive,2.016,0.3585
Bonobo pat,chr2_pat_hsa3,inactive,2.076,0.358
Bonobo pat,chr2_pat_hsa3,inactive,2.02,0.355
Bonobo pat,chr2_pat_hsa3,inactive,2.332,0.371
Bonobo pat,chr2_pat_hsa3,inactive,2.34,0.373
Bonobo pat,chr2_pat_hsa3,inactive,2.04,0.3555
Bonobo pat,chr2_pat_hsa3,inactive,1.972,0.35
Bonobo pat,chr2_pat_hsa3,inactive,2.064,0.357
Bonobo pat,chr2_pat_hsa3,inactive,2.004,0.3575
Bonobo pat,chr2_pat_hsa3,inactive,1.996,0.3525
Bonobo pat,chr2_pat_hsa3,inactive,1.98,0.35
Bonobo pat,chr2_pat_hsa3,inactive,2.016,0.3545
Bonobo pat,chr2_pat_hsa3,inactive,2.016,0.353
Bonobo pat,chr2_pat_hsa3,inactive,2.004,0.3545
Bonobo pat,chr2_pat_hsa3,inactive,1.952,0.361
Bonobo pat,chr2_pat_hsa3,inactive,2.072,0.345
Bonobo pat,chr2_pat_hsa3,inactive,2.048,0.3565
Bonobo pat,chr2_pat_hsa3,inactive,2.004,0.352
Bonobo pat,chr2_pat_hsa3,inactive,1.94,0.36
Bonobo pat,chr2_pat_hsa3,inactive,2.016,0.3435
Bonobo pat,chr2_pat_hsa3,inactive,2.024,0.36
Bonobo pat,chr2_pat_hsa3,inactive,2.02,0.3515
Bonobo pat,chr2_pat_hsa3,inactive,2.016,0.355
Bonobo pat,chr2_pat_hsa3,inactive,1.976,0.355
Bonobo pat,chr2_pat_hsa3,inactive,2.06,0.3505
Bonobo pat,chr2_pat_hsa3,inactive,2.024,0.3565
Bonobo pat,chr2_pat_hsa3,inactive,2.016,0.3495
Bonobo pat,chr2_pat_hsa3,inactive,1.924,0.361
Bonobo pat,chr2_pat_hsa3,inactive,2.016,0.3445
Bonobo pat,chr2_pat_hsa3,inactive,2.032,0.3605
Bonobo pat,chr2_pat_hsa3,inactive,2.024,0.3525
Bonobo pat,chr2_pat_hsa3,inactive,2.048,0.356
Bonobo pat,chr2_pat_hsa3,inactive,1.984,0.352
Bonobo pat,chr2_pat_hsa3,inactive,2.016,0.3555
Bonobo pat,chr2_pat_hsa3,inactive,2.052,0.3515
Bonobo pat,chr2_pat_hsa3,inactive,2.028,0.353
Bonobo pat,chr2_pat_hsa3,inactive,1.956,0.3585
Bonobo pat,chr2_pat_hsa3,inactive,2.028,0.3465
Bonobo pat,chr2_pat_hsa3,inactive,2.06,0.358
Bonobo pat,chr2_pat_hsa3,inactive,1.992,0.3535
Bonobo pat,chr2_pat_hsa3,inactive,1.972,0.3575
Bonobo pat,chr2_pat_hsa3,inactive,2.004,0.346
Bonobo pat,chr2_pat_hsa3,inactive,2.024,0.3575
Bonobo pat,chr2_pat_hsa3,inactive,2.02,0.345
Bonobo pat,chr2_pat_hsa3,inactive,2.012,0.3555
Bonobo pat,chr2_pat_hsa3,inactive,2.028,0.349
Bonobo pat,chr2_pat_hsa3,inactive,1.888,0.3515
Bonobo pat,chr2_pat_hsa3,inactive,2.008,0.3545
Bonobo pat,chr2_pat_hsa3,inactive,2.064,0.3555
Bonobo pat,chr2_pat_hsa3,inactive,1.956,0.36
Bonobo pat,chr2_pat_hsa3,inactive,2.012,0.3495
Bonobo pat,chr2_pat_hsa3,inactive,2.036,0.363
Bonobo pat,chr2_pat_hsa3,inactive,2.168,0.3575
Bonobo pat,chr2_pat_hsa3,inactive,2.42,0.38
Bonobo pat,chr2_pat_hsa3,inactive,1.968,0.356
Bonobo pat,chr2_pat_hsa3,inactive,2.076,0.3455
Bonobo pat,chr2_pat_hsa3,inactive,2.04,0.3565
Bonobo pat,chr2_pat_hsa3,inactive,2.02,0.3535
Bonobo pat,chr2_pat_hsa3,inactive,1.956,0.3575
Bonobo pat,chr2_pat_hsa3,inactive,2.004,0.347
Bonobo pat,chr2_pat_hsa3,inactive,2.024,0.357
Bonobo pat,chr2_pat_hsa3,inactive,2.012,0.3535
Bonobo pat,chr2_pat_hsa3,inactive,2.04,0.352
Bonobo pat,chr2_pat_hsa3,inactive,1.968,0.357
Bonobo pat,chr2_pat_hsa3,inactive,2.068,0.3525
Bonobo pat,chr2_pat_hsa3,inactive,2.016,0.355
Bonobo pat,chr2_pat_hsa3,inactive,2.024,0.3505
Bonobo pat,chr2_pat_hsa3,inactive,1.94,0.361
Bonobo pat,chr2_pat_hsa3,inactive,2.008,0.348
Bonobo pat,chr2_pat_hsa3,inactive,2.076,0.3565
Bonobo pat,chr2_pat_hsa3,inactive,2.0,0.3555
Bonobo pat,chr2_pat_hsa3,inactive,2.024,0.353
Bonobo pat,chr2_pat_hsa3,inactive,1.956,0.3505
Bonobo pat,chr2_pat_hsa3,inactive,2.036,0.356
Bonobo pat,chr2_pat_hsa3,inactive,2.008,0.352
Bonobo pat,chr2_pat_hsa3,inactive,2.02,0.3535
Bonobo pat,chr2_pat_hsa3,inactive,1.952,0.358
Bonobo pat,chr2_pat_hsa3,inactive,2.064,0.349
Bonobo pat,chr2_pat_hsa3,inactive,2.036,0.356
Bonobo pat,chr2_pat_hsa3,inactive,1.996,0.3515
Bonobo pat,chr2_pat_hsa3,inactive,1.94,0.358
Bonobo pat,chr2_pat_hsa3,inactive,2.02,0.346
Bonobo pat,chr2_pat_hsa3,inactive,2.032,0.358
Bonobo pat,chr2_pat_hsa3,inactive,2.012,0.3515
Bonobo pat,chr2_pat_hsa3,inactive,2.004,0.3565
Bonobo pat,chr2_pat_hsa3,inactive,1.956,0.3555
Bonobo pat,chr2_pat_hsa3,inactive,2.076,0.3505
Bonobo pat,chr2_pat_hsa3,inactive,2.032,0.3545
Bonobo pat,chr2_pat_hsa3,inactive,2.032,0.3525
Bonobo pat,chr2_pat_hsa3,inactive,1.92,0.3565
Bonobo pat,chr2_pat_hsa3,inactive,2.02,0.3485
Bonobo pat,chr2_pat_hsa3,inactive,2.052,0.3585
Bonobo pat,chr2_pat_hsa3,inactive,2.036,0.353
Bonobo pat,chr2_pat_hsa3,inactive,2.044,0.3535
Bonobo pat,chr2_pat_hsa3,inactive,1.996,0.3535
Bonobo pat,chr2_pat_hsa3,inactive,2.036,0.356
Bonobo pat,chr2_pat_hsa3,inactive,1.996,0.347
Bonobo pat,chr2_pat_hsa3,inactive,2.06,0.3545
Bonobo pat,chr2_pat_hsa3,inactive,2.02,0.349
Bonobo pat,chr2_pat_hsa3,inactive,1.928,0.353
Bonobo pat,chr2_pat_hsa3,inactive,2.02,0.3495
Bonobo pat,chr2_pat_hsa3,inactive,2.024,0.357
Bonobo pat,chr2_pat_hsa3,inactive,1.988,0.3575
Bonobo pat,chr2_pat_hsa3,inactive,2.028,0.3565
Bonobo pat,chr2_pat_hsa3,inactive,2.04,0.3575
Bonobo pat,chr2_pat_hsa3,inactive,1.996,0.346
Bonobo pat,chr2_pat_hsa3,inactive,2.436,0.3935
Bonobo pat,chr2_pat_hsa3,inactive,2.016,0.3525
Bonobo pat,chr2_pat_hsa3,inactive,2.02,0.3505
Bonobo pat,chr2_pat_hsa3,inactive,2.08,0.353
Bonobo pat,chr2_pat_hsa3,inactive,1.996,0.3585
Bonobo pat,chr2_pat_hsa3,inactive,2.008,0.353
Bonobo pat,chr2_pat_hsa3,inactive,1.98,0.3485
Bonobo pat,chr2_pat_hsa3,inactive,2.024,0.3575
Bonobo pat,chr2_pat_hsa3,inactive,1.996,0.3515
Bonobo pat,chr2_pat_hsa3,inactive,2.02,0.3555
Bonobo pat,chr2_pat_hsa3,inactive,1.94,0.3575
Bonobo pat,chr2_pat_hsa3,inactive,2.052,0.3485
Bonobo pat,chr2_pat_hsa3,inactive,2.056,0.3555
Bonobo pat,chr2_pat_hsa3,inactive,1.992,0.354
Bonobo pat,chr2_pat_hsa3,inactive,1.948,0.357
Bonobo pat,chr2_pat_hsa3,inactive,2.032,0.3475
Bonobo pat,chr2_pat_hsa3,inactive,2.02,0.357
Bonobo pat,chr2_pat_hsa3,inactive,1.992,0.353
Bonobo pat,chr2_pat_hsa3,inactive,2.024,0.3535
Bonobo pat,chr2_pat_hsa3,inactive,1.98,0.3555
Bonobo pat,chr2_pat_hsa3,inactive,2.06,0.352
Bonobo pat,chr2_pat_hsa3,inactive,2.012,0.355
Bonobo pat,chr2_pat_hsa3,inactive,2.032,0.3495
Bonobo pat,chr2_pat_hsa3,inactive,1.912,0.362
Bonobo pat,chr2_pat_hsa3,inactive,2.008,0.3465
Bonobo pat,chr2_pat_hsa3,inactive,2.052,0.356
Bonobo pat,chr2_pat_hsa3,inactive,2.016,0.3555
Bonobo pat,chr2_pat_hsa3,inactive,2.036,0.354
Bonobo pat,chr2_pat_hsa3,inactive,1.976,0.352
Bonobo pat,chr2_pat_hsa3,inactive,2.024,0.357
Bonobo pat,chr2_pat_hsa3,inactive,2.044,0.3505
Bonobo pat,chr2_pat_hsa3,inactive,2.02,0.354
Bonobo pat,chr2_pat_hsa3,inactive,1.944,0.3585
Bonobo pat,chr2_pat_hsa3,inactive,2.044,0.3485
Bonobo pat,chr2_pat_hsa3,inactive,2.072,0.355
Bonobo pat,chr2_pat_hsa3,inactive,1.984,0.3535
Bonobo pat,chr2_pat_hsa3,inactive,1.96,0.358
Bonobo pat,chr2_pat_hsa3,inactive,2.016,0.346
Bonobo pat,chr2_pat_hsa3,inactive,2.012,0.357
Bonobo pat,chr2_pat_hsa3,inactive,2.004,0.3525
Bonobo pat,chr2_pat_hsa3,inactive,1.984,0.354
Bonobo pat,chr2_pat_hsa3,inactive,1.984,0.3585
Bonobo pat,chr2_pat_hsa3,inactive,2.072,0.3485
Bonobo pat,chr2_pat_hsa3,inactive,2.036,0.3565
Bonobo pat,chr2_pat_hsa3,inactive,2.004,0.3525
Bonobo pat,chr2_pat_hsa3,inactive,1.988,0.354
Bonobo pat,chr2_pat_hsa3,inactive,2.056,0.353
Bonobo pat,chr2_pat_hsa3,inactive,2.016,0.355
Bonobo pat,chr2_pat_hsa3,inactive,2.024,0.3495
Bonobo pat,chr2_pat_hsa3,inactive,1.92,0.3615
Bonobo pat,chr2_pat_hsa3,inactive,2.02,0.3475
Bonobo pat,chr2_pat_hsa3,inactive,2.044,0.3565
Bonobo pat,chr2_pat_hsa3,inactive,2.012,0.355
Bonobo pat,chr2_pat_hsa3,inactive,2.044,0.3555
Bonobo pat,chr2_pat_hsa3,inactive,1.984,0.3505
Bonobo pat,chr2_pat_hsa3,inactive,2.048,0.355
Bonobo pat,chr2_pat_hsa3,inactive,1.98,0.345
Bonobo pat,chr2_pat_hsa3,inactive,2.036,0.357
Bonobo pat,chr2_pat_hsa3,inactive,2.024,0.3475
Bonobo pat,chr2_pat_hsa3,inactive,1.892,0.354
Bonobo pat,chr2_pat_hsa3,inactive,2.004,0.3495
Bonobo pat,chr2_pat_hsa3,inactive,2.036,0.3595
Bonobo pat,chr2_pat_hsa3,inactive,1.96,0.357
Bonobo pat,chr2_pat_hsa3,inactive,2.032,0.353
Bonobo pat,chr2_pat_hsa3,inactive,2.096,0.363
Bonobo pat,chr2_pat_hsa3,inactive,1.968,0.3635
Bonobo pat,chr2_pat_hsa3,inactive,1.98,0.354
Bonobo pat,chr2_pat_hsa3,inactive,1.956,0.3595
Bonobo pat,chr2_pat_hsa3,inactive,1.936,0.3515
Bonobo pat,chr2_pat_hsa3,inactive,2.0,0.3665
Bonobo pat,chr2_pat_hsa3,inactive,1.948,0.3555
Bonobo pat,chr2_pat_hsa3,inactive,1.984,0.343
Bonobo pat,chr2_pat_hsa3,inactive,1.756,0.35
Bonobo pat,chr2_pat_hsa3,inactive,1.88,0.3455
Bonobo pat,chr2_pat_hsa3,active,2.0,0.3725
Bonobo pat,chr2_pat_hsa3,active,2.028,0.377
Bonobo pat,chr2_pat_hsa3,active,2.036,0.378
Bonobo pat,chr2_pat_hsa3,active,2.052,0.3785
Bonobo pat,chr2_pat_hsa3,active,1.98,0.3815
Bonobo pat,chr2_pat_hsa3,active,2.056,0.376
Bonobo pat,chr2_pat_hsa3,active,2.056,0.3795
Bonobo pat,chr2_pat_hsa3,active,2.044,0.3735
Bonobo pat,chr2_pat_hsa3,active,2.072,0.383
Bonobo pat,chr2_pat_hsa3,active,2.024,0.3805
Bonobo pat,chr2_pat_hsa3,active,1.956,0.392
Bonobo pat,chr2_pat_hsa3,active,2.008,0.3905
Bonobo pat,chr2_pat_hsa3,active,2.028,0.3875
Bonobo pat,chr2_pat_hsa3,active,2.004,0.392
Bonobo pat,chr2_pat_hsa3,active,1.908,0.3955
Bonobo pat,chr2_pat_hsa3,active,1.94,0.3875
Bonobo pat,chr2_pat_hsa3,active,1.948,0.401
Bonobo pat,chr2_pat_hsa3,active,1.912,0.3855
Bonobo pat,chr2_pat_hsa3,active,1.948,0.398
Bonobo pat,chr2_pat_hsa3,active,1.868,0.388
Bonobo pat,chr2_pat_hsa3,active,2.0,0.3905
Bonobo pat,chr2_pat_hsa3,active,1.928,0.399
Bonobo pat,chr2_pat_hsa3,active,1.932,0.3855
Bonobo pat,chr2_pat_hsa3,active,1.912,0.3985
Bonobo pat,chr2_pat_hsa3,active,1.904,0.3855
Bonobo pat,chr2_pat_hsa3,active,1.952,0.4
Bonobo pat,chr2_pat_hsa3,active,1.856,0.3875
Bonobo pat,chr2_pat_hsa3,active,2.024,0.3915
Bonobo pat,chr2_pat_hsa3,active,1.88,0.3915
Bonobo pat,chr2_pat_hsa3,active,2.012,0.391
Bonobo pat,chr2_pat_hsa3,active,1.88,0.3945
Bonobo pat,chr2_pat_hsa3,active,1.872,0.397
Bonobo pat,chr2_pat_hsa3,active,2.024,0.387
Bonobo pat,chr2_pat_hsa3,active,1.916,0.389
Bonobo pat,chr2_pat_hsa3,active,2.008,0.3905
Bonobo pat,chr2_pat_hsa3,active,1.844,0.389
Bonobo pat,chr2_pat_hsa3,active,2.016,0.3945
Bonobo pat,chr2_pat_hsa3,active,1.892,0.3925
Bonobo pat,chr2_pat_hsa3,active,1.892,0.398
Bonobo pat,chr2_pat_hsa3,active,2.04,0.387
Bonobo pat,chr2_pat_hsa3,active,1.896,0.3945
Bonobo pat,chr2_pat_hsa3,active,1.988,0.3905
Bonobo pat,chr2_pat_hsa3,active,1.88,0.3945
Bonobo pat,chr2_pat_hsa3,active,1.96,0.3945
Bonobo pat,chr2_pat_hsa3,active,1.944,0.389
Bonobo pat,chr2_pat_hsa3,active,1.868,0.389
Bonobo pat,chr2_pat_hsa3,active,2.06,0.391
Bonobo pat,chr2_pat_hsa3,active,1.916,0.3875
Bonobo pat,chr2_pat_hsa3,active,2.012,0.395
Bonobo pat,chr2_pat_hsa3,active,1.928,0.388
Bonobo pat,chr2_pat_hsa3,active,1.944,0.3875
Bonobo pat,chr2_pat_hsa3,active,1.944,0.3885
Bonobo pat,chr2_pat_hsa3,active,1.9,0.3955
Bonobo pat,chr2_pat_hsa3,active,1.992,0.389
Bonobo pat,chr2_pat_hsa3,active,1.88,0.395
Bonobo pat,chr2_pat_hsa3,active,1.964,0.391
Bonobo pat,chr2_pat_hsa3,active,1.936,0.392
Bonobo pat,chr2_pat_hsa3,active,1.944,0.3875
Bonobo pat,chr2_pat_hsa3,active,1.956,0.3995
Bonobo pat,chr2_pat_hsa3,active,1.936,0.384
Bonobo pat,chr2_pat_hsa3,active,1.884,0.397
Bonobo pat,chr2_pat_hsa3,active,1.992,0.3945
Bonobo pat,chr2_pat_hsa3,active,1.928,0.3875
Bonobo pat,chr2_pat_hsa3,active,1.924,0.3915
Bonobo pat,chr2_pat_hsa3,active,1.952,0.389
Bonobo pat,chr2_pat_hsa3,active,1.86,0.3895
Bonobo pat,chr2_pat_hsa3,active,2.052,0.392
Bonobo pat,chr2_pat_hsa3,active,1.912,0.3875
Bonobo pat,chr2_pat_hsa3,active,2.0,0.394
Bonobo pat,chr2_pat_hsa3,active,1.948,0.388
Bonobo pat,chr2_pat_hsa3,active,1.948,0.3865
Bonobo pat,chr2_pat_hsa3,active,1.948,0.3895
Bonobo pat,chr2_pat_hsa3,active,1.928,0.3905
Bonobo pat,chr2_pat_hsa3,active,1.932,0.3895
Bonobo pat,chr2_pat_hsa3,active,1.936,0.3915
Bonobo pat,chr2_pat_hsa3,active,1.948,0.3885
Bonobo pat,chr2_pat_hsa3,active,1.932,0.3895
Bonobo pat,chr2_pat_hsa3,active,1.948,0.3905
Bonobo pat,chr2_pat_hsa3,active,1.928,0.3895
Bonobo pat,chr2_pat_hsa3,active,1.936,0.393
Bonobo pat,chr2_pat_hsa3,active,1.94,0.3855
Bonobo pat,chr2_pat_hsa3,active,1.992,0.3935
Bonobo pat,chr2_pat_hsa3,active,1.912,0.3875
Bonobo pat,chr2_pat_hsa3,active,1.972,0.3965
Bonobo pat,chr2_pat_hsa3,active,1.852,0.3895
Bonobo pat,chr2_pat_hsa3,active,1.876,0.3965
Bonobo pat,chr2_pat_hsa3,active,2.06,0.3905
Bonobo pat,chr2_pat_hsa3,active,1.904,0.388
Bonobo pat,chr2_pat_hsa3,active,2.008,0.3935
Bonobo pat,chr2_pat_hsa3,active,1.912,0.3865
Bonobo pat,chr2_pat_hsa3,active,1.908,0.398
Bonobo pat,chr2_pat_hsa3,active,1.888,0.3855
Bonobo pat,chr2_pat_hsa3,active,2.008,0.396
Bonobo pat,chr2_pat_hsa3,active,1.86,0.3905
Bonobo pat,chr2_pat_hsa3,active,1.868,0.3975
Bonobo pat,chr2_pat_hsa3,active,2.028,0.388
Bonobo pat,chr2_pat_hsa3,active,1.896,0.3945
Bonobo pat,chr2_pat_hsa3,active,2.008,0.392
Bonobo pat,chr2_pat_hsa3,active,1.9,0.3955
Bonobo pat,chr2_pat_hsa3,active,1.896,0.398
Bonobo pat,chr2_pat_hsa3,active,2.004,0.3855
Bonobo pat,chr2_pat_hsa3,active,1.904,0.3875
Bonobo pat,chr2_pat_hsa3,active,2.024,0.3915
Bonobo pat,chr2_pat_hsa3,active,1.936,0.3885
Bonobo pat,chr2_pat_hsa3,active,1.972,0.391
Bonobo pat,chr2_pat_hsa3,active,1.94,0.3905
Bonobo pat,chr2_pat_hsa3,active,1.94,0.39
Bonobo pat,chr2_pat_hsa3,active,1.936,0.3885
Bonobo pat,chr2_pat_hsa3,active,1.892,0.3925
Bonobo pat,chr2_pat_hsa3,active,2.0,0.392
Bonobo pat,chr2_pat_hsa3,active,1.896,0.395
Bonobo pat,chr2_pat_hsa3,active,1.996,0.389
Bonobo pat,chr2_pat_hsa3,active,1.952,0.3915
Bonobo pat,chr2_pat_hsa3,active,1.928,0.3875
Bonobo pat,chr2_pat_hsa3,active,1.904,0.397
Bonobo pat,chr2_pat_hsa3,active,1.92,0.385
Bonobo pat,chr2_pat_hsa3,active,1.876,0.3995
Bonobo pat,chr2_pat_hsa3,active,2.024,0.396
Bonobo pat,chr2_pat_hsa3,active,1.848,0.3855
Bonobo pat,chr2_pat_hsa3,active,1.896,0.395
Bonobo pat,chr2_pat_hsa3,active,2.004,0.3875
Bonobo pat,chr2_pat_hsa3,active,1.88,0.387
Bonobo pat,chr2_pat_hsa3,active,2.012,0.39
Bonobo pat,chr2_pat_hsa3,active,1.932,0.3875
Bonobo pat,chr2_pat_hsa3,active,1.924,0.3905
Bonobo pat,chr2_pat_hsa3,active,1.932,0.391
Bonobo pat,chr2_pat_hsa3,active,1.952,0.389
Bonobo pat,chr2_pat_hsa3,active,1.94,0.3925
Bonobo pat,chr2_pat_hsa3,active,1.952,0.3875
Bonobo pat,chr2_pat_hsa3,active,1.94,0.389
Bonobo pat,chr2_pat_hsa3,active,1.936,0.3905
Bonobo pat,chr2_pat_hsa3,active,1.94,0.3925
Bonobo pat,chr2_pat_hsa3,active,1.94,0.385
Bonobo pat,chr2_pat_hsa3,active,1.984,0.393
Bonobo pat,chr2_pat_hsa3,active,1.932,0.3895
Bonobo pat,chr2_pat_hsa3,active,1.916,0.3905
Bonobo pat,chr2_pat_hsa3,active,1.984,0.3885
Bonobo pat,chr2_pat_hsa3,active,1.94,0.39
Bonobo pat,chr2_pat_hsa3,active,1.956,0.3905
Bonobo pat,chr2_pat_hsa3,active,1.936,0.388
Bonobo pat,chr2_pat_hsa3,active,1.936,0.39
Bonobo pat,chr2_pat_hsa3,active,1.924,0.39
Bonobo pat,chr2_pat_hsa3,active,1.952,0.393
Bonobo pat,chr2_pat_hsa3,active,1.948,0.388
Bonobo pat,chr2_pat_hsa3,active,1.944,0.3875
Bonobo pat,chr2_pat_hsa3,active,1.948,0.389
Bonobo pat,chr2_pat_hsa3,active,1.936,0.39
Bonobo pat,chr2_pat_hsa3,active,1.932,0.39
Bonobo pat,chr2_pat_hsa3,active,1.944,0.3915
Bonobo pat,chr2_pat_hsa3,active,1.952,0.389
Bonobo pat,chr2_pat_hsa3,active,1.96,0.3885
Bonobo pat,chr2_pat_hsa3,active,1.936,0.39
Bonobo pat,chr2_pat_hsa3,active,1.884,0.388
Bonobo pat,chr2_pat_hsa3,active,1.896,0.385
Bonobo pat,chr2_pat_hsa3,active,1.812,0.385
Bonobo pat,chr2_pat_hsa3,active,1.88,0.3855
Bonobo pat,chr2_pat_hsa3,active,1.856,0.3875
Bonobo pat,chr2_pat_hsa3,active,1.832,0.385
Bonobo pat,chr2_pat_hsa3,active,1.872,0.389
Bonobo pat,chr2_pat_hsa3,active,1.86,0.386
Bonobo pat,chr2_pat_hsa3,active,1.82,0.383
Bonobo pat,chr2_pat_hsa3,active,2.024,0.376
Bonobo pat,chr2_pat_hsa3,active,1.992,0.3685
Bonobo pat,chr2_pat_hsa3,active,2.092,0.372
Bonobo pat,chr2_pat_hsa3,inactive,2.024,0.377
Bonobo pat,chr2_pat_hsa3,inactive,1.992,0.367
Bonobo pat,chr2_pat_hsa3,inactive,1.96,0.363
