repeat_class,bz2_bpb
LINE,2.2224
unique/low-repeat,2.1976
unique/low-repeat,2.1744
unique/low-repeat,2.1872
SINE,2.1272
unique/low-repeat,2.1824
LINE,2.1456
SINE,1.92
SINE,2.1224
SINE,2.156
SINE,2.1456
SINE,2.0544
SINE,2.1464
unique/low-repeat,2.2216
unique/low-repeat,2.2152
SINE,2.2104
SINE,2.0712
LINE,2.2136
SINE,1.9744
unique/low-repeat,2.2216
LTR,2.18
SINE,2.2032
SINE,2.2144
unique/low-repeat,2.2312
SINE,2.2264
LINE,2.2024
unique/low-repeat,2.2008
unique/low-repeat,2.2176
unique/low-repeat,2.1408
unique/low-repeat,2.1824
unique/low-repeat,2.2224
unique/low-repeat,2.208
other-repeat,1.0264
other-repeat,0.792
other-repeat,1.0544
unique/low-repeat,2.2104
LINE,2.0488
unique/low-repeat,2.1224
unique/low-repeat,2.2032
Simple_repeat,2.0312
unique/low-repeat,2.244
unique/low-repeat,2.1824
LINE,2.252
DNA,2.0344
unique/low-repeat,2.2024
LINE,2.1752
LINE,2.2256
unique/low-repeat,2.2192
unique/low-repeat,2.1136
unique/low-repeat,2.2112
unique/low-repeat,1.6
unique/low-repeat,2.2168
unique/low-repeat,2.1936
SINE,2.08
SINE,2.1848
LINE,2.1064
LTR,2.2312
LINE,2.2224
LTR,2.244
LINE,2.2008
SINE,2.1896
Simple_repeat,2.044
SINE,1.964
LINE,2.1888
Simple_repeat,2.072
SINE,2.2224
LTR,2.2216
LTR,2.2384
LINE,2.2016
LTR,2.2024
LINE,2.2416
LINE,2.2264
unique/low-repeat,2.2352
LINE,2.212
unique/low-repeat,2.2352
LTR,2.2368
LTR,2.228
unique/low-repeat,2.0168
LTR,2.1504
LTR,2.2336
LINE,2.2304
LTR,2.236
LTR,2.1912
LTR,2.2232
LINE,2.2144
SINE,2.1984
unique/low-repeat,2.224
unique/low-repeat,2.0904
LINE,2.2368
SINE,2.2256
SINE,2.0752
SINE,2.1992
unique/low-repeat,2.2104
unique/low-repeat,2.136
SINE,2.1688
LINE,2.2072
SINE,2.1976
SINE,2.0936
SINE,2.1816
SINE,2.0912
SINE,2.2312
SINE,2.2024
SINE,2.2264
SINE,2.1656
SINE,2.1448
SINE,2.2008
SINE,2.1496
SINE,2.176
SINE,2.1968
SINE,2.228
SINE,2.2208
SINE,2.1968
LINE,2.2408
LINE,2.22
LINE,2.2464
SINE,2.244
LINE,2.2456
LINE,2.2208
LINE,2.2432
LINE,2.2384
LINE,2.2272
SINE,2.232
LINE,2.2504
LINE,2.2384
unique/low-repeat,2.224
Simple_repeat,1.9936
LINE,2.1824
LINE,2.1816
LTR,2.2024
LINE,2.1824
SINE,2.2288
SINE,2.2368
SINE,2.2024
LTR,2.232
SINE,2.2056
SINE,2.1544
SINE,2.156
SINE,2.1968
SINE,2.1744
SINE,2.1568
SINE,2.068
LINE,2.2344
unique/low-repeat,2.1976
LINE,2.2568
unique/low-repeat,2.2384
LTR,2.228
SINE,2.2136
SINE,2.2
LINE,2.2176
SINE,2.2048
SINE,2.1864
SINE,2.1704
SINE,2.2056
SINE,2.1584
SINE,2.068
SINE,2.1408
SINE,2.2008
SINE,2.136
SINE,2.212
LINE,2.0568
SINE,2.2152
LTR,2.22
SINE,2.2128
SINE,2.1256
SINE,2.096
SINE,2.1192
SINE,2.1608
SINE,2.1912
unique/low-repeat,2.2104
SINE,2.036
SINE,2.1752
SINE,2.1848
SINE,2.156
SINE,2.0704
SINE,2.1616
SINE,2.232
SINE,2.076
SINE,2.1672
SINE,2.1712
unique/low-repeat,2.212
SINE,2.2336
unique/low-repeat,2.2288
unique/low-repeat,2.2544
SINE,2.2168
SINE,2.1976
SINE,2.0896
SINE,2.2064
SINE,2.1648
SINE,2.2344
unique/low-repeat,2.2312
SINE,2.2216
SINE,2.188
SINE,2.2248
LTR,2.224
LTR,2.2336
SINE,2.2192
SINE,2.196
SINE,2.1624
SINE,2.2032
SINE,2.224
SINE,2.1328
SINE,2.1928
SINE,2.1848
SINE,2.1984
SINE,2.2392
SINE,2.1944
SINE,2.2056
SINE,2.1968
unique/low-repeat,2.2464
SINE,2.2008
SINE,2.2248
SINE,2.2368
SINE,2.2224
SINE,2.2088
SINE,2.2104
SINE,2.2088
LINE,2.2344
LTR,2.2288
SINE,2.132
LINE,2.2056
SINE,2.2128
Satellite,2.2184
LINE,2.24
SINE,2.1544
LTR,2.2424
SINE,2.188
SINE,2.1592
SINE,2.1968
SINE,2.2136
LTR,2.2176
SINE,2.2168
SINE,2.228
unique/low-repeat,2.2312
LINE,2.252
LTR,2.2184
LINE,2.2208
SINE,2.2496
DNA,2.2304
LTR,2.2104
SINE,2.2344
LINE,2.2264
LINE,2.2008
SINE,2.224
LINE,2.224
SINE,2.2432
LINE,2.2152
LINE,2.2264
LINE,2.248
LINE,2.2392
DNA,2.2432
unique/low-repeat,2.244
SINE,2.24
LINE,2.2408
DNA,2.204
LTR,2.244
SINE,2.2392
SINE,2.2016
SINE,2.224
SINE,2.236
LINE,2.2248
SINE,2.2048
SINE,2.256
SINE,2.2016
SINE,2.2136
SINE,2.2024
SINE,2.2048
SINE,2.2096
SINE,2.2168
SINE,2.2432
SINE,2.1832
SINE,2.2096
SINE,2.156
unique/low-repeat,2.2072
SINE,2.2128
SINE,2.1712
SINE,2.1352
SINE,2.1096
SINE,2.0504
SINE,2.1056
SINE,2.0488
unique/low-repeat,2.2216
SINE,2.2032
SINE,2.2152
unique/low-repeat,2.2096
SINE,2.212
SINE,2.2216
SINE,2.176
SINE,2.228
SINE,2.1672
SINE,2.2112
SINE,2.128
SINE,2.0416
SINE,2.024
SINE,2.1408
SINE,2.1872
SINE,2.2144
LINE,2.2328
LINE,2.2304
SINE,2.1376
unique/low-repeat,2.2528
LTR,2.2544
SINE,2.2368
LINE,2.2304
SINE,2.2272
unique/low-repeat,2.224
unique/low-repeat,2.208
unique/low-repeat,2.2536
LINE,2.2464
LINE,2.2312
SINE,2.2304
LINE,2.2208
SINE,2.2176
SINE,2.2088
LINE,2.2328
SINE,2.1984
SINE,2.0904
SINE,2.1792
SINE,2.2416
SINE,2.22
SINE,2.2168
SINE,2.2432
SINE,2.2384
SINE,2.236
LTR,2.232
SINE,2.22
SINE,2.2264
SINE,2.1784
LTR,2.2224
LTR,2.2216
SINE,2.2328
unique/low-repeat,2.2544
SINE,2.2272
SINE,2.2416
SINE,2.2328
SINE,2.1904
LINE,2.2456
SINE,2.2136
unique/low-repeat,2.2376
unique/low-repeat,2.2448
unique/low-repeat,2.2488
SINE,2.2368
SINE,2.22
SINE,2.204
SINE,2.1736
SINE,2.2392
SINE,2.2264
SINE,2.224
SINE,2.2104
SINE,2.1648
SINE,2.1344
unique/low-repeat,2.2368
SINE,2.236
SINE,2.2168
SINE,2.2352
SINE,2.2144
SINE,2.2416
SINE,2.176
unique/low-repeat,2.2448
LINE,2.216
SINE,2.2416
SINE,2.2472
LINE,2.2408
SINE,2.2256
SINE,2.2368
SINE,2.1744
SINE,2.1448
SINE,2.2072
SINE,2.14
SINE,2.184
SINE,2.2
SINE,2.2072
DNA,2.2256
SINE,2.1536
SINE,2.212
SINE,2.1776
SINE,2.1584
SINE,2.1248
SINE,2.1424
SINE,2.2144
SINE,2.1984
LTR,2.0672
LINE,2.2256
LINE,2.1792
SINE,2.2088
SINE,2.228
SINE,2.2312
SINE,2.2048
SINE,2.1264
SINE,2.1752
SINE,2.2152
SINE,2.2168
SINE,2.2328
LTR,2.2536
SINE,2.2104
SINE,2.2072
SINE,2.1848
SINE,2.2016
SINE,2.224
SINE,2.2192
LTR,2.2224
SINE,2.1752
SINE,2.2208
SINE,2.2056
SINE,2.1792
SINE,2.1072
SINE,2.156
SINE,2.1424
SINE,2.2152
SINE,2.2352
unique/low-repeat,2.228
SINE,2.2472
SINE,2.1824
SINE,2.196
SINE,2.1688
SINE,2.1752
unique/low-repeat,2.2368
SINE,2.188
SINE,2.1648
SINE,2.1384
SINE,2.2112
SINE,2.2408
LTR,2.2136
SINE,2.2024
SINE,2.2352
SINE,2.228
SINE,2.1736
SINE,2.2216
SINE,2.1984
SINE,2.204
SINE,2.1888
SINE,2.2184
SINE,2.148
SINE,2.2096
unique/low-repeat,2.252
LINE,2.2256
LINE,2.2288
SINE,2.224
SINE,2.2192
LINE,2.228
LINE,2.2032
SINE,2.2064
SINE,2.228
SINE,2.1856
SINE,2.1848
SINE,2.2672
SINE,2.212
SINE,2.2408
SINE,2.2184
SINE,2.2296
SINE,2.1904
SINE,2.2072
SINE,2.1592
SINE,2.1784
unique/low-repeat,2.2256
SINE,2.1992
SINE,2.176
SINE,2.24
SINE,2.168
SINE,2.1704
SINE,2.1032
SINE,2.1688
unique/low-repeat,2.2336
SINE,2.1816
SINE,2.204
SINE,2.18
SINE,2.1816
SINE,2.0784
SINE,2.0872
SINE,2.1536
SINE,2.1736
SINE,2.164
SINE,2.056
SINE,2.2248
SINE,2.208
SINE,2.1176
SINE,2.2168
SINE,2.18
SINE,2.1952
SINE,2.1768
SINE,2.0648
SINE,2.1624
SINE,2.1472
SINE,2.1936
SINE,2.0496
SINE,2.064
SINE,2.084
SINE,2.1648
SINE,2.1792
SINE,2.1752
SINE,2.16
SINE,2.1648
unique/low-repeat,2.2312
SINE,2.2128
SINE,2.2168
LINE,2.2288
LTR,2.2272
LINE,2.2248
LTR,2.2296
LTR,2.2176
LINE,2.2
LINE,2.224
LTR,2.2248
LTR,2.2304
LTR,2.2168
SINE,2.2328
LTR,2.2336
SINE,2.2112
LINE,2.2344
LINE,2.2224
LINE,2.216
LTR,2.24
LINE,2.2464
LINE,2.236
LTR,2.224
SINE,2.2328
SINE,2.2216
LTR,2.2144
LINE,2.2016
LTR,2.2104
unique/low-repeat,2.2096
SINE,2.2104
LINE,2.2392
LTR,2.2352
LINE,2.2
LINE,2.2216
LTR,2.2256
SINE,2.2216
LINE,2.2144
LINE,2.1816
LINE,2.2552
SINE,2.2032
unique/low-repeat,2.2384
unique/low-repeat,2.2112
SINE,2.208
SINE,2.204
SINE,2.2056
SINE,2.1112
SINE,2.1008
SINE,2.0888
SINE,2.168
SINE,2.2112
SINE,2.2216
SINE,2.1688
SINE,2.1888
SINE,2.1648
LINE,2.2168
LINE,2.156
LTR,2.1952
LINE,2.1512
LINE,2.2272
LINE,2.1816
SINE,2.2376
SINE,2.2256
SINE,2.2336
unique/low-repeat,2.2192
SINE,2.2152
LINE,2.2144
SINE,2.1912
SINE,2.1872
SINE,2.0648
unique/low-repeat,2.2456
unique/low-repeat,2.2296
SINE,2.1336
unique/low-repeat,2.2232
SINE,2.188
LTR,2.1784
SINE,2.1664
SINE,2.2104
SINE,2.1864
SINE,2.1184
SINE,2.02
SINE,2.2136
SINE,2.0216
SINE,2.2056
SINE,2.1576
SINE,2.1312
SINE,2.0904
SINE,2.216
SINE,2.2432
SINE,2.2088
SINE,2.1176
SINE,2.2056
Retroposon,2.072
LINE,2.2448
SINE,2.2288
LINE,2.1968
LINE,2.2168
SINE,2.232
SINE,2.2256
LINE,2.2296
LINE,2.2264
LINE,2.2272
unique/low-repeat,2.22
LINE,2.2352
LTR,2.2272
SINE,2.2232
LINE,2.2264
LINE,2.2296
LTR,2.212
LINE,2.2368
SINE,2.1552
LINE,2.1912
LINE,2.228
LINE,2.2288
LINE,2.2184
LINE,2.236
LINE,2.2232
SINE,2.1928
LINE,2.2328
LINE,2.224
LTR,2.2248
LINE,2.2088
SINE,2.2352
LINE,2.164
SINE,2.1904
SINE,2.1792
SINE,2.1872
SINE,2.1424
LTR,2.24
SINE,2.192
SINE,2.1544
SINE,2.136
SINE,2.136
SINE,2.1496
SINE,2.1168
SINE,2.1832
SINE,2.2224
LINE,2.2304
SINE,2.1944
SINE,2.1968
SINE,2.1928
SINE,2.2232
SINE,2.1584
SINE,2.2048
SINE,2.1896
SINE,2.1184
SINE,2.1872
SINE,2.2224
SINE,2.1912
SINE,2.2016
SINE,2.2232
SINE,2.2424
SINE,2.1752
SINE,2.1368
SINE,2.1144
SINE,2.1384
SINE,2.1824
SINE,2.1176
SINE,2.2408
LTR,2.2608
SINE,2.2336
SINE,2.1968
LINE,2.2304
LINE,2.2232
SINE,2.228
LINE,2.2264
LINE,2.1992
SINE,2.2432
unique/low-repeat,2.2232
SINE,2.2032
SINE,2.2376
SINE,2.2296
LINE,2.244
LINE,2.2224
SINE,2.1984
Retroposon,2.1472
LINE,2.2224
LINE,2.2344
LINE,2.2176
LINE,2.2248
SINE,2.2408
LINE,2.2256
LINE,2.1864
SINE,2.236
SINE,2.2128
SINE,2.2128
unique/low-repeat,2.2264
SINE,2.2168
SINE,2.1648
unique/low-repeat,2.2408
SINE,2.204
SINE,2.224
LTR,2.2056
SINE,2.172
SINE,2.2032
SINE,2.1952
LINE,2.228
LTR,2.2248
LTR,2.216
SINE,2.2472
LINE,2.2296
LINE,2.192
LINE,2.2376
LINE,2.2328
LTR,2.236
SINE,2.2344
SINE,2.2336
SINE,2.2392
SINE,2.2488
LINE,2.2208
SINE,2.1696
SINE,2.1592
SINE,2.1944
LINE,2.2064
SINE,2.1968
SINE,2.1352
SINE,2.2072
SINE,2.2192
SINE,2.1672
SINE,2.2048
SINE,2.1664
SINE,2.2344
LINE,2.168
SINE,2.1752
SINE,2.1384
SINE,2.156
SINE,2.1808
SINE,2.136
SINE,2.1416
LINE,2.224
SINE,2.2072
SINE,2.2192
SINE,2.172
SINE,2.1672
LTR,2.2448
LINE,2.2072
LINE,2.2336
SINE,2.2288
unique/low-repeat,2.22
LINE,2.228
SINE,2.228
SINE,2.2048
SINE,2.208
SINE,2.232
LINE,2.1944
LINE,2.2024
SINE,2.1944
LINE,2.2176
LINE,2.22
LINE,2.2256
LINE,2.2472
LINE,2.2024
SINE,2.2224
SINE,2.2112
SINE,2.2392
LTR,2.2296
unique/low-repeat,2.2248
LINE,2.2304
LINE,2.2136
unique/low-repeat,2.228
SINE,2.2296
SINE,2.2384
SINE,2.2368
unique/low-repeat,2.2352
SINE,2.228
LINE,2.2352
LTR,2.2448
LINE,2.232
LINE,2.2048
LINE,2.1952
LINE,2.2232
LINE,2.244
LINE,2.236
LINE,2.2216
SINE,2.224
SINE,2.2464
SINE,2.1824
LINE,2.232
LINE,2.2432
SINE,2.2136
LINE,2.2544
LINE,2.2192
LTR,2.2176
DNA,2.2544
SINE,2.0832
SINE,2.192
SINE,2.2264
LTR,2.208
LINE,2.1832
LINE,2.2408
LINE,2.2672
LINE,2.2296
LTR,2.2064
LTR,2.1912
LINE,2.2224
LINE,2.2392
SINE,2.2144
unique/low-repeat,2.2296
LINE,2.184
unique/low-repeat,2.224
unique/low-repeat,2.2208
unique/low-repeat,2.2104
SINE,2.184
SINE,2.2296
LTR,2.2048
LINE,2.172
SINE,2.1976
unique/low-repeat,2.228
unique/low-repeat,2.2496
LINE,2.2216
LINE,2.2232
LINE,2.224
LINE,2.2184
SINE,2.2192
LINE,2.2168
LTR,2.184
SINE,2.2176
unique/low-repeat,2.2376
unique/low-repeat,2.2328
unique/low-repeat,2.2216
SINE,2.1928
SINE,2.1648
SINE,2.1712
SINE,2.144
unique/low-repeat,2.2456
SINE,2.1592
LINE,2.2144
SINE,2.1768
SINE,2.1184
SINE,2.1504
LTR,2.2192
SINE,2.1216
SINE,2.1576
LINE,2.2008
LINE,2.208
LINE,2.1864
LINE,2.196
LINE,2.2368
LTR,2.2
SINE,2.2272
SINE,2.2152
SINE,2.22
SINE,2.1712
SINE,2.1952
unique/low-repeat,2.232
unique/low-repeat,2.2208
SINE,2.2176
SINE,2.2256
LINE,2.2208
LINE,2.2256
LINE,2.2272
LINE,2.2
LINE,2.2176
LINE,2.2296
LINE,2.22
LTR,2.24
LINE,2.2056
LINE,2.2232
LTR,2.2256
LINE,2.2264
LINE,2.2232
LINE,2.2304
LINE,2.2168
SINE,2.2
SINE,2.1512
SINE,2.1608
SINE,2.2192
LTR,2.2288
LINE,2.2216
LINE,2.1528
LTR,2.22
LINE,2.2272
SINE,2.2296
SINE,2.2392
LINE,2.2136
SINE,2.2336
LINE,2.2192
SINE,2.2152
LINE,2.2208
LINE,2.2184
LINE,2.2088
SINE,2.2136
LINE,2.2176
LINE,2.224
LINE,2.2128
LTR,2.22
LINE,2.1048
LINE,2.2048
DNA,2.2304
SINE,2.2272
SINE,2.2152
LINE,2.228
SINE,2.2104
LINE,2.224
SINE,2.2256
LINE,2.2296
LINE,2.2336
LINE,2.2352
LINE,2.1904
LINE,2.2312
SINE,2.2296
LINE,2.2088
LINE,2.2304
LINE,2.2088
LINE,2.2128
LINE,2.2216
LINE,2.2304
LINE,2.2184
LINE,2.192
LINE,2.2104
LINE,2.2368
LTR,2.236
LINE,2.2336
LINE,2.2168
LINE,2.2224
LINE,2.0768
SINE,2.2384
LINE,2.2248
LINE,2.2232
SINE,2.2344
LINE,2.2288
LINE,2.2248
unique/low-repeat,2.2128
SINE,2.216
SINE,2.1952
SINE,2.0968
SINE,2.1968
unique/low-repeat,2.2248
unique/low-repeat,2.2536
LINE,2.192
SINE,2.2192
LINE,2.1776
SINE,2.188
SINE,2.1568
SINE,2.1072
SINE,2.216
LINE,2.2352
LINE,2.2
SINE,2.1656
LINE,2.2144
SINE,2.1824
LINE,2.1736
LINE,2.216
SINE,2.2248
SINE,2.18
SINE,2.2088
SINE,2.2328
SINE,2.0984
SINE,2.2208
LINE,2.172
SINE,2.1824
SINE,2.2416
SINE,2.2096
LINE,2.204
LINE,2.2272
SINE,2.2512
SINE,2.1792
SINE,2.1832
SINE,2.2576
SINE,2.196
SINE,2.1136
SINE,2.1728
SINE,2.1784
SINE,2.164
SINE,2.2648
LINE,2.2128
LINE,2.2296
SINE,2.164
LINE,2.2424
unique/low-repeat,2.2256
SINE,2.248
SINE,2.2008
LINE,2.2232
SINE,2.2248
SINE,2.24
LINE,2.2176
SINE,2.1896
SINE,2.232
unique/low-repeat,2.2288
SINE,2.2312
LTR,2.2168
SINE,2.2208
SINE,2.2224
LINE,2.2296
SINE,2.2296
SINE,2.2296
unique/low-repeat,2.2328
SINE,2.208
LINE,2.2408
SINE,2.0672
SINE,2.1944
SINE,2.1976
SINE,2.2064
SINE,2.144
SINE,2.1544
SINE,2.1952
SINE,2.2184
LTR,2.2168
LTR,2.2216
SINE,2.2368
LINE,2.2304
DNA,2.2208
SINE,2.2224
SINE,2.2152
SINE,2.2224
SINE,2.2312
LINE,2.232
LINE,2.2232
LINE,2.24
LINE,2.232
LINE,2.2256
SINE,2.2304
Simple_repeat,1.7632
LINE,2.1304
LTR,2.1968
LTR,2.2448
unique/low-repeat,2.2296
LINE,2.212
LINE,2.2024
SINE,2.2232
LINE,2.2048
LINE,2.2264
LINE,2.2488
LTR,2.2304
unique/low-repeat,2.232
SINE,2.228
DNA,2.2296
LINE,2.2328
LINE,2.2176
LINE,2.224
SINE,2.2384
LINE,2.2328
LTR,2.2456
LINE,2.1968
unique/low-repeat,2.2432
SINE,2.2176
SINE,2.2336
SINE,2.2232
LINE,2.2352
LINE,2.2528
LINE,2.2272
LINE,2.224
LINE,2.2272
LINE,2.2232
LINE,2.2152
SINE,2.2192
SINE,2.232
SINE,2.2224
LINE,2.2016
LINE,2.2152
LINE,2.2376
SINE,2.2104
LTR,2.2184
SINE,2.2272
SINE,2.2272
LINE,2.228
LINE,2.2216
LINE,2.2208
SINE,2.2328
LINE,2.2288
LINE,2.2224
LINE,2.2208
LTR,2.2304
LTR,2.2272
SINE,2.216
SINE,2.2216
SINE,2.2256
LINE,2.2264
LINE,2.228
LINE,2.212
LINE,2.2168
LINE,2.2352
LINE,2.22
LINE,2.2336
LINE,2.224
LINE,2.2248
LINE,2.2192
SINE,2.22
LTR,2.224
LINE,2.22
LINE,2.2376
LINE,2.2352
LINE,2.232
LINE,2.2224
SINE,2.2312
LTR,2.1392
SINE,2.2192
LINE,2.2272
LTR,2.2328
SINE,2.2264
LINE,2.2312
SINE,2.2216
LINE,2.2304
LINE,2.2136
LINE,2.2192
LINE,2.2272
SINE,2.2344
SINE,2.236
unique/low-repeat,2.2144
SINE,2.2256
unique/low-repeat,2.2192
SINE,2.2184
unique/low-repeat,2.2256
LINE,2.232
LINE,2.224
SINE,2.2376
LINE,2.2
LINE,2.244
LINE,2.2416
SINE,2.2016
SINE,2.1792
SINE,2.2224
LINE,2.2336
SINE,2.1832
SINE,2.1184
SINE,2.1592
SINE,2.244
SINE,2.2216
SINE,2.2264
LINE,2.2256
LINE,2.2008
LTR,2.2056
LINE,2.2144
SINE,2.2184
SINE,2.2384
LINE,2.236
DNA,2.2088
DNA,2.196
LINE,2.2264
SINE,2.2144
SINE,2.1872
SINE,2.2024
LINE,2.2
LINE,2.2272
LINE,2.2384
LTR,2.1904
SINE,2.2096
SINE,2.2136
SINE,2.2408
DNA,2.232
DNA,2.2328
LINE,2.2312
LINE,2.22
LTR,2.216
SINE,2.2208
LINE,2.2136
SINE,2.2288
unique/low-repeat,2.224
LINE,2.2208
DNA,2.2264
SINE,2.2136
LTR,2.232
LTR,2.2168
SINE,2.2392
LINE,2.2184
SINE,2.2256
LINE,2.2336
SINE,2.1768
SINE,2.2248
LINE,2.2456
LINE,2.2144
LINE,2.224
DNA,2.2232
LINE,2.22
LINE,2.2296
LINE,2.2096
LINE,2.2168
LINE,2.2192
LTR,2.2344
LINE,2.2192
SINE,2.2248
LINE,2.2184
LINE,2.1968
LTR,2.2304
LINE,2.2176
LTR,2.2072
SINE,2.2432
LINE,2.2128
unique/low-repeat,2.2104
SINE,2.2232
unique/low-repeat,2.232
LINE,2.2104
unique/low-repeat,2.224
LTR,2.2248
SINE,2.22
SINE,2.216
LINE,2.2192
unique/low-repeat,2.2392
unique/low-repeat,2.2296
SINE,2.2336
LINE,2.2144
LINE,2.2152
LINE,2.2256
LINE,2.2192
LINE,2.2352
LTR,2.2272
LINE,2.2224
LTR,2.2144
SINE,2.188
LINE,2.2304
SINE,2.2224
SINE,2.228
LINE,2.2088
LINE,2.2256
LINE,2.2368
SINE,2.2008
LINE,2.2352
unique/low-repeat,2.2328
LINE,2.2272
LINE,2.24
unique/low-repeat,2.2248
unique/low-repeat,2.2512
SINE,2.2152
unique/low-repeat,2.2304
LINE,2.2088
LTR,2.1912
SINE,2.1928
LINE,2.2112
LINE,2.2152
LINE,2.216
LINE,2.2232
LINE,2.192
LINE,2.2072
LTR,2.2224
LINE,2.2264
LINE,2.2352
LINE,2.216
LINE,2.2096
DNA,2.2184
LINE,2.2056
LINE,2.2168
LINE,2.2088
LINE,2.2136
LINE,2.232
LINE,2.2384
LINE,2.212
LINE,2.2264
unique/low-repeat,2.2488
LINE,2.2272
LTR,2.2312
LINE,2.1992
LINE,2.2112
LINE,2.2232
LINE,2.2144
LINE,2.2128
LINE,2.2464
unique/low-repeat,2.2112
unique/low-repeat,2.2112
SINE,2.18
SINE,2.1344
SINE,2.1496
SINE,2.2136
LTR,2.2208
LINE,2.2352
LTR,2.2304
LINE,2.2144
DNA,2.2376
SINE,2.2176
LINE,2.224
LINE,2.2216
LINE,2.212
LTR,2.2184
LINE,2.2344
LTR,2.216
unique/low-repeat,2.2272
SINE,2.216
unique/low-repeat,2.2448
LINE,2.2312
LINE,2.2336
LINE,2.2264
SINE,2.24
LINE,2.2272
LTR,2.216
unique/low-repeat,2.2216
LINE,2.2144
LINE,2.22
LINE,2.2416
unique/low-repeat,2.1976
SINE,2.2328
unique/low-repeat,2.2168
LINE,2.2384
LTR,2.2128
LINE,2.2328
LTR,2.2312
unique/low-repeat,2.2168
LINE,2.2184
LTR,2.2248
DNA,2.2344
LINE,2.2256
unique/low-repeat,2.2144
LINE,2.2008
SINE,2.22
unique/low-repeat,2.2152
LTR,2.2312
LINE,2.2104
LINE,2.1976
LINE,2.2256
LINE,2.2176
LINE,2.2232
unique/low-repeat,2.2088
SINE,2.2328
LTR,2.216
LTR,2.212
LINE,2.2224
LTR,2.22
LINE,2.212
LINE,2.2152
LINE,2.2
LINE,2.2336
LINE,2.2256
LINE,2.2288
LINE,2.1944
LINE,2.1904
LTR,2.2176
LINE,2.2208
LTR,2.2224
LINE,2.212
LTR,2.2264
SINE,2.2224
LINE,2.224
LTR,2.228
LINE,2.212
DNA,2.2272
LINE,2.2352
LINE,2.2176
LINE,2.2344
LINE,2.2144
LINE,2.2384
LINE,2.2248
DNA,2.204
LINE,2.2312
unique/low-repeat,2.2152
LTR,2.2344
unique/low-repeat,2.224
LINE,2.228
LINE,2.2448
LINE,2.2112
LTR,2.2096
LINE,2.216
LINE,2.2088
LINE,2.2
LINE,2.2096
LINE,2.224
LINE,2.212
LINE,2.228
LTR,2.2288
unique/low-repeat,2.2208
LINE,2.2072
LINE,2.2224
LINE,2.2184
SINE,2.2304
LINE,2.2256
SINE,2.2312
SINE,2.16
LINE,2.2272
LTR,2.2256
Simple_repeat,1.9792
LTR,2.2088
LINE,2.2192
LINE,2.2128
LINE,2.2112
LTR,2.208
LINE,2.2112
LINE,2.2272
SINE,2.2056
LINE,2.236
LINE,2.2288
LINE,2.2176
LINE,2.2416
unique/low-repeat,2.2288
LINE,2.2384
LTR,2.2192
LINE,2.2184
LTR,2.24
DNA,2.224
LINE,2.2368
LINE,2.2448
LINE,2.2272
LINE,2.2128
LTR,2.2192
LTR,2.2184
LINE,2.2048
LINE,2.2072
LTR,2.2224
SINE,2.2216
LINE,2.2064
LTR,2.2216
SINE,2.232
LINE,2.2056
SINE,2.2088
LINE,2.216
SINE,2.0816
LINE,2.2032
SINE,2.172
SINE,2.1832
SINE,2.1848
unique/low-repeat,2.2216
SINE,2.1976
SINE,2.2232
SINE,2.216
LTR,2.2248
LINE,2.2424
LINE,2.232
LINE,2.2184
LINE,2.1848
LINE,2.2024
LINE,2.2264
LINE,2.2256
LINE,2.216
LINE,2.2344
LINE,2.2072
LINE,2.2048
LTR,2.2368
LINE,2.172
LTR,2.2008
unique/low-repeat,2.2304
LINE,2.216
LTR,2.228
LINE,2.2184
LINE,2.2032
LTR,2.2296
DNA,2.2112
LINE,2.2144
LINE,2.2312
LTR,2.2184
LINE,2.2088
LTR,2.24
LTR,2.216
LINE,2.2312
LINE,2.12
LINE,2.2152
unique/low-repeat,2.2216
LTR,2.2216
LINE,2.2264
unique/low-repeat,2.2272
SINE,2.2344
LINE,2.2232
unique/low-repeat,2.2152
unique/low-repeat,2.2304
unique/low-repeat,2.236
unique/low-repeat,2.236
LTR,2.232
SINE,2.22
SINE,2.22
LTR,2.208
unique/low-repeat,2.236
unique/low-repeat,2.2152
unique/low-repeat,2.208
unique/low-repeat,2.216
DNA,2.212
unique/low-repeat,2.2032
LINE,2.2144
LINE,2.2304
LINE,2.1928
LTR,2.2392
LINE,2.2248
LINE,2.22
LINE,2.2256
LTR,2.2224
LINE,2.2144
DNA,2.228
LINE,2.2024
LINE,2.1992
DNA,2.2288
LTR,2.2432
LTR,2.2192
LTR,2.224
LTR,2.2216
unique/low-repeat,2.22
LINE,2.2384
LINE,2.2208
LINE,2.216
SINE,2.2192
LINE,2.2256
LINE,2.2192
LINE,2.2016
LINE,2.2088
LINE,2.2208
LINE,2.2504
unique/low-repeat,2.2408
LTR,2.2264
LTR,2.228
LINE,2.2424
LINE,2.2256
LINE,2.2192
LINE,2.2184
LINE,2.2248
LINE,2.2216
LTR,2.2
LINE,2.2112
unique/low-repeat,2.2152
LINE,2.2328
LINE,2.1904
SINE,2.204
LTR,2.2288
LINE,2.2368
LINE,2.24
SINE,2.2144
LINE,2.236
LINE,2.2296
SINE,2.236
LINE,2.2256
SINE,2.2112
SINE,2.2136
LINE,2.2024
SINE,2.2112
LINE,2.24
SINE,2.2104
LINE,2.2264
LINE,2.2224
LINE,2.2176
unique/low-repeat,2.2312
SINE,2.2144
LINE,2.216
SINE,2.2
LINE,2.2088
LINE,2.2224
LINE,2.2072
LTR,2.216
LINE,2.224
LINE,2.2136
LINE,2.228
LINE,2.216
unique/low-repeat,2.2296
LINE,2.22
LTR,2.232
unique/low-repeat,2.2384
LINE,2.2128
LINE,2.2112
LINE,2.2256
LINE,2.2096
LTR,2.224
LINE,2.2272
SINE,2.2176
LINE,2.2384
LINE,2.2216
SINE,2.1976
SINE,2.2512
LINE,2.2328
LINE,2.2352
SINE,2.2336
SINE,2.2328
SINE,2.2416
LTR,2.2328
SINE,2.2272
LINE,2.2064
unique/low-repeat,2.224
LINE,2.2256
DNA,2.2168
LINE,2.2304
SINE,2.2328
SINE,2.2224
unique/low-repeat,2.2232
DNA,2.2336
LINE,2.2152
LINE,2.2152
DNA,2.2424
unique/low-repeat,2.232
LINE,2.2264
LINE,2.2064
unique/low-repeat,2.2408
LINE,2.2112
LINE,2.2312
LINE,2.2256
LINE,2.2224
LINE,2.2312
LINE,2.224
LINE,2.2024
LINE,2.2136
LINE,2.1816
SINE,2.2352
LTR,2.2328
LTR,2.2296
LINE,2.2168
LINE,2.2368
LINE,2.2264
LINE,2.2272
LTR,2.224
LINE,2.2336
LTR,2.2296
LTR,2.216
unique/low-repeat,2.2256
LINE,2.24
SINE,2.228
unique/low-repeat,2.2264
unique/low-repeat,2.2512
SINE,2.2296
LINE,2.2328
LINE,2.2144
LINE,2.208
LINE,2.232
LINE,2.2288
LINE,2.1824
LINE,2.2104
LINE,2.2376
LINE,2.2384
unique/low-repeat,2.2264
LTR,2.2136
LINE,2.2264
LINE,2.2304
LINE,2.2376
DNA,2.22
LTR,2.232
LINE,2.2352
LINE,2.2352
LINE,2.2184
LINE,2.2096
LINE,2.2208
LTR,2.2264
SINE,2.2192
SINE,2.1496
LINE,2.2424
LINE,2.244
LINE,2.2056
LINE,2.2128
SINE,2.216
LINE,2.2288
LINE,2.1992
LINE,2.2432
DNA,2.2344
SINE,2.2368
LINE,2.2352
unique/low-repeat,2.2408
LINE,2.244
SINE,2.1792
SINE,2.196
LINE,2.2296
SINE,2.2208
LINE,2.244
SINE,2.2072
LINE,2.1792
SINE,2.2128
SINE,2.2184
SINE,2.1504
SINE,2.1832
SINE,2.1888
SINE,2.232
LINE,2.2104
SINE,2.2152
SINE,2.1704
SINE,2.1928
SINE,2.2096
SINE,2.2136
DNA,2.2248
LINE,2.1992
LINE,2.2008
LINE,2.2296
SINE,2.2168
LINE,2.2248
unique/low-repeat,2.2176
LINE,2.2248
SINE,2.224
SINE,2.2248
LTR,2.2272
SINE,2.192
LINE,2.2024
LTR,2.2344
unique/low-repeat,2.252
SINE,2.2448
LINE,2.2048
SINE,2.228
LINE,2.2504
LTR,2.228
SINE,2.2384
LINE,2.1968
LINE,2.2328
SINE,2.232
SINE,2.22
LINE,2.2416
SINE,2.2064
LINE,2.2248
LTR,2.2248
LTR,2.2344
DNA,2.2368
LINE,2.2424
LINE,2.2144
LTR,2.232
LINE,2.2288
LINE,2.2216
LTR,2.2184
LINE,2.2208
LTR,2.224
unique/low-repeat,2.2136
LINE,2.2176
SINE,2.2272
LINE,2.2416
LINE,2.2384
LINE,2.2088
LINE,2.2064
LINE,2.2272
LINE,2.2112
SINE,2.2208
LTR,2.2248
SINE,2.2256
SINE,2.2208
LINE,2.2368
LINE,2.2104
unique/low-repeat,2.2176
unique/low-repeat,2.2232
LINE,2.2264
LINE,2.2168
LINE,2.1928
LINE,2.2232
unique/low-repeat,2.2304
LTR,2.2296
SINE,2.2056
SINE,2.2176
unique/low-repeat,2.2216
LINE,2.2352
LINE,2.2168
LTR,2.2168
DNA,2.2288
unique/low-repeat,2.2208
LINE,2.228
unique/low-repeat,2.2176
LINE,2.2136
LINE,2.2064
unique/low-repeat,2.2136
LINE,2.2168
DNA,2.2048
LTR,2.2296
LINE,2.2392
LINE,2.2208
unique/low-repeat,2.2224
unique/low-repeat,2.208
LINE,2.2112
LINE,2.2216
LINE,2.2064
LINE,2.2208
LTR,2.2256
LTR,2.228
LINE,2.2192
LINE,2.196
unique/low-repeat,2.2232
SINE,2.224
LINE,2.2296
LINE,2.2112
LTR,2.244
unique/low-repeat,2.22
LINE,2.2216
LTR,2.2144
LTR,2.2248
DNA,2.2128
LINE,2.228
LINE,2.2056
LINE,2.2272
LTR,2.2256
unique/low-repeat,2.2336
LINE,2.22
LINE,2.2184
LINE,2.2192
LINE,2.2216
LINE,2.2432
LTR,2.2424
LINE,2.216
LINE,2.2112
unique/low-repeat,2.224
LINE,2.2344
SINE,2.1968
SINE,2.2064
LTR,2.2528
SINE,2.2032
unique/low-repeat,2.2056
LINE,2.2064
LTR,2.2056
LINE,2.1792
LINE,2.1936
SINE,2.1712
SINE,2.2016
SINE,2.1896
SINE,2.2008
LINE,2.2024
SINE,2.2112
SINE,2.2048
LINE,2.2344
unique/low-repeat,2.2128
LINE,2.2424
LTR,2.22
LINE,2.2056
LINE,2.2256
LTR,2.2408
LINE,2.2144
LINE,2.2128
unique/low-repeat,2.2192
DNA,2.2328
LINE,2.2128
SINE,2.1936
LINE,2.2168
LTR,2.2304
LINE,2.2296
LINE,2.2104
LTR,2.2232
LTR,2.2168
LINE,2.2192
LINE,2.2112
LINE,2.22
unique/low-repeat,2.2192
LINE,2.2248
unique/low-repeat,2.2032
LINE,2.2224
LINE,2.22
LTR,2.2136
LINE,2.2136
LINE,2.2264
LTR,2.232
LINE,2.2232
LINE,2.1928
LINE,2.2112
LINE,2.224
LINE,2.2128
LINE,2.2016
LINE,2.22
LTR,2.2088
LINE,2.2048
LINE,2.1992
LINE,2.2064
LTR,2.2032
LINE,2.2216
LTR,2.2296
LINE,2.224
LTR,2.2264
LTR,2.2112
LINE,2.1952
unique/low-repeat,2.2184
LINE,2.2096
LTR,2.232
LINE,2.224
LINE,2.2176
LTR,2.2248
LINE,2.2016
LINE,2.22
LTR,2.1696
LINE,2.2184
LTR,2.216
DNA,2.2344
LINE,2.22
LINE,2.2192
LTR,2.2272
LTR,2.236
LTR,2.2104
LTR,2.2272
LTR,2.224
LINE,2.2016
LINE,2.1992
unique/low-repeat,2.212
LINE,2.1816
LTR,2.2168
LINE,2.2024
LTR,2.2248
LTR,2.2312
LINE,2.2128
DNA,2.2216
LINE,2.2336
LINE,2.22
LINE,2.2144
LTR,2.2008
LINE,2.2192
SINE,2.224
LINE,2.228
LINE,2.2184
LINE,2.224
LINE,2.2184
LINE,2.2144
LINE,2.1936
LINE,2.2136
LINE,2.2216
LINE,2.2032
unique/low-repeat,2.212
LTR,2.2256
LINE,2.2216
LINE,2.2184
LTR,2.2032
LINE,2.204
LINE,2.2312
LINE,2.212
LINE,2.212
LTR,2.2256
LINE,2.1808
LTR,2.2112
LINE,2.2072
SINE,2.2328
LINE,2.2272
LINE,2.228
LINE,2.1968
LINE,2.2392
LINE,2.216
LTR,2.2192
SINE,2.2312
LINE,2.2072
LINE,2.2128
LINE,2.2072
SINE,2.2384
LINE,2.2272
LTR,2.2192
unique/low-repeat,2.232
LTR,2.2344
LINE,2.2304
DNA,2.2072
LINE,2.2264
LINE,2.2328
LTR,2.2152
unique/low-repeat,2.2384
DNA,2.2264
unique/low-repeat,2.2184
unique/low-repeat,2.224
LINE,2.228
LINE,2.22
LINE,2.2128
SINE,2.2312
LINE,2.2352
LINE,2.232
LINE,2.2416
LINE,2.2328
LINE,2.2328
unique/low-repeat,2.2376
LINE,2.2152
LINE,2.2232
LINE,2.22
unique/low-repeat,2.2168
LTR,2.2248
LTR,2.2448
LTR,2.2344
LINE,2.2432
SINE,2.2216
SINE,2.244
SINE,2.2272
SINE,2.188
SINE,2.2296
SINE,2.192
SINE,2.2088
SINE,2.156
SINE,2.24
LTR,2.216
unique/low-repeat,2.24
SINE,2.228
SINE,2.184
unique/low-repeat,2.2376
SINE,2.216
unique/low-repeat,2.22
SINE,2.2192
LTR,2.224
LINE,2.2208
SINE,2.228
LTR,2.2352
SINE,2.2288
LINE,2.2304
LINE,2.2192
LINE,2.216
unique/low-repeat,2.2464
unique/low-repeat,2.244
SINE,2.196
SINE,2.2416
unique/low-repeat,2.2008
SINE,2.2168
unique/low-repeat,2.2184
unique/low-repeat,2.2208
SINE,2.2256
unique/low-repeat,2.2224
SINE,2.204
LINE,2.2296
LTR,2.216
LINE,2.2376
LINE,2.248
SINE,2.2216
LINE,2.2208
LINE,2.2248
SINE,2.2112
LINE,2.2232
SINE,2.2216
LINE,2.228
LINE,2.2384
DNA,2.2392
LINE,2.1536
LINE,2.2216
LINE,2.2448
unique/low-repeat,2.2328
LINE,2.2392
LINE,2.2384
SINE,2.2352
SINE,2.2336
SINE,2.2144
LINE,2.2272
LINE,2.2352
LINE,2.2368
LTR,2.2168
LINE,2.228
DNA,2.2344
LINE,2.1912
SINE,2.1752
SINE,2.1888
LINE,2.2
SINE,2.2352
LINE,2.2248
LINE,2.2488
SINE,2.1992
unique/low-repeat,2.2296
SINE,2.1992
SINE,2.12
LTR,2.1888
SINE,2.2464
SINE,2.1688
SINE,2.1208
SINE,2.1064
SINE,2.1328
SINE,2.1728
SINE,2.052
SINE,2.2128
LINE,2.2264
LINE,2.22
DNA,2.2352
LINE,2.1984
LINE,2.2424
LINE,2.2224
LINE,2.2232
LINE,2.1936
SINE,2.1968
LTR,2.2168
LINE,2.2416
LINE,2.232
LINE,2.2152
LINE,2.1816
LINE,2.2296
LTR,2.2072
LINE,2.2112
SINE,2.1952
SINE,2.2136
LINE,2.1432
SINE,2.2208
SINE,2.244
unique/low-repeat,2.2592
SINE,2.2128
LINE,2.2168
LINE,2.2232
LINE,2.1984
LINE,2.2264
LINE,2.2544
LINE,2.2264
LINE,2.2184
LINE,2.236
DNA,2.2264
LINE,2.2176
LINE,2.2224
unique/low-repeat,2.224
SINE,2.2248
SINE,2.2456
unique/low-repeat,2.2296
LTR,2.228
DNA,2.2176
SINE,2.2096
LINE,2.2304
LINE,2.232
LINE,2.2208
SINE,2.2288
LINE,2.2144
LINE,2.22
LINE,1.768
SINE,2.2368
LINE,2.2232
LINE,2.24
SINE,2.2384
LINE,2.2176
LTR,2.2224
LINE,2.248
SINE,2.2112
LINE,2.2312
SINE,2.1504
SINE,2.2264
unique/low-repeat,2.2256
SINE,2.2176
LINE,2.2208
LINE,2.2184
LINE,2.2144
LINE,2.22
LINE,2.2088
LINE,2.2272
LINE,2.196
LINE,2.2304
LINE,2.2648
LINE,2.2096
LINE,2.2064
DNA,2.2096
LINE,2.232
LINE,2.2128
LINE,2.1904
LINE,2.1544
LINE,2.2096
LINE,2.2184
LINE,2.2128
unique/low-repeat,2.2232
unique/low-repeat,2.2608
LINE,2.252
SINE,2.2216
SINE,2.2112
LINE,2.2328
LTR,2.2304
unique/low-repeat,2.2208
unique/low-repeat,2.2272
unique/low-repeat,2.2352
LINE,2.2352
LINE,2.2376
LTR,2.2168
LINE,2.244
SINE,2.236
LINE,2.2264
LINE,2.2264
LINE,2.2128
SINE,2.2232
LINE,2.224
LINE,2.2408
LINE,2.2088
SINE,2.2312
LINE,2.2216
SINE,2.232
unique/low-repeat,2.2224
LINE,2.2392
LINE,2.2344
SINE,2.1928
LINE,2.2528
LINE,2.2136
LTR,2.248
LTR,2.2216
SINE,2.1712
SINE,2.2192
LINE,2.1704
LINE,2.2192
LINE,2.2112
LTR,2.24
LINE,2.2232
LINE,2.2344
LINE,2.0752
LTR,2.1536
other-repeat,2.2304
LTR,2.224
LINE,2.2128
LINE,2.2496
LTR,2.2208
LINE,2.2232
LINE,2.2168
LTR,2.236
Simple_repeat,1.4864
Low_complexity,1.94
DNA,2.2344
SINE,2.2024
SINE,2.2184
LINE,2.2264
LINE,2.2376
LTR,2.1904
LTR,2.2264
LINE,2.2544
LINE,2.2328
SINE,2.1912
LINE,2.228
SINE,2.1256
Simple_repeat,1.788
SINE,2.2264
LINE,2.2264
LINE,2.236
SINE,2.1776
LINE,2.248
LINE,2.252
SINE,2.2344
LINE,2.236
LINE,2.2496
LINE,2.2208
SINE,2.2312
LTR,2.232
LTR,2.192
Simple_repeat,0.7992
Simple_repeat,1.7744
LINE,2.2152
LINE,2.2216
LINE,2.2208
LINE,2.2328
LTR,2.2072
LINE,2.2352
SINE,2.2192
LINE,2.2392
LINE,2.2152
DNA,2.2272
unique/low-repeat,1.4392
LINE,2.2344
LTR,2.2264
LTR,2.2264
LINE,2.1984
SINE,2.1936
Retroposon,2.1504
SINE,2.2184
SINE,2.2024
SINE,2.2304
unique/low-repeat,2.2168
SINE,2.1728
SINE,2.1912
SINE,2.2296
SINE,2.1632
unique/low-repeat,1.4968
unique/low-repeat,1.4384
LTR,2.216
LINE,2.2344
LINE,2.2304
LINE,2.2368
LINE,2.2144
SINE,2.22
LINE,2.2312
LINE,2.2328
LINE,2.2064
LINE,2.2496
LTR,2.2648
unique/low-repeat,2.2184
LINE,2.2248
LINE,2.224
LINE,2.2424
SINE,2.2168
unique/low-repeat,2.228
LINE,2.228
LINE,2.2344
unique/low-repeat,1.4936
LTR,2.2392
LTR,2.244
LTR,2.2448
SINE,2.1984
LINE,2.224
LINE,2.2424
LINE,2.2448
LINE,2.2328
LINE,2.22
LINE,2.2264
LINE,2.2448
unique/low-repeat,2.2368
SINE,2.2464
LINE,2.2496
LINE,2.2408
SINE,2.2264
LINE,2.2152
LINE,2.2376
LTR,2.2368
LINE,2.252
SINE,2.2264
unique/low-repeat,2.22
unique/low-repeat,2.1328
LINE,2.2376
SINE,2.2192
LINE,2.2224
LINE,2.228
LINE,2.2512
LINE,2.2392
LINE,2.2288
LINE,2.2304
LTR,2.2312
SINE,2.188
LINE,2.2328
SINE,2.2248
LINE,2.2264
LINE,2.2232
LINE,2.1808
unique/low-repeat,1.7384
SINE,2.2456
SINE,2.2504
SINE,2.2144
SINE,2.2048
SINE,2.2072
LINE,2.1856
SINE,2.1688
unique/low-repeat,2.2536
LTR,2.1928
SINE,2.1664
SINE,2.1936
SINE,2.108
SINE,2.1392
SINE,2.1792
SINE,2.024
SINE,2.1448
SINE,2.1816
unique/low-repeat,2.2376
SINE,2.124
SINE,2.096
SINE,2.232
SINE,2.0224
SINE,2.1384
SINE,2.14
SINE,2.1448
SINE,2.1336
SINE,2.188
SINE,2.1368
SINE,2.2264
SINE,2.2264
SINE,2.2176
LINE,2.1384
SINE,2.2144
unique/low-repeat,2.2416
LTR,2.244
LINE,2.2328
LINE,2.2192
LINE,2.2312
unique/low-repeat,0.5592
unique/low-repeat,2.06
unique/low-repeat,2.036
LINE,2.2288
LINE,2.216
LINE,2.2136
LTR,2.2336
unique/low-repeat,2.232
LINE,2.2192
LINE,2.2376
LINE,2.2072
LINE,2.2368
unique/low-repeat,2.224
LINE,2.2144
LINE,2.2264
unique/low-repeat,1.9824
LTR,2.216
LINE,2.2216
unique/low-repeat,2.232
SINE,2.22
SINE,2.1608
SINE,2.0944
unique/low-repeat,2.2424
unique/low-repeat,2.2376
SINE,2.1584
SINE,2.1936
SINE,2.1888
SINE,2.1232
unique/low-repeat,2.2392
SINE,2.2248
SINE,2.1896
SINE,2.188
LINE,2.2152
LINE,2.2064
SINE,2.2176
LINE,2.252
SINE,2.2408
SINE,2.2392
SINE,2.2216
SINE,2.236
SINE,2.2288
SINE,2.196
SINE,2.1568
unique/low-repeat,2.2392
SINE,2.136
SINE,2.048
SINE,2.2032
SINE,2.14
SINE,2.064
SINE,2.204
SINE,2.1984
SINE,2.1136
SINE,2.1392
SINE,2.168
SINE,2.1256
SINE,2.2312
SINE,2.1856
SINE,2.1872
SINE,2.192
unique/low-repeat,2.2304
SINE,2.2304
unique/low-repeat,2.2256
SINE,2.2112
SINE,2.1344
unique/low-repeat,2.1904
SINE,2.1832
unique/low-repeat,2.232
unique/low-repeat,2.24
SINE,2.1976
SINE,2.2536
LINE,2.2192
LINE,2.208
LTR,2.2296
LINE,2.2264
LTR,2.2304
LTR,2.2448
LINE,2.2096
LINE,2.2368
LINE,2.2288
LINE,2.2064
LINE,2.2104
LINE,2.2264
LINE,2.2176
LTR,2.1928
SINE,2.2472
unique/low-repeat,2.2288
unique/low-repeat,2.2168
unique/low-repeat,2.2568
LINE,2.1224
DNA,2.2192
LINE,2.22
LTR,2.2144
LINE,2.244
LINE,2.2256
DNA,2.2216
LTR,2.2208
LINE,2.2336
LINE,2.2256
LINE,2.22
LTR,2.2328
LINE,2.2224
unique/low-repeat,2.1072
unique/low-repeat,2.2256
SINE,2.2304
LINE,2.2032
LINE,2.2224
LINE,2.2184
LINE,2.2096
LINE,2.2288
LTR,2.2344
unique/low-repeat,2.2136
SINE,2.2168
SINE,2.2368
unique/low-repeat,2.2312
LINE,2.2128
LINE,2.2096
LTR,2.2304
LINE,2.2232
SINE,2.252
unique/low-repeat,2.2416
SINE,2.2424
SINE,2.2352
unique/low-repeat,2.2328
unique/low-repeat,2.2264
SINE,2.1904
unique/low-repeat,2.2328
LINE,2.208
LINE,2.216
LTR,2.2304
LTR,2.2304
unique/low-repeat,2.2256
LINE,2.2184
LINE,2.2144
LTR,2.224
SINE,2.1856
unique/low-repeat,2.22
SINE,2.1352
SINE,2.1928
SINE,2.212
SINE,2.1408
SINE,2.244
SINE,2.1568
SINE,2.2256
SINE,2.1848
LTR,2.2432
LINE,2.1072
LTR,2.2288
SINE,2.236
LTR,2.224
LTR,2.224
SINE,2.2392
LINE,2.228
LINE,2.2304
SINE,2.2576
LINE,2.2272
SINE,2.2088
SINE,2.1944
LINE,2.2192
DNA,2.2328
LTR,2.2464
LINE,2.2328
LINE,2.2248
SINE,2.212
LINE,2.2136
LINE,2.236
LINE,2.2336
LINE,2.2368
LINE,2.2296
SINE,2.1944
SINE,2.2032
SINE,2.2104
LINE,2.2312
LTR,2.2288
LTR,2.2208
LINE,2.2176
LINE,2.2008
LINE,2.2224
DNA,2.2232
LTR,2.232
LINE,2.1744
LINE,2.2224
LINE,2.2032
LINE,2.2448
LINE,2.1104
LINE,2.2056
LINE,2.2168
LINE,2.2112
DNA,2.2344
LINE,2.2264
LINE,2.228
DNA,2.212
LINE,2.2368
LINE,2.22
LINE,2.1976
LTR,2.2032
LINE,2.2272
LINE,2.2032
unique/low-repeat,2.232
LTR,2.224
DNA,2.2136
LINE,2.2104
SINE,2.232
unique/low-repeat,2.2376
SINE,2.2176
unique/low-repeat,2.2472
LINE,2.2304
LINE,2.2304
LINE,2.2216
LINE,2.2096
LINE,2.232
LINE,2.22
LINE,2.236
LTR,2.2296
LINE,2.2648
SINE,2.224
SINE,2.236
LINE,2.2264
LINE,2.2
LINE,2.2016
unique/low-repeat,2.2272
LINE,2.2312
DNA,2.2224
LINE,2.2256
unique/low-repeat,2.2328
LTR,2.2112
LINE,2.176
LINE,2.2152
LINE,2.2264
LINE,2.2376
LTR,2.2016
LTR,2.2088
LINE,2.216
LTR,2.2008
LINE,2.2112
unique/low-repeat,2.236
SINE,2.2232
LINE,2.2416
LINE,2.228
SINE,2.2264
LINE,2.208
LINE,2.2416
LINE,2.2344
LTR,2.2384
SINE,2.1752
LINE,2.2296
DNA,2.2392
LINE,2.16
unique/low-repeat,2.252
SINE,2.2304
LINE,2.2152
unique/low-repeat,2.2392
SINE,2.2304
SINE,2.2072
SINE,2.228
LINE,2.2144
unique/low-repeat,2.248
SINE,2.1656
SINE,2.2144
LINE,2.2056
SINE,2.172
LINE,2.2232
LINE,2.2288
LINE,2.2352
unique/low-repeat,2.216
LTR,2.1976
SINE,2.2272
LINE,2.2192
LINE,2.2216
LINE,2.2112
LINE,2.2208
SINE,2.2232
LINE,2.2136
LINE,2.2224
SINE,2.184
LINE,2.2352
unique/low-repeat,2.2296
LINE,2.228
LINE,2.236
LINE,2.2368
LINE,2.2176
LINE,2.1752
LINE,2.2536
LINE,2.224
LINE,2.2296
SINE,2.2184
SINE,2.2328
LINE,2.2104
DNA,2.1792
SINE,2.228
LINE,2.2184
LINE,2.2208
LINE,2.2208
LINE,2.2096
DNA,2.212
LINE,2.224
LINE,2.2392
LINE,2.2184
LINE,2.18
LINE,2.2184
LINE,2.2344
LINE,2.2184
unique/low-repeat,2.2064
unique/low-repeat,2.2368
LTR,2.22
LINE,2.2096
LINE,2.2136
LTR,2.2264
LINE,2.236
LINE,2.2296
LTR,2.2272
LINE,2.2168
DNA,2.2208
LINE,2.2064
LINE,2.2312
LINE,2.192
LINE,2.2336
SINE,2.2144
LINE,2.1992
SINE,2.1904
SINE,2.1944
LINE,2.2312
LTR,2.2096
LINE,2.2368
LINE,2.212
LINE,2.204
LINE,2.2256
LTR,2.228
LINE,2.1944
DNA,2.2256
LINE,2.2096
LINE,2.1992
LINE,2.2208
LINE,2.2376
LINE,2.2232
LINE,2.2256
LTR,1.96
LINE,2.196
unique/low-repeat,2.2144
LINE,2.236
LINE,2.2344
LINE,2.1784
DNA,2.224
LINE,2.2208
LINE,2.2216
LTR,2.2264
LINE,2.232
LINE,2.22
LINE,2.2352
LINE,2.2136
unique/low-repeat,2.2328
LINE,2.2304
LINE,2.216
LINE,2.2064
LINE,2.208
LTR,2.2112
SINE,2.2064
LINE,2.2224
LINE,2.2256
LTR,2.2512
LINE,2.2344
LINE,2.2216
LINE,2.208
LINE,2.2168
LINE,2.232
LINE,2.2264
LINE,2.188
SINE,2.1856
SINE,2.1832
SINE,2.1656
SINE,2.2016
LINE,2.1976
LINE,2.2136
LINE,2.2336
LINE,2.2248
LINE,2.2112
LINE,2.2128
LINE,2.2256
LINE,2.1712
LINE,2.228
LINE,2.2248
LINE,2.236
LINE,2.2128
LINE,2.196
LINE,2.2336
LINE,2.2248
SINE,2.2104
LINE,2.2
SINE,2.1936
SINE,2.2384
DNA,2.1624
SINE,2.228
SINE,2.1848
DNA,2.2208
LINE,2.224
LINE,2.236
unique/low-repeat,2.2224
SINE,2.244
LINE,2.2288
LTR,2.2272
LINE,2.232
LINE,2.1104
LINE,2.2256
LINE,2.2152
LINE,2.224
SINE,2.2208
SINE,2.1832
LTR,2.224
SINE,2.2384
LTR,2.2424
LINE,2.2392
SINE,2.236
LINE,2.2048
SINE,2.2088
SINE,2.2136
LINE,2.2152
LTR,2.2344
LINE,2.2208
LINE,2.1
LINE,2.2352
LTR,2.2024
LINE,2.2328
unique/low-repeat,2.2136
LINE,2.2216
SINE,2.2288
SINE,2.2352
unique/low-repeat,2.2288
unique/low-repeat,2.2416
LINE,2.2256
unique/low-repeat,2.2424
LINE,2.2376
LINE,2.2216
LINE,2.2032
LINE,2.2248
LINE,2.2144
LINE,2.2136
LINE,2.2336
SINE,2.232
DNA,2.236
unique/low-repeat,2.2472
SINE,2.2232
LINE,2.228
LINE,2.1848
LINE,2.2392
LINE,2.188
LTR,2.2256
LINE,2.2176
SINE,2.1952
LTR,2.2272
SINE,2.2336
LTR,2.2328
DNA,2.2464
LINE,2.208
LINE,2.2016
SINE,2.2496
SINE,2.2144
unique/low-repeat,2.188
SINE,2.1816
SINE,2.1944
SINE,2.104
SINE,2.1368
SINE,2.2216
LINE,2.2136
LINE,2.1912
LINE,2.2224
LINE,2.2248
LINE,2.2192
LINE,2.2176
LINE,2.2248
LINE,2.2384
LINE,2.232
SINE,2.2464
SINE,2.1984
SINE,2.2048
LINE,2.2384
LINE,2.2128
LINE,2.1944
LINE,2.2464
LINE,2.232
LINE,2.2328
LINE,2.188
LTR,2.2472
SINE,2.2048
LINE,2.2168
LTR,2.2432
unique/low-repeat,2.2472
SINE,2.22
SINE,2.1672
unique/low-repeat,2.2384
LTR,2.2552
LINE,2.236
LINE,2.2168
unique/low-repeat,2.2376
LINE,2.2368
LINE,2.2352
LINE,2.2304
LINE,2.2256
LINE,2.2336
LINE,2.2296
unique/low-repeat,2.2168
unique/low-repeat,2.24
unique/low-repeat,2.2448
unique/low-repeat,2.2272
LINE,2.2128
LINE,2.2216
LINE,2.224
LINE,2.2256
LINE,2.2304
LINE,2.2376
LINE,2.2192
SINE,2.216
SINE,2.2384
LTR,2.2056
SINE,2.2128
LINE,2.2168
SINE,2.2128
SINE,2.2232
LINE,2.1568
SINE,2.2392
LINE,2.216
LINE,2.2264
LTR,2.2264
DNA,2.2264
SINE,2.24
LTR,2.2136
DNA,2.2312
SINE,2.2544
SINE,2.216
LINE,2.2056
SINE,2.2168
LINE,2.236
SINE,2.2088
LINE,2.2048
SINE,2.2312
LTR,2.212
SINE,2.2304
SINE,2.2416
SINE,2.2144
LINE,2.2272
LINE,2.2312
unique/low-repeat,2.2184
LINE,2.2408
LINE,2.2496
LINE,2.236
LINE,2.24
LINE,2.2264
LINE,2.2176
LINE,2.2152
SINE,2.2176
LINE,2.2064
LINE,2.2424
SINE,2.2064
LTR,2.2208
SINE,2.2224
LINE,2.2272
SINE,2.2416
LINE,2.2488
LINE,2.2328
LINE,2.224
SINE,2.2144
LINE,2.2136
LINE,2.2264
SINE,2.2192
SINE,2.2056
SINE,2.2192
LINE,2.204
LINE,2.2328
SINE,2.212
LINE,2.2336
LINE,2.2232
SINE,2.2208
LINE,2.236
LINE,2.2288
LTR,2.2192
LTR,2.2248
LINE,2.216
LINE,2.2256
unique/low-repeat,2.2232
LINE,2.2216
LINE,2.2168
LINE,2.2112
LINE,2.2152
LTR,2.2232
LINE,2.228
LINE,2.2352
unique/low-repeat,2.104
SINE,2.2384
LINE,2.2136
SINE,2.204
LINE,2.2144
LINE,2.2112
LINE,2.212
SINE,2.2016
LINE,2.216
LINE,2.2296
LINE,2.2104
LINE,2.252
LINE,2.2392
LINE,2.2064
LINE,2.22
LINE,2.216
LINE,2.1816
LINE,2.2136
LINE,2.2088
LINE,2.2008
LINE,2.212
LINE,2.2144
LINE,2.2192
LINE,2.212
LINE,2.2328
LINE,2.2264
LINE,2.2264
LTR,2.2296
LINE,2.2152
unique/low-repeat,2.2328
LTR,2.2384
LINE,2.2008
LINE,2.2064
LINE,2.2088
LINE,2.204
LINE,2.2
LINE,2.2056
LTR,2.24
LINE,2.2032
LINE,2.1976
LINE,2.2088
LINE,2.2192
LTR,2.2192
LINE,2.2256
LTR,2.2416
LINE,2.2256
LINE,2.224
LINE,2.2192
LTR,2.2288
LINE,2.2312
LINE,2.2304
LINE,2.2112
LINE,2.2152
LINE,2.2144
LINE,2.2184
LINE,2.2088
LINE,2.2272
LINE,2.1736
LINE,2.216
LINE,2.2144
LINE,2.2072
LINE,2.2264
LINE,2.2064
LINE,2.2032
LTR,2.2064
LINE,2.216
LTR,2.2064
LTR,2.2464
LINE,2.1936
LINE,2.212
LTR,2.2072
LINE,2.224
LINE,2.2192
LINE,2.2192
LTR,2.2168
LTR,2.2088
LINE,2.188
LINE,2.2176
LINE,2.2048
LINE,2.2152
unique/low-repeat,2.2056
LTR,2.212
LINE,2.2144
unique/low-repeat,2.208
LINE,2.2064
LINE,2.2264
LINE,2.2152
LINE,2.2256
LINE,2.1992
LINE,2.2176
LINE,2.14
LINE,2.2248
LINE,2.1896
LINE,2.212
DNA,2.2296
LINE,2.2216
LINE,2.2056
LINE,2.22
LINE,2.1912
LINE,2.2136
DNA,2.2128
LINE,2.216
unique/low-repeat,2.2064
LINE,2.2024
LINE,2.1896
unique/low-repeat,2.2112
unique/low-repeat,2.208
unique/low-repeat,2.2104
LINE,2.2168
unique/low-repeat,2.2056
LINE,2.2104
LINE,2.2328
LINE,2.204
LINE,2.2112
LINE,2.2152
LINE,2.1912
LINE,2.2304
LINE,2.2072
LINE,2.2048
LINE,2.2056
SINE,2.24
LINE,2.2408
LINE,2.2136
SINE,2.1144
LINE,2.1968
LINE,2.2424
LINE,2.2216
LINE,2.2216
LINE,2.1984
LINE,2.2128
LTR,2.22
LINE,2.2296
SINE,2.2176
LINE,2.2264
LINE,2.2136
LINE,2.2352
LINE,2.208
LTR,2.2248
LINE,2.2232
LINE,2.208
LINE,2.1944
LINE,2.2152
LTR,2.2288
LINE,2.2168
LTR,2.1952
LINE,2.2
DNA,2.2216
LINE,2.2064
LINE,2.2216
LINE,2.2112
LINE,2.2136
LINE,2.208
LINE,2.1848
LINE,2.2144
LTR,2.2296
SINE,2.2064
LINE,2.2168
LTR,2.2184
LINE,2.2048
LINE,2.1864
LINE,2.2168
DNA,2.24
LINE,2.212
LINE,2.2176
unique/low-repeat,2.2096
LINE,2.2096
LTR,2.2288
LINE,2.2392
unique/low-repeat,2.1664
LINE,2.2048
unique/low-repeat,2.236
LTR,2.2096
LTR,2.2264
LINE,2.2288
LINE,2.216
LINE,2.2144
LTR,2.2312
LINE,2.2168
LINE,2.2352
LINE,2.2104
LINE,2.22
LINE,2.2184
unique/low-repeat,2.2152
LINE,2.2288
LINE,2.2152
LINE,2.208
LTR,2.2328
LINE,2.2096
SINE,2.2296
LTR,2.2288
LINE,2.2168
LINE,2.2072
SINE,2.2144
LINE,2.2064
LINE,2.2064
unique/low-repeat,2.2192
LINE,2.2312
SINE,2.1864
LINE,2.2504
LINE,2.2384
LTR,2.2272
LTR,2.2392
LINE,2.212
unique/low-repeat,2.256
DNA,2.2424
LINE,2.2304
LINE,2.2312
SINE,2.2184
LTR,2.2304
LTR,2.1768
unique/low-repeat,2.212
LINE,2.2096
LINE,2.2128
LINE,2.2264
LINE,2.2352
unique/low-repeat,2.216
DNA,2.2144
SINE,2.152
unique/low-repeat,2.2152
LINE,2.2096
LINE,2.2488
LINE,2.228
LINE,2.2272
LINE,2.22
LINE,2.232
LINE,2.2136
LINE,2.224
LTR,2.2368
SINE,2.2288
LINE,2.216
LINE,2.2296
unique/low-repeat,2.2256
LINE,2.2
SINE,2.2296
LINE,2.2184
SINE,2.0848
SINE,2.208
unique/low-repeat,2.2592
SINE,2.2152
SINE,2.1792
SINE,2.196
LTR,2.2224
SINE,2.1424
SINE,2.2176
LINE,2.228
LINE,2.2064
SINE,2.1608
LINE,2.2296
SINE,2.2248
SINE,2.2248
SINE,2.1952
LINE,2.2016
SINE,2.2016
LINE,2.2288
LINE,2.2144
unique/low-repeat,2.2272
unique/low-repeat,2.2248
unique/low-repeat,2.1176
LINE,2.2232
unique/low-repeat,2.2328
SINE,2.2312
SINE,2.2064
SINE,2.2208
unique/low-repeat,2.2248
LINE,2.2344
SINE,2.2256
SINE,2.1904
SINE,2.2504
LINE,2.1832
SINE,2.2376
SINE,2.2464
SINE,2.2224
SINE,2.2216
SINE,2.2136
SINE,2.1448
SINE,2.224
SINE,2.2256
unique/low-repeat,2.2304
Simple_repeat,1.3032
LINE,2.2296
SINE,2.2344
SINE,2.2144
SINE,2.2136
LINE,2.22
LINE,2.2384
LINE,2.2256
unique/low-repeat,2.2392
SINE,2.1808
SINE,2.208
unique/low-repeat,2.2248
LINE,2.2384
SINE,2.2344
LINE,2.2384
LINE,2.2384
LTR,2.2176
SINE,2.1848
SINE,2.2264
SINE,2.1856
LINE,2.1832
LINE,2.1728
SINE,2.216
LTR,2.1936
SINE,2.1472
SINE,2.1824
SINE,2.2216
SINE,2.228
unique/low-repeat,2.232
LTR,2.2352
LINE,2.2392
LINE,2.2296
LINE,2.2272
LINE,2.2456
LINE,2.2408
SINE,2.1768
SINE,2.232
SINE,2.2088
LINE,2.2288
unique/low-repeat,2.2232
unique/low-repeat,2.2384
SINE,2.236
SINE,2.212
SINE,2.208
SINE,2.2176
SINE,2.1848
SINE,2.2112
SINE,2.2304
unique/low-repeat,2.2192
SINE,2.096
SINE,2.2248
SINE,2.208
SINE,2.2088
SINE,2.1896
SINE,2.2456
SINE,2.2248
unique/low-repeat,2.252
SINE,2.228
LINE,2.2104
LINE,2.2448
DNA,2.2376
SINE,2.2288
SINE,2.2232
SINE,2.2376
SINE,2.2296
SINE,2.236
unique/low-repeat,2.244
SINE,2.2344
SINE,2.2488
SINE,2.1496
SINE,2.232
LINE,2.2024
DNA,2.224
LINE,2.2408
SINE,2.248
LINE,2.22
SINE,2.2288
LINE,2.228
unique/low-repeat,2.2456
SINE,2.2432
LTR,2.2296
LINE,2.2424
unique/low-repeat,2.232
LINE,2.2048
LINE,2.2256
LINE,2.216
LINE,2.2256
LTR,2.2048
LINE,2.224
LINE,2.2168
LINE,2.208
LINE,2.2416
unique/low-repeat,2.24
LINE,2.2064
LINE,2.2168
LINE,2.2272
unique/low-repeat,2.2336
DNA,2.252
LINE,2.244
LINE,2.2336
unique/low-repeat,2.232
SINE,2.2424
SINE,2.2408
LINE,2.2136
LINE,2.2384
LTR,2.224
SINE,2.2336
SINE,2.216
LINE,2.232
LINE,2.244
unique/low-repeat,2.22
LINE,2.2216
LINE,2.2248
DNA,2.2184
LINE,2.2072
Simple_repeat,2.1792
SINE,2.2376
LINE,2.2008
LINE,2.212
LTR,2.2224
LINE,2.2208
LINE,2.2368
LTR,2.2312
LTR,2.244
LINE,2.2176
LTR,2.2336
LINE,2.2232
LINE,2.2336
SINE,2.2296
SINE,2.22
unique/low-repeat,2.2272
unique/low-repeat,2.224
unique/low-repeat,2.2368
LINE,2.2336
LINE,2.236
LTR,2.2376
LINE,2.2536
LTR,2.2456
LINE,2.2184
LTR,2.236
LINE,2.2184
SINE,2.2264
SINE,2.208
LINE,2.2376
LINE,2.2256
SINE,2.212
LINE,2.236
LINE,2.2384
SINE,2.2056
LTR,2.2352
unique/low-repeat,2.1552
SINE,2.224
LINE,2.2064
LINE,2.2368
LINE,2.2272
LINE,2.2248
LINE,2.2152
LINE,2.2256
LINE,2.2416
LINE,2.236
LINE,2.232
SINE,2.1736
LTR,2.2096
LTR,2.2152
SINE,2.2392
LINE,2.2312
SINE,2.1824
LINE,2.236
DNA,2.2448
SINE,2.2232
unique/low-repeat,2.2568
SINE,2.2296
LINE,2.2232
LTR,2.2288
SINE,2.1856
SINE,2.1504
LINE,2.2104
LINE,2.2064
LINE,2.224
DNA,2.2544
LINE,2.228
SINE,2.1752
LINE,2.1936
LINE,2.2272
SINE,2.1824
LINE,2.24
LINE,2.2224
unique/low-repeat,2.256
LINE,2.2472
SINE,2.2488
LINE,2.2112
SINE,2.176
LINE,2.1576
SINE,2.2072
SINE,2.18
SINE,2.084
unique/low-repeat,2.208
SINE,2.2368
DNA,2.2016
LTR,2.2464
LINE,2.1992
LINE,2.2408
LINE,2.2144
DNA,2.2368
DNA,2.2328
LINE,2.248
LTR,2.2248
LTR,2.2272
LINE,2.2432
LINE,2.2424
unique/low-repeat,2.2488
unique/low-repeat,2.228
LINE,2.232
LINE,2.2472
SINE,2.2296
LTR,2.2464
SINE,2.2152
SINE,2.2272
LTR,2.2152
LTR,2.2128
DNA,2.2248
LINE,2.212
LINE,2.2296
LINE,2.2368
LINE,2.216
LINE,2.224
LINE,2.224
LINE,2.2304
DNA,2.2256
LINE,2.2064
LINE,2.2184
LINE,2.2392
SINE,2.2064
LINE,2.2384
LINE,2.2376
LINE,2.22
DNA,2.2208
unique/low-repeat,2.224
LINE,2.224
LINE,2.1984
LINE,2.228
LINE,2.2112
unique/low-repeat,2.2256
LINE,2.2224
LINE,2.2456
LINE,2.2224
LINE,2.2104
LINE,2.2208
unique/low-repeat,2.2224
unique/low-repeat,2.2272
LTR,2.1952
SINE,2.2144
LINE,2.2208
LTR,2.2352
LINE,2.236
LINE,2.212
LTR,2.2248
LINE,2.2288
LINE,2.2368
LINE,2.2384
LINE,2.2248
SINE,2.2232
unique/low-repeat,2.2112
LINE,2.2104
LINE,2.2144
LINE,2.2248
LINE,2.2368
LINE,2.2064
LINE,2.2312
LINE,2.2176
unique/low-repeat,2.244
LINE,2.2136
unique/low-repeat,2.224
SINE,2.2248
LINE,2.2336
LINE,2.2384
unique/low-repeat,2.2624
LTR,2.2328
SINE,2.2024
LINE,2.2312
unique/low-repeat,2.2264
LINE,2.2048
LINE,2.2184
LINE,2.2136
unique/low-repeat,2.232
LINE,2.2032
LTR,2.2368
LINE,2.228
LINE,2.212
LINE,2.2144
LINE,2.2296
LINE,2.2448
LINE,2.2256
SINE,2.2184
unique/low-repeat,2.2096
unique/low-repeat,2.2184
Retroposon,2.1912
LINE,2.248
LTR,2.2424
SINE,2.2168
LINE,2.2048
SINE,2.2272
LINE,2.2024
LINE,2.2248
Simple_repeat,1.8984
SINE,2.2208
SINE,2.1888
SINE,2.188
SINE,2.22
LINE,2.2224
LINE,2.2584
LINE,2.2136
LINE,2.224
LINE,2.2304
LINE,2.2184
SINE,2.2336
SINE,2.2368
LINE,2.1784
LINE,2.2592
LINE,2.2272
LINE,2.2272
LINE,2.1696
LINE,2.2368
LINE,2.224
LINE,2.2304
LINE,2.2192
LINE,2.2144
LINE,2.2352
LINE,2.2168
LTR,2.236
SINE,2.2288
LTR,2.2376
LINE,2.2096
unique/low-repeat,2.2416
unique/low-repeat,2.268
LTR,2.236
LINE,2.2144
DNA,2.2288
LINE,2.2208
LINE,2.2304
LTR,2.2232
LTR,2.2384
LTR,2.212
LINE,2.2096
SINE,2.1952
unique/low-repeat,2.2136
LINE,2.2264
LTR,2.2208
SINE,2.2128
LINE,2.2192
LTR,2.228
SINE,2.232
LTR,2.1904
Simple_repeat,1.9128
LINE,2.244
LINE,2.24
DNA,2.2336
unique/low-repeat,2.2384
LINE,2.24
LINE,2.228
LINE,2.2376
LTR,2.2352
SINE,2.2304
SINE,2.2064
SINE,2.2416
SINE,2.2192
SINE,2.2368
LINE,2.2168
SINE,2.204
SINE,2.2176
SINE,2.0288
SINE,2.1584
SINE,2.1256
SINE,2.1496
SINE,2.1936
SINE,2.2304
SINE,2.2264
LINE,2.1064
LINE,2.2376
SINE,2.2352
LTR,2.2416
LTR,2.2424
LINE,2.2072
LINE,2.2336
LINE,2.2272
LINE,2.1968
LINE,2.2328
LINE,2.2248
LINE,2.2248
LINE,2.2032
LINE,2.212
SINE,2.2296
unique/low-repeat,2.228
LINE,2.2272
LINE,2.2104
SINE,2.1824
SINE,2.1592
SINE,2.2192
SINE,2.2168
SINE,2.2008
SINE,2.1648
SINE,2.2144
SINE,2.1664
SINE,2.2016
LINE,2.1936
unique/low-repeat,2.2344
SINE,2.236
LINE,2.248
LINE,2.22
LTR,2.248
SINE,2.2304
SINE,2.2168
LTR,2.252
SINE,2.2104
unique/low-repeat,2.252
SINE,2.2176
unique/low-repeat,2.2408
SINE,2.2424
SINE,2.2296
LINE,2.2256
LINE,2.2256
LINE,2.2128
LINE,2.1896
LINE,2.22
SINE,2.1968
SINE,2.176
LTR,2.236
LINE,2.2216
LTR,2.2248
LINE,2.2208
LTR,2.2256
other-repeat,2.1176
other-repeat,2.1224
unique/low-repeat,2.2152
LINE,2.2456
SINE,2.1584
LTR,2.1288
unique/low-repeat,2.24
SINE,2.1976
Satellite,1.6072
other-repeat,1.0816
other-repeat,1.0912
other-repeat,1.0936
other-repeat,1.0616
SINE,2.1856
LINE,2.2088
LINE,2.2304
unique/low-repeat,2.2304
LTR,2.2288
LINE,2.2288
LINE,2.2296
LINE,2.248
LINE,2.2392
LTR,2.2464
DNA,2.2472
LTR,2.2272
LINE,2.2136
SINE,2.2272
LINE,2.2032
SINE,2.2016
SINE,2.2264
SINE,2.2416
LINE,2.2448
SINE,2.196
LINE,2.2408
LTR,2.232
LINE,2.2168
LINE,2.224
LINE,2.2152
LTR,2.2392
LTR,2.232
DNA,2.2312
unique/low-repeat,2.236
DNA,2.2384
LINE,2.244
LINE,2.2496
SINE,2.2472
unique/low-repeat,2.2296
LINE,2.2272
LINE,2.2456
LINE,2.2376
LINE,2.1744
LTR,2.2232
LTR,2.228
LTR,2.2376
SINE,2.2336
LTR,2.2264
LINE,2.2184
SINE,2.2016
SINE,2.2248
DNA,2.2464
LINE,2.2288
SINE,2.2464
LTR,2.2264
unique/low-repeat,2.252
LTR,2.2352
LINE,2.2472
SINE,2.2152
SINE,2.2272
SINE,2.2368
LINE,2.2376
SINE,2.1864
LINE,2.2376
LINE,2.2248
SINE,2.2304
LINE,2.2424
LTR,2.2176
LINE,2.24
LTR,2.2224
DNA,2.2336
LINE,2.2328
SINE,2.252
LINE,2.2024
LTR,2.2176
LINE,2.2168
unique/low-repeat,2.2512
LINE,2.2296
LINE,2.2312
LINE,2.1768
LINE,2.2272
LINE,2.2384
SINE,2.2392
LINE,2.2232
LINE,2.2288
SINE,2.2272
LINE,2.2152
SINE,2.2232
LINE,2.228
LINE,2.2248
LINE,2.2296
LTR,2.2264
SINE,2.1576
LINE,2.2352
LINE,2.2472
LTR,2.2288
LINE,2.2256
LINE,2.232
LTR,2.2224
SINE,2.2416
LTR,2.2344
LINE,2.2496
LINE,2.2304
LINE,2.1888
LINE,2.2248
LINE,2.2408
LINE,2.1992
LINE,2.2408
LINE,2.2408
LINE,2.2272
LINE,2.2208
SINE,2.2032
SINE,2.2384
LINE,2.2232
SINE,2.232
SINE,2.2192
LTR,2.2288
unique/low-repeat,2.24
LTR,2.1952
LINE,2.2504
SINE,2.244
DNA,2.244
SINE,2.2208
SINE,2.172
SINE,2.0784
SINE,2.2216
SINE,2.1744
SINE,2.1952
SINE,2.2144
SINE,2.16
SINE,2.2136
LTR,2.1632
SINE,2.196
LTR,2.2376
LTR,2.228
SINE,2.2176
unique/low-repeat,2.2112
SINE,2.2272
SINE,2.2288
SINE,2.2032
LTR,2.2216
SINE,2.1992
unique/low-repeat,2.228
LINE,2.208
LINE,2.2064
LINE,2.1768
SINE,2.2392
SINE,2.2184
SINE,2.2104
LTR,2.1808
SINE,2.1832
unique/low-repeat,2.2424
LTR,2.2184
SINE,2.2224
SINE,2.2416
LTR,2.236
LINE,2.2
LINE,2.2064
unique/low-repeat,2.2144
unique/low-repeat,2.236
unique/low-repeat,2.2136
unique/low-repeat,2.2288
unique/low-repeat,2.232
LINE,2.212
LTR,2.2416
LTR,2.2232
LINE,2.2256
LTR,2.2152
LTR,2.2472
LINE,2.212
SINE,2.2112
LTR,2.2256
LINE,2.216
LINE,2.208
LINE,2.216
LINE,2.2176
SINE,2.236
SINE,2.216
LTR,2.224
LINE,2.2352
LINE,2.2224
LINE,2.2136
LINE,2.2192
LTR,2.2008
LINE,2.2016
unique/low-repeat,2.2264
LINE,2.2192
LINE,2.244
LTR,2.24
LTR,2.2248
LINE,2.2032
SINE,2.208
LINE,2.2
SINE,2.2488
SINE,2.2304
LTR,2.2264
LINE,2.2336
SINE,2.2368
LINE,2.2152
LINE,2.2376
LINE,2.2344
SINE,2.2312
LTR,2.24
unique/low-repeat,2.228
LTR,2.224
SINE,2.2304
LINE,2.2392
SINE,2.2168
SINE,2.2096
DNA,2.208
SINE,2.236
LTR,2.2184
SINE,2.2144
SINE,2.2112
SINE,2.2264
LINE,2.2328
LINE,2.2264
SINE,2.232
SINE,2.2296
SINE,2.2448
LINE,2.2296
LTR,2.2296
LINE,2.2288
LINE,2.2336
SINE,2.2352
LTR,2.232
LINE,2.2216
LINE,2.2312
SINE,2.2144
LINE,2.2192
LINE,2.2336
SINE,2.2512
SINE,2.2176
SINE,2.196
SINE,2.1048
SINE,2.1968
LINE,2.2496
LINE,2.2048
LINE,2.2144
SINE,2.2192
LINE,2.1856
unique/low-repeat,2.2416
LINE,2.2192
DNA,2.2296
SINE,2.2136
SINE,2.1936
LINE,2.2192
SINE,2.24
LINE,2.216
LINE,2.2016
LINE,2.2096
unique/low-repeat,2.2272
DNA,2.2208
unique/low-repeat,2.2216
LINE,2.1984
SINE,2.2336
SINE,2.2256
SINE,2.2144
SINE,2.2504
SINE,2.0736
unique/low-repeat,2.2488
LINE,2.2168
LINE,2.24
SINE,2.22
LINE,2.2328
LINE,2.2128
SINE,2.2104
SINE,2.2272
SINE,2.228
SINE,2.2128
LINE,2.2352
DNA,2.2416
LTR,2.2152
SINE,2.2512
LINE,2.2288
SINE,2.2496
SINE,2.1688
SINE,2.2344
SINE,2.1928
LINE,2.2368
LINE,2.236
LINE,2.1352
LINE,2.244
LINE,2.2064
LINE,2.2184
LINE,2.2304
LINE,2.2008
LTR,2.2184
LTR,2.2712
LTR,2.2264
SINE,2.1664
unique/low-repeat,2.2488
SINE,2.1488
SINE,2.0888
LINE,2.2352
SINE,2.2208
SINE,2.2216
SINE,2.1992
SINE,2.2016
SINE,2.1952
LTR,2.2288
SINE,2.2184
LINE,2.192
LINE,2.0384
SINE,2.2192
LINE,2.2432
LINE,2.24
LINE,2.2408
LINE,2.2496
LINE,2.244
DNA,1.98
LINE,2.236
LINE,2.2328
LTR,2.24
SINE,2.2304
LTR,2.224
unique/low-repeat,2.1464
unique/low-repeat,2.1152
SINE,2.2208
LTR,2.2312
LTR,2.2376
SINE,2.2192
LTR,2.096
SINE,2.2112
Simple_repeat,1.6288
LINE,2.2448
LINE,2.1632
SINE,2.2024
unique/low-repeat,2.24
SINE,2.2128
SINE,2.096
LTR,2.1848
LTR,2.2048
LINE,2.2504
LINE,2.2304
LINE,2.2072
LINE,2.2104
SINE,2.22
LTR,2.2168
LTR,2.216
SINE,2.1368
SINE,2.224
LINE,2.216
LINE,2.216
LINE,2.2544
LINE,2.2096
LINE,2.2208
LTR,2.2576
LINE,2.2208
LINE,2.2304
SINE,2.2312
LINE,2.2376
LINE,2.2392
LINE,2.0984
LINE,2.0864
LINE,2.2224
LINE,2.2296
other-repeat,1.0424
LTR,2.216
unique/low-repeat,2.2408
LINE,2.2248
LINE,2.2232
LINE,2.2272
LINE,2.228
LTR,2.2416
LINE,2.0368
LTR,2.2176
LINE,2.2256
LINE,2.208
SINE,2.192
Simple_repeat,1.6072
LINE,2.2256
SINE,2.1024
LTR,2.1928
unique/low-repeat,2.2584
LINE,2.2264
LINE,2.228
LTR,2.2336
unique/low-repeat,1.8472
SINE,2.024
unique/low-repeat,2.2368
unique/low-repeat,2.2
unique/low-repeat,2.1504
unique/low-repeat,1.9096
LINE,1.764
unique/low-repeat,2.1744
LTR,2.1568
SINE,2.1288
SINE,2.2344
unique/low-repeat,2.224
LINE,2.0768
LINE,2.2304
unique/low-repeat,2.184
LINE,2.2352
unique/low-repeat,2.2296
LTR,2.208
unique/low-repeat,2.1312
unique/low-repeat,2.2368
LTR,2.1912
DNA,2.22
LINE,2.2168
LINE,2.2416
LINE,2.1896
LINE,2.2184
DNA,2.2184
LTR,2.2256
LINE,2.2304
LINE,2.2424
LINE,2.2072
SINE,2.2328
LINE,2.2376
LTR,2.2192
LINE,2.2448
LTR,2.2416
SINE,2.1968
SINE,2.22
unique/low-repeat,2.1776
SINE,2.2496
DNA,2.1928
LINE,2.2096
SINE,2.2456
LTR,2.2232
LINE,2.22
LINE,2.2168
unique/low-repeat,2.2272
SINE,2.2176
SINE,2.1968
LTR,2.2384
LTR,2.2152
LINE,2.2288
unique/low-repeat,2.2216
SINE,2.2432
LINE,2.2376
unique/low-repeat,2.2352
LINE,2.2088
LINE,2.2408
LINE,2.2456
LINE,2.2032
LTR,2.2432
LINE,2.2472
LTR,2.2288
LTR,2.2136
LINE,2.2152
LTR,2.244
LINE,2.228
SINE,2.204
SINE,2.2112
SINE,2.208
LINE,2.2464
LINE,2.2264
SINE,2.2224
SINE,2.2064
LINE,2.2432
SINE,2.228
LINE,2.2344
SINE,2.2168
unique/low-repeat,2.2384
DNA,2.2376
LINE,2.2384
LTR,2.2336
LTR,2.1616
SINE,2.2248
LINE,2.2312
LTR,2.236
LINE,2.2296
SINE,2.2296
LINE,2.2136
SINE,2.2256
unique/low-repeat,2.2328
SINE,2.2424
SINE,2.2192
DNA,2.16
SINE,2.0984
LINE,2.2368
unique/low-repeat,2.256
Simple_repeat,2.1632
SINE,2.2456
LINE,2.164
SINE,2.2256
LINE,2.2384
LINE,2.2376
unique/low-repeat,2.2296
SINE,2.0936
SINE,2.2344
unique/low-repeat,2.2472
unique/low-repeat,2.2496
LINE,2.1928
SINE,2.2448
LINE,2.2248
SINE,2.2376
LINE,2.2072
SINE,2.2464
unique/low-repeat,2.2384
SINE,2.236
LINE,2.2192
SINE,2.1968
SINE,2.2336
LINE,2.1984
unique/low-repeat,2.2056
LINE,2.2168
SINE,2.224
LINE,2.2304
LINE,2.208
LINE,2.204
SINE,2.2192
LINE,2.2112
unique/low-repeat,2.2256
LINE,2.2296
LINE,2.2288
LINE,2.1992
LINE,2.2528
LTR,2.2256
LINE,2.2208
LINE,2.2024
LINE,2.2184
LINE,2.2224
DNA,2.1944
LINE,2.2336
unique/low-repeat,2.24
LTR,2.2248
LINE,2.2112
LINE,2.2344
LINE,2.2344
LTR,2.2208
LINE,2.2024
LTR,2.2208
unique/low-repeat,2.2416
LINE,2.2336
LTR,2.2344
LINE,2.2416
unique/low-repeat,2.2344
unique/low-repeat,2.244
LINE,2.2416
LTR,2.2584
SINE,2.2248
LINE,2.236
SINE,2.2328
LTR,2.2352
LTR,2.2384
LINE,2.2352
unique/low-repeat,2.2408
LTR,2.2056
LINE,2.2048
LINE,2.2312
SINE,2.2336
LINE,2.2352
unique/low-repeat,2.224
DNA,2.236
DNA,2.2344
unique/low-repeat,2.2328
unique/low-repeat,2.2592
SINE,2.1544
LINE,2.2504
LTR,2.232
SINE,2.2312
SINE,2.2304
SINE,2.2016
SINE,2.1968
SINE,2.2216
SINE,2.14
SINE,2.2152
SINE,2.2208
SINE,2.128
SINE,2.1544
SINE,2.1928
SINE,2.248
SINE,2.1272
SINE,2.1904
SINE,2.1608
SINE,2.2184
SINE,2.1952
LINE,2.1504
SINE,2.2232
LINE,2.2288
LTR,2.2128
LINE,2.2048
SINE,2.168
SINE,2.2072
SINE,2.1592
SINE,2.1024
SINE,2.1728
unique/low-repeat,1.9848
unique/low-repeat,2.2504
unique/low-repeat,2.244
SINE,2.2616
unique/low-repeat,2.248
SINE,2.2088
SINE,2.2064
SINE,2.228
SINE,2.2208
LINE,2.2592
SINE,2.1576
SINE,2.2312
SINE,2.2064
SINE,2.2456
unique/low-repeat,2.2288
LTR,2.2016
SINE,2.2432
LINE,2.2368
LTR,2.224
LTR,2.2264
LINE,2.2392
LINE,2.2008
SINE,2.2312
SINE,2.2472
LINE,2.2144
SINE,2.2216
DNA,2.2192
LINE,2.2344
SINE,2.1928
LINE,2.228
SINE,2.2176
SINE,2.1904
LTR,2.2112
SINE,2.1712
SINE,2.2224
SINE,2.1808
SINE,2.1448
SINE,2.232
LINE,2.224
SINE,2.212
SINE,2.2216
SINE,2.1472
LINE,2.232
LINE,2.2208
SINE,2.2152
LINE,2.2312
DNA,2.2552
LINE,2.232
LTR,2.2016
LINE,2.212
LINE,2.2128
LINE,2.2232
LINE,2.2048
LTR,2.2384
LTR,2.2144
LINE,2.216
SINE,2.1992
SINE,2.1872
SINE,2.1512
SINE,2.2208
unique/low-repeat,2.2352
LINE,2.2328
LTR,2.2512
SINE,2.244
SINE,2.2432
LINE,2.2048
LINE,2.2208
LINE,2.1144
LINE,2.2496
LTR,2.236
unique/low-repeat,2.2192
SINE,2.24
LTR,2.2008
LTR,2.224
LINE,2.2192
SINE,2.2328
SINE,2.2488
SINE,2.216
SINE,2.1792
LINE,2.2176
LINE,2.2408
LTR,2.2368
SINE,2.2328
SINE,2.2136
LINE,2.216
LTR,2.1984
LINE,2.224
SINE,2.2264
LTR,2.2448
LINE,2.2192
SINE,2.232
SINE,2.2096
LINE,2.2152
SINE,2.204
LINE,2.2392
SINE,2.236
SINE,2.2136
LINE,2.2152
SINE,2.188
SINE,2.216
SINE,2.1752
SINE,2.172
SINE,2.2248
Simple_repeat,1.5
SINE,2.2504
LINE,2.2192
LINE,2.232
LTR,2.2168
LINE,2.2024
LINE,2.2304
LINE,2.2088
LINE,2.2232
LINE,2.2128
LINE,2.2256
LINE,2.2176
LINE,2.2192
LINE,2.2352
LINE,2.1944
LINE,2.232
SINE,2.2344
LINE,2.2248
LINE,2.232
unique/low-repeat,2.2352
LINE,2.2152
LINE,2.2208
LINE,2.24
LINE,2.2336
LINE,2.228
LINE,2.2088
LINE,2.2128
SINE,2.2296
SINE,2.2128
unique/low-repeat,2.2176
LINE,2.228
LTR,2.2376
LTR,2.2432
LINE,2.2064
unique/low-repeat,2.2224
LINE,2.208
LINE,2.224
SINE,2.2176
LINE,2.2216
LINE,2.2328
LINE,2.2088
LINE,2.2168
LINE,2.2256
LINE,2.2352
LINE,2.2264
SINE,2.248
LINE,2.2368
DNA,2.2248
SINE,2.2288
LTR,2.2424
unique/low-repeat,2.236
LINE,2.212
SINE,2.2384
SINE,2.1608
SINE,2.184
LTR,2.2216
SINE,2.1888
SINE,2.0984
LTR,2.224
unique/low-repeat,2.2512
LINE,2.1752
unique/low-repeat,2.216
LINE,2.2328
LINE,2.2112
LINE,2.2328
LINE,2.1448
LINE,2.2224
LINE,2.2176
LINE,2.2488
unique/low-repeat,2.2168
SINE,2.1896
SINE,2.2368
SINE,2.2256
unique/low-repeat,2.22
LINE,2.2104
SINE,2.2248
LTR,2.232
LINE,2.1376
SINE,2.224
LINE,2.2232
SINE,2.2112
LINE,2.2256
LINE,2.2256
LTR,2.2288
LTR,2.2232
LTR,2.2136
SINE,2.2
SINE,2.232
LINE,2.2216
LINE,2.2272
LINE,2.244
LINE,2.1936
LINE,2.224
LINE,2.2264
LINE,2.2232
SINE,2.2184
LINE,2.232
LINE,2.2144
LTR,2.2192
LINE,2.2088
LTR,2.2312
LINE,2.2184
SINE,2.2272
LTR,2.2344
SINE,2.2016
SINE,2.2112
SINE,2.2128
LINE,2.2408
SINE,2.2264
unique/low-repeat,2.2392
LINE,2.2288
LINE,2.2344
LINE,2.2368
LINE,2.2032
SINE,2.0664
SINE,2.2176
LINE,2.2248
SINE,2.236
LINE,2.2248
LINE,2.2224
DNA,2.22
LINE,2.2424
LINE,2.2256
LTR,2.2344
SINE,2.2176
SINE,2.2152
LINE,2.2184
unique/low-repeat,2.2144
LINE,2.216
SINE,2.2192
SINE,2.2152
unique/low-repeat,2.2416
LTR,2.2256
SINE,2.1872
SINE,2.1888
SINE,2.2096
SINE,2.2312
LINE,2.2096
LTR,2.2512
SINE,2.1952
SINE,2.1344
SINE,2.2344
LTR,2.2192
SINE,2.1688
LINE,2.2216
SINE,2.2272
LINE,2.2256
LTR,2.2264
SINE,2.2168
SINE,2.1952
LINE,2.2384
SINE,2.1432
LINE,2.2024
LTR,2.2368
SINE,2.0184
LTR,2.2464
LINE,2.2384
SINE,2.2352
LINE,2.2264
unique/low-repeat,2.2304
unique/low-repeat,2.2656
DNA,2.176
LINE,2.1976
LINE,2.2392
SINE,2.2104
LINE,2.224
SINE,2.2256
LINE,2.2272
LINE,2.2248
LINE,2.2456
LINE,2.1944
SINE,2.2104
LINE,2.2224
LINE,2.224
SINE,2.2128
LINE,2.2096
SINE,2.1864
LINE,2.2184
SINE,2.2272
SINE,2.2248
LINE,2.2424
LINE,2.196
SINE,2.2272
SINE,2.2448
LINE,2.2296
LTR,2.2304
LINE,2.2304
SINE,2.228
LINE,2.168
SINE,2.2232
SINE,2.2064
LTR,2.2224
SINE,2.2264
SINE,2.2536
LINE,2.2336
SINE,2.1824
LINE,2.2232
SINE,2.2384
LTR,2.244
SINE,2.2368
SINE,2.2072
SINE,2.2312
unique/low-repeat,2.2552
LTR,2.2128
SINE,2.1704
SINE,2.1528
other-repeat,2.228
LINE,2.2408
LINE,2.2232
SINE,2.2304
SINE,2.2168
SINE,2.1928
SINE,2.2072
LINE,2.224
SINE,2.2304
unique/low-repeat,2.204
SINE,2.2168
LTR,2.2032
LINE,2.2152
LINE,2.244
LINE,2.232
DNA,2.2432
LINE,2.2232
LTR,2.1976
SINE,2.252
SINE,2.2288
SINE,2.2328
SINE,2.24
LINE,2.2176
LINE,2.2248
LINE,2.2304
LINE,2.2168
LINE,2.1832
unique/low-repeat,2.2136
DNA,2.2088
LINE,2.2248
LINE,1.9096
LINE,2.2232
LINE,2.2264
SINE,2.1968
LTR,2.2056
LINE,2.2368
LTR,2.2512
SINE,2.1408
SINE,2.1776
LTR,2.224
SINE,2.2224
LINE,2.1888
LINE,2.1976
LINE,2.2232
LINE,2.2152
LINE,2.2248
LINE,2.1856
LINE,2.2248
LINE,2.2104
LINE,2.236
unique/low-repeat,2.2416
SINE,2.2024
SINE,2.2384
unique/low-repeat,2.2376
SINE,2.2352
unique/low-repeat,2.2416
unique/low-repeat,2.2408
LINE,2.2128
SINE,2.2256
LTR,2.2472
LINE,2.22
SINE,2.1928
LTR,2.2184
LINE,2.2288
SINE,2.1904
SINE,2.2264
LINE,2.2368
SINE,2.2296
unique/low-repeat,2.2432
unique/low-repeat,2.2272
Retroposon,2.2264
SINE,2.2336
SINE,2.224
SINE,2.2384
SINE,2.2232
SINE,2.196
LINE,2.2
SINE,2.2136
SINE,2.2344
SINE,2.1424
SINE,2.1664
SINE,2.1408
SINE,2.1896
SINE,2.1632
SINE,2.1392
LINE,2.2072
SINE,2.208
DNA,2.2064
SINE,2.22
unique/low-repeat,2.2304
LINE,2.1856
SINE,2.2304
LINE,2.2208
SINE,2.2216
DNA,2.2304
SINE,2.2328
unique/low-repeat,2.2368
LINE,2.2248
LINE,2.2032
LINE,2.2336
LINE,2.2184
LINE,2.2368
SINE,2.2184
LTR,2.2192
LINE,2.2184
SINE,2.2008
SINE,2.216
SINE,2.1944
SINE,2.2096
LINE,2.216
LINE,2.22
SINE,2.1544
LINE,2.228
LINE,2.2336
LINE,2.208
SINE,2.2208
LINE,2.2216
LINE,2.2408
LINE,2.236
SINE,2.1928
other-repeat,2.2296
other-repeat,2.208
LINE,2.2304
LTR,2.2376
LINE,2.2024
LINE,2.1928
LINE,2.2144
LINE,2.2216
LTR,2.2312
DNA,2.2352
SINE,2.2256
LTR,2.2264
LINE,2.2152
LINE,2.2272
LINE,2.216
LINE,2.2096
LINE,2.2304
SINE,2.2248
LTR,2.2096
SINE,2.1976
other-repeat,2.0344
LINE,2.2144
LINE,2.2072
LINE,2.1944
LINE,2.2232
SINE,2.2048
Low_complexity,2.136
LINE,2.1776
LINE,2.2192
LTR,2.24
LINE,2.2112
LINE,2.2368
SINE,2.2048
LINE,2.196
LINE,2.2096
LTR,2.2216
SINE,2.2112
LINE,2.236
LINE,2.2208
SINE,2.192
LINE,2.224
unique/low-repeat,2.2424
LINE,2.2376
unique/low-repeat,2.2296
LINE,2.2352
LINE,2.22
LINE,2.2304
LINE,2.1968
SINE,2.228
LINE,2.2312
unique/low-repeat,2.2312
LINE,2.1776
unique/low-repeat,2.1896
LINE,2.2408
SINE,2.2008
SINE,2.1624
SINE,2.1504
LINE,2.1728
LTR,2.2376
LTR,2.236
LINE,2.2336
LINE,2.2056
LINE,2.232
LINE,2.2352
LTR,2.2248
LINE,2.24
LINE,2.2264
LINE,2.2192
DNA,2.2392
LINE,2.232
LINE,2.2176
unique/low-repeat,2.2344
unique/low-repeat,2.2288
LINE,2.2488
LINE,2.2456
LINE,2.2288
LTR,2.248
LINE,2.2256
LTR,2.2312
LINE,2.2352
LINE,2.2088
LINE,2.2376
LINE,2.2256
SINE,2.232
SINE,2.2016
LINE,2.2464
LINE,2.2048
LINE,2.2328
LINE,2.184
LINE,2.2368
LINE,2.2416
unique/low-repeat,2.2464
LINE,2.2368
LINE,2.2192
SINE,2.2344
LINE,2.2216
SINE,2.2056
SINE,2.2064
SINE,2.232
SINE,2.196
LINE,2.224
SINE,2.2176
SINE,2.1968
LINE,2.2128
LTR,2.216
LINE,2.2336
unique/low-repeat,2.2256
LINE,2.2208
SINE,2.2096
SINE,2.2176
LINE,2.2208
SINE,2.2032
SINE,2.2024
DNA,2.2328
LINE,2.2192
LINE,2.2144
LINE,2.1936
LTR,2.2256
LINE,2.2344
LTR,2.2224
LINE,2.2416
LINE,2.2264
LINE,2.2312
SINE,2.2248
SINE,2.2392
SINE,2.2304
unique/low-repeat,2.0008
LINE,2.2304
LINE,2.1968
LINE,2.2336
SINE,2.2016
SINE,2.1968
SINE,2.2184
unique/low-repeat,2.2168
SINE,2.2192
SINE,2.168
LINE,2.228
LINE,2.248
LTR,2.2264
LINE,2.2136
SINE,2.2256
LINE,2.2304
LINE,2.1952
LINE,2.2112
LTR,2.22
LINE,2.2344
LINE,2.2248
LTR,2.2264
LINE,2.2424
LINE,2.2248
unique/low-repeat,2.232
SINE,2.2392
LINE,2.2272
SINE,2.24
LINE,2.2208
LINE,2.2328
LINE,2.2008
LINE,2.2288
unique/low-repeat,2.2176
LINE,2.2256
unique/low-repeat,2.228
LINE,2.2208
LINE,2.2408
unique/low-repeat,2.2408
SINE,2.2336
unique/low-repeat,2.252
unique/low-repeat,2.2248
LINE,2.2328
LINE,2.2336
LINE,2.1864
LINE,2.2192
SINE,2.236
SINE,2.2424
unique/low-repeat,2.2664
LINE,2.232
SINE,2.2312
LINE,2.216
LTR,2.2272
LINE,2.224
LINE,2.2424
LTR,2.224
SINE,2.1936
LTR,2.2216
SINE,2.2112
LINE,2.212
SINE,2.2368
SINE,2.2256
LINE,2.2264
unique/low-repeat,2.2312
LINE,2.22
SINE,2.2256
LINE,2.1768
DNA,2.208
LINE,2.2328
unique/low-repeat,2.2408
LINE,2.2096
SINE,2.2168
LTR,2.2416
LINE,2.2104
LINE,2.2208
DNA,2.2224
LINE,2.2168
LINE,2.2112
LTR,2.2232
LINE,2.2232
DNA,2.2328
unique/low-repeat,2.1928
SINE,2.232
DNA,2.2672
SINE,2.2072
LINE,2.228
LINE,2.2256
unique/low-repeat,2.232
LTR,2.2248
LINE,2.2224
LTR,2.2256
LINE,2.2064
LTR,2.2144
LINE,2.2328
LTR,2.2328
LINE,2.22
LINE,2.24
LINE,2.2128
LTR,2.236
DNA,2.2248
LINE,2.216
LINE,2.2272
LINE,2.2144
LTR,2.2304
LTR,2.2216
LINE,2.2192
LINE,2.2336
unique/low-repeat,2.2008
LINE,2.22
LTR,2.2344
LINE,2.2208
LINE,2.2128
LINE,2.2152
LINE,2.2272
LINE,2.2224
LINE,2.2408
LINE,2.2296
LINE,2.216
LINE,2.228
LTR,2.2208
LINE,2.2248
LINE,2.2256
LINE,2.22
LINE,2.2096
LINE,2.2248
LTR,2.2056
LINE,2.2208
LINE,2.2144
unique/low-repeat,2.2136
LTR,2.2136
LINE,2.24
LINE,2.2048
LTR,2.2224
LINE,2.2248
DNA,2.2216
LTR,2.216
unique/low-repeat,2.228
DNA,2.216
LINE,2.2264
LINE,2.236
LINE,2.212
unique/low-repeat,2.2344
LINE,2.2376
DNA,2.232
LINE,2.232
LINE,2.2072
unique/low-repeat,2.2224
LINE,2.2128
LINE,2.2296
LINE,2.2352
LINE,2.2296
unique/low-repeat,2.22
unique/low-repeat,2.2128
LINE,2.2184
LINE,2.2248
LINE,2.2176
LINE,2.2256
LINE,2.2208
LINE,2.2392
LINE,2.224
LINE,2.208
LTR,2.228
LINE,2.236
LINE,2.2256
LINE,2.2192
LINE,2.196
LTR,2.24
LTR,2.2256
LINE,2.2056
LINE,2.2144
LINE,2.2056
LINE,2.2168
LINE,2.208
LTR,2.2232
LTR,2.236
LTR,2.2144
LTR,2.2096
LTR,2.2288
LINE,2.2232
LTR,2.2328
LINE,2.192
LINE,2.22
LTR,2.2192
LINE,2.2232
SINE,2.2288
LINE,2.2272
SINE,2.2304
LINE,2.2224
LTR,2.2472
DNA,2.2104
LINE,2.2296
LINE,2.2008
LINE,2.2432
LINE,2.2224
LINE,2.2416
LINE,2.2328
unique/low-repeat,2.2328
LINE,2.2328
LINE,2.236
LINE,2.2296
LINE,2.2064
SINE,2.2392
SINE,2.216
LINE,2.2304
LINE,2.2272
DNA,2.2368
LINE,2.2144
LINE,2.2072
LINE,2.1976
LINE,2.2336
LTR,2.236
LINE,2.2392
LTR,2.2408
LINE,2.2352
LINE,2.228
LINE,2.2424
LINE,2.2088
unique/low-repeat,2.2384
unique/low-repeat,2.2448
LINE,2.2384
LINE,2.156
SINE,2.2344
LINE,2.2016
LINE,2.2288
unique/low-repeat,2.2392
Simple_repeat,1.8976
LINE,2.2056
LINE,2.2256
LINE,2.2144
LINE,2.2176
LINE,2.224
DNA,2.22
SINE,2.2456
LINE,2.2312
SINE,2.2392
LINE,2.216
LTR,2.2208
LINE,2.2168
LINE,2.2104
LINE,2.2304
LINE,2.2024
LINE,2.2192
LINE,2.2176
LINE,2.1776
unique/low-repeat,2.2296
LINE,2.2264
LTR,2.224
LINE,2.2304
SINE,2.236
DNA,2.22
SINE,2.2136
unique/low-repeat,2.2408
SINE,2.216
LINE,2.2088
LINE,2.2072
LTR,2.2184
LINE,2.2312
LINE,2.2112
LTR,2.2296
SINE,2.2336
LINE,2.236
DNA,2.2496
LTR,2.2376
LTR,2.212
LINE,2.216
unique/low-repeat,2.2512
unique/low-repeat,2.2648
LINE,2.236
LINE,2.2344
LINE,2.2408
LINE,2.2064
SINE,2.216
unique/low-repeat,2.2168
SINE,2.208
LINE,2.1448
SINE,2.124
SINE,2.1528
SINE,2.1816
LINE,2.2384
LINE,2.208
SINE,2.2024
SINE,2.1928
SINE,2.2384
SINE,2.2176
LINE,2.2168
LINE,2.24
LTR,2.216
DNA,2.2144
SINE,2.2288
LINE,2.2264
LINE,2.2288
LINE,2.2192
LTR,2.212
LINE,2.1952
LINE,2.2192
LINE,2.22
SINE,2.208
LINE,2.224
LINE,2.208
LINE,2.2224
LINE,2.2104
LINE,2.2256
LINE,2.2296
LTR,2.2296
LTR,2.2216
LINE,2.2192
LTR,2.2288
LINE,2.2304
LINE,2.2216
LINE,2.1992
LTR,2.2368
LINE,2.1992
LINE,2.228
LINE,2.228
LTR,2.2264
LINE,2.2304
LTR,2.2304
LINE,2.2352
LTR,2.2336
LINE,2.216
unique/low-repeat,2.2152
LINE,2.2192
LTR,2.228
LINE,2.2432
unique/low-repeat,2.2096
LINE,2.22
LINE,2.2032
DNA,2.212
LTR,2.2336
LTR,2.232
LINE,2.2112
LINE,2.2168
LINE,2.2224
SINE,2.2376
LINE,2.2176
LINE,2.224
LINE,2.2232
SINE,2.2248
LINE,2.2232
LINE,2.2008
LINE,2.224
unique/low-repeat,2.22
unique/low-repeat,2.2104
unique/low-repeat,2.2216
unique/low-repeat,2.216
LINE,2.2216
LINE,2.2192
LINE,2.1984
DNA,2.2208
LINE,2.2176
LINE,2.2296
LINE,2.2376
LINE,2.1728
LINE,2.2208
LTR,2.1928
LINE,2.2344
SINE,2.2088
SINE,2.2048
LINE,2.2048
SINE,2.1896
LINE,2.1656
SINE,2.0984
SINE,2.2088
SINE,2.2064
LINE,2.2344
SINE,2.1584
SINE,2.1976
SINE,2.1928
SINE,2.1008
SINE,2.1896
SINE,2.18
SINE,2.0224
SINE,2.1216
SINE,2.1296
SINE,2.1248
SINE,2.1968
SINE,2.1632
SINE,2.1632
SINE,2.1376
SINE,2.2056
SINE,2.208
SINE,2.2384
LTR,2.212
LINE,2.2384
LTR,2.2168
LINE,2.2264
LINE,2.216
LTR,2.2328
SINE,2.2432
LINE,2.2256
unique/low-repeat,2.2368
LINE,2.1928
LINE,2.188
LINE,2.2048
SINE,2.248
SINE,2.188
SINE,2.1568
LINE,2.2392
SINE,2.1552
SINE,2.2192
SINE,2.1744
SINE,2.2088
LINE,2.2312
unique/low-repeat,2.2128
LINE,2.2272
LINE,2.236
LTR,2.2184
LTR,2.2408
LINE,2.2192
unique/low-repeat,2.2008
LINE,2.2368
SINE,2.2216
SINE,2.2152
LINE,2.2024
LINE,2.2296
SINE,2.2328
SINE,2.224
SINE,2.2208
SINE,2.1712
LTR,2.2416
SINE,2.2368
SINE,2.196
SINE,2.2248
SINE,2.1856
SINE,2.1912
SINE,2.2256
SINE,2.2352
LINE,2.212
SINE,2.2032
LTR,2.2312
SINE,2.2152
LINE,2.224
SINE,2.22
SINE,2.2088
LINE,2.156
SINE,2.1888
SINE,2.1776
LINE,2.1784
LINE,2.1464
SINE,2.2088
SINE,2.1632
SINE,2.2296
SINE,2.2264
SINE,2.1896
SINE,2.2408
SINE,2.2088
SINE,2.152
SINE,2.2104
SINE,2.1672
SINE,2.2024
LINE,2.2208
SINE,2.2176
DNA,2.2104
LINE,2.2088
SINE,2.2024
SINE,2.2104
LINE,2.2304
LINE,2.2064
LINE,2.2112
SINE,2.2368
LINE,2.2264
SINE,2.2096
SINE,2.2192
SINE,2.2168
SINE,2.2032
SINE,2.2096
SINE,2.2216
SINE,2.208
SINE,2.2304
SINE,2.2072
SINE,2.1848
unique/low-repeat,2.2256
SINE,2.228
LINE,2.224
unique/low-repeat,2.2304
DNA,2.2232
SINE,2.2184
unique/low-repeat,2.2264
unique/low-repeat,2.2376
SINE,2.212
LTR,2.2288
LINE,2.2288
unique/low-repeat,2.2384
LINE,2.2368
DNA,2.1936
LINE,2.2152
LINE,2.26
LINE,2.2328
DNA,2.2328
LINE,2.2224
unique/low-repeat,2.2344
LINE,2.1984
LINE,2.22
unique/low-repeat,2.2392
LINE,2.2336
LINE,2.2032
LINE,2.2288
SINE,2.2056
LINE,2.2152
SINE,2.2136
unique/low-repeat,2.2312
SINE,2.232
unique/low-repeat,2.2368
LINE,2.2312
LINE,2.2336
SINE,2.236
SINE,2.2296
SINE,2.2192
LINE,2.228
LINE,2.1832
LINE,2.2352
SINE,2.2072
SINE,2.204
LINE,2.2288
SINE,2.22
LINE,2.2432
unique/low-repeat,2.2064
SINE,2.2176
LINE,2.2136
LINE,2.2376
LINE,2.1968
LINE,2.2312
SINE,2.2136
LINE,2.22
LTR,2.2168
LINE,2.2368
SINE,2.2224
SINE,2.192
SINE,2.1984
SINE,2.2208
LINE,2.2376
SINE,2.2216
unique/low-repeat,2.2344
SINE,2.2368
LINE,2.2192
SINE,2.22
SINE,2.22
SINE,2.2256
unique/low-repeat,2.2184
LTR,2.2368
unique/low-repeat,2.2304
LINE,2.1952
unique/low-repeat,2.1152
LINE,2.212
LINE,2.2408
LINE,2.2296
unique/low-repeat,2.232
unique/low-repeat,2.2248
LINE,2.2344
SINE,2.124
LINE,2.2096
unique/low-repeat,2.24
LINE,2.2192
SINE,2.2248
unique/low-repeat,2.2376
unique/low-repeat,2.24
SINE,2.22
LTR,2.2368
LTR,2.2184
Retroposon,2.1136
LTR,2.2304
SINE,2.2424
LINE,2.2312
LINE,2.2144
LINE,2.2312
LINE,2.2088
LINE,2.2232
LINE,2.2096
LTR,2.232
SINE,2.2272
LINE,2.2288
LINE,2.2176
LINE,2.2016
LINE,2.2232
LTR,2.2216
LINE,2.2128
LINE,2.2288
LTR,2.2144
LTR,2.2032
unique/low-repeat,2.228
LTR,2.2216
LINE,2.2008
unique/low-repeat,2.22
LINE,2.1808
unique/low-repeat,2.2296
LINE,2.2336
LINE,2.2232
LINE,2.2416
LINE,2.236
LINE,2.212
LINE,2.2304
LTR,2.2344
SINE,2.2328
unique/low-repeat,2.2304
SINE,2.2216
LINE,2.2088
LTR,2.2152
LINE,2.2384
LTR,2.2264
DNA,2.2184
LINE,2.2192
LINE,2.2224
LINE,2.184
DNA,2.2352
LINE,2.2184
LINE,2.2184
LINE,2.208
LINE,2.2304
LINE,2.2128
DNA,2.2376
LTR,2.2136
LTR,2.2096
SINE,2.176
unique/low-repeat,2.2456
LINE,2.1976
LTR,2.232
SINE,2.2048
LINE,2.2
LINE,2.2056
LINE,2.2032
LINE,2.2168
LINE,2.2256
LTR,2.2392
LTR,2.2488
LINE,2.2272
LINE,2.2272
LTR,2.2312
LINE,2.2184
LINE,2.2296
LINE,2.2448
LINE,2.2216
LINE,2.224
LINE,2.2344
SINE,2.2296
LINE,2.2296
LINE,2.22
LINE,2.2024
LINE,2.24
unique/low-repeat,2.2296
LINE,2.2072
LINE,2.232
LINE,2.2208
LINE,2.2096
LTR,2.2288
LINE,2.2112
DNA,2.2416
LINE,2.22
LINE,2.2112
LTR,2.216
SINE,2.228
LINE,2.2192
SINE,2.2192
SINE,2.224
SINE,2.176
SINE,2.208
SINE,2.1624
SINE,2.212
SINE,2.1672
SINE,2.2104
SINE,2.196
SINE,2.1328
LINE,2.2256
SINE,2.1904
SINE,2.1576
LINE,2.224
LINE,2.22
LINE,2.2144
unique/low-repeat,2.2144
unique/low-repeat,2.244
LINE,2.2368
LINE,2.2192
LINE,2.2008
LINE,2.2072
LINE,2.2328
LTR,2.2216
LTR,2.2208
LINE,2.228
SINE,2.2104
LINE,2.2216
LINE,2.2064
SINE,2.2072
SINE,2.216
LINE,2.2152
SINE,2.2224
LINE,2.2296
LINE,2.2264
LTR,2.2288
LINE,2.236
LINE,2.2136
LINE,2.2336
LTR,2.2232
LINE,2.212
LINE,2.2216
LINE,2.2296
unique/low-repeat,2.2192
LINE,2.2152
unique/low-repeat,2.2224
LTR,2.2272
LTR,2.22
LINE,2.2352
LINE,2.2072
DNA,2.2288
LINE,2.2256
LINE,2.2136
LINE,2.2272
LINE,2.2344
LINE,2.2104
LINE,2.2304
SINE,2.232
LINE,2.2256
LINE,2.232
DNA,2.2312
SINE,2.2056
LTR,2.2192
LINE,2.236
LINE,2.2048
LINE,2.228
LTR,2.2376
LINE,2.24
LINE,2.2312
LINE,2.2496
LINE,2.2224
LINE,2.2248
LINE,2.2224
LINE,2.2112
LTR,2.2296
LINE,2.228
LINE,2.2272
LINE,2.2272
LTR,2.2432
LINE,2.2208
LTR,2.2168
LINE,2.2224
DNA,2.2552
LINE,2.2216
LINE,2.232
DNA,2.2464
LTR,2.2336
LTR,2.2176
LINE,2.2232
LINE,2.216
LINE,2.2432
LINE,2.2064
LINE,2.2304
LINE,2.22
LINE,2.2336
LTR,2.2304
LINE,2.228
LINE,2.232
LINE,2.2088
LINE,2.2184
LINE,2.2128
SINE,2.2192
LINE,2.2288
LINE,2.2296
LINE,2.2024
SINE,2.2248
SINE,2.1144
SINE,2.1512
SINE,2.1744
SINE,2.148
SINE,2.1144
SINE,2.1816
SINE,2.2016
SINE,2.0832
SINE,2.192
LINE,2.1928
SINE,2.0088
SINE,2.1944
SINE,2.1536
LINE,2.22
SINE,2.1768
LINE,2.2112
LINE,2.2152
SINE,2.2096
LINE,2.2168
SINE,2.1968
SINE,2.2088
SINE,2.2144
SINE,2.2232
SINE,2.2112
SINE,2.2184
SINE,2.2072
LINE,2.236
SINE,2.1984
LINE,2.2456
SINE,2.228
SINE,2.252
LTR,2.228
LTR,2.2192
LINE,2.232
LTR,2.2272
LINE,2.224
LINE,2.2368
LINE,2.2288
LINE,2.232
SINE,2.2128
DNA,2.2424
DNA,2.2152
SINE,2.2456
LINE,2.208
SINE,2.22
SINE,2.2192
LINE,2.2088
SINE,2.1472
SINE,2.1768
LINE,2.212
LINE,2.2352
LINE,2.1968
LINE,2.2248
LINE,2.22
LINE,2.2032
LINE,2.2048
LTR,2.2352
LINE,2.1944
SINE,2.2056
LINE,2.2024
SINE,2.2424
unique/low-repeat,2.2408
SINE,2.248
SINE,2.2248
SINE,2.2272
SINE,2.2288
SINE,2.24
SINE,2.2184
LINE,2.1632
LINE,2.2064
LINE,2.216
LINE,2.2152
SINE,2.2208
LINE,2.22
LINE,2.2072
LINE,2.2184
LINE,2.224
LINE,2.2088
LINE,2.2464
LINE,2.228
SINE,2.2296
LINE,2.224
SINE,2.2232
unique/low-repeat,2.248
unique/low-repeat,2.2048
DNA,2.2304
SINE,2.232
SINE,2.2384
SINE,2.2216
SINE,2.156
SINE,2.1232
SINE,2.184
SINE,2.1648
unique/low-repeat,2.228
SINE,2.1984
SINE,2.1856
SINE,2.1136
SINE,2.1848
SINE,2.1904
SINE,2.1712
SINE,2.188
SINE,2.1944
LTR,2.1952
SINE,2.1144
LINE,2.228
SINE,2.2248
SINE,2.2368
LINE,2.2168
LINE,2.172
SINE,2.224
SINE,2.2504
LINE,2.2136
LINE,2.22
LINE,2.2288
LINE,2.224
unique/low-repeat,2.2368
LINE,2.2272
LINE,2.2176
LINE,2.2256
LINE,2.2048
LINE,2.2176
LINE,2.2104
LINE,2.2096
LINE,2.1848
LINE,2.2128
SINE,2.204
SINE,2.24
SINE,2.2072
LINE,2.2072
SINE,2.2408
LTR,2.24
LINE,2.2216
LTR,2.2328
LINE,2.2192
SINE,2.1968
SINE,2.1944
SINE,2.2256
SINE,2.2152
SINE,2.2024
unique/low-repeat,2.2432
LINE,2.208
SINE,2.1968
SINE,2.1104
unique/low-repeat,2.24
SINE,2.2288
SINE,2.1888
SINE,2.2128
SINE,2.2024
unique/low-repeat,2.2392
LINE,2.2344
unique/low-repeat,2.2136
DNA,2.2584
SINE,2.2256
LINE,2.2216
LINE,2.2248
SINE,2.2152
LINE,2.1856
SINE,2.2056
LINE,2.2184
unique/low-repeat,2.2424
unique/low-repeat,2.2384
unique/low-repeat,2.2592
SINE,2.2088
SINE,2.2136
SINE,2.2152
SINE,2.1352
SINE,2.1352
SINE,2.2
unique/low-repeat,2.2288
SINE,2.2032
SINE,2.2056
SINE,2.2008
SINE,2.1864
SINE,2.1896
SINE,2.188
unique/low-repeat,2.2424
SINE,2.2072
SINE,2.184
SINE,2.1224
SINE,2.1648
SINE,2.196
SINE,2.1944
SINE,2.2296
SINE,2.1896
SINE,2.0368
SINE,2.2064
SINE,2.2184
SINE,2.2224
SINE,2.2416
unique/low-repeat,2.2224
unique/low-repeat,2.2376
SINE,2.212
SINE,2.2304
LINE,2.228
LINE,2.2392
unique/low-repeat,2.2552
SINE,2.2304
SINE,2.2376
LINE,2.2296
LINE,2.2232
SINE,2.24
SINE,2.232
SINE,2.2184
LTR,2.2192
LTR,2.2408
unique/low-repeat,2.232
LINE,2.2272
unique/low-repeat,2.2248
SINE,2.2336
SINE,2.2328
LINE,2.1984
LINE,2.2456
unique/low-repeat,2.2552
LINE,2.1176
unique/low-repeat,2.2184
LINE,2.2472
LINE,2.2176
SINE,2.2464
SINE,2.228
unique/low-repeat,2.232
LINE,2.2352
LTR,2.224
unique/low-repeat,2.2352
LINE,2.216
DNA,2.2344
LTR,2.232
LTR,2.232
LTR,2.2144
LINE,2.228
LTR,2.2192
LINE,2.2192
LTR,2.2432
SINE,2.2288
SINE,2.2264
LINE,2.2448
SINE,2.2368
SINE,2.2112
DNA,2.2136
unique/low-repeat,2.2368
SINE,2.212
SINE,2.2376
SINE,2.2232
LINE,2.2008
LTR,2.2184
LINE,2.2296
LTR,2.224
LINE,2.2232
LINE,2.2376
LTR,2.22
LINE,2.2344
LTR,2.2184
LINE,2.208
LINE,2.2272
LINE,2.2376
LINE,2.2064
LINE,2.2328
unique/low-repeat,2.2336
LINE,2.22
LTR,2.2288
LTR,2.2216
LINE,2.2232
LINE,1.8728
LINE,2.2304
LINE,2.22
LTR,2.2184
LINE,2.2192
LTR,2.232
LTR,2.232
DNA,2.2224
LTR,2.212
LINE,2.2264
unique/low-repeat,2.2304
LINE,2.1984
unique/low-repeat,2.2264
LINE,2.224
LINE,2.2376
LINE,2.2192
SINE,2.2296
LTR,2.2288
LINE,2.2176
LINE,2.2168
LINE,2.2264
LINE,2.2264
LINE,2.2408
LINE,2.2264
LTR,2.2264
LINE,2.2248
LINE,2.24
LINE,2.2328
LINE,2.1904
LINE,2.2208
LINE,2.2184
LINE,2.2144
LINE,2.236
LTR,2.2328
SINE,2.2256
SINE,2.1776
unique/low-repeat,2.2384
unique/low-repeat,2.2384
SINE,2.2256
SINE,2.2272
LTR,2.2248
LINE,2.2184
unique/low-repeat,2.2568
LINE,2.2416
SINE,2.2552
SINE,2.2288
LINE,2.2472
LINE,2.2272
Retroposon,2.1872
unique/low-repeat,2.2344
SINE,2.2288
SINE,2.2488
SINE,2.2136
SINE,2.2288
SINE,2.2176
LINE,2.2168
LINE,2.216
LINE,2.2344
LTR,2.2264
LINE,2.2328
LINE,2.2248
DNA,2.2248
LINE,2.2184
LINE,2.2344
LTR,2.2288
LINE,2.2296
LINE,2.2176
unique/low-repeat,2.2208
LTR,2.2192
LINE,2.2232
LINE,2.2128
SINE,2.2392
SINE,2.2232
LINE,2.2392
LTR,2.2152
SINE,2.2496
DNA,2.2392
LTR,2.2336
DNA,2.2352
unique/low-repeat,2.2256
SINE,2.2344
SINE,2.1816
SINE,2.236
SINE,2.2232
SINE,2.228
unique/low-repeat,2.232
SINE,2.1656
SINE,2.2128
SINE,2.2184
SINE,2.1784
unique/low-repeat,2.2464
unique/low-repeat,2.2496
SINE,2.2008
SINE,2.2096
LINE,2.2344
SINE,2.2088
unique/low-repeat,2.2544
LINE,2.2032
SINE,2.228
LTR,2.2264
LTR,2.2384
LTR,2.2368
LTR,2.2312
SINE,2.2296
SINE,2.2424
SINE,2.2272
LINE,2.1912
SINE,2.1864
LINE,2.2168
LTR,2.2448
LINE,2.216
LINE,2.1856
SINE,2.2336
LINE,2.212
SINE,2.2408
LINE,2.2272
SINE,2.2136
LINE,2.228
SINE,2.2288
SINE,2.232
SINE,2.2304
LINE,2.2232
LINE,2.2352
LINE,2.228
LINE,2.2184
LTR,2.2376
LTR,2.2112
SINE,2.2232
LINE,2.2432
LINE,2.2192
LINE,2.22
LINE,2.2176
LINE,2.2184
LINE,2.2096
LINE,2.2096
LINE,2.208
LINE,2.1824
LINE,2.2264
LINE,2.208
LINE,2.2072
DNA,2.2112
SINE,2.2304
unique/low-repeat,2.2256
LINE,2.2512
SINE,2.2384
LINE,2.2248
unique/low-repeat,2.2432
LTR,2.2296
LINE,2.2288
unique/low-repeat,2.2448
unique/low-repeat,2.2456
LINE,2.2408
LINE,2.2168
LINE,2.2168
LTR,2.248
SINE,2.2328
SINE,2.2416
SINE,2.1568
unique/low-repeat,2.2384
SINE,2.2184
LINE,2.1984
LINE,2.232
LTR,2.208
SINE,2.2112
LINE,2.2192
SINE,2.2464
SINE,2.1952
SINE,2.2272
LTR,2.2248
unique/low-repeat,2.2512
SINE,2.2264
unique/low-repeat,2.232
LINE,2.2328
SINE,2.2448
unique/low-repeat,2.2288
DNA,2.2456
unique/low-repeat,2.2408
LTR,2.228
unique/low-repeat,2.236
LINE,2.2288
unique/low-repeat,2.2384
unique/low-repeat,2.2584
LINE,2.2176
unique/low-repeat,2.2264
LINE,2.2232
SINE,2.2232
SINE,2.2328
LINE,2.256
SINE,2.1968
LINE,2.2416
unique/low-repeat,2.2312
SINE,2.252
LTR,2.2312
SINE,2.236
LINE,2.2344
LTR,2.2256
LINE,2.2256
LTR,2.2112
SINE,2.176
SINE,2.1896
SINE,2.2496
SINE,2.2248
LINE,2.24
SINE,2.2024
SINE,2.1104
SINE,2.2
SINE,2.204
SINE,2.2144
SINE,2.1984
SINE,2.2288
SINE,2.224
SINE,2.2032
SINE,2.232
LTR,2.2264
SINE,2.2048
SINE,2.2152
LINE,2.204
LTR,2.2256
LINE,2.2304
unique/low-repeat,2.2232
LINE,2.2328
LTR,2.2224
LINE,2.2064
DNA,2.2288
LTR,2.2216
LINE,2.2208
LINE,2.2256
LINE,2.2384
LTR,2.228
LINE,2.2168
SINE,2.224
SINE,2.236
LINE,2.2352
unique/low-repeat,2.2112
LINE,2.2184
LINE,2.2184
LINE,2.2424
LTR,2.2312
LTR,2.2032
SINE,2.2264
LINE,2.2376
SINE,2.2328
LINE,2.244
LINE,2.2376
DNA,2.2296
unique/low-repeat,2.2512
unique/low-repeat,2.2312
SINE,2.2368
SINE,2.2352
SINE,2.2208
SINE,2.2472
unique/low-repeat,2.2424
unique/low-repeat,2.2328
unique/low-repeat,2.2464
SINE,2.192
SINE,2.2096
SINE,2.2392
unique/low-repeat,2.2352
LINE,2.2264
LINE,2.24
SINE,2.2224
SINE,2.1864
LTR,2.2
SINE,2.2128
SINE,2.1992
SINE,2.2144
SINE,2.1152
unique/low-repeat,2.2408
unique/low-repeat,2.2456
LINE,2.2488
SINE,2.1888
LINE,2.2064
LTR,2.232
LINE,2.2152
unique/low-repeat,2.228
unique/low-repeat,2.0136
LINE,2.228
SINE,2.2264
unique/low-repeat,2.2264
SINE,2.2488
unique/low-repeat,2.2016
LINE,2.2448
LINE,2.228
LTR,2.232
LINE,2.2392
SINE,2.24
LINE,2.2352
unique/low-repeat,2.2328
LINE,2.2424
LINE,2.2512
LINE,2.24
SINE,2.2136
DNA,2.2408
LINE,2.2352
LTR,2.2432
LINE,2.1832
LINE,2.2504
LINE,2.2304
LTR,2.22
unique/low-repeat,2.2472
LINE,2.1248
unique/low-repeat,2.2376
Simple_repeat,2.1264
LINE,2.2184
SINE,2.2264
LINE,2.2368
LTR,2.1896
SINE,2.2408
SINE,2.1744
LINE,2.2208
unique/low-repeat,2.2248
SINE,2.2376
unique/low-repeat,2.26
SINE,2.0736
SINE,2.1032
SINE,2.1696
SINE,2.2296
unique/low-repeat,2.248
SINE,2.2456
unique/low-repeat,2.2528
unique/low-repeat,2.2496
LINE,2.2296
LINE,2.216
LINE,2.2248
LINE,2.2384
LINE,2.2296
LINE,2.2504
DNA,2.2408
LINE,2.2288
LINE,2.1968
unique/low-repeat,2.2432
SINE,2.2336
LINE,2.1896
LINE,2.22
unique/low-repeat,2.2384
LINE,2.2352
unique/low-repeat,2.2392
unique/low-repeat,2.2336
unique/low-repeat,2.24
LINE,2.1952
LINE,2.2264
LINE,2.2368
unique/low-repeat,2.2408
LINE,2.2272
LINE,2.2312
SINE,2.232
LINE,2.2344
unique/low-repeat,2.1296
SINE,2.228
LINE,2.2224
SINE,2.2048
SINE,2.2296
SINE,2.2288
SINE,2.2024
LINE,2.2408
SINE,2.2464
DNA,2.2304
LTR,2.236
LTR,2.256
LINE,2.228
LINE,2.2352
LINE,2.2528
DNA,2.2424
LINE,2.2272
LINE,2.2224
LTR,2.2384
LINE,2.2152
unique/low-repeat,2.2344
unique/low-repeat,2.228
LTR,2.228
LTR,2.228
SINE,2.2344
SINE,2.2448
SINE,2.172
LINE,2.2432
SINE,2.2224
LINE,2.236
LINE,2.2496
LTR,2.24
unique/low-repeat,2.2384
unique/low-repeat,0.9304
unique/low-repeat,0.2792
LINE,2.2408
LINE,2.24
unique/low-repeat,2.2392
DNA,2.2208
unique/low-repeat,2.2416
LINE,2.2368
unique/low-repeat,2.2096
SINE,2.2296
unique/low-repeat,2.2112
LINE,2.2336
LINE,2.2128
unique/low-repeat,2.2392
LINE,2.2504
LINE,2.2536
LINE,2.248
unique/low-repeat,2.2528
unique/low-repeat,2.2552
LINE,2.2472
LINE,2.2424
unique/low-repeat,2.2528
unique/low-repeat,2.2632
LTR,2.1912
SINE,2.1896
SINE,2.1368
LTR,2.2336
LTR,2.2376
LTR,2.2008
LINE,2.22
unique/low-repeat,2.0736
LINE,2.2432
SINE,2.2312
LINE,2.1936
unique/low-repeat,2.2
LINE,2.1376
LINE,2.2504
unique/low-repeat,2.228
LINE,2.2496
Simple_repeat,2.0088
LINE,2.2408
LINE,2.204
unique/low-repeat,2.0688
unique/low-repeat,2.06
LTR,2.2272
LINE,2.232
LTR,2.2112
LINE,2.228
LINE,2.2432
LTR,2.24
LINE,2.2224
LINE,1.8808
unique/low-repeat,2.18
unique/low-repeat,2.1424
unique/low-repeat,2.1104
LINE,2.2376
LINE,2.2432
unique/low-repeat,1.7816
unique/low-repeat,2.0568
LINE,2.16
LINE,2.2352
LINE,2.1224
LINE,2.1608
unique/low-repeat,2.0768
unique/low-repeat,2.1128
unique/low-repeat,2.0704
LINE,2.1744
unique/low-repeat,2.08
LINE,2.2048
unique/low-repeat,1.832
DNA,2.1928
unique/low-repeat,2.1728
LINE,2.156
LTR,1.9152
LTR,2.216
SINE,2.1936
LINE,2.2416
unique/low-repeat,2.2056
LINE,2.168
LINE,2.224
unique/low-repeat,2.2144
LINE,2.2384
LTR,2.248
Satellite,1.2472
Satellite,1.2952
other-repeat,2.0224
SINE,2.1808
SINE,2.1848
unique/low-repeat,0.3568
LINE,2.124
LTR,2.2536
LTR,1.9312
unique/low-repeat,1.6992
unique/low-repeat,2.2088
unique/low-repeat,2.0792
SINE,2.1864
SINE,2.2088
SINE,1.8416
unique/low-repeat,2.208
SINE,2.1672
SINE,2.2112
unique/low-repeat,1.9464
unique/low-repeat,2.1872
unique/low-repeat,2.1352
SINE,2.1672
LINE,2.1912
SINE,2.2104
SINE,2.1456
SINE,2.2088
LINE,2.184
unique/low-repeat,2.164
LINE,2.2024
unique/low-repeat,2.2064
unique/low-repeat,2.1856
LINE,2.2288
LINE,2.1776
unique/low-repeat,2.1568
LINE,2.2368
LINE,2.24
LINE,2.264
LTR,2.2
LINE,2.2352
LINE,2.2048
LINE,2.2248
LINE,2.2504
LINE,2.2424
unique/low-repeat,2.2264
unique/low-repeat,2.204
SINE,2.1688
LINE,2.2464
LTR,2.24
LINE,2.224
SINE,2.2216
LINE,2.0648
unique/low-repeat,2.1992
SINE,2.2368
LINE,2.2256
LTR,2.24
Satellite,2.1704
SINE,2.228
SINE,2.172
LINE,2.2352
SINE,2.2176
unique/low-repeat,2.2232
SINE,2.1872
SINE,2.2344
SINE,2.18
SINE,2.16
SINE,2.1152
SINE,2.1592
SINE,2.188
LINE,2.2016
LINE,2.2184
LINE,2.208
LINE,2.2184
LINE,2.22
LINE,2.228
LINE,2.2416
LINE,2.2272
LINE,2.224
DNA,2.2304
LINE,2.2152
LINE,2.2272
LINE,2.22
unique/low-repeat,2.2032
LINE,2.2352
LINE,2.228
LTR,2.212
unique/low-repeat,2.232
unique/low-repeat,2.2144
LINE,2.224
unique/low-repeat,2.2216
Retroposon,2.136
LINE,2.2184
LINE,2.2416
unique/low-repeat,2.2288
LINE,2.2304
LINE,2.2168
LTR,2.232
LINE,2.2208
LTR,2.2264
LINE,2.2224
LINE,2.1944
LINE,2.2072
LINE,2.2216
LINE,2.2096
LINE,2.2136
LINE,2.2304
LTR,2.2248
LINE,2.2264
LINE,2.2328
LINE,2.2424
LINE,2.2168
LINE,2.2368
LINE,2.224
LTR,2.2328
LINE,2.2192
LINE,2.2472
LINE,2.2336
LINE,2.2256
LINE,2.2368
LINE,2.228
LTR,2.2256
LTR,2.2512
LINE,2.2064
LINE,2.2064
LINE,2.224
LINE,2.2248
LINE,2.216
LINE,2.2224
LINE,2.228
LINE,2.2152
LINE,2.2096
LINE,2.2208
LINE,2.2304
DNA,2.2448
LTR,2.2336
unique/low-repeat,2.2248
LINE,2.2024
LINE,2.2144
LINE,2.2424
LTR,2.2416
LTR,2.2504
LINE,2.2272
LINE,2.2208
LINE,2.2192
unique/low-repeat,2.2328
LINE,2.248
LINE,2.22
LTR,2.2248
LINE,2.228
LINE,2.2368
LINE,2.2016
LINE,2.2104
LINE,2.2432
LINE,2.2368
LINE,2.2136
Retroposon,2.144
LINE,2.2232
LINE,2.208
SINE,2.2264
Retroposon,2.1216
LINE,2.2344
LINE,2.2312
SINE,2.232
LINE,2.1912
SINE,2.116
SINE,2.1056
LINE,2.1568
SINE,2.204
SINE,2.2256
SINE,2.2088
SINE,2.1856
LTR,2.2256
LTR,2.2224
SINE,2.1976
LINE,2.1864
LINE,2.2288
LINE,2.2064
LINE,2.2288
LINE,2.2184
LINE,2.2304
LINE,2.236
LINE,2.1864
LTR,2.1696
LINE,2.2304
SINE,2.22
SINE,2.2392
LINE,2.236
LINE,2.2384
SINE,2.2336
SINE,2.2328
SINE,2.22
SINE,2.224
LTR,2.2056
LTR,2.2168
LINE,2.2128
LINE,2.2344
LINE,2.2176
SINE,2.2472
LTR,2.2216
LINE,2.2296
SINE,2.224
SINE,2.2304
LTR,2.2192
SINE,2.232
LINE,2.2168
LINE,2.2312
LINE,2.2184
SINE,2.2112
LINE,2.2568
LTR,2.2312
LINE,2.2152
LINE,2.2336
LINE,2.2176
SINE,2.2464
unique/low-repeat,2.244
LINE,2.2248
LINE,2.2344
unique/low-repeat,2.2456
LINE,2.2328
SINE,2.2216
SINE,2.2304
LINE,2.2408
LINE,2.2272
LINE,2.096
LINE,2.188
LINE,2.2312
SINE,2.2296
unique/low-repeat,2.2408
SINE,2.2112
DNA,2.2392
LINE,2.2456
DNA,2.2344
LINE,2.2224
LINE,2.224
SINE,2.2336
LINE,2.2224
unique/low-repeat,2.2304
SINE,2.2248
LINE,2.232
LINE,2.204
LINE,2.2184
LTR,2.2192
LINE,2.2024
LINE,2.2352
LINE,2.2296
SINE,2.2344
LINE,2.2392
LINE,2.2128
LTR,2.1064
SINE,2.2144
LINE,2.2256
LINE,2.1784
SINE,2.128
SINE,2.2528
SINE,2.2144
LTR,2.2256
LINE,2.2528
LINE,2.2248
LINE,2.2128
LINE,2.2224
LINE,2.2304
LTR,2.2592
LINE,2.2192
LINE,2.2232
LINE,2.2064
SINE,2.2368
LINE,2.2272
unique/low-repeat,2.2456
LINE,2.2176
LTR,2.224
LTR,2.2224
LINE,2.2304
LINE,2.228
unique/low-repeat,2.2128
unique/low-repeat,2.232
unique/low-repeat,2.2168
DNA,2.2208
LINE,2.2272
LINE,2.2248
LINE,2.2224
LINE,2.2288
LINE,2.2208
LINE,2.208
LINE,2.2008
LINE,2.2248
LINE,2.2144
SINE,2.1896
unique/low-repeat,2.2416
SINE,2.2048
LINE,2.1512
SINE,2.164
SINE,2.1592
SINE,2.2176
LINE,2.1936
SINE,2.2376
SINE,2.2232
LINE,2.2312
LINE,2.2136
LINE,2.2392
LINE,2.2256
LINE,2.2368
LINE,2.252
LINE,2.1712
LINE,2.2208
LINE,2.2384
LINE,2.2168
LINE,2.2208
LINE,2.232
LTR,2.2368
LINE,2.196
SINE,2.216
SINE,2.1864
SINE,2.2168
SINE,2.0984
SINE,2.1592
SINE,2.188
SINE,2.204
SINE,2.184
SINE,2.1496
SINE,2.1048
SINE,2.216
LTR,2.2312
SINE,2.1208
unique/low-repeat,2.2408
SINE,2.2224
LINE,2.2264
LINE,2.248
LINE,2.2352
LINE,2.2264
LINE,2.22
LTR,2.2432
DNA,2.228
LINE,2.2272
LINE,2.2272
SINE,2.2192
DNA,2.2256
LTR,2.2416
SINE,2.232
SINE,2.2232
LINE,2.2272
SINE,2.2304
SINE,2.24
Retroposon,2.1624
unique/low-repeat,2.2288
SINE,2.2192
SINE,2.244
LTR,2.236
LINE,2.2304
SINE,2.2152
LINE,2.2168
LINE,2.2064
LINE,2.212
LINE,2.208
SINE,2.2248
LINE,2.2248
LINE,2.2128
SINE,2.2032
LINE,2.2176
LINE,2.2056
SINE,2.2152
SINE,2.2272
LINE,2.2304
LINE,2.2312
LINE,2.2256
LTR,2.2152
LINE,2.2296
LTR,2.2304
LINE,2.2344
LINE,2.2024
SINE,2.2288
DNA,2.2248
LINE,2.2176
LINE,2.2176
LTR,2.2256
LINE,2.2344
LINE,2.2168
LINE,2.2048
LINE,2.2144
LINE,2.2232
LINE,2.2104
LINE,2.2248
LINE,2.2256
LINE,2.2224
LINE,2.224
unique/low-repeat,2.22
LINE,2.22
LINE,2.2088
LINE,2.1992
LINE,2.2224
LINE,2.232
LINE,2.2088
LINE,2.2272
LINE,2.2032
LINE,2.1912
LINE,2.2184
LTR,2.2152
LTR,2.2232
LTR,2.232
LINE,2.2008
LINE,2.2152
LINE,2.2128
LTR,2.2296
LINE,2.2376
LTR,2.2288
LTR,2.232
unique/low-repeat,2.2264
LINE,2.232
SINE,2.2136
DNA,2.208
unique/low-repeat,2.2216
LTR,2.2144
LINE,2.2224
LTR,2.2104
LINE,2.1984
SINE,2.1768
LINE,2.2056
unique/low-repeat,2.2224
LTR,2.2232
LTR,2.2344
LINE,2.196
LINE,2.2224
LINE,2.0968
LTR,2.212
LINE,2.204
LINE,2.2064
LINE,2.2184
LINE,2.2272
LINE,2.212
LINE,2.1552
LINE,2.2176
DNA,2.1648
LTR,2.212
LINE,2.2384
SINE,2.2144
LTR,2.224
LINE,2.2264
LINE,2.2056
LINE,2.2312
LINE,2.2168
LTR,2.22
LINE,2.2176
SINE,2.2208
LTR,2.2376
SINE,2.2216
SINE,2.2232
LINE,2.22
SINE,2.2224
LINE,2.2272
LINE,2.204
LTR,2.2072
LINE,2.2256
LINE,2.2296
DNA,2.2128
LINE,2.2224
DNA,2.2112
SINE,2.2048
LINE,2.2088
LINE,2.2424
unique/low-repeat,2.2344
SINE,2.2352
SINE,2.2264
SINE,2.2432
LINE,2.2224
LTR,2.2272
LINE,2.2368
unique/low-repeat,2.2584
LINE,2.232
SINE,2.2248
LTR,2.2264
LINE,2.2312
LINE,2.2144
LINE,2.24
LINE,2.2424
LINE,2.216
LINE,2.2128
LINE,2.2016
LINE,2.2376
LINE,2.228
LTR,2.2224
LTR,2.2424
DNA,2.2256
SINE,2.2232
unique/low-repeat,2.2376
LINE,2.2152
LINE,2.2088
LINE,2.2336
LINE,2.2152
LINE,2.2128
LINE,2.2184
LINE,2.2016
LINE,2.2344
LINE,2.2416
LTR,2.2312
LTR,2.2304
LINE,2.2184
LTR,2.2144
LINE,2.228
LINE,2.2096
LINE,2.2144
SINE,2.2152
SINE,2.2128
LINE,2.2152
LTR,2.2232
LINE,2.2384
LINE,2.2288
LINE,2.2072
LINE,2.2352
unique/low-repeat,2.2344
SINE,2.2224
SINE,2.2432
SINE,2.2392
LINE,2.196
LINE,2.1992
LINE,2.2152
LINE,2.1976
LTR,2.2216
unique/low-repeat,2.2184
LINE,2.2008
LTR,2.22
unique/low-repeat,2.2136
LTR,2.216
LINE,2.2328
LINE,2.2384
LINE,2.212
SINE,2.2096
unique/low-repeat,2.2296
LINE,2.2352
LINE,2.2112
LINE,2.2096
LINE,2.2224
LINE,2.2368
DNA,2.2088
LINE,2.2352
LINE,2.2464
SINE,2.2416
LINE,2.2112
SINE,2.2456
SINE,2.2208
SINE,2.232
SINE,2.228
SINE,2.18
LINE,2.204
SINE,2.2056
LINE,2.2384
LINE,2.2064
LINE,2.2088
SINE,2.2288
SINE,2.1568
SINE,2.2192
LINE,2.2056
LINE,2.2208
unique/low-repeat,2.2104
unique/low-repeat,2.2208
SINE,2.188
LINE,2.1912
SINE,2.1984
SINE,2.2064
LINE,2.2464
SINE,2.2384
SINE,2.2296
LINE,2.2416
LINE,2.2264
SINE,2.2352
LTR,2.2216
LINE,2.2344
SINE,2.236
LTR,2.2368
LINE,2.2296
LINE,2.2
SINE,2.2376
SINE,2.1888
SINE,2.2224
SINE,2.2168
SINE,2.2176
SINE,2.22
unique/low-repeat,2.2224
SINE,2.2296
SINE,2.224
SINE,2.1928
LINE,2.2424
LINE,2.236
LINE,2.2272
LINE,2.208
LINE,2.2248
LINE,2.2288
LINE,2.2288
LINE,2.2184
DNA,2.2304
SINE,2.2128
SINE,2.2288
LINE,2.2416
unique/low-repeat,2.2416
LINE,2.2344
SINE,2.24
SINE,2.2256
SINE,2.2352
LTR,2.2216
LINE,2.232
LINE,2.2248
SINE,2.2248
LINE,2.2064
unique/low-repeat,2.232
SINE,2.224
unique/low-repeat,2.2296
SINE,2.2296
SINE,2.2336
LTR,2.2272
SINE,2.2216
LINE,2.228
LINE,2.2344
LINE,2.2208
SINE,2.2368
LTR,2.2256
DNA,2.2336
unique/low-repeat,2.2392
LINE,2.2016
LINE,2.2256
LINE,2.2256
LINE,2.2304
LTR,2.2376
LINE,2.2264
LINE,2.2128
LINE,2.2272
LINE,2.2296
LINE,2.216
LINE,2.2112
LINE,2.2192
DNA,2.2104
LTR,2.2224
LTR,2.2024
LTR,2.2272
LTR,2.2152
LINE,2.2056
unique/low-repeat,2.2136
LINE,2.1656
LTR,2.2208
DNA,2.2232
LINE,2.2216
LTR,2.22
LINE,2.2176
LINE,2.236
LINE,2.2176
LINE,2.1768
LTR,2.2288
LINE,2.2296
LINE,2.2216
LINE,2.2152
LTR,2.2104
LINE,2.228
LINE,2.1984
LTR,2.2336
LINE,2.216
LINE,2.2248
unique/low-repeat,2.2288
unique/low-repeat,2.2232
LINE,2.2152
LINE,2.2224
LINE,2.2376
LINE,2.2208
LTR,2.2136
LINE,2.2
LINE,2.2336
LINE,2.24
LTR,2.2176
LTR,2.2168
LTR,2.232
DNA,2.2152
LINE,2.2136
LINE,2.2104
LTR,2.2216
LTR,2.2216
LINE,2.2176
SINE,2.2008
LTR,2.224
LTR,2.2368
SINE,2.2368
LTR,2.2232
LTR,2.2264
LINE,2.1936
LTR,2.2248
LTR,2.2
LTR,2.2136
LINE,2.2224
LINE,2.22
LINE,2.208
LTR,2.2176
LTR,2.2128
LTR,2.2144
LTR,2.2272
LINE,2.2344
LINE,2.2376
LINE,2.2272
unique/low-repeat,2.2288
SINE,2.2264
LINE,2.2224
LINE,2.2208
LINE,2.212
LINE,2.2216
LINE,2.2312
DNA,2.2304
LINE,2.2136
LTR,2.2048
LINE,2.232
LINE,2.2296
LINE,2.2312
LINE,2.216
LINE,2.2312
LTR,2.2312
LTR,2.2184
LINE,2.2304
LINE,2.228
LTR,2.2304
unique/low-repeat,2.2192
LINE,2.224
SINE,2.2248
LINE,2.22
LINE,2.2104
LINE,2.208
LINE,2.2216
LINE,2.2056
LINE,2.212
LTR,2.236
LINE,2.2232
LINE,2.204
LTR,2.22
SINE,2.2112
LTR,2.2168
LINE,2.2088
LINE,2.1904
LINE,2.1584
LINE,2.2256
LINE,2.2304
LTR,2.2216
LINE,2.2208
LINE,2.2152
LINE,2.2192
LINE,2.2224
LINE,2.2368
LINE,2.1904
LTR,2.2232
SINE,2.2072
LINE,2.2416
SINE,2.1952
SINE,2.084
LTR,2.2536
SINE,2.2208
LINE,2.2312
LINE,2.1992
SINE,2.1808
LINE,2.2208
LINE,2.22
LTR,2.2344
LINE,2.2168
SINE,2.2136
LINE,2.2336
LINE,2.2232
SINE,2.2048
LINE,2.2296
SINE,2.2432
SINE,2.2008
SINE,2.232
SINE,2.2096
SINE,2.2184
LINE,2.2432
SINE,2.2304
SINE,2.2352
SINE,2.2104
LINE,2.2208
DNA,2.208
LINE,2.2152
LINE,2.252
unique/low-repeat,2.2344
LINE,2.2328
LINE,2.224
LINE,2.228
LTR,2.2136
LTR,2.2296
SINE,2.2256
LINE,2.2248
LINE,2.2168
LINE,2.2104
LINE,2.2312
SINE,2.2432
DNA,2.2304
SINE,2.2184
SINE,2.2296
unique/low-repeat,2.2304
SINE,2.196
SINE,2.2088
SINE,2.2192
SINE,2.2056
SINE,2.0432
SINE,2.1544
SINE,2.1872
SINE,2.1208
SINE,2.2152
SINE,2.216
SINE,2.2224
LINE,2.2064
LINE,2.1872
SINE,2.0904
SINE,2.2368
SINE,2.2088
unique/low-repeat,2.2352
SINE,2.1192
unique/low-repeat,2.2384
SINE,2.1296
SINE,2.1704
SINE,2.1712
SINE,2.1072
SINE,2.1856
SINE,2.1424
SINE,2.1568
SINE,2.2008
SINE,2.1952
SINE,2.1888
LINE,2.2248
LINE,2.2128
LINE,2.2048
LINE,2.152
unique/low-repeat,2.2184
unique/low-repeat,2.2312
DNA,2.2176
unique/low-repeat,2.2384
LINE,2.2176
LINE,2.2288
LTR,2.2064
DNA,2.2056
LINE,2.24
unique/low-repeat,2.2184
unique/low-repeat,2.2176
LINE,2.1944
LINE,2.2256
LINE,2.2208
LTR,2.2376
LTR,2.2192
LINE,2.2168
DNA,2.216
unique/low-repeat,2.22
unique/low-repeat,2.2368
LINE,2.2104
LINE,2.2088
LINE,2.2048
other-repeat,2.0224
SINE,2.2
SINE,2.184
LTR,2.2184
LINE,2.2272
LINE,2.2136
LTR,2.2424
LTR,2.2344
LTR,2.2144
LINE,2.204
LINE,2.2184
LTR,2.2064
LINE,2.2216
LINE,2.2184
LTR,2.2272
LTR,2.2424
LINE,2.188
LINE,2.2192
LINE,2.2256
LINE,2.1928
LINE,2.2056
LINE,2.2248
unique/low-repeat,2.2232
LINE,2.2272
unique/low-repeat,2.2152
LINE,2.1984
LTR,2.2144
LINE,2.2232
LTR,2.2192
unique/low-repeat,2.2112
LINE,2.2216
LINE,2.2216
unique/low-repeat,2.2264
LINE,2.22
LINE,2.2328
LINE,2.2264
LINE,2.2024
LINE,2.2264
LTR,2.2104
LTR,2.244
LTR,2.2128
LINE,2.1872
LINE,2.236
LINE,2.2352
LTR,2.2192
LINE,2.2032
LINE,2.2192
LINE,2.2112
LTR,2.2304
SINE,2.2184
LINE,2.2208
SINE,2.1552
LINE,2.2008
SINE,2.2528
LINE,2.2312
SINE,2.156
LINE,2.2272
SINE,2.1456
LTR,2.1824
SINE,2.2088
LINE,2.228
LTR,2.2424
SINE,2.2208
LINE,2.2192
LINE,2.2064
LINE,2.2152
LINE,2.2312
LINE,2.2176
LINE,2.216
LINE,2.2392
LINE,2.22
DNA,2.2184
unique/low-repeat,2.216
LINE,2.2344
LINE,2.2464
LINE,2.2408
LINE,2.2272
LTR,2.2304
LINE,2.2448
LTR,2.2128
DNA,2.2432
SINE,2.2088
LTR,2.232
LINE,2.1624
LINE,2.2216
LINE,2.2064
LINE,2.2352
LTR,2.2288
SINE,2.1568
SINE,2.1672
SINE,2.1976
SINE,2.2328
LINE,2.24
SINE,2.2224
SINE,2.2144
LTR,2.2312
SINE,2.2072
LINE,2.2104
unique/low-repeat,2.2152
LINE,2.22
LINE,2.2208
LTR,2.232
LINE,2.2168
SINE,2.2448
LTR,2.2288
LTR,2.2296
SINE,2.2392
LINE,2.236
SINE,2.216
LINE,2.2256
LINE,2.2032
LTR,2.2216
LINE,2.1872
SINE,2.2336
SINE,2.2416
SINE,2.2264
SINE,2.2104
DNA,2.2464
SINE,2.2192
SINE,2.2312
SINE,2.224
SINE,2.2272
SINE,2.2304
LINE,2.236
SINE,2.2504
SINE,2.1272
SINE,2.2304
SINE,2.192
SINE,2.228
SINE,2.1424
SINE,2.2352
SINE,2.2328
SINE,2.2016
SINE,2.1816
SINE,2.1272
unique/low-repeat,2.2384
SINE,2.2256
SINE,2.2336
SINE,2.1624
SINE,2.1976
LTR,2.2216
LTR,2.228
LTR,2.2288
SINE,2.1824
SINE,2.1976
SINE,2.1872
SINE,2.144
SINE,2.1704
SINE,2.1376
SINE,2.1992
unique/low-repeat,2.252
SINE,2.212
SINE,2.1744
SINE,2.2328
unique/low-repeat,2.244
SINE,2.1672
SINE,2.0496
SINE,2.1064
LINE,2.2424
LINE,2.2136
LINE,2.2048
LINE,2.2072
LTR,2.2232
LINE,2.2072
LINE,2.2336
LTR,2.2344
SINE,2.2032
SINE,2.1392
SINE,2.1272
SINE,2.1968
unique/low-repeat,2.212
SINE,2.1992
unique/low-repeat,2.232
unique/low-repeat,2.2272
SINE,2.2
SINE,2.196
SINE,2.1296
SINE,2.0952
SINE,2.204
LTR,2.2248
LTR,2.2432
SINE,2.2136
LINE,2.232
SINE,2.22
Simple_repeat,2.0016
unique/low-repeat,2.2144
unique/low-repeat,2.2048
unique/low-repeat,2.2184
SINE,2.2
SINE,2.1632
SINE,2.2104
SINE,2.2048
SINE,2.2048
SINE,2.2208
SINE,2.1528
SINE,2.1096
SINE,2.1632
SINE,2.24
unique/low-repeat,2.2264
SINE,2.1448
SINE,2.1552
SINE,2.076
SINE,2.2056
SINE,2.2048
SINE,2.1608
unique/low-repeat,2.2224
SINE,2.12
SINE,2.0576
SINE,2.244
SINE,2.0976
SINE,2.184
LINE,2.2144
SINE,2.1904
SINE,2.2192
SINE,2.2328
SINE,2.172
SINE,2.132
SINE,2.2184
SINE,2.22
LINE,2.1976
SINE,2.2272
SINE,2.1256
SINE,2.228
SINE,2.1152
SINE,2.1912
SINE,2.24
unique/low-repeat,2.2368
SINE,2.2352
SINE,2.2144
SINE,2.2032
SINE,2.1752
unique/low-repeat,2.2168
SINE,2.156
SINE,2.1688
SINE,2.1944
LINE,2.232
LINE,2.2152
SINE,2.172
SINE,2.172
SINE,2.2232
SINE,2.1696
LINE,2.2432
SINE,2.2096
SINE,2.1016
SINE,2.1136
SINE,2.2
unique/low-repeat,2.2128
SINE,2.1872
SINE,2.204
unique/low-repeat,2.2424
LTR,2.2128
LTR,2.248
LTR,2.232
LTR,2.2272
SINE,2.2088
SINE,2.2248
SINE,2.1656
SINE,2.1896
SINE,2.1624
LINE,2.2064
LINE,2.2416
SINE,2.2272
unique/low-repeat,2.168
SINE,2.1648
LTR,2.112
LINE,2.1856
SINE,2.2192
unique/low-repeat,2.1952
LTR,2.2392
SINE,2.2096
SINE,2.1544
LINE,2.2288
LINE,2.0488
LINE,2.2272
LINE,2.2272
LTR,2.2328
SINE,2.2464
LTR,2.192
unique/low-repeat,2.2168
LTR,2.2096
LINE,2.1944
SINE,2.216
SINE,2.1968
SINE,2.2056
Simple_repeat,2.12
LINE,2.2192
SINE,2.1984
LTR,2.2352
LINE,2.2256
unique/low-repeat,2.2568
unique/low-repeat,2.1736
SINE,2.224
SINE,2.0856
LINE,2.1824
SINE,2.2152
SINE,2.0424
SINE,2.2096
unique/low-repeat,2.2416
unique/low-repeat,2.2416
unique/low-repeat,2.224
LTR,2.2272
SINE,2.2224
unique/low-repeat,2.2376
LTR,2.2336
LINE,2.2296
unique/low-repeat,2.2304
unique/low-repeat,2.2264
SINE,2.2272
LINE,2.1184
LTR,2.2256
DNA,2.208
Low_complexity,2.1272
Retroposon,2.1816
SINE,2.228
LINE,2.2328
LTR,2.0616
unique/low-repeat,2.2008
LTR,2.1
LINE,2.2392
SINE,2.1856
LINE,2.2136
LINE,2.1768
LINE,2.22
SINE,2.1984
LINE,2.216
LINE,2.2256
LTR,2.2128
LINE,2.1632
unique/low-repeat,2.2432
LTR,2.2288
SINE,2.1736
LINE,2.2176
SINE,2.2144
LINE,2.2072
LTR,2.2104
LINE,2.2216
LINE,2.22
SINE,2.2176
SINE,2.2056
SINE,2.1968
SINE,2.1952
LINE,2.1976
LINE,2.2344
SINE,2.232
LINE,2.2224
LINE,2.2224
LINE,2.1448
SINE,2.2288
SINE,2.2192
SINE,2.1928
SINE,2.2328
SINE,2.2232
SINE,2.2168
SINE,2.1696
SINE,2.1608
SINE,2.1608
SINE,2.152
SINE,2.1648
LTR,2.1696
SINE,2.22
LINE,2.22
SINE,2.2352
LINE,2.2312
LINE,2.2352
LINE,2.228
LINE,2.2096
LINE,2.156
LTR,2.2272
SINE,2.156
SINE,2.1864
LINE,2.2408
SINE,2.2232
LINE,2.2096
SINE,2.2248
LINE,2.2472
LINE,2.2224
SINE,2.196
LINE,2.2304
SINE,2.2216
SINE,2.2104
LINE,2.18
unique/low-repeat,2.2208
SINE,2.1944
SINE,2.2192
SINE,2.1624
SINE,2.2232
LTR,2.2336
LTR,2.248
LINE,2.2248
SINE,2.2056
LINE,2.2368
SINE,2.22
SINE,2.2232
SINE,2.1672
LINE,2.2184
LINE,2.2096
LINE,2.2192
LINE,2.2344
SINE,2.2368
LINE,2.2248
LINE,2.224
SINE,2.2568
SINE,2.22
SINE,2.2016
LINE,2.1864
LINE,2.2048
LINE,2.2336
LINE,2.244
LINE,2.2312
LINE,2.236
SINE,2.1576
SINE,2.1568
unique/low-repeat,2.1904
LINE,2.2208
SINE,2.212
LINE,2.1728
SINE,2.2104
LTR,2.2312
SINE,2.148
SINE,2.1888
LINE,2.24
LTR,2.2184
SINE,2.2048
LTR,2.1904
SINE,2.2016
SINE,2.156
SINE,2.1424
SINE,2.1792
LTR,2.2192
LINE,2.22
LINE,2.2168
LINE,2.2176
LINE,2.2616
SINE,2.2472
SINE,2.1904
LTR,2.2192
unique/low-repeat,2.2288
SINE,2.2424
SINE,2.2272
LINE,2.2416
SINE,2.2344
Retroposon,2.088
SINE,2.2264
LINE,2.2344
LINE,2.2224
LINE,2.2256
LINE,2.2344
SINE,2.2344
SINE,2.2232
LINE,2.2392
LTR,2.232
LINE,2.2128
LTR,2.164
SINE,2.2232
LINE,2.2312
SINE,2.2176
SINE,2.2144
SINE,2.2328
SINE,2.2312
LINE,2.2096
SINE,2.2192
LINE,2.2288
LINE,2.2368
LINE,2.2016
LINE,2.2176
LINE,2.224
LINE,2.212
LTR,2.2344
SINE,2.2272
SINE,2.2264
LINE,2.2376
SINE,2.2304
SINE,2.2328
LINE,2.2296
LTR,2.2352
LINE,2.2336
LINE,2.2352
SINE,2.2336
LINE,2.2384
LINE,2.2376
LTR,2.2328
LINE,2.2248
SINE,2.2024
LINE,2.2248
LINE,2.2152
SINE,2.216
SINE,2.2296
SINE,2.2144
SINE,2.2344
SINE,2.0992
LINE,2.212
LTR,2.2376
LINE,2.22
LINE,2.2144
LINE,2.232
SINE,2.224
LTR,2.2128
LINE,2.2352
LINE,2.2296
LINE,2.2176
LTR,2.2192
LTR,2.2328
LTR,2.2344
LTR,2.2304
LINE,2.228
LINE,2.2176
Retroposon,2.2056
LINE,2.2336
LINE,2.228
LINE,2.2336
LINE,2.22
LINE,2.224
LINE,2.1712
LINE,2.232
LINE,2.2216
LINE,2.22
LINE,2.2056
LINE,2.2264
LINE,2.2064
SINE,2.2208
LINE,2.2376
LTR,2.228
LTR,2.2328
SINE,2.2536
LINE,2.2376
LINE,2.2216
SINE,2.244
SINE,2.232
LINE,2.2128
LINE,2.2496
LINE,2.2344
LINE,2.2288
LINE,2.2248
SINE,2.1984
SINE,2.2248
SINE,2.204
SINE,2.2248
SINE,2.1992
SINE,2.2144
LINE,2.22
LINE,2.236
LTR,2.224
LINE,2.22
SINE,2.2104
SINE,2.236
LTR,2.2248
SINE,2.212
LINE,2.2304
SINE,2.2184
SINE,2.2208
SINE,2.24
LINE,2.2136
SINE,2.224
SINE,2.2232
LINE,2.228
LINE,2.216
SINE,2.2168
unique/low-repeat,2.2216
LINE,2.2104
SINE,2.2208
LTR,2.2232
LINE,2.236
LINE,2.212
SINE,2.2256
LINE,2.2216
LINE,2.2096
LINE,2.2104
LINE,2.2056
LINE,2.2112
LTR,2.2456
DNA,2.2448
unique/low-repeat,2.2264
LINE,2.2192
SINE,2.2184
LINE,2.2072
SINE,2.204
LINE,2.16
Retroposon,2.0968
SINE,2.2216
SINE,2.2128
SINE,2.2232
SINE,2.1704
LINE,2.2424
LINE,2.2144
LINE,2.236
SINE,2.2408
LINE,2.1832
LINE,2.2168
LTR,2.2176
LTR,2.1992
LINE,2.228
LINE,2.2352
SINE,2.1696
LINE,2.2304
LINE,2.208
SINE,2.2008
DNA,2.212
LINE,2.1912
LINE,2.2088
LINE,2.2176
LINE,2.2232
LINE,2.092
LINE,2.2256
LINE,2.224
LINE,2.1944
LTR,2.2288
SINE,2.2336
LINE,2.1944
LINE,2.2184
unique/low-repeat,2.2144
unique/low-repeat,2.2192
LTR,2.2232
LINE,2.2264
LINE,2.2248
LINE,2.2224
SINE,2.2144
SINE,2.224
LINE,2.204
LINE,2.2144
unique/low-repeat,2.1968
LINE,2.2112
LTR,2.2208
LINE,2.2232
LINE,2.2064
LINE,2.2184
LINE,2.22
LINE,2.2232
LINE,2.22
unique/low-repeat,2.2184
LINE,2.2224
unique/low-repeat,2.224
Satellite,2.0152
unique/low-repeat,2.232
unique/low-repeat,2.232
LINE,2.1992
LTR,2.2408
unique/low-repeat,2.228
LINE,2.2216
LINE,2.2256
LINE,2.2272
LINE,2.2152
LTR,2.2184
LTR,2.2288
LTR,2.232
LINE,2.1952
LINE,2.2072
LINE,2.216
DNA,2.2136
LINE,2.216
LTR,2.2104
LINE,2.2008
DNA,2.2112
LINE,2.2152
LINE,2.2032
LINE,2.1944
DNA,2.2136
LINE,2.2168
LINE,2.2256
LINE,2.2192
SINE,2.2256
LINE,2.2048
LINE,2.204
LINE,2.2168
LINE,2.196
LINE,2.1928
LTR,2.2144
LINE,2.2136
LINE,2.2192
LINE,2.2184
LINE,2.2328
LTR,2.2232
LINE,2.2152
LINE,2.224
LINE,2.208
LINE,2.2064
LTR,2.2168
LINE,2.228
LINE,2.2304
LINE,2.2016
DNA,2.2216
unique/low-repeat,2.2376
unique/low-repeat,2.2312
LINE,2.2192
unique/low-repeat,2.2256
LINE,2.2192
SINE,2.2224
LINE,2.2232
unique/low-repeat,2.232
LTR,2.2384
unique/low-repeat,2.2456
LINE,2.2136
LTR,2.2288
LINE,2.2176
LINE,2.2248
SINE,2.2376
LTR,2.2264
LINE,2.2216
LINE,2.2136
LINE,2.2192
LTR,2.2192
LINE,2.2128
LINE,2.2376
unique/low-repeat,2.2376
SINE,2.208
LINE,2.224
SINE,2.2384
LTR,2.2184
LINE,2.2248
LINE,2.216
LINE,2.2248
LTR,2.2504
LINE,2.2408
LINE,2.2344
LINE,2.22
LINE,1.8416
LTR,2.2248
LTR,2.1928
LINE,2.2304
LINE,2.2504
LINE,2.2112
LTR,2.2424
LINE,2.2328
LINE,2.1816
LTR,2.24
DNA,2.2184
LINE,2.224
LINE,2.2352
LINE,2.2376
SINE,2.236
LINE,2.2344
LINE,2.2264
LINE,2.2176
LTR,2.2176
LINE,2.212
DNA,2.2376
LINE,2.2192
SINE,2.2328
LINE,2.216
LINE,2.2296
SINE,2.2144
unique/low-repeat,2.2336
unique/low-repeat,2.244
LINE,2.2136
LINE,2.2144
LINE,2.228
LTR,2.2232
SINE,2.2384
LINE,2.2192
LINE,2.2176
LTR,2.2152
LTR,2.2288
LINE,2.2304
LINE,2.2304
LTR,2.2232
LINE,2.224
LINE,2.2288
LINE,2.1944
LINE,2.2192
LINE,2.2192
LTR,2.2304
LINE,2.2024
LINE,2.2344
LTR,2.2272
LINE,2.216
LINE,2.2344
LINE,2.2232
DNA,2.2112
LINE,2.2136
LINE,2.2104
unique/low-repeat,2.216
LINE,2.2072
LINE,2.2192
LINE,2.2216
LTR,2.2256
LINE,2.2176
LTR,2.2128
LINE,2.2104
LINE,2.2104
LTR,2.2224
LINE,2.2064
LINE,2.1952
LINE,2.2088
LINE,2.2192
LINE,2.216
LTR,2.2216
LTR,2.2312
LINE,2.2248
LINE,2.2072
LINE,2.2216
LINE,2.2024
LINE,2.2176
LINE,2.196
LINE,2.2224
LINE,2.2032
unique/low-repeat,2.2016
LTR,2.2184
LTR,2.1976
unique/low-repeat,2.204
LINE,2.2152
LTR,2.2224
LTR,2.2232
LINE,2.2088
SINE,2.2336
LINE,2.196
LINE,2.216
LINE,1.92
unique/low-repeat,2.212
LINE,2.2432
LINE,2.2208
unique/low-repeat,2.228
unique/low-repeat,2.2136
DNA,2.2112
LINE,2.208
LINE,2.2064
LINE,2.2152
LINE,2.2104
LINE,2.2344
LTR,2.2256
SINE,2.2256
LINE,2.2112
SINE,2.2216
SINE,2.1984
LTR,2.2016
SINE,2.2272
SINE,2.2072
DNA,2.2032
SINE,2.2128
LINE,2.2208
LINE,2.2232
SINE,2.2064
SINE,2.2208
LINE,2.2136
SINE,2.2104
LINE,2.1952
LINE,2.224
LINE,2.1992
LTR,2.2264
LINE,2.2176
LINE,2.22
unique/low-repeat,2.2208
LINE,2.2232
LTR,2.2336
LINE,2.2112
LINE,2.2304
SINE,2.2296
LTR,2.2208
LTR,2.2248
LINE,2.2208
SINE,2.2064
SINE,2.208
SINE,2.216
LINE,2.2424
LINE,2.2352
LINE,2.2544
LTR,2.236
LINE,2.2384
SINE,2.2216
LINE,2.2192
SINE,2.196
SINE,2.1968
LTR,2.224
SINE,2.2088
LINE,2.2288
LINE,2.232
SINE,2.2048
LINE,2.2104
LINE,2.2336
LINE,2.228
LINE,2.2288
LTR,2.2296
LINE,2.2296
LINE,2.224
LINE,2.208
LINE,2.2224
LINE,2.2168
LTR,2.2168
LTR,2.2136
LINE,2.232
LINE,2.216
LTR,2.2248
LINE,2.2184
LINE,2.1936
LINE,2.2192
LINE,2.2128
SINE,2.2296
LINE,2.2184
LTR,2.2392
LTR,2.2328
LINE,2.232
LINE,2.2208
LINE,2.2232
DNA,2.2344
Retroposon,2.1232
LINE,2.2088
LINE,2.2096
LINE,2.2264
LINE,2.22
LINE,2.212
LINE,2.2216
LINE,2.2016
LTR,2.2272
LINE,2.2016
LINE,2.208
LINE,2.2304
LINE,2.228
unique/low-repeat,2.2264
LINE,2.22
LINE,2.2224
SINE,2.212
LINE,2.2152
LTR,2.2312
DNA,2.2128
LINE,2.2096
LINE,2.1768
LINE,2.2136
DNA,2.2152
LINE,2.22
LINE,2.22
LINE,2.2296
LTR,2.2256
LINE,2.2264
LTR,2.2184
LTR,2.2408
LINE,2.2144
LINE,2.2256
LINE,2.228
LINE,2.228
unique/low-repeat,2.2096
LINE,2.2184
LINE,2.2256
LINE,2.2136
LINE,2.2168
LTR,2.2336
LTR,2.2272
SINE,2.2248
LINE,2.22
LINE,2.2256
SINE,2.216
LTR,2.2408
LINE,2.2232
SINE,2.1968
SINE,2.2392
LINE,2.2104
LINE,2.24
DNA,2.2272
LINE,2.2088
LINE,2.1816
SINE,2.1544
SINE,2.1832
SINE,2.136
SINE,2.1968
LINE,2.208
SINE,2.2096
SINE,2.1792
SINE,2.2264
SINE,2.2128
SINE,2.2224
LINE,2.2248
LINE,2.0952
SINE,2.2192
SINE,2.228
SINE,2.208
DNA,2.2128
SINE,2.224
SINE,2.2208
SINE,2.2336
LINE,2.2304
LINE,2.1944
LINE,2.2216
LINE,2.2136
LINE,2.1968
LINE,2.212
SINE,2.2256
LINE,2.2336
LTR,2.216
LINE,2.24
LTR,2.2272
LTR,2.1568
LINE,2.1912
LINE,2.2072
LTR,2.2128
LINE,2.2432
LINE,2.2056
LINE,2.2288
LTR,2.2328
LINE,2.2176
LINE,2.2048
LINE,2.2272
SINE,2.236
LINE,2.2192
SINE,2.2264
SINE,2.2032
SINE,2.2352
SINE,2.2264
SINE,2.1888
SINE,2.1696
LTR,2.2256
LTR,2.2336
LINE,2.2048
LINE,2.2096
LINE,2.2328
SINE,2.2288
LINE,2.2272
LINE,2.2304
LINE,2.2176
LINE,2.2192
SINE,2.2176
LINE,2.2288
LTR,2.2272
LINE,2.1992
LINE,2.22
LTR,2.2488
LINE,2.2304
LTR,2.2328
LINE,2.2088
LINE,2.2176
LINE,2.236
DNA,2.2448
LINE,2.2232
LINE,2.2248
unique/low-repeat,2.2256
SINE,2.2184
SINE,2.2152
LINE,2.2008
LINE,2.2376
LINE,2.192
SINE,2.2256
unique/low-repeat,2.2376
SINE,2.212
SINE,2.224
SINE,2.2264
LINE,2.236
LINE,2.196
LINE,2.2208
LTR,2.2328
SINE,2.2384
LINE,2.2216
LINE,2.2104
SINE,2.2336
LTR,2.2344
LINE,2.2256
LINE,2.2224
LINE,2.2352
LTR,2.2296
LINE,2.2512
unique/low-repeat,2.232
SINE,2.2368
unique/low-repeat,2.248
LTR,2.2456
unique/low-repeat,2.2304
LINE,2.2232
LINE,2.2416
LINE,2.2296
LINE,2.2152
LINE,2.228
SINE,2.2128
LINE,2.232
SINE,2.1952
SINE,2.244
unique/low-repeat,2.224
unique/low-repeat,2.2408
LINE,2.2376
LINE,2.2312
LINE,2.204
SINE,2.2392
LINE,2.216
LINE,2.2232
LINE,2.2168
LTR,2.2384
LINE,2.236
LINE,2.2136
LINE,2.0768
LINE,2.212
LTR,2.2048
LINE,2.2392
LINE,2.2184
LTR,2.2384
LINE,2.2432
SINE,2.2344
LTR,2.2216
SINE,2.2352
Simple_repeat,2.1184
unique/low-repeat,2.232
LINE,2.224
LINE,2.2464
SINE,2.2224
LINE,2.2136
LINE,2.212
DNA,2.2272
LINE,2.1936
LTR,2.2296
LINE,2.2296
LINE,2.2304
LTR,2.2312
SINE,2.2344
LTR,2.2344
SINE,2.2128
LINE,2.2128
LTR,2.2424
LINE,2.2232
LINE,2.2232
SINE,2.1912
SINE,2.2008
SINE,2.2192
SINE,2.2016
LINE,2.2184
SINE,2.1992
unique/low-repeat,2.2168
SINE,2.1616
SINE,2.1928
SINE,2.2048
SINE,2.196
SINE,2.2448
SINE,2.2328
SINE,2.2072
SINE,2.2336
LINE,2.2184
SINE,2.2368
SINE,2.2168
unique/low-repeat,2.216
LINE,2.2432
SINE,2.2144
LINE,2.212
LTR,2.2264
LINE,2.2272
unique/low-repeat,2.2216
SINE,2.236
LINE,2.2328
LINE,2.2296
LINE,2.2208
SINE,2.1912
SINE,2.2064
SINE,2.2056
unique/low-repeat,2.2216
unique/low-repeat,2.216
SINE,2.1624
LTR,2.2128
SINE,2.1248
SINE,2.1136
unique/low-repeat,2.1848
LINE,2.2224
LINE,2.2136
SINE,2.22
unique/low-repeat,2.2328
LINE,2.2336
SINE,2.22
LINE,2.2392
DNA,2.2296
LINE,2.232
LTR,2.2472
LTR,2.2096
unique/low-repeat,2.2128
LINE,2.2216
SINE,2.236
SINE,2.2352
LINE,2.228
LINE,2.2184
SINE,2.2312
LINE,2.2152
SINE,2.2184
LINE,2.2192
LINE,2.224
LINE,2.216
LTR,2.2656
LINE,2.2368
LINE,2.2424
LTR,2.2472
SINE,2.2392
LINE,2.2248
LINE,2.2168
unique/low-repeat,2.2456
unique/low-repeat,2.2368
LINE,2.232
LINE,2.2152
LINE,2.2184
LINE,2.2184
LINE,2.2296
LINE,2.2272
LINE,2.2072
SINE,2.2336
LINE,2.2112
unique/low-repeat,2.2352
unique/low-repeat,2.236
LINE,2.2368
LINE,2.2392
LTR,2.2344
LINE,2.2272
SINE,2.2264
LINE,2.1944
LINE,2.2216
LINE,2.2144
LINE,2.2416
LTR,2.228
SINE,2.2056
SINE,2.208
LINE,2.2328
SINE,2.2224
SINE,2.2464
SINE,2.2152
SINE,2.2032
SINE,2.2136
SINE,2.1232
SINE,2.1472
SINE,2.1496
SINE,2.1736
SINE,2.2232
SINE,2.204
SINE,2.2192
unique/low-repeat,2.2448
SINE,2.2232
SINE,2.1808
unique/low-repeat,2.2184
LINE,2.2328
LTR,2.2296
LTR,2.2304
LINE,2.2448
LINE,2.224
unique/low-repeat,2.232
LINE,2.2264
LINE,2.2288
LTR,2.2272
LINE,2.2256
LINE,2.2352
unique/low-repeat,2.2256
LINE,2.2352
LINE,2.2384
LINE,2.2256
LINE,2.1912
LINE,2.2296
LINE,2.2304
LINE,2.2504
LINE,2.22
SINE,2.2328
unique/low-repeat,2.204
LINE,2.1976
unique/low-repeat,2.248
LINE,2.2512
unique/low-repeat,2.2472
LINE,2.2184
SINE,2.232
SINE,2.2048
LINE,2.2416
SINE,2.2328
LINE,2.236
LINE,2.2328
LTR,2.2288
SINE,2.24
LINE,2.2352
SINE,2.228
LINE,2.216
SINE,2.2416
SINE,2.1352
SINE,2.1968
unique/low-repeat,2.2216
unique/low-repeat,2.2376
LTR,2.232
SINE,2.2304
LINE,2.2352
LINE,2.2312
LINE,2.228
LINE,2.2368
LTR,2.236
unique/low-repeat,2.2472
LINE,2.2352
LINE,2.2408
LTR,2.2272
unique/low-repeat,2.2344
DNA,2.2376
unique/low-repeat,2.2384
LINE,2.2296
LINE,2.2248
SINE,2.2232
LINE,2.2088
LINE,2.2176
LTR,2.2352
LINE,2.2176
LINE,2.2288
LTR,2.2336
LTR,2.2304
unique/low-repeat,2.2184
SINE,2.2176
LINE,2.22
LINE,2.2104
DNA,2.244
LINE,2.2208
SINE,2.2168
LTR,2.2304
LINE,2.232
LINE,2.2096
LINE,2.2176
unique/low-repeat,2.2352
LINE,2.2184
LINE,2.2376
DNA,2.2112
LINE,2.2392
unique/low-repeat,2.2472
unique/low-repeat,2.2456
LINE,2.2296
unique/low-repeat,2.2448
LINE,2.2288
LINE,2.2456
SINE,2.2088
LINE,2.2224
LINE,2.2312
LINE,2.2192
LINE,2.232
LINE,2.2272
LTR,2.2272
SINE,2.2176
unique/low-repeat,2.2432
LINE,2.2304
LINE,2.2072
LINE,2.224
unique/low-repeat,2.2384
LINE,2.2392
LINE,2.2456
LTR,2.2264
LINE,2.1816
SINE,2.2344
SINE,2.1664
SINE,2.236
SINE,2.2272
SINE,2.2408
SINE,2.2032
SINE,2.2096
LTR,2.2456
LTR,2.2104
SINE,2.2392
SINE,2.224
SINE,2.2368
unique/low-repeat,2.2392
LINE,2.2368
LINE,2.2336
LINE,2.2296
LINE,2.2336
LINE,2.212
LINE,2.236
LTR,2.2208
LINE,2.2272
unique/low-repeat,2.2344
unique/low-repeat,2.24
LINE,2.2136
LTR,2.2504
LTR,2.24
unique/low-repeat,2.2424
LINE,2.2112
LINE,2.2264
LINE,2.236
unique/low-repeat,2.2384
LINE,2.2312
SINE,2.1584
SINE,2.2432
LINE,2.2408
LINE,2.2472
LINE,2.2064
unique/low-repeat,1.8688
LINE,2.236
LINE,2.2472
LINE,2.2296
LINE,2.2368
SINE,2.2272
unique/low-repeat,2.236
unique/low-repeat,2.2408
LINE,2.2376
unique/low-repeat,2.2464
unique/low-repeat,2.2392
unique/low-repeat,2.2336
unique/low-repeat,2.2352
LINE,2.216
LINE,2.2256
LTR,2.232
LINE,2.2192
LINE,2.2368
LTR,2.2408
unique/low-repeat,2.2408
LINE,2.2352
LINE,2.2312
unique/low-repeat,2.2456
unique/low-repeat,2.2536
LINE,2.2056
SINE,2.1816
unique/low-repeat,2.2232
LINE,2.2352
LINE,2.2312
unique/low-repeat,2.2472
unique/low-repeat,2.2304
LINE,2.2312
LINE,2.244
LINE,2.22
LINE,2.2176
LINE,2.2048
LINE,2.2448
LTR,2.2224
LINE,2.2328
LINE,2.2336
LINE,2.2312
LINE,2.164
LTR,2.2568
LTR,2.1832
LTR,2.2392
LINE,2.2376
LINE,2.16
LINE,2.1976
unique/low-repeat,2.1984
unique/low-repeat,2.148
unique/low-repeat,2.2048
LINE,2.2392
LINE,2.2296
SINE,2.22
unique/low-repeat,2.2336
SINE,2.2392
LINE,2.2288
SINE,2.22
DNA,2.1544
LINE,2.1408
LINE,1.6784
unique/low-repeat,2.2216
LTR,2.0936
LINE,2.2112
LTR,2.2304
LINE,2.2256
LTR,2.1784
LTR,2.2272
LINE,2.2312
SINE,2.168
LINE,2.2168
SINE,2.1936
SINE,2.1792
SINE,2.2408
SINE,2.2064
SINE,2.1728
SINE,2.1864
LINE,2.248
LINE,2.2168
SINE,2.2256
SINE,2.2336
SINE,2.1896
LINE,2.2336
SINE,2.18
LINE,2.2264
LINE,2.212
LINE,2.2024
LINE,2.2328
SINE,2.228
SINE,2.0792
SINE,2.2328
LTR,2.2384
LINE,2.2376
LINE,2.232
SINE,2.224
LTR,2.2352
LINE,2.224
SINE,2.2376
DNA,1.8056
unique/low-repeat,2.2256
LINE,2.2256
SINE,2.1984
SINE,2.18
SINE,2.236
SINE,2.1992
SINE,2.2416
SINE,2.2296
unique/low-repeat,2.2328
unique/low-repeat,2.2368
SINE,2.2504
LTR,2.2376
LINE,2.2296
LINE,2.2304
SINE,2.2112
LINE,2.2368
SINE,2.2056
SINE,2.2104
LINE,2.2016
LINE,2.2376
LINE,2.2216
SINE,2.2384
LINE,2.2296
LTR,2.2296
LINE,2.2424
SINE,2.2392
LINE,2.1952
LINE,2.2344
SINE,2.2304
DNA,2.2488
LTR,2.2336
LINE,2.236
SINE,2.2304
LINE,2.1792
unique/low-repeat,2.24
LINE,2.2352
DNA,2.2432
LINE,2.2312
LINE,2.2272
LINE,2.216
SINE,2.2184
unique/low-repeat,2.2376
LINE,2.2424
LINE,2.204
LINE,2.228
unique/low-repeat,2.2456
LINE,2.2128
LINE,2.2336
SINE,2.208
unique/low-repeat,2.2488
SINE,2.1136
SINE,1.9864
SINE,2.1008
SINE,2.2216
SINE,2.22
SINE,2.2368
SINE,2.1512
SINE,2.1992
SINE,2.1792
unique/low-repeat,2.2112
SINE,2.2224
SINE,2.1592
LINE,2.2272
LINE,2.2088
LINE,2.2424
SINE,2.2128
SINE,2.22
unique/low-repeat,2.224
LINE,2.244
LINE,2.2272
SINE,2.1152
SINE,2.0344
SINE,2.0952
SINE,2.1768
LTR,2.1512
SINE,2.1392
SINE,2.1992
LINE,2.2192
other-repeat,2.2544
SINE,2.2256
LINE,2.232
Retroposon,2.1032
SINE,2.2416
SINE,2.148
SINE,2.1448
SINE,2.2072
LINE,2.2248
SINE,2.1784
SINE,2.168
LINE,2.2152
SINE,2.2216
LINE,2.2496
LINE,2.2304
LINE,2.2064
SINE,2.232
LINE,2.2416
LTR,2.236
LINE,2.2112
LTR,2.232
LINE,2.2392
LINE,2.236
LTR,2.244
LINE,2.232
LINE,2.2272
LTR,2.2208
SINE,2.2288
unique/low-repeat,2.2312
LINE,2.2512
SINE,2.2112
LINE,2.2136
SINE,2.2192
LTR,2.2336
LINE,2.204
LINE,2.2064
LINE,2.1992
LINE,2.2272
LTR,2.2296
LINE,2.2272
LINE,2.2096
LINE,2.2256
LINE,2.212
DNA,2.2152
LINE,2.2328
unique/low-repeat,2.104
LINE,2.2184
unique/low-repeat,2.2496
SINE,2.2184
SINE,2.2408
LINE,2.2376
LINE,2.2352
LINE,2.2176
SINE,2.2064
SINE,2.2416
SINE,2.192
LINE,2.2144
SINE,2.2168
SINE,2.1736
SINE,2.1256
SINE,2.1616
LINE,2.1664
LINE,2.0984
LINE,2.2336
SINE,2.2032
SINE,2.1888
LTR,2.2208
SINE,2.2312
DNA,2.2296
SINE,2.2136
LINE,2.1488
SINE,2.1824
SINE,2.188
SINE,2.2288
SINE,2.2184
SINE,2.2368
SINE,2.232
LINE,2.2432
LINE,2.236
LINE,2.2224
LTR,2.2256
LINE,2.2432
LTR,2.212
LINE,2.2328
unique/low-repeat,2.2336
LINE,2.2472
SINE,2.2272
DNA,2.2208
LINE,2.2136
LINE,2.224
LINE,2.2368
LINE,2.2256
LINE,2.2112
LINE,2.2384
LINE,2.2112
LINE,2.2
LTR,2.2152
SINE,2.2288
SINE,2.2104
SINE,2.1872
SINE,2.1888
SINE,2.2088
LTR,2.2336
unique/low-repeat,2.2304
SINE,2.2192
LTR,2.2144
SINE,2.2536
LINE,2.2232
LINE,2.212
unique/low-repeat,2.2232
LINE,2.2304
LINE,2.2184
LINE,2.2224
LINE,2.2264
unique/low-repeat,2.2304
SINE,2.2248
LINE,2.2144
LINE,2.2096
unique/low-repeat,2.2256
SINE,2.2384
LINE,2.2424
LINE,2.2272
unique/low-repeat,2.2344
SINE,2.2256
SINE,2.2232
SINE,2.2512
LINE,2.2256
SINE,2.232
SINE,2.2384
LINE,2.2336
LINE,2.216
LTR,2.2392
LINE,2.2152
LINE,2.2168
LINE,2.2304
LINE,2.2184
LINE,2.2312
LINE,2.208
LINE,2.236
LINE,2.2168
unique/low-repeat,2.2256
unique/low-repeat,2.2352
unique/low-repeat,2.216
LINE,2.2344
LINE,2.2088
LINE,2.204
LTR,2.2344
LINE,2.2136
LINE,2.2088
LTR,2.2312
LINE,2.2288
unique/low-repeat,2.2168
LINE,2.2168
LINE,2.2104
LINE,2.2184
SINE,2.2096
LTR,2.2144
unique/low-repeat,2.1984
LINE,2.2176
LINE,2.2344
LINE,2.2168
LINE,2.1968
LINE,2.2112
LTR,2.228
LINE,2.228
LTR,2.2328
LINE,2.204
LINE,2.212
DNA,2.216
LINE,2.2248
LINE,2.216
LINE,2.2264
LINE,2.2312
LINE,2.2176
LINE,2.2352
LTR,2.2272
LINE,2.2136
LTR,2.2424
SINE,2.2168
SINE,2.2112
LINE,2.236
SINE,2.188
LINE,2.2272
LINE,2.2272
SINE,2.2168
DNA,2.2224
SINE,2.232
SINE,2.2008
SINE,2.216
SINE,2.1952
LTR,2.2392
LINE,2.2128
DNA,2.2208
SINE,2.2344
LINE,2.224
LTR,2.2272
LINE,2.1992
LINE,2.2288
SINE,2.2272
LINE,2.188
SINE,2.2336
LINE,2.2136
LINE,2.2192
LTR,2.2376
LINE,2.2024
LINE,2.2256
LINE,2.2272
LINE,2.2256
LINE,2.2072
LINE,2.216
LINE,2.1888
LINE,2.2168
LINE,2.2184
LINE,2.2384
LTR,2.2448
LINE,2.2392
unique/low-repeat,2.2032
SINE,2.2088
LTR,2.2288
LINE,2.2136
unique/low-repeat,2.2336
SINE,2.2176
LINE,2.2264
LINE,2.2272
LINE,2.216
LINE,2.2336
LTR,2.224
LINE,2.2424
LINE,2.088
unique/low-repeat,2.2384
unique/low-repeat,2.2256
LTR,2.2248
unique/low-repeat,2.2184
LINE,2.2216
LTR,2.2272
LTR,2.236
LINE,2.2232
LINE,2.2272
LINE,2.22
LTR,2.2464
LINE,2.2464
LTR,2.236
LINE,2.1952
DNA,2.2304
LINE,2.2272
SINE,2.2016
unique/low-repeat,2.2184
unique/low-repeat,2.2128
unique/low-repeat,2.216
LINE,2.212
LINE,2.212
SINE,2.2344
unique/low-repeat,2.208
LINE,2.2256
LINE,2.2048
unique/low-repeat,2.2168
unique/low-repeat,2.22
LINE,2.2368
unique/low-repeat,2.2256
unique/low-repeat,2.2352
LINE,2.236
SINE,2.2184
LINE,2.232
LINE,2.2136
SINE,2.2384
LTR,2.2232
LTR,2.2184
LTR,2.2328
LINE,2.2264
SINE,2.1984
LINE,2.2392
SINE,2.1528
LINE,2.2352
LTR,2.2328
DNA,2.2312
SINE,2.2392
SINE,2.2048
LINE,2.2184
LINE,2.232
LINE,2.2248
LINE,2.2096
SINE,2.2184
LINE,2.2224
LTR,2.248
SINE,2.2288
SINE,2.1904
SINE,2.1872
unique/low-repeat,2.2184
DNA,2.2248
LINE,2.2304
LINE,2.2392
LINE,2.2104
unique/low-repeat,2.2472
DNA,2.2016
LINE,2.1992
LTR,2.22
LINE,2.2216
LINE,2.2376
LINE,2.2096
LINE,2.228
LINE,2.2176
SINE,2.2368
LINE,2.2264
SINE,2.2016
SINE,2.2144
SINE,2.216
LINE,2.2208
LINE,2.2344
LINE,2.2288
SINE,2.1616
LTR,2.2264
DNA,2.2272
LINE,2.2032
SINE,2.2168
LINE,2.2304
LINE,2.2008
LINE,2.2152
LINE,2.216
LINE,2.192
LINE,2.2144
LTR,2.2152
unique/low-repeat,2.2224
LINE,2.2168
LINE,2.2248
LINE,2.2256
LINE,2.2352
LINE,2.208
LINE,2.2344
LTR,2.2392
LINE,2.2336
SINE,2.2176
LINE,2.2448
unique/low-repeat,2.2312
LINE,2.2248
LINE,2.2328
LINE,2.2256
LINE,2.2408
LINE,2.2312
LINE,2.2088
SINE,2.2264
LINE,2.2248
LINE,2.2232
LINE,2.2328
LINE,2.22
LINE,2.2384
LTR,2.2376
LTR,2.2432
LINE,2.2208
LINE,2.22
LTR,2.2272
DNA,2.2072
SINE,2.22
LINE,2.2336
LTR,2.228
unique/low-repeat,2.2224
LINE,2.236
SINE,2.228
LTR,2.2248
LTR,2.2296
LINE,2.1944
LINE,2.2168
unique/low-repeat,2.2416
LINE,2.244
SINE,2.2384
SINE,2.084
SINE,2.0776
SINE,2.1776
SINE,2.1656
SINE,2.1864
SINE,2.1896
SINE,2.1496
SINE,2.1744
SINE,2.204
SINE,2.1024
SINE,2.1544
SINE,2.2208
SINE,2.156
LINE,2.1872
LINE,2.2168
SINE,2.1992
SINE,2.2192
SINE,2.1888
SINE,2.2368
LINE,2.152
SINE,2.2144
SINE,2.2224
SINE,2.18
SINE,2.1456
SINE,2.172
LINE,2.2296
LINE,2.2168
LINE,2.2216
LINE,2.224
LINE,2.2416
LTR,2.2296
LTR,2.196
LINE,2.2392
LINE,2.1992
SINE,2.2128
LINE,2.2152
LINE,2.2192
LINE,2.2144
LINE,2.2192
LINE,2.224
LINE,2.212
LINE,2.204
LINE,2.2344
LINE,2.2288
LTR,2.2184
LTR,2.2288
LTR,2.2456
Satellite,2.212
LTR,2.2264
Satellite,2.1832
LINE,2.0184
SINE,2.1336
LINE,2.2272
SINE,2.128
SINE,2.1496
SINE,2.1992
unique/low-repeat,2.2368
LINE,2.2168
LINE,2.2288
LINE,2.2472
LINE,2.2224
LINE,2.2224
LINE,2.2304
LINE,2.2224
LINE,2.2368
SINE,2.2208
LTR,2.2216
LTR,2.2344
LTR,2.232
SINE,2.2256
LINE,2.2264
SINE,2.216
LINE,2.2256
LINE,2.2248
LINE,2.2176
LINE,2.2288
LINE,2.2512
SINE,2.2368
LTR,2.2384
LINE,2.2256
SINE,2.188
LINE,2.216
SINE,2.2208
LINE,2.232
LINE,2.212
unique/low-repeat,2.2256
DNA,2.224
LINE,2.2264
LTR,2.2208
LINE,2.2192
LINE,2.2184
LINE,2.2368
LINE,2.1976
LINE,2.2368
LTR,2.2336
LINE,2.2032
SINE,2.204
LINE,2.2152
DNA,2.2248
unique/low-repeat,1.5104
LTR,2.22
LINE,2.2256
DNA,2.2152
LINE,2.2064
LINE,2.2136
LINE,2.2176
unique/low-repeat,2.228
LINE,2.2104
LINE,2.1792
LINE,2.2256
LINE,2.2336
LINE,2.2152
LINE,2.2336
LINE,2.216
LINE,2.2456
LINE,2.2328
LINE,2.2344
SINE,2.2096
LINE,2.24
DNA,2.2024
SINE,2.1744
Retroposon,2.1232
SINE,2.2248
LTR,2.244
SINE,2.204
unique/low-repeat,2.236
SINE,2.2224
LINE,2.2184
SINE,2.2248
LTR,2.2336
LINE,2.2112
LINE,2.2112
LINE,2.2144
SINE,2.2312
unique/low-repeat,2.2456
LTR,2.228
unique/low-repeat,2.22
LINE,2.2352
LINE,2.224
LINE,2.2144
LTR,2.2264
LINE,2.2416
LINE,2.2248
LINE,2.2088
LINE,2.2312
LTR,2.2224
LINE,2.2088
LINE,2.2064
unique/low-repeat,2.2272
LINE,2.2128
LINE,2.2048
LINE,2.2352
LTR,2.2232
LINE,2.2336
LINE,2.2248
LINE,2.208
LTR,2.1488
SINE,2.1856
LTR,2.2288
unique/low-repeat,2.2104
LINE,2.2288
LINE,2.204
LINE,2.2184
LINE,2.2072
LTR,2.2216
LINE,2.2136
unique/low-repeat,2.2104
LTR,2.2208
LINE,2.2304
unique/low-repeat,2.224
SINE,2.2056
LINE,2.2256
LINE,2.236
LINE,2.2296
LINE,2.228
unique/low-repeat,2.2328
LINE,2.212
unique/low-repeat,2.2144
LINE,2.2192
SINE,2.2072
SINE,2.2032
LTR,2.22
LINE,2.236
LINE,2.2208
LTR,2.2304
LINE,2.2248
LTR,2.2344
SINE,2.188
LTR,2.2248
DNA,2.216
SINE,2.2272
SINE,2.212
LINE,2.2048
LINE,2.2064
LINE,2.22
LINE,2.1992
unique/low-repeat,2.2264
LTR,2.2168
LINE,2.2088
LINE,2.224
LINE,2.2296
LINE,2.216
LTR,2.2256
LINE,2.228
LTR,2.2264
LINE,2.2328
LINE,2.2168
LTR,2.2216
LINE,2.2296
LTR,2.232
LINE,2.2072
SINE,2.2144
SINE,2.1952
LINE,2.2024
LINE,2.2192
LTR,2.228
SINE,2.2168
SINE,2.2312
SINE,2.2368
LINE,2.1936
SINE,2.2368
LINE,2.2104
unique/low-repeat,2.2328
unique/low-repeat,2.2472
LINE,2.1952
LINE,2.228
LINE,2.2296
LINE,2.2168
LINE,2.1752
LTR,2.2232
LINE,2.22
LINE,2.2232
LINE,2.2232
SINE,2.188
SINE,2.2032
unique/low-repeat,2.2392
SINE,2.1408
SINE,2.1208
SINE,2.1296
unique/low-repeat,2.236
unique/low-repeat,2.2176
SINE,2.244
SINE,2.0872
SINE,2.2184
SINE,2.2288
LINE,2.0984
unique/low-repeat,2.232
SINE,2.1704
SINE,2.1648
SINE,2.2312
SINE,2.184
LINE,2.2304
SINE,2.1008
unique/low-repeat,2.2336
SINE,2.1664
SINE,2.2184
SINE,2.1016
SINE,2.036
LTR,2.2032
SINE,2.14
SINE,2.2
SINE,2.2248
SINE,2.2184
SINE,2.2104
LINE,2.236
LINE,2.228
LINE,2.1176
SINE,2.16
LINE,2.18
SINE,2.14
SINE,2.176
LINE,2.2144
LINE,2.2288
LINE,2.108
LINE,2.168
unique/low-repeat,2.2168
SINE,2.1952
LINE,2.2376
SINE,2.22
LTR,2.236
unique/low-repeat,2.2504
SINE,2.2376
SINE,2.2344
SINE,2.2264
unique/low-repeat,2.2408
unique/low-repeat,2.2376
LINE,2.2168
Retroposon,2.132
unique/low-repeat,2.2112
unique/low-repeat,2.2328
LINE,2.2376
SINE,2.1848
SINE,2.1504
unique/low-repeat,2.2208
SINE,2.2104
SINE,2.1216
SINE,2.1016
SINE,2.1896
LINE,2.188
SINE,2.2112
SINE,2.1664
unique/low-repeat,2.24
SINE,2.1224
SINE,2.1184
unique/low-repeat,2.2344
SINE,2.1736
SINE,2.2304
SINE,2.2088
LINE,2.2168
LINE,2.2208
LINE,2.2144
unique/low-repeat,2.2592
unique/low-repeat,2.2576
unique/low-repeat,2.256
unique/low-repeat,2.232
unique/low-repeat,2.2232
unique/low-repeat,2.2416
SINE,2.224
SINE,2.0528
SINE,2.2424
SINE,2.2152
SINE,2.1712
SINE,2.1944
unique/low-repeat,2.208
SINE,2.2184
SINE,2.1896
SINE,2.1992
SINE,2.2224
unique/low-repeat,2.2256
unique/low-repeat,2.216
unique/low-repeat,2.2352
LINE,2.2344
LINE,2.216
LINE,2.2064
LINE,2.2344
LTR,2.2312
LINE,2.2008
LINE,2.2272
LINE,2.2288
LINE,2.2192
LINE,2.2376
LINE,2.2128
LINE,2.208
LINE,2.2208
LINE,2.2224
SINE,2.1856
SINE,2.1928
SINE,2.1752
SINE,2.0728
SINE,2.0752
SINE,2.0128
SINE,2.176
SINE,2.0832
unique/low-repeat,2.252
SINE,2.1928
SINE,2.1912
SINE,2.1696
SINE,2.1952
SINE,2.1488
SINE,2.104
SINE,2.1896
SINE,2.0968
SINE,2.2296
SINE,2.1072
SINE,2.0944
SINE,2.1696
LTR,2.2344
LINE,2.1888
LTR,2.2032
LTR,2.228
LINE,2.2184
LINE,2.1976
LINE,2.2168
LTR,2.2168
unique/low-repeat,2.2248
SINE,2.1992
SINE,2.1768
unique/low-repeat,2.2376
SINE,2.1192
SINE,2.204
SINE,2.1336
SINE,2.1096
unique/low-repeat,2.252
unique/low-repeat,2.2328
LINE,2.2048
LINE,2.2216
LINE,2.2264
LTR,2.2424
unique/low-repeat,2.2336
LINE,2.2232
LINE,2.1712
LTR,2.2224
unique/low-repeat,2.2448
LINE,2.2344
LTR,2.2192
LTR,2.2304
LINE,2.228
LINE,2.216
LINE,2.232
LTR,2.2424
unique/low-repeat,2.2472
LINE,2.2184
LINE,2.2328
LINE,2.2304
LINE,2.2288
LINE,2.2168
LTR,2.2216
LINE,2.2448
LTR,2.2208
LINE,2.2304
LINE,2.2288
LINE,2.2176
LINE,2.224
LTR,2.212
LTR,2.1824
unique/low-repeat,2.2472
LTR,2.2048
LINE,2.2272
LTR,2.2192
LTR,2.224
LINE,2.2312
LTR,2.232
LINE,2.2248
LINE,2.2
LINE,2.2088
LINE,2.2112
LINE,2.2096
LTR,2.216
LINE,2.2192
LTR,2.212
LINE,2.1952
LINE,2.22
LINE,2.208
LINE,2.2304
LINE,2.2376
DNA,2.2088
LINE,2.2272
LINE,2.2048
LTR,2.2224
LINE,2.2216
LINE,2.2184
LINE,2.216
LTR,2.2088
LINE,2.212
LINE,2.2232
LINE,2.2184
LINE,2.2296
LINE,2.2176
LINE,2.2184
LINE,2.2192
LTR,2.228
LINE,2.2096
LTR,2.2376
LINE,2.22
LINE,2.2288
LINE,2.2088
LINE,2.2144
LTR,2.2112
LINE,2.216
LINE,2.2424
LINE,2.196
LINE,2.228
LINE,2.2208
LINE,2.228
unique/low-repeat,2.2472
LTR,2.2544
LINE,2.2368
SINE,2.2304
LINE,2.2248
LINE,2.2256
SINE,2.2216
LTR,2.2112
LINE,2.2328
LTR,2.224
LINE,2.2192
LINE,2.2152
LINE,2.2144
SINE,2.2248
LINE,2.2248
SINE,2.1992
SINE,2.204
LINE,2.2168
LINE,2.1888
SINE,2.2008
SINE,2.208
SINE,2.1584
SINE,2.1768
SINE,2.232
SINE,2.2168
SINE,2.156
LTR,2.1944
SINE,2.1904
SINE,2.1904
unique/low-repeat,2.232
LINE,2.2432
LTR,2.2256
LINE,2.2088
LTR,2.2208
LINE,2.2176
SINE,2.2304
LINE,2.1968
LINE,2.2184
LINE,2.2376
unique/low-repeat,2.228
LINE,2.1952
LTR,2.2536
unique/low-repeat,2.2472
unique/low-repeat,2.2184
unique/low-repeat,2.2304
LINE,2.24
LTR,2.2344
DNA,2.2352
LINE,2.2192
unique/low-repeat,2.216
LINE,2.2368
DNA,2.2184
LINE,2.2008
LINE,2.2344
LINE,2.2264
LINE,2.2344
LINE,2.2392
LINE,2.244
LINE,2.2296
LINE,2.2232
SINE,2.2424
LINE,2.2272
LINE,2.2224
DNA,2.2392
SINE,2.2208
LTR,2.2168
LINE,2.2232
LINE,2.176
LTR,2.2408
SINE,2.212
SINE,2.2248
SINE,2.228
LINE,2.2304
LTR,2.228
LTR,2.2336
LINE,2.2232
LINE,2.22
LINE,2.216
LTR,2.2512
LTR,2.2344
SINE,2.2456
LINE,2.2184
DNA,2.224
LINE,2.2328
SINE,2.2296
LINE,2.2104
LINE,2.2352
LINE,2.2232
DNA,2.2296
LINE,2.2392
LINE,2.2408
SINE,2.2296
LINE,2.2264
LINE,2.2224
SINE,2.2392
SINE,2.1968
SINE,2.2288
SINE,2.148
SINE,2.216
LINE,2.2424
LTR,2.2488
SINE,2.236
LINE,2.228
LINE,2.2072
LTR,2.192
LTR,2.184
SINE,2.2344
unique/low-repeat,2.22
LINE,2.228
LINE,2.1992
LTR,2.224
LINE,2.2392
LINE,2.196
SINE,2.2112
SINE,2.2128
SINE,2.2328
SINE,2.22
SINE,2.2112
SINE,2.2232
LINE,2.1904
LINE,2.2136
LINE,2.2232
SINE,2.228
LINE,2.2144
LINE,2.2056
LTR,2.2144
LTR,2.2104
LINE,2.2072
LINE,2.236
LINE,2.2
LINE,2.2328
LTR,2.2488
SINE,2.2256
SINE,2.2328
LINE,2.2208
LINE,2.224
LTR,2.2408
LTR,2.2144
LINE,2.2256
LINE,2.1936
LINE,2.2176
LINE,2.212
LINE,2.2192
LINE,2.2048
LINE,2.2264
LINE,2.2024
LINE,2.2104
LINE,2.228
LINE,2.2352
unique/low-repeat,2.2368
LINE,2.2456
SINE,2.2104
LTR,2.232
unique/low-repeat,2.2376
unique/low-repeat,2.2256
SINE,2.2056
SINE,2.2232
SINE,2.2208
LTR,2.2024
LINE,2.236
LINE,2.1904
LINE,2.2344
LINE,2.22
LTR,2.228
LINE,2.2256
LINE,2.2152
LINE,2.2192
LINE,2.2336
unique/low-repeat,2.2192
LINE,2.2136
LINE,2.2064
LINE,2.224
unique/low-repeat,2.2048
LINE,2.2232
LINE,2.2112
LTR,2.2216
LTR,2.22
LINE,2.232
LINE,2.2224
LTR,2.1984
LINE,2.2136
LINE,2.224
LINE,2.2
LINE,2.2224
LTR,2.2072
LINE,2.212
LINE,2.212
unique/low-repeat,2.22
LTR,2.208
LINE,2.1944
LINE,2.224
LINE,2.208
DNA,2.228
LINE,2.2184
LINE,2.22
LINE,2.2224
LINE,2.212
LINE,2.2008
LINE,2.2248
LTR,2.2136
LTR,2.224
LINE,2.2176
LINE,2.2456
unique/low-repeat,2.2408
LINE,2.212
DNA,2.192
LINE,2.1944
LINE,2.204
LTR,2.2224
LTR,2.2352
LINE,2.22
SINE,2.228
unique/low-repeat,2.2168
SINE,2.2176
LINE,2.2072
LINE,2.228
LINE,2.2224
LINE,2.2088
LINE,2.1904
LTR,2.2288
LINE,2.232
LINE,2.2352
SINE,2.2184
LINE,2.2416
LINE,2.1984
LINE,2.2224
LTR,2.2408
SINE,2.2328
SINE,2.2232
SINE,2.2312
LTR,1.6384
SINE,2.2136
LINE,2.224
LINE,2.1768
LINE,2.2208
SINE,2.2048
DNA,2.232
LINE,2.2248
LINE,2.2072
SINE,2.1864
LINE,2.1712
SINE,2.2248
LINE,2.2088
SINE,2.2264
LTR,2.2392
unique/low-repeat,2.2088
LTR,2.2224
LINE,2.24
LTR,2.2168
LINE,2.228
LINE,2.2184
LTR,2.2304
LINE,2.2272
unique/low-repeat,2.2384
LINE,2.228
LINE,2.2336
SINE,2.2208
LINE,2.216
unique/low-repeat,2.2072
LINE,2.2176
unique/low-repeat,2.2144
unique/low-repeat,2.2248
unique/low-repeat,2.2272
SINE,2.2096
LINE,2.216
LTR,2.2232
LTR,2.228
LINE,2.2208
SINE,2.2176
unique/low-repeat,2.2184
LINE,2.216
LINE,2.2328
unique/low-repeat,2.224
DNA,2.2152
unique/low-repeat,2.2216
LINE,2.2272
LINE,2.2232
LINE,2.2208
LINE,2.2272
LINE,2.204
unique/low-repeat,2.2352
LINE,2.2264
LINE,2.2104
LINE,2.2104
LINE,2.2216
DNA,2.2256
LINE,2.2416
LINE,2.216
LINE,2.2248
LTR,2.232
LTR,2.244
LINE,2.2328
LINE,2.2032
LINE,2.2352
SINE,2.2016
SINE,2.2032
LINE,2.22
LINE,2.2224
LINE,2.22
LTR,2.2384
LINE,2.2136
SINE,2.2256
DNA,2.2232
LINE,2.2264
LINE,2.2136
unique/low-repeat,2.2152
unique/low-repeat,2.2144
LINE,2.2088
unique/low-repeat,2.2264
DNA,2.2088
DNA,2.232
LINE,2.2216
LINE,2.1992
LINE,2.216
SINE,2.2248
DNA,2.224
LINE,2.2216
unique/low-repeat,2.216
LTR,2.2304
LINE,2.22
LINE,2.2128
SINE,2.2096
LINE,2.2272
SINE,2.2248
LTR,2.2112
LINE,2.2256
LTR,2.2296
SINE,2.2
LINE,2.188
LINE,2.2248
unique/low-repeat,2.2456
LINE,2.2264
LTR,2.212
LINE,2.2128
LINE,2.2096
LINE,2.2224
LINE,2.22
LTR,2.2256
LINE,2.2304
LINE,2.2256
LTR,2.216
LINE,2.212
LINE,2.216
LINE,2.22
LINE,2.0664
SINE,2.2304
SINE,2.2176
LINE,2.2192
LINE,2.2376
LINE,2.2232
unique/low-repeat,2.2352
DNA,2.216
LINE,2.2312
LTR,2.2232
LINE,2.2208
LTR,2.236
LINE,2.2264
LINE,2.224
LINE,2.1688
LINE,2.1912
LINE,2.2128
LINE,2.1952
LINE,2.2328
LINE,2.22
DNA,2.2224
LTR,2.2136
LINE,2.204
LINE,2.2168
LINE,2.2152
LTR,2.2416
LINE,2.208
LTR,2.2176
unique/low-repeat,2.2232
LINE,2.232
LINE,2.2024
LTR,2.236
LTR,2.2416
LINE,2.2088
LTR,2.228
LTR,2.2232
LTR,2.2208
LINE,2.2224
LINE,2.228
unique/low-repeat,2.232
LTR,2.2216
LINE,2.228
SINE,2.216
unique/low-repeat,2.2312
LINE,2.216
LINE,2.2128
LINE,2.2216
LINE,2.2056
LINE,2.1984
unique/low-repeat,2.1848
unique/low-repeat,2.2464
LINE,2.228
SINE,2.248
LINE,2.2312
unique/low-repeat,2.228
LINE,2.2104
unique/low-repeat,2.2168
LINE,2.2048
LINE,2.2112
LINE,2.232
LTR,2.216
LINE,2.2392
SINE,2.2304
LINE,2.2376
LINE,2.2336
LTR,2.2224
SINE,2.208
unique/low-repeat,2.236
LTR,2.2208
LTR,2.2072
LINE,2.2072
LTR,2.2176
LINE,2.2152
LTR,2.2344
LINE,2.2128
LINE,2.2112
LINE,2.2104
LINE,2.2352
LINE,2.224
LINE,2.2296
LINE,2.2072
LINE,2.1992
LINE,2.2224
LTR,2.228
LINE,2.2272
LINE,2.224
LINE,2.2272
LTR,2.212
LTR,2.2312
LINE,2.2136
LTR,2.2304
LTR,2.228
LINE,2.2184
LINE,2.2128
LTR,2.2224
LINE,2.2312
LTR,2.2176
LINE,2.22
LINE,2.2224
LINE,2.2272
LINE,2.2136
LINE,2.2368
SINE,2.224
LINE,2.2008
LINE,2.2128
LINE,2.2216
LTR,2.2328
SINE,2.2184
LTR,2.2256
LINE,2.2232
LINE,2.2112
LINE,2.22
LINE,2.2328
LINE,2.2184
LINE,2.2272
LINE,2.2216
LINE,2.216
LINE,2.2176
LINE,2.2208
LINE,2.2296
DNA,2.2392
SINE,2.2512
LINE,2.228
unique/low-repeat,2.2184
SINE,2.2216
LTR,2.264
LTR,2.2272
LTR,2.2312
LINE,2.2328
LINE,2.2272
LINE,2.2352
LTR,2.2144
LINE,2.228
LTR,2.2168
LINE,2.22
LINE,2.1912
LINE,2.2104
LTR,2.228
LTR,2.0936
LINE,2.212
LINE,2.2104
LINE,2.236
LINE,2.2136
LTR,2.22
DNA,2.2136
LINE,2.2112
LTR,2.2256
LINE,2.2248
LTR,2.2176
LINE,2.2144
SINE,2.232
LTR,2.2288
LTR,2.1904
LTR,2.2088
unique/low-repeat,2.2232
LINE,2.2264
LINE,2.2128
LTR,2.2264
DNA,2.2312
LTR,2.244
LINE,2.2136
LINE,2.2232
LINE,2.2224
LTR,2.2152
LINE,2.2288
SINE,2.2384
SINE,2.2144
unique/low-repeat,2.232
SINE,2.2216
SINE,2.212
SINE,2.2128
LINE,2.204
LINE,2.2168
SINE,2.2304
LINE,2.216
LTR,2.232
SINE,2.1936
SINE,2.2152
LINE,2.232
SINE,2.1624
SINE,2.1264
SINE,2.2048
SINE,2.2288
SINE,2.2312
SINE,2.2472
LTR,2.2248
unique/low-repeat,2.2616
DNA,2.2288
SINE,2.22
LTR,2.1832
LINE,2.2584
LINE,2.2216
LINE,2.2296
LINE,2.228
LINE,2.2312
LINE,2.24
LTR,2.1984
LTR,2.244
LINE,2.2424
SINE,2.232
LINE,2.2312
SINE,2.2056
LINE,2.2352
LINE,2.2384
SINE,2.2176
LINE,2.2216
LTR,2.2288
SINE,2.176
LINE,2.2232
SINE,2.22
SINE,2.1568
SINE,2.2008
SINE,2.2128
SINE,2.1832
SINE,2.1392
SINE,2.168
SINE,2.1968
SINE,2.1576
unique/low-repeat,2.264
SINE,2.2168
SINE,2.224
SINE,2.1368
SINE,2.1656
SINE,2.1648
LTR,2.2368
SINE,2.164
SINE,2.2256
SINE,2.2104
SINE,2.2008
SINE,2.224
SINE,2.196
SINE,2.2328
LINE,2.24
SINE,2.24
SINE,2.244
LTR,2.1848
SINE,2.2224
SINE,2.2328
SINE,2.2288
SINE,2.1976
SINE,2.148
SINE,2.2056
LINE,2.2216
LINE,2.2136
SINE,2.2032
LINE,2.2088
LINE,2.2256
LINE,2.2288
LINE,2.2224
LINE,2.2272
LINE,2.2264
LTR,2.2256
LINE,2.2136
unique/low-repeat,2.2208
LINE,2.2296
LINE,2.2296
LINE,2.2296
LINE,2.2328
LTR,2.2288
SINE,2.2104
LINE,2.2152
LTR,2.2328
unique/low-repeat,2.2184
LTR,2.2224
LINE,2.2312
LINE,2.2344
LINE,2.2336
LINE,2.2152
LINE,2.2184
LTR,2.04
LINE,2.2008
LTR,2.2224
LTR,2.2376
DNA,2.2448
SINE,2.24
LINE,2.2312
SINE,2.1928
SINE,2.2104
SINE,2.2056
SINE,2.1752
SINE,2.176
LTR,2.2272
LINE,2.2136
SINE,2.2248
SINE,2.2288
unique/low-repeat,2.2112
LINE,2.2208
SINE,2.2264
LINE,2.2048
LINE,2.232
LINE,2.2352
LTR,2.2344
LINE,2.2296
LINE,2.2088
LINE,2.2248
LINE,2.2376
LINE,2.216
LINE,2.2208
LINE,2.2168
LINE,2.2104
LTR,2.2248
LTR,2.2136
LINE,2.22
LINE,2.224
SINE,2.2144
LTR,2.2272
LINE,2.2368
LINE,2.212
SINE,2.192
SINE,2.2312
SINE,2.1832
SINE,2.2224
LINE,2.2264
SINE,2.2336
SINE,2.2208
LINE,2.2168
LTR,2.2376
LINE,2.2288
LINE,2.2352
LTR,2.2248
SINE,2.2152
LINE,2.2296
LINE,2.2168
SINE,2.2376
LINE,2.2312
LINE,2.2352
SINE,2.22
SINE,2.2136
SINE,2.2208
SINE,2.208
SINE,2.1032
SINE,2.2144
SINE,2.1344
LTR,2.2104
LINE,2.1664
LINE,2.2112
SINE,2.2128
SINE,2.22
unique/low-repeat,2.2336
LINE,2.2232
SINE,2.1984
LTR,2.1888
LINE,2.212
LTR,2.2192
LINE,2.2184
LINE,2.2288
LTR,2.2056
LINE,2.2288
LINE,2.2328
LTR,2.2288
LINE,2.2264
LINE,2.2272
LTR,2.2376
LINE,2.2368
LINE,2.2384
SINE,2.2192
LINE,2.2176
unique/low-repeat,2.2424
LTR,2.2208
SINE,2.2296
LINE,2.2328
LINE,2.2216
LINE,2.2288
LINE,2.2088
SINE,2.2336
LINE,2.2304
LINE,2.2152
LINE,2.2192
LINE,2.2168
SINE,2.1584
SINE,2.2056
SINE,2.1312
SINE,2.1944
LINE,2.24
SINE,2.2048
SINE,2.2192
LINE,2.228
SINE,2.1896
SINE,2.132
SINE,2.1784
SINE,2.184
SINE,2.2128
LINE,2.236
SINE,2.192
SINE,2.24
LINE,2.2328
SINE,2.244
SINE,2.2208
LINE,2.2368
LINE,2.212
LINE,2.216
LINE,2.2344
LINE,2.232
SINE,2.2416
LINE,2.2384
LINE,2.2328
DNA,2.2304
SINE,2.2376
SINE,2.2344
LINE,2.224
LINE,2.2424
LINE,2.2376
LINE,2.2328
LTR,2.2488
SINE,2.2256
LTR,2.2384
LINE,2.228
SINE,2.2352
LTR,2.216
LINE,2.2312
LINE,2.2272
LINE,2.2144
LTR,2.2144
LINE,2.196
LTR,2.2184
SINE,2.2392
SINE,2.1904
SINE,2.228
SINE,2.2304
LINE,2.1424
unique/low-repeat,2.2416
SINE,2.24
LINE,2.2216
LINE,2.2136
LINE,2.216
SINE,2.2024
SINE,2.232
LINE,2.2232
LTR,2.204
LINE,2.2264
SINE,2.2224
SINE,2.1944
LINE,2.2168
LTR,2.2024
LINE,2.1944
LTR,2.2176
SINE,2.2536
LINE,2.2376
LINE,2.1696
SINE,2.2296
SINE,2.2048
LINE,2.2336
LTR,2.24
LTR,2.2384
unique/low-repeat,2.228
LTR,2.2128
LINE,2.2208
LTR,2.2168
LTR,2.2288
SINE,2.2456
SINE,2.2296
LTR,2.2088
SINE,2.2328
SINE,2.1704
unique/low-repeat,2.228
SINE,2.212
LINE,2.1224
SINE,2.1
SINE,2.2032
SINE,2.2392
SINE,2.188
SINE,2.1984
SINE,2.208
LTR,2.2168
SINE,2.228
SINE,2.184
SINE,2.1424
SINE,2.2232
SINE,2.2144
SINE,2.2168
LTR,2.2376
SINE,2.2176
SINE,2.2408
SINE,2.212
SINE,2.148
SINE,2.2336
SINE,2.1232
unique/low-repeat,2.2288
Simple_repeat,2.1072
SINE,2.1488
SINE,2.184
SINE,2.1176
SINE,2.164
SINE,2.1944
SINE,2.1608
SINE,2.1264
SINE,2.184
SINE,2.1992
SINE,2.172
SINE,2.1368
SINE,2.1792
SINE,2.2192
SINE,2.1712
SINE,2.184
SINE,2.14
SINE,2.1576
SINE,2.1592
SINE,2.1648
Retroposon,2.0776
SINE,2.1424
SINE,2.18
SINE,2.1104
LTR,2.216
LINE,2.2224
LINE,2.2344
SINE,2.228
SINE,2.2392
SINE,2.2056
SINE,2.2024
SINE,2.1384
SINE,2.164
SINE,2.2224
SINE,2.1872
LINE,2.1456
SINE,2.1952
unique/low-repeat,2.22
SINE,2.1768
SINE,2.1056
SINE,2.0576
SINE,2.1256
SINE,2.2008
SINE,2.1008
SINE,2.1256
SINE,2.1856
SINE,2.192
LINE,2.2376
SINE,2.2032
SINE,2.2104
SINE,2.2328
SINE,2.1848
SINE,2.2024
SINE,2.1712
SINE,2.0968
SINE,2.1624
SINE,2.1928
LINE,2.2208
LINE,2.2272
SINE,2.228
SINE,2.2112
LTR,2.2328
LINE,2.2168
SINE,2.2208
LTR,2.2192
LTR,2.2264
LINE,2.2224
SINE,2.2144
SINE,2.2032
SINE,2.2136
SINE,2.2136
SINE,2.1816
SINE,2.1608
SINE,2.212
LINE,2.2208
SINE,2.2232
LINE,2.2304
SINE,2.2392
SINE,2.2464
SINE,2.2416
LINE,2.2392
LTR,2.1592
DNA,2.22
LTR,2.2208
SINE,2.1856
LINE,2.2248
unique/low-repeat,2.2576
LINE,2.2424
SINE,2.2136
SINE,2.1712
SINE,2.1568
SINE,2.176
SINE,2.1688
SINE,2.1512
SINE,2.2128
SINE,2.2368
LTR,2.2232
SINE,2.2344
SINE,2.2256
LTR,2.236
LINE,2.2256
LINE,2.2184
SINE,2.232
LINE,2.2416
SINE,2.2296
DNA,2.24
SINE,2.2344
LINE,2.2232
LTR,2.216
SINE,2.2304
SINE,2.1672
LINE,2.1696
LINE,2.2136
SINE,2.2184
SINE,2.2168
SINE,2.2304
SINE,2.1928
SINE,2.1496
SINE,2.172
SINE,2.1872
SINE,2.1896
SINE,2.2096
SINE,2.1952
SINE,2.2424
SINE,2.1912
SINE,2.2064
SINE,2.2296
LINE,2.2624
SINE,2.2384
SINE,2.2232
SINE,2.1792
SINE,2.2144
SINE,2.1888
LINE,2.2256
LTR,2.2216
SINE,2.1608
SINE,2.1968
SINE,2.1536
SINE,2.224
LINE,2.24
SINE,2.2224
SINE,2.2168
SINE,2.1992
DNA,2.2256
SINE,2.232
LINE,2.208
SINE,2.2224
SINE,2.172
SINE,2.1608
LINE,2.148
SINE,2.172
SINE,2.2344
SINE,2.1016
SINE,2.2048
SINE,2.1936
LTR,2.2304
SINE,2.2136
LTR,2.2368
LINE,2.216
LINE,2.22
LTR,2.2232
LINE,2.1184
SINE,2.1712
SINE,2.2272
SINE,2.2152
SINE,2.236
SINE,2.224
LINE,2.236
SINE,2.2
LTR,2.2232
SINE,2.2208
LINE,2.2264
LTR,2.2248
LTR,2.2376
SINE,2.2016
LINE,2.184
LINE,2.2168
LTR,2.2152
LINE,2.156
LINE,2.208
SINE,2.2088
SINE,2.2552
LINE,2.2144
SINE,2.1928
SINE,2.1592
SINE,2.0928
SINE,2.2192
SINE,2.212
SINE,2.1616
SINE,2.0968
unique/low-repeat,2.24
SINE,2.1888
SINE,2.1824
SINE,2.2152
SINE,2.2336
SINE,2.2056
DNA,2.2144
LINE,2.1592
SINE,2.2368
SINE,2.144
SINE,2.2224
LINE,2.2336
SINE,2.1368
SINE,2.1424
SINE,2.2176
LINE,2.1576
SINE,2.0856
SINE,2.1064
LINE,2.2304
SINE,2.112
SINE,2.1592
SINE,2.0592
SINE,2.0336
SINE,2.0616
SINE,2.1672
SINE,2.1448
SINE,2.1632
SINE,2.2016
SINE,2.196
SINE,2.2024
SINE,2.1392
SINE,2.2072
SINE,2.1616
SINE,2.128
SINE,2.0352
SINE,2.048
SINE,2.132
SINE,2.144
SINE,2.1688
SINE,2.1576
SINE,2.1208
SINE,2.1584
SINE,2.1592
SINE,2.0856
SINE,2.1864
SINE,2.1752
unique/low-repeat,2.2368
SINE,2.2
SINE,2.1672
SINE,2.2184
unique/low-repeat,2.2248
LINE,2.2184
SINE,2.2328
SINE,2.0832
LINE,2.164
SINE,2.1952
SINE,2.172
SINE,2.1608
SINE,2.1328
SINE,2.14
SINE,1.972
SINE,2.1888
SINE,2.1952
SINE,2.2088
SINE,2.2
LTR,2.2272
LINE,2.2248
SINE,2.2392
LINE,2.236
LTR,2.2216
unique/low-repeat,2.0416
SINE,2.1984
SINE,2.2264
LINE,2.232
SINE,1.964
SINE,2.2296
SINE,2.2192
SINE,2.136
SINE,2.1736
SINE,2.1904
SINE,2.1336
SINE,2.2248
LTR,2.2304
LTR,2.2488
LTR,2.2256
LTR,2.2264
LTR,2.2552
LINE,2.2456
LINE,2.2312
LINE,2.2072
DNA,2.2384
LTR,2.2336
LTR,2.2304
LINE,2.2328
unique/low-repeat,2.2496
LINE,2.236
LTR,2.2208
SINE,2.2056
LINE,2.2304
SINE,2.22
LTR,2.2296
LINE,2.2128
LTR,2.2256
LINE,2.1152
LTR,2.2232
SINE,2.232
LINE,2.24
LINE,2.2288
LINE,2.2288
LTR,2.2072
LTR,2.236
LINE,2.1832
SINE,2.236
LTR,2.2248
SINE,2.2032
LINE,2.224
LTR,1.9736
LINE,2.2288
SINE,2.2296
LINE,2.2336
DNA,2.2456
LINE,2.2192
LTR,2.2192
LINE,2.2352
LTR,2.2232
LTR,2.2312
LTR,2.236
LINE,2.112
LINE,2.2112
SINE,2.2312
LTR,2.2344
LINE,2.2152
LTR,2.2368
LTR,2.244
LINE,2.232
LTR,2.236
LINE,2.1888
LTR,2.2344
LTR,2.2312
LTR,2.228
SINE,2.2304
LTR,2.2432
LTR,2.24
LINE,2.224
SINE,2.2232
LTR,2.1864
LTR,2.2176
DNA,2.2224
LTR,2.0248
SINE,2.2304
DNA,2.2368
LTR,2.2256
LTR,2.2312
LTR,2.2224
LTR,2.2232
LINE,2.2256
LINE,2.2296
LTR,2.2368
LINE,2.2192
LINE,2.2248
LTR,2.2032
LINE,2.2016
LTR,2.24
LINE,2.244
LINE,2.236
SINE,2.2208
LINE,2.244
unique/low-repeat,2.1016
unique/low-repeat,2.2488
LTR,2.2304
SINE,2.2472
LINE,2.2304
unique/low-repeat,2.2384
SINE,2.1216
LTR,2.22
LTR,2.1992
LINE,2.2208
SINE,2.2144
LINE,2.2224
Retroposon,2.1232
unique/low-repeat,2.2112
unique/low-repeat,2.248
unique/low-repeat,1.8312
LINE,2.2144
LTR,2.0776
LTR,2.2288
unique/low-repeat,2.196
LTR,2.24
SINE,2.2112
SINE,2.2384
LTR,2.204
SINE,2.2104
SINE,2.1744
SINE,2.2304
unique/low-repeat,2.2464
LINE,2.2176
SINE,2.124
LTR,1.9312
LINE,2.2008
LTR,2.2088
unique/low-repeat,1.4968
unique/low-repeat,1.0904
unique/low-repeat,2.2256
SINE,2.036
LINE,1.9672
unique/low-repeat,2.0216
unique/low-repeat,2.1936
SINE,2.1808
SINE,2.1536
SINE,2.1672
SINE,2.132
SINE,2.16
LINE,2.1896
LINE,2.2192
SINE,2.224
LINE,2.2304
LINE,2.232
SINE,2.2152
LINE,2.236
LINE,2.2336
LINE,2.2056
LTR,2.2496
other-repeat,2.0184
other-repeat,2.1576
other-repeat,1.9624
Simple_repeat,1.9392
Simple_repeat,2.1224
Simple_repeat,1.3712
other-repeat,2.1544
other-repeat,1.9752
SINE,2.1312
other-repeat,2.156
Simple_repeat,1.5752
Simple_repeat,1.9328
Simple_repeat,2.116
Simple_repeat,1.4616
SINE,2.1968
Simple_repeat,1.6656
Simple_repeat,1.92
Simple_repeat,1.8088
Simple_repeat,2.1528
Simple_repeat,1.8648
other-repeat,2.18
other-repeat,1.9448
Simple_repeat,1.9128
Simple_repeat,1.6656
other-repeat,2.148
SINE,1.9208
other-repeat,2.1576
Simple_repeat,1.8616
Simple_repeat,1.2856
SINE,2.152
other-repeat,2.1728
other-repeat,1.9336
Simple_repeat,1.9016
other-repeat,1.948
SINE,2.1472
other-repeat,1.9672
SINE,2.112
other-repeat,2.1544
SINE,2.1312
other-repeat,2.1504
SINE,2.1424
Simple_repeat,1.9328
SINE,1.916
other-repeat,2.1112
Simple_repeat,1.9232
SINE,2.124
SINE,1.9344
Simple_repeat,1.4776
Simple_repeat,2.0744
SINE,2.1768
other-repeat,2.1128
other-repeat,1.9496
other-repeat,2.148
Simple_repeat,2.1496
other-repeat,2.02
Simple_repeat,1.6488
other-repeat,2.1568
other-repeat,1.9544
Simple_repeat,1.7232
Simple_repeat,2.1208
other-repeat,1.9552
other-repeat,2.1304
other-repeat,2.1648
SINE,2.0944
other-repeat,2.1864
Satellite,2.0896
LTR,2.2216
LINE,2.2248
SINE,2.2144
LINE,2.2168
DNA,2.192
LTR,2.0056
LINE,2.1288
LTR,2.18
SINE,2.0536
LTR,2.0904
other-repeat,2.2168
SINE,2.2336
Satellite,1.8888
LTR,2.2272
LTR,2.2352
LINE,2.2576
Satellite,2.1896
LINE,2.2544
SINE,2.1952
other-repeat,2.22
LINE,2.2312
LINE,2.2
SINE,2.1936
LTR,2.2192
unique/low-repeat,2.2248
LINE,2.2064
DNA,2.2168
LTR,2.2096
LINE,2.2336
LINE,2.2408
LINE,2.2016
LINE,2.2392
LTR,2.2176
LINE,2.1392
LINE,2.2408
SINE,2.2208
SINE,2.2024
SINE,2.2176
unique/low-repeat,2.2584
SINE,2.2328
SINE,2.2288
LINE,2.2152
LINE,2.2304
LINE,2.2248
unique/low-repeat,1.464
LINE,2.2232
LTR,2.2192
LINE,2.1696
SINE,2.208
SINE,2.2216
LTR,2.2264
LTR,2.224
LINE,2.2376
Retroposon,2.2256
LINE,2.2216
LINE,2.2344
LINE,2.212
SINE,2.2456
LINE,2.2216
LINE,2.2448
LINE,2.2016
LINE,2.2288
LINE,2.2248
LINE,2.2552
SINE,2.2248
LINE,2.2416
SINE,2.2488
LINE,2.2128
LINE,2.2296
SINE,2.1408
SINE,2.2312
SINE,2.22
LINE,2.236
LTR,2.2416
LINE,2.2464
SINE,2.2288
SINE,2.1896
Retroposon,2.0192
SINE,2.0608
SINE,2.0432
SINE,2.1904
SINE,2.2304
SINE,2.192
LINE,2.2384
unique/low-repeat,2.2456
LINE,2.2432
LINE,2.2376
LINE,2.2312
SINE,2.2016
Simple_repeat,2.1024
SINE,2.2232
SINE,2.2136
LINE,2.1552
DNA,2.2288
LINE,2.1888
SINE,2.2088
SINE,2.1288
SINE,2.2208
SINE,2.216
LINE,2.1976
SINE,2.1856
SINE,2.1776
LINE,2.2416
LINE,2.2352
LINE,2.2056
LINE,2.2032
LINE,2.2328
LINE,2.2272
LINE,2.2104
LINE,2.236
LINE,2.2504
LTR,2.2424
SINE,2.24
SINE,2.2056
LINE,2.2032
LINE,2.2384
LINE,2.2088
LINE,2.2368
LINE,2.2416
LINE,2.208
SINE,2.2248
unique/low-repeat,2.2424
LINE,2.2272
LTR,2.2272
LINE,2.248
LINE,2.2224
SINE,2.2232
Simple_repeat,2.148
LINE,2.2312
LTR,2.2504
SINE,2.1952
LINE,2.1904
SINE,2.2288
LTR,2.2368
unique/low-repeat,2.2344
LINE,2.2368
SINE,2.2232
DNA,2.2312
LTR,2.228
LINE,2.1944
LINE,2.224
LINE,2.2248
unique/low-repeat,2.2288
LINE,2.2384
LTR,2.2408
LTR,2.2192
LINE,2.2256
LTR,2.256
LINE,2.2352
LINE,2.2424
unique/low-repeat,2.2376
unique/low-repeat,2.2368
DNA,2.196
LTR,2.2424
SINE,2.2336
LINE,2.248
LINE,2.2288
SINE,2.224
SINE,2.2312
LINE,2.1752
LINE,2.2344
SINE,2.2184
LINE,2.2264
DNA,2.2416
SINE,2.2008
SINE,2.1784
LINE,2.2088
LINE,2.2272
SINE,2.2072
LTR,2.2336
SINE,2.212
LINE,2.1976
unique/low-repeat,2.2376
LTR,2.2272
LINE,2.2024
LINE,2.2104
LINE,2.2024
SINE,2.2472
SINE,2.2136
SINE,2.2312
LTR,2.2176
SINE,2.2232
unique/low-repeat,2.236
LINE,2.2272
SINE,2.2232
LINE,2.2264
SINE,2.2408
LINE,2.2184
LINE,2.228
unique/low-repeat,2.2336
LINE,2.2304
LINE,2.2312
LINE,2.2232
LINE,2.2232
DNA,2.2104
LINE,2.2472
LTR,2.2152
LINE,2.2344
LINE,2.228
LINE,2.2376
LINE,2.2568
Low_complexity,1.4224
LINE,2.2304
LINE,2.224
LINE,2.2112
SINE,2.2416
LINE,2.196
SINE,2.1848
SINE,2.1856
SINE,2.2232
unique/low-repeat,2.2248
SINE,2.2192
LINE,2.2288
unique/low-repeat,2.2544
unique/low-repeat,2.26
LINE,2.2168
SINE,2.2232
SINE,2.02
SINE,2.1984
SINE,2.1984
SINE,2.0536
SINE,2.1984
SINE,2.2192
unique/low-repeat,2.2376
DNA,2.2224
LINE,2.1984
LINE,2.2184
LINE,2.224
LINE,2.2496
LINE,2.2464
SINE,2.2504
LINE,2.2368
LINE,2.2048
SINE,2.1984
SINE,2.2056
LINE,2.224
LTR,2.248
LINE,2.2248
LINE,2.2152
LINE,2.2344
LINE,2.2272
LINE,2.244
LINE,2.2496
LINE,2.212
unique/low-repeat,2.2328
LINE,2.2312
LINE,2.2192
LINE,2.2328
LINE,2.2312
LINE,2.208
LINE,2.168
LINE,2.2008
SINE,2.1592
unique/low-repeat,2.2296
unique/low-repeat,2.248
unique/low-repeat,2.2432
DNA,2.2304
LINE,2.2152
LINE,2.2416
LINE,2.204
LINE,2.2288
DNA,2.2256
LTR,2.248
SINE,2.2368
LTR,2.2192
LINE,2.2432
SINE,2.1288
SINE,2.2144
SINE,2.1944
SINE,2.2384
SINE,2.2432
LINE,2.22
LTR,2.2216
LTR,2.2272
SINE,2.2168
SINE,2.2208
LTR,2.2352
LINE,2.224
LINE,2.2136
DNA,2.2408
LINE,2.256
LINE,2.2352
LINE,2.2288
LINE,2.2304
LTR,2.2352
LINE,2.2216
LINE,2.2224
LTR,2.2248
LINE,2.2128
SINE,2.2096
LTR,2.232
LTR,2.1872
SINE,2.2136
LINE,2.2368
SINE,2.216
SINE,2.208
SINE,2.22
SINE,2.2152
SINE,2.2248
SINE,2.2224
LINE,2.2376
LINE,2.216
SINE,2.2048
Retroposon,2.1416
LINE,2.2104
LINE,2.2264
LINE,2.2432
LTR,2.2288
LINE,2.2184
LTR,2.2344
LINE,2.2288
LINE,2.232
unique/low-repeat,2.2496
LINE,2.2224
SINE,2.2568
unique/low-repeat,2.2232
unique/low-repeat,2.224
unique/low-repeat,2.2272
SINE,2.2304
SINE,2.2488
LINE,2.2304
LINE,2.2256
LINE,2.2392
SINE,2.2424
LTR,2.2336
LTR,2.2368
LINE,2.2464
SINE,2.2304
SINE,2.2144
LINE,2.152
LINE,2.232
LTR,2.216
LINE,2.2024
LTR,2.232
LINE,2.2184
LINE,2.2248
LINE,2.2176
LINE,2.2312
LTR,2.2264
SINE,2.2328
LINE,2.248
DNA,2.2216
LINE,2.2136
LINE,2.2376
LTR,2.2288
LINE,2.236
SINE,2.1912
unique/low-repeat,2.2456
LINE,2.2208
LINE,2.2112
LINE,2.2032
unique/low-repeat,2.2104
LINE,2.2016
unique/low-repeat,2.1968
LINE,2.2024
LTR,2.2256
LINE,2.212
LINE,2.2192
SINE,2.2376
SINE,2.2104
unique/low-repeat,2.2328
LINE,2.2176
unique/low-repeat,2.2376
unique/low-repeat,2.2336
DNA,2.2344
SINE,2.216
LTR,2.228
LTR,2.2232
LINE,2.212
LINE,2.2472
SINE,2.2328
unique/low-repeat,2.2296
LINE,2.2264
LINE,2.2176
unique/low-repeat,2.22
LTR,2.2328
LINE,2.2272
SINE,2.2144
LINE,2.2448
LINE,2.2136
LINE,2.2384
LINE,2.2296
LINE,2.2056
LINE,2.2248
LTR,2.2344
LINE,2.2192
LINE,2.2328
SINE,2.2232
LTR,2.2216
LINE,2.2216
unique/low-repeat,2.2128
SINE,2.2384
LINE,2.212
LINE,2.2128
SINE,2.228
LINE,2.2296
LINE,2.2248
LINE,2.2184
LINE,2.2208
LINE,2.2168
LINE,2.2264
LINE,2.2384
LTR,2.2288
unique/low-repeat,2.2152
SINE,2.2224
LINE,2.2096
SINE,2.2056
LINE,2.2368
unique/low-repeat,2.2392
SINE,2.2264
unique/low-repeat,2.2192
LINE,2.24
LINE,2.2264
LTR,2.224
LINE,2.2144
unique/low-repeat,2.2472
LINE,2.2256
SINE,2.2152
LINE,2.2248
LINE,2.2328
LINE,2.228
LINE,2.2152
unique/low-repeat,2.2288
unique/low-repeat,2.2304
SINE,2.2224
LINE,2.224
SINE,2.2296
LINE,2.208
unique/low-repeat,2.2296
SINE,2.232
SINE,2.2112
DNA,2.224
unique/low-repeat,2.2328
SINE,2.1856
SINE,2.192
LINE,2.2088
unique/low-repeat,2.2352
LINE,2.2248
LTR,2.2392
LINE,2.1616
SINE,2.1784
Retroposon,2.16
unique/low-repeat,2.2312
LINE,2.2568
LINE,2.2424
LINE,2.224
LINE,2.1856
SINE,2.2168
LINE,2.2112
SINE,2.232
LINE,2.2152
SINE,2.2072
LINE,2.2352
LTR,2.228
LINE,2.22
LINE,2.2216
LINE,2.2248
SINE,2.1936
LINE,2.2096
LINE,2.244
LINE,2.2264
LINE,2.224
LINE,2.2216
LINE,2.232
LTR,2.2328
LINE,2.2248
LINE,2.196
LINE,2.2296
LTR,2.216
unique/low-repeat,2.2312
LINE,2.2336
LTR,2.2448
LINE,2.2264
SINE,2.2272
LINE,2.2208
LINE,2.2168
LTR,2.248
LTR,2.2208
SINE,2.2176
LINE,2.2288
unique/low-repeat,2.24
unique/low-repeat,2.2376
SINE,2.24
LINE,2.2048
LINE,2.2144
LINE,2.1992
unique/low-repeat,2.2424
LINE,2.2264
LINE,2.1968
LTR,2.224
LINE,2.2264
LINE,2.2472
LTR,2.2192
LINE,2.2272
LINE,2.2096
DNA,2.2376
SINE,2.2328
LINE,2.24
LINE,2.24
SINE,2.2392
LINE,2.2056
LINE,2.2392
unique/low-repeat,2.2544
LTR,2.1784
SINE,2.2136
SINE,2.2368
SINE,2.236
SINE,2.18
SINE,2.1896
LTR,2.2064
SINE,2.1976
LINE,2.2272
SINE,2.2008
Simple_repeat,1.7472
LINE,2.24
LINE,2.2216
LTR,2.2312
LINE,2.2416
LTR,2.2296
LINE,2.2272
DNA,2.2272
LINE,2.2328
LINE,2.252
LINE,2.232
LINE,2.2312
unique/low-repeat,2.2368
SINE,2.2248
LINE,2.2352
LINE,2.2264
LINE,2.2232
LINE,2.2256
SINE,2.2184
Satellite,1.9536
LINE,2.2328
LINE,2.252
LINE,2.2336
LINE,2.2048
LINE,2.2216
LINE,2.1896
LTR,2.2528
LINE,2.2112
LINE,2.2224
LINE,2.2144
LINE,2.2072
SINE,2.228
LINE,2.2064
LTR,2.2104
LINE,2.2096
LINE,2.2264
LINE,2.2184
unique/low-repeat,2.2264
LTR,2.2368
LINE,2.2256
LINE,2.2304
LTR,2.2416
LTR,2.22
SINE,2.22
SINE,2.1912
LTR,2.2008
DNA,2.2288
LINE,2.2368
SINE,2.224
LINE,2.208
LINE,2.0504
SINE,2.2408
LINE,2.268
LTR,2.2208
LINE,2.2056
LTR,2.2056
LTR,2.2192
LTR,2.2264
LINE,2.2208
LTR,2.232
LINE,2.2352
SINE,2.1952
LTR,2.2456
SINE,2.2232
LINE,2.2048
LINE,2.1872
SINE,2.2048
SINE,2.2176
LINE,2.2016
SINE,2.2152
SINE,2.2288
LINE,2.208
LINE,2.2096
SINE,2.2184
LTR,2.2264
LINE,2.2088
SINE,2.0992
SINE,2.1984
SINE,2.2248
SINE,2.204
SINE,2.1368
SINE,2.2256
unique/low-repeat,2.2072
LINE,2.2216
LINE,2.236
LTR,2.2192
LINE,2.2216
LINE,2.224
LINE,2.228
LINE,2.2128
SINE,2.2424
LINE,2.2144
LINE,2.2264
LINE,2.22
unique/low-repeat,2.228
LINE,2.2376
LINE,2.2304
LTR,2.232
LINE,2.2304
LINE,2.2392
unique/low-repeat,2.2352
LINE,2.2344
LINE,2.2432
LINE,2.2416
LTR,2.2416
LINE,2.2048
LTR,2.2376
LINE,2.2096
unique/low-repeat,2.2456
LINE,2.2232
LINE,2.2248
LINE,2.2248
SINE,2.2304
LTR,2.2312
SINE,2.2352
SINE,2.2248
LTR,2.22
LINE,2.2448
LTR,2.228
LINE,2.2328
LTR,2.228
LTR,2.232
LINE,2.24
LTR,2.2592
LINE,2.2272
LINE,2.2208
LINE,2.2104
LINE,2.1888
SINE,2.1872
LINE,2.2328
LINE,2.2136
SINE,2.2104
SINE,2.2264
SINE,2.2248
SINE,2.2168
unique/low-repeat,2.2472
LINE,2.2472
LTR,2.2264
LINE,2.2208
LTR,2.2192
LINE,2.2296
LTR,2.22
LINE,2.2168
LTR,2.212
SINE,2.2272
LTR,2.2192
LINE,2.2176
LINE,2.2184
LINE,2.228
LINE,2.2072
LINE,2.2136
LINE,2.2152
LINE,2.212
LINE,2.2272
LINE,2.2264
LINE,2.208
LINE,2.2112
unique/low-repeat,2.2144
LTR,2.2312
LINE,2.216
SINE,2.216
LINE,2.224
LTR,2.2352
LTR,2.2288
LTR,2.2232
LINE,2.2104
LINE,2.2096
LTR,2.2072
LINE,2.2024
unique/low-repeat,2.22
SINE,2.2312
LINE,2.2032
LTR,2.2152
LINE,2.1992
unique/low-repeat,2.2152
LINE,2.1952
LINE,2.2024
LTR,2.2056
LINE,2.22
DNA,2.1904
DNA,2.2208
LTR,2.2216
DNA,2.212
LTR,2.2072
LINE,2.208
LINE,2.2072
LINE,2.2208
DNA,2.1504
LTR,2.1976
unique/low-repeat,2.2216
LINE,2.2264
LINE,2.2272
DNA,2.2128
LINE,2.2088
unique/low-repeat,2.2112
LINE,2.2152
LINE,2.2112
LINE,2.2256
LINE,2.216
LINE,2.2136
LINE,2.2328
LTR,2.2176
LINE,2.2024
LINE,2.1984
SINE,2.1792
LINE,2.2144
LINE,2.0576
LINE,2.2224
LINE,2.22
LINE,2.1944
LTR,2.2216
SINE,2.228
unique/low-repeat,2.2256
LINE,2.22
LINE,2.2368
DNA,2.22
LINE,2.2144
LINE,2.2264
LTR,2.2184
unique/low-repeat,2.2224
LINE,2.2176
LINE,2.2184
LINE,2.2208
LINE,2.216
LTR,2.236
unique/low-repeat,2.224
LINE,2.212
LINE,2.2152
unique/low-repeat,2.2072
LINE,2.2224
LINE,2.2304
LINE,2.2416
LINE,2.2264
LINE,2.2136
LTR,2.2328
LTR,2.224
LINE,2.2256
LINE,2.2048
LINE,2.2344
LINE,2.2232
LTR,2.2144
LINE,2.2384
LINE,2.2208
LINE,2.2136
LINE,2.2136
LTR,2.2184
LINE,2.248
unique/low-repeat,2.2048
LINE,2.2176
LINE,2.2208
unique/low-repeat,2.2272
LINE,2.2184
SINE,2.2248
LINE,2.268
LINE,2.2048
LTR,2.2384
SINE,2.2176
SINE,2.216
LINE,2.24
LINE,2.2272
LTR,2.236
LINE,2.232
LINE,2.2096
unique/low-repeat,2.2232
LINE,2.2248
LINE,2.2104
LINE,2.2184
LINE,2.2056
LINE,2.2048
LINE,2.2008
SINE,2.1976
LINE,2.2024
LINE,2.2104
LINE,2.2104
LTR,2.2072
LINE,2.2176
DNA,2.1088
LINE,2.216
SINE,2.1968
LTR,2.2184
LINE,2.2072
LTR,2.2368
LINE,2.2168
LINE,2.2184
LINE,2.2144
LTR,2.2392
LTR,2.208
LTR,2.2144
LINE,2.2232
LINE,2.2176
LTR,2.2408
LINE,2.2104
LTR,2.2192
LINE,2.1968
LTR,2.216
LINE,2.2
unique/low-repeat,2.2176
LTR,2.2216
unique/low-repeat,2.2152
LINE,2.2216
LINE,2.1952
LINE,2.224
LINE,2.2208
LINE,2.2072
LINE,2.2296
LTR,2.2232
LTR,2.2416
LTR,2.224
LTR,2.2024
LINE,2.216
LINE,2.228
LINE,2.216
LTR,2.2168
LTR,2.2152
LTR,2.2016
LTR,2.2176
LINE,2.2152
DNA,2.2256
LINE,2.216
DNA,2.2128
unique/low-repeat,2.2088
LINE,2.2096
LINE,2.2296
unique/low-repeat,2.2096
LINE,2.1992
LINE,2.2144
LTR,2.224
LTR,2.2224
LTR,2.2144
LTR,2.2152
LTR,2.2248
unique/low-repeat,2.2248
LINE,2.2352
LINE,2.2072
LINE,2.2352
LTR,2.2184
LTR,2.2176
LINE,2.2056
LINE,2.216
LINE,2.2152
LINE,2.2288
LINE,2.2296
unique/low-repeat,2.2088
LINE,2.216
LINE,2.2304
LINE,2.2184
LTR,2.208
LTR,2.2256
unique/low-repeat,2.2232
LTR,2.22
LINE,2.2312
LINE,2.1992
LTR,2.2216
LTR,2.228
unique/low-repeat,2.2216
LTR,2.228
LTR,2.2304
LTR,2.2296
unique/low-repeat,2.2176
LINE,2.2064
LINE,2.2208
unique/low-repeat,2.2352
unique/low-repeat,2.2256
LTR,2.2256
unique/low-repeat,2.2104
LINE,2.2136
LINE,2.2072
LTR,2.2384
unique/low-repeat,2.2288
LINE,2.2312
LINE,2.2232
LINE,2.2168
LINE,2.2216
unique/low-repeat,2.2184
unique/low-repeat,2.2224
SINE,2.2152
DNA,2.2152
unique/low-repeat,2.2072
LINE,2.2176
LINE,2.2288
LINE,2.224
LINE,2.2176
unique/low-repeat,2.2104
LTR,2.2288
LINE,2.2232
LTR,2.2136
LTR,2.2304
LINE,2.2192
LTR,2.2288
LINE,2.2272
LINE,2.224
LTR,2.2184
LINE,2.2136
LINE,2.228
LINE,2.2152
LINE,2.1968
LTR,2.2048
LINE,2.2088
LINE,2.2216
LTR,2.2024
LINE,2.2016
LINE,2.2176
LINE,2.2232
LINE,2.212
LINE,2.2128
LINE,2.2064
LTR,2.228
LINE,2.2184
LINE,2.2296
LINE,2.1968
LTR,2.2296
LINE,2.1752
LTR,2.228
LINE,2.2384
LINE,2.2408
LTR,2.2288
DNA,2.212
LTR,2.2184
LTR,2.2224
LTR,2.2096
LTR,2.208
LTR,2.212
LTR,2.22
unique/low-repeat,2.1896
DNA,2.236
LINE,2.2208
LINE,2.2112
LINE,2.2152
LINE,2.2128
LINE,2.2256
LINE,2.2192
LINE,2.2336
unique/low-repeat,2.204
LINE,2.208
LINE,2.2144
LTR,2.224
LTR,2.2176
DNA,2.224
SINE,2.212
LTR,2.2152
LTR,2.2272
LTR,2.2192
LINE,2.1168
LINE,2.2312
LTR,2.2096
LTR,2.2296
unique/low-repeat,2.212
LINE,2.2192
LINE,2.2176
SINE,2.2144
unique/low-repeat,2.2248
unique/low-repeat,2.236
unique/low-repeat,2.1992
unique/low-repeat,2.2136
SINE,2.1896
unique/low-repeat,2.212
unique/low-repeat,2.2256
LINE,2.2072
unique/low-repeat,2.212
LINE,2.232
SINE,2.2336
LINE,2.2136
LINE,2.2296
LINE,2.2288
LINE,2.22
LINE,2.2152
LINE,2.2248
unique/low-repeat,2.2104
LINE,2.2232
LINE,2.22
LINE,2.2352
SINE,2.2312
LTR,2.2264
LINE,2.2232
LINE,2.2152
LINE,2.232
LINE,2.2104
LINE,2.2032
LINE,2.208
LINE,2.2336
SINE,2.2024
SINE,2.1528
SINE,2.172
SINE,2.2016
SINE,2.0736
DNA,2.2256
LINE,2.2184
LINE,2.2352
LINE,2.2384
SINE,2.228
LINE,2.224
LINE,2.2208
LINE,2.2376
SINE,2.2232
LTR,2.2376
LTR,2.2352
DNA,2.22
LINE,2.2184
LINE,2.2336
LINE,2.2336
LINE,2.2248
DNA,2.2344
LINE,2.2208
LINE,2.2192
unique/low-repeat,2.2536
LINE,2.2232
SINE,2.216
LINE,2.22
LINE,2.2336
LINE,2.2272
LINE,2.2432
LINE,2.2384
LINE,2.2144
DNA,2.2128
unique/low-repeat,2.232
LTR,2.22
LTR,1.8112
LINE,2.2192
LINE,2.1816
LINE,2.2344
LINE,2.2048
unique/low-repeat,2.228
unique/low-repeat,2.24
LINE,2.2224
SINE,2.2552
LTR,2.2232
LINE,2.2184
SINE,2.1864
LINE,2.228
LINE,2.2168
unique/low-repeat,2.2328
unique/low-repeat,2.2408
LTR,2.2272
LINE,2.2272
SINE,2.2288
LINE,2.22
LINE,2.2216
unique/low-repeat,2.224
LINE,2.2104
LINE,2.2376
LINE,2.2312
LINE,2.224
LINE,2.2064
LINE,2.1584
LINE,2.228
LINE,2.1984
LINE,2.212
LTR,2.2264
unique/low-repeat,2.2608
LINE,2.232
LINE,2.2296
LINE,2.2184
LINE,2.244
LTR,2.216
LINE,2.2096
LINE,2.2352
LTR,2.2448
LINE,2.2288
LTR,2.2392
LINE,2.2112
LINE,2.2248
LTR,2.2296
LINE,2.2088
unique/low-repeat,2.2376
SINE,2.2304
LTR,2.22
LINE,2.2248
LINE,2.2072
SINE,2.2224
LINE,2.2248
LINE,2.2136
LINE,2.2072
LINE,2.216
LINE,2.2368
LINE,2.24
SINE,2.2176
LINE,2.2232
LINE,2.2168
LTR,2.2368
LINE,2.2216
LINE,2.2376
LINE,2.208
unique/low-repeat,2.22
LINE,2.2416
LINE,2.2464
LTR,2.22
SINE,2.216
LINE,2.2168
LINE,2.2312
LINE,2.204
LINE,2.2304
SINE,2.2312
SINE,2.196
SINE,2.2072
LTR,2.2416
LINE,2.212
LINE,2.2232
LINE,2.2096
LINE,2.0928
LINE,2.2136
LINE,2.2048
LINE,2.0912
LTR,2.2256
LINE,2.224
LTR,2.2184
LINE,2.204
LINE,2.2112
LINE,2.2208
SINE,2.216
LINE,2.2088
LINE,2.2192
LINE,2.2304
LINE,2.2208
LINE,2.2128
LINE,2.1944
LINE,2.2128
LTR,2.228
LTR,2.2168
LINE,2.204
LINE,2.2328
LTR,2.2336
LINE,2.224
LINE,2.2064
SINE,2.2368
LTR,2.2392
LINE,2.2208
SINE,2.212
LINE,2.1968
LINE,2.2
LINE,2.2128
LINE,2.2144
LINE,2.1832
LTR,2.2264
LTR,2.2208
LTR,2.1768
LTR,2.2352
LINE,2.2128
LINE,2.2176
LINE,2.204
unique/low-repeat,2.2232
LTR,2.2216
LTR,2.224
LTR,2.2336
LINE,2.2184
LTR,2.2056
LTR,2.2264
LINE,2.228
LTR,2.2208
LINE,2.2168
LINE,2.216
LINE,2.2184
LINE,2.2176
LINE,2.22
LINE,2.2216
LINE,2.228
LINE,2.2152
LINE,2.232
LTR,2.228
DNA,2.232
LTR,2.244
LTR,2.2256
unique/low-repeat,2.2112
LINE,2.2192
LINE,2.2168
LTR,2.2176
LINE,2.2336
LTR,2.2232
LTR,2.2352
LTR,2.2136
DNA,2.2272
unique/low-repeat,2.2184
LINE,2.2152
LINE,2.2176
LINE,2.2064
LINE,2.1944
LTR,2.224
LINE,2.2072
LINE,2.2288
LINE,2.2008
LINE,2.2232
LTR,2.2328
LINE,2.2168
LINE,2.2272
unique/low-repeat,2.2144
LINE,2.2136
LINE,2.232
LINE,2.2312
LINE,2.2336
LTR,2.2432
LINE,2.2016
LTR,2.2352
SINE,2.2264
LTR,2.2208
LINE,2.2096
LINE,2.2072
LINE,2.2232
LINE,2.2128
SINE,2.2192
LINE,2.2536
unique/low-repeat,2.18
LINE,2.2256
LINE,2.2392
SINE,2.188
LINE,2.2168
LTR,2.2248
LINE,2.2184
LINE,2.2152
LINE,2.22
LINE,2.2056
LINE,2.2232
LINE,2.236
LINE,2.2192
LTR,2.2048
LTR,2.2336
LINE,2.2184
LINE,2.2296
LINE,2.2072
LINE,2.2304
LTR,2.2264
LINE,2.2144
LINE,2.2056
LINE,2.0568
LINE,2.232
LINE,2.2056
LINE,2.212
LTR,2.2288
LINE,2.2328
LINE,2.1912
LINE,2.1904
LINE,2.2312
LTR,2.2272
LINE,2.208
LINE,2.2208
LINE,2.2176
LINE,2.2048
LINE,2.2144
LINE,2.2208
LINE,2.1592
SINE,2.2144
LTR,2.232
LTR,2.2208
LINE,2.1968
LTR,2.2032
LINE,2.2328
LINE,2.2304
LTR,2.2224
LINE,2.1928
SINE,2.2104
LINE,2.208
LINE,2.1968
LTR,2.2376
unique/low-repeat,2.2272
LINE,2.2056
LINE,2.2184
unique/low-repeat,2.2112
LINE,2.204
LTR,2.188
LINE,2.2048
LINE,2.2048
LTR,2.22
LINE,2.2144
LINE,2.2328
LTR,2.224
LINE,2.208
LINE,2.2256
LINE,2.2072
LINE,2.2136
LINE,2.2144
LINE,2.216
LTR,2.2312
LTR,2.2272
LINE,2.2008
LINE,2.2064
LTR,2.2088
LINE,2.1968
LINE,2.2072
LTR,2.236
SINE,2.2088
LTR,2.2088
LINE,2.2304
LTR,2.2296
LTR,2.224
unique/low-repeat,2.208
LINE,2.2232
SINE,2.2376
LINE,2.2256
LINE,2.2064
DNA,2.2328
LINE,2.22
LTR,2.2432
LTR,2.2272
LTR,2.2464
LTR,2.2232
LINE,2.2232
LTR,2.2296
unique/low-repeat,2.22
LINE,2.2296
LINE,2.2208
LINE,2.216
LINE,2.2168
unique/low-repeat,2.2184
LINE,2.1864
LTR,2.2368
LINE,2.2224
LINE,2.1896
LINE,2.2224
unique/low-repeat,2.212
LTR,2.2104
LINE,2.2288
unique/low-repeat,2.2216
LINE,2.2104
LINE,2.2248
SINE,2.2328
unique/low-repeat,2.2352
LINE,2.2328
LINE,2.2408
LINE,2.2168
LINE,2.2248
LINE,2.1936
LTR,2.2336
LINE,2.2112
LTR,2.2384
LINE,2.224
LINE,2.2248
LINE,2.2312
LINE,2.1664
LINE,2.2296
LINE,2.2216
unique/low-repeat,2.2272
unique/low-repeat,2.2168
DNA,2.232
LINE,2.22
DNA,2.2304
unique/low-repeat,2.2248
unique/low-repeat,2.2208
LINE,2.2376
LTR,2.2448
LINE,2.2456
LINE,2.2168
LINE,2.2288
unique/low-repeat,2.2424
LINE,2.2248
LINE,2.2024
LINE,2.2264
SINE,2.2312
unique/low-repeat,2.228
SINE,2.2208
DNA,2.2336
LINE,2.2192
LTR,2.2304
LINE,2.2312
DNA,2.2368
LINE,2.236
LTR,2.224
LINE,2.2128
LTR,2.2104
unique/low-repeat,2.2552
LINE,2.216
SINE,2.236
SINE,2.2352
unique/low-repeat,2.244
LINE,2.2264
unique/low-repeat,2.2304
DNA,2.2408
SINE,2.2224
SINE,2.2288
LINE,2.2392
SINE,2.2264
SINE,2.248
SINE,2.1496
SINE,2.132
SINE,2.1744
SINE,2.2088
LTR,2.2072
LINE,2.2192
LINE,2.2328
unique/low-repeat,2.2376
LINE,2.216
LTR,2.2272
LINE,2.2328
LINE,2.2432
SINE,2.228
LINE,2.208
LINE,2.2184
LINE,2.224
LINE,2.216
LINE,2.208
LINE,2.2248
LINE,2.232
LINE,2.216
SINE,2.2144
LTR,2.2376
LINE,2.2264
unique/low-repeat,2.2304
LINE,2.2096
LINE,2.2184
LINE,2.2376
LINE,2.2376
LINE,2.2472
LTR,2.2392
LINE,2.212
LTR,2.2456
SINE,2.244
SINE,2.2296
unique/low-repeat,2.2552
LINE,2.212
LINE,2.2368
LTR,2.2384
LINE,2.2296
LTR,2.2248
LINE,2.224
SINE,2.208
SINE,2.1208
SINE,2.1888
unique/low-repeat,2.244
SINE,2.2224
SINE,2.2232
SINE,2.2368
unique/low-repeat,2.2592
SINE,2.2432
SINE,2.2264
SINE,2.2104
SINE,2.18
SINE,2.1536
SINE,2.1984
LTR,2.2352
LTR,2.2416
SINE,2.2376
LINE,2.2448
LINE,2.228
LTR,2.2336
LINE,2.2328
DNA,2.2392
SINE,2.1792
LINE,2.236
LINE,2.232
LTR,2.2368
LINE,2.2496
LTR,2.2272
LTR,2.2024
LTR,2.2536
LTR,2.212
unique/low-repeat,2.2408
SINE,2.2112
SINE,2.0864
unique/low-repeat,2.2312
SINE,2.2056
unique/low-repeat,2.256
SINE,2.0808
SINE,2.1536
SINE,2.1416
SINE,2.1336
SINE,2.2376
SINE,2.1744
SINE,2.2008
LTR,2.248
LINE,2.2248
LTR,2.2152
unique/low-repeat,2.2488
unique/low-repeat,2.232
LTR,2.2288
SINE,2.2352
LTR,2.228
LINE,2.2192
LINE,2.204
LINE,2.1824
LINE,2.2416
LTR,2.2464
LTR,2.236
LINE,2.2272
Simple_repeat,2.2072
LINE,2.208
SINE,2.2296
SINE,2.2216
LINE,2.2
LINE,2.2168
unique/low-repeat,2.228
Simple_repeat,2.1416
LINE,2.2128
LINE,2.216
unique/low-repeat,2.2192
unique/low-repeat,2.2296
SINE,2.2288
LINE,2.232
LINE,2.2296
LINE,2.236
unique/low-repeat,2.2336
LINE,2.22
LINE,2.228
LINE,2.2296
LTR,2.232
LTR,2.2112
DNA,2.2576
LINE,2.2048
SINE,2.232
LINE,2.1808
LINE,2.2304
unique/low-repeat,2.2288
LTR,2.2208
LINE,2.228
unique/low-repeat,2.2432
LINE,2.2056
LTR,2.2272
LTR,2.2408
LTR,2.2384
SINE,2.2296
LINE,2.2192
LTR,2.2232
unique/low-repeat,2.2144
SINE,2.2296
unique/low-repeat,2.2344
LTR,2.2216
LINE,2.2232
LINE,2.2408
LTR,2.2296
LINE,2.2368
LINE,2.228
LINE,2.22
LTR,2.2272
unique/low-repeat,2.2296
unique/low-repeat,2.2232
LTR,2.2312
LINE,2.2344
LINE,2.2112
LINE,2.2208
DNA,2.2288
unique/low-repeat,2.2312
LINE,2.2336
LTR,2.1904
LTR,2.2336
LTR,2.2304
LINE,2.2184
unique/low-repeat,2.2192
LINE,2.2224
LTR,2.232
LINE,2.232
LINE,2.2352
LINE,2.2304
SINE,2.2328
SINE,2.2448
DNA,2.22
LINE,2.2328
LTR,2.2336
LINE,2.2232
DNA,2.2264
LINE,2.2184
LINE,2.2312
LINE,2.228
LINE,2.2432
unique/low-repeat,2.228
SINE,2.2392
unique/low-repeat,2.2432
unique/low-repeat,2.2552
LINE,2.2392
LTR,2.2248
LINE,2.2392
LINE,2.2312
unique/low-repeat,2.22
LINE,2.2192
LTR,2.2344
LTR,2.2408
SINE,2.2224
SINE,2.2504
unique/low-repeat,2.2192
LTR,2.2192
LTR,2.2272
DNA,2.2264
unique/low-repeat,2.2288
LINE,2.2336
LINE,2.2224
LINE,2.2344
LINE,2.2296
SINE,2.2384
LTR,2.24
LINE,2.2416
unique/low-repeat,2.2336
LINE,2.2096
unique/low-repeat,2.2248
DNA,2.2256
SINE,2.228
DNA,2.2376
unique/low-repeat,2.2224
LTR,2.2224
LINE,2.232
LINE,2.228
LINE,2.2152
LINE,2.2488
LINE,2.232
LINE,2.2168
LINE,2.1984
unique/low-repeat,2.2192
unique/low-repeat,2.2336
LINE,2.22
LINE,2.2336
LINE,2.2368
LINE,2.2048
unique/low-repeat,2.2272
LINE,2.2536
LINE,2.2144
unique/low-repeat,2.2184
LINE,2.1736
unique/low-repeat,2.2384
LTR,2.092
LTR,2.2256
LINE,2.228
LINE,2.2112
SINE,2.1792
LINE,2.2184
LTR,2.2104
SINE,2.2184
LINE,2.2472
LTR,2.236
unique/low-repeat,2.2456
unique/low-repeat,2.2392
LINE,2.2424
unique/low-repeat,2.1352
unique/low-repeat,2.2008
SINE,2.2136
SINE,2.2048
SINE,2.224
LTR,2.1816
LINE,2.228
LTR,2.224
LINE,2.2408
LINE,2.2296
LINE,2.1904
unique/low-repeat,2.256
unique/low-repeat,2.248
unique/low-repeat,2.2336
LINE,2.108
SINE,2.2408
unique/low-repeat,2.2272
LTR,2.1424
LINE,2.2304
LINE,2.2472
LTR,2.1864
LTR,2.228
LINE,2.2128
unique/low-repeat,2.1352
other-repeat,0.7616
LINE,2.2512
LTR,2.2416
LINE,2.2264
DNA,2.1712
LINE,2.2128
SINE,2.1176
SINE,2.104
unique/low-repeat,1.8664
unique/low-repeat,2.1568
SINE,2.0488
LTR,2.1648
SINE,2.168
SINE,2.1808
unique/low-repeat,2.0752
LINE,2.2264
LINE,2.164
LINE,2.0472
unique/low-repeat,2.2376
LINE,2.0816
LTR,2.2312
LINE,2.212
LINE,2.1256
LINE,2.2232
unique/low-repeat,2.2216
SINE,2.216
LINE,2.2184
LINE,2.2336
LINE,2.212
unique/low-repeat,2.232
LINE,2.2104
LTR,2.2344
LINE,2.2024
Simple_repeat,1.9376
Simple_repeat,2.0904
other-repeat,2.1824
Simple_repeat,1.472
Simple_repeat,2.1144
SINE,2.1344
other-repeat,2.1552
Simple_repeat,1.9336
Simple_repeat,2.0608
other-repeat,2.128
Simple_repeat,1.5816
Simple_repeat,1.4896
Simple_repeat,2.1544
SINE,2.1344
other-repeat,2.152
SINE,2.1208
SINE,2.1736
SINE,2.1248
Simple_repeat,2.0544
LTR,2.2392
LINE,2.2104
DNA,2.2248
Satellite,2.0184
LTR,2.2352
unique/low-repeat,2.2216
LINE,2.22
LINE,2.236
Simple_repeat,1.9016
other-repeat,2.1352
LTR,2.2288
DNA,2.2128
LINE,2.2232
LTR,2.196
LTR,2.2176
LTR,2.2304
LTR,2.1312
SINE,2.2088
LINE,2.18
SINE,2.2328
LINE,2.1712
LTR,2.1464
Satellite,2.1456
LINE,2.2336
LTR,2.2248
LINE,2.2088
LINE,2.1216
LTR,2.228
LINE,2.1816
LINE,2.228
LINE,2.2128
SINE,2.1944
SINE,2.08
LINE,2.2288
LINE,2.2296
LINE,2.2256
LINE,2.2168
LINE,2.2112
LINE,2.216
LINE,2.2176
Satellite,2.136
LINE,2.2128
Simple_repeat,2.0736
LINE,2.2264
Low_complexity,2.0248
LINE,2.2248
Satellite,2.24
LINE,2.2072
LINE,1.7936
SINE,2.1552
LINE,2.2344
LINE,2.1728
LINE,2.2072
Satellite,2.1528
unique/low-repeat,2.2504
LTR,2.2304
LINE,2.2352
SINE,2.212
Satellite,2.1976
LINE,2.2464
LTR,2.2064
LINE,2.2192
unique/low-repeat,2.2016
LINE,2.2464
LINE,2.1456
SINE,2.2008
LINE,2.2168
LINE,2.2272
LINE,2.1984
unique/low-repeat,2.2104
unique/low-repeat,2.2144
LTR,2.2224
LINE,2.2192
LINE,2.2248
LINE,2.2304
LINE,2.2096
LINE,2.2208
LINE,2.2296
SINE,2.2016
SINE,2.1928
LINE,2.2168
SINE,2.2224
SINE,2.2384
SINE,2.168
SINE,2.1984
SINE,2.236
LTR,2.2352
LTR,2.228
LTR,2.2432
LTR,2.2296
LINE,2.2264
LINE,2.2424
SINE,2.2352
SINE,2.1704
LINE,2.208
LINE,2.0848
unique/low-repeat,2.2488
SINE,2.1752
SINE,2.1632
SINE,2.2104
SINE,2.2144
SINE,2.1952
SINE,2.232
SINE,2.1704
SINE,2.1856
SINE,2.1976
SINE,2.2048
LTR,2.2448
LINE,2.224
LINE,2.2304
LTR,2.212
LINE,2.2312
LINE,2.2184
LTR,2.2296
LTR,2.196
LINE,2.2272
LTR,2.2344
LINE,2.2304
LTR,2.2456
LINE,2.228
LINE,2.2208
unique/low-repeat,2.2408
SINE,2.196
LTR,2.2192
LINE,2.2232
Satellite,2.0848
LTR,2.2128
SINE,2.0664
unique/low-repeat,2.24
unique/low-repeat,2.2296
SINE,2.22
SINE,2.2088
SINE,2.1968
SINE,2.1448
unique/low-repeat,2.2408
SINE,2.2128
SINE,2.216
SINE,2.2432
SINE,2.1896
SINE,2.2064
SINE,2.2288
SINE,2.2656
LTR,2.1408
unique/low-repeat,2.2144
SINE,2.184
SINE,2.1936
LTR,2.232
LINE,2.2344
LTR,2.2344
LTR,2.2208
LINE,2.1672
SINE,2.22
unique/low-repeat,2.2264
unique/low-repeat,2.2264
SINE,2.2264
SINE,2.1568
SINE,2.2088
unique/low-repeat,2.2168
SINE,2.212
unique/low-repeat,2.2448
SINE,2.1696
LINE,2.2328
unique/low-repeat,2.2256
unique/low-repeat,2.236
LTR,2.216
LINE,2.2224
LINE,2.2264
LTR,2.2328
LINE,2.2272
unique/low-repeat,2.2296
SINE,2.2432
SINE,2.2328
LINE,2.2248
LINE,2.2312
LINE,2.2296
LTR,2.2112
LINE,2.236
LINE,2.2104
LINE,2.2248
LINE,2.2184
LINE,2.2216
LINE,2.228
LINE,2.2152
LTR,2.2264
unique/low-repeat,2.2408
LINE,2.2288
LINE,2.212
LTR,2.1872
LINE,2.2264
LTR,2.236
LINE,2.1232
LINE,2.2304
unique/low-repeat,2.228
LINE,2.2168
LTR,2.2264
LINE,2.2112
LINE,2.2328
unique/low-repeat,2.2248
unique/low-repeat,2.2192
LINE,2.2144
LINE,2.22
LINE,2.216
LINE,2.2264
LINE,2.2152
LINE,2.2208
LTR,2.232
unique/low-repeat,2.2272
LINE,2.2152
LTR,2.2168
LINE,2.2184
LINE,2.2136
LTR,2.2
LTR,2.2272
unique/low-repeat,2.2128
LINE,2.1832
LINE,2.2192
LINE,2.2256
LINE,2.212
LINE,2.2288
SINE,2.2376
unique/low-repeat,2.2016
unique/low-repeat,2.2176
LINE,2.2328
LINE,2.1784
LINE,2.2168
LINE,2.2184
LINE,2.2192
LINE,2.2216
LINE,2.2328
LINE,2.2176
LINE,2.2288
LTR,2.2296
LINE,2.2184
LINE,2.2272
LINE,2.2176
LINE,2.2176
LINE,2.2064
LTR,2.2216
LINE,2.2
LTR,2.2376
LTR,2.2272
LINE,2.224
LINE,2.2112
LINE,2.2072
unique/low-repeat,2.2592
LINE,2.2136
LINE,2.204
LINE,2.228
LINE,2.2048
LINE,2.2232
LINE,2.2064
LINE,2.24
DNA,2.1992
LINE,2.2304
LINE,2.2208
LINE,2.2152
unique/low-repeat,2.2064
LINE,2.2256
LINE,2.2352
LINE,2.2184
unique/low-repeat,2.2208
LINE,2.2304
LINE,2.2176
LTR,2.1712
LINE,2.2376
LINE,2.2008
LINE,2.2384
DNA,2.2136
unique/low-repeat,2.2304
SINE,2.22
DNA,2.2288
unique/low-repeat,2.2232
LINE,2.1984
LINE,2.2272
LINE,2.2264
LINE,2.2272
LTR,2.2464
LINE,2.2336
SINE,2.2224
LINE,2.1744
SINE,2.2512
SINE,2.2048
SINE,2.2024
SINE,2.1584
SINE,2.24
SINE,2.0976
unique/low-repeat,2.2096
SINE,2.2472
SINE,2.196
SINE,2.1728
SINE,2.1648
SINE,2.2048
LTR,2.1984
LINE,2.2224
DNA,2.2192
LINE,2.208
SINE,2.2248
SINE,2.188
unique/low-repeat,2.2544
unique/low-repeat,2.2168
LINE,2.1912
LINE,2.2232
LINE,2.1864
SINE,2.2224
SINE,2.1424
SINE,2.2288
LINE,2.2144
LINE,2.224
LINE,2.2168
unique/low-repeat,2.228
DNA,2.2176
LINE,2.1792
unique/low-repeat,2.224
LINE,2.2032
LINE,2.1912
unique/low-repeat,2.2408
unique/low-repeat,2.2328
SINE,2.2072
unique/low-repeat,2.22
unique/low-repeat,2.2224
LINE,2.2416
unique/low-repeat,2.2072
unique/low-repeat,2.2376
unique/low-repeat,2.232
unique/low-repeat,2.228
LINE,2.2256
unique/low-repeat,2.2376
unique/low-repeat,2.2264
LINE,2.2392
unique/low-repeat,2.2336
LINE,2.2216
unique/low-repeat,2.2392
DNA,2.2256
unique/low-repeat,2.2368
unique/low-repeat,2.2472
unique/low-repeat,2.2344
LINE,2.2296
LINE,2.2424
DNA,2.2176
unique/low-repeat,2.2368
unique/low-repeat,2.2464
SINE,2.232
LINE,2.2296
LINE,2.228
LINE,2.2224
LINE,2.2024
SINE,2.1016
SINE,2.1712
SINE,2.1712
SINE,2.1648
SINE,2.2208
SINE,2.1864
SINE,2.1424
SINE,2.1432
SINE,2.1712
SINE,2.1448
SINE,2.1928
SINE,2.1248
SINE,2.1112
LINE,2.2232
LINE,2.188
SINE,2.1728
SINE,2.176
SINE,2.2064
LINE,2.224
SINE,2.2048
LINE,2.1888
SINE,2.1928
SINE,2.2024
LINE,2.2112
LINE,2.224
LTR,2.2392
SINE,2.2192
unique/low-repeat,2.2232
LINE,2.2152
LINE,2.2296
LINE,2.228
LINE,2.2216
DNA,2.2312
LINE,2.2512
LINE,2.2432
unique/low-repeat,2.2552
SINE,2.244
LINE,2.2312
SINE,2.2256
SINE,2.2032
unique/low-repeat,2.244
unique/low-repeat,2.244
DNA,2.2344
LINE,2.2208
LINE,2.2496
LINE,2.2264
SINE,2.2296
SINE,2.2144
LTR,2.2392
LINE,2.1856
unique/low-repeat,2.204
unique/low-repeat,2.228
LINE,2.2
LINE,2.2168
LINE,2.2128
unique/low-repeat,2.2496
LINE,2.1928
LINE,2.2328
LINE,2.228
LINE,2.2232
LINE,2.2104
LINE,2.2176
LINE,2.2216
LINE,2.2272
LINE,2.2336
LINE,2.2216
LINE,2.2336
LTR,2.2256
LINE,2.2184
LINE,2.2216
LINE,2.2
SINE,2.2272
LINE,2.2224
LTR,2.2248
LINE,2.1848
LINE,2.2232
LINE,2.2272
LINE,2.2264
LINE,2.2264
LINE,2.2424
SINE,2.1592
SINE,2.136
LINE,2.24
SINE,2.1744
LINE,2.2048
LINE,2.2216
LINE,2.2008
LINE,2.2144
LINE,2.2192
LINE,2.208
LTR,2.2144
LINE,2.2272
LINE,2.2352
LINE,2.228
unique/low-repeat,2.2072
LINE,2.2096
LINE,2.2064
LINE,2.216
LINE,2.2168
LINE,2.212
LINE,2.2064
LTR,2.2168
LINE,2.196
LINE,2.2128
LINE,2.1976
LTR,2.2144
LINE,2.2024
LTR,2.2184
LINE,2.2152
LINE,2.2064
LINE,2.2192
LINE,2.2192
LINE,2.2256
SINE,2.2016
LINE,2.2024
LINE,2.2088
LINE,2.184
LINE,2.216
LTR,2.2192
LTR,2.216
LINE,2.22
LINE,2.2192
LTR,2.22
unique/low-repeat,2.2504
unique/low-repeat,2.232
unique/low-repeat,2.2136
LTR,2.2128
LTR,2.2248
LINE,2.2424
LINE,2.1968
LINE,2.236
LINE,2.2144
LINE,2.2136
LINE,2.2216
LINE,2.1864
LINE,2.2232
LINE,2.1968
LINE,2.2032
LINE,2.2152
LTR,2.2232
LINE,2.192
LINE,2.232
LTR,2.2224
LINE,2.2232
LINE,2.2288
LINE,2.2192
LINE,2.2216
LINE,2.2256
LTR,2.22
LINE,2.2176
LINE,2.1704
LINE,2.2264
LINE,2.1984
LINE,2.2128
LTR,2.2248
LINE,2.2128
LINE,2.22
LTR,2.2144
LTR,2.2224
LINE,2.224
LINE,2.1992
LINE,2.1872
LINE,2.2224
LINE,2.2256
LINE,2.1992
LTR,2.2024
LINE,2.2104
LINE,2.216
LTR,2.2248
LINE,2.2016
LTR,2.2312
LTR,2.2336
LTR,2.2264
LTR,2.2288
LINE,2.2104
LINE,2.2192
LTR,2.2264
LINE,2.232
LINE,2.22
unique/low-repeat,2.2176
LINE,2.2088
LTR,2.2368
SINE,2.212
LTR,2.2448
LTR,2.2368
SINE,2.2032
SINE,2.1512
SINE,2.1984
SINE,2.2232
LINE,2.2128
SINE,2.2224
LINE,2.088
LINE,2.2184
LINE,2.2048
LINE,2.2112
LINE,2.2176
LINE,2.2128
LTR,2.2368
LTR,2.1712
Satellite,1.9456
LTR,2.2136
LINE,2.2208
LINE,2.2152
LINE,2.2008
LINE,2.1992
LINE,2.2104
LINE,2.2176
LINE,2.2168
LTR,2.2064
LTR,2.216
LTR,2.208
LINE,2.216
LTR,2.2168
LINE,2.2224
LINE,2.2136
unique/low-repeat,2.2192
LINE,2.228
LINE,2.2152
LINE,2.2224
LINE,2.2144
LINE,2.2288
LINE,2.2112
LINE,2.2208
LTR,2.2248
unique/low-repeat,2.2224
unique/low-repeat,2.228
LTR,2.2272
LINE,2.236
LTR,2.22
unique/low-repeat,2.2256
SINE,2.2288
LINE,2.216
LTR,2.2192
LTR,2.224
LTR,2.228
LTR,2.2264
LINE,2.2088
LINE,2.2264
LINE,2.212
LINE,2.22
LINE,2.2064
LTR,2.2272
LTR,2.2112
SINE,2.2176
LINE,2.212
LINE,2.2136
LTR,2.2368
LINE,2.2104
LINE,2.224
LTR,2.2344
LINE,2.2264
LINE,2.2096
LINE,2.1648
LTR,2.2256
LINE,2.2232
LINE,2.2264
LTR,2.2232
LTR,2.2128
DNA,2.2304
LINE,2.2176
SINE,2.0632
SINE,2.1744
SINE,2.1736
SINE,2.192
LTR,2.2096
LTR,2.2096
SINE,2.224
SINE,2.1824
SINE,2.1928
SINE,2.2088
SINE,2.208
LINE,2.2248
LINE,2.2216
SINE,2.2064
LINE,2.2272
SINE,2.2184
SINE,2.1976
LINE,2.252
unique/low-repeat,2.2456
unique/low-repeat,2.248
SINE,2.2368
LTR,2.2192
SINE,2.22
LINE,2.2368
SINE,2.228
LINE,2.2496
LTR,2.2024
LINE,2.228
LINE,2.2384
LINE,2.2096
LINE,2.228
LINE,2.2344
LINE,2.232
LINE,2.236
LINE,2.2288
unique/low-repeat,2.24
unique/low-repeat,2.232
DNA,2.2272
DNA,2.224
LINE,2.2224
LINE,2.2352
SINE,2.2336
LINE,2.24
LINE,2.2216
LINE,2.2416
LINE,2.2136
SINE,2.2176
LINE,2.2064
SINE,2.1248
SINE,2.2144
LTR,2.2312
LTR,2.2208
SINE,2.2072
LTR,2.2352
LINE,2.204
LINE,2.2032
LINE,2.2216
LINE,2.2456
SINE,2.232
LTR,2.2192
LINE,2.2064
SINE,2.2456
LINE,2.2288
LINE,2.2248
LINE,2.232
LINE,2.24
LINE,2.2232
SINE,2.1976
SINE,2.228
LINE,2.2312
DNA,2.2144
SINE,2.236
LTR,2.2352
LINE,2.2392
LINE,2.2432
LTR,2.2376
LINE,2.1752
LINE,2.2144
unique/low-repeat,2.2392
LINE,2.2464
LINE,2.2168
SINE,2.1736
SINE,2.1856
SINE,2.1544
SINE,2.196
SINE,2.2056
Simple_repeat,2.0856
SINE,2.224
LINE,2.2464
LINE,2.2224
LTR,2.2328
LINE,2.204
LINE,2.2232
LTR,2.2256
LINE,2.2368
LINE,2.2376
LINE,2.2256
LTR,2.2192
LINE,2.2176
LINE,2.24
LINE,2.2328
SINE,2.2304
unique/low-repeat,2.248
LINE,2.236
SINE,2.1904
LINE,2.2136
SINE,2.2072
SINE,2.2144
SINE,2.208
LINE,2.2024
LINE,2.2504
LINE,2.2448
SINE,2.2288
SINE,2.2056
SINE,2.2264
LINE,2.24
SINE,2.2344
LINE,2.1392
LINE,2.2248
LINE,2.216
unique/low-repeat,2.2312
LTR,2.2312
LINE,2.2368
LINE,2.2152
LINE,2.2272
unique/low-repeat,2.2312
SINE,2.2344
LINE,2.2288
LTR,2.2328
SINE,2.2432
SINE,2.2336
SINE,2.2088
LINE,2.2176
SINE,2.2208
LINE,2.2208
SINE,2.1768
SINE,2.232
LINE,2.1856
LINE,2.2368
SINE,2.2312
LINE,2.2296
LINE,2.2336
LINE,2.2272
unique/low-repeat,2.2312
SINE,2.2
unique/low-repeat,2.2416
LINE,2.2224
unique/low-repeat,2.228
SINE,2.2224
unique/low-repeat,2.2352
LINE,2.2288
LINE,2.2248
LINE,2.2216
LTR,2.2544
LTR,2.224
LINE,2.2144
unique/low-repeat,2.244
LINE,2.2256
LINE,2.2232
LINE,2.2248
LINE,2.216
LINE,2.2272
LINE,2.2056
LTR,2.244
LINE,2.2368
LINE,2.2168
SINE,2.2144
unique/low-repeat,2.2168
LTR,2.2352
LINE,2.2184
LINE,2.2312
LINE,2.092
LINE,2.2128
LINE,2.2152
LINE,2.2352
LINE,2.2336
SINE,2.184
LINE,2.2368
LINE,2.24
LINE,2.2096
unique/low-repeat,2.2376
LINE,2.2256
SINE,2.2
LINE,2.2424
SINE,2.2256
SINE,2.1832
LINE,2.2376
LTR,2.2248
LTR,2.224
LINE,2.2312
LTR,2.2272
LINE,2.2368
LINE,2.2392
LINE,2.2392
unique/low-repeat,2.2216
LINE,2.208
LINE,2.2128
unique/low-repeat,2.2264
unique/low-repeat,2.2192
LINE,2.2288
LTR,2.2336
LINE,2.2256
LTR,2.2224
LINE,2.2424
LINE,2.224
LINE,2.204
LINE,2.2392
LINE,2.184
LINE,2.2312
LINE,2.232
unique/low-repeat,2.2344
SINE,2.2096
LINE,2.2336
LINE,2.224
LINE,2.2184
LINE,2.2264
LINE,2.2104
LINE,2.1528
SINE,2.2304
LINE,2.2416
DNA,2.2352
SINE,2.1168
SINE,2.2192
SINE,2.1976
SINE,2.196
SINE,2.1184
SINE,2.1376
SINE,2.2104
SINE,2.2384
LINE,2.232
SINE,2.2256
SINE,2.2248
Retroposon,2.2208
unique/low-repeat,2.236
unique/low-repeat,2.2472
SINE,2.2
SINE,2.2288
SINE,2.112
SINE,2.1888
unique/low-repeat,2.244
SINE,2.2288
unique/low-repeat,2.2168
SINE,2.2384
SINE,2.2192
LINE,2.2216
unique/low-repeat,2.2088
LINE,2.2368
LINE,2.2192
unique/low-repeat,2.24
SINE,2.2232
SINE,2.1928
SINE,2.2328
LTR,2.208
SINE,2.2224
unique/low-repeat,2.2528
LTR,2.2256
DNA,2.2272
SINE,2.1936
LINE,2.2032
SINE,2.1968
LTR,2.1704
SINE,2.1952
LINE,2.2312
SINE,2.2312
LINE,2.216
SINE,2.2216
LINE,2.2328
LINE,2.1472
LTR,2.2352
LINE,2.2272
DNA,2.2344
LINE,2.2248
LINE,2.2256
LINE,2.22
LINE,2.2296
LTR,2.224
LINE,2.2168
unique/low-repeat,2.2216
LINE,2.2272
LINE,2.2144
LINE,2.2304
LINE,2.2304
LINE,2.2048
LINE,2.2344
unique/low-repeat,2.2144
LINE,2.2128
LINE,2.216
SINE,2.2128
SINE,2.1752
LINE,2.212
SINE,2.2512
LTR,2.22
SINE,2.2336
SINE,2.188
LTR,2.2104
SINE,2.2136
LINE,2.2328
SINE,2.2464
LINE,2.2272
LINE,2.212
LINE,2.2176
LINE,2.22
LINE,2.2208
SINE,2.2232
LINE,2.22
LINE,2.2328
unique/low-repeat,2.2336
LINE,2.232
unique/low-repeat,2.244
LINE,2.2208
LINE,2.224
SINE,2.236
LINE,2.236
LTR,2.2312
LINE,2.2304
LINE,2.2456
LINE,2.2368
SINE,2.2224
SINE,2.2488
SINE,2.16
LINE,2.2304
SINE,2.2016
LINE,2.2312
unique/low-repeat,2.2336
SINE,2.2152
SINE,2.22
LINE,2.232
SINE,2.208
LINE,2.1824
SINE,2.1552
SINE,2.2232
SINE,2.2424
SINE,2.224
LTR,2.1416
LINE,2.2368
unique/low-repeat,2.2424
unique/low-repeat,2.2256
LTR,2.2272
SINE,2.2352
LINE,2.2168
LINE,2.2064
SINE,2.2112
SINE,2.2352
LTR,2.212
unique/low-repeat,2.2168
SINE,2.2168
DNA,2.2192
LTR,2.2296
LTR,2.2232
LTR,2.2168
LINE,2.216
LTR,2.2304
SINE,2.2392
SINE,2.2072
LINE,2.2056
SINE,2.1984
LINE,2.1928
SINE,2.2184
LINE,2.2344
LINE,2.2328
LINE,2.2128
LINE,2.2408
unique/low-repeat,2.2456
unique/low-repeat,2.2336
LINE,2.2336
LINE,2.2104
DNA,2.1984
LINE,2.216
LINE,2.2216
LINE,2.2224
LTR,2.2208
LTR,2.224
LINE,2.2288
LINE,2.2264
LINE,2.2456
LINE,2.2368
DNA,2.2392
LINE,2.2392
LTR,2.236
SINE,2.2248
LTR,2.2328
LINE,2.2496
unique/low-repeat,2.2392
LINE,2.2456
LINE,2.2456
SINE,2.2224
LINE,2.196
SINE,2.1984
SINE,2.2
SINE,2.2208
SINE,2.22
SINE,2.2184
SINE,2.128
SINE,2.1936
SINE,2.1128
SINE,2.2048
SINE,2.1056
SINE,2.0856
SINE,2.2192
SINE,2.2104
SINE,2.216
SINE,2.1848
SINE,2.164
LTR,2.2216
SINE,2.152
SINE,2.1288
LTR,2.2496
SINE,2.2176
unique/low-repeat,2.2552
SINE,2.1104
SINE,2.1456
SINE,2.1936
SINE,2.2096
SINE,2.1352
SINE,2.1632
LINE,2.2408
SINE,2.2432
SINE,2.2264
LINE,2.1904
SINE,2.256
unique/low-repeat,2.228
SINE,2.2256
LTR,2.232
SINE,2.2128
LINE,2.24
SINE,2.208
LINE,2.1848
SINE,2.1488
SINE,2.2144
SINE,2.1976
LINE,2.2176
SINE,2.212
unique/low-repeat,2.236
LINE,2.2432
SINE,2.2464
LTR,2.2392
SINE,2.216
SINE,2.228
SINE,2.2288
LINE,2.1992
SINE,2.2096
LINE,2.2352
LTR,2.2488
LINE,2.192
LINE,2.2312
unique/low-repeat,2.2576
SINE,2.1664
LINE,2.2208
SINE,2.1888
SINE,2.2344
LTR,2.2432
SINE,2.2312
LINE,2.256
LINE,2.1608
SINE,2.2168
SINE,2.1192
SINE,2.1976
SINE,2.228
SINE,2.1696
SINE,2.1816
SINE,2.2424
SINE,2.1808
SINE,2.2248
LTR,2.2
LTR,2.2544
SINE,2.2392
SINE,2.2112
SINE,2.2264
LINE,2.232
SINE,2.1936
SINE,2.1584
SINE,2.2104
SINE,2.2184
SINE,2.212
DNA,2.2208
DNA,2.2144
SINE,2.232
SINE,2.2368
LTR,2.2288
SINE,2.2256
LINE,2.236
SINE,2.236
SINE,2.2232
LTR,2.2296
LINE,2.228
LINE,2.2384
SINE,2.2424
LINE,2.2104
LTR,2.2208
LINE,2.2304
LTR,2.2088
SINE,2.2176
LINE,2.2272
SINE,2.2328
LINE,2.2176
LINE,2.2192
unique/low-repeat,2.2152
LINE,2.2232
unique/low-repeat,2.224
SINE,2.2192
DNA,2.2304
SINE,2.2344
LINE,2.2272
LINE,2.2208
LINE,2.2136
LINE,2.2352
SINE,2.2368
LINE,2.2008
SINE,2.2288
LTR,2.216
LINE,2.2224
LINE,2.2112
LTR,2.2208
LINE,2.2216
LINE,2.1984
LINE,2.2352
LINE,2.232
LINE,2.2064
unique/low-repeat,2.2544
LINE,2.2056
LTR,2.224
LINE,2.2024
LINE,2.232
LINE,2.2024
LINE,2.228
LTR,2.228
LINE,2.2128
LINE,2.2016
LINE,2.2232
LINE,2.2184
LINE,2.2544
Retroposon,2.1456
LINE,2.208
SINE,2.2352
SINE,2.2432
SINE,2.2384
DNA,2.2264
SINE,2.2096
LTR,2.2256
LTR,2.2272
DNA,2.2248
LINE,2.2376
LTR,2.2248
LINE,2.2304
LTR,2.2456
LINE,2.2096
LTR,2.2312
LTR,2.2432
SINE,2.2032
SINE,2.2312
LTR,2.2208
LTR,2.2064
LTR,2.2072
LINE,2.2088
DNA,2.2232
LINE,2.2168
LINE,2.2256
SINE,2.2208
LINE,2.232
LINE,2.204
LTR,2.2312
LINE,2.2048
LTR,2.216
LINE,2.2328
LINE,2.2176
DNA,2.2336
LINE,2.2352
unique/low-repeat,2.2216
LINE,2.22
LINE,2.2088
LINE,2.236
LTR,2.2312
LINE,2.22
SINE,2.1936
SINE,2.2296
unique/low-repeat,2.2096
LINE,2.2256
LINE,2.2104
LINE,2.2184
LTR,2.22
LTR,2.2256
unique/low-repeat,2.2264
LTR,2.2304
SINE,2.2208
LINE,2.1832
unique/low-repeat,2.224
LTR,2.2136
unique/low-repeat,2.212
LINE,2.2136
unique/low-repeat,2.2272
LTR,2.2272
LTR,2.2184
LTR,2.2272
LINE,2.2248
LINE,2.2184
LINE,2.2168
LINE,2.2168
LINE,2.2176
unique/low-repeat,2.1872
LINE,2.1872
LTR,2.2264
SINE,2.228
SINE,2.228
LTR,2.228
LTR,2.2256
LINE,2.212
LTR,2.2216
LINE,2.1968
unique/low-repeat,2.2288
LINE,2.2264
LTR,2.2184
LTR,2.2224
LTR,2.216
SINE,2.1952
LINE,2.2264
LINE,2.2288
LTR,2.244
LTR,2.2152
LINE,2.2224
unique/low-repeat,2.2208
unique/low-repeat,2.2312
LINE,2.2184
LINE,2.2256
LTR,2.212
LTR,2.2224
LINE,2.2008
LINE,2.2176
DNA,1.9392
LINE,2.2184
LTR,2.2464
LINE,2.2128
LINE,2.212
LINE,2.2224
LINE,2.2096
DNA,2.2184
LINE,2.2184
LINE,2.2224
LINE,2.2368
DNA,2.2272
LINE,2.1992
LINE,2.2136
LINE,2.2336
LINE,2.1992
LINE,2.2176
LINE,2.224
LINE,2.228
LTR,2.244
LINE,2.2168
unique/low-repeat,2.2304
LINE,2.232
LINE,2.2304
LINE,2.2192
DNA,2.2336
LINE,2.2152
LTR,2.2216
LINE,2.2304
LINE,2.2384
LTR,2.2232
LTR,2.228
LINE,2.2152
LINE,2.2288
LTR,2.2192
LINE,2.22
LINE,2.2144
unique/low-repeat,2.2256
DNA,2.2264
SINE,2.2304
LINE,2.2344
LTR,2.2312
LINE,2.2136
LINE,2.1952
SINE,2.232
unique/low-repeat,2.1424
SINE,2.2272
SINE,2.2328
LINE,2.2152
LINE,2.1872
SINE,2.2128
LINE,2.2368
LINE,2.2192
LTR,2.2432
LTR,2.2384
LINE,2.2136
unique/low-repeat,2.2464
SINE,1.8552
SINE,2.232
LINE,2.2272
LINE,2.2216
SINE,2.2168
LTR,2.2424
LTR,2.2224
LINE,2.2392
SINE,2.2424
LTR,2.252
SINE,2.2256
SINE,2.2224
LTR,2.22
SINE,2.2048
SINE,2.2104
SINE,2.1968
LINE,2.244
unique/low-repeat,2.2608
LINE,2.2208
LINE,2.2456
LINE,2.2088
SINE,2.1776
unique/low-repeat,2.224
SINE,2.2128
LTR,2.24
LINE,2.2104
LINE,2.2248
SINE,2.1808
SINE,2.2384
SINE,2.2328
unique/low-repeat,2.2344
SINE,2.2272
LINE,2.2104
LINE,2.1848
SINE,2.1904
LINE,2.2112
LTR,2.2208
LINE,2.2336
LINE,2.2224
LTR,2.2088
LTR,2.2208
SINE,2.2456
SINE,2.2032
LINE,2.232
LTR,2.2264
LINE,2.244
SINE,2.2312
LINE,2.232
LINE,2.2304
SINE,2.2512
DNA,2.2184
LTR,2.224
SINE,2.2384
LINE,2.24
LINE,1.7584
LTR,2.2432
SINE,2.1744
SINE,2.2248
LTR,2.2328
SINE,2.2176
LTR,2.22
SINE,2.2304
SINE,2.2248
SINE,2.2272
SINE,2.2416
SINE,2.1952
LINE,2.2224
LINE,2.216
LINE,2.2256
LTR,2.232
LTR,2.2112
unique/low-repeat,2.2248
LINE,2.2256
unique/low-repeat,2.2096
LINE,2.2216
LTR,2.2152
SINE,2.2256
SINE,2.2152
SINE,2.2424
SINE,2.2136
SINE,2.1984
SINE,2.1816
SINE,2.2112
SINE,2.1864
Simple_repeat,2.1872
SINE,2.2168
LINE,2.2336
LINE,2.2264
LINE,2.2336
LINE,2.2352
LTR,2.1824
LINE,2.2056
LINE,2.2472
SINE,2.228
LINE,2.2456
SINE,2.2352
SINE,2.2264
SINE,2.1832
unique/low-repeat,2.2328
LINE,2.2112
LINE,2.212
SINE,2.2264
LINE,2.236
LTR,2.2296
LINE,2.1904
LINE,2.2336
SINE,2.2304
SINE,2.2168
SINE,2.2304
SINE,2.228
LTR,2.224
SINE,2.228
LINE,2.2184
SINE,2.1808
SINE,2.2016
SINE,2.2208
LINE,2.2328
SINE,2.2408
LINE,2.2456
LTR,2.244
LINE,2.2392
LINE,2.228
LINE,2.2464
SINE,2.2312
SINE,2.2352
LTR,2.2176
LINE,2.2416
LTR,2.2328
SINE,2.2128
LINE,2.2408
SINE,2.22
LINE,2.2336
LINE,2.2152
LINE,2.2448
SINE,2.2016
unique/low-repeat,2.2152
unique/low-repeat,2.2144
unique/low-repeat,2.2312
SINE,2.2288
SINE,2.2448
SINE,2.2376
LINE,2.204
LTR,2.224
LINE,2.2104
LINE,2.2136
LINE,2.228
DNA,2.2424
unique/low-repeat,2.2216
DNA,2.236
LINE,2.2256
SINE,2.1968
LINE,2.2512
LINE,2.2368
LINE,2.2488
LINE,2.2328
LTR,2.2336
SINE,2.2456
LINE,2.208
LTR,2.2344
SINE,2.232
unique/low-repeat,2.2328
SINE,2.2096
SINE,2.1856
LINE,2.2176
SINE,2.2208
LINE,2.2424
LINE,2.2336
SINE,2.2344
LINE,2.2224
SINE,2.072
SINE,2.1584
SINE,2.2264
DNA,2.2488
LINE,2.22
LINE,2.2136
LTR,2.2424
SINE,2.2464
LTR,2.2296
unique/low-repeat,2.232
unique/low-repeat,2.184
LINE,2.1904
unique/low-repeat,2.1704
unique/low-repeat,2.1176
unique/low-repeat,2.1376
LINE,2.2328
LINE,2.2496
LINE,2.244
LINE,2.2096
unique/low-repeat,2.2056
LINE,2.1728
LTR,2.22
unique/low-repeat,1.976
LINE,2.2368
SINE,2.2304
SINE,2.1192
SINE,2.2304
SINE,2.2248
unique/low-repeat,2.2536
unique/low-repeat,2.256
SINE,2.0992
SINE,2.1576
SINE,2.152
SINE,2.1856
SINE,1.996
SINE,2.1768
SINE,2.1416
SINE,2.1024
SINE,2.0376
SINE,2.1024
unique/low-repeat,2.2424
SINE,2.1384
SINE,2.1848
SINE,2.18
SINE,2.192
SINE,2.1688
Simple_repeat,2.0688
unique/low-repeat,2.2368
unique/low-repeat,2.2288
SINE,2.1864
unique/low-repeat,2.1752
LTR,2.196
LTR,2.1944
LINE,2.2152
SINE,2.1976
SINE,2.2008
SINE,2.2216
SINE,2.2096
unique/low-repeat,2.2264
unique/low-repeat,2.2488
SINE,2.016
SINE,2.2144
SINE,2.1168
SINE,2.204
SINE,2.0912
SINE,2.1448
SINE,2.1968
SINE,2.1968
SINE,2.1504
LTR,2.236
SINE,2.1992
unique/low-repeat,2.1264
LINE,1.7632
unique/low-repeat,2.1976
LINE,2.0912
unique/low-repeat,2.2176
LINE,2.244
unique/low-repeat,2.2256
LINE,2.2352
unique/low-repeat,2.1968
unique/low-repeat,2.2128
unique/low-repeat,2.204
LINE,2.204
LINE,2.2224
unique/low-repeat,2.12
SINE,2.144
LINE,1.7664
DNA,2.2136
unique/low-repeat,2.2336
SINE,2.2032
unique/low-repeat,1.7832
LINE,1.7544
LTR,2.2184
Simple_repeat,1.9
LTR,2.1944
LINE,2.2048
LTR,2.2344
unique/low-repeat,2.188
unique/low-repeat,2.0384
LTR,2.236
LINE,2.224
LTR,2.2256
LINE,2.2184
LINE,2.2368
LINE,2.2248
LINE,2.196
LINE,2.2424
LTR,2.2368
LTR,2.24
LINE,2.2368
LINE,2.2368
unique/low-repeat,2.2448
LTR,2.2072
LTR,2.2424
LTR,2.2376
LTR,2.2464
LTR,2.2232
LINE,2.2216
LINE,2.228
LTR,2.204
LINE,2.2208
LTR,1.7696
LINE,2.2128
LTR,2.108
LTR,2.2048
LTR,2.2536
LTR,2.2256
LINE,2.22
Simple_repeat,1.904
LINE,2.2264
LINE,2.2224
unique/low-repeat,2.2184
LINE,2.2248
LINE,2.232
LINE,2.232
LINE,2.22
LTR,2.244
SINE,2.176
other-repeat,2.1616
Simple_repeat,1.5648
SINE,2.1896
other-repeat,2.144
Simple_repeat,2.0368
other-repeat,2.1456
Simple_repeat,2.116
Simple_repeat,2.0384
SINE,1.9096
Simple_repeat,1.912
other-repeat,2.1512
Simple_repeat,2.1152
other-repeat,2.0528
SINE,2.1168
SINE,2.1368
Simple_repeat,1.616
other-repeat,2.1128
other-repeat,2.1352
Simple_repeat,1.8136
Simple_repeat,1.9752
other-repeat,2.1584
other-repeat,2.0616
other-repeat,2.1552
other-repeat,2.0736
Simple_repeat,1.6368
Simple_repeat,1.8672
Simple_repeat,1.5648
Simple_repeat,1.696
Simple_repeat,1.94
Simple_repeat,2.0968
Simple_repeat,1.7312
Simple_repeat,1.9408
SINE,2.1376
other-repeat,2.0912
Simple_repeat,1.488
Simple_repeat,2.1552
Simple_repeat,1.9112
Simple_repeat,1.4672
Simple_repeat,1.8224
Simple_repeat,1.4656
LINE,2.2288
Satellite,2.176
unique/low-repeat,2.2208
LINE,2.216
LINE,2.2216
other-repeat,2.2288
unique/low-repeat,2.224
LINE,2.2336
LINE,2.2112
LINE,2.248
LINE,2.2224
Satellite,2.18
LINE,2.256
LINE,2.2512
LINE,2.2
other-repeat,2.2128
LINE,2.2376
LINE,2.2448
Simple_repeat,2.128
LINE,2.2328
Satellite,1.9624
SINE,2.2032
LINE,2.2176
LINE,2.2352
unique/low-repeat,2.2048
LINE,2.2216
SINE,2.1312
LINE,2.236
LINE,2.248
SINE,2.212
SINE,2.1352
SINE,2.1784
SINE,2.2112
LINE,2.2304
unique/low-repeat,2.2352
LTR,2.2136
LINE,2.2272
LTR,2.248
LINE,2.1952
SINE,2.2176
other-repeat,2.244
LINE,2.2192
LINE,2.232
LINE,2.2368
SINE,2.2136
LINE,2.2168
LINE,2.2136
LINE,2.2312
SINE,2.1488
LINE,2.2264
LINE,2.2304
LINE,2.1952
LINE,2.2384
SINE,2.2176
LINE,2.22
LINE,2.2296
LINE,2.2448
LINE,2.208
SINE,2.2104
SINE,2.1816
LINE,2.22
SINE,2.2344
LINE,2.1904
SINE,2.212
SINE,2.2256
Simple_repeat,1.8824
SINE,2.2088
SINE,2.1912
SINE,2.2296
LINE,1.7504
SINE,2.188
LINE,2.2464
LINE,2.1904
SINE,2.1608
SINE,2.228
SINE,2.2288
unique/low-repeat,2.2512
SINE,2.2216
unique/low-repeat,2.2312
SINE,2.2232
SINE,2.172
LTR,2.2312
LTR,2.2288
LINE,2.2112
LINE,2.2344
LINE,2.2368
LINE,2.1992
LTR,2.2192
LINE,2.2216
LINE,2.2312
LTR,2.2416
LTR,2.2128
LTR,2.2184
LTR,2.2192
LTR,2.236
LINE,2.2416
LTR,2.2256
LINE,2.2272
LTR,2.232
LINE,2.2296
LINE,2.2208
LINE,2.2256
LINE,2.224
LINE,2.212
LTR,2.2128
LTR,2.188
LTR,2.18
SINE,2.1824
SINE,2.2368
unique/low-repeat,2.2408
unique/low-repeat,2.2184
unique/low-repeat,2.2232
LINE,2.2128
unique/low-repeat,2.2304
unique/low-repeat,2.0816
unique/low-repeat,2.22
LINE,2.2096
LINE,2.2272
LINE,2.2408
LINE,2.2296
LINE,2.2264
LINE,2.052
LINE,2.2584
LTR,2.232
LTR,2.2408
LTR,1.5912
SINE,2.2512
SINE,2.1856
LINE,2.2368
LINE,2.2384
LTR,2.2336
LINE,2.1896
LTR,2.2144
LTR,2.2208
LINE,2.24
LINE,2.2072
LINE,2.224
unique/low-repeat,2.244
DNA,2.2608
LTR,2.2368
LINE,2.2264
LTR,2.228
LTR,2.2288
LTR,2.2312
LINE,2.2216
LTR,2.2352
LTR,2.2288
unique/low-repeat,2.2352
SINE,2.1264
LINE,2.2192
LINE,2.2288
LTR,2.2248
LTR,2.2384
LINE,2.2344
LINE,2.2224
LINE,2.2304
LINE,2.2232
LTR,2.236
unique/low-repeat,2.2296
LINE,2.0864
LTR,2.212
LINE,2.2224
SINE,2.2152
unique/low-repeat,2.252
LTR,2.1928
SINE,2.2296
SINE,2.2064
unique/low-repeat,2.2376
LTR,2.204
SINE,2.2312
SINE,2.2272
SINE,2.24
LINE,2.2328
Simple_repeat,2.1352
SINE,2.2144
LINE,2.2264
LINE,2.2168
LINE,2.2184
LINE,2.2272
LINE,2.2136
LINE,2.2256
LINE,2.168
LINE,2.2328
SINE,2.236
LINE,2.2504
LTR,2.2336
LTR,2.2264
LTR,2.2504
SINE,2.2088
LINE,2.2368
LTR,2.2344
LINE,2.2136
LINE,2.2416
SINE,2.188
SINE,2.244
LINE,2.2168
SINE,2.2344
LINE,2.2536
LINE,2.2104
LTR,2.2304
SINE,2.1888
SINE,2.2288
LINE,2.1976
SINE,2.2192
LINE,2.2184
SINE,2.2296
LINE,2.2288
LINE,2.2248
LINE,2.2432
LINE,2.232
LINE,2.216
LTR,2.2104
LINE,2.2064
SINE,2.2248
LINE,2.1928
unique/low-repeat,2.2312
SINE,2.2312
LINE,2.2416
unique/low-repeat,2.236
LINE,2.1512
LINE,2.2384
SINE,2.2248
SINE,2.2392
LINE,2.2248
LTR,2.2456
LTR,2.2288
LTR,2.2152
LINE,2.2176
LINE,2.2312
LINE,2.2248
DNA,2.2416
LINE,2.2496
LINE,2.2296
LINE,2.22
LINE,2.2264
LINE,2.2272
LINE,2.2224
LTR,2.2384
Simple_repeat,2.0384
SINE,2.232
LTR,2.2328
unique/low-repeat,2.2368
LINE,2.2664
LINE,2.2208
LINE,2.2192
LINE,2.2216
LINE,2.2264
unique/low-repeat,2.2272
SINE,2.2288
unique/low-repeat,2.2296
LINE,2.2272
unique/low-repeat,2.2304
SINE,2.2264
LINE,2.2288
SINE,2.2176
LINE,2.2336
SINE,2.2184
LINE,2.2184
LINE,2.2096
LINE,2.2328
SINE,2.244
LINE,2.2288
LINE,2.236
SINE,2.2328
LINE,2.2296
DNA,2.2184
LINE,2.2368
LINE,2.2312
unique/low-repeat,2.212
LINE,2.224
SINE,2.2208
unique/low-repeat,2.2128
SINE,2.2128
SINE,2.2168
SINE,2.172
SINE,2.2184
SINE,2.1368
SINE,2.1936
SINE,2.2392
unique/low-repeat,2.2216
LINE,2.1408
DNA,2.2296
unique/low-repeat,2.2152
unique/low-repeat,2.2128
SINE,2.24
LINE,2.2208
LINE,2.2424
other-repeat,2.2432
LTR,2.1864
unique/low-repeat,2.2224
unique/low-repeat,2.2344
LINE,2.2296
LINE,2.228
LINE,2.2
SINE,2.2128
SINE,2.2112
unique/low-repeat,2.2272
SINE,2.196
SINE,2.2344
LINE,2.2216
LTR,2.2368
SINE,2.2336
LINE,2.216
LTR,2.2248
unique/low-repeat,2.1968
LINE,2.228
LINE,2.228
LTR,2.228
LINE,2.2352
LTR,2.2472
LINE,2.2096
LINE,2.204
LINE,2.2272
LINE,2.2208
unique/low-repeat,2.228
unique/low-repeat,2.2224
LINE,2.2384
LINE,2.2056
LINE,2.2288
unique/low-repeat,2.236
unique/low-repeat,2.2512
unique/low-repeat,2.2368
unique/low-repeat,2.2264
unique/low-repeat,2.2312
unique/low-repeat,2.2432
unique/low-repeat,2.2288
unique/low-repeat,2.2352
LINE,2.2136
unique/low-repeat,2.2048
LINE,2.22
LINE,2.2144
LTR,2.2216
LINE,2.1944
LINE,2.244
LTR,2.2176
LINE,2.2096
LINE,2.2048
LTR,2.2352
LINE,2.2072
SINE,2.2056
LINE,2.216
LINE,2.2144
SINE,2.2376
LINE,2.2216
SINE,2.2432
LTR,2.2288
LINE,2.1952
LINE,2.2216
DNA,2.2376
LINE,2.2424
SINE,2.2296
SINE,2.2056
LINE,2.1992
LINE,2.2464
LINE,2.2256
LINE,2.2336
DNA,2.2376
LINE,2.2256
SINE,2.2208
unique/low-repeat,2.2336
LTR,2.2232
LINE,2.2376
DNA,2.2304
LINE,2.2176
unique/low-repeat,2.228
LTR,2.2248
LINE,2.2392
SINE,2.2224
LTR,2.2432
LTR,2.2336
SINE,2.236
LINE,2.2304
LINE,2.2512
SINE,2.2432
LINE,2.2488
SINE,2.2248
SINE,2.2344
LTR,2.2168
SINE,2.1896
SINE,2.2144
SINE,2.2328
SINE,2.164
SINE,2.2304
SINE,2.172
SINE,2.2304
SINE,2.2088
SINE,2.1544
SINE,2.1776
SINE,2.1584
SINE,2.2136
SINE,2.18
SINE,2.1384
SINE,2.224
unique/low-repeat,2.2488
unique/low-repeat,2.2304
SINE,2.172
SINE,2.1064
SINE,2.1648
SINE,2.0864
SINE,2.1768
SINE,2.172
SINE,2.1768
SINE,2.1776
LINE,2.2088
SINE,2.2024
SINE,2.1872
unique/low-repeat,2.2368
SINE,2.1904
unique/low-repeat,2.2224
unique/low-repeat,2.2056
SINE,2.2056
unique/low-repeat,2.2344
unique/low-repeat,2.2416
unique/low-repeat,2.2376
LINE,2.22
LINE,2.2432
SINE,2.2272
LINE,2.236
LINE,2.2088
LINE,2.2144
SINE,2.2224
SINE,2.1792
SINE,2.0928
SINE,2.0368
LINE,2.1416
unique/low-repeat,2.2144
LINE,2.1552
SINE,2.2048
SINE,2.1736
LINE,2.1944
LINE,2.1664
SINE,2.0944
SINE,2.2088
SINE,2.192
LINE,2.1592
SINE,2.1632
LINE,2.2272
SINE,2.204
LINE,2.2296
SINE,2.2088
unique/low-repeat,2.2448
SINE,2.128
unique/low-repeat,2.2
SINE,2.2184
SINE,2.2152
SINE,2.216
SINE,2.0744
SINE,2.0208
SINE,2.1392
SINE,2.1416
SINE,2.1896
unique/low-repeat,2.2192
LINE,2.2312
LINE,2.2192
LINE,2.2056
SINE,2.2024
SINE,2.1328
SINE,2.1432
SINE,2.1904
SINE,2.2192
SINE,2.1416
SINE,2.2008
LINE,2.2008
LINE,2.2024
LINE,2.2256
LTR,2.2384
LTR,2.2296
SINE,2.208
LINE,2.228
LTR,2.2224
LINE,2.2368
unique/low-repeat,2.236
unique/low-repeat,2.2512
unique/low-repeat,2.2448
SINE,2.1696
LTR,2.2312
SINE,2.196
SINE,2.2416
SINE,2.2216
SINE,2.192
LTR,1.8768
SINE,2.164
LTR,2.236
SINE,2.2152
LINE,2.2488
LINE,2.2184
LTR,2.2352
LINE,2.1912
LTR,2.244
LINE,2.1976
LTR,2.2248
LINE,2.216
LINE,2.2248
LTR,2.2272
LINE,2.2264
LINE,2.2208
LINE,2.2264
LINE,2.2272
LINE,2.2208
LINE,2.216
LINE,2.2208
LINE,2.2248
LINE,2.2168
DNA,2.2136
LTR,2.2184
LINE,2.2112
LINE,2.2264
LINE,2.2072
LINE,2.1864
LINE,2.2176
LINE,2.2168
LINE,2.2016
LTR,2.2264
SINE,2.2296
unique/low-repeat,2.2224
LINE,2.2216
LINE,2.2256
SINE,2.2296
LTR,2.2392
LINE,2.22
SINE,2.2312
SINE,2.2344
LINE,2.2376
unique/low-repeat,2.2184
LINE,2.24
unique/low-repeat,2.2264
LINE,2.2312
unique/low-repeat,2.2104
LINE,2.2248
LINE,2.2384
LINE,2.2224
LINE,2.2376
unique/low-repeat,2.232
LINE,2.2224
unique/low-repeat,2.2192
LINE,2.2216
SINE,2.2048
LINE,2.204
LINE,2.1984
LTR,2.22
LINE,2.1952
LINE,2.2272
LINE,2.2192
LINE,2.2232
LINE,2.2248
LINE,2.2368
LINE,2.2112
LINE,2.2272
LINE,2.2
LINE,2.2216
LINE,2.224
LINE,2.2136
LINE,2.2192
LTR,2.232
LINE,2.2232
LTR,2.2232
LINE,2.2312
LINE,2.2208
LINE,2.2152
LINE,2.2256
LINE,2.224
SINE,2.2096
LINE,2.2256
SINE,2.2272
SINE,2.1776
SINE,2.2256
SINE,2.1784
SINE,2.1104
SINE,2.2272
SINE,2.1936
SINE,2.208
LTR,2.1944
SINE,2.1544
SINE,2.1616
LINE,2.2216
LINE,2.2136
LINE,2.1936
LINE,2.2352
LINE,2.24
unique/low-repeat,2.2216
unique/low-repeat,2.2384
LTR,2.2352
unique/low-repeat,2.236
LTR,2.24
LINE,2.2392
LINE,2.2
LINE,2.2192
SINE,2.228
LINE,2.2176
LINE,2.2312
LINE,2.2064
LINE,2.1984
LINE,2.2504
SINE,2.216
SINE,2.1848
LINE,2.2232
SINE,2.1544
SINE,2.2128
SINE,2.1976
SINE,2.1888
LTR,2.2296
LINE,2.2448
SINE,2.2152
LINE,2.2392
SINE,2.2064
unique/low-repeat,2.252
unique/low-repeat,2.2216
LINE,2.2168
LINE,2.212
LINE,2.224
unique/low-repeat,2.2288
LINE,2.2264
LINE,2.2272
unique/low-repeat,2.2408
LINE,2.212
SINE,2.2296
LTR,2.2328
unique/low-repeat,2.2288
LTR,2.2168
LINE,2.2408
LINE,2.2328
unique/low-repeat,2.2296
LINE,2.2304
LINE,2.2184
LINE,2.2312
LINE,2.2072
LINE,2.2376
LINE,2.1984
LINE,2.1904
LINE,2.1952
LINE,2.228
LINE,2.2176
LTR,2.2256
LINE,2.2216
LINE,2.2176
LINE,2.2152
LINE,2.228
LINE,2.2368
DNA,2.2408
DNA,2.2216
LINE,2.2216
SINE,2.2232
SINE,2.2112
SINE,2.1816
SINE,2.216
SINE,2.1368
LINE,2.22
unique/low-repeat,2.2176
SINE,2.2136
SINE,2.1968
LINE,2.2224
SINE,2.224
LINE,2.212
LINE,2.2256
LINE,2.2328
unique/low-repeat,2.2528
LINE,2.2272
LINE,2.2224
LINE,2.2216
LINE,2.1992
LINE,2.2192
LINE,2.2312
DNA,2.2216
LTR,2.2288
LINE,2.2096
LINE,2.2192
SINE,2.2192
unique/low-repeat,2.2488
unique/low-repeat,2.2128
SINE,2.2216
LINE,2.2176
SINE,2.2072
unique/low-repeat,2.2048
LINE,2.2384
SINE,2.2448
LINE,2.24
SINE,2.192
LINE,2.2248
SINE,2.2088
LTR,2.2392
LINE,2.2472
LINE,2.2336
LINE,2.2256
LINE,2.2144
LINE,2.2344
unique/low-repeat,2.248
LINE,2.2416
SINE,2.2096
LINE,2.244
DNA,2.2376
SINE,2.24
SINE,2.2496
DNA,2.2328
SINE,2.2184
LINE,2.2392
LINE,2.2344
SINE,2.2488
LINE,2.224
LINE,2.2312
SINE,2.1584
SINE,2.2152
SINE,2.1528
SINE,2.2072
SINE,2.1568
SINE,2.192
LINE,2.148
SINE,2.2272
SINE,2.2296
SINE,2.2016
SINE,2.204
LINE,2.2304
LTR,2.168
SINE,2.1712
SINE,2.2072
LINE,2.204
LINE,2.1952
LINE,2.2064
LINE,2.2224
SINE,2.22
LTR,2.2168
SINE,2.236
DNA,2.24
LINE,2.2192
LINE,2.2144
LINE,2.2376
SINE,2.2392
unique/low-repeat,2.2528
LINE,2.2272
SINE,2.2328
unique/low-repeat,2.1976
SINE,2.2272
SINE,2.2256
DNA,2.2456
LINE,2.24
unique/low-repeat,2.2456
unique/low-repeat,2.2312
unique/low-repeat,2.224
unique/low-repeat,2.2336
unique/low-repeat,2.2304
LTR,2.2264
LINE,2.2256
SINE,2.2376
LINE,2.216
SINE,2.228
LINE,2.2376
LINE,2.2264
LINE,2.228
LINE,2.2152
SINE,2.2336
LINE,2.212
LINE,2.2168
DNA,2.2368
LINE,2.2408
LINE,2.2136
SINE,2.2352
SINE,2.2056
SINE,2.2352
SINE,2.2232
LINE,2.2448
unique/low-repeat,2.2304
LINE,2.2408
SINE,2.2192
SINE,2.244
SINE,2.2392
LINE,2.2408
SINE,2.244
SINE,2.2248
DNA,2.2376
SINE,2.2512
unique/low-repeat,2.2392
SINE,2.208
SINE,2.2208
SINE,2.1928
SINE,2.1944
SINE,2.2184
SINE,2.232
SINE,2.2288
SINE,2.2272
SINE,2.2024
LINE,2.24
unique/low-repeat,2.2416
SINE,2.2112
unique/low-repeat,2.2224
SINE,2.2184
LINE,2.1944
LINE,2.228
SINE,2.188
SINE,2.2288
LINE,2.2384
SINE,2.208
unique/low-repeat,2.2584
LINE,2.1784
SINE,2.1288
LINE,2.2016
SINE,2.1752
SINE,2.1008
SINE,2.1168
SINE,2.0616
SINE,2.2
SINE,2.1616
SINE,2.1568
SINE,2.1672
SINE,2.1864
SINE,2.2328
SINE,2.1496
SINE,2.2192
SINE,2.2248
LINE,2.1856
SINE,2.2144
SINE,2.1912
SINE,2.1928
SINE,2.2064
SINE,2.2272
SINE,2.1648
SINE,2.1984
SINE,2.1832
SINE,2.1944
SINE,2.1288
LINE,2.2232
unique/low-repeat,2.2424
LINE,2.2328
LINE,2.232
unique/low-repeat,2.2176
SINE,2.2024
SINE,2.1448
SINE,2.1808
unique/low-repeat,2.2496
SINE,2.1384
SINE,2.1584
SINE,2.2152
SINE,2.244
LTR,2.236
LTR,2.232
LTR,2.232
LINE,2.2296
SINE,2.2144
SINE,2.2304
unique/low-repeat,2.2344
LINE,2.24
LINE,2.224
SINE,2.2176
LINE,2.2152
LINE,2.2032
LINE,2.2192
LINE,2.2448
SINE,2.2232
SINE,2.2224
SINE,2.228
unique/low-repeat,2.2296
SINE,2.224
unique/low-repeat,2.2544
LINE,2.2128
LTR,2.1984
LINE,2.1976
SINE,2.2192
SINE,2.2016
LINE,2.216
SINE,2.2288
unique/low-repeat,2.2368
LINE,2.2
unique/low-repeat,2.2488
unique/low-repeat,2.2464
DNA,2.2296
SINE,2.2208
LINE,2.2464
unique/low-repeat,2.2344
SINE,2.2288
SINE,2.2296
LINE,2.2032
SINE,2.24
SINE,2.2424
SINE,2.1904
SINE,2.2448
SINE,2.2144
LINE,2.1488
DNA,2.2224
LTR,2.2168
LTR,2.2304
SINE,2.2512
LINE,2.2288
LINE,2.196
LINE,2.2048
SINE,2.2048
DNA,2.2208
LINE,2.232
SINE,2.2048
SINE,2.2472
SINE,2.2144
SINE,2.2408
DNA,2.2048
LTR,2.2336
SINE,2.2288
SINE,2.2264
LTR,2.2288
SINE,2.2152
SINE,2.2384
LINE,2.228
SINE,2.2512
SINE,2.2376
LTR,2.232
SINE,2.2304
SINE,2.1792
LINE,2.224
LINE,2.2288
LTR,2.2024
SINE,2.2256
LTR,2.2192
SINE,2.2176
SINE,2.196
LINE,2.2264
LINE,2.212
LINE,2.2248
SINE,2.2432
LINE,2.2352
LINE,2.2392
SINE,2.2296
LINE,2.2304
LINE,2.2328
LINE,2.204
LINE,2.2192
LINE,2.2408
LINE,2.2232
LINE,2.2272
LINE,2.1752
unique/low-repeat,2.2384
LINE,2.2176
LINE,2.2184
LINE,2.212
LINE,2.2256
LINE,2.208
LINE,2.2176
LINE,2.2256
unique/low-repeat,2.2336
SINE,2.1992
SINE,2.2024
Retroposon,2.1088
LINE,2.176
SINE,2.1896
SINE,2.2336
SINE,2.184
SINE,2.224
SINE,2.2168
SINE,2.2032
Retroposon,2.2136
LINE,2.2352
LINE,2.2384
LINE,2.228
LINE,2.2176
LINE,2.2248
SINE,2.2392
LINE,2.2352
unique/low-repeat,2.2328
LINE,2.1992
LINE,2.2352
SINE,2.2376
LINE,2.2288
SINE,2.2328
LINE,2.2208
unique/low-repeat,2.2248
LINE,2.2104
unique/low-repeat,2.2232
SINE,2.228
SINE,2.2256
unique/low-repeat,2.2224
SINE,2.2312
SINE,2.2152
SINE,2.1704
LINE,2.2184
SINE,2.2192
SINE,2.2232
SINE,2.1568
SINE,2.12
SINE,2.1472
Simple_repeat,1.96
SINE,2.184
SINE,2.204
unique/low-repeat,2.2368
SINE,2.2096
SINE,2.24
SINE,2.0824
SINE,2.1136
LINE,2.2064
SINE,2.136
SINE,2.1952
SINE,2.208
SINE,2.228
SINE,2.1928
SINE,2.2152
Retroposon,2.0736
SINE,2.1128
Retroposon,2.0072
SINE,2.1392
SINE,2.112
SINE,2.14
SINE,2.0936
SINE,2.2168
SINE,2.224
SINE,2.2312
SINE,2.2304
unique/low-repeat,2.2264
SINE,2.1968
LINE,2.2464
LINE,2.224
SINE,2.2104
unique/low-repeat,2.2552
LINE,2.236
LINE,2.2264
LINE,2.2288
LINE,2.2272
LINE,2.208
LINE,2.2144
LINE,2.2264
LINE,2.2072
LINE,2.2456
LINE,2.2248
LINE,2.1992
LINE,2.212
LTR,2.236
SINE,2.2056
unique/low-repeat,2.2136
Low_complexity,1.8392
SINE,2.2032
LTR,2.2288
LINE,2.232
LINE,2.236
SINE,2.2168
LINE,2.2312
LINE,2.2064
SINE,2.2208
LINE,2.2056
LINE,2.2352
SINE,2.1976
LTR,2.232
LINE,2.22
LINE,2.2208
LINE,2.2232
SINE,2.232
SINE,2.2352
SINE,2.1976
unique/low-repeat,2.2256
SINE,2.232
SINE,2.2296
SINE,2.244
LINE,2.232
unique/low-repeat,2.232
SINE,2.2448
SINE,2.2304
SINE,2.2192
SINE,2.2312
LINE,2.244
SINE,2.232
SINE,2.192
SINE,2.2112
LINE,2.236
other-repeat,2.224
unique/low-repeat,2.2024
SINE,2.1664
SINE,2.1592
unique/low-repeat,2.244
LTR,2.232
LINE,2.212
LINE,2.2528
LTR,2.2288
LTR,2.2216
LINE,2.2304
LINE,2.232
LINE,2.2376
LINE,2.2216
LINE,2.2128
LINE,2.2416
LTR,2.2416
LINE,2.2264
LINE,2.2408
SINE,2.2088
SINE,2.1656
SINE,2.196
LINE,2.2112
SINE,2.2216
SINE,2.2344
SINE,2.2384
LINE,2.2304
unique/low-repeat,2.2152
LINE,2.2136
LINE,2.244
SINE,2.2272
LINE,2.2216
SINE,2.1944
unique/low-repeat,2.264
LINE,2.2096
LINE,2.2248
SINE,2.2144
SINE,2.2288
SINE,2.2344
SINE,2.2232
LINE,2.2528
LTR,2.224
LTR,2.2216
LINE,2.2248
LINE,2.1688
LTR,2.2272
LINE,2.228
LINE,2.2224
LINE,2.2136
LINE,2.2024
LINE,2.1624
SINE,2.24
LINE,2.2304
LINE,2.2064
LINE,2.224
SINE,2.236
LINE,2.2208
SINE,2.2336
LINE,2.2248
unique/low-repeat,2.2024
unique/low-repeat,2.1992
SINE,2.2456
unique/low-repeat,2.2296
LINE,2.1736
SINE,2.228
SINE,2.1912
LINE,2.1888
LTR,2.2328
LINE,2.2192
SINE,2.2128
SINE,2.224
SINE,2.168
LINE,2.2336
SINE,2.2
SINE,2.2272
LINE,2.2376
LINE,2.2464
SINE,2.2368
LINE,2.2272
LINE,2.224
LTR,2.2232
LINE,2.2168
LINE,2.2384
SINE,2.2344
LINE,2.2
LINE,2.236
LINE,2.2168
LINE,2.2344
LINE,2.2216
LINE,2.228
unique/low-repeat,2.2272
LTR,2.1984
SINE,2.2128
unique/low-repeat,2.1624
unique/low-repeat,2.192
LTR,2.2472
SINE,2.2168
SINE,2.2032
SINE,2.2312
LINE,2.2344
SINE,2.2016
SINE,2.2008
SINE,2.2264
SINE,2.2208
SINE,2.2472
SINE,2.2184
SINE,2.208
SINE,2.1768
SINE,2.2224
DNA,2.2208
SINE,2.2424
LINE,2.2184
SINE,2.228
SINE,2.2256
LINE,2.1944
SINE,2.2096
SINE,2.2192
LINE,2.2072
SINE,2.1888
SINE,2.064
SINE,2.1968
LINE,2.2048
LINE,2.2352
LINE,2.2224
LTR,2.1528
SINE,2.212
SINE,2.2352
LINE,2.2176
LTR,2.2088
unique/low-repeat,2.2072
SINE,2.2096
LINE,2.2232
LTR,2.2336
LINE,2.2232
LINE,2.2176
unique/low-repeat,2.2344
LINE,2.2088
SINE,2.2144
LINE,2.2368
LINE,2.2144
LTR,2.2112
LINE,2.2312
LINE,2.2272
LINE,2.2312
LTR,2.2352
LINE,2.2
LINE,2.232
LINE,2.2136
LINE,2.2216
LINE,2.224
LINE,2.2232
LINE,2.2312
LINE,2.24
unique/low-repeat,2.2208
unique/low-repeat,2.2352
LINE,2.232
unique/low-repeat,2.2336
DNA,2.2184
DNA,2.2184
SINE,2.232
unique/low-repeat,2.2392
unique/low-repeat,2.216
unique/low-repeat,2.2536
LINE,2.2248
LINE,2.228
LINE,2.24
LINE,2.2384
LINE,2.2352
SINE,2.2304
LTR,2.0864
LINE,2.2208
LINE,2.1712
SINE,2.2088
SINE,2.22
LINE,2.2448
LINE,2.248
SINE,2.2248
LTR,2.236
LINE,2.2272
SINE,2.24
LINE,2.228
LINE,2.2448
SINE,2.22
LINE,2.1992
DNA,2.2392
SINE,2.2088
SINE,2.1568
LINE,2.2136
SINE,2.2056
SINE,2.1864
SINE,2.16
SINE,2.1832
SINE,2.2176
SINE,2.1624
SINE,2.176
SINE,2.2048
SINE,2.1496
SINE,2.204
LINE,2.2144
LINE,2.2312
SINE,2.22
SINE,2.2312
SINE,2.1912
SINE,2.22
SINE,2.2104
SINE,2.208
SINE,2.2184
SINE,2.16
SINE,2.1752
SINE,2.1952
SINE,2.1976
SINE,2.1872
SINE,2.2112
LTR,2.236
SINE,2.228
LINE,2.2328
LINE,2.2344
LINE,2.228
LTR,2.2328
LINE,2.212
LINE,2.2088
LINE,2.2464
DNA,2.2328
LINE,2.2456
SINE,2.248
LINE,2.2344
LTR,2.232
LINE,2.2328
LTR,2.2328
LTR,2.2424
SINE,2.2192
SINE,2.232
unique/low-repeat,2.2344
LINE,2.228
LTR,2.2288
LINE,2.1912
SINE,2.052
unique/low-repeat,2.2424
SINE,2.2184
SINE,2.2416
LINE,2.2304
SINE,2.2272
LINE,2.2352
LTR,2.244
LINE,2.1088
LTR,2.1848
LINE,2.228
LINE,2.2288
LINE,2.2336
LINE,2.2424
LINE,2.2176
LINE,2.212
LINE,2.2256
DNA,2.248
LINE,2.22
LINE,2.2424
SINE,2.2144
LINE,2.2144
SINE,2.2144
unique/low-repeat,2.236
LINE,2.2304
SINE,2.2296
unique/low-repeat,2.2416
unique/low-repeat,2.24
LINE,2.2016
LTR,2.2528
LINE,2.1952
LINE,2.2176
LINE,2.2152
SINE,2.2224
LINE,2.224
LINE,2.2304
LINE,2.22
LINE,2.2296
unique/low-repeat,2.2472
LTR,2.2312
unique/low-repeat,2.2
LINE,2.24
DNA,2.236
LINE,2.2408
LINE,2.2424
LINE,2.224
LTR,2.2368
LINE,2.2144
LINE,2.2248
LINE,2.1832
unique/low-repeat,2.2448
unique/low-repeat,2.228
LINE,2.2256
SINE,2.2216
SINE,2.2392
LINE,2.2272
LINE,2.2384
SINE,2.2416
unique/low-repeat,2.2512
SINE,2.2344
SINE,2.2376
SINE,2.216
LINE,2.216
LINE,2.2304
unique/low-repeat,2.2304
unique/low-repeat,2.2344
unique/low-repeat,2.2288
DNA,2.156
LTR,2.232
LINE,2.2456
LINE,2.2384
LINE,2.2232
LINE,2.232
LTR,2.2392
LTR,2.2096
LINE,2.2272
LINE,2.2288
LINE,2.1832
LINE,2.244
LINE,2.2032
SINE,2.216
LINE,2.228
LINE,2.2176
LINE,2.236
LINE,2.216
Simple_repeat,2.1496
LINE,2.2304
LINE,2.2168
LTR,2.2216
LINE,2.2296
SINE,2.236
LINE,2.2144
LTR,2.2184
LINE,2.22
SINE,2.2248
LINE,2.2296
SINE,2.2152
unique/low-repeat,2.2408
SINE,2.2328
LINE,2.2192
LINE,2.24
DNA,2.2456
unique/low-repeat,2.2432
SINE,2.2256
SINE,2.2456
unique/low-repeat,2.244
unique/low-repeat,2.2528
SINE,2.2128
LINE,2.2376
LINE,2.2152
SINE,2.2088
LINE,2.2104
LINE,2.2184
LINE,2.2336
LINE,2.2232
unique/low-repeat,2.216
LTR,2.2224
SINE,2.2136
LINE,2.2184
LINE,2.2456
LTR,2.2208
unique/low-repeat,2.236
LINE,2.1928
LINE,2.24
LINE,2.1872
LINE,2.2368
unique/low-repeat,2.2392
LINE,2.2336
LINE,2.2384
LINE,2.2128
LINE,2.212
SINE,2.2064
SINE,2.2296
SINE,2.172
SINE,2.2416
LINE,2.0144
SINE,2.1784
SINE,2.2472
unique/low-repeat,2.276
LINE,2.2336
LINE,2.244
SINE,2.2168
unique/low-repeat,2.2288
LINE,2.1992
SINE,2.2448
LINE,2.2512
LINE,2.2328
LINE,2.2168
LINE,2.2392
LINE,2.2576
LTR,2.2304
LINE,2.2024
other-repeat,2.1288
LINE,2.224
LINE,1.5736
LINE,2.2432
unique/low-repeat,2.1
LTR,2.2192
SINE,2.1656
SINE,2.1064
SINE,2.1432
unique/low-repeat,2.1736
SINE,2.1784
unique/low-repeat,2.0736
unique/low-repeat,2.1376
SINE,2.0912
SINE,1.7208
SINE,2.2072
SINE,1.7456
unique/low-repeat,2.0776
unique/low-repeat,2.1992
SINE,2.1944
SINE,2.0536
SINE,2.2112
unique/low-repeat,2.0896
unique/low-repeat,1.948
unique/low-repeat,2.1928
unique/low-repeat,2.2016
unique/low-repeat,2.1304
unique/low-repeat,2.1824
LINE,2.208
LINE,2.208
SINE,2.216
unique/low-repeat,2.0992
SINE,2.1824
unique/low-repeat,2.1712
SINE,2.18
unique/low-repeat,2.212
unique/low-repeat,2.2448
SINE,2.1896
unique/low-repeat,2.2448
unique/low-repeat,2.2024
SINE,2.2312
SINE,2.116
SINE,2.216
SINE,2.1608
unique/low-repeat,2.1176
SINE,2.1896
SINE,2.172
SINE,2.1496
SINE,2.1888
Low_complexity,2.0128
unique/low-repeat,1.9904
SINE,2.1912
unique/low-repeat,2.2248
unique/low-repeat,2.1832
SINE,2.1472
SINE,2.1608
SINE,2.2048
SINE,2.2336
SINE,2.124
unique/low-repeat,2.204
DNA,2.2184
unique/low-repeat,2.228
SINE,2.2216
SINE,2.2408
LTR,2.2352
SINE,2.2176
SINE,2.1968
SINE,2.1536
unique/low-repeat,2.1728
SINE,2.1512
SINE,2.2064
SINE,2.1784
SINE,2.188
SINE,2.1448
SINE,2.176
SINE,2.2224
SINE,2.2176
SINE,2.224
SINE,2.188
LINE,2.2336
SINE,2.1536
SINE,2.2208
SINE,2.2072
SINE,2.1408
unique/low-repeat,2.2384
SINE,2.2288
unique/low-repeat,2.2536
SINE,2.2248
SINE,2.1072
SINE,2.1896
SINE,2.2216
SINE,2.1968
SINE,2.1272
SINE,2.1744
SINE,2.1424
SINE,2.12
SINE,2.0688
unique/low-repeat,2.2288
SINE,2.164
unique/low-repeat,2.2176
SINE,2.2088
SINE,2.2056
SINE,2.1048
SINE,2.2328
SINE,2.2
SINE,2.2232
SINE,2.1808
SINE,2.2048
LTR,2.2136
LTR,2.2064
SINE,2.2336
SINE,2.224
LINE,2.2432
LINE,2.2312
SINE,2.236
SINE,2.2216
SINE,2.2176
SINE,2.2232
SINE,2.2096
SINE,2.1544
SINE,2.212
SINE,2.2352
LINE,2.2064
SINE,2.2352
LINE,2.2232
SINE,2.22
SINE,2.2208
SINE,2.1464
SINE,2.2216
SINE,2.2248
SINE,2.228
SINE,2.2384
LINE,2.2096
Simple_repeat,2.1048
LINE,2.2312
SINE,2.2328
SINE,2.1864
unique/low-repeat,2.216
SINE,2.228
LINE,2.2336
SINE,2.2312
SINE,2.2272
unique/low-repeat,2.2384
unique/low-repeat,2.2376
SINE,2.228
SINE,2.2088
LINE,2.2232
SINE,2.2312
LINE,2.2336
SINE,2.2208
LINE,2.2152
LINE,2.2152
LINE,2.2248
LTR,2.196
LTR,2.2432
LINE,2.2096
LINE,2.252
LINE,2.236
LTR,2.2504
LTR,2.2264
SINE,2.212
SINE,2.2328
LINE,2.2376
SINE,2.2216
SINE,2.1816
SINE,2.2176
SINE,2.2296
SINE,2.1624
SINE,2.232
SINE,2.2344
SINE,2.212
SINE,2.2176
LTR,2.2128
unique/low-repeat,2.2368
SINE,2.1872
LINE,2.2176
SINE,2.088
SINE,2.0824
SINE,2.008
SINE,2.16
SINE,2.12
SINE,2.1432
SINE,2.1496
SINE,2.06
LTR,2.1552
SINE,2.2416
LINE,2.232
LINE,2.2008
LTR,2.2352
LINE,2.2432
LINE,2.2256
LINE,2.2408
SINE,2.216
SINE,2.2272
LINE,2.2448
LINE,2.224
LTR,2.2248
LINE,2.2456
unique/low-repeat,2.2592
SINE,2.2248
SINE,2.2128
SINE,2.1192
LTR,2.2008
SINE,2.144
SINE,2.1712
SINE,2.1072
LINE,2.1872
LTR,2.2256
SINE,2.1144
SINE,2.2128
SINE,2.2024
Satellite,1.8
SINE,2.2064
LINE,2.2456
SINE,2.2392
SINE,2.2432
SINE,2.2104
SINE,2.1952
SINE,2.2416
LINE,2.184
SINE,2.1928
SINE,2.2232
SINE,2.2216
SINE,2.2152
SINE,2.228
SINE,2.1456
SINE,2.1928
SINE,2.2216
SINE,2.132
SINE,2.1456
SINE,2.208
SINE,2.1856
SINE,2.2232
SINE,2.1768
SINE,2.1936
SINE,2.1976
SINE,2.1928
SINE,2.1792
SINE,2.128
SINE,2.2024
SINE,2.2232
SINE,2.224
SINE,2.2304
SINE,2.2104
SINE,2.088
LINE,2.244
LINE,2.24
LINE,2.236
SINE,2.2344
SINE,2.2368
SINE,2.2344
SINE,2.1856
SINE,2.2192
SINE,2.2024
SINE,2.2224
SINE,2.1584
LINE,2.1792
SINE,2.2336
LTR,2.2336
LTR,2.2288
LINE,2.1968
LTR,2.2104
LINE,2.2256
LINE,2.2272
LINE,2.2336
LINE,2.2184
SINE,2.2464
LTR,2.1648
SINE,2.1976
LTR,2.2272
LINE,2.232
DNA,2.2232
SINE,2.2352
LINE,2.216
SINE,2.2088
LINE,2.2432
LINE,2.2144
LINE,2.2136
SINE,2.2352
LINE,2.2264
LINE,2.2224
SINE,2.2528
SINE,2.1832
SINE,2.1832
SINE,2.1856
SINE,2.2232
SINE,2.1992
LINE,2.2312
SINE,2.2392
LINE,2.1832
SINE,2.1848
SINE,2.0712
SINE,2.1832
SINE,2.1704
LINE,2.2472
LINE,2.2496
LINE,2.2496
SINE,2.224
SINE,2.2072
LINE,2.2256
SINE,2.2272
SINE,2.2232
LINE,2.2112
LTR,2.2128
SINE,2.196
SINE,2.1352
SINE,2.2104
SINE,2.1832
SINE,2.212
SINE,2.1504
SINE,2.1456
SINE,2.1296
SINE,2.192
SINE,2.1832
SINE,2.1976
SINE,2.2192
SINE,2.1704
SINE,2.2264
SINE,2.2072
SINE,2.2112
LINE,2.228
unique/low-repeat,2.1344
Simple_repeat,2.028
SINE,2.1568
SINE,2.1776
SINE,2.192
LTR,2.224
LINE,2.2192
SINE,2.1696
SINE,2.192
SINE,2.1736
SINE,2.1808
LINE,2.2096
SINE,2.1984
LINE,2.2224
LINE,2.1736
SINE,2.232
LINE,2.2416
LINE,2.1256
LINE,2.188
LINE,2.2384
SINE,2.2072
SINE,2.2192
SINE,2.224
SINE,2.228
SINE,2.2176
SINE,2.18
SINE,2.2176
LINE,2.2352
LINE,2.2048
SINE,2.1984
SINE,2.2432
LINE,2.2264
SINE,2.1448
LINE,2.2064
LINE,2.2304
SINE,2.1968
LINE,2.2264
SINE,2.208
LINE,2.2288
SINE,2.2168
LINE,2.2024
SINE,2.2216
LTR,2.1864
LTR,2.228
SINE,2.1304
SINE,2.1952
LINE,2.2112
SINE,2.1776
SINE,2.1904
SINE,2.108
SINE,2.2328
LINE,2.2376
SINE,2.2248
SINE,2.2088
SINE,2.1176
SINE,2.0888
SINE,2.1032
SINE,2.1256
SINE,2.092
SINE,2.1584
LTR,2.188
SINE,2.2272
SINE,2.2464
SINE,2.2136
LTR,2.22
SINE,2.244
SINE,2.2112
LTR,2.2424
SINE,2.1768
LTR,2.2312
SINE,2.1448
LINE,2.2144
SINE,2.2
SINE,2.1824
SINE,2.22
SINE,2.2272
SINE,2.2016
SINE,2.1976
LINE,2.22
SINE,2.2072
SINE,2.2424
SINE,2.2176
LTR,2.2176
SINE,2.216
LINE,2.1984
SINE,2.2304
SINE,2.2064
SINE,2.2312
LINE,2.2176
LTR,2.2408
LINE,2.24
LINE,2.2208
LTR,2.2168
LINE,2.2264
LINE,2.228
LINE,2.2392
LTR,2.2328
LINE,2.224
SINE,2.236
SINE,2.2312
unique/low-repeat,2.2312
SINE,2.2088
SINE,2.2336
SINE,2.1872
SINE,2.168
SINE,2.2072
SINE,2.188
SINE,2.1944
SINE,2.2368
SINE,2.2024
SINE,2.22
LINE,2.2112
SINE,2.1936
SINE,2.1456
SINE,1.8488
SINE,2.212
SINE,2.164
LINE,2.2016
LTR,2.2184
SINE,2.1216
LTR,2.2128
SINE,2.228
SINE,2.1736
SINE,2.1336
SINE,2.2008
SINE,2.1176
SINE,2.1712
SINE,2.2552
SINE,2.1448
SINE,2.2048
SINE,2.2256
SINE,2.2328
SINE,2.2032
SINE,2.1944
SINE,2.1416
SINE,2.196
SINE,2.2048
SINE,2.224
SINE,2.1712
SINE,2.1872
SINE,2.1208
SINE,2.188
SINE,2.2096
SINE,1.9072
SINE,2.2272
SINE,2.2192
LINE,2.2424
LINE,2.2208
LINE,2.22
SINE,2.2232
SINE,2.172
LINE,2.2072
SINE,2.2048
DNA,2.2208
LINE,2.2408
LINE,2.2208
SINE,2.2256
SINE,2.1456
SINE,2.1728
SINE,2.2256
SINE,2.14
SINE,2.2128
SINE,2.076
SINE,2.1752
SINE,2.1808
SINE,2.1632
SINE,2.1856
SINE,2.2024
SINE,2.248
SINE,2.1968
SINE,2.1
SINE,2.2168
LINE,2.2232
LINE,2.2392
LINE,2.2232
SINE,2.1904
SINE,2.2448
SINE,2.196
LTR,2.204
LTR,2.192
SINE,2.1408
SINE,2.2464
LINE,2.152
SINE,2.1528
SINE,2.152
SINE,2.1104
SINE,2.2072
SINE,2.2344
SINE,2.1904
SINE,2.2304
SINE,2.228
SINE,2.1968
SINE,2.1984
LTR,2.2056
SINE,2.2048
SINE,2.208
SINE,2.1016
SINE,2.1672
LINE,2.2064
LINE,2.2384
SINE,2.2304
LTR,2.2352
LINE,2.216
SINE,2.232
LINE,2.224
LTR,2.2488
SINE,2.2328
LINE,2.212
LINE,2.2344
SINE,2.2392
SINE,2.2152
LINE,2.1976
LTR,2.2368
LINE,2.2312
LINE,2.192
Simple_repeat,2.104
LINE,2.1984
LINE,2.2136
LINE,2.2144
LINE,2.224
LTR,2.2272
SINE,2.2048
SINE,2.1952
LINE,2.2168
LINE,2.224
LINE,2.2032
LINE,2.2408
LINE,2.2312
SINE,2.2232
LINE,2.1968
SINE,2.1864
LINE,2.2472
LTR,2.2416
LTR,2.2088
SINE,2.2008
SINE,2.2224
SINE,2.04
SINE,2.2144
SINE,2.2048
LINE,2.2328
LINE,2.1704
DNA,2.232
LINE,2.26
SINE,2.1984
LTR,2.2216
Simple_repeat,2.168
SINE,2.212
SINE,2.2232
SINE,2.2392
LINE,2.2272
SINE,2.1896
DNA,2.2264
LINE,2.2488
SINE,2.2392
SINE,2.2384
SINE,2.032
SINE,2.1176
SINE,2.1472
SINE,2.1624
SINE,2.1664
SINE,2.1856
LTR,2.176
SINE,2.1296
SINE,1.9968
unique/low-repeat,2.228
SINE,2.112
SINE,2.0664
SINE,2.1888
SINE,2.1848
SINE,2.208
LTR,2.1904
SINE,2.1744
unique/low-repeat,2.2416
LTR,2.2272
unique/low-repeat,2.2032
LINE,2.2512
LTR,2.1056
SINE,2.1216
SINE,2.1608
unique/low-repeat,2.2312
SINE,2.1568
SINE,2.1296
SINE,2.2184
SINE,2.2024
SINE,2.2152
SINE,2.184
SINE,2.2232
unique/low-repeat,2.2464
SINE,2.2376
SINE,2.2392
SINE,2.0248
SINE,2.092
SINE,2.2184
SINE,2.1816
SINE,2.104
SINE,2.1888
SINE,2.1576
SINE,2.0576
SINE,2.1008
SINE,2.1712
SINE,2.1848
SINE,2.1808
SINE,2.192
SINE,2.2432
SINE,2.2056
SINE,2.2368
SINE,2.0448
SINE,2.0776
unique/low-repeat,2.2232
SINE,2.2272
SINE,2.2064
SINE,2.1448
LINE,2.2208
SINE,2.2192
LINE,2.2336
LINE,2.2216
LINE,2.2312
LINE,2.2088
LINE,2.2016
LINE,2.1816
LINE,2.1664
LTR,2.2192
LINE,2.2288
LINE,2.208
LINE,2.2168
LINE,2.2184
SINE,2.2024
Satellite,2.192
unique/low-repeat,2.2016
LTR,2.2072
SINE,2.2056
Simple_repeat,2.016
LINE,2.208
LINE,2.2224
Simple_repeat,2.0712
SINE,2.2192
LINE,2.2216
LINE,2.1568
LINE,2.2504
unique/low-repeat,2.2288
LINE,2.1992
LTR,2.2224
LINE,2.2312
unique/low-repeat,2.2384
SINE,2.16
SINE,2.2088
SINE,2.1352
SINE,2.1344
SINE,2.2088
LINE,2.228
LINE,2.232
other-repeat,2.2192
LTR,2.2088
Low_complexity,2.1256
LINE,2.2112
LTR,2.2272
LINE,2.22
LINE,2.1848
Low_complexity,1.9608
LINE,2.2088
LINE,2.2392
LINE,2.2472
LINE,2.228
LINE,2.204
SINE,2.1848
LINE,2.2344
SINE,2.1952
LINE,2.2
LINE,2.212
Simple_repeat,1.8672
SINE,2.1616
SINE,2.0872
unique/low-repeat,2.2432
unique/low-repeat,2.2624
LINE,2.2024
SINE,2.1528
LINE,2.22
Low_complexity,2.132
LTR,2.216
LTR,2.2184
SINE,2.2024
LINE,2.2296
unique/low-repeat,2.2216
LINE,2.2016
Satellite,2.116
LINE,2.2448
other-repeat,2.1368
Satellite,1.3592
LINE,2.1864
Satellite,2.1512
LINE,2.2072
LINE,2.2264
LINE,2.212
LTR,2.2296
LINE,2.2336
other-repeat,2.2272
LINE,2.2272
LINE,2.2256
LINE,2.2248
LINE,2.1984
LTR,2.2408
unique/low-repeat,2.2448
LINE,2.2488
LINE,2.0968
LTR,2.2328
SINE,2.2288
LINE,2.0648
LINE,2.2264
LTR,2.2168
LINE,2.0544
Satellite,1.9792
Satellite,1.1776
LINE,2.232
LINE,2.2192
LINE,2.2312
LINE,2.2032
LINE,2.2032
SINE,2.216
SINE,2.2112
SINE,2.1688
SINE,2.1808
SINE,2.2344
SINE,2.1496
SINE,2.2104
SINE,2.1496
SINE,2.148
SINE,2.1976
SINE,2.2216
LINE,2.2424
LINE,2.204
SINE,2.2176
LINE,2.1904
LINE,2.2352
LINE,2.2232
LINE,2.2256
LTR,2.2424
LINE,2.2248
unique/low-repeat,2.24
LINE,2.2144
LINE,2.2
LINE,2.2288
SINE,2.2224
LTR,2.2328
LINE,2.212
SINE,2.2352
LTR,2.2288
LINE,2.2272
LTR,2.2248
unique/low-repeat,2.2336
LINE,2.248
LINE,2.2048
LINE,2.2104
SINE,2.2112
SINE,2.2184
SINE,2.2488
SINE,2.2416
LINE,2.124
SINE,2.2344
SINE,2.2176
LINE,2.2288
LTR,2.2056
LINE,2.2304
SINE,2.2392
LINE,2.2304
LINE,2.2232
LINE,2.2336
LINE,2.2208
LTR,2.2256
LINE,2.228
SINE,2.2448
LINE,2.24
LINE,2.208
LINE,2.2056
LINE,2.2304
SINE,2.224
LINE,2.1536
unique/low-repeat,2.2552
LINE,2.2408
unique/low-repeat,2.2408
LINE,2.24
SINE,2.196
LINE,2.2168
SINE,2.2208
SINE,2.212
SINE,2.1584
SINE,2.1632
SINE,2.1928
SINE,2.204
SINE,2.14
LINE,2.2328
LINE,2.228
unique/low-repeat,2.2464
LINE,2.22
LTR,2.2352
LINE,2.2112
SINE,2.2408
SINE,2.1704
LINE,2.2336
LTR,2.2184
LINE,2.2336
LINE,2.2232
SINE,2.2208
LINE,2.2168
SINE,2.2216
LINE,2.204
LINE,2.2328
SINE,2.1928
LINE,2.2328
LINE,2.2264
SINE,2.176
SINE,2.2408
SINE,2.1992
LINE,2.2328
LINE,2.208
LINE,2.2328
unique/low-repeat,2.2352
unique/low-repeat,2.2384
LTR,2.2056
LINE,2.224
SINE,2.232
SINE,2.1952
LINE,2.2392
LINE,2.2032
LINE,2.224
LTR,2.232
unique/low-repeat,2.2312
LINE,2.2392
LINE,2.2384
SINE,2.2256
SINE,2.2288
LTR,2.2192
LINE,2.2224
LTR,2.2224
LTR,2.2384
SINE,2.2296
LINE,2.2264
LINE,2.2224
LINE,2.2176
LINE,2.208
SINE,2.2064
SINE,2.2128
SINE,2.212
LINE,2.216
SINE,2.208
LINE,2.2256
SINE,2.212
SINE,2.1648
SINE,2.2168
LINE,2.2184
unique/low-repeat,2.2416
LINE,2.244
unique/low-repeat,2.224
SINE,2.2288
LINE,2.2224
LINE,2.232
LINE,2.2256
LINE,2.2264
SINE,2.232
SINE,2.2376
LINE,2.2536
LINE,2.2312
DNA,2.2376
LTR,2.2352
SINE,2.2304
LINE,2.2144
LINE,2.236
LTR,2.2232
LTR,2.2208
LINE,2.2432
LINE,2.2168
LTR,2.2224
SINE,2.1792
SINE,2.2184
SINE,2.2296
LINE,2.2152
LINE,2.2096
LINE,2.2216
LTR,2.2248
LINE,2.2112
SINE,2.2256
LINE,2.2264
LINE,2.2288
LINE,2.1896
LINE,2.224
LINE,2.2392
LINE,2.216
LINE,2.2312
SINE,2.2336
LTR,2.2344
LINE,2.2352
SINE,2.1584
LINE,2.216
unique/low-repeat,2.2376
SINE,2.2472
SINE,2.1776
LINE,2.2376
unique/low-repeat,2.2344
unique/low-repeat,2.2136
LINE,2.0568
SINE,2.2088
SINE,2.1912
SINE,2.2112
SINE,2.2152
SINE,2.2248
SINE,2.2256
SINE,2.2168
SINE,2.2272
SINE,2.248
SINE,2.2128
LINE,2.224
SINE,2.2152
LINE,2.2384
LINE,2.2216
SINE,2.2408
LINE,2.1024
unique/low-repeat,2.212
unique/low-repeat,2.2384
SINE,2.1912
SINE,2.2232
unique/low-repeat,2.2336
SINE,2.216
SINE,2.152
LINE,2.2256
SINE,2.2344
SINE,2.1968
LINE,2.2272
LTR,2.2152
unique/low-repeat,2.2328
SINE,2.0656
SINE,2.1024
LINE,2.1432
LINE,2.1784
LINE,2.2072
SINE,2.2256
LINE,2.216
LINE,2.2248
LINE,2.2352
LTR,2.2288
LTR,2.2264
LTR,2.2168
LINE,2.2376
SINE,2.2136
LINE,2.208
LINE,2.2024
LINE,2.2176
LINE,2.2296
unique/low-repeat,2.2328
LTR,2.2256
LTR,2.2304
LINE,2.2296
LINE,2.2304
LTR,2.2024
LINE,2.2136
SINE,2.2376
DNA,2.2152
DNA,2.228
unique/low-repeat,2.2224
LINE,2.216
LINE,2.2136
SINE,2.2176
LINE,2.2296
LINE,2.2192
LTR,2.2328
LINE,2.2088
LINE,2.212
LINE,2.2112
LTR,2.2248
unique/low-repeat,2.2248
LTR,2.2424
LINE,2.2168
SINE,2.2072
LINE,2.2296
LINE,2.2288
LTR,2.2184
LINE,2.2176
unique/low-repeat,2.2296
SINE,2.1944
LTR,2.2176
SINE,2.2232
SINE,2.2336
SINE,2.2216
unique/low-repeat,2.2224
LINE,2.2224
LINE,2.2288
LTR,2.2392
SINE,2.2064
LINE,2.2376
LINE,2.208
LINE,2.2176
LINE,2.2424
LTR,2.2128
LINE,2.22
DNA,2.2248
LTR,2.22
LINE,2.232
LTR,2.2368
LTR,2.2368
LTR,2.2368
LINE,2.212
LTR,2.2136
LINE,2.2192
LTR,2.2112
LINE,2.2184
LINE,2.2144
LINE,2.2256
LTR,2.2224
unique/low-repeat,2.228
LINE,2.216
SINE,2.2264
SINE,2.2328
LINE,2.2104
LTR,2.2168
LINE,2.2288
SINE,2.22
LINE,2.2312
LINE,2.2384
LINE,2.2256
LTR,2.2312
LINE,2.2024
SINE,2.1544
LINE,2.2256
unique/low-repeat,2.2312
LINE,2.2192
unique/low-repeat,2.2256
LTR,2.196
LINE,2.2096
LINE,2.2088
LTR,2.2128
LINE,2.1856
LINE,2.2232
LINE,2.2336
LINE,2.228
Simple_repeat,1.908
SINE,2.2288
LTR,2.232
LINE,2.2352
SINE,2.2352
SINE,2.2312
SINE,2.2288
SINE,2.2392
LINE,2.224
LTR,2.228
LTR,2.224
LINE,2.2504
LTR,2.2216
SINE,2.2088
LINE,2.224
LINE,2.2304
unique/low-repeat,2.2336
SINE,2.2448
LINE,2.224
SINE,2.2256
SINE,2.2432
SINE,2.216
SINE,2.2336
SINE,2.1928
SINE,2.1928
SINE,2.1768
SINE,2.1248
SINE,2.2136
SINE,2.248
SINE,2.2112
SINE,2.1592
SINE,2.1544
SINE,2.2008
SINE,2.216
LINE,2.2304
unique/low-repeat,2.244
SINE,2.1368
SINE,2.22
SINE,2.0304
SINE,2.1592
unique/low-repeat,2.24
SINE,2.1144
SINE,2.0568
unique/low-repeat,2.2232
SINE,2.1224
SINE,2.2168
unique/low-repeat,2.244
SINE,2.2136
SINE,2.172
SINE,2.1552
SINE,2.188
SINE,2.1976
SINE,2.1224
SINE,2.1632
SINE,2.2024
SINE,2.1248
SINE,2.1128
SINE,2.0952
SINE,2.1232
LINE,2.1984
SINE,2.2296
SINE,2.2456
SINE,2.2344
SINE,2.1488
SINE,2.2112
SINE,2.1752
SINE,2.1128
SINE,2.2168
SINE,2.2248
SINE,2.212
SINE,2.1352
SINE,2.1792
LINE,2.22
SINE,2.2016
SINE,2.1504
SINE,2.0352
SINE,2.0424
SINE,2.1704
SINE,2.1768
SINE,2.188
SINE,2.1664
LINE,2.1832
unique/low-repeat,2.1976
SINE,2.2352
LINE,2.2128
LINE,2.2104
LINE,2.236
LINE,2.2304
SINE,2.2368
LINE,2.24
LINE,2.2232
SINE,2.248
SINE,2.1984
SINE,2.212
SINE,2.2168
LINE,2.1968
SINE,2.2192
SINE,2.1928
SINE,2.1616
SINE,2.2032
SINE,2.1576
SINE,2.1704
SINE,2.0912
SINE,2.216
LINE,2.2064
unique/low-repeat,2.2352
unique/low-repeat,2.244
LTR,2.2424
LINE,2.2168
LINE,2.2328
LINE,2.2016
LINE,2.2392
LINE,2.208
LINE,2.228
SINE,2.1648
LINE,2.1808
LINE,2.2128
LINE,2.2288
unique/low-repeat,2.2344
unique/low-repeat,2.248
unique/low-repeat,2.248
unique/low-repeat,2.2216
SINE,2.2408
SINE,2.2368
SINE,2.2352
unique/low-repeat,2.244
unique/low-repeat,2.2304
SINE,2.1904
SINE,2.2232
SINE,2.2416
SINE,2.2368
SINE,2.2288
SINE,2.2512
LINE,2.2232
LINE,2.228
SINE,2.2424
unique/low-repeat,2.2496
SINE,2.252
LTR,2.2568
LINE,2.2304
LINE,2.2384
LINE,2.1392
LINE,2.2048
LINE,2.2224
SINE,2.2184
LINE,2.236
SINE,2.22
SINE,2.2304
LINE,2.244
SINE,2.2016
SINE,2.1872
SINE,2.1664
SINE,2.2064
SINE,2.1648
SINE,2.2144
SINE,2.2048
SINE,2.2008
SINE,2.1536
SINE,2.1936
SINE,2.164
SINE,2.2048
unique/low-repeat,2.216
LINE,2.2184
LTR,2.2144
SINE,2.188
SINE,2.1728
SINE,2.2064
SINE,2.1712
SINE,2.1672
SINE,2.2456
SINE,2.2272
LINE,2.2128
SINE,2.2136
unique/low-repeat,2.2136
SINE,2.1688
SINE,2.1984
SINE,2.1688
LINE,2.1864
SINE,2.2312
LINE,2.22
LINE,2.2192
SINE,2.232
LINE,2.2208
SINE,2.2224
LTR,2.2224
SINE,2.256
unique/low-repeat,2.2256
LINE,2.212
LINE,2.224
LTR,2.2336
LINE,2.2376
unique/low-repeat,2.2136
LINE,2.2368
LTR,2.2272
LINE,2.2256
LINE,2.2128
LINE,2.236
unique/low-repeat,2.22
unique/low-repeat,2.2216
LINE,2.24
LINE,2.2208
LTR,2.2344
LTR,2.2168
LINE,2.2168
LINE,2.2104
SINE,2.2296
LINE,2.2344
LINE,2.2408
LTR,2.2344
SINE,2.2272
SINE,2.2488
LINE,2.2392
SINE,2.2128
SINE,2.2168
SINE,2.2192
SINE,2.2064
LTR,2.2272
LTR,2.2544
SINE,2.2256
unique/low-repeat,2.2408
LTR,2.2296
SINE,2.2248
SINE,2.2024
LTR,2.2344
SINE,2.2344
unique/low-repeat,2.248
LTR,2.2456
SINE,2.2072
SINE,2.2392
SINE,2.208
SINE,2.2296
SINE,2.2344
SINE,2.2408
LINE,2.2264
unique/low-repeat,2.2456
SINE,2.236
LTR,2.2336
unique/low-repeat,2.252
LINE,2.2472
SINE,2.2352
LTR,2.2376
SINE,2.2336
SINE,2.2344
LINE,2.2304
SINE,2.212
LINE,2.2224
LINE,2.2368
SINE,2.2264
LINE,2.2192
LINE,2.2232
LINE,2.2096
LTR,2.2368
LTR,2.2288
unique/low-repeat,2.2184
LINE,2.2312
LINE,2.1712
LTR,2.2368
LINE,2.2424
unique/low-repeat,2.2384
SINE,2.2168
SINE,2.172
SINE,2.1568
SINE,2.184
SINE,2.1864
SINE,2.2096
SINE,2.176
SINE,2.248
SINE,2.2376
LINE,2.1992
LINE,2.2192
SINE,2.2496
SINE,2.228
SINE,2.1664
SINE,2.2352
LINE,2.2472
LINE,2.2184
LINE,2.232
LTR,2.1888
LINE,2.1824
LINE,2.2304
LTR,2.2312
DNA,2.204
LINE,2.2336
LINE,2.2096
LINE,2.232
LTR,2.2344
SINE,2.2384
LINE,2.2232
LTR,2.2488
LINE,2.2384
LTR,2.2344
SINE,2.216
LINE,2.236
LINE,2.2328
SINE,2.1952
SINE,2.2176
SINE,2.22
LINE,2.232
LINE,2.216
LINE,2.2464
SINE,2.2128
LINE,2.208
LTR,2.2408
LINE,2.2152
SINE,2.2368
LTR,2.2272
SINE,2.2072
SINE,2.2576
unique/low-repeat,1.9208
SINE,2.0752
SINE,2.2096
LINE,2.2392
SINE,2.196
SINE,2.2424
SINE,2.1056
LINE,2.2384
SINE,2.2272
LINE,2.2088
SINE,2.2392
SINE,2.2248
SINE,2.2112
SINE,2.176
SINE,2.244
SINE,2.2096
SINE,2.2232
SINE,2.1952
SINE,2.1856
SINE,2.2272
SINE,2.2072
SINE,2.228
SINE,2.2232
SINE,2.1712
SINE,2.2184
SINE,2.228
SINE,2.1768
SINE,2.232
unique/low-repeat,2.2304
unique/low-repeat,2.2144
unique/low-repeat,2.236
LINE,2.228
SINE,2.2128
SINE,2.18
unique/low-repeat,2.2296
SINE,2.2424
SINE,2.2336
SINE,2.1704
unique/low-repeat,2.2552
LINE,2.236
SINE,2.2168
SINE,2.1984
DNA,2.228
LINE,2.236
LINE,2.2344
unique/low-repeat,2.2464
SINE,2.2448
LTR,2.236
unique/low-repeat,2.2296
unique/low-repeat,2.208
SINE,2.2496
unique/low-repeat,2.2504
unique/low-repeat,2.2528
SINE,2.2224
LTR,2.2296
SINE,2.128
LINE,2.2032
LTR,2.2264
Simple_repeat,2.1384
LTR,2.2344
LINE,2.2128
LTR,1.9368
LINE,2.2352
SINE,2.2176
SINE,2.1992
SINE,2.1512
SINE,2.2208
SINE,2.1248
SINE,2.2408
SINE,2.2016
unique/low-repeat,2.2072
SINE,2.168
SINE,2.1664
LTR,2.2368
unique/low-repeat,2.1896
unique/low-repeat,2.2144
SINE,2.168
DNA,2.248
SINE,2.1848
unique/low-repeat,2.2
LTR,2.2216
unique/low-repeat,1.8184
LINE,2.1808
unique/low-repeat,2.1576
LINE,2.164
unique/low-repeat,2.1136
unique/low-repeat,2.1296
LINE,2.2088
unique/low-repeat,2.2096
unique/low-repeat,2.1912
unique/low-repeat,2.1584
SINE,2.188
SINE,2.1824
SINE,2.2264
SINE,2.2048
unique/low-repeat,2.2424
SINE,2.2096
unique/low-repeat,2.2368
unique/low-repeat,2.1488
SINE,2.1048
LTR,2.1448
unique/low-repeat,2.1704
unique/low-repeat,2.1816
unique/low-repeat,2.248
LTR,2.1648
unique/low-repeat,2.12
LINE,2.1008
SINE,2.1904
SINE,2.2024
unique/low-repeat,2.1352
SINE,2.0656
unique/low-repeat,2.1672
unique/low-repeat,2.1744
unique/low-repeat,2.1656
SINE,2.1232
SINE,2.112
SINE,2.18
SINE,2.1152
unique/low-repeat,2.0072
SINE,2.2048
unique/low-repeat,1.9232
SINE,2.2024
LINE,2.1872
SINE,2.2168
SINE,2.0552
LINE,1.5152
SINE,1.9064
unique/low-repeat,1.176
SINE,1.876
SINE,1.9216
SINE,2.1672
SINE,2.1984
SINE,2.18
SINE,2.0728
SINE,1.9488
SINE,2.0088
SINE,2.176
SINE,2.1552
SINE,2.1848
SINE,2.1904
SINE,2.1688
SINE,2.1904
SINE,2.1792
SINE,2.2
SINE,2.1248
SINE,2.168
SINE,2.0864
SINE,2.1576
SINE,2.1752
SINE,2.1696
SINE,2.228
SINE,2.1536
SINE,2.2024
unique/low-repeat,2.232
SINE,2.1728
SINE,2.1928
SINE,2.2032
SINE,2.2392
LINE,2.1208
SINE,2.1488
SINE,2.1832
SINE,2.164
SINE,2.1184
SINE,2.0768
LINE,2.2088
SINE,2.1408
DNA,2.2328
LINE,2.232
LINE,2.2088
LINE,2.216
LINE,2.2288
LINE,2.2328
LINE,2.2488
LINE,2.2368
LINE,2.0568
LINE,2.228
LINE,2.2312
LINE,2.2072
SINE,2.1808
SINE,2.2064
SINE,2.1896
SINE,2.1792
SINE,2.1568
SINE,2.1384
SINE,2.1288
SINE,2.1904
SINE,2.2128
SINE,2.2456
SINE,2.2064
unique/low-repeat,2.244
unique/low-repeat,2.2616
SINE,1.9896
SINE,2.1648
SINE,2.0432
unique/low-repeat,2.2056
SINE,2.2016
SINE,2.1592
SINE,2.2008
SINE,2.1448
SINE,2.0136
SINE,2.2104
SINE,2.1144
SINE,2.092
SINE,2.224
SINE,2.2344
unique/low-repeat,2.2136
SINE,2.1496
SINE,2.2336
LTR,2.1224
SINE,2.1296
SINE,2.1336
unique/low-repeat,2.2392
SINE,2.1952
SINE,2.2
LTR,2.2064
LINE,2.228
SINE,2.188
SINE,2.2008
LINE,2.1824
SINE,2.1992
LINE,2.2368
LTR,2.22
LINE,2.2368
SINE,2.2232
LINE,2.2168
LINE,2.236
SINE,2.2008
LINE,2.1976
SINE,2.2144
LINE,2.2264
LINE,2.2024
SINE,2.216
SINE,2.2328
unique/low-repeat,2.2432
LINE,2.2424
SINE,2.2336
LTR,2.236
LTR,2.2224
LINE,2.2128
LTR,2.244
LINE,2.1848
SINE,2.1976
unique/low-repeat,2.2568
SINE,2.16
SINE,2.2064
SINE,2.2128
SINE,2.2296
SINE,2.024
unique/low-repeat,2.2376
SINE,2.1704
SINE,2.1
unique/low-repeat,2.2552
SINE,2.2312
SINE,2.1992
SINE,2.1808
SINE,2.1872
LINE,2.2024
unique/low-repeat,2.2664
SINE,2.22
SINE,2.2336
LINE,2.2248
SINE,2.2144
SINE,2.0632
SINE,2.1408
SINE,2.1456
SINE,2.1792
SINE,2.2088
LINE,2.2016
Retroposon,2.2408
LINE,2.2368
LINE,2.2208
LTR,2.2024
SINE,2.1344
SINE,2.2512
SINE,2.2296
SINE,2.1976
SINE,2.2104
SINE,2.2096
SINE,2.2192
SINE,2.2128
SINE,2.164
SINE,2.1608
SINE,2.2064
SINE,2.2016
SINE,2.188
LINE,2.2248
SINE,2.2032
SINE,2.2176
LINE,2.2152
SINE,2.192
SINE,2.2184
SINE,2.224
SINE,2.2112
LINE,2.2544
SINE,2.2256
SINE,2.2424
SINE,2.2176
Retroposon,2.2248
LINE,2.2176
LINE,2.1936
SINE,2.208
SINE,2.2152
SINE,2.2048
LINE,2.2128
LTR,2.2272
DNA,2.2216
LINE,2.2248
unique/low-repeat,2.2232
unique/low-repeat,2.2336
DNA,2.2248
unique/low-repeat,2.2184
SINE,2.1904
SINE,2.2336
SINE,2.2368
LINE,2.2224
LINE,2.22
LINE,2.2184
LINE,2.22
LINE,2.2328
LINE,2.2
LINE,2.2184
SINE,2.2304
SINE,2.2384
LINE,2.22
LINE,2.2328
LINE,2.236
SINE,2.2032
SINE,2.1968
SINE,2.228
LINE,2.2248
LINE,2.2216
LTR,2.1456
SINE,2.2232
LINE,2.2376
LINE,2.2336
LINE,2.2344
LTR,2.2248
LINE,2.2072
LINE,2.1808
LINE,2.208
SINE,2.2016
unique/low-repeat,2.2224
LINE,2.2104
DNA,2.22
LINE,2.208
SINE,2.2248
LINE,2.2392
LTR,2.2296
SINE,2.216
LINE,2.2128
SINE,2.2224
SINE,2.216
SINE,2.22
SINE,2.1992
SINE,2.22
LTR,2.2504
LINE,2.2384
DNA,2.2376
LINE,2.2424
LINE,2.2048
SINE,2.188
SINE,2.1952
LINE,2.224
SINE,2.2168
SINE,2.1696
DNA,2.2352
Simple_repeat,1.8656
unique/low-repeat,2.2304
DNA,2.2384
SINE,2.212
SINE,2.2208
LINE,2.2192
LINE,2.2408
SINE,2.1936
LTR,2.232
SINE,2.2256
LINE,2.2376
SINE,2.232
unique/low-repeat,2.2064
LINE,2.2208
LINE,2.2096
LINE,2.216
SINE,2.252
LINE,2.2176
LTR,2.2184
LINE,2.2384
LINE,2.236
LINE,2.2168
SINE,2.232
LINE,2.2248
LINE,2.2208
LINE,2.2096
LINE,2.2416
LINE,2.2408
LTR,2.2168
LINE,2.22
LINE,2.2224
LINE,2.24
LINE,2.192
LINE,2.2304
LINE,2.2192
LINE,2.212
LINE,2.2232
LINE,2.24
SINE,2.1568
SINE,2.2256
LINE,2.2248
SINE,2.192
SINE,2.1824
LINE,2.2064
LTR,2.2248
SINE,2.1712
SINE,2.1456
unique/low-repeat,2.2312
SINE,2.2256
SINE,2.156
SINE,2.1024
SINE,2.1448
SINE,2.1568
SINE,2.16
SINE,2.2304
SINE,2.2064
LTR,2.224
LINE,2.248
LINE,2.2224
LINE,2.2088
SINE,2.1888
SINE,2.1944
LINE,2.2168
LINE,2.2072
LTR,2.2408
LINE,2.2288
SINE,2.2224
LINE,2.2216
unique/low-repeat,2.2232
LINE,2.2304
Satellite,2.196
LINE,2.1952
SINE,2.2488
unique/low-repeat,2.2456
unique/low-repeat,2.236
unique/low-repeat,2.22
unique/low-repeat,2.224
SINE,2.2072
SINE,2.1536
SINE,2.1552
unique/low-repeat,2.2096
LINE,2.2408
LTR,2.2256
unique/low-repeat,2.2112
SINE,2.2064
unique/low-repeat,2.216
LINE,2.2016
SINE,2.248
unique/low-repeat,2.2264
SINE,2.2296
SINE,2.2224
SINE,2.2328
SINE,2.22
SINE,2.1928
SINE,2.1176
SINE,2.216
unique/low-repeat,2.2256
SINE,2.1856
SINE,2.1488
SINE,2.168
SINE,2.2256
DNA,2.2264
LINE,2.2192
LTR,2.2392
LINE,2.2344
LINE,2.2304
LINE,2.2168
SINE,2.2256
SINE,2.216
LINE,2.224
SINE,2.2024
SINE,2.2296
SINE,2.1336
SINE,2.2096
unique/low-repeat,2.2128
SINE,2.2208
LINE,2.228
SINE,2.2288
SINE,2.1872
unique/low-repeat,2.2184
SINE,2.192
SINE,2.224
LTR,2.2352
SINE,2.1928
SINE,2.1456
LINE,2.1568
SINE,2.1944
SINE,2.2136
unique/low-repeat,2.2184
SINE,2.228
SINE,2.0464
SINE,2.208
SINE,2.1776
SINE,2.1592
LINE,2.2224
LINE,2.1552
LINE,2.1864
LINE,2.2056
SINE,2.2328
LINE,2.2312
LINE,2.2312
SINE,2.2304
LINE,2.2248
LINE,2.2152
DNA,2.216
SINE,2.2072
SINE,2.18
SINE,2.2152
LINE,2.204
LINE,2.2352
SINE,2.2272
unique/low-repeat,2.2448
SINE,2.136
LTR,2.1744
SINE,2.2304
SINE,2.2112
SINE,2.2096
SINE,2.2128
LINE,2.2264
LINE,2.2264
LINE,2.2496
Satellite,2.2384
LINE,2.2344
LINE,2.2232
Satellite,2.2064
SINE,2.1648
SINE,2.212
SINE,2.1848
LTR,2.1936
DNA,2.2144
LTR,2.212
SINE,2.1336
LINE,2.2256
SINE,2.1904
LINE,2.2096
LINE,2.2192
LINE,2.2576
unique/low-repeat,2.1912
LINE,2.2168
unique/low-repeat,2.2
DNA,2.2408
LINE,2.2312
LINE,2.2432
LINE,2.2272
LINE,2.2088
SINE,2.2112
SINE,2.2296
Satellite,2.2288
SINE,2.2192
SINE,2.2112
LINE,2.24
LTR,2.224
LTR,2.2064
LINE,2.2352
SINE,2.2248
LTR,2.2424
LTR,2.2232
SINE,2.2048
SINE,2.1696
unique/low-repeat,2.2016
SINE,2.1784
SINE,2.24
unique/low-repeat,2.2392
SINE,2.1288
LINE,2.0592
SINE,2.1728
SINE,2.1944
unique/low-repeat,2.0944
SINE,2.1352
unique/low-repeat,2.2536
unique/low-repeat,2.2184
SINE,2.216
SINE,2.1488
SINE,2.1
unique/low-repeat,2.236
SINE,2.1992
SINE,2.2368
unique/low-repeat,2.2184
unique/low-repeat,2.2112
SINE,2.1432
SINE,2.1056
SINE,2.1928
SINE,2.1912
SINE,2.1576
SINE,2.1928
SINE,2.1848
SINE,2.1912
SINE,2.2248
SINE,2.172
SINE,2.2
SINE,2.1848
LINE,2.208
LINE,2.232
SINE,2.2016
SINE,2.2368
SINE,2.2072
SINE,2.2168
LINE,2.22
SINE,2.208
LINE,2.2312
unique/low-repeat,2.2448
SINE,2.1128
SINE,2.1168
SINE,2.1584
SINE,2.1568
SINE,2.196
LINE,2.1968
LTR,2.228
LINE,2.2296
unique/low-repeat,2.216
LINE,2.2024
SINE,2.1904
SINE,2.1904
SINE,2.2264
LINE,2.212
SINE,2.176
SINE,2.0968
SINE,2.1352
SINE,2.2384
SINE,2.22
SINE,2.192
SINE,2.2088
unique/low-repeat,2.2432
SINE,2.1488
SINE,2.1048
SINE,2.1296
unique/low-repeat,2.2376
SINE,2.2112
SINE,2.2264
SINE,2.204
LINE,2.2272
LINE,2.2416
DNA,2.22
LINE,2.2464
LINE,2.228
SINE,2.2368
LINE,2.22
unique/low-repeat,2.2392
LINE,2.2256
LINE,2.2352
LTR,2.2304
LINE,2.2208
SINE,2.2112
LINE,2.2288
SINE,2.232
SINE,2.212
SINE,2.2264
SINE,2.2352
LINE,2.2224
LINE,2.2264
LINE,2.2176
LINE,2.2272
LINE,2.236
LINE,2.2176
LINE,2.2272
LINE,2.1904
SINE,2.2272
LINE,2.208
LINE,2.2264
unique/low-repeat,2.2336
SINE,2.2328
SINE,2.2136
LINE,2.232
SINE,2.2232
LINE,2.1792
SINE,2.1784
SINE,2.204
SINE,2.1816
SINE,2.2056
LTR,2.2392
LINE,2.2048
LINE,2.2184
SINE,2.2336
LINE,2.2512
LTR,2.2384
SINE,2.2136
LINE,2.2272
SINE,2.24
SINE,2.2024
LINE,2.2344
LTR,2.2336
SINE,2.2296
Satellite,2.2224
SINE,2.192
SINE,2.236
LINE,2.228
SINE,2.236
SINE,2.1616
SINE,2.2328
SINE,2.1904
SINE,2.1952
SINE,2.2248
SINE,2.1864
LINE,2.2312
SINE,2.1832
SINE,2.1888
SINE,2.2064
unique/low-repeat,2.2176
SINE,2.1696
SINE,2.1448
SINE,2.188
SINE,2.1792
SINE,2.2096
SINE,2.2384
SINE,2.2264
SINE,2.236
SINE,2.2128
SINE,2.2152
SINE,2.2328
SINE,2.1128
SINE,2.224
SINE,2.192
unique/low-repeat,2.2256
Satellite,2.252
SINE,2.1616
SINE,2.0952
SINE,2.2112
SINE,2.2232
SINE,2.1264
SINE,2.1472
unique/low-repeat,2.2208
unique/low-repeat,2.1824
SINE,2.2224
SINE,2.2384
unique/low-repeat,2.2208
SINE,2.0536
LINE,2.092
SINE,2.1824
SINE,2.2392
SINE,2.2296
SINE,2.2328
SINE,2.2008
SINE,2.1608
SINE,2.2048
SINE,2.2144
SINE,2.2192
SINE,2.1864
SINE,2.1712
SINE,2.14
SINE,2.1496
SINE,2.1248
SINE,2.176
SINE,2.2376
unique/low-repeat,2.2272
SINE,2.244
unique/low-repeat,2.212
SINE,2.2344
SINE,2.1984
SINE,2.2032
SINE,2.1648
unique/low-repeat,2.2208
SINE,2.2048
SINE,2.1736
SINE,2.0984
SINE,2.1784
SINE,2.1512
SINE,2.1808
SINE,1.968
SINE,2.056
SINE,2.2128
unique/low-repeat,2.2056
SINE,2.1544
SINE,2.2112
SINE,2.1544
SINE,2.1952
SINE,2.2408
unique/low-repeat,2.2384
SINE,2.2104
LINE,2.2416
DNA,2.2192
SINE,2.216
unique/low-repeat,2.2424
SINE,2.236
LINE,2.1992
LINE,2.208
LINE,2.1592
LINE,2.2024
LINE,2.0808
LINE,2.2448
LINE,2.1896
LINE,2.2248
LTR,2.1744
LINE,2.1544
LINE,2.2112
LINE,2.2024
unique/low-repeat,2.2216
SINE,2.2216
SINE,2.2256
LINE,2.2112
SINE,2.2272
SINE,2.2368
SINE,2.1584
SINE,2.124
SINE,2.1592
SINE,2.0384
SINE,2.18
SINE,2.144
SINE,2.2152
SINE,2.2056
SINE,2.2096
SINE,2.196
SINE,2.2184
SINE,2.1384
SINE,2.1392
SINE,2.128
SINE,2.2176
SINE,2.208
SINE,2.2088
SINE,2.1752
SINE,2.212
SINE,2.1752
SINE,2.2
SINE,2.2168
SINE,2.2256
SINE,2.16
unique/low-repeat,2.2264
SINE,2.192
LTR,1.936
SINE,1.9392
LTR,2.2
LTR,2.2088
SINE,2.2152
SINE,2.1712
SINE,2.1768
SINE,2.2424
SINE,2.2216
SINE,2.1704
SINE,2.1488
SINE,2.2168
SINE,2.2264
SINE,2.22
LINE,2.2232
SINE,2.2368
SINE,2.2192
SINE,2.2248
SINE,2.12
SINE,2.2232
SINE,2.2336
SINE,2.1072
SINE,2.2192
SINE,2.1704
SINE,2.1288
SINE,2.0168
SINE,2.1872
SINE,2.1504
SINE,2.1352
SINE,2.2208
SINE,2.2136
LTR,2.248
SINE,2.1768
SINE,2.2216
SINE,2.1208
SINE,2.2152
unique/low-repeat,2.2184
SINE,2.1712
SINE,2.204
SINE,2.1104
SINE,2.128
unique/low-repeat,2.2072
SINE,2.1272
SINE,2.1888
SINE,2.2
LINE,2.2304
SINE,2.2168
SINE,2.192
SINE,2.2376
SINE,2.2176
SINE,2.2128
LTR,2.1664
SINE,2.2416
LTR,2.18
SINE,2.2168
LINE,2.2024
SINE,2.2152
SINE,2.1632
SINE,2.2392
LINE,2.2552
LINE,2.2032
LINE,2.1728
SINE,2.1936
unique/low-repeat,2.2336
LINE,2.236
SINE,2.1072
SINE,2.2272
SINE,2.1664
SINE,2.216
LINE,2.1992
SINE,2.1824
SINE,2.1832
LINE,2.2264
Retroposon,2.184
LINE,2.212
SINE,2.1344
SINE,2.1696
SINE,2.1928
SINE,2.1712
SINE,2.1776
unique/low-repeat,2.2304
unique/low-repeat,2.2104
unique/low-repeat,2.2176
SINE,2.2344
unique/low-repeat,2.232
SINE,2.1968
SINE,2.2184
SINE,2.224
SINE,2.2144
SINE,2.0368
LINE,2.2176
SINE,2.2352
SINE,2.2152
SINE,2.2184
SINE,2.196
unique/low-repeat,2.24
unique/low-repeat,2.2496
SINE,2.1944
SINE,2.2264
SINE,2.1656
SINE,2.2184
SINE,2.168
LTR,2.1968
SINE,2.2064
SINE,2.1504
SINE,2.124
SINE,2.1824
DNA,2.1912
SINE,2.1488
SINE,2.2128
LINE,2.1592
SINE,2.2312
LINE,2.168
SINE,2.2344
unique/low-repeat,2.2352
SINE,2.2072
SINE,2.2328
SINE,2.2232
unique/low-repeat,2.2296
SINE,2.2024
LINE,2.1992
SINE,2.2248
unique/low-repeat,2.2392
SINE,2.1864
SINE,2.2136
SINE,2.2224
SINE,2.1304
SINE,2.2064
SINE,2.228
SINE,2.2192
SINE,2.2224
SINE,2.2328
SINE,2.2144
SINE,2.2072
LINE,2.2024
LINE,2.1856
SINE,2.2264
unique/low-repeat,2.2288
SINE,2.2112
SINE,2.1936
SINE,2.168
SINE,2.0968
SINE,2.0448
LINE,2.2008
LTR,2.1904
LINE,2.2056
LTR,2.2408
LINE,2.2128
LINE,2.232
LTR,2.2368
DNA,2.2264
LTR,2.2352
LINE,2.2288
LTR,2.2008
LINE,2.2152
SINE,2.224
DNA,2.2136
SINE,2.2272
LTR,2.236
LINE,2.24
LTR,2.2216
LTR,2.2232
LINE,2.2312
SINE,2.2128
LINE,2.2264
LINE,2.2168
LTR,2.2168
LINE,2.208
LINE,2.2216
LTR,2.2088
LTR,2.2368
LINE,2.2152
DNA,2.228
LINE,2.2216
LINE,2.196
LINE,2.2272
LINE,2.2216
LINE,2.2208
unique/low-repeat,2.2304
unique/low-repeat,2.2248
LINE,2.2048
LINE,2.2168
LINE,2.2336
LINE,2.2192
LINE,2.2184
LTR,2.2208
LINE,2.2064
LINE,2.2216
LINE,2.2024
LTR,2.2336
LTR,2.2152
LINE,2.2272
DNA,2.224
LINE,2.1816
LINE,2.2096
LINE,2.224
LINE,2.2184
LINE,2.2368
LINE,2.2104
LINE,2.216
LTR,2.2184
LINE,2.2192
LINE,2.216
LINE,2.2296
LINE,2.2256
LINE,2.2272
LTR,2.2192
LINE,2.2176
LINE,2.2256
LTR,2.2232
DNA,2.2224
SINE,2.2032
LINE,2.2264
LTR,2.2384
DNA,2.2328
LINE,2.2248
SINE,2.2144
LINE,2.2336
SINE,2.2096
LINE,2.2368
LTR,2.2368
SINE,2.2344
LINE,2.2224
LTR,2.236
SINE,2.232
LINE,2.2072
LINE,2.2136
LINE,2.2208
LINE,2.208
LINE,2.2216
LTR,2.2344
LINE,2.2064
LINE,2.2304
LINE,2.2272
SINE,2.2432
LINE,2.2408
LINE,2.2392
SINE,2.216
LTR,2.2184
SINE,2.2288
unique/low-repeat,2.2416
LTR,2.1816
SINE,2.2264
LINE,2.1072
LINE,2.2176
LINE,2.216
SINE,2.1168
LTR,2.236
LTR,2.1856
SINE,2.196
SINE,2.228
LTR,2.2136
LTR,2.2392
SINE,2.216
SINE,2.2296
LINE,2.2312
LINE,2.2192
DNA,2.2312
SINE,2.212
LINE,2.2176
SINE,2.2312
SINE,2.2168
unique/low-repeat,2.2288
SINE,2.1992
SINE,2.2328
LINE,2.2288
SINE,2.236
LINE,2.2368
LINE,2.2152
SINE,2.2424
SINE,2.2472
unique/low-repeat,2.236
SINE,2.1368
unique/low-repeat,2.232
SINE,2.1592
SINE,2.1016
SINE,2.2032
SINE,2.1304
SINE,2.1968
LINE,2.2416
LINE,2.1984
SINE,2.2024
LINE,2.2192
SINE,2.2144
SINE,2.1152
SINE,2.0704
SINE,2.0696
SINE,2.2224
SINE,2.1864
SINE,2.1456
SINE,2.2432
SINE,2.2152
SINE,2.16
SINE,2.1824
SINE,2.1672
SINE,2.1488
SINE,2.2272
LTR,2.2264
LINE,2.2152
SINE,2.132
SINE,2.2056
SINE,2.204
SINE,2.2472
SINE,2.172
SINE,2.1952
SINE,2.1728
SINE,2.2408
SINE,2.1912
SINE,2.14
SINE,2.1208
unique/low-repeat,2.2088
SINE,2.152
unique/low-repeat,2.22
LINE,2.2152
unique/low-repeat,2.2048
unique/low-repeat,2.2208
LINE,2.2408
unique/low-repeat,2.228
LINE,2.2048
DNA,2.236
SINE,2.2368
LINE,2.2472
SINE,2.24
LINE,2.2168
unique/low-repeat,2.24
SINE,2.1448
SINE,2.2056
SINE,2.1384
SINE,2.132
LINE,2.2176
unique/low-repeat,2.2232
SINE,2.1688
SINE,2.1616
SINE,2.176
SINE,2.2232
SINE,2.2136
SINE,2.2016
SINE,2.216
LINE,2.2072
LINE,2.2408
LTR,2.2232
LINE,2.2232
LINE,2.2208
LINE,2.2128
SINE,2.2128
SINE,2.2264
SINE,2.2048
LINE,2.2168
SINE,2.2184
LINE,2.2344
LINE,2.2248
LINE,2.2224
LINE,2.2392
unique/low-repeat,2.2376
SINE,2.1552
SINE,2.24
SINE,2.1944
SINE,2.2048
SINE,2.2344
SINE,2.2024
SINE,2.1688
SINE,2.1112
unique/low-repeat,2.248
DNA,2.236
SINE,2.1552
SINE,2.228
SINE,2.2056
unique/low-repeat,2.2392
SINE,2.2216
SINE,2.2312
SINE,2.1536
SINE,2.1696
SINE,2.1576
SINE,2.192
SINE,2.2256
SINE,2.2216
SINE,2.1704
SINE,2.164
SINE,2.2288
SINE,2.1896
SINE,2.216
DNA,2.2304
SINE,2.1672
LTR,2.2336
SINE,2.2144
SINE,2.228
SINE,2.2048
unique/low-repeat,2.2576
SINE,2.1784
SINE,2.2152
LINE,2.2248
LINE,2.2288
LINE,2.2184
LINE,2.2144
LINE,2.2312
LINE,2.2408
LINE,2.1976
LINE,2.2192
SINE,2.1392
SINE,2.2264
SINE,2.2392
SINE,2.2168
SINE,2.224
LINE,2.212
SINE,2.2248
unique/low-repeat,2.2504
LTR,2.2232
SINE,2.2344
SINE,2.2128
LINE,2.2264
SINE,2.1216
LTR,2.216
SINE,2.1984
SINE,2.184
LINE,2.22
SINE,2.2056
SINE,2.2104
SINE,2.208
SINE,2.1624
SINE,2.1168
SINE,2.1144
SINE,2.1368
SINE,2.1752
SINE,1.8904
SINE,2.1848
LTR,2.2256
SINE,2.2224
SINE,2.2088
SINE,2.2344
LINE,2.2152
SINE,2.2224
LINE,2.228
LINE,2.224
LINE,2.2392
LINE,2.24
LINE,2.2184
LINE,2.2272
DNA,2.22
LINE,2.2112
LINE,2.2088
SINE,2.244
SINE,2.1488
SINE,2.2112
SINE,2.2456
LINE,2.2032
LINE,2.212
LINE,2.2264
SINE,2.18
LTR,2.2224
LINE,2.2224
unique/low-repeat,2.2144
LINE,2.2176
LTR,2.228
LINE,2.2048
LTR,2.2392
LINE,2.208
LTR,2.2192
LINE,2.2288
LINE,2.2152
unique/low-repeat,2.2384
unique/low-repeat,2.2192
SINE,2.2152
LINE,2.232
LTR,2.2272
LINE,2.2232
LINE,2.2272
LINE,2.2248
SINE,2.2224
LTR,2.2424
unique/low-repeat,2.2272
LINE,2.2376
LTR,2.1072
LTR,2.2352
SINE,2.232
LINE,2.172
LINE,2.2168
LINE,2.2264
SINE,2.2184
unique/low-repeat,2.24
LINE,2.2264
LTR,2.2144
unique/low-repeat,2.2304
SINE,2.2176
LINE,2.2112
LTR,2.2272
unique/low-repeat,2.232
SINE,2.2152
DNA,2.244
SINE,2.2448
LINE,2.204
LINE,2.2344
LINE,2.2344
SINE,2.2272
SINE,2.2216
SINE,2.24
SINE,2.2368
LTR,2.2504
LTR,2.2488
SINE,2.24
SINE,2.224
LINE,2.2504
LTR,2.228
SINE,2.2472
LTR,2.2256
LINE,2.1968
SINE,2.2096
LTR,2.2392
LTR,2.232
SINE,2.1472
SINE,2.1952
SINE,2.2376
unique/low-repeat,2.2352
SINE,2.224
SINE,2.1608
SINE,2.2176
SINE,2.2344
LINE,2.2256
unique/low-repeat,2.248
LINE,2.2432
LINE,2.1944
LINE,2.208
SINE,2.1912
SINE,2.2304
LINE,2.2272
LTR,2.236
unique/low-repeat,2.2216
LINE,2.2392
LTR,2.1928
LTR,2.22
LTR,2.2352
LTR,2.2176
SINE,2.2368
SINE,2.1992
SINE,2.2272
SINE,2.1736
SINE,2.1808
SINE,2.2488
LTR,2.1976
LTR,2.1912
SINE,2.1912
SINE,2.1512
SINE,2.2056
unique/low-repeat,2.2256
unique/low-repeat,2.2272
unique/low-repeat,2.2256
SINE,2.2384
SINE,2.2088
SINE,2.2144
SINE,2.1768
LTR,2.232
SINE,2.188
SINE,2.128
SINE,2.1016
LTR,2.2184
SINE,2.2096
SINE,2.0624
SINE,2.1984
SINE,2.1312
SINE,2.1184
unique/low-repeat,2.2208
SINE,2.2272
SINE,2.228
unique/low-repeat,2.2568
SINE,2.236
SINE,2.1416
unique/low-repeat,2.232
SINE,2.244
SINE,2.1424
SINE,2.208
SINE,2.1576
SINE,2.212
SINE,2.152
unique/low-repeat,2.22
unique/low-repeat,2.2304
SINE,2.1576
SINE,2.1472
SINE,2.18
SINE,2.1528
SINE,2.1096
SINE,2.2152
SINE,2.2152
SINE,2.1072
SINE,2.1576
SINE,2.1568
SINE,2.1104
SINE,2.2184
LINE,2.1864
SINE,2.2048
SINE,2.236
unique/low-repeat,2.232
SINE,2.2288
unique/low-repeat,2.2328
unique/low-repeat,2.172
unique/low-repeat,2.0392
SINE,2.1976
SINE,2.2536
SINE,2.244
SINE,2.1872
unique/low-repeat,2.216
SINE,2.2176
LTR,2.1736
SINE,2.2288
LINE,2.2104
SINE,2.2248
SINE,2.148
SINE,2.1464
SINE,2.2296
SINE,2.0904
SINE,2.1432
SINE,2.2176
SINE,2.204
unique/low-repeat,2.2296
SINE,2.1648
SINE,2.2472
SINE,2.1976
SINE,2.1904
SINE,2.1856
SINE,2.192
SINE,2.224
unique/low-repeat,2.2304
LINE,2.2304
SINE,2.2168
SINE,2.2152
LTR,2.1736
unique/low-repeat,2.2264
SINE,2.132
SINE,2.2384
unique/low-repeat,2.2464
SINE,2.2032
unique/low-repeat,2.248
LINE,2.2584
SINE,2.2384
unique/low-repeat,2.2336
SINE,2.1592
SINE,2.2056
SINE,2.228
SINE,2.18
LTR,2.2416
unique/low-repeat,2.2128
SINE,2.228
SINE,2.0024
SINE,2.1344
SINE,2.2416
SINE,2.204
LINE,2.2016
SINE,2.1848
DNA,2.2472
unique/low-repeat,2.224
unique/low-repeat,2.236
LINE,2.2496
SINE,2.2312
unique/low-repeat,2.1808
SINE,2.2296
unique/low-repeat,2.212
SINE,2.1888
LINE,2.2272
unique/low-repeat,2.2144
unique/low-repeat,2.0128
SINE,2.2224
SINE,2.204
unique/low-repeat,2.2376
unique/low-repeat,2.1896
unique/low-repeat,1.98
SINE,2.092
SINE,2.1896
unique/low-repeat,2.1992
unique/low-repeat,2.18
unique/low-repeat,2.1888
SINE,2.2176
LINE,2.1256
SINE,2.1616
SINE,2.2024
SINE,2.228
SINE,2.204
SINE,2.12
SINE,2.1536
SINE,2.1832
SINE,2.1584
unique/low-repeat,2.1776
unique/low-repeat,2.1912
SINE,2.1792
SINE,2.168
LINE,2.2392
LINE,2.0224
LINE,2.1728
unique/low-repeat,2.228
LINE,1.9648
LINE,2.212
LINE,2.2256
LINE,2.212
LINE,2.0968
LINE,2.2376
LINE,2.2208
DNA,2.2304
SINE,2.2376
SINE,2.1824
SINE,2.1192
SINE,2.2064
LINE,2.1944
LINE,2.2456
LINE,2.2152
LINE,2.2056
LINE,2.2136
LINE,2.2152
LINE,2.1968
LINE,2.208
LINE,2.228
LINE,2.2128
LINE,2.2296
LINE,2.2384
LINE,2.2088
LTR,2.2248
LTR,2.2312
LINE,2.212
unique/low-repeat,2.2224
LINE,2.22
LINE,2.2344
LTR,2.2312
SINE,2.2328
LINE,2.2384
SINE,2.2152
LINE,2.2032
SINE,2.2064
LINE,2.2048
LINE,2.1872
SINE,2.2256
LINE,2.2056
LINE,2.2312
LINE,2.24
SINE,2.2128
SINE,2.236
SINE,2.1792
SINE,2.1992
LINE,2.208
SINE,2.176
LINE,2.2352
LINE,2.236
unique/low-repeat,2.2336
LINE,2.24
LTR,2.2256
SINE,2.1808
SINE,2.1952
LINE,2.2264
LINE,2.2264
LINE,2.2224
LINE,2.2368
DNA,2.2376
LINE,2.2416
LINE,2.2264
DNA,2.236
LTR,2.232
LINE,2.2448
LINE,2.2264
unique/low-repeat,2.232
LINE,2.224
LINE,2.22
LINE,2.2408
LINE,2.2248
LINE,2.2112
DNA,2.24
LINE,2.2104
LINE,2.2192
LINE,2.2168
LINE,2.2328
LINE,2.2264
LINE,2.2192
LINE,2.2128
LINE,2.2352
unique/low-repeat,2.2424
SINE,2.2176
LTR,2.2328
SINE,2.2352
SINE,2.2328
LINE,2.2248
LINE,2.208
LINE,2.2312
unique/low-repeat,2.2512
unique/low-repeat,2.2328
LINE,2.2456
LINE,2.2296
LINE,2.1696
LINE,2.212
LINE,2.2176
LINE,2.2168
DNA,2.2288
LTR,2.2296
SINE,2.2384
LINE,2.2312
LTR,2.2168
SINE,2.2208
LINE,2.232
unique/low-repeat,2.2424
SINE,2.2136
SINE,2.1592
SINE,2.2048
SINE,2.1864
SINE,2.1848
LINE,2.1984
unique/low-repeat,2.2352
SINE,2.2232
SINE,2.2048
LINE,2.2056
DNA,2.2256
LTR,2.2352
SINE,2.2416
SINE,2.2168
LTR,2.2368
SINE,2.2304
unique/low-repeat,2.2368
SINE,2.2296
SINE,2.2304
DNA,2.2192
LINE,2.2256
LINE,2.24
DNA,2.1224
SINE,2.224
LINE,2.2344
LINE,2.224
LTR,2.2416
LINE,2.224
unique/low-repeat,2.2248
SINE,2.2376
LINE,2.2392
LINE,2.2384
LTR,2.224
unique/low-repeat,2.2496
SINE,2.2472
SINE,2.2336
SINE,2.2568
SINE,2.2392
SINE,2.2352
unique/low-repeat,2.2392
LINE,2.2376
unique/low-repeat,2.2464
LTR,2.236
LTR,2.232
LTR,2.232
LTR,2.1872
SINE,2.1512
SINE,2.1464
LINE,2.2224
LINE,2.2256
LINE,2.1712
LINE,2.2152
LTR,2.2344
LTR,2.2264
SINE,2.2064
SINE,2.2336
SINE,2.2336
LINE,2.2488
LINE,2.2232
LINE,2.2088
DNA,2.2416
LINE,2.244
unique/low-repeat,2.2336
LTR,2.2592
LINE,2.248
unique/low-repeat,2.2456
LINE,2.2248
SINE,2.2288
LINE,2.2456
LINE,2.256
other-repeat,2.2368
unique/low-repeat,2.2256
SINE,2.2544
LINE,2.2224
SINE,2.2304
LINE,2.2368
SINE,2.216
LINE,2.2224
LINE,2.2336
LINE,2.2536
LINE,2.2304
LINE,2.2144
LINE,2.2344
LINE,2.2328
LINE,2.236
LINE,2.2248
LTR,2.2352
SINE,2.1912
LINE,2.2264
LINE,2.2368
unique/low-repeat,2.2304
SINE,2.1912
SINE,2.2248
LTR,2.2352
LINE,2.2248
LINE,2.212
LINE,2.236
LINE,2.2408
DNA,2.2072
LTR,2.2208
SINE,2.2256
LINE,2.2216
LINE,2.2184
LINE,2.2288
SINE,2.224
LINE,2.2424
LTR,2.1944
SINE,2.2104
SINE,2.2352
LINE,2.2488
LINE,2.2256
LINE,2.2392
SINE,2.2448
unique/low-repeat,2.2112
LINE,2.2264
SINE,2.252
SINE,2.2288
LINE,2.2304
SINE,2.232
unique/low-repeat,2.2376
LTR,2.2552
LINE,2.2408
LINE,2.2432
LTR,2.2376
LINE,2.2304
Low_complexity,2.104
LTR,2.116
LINE,2.2112
LINE,2.2432
SINE,2.212
LINE,2.2128
LINE,2.2192
LINE,2.2272
LINE,2.2376
LINE,2.148
SINE,2.1776
LINE,2.184
DNA,2.2232
SINE,2.2096
LINE,2.2216
LINE,2.2144
LINE,2.2176
LINE,2.0616
LINE,2.1496
SINE,2.2096
Satellite,1.56
SINE,2.2056
SINE,2.2424
LINE,2.152
SINE,2.2056
SINE,2.192
SINE,2.2344
SINE,2.176
SINE,2.2192
SINE,2.1424
SINE,2.136
LINE,2.1912
LINE,2.2096
SINE,2.2104
SINE,2.2184
SINE,2.1888
SINE,2.2088
SINE,2.1968
SINE,2.1704
SINE,2.2128
SINE,2.2208
LINE,2.2344
SINE,2.2176
LINE,2.2272
LINE,2.1976
LINE,2.22
DNA,2.2368
LINE,2.1728
SINE,2.2248
LINE,2.2248
LINE,2.2232
SINE,2.184
LINE,2.2168
LINE,2.2224
SINE,2.1984
SINE,2.2056
SINE,2.2272
SINE,2.2168
SINE,2.2048
SINE,2.2176
SINE,2.2016
LTR,2.2136
LINE,2.2312
LINE,2.2376
SINE,2.2104
SINE,2.2288
SINE,2.2064
SINE,2.2368
LINE,2.2304
SINE,2.2136
SINE,2.2096
LINE,2.2432
LTR,2.2264
LINE,2.2272
SINE,2.216
DNA,2.224
LINE,2.2344
LINE,2.2448
unique/low-repeat,2.2456
LINE,2.1896
unique/low-repeat,2.2424
unique/low-repeat,2.2448
LINE,2.228
LINE,2.224
LINE,2.2328
unique/low-repeat,2.2416
LINE,2.2328
unique/low-repeat,2.2272
LINE,2.2168
unique/low-repeat,2.2376
LINE,2.228
LINE,2.2464
SINE,2.2144
LTR,2.252
SINE,2.2032
LINE,2.2288
LINE,2.22
SINE,2.2192
LINE,2.2584
LINE,2.2424
SINE,2.1936
DNA,2.2224
LINE,2.0976
LINE,2.192
LINE,2.2296
SINE,2.2376
SINE,2.224
DNA,2.1728
LINE,2.2344
SINE,2.2168
LINE,2.232
LINE,2.228
LTR,2.2416
unique/low-repeat,2.2288
LTR,2.2344
LINE,2.24
LTR,2.2232
LTR,2.2344
unique/low-repeat,2.2336
LTR,2.2312
unique/low-repeat,2.22
SINE,2.232
unique/low-repeat,2.2232
LINE,2.196
unique/low-repeat,2.2168
unique/low-repeat,2.24
LINE,2.2376
LINE,2.2208
LINE,2.2064
LINE,2.2256
LTR,2.2408
LINE,2.2224
LINE,2.216
DNA,2.2176
LINE,2.2112
LTR,2.2248
LTR,2.2104
LTR,2.2272
unique/low-repeat,2.2168
LINE,2.2136
LINE,2.2232
LINE,2.2176
LINE,2.0208
LINE,2.2168
LTR,2.2176
LTR,2.2424
LINE,2.2192
Simple_repeat,2.1456
LINE,2.2232
LTR,2.228
LINE,2.2224
LINE,2.2
LINE,2.224
LINE,2.2168
LTR,2.1768
LINE,2.2304
LINE,2.2128
LTR,2.216
LINE,2.2136
LINE,2.2112
LINE,2.2176
LINE,2.2232
LINE,2.2144
LINE,2.2208
LTR,2.232
LINE,2.1992
LINE,2.2088
SINE,2.2296
LINE,2.228
LTR,2.2504
LINE,2.2248
SINE,2.2184
LINE,2.2472
SINE,2.2256
LINE,2.228
SINE,2.2144
LINE,2.2336
LTR,2.2304
LINE,2.22
unique/low-repeat,2.2616
LINE,2.2392
LTR,2.2224
SINE,2.136
SINE,2.1904
SINE,2.176
DNA,2.1976
SINE,2.2248
LINE,2.2296
LINE,2.2368
LINE,2.2352
SINE,2.2288
LINE,2.2224
LINE,2.2304
SINE,2.2344
LINE,2.2376
SINE,2.2296
unique/low-repeat,2.2408
SINE,2.1912
LINE,2.2216
LINE,2.2144
LTR,2.2016
LINE,2.2408
LTR,2.2176
LINE,2.2136
LINE,2.2144
LINE,2.2008
LINE,2.2072
unique/low-repeat,2.2256
LINE,2.2192
DNA,2.2192
unique/low-repeat,2.2312
unique/low-repeat,2.2256
LINE,2.2008
LINE,2.2296
LINE,2.22
LINE,2.2032
LINE,2.1888
unique/low-repeat,2.2496
LTR,2.2184
LTR,2.2352
LINE,2.2376
LINE,2.2304
LTR,2.2056
LINE,2.236
LINE,2.2328
unique/low-repeat,2.2376
LTR,2.2224
SINE,2.2392
LINE,2.2392
unique/low-repeat,2.232
LINE,2.2192
LTR,2.2232
LTR,2.2448
LINE,2.24
SINE,2.2392
LINE,2.2168
LINE,2.2408
SINE,2.18
LINE,2.2472
LINE,2.2312
LINE,2.228
LINE,2.2256
LTR,2.212
LINE,2.2208
LINE,2.2112
SINE,2.2312
LINE,2.2376
LINE,2.2192
SINE,2.2264
LINE,2.232
LINE,2.2224
DNA,2.232
LINE,2.2344
LINE,2.2192
LINE,2.2288
LINE,2.2256
LTR,2.2496
unique/low-repeat,2.2496
LINE,2.228
LINE,2.2176
SINE,2.2272
LINE,2.2232
LINE,2.2056
LINE,2.2344
LINE,2.2352
LINE,2.2024
LINE,2.2296
LINE,2.2208
LINE,2.2176
LTR,2.2256
LINE,2.2208
DNA,2.2352
unique/low-repeat,2.2472
unique/low-repeat,2.1656
LINE,2.2208
LINE,2.2104
LINE,2.2216
LINE,2.232
LINE,2.212
LINE,2.2328
LTR,2.2408
LINE,2.232
LINE,2.2064
LINE,2.2176
LINE,2.2304
LINE,2.204
LINE,2.2008
LTR,2.232
SINE,2.2272
DNA,2.22
unique/low-repeat,2.1928
unique/low-repeat,2.2112
unique/low-repeat,2.2096
DNA,2.2176
LINE,2.2168
unique/low-repeat,2.2384
unique/low-repeat,2.2224
SINE,2.2256
LINE,2.1848
SINE,2.2304
LINE,2.2272
LINE,2.208
LTR,2.2408
LTR,2.22
LINE,2.2264
LTR,2.2056
SINE,2.2336
LINE,2.2408
LTR,2.2352
LTR,2.224
LINE,2.22
LINE,2.2168
LTR,2.2216
DNA,2.2056
unique/low-repeat,2.1888
LINE,2.2376
LTR,2.2216
SINE,2.22
DNA,2.188
unique/low-repeat,2.192
LTR,2.2184
LTR,2.2272
unique/low-repeat,2.2224
LINE,2.2096
LINE,2.2176
LINE,2.2312
SINE,2.2424
LINE,2.2232
LINE,2.2256
LINE,2.2232
unique/low-repeat,2.2136
unique/low-repeat,2.2136
unique/low-repeat,2.2264
LINE,2.168
SINE,2.2216
LINE,2.2184
LINE,2.228
LINE,2.228
unique/low-repeat,2.2368
DNA,2.2304
SINE,2.2192
SINE,2.236
LINE,2.2336
LINE,2.22
SINE,2.2184
SINE,2.22
LTR,2.2304
SINE,2.2136
LINE,2.2096
SINE,2.2232
SINE,2.2392
LTR,2.2152
LINE,2.228
SINE,2.2176
unique/low-repeat,2.2064
LINE,2.2224
LTR,2.228
LINE,2.2272
LINE,2.216
SINE,2.2168
LINE,2.2184
LINE,2.2136
LINE,2.2112
LINE,2.2352
LINE,2.2304
LINE,2.2168
LINE,2.2312
LINE,2.1984
LINE,2.2176
LTR,2.2192
LTR,2.2056
LTR,2.2032
LTR,2.2128
LINE,2.2192
LINE,2.2216
LINE,2.2192
LTR,2.2296
LTR,2.2128
LINE,2.212
LINE,2.2312
LINE,2.2312
LINE,2.2232
LINE,2.2208
unique/low-repeat,2.2256
LTR,2.2328
LINE,2.1984
LTR,2.2016
SINE,2.228
LINE,2.2144
LINE,2.2152
SINE,2.2104
SINE,2.2184
LTR,2.2304
LINE,2.2208
LINE,2.2344
unique/low-repeat,2.2392
unique/low-repeat,2.2304
SINE,2.2096
unique/low-repeat,2.2416
unique/low-repeat,2.2408
unique/low-repeat,2.2392
SINE,2.2232
unique/low-repeat,2.2336
unique/low-repeat,2.2264
SINE,2.224
LINE,2.216
LTR,2.2344
LINE,2.2296
SINE,2.1984
unique/low-repeat,2.2352
DNA,2.2208
LTR,2.2184
LINE,2.2424
LINE,2.232
LINE,2.2256
SINE,2.2224
SINE,2.1928
SINE,2.116
SINE,2.1848
unique/low-repeat,2.1936
SINE,2.2376
LTR,2.2344
unique/low-repeat,2.252
LINE,2.24
LTR,2.2304
LINE,2.2168
LINE,2.1976
SINE,2.2416
SINE,2.1152
SINE,2.2248
DNA,1.9392
SINE,2.2232
LINE,2.2184
unique/low-repeat,2.248
LINE,2.22
LINE,2.2432
unique/low-repeat,2.2248
LINE,2.2136
LINE,2.2216
SINE,1.928
LINE,2.2336
LINE,2.2496
LINE,2.2272
SINE,2.24
SINE,2.2392
LTR,2.1696
LINE,2.2304
LTR,2.2184
LINE,2.2336
LINE,2.2288
SINE,2.2176
SINE,2.2032
SINE,2.2448
LINE,2.232
SINE,2.2192
SINE,2.2368
LINE,2.2304
LINE,2.2312
LTR,2.2312
LINE,2.232
LINE,2.236
unique/low-repeat,2.244
SINE,2.2384
LINE,2.248
DNA,2.2392
SINE,2.1976
unique/low-repeat,2.2488
SINE,2.2176
SINE,2.2312
LINE,2.1632
LINE,2.2288
LINE,2.2168
LINE,2.236
SINE,2.1984
LINE,2.2104
SINE,2.2152
SINE,2.0112
SINE,2.22
LTR,2.2072
SINE,2.2232
SINE,2.2288
SINE,2.232
SINE,2.2072
LINE,2.2144
SINE,2.216
Retroposon,2.2088
Retroposon,2.1096
LINE,2.2384
LINE,2.2304
LINE,2.232
LINE,2.2304
LINE,2.228
LTR,2.2096
LTR,2.2056
SINE,2.1936
unique/low-repeat,2.2472
LINE,2.2376
LTR,2.2256
LTR,2.24
LINE,2.2336
LINE,2.2208
SINE,2.224
LTR,2.2136
LINE,2.2192
SINE,2.2136
LINE,2.2424
LINE,2.2264
LINE,2.2376
DNA,2.232
SINE,2.1936
LTR,2.2224
LTR,2.224
LTR,2.2344
LINE,2.2104
LTR,2.2424
LINE,2.216
LINE,2.2216
LINE,2.2168
LINE,2.2072
LTR,2.2232
LTR,2.228
SINE,2.2336
unique/low-repeat,2.2448
LINE,2.2368
LINE,2.2296
LINE,2.2232
LTR,2.2264
unique/low-repeat,2.2272
unique/low-repeat,2.2088
LINE,2.24
SINE,2.204
LTR,2.2416
LINE,2.2128
LINE,2.236
LTR,2.2272
LINE,2.216
LTR,2.2344
LINE,2.2144
LTR,2.2328
LINE,2.2448
LINE,2.2232
LINE,2.2216
LINE,2.224
unique/low-repeat,2.2136
unique/low-repeat,2.216
unique/low-repeat,2.1176
DNA,2.2144
LINE,2.2208
LINE,2.2304
unique/low-repeat,2.2352
unique/low-repeat,2.2088
LTR,2.224
LINE,2.2232
LINE,2.2312
SINE,2.2272
LINE,2.224
LINE,2.236
LINE,2.2208
LINE,2.208
LINE,2.2296
DNA,2.2224
LINE,2.2152
LINE,2.2256
LTR,2.2264
LINE,2.2176
LINE,2.2448
LTR,2.22
LINE,2.2224
unique/low-repeat,2.212
DNA,2.228
LTR,2.2288
LINE,2.2056
LINE,2.2232
unique/low-repeat,2.2328
SINE,2.2064
unique/low-repeat,2.2424
unique/low-repeat,2.2264
unique/low-repeat,2.2328
LINE,2.2312
LINE,2.2248
SINE,2.2632
LINE,2.1552
SINE,2.2072
LINE,2.2096
LINE,2.2336
SINE,2.2016
unique/low-repeat,2.256
unique/low-repeat,2.2168
LTR,2.2392
LINE,2.2232
LINE,2.2344
LINE,2.2192
LTR,2.2312
LINE,2.2248
DNA,2.2432
unique/low-repeat,2.236
LINE,2.2272
LINE,2.2288
LINE,2.2264
LINE,2.2216
LTR,2.2336
LINE,2.2184
SINE,2.228
LINE,2.2336
LINE,2.2144
SINE,2.2328
LINE,2.2344
LTR,2.228
LINE,2.2064
LINE,2.2456
SINE,2.2304
LINE,2.2488
SINE,2.2336
SINE,2.2504
SINE,2.1856
SINE,2.1008
SINE,2.124
SINE,2.16
LINE,2.2272
LINE,2.2096
SINE,2.1504
LINE,2.216
SINE,2.2408
DNA,2.2288
LINE,2.2144
LINE,2.2216
SINE,2.208
SINE,2.2056
SINE,2.224
unique/low-repeat,2.224
LINE,2.2376
SINE,2.172
LTR,2.2376
LINE,2.2256
SINE,2.2024
LINE,2.2272
SINE,2.1544
SINE,2.1696
LINE,2.2368
SINE,2.176
SINE,2.2136
LINE,2.2352
SINE,2.1728
LINE,2.2408
LTR,2.2056
LTR,2.2232
SINE,2.2344
LTR,2.0592
LINE,2.1832
LINE,2.236
LINE,2.216
LINE,2.2304
LINE,2.2344
SINE,2.2152
LINE,2.2288
LINE,2.2352
LINE,2.2208
LINE,2.2432
LINE,2.2368
LINE,2.2
SINE,2.208
SINE,2.2392
LTR,2.2328
LINE,2.2344
LTR,2.2224
LINE,2.228
LINE,2.2224
LINE,2.2136
SINE,2.2192
LINE,2.224
LINE,2.2312
LINE,2.22
LTR,2.2296
LINE,2.2256
LINE,2.2208
LINE,2.1208
LTR,2.2168
LINE,2.208
LINE,2.2056
LINE,2.2304
LINE,2.2216
LINE,2.2296
SINE,2.232
LINE,2.2192
LTR,2.204
LTR,2.2352
LTR,2.2288
LINE,2.2408
LINE,2.2232
SINE,2.2392
LINE,2.2288
LINE,2.2408
LINE,2.22
LINE,2.2216
LTR,2.2272
LINE,2.2032
LINE,2.2
LINE,2.2368
LINE,2.2272
LINE,2.248
LINE,2.2024
LINE,2.2416
SINE,2.22
unique/low-repeat,2.2472
SINE,2.2136
LINE,2.2408
SINE,2.196
unique/low-repeat,2.228
DNA,2.224
DNA,2.2296
unique/low-repeat,2.22
SINE,2.1984
SINE,2.2304
SINE,2.1808
DNA,2.2288
LINE,2.224
DNA,2.248
unique/low-repeat,2.24
LINE,2.224
SINE,2.2432
SINE,2.2248
LINE,2.2264
SINE,2.2376
SINE,2.232
LTR,2.2416
LINE,2.2008
LINE,2.2152
LINE,2.2144
SINE,2.2184
LINE,2.2296
LINE,2.228
LINE,2.216
LINE,2.2528
LINE,2.2176
unique/low-repeat,2.2224
LTR,2.208
LTR,2.2232
SINE,2.2256
LTR,2.2144
LTR,2.1992
LINE,2.228
LINE,2.2192
LINE,2.2392
LINE,2.236
LINE,2.2056
LINE,2.2336
LINE,2.1712
SINE,2.2232
LINE,2.2016
LINE,2.2056
LTR,2.2376
LTR,2.2344
LTR,2.2296
unique/low-repeat,2.232
LINE,2.2192
LINE,2.2376
LTR,2.2232
LTR,2.2344
unique/low-repeat,2.22
LINE,2.2216
LTR,2.2112
unique/low-repeat,2.2088
LINE,2.204
unique/low-repeat,2.22
unique/low-repeat,2.2272
LINE,2.2232
LTR,2.2096
LINE,2.2248
unique/low-repeat,2.204
LINE,2.2128
LINE,2.2168
unique/low-repeat,2.2104
LTR,2.2264
LINE,2.2296
unique/low-repeat,2.2056
LINE,2.2168
LINE,2.2192
LINE,2.2456
LINE,2.2072
LINE,2.22
LINE,2.224
LTR,2.2152
LINE,2.2256
unique/low-repeat,2.204
LINE,2.1752
LINE,2.2232
SINE,2.18
LINE,2.2096
LTR,2.2296
LINE,2.216
LINE,2.2136
LTR,2.2312
LTR,2.2224
LINE,2.2144
LINE,2.2008
LINE,2.2296
LINE,2.208
LINE,2.2048
LTR,2.2352
LINE,2.2232
SINE,2.2112
LINE,2.2384
LINE,2.2216
LINE,2.216
LINE,2.2336
unique/low-repeat,2.2168
LINE,2.208
unique/low-repeat,2.228
LINE,2.2072
LINE,2.208
LTR,2.0456
LTR,2.2224
LINE,2.2168
LINE,2.2208
unique/low-repeat,2.2192
LINE,2.22
DNA,2.2
LTR,2.2296
unique/low-repeat,2.2184
LINE,2.2192
LINE,2.2328
unique/low-repeat,2.2144
LTR,2.2424
LINE,2.2312
LINE,2.1952
LTR,2.22
LINE,2.236
LINE,2.2304
LINE,2.2224
LINE,2.2208
LINE,2.2272
LINE,2.2088
LTR,2.2328
LINE,2.22
LINE,2.2008
LINE,2.2168
LINE,2.2272
LINE,2.224
unique/low-repeat,2.2152
LINE,2.2304
LINE,2.2232
LTR,2.2296
LINE,2.208
LINE,2.2152
unique/low-repeat,2.2088
unique/low-repeat,2.2144
LINE,2.2256
unique/low-repeat,2.2328
SINE,2.208
LINE,2.2352
unique/low-repeat,2.2352
LINE,2.2144
LINE,2.2304
LINE,2.1296
LINE,2.2352
LTR,2.2296
SINE,2.1912
SINE,2.1896
SINE,2.2104
SINE,2.2472
LINE,2.2424
LTR,2.2432
LINE,2.1968
LINE,2.2392
LINE,2.2256
LINE,2.2272
LTR,2.2296
LTR,2.2208
LTR,2.212
LINE,2.2208
LINE,2.22
LINE,2.2128
LINE,2.2184
LINE,2.2176
LINE,2.2224
LINE,2.2192
LTR,2.2208
LTR,2.2248
LTR,2.232
LTR,2.2232
LINE,2.208
LINE,2.24
LINE,2.2104
LTR,2.2032
LINE,2.2248
LINE,2.1968
LTR,2.2312
LTR,2.2144
LINE,2.2176
LINE,2.2352
LTR,2.2312
LTR,2.2168
LINE,2.2248
LTR,2.2136
LINE,2.1768
SINE,2.228
unique/low-repeat,2.26
LTR,2.2336
LINE,2.2184
unique/low-repeat,2.2344
LTR,2.212
LINE,2.1936
LINE,2.2032
SINE,2.2288
LINE,2.2248
LINE,2.2136
LINE,2.236
LINE,2.2248
LINE,2.2264
LINE,2.22
LINE,2.24
LINE,2.2184
LINE,2.2328
LINE,2.2312
LINE,2.2368
LINE,2.2328
LINE,2.248
LINE,2.2464
LINE,2.2368
LTR,2.244
LINE,2.2152
LINE,2.2192
LTR,2.2424
LINE,2.2112
LTR,2.2384
LINE,1.8704
unique/low-repeat,2.2312
unique/low-repeat,2.2248
LINE,2.2344
LINE,2.2488
unique/low-repeat,2.2528
unique/low-repeat,2.236
LINE,2.2456
unique/low-repeat,2.2424
unique/low-repeat,2.2416
unique/low-repeat,2.228
LINE,2.232
LTR,2.228
unique/low-repeat,2.2248
unique/low-repeat,2.228
unique/low-repeat,2.2448
LTR,2.2432
unique/low-repeat,2.24
LINE,2.24
LINE,2.2312
unique/low-repeat,2.2432
LINE,2.22
LINE,2.2336
LTR,2.2232
DNA,2.236
unique/low-repeat,2.2424
LINE,2.2304
LTR,2.2376
LTR,2.2248
unique/low-repeat,2.2432
unique/low-repeat,2.2424
unique/low-repeat,2.1456
unique/low-repeat,2.2424
unique/low-repeat,2.1792
SINE,2.1808
LINE,2.2304
SINE,2.1736
LINE,2.1384
SINE,2.2352
DNA,2.2424
unique/low-repeat,2.0528
unique/low-repeat,2.0856
LINE,2.2432
SINE,2.2496
LINE,2.2424
LINE,2.2288
Simple_repeat,1.952
LINE,2.2224
LINE,2.2296
LTR,2.2192
LINE,2.2312
LINE,2.132
DNA,2.2144
LINE,2.2272
LINE,2.2288
Simple_repeat,2.1112
unique/low-repeat,2.24
LINE,2.224
unique/low-repeat,2.244
unique/low-repeat,2.2376
LTR,2.2504
LINE,2.1872
LINE,2.2288
DNA,2.1152
unique/low-repeat,2.256
LINE,2.1328
LINE,2.2256
LTR,2.2408
unique/low-repeat,2.2368
unique/low-repeat,2.092
unique/low-repeat,2.1
LINE,1.7144
unique/low-repeat,2.2064
unique/low-repeat,1.956
unique/low-repeat,2.12
unique/low-repeat,2.2224
unique/low-repeat,2.0192
unique/low-repeat,2.0632
LINE,2.2064
unique/low-repeat,1.5912
unique/low-repeat,2.0176
LINE,2.252
unique/low-repeat,2.2208
LINE,2.1672
unique/low-repeat,2.0592
LINE,2.0448
LINE,2.2144
unique/low-repeat,1.952
unique/low-repeat,2.048
LINE,2.2176
LINE,2.2432
LINE,2.2624
unique/low-repeat,2.1792
LINE,2.236
LINE,2.2248
LINE,2.2048
LINE,2.136
other-repeat,1.9232
SINE,2.224
LTR,2.2312
SINE,2.0288
SINE,2.1864
Simple_repeat,2.0104
SINE,2.1472
SINE,1.9224
SINE,2.0872
SINE,2.0816
SINE,2.1344
SINE,2.172
SINE,2.1336
unique/low-repeat,2.204
unique/low-repeat,2.208
SINE,2.1592
unique/low-repeat,2.2392
unique/low-repeat,2.1768
SINE,2.18
unique/low-repeat,2.232
SINE,2.2296
SINE,2.2048
SINE,2.16
SINE,2.196
SINE,2.1688
SINE,2.1376
SINE,2.2264
SINE,2.1128
SINE,2.1072
SINE,2.1688
unique/low-repeat,2.2224
SINE,2.2096
SINE,2.1104
SINE,2.1672
SINE,2.1496
SINE,2.0592
SINE,2.2208
SINE,2.0144
SINE,2.1736
SINE,2.1304
SINE,2.1536
SINE,2.096
SINE,2.0888
SINE,2.2144
SINE,2.1576
unique/low-repeat,2.1968
SINE,2.1808
SINE,2.2264
SINE,2.1152
SINE,2.0664
SINE,2.052
SINE,1.992
SINE,2.1848
SINE,2.04
SINE,2.1968
SINE,2.232
SINE,2.1808
SINE,2.1896
LINE,2.1632
SINE,2.1776
SINE,2.1
SINE,2.22
SINE,2.0616
unique/low-repeat,2.204
SINE,2.1304
SINE,2.0728
SINE,2.1488
SINE,2.088
SINE,2.128
SINE,2.0664
unique/low-repeat,2.2096
SINE,2.188
SINE,2.0576
SINE,2.188
SINE,2.0888
SINE,2.1088
SINE,2.104
SINE,2.1992
SINE,2.0928
SINE,2.1472
SINE,2.1296
SINE,2.048
SINE,1.9136
SINE,2.1584
LINE,2.1592
unique/low-repeat,2.0688
SINE,2.1976
SINE,2.1424
SINE,2.1464
SINE,2.1784
SINE,2.168
SINE,2.156
SINE,2.2248
SINE,2.1512
SINE,2.084
DNA,2.2432
SINE,2.2032
SINE,2.1416
SINE,2.0784
SINE,2.0488
SINE,2.1872
SINE,2.0648
SINE,2.0488
SINE,2.1472
SINE,2.1272
LINE,2.1616
SINE,2.112
SINE,2.1776
SINE,2.1592
SINE,2.204
SINE,2.1832
LINE,2.2216
SINE,2.1296
Simple_repeat,1.988
SINE,2.2032
SINE,2.092
SINE,1.9512
SINE,2.1792
SINE,2.1576
SINE,2.16
SINE,2.072
SINE,2.1456
SINE,2.1536
SINE,2.1344
SINE,2.2368
SINE,2.0424
SINE,2.1176
LTR,2.168
LTR,2.1992
SINE,2.1488
SINE,2.2192
SINE,2.2376
SINE,2.2088
SINE,2.0472
SINE,2.1256
SINE,1.9736
SINE,2.0104
SINE,2.0528
SINE,2.1704
SINE,2.1416
SINE,2.1984
SINE,2.0648
SINE,2.1904
SINE,2.1072
SINE,2.1464
SINE,2.1424
SINE,2.1736
SINE,2.1056
SINE,2.104
LINE,2.1912
LINE,2.2248
LINE,2.1888
LINE,2.1464
SINE,2.1384
unique/low-repeat,2.0768
SINE,2.1568
SINE,2.1032
SINE,2.1744
SINE,2.1848
LINE,2.2264
SINE,2.1992
LINE,2.2192
LINE,2.1656
SINE,2.18
LINE,2.1912
SINE,2.136
LTR,2.2136
SINE,2.176
LTR,2.2392
LTR,2.2192
SINE,2.1528
LTR,2.0984
SINE,2.2032
unique/low-repeat,2.2304
SINE,2.22
SINE,2.1264
SINE,2.156
SINE,2.0784
SINE,2.2224
SINE,2.0872
SINE,2.0264
SINE,2.0816
SINE,2.076
SINE,2.1288
SINE,2.0096
SINE,2.0736
SINE,2.0904
SINE,2.02
SINE,2.056
SINE,2.2072
unique/low-repeat,2.2432
SINE,2.0392
SINE,2.212
SINE,1.9728
SINE,2.1704
SINE,2.1712
SINE,2.1936
SINE,2.152
SINE,2.1312
SINE,2.1136
SINE,2.1232
SINE,2.0864
SINE,2.112
SINE,2.152
SINE,2.1
SINE,2.1352
SINE,2.1352
SINE,2.128
SINE,2.1712
SINE,2.0704
SINE,2.1616
LTR,2.2072
SINE,2.168
LINE,2.212
LINE,2.2016
LTR,2.2304
SINE,2.1416
SINE,2.0872
SINE,2.1376
SINE,2.1712
SINE,2.1128
LINE,2.2088
SINE,2.104
LINE,2.1584
LINE,2.192
SINE,2.1776
SINE,2.1664
SINE,2.0552
SINE,2.1264
SINE,2.0616
SINE,2.1808
SINE,2.2312
SINE,2.2152
SINE,2.1232
SINE,2.1176
SINE,2.1512
unique/low-repeat,2.2528
unique/low-repeat,2.2184
SINE,2.2048
SINE,2.1664
SINE,2.2152
SINE,2.22
SINE,2.2152
SINE,2.2176
SINE,2.172
SINE,2.1168
SINE,2.1352
SINE,2.1496
SINE,2.1496
SINE,2.0592
SINE,2.1896
SINE,2.1808
SINE,2.148
SINE,2.2072
SINE,2.0048
SINE,2.1144
SINE,2.16
SINE,2.0072
SINE,2.1288
SINE,2.0288
SINE,2.1376
SINE,2.1464
SINE,2.0616
SINE,2.1768
SINE,2.1512
SINE,2.1848
LTR,2.2288
LTR,2.232
SINE,2.2256
LINE,2.2064
SINE,2.2048
SINE,2.1456
SINE,2.2136
SINE,2.1544
SINE,2.196
LINE,2.1648
SINE,2.1928
SINE,2.2416
SINE,2.1528
unique/low-repeat,2.2328
unique/low-repeat,2.22
SINE,2.1656
SINE,2.0984
SINE,2.1368
LINE,2.1456
SINE,2.1256
SINE,2.1832
SINE,2.1616
LINE,2.224
LINE,2.2224
SINE,2.1904
SINE,2.1864
SINE,2.108
SINE,2.2056
SINE,2.2064
SINE,2.088
SINE,2.1216
LINE,2.1944
SINE,2.092
SINE,2.1264
SINE,2.0976
unique/low-repeat,2.2632
SINE,2.2296
SINE,2.212
SINE,2.1376
SINE,2.1112
SINE,2.1112
SINE,2.064
SINE,2.1192
SINE,2.2104
SINE,2.184
LINE,2.2328
SINE,2.1456
SINE,2.1064
SINE,2.1792
SINE,2.2272
SINE,2.1672
SINE,2.148
SINE,2.204
SINE,2.08
SINE,2.1632
SINE,2.108
SINE,2.104
SINE,2.1768
SINE,2.1744
SINE,2.1768
SINE,2.116
SINE,2.1584
SINE,2.2024
SINE,2.1048
SINE,2.1328
SINE,2.1544
SINE,2.1192
SINE,2.1664
SINE,2.2048
SINE,2.1216
SINE,2.1376
SINE,2.1256
unique/low-repeat,2.2168
unique/low-repeat,2.1928
SINE,2.14
SINE,2.0576
Simple_repeat,2.1352
SINE,2.116
SINE,2.1
SINE,2.1792
SINE,2.192
SINE,2.2096
unique/low-repeat,2.2272
SINE,2.1168
SINE,2.1816
SINE,2.0912
SINE,2.184
SINE,2.1888
SINE,2.1152
SINE,2.0488
SINE,2.2128
SINE,2.1944
SINE,2.1488
SINE,2.216
SINE,2.1904
SINE,2.16
SINE,2.18
SINE,2.096
SINE,2.212
unique/low-repeat,2.2264
SINE,1.8712
SINE,2.124
SINE,2.172
LINE,2.1808
LTR,2.224
LINE,2.236
SINE,2.184
SINE,2.1176
LINE,2.2168
SINE,2.2024
LTR,2.2192
SINE,2.1896
SINE,2.2272
LINE,2.1928
SINE,2.1992
LTR,2.2296
SINE,2.2048
LINE,2.1432
SINE,2.2128
SINE,2.1944
LTR,2.236
SINE,2.1608
LINE,2.1304
SINE,2.1968
LINE,2.2016
LTR,2.232
LTR,2.2064
LINE,2.2144
LINE,2.2192
LINE,2.044
LTR,2.2384
LTR,2.1992
LTR,2.2368
LTR,2.22
LTR,2.24
LTR,2.2048
SINE,2.0752
SINE,2.192
LTR,2.24
LINE,2.208
other-repeat,2.1392
LINE,2.2352
SINE,2.1888
LINE,2.2368
LINE,2.1704
LINE,2.2056
LINE,1.8688
LINE,2.2112
SINE,2.1472
SINE,2.1912
LINE,2.2152
LTR,2.2384
LINE,2.2104
unique/low-repeat,2.244
LINE,2.1944
LINE,2.1288
LINE,2.212
LTR,2.224
SINE,2.1928
SINE,2.216
SINE,2.1816
Simple_repeat,2.1512
LINE,1.9952
LINE,2.1992
SINE,2.1952
LINE,2.1632
SINE,2.1528
LINE,2.2192
SINE,2.1336
LINE,2.1464
other-repeat,2.1064
LTR,2.2216
LINE,2.2264
SINE,2.1464
SINE,2.1432
Satellite,1.5848
Satellite,1.3784
Satellite,1.4488
LTR,2.2248
DNA,2.2136
unique/low-repeat,2.2312
LINE,2.2088
LTR,2.2232
LINE,2.2336
LINE,2.232
LTR,2.22
LINE,2.2064
LTR,2.2304
LTR,2.2392
LTR,2.2312
LTR,2.244
SINE,2.2424
LTR,2.2456
LINE,2.2192
LTR,2.2216
LINE,2.2248
LTR,2.2168
LINE,2.1896
LTR,2.2248
unique/low-repeat,2.224
LINE,2.2424
SINE,2.2264
SINE,2.2048
SINE,2.2064
SINE,2.1032
SINE,2.1976
SINE,2.1848
SINE,2.0072
SINE,2.1744
LINE,2.2072
SINE,2.1984
SINE,2.1768
LINE,2.2192
SINE,2.2328
LINE,2.2048
unique/low-repeat,2.224
LTR,2.192
unique/low-repeat,2.2624
unique/low-repeat,2.1792
LINE,2.1968
unique/low-repeat,2.2376
unique/low-repeat,2.2344
LTR,2.2376
LINE,2.2512
SINE,2.2384
unique/low-repeat,2.2248
LINE,2.1856
LINE,2.236
LINE,2.2224
LTR,2.2352
LINE,2.2472
LTR,2.2488
LTR,2.2168
LINE,2.1944
DNA,2.2168
unique/low-repeat,2.2424
SINE,2.2488
LINE,2.2088
LTR,2.2272
LTR,2.2464
LINE,2.2128
LINE,2.0952
SINE,2.176
LINE,2.24
LINE,2.2312
unique/low-repeat,2.2488
unique/low-repeat,2.2152
LINE,2.2256
SINE,2.2136
SINE,2.244
SINE,2.2304
LINE,2.2328
SINE,2.1744
SINE,2.1632
SINE,2.2104
unique/low-repeat,2.2312
SINE,2.2136
SINE,2.196
SINE,2.1848
unique/low-repeat,2.2472
LINE,2.2096
LINE,2.2256
SINE,2.2312
SINE,2.1664
LINE,2.2
SINE,2.204
LINE,2.1976
SINE,2.1432
SINE,2.152
SINE,2.0464
SINE,2.1768
SINE,2.192
SINE,2.2552
LINE,2.2272
SINE,2.1856
SINE,2.2336
unique/low-repeat,2.2344
LINE,2.2432
LTR,2.2392
unique/low-repeat,2.1744
LINE,2.1928
SINE,2.2104
LINE,2.2208
SINE,2.1504
SINE,2.1952
SINE,2.1968
SINE,2.2296
SINE,2.2104
SINE,2.2112
SINE,2.1648
SINE,2.1968
SINE,2.2056
SINE,2.1888
LINE,2.2168
LINE,2.224
LINE,2.2368
LINE,2.2152
LINE,2.2304
LINE,2.2304
LINE,2.2376
LTR,2.2224
LINE,2.2184
SINE,2.236
LINE,2.2432
SINE,2.208
SINE,2.2264
SINE,2.2448
SINE,2.2072
SINE,2.1824
SINE,2.2288
SINE,2.216
SINE,2.2288
SINE,2.1168
SINE,2.1024
SINE,2.172
SINE,2.1952
SINE,2.1944
SINE,2.2088
SINE,2.1976
SINE,2.1696
SINE,2.2264
SINE,2.0624
SINE,2.1888
Satellite,1.0864
Satellite,1.0976
Satellite,1.0832
SINE,2.1504
SINE,2.2008
LTR,2.1944
SINE,2.2312
SINE,2.1504
LINE,2.1568
LINE,2.1424
SINE,2.1448
LINE,2.2552
SINE,2.2184
LINE,2.2024
SINE,2.2
LINE,2.2136
LINE,2.2072
SINE,2.2072
SINE,2.1232
Satellite,1.2232
Satellite,1.184
SINE,2.2264
SINE,2.2104
SINE,2.1752
LINE,2.1912
SINE,2.136
LINE,2.2128
LTR,2.2648
SINE,2.16
SINE,2.2224
SINE,2.1808
SINE,2.1456
LINE,2.1624
SINE,2.2016
SINE,2.2152
SINE,2.2296
SINE,2.1896
SINE,2.212
SINE,2.208
SINE,2.1728
SINE,2.1648
SINE,2.1144
SINE,2.2152
SINE,2.188
SINE,1.9416
SINE,2.1992
SINE,2.2008
SINE,2.1696
SINE,2.0688
SINE,2.1552
SINE,2.1744
LINE,2.2312
LINE,2.208
LINE,2.208
SINE,2.1032
SINE,2.2
SINE,2.1648
SINE,2.1968
LINE,2.2224
LINE,2.24
LINE,2.1968
SINE,2.2112
LINE,2.2112
LINE,2.228
LINE,2.2192
LINE,2.0936
SINE,2.216
SINE,2.2288
LINE,2.2184
SINE,2.0408
SINE,2.1368
SINE,2.0992
unique/low-repeat,2.1656
SINE,2.12
SINE,2.1656
SINE,2.2096
SINE,2.1008
SINE,2.1904
SINE,2.1952
LTR,2.2208
Retroposon,1.9888
LINE,2.2128
LTR,2.2416
LINE,2.2256
SINE,2.2064
LINE,2.2312
SINE,2.1328
SINE,2.0976
SINE,2.0648
SINE,2.1168
SINE,2.2496
SINE,2.168
SINE,2.2328
SINE,2.1296
Satellite,1.8392
LINE,2.22
Satellite,2.1
LTR,2.2136
LINE,2.2344
LTR,2.216
SINE,2.2464
SINE,2.172
SINE,2.1848
SINE,2.1184
SINE,2.204
SINE,2.2272
SINE,2.1928
SINE,2.232
unique/low-repeat,2.2016
SINE,2.176
SINE,2.192
SINE,2.1496
SINE,2.1608
SINE,2.1992
LINE,2.232
LINE,2.2296
LINE,2.2344
LINE,2.2264
LTR,2.2144
LINE,2.2192
LINE,2.224
LINE,2.2192
LTR,2.2152
LINE,2.2488
LINE,2.2168
LTR,2.2136
LINE,2.2272
SINE,2.1832
SINE,2.1344
SINE,2.2192
SINE,2.1776
SINE,2.1264
SINE,2.1968
SINE,2.22
LINE,2.1952
LINE,2.2248
SINE,2.224
SINE,2.2424
LTR,2.2256
LINE,2.2328
LINE,2.2344
LTR,2.2536
SINE,2.2352
SINE,2.22
LINE,2.2264
LTR,2.196
SINE,2.1784
LINE,2.1752
LTR,2.232
LINE,2.24
LINE,2.2384
LINE,2.2336
other-repeat,2.1696
LINE,2.2056
SINE,2.2232
SINE,2.1056
LINE,2.1904
SINE,2.0904
SINE,2.1472
SINE,2.1896
SINE,2.1592
SINE,2.1904
SINE,2.2032
SINE,2.0752
SINE,2.0888
SINE,2.1824
SINE,2.1296
SINE,2.124
SINE,2.1696
SINE,2.0528
SINE,2.1448
SINE,2.2272
SINE,2.2272
SINE,2.2072
SINE,2.1264
SINE,2.1568
unique/low-repeat,2.2232
SINE,2.1056
SINE,2.2088
SINE,2.14
LINE,2.2056
LINE,2.1992
LINE,2.2192
LTR,2.2232
LINE,2.2352
LTR,2.236
LINE,2.2112
SINE,2.1672
LINE,2.1848
SINE,2.2024
SINE,2.1672
SINE,2.0712
SINE,2.216
SINE,2.2456
SINE,1.98
SINE,2.168
SINE,2.084
SINE,2.1576
SINE,2.1216
Simple_repeat,1.8104
SINE,2.1512
SINE,2.224
SINE,2.2272
SINE,2.1896
SINE,2.1928
SINE,2.1152
SINE,2.1072
SINE,2.1744
SINE,2.2056
SINE,2.1192
SINE,2.1536
LINE,1.8536
SINE,1.7536
LINE,1.9304
LINE,1.9368
SINE,2.164
LTR,2.1872
SINE,2.1808
SINE,2.2328
LINE,2.2144
SINE,2.2264
SINE,2.1008
SINE,2.16
SINE,2.144
SINE,2.1688
SINE,1.9888
Satellite,2.1224
SINE,2.1472
SINE,2.1424
SINE,2.0952
SINE,2.1344
SINE,2.052
SINE,2.0648
SINE,2.212
SINE,2.1072
SINE,2.2256
SINE,2.188
SINE,2.1864
SINE,2.1408
SINE,2.0824
SINE,2.14
unique/low-repeat,2.24
SINE,2.0208
SINE,2.1984
SINE,2.1024
SINE,2.1688
SINE,2.18
unique/low-repeat,2.2272
LTR,2.2384
SINE,2.2248
SINE,2.1376
LINE,1.7544
SINE,2.1272
SINE,2.204
SINE,2.1976
SINE,2.116
SINE,2.1952
SINE,2.2128
SINE,2.1408
SINE,2.092
SINE,2.236
SINE,2.0832
SINE,2.1632
SINE,2.1824
SINE,2.1752
SINE,2.1984
SINE,2.208
SINE,2.2216
LTR,2.1272
SINE,2.1768
SINE,2.1976
SINE,2.1864
SINE,2.1968
LINE,2.2192
LINE,2.2256
LINE,2.2168
LINE,2.2392
LTR,2.1888
LINE,2.232
LTR,2.2384
LTR,2.2096
LINE,2.2416
LTR,2.2168
LTR,2.22
SINE,2.112
SINE,2.2248
SINE,2.1944
LTR,2.2184
SINE,2.2064
LTR,2.192
SINE,2.2216
SINE,2.1088
LTR,2.2264
SINE,2.1064
SINE,2.1816
SINE,2.1816
SINE,2.1344
SINE,2.1344
SINE,2.0784
SINE,2.1856
SINE,2.144
SINE,2.2144
SINE,2.1944
SINE,2.2248
LINE,2.1672
LINE,2.2296
other-repeat,2.2512
SINE,2.1744
SINE,2.2312
SINE,2.1736
LTR,2.2192
SINE,2.0968
SINE,2.1
SINE,2.1008
SINE,2.0632
SINE,1.9704
SINE,2.1232
SINE,2.0624
SINE,2.1376
SINE,2.1848
SINE,2.084
SINE,1.54
SINE,2.208
SINE,2.1512
SINE,1.8832
SINE,2.096
SINE,2.2096
LINE,2.152
SINE,2.2208
LINE,2.236
SINE,2.2
SINE,2.14
SINE,2.112
LTR,2.2064
LINE,2.1192
LINE,2.2152
LTR,2.228
LTR,2.1744
SINE,2.1904
LTR,2.2064
LTR,2.0344
SINE,2.2208
SINE,2.0952
SINE,2.108
SINE,2.1672
SINE,2.1216
SINE,2.1416
SINE,2.1536
LTR,2.1952
LTR,2.1496
SINE,2.1728
SINE,2.1432
SINE,2.1032
unique/low-repeat,2.228
SINE,2.216
SINE,2.0752
SINE,2.1504
SINE,2.1568
SINE,2.2528
unique/low-repeat,2.0016
LINE,2.2432
SINE,2.02
SINE,2.168
LINE,2.2144
SINE,2.2128
SINE,2.1832
SINE,2.1432
SINE,2.24
SINE,2.172
LINE,2.22
LINE,2.1328
LINE,2.2504
LINE,2.2168
LINE,2.2288
LINE,2.2464
LTR,2.2472
SINE,2.2344
SINE,2.1648
LINE,2.2152
SINE,2.2192
DNA,2.2272
LINE,2.232
SINE,2.1992
LINE,2.1776
LINE,2.2144
LINE,2.1936
SINE,2.1184
SINE,2.104
SINE,2.1568
LTR,2.2312
SINE,2.2344
LTR,2.2432
LTR,2.2392
LINE,2.216
LINE,2.2
LINE,2.2168
LINE,2.216
unique/low-repeat,2.2336
SINE,2.2136
LINE,2.2224
SINE,2.2072
LINE,2.22
SINE,2.1568
SINE,2.144
SINE,2.1904
SINE,2.2144
SINE,2.2376
SINE,2.192
SINE,2.1776
LTR,2.2064
LTR,2.2112
LINE,2.1824
SINE,2.176
SINE,2.2096
SINE,2.1608
LTR,2.1984
SINE,2.2328
LTR,2.2192
LINE,2.2328
LINE,2.2496
LINE,2.2152
LINE,2.2464
LINE,2.2304
unique/low-repeat,2.1688
unique/low-repeat,2.2496
LTR,2.2352
DNA,2.2504
unique/low-repeat,2.152
unique/low-repeat,2.1576
LINE,2.2144
LINE,2.2368
LINE,2.1728
LTR,2.2304
LINE,2.2352
LINE,2.1848
LINE,2.124
LINE,2.216
LINE,1.5552
LINE,2.2224
unique/low-repeat,1.4136
LINE,2.2232
LINE,2.2248
SINE,2.0712
unique/low-repeat,2.1344
unique/low-repeat,2.1648
unique/low-repeat,1.66
unique/low-repeat,2.1624
unique/low-repeat,2.244
unique/low-repeat,2.1064
unique/low-repeat,2.1344
unique/low-repeat,2.2224
unique/low-repeat,2.2392
DNA,2.2072
unique/low-repeat,2.0808
LINE,2.2424
SINE,2.2408
LINE,2.2488
LINE,2.2408
LTR,2.2376
LTR,2.1992
LTR,2.156
LINE,2.2392
LINE,2.2496
unique/low-repeat,2.1304
LINE,2.1728
LINE,2.2312
LINE,2.2472
unique/low-repeat,2.228
LINE,2.1784
unique/low-repeat,2.112
SINE,2.2016
unique/low-repeat,1.8856
LINE,2.2552
LINE,2.1912
SINE,2.2192
SINE,2.2464
LINE,2.0944
LINE,1.9352
LTR,2.2568
LINE,2.2224
LINE,2.2224
LINE,2.2408
LINE,2.1768
LINE,2.2248
unique/low-repeat,2.2464
LINE,2.2384
LINE,2.2024
LTR,2.2272
SINE,2.224
LTR,2.2368
LTR,2.2328
LINE,2.2112
LTR,2.2256
LINE,2.2128
unique/low-repeat,2.212
LTR,2.236
LTR,2.236
LINE,2.2096
LINE,2.2376
LINE,2.2208
LINE,2.2184
LINE,2.2208
LINE,2.2232
LINE,2.2048
LINE,2.2064
LINE,2.2392
SINE,2.2328
LINE,2.2256
LINE,2.2312
LINE,2.236
SINE,2.2288
LINE,2.2368
LINE,2.2104
LINE,2.2488
LINE,2.2384
LINE,2.2056
LTR,2.2216
LINE,2.2304
DNA,2.2336
LINE,2.2112
LINE,2.1424
LINE,2.2048
LINE,2.232
LTR,2.22
SINE,2.2264
LINE,2.1968
LINE,2.2224
LTR,2.2368
LINE,2.2336
LINE,2.2432
LTR,2.2224
unique/low-repeat,2.2208
LINE,2.2424
SINE,2.2304
SINE,2.2296
LINE,2.2184
SINE,2.2504
LTR,2.2384
LINE,2.0408
LINE,2.1728
LINE,2.204
LINE,2.2376
SINE,2.2352
LINE,2.224
LTR,2.2272
LINE,2.236
LTR,2.2264
unique/low-repeat,2.236
LINE,2.1888
LINE,2.2472
SINE,2.2288
LINE,2.2312
LTR,2.2112
SINE,2.2144
LINE,2.232
LTR,2.2216
LINE,2.1936
LINE,2.2304
LTR,2.2224
unique/low-repeat,2.2112
LINE,2.24
SINE,2.212
DNA,2.2216
LINE,2.2016
LINE,2.2184
unique/low-repeat,2.2272
LINE,2.2448
unique/low-repeat,2.2312
LTR,2.236
LINE,2.24
LINE,2.1896
LTR,2.244
LINE,2.2312
LINE,2.2368
LINE,2.2168
SINE,2.2296
SINE,2.2376
LTR,2.2192
LINE,2.22
LINE,2.2216
SINE,2.224
LINE,2.2368
SINE,2.2264
SINE,2.1768
SINE,2.2424
SINE,2.2392
SINE,2.2232
SINE,2.1152
SINE,2.1936
SINE,2.1448
SINE,2.1632
LTR,1.872
SINE,2.1816
SINE,2.2368
SINE,2.128
SINE,2.2032
LTR,2.2104
LINE,2.2416
SINE,2.016
SINE,2.1888
LINE,2.2088
LINE,2.2392
SINE,2.2168
SINE,2.0536
unique/low-repeat,2.2312
SINE,2.2208
SINE,2.224
LTR,2.2368
LTR,2.2392
LINE,2.212
unique/low-repeat,2.2352
SINE,2.2168
LINE,2.2152
LINE,2.1992
LINE,2.232
LINE,2.236
SINE,2.256
LTR,2.1904
SINE,2.1912
LTR,2.2336
SINE,2.2256
LINE,2.2272
LTR,2.236
SINE,2.236
LINE,2.2304
SINE,2.2264
LINE,2.1936
LINE,2.2352
LINE,2.2456
unique/low-repeat,2.2288
DNA,2.2328
DNA,2.2136
LTR,2.2424
LTR,2.2232
SINE,2.2504
LINE,2.244
unique/low-repeat,2.224
DNA,2.2248
LINE,2.2256
LINE,2.208
LTR,2.244
LINE,2.2248
LTR,2.2088
LINE,2.2288
LTR,2.2304
LINE,2.2304
LINE,2.2208
LINE,2.244
LINE,2.216
LINE,2.208
LINE,2.228
LINE,2.2224
LTR,2.2416
LINE,2.2136
LINE,2.2024
LINE,2.2152
LINE,2.2264
LINE,2.2384
LINE,2.2216
LTR,2.2352
LINE,2.2176
SINE,2.2288
LTR,2.2344
unique/low-repeat,2.176
LINE,2.2424
LTR,2.2336
LINE,2.232
LTR,2.236
LINE,2.2352
SINE,2.2256
LINE,2.24
LINE,2.216
LINE,2.2312
SINE,2.244
LTR,2.2184
SINE,2.24
SINE,2.2304
LINE,2.2416
LINE,2.2144
LINE,2.228
LINE,2.1704
LINE,2.2392
SINE,2.196
DNA,2.2352
LINE,2.2352
LINE,2.22
Simple_repeat,2.0968
LINE,2.2272
SINE,2.2368
LINE,2.2304
DNA,2.2408
LTR,2.2256
LTR,2.2304
LINE,2.2304
LINE,2.2296
LTR,2.2256
LINE,2.216
LINE,2.2152
LINE,2.2256
LINE,2.2152
LTR,2.2368
LINE,2.2216
LINE,2.2144
LINE,2.2352
LINE,2.22
LTR,2.2256
SINE,2.2208
LTR,2.2184
LINE,2.2152
LINE,2.2232
LINE,2.2136
SINE,2.2264
SINE,2.22
LINE,2.2304
LINE,2.2264
LINE,2.2368
SINE,2.2312
LINE,2.2296
LINE,2.2184
LINE,2.2416
LTR,2.2328
LTR,2.236
LINE,2.2008
LINE,2.2152
LINE,2.22
unique/low-repeat,2.2288
LINE,2.2256
unique/low-repeat,2.2184
unique/low-repeat,2.2312
LTR,2.2248
SINE,2.212
LINE,2.2248
LINE,2.2376
LINE,2.2448
SINE,2.2248
LINE,2.2288
LINE,2.2072
LINE,2.1744
LINE,2.216
LTR,2.2232
SINE,2.2208
LINE,2.2208
unique/low-repeat,2.2344
SINE,2.2448
LTR,2.228
unique/low-repeat,2.2352
SINE,2.2192
LTR,2.212
LTR,2.232
LINE,2.2344
SINE,2.2344
SINE,2.2208
LINE,2.2168
LINE,2.2296
LTR,2.2088
LINE,2.2328
LINE,2.216
LINE,2.2416
LINE,2.2208
unique/low-repeat,2.2392
LTR,2.22
unique/low-repeat,2.1736
LINE,2.2312
LINE,2.2544
LINE,2.2264
LINE,2.2312
unique/low-repeat,2.2296
LTR,2.2272
SINE,2.2088
LINE,2.2424
LINE,2.2328
LINE,2.2096
LINE,2.2216
unique/low-repeat,2.2392
LTR,2.2408
LINE,2.2216
LINE,2.2216
unique/low-repeat,2.2312
LINE,2.232
LTR,2.2408
LINE,2.2184
LINE,2.2144
LTR,2.248
SINE,2.2176
LINE,2.2104
LINE,2.1768
LINE,2.2144
unique/low-repeat,2.2184
SINE,2.2328
LINE,2.2264
LINE,2.2384
LINE,2.2168
LINE,2.2176
unique/low-repeat,2.2232
LINE,2.224
LINE,2.2304
LINE,2.2008
SINE,2.2232
LTR,2.2224
LINE,2.252
LINE,2.2248
LTR,2.2256
LTR,2.236
SINE,2.2304
LINE,2.2448
unique/low-repeat,2.2544
LINE,2.2184
unique/low-repeat,2.2416
LINE,2.2344
SINE,2.2552
SINE,2.2424
LINE,2.2128
LINE,2.2256
LINE,2.2248
DNA,2.2312
SINE,2.1768
LINE,2.2424
SINE,2.1936
SINE,2.156
SINE,2.2144
SINE,2.1272
LINE,2.2304
SINE,2.2208
SINE,2.22
SINE,2.1856
LINE,2.232
SINE,2.2096
LINE,2.2128
LINE,2.2272
LINE,2.2256
SINE,2.2128
LINE,2.2336
SINE,2.2264
SINE,2.1824
LTR,2.196
SINE,2.2288
SINE,2.196
SINE,2.1312
SINE,2.1848
SINE,2.228
SINE,2.22
LTR,2.2288
SINE,2.1664
unique/low-repeat,2.2416
SINE,2.1984
SINE,2.1864
SINE,2.1504
LINE,2.2304
LINE,2.2088
SINE,2.2096
SINE,2.1896
SINE,2.224
SINE,2.1944
SINE,2.132
SINE,2.1448
SINE,2.0688
SINE,2.1424
SINE,2.1984
SINE,2.1976
SINE,2.2248
SINE,2.248
LTR,2.2312
SINE,2.2328
unique/low-repeat,2.0744
LINE,2.1824
unique/low-repeat,2.22
LTR,2.2184
LINE,2.2112
SINE,2.2
SINE,2.2008
unique/low-repeat,2.2248
SINE,2.1888
SINE,2.1712
SINE,2.2144
LINE,2.2368
SINE,2.1952
SINE,2.1072
SINE,2.0752
SINE,2.1464
SINE,2.1848
SINE,2.2136
SINE,2.1368
LINE,2.2008
SINE,2.216
LINE,2.2128
LINE,2.1912
LINE,2.2248
unique/low-repeat,2.2264
LINE,2.2176
SINE,2.2176
LINE,2.2432
unique/low-repeat,2.2336
LINE,2.2232
SINE,2.2288
unique/low-repeat,2.2344
LINE,2.2368
SINE,2.2016
SINE,2.1768
DNA,2.2192
LINE,2.212
SINE,2.14
SINE,2.1872
LINE,2.232
Simple_repeat,2.1208
SINE,2.2512
LINE,2.2312
LINE,2.2336
SINE,2.24
SINE,2.2256
unique/low-repeat,2.2288
DNA,2.2248
unique/low-repeat,2.2288
LINE,2.24
SINE,2.204
SINE,2.2288
unique/low-repeat,2.2344
DNA,2.1976
LINE,2.2072
LINE,2.2288
LTR,2.2296
LINE,2.2104
LINE,2.2264
LTR,2.2184
LINE,2.2392
LTR,2.2464
SINE,2.216
LINE,2.2168
LTR,2.2464
SINE,2.2096
LINE,2.2184
LTR,2.2248
unique/low-repeat,2.2248
SINE,2.2176
LINE,2.2488
LINE,2.2224
LINE,2.2296
LINE,2.224
LINE,2.2368
unique/low-repeat,2.248
SINE,2.2408
LTR,2.2208
LINE,2.2336
LINE,2.2152
LINE,2.2152
LINE,2.2352
LINE,2.2408
LINE,2.212
LINE,2.2224
LINE,2.2488
LINE,2.2248
LINE,2.2112
SINE,2.172
SINE,2.1384
SINE,2.1096
LINE,2.2
SINE,2.1808
SINE,2.1344
SINE,2.1776
SINE,2.1664
SINE,2.1808
SINE,2.184
Retroposon,2.1848
SINE,2.2
SINE,2.1752
LINE,2.2216
LTR,2.2168
DNA,2.2208
SINE,2.2
SINE,2.1616
LINE,2.2312
SINE,2.2032
unique/low-repeat,2.2512
LINE,2.2016
LINE,2.2304
LINE,2.2392
DNA,2.2328
SINE,2.2336
LINE,2.2296
unique/low-repeat,2.2272
LINE,2.228
SINE,2.2272
SINE,2.2104
LINE,2.2176
SINE,2.22
SINE,2.212
SINE,2.1872
SINE,2.2176
LINE,2.236
LINE,2.216
LTR,2.2184
LTR,2.228
LTR,2.2352
LINE,2.216
LINE,2.224
LINE,2.232
LINE,2.2176
LINE,2.236
LINE,2.2352
LINE,2.2288
LINE,2.2288
LINE,2.216
LINE,2.224
LINE,2.2056
LINE,2.2264
LINE,2.2304
LTR,2.2384
LTR,2.2136
LINE,1.9984
LINE,2.212
LINE,2.2264
LINE,2.2216
LINE,2.2368
LINE,2.2224
LINE,2.196
LINE,2.2176
LINE,2.2024
LTR,2.2176
LINE,2.192
LTR,2.2216
LTR,2.22
LINE,2.22
LINE,2.2272
LTR,2.2304
LINE,2.216
LINE,2.1968
LTR,2.1968
LINE,2.2272
LTR,2.2352
LINE,2.2072
LINE,2.1912
SINE,2.2328
LINE,2.2264
LINE,2.2272
LINE,2.2056
LINE,2.2408
LINE,2.1984
LINE,2.2512
LINE,2.228
LINE,2.2336
LINE,2.2136
SINE,2.24
SINE,2.228
unique/low-repeat,2.2368
unique/low-repeat,2.2296
LINE,2.2208
LTR,2.2232
SINE,2.2584
SINE,2.2264
SINE,2.22
SINE,2.2304
LINE,2.2064
LINE,2.2184
SINE,2.2016
SINE,2.2056
SINE,2.2016
SINE,2.192
LINE,2.2368
SINE,2.2424
LINE,2.2136
LINE,2.2056
LINE,2.2248
LINE,2.2256
LINE,2.2016
LINE,2.2224
LINE,2.224
LINE,2.236
LINE,2.2296
LINE,2.2376
LINE,2.2264
LINE,2.2016
LINE,2.2176
LINE,2.2
LINE,2.216
LTR,2.244
LINE,2.228
LINE,2.2368
LINE,2.2288
LINE,2.236
SINE,2.2296
LTR,2.2464
unique/low-repeat,2.2536
SINE,2.104
SINE,2.0992
SINE,2.1552
SINE,2.1928
SINE,2.2184
LINE,2.2256
LINE,2.2416
LINE,2.22
SINE,2.1896
SINE,2.1896
SINE,2.2304
SINE,2.2304
SINE,2.2272
SINE,2.212
LINE,2.2248
LINE,2.2216
LINE,2.2368
LINE,2.224
LINE,2.1944
SINE,2.2264
LINE,2.232
LINE,2.2376
LINE,2.2128
LINE,2.2344
DNA,2.252
DNA,2.2192
LINE,2.2288
LINE,2.2184
LINE,2.2192
LTR,2.2376
LINE,2.212
LINE,2.2256
LINE,2.2512
LINE,2.2184
unique/low-repeat,2.2232
SINE,2.2288
unique/low-repeat,2.2296
LINE,2.2088
LTR,2.2208
LINE,2.2344
LINE,2.2328
LINE,2.2168
unique/low-repeat,2.216
LINE,2.2208
LTR,2.236
LINE,2.2144
LTR,2.232
LINE,2.2176
LINE,2.2416
LINE,2.228
SINE,2.2296
LINE,2.244
SINE,2.2224
LINE,2.2416
LINE,2.1992
LINE,2.2536
SINE,2.2144
DNA,2.2312
LINE,2.2416
DNA,2.2232
LINE,2.2312
SINE,2.2416
SINE,2.22
unique/low-repeat,2.2536
SINE,2.2168
SINE,2.1952
SINE,2.124
SINE,2.1208
SINE,2.0944
SINE,2.2088
LINE,2.2064
LTR,2.2296
LTR,2.2232
SINE,2.2264
LTR,2.2296
SINE,2.192
SINE,2.2152
SINE,2.1616
SINE,2.2264
Retroposon,2.1656
LINE,2.2248
unique/low-repeat,2.2408
LINE,2.2288
LINE,2.1936
LINE,2.1296
LINE,2.24
LINE,2.212
SINE,2.2024
LINE,2.232
SINE,2.2024
unique/low-repeat,2.2096
unique/low-repeat,1.2136
DNA,2.228
unique/low-repeat,2.24
SINE,2.2208
SINE,2.2008
LTR,2.2088
SINE,2.1856
SINE,2.168
SINE,2.2072
SINE,2.2288
LINE,2.1848
SINE,2.2232
LINE,2.2136
LINE,2.1856
unique/low-repeat,2.2128
LINE,2.2008
SINE,2.2248
LINE,2.1888
LINE,2.2256
LINE,2.244
SINE,2.2288
LTR,2.2272
LINE,2.2344
LINE,2.2416
LINE,2.2136
LINE,2.0664
LINE,2.2232
LINE,2.2344
LINE,2.212
SINE,2.192
SINE,2.2496
unique/low-repeat,2.2152
LINE,2.228
SINE,2.2224
LINE,2.2328
SINE,2.2384
LINE,2.2248
unique/low-repeat,2.2472
SINE,2.2416
LINE,2.2312
LINE,2.2248
SINE,2.208
LINE,2.2224
LINE,2.2288
LINE,2.2104
unique/low-repeat,2.2392
LTR,2.236
SINE,2.2096
LTR,2.2408
LINE,2.232
SINE,2.2128
unique/low-repeat,2.236
LINE,2.1792
LINE,2.164
LINE,2.2288
LINE,2.2192
SINE,2.132
LTR,2.2136
SINE,2.1632
SINE,2.1304
SINE,2.1792
LINE,2.2064
LINE,2.1904
LINE,2.204
LTR,2.2264
LTR,2.2104
LTR,2.2384
LINE,2.2208
SINE,2.1904
LINE,2.2456
SINE,2.208
LINE,2.2304
SINE,2.1448
SINE,2.2296
LINE,2.1848
LINE,2.2304
DNA,2.2192
LINE,2.232
LINE,2.2256
SINE,2.2264
LINE,2.2352
LTR,2.2184
LINE,2.2256
LINE,2.2248
LTR,2.2208
LINE,2.1968
LINE,2.232
LTR,2.2456
LINE,2.2216
LINE,2.2264
LINE,2.216
SINE,2.2328
LTR,2.2304
unique/low-repeat,2.2328
unique/low-repeat,2.2232
DNA,2.2176
LINE,2.2208
SINE,2.2072
LINE,2.2208
DNA,2.216
unique/low-repeat,2.2224
SINE,2.2248
unique/low-repeat,2.208
unique/low-repeat,2.224
LINE,2.2288
unique/low-repeat,2.2152
unique/low-repeat,2.2216
LINE,2.2256
LINE,2.2168
LTR,2.228
LINE,2.2024
LINE,2.2264
LINE,2.1992
LINE,2.1976
LINE,2.2192
SINE,2.2344
unique/low-repeat,2.2152
LINE,2.236
LINE,2.2144
LINE,2.2048
unique/low-repeat,2.2272
LINE,2.232
LINE,2.2296
LINE,2.2232
LINE,2.2144
LTR,2.22
LTR,2.2144
LINE,2.228
LTR,2.2032
LINE,2.2216
LINE,2.22
LINE,2.2208
LINE,2.2152
LINE,2.2032
unique/low-repeat,2.232
LINE,2.2208
LINE,2.236
LINE,2.2112
LTR,2.1768
LTR,2.2136
LINE,2.228
LINE,2.2
LINE,2.232
LINE,2.2264
LINE,2.208
LINE,2.2336
LINE,2.2168
LTR,2.2392
LINE,2.2224
LTR,2.2384
SINE,2.1968
SINE,2.1648
SINE,2.1968
unique/low-repeat,2.2304
SINE,2.1648
LINE,2.2384
SINE,2.1736
LINE,2.2112
SINE,2.1888
LTR,2.2176
SINE,2.2224
SINE,2.2264
LINE,2.2328
LTR,2.2408
LINE,2.216
LINE,2.22
LTR,2.2392
LINE,2.2456
SINE,2.232
SINE,2.2192
SINE,2.2056
SINE,2.2344
LTR,2.236
unique/low-repeat,2.2368
LINE,2.2376
SINE,2.2192
LINE,2.2232
LINE,2.22
LINE,2.2376
LINE,2.2392
SINE,2.228
SINE,2.2136
SINE,2.22
SINE,2.1432
SINE,2.1904
unique/low-repeat,2.2136
SINE,2.2
SINE,2.2032
SINE,2.2232
LINE,2.1904
SINE,2.2504
SINE,2.1312
SINE,2.2168
LINE,2.188
Retroposon,2.1976
LTR,2.2024
LINE,2.22
LTR,2.2288
LINE,2.2224
DNA,2.228
LINE,2.2232
LINE,2.2288
LINE,2.2112
LINE,2.2256
LINE,2.2336
LINE,2.2352
LINE,2.2136
DNA,2.2256
LTR,2.224
LINE,2.2208
LINE,2.1904
LINE,2.2312
LTR,2.2096
LINE,2.2304
LINE,2.2112
LINE,2.2224
LINE,2.224
LINE,2.2216
LINE,2.2368
unique/low-repeat,2.2328
LINE,2.2096
LINE,2.2208
LINE,2.216
LINE,2.1736
LINE,2.2128
LINE,2.2168
LTR,2.252
LINE,2.2256
LINE,2.2208
LINE,2.1928
LTR,2.2352
LINE,2.2328
LINE,2.2112
LINE,2.228
LINE,2.2296
unique/low-repeat,2.2264
LINE,2.168
LINE,2.2344
LINE,2.2184
DNA,2.2064
LINE,2.1976
LINE,2.212
LTR,2.2408
LINE,2.2256
LINE,2.216
LINE,2.2184
unique/low-repeat,2.2184
LTR,2.2296
unique/low-repeat,2.2192
unique/low-repeat,2.2296
SINE,2.2272
unique/low-repeat,2.2368
LINE,2.2432
unique/low-repeat,2.224
LTR,2.212
unique/low-repeat,2.2248
LINE,2.2512
LINE,2.2192
SINE,2.2096
LTR,2.2112
LTR,2.2424
LINE,2.2208
LINE,2.2088
LINE,2.2304
LINE,2.1936
LINE,2.2168
LINE,2.216
LINE,2.2424
unique/low-repeat,2.228
LINE,2.2136
LINE,2.2096
unique/low-repeat,2.24
SINE,2.2112
LINE,2.2256
unique/low-repeat,2.2344
unique/low-repeat,2.24
SINE,2.2312
LTR,2.2096
SINE,2.2448
unique/low-repeat,2.2328
unique/low-repeat,2.2528
LTR,2.2336
SINE,2.2112
SINE,2.2056
SINE,2.208
SINE,2.1856
SINE,2.208
LINE,2.1704
SINE,2.164
SINE,2.2224
SINE,2.1992
SINE,2.1544
SINE,2.1632
SINE,2.1776
SINE,2.1864
SINE,2.208
SINE,2.1384
SINE,2.232
LTR,2.2112
LINE,2.2232
SINE,2.2256
SINE,2.2312
SINE,2.1976
LINE,2.2296
LTR,2.208
SINE,2.224
LTR,2.2328
SINE,2.1976
LINE,2.2008
LINE,2.2184
SINE,2.2368
SINE,2.2112
LINE,2.2512
LINE,2.2248
DNA,2.2144
LINE,2.22
LINE,2.2208
LTR,2.2264
unique/low-repeat,2.2232
LINE,2.2072
LINE,2.2272
LINE,2.1928
LINE,2.228
SINE,2.2064
LINE,2.2232
LINE,2.2488
LINE,2.2128
LINE,2.2056
SINE,2.2152
SINE,2.2024
LINE,2.2304
SINE,2.2376
LINE,2.2408
LINE,2.2328
LINE,2.2288
DNA,2.2352
SINE,2.2512
SINE,2.2272
unique/low-repeat,2.2464
unique/low-repeat,2.2536
LINE,2.2216
SINE,2.228
SINE,2.2296
SINE,2.2368
LTR,2.2248
LINE,2.26
SINE,2.1952
LTR,2.2472
SINE,2.2432
SINE,2.1544
SINE,2.148
SINE,2.2296
SINE,2.2216
SINE,2.2232
LTR,2.2256
LTR,2.2408
LTR,2.232
LINE,2.236
LINE,2.2216
unique/low-repeat,2.2336
LINE,2.2272
SINE,2.2136
LTR,2.2448
DNA,2.2408
LINE,2.2144
LINE,2.2288
unique/low-repeat,2.2488
unique/low-repeat,2.2192
unique/low-repeat,2.256
LINE,2.2232
LTR,2.1672
LINE,2.2192
LINE,2.208
SINE,2.2264
LINE,2.2248
LINE,2.2024
LINE,2.22
LINE,2.2264
LINE,2.2216
Simple_repeat,2.1888
SINE,2.236
LTR,2.2232
LINE,2.2296
LINE,2.2376
DNA,2.192
unique/low-repeat,2.2432
LINE,2.1984
LTR,2.2344
LINE,2.2224
LINE,2.2352
LINE,2.216
LINE,2.2424
SINE,2.2288
SINE,2.2336
SINE,1.9952
LINE,2.2232
LTR,2.2272
LTR,2.22
LINE,2.2224
SINE,2.228
unique/low-repeat,2.2176
LINE,2.2256
SINE,2.2304
SINE,2.2168
LINE,2.2104
LINE,2.224
SINE,2.2224
LINE,2.2024
SINE,2.2088
SINE,2.232
LINE,2.2424
LTR,2.2256
LINE,1.6088
LINE,2.2232
LINE,2.232
LINE,2.2448
LINE,2.2224
unique/low-repeat,2.2392
unique/low-repeat,2.2448
LINE,2.2056
LINE,2.2304
LINE,2.2032
unique/low-repeat,2.2448
LINE,2.2288
SINE,2.2376
LINE,2.244
LINE,2.2408
SINE,2.156
LINE,2.252
LTR,2.212
SINE,2.1784
SINE,2.1936
SINE,2.084
SINE,2.1616
SINE,2.1904
LINE,2.2184
SINE,2.2096
LINE,2.2208
LINE,2.2368
LINE,2.244
LINE,2.2192
LINE,2.22
unique/low-repeat,2.2552
LTR,2.236
LINE,2.2272
LINE,2.2408
SINE,2.2352
LTR,2.232
LINE,2.2512
unique/low-repeat,2.2416
unique/low-repeat,2.256
SINE,2.208
LINE,2.228
LINE,2.2112
SINE,2.196
LINE,2.2312
LTR,2.2256
LINE,2.2016
SINE,2.244
unique/low-repeat,2.1984
SINE,2.228
unique/low-repeat,2.2312
DNA,2.2176
LINE,2.244
LINE,2.1848
unique/low-repeat,2.2176
unique/low-repeat,2.2392
LINE,2.2352
LINE,2.2288
LINE,2.2408
LINE,2.2328
LINE,2.228
LINE,2.2368
unique/low-repeat,2.2256
LINE,2.2072
SINE,2.228
LINE,2.2368
LINE,2.2192
unique/low-repeat,2.2376
LINE,2.2104
LINE,2.2336
LINE,2.2288
LINE,2.2192
LINE,2.216
LTR,2.2104
LINE,2.2296
LINE,2.232
unique/low-repeat,2.2184
LINE,2.2296
LINE,2.2288
SINE,2.2168
SINE,2.2424
LINE,2.2088
SINE,2.2104
LINE,2.2064
unique/low-repeat,2.2176
unique/low-repeat,2.248
LINE,2.232
LINE,2.1592
LINE,2.1792
LINE,2.2328
LINE,2.2344
LINE,2.2328
LINE,2.2312
LINE,2.232
LINE,2.2352
LINE,2.244
LINE,2.2368
LINE,2.2032
LINE,2.208
LINE,2.2328
LINE,2.228
SINE,2.236
unique/low-repeat,2.2344
SINE,2.1928
LINE,2.2288
LINE,2.2112
LINE,2.0784
SINE,2.2224
unique/low-repeat,2.2472
SINE,2.2496
SINE,2.1736
SINE,2.1984
unique/low-repeat,2.2408
SINE,2.2368
LINE,2.2376
LINE,2.1952
LINE,2.1992
SINE,2.24
unique/low-repeat,2.2424
unique/low-repeat,2.2224
LINE,2.236
LINE,2.2312
DNA,2.232
unique/low-repeat,2.2504
LINE,2.2248
LINE,2.2144
LINE,2.2264
LINE,2.2536
LINE,2.2288
LINE,2.2072
LINE,2.2448
LINE,2.2152
LTR,2.172
LINE,2.224
LINE,2.216
LINE,2.2296
LINE,2.2288
LINE,2.2184
LINE,2.2112
DNA,2.2168
LINE,2.2088
LTR,2.2144
LTR,2.2352
LINE,2.2288
LINE,2.2376
LINE,2.2208
LINE,2.244
LTR,2.224
unique/low-repeat,2.2288
LINE,2.2064
unique/low-repeat,2.212
LINE,2.2016
unique/low-repeat,2.2216
LTR,2.2192
SINE,2.232
LINE,2.2208
LTR,2.2192
LTR,2.22
LINE,2.2072
LINE,2.2176
LINE,2.224
LINE,2.2136
LINE,2.2304
LINE,2.2024
LINE,2.2376
LINE,2.1936
LINE,2.1872
LINE,2.232
LINE,2.2112
LINE,2.2104
LINE,2.2056
LINE,2.1864
LINE,2.2224
LINE,2.2032
LTR,2.2248
LTR,2.2176
LINE,2.2248
LINE,2.2184
LINE,2.2264
DNA,2.2312
LTR,2.2192
LINE,2.228
LTR,2.2192
LINE,2.2296
LTR,2.2144
SINE,2.2344
LINE,2.2312
LINE,2.228
LTR,2.2312
SINE,2.22
LTR,2.2424
SINE,2.2288
SINE,2.2368
DNA,2.2248
SINE,2.2288
LINE,2.2272
SINE,2.2152
SINE,2.2144
LINE,2.216
DNA,2.2192
unique/low-repeat,2.2216
SINE,2.2296
unique/low-repeat,2.2376
unique/low-repeat,2.2464
SINE,2.2112
LINE,2.2416
unique/low-repeat,2.236
LTR,2.2312
SINE,2.2344
unique/low-repeat,2.2144
LINE,2.2232
LINE,2.2272
LINE,2.2176
LINE,2.2112
LTR,2.228
LTR,2.212
LINE,2.2056
LINE,2.1992
LINE,2.2184
LINE,2.2112
LINE,2.2056
LINE,2.216
LINE,2.2376
LINE,2.1888
DNA,2.2248
LINE,2.228
LINE,2.2296
LTR,2.2088
LTR,2.2296
SINE,2.212
LINE,2.2224
LINE,2.228
LINE,2.2024
LINE,2.2168
LINE,2.22
unique/low-repeat,2.2288
LINE,2.208
LINE,2.2168
LINE,2.2152
LINE,2.2024
LINE,2.216
unique/low-repeat,2.2376
LINE,2.2112
DNA,2.2352
LINE,2.2176
LINE,2.2272
LTR,2.2024
LINE,2.2448
LINE,2.1984
LINE,2.184
LINE,2.2296
LINE,2.2144
unique/low-repeat,2.2336
unique/low-repeat,2.2104
SINE,2.2224
unique/low-repeat,2.2008
LTR,2.224
LTR,2.2264
LINE,2.2168
LINE,2.1792
LINE,2.2424
LINE,2.2296
LINE,2.2256
LINE,2.2312
LTR,2.2192
LINE,2.1272
SINE,2.2264
LINE,2.2104
LTR,2.2216
LINE,2.2288
LINE,2.2136
unique/low-repeat,2.2104
LINE,2.2088
LINE,2.2328
LTR,2.2312
LINE,2.24
LINE,2.2288
LINE,2.224
SINE,2.2336
LTR,2.2288
SINE,2.1272
SINE,2.1888
SINE,2.1416
SINE,2.2144
SINE,2.1064
SINE,2.2168
SINE,2.2512
SINE,2.2368
SINE,2.2344
SINE,2.2288
SINE,2.148
unique/low-repeat,2.2368
SINE,2.1888
SINE,2.228
LINE,2.24
LINE,2.2472
SINE,2.2216
LINE,2.236
LINE,2.24
SINE,2.1776
LTR,2.2216
LINE,2.2328
LINE,2.2072
SINE,2.2064
SINE,2.2192
LINE,2.2376
LTR,2.2336
LINE,2.1824
LINE,2.216
LINE,2.1792
LINE,2.2272
SINE,2.2224
LINE,2.1968
LINE,2.1912
SINE,2.2176
SINE,2.2432
SINE,2.1888
SINE,2.2312
unique/low-repeat,2.2216
unique/low-repeat,2.2328
LINE,2.2248
SINE,2.2232
LTR,2.2256
Simple_repeat,1.8584
unique/low-repeat,2.2264
LINE,2.2208
LINE,2.2424
SINE,2.216
SINE,2.124
SINE,2.1784
LINE,2.2048
SINE,2.1904
SINE,2.168
SINE,2.24
SINE,2.244
LINE,2.2096
LTR,2.2176
SINE,2.2216
LINE,2.2144
LTR,2.2192
SINE,2.168
SINE,2.1336
SINE,2.1952
SINE,2.2264
unique/low-repeat,2.2376
LTR,2.2232
LTR,2.2208
LINE,2.2376
unique/low-repeat,2.2304
LINE,2.2352
LINE,2.2112
LTR,2.2328
LTR,2.2384
LINE,2.2232
LINE,2.2496
LINE,2.22
LTR,2.232
LINE,2.228
LTR,2.24
LINE,2.2336
unique/low-repeat,2.2304
SINE,2.2144
LINE,2.2304
SINE,2.2248
Satellite,2.0488
SINE,2.2304
SINE,2.2384
LINE,2.24
SINE,2.2104
LINE,2.1784
LINE,2.2368
LTR,2.2304
LTR,2.2288
unique/low-repeat,2.2264
LINE,2.2256
LINE,2.2088
LTR,2.2
LINE,2.2352
LTR,2.228
LINE,2.1952
Satellite,2.2144
LINE,2.1888
LINE,2.2288
LINE,2.2352
SINE,2.2192
SINE,2.1912
LINE,2.156
SINE,2.2024
LTR,2.2296
LINE,2.2152
LINE,2.2272
LINE,2.2144
LINE,2.2008
LTR,2.224
LINE,2.22
LINE,2.2224
Satellite,1.3744
SINE,2.22
LTR,2.2104
LINE,2.2128
LINE,2.2144
LINE,2.2544
LTR,2.2248
Satellite,2.2072
LTR,2.0888
DNA,2.2208
SINE,2.2152
LINE,2.232
LINE,2.2464
LINE,2.2312
LTR,2.2376
LINE,2.2256
LTR,2.2256
SINE,2.228
LINE,2.2272
LTR,2.2128
LTR,2.236
unique/low-repeat,2.244
SINE,2.2344
LINE,2.2176
LTR,2.216
SINE,2.2312
other-repeat,2.2144
LINE,2.2064
LINE,2.2056
unique/low-repeat,2.2184
SINE,2.2096
SINE,2.1512
SINE,2.192
SINE,2.228
SINE,2.236
LINE,2.1768
LINE,2.2184
LINE,2.1256
SINE,2.2304
LTR,2.2112
SINE,2.2072
SINE,2.14
SINE,2.192
unique/low-repeat,2.2336
SINE,2.1984
LTR,2.2032
LINE,2.2176
other-repeat,2.2224
LINE,2.2056
LINE,2.2296
unique/low-repeat,2.2352
unique/low-repeat,2.2344
LINE,2.2232
LINE,2.2344
LINE,2.2232
other-repeat,2.2304
LTR,2.1936
SINE,2.1656
LINE,2.2088
LINE,2.224
LINE,2.2272
SINE,2.2144
DNA,2.2312
LINE,2.2112
LTR,2.2024
LINE,2.2128
LINE,2.208
SINE,2.2432
LINE,2.2184
LINE,2.2248
LINE,2.2224
LINE,2.2248
LTR,2.2552
LTR,2.2384
unique/low-repeat,2.2264
SINE,2.2272
unique/low-repeat,2.188
LTR,2.2504
LINE,2.2224
unique/low-repeat,2.2272
unique/low-repeat,2.2368
unique/low-repeat,2.2224
LINE,2.2176
SINE,2.216
LTR,2.2152
LINE,2.216
LINE,2.2296
LINE,2.2208
LINE,2.1992
LINE,2.1584
LINE,2.2176
LINE,2.2256
LINE,2.2096
LINE,2.2136
LTR,2.2344
SINE,2.1936
SINE,2.228
SINE,2.188
SINE,2.212
SINE,2.1952
SINE,2.1784
LINE,2.2416
SINE,2.2184
SINE,2.236
unique/low-repeat,2.2568
Simple_repeat,2.1704
LINE,2.2112
LINE,2.2304
LINE,2.208
SINE,2.2432
LINE,2.2504
SINE,2.2248
LTR,2.2272
unique/low-repeat,2.2384
LTR,2.216
SINE,2.184
SINE,2.1504
LINE,2.2328
DNA,2.2328
LINE,2.2288
LTR,2.2336
unique/low-repeat,2.2296
LINE,2.2344
unique/low-repeat,2.2128
SINE,2.1912
SINE,2.244
SINE,2.2272
SINE,2.1776
LINE,2.2032
SINE,2.204
DNA,2.2376
SINE,2.2088
SINE,2.2208
LINE,2.232
LTR,2.2424
LINE,2.1416
LINE,2.1968
SINE,2.2048
SINE,2.1976
LINE,2.2248
LTR,2.2144
LINE,2.228
LINE,2.1184
LINE,2.2328
SINE,2.2416
LINE,2.2344
LINE,2.2352
unique/low-repeat,2.2328
LTR,2.2488
unique/low-repeat,2.232
LINE,2.2392
LTR,2.2184
LTR,2.2272
LINE,2.2248
LINE,2.2296
LTR,2.2104
unique/low-repeat,2.248
unique/low-repeat,2.244
LINE,2.2096
LTR,2.2384
LINE,2.1072
unique/low-repeat,2.2408
LINE,2.244
LINE,2.22
SINE,2.2088
LINE,2.2064
LTR,2.2216
LINE,2.2072
unique/low-repeat,2.2256
LINE,2.216
LINE,2.2112
LTR,2.2272
LTR,2.228
LINE,2.2376
unique/low-repeat,2.2424
LINE,2.2192
LINE,2.236
unique/low-repeat,2.2416
unique/low-repeat,2.2512
LINE,2.2352
LTR,2.2248
SINE,2.2168
unique/low-repeat,2.2432
SINE,2.224
LINE,2.24
LINE,2.2256
LTR,2.2392
LTR,2.24
SINE,2.22
LINE,2.2352
DNA,2.232
SINE,2.2336
LINE,2.2192
LTR,2.2448
unique/low-repeat,2.228
LTR,2.2224
SINE,2.2328
unique/low-repeat,2.2344
SINE,2.2448
unique/low-repeat,2.2424
LINE,2.216
SINE,2.2248
LINE,2.2256
LTR,2.2368
LINE,2.1912
SINE,2.2016
LINE,2.244
SINE,2.2144
unique/low-repeat,2.248
unique/low-repeat,2.2168
SINE,1.8648
SINE,2.22
LINE,2.232
LINE,2.2416
unique/low-repeat,2.2376
DNA,2.236
LTR,2.2336
LINE,2.2256
DNA,2.2232
LINE,2.2336
LINE,2.232
LINE,2.2456
LINE,2.2144
LINE,2.2264
LINE,2.2336
LINE,2.2416
LINE,2.2248
LINE,2.2432
LINE,2.2344
LINE,2.2216
LTR,2.236
LTR,2.2504
LINE,2.2456
LINE,2.2272
unique/low-repeat,2.2104
SINE,2.148
unique/low-repeat,2.228
LINE,2.2184
LINE,2.224
LINE,2.208
LTR,2.2376
LTR,2.216
LTR,2.232
LTR,2.2296
LINE,2.1704
SINE,2.2016
SINE,2.1392
SINE,2.1576
SINE,2.2264
LINE,2.188
LINE,2.2096
LINE,2.196
LINE,2.196
LINE,2.212
LINE,2.2152
unique/low-repeat,2.232
SINE,2.2368
LINE,2.2392
unique/low-repeat,2.2408
unique/low-repeat,2.2432
SINE,2.2344
SINE,2.0584
LINE,2.2416
LINE,2.2256
unique/low-repeat,2.2152
unique/low-repeat,2.2408
LTR,2.2112
SINE,2.2048
SINE,2.1648
SINE,2.2376
LINE,2.1824
unique/low-repeat,2.24
SINE,2.1904
unique/low-repeat,2.2176
LTR,2.228
LINE,2.2232
LINE,2.2224
LINE,2.2376
SINE,2.204
SINE,2.2072
unique/low-repeat,2.2264
LINE,2.2272
LINE,2.2352
LTR,2.248
LINE,2.24
LINE,2.2144
LTR,2.228
LINE,2.2016
LINE,2.232
unique/low-repeat,2.2384
LINE,2.2304
LTR,1.9144
LINE,2.22
unique/low-repeat,2.2288
LINE,2.2432
SINE,2.2128
LINE,2.2152
SINE,2.2336
unique/low-repeat,1.9032
LINE,2.2152
LINE,2.2368
SINE,2.2152
unique/low-repeat,2.22
LINE,2.2072
LINE,2.196
LTR,2.2144
SINE,2.1576
SINE,2.2016
unique/low-repeat,2.252
SINE,2.2064
LINE,2.2208
SINE,2.2152
LINE,2.2096
LINE,2.2224
SINE,2.2168
SINE,2.2184
LINE,2.2128
SINE,2.2328
LINE,2.2368
LINE,2.236
LINE,2.2192
SINE,2.2352
LINE,2.2416
LINE,2.232
SINE,2.2096
SINE,2.2072
SINE,2.1528
LTR,2.22
LINE,2.2152
LTR,2.2288
LTR,2.2472
LINE,2.224
SINE,2.2288
LTR,2.2304
LINE,2.2232
LINE,2.2256
LINE,2.2264
LINE,2.2328
LINE,1.9672
LTR,2.2248
DNA,2.216
LINE,2.2392
LINE,2.2408
LINE,2.1952
SINE,2.2304
SINE,2.244
LINE,2.2336
LTR,2.232
LINE,2.2392
LINE,2.1888
LTR,2.232
LTR,2.224
SINE,2.172
LINE,2.2272
DNA,2.2304
LINE,2.2208
SINE,2.2376
LINE,2.2064
LINE,2.2408
LINE,2.1992
unique/low-repeat,2.2344
LINE,2.2264
LINE,2.228
SINE,2.2184
LINE,2.208
LINE,2.228
LINE,2.2216
LINE,2.2096
LINE,2.216
LINE,2.2272
LINE,2.2328
LINE,2.2304
LTR,2.2312
unique/low-repeat,2.2344
LINE,2.2248
LINE,2.216
LINE,2.212
LINE,2.2136
LINE,2.2096
LINE,2.2432
LINE,2.2264
LTR,2.232
LINE,2.24
LTR,2.232
LINE,2.228
LINE,2.2136
LTR,2.2424
LTR,2.2256
SINE,2.216
LINE,2.2072
LINE,2.2088
LINE,2.2088
LTR,2.244
SINE,2.2304
LINE,2.212
LINE,2.2088
LINE,2.2224
LTR,2.216
LTR,2.2328
DNA,2.2216
LINE,2.2384
LINE,2.2096
LINE,2.2168
LINE,2.1992
LTR,2.2424
LINE,2.224
LINE,2.2424
LINE,2.184
LINE,2.2272
LINE,2.2264
SINE,2.2376
unique/low-repeat,2.2256
LINE,2.2256
LTR,2.2344
LINE,2.232
LINE,2.228
LINE,2.216
SINE,2.2432
LINE,2.2232
unique/low-repeat,2.232
LTR,2.2344
unique/low-repeat,2.2056
DNA,2.2328
unique/low-repeat,2.2424
unique/low-repeat,2.2448
LTR,2.2264
LINE,2.2424
unique/low-repeat,2.26
LINE,2.1256
LTR,2.2216
DNA,2.2272
LINE,2.2208
LINE,2.216
unique/low-repeat,2.2288
SINE,2.2344
unique/low-repeat,2.2488
LINE,2.2472
SINE,2.2192
DNA,2.208
SINE,2.228
DNA,2.2344
LTR,2.24
DNA,2.2392
LINE,2.228
LTR,2.2416
SINE,2.216
LINE,2.22
LINE,2.192
unique/low-repeat,2.216
unique/low-repeat,2.2368
LINE,2.2256
LINE,2.2056
LINE,2.2224
LINE,2.2312
LINE,2.2368
LINE,2.24
LINE,2.244
SINE,2.2224
LINE,2.232
SINE,2.2208
SINE,2.2496
LINE,2.216
LINE,2.2184
LINE,2.2256
unique/low-repeat,2.2448
LINE,2.244
unique/low-repeat,2.1736
unique/low-repeat,2.228
LINE,2.1848
LINE,2.2336
SINE,2.208
SINE,2.2304
LINE,2.2376
unique/low-repeat,2.236
SINE,2.2232
SINE,2.2464
LINE,2.228
SINE,2.2216
LINE,2.2168
SINE,2.1984
LTR,2.1856
LINE,2.1688
SINE,2.2344
LINE,2.2352
LINE,2.2472
LINE,2.2416
LTR,2.0248
SINE,2.2256
LINE,2.2328
LINE,2.196
LINE,2.2272
LTR,2.2168
LINE,2.2256
LTR,2.224
LTR,2.2464
LINE,2.2224
LINE,2.1944
LTR,2.2192
SINE,2.2416
LINE,2.2312
LINE,2.1856
LTR,2.2464
unique/low-repeat,2.2008
LINE,2.2368
LINE,2.204
LINE,2.2216
LINE,2.2048
LINE,2.2024
LINE,2.2264
LINE,2.2192
LINE,2.2344
LINE,2.2248
LINE,2.2152
LINE,2.2336
LTR,2.2304
LINE,1.9512
LINE,2.2
LINE,2.228
LINE,2.2208
LTR,2.2368
LINE,2.1968
LINE,2.2384
LINE,2.2264
LINE,2.2176
LINE,2.1328
unique/low-repeat,2.2584
LINE,2.2232
LINE,2.2392
DNA,2.2184
SINE,2.2176
SINE,2.2328
LINE,2.2272
SINE,2.2136
SINE,2.2208
LINE,2.2184
LINE,2.2136
LINE,2.2056
LINE,2.204
LINE,2.2064
LINE,2.2032
LINE,2.2128
LTR,2.2296
LINE,2.2176
LTR,2.2104
LINE,2.1944
unique/low-repeat,2.228
LINE,2.2208
LINE,2.2088
unique/low-repeat,2.2216
LINE,2.1992
LINE,2.22
SINE,2.2392
LINE,2.2336
LINE,2.22
LINE,2.2208
LTR,2.216
LTR,2.2288
LINE,2.1936
LINE,2.224
LINE,2.2368
LINE,2.2056
LINE,2.2216
LINE,2.2224
LTR,2.2128
LINE,2.2176
LINE,2.2064
LINE,2.2384
LINE,2.2304
SINE,2.2208
LINE,2.1816
SINE,2.224
LINE,2.2272
LTR,2.244
LINE,2.2384
unique/low-repeat,2.2048
unique/low-repeat,2.2088
LINE,2.228
LINE,2.2464
SINE,2.212
SINE,2.184
LINE,2.2344
LINE,2.208
SINE,2.224
LINE,2.2048
LINE,2.1696
unique/low-repeat,2.2064
LINE,2.2144
SINE,2.2304
unique/low-repeat,2.2296
SINE,2.224
SINE,2.224
SINE,2.1864
SINE,2.0064
SINE,2.1392
LTR,2.1824
SINE,2.1312
SINE,2.224
SINE,2.1768
SINE,2.1712
LINE,2.2168
unique/low-repeat,2.2336
LINE,2.1456
LTR,2.22
LINE,2.2208
LINE,2.2144
LTR,2.2208
LINE,2.2344
LINE,2.22
LINE,2.2176
LINE,2.248
LINE,2.1824
LINE,2.2168
LINE,2.1904
LINE,2.228
unique/low-repeat,2.1424
LINE,2.2288
LINE,2.2176
LINE,2.2352
LINE,2.2
LINE,2.2416
LINE,2.2088
LINE,2.2264
unique/low-repeat,2.18
LINE,2.244
LINE,2.2368
SINE,2.208
LINE,2.2296
LINE,2.24
LINE,2.2136
SINE,2.1944
SINE,2.216
SINE,2.2128
SINE,2.2232
LINE,2.2408
DNA,2.2344
LTR,2.208
LINE,2.2272
SINE,2.2416
SINE,2.2032
DNA,2.232
unique/low-repeat,2.2256
LTR,2.2176
LINE,2.2272
unique/low-repeat,2.2376
LINE,2.2144
SINE,2.1928
SINE,2.2152
LINE,2.2288
LINE,2.2248
SINE,2.188
LINE,2.2288
LINE,2.2336
LINE,2.2504
LINE,1.9432
LTR,2.036
LINE,2.2464
LINE,2.2456
unique/low-repeat,2.2336
LINE,2.2488
SINE,2.2152
SINE,2.2048
SINE,2.2216
LINE,2.2136
SINE,2.2176
LINE,2.2224
LINE,2.2152
LINE,2.22
LINE,2.2168
LTR,2.2232
LINE,2.236
LTR,2.2328
LINE,2.22
DNA,2.2328
LINE,2.2096
LTR,2.2264
LINE,2.2168
LINE,2.2384
LTR,2.2344
LTR,2.2296
LINE,2.2464
LINE,2.2208
LINE,2.236
LINE,2.2296
unique/low-repeat,2.2336
LINE,2.2168
LINE,2.2328
DNA,2.2144
LINE,2.2264
LTR,2.2416
LINE,2.2312
unique/low-repeat,2.2328
SINE,2.2256
LINE,2.2144
LINE,2.2312
unique/low-repeat,2.2368
LINE,2.2352
LINE,2.2256
LINE,2.2344
unique/low-repeat,2.2264
LTR,2.2336
LINE,2.192
LTR,2.2184
LINE,2.2152
SINE,2.2432
LTR,2.2368
LTR,2.2304
LTR,2.2448
LTR,2.2272
unique/low-repeat,2.2264
LTR,2.2392
DNA,2.2192
LINE,2.2384
unique/low-repeat,2.2232
unique/low-repeat,2.2528
SINE,2.2288
unique/low-repeat,2.228
LTR,2.2408
LTR,2.236
LINE,2.228
LTR,2.2208
LINE,2.2296
LINE,2.2072
LINE,2.224
SINE,2.2192
unique/low-repeat,2.2296
LINE,2.1864
LINE,2.1376
SINE,2.2096
LINE,2.2056
SINE,2.2144
SINE,2.1808
LINE,2.2112
LINE,2.1744
LINE,2.2512
LINE,2.1896
SINE,2.2096
LINE,2.2056
LINE,2.2304
SINE,2.224
SINE,2.228
SINE,2.2264
SINE,2.2112
SINE,2.2336
SINE,2.2352
DNA,2.236
LTR,2.2304
LTR,2.2192
LINE,2.236
LINE,2.2152
LINE,2.196
LINE,2.2224
LTR,2.2312
LINE,2.22
LINE,2.2248
LINE,2.236
LTR,2.2272
LINE,2.2216
LINE,2.2152
LINE,2.224
LINE,2.2224
LTR,2.2208
LINE,2.2064
LINE,2.2248
LINE,2.2168
LINE,2.2264
SINE,2.2352
LTR,2.2352
LINE,2.224
LINE,2.2016
LINE,2.2128
SINE,2.2208
LTR,2.2184
LINE,2.2184
LTR,2.2152
LINE,2.228
LINE,2.2448
LINE,2.2328
LINE,2.1536
LINE,2.2264
LTR,2.236
LINE,2.212
LINE,2.2288
LINE,2.208
unique/low-repeat,2.2144
LINE,2.2304
LINE,2.2144
SINE,2.2144
LINE,2.2264
LINE,2.2168
unique/low-repeat,2.2104
LINE,2.208
LINE,2.2112
LTR,2.2136
LINE,2.2128
LINE,2.2176
LINE,2.208
LINE,2.2176
LINE,2.1976
LINE,2.228
LINE,2.2248
LTR,2.2168
LTR,2.2224
LTR,2.2112
LINE,2.204
LINE,2.2192
LTR,2.2168
LTR,2.2376
LINE,2.2304
LTR,2.2192
LINE,2.2408
LINE,2.2304
LINE,2.216
LINE,2.2344
LINE,2.2248
unique/low-repeat,2.2112
LINE,2.2264
LTR,2.2384
LINE,2.2088
unique/low-repeat,2.232
LINE,2.2224
LTR,2.2328
SINE,2.216
SINE,2.2176
LINE,2.2152
LINE,2.1984
LINE,2.2248
SINE,2.2248
LTR,2.2232
LINE,2.2152
SINE,2.1752
unique/low-repeat,2.2136
SINE,2.232
SINE,2.2184
SINE,2.2096
unique/low-repeat,2.216
unique/low-repeat,2.2176
unique/low-repeat,2.2152
LINE,2.2184
LINE,2.2008
DNA,2.2128
LINE,2.2064
LINE,2.2368
LINE,2.224
LTR,2.232
LINE,2.2144
LINE,2.22
LINE,2.2232
LTR,2.236
LINE,2.2288
SINE,2.2096
SINE,2.2104
LINE,2.2248
LINE,2.1936
LTR,2.2264
LINE,2.2216
LINE,2.2224
LINE,2.2168
SINE,2.232
unique/low-repeat,2.2152
unique/low-repeat,2.1944
unique/low-repeat,2.2304
LINE,2.2384
LINE,2.2352
unique/low-repeat,2.2264
LINE,2.2424
LINE,2.2336
LTR,2.2408
SINE,2.2344
unique/low-repeat,2.2104
SINE,2.2256
LINE,2.2448
unique/low-repeat,2.2288
LINE,2.2136
unique/low-repeat,2.2136
unique/low-repeat,2.2256
LTR,2.2272
LINE,2.2208
SINE,2.2256
LINE,2.232
unique/low-repeat,2.2496
unique/low-repeat,2.2432
LINE,2.2288
SINE,2.24
SINE,2.2288
unique/low-repeat,2.2152
unique/low-repeat,2.232
unique/low-repeat,2.2336
LINE,2.2336
unique/low-repeat,2.204
unique/low-repeat,2.2112
LINE,2.208
unique/low-repeat,2.232
LINE,2.2216
LTR,2.2208
unique/low-repeat,2.2216
LTR,2.2192
LINE,2.2168
unique/low-repeat,2.2208
unique/low-repeat,2.2208
unique/low-repeat,2.2224
LINE,2.2072
LTR,2.2312
LINE,2.2248
LINE,2.2272
LTR,2.2216
LINE,2.2128
unique/low-repeat,2.2232
LINE,2.228
unique/low-repeat,2.1992
LINE,2.208
DNA,2.2304
unique/low-repeat,2.1872
LINE,2.1936
LTR,2.212
LTR,2.2232
LTR,2.2056
LINE,2.2088
LTR,2.2144
LINE,2.2272
LINE,2.1912
LTR,2.2248
LTR,2.2
LTR,2.2112
unique/low-repeat,2.2048
DNA,2.2272
LTR,2.212
LTR,2.2192
LINE,2.2216
DNA,2.2336
LTR,2.2288
LTR,2.2376
LTR,2.2272
LINE,2.2312
SINE,2.236
unique/low-repeat,2.2056
LTR,2.2128
LTR,2.2064
LINE,2.2368
LTR,2.2152
LINE,2.22
unique/low-repeat,2.236
LINE,2.228
LTR,2.2432
LINE,2.2432
LTR,2.212
LTR,2.2256
LINE,2.1976
LINE,2.22
LINE,2.2072
LINE,2.2312
LINE,2.2224
LINE,2.2112
LINE,2.2232
LINE,2.204
LINE,2.2232
LINE,2.2416
DNA,2.2248
LINE,2.2088
LINE,2.2264
LINE,2.2048
LINE,2.2192
LINE,2.224
LINE,2.2032
unique/low-repeat,2.2392
LINE,2.2344
SINE,2.212
LTR,2.22
LINE,2.2112
LINE,2.2376
unique/low-repeat,2.2432
LTR,2.1848
LINE,2.1976
SINE,2.2056
SINE,2.2416
LINE,2.2272
SINE,2.2264
LINE,2.2144
LINE,2.2104
SINE,2.2312
LINE,2.22
LINE,2.236
LINE,2.204
LINE,2.2296
LINE,2.228
LINE,2.2368
LINE,2.2448
LINE,2.224
LINE,2.22
LINE,2.2208
unique/low-repeat,2.2264
LINE,2.2128
LINE,2.2104
LTR,2.2272
unique/low-repeat,2.1992
LINE,2.2256
LINE,2.2328
LTR,2.2304
unique/low-repeat,2.232
LINE,2.2224
unique/low-repeat,2.2456
unique/low-repeat,2.2352
LINE,2.2256
LTR,2.2184
SINE,2.216
LTR,2.2184
LINE,2.2128
LINE,2.2184
LTR,2.2056
LTR,2.216
LTR,2.2384
LTR,2.2304
SINE,2.2384
SINE,2.2216
SINE,2.1408
LINE,2.2248
unique/low-repeat,2.2232
unique/low-repeat,2.22
LINE,2.2536
LINE,2.2416
SINE,2.232
SINE,2.2064
SINE,2.232
LTR,2.2264
SINE,2.22
SINE,2.1968
SINE,2.2232
LTR,2.2144
SINE,2.2304
DNA,2.2312
SINE,2.2224
DNA,2.2432
SINE,2.228
SINE,2.2184
unique/low-repeat,2.2312
LTR,2.2224
LTR,2.2264
LINE,2.2216
DNA,2.2272
LINE,2.22
LTR,2.232
LINE,2.2208
LTR,2.2304
SINE,2.2224
LINE,2.2176
LINE,2.2248
LINE,2.2056
LINE,2.2304
LINE,2.2032
SINE,2.2544
LINE,2.2256
LINE,2.2192
LINE,2.2208
LINE,2.1728
LINE,2.2304
LINE,2.2216
LINE,2.2544
SINE,2.2176
LINE,2.2048
LINE,2.2064
LINE,2.2192
LINE,2.2152
LINE,2.22
LINE,2.1984
LTR,2.2048
LINE,2.1904
LINE,2.2112
LTR,2.2336
LINE,2.2288
LINE,2.2232
LINE,2.2208
unique/low-repeat,2.2112
LINE,2.2176
LINE,2.2048
LINE,2.2256
LINE,2.1944
LINE,2.2312
LTR,2.2232
LINE,2.2208
LINE,2.2
LTR,2.2176
LINE,2.2304
unique/low-repeat,2.212
LTR,2.1624
LTR,2.2048
unique/low-repeat,2.2104
LINE,2.2256
LINE,2.2192
LINE,2.2232
LINE,2.2168
LINE,2.2264
unique/low-repeat,2.2296
LINE,2.2168
LINE,2.212
LINE,2.22
LINE,2.2024
LINE,2.224
unique/low-repeat,2.2184
LINE,2.2256
LINE,2.2312
LINE,2.2288
LINE,2.2128
SINE,2.208
LINE,2.2368
LINE,2.22
LINE,2.2264
LINE,2.2184
LTR,2.2176
LTR,2.2336
unique/low-repeat,2.2168
LINE,2.2328
LTR,2.2152
LINE,2.1904
LTR,2.2272
DNA,2.2232
LINE,2.2264
SINE,2.2256
LINE,2.1672
LINE,2.2104
LINE,2.2168
LINE,2.216
LINE,2.2352
LINE,2.2392
LINE,2.208
SINE,2.2168
SINE,2.2368
LINE,2.2256
LINE,2.2248
LINE,2.2392
unique/low-repeat,2.2352
SINE,2.2168
SINE,2.2216
DNA,2.2176
LTR,2.224
LINE,2.1952
LINE,2.2136
LINE,2.2304
LINE,2.2152
LTR,2.2184
LINE,2.232
LINE,2.2208
LINE,2.224
LINE,2.2104
unique/low-repeat,2.2504
LINE,2.2216
LINE,2.2224
LINE,2.2376
LINE,2.2312
Satellite,2.188
Satellite,2.1696
SINE,2.2192
SINE,2.2408
SINE,2.216
SINE,2.2336
LINE,2.2272
SINE,2.212
LINE,2.2136
LINE,2.2368
SINE,2.2128
SINE,2.2264
LINE,2.2088
SINE,2.2008
LINE,2.2408
LINE,2.2256
LINE,2.2352
LINE,2.2184
LTR,2.2088
LINE,2.232
unique/low-repeat,2.24
LINE,2.2344
DNA,2.2328
unique/low-repeat,2.2408
SINE,2.2288
unique/low-repeat,2.2448
LINE,2.2328
LINE,2.2288
LINE,2.2376
LINE,2.2344
LTR,2.2568
LINE,2.216
LINE,2.2384
LINE,2.2216
LTR,2.2256
LINE,2.2224
LINE,2.2384
LINE,2.2344
LTR,2.2216
SINE,2.224
SINE,2.1848
LINE,2.2072
LINE,2.2272
LINE,2.1888
LINE,2.2112
unique/low-repeat,2.2168
LINE,2.2288
SINE,2.2168
unique/low-repeat,2.2064
LINE,2.2208
LINE,2.2368
SINE,2.2224
unique/low-repeat,2.2016
unique/low-repeat,2.22
LINE,2.2208
LINE,2.2256
LINE,2.208
unique/low-repeat,2.2248
LINE,2.2176
LINE,2.2352
unique/low-repeat,2.2032
LINE,2.056
LINE,2.2344
LINE,2.2416
unique/low-repeat,2.2312
LTR,2.2136
LINE,2.1992
LINE,2.1896
LINE,2.2184
LINE,2.2016
SINE,2.2112
unique/low-repeat,2.2296
unique/low-repeat,2.2112
LINE,2.2224
LINE,2.2192
LINE,2.2144
LTR,2.2312
LINE,2.2392
LTR,2.2336
LINE,2.244
LINE,2.216
LINE,2.2216
LINE,2.2256
LINE,2.2032
unique/low-repeat,2.2336
LINE,2.2312
LINE,2.2312
unique/low-repeat,2.2152
LINE,2.2128
LINE,2.2224
DNA,2.228
unique/low-repeat,2.224
LINE,2.228
LINE,2.2056
SINE,2.1808
SINE,2.2496
LTR,2.2168
LINE,2.2136
unique/low-repeat,2.2232
LINE,2.2352
unique/low-repeat,2.2248
unique/low-repeat,2.2256
LINE,2.244
LTR,2.2224
LINE,2.2192
SINE,2.2192
LINE,2.1984
LINE,2.2016
LINE,2.2096
unique/low-repeat,2.24
unique/low-repeat,2.2304
unique/low-repeat,2.2168
LINE,2.2152
unique/low-repeat,2.2184
LINE,2.2216
LINE,2.2392
LTR,2.2168
LINE,2.2296
LINE,2.2136
LINE,2.2104
LINE,2.2168
LINE,2.2064
LINE,2.2288
LINE,2.2136
LINE,2.2216
LINE,2.22
LINE,2.244
LTR,2.2216
unique/low-repeat,2.1792
LINE,2.2048
SINE,2.224
LTR,2.2072
unique/low-repeat,2.2312
LINE,2.2192
LINE,2.2184
LINE,2.2384
LINE,2.2264
LINE,2.216
LINE,2.2448
LTR,2.2312
LINE,2.2472
unique/low-repeat,2.2312
SINE,2.2544
LINE,2.2368
LINE,2.232
LINE,2.2312
LINE,2.2248
SINE,2.2296
LINE,2.2272
LTR,2.2256
SINE,2.2152
DNA,2.2232
LINE,2.2288
LINE,2.2224
LINE,2.22
LINE,2.2464
LINE,2.2296
LINE,2.2208
LINE,2.2352
LINE,2.2152
LINE,2.2408
LTR,2.2136
LINE,2.248
LINE,2.2184
LINE,2.2232
LINE,2.2312
SINE,2.2008
LINE,2.2
SINE,2.2096
LTR,2.2328
SINE,2.1776
LINE,2.2272
SINE,2.2224
LINE,2.2184
LINE,2.2096
LINE,2.232
Retroposon,2.1848
LINE,2.224
LINE,2.2136
SINE,2.2232
SINE,2.2
unique/low-repeat,2.2576
SINE,2.2424
SINE,2.224
LTR,2.2064
SINE,2.2168
SINE,2.2288
SINE,2.2392
SINE,2.2184
LINE,2.2104
LINE,2.22
unique/low-repeat,2.2144
LINE,2.2248
SINE,2.1952
SINE,2.2512
SINE,2.22
LINE,2.2112
SINE,2.22
LTR,2.204
SINE,2.2152
LINE,2.2024
LINE,2.2288
LINE,2.2112
unique/low-repeat,2.2224
LINE,2.2224
SINE,2.2144
LINE,2.2192
LINE,2.1952
SINE,2.2208
DNA,2.228
SINE,2.2424
unique/low-repeat,2.2496
unique/low-repeat,2.2416
LTR,2.244
LTR,2.204
SINE,2.2048
LINE,2.24
LTR,2.2128
DNA,2.232
LINE,2.24
LINE,2.2336
LINE,2.2296
SINE,2.2376
unique/low-repeat,2.2232
LTR,2.2288
LINE,2.216
unique/low-repeat,2.2424
SINE,2.2112
LINE,2.1808
LTR,2.2432
SINE,2.228
LINE,2.2288
LINE,2.22
LINE,2.2096
LINE,2.1792
LINE,2.2544
LINE,2.24
DNA,2.2384
unique/low-repeat,2.2432
SINE,2.2264
LTR,2.2296
LINE,2.2232
LINE,2.2504
SINE,2.2256
LINE,2.2112
LINE,2.22
SINE,2.136
SINE,2.1784
LINE,2.2112
SINE,2.1648
SINE,2.1888
SINE,2.2248
LINE,2.2496
unique/low-repeat,2.2192
LINE,2.2176
DNA,2.224
SINE,2.2152
LINE,2.2272
LINE,2.2112
LINE,2.1984
SINE,2.2352
LINE,2.2248
SINE,2.2336
LINE,2.2184
LINE,2.2096
LTR,2.2248
LINE,2.204
SINE,2.2424
LINE,2.1928
unique/low-repeat,2.2104
LINE,2.2176
LINE,2.2184
LINE,2.2312
LINE,2.2304
LINE,2.2344
LINE,2.2416
LINE,2.2104
SINE,2.1976
LINE,2.2216
unique/low-repeat,2.2608
unique/low-repeat,2.2496
unique/low-repeat,2.2512
unique/low-repeat,2.256
LINE,2.2048
LINE,2.1928
LTR,2.2248
SINE,2.2424
unique/low-repeat,2.228
DNA,2.2328
LTR,2.2416
LINE,2.236
unique/low-repeat,2.2328
LINE,2.2192
LINE,2.2248
DNA,2.2336
DNA,2.2304
LTR,2.2336
SINE,2.2176
LINE,2.2256
LTR,2.24
LTR,2.2328
LINE,2.1992
LINE,2.236
LTR,2.2296
LTR,2.2088
LINE,2.228
LTR,2.2312
DNA,2.2344
LINE,2.2312
LINE,2.2328
LINE,2.2296
LINE,2.2264
LINE,2.208
SINE,2.212
LINE,2.22
LINE,2.232
unique/low-repeat,2.24
unique/low-repeat,2.2328
unique/low-repeat,2.2208
SINE,2.2256
unique/low-repeat,2.2272
SINE,2.2216
unique/low-repeat,2.2496
unique/low-repeat,2.2232
LINE,1.992
unique/low-repeat,2.1968
unique/low-repeat,2.2152
unique/low-repeat,2.2288
unique/low-repeat,2.2168
unique/low-repeat,2.2288
LINE,2.2232
LINE,2.22
LINE,2.2192
LINE,2.2312
LINE,2.2432
LINE,2.216
SINE,2.2032
LINE,2.2304
LINE,2.2248
LINE,2.2216
LINE,2.2176
LINE,2.2224
LINE,2.2008
LINE,2.2152
SINE,2.2176
LINE,2.2224
LINE,2.2304
LINE,2.22
unique/low-repeat,2.216
LINE,2.2112
LTR,2.2384
LINE,2.2456
LINE,2.2128
LINE,2.2176
LTR,2.2264
LINE,2.1784
LTR,2.2224
SINE,2.2088
LINE,2.1992
LINE,2.2192
LTR,2.2184
LINE,2.216
LINE,2.24
LTR,2.2216
LTR,2.2296
LINE,2.232
LTR,2.2144
LINE,2.2272
LINE,2.2232
LINE,2.228
unique/low-repeat,2.2232
LINE,2.2072
LINE,2.232
unique/low-repeat,2.216
LINE,2.2392
LINE,2.2328
LINE,2.2184
LTR,2.236
LINE,2.2376
LTR,2.2264
LINE,2.228
LINE,2.192
unique/low-repeat,2.2032
unique/low-repeat,2.2176
LINE,2.2288
SINE,2.2144
LTR,2.2192
LINE,2.2088
LTR,2.228
unique/low-repeat,2.2136
LINE,2.2232
LINE,2.2184
LINE,2.2224
LTR,2.232
unique/low-repeat,2.2336
LINE,2.2392
LTR,2.2288
LINE,2.2264
LTR,2.228
LTR,2.2232
LINE,2.2096
LINE,2.2192
SINE,2.2136
LINE,2.224
LINE,2.2416
unique/low-repeat,2.2328
unique/low-repeat,2.2456
LINE,2.2
SINE,2.192
SINE,2.2432
LINE,2.208
LINE,2.2168
LINE,2.2048
LINE,2.22
LINE,2.2296
LTR,2.22
LINE,2.2224
LINE,2.2272
LINE,2.2272
LINE,2.2168
LINE,2.2488
LINE,2.2152
LINE,2.2304
LINE,2.216
LINE,2.2224
LINE,2.2296
LTR,2.2136
LINE,2.216
LINE,2.2224
LINE,2.2168
LINE,2.2168
LINE,2.2096
LINE,2.192
LINE,2.212
LTR,2.2304
unique/low-repeat,2.2384
LTR,2.2112
LTR,2.2128
LINE,2.2152
LINE,2.2136
LTR,2.2104
LINE,2.208
LTR,2.2256
SINE,2.2216
LINE,2.2168
LTR,2.2208
LINE,2.2136
LINE,2.2168
LINE,2.2048
LINE,2.232
LTR,2.2256
LTR,2.2088
LTR,2.2312
LINE,2.2088
LTR,2.2224
LTR,2.2152
unique/low-repeat,2.192
LINE,2.2224
LINE,2.1864
LINE,2.2216
LTR,2.212
unique/low-repeat,2.2592
LINE,2.2264
SINE,2.2184
SINE,2.2288
SINE,2.2064
unique/low-repeat,2.2168
unique/low-repeat,2.1936
LINE,2.2336
LINE,2.2216
LINE,2.2056
LINE,2.2232
SINE,2.2072
LTR,2.22
LINE,2.2192
LINE,2.22
LINE,2.2096
LINE,2.1872
unique/low-repeat,2.2184
LINE,2.2
LINE,2.2168
LINE,2.2152
LINE,2.2168
LTR,2.18
LINE,2.22
unique/low-repeat,2.1928
LINE,2.2104
LINE,2.2376
LTR,2.2256
LTR,2.2424
LTR,2.2256
LINE,2.236
LINE,2.2296
LINE,2.2152
LINE,2.2224
LINE,2.212
LTR,2.2456
LINE,2.2216
LINE,2.2064
LINE,2.2208
LTR,2.2384
SINE,2.224
LTR,2.2144
LINE,2.2184
LINE,2.2088
LTR,2.212
LINE,2.2184
LINE,2.2024
LINE,2.2056
LTR,2.2296
LINE,2.2208
unique/low-repeat,2.2224
unique/low-repeat,2.1992
SINE,2.2264
SINE,2.2288
LINE,2.2312
LINE,2.2288
LINE,2.2288
SINE,2.2256
LINE,2.2136
unique/low-repeat,2.228
SINE,2.2208
LINE,2.22
LINE,2.2296
LTR,2.2336
SINE,2.22
LINE,2.196
LINE,2.212
LINE,2.2304
LTR,2.224
SINE,2.172
LINE,2.2184
LTR,2.2376
SINE,2.232
LINE,2.2288
LTR,2.2176
LINE,2.2264
SINE,2.224
LINE,2.2208
LINE,2.2072
LINE,2.2312
LTR,2.2144
LINE,2.2392
LINE,2.236
LTR,2.2208
SINE,2.224
LINE,2.2272
LINE,2.2296
SINE,2.1928
SINE,2.2344
LINE,2.2192
Retroposon,2.1592
LINE,2.2296
LINE,2.232
LINE,2.2112
unique/low-repeat,2.208
LINE,2.2232
SINE,2.2304
LTR,2.2088
LINE,2.2096
LINE,2.1992
unique/low-repeat,2.2208
unique/low-repeat,2.2096
LINE,2.2176
LINE,2.2064
LINE,2.22
DNA,2.2208
LINE,2.2336
LTR,2.2216
LINE,2.2256
LINE,2.2104
LINE,2.2208
LINE,2.2056
LINE,2.2136
LINE,2.208
LINE,2.1976
LINE,2.1968
LINE,2.2104
LINE,2.2264
LINE,2.2088
LINE,2.2008
LINE,2.1976
LINE,2.22
LINE,2.2288
LTR,2.2368
SINE,2.1968
LINE,2.2184
LINE,2.2104
LINE,2.2152
LINE,2.208
LINE,2.2136
LINE,2.2256
LTR,2.2112
LTR,2.232
LINE,2.2072
LINE,2.2184
LINE,2.236
LINE,2.2088
LTR,2.2136
LINE,2.2096
LTR,2.2224
LINE,2.2048
LINE,2.224
LINE,2.2208
LTR,2.2248
LINE,2.2352
LINE,2.2304
LINE,2.228
LINE,2.2208
LINE,2.2024
LTR,2.2184
LTR,2.22
LINE,2.2144
LINE,2.0912
LTR,2.2208
LINE,2.2144
LTR,2.2376
unique/low-repeat,2.2352
LINE,2.228
LTR,2.2208
LINE,2.2328
Retroposon,2.1656
SINE,2.1144
SINE,2.2272
LINE,2.2232
LINE,2.2224
LINE,2.224
LINE,2.2
SINE,2.2312
LINE,2.2088
LTR,2.2368
LINE,2.236
LINE,2.2152
LTR,2.2216
LINE,2.2
LTR,2.2376
SINE,2.2064
LTR,2.2328
unique/low-repeat,2.2624
LINE,2.2312
LINE,2.2264
SINE,2.2224
unique/low-repeat,2.2248
unique/low-repeat,2.2392
SINE,2.2144
LINE,2.2216
LINE,2.2312
SINE,2.2344
LTR,2.2264
LINE,2.224
LINE,2.2176
LINE,2.2056
LINE,2.2328
LINE,2.2168
LINE,2.2272
SINE,2.2104
SINE,2.2576
unique/low-repeat,2.2376
LINE,2.2464
SINE,2.2048
SINE,2.1728
LTR,2.1832
SINE,2.2
SINE,2.216
SINE,2.18
SINE,2.1824
LINE,2.2096
LINE,2.1952
LINE,2.208
LINE,2.228
LINE,2.244
Retroposon,2.1032
LINE,2.2232
LTR,2.2136
LTR,2.2144
LINE,2.2336
unique/low-repeat,2.2232
LINE,2.2152
unique/low-repeat,2.2296
LINE,2.0304
LINE,2.2128
LINE,2.216
DNA,2.2176
LTR,2.22
unique/low-repeat,2.2176
unique/low-repeat,2.2152
SINE,2.2304
unique/low-repeat,2.2568
SINE,2.1712
SINE,2.2312
SINE,2.2192
LINE,2.2232
unique/low-repeat,2.2464
DNA,2.2144
SINE,2.2128
LTR,2.2096
LINE,2.2416
unique/low-repeat,2.2056
LINE,2.2216
SINE,2.236
LTR,2.2232
LTR,2.2392
LINE,2.2312
SINE,2.2384
LINE,2.2392
LINE,2.2224
LINE,2.2288
DNA,2.2304
SINE,2.2024
LTR,2.2144
SINE,2.1888
SINE,2.228
SINE,2.1584
SINE,2.184
SINE,2.2184
SINE,2.1664
SINE,2.2448
SINE,2.228
SINE,2.2184
SINE,2.0944
SINE,2.208
SINE,2.2024
LINE,2.2104
LINE,2.2032
LINE,2.2336
LINE,2.2184
LTR,2.2288
LINE,2.2472
SINE,2.1848
SINE,2.2224
SINE,2.2208
LINE,2.2368
LINE,2.232
unique/low-repeat,2.2616
SINE,2.2296
SINE,2.2152
SINE,2.2008
SINE,2.188
SINE,2.1552
SINE,2.136
SINE,2.1512
SINE,2.184
SINE,2.1992
LINE,2.22
SINE,2.2176
LINE,2.2024
SINE,2.2256
LINE,2.1768
LINE,2.2232
SINE,2.2096
SINE,2.1088
SINE,2.2352
SINE,2.1608
SINE,2.196
SINE,2.2488
SINE,2.1712
SINE,2.1208
SINE,2.1304
SINE,2.188
SINE,2.148
SINE,2.2
unique/low-repeat,2.24
SINE,2.2272
SINE,2.1496
SINE,2.1992
SINE,2.1536
SINE,2.2232
LTR,2.2152
LINE,2.2224
LINE,2.2288
LINE,2.224
LTR,2.2296
LTR,2.2296
LTR,2.232
LINE,2.2256
SINE,2.224
unique/low-repeat,2.2352
LINE,2.2464
LINE,2.2064
LINE,2.2112
SINE,2.232
LTR,2.224
LINE,2.244
LINE,2.2088
LINE,2.2208
LINE,2.2264
LINE,2.2216
LINE,2.24
LINE,2.232
LINE,2.2168
LINE,2.22
LINE,2.2272
LINE,2.2272
LINE,2.216
unique/low-repeat,2.2288
LINE,2.2272
LINE,2.2128
SINE,2.2168
LTR,2.2272
LINE,2.228
LINE,2.228
LINE,2.232
unique/low-repeat,2.248
unique/low-repeat,2.236
unique/low-repeat,2.2416
unique/low-repeat,2.24
unique/low-repeat,2.2328
LINE,2.2416
SINE,2.2088
LTR,2.2384
SINE,2.1896
LINE,2.2208
SINE,2.1624
SINE,2.1648
SINE,2.1608
SINE,2.1808
SINE,2.1712
SINE,2.1664
SINE,2.2008
LINE,2.2464
LINE,2.2104
LINE,2.2176
LINE,2.216
unique/low-repeat,2.2256
LTR,2.2272
SINE,2.2376
LINE,2.2304
LINE,2.2152
LTR,2.2224
LINE,2.2416
DNA,2.2352
DNA,2.2224
LTR,2.2216
SINE,2.2256
LINE,2.2248
unique/low-repeat,2.236
LINE,2.2208
LINE,2.2408
LINE,2.2448
LINE,2.2272
LINE,2.2184
SINE,2.204
SINE,2.1168
SINE,2.204
SINE,2.1984
SINE,2.1888
SINE,2.2272
SINE,2.2312
LINE,2.2192
SINE,2.2048
LINE,2.2264
LTR,2.24
LINE,2.232
LINE,2.2248
LINE,2.2136
LTR,2.0616
LINE,2.22
LINE,2.2312
LINE,2.2016
LINE,2.224
LINE,2.224
LINE,2.224
LINE,2.2104
LINE,2.212
LINE,2.1888
LINE,2.2176
LINE,2.2336
DNA,2.2432
LINE,2.2248
LINE,2.2136
LINE,2.2088
LTR,2.2264
LINE,2.2344
unique/low-repeat,2.1904
unique/low-repeat,2.2208
SINE,2.2184
SINE,2.2248
LINE,2.2368
unique/low-repeat,2.2184
SINE,2.2272
unique/low-repeat,2.22
LINE,2.2072
LINE,2.2136
LINE,2.2232
unique/low-repeat,2.2248
SINE,2.2064
LTR,2.236
LINE,2.2104
LINE,2.2056
LINE,2.1808
LINE,2.2088
LINE,2.2224
LINE,2.1544
LINE,2.2264
DNA,2.2392
LINE,2.2272
LTR,2.2208
LINE,2.2304
LINE,2.24
LINE,2.232
unique/low-repeat,2.2184
LINE,2.1816
LINE,2.212
LINE,2.2056
unique/low-repeat,2.2176
LINE,2.208
unique/low-repeat,2.2376
SINE,2.2048
LTR,2.2224
LINE,2.2256
LINE,2.2456
DNA,2.2216
LINE,2.2416
LINE,2.2112
LINE,2.204
LINE,2.2264
LINE,2.2096
LTR,2.2304
SINE,2.2328
SINE,2.2256
LINE,2.2144
SINE,2.2176
unique/low-repeat,2.2064
unique/low-repeat,2.2056
unique/low-repeat,2.2312
unique/low-repeat,2.2104
unique/low-repeat,2.196
LINE,2.2248
LTR,2.2304
LINE,2.2184
LINE,2.2376
LINE,2.2272
LINE,2.2504
SINE,2.236
unique/low-repeat,2.2248
LINE,2.2328
LINE,2.2352
LINE,2.208
LTR,2.1808
LINE,2.2336
LTR,2.2168
LINE,2.2064
SINE,2.2224
LINE,2.1976
LINE,2.1968
DNA,2.2088
LINE,2.2192
SINE,2.2328
LINE,2.2208
LTR,2.2272
LINE,2.2232
LINE,2.2296
unique/low-repeat,2.2256
unique/low-repeat,2.2328
LINE,2.232
LINE,2.2304
LINE,2.2408
LINE,2.2064
LINE,2.2088
LINE,2.2352
SINE,2.2288
LTR,2.228
DNA,2.2416
LINE,2.2256
SINE,2.2312
unique/low-repeat,2.2272
LINE,2.2096
SINE,2.236
LINE,2.2384
DNA,2.1976
LINE,2.22
SINE,2.1816
LINE,2.236
unique/low-repeat,2.2456
unique/low-repeat,2.2512
SINE,2.2296
SINE,2.2176
LTR,2.2176
LTR,2.224
LINE,2.248
LINE,2.2312
LINE,2.2248
LINE,2.2264
LINE,2.2176
LINE,2.2352
LINE,2.2208
LTR,2.2352
DNA,2.2392
LINE,2.2208
LTR,2.24
SINE,2.2376
SINE,2.16
LINE,2.2296
SINE,2.2272
LINE,2.1976
LTR,2.232
SINE,2.2184
SINE,2.216
LINE,2.248
SINE,2.1888
unique/low-repeat,2.2376
SINE,2.2304
SINE,2.2336
LTR,2.2288
LINE,2.2304
DNA,2.2264
LINE,2.2104
LINE,2.2176
DNA,2.2232
unique/low-repeat,2.2232
LTR,2.2368
LINE,2.2312
LINE,2.2296
LINE,2.2336
LINE,2.2376
LINE,2.2288
LINE,2.2064
SINE,2.2216
LINE,2.2112
LTR,2.2344
SINE,2.1952
LINE,2.2312
unique/low-repeat,2.2272
unique/low-repeat,2.2136
SINE,2.2288
unique/low-repeat,2.208
SINE,2.2088
LTR,2.224
LINE,2.1944
LINE,2.2064
SINE,2.2256
SINE,2.1424
SINE,2.1544
SINE,2.1712
SINE,2.1304
SINE,2.2192
LTR,2.18
LINE,2.196
LINE,2.1832
LINE,2.2328
unique/low-repeat,2.2344
SINE,2.1856
SINE,2.1872
SINE,2.232
SINE,2.1448
SINE,2.228
SINE,2.22
SINE,2.2272
LTR,2.2312
LTR,2.2344
DNA,2.2336
DNA,2.232
SINE,2.2384
LTR,2.2024
SINE,2.22
SINE,2.2048
SINE,2.2176
LINE,2.22
unique/low-repeat,2.2336
LTR,2.2144
LTR,2.2208
LINE,2.2192
unique/low-repeat,2.2248
LINE,2.2392
LINE,2.2288
LINE,2.22
unique/low-repeat,2.2304
LTR,2.2256
DNA,2.2336
LINE,2.2328
SINE,2.2208
SINE,2.2432
SINE,2.2288
DNA,2.2304
LINE,2.2104
DNA,2.2416
LINE,2.2416
unique/low-repeat,2.2256
unique/low-repeat,2.2328
LTR,2.2376
LINE,2.228
DNA,2.2376
LINE,2.2184
LTR,2.2424
SINE,2.2256
LINE,2.2192
LINE,2.1768
unique/low-repeat,2.2288
unique/low-repeat,2.2488
LINE,2.2256
DNA,2.2168
LTR,2.2344
DNA,2.2264
unique/low-repeat,2.2088
LINE,2.2176
LINE,2.2408
LTR,2.2328
SINE,2.2056
DNA,2.2336
LINE,2.2264
LINE,2.2256
LINE,2.2224
LINE,2.2304
LINE,2.2064
SINE,2.2408
LTR,2.2408
SINE,2.2168
SINE,2.1848
SINE,2.2168
LINE,2.204
SINE,2.2048
SINE,2.1552
SINE,2.2112
SINE,2.1984
SINE,2.2416
DNA,2.2408
LTR,2.2328
LTR,2.2272
SINE,2.2264
LINE,2.2408
unique/low-repeat,2.2184
SINE,2.2272
SINE,2.2376
SINE,2.252
SINE,2.2112
SINE,2.1416
SINE,2.1816
SINE,2.1896
LINE,2.2104
SINE,2.224
SINE,2.2152
unique/low-repeat,2.244
LINE,2.2256
LINE,2.2152
LINE,2.2152
LTR,2.2432
LINE,2.2032
DNA,2.2216
unique/low-repeat,2.2168
unique/low-repeat,2.2496
unique/low-repeat,2.228
unique/low-repeat,2.216
LINE,2.2224
LINE,2.2184
LINE,2.236
unique/low-repeat,2.2376
LINE,2.212
DNA,2.2304
LTR,2.2272
LTR,2.2256
LINE,2.212
LTR,2.2056
LINE,2.2192
LINE,2.232
unique/low-repeat,2.2304
LTR,2.2184
LINE,2.2032
LINE,2.2176
LTR,2.1344
unique/low-repeat,2.2376
LINE,2.2264
LTR,2.22
LTR,2.232
LINE,2.2288
LINE,2.0376
LINE,2.22
LINE,2.2416
unique/low-repeat,2.2312
LTR,2.232
LINE,2.252
LINE,2.236
LINE,2.2232
LINE,2.228
unique/low-repeat,2.2448
unique/low-repeat,2.2328
LINE,2.2256
SINE,2.2232
SINE,2.2104
LINE,2.216
SINE,2.2208
unique/low-repeat,2.2224
SINE,2.2048
SINE,2.1928
SINE,2.24
SINE,2.2232
SINE,2.204
LINE,2.2232
LINE,2.216
LTR,2.2208
SINE,2.2168
SINE,2.1976
SINE,2.2096
SINE,2.208
LINE,2.2264
SINE,2.2224
LINE,2.2176
SINE,2.2152
LTR,2.2352
LTR,2.2376
LINE,2.2192
LTR,2.2264
LINE,2.2208
LINE,2.2248
LINE,2.1944
LINE,2.2296
LINE,2.2104
LINE,2.2
LTR,2.2232
LTR,2.2248
LINE,2.2448
LINE,2.2024
LINE,2.232
LINE,2.2312
LINE,2.2344
LINE,2.216
LINE,2.2376
LTR,2.2352
LTR,2.2344
LTR,2.244
SINE,2.2408
LINE,2.2392
LINE,2.2192
SINE,2.2144
SINE,2.2352
LINE,2.2464
unique/low-repeat,2.2296
LINE,2.2064
LINE,2.1624
SINE,2.2208
LINE,2.2144
SINE,2.1648
SINE,2.1488
SINE,2.18
SINE,2.1176
SINE,2.2
SINE,2.1664
LINE,2.2056
LINE,2.244
LINE,2.2176
LINE,2.22
LINE,2.204
LTR,2.24
SINE,2.2232
LINE,2.1976
LTR,2.2192
SINE,2.2128
LINE,2.2312
LINE,2.2328
SINE,2.2128
SINE,2.2064
unique/low-repeat,2.212
SINE,2.2056
SINE,2.2176
LINE,2.2192
SINE,2.2048
SINE,2.2096
SINE,2.212
unique/low-repeat,2.2104
SINE,2.1704
SINE,2.1416
SINE,2.2288
SINE,2.1768
SINE,2.1712
SINE,1.9904
SINE,2.184
SINE,2.1104
SINE,2.1664
SINE,2.1896
SINE,2.2328
SINE,2.1544
SINE,2.232
LINE,2.2296
LTR,2.2256
LINE,2.236
LINE,2.1872
SINE,2.2272
LINE,2.2344
LINE,2.244
SINE,2.2472
LINE,2.2272
SINE,2.2024
SINE,2.24
LTR,2.1872
unique/low-repeat,2.2264
SINE,2.2168
LTR,2.2096
SINE,2.184
SINE,2.2296
LINE,2.24
LINE,2.1896
SINE,2.2032
LINE,2.1872
SINE,2.1992
SINE,2.2384
LINE,2.2136
SINE,2.2264
LINE,2.2192
SINE,2.1832
SINE,2.1144
SINE,2.204
SINE,2.22
unique/low-repeat,2.2392
SINE,2.1816
unique/low-repeat,2.2416
LINE,2.2264
unique/low-repeat,2.2296
LINE,2.2312
LINE,2.2256
unique/low-repeat,2.1832
LINE,2.0776
LINE,2.2296
unique/low-repeat,2.248
SINE,2.2296
SINE,2.2152
LTR,2.2456
SINE,2.2456
LTR,2.2208
LINE,2.2272
LINE,2.228
LINE,2.2296
LTR,2.2016
LTR,2.22
LTR,2.2296
LINE,2.2112
LINE,2.2232
SINE,2.1976
LTR,2.2024
SINE,2.1608
DNA,2.1968
SINE,2.22
SINE,2.2424
SINE,2.2232
SINE,2.22
LTR,2.2336
SINE,2.2512
LTR,2.2528
LINE,2.2368
LINE,2.2312
LINE,2.228
unique/low-repeat,2.244
SINE,2.22
LTR,2.2328
LINE,2.2392
SINE,2.204
Simple_repeat,2.1968
SINE,2.1848
SINE,2.2152
LTR,2.244
unique/low-repeat,2.2416
unique/low-repeat,2.2552
unique/low-repeat,2.224
SINE,2.2424
unique/low-repeat,2.2456
SINE,2.2096
unique/low-repeat,2.26
unique/low-repeat,2.2496
LINE,2.252
unique/low-repeat,2.2448
SINE,2.2328
LINE,2.2552
LINE,2.2296
LINE,2.2216
LINE,2.2312
LTR,2.2376
LTR,2.248
SINE,2.2392
unique/low-repeat,2.2264
LINE,2.2192
LTR,2.2312
LTR,2.236
LTR,2.2312
LINE,2.2464
LINE,2.2216
LTR,2.2496
LINE,2.2456
LINE,2.204
LINE,2.2216
LTR,2.232
LINE,2.1248
LINE,2.24
LTR,2.244
LTR,2.2336
unique/low-repeat,2.2424
unique/low-repeat,2.2024
LTR,2.248
unique/low-repeat,2.1424
LTR,2.236
LINE,1.9976
SINE,2.2152
SINE,2.2256
LINE,2.2296
LINE,2.244
SINE,2.24
SINE,2.1688
SINE,2.196
SINE,2.2584
LINE,2.2392
SINE,2.0888
unique/low-repeat,2.2456
SINE,2.2256
LINE,2.1264
LINE,2.2328
LINE,2.2432
LTR,1.7648
unique/low-repeat,1.4064
SINE,2.24
LINE,2.2512
LINE,2.2256
LINE,2.2248
LINE,2.2376
unique/low-repeat,2.2432
LINE,2.2176
unique/low-repeat,2.1352
unique/low-repeat,2.2296
unique/low-repeat,2.1264
unique/low-repeat,2.2448
LINE,2.2368
LINE,2.2224
unique/low-repeat,2.1736
unique/low-repeat,2.244
LINE,2.2384
unique/low-repeat,2.2392
SINE,2.212
DNA,2.228
unique/low-repeat,2.0272
unique/low-repeat,2.0688
LTR,2.2416
unique/low-repeat,2.148
SINE,2.2192
DNA,2.2296
LINE,2.2352
LINE,2.2352
LINE,2.2512
LINE,2.244
LTR,2.172
unique/low-repeat,2.2032
LINE,2.2256
LINE,2.2104
LINE,2.0472
LINE,2.2408
LINE,2.2408
LINE,2.2344
LINE,2.2056
LTR,2.1984
unique/low-repeat,2.1912
unique/low-repeat,2.2152
unique/low-repeat,2.192
unique/low-repeat,2.2088
unique/low-repeat,2.2072
LINE,2.2312
LTR,2.08
unique/low-repeat,2.1992
unique/low-repeat,1.6096
LINE,2.1792
LINE,2.2176
SINE,2.2096
unique/low-repeat,2.2504
LINE,2.2368
SINE,2.2096
SINE,2.2088
LINE,2.2184
SINE,2.176
SINE,2.1752
SINE,2.2352
SINE,2.1968
SINE,2.1784
LINE,2.2096
SINE,2.072
SINE,2.2368
SINE,2.2336
SINE,2.22
SINE,2.0576
unique/low-repeat,2.1792
SINE,2.0464
unique/low-repeat,2.0816
LINE,2.192
unique/low-repeat,2.2392
LINE,2.2384
LINE,2.2072
LTR,2.2368
LINE,2.2288
SINE,2.1984
SINE,2.1632
unique/low-repeat,2.2184
SINE,2.24
LTR,2.2536
LINE,2.232
SINE,2.2208
SINE,2.2224
LTR,2.1776
SINE,2.2096
LINE,2.2392
LINE,2.2552
SINE,2.2264
SINE,2.216
LINE,2.2184
LINE,2.2368
LTR,2.2272
LINE,2.2208
LINE,2.1488
SINE,2.2248
unique/low-repeat,2.2416
LINE,2.2344
LINE,2.2272
SINE,2.236
LTR,2.2168
LINE,2.2256
LINE,2.208
unique/low-repeat,0.8592
LINE,2.2192
SINE,2.2192
LINE,2.1512
LINE,2.2352
unique/low-repeat,2.252
LINE,2.2464
LINE,2.236
SINE,2.224
SINE,2.2384
LINE,2.2456
LINE,2.2128
LINE,2.2432
SINE,2.1936
LINE,2.2328
SINE,2.252
SINE,2.2328
unique/low-repeat,2.2208
SINE,2.188
SINE,2.1384
SINE,2.184
LINE,2.2232
LINE,2.2104
SINE,2.1864
LINE,2.2024
SINE,2.2152
SINE,2.2104
SINE,2.1616
SINE,2.2064
SINE,2.2032
SINE,2.1296
SINE,2.1976
LINE,2.2176
SINE,2.2288
LINE,2.232
LINE,2.2432
SINE,2.2104
SINE,2.1688
SINE,2.2216
SINE,2.0488
SINE,2.1776
SINE,2.1752
SINE,2.1664
LINE,2.1808
LINE,2.084
SINE,2.236
LINE,2.2112
LTR,2.2216
LINE,2.2016
LTR,2.22
LTR,2.2368
LINE,2.236
LINE,2.2352
LTR,2.1976
LTR,2.2304
LINE,2.2328
LINE,2.24
SINE,2.2384
SINE,2.2312
SINE,2.2304
unique/low-repeat,2.2424
SINE,2.2264
SINE,2.224
SINE,2.1816
SINE,2.2368
LINE,2.2232
LTR,2.2096
LINE,2.2192
LTR,2.236
LTR,2.2112
LINE,2.2256
SINE,2.1928
SINE,2.2184
SINE,2.1864
SINE,2.1624
LINE,2.2176
SINE,2.1624
SINE,2.2416
SINE,2.2392
SINE,2.2096
SINE,2.2384
LINE,2.2208
LINE,2.2264
LTR,2.2088
LINE,2.2152
unique/low-repeat,2.2224
LINE,2.204
LINE,2.2032
LTR,2.2224
LINE,2.2352
LINE,2.2192
LTR,2.2384
LINE,2.2344
SINE,2.2288
LINE,2.2296
LINE,2.2016
LINE,2.2376
LINE,2.224
LINE,2.2352
LTR,2.2304
LINE,2.2304
LINE,2.216
LINE,2.1632
DNA,2.2096
LINE,2.208
LINE,2.2104
LINE,2.216
SINE,2.2288
DNA,2.2208
LTR,2.2256
LINE,2.2336
LINE,2.2224
LINE,2.2296
unique/low-repeat,2.2208
SINE,2.2408
unique/low-repeat,2.2136
LTR,2.2392
LINE,2.2248
LINE,2.2128
LINE,2.2128
SINE,2.2304
LTR,2.2392
SINE,2.2296
LINE,2.2184
LINE,2.2216
LINE,2.2376
LINE,2.1976
unique/low-repeat,2.048
SINE,2.1856
SINE,2.2144
LINE,2.2232
LTR,2.2304
LTR,2.2248
DNA,2.2096
SINE,2.224
SINE,2.2216
unique/low-repeat,2.2304
LTR,2.2312
LINE,2.2272
LINE,2.2256
LTR,2.2272
LINE,2.2184
LINE,2.2304
LINE,2.2392
LINE,2.2336
LTR,2.2376
LINE,2.2328
LTR,2.2304
LINE,2.2288
LINE,2.2368
LINE,2.228
LINE,2.2368
LINE,2.2152
LTR,2.2376
LTR,2.208
LTR,2.2264
LINE,2.2224
unique/low-repeat,2.256
unique/low-repeat,2.2296
LTR,2.2216
LTR,2.2272
LTR,2.2312
SINE,2.2624
LINE,2.244
SINE,2.2144
LINE,2.2192
LINE,2.2576
unique/low-repeat,2.26
LINE,2.2344
LTR,2.2224
LINE,2.2272
LINE,2.2272
LINE,2.2368
LINE,2.2256
LINE,2.2296
LINE,2.2216
LINE,2.2272
LINE,2.224
LINE,2.2104
unique/low-repeat,2.224
LTR,2.22
LINE,2.2344
LTR,2.2336
LINE,2.2176
LINE,2.2336
LINE,2.2408
LINE,2.2256
LINE,2.2264
LINE,2.232
DNA,2.2248
unique/low-repeat,2.2256
unique/low-repeat,2.236
SINE,2.212
LTR,2.232
LTR,2.2304
unique/low-repeat,2.2192
LINE,2.2224
LINE,2.2376
LINE,2.2096
LTR,2.2152
LTR,2.2288
LINE,2.2168
LINE,2.2136
LTR,2.2192
LTR,2.2296
LINE,2.2208
LINE,2.2168
LTR,2.2312
LTR,2.232
LTR,2.24
LTR,2.2176
unique/low-repeat,2.208
LINE,2.2336
LINE,2.2248
LINE,2.228
SINE,2.2392
LINE,2.2008
LTR,2.2136
LINE,2.2216
LINE,2.2272
LINE,2.2312
LINE,2.2216
SINE,2.208
LINE,2.2384
SINE,2.216
SINE,2.196
LTR,2.2424
LINE,2.1944
LINE,2.2208
DNA,2.2272
LINE,2.2168
LINE,2.2
LINE,2.2376
DNA,2.204
LINE,2.2344
unique/low-repeat,2.2296
LINE,2.236
LINE,2.2208
LTR,2.22
LINE,2.2272
LTR,2.2192
LINE,2.2336
LTR,2.2224
SINE,2.216
LTR,2.224
LINE,2.2136
LINE,2.2288
LINE,2.224
SINE,2.2176
LINE,2.2184
DNA,2.2264
SINE,2.2208
SINE,2.212
unique/low-repeat,2.2344
unique/low-repeat,2.2408
LINE,2.2088
LINE,2.2136
LINE,2.2344
unique/low-repeat,2.2232
unique/low-repeat,2.2336
LINE,2.2064
LTR,2.2248
SINE,2.2368
LINE,2.0224
unique/low-repeat,2.2488
SINE,2.2512
LINE,2.24
SINE,2.2368
LTR,2.2184
LINE,2.2304
SINE,2.2232
LTR,2.2264
LTR,2.2384
LINE,2.2336
LINE,2.2248
LINE,2.1952
LINE,2.228
LINE,2.2184
LINE,2.2104
LINE,2.2016
LINE,2.2288
unique/low-repeat,2.2432
LINE,2.224
SINE,2.2144
LINE,2.2352
unique/low-repeat,2.2136
LINE,2.2408
SINE,2.2352
SINE,2.2328
LINE,2.2384
SINE,2.2456
SINE,2.2384
LINE,2.2424
SINE,2.1904
SINE,2.1072
SINE,2.2072
SINE,2.1816
LINE,2.136
LINE,2.228
SINE,2.176
LINE,2.2136
LINE,2.2424
DNA,2.2128
SINE,2.196
LINE,2.2232
unique/low-repeat,2.1888
SINE,2.2152
LTR,2.244
LTR,2.2232
LTR,2.224
LINE,2.2304
LINE,2.2136
LTR,2.2272
LINE,2.2008
LINE,2.2208
LINE,2.2224
LTR,2.2264
SINE,2.2152
LINE,2.2336
LINE,2.2304
LINE,2.2296
unique/low-repeat,2.2416
LINE,2.2368
Retroposon,2.1672
LINE,2.2432
LINE,2.216
SINE,2.2048
LINE,2.2576
LINE,2.2256
SINE,2.2216
LINE,2.2464
LINE,2.224
SINE,2.232
LINE,2.2288
unique/low-repeat,2.2408
LINE,2.2424
unique/low-repeat,2.2432
LINE,2.2336
LINE,2.232
LINE,2.2072
LINE,2.2416
LINE,2.2456
SINE,2.212
SINE,2.2176
LTR,2.232
LTR,2.2392
SINE,2.2328
SINE,2.2224
LINE,2.1936
LINE,2.2416
LINE,2.196
LINE,2.24
LINE,2.2352
LINE,2.2064
LINE,2.2448
LTR,2.2368
LTR,2.2136
LINE,2.216
LTR,2.2216
LINE,2.2432
LINE,2.228
LINE,2.2176
LINE,2.22
LINE,2.2272
unique/low-repeat,2.224
unique/low-repeat,2.2504
LINE,2.2408
LINE,2.2408
unique/low-repeat,2.2328
LTR,2.2264
Simple_repeat,2.2232
SINE,2.204
unique/low-repeat,2.248
LTR,2.2264
LTR,2.1976
unique/low-repeat,2.2336
LINE,2.2208
LTR,2.2136
LINE,2.2344
SINE,2.2328
LINE,2.2288
LINE,2.2248
DNA,2.2296
LINE,2.2264
LTR,2.2072
SINE,2.2288
LTR,2.2272
unique/low-repeat,2.2536
LINE,2.1888
unique/low-repeat,2.216
LINE,2.2504
DNA,2.2248
LINE,2.2376
LINE,2.2216
LTR,2.2224
LINE,2.2224
LTR,2.2136
LINE,2.2264
unique/low-repeat,2.1224
LTR,2.2352
LINE,2.2384
LINE,2.2376
unique/low-repeat,2.2136
LTR,2.2248
LTR,2.2312
LINE,2.0904
LINE,2.2248
LINE,2.1912
LINE,2.2096
LINE,2.2312
LTR,2.2384
LINE,2.2376
unique/low-repeat,2.208
LTR,2.2176
LINE,2.2184
LINE,2.224
LINE,2.2136
LINE,2.248
SINE,2.1824
SINE,2.1632
unique/low-repeat,2.1832
LINE,2.1992
LTR,2.2272
DNA,2.232
LINE,2.1992
LINE,2.2224
LINE,2.208
LINE,2.2248
other-repeat,2.192
LINE,2.2352
LINE,2.2112
unique/low-repeat,2.2392
Satellite,2.2072
LINE,2.2424
LTR,2.2296
LINE,2.2152
Retroposon,2.2208
LINE,2.2256
LINE,2.2224
LINE,2.212
LTR,2.228
LINE,2.2256
LINE,2.22
SINE,2.236
LINE,2.2224
LINE,2.2144
SINE,2.2016
LINE,2.216
LINE,2.232
LINE,2.2408
LINE,2.2272
LINE,2.2176
LINE,2.2168
SINE,2.1688
SINE,2.168
SINE,2.1248
SINE,2.1288
SINE,2.2032
SINE,2.1144
SINE,2.2032
SINE,2.2328
SINE,2.1824
SINE,2.2368
SINE,2.2272
SINE,2.2168
SINE,2.1808
SINE,2.0952
SINE,2.1592
SINE,2.1912
LINE,2.1744
unique/low-repeat,2.2296
unique/low-repeat,2.2344
unique/low-repeat,2.2008
SINE,2.2304
SINE,2.2088
SINE,2.1976
SINE,2.2064
SINE,2.2104
SINE,2.0112
SINE,2.164
SINE,2.2224
SINE,2.1712
LINE,2.224
SINE,2.232
SINE,2.228
SINE,2.2088
SINE,2.2056
SINE,2.1976
SINE,2.2072
SINE,2.1656
SINE,2.1696
SINE,2.1256
SINE,2.0464
LINE,2.1816
SINE,2.1536
SINE,2.176
SINE,2.1592
SINE,2.2056
SINE,2.2312
SINE,2.1904
SINE,2.2008
SINE,2.2504
SINE,2.2152
SINE,2.228
unique/low-repeat,2.2216
LTR,2.176
LTR,2.2192
SINE,2.108
SINE,2.0784
SINE,2.1424
SINE,2.1272
SINE,2.2032
SINE,2.2136
SINE,2.172
SINE,2.1424
SINE,2.1104
SINE,2.1936
LINE,2.1952
LINE,2.2032
SINE,2.1872
SINE,2.2216
SINE,2.204
SINE,2.2024
SINE,2.1776
LINE,2.096
SINE,2.2232
SINE,2.1696
SINE,2.1544
SINE,2.228
SINE,2.116
SINE,2.2008
SINE,2.1824
unique/low-repeat,2.2384
unique/low-repeat,2.2328
SINE,2.1984
SINE,2.0272
SINE,2.2032
SINE,2.1416
SINE,2.1904
SINE,2.1832
SINE,2.2048
SINE,2.168
SINE,2.2072
SINE,2.168
SINE,2.1848
SINE,2.2248
SINE,2.2152
SINE,2.2232
SINE,2.2328
SINE,2.2176
LINE,2.2368
Simple_repeat,2.0576
LINE,2.1904
SINE,2.2264
SINE,2.1832
SINE,2.1656
SINE,2.2048
SINE,2.0512
SINE,2.1872
SINE,2.156
SINE,2.0928
SINE,2.18
SINE,2.16
SINE,2.212
SINE,2.1224
SINE,2.0776
Retroposon,2.0752
SINE,2.1512
SINE,2.1056
SINE,2.1816
SINE,2.188
SINE,2.2152
LINE,2.2232
SINE,2.1968
SINE,2.204
SINE,2.1968
LTR,2.2224
SINE,2.1712
SINE,2.2248
LINE,2.2176
SINE,2.2448
SINE,2.2344
SINE,2.2472
SINE,2.24
SINE,2.2376
SINE,2.188
LINE,2.2024
LINE,2.2256
SINE,2.2376
LINE,2.2336
LINE,2.2376
LINE,2.228
unique/low-repeat,2.2376
SINE,2.1544
LINE,2.2392
LINE,2.2304
SINE,2.1752
LINE,2.2336
LINE,2.2408
unique/low-repeat,2.2328
LINE,2.2352
SINE,2.2224
SINE,2.1696
LINE,2.2328
LINE,2.1312
SINE,2.2104
SINE,2.2176
SINE,2.224
LINE,2.2088
LINE,2.2192
SINE,2.2384
SINE,2.1808
SINE,2.2264
LINE,2.2264
LINE,2.2312
LINE,2.2296
LINE,2.2232
LINE,2.2424
LINE,2.2392
LTR,2.228
LTR,2.2296
LTR,2.228
LINE,2.1832
LTR,2.2056
LTR,2.2288
LINE,2.2128
SINE,2.232
LINE,2.2392
LINE,2.2336
SINE,2.2512
LINE,2.2256
LINE,2.2384
unique/low-repeat,2.2392
SINE,2.2416
LTR,2.2176
LINE,2.2288
SINE,2.244
LINE,2.2168
SINE,2.1688
SINE,2.2128
unique/low-repeat,2.208
LINE,2.2272
LINE,2.2472
SINE,2.1888
SINE,2.2456
LINE,2.2392
LINE,2.2456
LTR,2.2104
LTR,2.2168
LINE,2.2216
LINE,2.2408
LINE,2.2368
LINE,2.2312
LINE,2.2176
LTR,2.2264
SINE,2.2344
LINE,2.2288
LINE,2.228
LINE,2.2216
SINE,2.2152
LINE,2.2224
LINE,2.2304
LINE,2.2432
LINE,2.228
LINE,2.2344
LINE,2.2408
LTR,2.2008
SINE,2.216
LINE,2.24
LINE,2.2248
LINE,2.2392
LTR,2.2424
SINE,2.2424
LINE,2.2336
LTR,2.1816
SINE,2.2368
LTR,2.2408
SINE,2.2352
LINE,2.224
SINE,2.1856
unique/low-repeat,2.2528
LINE,2.2304
SINE,2.2112
LINE,2.1928
SINE,2.2064
SINE,2.1664
SINE,2.1448
LINE,2.208
LINE,2.2272
SINE,2.2392
LTR,2.2504
SINE,2.1984
LINE,2.236
SINE,2.2048
SINE,2.1792
SINE,2.2024
SINE,2.1768
SINE,2.0856
SINE,2.2392
SINE,2.188
LINE,2.224
SINE,2.232
SINE,2.2128
LINE,2.236
SINE,2.2152
LINE,2.22
SINE,2.1984
SINE,2.2216
LINE,2.2072
SINE,2.216
LTR,2.2264
SINE,2.2224
LINE,2.2184
LINE,2.2072
SINE,2.224
SINE,2.2552
LTR,2.2312
SINE,2.2304
LINE,2.232
LINE,2.2416
LTR,2.2312
LTR,2.2328
LINE,2.2
LINE,2.2248
LTR,2.1992
SINE,2.208
SINE,2.2248
SINE,2.2136
SINE,2.1936
SINE,2.232
SINE,2.2272
SINE,2.24
LINE,2.2128
LINE,2.2416
LINE,2.236
SINE,2.2296
SINE,2.2384
LINE,2.2336
LINE,2.2192
LINE,2.2168
LTR,2.2328
SINE,2.208
LINE,2.1896
LINE,2.244
LINE,2.2176
SINE,2.2344
SINE,2.2456
LINE,2.2392
LINE,2.2096
SINE,2.216
SINE,2.2264
SINE,2.1656
unique/low-repeat,2.2592
SINE,2.0616
SINE,2.1376
SINE,2.1856
SINE,2.2208
SINE,2.2416
SINE,2.2424
LTR,2.2232
SINE,2.2224
LTR,2.212
LTR,2.1776
LTR,2.2376
LTR,2.2312
LINE,2.2328
LTR,2.2256
LTR,2.2336
SINE,2.228
LTR,2.18
LTR,2.2392
SINE,2.1288
LINE,2.2312
LINE,2.2288
SINE,2.1912
SINE,2.1496
LINE,2.2392
SINE,2.192
SINE,2.18
SINE,2.2184
SINE,2.2088
SINE,2.2352
SINE,2.2416
SINE,2.1968
SINE,2.2168
SINE,2.2136
SINE,2.1488
SINE,2.1368
SINE,2.2016
SINE,2.196
SINE,2.2064
SINE,2.076
SINE,2.1848
SINE,2.2144
SINE,2.14
LINE,2.2336
SINE,2.232
SINE,2.2072
unique/low-repeat,2.2176
SINE,2.1592
SINE,2.24
SINE,2.1656
SINE,2.2016
SINE,2.1896
LINE,2.2472
SINE,2.2376
LTR,2.1976
LINE,2.2432
SINE,2.2232
SINE,2.2392
LINE,2.2408
LINE,2.232
LTR,2.236
LTR,2.2304
LTR,2.1888
SINE,2.1832
SINE,2.2072
LTR,2.2424
unique/low-repeat,2.2496
SINE,2.2472
LINE,2.2368
SINE,2.2128
SINE,2.1528
SINE,2.144
SINE,2.172
SINE,2.14
SINE,2.204
SINE,2.1664
SINE,2.1592
SINE,2.1224
LTR,2.2544
SINE,2.1992
LINE,2.2384
LTR,2.24
LTR,2.2264
DNA,2.2192
LTR,2.2344
LTR,2.1032
LTR,2.1872
SINE,2.2176
LTR,2.2344
SINE,2.2192
SINE,2.2224
LTR,2.22
LINE,2.2512
SINE,2.2584
LINE,2.2368
LINE,2.2264
LINE,2.2192
SINE,2.2376
SINE,2.2424
SINE,2.2456
SINE,2.2368
LINE,2.2248
LINE,2.1928
LINE,2.2376
SINE,2.1376
SINE,2.1568
SINE,2.1624
SINE,2.088
SINE,2.1672
SINE,2.2208
SINE,2.236
SINE,2.2352
SINE,2.2256
LINE,2.22
SINE,2.2408
LINE,2.2584
LINE,2.2312
LINE,2.2272
LINE,2.2224
SINE,2.2296
LINE,2.2136
SINE,2.232
SINE,2.2064
SINE,2.2128
SINE,2.2288
LINE,2.2288
LINE,2.2312
LINE,2.2144
LINE,2.2288
LINE,2.2352
SINE,2.2168
LINE,2.224
LINE,2.224
LINE,2.236
LTR,2.1056
LINE,2.2088
LINE,2.2208
LTR,2.2208
LTR,2.2352
LINE,2.2424
DNA,2.0368
SINE,2.2296
DNA,2.2352
SINE,2.0928
SINE,2.204
SINE,2.1856
SINE,2.2264
SINE,2.2536
SINE,2.2096
SINE,2.2336
LTR,2.1792
SINE,2.236
LTR,2.2344
LINE,2.2352
SINE,2.2456
SINE,2.2448
SINE,2.2088
LTR,2.2192
SINE,2.228
unique/low-repeat,2.2152
LINE,2.232
unique/low-repeat,2.1824
LINE,2.2376
SINE,2.1576
LINE,2.236
SINE,2.2352
LTR,2.2384
unique/low-repeat,2.2168
LINE,2.2232
LINE,2.2552
Retroposon,2.1816
LINE,2.252
LINE,2.2464
LINE,2.2224
LINE,2.2144
LINE,2.2128
LINE,2.2056
unique/low-repeat,2.224
LINE,2.2416
LINE,2.2448
unique/low-repeat,2.2448
SINE,2.192
LINE,2.2384
LINE,2.224
DNA,2.2328
LTR,2.2336
unique/low-repeat,2.2504
SINE,2.24
Simple_repeat,2.1584
SINE,2.2392
LTR,2.2288
LTR,2.2224
LTR,2.24
LTR,2.228
LTR,2.248
LINE,2.2128
LTR,2.2504
LINE,2.2496
LINE,2.2376
SINE,2.2288
unique/low-repeat,2.24
LTR,2.2416
DNA,2.1976
LINE,2.2128
DNA,2.2152
LINE,2.24
LINE,2.236
LTR,2.2208
LINE,2.2224
DNA,2.2344
LTR,2.2464
SINE,2.2432
LTR,2.2392
LTR,2.2368
LINE,2.2304
LINE,2.2368
unique/low-repeat,2.2104
LINE,2.2464
LINE,2.2336
unique/low-repeat,2.2336
LINE,2.228
LINE,2.2176
LTR,2.2384
LINE,2.2424
LTR,2.22
LINE,2.2064
LINE,2.036
unique/low-repeat,2.2456
unique/low-repeat,2.0256
unique/low-repeat,2.2512
LINE,2.2496
LINE,2.0112
unique/low-repeat,2.2376
LTR,2.1576
LINE,2.224
unique/low-repeat,2.2416
SINE,2.1864
unique/low-repeat,2.2032
LINE,1.924
LINE,2.2264
SINE,2.1792
unique/low-repeat,2.2064
unique/low-repeat,2.0512
unique/low-repeat,2.1696
LINE,2.2496
LINE,2.2344
Simple_repeat,2.0728
unique/low-repeat,2.1536
unique/low-repeat,2.2232
unique/low-repeat,2.2552
unique/low-repeat,2.2224
unique/low-repeat,2.2528
LINE,2.1832
unique/low-repeat,2.1968
unique/low-repeat,2.0648
LINE,2.044
unique/low-repeat,2.1832
unique/low-repeat,2.1664
unique/low-repeat,1.9744
unique/low-repeat,2.1104
SINE,2.0648
SINE,2.076
SINE,2.2224
unique/low-repeat,2.2296
unique/low-repeat,2.104
unique/low-repeat,2.1808
SINE,2.056
unique/low-repeat,2.1384
unique/low-repeat,1.92
LTR,2.1664
LINE,2.2544
LTR,2.224
Satellite,1.928
LINE,2.22
LTR,2.2368
LINE,2.232
Simple_repeat,1.9752
LTR,2.124
LINE,2.2504
LINE,2.2248
other-repeat,2.224
SINE,2.2312
Satellite,2.1488
LTR,2.2048
SINE,2.2288
LINE,2.2304
LINE,2.2288
DNA,2.2256
LINE,2.2272
LINE,2.232
LINE,2.2376
LINE,2.2352
LINE,2.2328
LTR,2.2432
LINE,2.24
Simple_repeat,1.7064
Simple_repeat,2.0424
other-repeat,2.1864
other-repeat,2.0824
Simple_repeat,1.9256
other-repeat,2.1512
other-repeat,2.0952
Simple_repeat,2.1584
Simple_repeat,2.1112
Simple_repeat,1.4824
Simple_repeat,2.1104
SINE,2.1368
other-repeat,2.1592
Simple_repeat,1.4824
Simple_repeat,2.16
other-repeat,2.0896
Simple_repeat,2.1464
other-repeat,2.0472
other-repeat,2.1632
other-repeat,2.1232
other-repeat,2.0584
other-repeat,2.1144
Simple_repeat,1.9248
other-repeat,2.1552
other-repeat,2.0656
other-repeat,2.176
Simple_repeat,1.9544
SINE,2.1264
other-repeat,2.0448
Simple_repeat,1.828
Simple_repeat,1.6208
SINE,2.1352
other-repeat,2.1568
SINE,2.1032
other-repeat,2.1496
SINE,2.1376
other-repeat,2.1536
SINE,2.0608
other-repeat,2.1672
other-repeat,2.1512
other-repeat,2.144
Simple_repeat,1.5816
other-repeat,2.1504
Simple_repeat,1.552
other-repeat,2.06
Simple_repeat,1.8512
Simple_repeat,1.9032
SINE,2.1744
Simple_repeat,1.5944
Simple_repeat,1.8616
Simple_repeat,1.9184
LINE,2.2112
LINE,2.196
LTR,2.2064
LINE,2.2304
LINE,2.2424
Simple_repeat,1.9488
LTR,2.2312
LTR,2.1944
Satellite,2.144
LINE,2.232
LTR,2.0728
unique/low-repeat,2.2104
LINE,2.228
LINE,2.2256
unique/low-repeat,2.2184
LTR,2.2368
LINE,2.2368
LTR,2.208
LINE,2.228
SINE,2.22
SINE,2.2192
SINE,2.0568
SINE,2.1136
SINE,2.224
unique/low-repeat,1.9944
LINE,2.2144
LINE,2.148
LINE,2.2296
SINE,2.1848
SINE,2.1424
SINE,2.2056
LTR,2.2256
DNA,2.2264
DNA,2.2072
LTR,2.2176
LINE,2.2216
LINE,2.2312
LINE,2.1992
LTR,2.224
LINE,2.216
LINE,2.2256
LINE,2.2168
LINE,2.2408
LINE,2.2176
LINE,2.1688
LINE,2.2168
SINE,2.204
SINE,2.2216
SINE,1.9824
Simple_repeat,1.996
LINE,2.2416
SINE,2.224
LTR,2.2392
LTR,2.2168
SINE,2.2072
LINE,2.2136
unique/low-repeat,2.1952
LTR,2.2472
LTR,2.2304
SINE,2.2256
LTR,2.2352
LINE,2.2304
unique/low-repeat,2.2512
unique/low-repeat,2.228
SINE,2.2248
LTR,2.2408
LINE,2.2072
SINE,2.2096
LINE,2.176
LINE,2.2216
LTR,2.2504
LINE,2.2176
LINE,2.2096
unique/low-repeat,2.216
LTR,2.2288
LTR,2.224
LTR,2.2256
LTR,2.1944
unique/low-repeat,2.2264
LINE,2.2344
LTR,2.2376
LINE,2.2216
LINE,2.1656
LTR,2.232
LTR,2.2344
LINE,2.228
LINE,2.2208
LINE,2.2208
SINE,2.2096
LINE,2.2288
LTR,2.2192
LINE,2.212
LINE,2.2312
SINE,2.1704
LTR,2.236
LINE,2.2288
LINE,2.2176
LINE,2.2168
LINE,2.2176
LTR,2.2216
SINE,2.22
LINE,2.132
unique/low-repeat,2.2224
SINE,2.212
DNA,2.204
SINE,2.2264
unique/low-repeat,2.2136
LINE,2.2008
LINE,2.2016
unique/low-repeat,2.224
LINE,2.1544
unique/low-repeat,2.2384
unique/low-repeat,2.188
unique/low-repeat,2.2344
LINE,2.2248
LINE,2.2152
LINE,2.2352
LINE,2.224
LINE,2.2296
LTR,2.2256
LTR,2.2152
unique/low-repeat,2.2296
LTR,2.2288
LINE,2.2344
LTR,2.224
LTR,2.2248
SINE,2.2064
SINE,2.2008
SINE,2.1976
SINE,2.1424
SINE,2.2304
unique/low-repeat,2.2472
LTR,2.2368
LTR,2.2296
LINE,2.2432
LINE,2.232
LINE,2.2352
LINE,2.2232
LINE,2.2064
unique/low-repeat,2.2208
LTR,2.224
LINE,2.2008
unique/low-repeat,2.2248
unique/low-repeat,2.2152
LINE,2.1936
LINE,2.2304
SINE,2.2312
LTR,2.2216
LINE,2.2184
LINE,2.2256
LINE,2.2176
LINE,2.2296
LINE,2.2288
LINE,2.204
LINE,2.2328
LTR,2.2192
LINE,2.232
LINE,2.2072
LINE,2.2352
LTR,2.232
LINE,2.232
LTR,2.212
DNA,2.2288
LTR,2.2072
LINE,2.212
unique/low-repeat,2.2136
LINE,2.2032
unique/low-repeat,2.2032
LINE,2.2224
LTR,2.2272
LINE,2.2296
LTR,2.2312
DNA,2.2144
unique/low-repeat,2.1968
LTR,2.2392
LINE,2.208
LTR,2.2152
LINE,2.2104
LINE,2.2128
LINE,2.2008
LINE,2.2224
LINE,2.232
LINE,2.2248
LTR,2.2368
LTR,2.22
LINE,2.2264
LINE,2.2264
LINE,2.1976
LTR,2.2304
unique/low-repeat,2.2176
SINE,2.0992
LTR,2.2312
DNA,2.2336
LTR,2.2208
LTR,2.2368
LINE,2.2256
LINE,2.2176
LTR,2.2368
SINE,2.2136
LINE,2.2176
LINE,2.2192
unique/low-repeat,2.1984
unique/low-repeat,2.2256
DNA,2.22
LINE,2.2304
unique/low-repeat,2.2256
LINE,2.2136
LINE,2.212
LTR,2.1856
LTR,2.228
LTR,2.2216
DNA,2.2104
LINE,2.2312
unique/low-repeat,2.2152
LINE,2.2
LTR,2.2176
LTR,2.2328
LTR,2.224
LINE,2.2304
LINE,2.2264
LINE,2.2184
LTR,2.22
LTR,2.2328
LTR,2.2304
LINE,2.1976
LINE,2.2192
LINE,2.228
SINE,2.2064
LTR,2.2232
LINE,2.216
LINE,2.2112
LINE,2.2312
LINE,2.2128
LINE,2.224
LINE,2.2144
LTR,2.204
LTR,2.2328
LTR,2.2056
LINE,2.2136
LINE,2.2136
LINE,2.2104
LTR,2.2192
LINE,2.2232
LINE,2.2296
SINE,2.2096
LTR,2.236
LTR,2.216
LTR,2.1992
LTR,2.2272
LINE,2.22
LINE,2.2424
SINE,2.2096
unique/low-repeat,2.2208
SINE,2.212
LINE,2.2256
LINE,2.2016
unique/low-repeat,2.2232
LINE,2.2192
LINE,2.212
LINE,2.2312
LTR,2.2096
LINE,2.2128
LINE,2.2184
LTR,2.1728
LTR,2.2248
LINE,2.2344
LINE,2.2264
LTR,2.2296
SINE,2.2264
LTR,2.2152
SINE,2.2184
LINE,2.2144
unique/low-repeat,2.2288
LINE,2.2216
LTR,2.2112
SINE,2.2088
LTR,2.2408
LTR,2.236
SINE,2.204
LINE,2.2392
SINE,2.2384
LINE,2.2384
LINE,2.2192
LINE,2.216
LINE,2.204
SINE,2.244
LINE,2.2368
LINE,2.216
LTR,2.2288
LTR,2.212
LTR,2.2552
SINE,2.2272
SINE,2.2192
SINE,2.2272
SINE,2.2152
SINE,2.224
LINE,2.2312
LINE,2.2096
SINE,2.2304
SINE,2.2272
LINE,2.2376
LTR,2.2288
LINE,2.2288
LTR,2.2264
LINE,2.2144
LTR,2.2208
SINE,2.2248
LTR,2.224
unique/low-repeat,2.2336
unique/low-repeat,2.268
LTR,2.204
LINE,2.2304
LINE,2.2416
LINE,2.2328
LINE,2.2328
LTR,2.2448
LINE,2.2232
LINE,2.2216
SINE,2.232
LINE,2.232
LINE,2.2152
LINE,2.2304
LINE,2.196
LINE,2.208
LTR,2.212
LTR,2.2296
LTR,2.2336
SINE,2.2288
LINE,2.2296
LTR,2.2272
LTR,2.2136
LTR,2.2368
LTR,2.2208
LTR,2.1928
LTR,2.2192
LTR,2.232
LTR,2.1904
LTR,2.2288
LINE,2.196
LINE,2.244
LINE,2.244
DNA,2.2304
LINE,2.22
LINE,2.2176
SINE,2.2232
LINE,2.2264
LINE,2.2048
SINE,2.2232
unique/low-repeat,2.2344
LTR,2.224
LINE,2.2416
LTR,2.228
unique/low-repeat,2.2336
LTR,2.2024
LINE,2.2352
unique/low-repeat,2.2288
LTR,2.2312
LINE,2.22
LTR,2.2352
LTR,2.2328
LTR,2.2456
SINE,2.2168
LINE,2.2224
LTR,2.2448
LINE,2.2224
LTR,1.9872
LTR,2.2296
LINE,2.228
LINE,2.2296
LINE,2.2296
LINE,2.2104
LTR,2.228
LTR,2.2136
LINE,2.2232
unique/low-repeat,2.2424
SINE,2.2352
SINE,2.2144
SINE,2.2112
SINE,2.2304
SINE,2.2088
SINE,2.204
SINE,2.1832
LINE,2.2376
LTR,2.1808
SINE,2.2032
LTR,2.224
LTR,2.2216
LINE,2.1752
LINE,2.2352
SINE,2.1816
LINE,2.2256
SINE,2.2136
SINE,2.2216
DNA,2.2304
SINE,2.1048
SINE,2.2464
DNA,2.2048
LTR,2.2024
LINE,2.2384
unique/low-repeat,2.248
LINE,2.2384
unique/low-repeat,2.2448
SINE,2.2
LINE,2.2528
LINE,2.196
SINE,2.1664
SINE,2.1832
SINE,2.1952
SINE,2.16
SINE,2.1992
SINE,2.1712
SINE,2.2024
SINE,2.088
SINE,2.1936
SINE,2.1832
SINE,2.1328
unique/low-repeat,2.1776
SINE,2.1568
SINE,2.2072
SINE,2.2144
SINE,2.16
SINE,2.2072
unique/low-repeat,2.244
LINE,2.1536
SINE,2.192
SINE,2.224
unique/low-repeat,2.2656
unique/low-repeat,2.2264
LINE,2.2368
DNA,2.256
LINE,2.232
LINE,2.2432
LINE,2.2192
SINE,2.2168
LINE,2.2424
LTR,2.2176
SINE,2.2168
LINE,2.232
LINE,2.2048
SINE,2.2136
SINE,2.2408
SINE,2.2216
LTR,2.2296
LINE,2.232
SINE,2.2104
LINE,2.2344
SINE,2.2024
LTR,2.2312
LINE,2.2224
LTR,2.228
SINE,2.236
LTR,2.2344
LINE,2.136
SINE,2.2072
LTR,2.224
SINE,2.2384
SINE,2.156
LINE,2.2552
SINE,2.1664
SINE,2.1792
LINE,2.1568
SINE,2.1544
SINE,2.2024
SINE,2.1768
SINE,2.188
SINE,2.236
SINE,2.1296
SINE,2.2216
SINE,2.1608
SINE,2.2216
LTR,2.2608
SINE,2.1264
LINE,2.2152
SINE,2.2464
LINE,2.2056
SINE,2.2392
LINE,2.224
DNA,2.2296
LTR,2.2416
LTR,2.2608
LINE,2.2016
LTR,2.2504
unique/low-repeat,2.2432
LINE,2.2208
LINE,2.2432
unique/low-repeat,2.2408
SINE,2.2424
unique/low-repeat,2.2544
LINE,2.2368
LINE,2.2352
LINE,2.2288
LINE,2.2448
LTR,2.2336
LINE,2.2248
unique/low-repeat,2.1832
DNA,2.2296
LTR,2.2344
unique/low-repeat,2.2288
unique/low-repeat,2.2504
LINE,2.2224
unique/low-repeat,2.2584
LINE,2.2248
LTR,2.2144
LTR,2.2104
SINE,2.2528
LINE,2.228
LTR,2.2368
LINE,2.2328
LTR,2.2224
LTR,2.2336
LTR,2.2352
SINE,2.2272
SINE,2.2456
SINE,2.2208
LINE,2.196
SINE,2.1928
SINE,2.2128
LINE,2.2064
LINE,2.2312
SINE,2.2272
LINE,2.212
LINE,2.2104
LTR,2.2432
SINE,2.2432
LTR,2.228
unique/low-repeat,1.8856
LINE,2.232
LINE,2.2296
SINE,2.2216
LINE,2.2448
LINE,2.2224
LINE,2.2408
unique/low-repeat,2.228
LTR,2.2384
LTR,2.2464
LINE,2.2472
LTR,2.2376
LINE,2.212
LINE,2.232
SINE,2.2304
LINE,2.2144
SINE,2.2
LINE,2.2424
LTR,2.236
LINE,2.216
LINE,2.212
LTR,2.2472
LTR,2.2456
LINE,2.2448
LINE,2.2368
LINE,2.2224
LTR,2.2072
LTR,2.2352
LINE,2.2112
SINE,2.2496
LINE,2.2408
LINE,2.2416
unique/low-repeat,2.2528
SINE,2.2352
unique/low-repeat,2.0768
LINE,2.24
LINE,2.2296
unique/low-repeat,2.0912
unique/low-repeat,2.2384
LINE,2.2424
unique/low-repeat,2.2256
LINE,2.1432
unique/low-repeat,2.2248
LINE,2.2248
LINE,2.2536
Simple_repeat,2.0936
LINE,2.1296
LTR,2.1568
LINE,2.1312
LINE,2.212
SINE,2.2168
SINE,2.2048
LTR,2.2
SINE,2.1984
SINE,2.2104
SINE,2.2152
LTR,2.2056
Satellite,2.0832
SINE,2.1808
LINE,2.2192
SINE,2.2176
LTR,2.2192
unique/low-repeat,2.2312
SINE,2.2136
DNA,2.192
LINE,2.18
LTR,2.2232
SINE,2.228
LINE,2.2152
LINE,2.228
LTR,2.2176
LINE,2.2088
LINE,2.2264
DNA,2.2008
SINE,2.2248
SINE,2.1312
SINE,2.1272
SINE,2.2192
unique/low-repeat,2.2392
SINE,2.2168
SINE,2.2176
SINE,2.2328
SINE,2.1632
LINE,2.1816
SINE,2.2016
SINE,2.1848
SINE,2.1152
unique/low-repeat,2.2088
SINE,2.1464
Simple_repeat,1.9856
LINE,1.576
unique/low-repeat,2.12
LTR,2.1808
Simple_repeat,2.0696
LINE,2.2096
LTR,2.2464
LINE,2.1432
LTR,2.2432
LINE,2.2224
LINE,2.2424
unique/low-repeat,2.156
LINE,2.2464
unique/low-repeat,2.2368
LINE,2.2224
LINE,2.1968
unique/low-repeat,2.1424
LINE,2.2376
Simple_repeat,1.644
LINE,2.2384
LINE,2.04
unique/low-repeat,2.1696
LINE,2.2056
LINE,2.2504
LINE,2.2304
LINE,2.1984
DNA,2.2392
DNA,2.2376
LINE,2.2112
Simple_repeat,1.9352
unique/low-repeat,1.7944
unique/low-repeat,1.9744
unique/low-repeat,2.1808
unique/low-repeat,1.9168
LINE,2.2472
LINE,2.2296
LINE,2.0696
SINE,2.1792
LINE,2.204
unique/low-repeat,2.2536
LTR,2.2432
LINE,2.2624
LINE,2.2264
LINE,2.2328
LINE,2.2248
LINE,2.2072
LINE,2.2152
LINE,2.2296
LTR,2.224
LTR,2.2256
LINE,2.22
LINE,2.2448
LINE,2.224
LINE,2.188
LTR,2.2424
SINE,2.1328
Simple_repeat,1.7088
SINE,2.1296
Simple_repeat,2.16
Simple_repeat,2.0448
SINE,2.1416
other-repeat,2.1568
other-repeat,2.16
Simple_repeat,2.0744
Simple_repeat,1.8696
other-repeat,2.1744
Simple_repeat,1.4648
SINE,2.1456
Simple_repeat,1.4464
Simple_repeat,1.8224
other-repeat,2.1272
LINE,2.232
LTR,2.2304
LINE,2.2048
LINE,2.2128
LINE,2.204
LINE,2.2072
Simple_repeat,2.0088
LINE,2.148
LINE,2.2336
LINE,2.1944
LINE,2.1816
other-repeat,2.2152
LINE,2.2376
LINE,2.2136
LINE,2.2136
LINE,2.1776
LTR,2.2176
LINE,2.236
LINE,2.2296
SINE,2.24
LINE,2.1728
LINE,2.2184
LINE,2.2072
Simple_repeat,1.7936
LINE,2.2408
LTR,2.2344
Satellite,1.9
LINE,2.22
SINE,2.212
SINE,2.2512
LINE,2.2312
LTR,2.2232
LINE,2.2296
LINE,2.2072
LINE,2.148
LTR,2.204
LINE,2.2112
Satellite,2.024
LTR,2.2224
LINE,2.2208
LINE,2.2088
LINE,2.148
LTR,2.236
LINE,2.2152
LINE,2.24
LTR,2.1728
LINE,2.212
unique/low-repeat,1.5584
SINE,2.208
LINE,2.2176
unique/low-repeat,2.2448
LINE,2.2424
LINE,2.2112
LINE,2.2216
LINE,2.1512
SINE,2.1896
LINE,2.2392
Satellite,0.984
LINE,1.884
LINE,2.156
SINE,2.1952
SINE,2.2256
LINE,2.228
LINE,2.1368
Satellite,2.0528
LINE,2.176
LINE,2.2224
LTR,2.2048
LINE,2.2008
Simple_repeat,1.6832
LTR,2.2336
LINE,2.2144
unique/low-repeat,2.2048
LINE,2.2224
LINE,2.204
LINE,2.2336
LINE,2.236
LINE,2.2328
LINE,2.1952
SINE,2.16
SINE,2.0264
SINE,2.1808
SINE,2.2016
SINE,2.2408
SINE,2.1664
SINE,2.1752
SINE,2.2424
SINE,2.1864
SINE,2.0424
SINE,2.0512
SINE,2.1856
SINE,2.2384
SINE,2.0944
unique/low-repeat,2.244
unique/low-repeat,2.2288
unique/low-repeat,2.2296
unique/low-repeat,2.2328
SINE,2.2208
SINE,2.184
SINE,2.192
SINE,2.2256
SINE,2.2232
other-repeat,2.1144
SINE,2.148
SINE,2.1992
unique/low-repeat,2.2368
SINE,2.1976
other-repeat,2.1296
LTR,2.2264
unique/low-repeat,2.2096
unique/low-repeat,2.204
SINE,2.2168
unique/low-repeat,2.228
SINE,2.1392
SINE,2.2296
SINE,2.2016
SINE,2.1584
SINE,2.156
LINE,2.1928
LTR,2.1824
LINE,2.2064
unique/low-repeat,2.2144
SINE,2.2168
LINE,2.2296
LINE,2.22
LINE,2.2368
unique/low-repeat,2.22
unique/low-repeat,2.2232
LTR,2.2608
unique/low-repeat,2.2016
unique/low-repeat,2.212
Simple_repeat,2.0336
Satellite,0.844
unique/low-repeat,2.0456
unique/low-repeat,1.34
LINE,2.2352
SINE,2.208
unique/low-repeat,2.2264
SINE,2.1616
SINE,2.1272
SINE,2.1632
SINE,2.1944
SINE,2.1864
SINE,2.1136
SINE,2.2088
SINE,2.228
SINE,2.1504
unique/low-repeat,2.204
SINE,2.2296
unique/low-repeat,2.1968
SINE,2.2048
SINE,2.2248
SINE,2.2168
SINE,2.2408
LINE,2.224
SINE,2.132
SINE,2.1168
SINE,2.012
SINE,2.2176
SINE,2.2096
unique/low-repeat,2.2336
SINE,2.1376
SINE,2.1656
SINE,2.1928
unique/low-repeat,2.2176
SINE,2.2064
LINE,2.2392
unique/low-repeat,2.2368
LINE,2.232
LINE,2.22
LINE,2.22
LINE,2.2328
SINE,2.2056
LINE,2.2248
LINE,2.2224
LINE,2.2152
LTR,2.232
LINE,2.2504
LINE,2.2296
LINE,2.2104
LINE,2.2328
unique/low-repeat,2.2
SINE,2.1712
unique/low-repeat,2.2272
SINE,2.2136
other-repeat,2.2312
LTR,2.1792
SINE,2.2104
LTR,2.1152
other-repeat,2.1224
SINE,2.2056
SINE,2.2192
SINE,2.1648
LINE,2.1344
SINE,2.2248
Retroposon,2.1992
LINE,2.2272
LINE,2.2248
SINE,2.1592
SINE,2.2304
LINE,2.144
SINE,2.2216
SINE,2.2176
LTR,2.1664
SINE,2.2064
SINE,2.2032
SINE,2.1968
SINE,2.188
SINE,2.1256
SINE,2.2384
SINE,2.2304
SINE,2.2232
SINE,2.2248
SINE,2.1952
SINE,2.212
SINE,2.2368
SINE,2.1736
LINE,2.2216
unique/low-repeat,2.2232
unique/low-repeat,2.2384
SINE,2.2096
SINE,2.2208
SINE,2.2296
SINE,2.2104
SINE,2.1744
SINE,2.2064
SINE,2.2336
SINE,2.1928
LINE,2.2352
LINE,2.2216
SINE,2.2168
SINE,2.2304
SINE,2.212
LTR,2.2216
SINE,2.2016
SINE,2.2208
unique/low-repeat,2.2448
SINE,2.2128
SINE,2.208
SINE,2.2232
SINE,2.2104
unique/low-repeat,2.2536
SINE,2.2448
SINE,2.2344
LINE,2.2112
SINE,2.22
SINE,2.2384
SINE,2.2272
SINE,2.244
SINE,2.2304
LTR,2.2264
LINE,2.2224
LTR,2.236
SINE,2.1536
SINE,2.228
LTR,2.2128
SINE,2.1992
unique/low-repeat,2.2392
LINE,2.2304
unique/low-repeat,2.2392
LINE,2.228
LINE,2.2208
SINE,2.2344
LINE,2.2032
SINE,2.2368
LINE,2.2128
LINE,2.2232
SINE,2.2296
LINE,2.2136
SINE,2.2312
LINE,2.216
LINE,2.2344
SINE,2.22
LINE,2.2184
SINE,2.2264
LINE,2.2144
SINE,2.204
SINE,2.192
SINE,2.112
SINE,2.0944
SINE,2.188
SINE,2.1688
SINE,2.132
SINE,2.1328
SINE,2.1824
SINE,2.2264
SINE,2.2304
DNA,2.2472
SINE,2.1672
unique/low-repeat,2.2728
SINE,2.2232
unique/low-repeat,2.216
SINE,2.2144
LTR,2.196
SINE,2.2104
SINE,2.1576
SINE,2.0984
SINE,2.112
LINE,2.24
SINE,2.1992
SINE,2.2056
SINE,2.1896
SINE,2.1928
LTR,2.2224
SINE,2.1968
unique/low-repeat,2.2312
LINE,2.2088
LINE,2.224
LINE,2.1952
SINE,2.2
SINE,2.2072
SINE,2.2312
unique/low-repeat,2.2168
SINE,2.2152
SINE,2.1696
unique/low-repeat,2.2048
SINE,2.1384
SINE,2.1584
SINE,2.2256
SINE,2.1792
SINE,2.1864
SINE,2.216
SINE,2.192
SINE,2.1872
LINE,2.2088
SINE,2.2112
unique/low-repeat,2.2488
SINE,2.2136
SINE,2.1416
SINE,2.1968
unique/low-repeat,2.2384
SINE,2.2176
SINE,2.156
SINE,2.0824
SINE,2.1328
SINE,2.1288
SINE,2.1952
Retroposon,2.104
unique/low-repeat,2.2088
SINE,2.1536
LTR,2.2112
SINE,2.208
SINE,2.2016
other-repeat,2.2416
SINE,2.1744
LINE,2.2272
SINE,2.1696
other-repeat,2.2264
LINE,2.1992
LINE,2.228
LTR,1.9936
LINE,2.2488
SINE,2.2224
SINE,2.204
SINE,2.164
SINE,2.2272
LTR,2.2472
DNA,2.2328
SINE,2.212
SINE,2.2304
SINE,2.2352
SINE,2.1784
LINE,2.2328
SINE,2.2104
SINE,2.2384
unique/low-repeat,2.2392
SINE,2.2096
SINE,2.1848
SINE,2.1536
LINE,2.232
DNA,2.2464
SINE,2.2376
LINE,2.2184
SINE,2.2216
SINE,2.212
SINE,2.2424
SINE,2.2208
LTR,2.2256
SINE,2.2232
LINE,2.2312
LTR,2.2336
SINE,2.2352
DNA,2.24
SINE,2.2336
LTR,2.204
SINE,2.2312
SINE,2.22
SINE,2.2392
SINE,2.236
LINE,2.2256
LTR,2.2272
LINE,2.2344
LTR,2.2352
LTR,2.2072
LINE,2.2096
SINE,2.2272
LINE,2.228
LINE,2.2368
LINE,2.236
LINE,2.2168
LINE,2.18
LTR,2.2224
LINE,2.2216
LINE,2.2336
LTR,2.228
LINE,2.224
LTR,2.2296
SINE,2.1192
LINE,2.2184
SINE,2.2336
LTR,2.224
DNA,2.2232
LINE,2.1984
SINE,2.2264
SINE,2.2024
SINE,2.2296
SINE,2.0872
SINE,2.1688
SINE,2.2088
LTR,2.2392
SINE,2.2168
LINE,2.2368
SINE,2.2248
SINE,2.2248
SINE,2.2328
SINE,2.128
LTR,2.2216
LTR,2.2288
LTR,2.2392
SINE,2.1712
SINE,2.18
LINE,2.2128
LINE,2.2144
SINE,2.2256
SINE,2.1408
SINE,2.2352
SINE,2.2296
SINE,2.2128
SINE,2.104
SINE,2.2088
SINE,2.2344
SINE,2.2192
SINE,2.2112
SINE,2.2184
SINE,2.12
SINE,2.1184
SINE,2.18
SINE,2.2192
SINE,2.2192
SINE,2.1848
SINE,2.1576
SINE,2.1832
SINE,2.1704
SINE,2.2096
SINE,2.192
SINE,2.2176
SINE,2.1608
SINE,1.952
SINE,2.1624
SINE,2.1616
SINE,2.216
LINE,2.2344
SINE,2.2296
SINE,2.2304
SINE,2.1688
SINE,2.1416
SINE,2.1488
SINE,2.1904
SINE,2.1912
SINE,2.2184
unique/low-repeat,2.2152
SINE,2.1864
SINE,2.0936
SINE,2.2136
unique/low-repeat,2.2256
SINE,2.2144
SINE,2.1872
unique/low-repeat,2.2192
SINE,2.256
SINE,2.1832
LTR,2.2112
LINE,2.22
SINE,2.2096
LINE,2.232
LINE,2.22
LINE,2.2432
SINE,2.232
SINE,2.144
SINE,2.1648
SINE,2.212
LINE,2.228
SINE,2.2024
unique/low-repeat,2.2224
SINE,2.2256
SINE,2.2208
SINE,2.136
SINE,2.1304
SINE,2.128
LTR,2.2024
SINE,2.2176
SINE,2.2
SINE,2.1952
SINE,2.1824
SINE,2.14
SINE,2.1432
SINE,2.104
SINE,2.1848
SINE,2.1968
SINE,2.0896
SINE,2.2008
SINE,2.1488
SINE,2.144
SINE,2.2
SINE,2.1496
SINE,2.224
SINE,2.164
LINE,2.2376
SINE,2.1984
SINE,2.22
SINE,2.2168
SINE,1.9048
SINE,2.2344
SINE,2.1896
SINE,2.2328
LTR,2.2288
SINE,2.2128
SINE,2.2176
SINE,2.1888
SINE,2.1904
SINE,2.2168
SINE,2.1832
SINE,2.144
unique/low-repeat,2.24
SINE,2.2264
SINE,2.1664
LINE,2.2256
SINE,2.1824
SINE,2.0512
SINE,2.2064
LINE,2.2128
LINE,2.2384
SINE,2.2192
LINE,2.2304
LTR,2.2184
SINE,2.1608
DNA,2.2536
SINE,2.1608
SINE,2.192
SINE,2.2336
LINE,2.2024
SINE,2.2032
SINE,2.2168
LINE,2.2472
LINE,2.24
SINE,2.192
LINE,2.2536
SINE,2.2168
SINE,2.1312
SINE,2.1672
SINE,2.2224
LTR,2.2368
unique/low-repeat,2.2344
unique/low-repeat,2.248
SINE,2.2456
unique/low-repeat,2.2136
SINE,2.1912
SINE,2.2216
SINE,2.192
SINE,2.2104
LINE,2.2032
LINE,2.2392
LINE,2.228
LINE,2.2272
LTR,2.2464
unique/low-repeat,2.2232
Simple_repeat,2.1224
unique/low-repeat,2.1272
SINE,2.2224
unique/low-repeat,2.236
SINE,2.2376
unique/low-repeat,2.2352
SINE,2.1512
unique/low-repeat,1.904
unique/low-repeat,2.2
SINE,2.2176
SINE,2.2048
SINE,2.2392
LINE,2.2336
LINE,2.1424
LINE,2.236
DNA,2.216
unique/low-repeat,2.124
LINE,2.24
unique/low-repeat,2.236
LINE,2.1792
LINE,2.2168
LINE,2.2336
LINE,2.224
LTR,2.2256
LINE,2.2272
LINE,2.232
LINE,2.2344
LINE,2.2056
LINE,2.2288
LINE,2.2216
unique/low-repeat,2.224
LTR,2.2056
LINE,2.2376
SINE,2.1936
LINE,2.2144
LTR,2.1744
unique/low-repeat,2.2504
LINE,2.1888
LINE,2.224
unique/low-repeat,2.1976
Simple_repeat,2.1824
unique/low-repeat,2.2256
unique/low-repeat,2.1656
LINE,2.2184
LINE,2.2312
LINE,2.1128
LINE,2.2
LTR,2.2256
LINE,2.1992
LTR,2.212
unique/low-repeat,2.2304
LINE,2.2344
LINE,2.2416
LINE,2.2096
LTR,2.2248
LINE,2.028
LINE,2.24
LINE,2.2208
unique/low-repeat,2.2232
LINE,2.2136
LINE,2.2432
LINE,2.212
LTR,2.184
LINE,2.1952
unique/low-repeat,2.2048
SINE,2.1712
LINE,2.2016
unique/low-repeat,2.2032
SINE,2.156
unique/low-repeat,2.1736
SINE,2.1784
SINE,2.0368
SINE,2.0424
unique/low-repeat,2.1936
LINE,2.1496
SINE,2.216
Simple_repeat,1.616
LTR,2.2304
unique/low-repeat,2.2248
LTR,2.2368
LINE,2.224
unique/low-repeat,2.2144
unique/low-repeat,2.2424
unique/low-repeat,2.2408
LTR,2.2
LTR,2.232
LINE,2.2344
LINE,2.2264
LINE,2.2488
LINE,2.2224
LINE,2.2088
LINE,2.232
LINE,2.2192
unique/low-repeat,2.2376
LTR,2.0096
LTR,2.1992
LTR,2.1384
LINE,2.2104
LINE,2.2328
unique/low-repeat,2.2072
DNA,2.2296
LINE,2.2136
LINE,2.2176
LTR,2.2408
LTR,2.076
LTR,2.224
LTR,2.2376
LTR,2.236
LTR,2.244
LINE,2.2392
LTR,2.2272
LINE,2.2112
LINE,2.1944
LTR,2.2272
DNA,2.212
SINE,2.2168
SINE,2.2072
unique/low-repeat,2.2176
LTR,2.2288
LTR,2.2344
unique/low-repeat,2.2184
SINE,2.2392
SINE,2.2296
SINE,2.2312
SINE,2.2312
SINE,2.2408
SINE,2.1816
LTR,2.2144
LINE,2.228
LINE,2.212
LINE,2.2312
LINE,2.2312
LINE,2.2432
LINE,2.2352
LINE,2.2176
LINE,2.248
LINE,2.2344
LTR,2.228
SINE,2.2344
SINE,2.0928
SINE,2.24
LTR,2.2352
unique/low-repeat,2.2464
SINE,2.2264
LINE,2.2216
LINE,2.2352
SINE,2.2352
LINE,2.2168
LINE,2.2272
LINE,2.2072
LINE,2.204
LTR,2.2464
LINE,2.2448
LINE,2.2384
SINE,2.192
SINE,2.2384
LINE,2.2168
SINE,2.2048
LINE,2.204
LINE,2.2248
LINE,2.2288
SINE,2.2336
LINE,2.244
SINE,2.2392
SINE,2.2136
LINE,2.1784
SINE,2.124
SINE,2.2256
SINE,2.2088
SINE,2.1328
LTR,2.244
LINE,2.2208
SINE,2.2368
LINE,2.2176
LINE,2.2392
LTR,2.2416
LINE,2.2328
LINE,2.1488
LINE,2.224
LINE,2.2288
LINE,2.2104
LTR,2.2104
LTR,2.2312
LINE,2.22
LINE,2.2176
LINE,2.204
LINE,2.2336
LINE,2.2096
LTR,2.2376
LINE,2.2152
SINE,2.2248
LINE,2.1984
LINE,2.2352
LINE,2.2176
LINE,2.2304
LTR,2.228
LINE,2.2096
SINE,2.2248
LINE,2.232
SINE,2.2312
LINE,2.22
LINE,2.2368
LINE,2.2056
unique/low-repeat,2.2264
LINE,2.22
SINE,2.2368
LINE,2.2216
LINE,2.2328
LTR,2.2456
LTR,2.2192
SINE,2.2184
LTR,2.2232
SINE,2.2256
DNA,2.2336
LINE,2.2336
LINE,2.2192
LINE,2.1976
LTR,2.2144
LINE,2.216
LINE,2.2472
SINE,2.2392
LINE,2.2224
SINE,2.2424
LINE,2.2312
unique/low-repeat,2.2336
LINE,2.2408
SINE,2.2272
LINE,2.24
LINE,2.2296
LTR,2.2312
SINE,2.2104
LINE,2.1488
SINE,2.1752
SINE,2.2032
SINE,2.2032
SINE,2.172
SINE,2.1664
SINE,2.2088
SINE,2.228
SINE,2.14
SINE,2.164
SINE,2.1408
SINE,2.1472
SINE,2.156
SINE,2.1688
SINE,2.2528
LINE,2.248
unique/low-repeat,2.2384
SINE,2.228
DNA,2.2352
SINE,2.2296
unique/low-repeat,2.1928
LINE,2.22
SINE,2.2352
LINE,2.2256
LTR,2.2408
SINE,2.2176
LINE,2.2304
LINE,2.2496
SINE,2.224
LINE,2.2112
LINE,2.2208
SINE,2.2408
SINE,2.2376
SINE,2.2304
SINE,2.2376
LINE,2.208
SINE,2.2224
SINE,2.252
LINE,2.2328
SINE,2.2272
unique/low-repeat,2.2496
SINE,2.224
SINE,2.2344
SINE,2.2456
LINE,1.952
DNA,2.2384
LINE,2.2216
LINE,2.2288
LINE,2.2312
SINE,2.2288
LINE,2.2112
LINE,2.2168
LINE,2.2456
LINE,2.2328
SINE,2.2216
SINE,2.232
SINE,2.2384
SINE,2.2008
SINE,2.252
SINE,1.9792
SINE,2.1688
LINE,2.244
LINE,2.2336
LINE,2.2288
unique/low-repeat,2.2344
LINE,2.252
LINE,2.2512
SINE,2.2144
SINE,2.2384
unique/low-repeat,2.2368
LINE,2.24
SINE,2.2376
unique/low-repeat,1.9728
LINE,2.2248
LINE,2.2328
LINE,2.2248
LTR,2.0728
LTR,2.2296
LINE,2.2352
LINE,2.2416
LINE,2.2432
LTR,2.2016
SINE,2.2368
SINE,2.1752
SINE,2.248
LINE,2.2256
SINE,2.2424
LINE,2.2408
SINE,2.22
SINE,2.2424
SINE,2.2256
SINE,2.248
LINE,2.2008
LINE,2.2272
SINE,2.2544
LINE,2.2272
DNA,2.2576
SINE,2.228
SINE,2.1776
SINE,2.2392
SINE,2.172
SINE,2.228
LINE,2.1752
LTR,2.1816
SINE,2.1952
LINE,2.2232
SINE,2.2096
LINE,2.232
LINE,2.2256
SINE,2.2224
SINE,2.2008
LINE,2.1936
LINE,2.2312
LINE,2.2384
SINE,2.2128
LTR,2.204
LINE,2.22
LTR,2.2408
LINE,2.216
LTR,2.2488
LINE,2.2288
LTR,2.236
LINE,2.2224
SINE,2.2344
SINE,2.2384
SINE,2.2184
LINE,2.2344
LINE,2.2344
LINE,2.2496
LINE,2.232
LTR,2.2336
LINE,2.2296
LINE,2.2144
LTR,2.2328
LINE,2.2256
LINE,2.2256
unique/low-repeat,2.2384
unique/low-repeat,2.236
SINE,2.2352
LINE,2.2392
LINE,2.2136
LINE,2.2216
SINE,2.2096
LINE,2.24
LINE,2.2224
LINE,2.2224
LTR,2.2312
LINE,2.2224
LINE,2.216
unique/low-repeat,2.228
DNA,2.244
LTR,2.2296
LINE,2.2144
LINE,2.2216
LINE,2.2304
DNA,2.2384
LINE,2.2344
unique/low-repeat,2.232
unique/low-repeat,2.2296
unique/low-repeat,2.2624
LINE,2.2248
LINE,2.2408
LINE,2.2128
unique/low-repeat,2.2408
LINE,2.224
unique/low-repeat,2.2168
LTR,2.224
DNA,2.2176
LINE,2.2216
LTR,2.2136
LINE,2.2064
LINE,2.212
LINE,2.2224
unique/low-repeat,2.2216
SINE,2.2104
LINE,2.2192
LTR,2.2368
LINE,2.2296
LINE,2.2168
LINE,2.2376
LINE,2.2144
LTR,2.2296
LINE,2.2064
LINE,2.2272
LINE,2.1976
SINE,2.2232
SINE,2.1792
SINE,2.2072
SINE,2.2128
SINE,2.2216
LINE,2.2296
LINE,2.1904
LINE,2.2248
LTR,2.2296
LTR,2.2392
LINE,2.2296
LINE,2.2232
LINE,2.228
LTR,2.2264
LINE,2.2088
LINE,2.2296
LINE,2.236
LINE,2.2216
LINE,2.2232
LINE,2.2112
LINE,2.2192
LINE,2.2184
LINE,2.216
LTR,2.236
DNA,2.2128
LINE,2.2264
LINE,2.2192
LTR,2.236
LINE,2.2336
LINE,2.2248
LTR,2.2344
LTR,2.228
LINE,2.236
LINE,2.2376
LTR,2.2232
LINE,2.2056
LINE,2.2288
LINE,2.212
LTR,2.2264
LINE,2.2152
LINE,2.2352
LINE,2.2096
SINE,2.2136
SINE,2.216
LINE,2.2176
SINE,2.2248
LINE,2.2064
LINE,2.2288
LINE,2.22
LINE,2.2296
LINE,2.224
LINE,2.2264
LTR,2.216
LTR,2.2264
LINE,2.1864
LINE,2.2184
LINE,2.228
LINE,2.2384
SINE,2.2328
LTR,2.232
LTR,2.2192
DNA,2.2288
SINE,2.2392
LINE,2.2544
LTR,2.216
SINE,2.1616
SINE,2.212
LINE,2.2224
SINE,2.2488
LINE,2.2152
unique/low-repeat,2.2296
LINE,2.2376
LINE,2.2376
LTR,2.2384
LINE,2.2264
LINE,2.224
LINE,2.2104
SINE,2.212
LTR,2.2248
LINE,2.2288
LTR,2.2376
LTR,2.2216
DNA,2.2264
LTR,2.2368
LINE,2.2224
unique/low-repeat,2.2344
DNA,2.2216
unique/low-repeat,2.2368
DNA,2.236
LINE,2.2288
LINE,2.2408
SINE,2.2256
LINE,2.22
LINE,2.2288
LINE,2.2312
LINE,2.2352
DNA,2.2312
LINE,2.2304
LINE,2.2296
LINE,2.2048
LINE,2.208
LTR,2.2304
LINE,2.2088
unique/low-repeat,2.228
LINE,2.2224
LINE,2.2248
LTR,2.2232
LINE,2.2248
LINE,2.2304
LTR,2.2224
LINE,2.2344
SINE,2.2136
LINE,2.2288
LINE,2.2264
LINE,2.2168
LTR,2.2344
LINE,2.2208
LINE,2.224
unique/low-repeat,2.2344
LINE,2.2248
LTR,2.2232
LTR,2.2312
LTR,2.2256
LINE,2.2216
SINE,2.2184
LINE,2.1952
LINE,2.2184
SINE,2.2048
SINE,2.212
SINE,2.1728
SINE,2.1512
SINE,2.1832
SINE,2.2096
SINE,2.2096
LINE,2.2224
LINE,2.2312
LTR,2.2304
LINE,2.228
LINE,2.2288
LINE,2.2152
LINE,2.2008
LINE,2.2168
LINE,2.2216
DNA,2.2312
SINE,2.2168
SINE,2.2296
LINE,2.224
LINE,2.2064
LINE,2.1872
LINE,2.2144
LINE,2.2008
LTR,2.2288
LINE,2.228
LTR,2.224
LTR,2.2344
LINE,2.2136
LINE,2.2152
SINE,2.2112
LINE,2.2352
SINE,2.2336
LINE,2.2032
unique/low-repeat,2.2344
LINE,2.2296
LINE,2.2152
LINE,2.228
unique/low-repeat,2.216
LTR,2.2272
LINE,2.2216
LINE,2.2024
LINE,2.2136
unique/low-repeat,2.2088
LINE,2.2216
unique/low-repeat,2.2128
LTR,2.232
unique/low-repeat,2.2256
DNA,2.216
LINE,2.2312
unique/low-repeat,2.2128
LINE,2.1752
LINE,2.2088
LINE,2.2352
LTR,2.1888
LINE,2.2176
DNA,2.2168
LINE,2.2224
LTR,2.2248
LTR,2.2296
LINE,2.232
LINE,2.2
LINE,2.2256
LTR,2.236
LTR,2.2312
LINE,2.236
LINE,2.2456
unique/low-repeat,2.2456
LINE,2.2296
LINE,2.2296
LINE,2.2432
LTR,2.2088
LTR,2.236
LTR,2.212
SINE,2.224
LTR,2.2168
LINE,2.2616
LINE,2.2232
LINE,2.2296
LINE,2.2336
SINE,2.2352
SINE,2.2416
LTR,2.1968
LTR,2.2248
SINE,2.2232
LINE,2.216
LINE,2.2248
LINE,2.2296
SINE,2.232
SINE,2.1888
SINE,2.2152
SINE,2.2392
SINE,2.2088
SINE,2.208
LTR,2.2048
SINE,2.132
SINE,2.1048
SINE,2.0512
SINE,2.192
SINE,1.9376
SINE,2.212
SINE,2.1352
SINE,2.2304
SINE,2.2232
SINE,2.196
LINE,2.232
SINE,2.2256
LINE,2.2248
LINE,2.2232
LINE,2.2232
LTR,2.1576
LINE,2.2032
LINE,2.2104
LINE,2.2248
LINE,2.1752
SINE,2.2256
LINE,2.2312
LINE,2.2136
LTR,2.2264
LINE,2.2232
LINE,2.228
LINE,2.2384
LINE,2.212
LINE,2.1944
LINE,2.2288
SINE,2.2016
unique/low-repeat,2.2296
LTR,2.2264
LINE,2.2136
LINE,2.2088
LINE,2.2304
LINE,2.204
LINE,2.2288
LTR,2.2248
LINE,2.2232
LINE,2.2208
LTR,2.2136
LINE,2.2336
LINE,2.228
LINE,2.2232
LINE,2.2288
LINE,2.2168
LINE,2.2264
LINE,2.22
LINE,2.2216
unique/low-repeat,2.228
LTR,2.2328
LINE,2.2272
LINE,2.1336
LINE,2.2416
LINE,2.2192
LTR,2.2192
LINE,2.224
LTR,2.2128
LINE,2.2216
LINE,2.2272
LTR,2.216
LINE,2.2392
LINE,2.2272
LINE,2.2352
LINE,2.2272
LTR,2.2408
SINE,2.212
LINE,2.204
unique/low-repeat,2.2176
LINE,2.212
LINE,2.2352
SINE,2.1088
LTR,2.1976
SINE,2.2152
SINE,2.2184
SINE,2.1944
LINE,2.208
LINE,2.208
LINE,2.244
LTR,2.228
LTR,2.2408
SINE,2.2432
LINE,2.2224
SINE,2.2344
unique/low-repeat,2.2472
LINE,2.2384
LINE,2.228
LINE,2.156
LINE,2.2112
LINE,2.2416
LINE,2.2376
LINE,2.2288
SINE,2.2264
LINE,2.2184
LINE,2.2216
LINE,2.2144
LINE,2.236
unique/low-repeat,2.2112
unique/low-repeat,2.2216
LINE,2.22
LINE,2.2152
LINE,2.224
LINE,2.2256
LINE,2.2352
LINE,2.2272
LINE,2.2208
LINE,2.2048
LINE,2.2232
LINE,2.2104
LINE,2.2392
LINE,2.232
LINE,2.2272
SINE,2.2296
LINE,2.2096
SINE,2.2312
LTR,2.2392
SINE,2.192
LINE,2.1672
LINE,2.2392
LINE,2.2336
LTR,2.2176
LINE,2.2176
LINE,2.224
Simple_repeat,2.0688
LINE,2.2224
LTR,2.2256
LTR,2.2376
LTR,2.236
DNA,2.2176
LINE,2.2224
LINE,2.2184
LINE,2.2264
LINE,2.224
SINE,2.2336
LINE,2.2208
SINE,2.1384
LINE,2.2136
LINE,2.2304
LINE,2.2288
LINE,2.2168
LINE,2.2392
LTR,2.2376
LTR,2.2256
LINE,2.2128
LINE,2.2288
LINE,2.2248
SINE,2.2232
LINE,2.2224
LINE,2.2416
SINE,2.2408
LINE,2.2296
LINE,2.236
LINE,2.2128
LINE,2.2232
LINE,2.2288
LINE,2.224
LTR,2.2336
LINE,2.2248
LINE,2.22
LINE,2.1656
LINE,2.1816
LINE,2.208
SINE,2.148
SINE,2.1768
SINE,2.1776
LINE,2.2208
SINE,2.2064
LINE,2.232
LINE,2.224
LINE,2.2384
LINE,2.2336
LINE,2.2192
unique/low-repeat,2.2432
SINE,2.2152
SINE,2.2224
SINE,2.1976
SINE,2.22
LINE,2.22
LTR,2.2488
DNA,2.2384
LTR,2.2096
LINE,2.2432
SINE,2.224
LINE,2.2368
LINE,2.2392
SINE,2.2344
SINE,2.2128
LINE,2.2072
LTR,2.2248
LINE,2.2184
LINE,2.224
LINE,2.2528
LINE,2.2272
LINE,2.2008
unique/low-repeat,2.268
LINE,2.2424
LTR,2.2408
LINE,2.2328
LINE,2.2328
LINE,2.2304
LINE,2.1952
LINE,2.208
LTR,2.2296
unique/low-repeat,2.2176
LTR,2.1984
SINE,2.2048
LTR,2.2232
LINE,2.2264
SINE,2.232
SINE,2.2168
DNA,2.2328
SINE,2.1912
SINE,2.2088
unique/low-repeat,2.2512
SINE,2.2112
LTR,2.2512
LINE,2.2296
LTR,2.2432
SINE,2.2216
LTR,2.2176
LTR,2.2432
LINE,2.2176
SINE,2.2344
SINE,2.2008
DNA,2.2224
LINE,2.2296
DNA,2.224
LINE,2.2352
unique/low-repeat,2.2336
unique/low-repeat,2.224
LTR,2.2424
LTR,2.228
LTR,2.2384
LTR,2.2552
LINE,2.2472
SINE,2.2104
LINE,2.2376
SINE,2.2168
LTR,2.244
SINE,2.2256
LINE,2.2368
LINE,2.2144
LINE,2.2112
unique/low-repeat,2.228
LINE,2.204
SINE,2.1896
SINE,2.1912
SINE,2.1664
SINE,2.1992
LINE,2.18
LTR,2.1872
SINE,2.1816
SINE,2.2184
unique/low-repeat,2.2376
LINE,2.224
LINE,2.1856
SINE,2.172
SINE,2.0976
SINE,2.0952
SINE,2.2136
LINE,2.1912
SINE,2.14
SINE,2.2008
Retroposon,2.02
SINE,2.1608
LTR,2.2344
SINE,2.2088
unique/low-repeat,2.216
SINE,2.0544
SINE,2.0864
SINE,2.1704
unique/low-repeat,2.1976
unique/low-repeat,2.2144
SINE,2.2232
unique/low-repeat,2.24
SINE,2.0984
SINE,2.14
SINE,2.1568
unique/low-repeat,2.2424
SINE,2.1112
SINE,2.0496
SINE,2.1888
SINE,2.1288
SINE,1.9376
SINE,2.1416
unique/low-repeat,2.2296
LINE,2.2128
unique/low-repeat,2.2216
unique/low-repeat,2.2224
SINE,2.2104
SINE,2.1448
SINE,2.0888
SINE,2.0512
unique/low-repeat,2.232
unique/low-repeat,2.2136
unique/low-repeat,2.216
SINE,2.2032
unique/low-repeat,2.2176
SINE,2.208
LINE,2.1968
LINE,2.2288
LINE,2.2016
LINE,2.208
LINE,2.224
LINE,2.2224
unique/low-repeat,2.2336
LINE,2.2296
LINE,2.204
SINE,2.208
SINE,2.0368
SINE,2.0936
SINE,2.1368
SINE,2.2184
LTR,2.2304
unique/low-repeat,2.2288
unique/low-repeat,2.224
unique/low-repeat,2.2264
unique/low-repeat,2.1976
SINE,2.2008
unique/low-repeat,2.2272
SINE,2.2056
SINE,2.2264
SINE,2.1728
SINE,2.1712
LTR,2.2352
SINE,2.2208
LTR,2.2264
LINE,2.2176
LINE,2.2032
SINE,2.1992
SINE,2.1448
unique/low-repeat,2.2328
SINE,2.1928
SINE,2.1448
LINE,2.1816
LTR,2.2072
LINE,2.2008
LINE,2.224
LINE,2.2312
unique/low-repeat,2.2272
LINE,2.2304
LINE,2.232
LINE,2.244
unique/low-repeat,2.2416
unique/low-repeat,2.2616
DNA,2.2464
SINE,2.2504
LINE,2.1704
LINE,2.2208
LINE,2.2104
SINE,2.2168
LINE,2.2288
LTR,2.2592
SINE,2.2432
LTR,2.22
LINE,2.2208
SINE,2.216
LTR,2.2128
SINE,2.2208
LINE,2.2136
LINE,2.24
LINE,2.2288
unique/low-repeat,2.2448
LINE,2.2488
unique/low-repeat,2.2288
SINE,2.1928
LINE,2.204
LINE,2.2256
SINE,2.2464
unique/low-repeat,2.2296
LINE,2.2
LINE,2.2296
LINE,2.232
unique/low-repeat,2.2408
LTR,2.2248
LINE,2.2264
LINE,2.2648
SINE,2.2248
unique/low-repeat,2.228
LINE,2.2408
LINE,2.2352
LINE,2.196
LINE,2.2128
unique/low-repeat,2.2216
LINE,2.2192
LINE,2.2208
LINE,2.2416
SINE,2.2312
LINE,2.2248
LINE,2.2232
LTR,2.2248
SINE,2.2328
LINE,2.2008
SINE,2.1872
SINE,2.1816
SINE,2.1928
SINE,2.2248
SINE,2.2168
SINE,2.2336
SINE,2.2232
SINE,2.196
unique/low-repeat,2.2368
SINE,2.216
LTR,2.2392
LINE,2.2312
LINE,2.1992
SINE,2.208
SINE,2.192
LINE,2.204
SINE,2.1808
SINE,2.1736
SINE,2.156
SINE,2.1216
SINE,2.2408
SINE,2.2312
Retroposon,2.1576
SINE,2.1976
LINE,2.2048
LTR,2.2288
unique/low-repeat,2.252
SINE,2.2336
LINE,2.2296
LTR,2.2064
LINE,2.2352
LINE,2.1224
LINE,2.2368
LINE,2.2224
LINE,2.2288
LINE,2.2224
LINE,2.2184
LINE,2.2168
LINE,2.1936
LTR,2.2328
LINE,2.2256
SINE,2.2368
LINE,2.2224
LINE,2.22
LTR,2.2384
LTR,2.252
LTR,2.2192
LINE,2.2464
unique/low-repeat,2.2368
Simple_repeat,2.1792
unique/low-repeat,2.2304
LINE,2.1976
LINE,2.2224
LTR,2.2296
unique/low-repeat,2.2368
LINE,2.2328
LINE,2.2392
LINE,2.2184
LINE,2.2152
DNA,2.2248
unique/low-repeat,2.2272
LINE,2.2456
LINE,2.2376
LINE,2.2184
SINE,2.2272
LINE,2.2488
LTR,2.2312
LINE,2.2272
LINE,2.22
LINE,2.2224
LINE,2.2256
LINE,2.2192
LINE,2.24
LINE,2.236
LINE,2.2312
LINE,2.22
LINE,2.2224
LTR,2.2136
LTR,2.2312
SINE,2.2264
SINE,2.2048
SINE,2.22
SINE,2.2368
SINE,2.2016
SINE,2.2136
LINE,2.2312
SINE,2.228
SINE,2.2248
SINE,2.2216
unique/low-repeat,2.236
unique/low-repeat,2.2352
unique/low-repeat,2.228
LINE,2.2448
SINE,2.228
SINE,2.2256
SINE,2.2328
LINE,2.2336
DNA,2.2232
LINE,2.2368
SINE,2.2264
unique/low-repeat,2.2144
LINE,2.2272
LTR,2.232
LINE,2.2136
LINE,2.2152
LINE,2.224
LTR,2.1888
SINE,2.2376
LINE,2.2152
LINE,2.22
LINE,2.2376
unique/low-repeat,2.2192
LINE,2.1888
LINE,2.2408
SINE,2.2064
SINE,2.2256
LINE,2.2168
LINE,2.22
LINE,2.224
SINE,2.2312
LINE,2.2072
LINE,2.2288
LINE,2.2392
SINE,2.2272
LINE,2.2296
LINE,2.236
LINE,2.2384
SINE,2.232
LINE,2.236
DNA,2.2264
LTR,2.2192
LINE,2.228
LINE,2.2304
LINE,2.2264
LINE,2.2112
LINE,2.232
LINE,2.2432
SINE,2.2376
LINE,2.2408
LTR,2.2264
LTR,2.2232
LINE,2.2448
LINE,2.2192
LINE,2.1584
SINE,2.2336
unique/low-repeat,2.2288
LINE,2.2232
SINE,2.2488
LINE,2.2408
LTR,2.2224
SINE,2.2368
SINE,2.2288
SINE,2.2104
SINE,2.2168
SINE,2.2072
SINE,2.2176
SINE,2.244
SINE,2.2376
SINE,2.1848
SINE,2.2056
SINE,2.2232
SINE,2.216
SINE,2.1928
LTR,2.2144
LINE,2.2352
LINE,2.1944
LINE,2.2368
SINE,2.2312
SINE,2.2088
SINE,2.228
SINE,2.228
LINE,2.232
LINE,2.2096
LINE,2.2176
LINE,2.204
LINE,2.1952
LINE,2.2336
LINE,2.2256
LINE,2.2352
LTR,2.2264
SINE,2.2256
LINE,2.2336
LINE,2.2208
LTR,2.2264
LINE,2.2248
LINE,2.2072
LINE,2.2224
unique/low-repeat,2.232
LINE,2.2144
LTR,2.2312
SINE,2.2152
LINE,2.2328
SINE,2.2128
LINE,2.2152
LINE,2.2424
LINE,2.2264
LINE,2.2152
LINE,2.232
LINE,2.2336
LINE,2.232
SINE,2.2344
LINE,2.2368
LINE,2.2256
SINE,2.2384
SINE,2.224
SINE,2.2344
SINE,2.1552
SINE,2.1384
LINE,2.1696
LINE,2.2248
LINE,2.228
LINE,2.2176
unique/low-repeat,2.22
LINE,2.2256
LINE,2.2312
LINE,2.228
LINE,2.22
LINE,2.2392
LTR,2.232
LINE,2.232
LINE,2.18
SINE,2.2232
LINE,2.2368
LTR,2.2248
LINE,2.2264
LINE,2.2248
LTR,2.216
LINE,2.2288
DNA,2.2432
unique/low-repeat,2.2168
unique/low-repeat,2.2328
LINE,2.236
unique/low-repeat,2.2208
LINE,2.2384
unique/low-repeat,2.256
unique/low-repeat,2.2408
unique/low-repeat,2.2432
LINE,2.24
unique/low-repeat,2.248
unique/low-repeat,2.2464
SINE,2.2368
LINE,2.2024
unique/low-repeat,2.2504
SINE,2.2312
SINE,2.232
SINE,2.2232
SINE,2.228
LINE,2.2384
SINE,2.2384
SINE,2.2344
SINE,2.224
LINE,2.2208
LTR,2.228
DNA,2.2448
LINE,2.2104
LINE,2.244
SINE,2.16
SINE,2.2336
SINE,2.2072
LINE,2.2064
SINE,2.208
SINE,2.2328
SINE,2.2312
SINE,2.2376
LTR,2.2304
SINE,2.1824
SINE,2.1952
SINE,2.1472
SINE,2.1784
unique/low-repeat,2.2192
LINE,2.224
LINE,2.1984
SINE,2.2208
SINE,2.2288
SINE,2.2432
SINE,2.2456
SINE,2.2328
unique/low-repeat,2.228
unique/low-repeat,2.2272
LINE,2.2136
LTR,2.2376
LINE,2.2344
SINE,2.224
SINE,2.224
DNA,2.2208
SINE,2.216
LINE,2.2264
SINE,2.236
DNA,2.2304
DNA,2.2216
SINE,2.2328
LINE,2.228
LTR,2.2112
SINE,2.224
LINE,2.2128
LINE,2.2176
LINE,2.224
LINE,2.2256
LINE,2.1992
LINE,2.2352
LTR,2.2432
LINE,2.2096
LINE,2.2224
LINE,2.2352
Satellite,2.176
SINE,2.176
LTR,2.2152
LTR,2.1888
LTR,2.22
LINE,2.1928
LINE,2.2264
LINE,2.2472
unique/low-repeat,2.2
LTR,2.2024
DNA,2.132
LINE,2.2344
LINE,2.232
LINE,2.224
LINE,2.2288
unique/low-repeat,2.2184
unique/low-repeat,2.2264
SINE,2.2248
LTR,2.2368
SINE,2.2048
SINE,2.2368
SINE,2.2224
unique/low-repeat,2.1944
unique/low-repeat,2.2328
LINE,2.2144
SINE,2.2416
LINE,2.2232
LINE,2.2224
SINE,2.228
unique/low-repeat,2.2288
LINE,2.2232
unique/low-repeat,2.2248
Simple_repeat,1.9352
LTR,2.2312
unique/low-repeat,2.2232
LINE,2.2312
LINE,2.172
LINE,2.22
unique/low-repeat,2.212
LTR,2.2368
unique/low-repeat,2.2216
LINE,2.2104
unique/low-repeat,2.2288
LTR,2.2232
SINE,2.212
LTR,2.24
LTR,2.2208
DNA,2.22
LINE,2.2176
LINE,2.1944
LINE,2.236
LTR,2.2376
SINE,2.1936
SINE,2.2232
SINE,2.204
SINE,2.2136
LINE,2.232
LINE,2.2144
LINE,2.2232
LINE,2.2168
unique/low-repeat,2.2256
LINE,2.224
LINE,2.2312
LINE,2.2328
LINE,2.2136
LINE,2.2184
DNA,2.136
unique/low-repeat,2.2168
LINE,2.2144
unique/low-repeat,2.212
LINE,2.2216
unique/low-repeat,2.2184
LINE,2.2208
LINE,2.22
LINE,2.2112
LTR,2.2016
unique/low-repeat,2.2152
unique/low-repeat,2.2224
LINE,2.2008
LINE,2.2192
LINE,2.228
LINE,2.2248
LTR,2.2232
LINE,2.2048
LINE,2.2152
LINE,2.2264
LTR,2.212
DNA,2.216
LINE,2.2104
LINE,2.228
LINE,2.2232
LTR,2.2176
LINE,2.2208
unique/low-repeat,2.2184
LINE,2.2208
LINE,2.2176
DNA,2.2248
LINE,2.2288
SINE,2.2104
LTR,2.216
LINE,2.2392
unique/low-repeat,2.216
LINE,2.212
LTR,2.244
unique/low-repeat,2.2384
LINE,2.2296
LINE,2.2296
LINE,2.2088
LINE,2.2096
LINE,2.236
LTR,2.2248
LINE,2.2128
LINE,2.2152
LINE,2.2104
LINE,2.2144
LINE,2.212
LINE,2.2176
LINE,2.1968
LINE,2.2144
LINE,2.208
LTR,2.224
LINE,2.2208
LINE,2.2152
LTR,2.2216
LTR,2.236
LINE,2.2144
LINE,2.2184
LINE,2.196
LINE,2.208
LTR,2.2224
DNA,2.2392
DNA,2.2088
unique/low-repeat,2.2192
LINE,2.2256
LINE,2.2248
LTR,2.1664
LTR,2.2248
LINE,2.2288
LINE,2.2088
LINE,2.2136
LTR,2.228
LTR,2.2312
LINE,2.212
LTR,2.2112
LTR,2.2288
LINE,2.2224
LINE,2.2224
LINE,2.1952
LINE,2.2184
LINE,2.224
LINE,2.224
LINE,2.216
LTR,2.2104
LTR,2.2184
LINE,2.2264
LTR,2.216
LINE,2.2024
unique/low-repeat,2.2112
unique/low-repeat,2.2104
LTR,2.2256
LINE,2.2232
LINE,2.1976
LINE,2.2248
LINE,2.2168
unique/low-repeat,2.1984
unique/low-repeat,2.2072
unique/low-repeat,2.2248
LTR,2.2048
unique/low-repeat,2.228
SINE,2.208
unique/low-repeat,2.2
LTR,2.2208
LINE,2.2072
DNA,2.2152
LINE,2.212
LINE,2.2208
LINE,2.2192
unique/low-repeat,2.196
unique/low-repeat,2.2176
LTR,2.2336
LINE,2.2264
LTR,2.2168
LINE,2.208
LINE,2.2368
LINE,2.2032
LINE,2.2184
LTR,2.2448
LINE,2.2232
LINE,2.212
LINE,2.2424
LTR,2.224
LTR,2.2176
LINE,2.2112
LINE,2.216
LINE,2.216
LTR,2.232
LINE,2.2088
SINE,2.2296
LTR,2.2416
LTR,2.2128
LTR,2.2144
LINE,2.2032
LTR,2.2224
DNA,2.2176
LTR,2.1736
LINE,2.2144
LINE,2.2208
LINE,2.2216
DNA,2.2344
LINE,2.2184
LTR,2.2232
LTR,2.2224
unique/low-repeat,2.2232
LINE,2.2336
LTR,2.2352
unique/low-repeat,2.2616
LTR,2.22
LTR,2.2304
DNA,2.2224
LTR,2.2392
LINE,2.22
unique/low-repeat,2.2304
DNA,2.204
LINE,2.216
LINE,2.2272
LINE,2.2128
LINE,2.228
LINE,2.2136
LINE,2.2
unique/low-repeat,2.2112
LINE,2.22
LINE,2.2184
LTR,2.2056
LINE,2.2232
LINE,2.2144
LINE,2.2232
LINE,2.212
LTR,2.2368
LTR,2.2328
LINE,2.2232
LINE,2.2296
unique/low-repeat,2.22
unique/low-repeat,2.204
LINE,2.2488
LTR,2.2264
unique/low-repeat,2.2056
LTR,2.2192
LINE,2.2048
LINE,2.2192
unique/low-repeat,2.2152
LINE,2.2056
LTR,2.1856
LINE,2.24
unique/low-repeat,2.236
LINE,2.2208
LINE,2.2168
LTR,2.224
LINE,2.2152
LINE,2.224
LINE,2.2304
LTR,2.208
Satellite,1.74
Satellite,1.488
LINE,2.212
LINE,2.1824
LINE,2.2128
LINE,2.2128
LINE,2.2272
DNA,2.2128
LINE,2.2256
LINE,2.2168
LINE,2.2264
LINE,2.1944
LINE,2.2112
unique/low-repeat,2.2224
other-repeat,2.2216
LINE,2.228
LTR,2.2208
unique/low-repeat,2.2256
unique/low-repeat,2.2144
LINE,2.2184
SINE,2.22
LINE,2.2296
LINE,2.224
SINE,2.2112
LTR,2.2216
LINE,2.2056
LINE,2.2144
LINE,2.2408
LTR,2.22
LTR,2.22
LINE,2.2088
LINE,2.2072
LINE,2.2176
LINE,2.2088
LINE,2.2176
LINE,2.2328
LINE,2.208
LINE,2.2288
LTR,2.22
LINE,2.2064
LTR,2.2088
LTR,2.1928
LINE,2.2232
LINE,2.2288
LTR,2.22
LINE,2.2008
LINE,2.2152
LINE,2.2304
LTR,2.2248
LTR,2.2112
LTR,2.2152
LTR,2.2088
LINE,2.1968
LINE,2.2088
LINE,2.2096
LINE,2.2232
LTR,2.2336
LINE,2.2096
LINE,2.2144
unique/low-repeat,2.2128
LINE,2.2184
LINE,2.2056
LINE,2.2344
unique/low-repeat,2.2
LTR,2.2352
LINE,2.22
LINE,2.2296
unique/low-repeat,2.2224
LINE,2.2072
LINE,2.2176
LINE,2.2136
LINE,2.22
LTR,2.2232
LINE,2.2256
LINE,2.2192
LINE,2.24
LINE,2.204
LINE,2.2392
unique/low-repeat,2.22
LINE,2.2192
LINE,2.2288
LINE,2.24
LINE,2.2392
LTR,2.2192
unique/low-repeat,2.2168
LINE,2.2224
LINE,2.2352
unique/low-repeat,2.2344
unique/low-repeat,2.1976
unique/low-repeat,2.2368
SINE,2.2504
SINE,2.2024
SINE,2.2344
DNA,2.2296
LTR,2.2312
LINE,2.172
LTR,2.2304
LINE,2.2216
LTR,2.2272
LINE,2.2304
LINE,2.2056
LINE,2.228
LINE,2.2224
LINE,2.2112
LINE,2.216
LINE,2.2152
LINE,2.2584
SINE,2.2168
LINE,2.1936
SINE,2.2016
SINE,2.2144
SINE,2.2336
DNA,2.2296
LINE,2.2168
unique/low-repeat,2.2392
LINE,2.2112
LTR,2.228
LINE,2.2184
LINE,2.22
LINE,2.224
LTR,2.2256
LINE,2.2304
LTR,2.2048
LINE,2.2088
LINE,2.2248
LINE,2.196
LTR,2.216
LTR,2.216
LINE,2.2392
LTR,2.2208
SINE,2.2264
SINE,2.2176
unique/low-repeat,2.2248
unique/low-repeat,2.2048
LINE,2.2112
LTR,2.232
LINE,2.2288
LTR,2.2344
LINE,2.2232
SINE,2.224
DNA,2.2208
LTR,2.2528
LTR,2.2472
LTR,2.2312
SINE,2.232
LINE,2.2288
LINE,2.2264
LINE,2.2384
unique/low-repeat,2.2216
unique/low-repeat,2.2168
unique/low-repeat,2.208
unique/low-repeat,2.2328
SINE,2.2208
unique/low-repeat,2.228
LINE,2.22
LTR,2.2264
LTR,2.232
SINE,2.2264
LINE,2.2328
LINE,2.2232
LINE,2.2024
SINE,2.2296
LINE,2.2144
SINE,2.1944
LINE,2.2168
SINE,2.2104
LINE,2.148
LINE,2.2152
LINE,2.2288
LINE,2.2432
LINE,2.2056
LINE,2.2232
SINE,2.212
LTR,2.2088
LTR,2.2304
LINE,2.2208
LINE,2.2088
LINE,2.1792
LINE,2.2168
LINE,2.2104
LINE,2.2192
LINE,2.2176
LTR,2.22
LINE,2.2416
LINE,2.192
LINE,2.2072
LINE,2.2256
LINE,2.2184
LINE,2.2256
LINE,2.2144
LTR,2.2216
LINE,2.2336
LTR,2.2032
unique/low-repeat,2.2184
LTR,2.2264
LINE,2.2264
LTR,2.2136
LINE,2.2008
LTR,2.2296
LTR,2.2144
LINE,2.2072
LINE,2.2232
LTR,2.2232
LTR,2.2128
LINE,2.1984
LTR,2.2176
LINE,2.2128
LINE,2.2296
LINE,2.22
LINE,2.2232
LTR,2.2248
unique/low-repeat,2.2048
unique/low-repeat,2.2224
SINE,2.2256
LINE,2.2296
LINE,2.2056
LINE,2.2328
LINE,2.2072
LINE,2.2192
LINE,2.212
LINE,2.196
unique/low-repeat,2.22
SINE,2.2328
LINE,2.2264
unique/low-repeat,2.2248
LTR,2.1856
LINE,2.2304
unique/low-repeat,2.236
LINE,2.2296
LINE,2.2096
SINE,2.2472
LINE,2.2128
LTR,2.22
LINE,2.2336
LINE,2.2296
SINE,2.2184
LINE,2.2152
LINE,2.2256
LTR,2.2376
LINE,2.2288
LINE,2.236
LINE,2.2144
LINE,2.216
LTR,2.2208
LTR,2.2272
SINE,2.2152
LINE,2.2216
LINE,2.2112
LINE,2.2296
LINE,2.2176
SINE,2.2312
LINE,2.2208
LTR,2.2224
LINE,2.2304
LINE,2.2008
LTR,2.2208
LINE,2.2144
LINE,2.2304
SINE,2.2336
SINE,2.232
SINE,2.24
SINE,2.2
DNA,2.2336
LINE,2.216
unique/low-repeat,2.2384
LINE,2.2184
unique/low-repeat,2.232
LTR,2.2208
LTR,2.2024
SINE,2.2384
DNA,2.2232
LINE,2.24
LTR,2.2328
LINE,2.2232
LINE,2.2352
LINE,2.2432
LINE,2.2328
unique/low-repeat,2.2392
DNA,2.2352
LINE,2.2296
LINE,2.1104
LINE,2.2296
DNA,2.2272
LINE,2.2312
LINE,2.2216
LTR,2.2336
LINE,2.1976
LINE,2.2136
SINE,2.2344
LINE,2.2208
LINE,2.2352
LTR,2.2088
LINE,2.2256
SINE,2.2008
SINE,2.0952
SINE,2.1824
DNA,2.2288
LINE,2.2104
LINE,2.2224
LINE,2.2248
LTR,2.2328
LTR,2.232
LINE,2.2144
LINE,2.1912
LINE,2.212
LTR,2.2424
LINE,2.2152
LINE,2.2224
LINE,2.2136
LINE,2.2184
LINE,2.2184
LINE,2.22
LINE,2.22
LTR,2.2304
LINE,2.2248
unique/low-repeat,2.2208
LINE,2.2184
LINE,2.2208
LINE,2.2112
LINE,2.2232
DNA,2.212
LTR,2.2296
LINE,2.2248
unique/low-repeat,2.2488
unique/low-repeat,2.2032
LINE,2.2088
LINE,2.2208
LINE,2.2224
LINE,2.2168
LINE,2.2328
LINE,2.2072
LINE,2.2208
LINE,2.2256
unique/low-repeat,2.2352
SINE,2.2288
LINE,2.228
LINE,2.2224
LINE,2.2264
LINE,2.2264
unique/low-repeat,2.2408
LINE,2.1952
SINE,2.2208
unique/low-repeat,2.2464
unique/low-repeat,2.232
LINE,2.2328
LINE,2.2272
SINE,2.22
unique/low-repeat,2.2224
unique/low-repeat,2.2296
LINE,2.2224
LINE,2.2152
LINE,2.2392
LINE,2.2256
LINE,2.2368
LINE,2.2232
DNA,2.22
LINE,2.2296
SINE,2.2424
LINE,2.236
LTR,2.2296
LTR,2.2408
SINE,2.1928
SINE,2.2152
unique/low-repeat,2.2376
LINE,2.2096
SINE,2.2208
LINE,2.2016
LINE,2.2304
SINE,2.2136
SINE,2.2128
SINE,2.2496
SINE,2.2056
SINE,2.2032
LINE,2.2176
SINE,2.2128
SINE,2.2304
LINE,2.208
LTR,2.224
LINE,2.236
LINE,2.2032
LTR,2.1272
LINE,2.2224
LINE,2.2368
unique/low-repeat,2.2216
unique/low-repeat,2.2552
unique/low-repeat,2.2336
unique/low-repeat,2.2368
unique/low-repeat,2.2144
unique/low-repeat,2.212
LINE,2.216
unique/low-repeat,2.2232
SINE,2.2336
DNA,2.1936
unique/low-repeat,2.2032
LINE,2.2184
unique/low-repeat,2.2272
LINE,2.2104
LINE,2.2152
unique/low-repeat,2.2456
LINE,2.1944
LINE,2.232
LINE,2.1856
LTR,2.2168
LTR,2.2152
LTR,2.2048
LTR,2.2328
LINE,2.2184
LINE,2.2008
LINE,2.2288
LINE,2.2392
LINE,2.2392
LTR,2.2488
LTR,2.2264
SINE,2.2312
LINE,2.2216
LINE,2.2328
LINE,2.2152
unique/low-repeat,2.2168
LTR,2.236
unique/low-repeat,2.2256
LINE,2.2336
LINE,2.2064
unique/low-repeat,2.2224
unique/low-repeat,2.2248
SINE,2.2232
unique/low-repeat,2.2272
LINE,2.2192
LINE,2.2152
SINE,2.2248
LINE,2.2328
unique/low-repeat,2.2336
LINE,2.2208
LTR,2.2328
LINE,2.2176
LINE,2.2144
LINE,2.232
SINE,2.2208
LINE,2.2312
LINE,2.2048
LINE,2.232
LTR,2.236
LINE,2.2288
SINE,2.2232
LINE,2.2104
unique/low-repeat,2.2312
LINE,2.2088
unique/low-repeat,2.236
LINE,2.2272
LINE,2.2128
SINE,2.2352
LINE,2.2336
LINE,2.2176
LINE,2.1976
LINE,2.2048
LINE,2.2056
LINE,2.204
LINE,2.212
LTR,2.2256
LINE,2.2256
LINE,2.2144
LINE,2.2328
SINE,2.2248
LINE,2.2248
LINE,2.2392
LINE,2.2232
LINE,2.216
LTR,2.2208
LINE,2.2088
LINE,2.2376
LINE,2.2176
LINE,2.2248
LINE,2.2176
SINE,2.216
SINE,2.2288
SINE,2.2248
SINE,2.2416
SINE,2.208
unique/low-repeat,2.2264
SINE,2.2528
SINE,2.2
SINE,2.2344
LINE,2.216
SINE,2.2296
SINE,2.2312
SINE,2.228
LINE,2.2272
SINE,2.2256
LINE,2.2224
LINE,2.2064
LINE,2.2112
LINE,2.2384
LINE,2.2224
LTR,2.2304
LINE,2.2
SINE,2.2016
SINE,2.2248
SINE,2.2136
LTR,2.2024
LINE,2.2216
LINE,2.1968
SINE,2.2184
LINE,2.2312
LINE,2.2216
unique/low-repeat,2.2224
LINE,2.2384
LINE,2.2184
LINE,2.228
LINE,2.2232
LINE,2.2048
LINE,2.2176
LINE,2.2168
LINE,2.2192
LINE,2.2112
LINE,2.1872
unique/low-repeat,2.2176
SINE,2.1752
DNA,2.2032
SINE,2.2104
SINE,2.1904
unique/low-repeat,2.2024
LINE,2.2008
LINE,2.2024
LINE,2.2192
LINE,2.2112
LINE,2.2208
LINE,2.2416
LINE,2.24
LINE,2.2392
LINE,2.2016
LINE,2.2216
LINE,2.2296
LINE,2.216
LTR,2.2256
LINE,2.228
SINE,2.2128
LINE,2.2064
SINE,2.2152
LINE,2.224
SINE,2.256
LINE,2.2312
unique/low-repeat,2.24
LINE,2.18
SINE,2.2184
LINE,2.2176
LINE,2.2144
LINE,2.2216
SINE,2.22
SINE,2.2192
SINE,2.2248
LTR,2.2512
SINE,2.2296
SINE,2.2176
unique/low-repeat,2.2392
LINE,2.2344
LINE,2.2056
LINE,2.2328
LTR,2.2224
LINE,2.2224
LINE,2.232
LINE,2.1368
SINE,2.2296
SINE,2.2248
LINE,2.2256
DNA,2.2304
LINE,2.2368
LINE,2.2344
SINE,2.232
SINE,2.2352
DNA,2.2416
LINE,2.208
SINE,2.248
LTR,2.2392
LINE,2.22
DNA,2.2176
SINE,2.1768
unique/low-repeat,2.2304
SINE,2.1784
SINE,2.1664
LTR,2.192
Satellite,2.0264
LINE,2.236
LTR,2.2224
SINE,2.2384
LINE,2.2312
LINE,2.2432
LTR,2.2264
LINE,2.22
LINE,2.2296
unique/low-repeat,2.2128
LINE,2.2088
LTR,2.2368
LINE,2.2336
LTR,2.2192
LINE,2.2312
LINE,2.2136
LINE,2.2152
LINE,2.228
LTR,2.2208
LINE,2.2272
LINE,2.2392
LTR,2.2192
LINE,2.2376
LINE,2.2
unique/low-repeat,2.2224
LINE,2.216
LINE,2.1848
LINE,2.2256
LTR,2.2232
SINE,2.1936
LTR,2.2288
SINE,2.2344
SINE,2.2288
Simple_repeat,2.096
SINE,2.2432
SINE,2.2336
SINE,2.2352
LINE,2.2216
LINE,2.2368
LTR,2.2496
LINE,2.1912
SINE,2.2392
DNA,2.1512
LINE,2.2328
LINE,2.156
SINE,2.2112
LINE,2.1896
LINE,2.224
SINE,2.1168
SINE,2.192
LTR,2.2224
SINE,2.236
LTR,2.2248
SINE,2.0736
SINE,2.1024
SINE,2.1432
unique/low-repeat,2.2112
Retroposon,2.1104
SINE,2.2264
SINE,2.256
unique/low-repeat,2.2176
SINE,2.1872
unique/low-repeat,2.2424
SINE,2.2192
SINE,2.1584
SINE,2.2208
SINE,2.1144
SINE,2.2056
LTR,2.1912
SINE,2.1936
SINE,2.228
SINE,2.2144
LINE,2.2496
LINE,2.2224
LINE,2.2424
LINE,2.208
LINE,2.208
LINE,2.2248
LINE,2.244
LTR,2.2456
LINE,2.2088
LINE,2.224
LINE,2.2288
LINE,2.2224
DNA,2.1544
LINE,2.2056
DNA,2.236
LINE,2.2272
LINE,2.212
LTR,2.2064
LINE,2.204
LINE,2.22
LTR,2.2272
LINE,2.2328
LINE,2.2256
SINE,2.2376
LTR,2.2304
unique/low-repeat,2.2312
LINE,2.2288
LTR,2.2168
LTR,2.2272
LINE,2.2248
SINE,2.2296
LINE,2.2216
LINE,2.2176
LINE,2.2192
LTR,2.1848
LINE,2.2112
LINE,2.2128
LTR,2.2224
LTR,2.2216
LTR,2.2432
SINE,2.2216
SINE,2.188
LINE,2.2104
LINE,2.2224
Retroposon,2.1424
unique/low-repeat,2.212
DNA,2.2184
LTR,2.2384
LINE,2.176
LINE,2.2296
LINE,2.2096
LINE,2.2208
LINE,2.2312
LINE,2.224
LINE,2.2208
LINE,2.2288
LTR,2.2152
LINE,2.2384
LINE,2.2296
LINE,2.232
LTR,2.2368
SINE,2.2104
LINE,2.2104
DNA,2.2216
LINE,2.224
DNA,2.2368
unique/low-repeat,2.2336
LTR,2.2224
SINE,2.1864
LINE,2.2256
SINE,2.2248
SINE,2.192
LINE,2.2328
LTR,2.1688
LTR,2.2232
unique/low-repeat,2.1936
LINE,2.224
LINE,2.2064
LINE,2.2328
SINE,2.2264
LINE,2.2456
LINE,2.2232
LINE,2.2216
SINE,2.216
LINE,2.2384
LINE,2.224
LINE,2.2128
LINE,2.2584
LINE,2.1936
LINE,2.2272
LINE,2.2248
LINE,2.164
LINE,2.2136
LINE,2.224
LINE,2.2256
LINE,2.2168
unique/low-repeat,2.232
LINE,2.2456
LINE,2.2208
LINE,2.232
unique/low-repeat,2.2256
LINE,2.216
unique/low-repeat,2.2104
SINE,2.2104
DNA,2.228
LINE,2.2368
LINE,2.2224
LINE,2.2296
LTR,2.2248
LINE,2.2184
LINE,2.2096
LINE,2.2416
LINE,2.1928
LINE,2.2272
LINE,2.2136
LINE,2.2312
LINE,2.2232
LINE,2.216
LINE,2.2296
LINE,2.2056
LINE,2.2216
LTR,2.1872
SINE,2.1824
SINE,2.1944
SINE,2.1664
SINE,2.18
LINE,2.2328
LINE,2.2152
LTR,2.2032
SINE,2.152
SINE,2.2112
SINE,2.2024
LINE,2.1944
SINE,2.2088
LINE,2.2336
LINE,2.1984
LINE,2.2336
LINE,2.1872
LINE,2.2208
LTR,2.2352
LINE,2.2288
LINE,2.2384
LTR,2.2112
LINE,2.2168
LINE,2.2368
SINE,2.244
LTR,2.2368
LINE,2.2208
LINE,2.228
LINE,2.2256
LINE,2.2272
LINE,2.2136
unique/low-repeat,2.2352
LTR,2.2432
LINE,2.2384
LINE,2.2336
LINE,2.16
LTR,2.2216
SINE,2.2288
SINE,2.2384
LINE,2.22
unique/low-repeat,2.2408
LINE,2.236
LINE,2.2328
unique/low-repeat,2.2304
LINE,2.2216
LINE,2.2408
LINE,2.2184
SINE,2.1368
SINE,2.0888
SINE,2.0704
unique/low-repeat,2.2568
SINE,2.2304
LINE,2.1632
LINE,2.2376
LINE,2.176
Simple_repeat,1.9968
LINE,2.2416
LINE,2.2288
LINE,2.2048
LINE,2.2304
unique/low-repeat,2.2168
LINE,2.2456
LINE,2.2192
LINE,2.2184
LINE,2.2248
LINE,2.2256
LINE,2.1792
LINE,2.2344
LTR,2.2376
LINE,2.2168
LINE,2.2208
LINE,2.2208
LINE,2.2312
DNA,2.2248
LINE,2.2384
unique/low-repeat,2.2224
SINE,2.2336
LTR,2.2128
LINE,2.2152
SINE,2.2136
DNA,2.2064
LINE,2.2416
LINE,2.2208
SINE,2.2336
SINE,2.2104
LINE,2.2288
LINE,2.16
LINE,2.2
LINE,2.216
LINE,2.2384
unique/low-repeat,2.208
LINE,2.2192
SINE,2.2248
LINE,2.2272
LINE,2.22
LTR,2.2344
LINE,2.2096
LTR,2.1856
LINE,2.2248
LINE,2.224
DNA,2.256
SINE,2.2104
LINE,2.2208
LINE,2.22
LTR,2.2256
SINE,2.2128
SINE,2.18
LTR,2.2376
SINE,2.1736
SINE,2.2216
SINE,2.1776
SINE,2.0744
LINE,2.2144
SINE,2.1304
SINE,2.2152
LINE,2.228
SINE,2.1872
SINE,2.2104
SINE,2.216
LTR,2.228
LINE,2.2128
LINE,2.216
LINE,2.2096
SINE,2.1976
LINE,2.2272
SINE,2.1624
SINE,2.1944
LINE,2.216
LINE,2.2208
SINE,2.232
LINE,2.2424
LTR,2.2464
LTR,2.232
LINE,2.2104
SINE,2.2472
LINE,2.2208
LINE,2.2376
Retroposon,2.1736
LTR,2.2272
LINE,2.232
DNA,2.2336
LINE,2.2224
LTR,2.2464
DNA,2.2352
LINE,2.2384
SINE,2.2304
LINE,2.2176
LINE,2.2192
LINE,2.2304
unique/low-repeat,2.2208
LINE,2.2224
LINE,2.2048
LINE,2.2328
SINE,2.2344
LINE,2.228
LINE,2.2144
SINE,2.2328
LINE,2.2264
LTR,2.2368
LINE,2.2168
LINE,2.2408
LINE,2.2184
LINE,2.228
DNA,2.2192
LINE,2.22
LINE,2.2104
LTR,2.2112
LINE,2.2136
LTR,2.2184
LTR,2.2176
LINE,2.216
LTR,2.2272
LINE,2.2192
LTR,2.2088
LINE,2.2096
LTR,2.228
LINE,2.2256
LINE,2.2304
LINE,2.2152
LTR,2.2056
LTR,2.2192
LTR,2.2264
DNA,2.2096
LINE,2.1984
LINE,2.2168
LTR,2.2328
LINE,2.1984
LINE,2.2104
LTR,2.2448
LINE,2.2136
LINE,2.2264
LTR,2.2288
LINE,2.204
LTR,2.2296
LINE,2.2288
unique/low-repeat,2.2072
LTR,2.232
LINE,2.2136
LINE,2.2416
LTR,2.2288
LTR,2.2424
LINE,2.2144
LTR,2.2088
LTR,2.224
LINE,2.2176
LTR,2.2232
LINE,2.2256
LINE,2.2296
LINE,2.2272
other-repeat,2.2264
unique/low-repeat,2.224
SINE,2.2064
LINE,2.2232
LTR,2.192
LINE,2.2384
LINE,2.2216
LINE,2.2232
LINE,2.2368
LINE,2.172
LINE,2.2384
LINE,2.2256
unique/low-repeat,2.216
unique/low-repeat,2.2072
SINE,2.2256
unique/low-repeat,2.2624
unique/low-repeat,2.2528
DNA,2.2024
LINE,2.1952
unique/low-repeat,2.208
LTR,2.2176
LINE,2.2128
LTR,2.196
LINE,2.2184
LINE,2.2088
unique/low-repeat,2.216
LINE,2.2288
LINE,2.224
unique/low-repeat,2.2136
LTR,2.2272
LINE,2.2176
LTR,2.2216
SINE,2.2128
LINE,2.2104
LINE,2.2136
LINE,2.2104
LINE,2.2272
LINE,2.1984
LINE,2.2232
SINE,2.2408
LINE,2.2344
SINE,2.2224
LTR,2.2224
LINE,2.2096
LINE,2.2128
LINE,2.2224
LINE,2.2192
unique/low-repeat,2.228
LINE,2.2056
SINE,2.2056
unique/low-repeat,2.236
SINE,2.2224
SINE,2.2232
SINE,2.1984
SINE,2.2224
LINE,2.2032
LINE,2.2176
LINE,2.24
LINE,2.2216
DNA,2.232
unique/low-repeat,2.2336
LINE,2.2424
SINE,2.224
LINE,2.232
LINE,2.22
SINE,2.1936
SINE,2.2208
unique/low-repeat,2.224
LTR,2.2312
LINE,2.2488
LTR,2.248
LINE,2.2344
SINE,2.2168
SINE,2.22
LINE,2.232
SINE,2.2272
unique/low-repeat,2.2272
unique/low-repeat,2.2184
SINE,2.2336
LINE,2.236
LTR,2.2296
LINE,2.2136
LINE,2.2192
SINE,2.2288
LINE,2.1912
LTR,2.192
LTR,2.2176
LINE,2.24
LINE,2.2016
LTR,2.2456
LINE,2.2176
LTR,2.2104
LINE,2.2096
LTR,2.2224
unique/low-repeat,2.244
unique/low-repeat,2.2256
LINE,2.22
DNA,2.2192
LINE,2.2304
LINE,2.236
SINE,2.2128
LINE,2.1952
LTR,2.2296
LINE,2.2256
LINE,2.2232
SINE,2.2208
LTR,2.2344
SINE,2.2144
SINE,2.1736
SINE,2.148
LTR,2.2248
LINE,2.208
LINE,2.224
LTR,2.2256
LINE,2.2104
LINE,2.2088
LINE,2.2144
LINE,2.2136
LINE,2.2064
LINE,2.2384
LINE,2.2352
LTR,2.2288
LINE,2.2336
LTR,2.2128
LINE,2.2232
unique/low-repeat,2.1984
LTR,2.228
LTR,2.2152
LINE,2.2176
DNA,2.2112
LINE,2.228
LTR,2.2336
LTR,2.2256
LINE,2.2224
LINE,2.2384
SINE,2.2008
LINE,2.2104
LINE,2.228
LINE,2.208
LINE,2.22
LINE,2.2312
LINE,2.22
LINE,2.2208
DNA,2.2248
LINE,2.1896
SINE,2.2208
SINE,2.2224
LINE,2.2208
LINE,2.2184
LTR,2.2312
LINE,2.2272
LTR,2.1936
LINE,2.2272
LINE,2.224
unique/low-repeat,2.2368
SINE,2.22
SINE,2.1496
SINE,2.1064
SINE,2.1872
LTR,2.2192
LINE,2.2376
LINE,2.2216
LINE,2.2304
LINE,2.2304
LINE,2.2256
unique/low-repeat,2.2472
LINE,2.2304
LINE,2.2376
LTR,2.224
LINE,2.228
DNA,2.212
LINE,2.2296
unique/low-repeat,2.2472
LINE,2.1976
LINE,2.2176
LINE,2.1944
LINE,2.2216
LINE,2.2104
LINE,2.228
SINE,2.228
LINE,2.2128
unique/low-repeat,2.26
LINE,2.2368
DNA,2.2216
SINE,2.228
DNA,2.2232
LINE,2.232
LINE,2.2184
SINE,2.2344
LINE,2.2176
LINE,2.2224
LINE,2.2032
unique/low-repeat,2.2216
LINE,2.2248
LINE,2.256
LINE,2.2224
LTR,2.2312
LINE,2.228
LINE,2.232
LINE,2.2216
LINE,2.2088
unique/low-repeat,2.2208
SINE,2.2144
LTR,2.232
LINE,2.2376
LINE,2.2272
LINE,2.2464
LTR,2.2256
LINE,2.2264
LINE,2.2112
LTR,2.2232
SINE,2.2312
LINE,2.2248
LINE,2.1776
LINE,2.2272
unique/low-repeat,2.2376
LINE,2.208
LINE,2.2168
LINE,2.2248
LINE,2.228
LINE,2.2216
LINE,2.224
LINE,2.2248
LINE,2.2208
LTR,2.2288
SINE,2.2248
SINE,2.2232
SINE,2.14
unique/low-repeat,2.0016
SINE,2.2
LINE,2.2088
LTR,2.2344
LINE,2.2048
SINE,2.2232
LINE,2.2232
LINE,2.2168
LINE,2.2224
unique/low-repeat,2.2256
SINE,2.2104
unique/low-repeat,2.2104
SINE,2.1768
LINE,2.1928
LTR,2.2336
LINE,2.2368
DNA,2.2248
LINE,2.2224
LINE,2.2392
LINE,2.212
LINE,2.2248
SINE,2.2376
LINE,2.22
LINE,2.2136
LTR,2.2216
LTR,2.2096
LINE,2.22
LTR,2.1936
LTR,2.224
unique/low-repeat,2.2184
LTR,2.2184
LINE,2.228
LINE,2.2424
LINE,2.2056
LINE,2.2248
LTR,2.1472
LINE,2.2224
LTR,2.2144
LTR,2.216
LINE,2.2056
LINE,2.1712
LINE,2.224
LINE,2.2144
LTR,2.2312
LINE,2.2072
LINE,2.2184
LTR,2.2224
LINE,2.2272
LINE,2.2112
LTR,2.2072
SINE,2.2264
unique/low-repeat,2.2192
LINE,2.2192
LINE,2.2008
LTR,2.1976
LTR,2.2272
LINE,2.2304
LINE,2.216
LINE,2.2128
LINE,2.2216
LINE,2.2184
LINE,2.2016
LINE,2.2096
LINE,2.22
LINE,2.2072
LINE,2.2192
LINE,2.1816
LINE,2.1936
LINE,2.2016
LTR,2.2216
LTR,2.2304
LINE,2.2296
LINE,2.2144
LINE,2.2128
LINE,2.1984
LINE,2.204
LINE,2.216
LINE,2.196
LINE,2.224
unique/low-repeat,2.2152
LTR,2.2288
LINE,2.2144
LINE,2.212
LINE,2.208
LINE,2.204
LINE,2.2088
LINE,2.2184
LINE,2.2216
LINE,2.2392
LTR,2.2344
LINE,2.2216
LTR,2.2336
LINE,2.2096
LINE,2.2192
LINE,2.2176
SINE,2.2096
LINE,2.216
LTR,2.2288
LINE,2.2232
LTR,2.2232
LINE,2.2088
LINE,2.2232
LTR,2.2224
LTR,2.2224
LINE,2.2224
LINE,2.236
LINE,2.2272
LINE,2.2216
LINE,2.2296
LINE,2.2208
LTR,2.2352
LINE,2.2104
LINE,2.2104
LTR,2.2344
LTR,2.2328
LINE,2.22
LINE,2.2264
LINE,2.2136
LTR,2.236
LTR,2.228
LINE,2.2256
LINE,2.2168
LINE,2.2272
SINE,2.2152
unique/low-repeat,2.2128
LTR,2.2344
LINE,2.1928
DNA,2.2264
DNA,2.2328
LINE,2.2208
LTR,2.2272
LINE,2.2064
LTR,2.2296
DNA,2.2096
LINE,2.2304
LINE,2.228
LTR,2.228
LINE,2.2192
LINE,2.2288
unique/low-repeat,2.2176
unique/low-repeat,2.216
LINE,2.2168
LINE,2.2104
LINE,2.2184
DNA,2.216
LTR,2.2352
LINE,2.2312
LINE,2.2088
LINE,2.204
LINE,2.1976
unique/low-repeat,2.2112
LINE,2.2224
LTR,2.212
unique/low-repeat,2.2168
unique/low-repeat,2.232
unique/low-repeat,2.2328
LINE,2.196
unique/low-repeat,2.2224
LINE,2.2384
LINE,2.2344
LINE,2.232
LINE,2.2488
SINE,2.1624
SINE,2.2208
LINE,2.244
LTR,2.2296
LINE,2.2312
SINE,2.108
SINE,2.1624
SINE,2.204
SINE,2.1232
SINE,2.2512
SINE,2.24
LINE,2.2384
LINE,2.2328
SINE,2.2296
LINE,2.232
LINE,2.1968
LINE,2.2304
LINE,2.2344
LINE,2.2088
LINE,2.2408
SINE,2.2392
LINE,2.2344
unique/low-repeat,2.2512
LINE,2.188
LINE,2.2352
LINE,2.228
LINE,2.22
SINE,2.232
SINE,2.2192
LINE,2.2208
LTR,2.2208
unique/low-repeat,2.232
DNA,2.2312
LTR,2.236
unique/low-repeat,2.2464
SINE,2.2424
LTR,2.2264
LINE,2.2264
LTR,2.2192
LTR,2.232
SINE,2.2136
LTR,2.236
LINE,2.2288
unique/low-repeat,2.2248
LINE,2.2136
LINE,2.1984
LTR,2.2296
LINE,2.2144
DNA,2.2064
LINE,2.212
LINE,2.2136
LINE,2.2336
unique/low-repeat,2.244
DNA,2.2248
LINE,2.2112
LINE,2.2232
LINE,2.2216
SINE,2.2224
LINE,2.216
LINE,2.2024
DNA,2.2088
SINE,2.2056
SINE,2.2032
unique/low-repeat,2.2216
LTR,2.2272
unique/low-repeat,2.2352
LTR,2.236
LTR,2.2168
SINE,2.2352
LINE,2.2
LINE,2.2296
LTR,2.2088
LINE,2.2168
LTR,2.2304
LTR,2.2208
LINE,2.2208
LINE,2.2256
LTR,2.2136
LINE,2.216
LINE,2.2232
LINE,2.2376
SINE,2.2224
LINE,2.204
DNA,2.2176
LINE,2.2136
LINE,2.22
LINE,2.212
LINE,2.22
unique/low-repeat,2.2144
SINE,2.232
LINE,2.2176
LINE,2.2128
unique/low-repeat,2.2288
LINE,2.2184
LINE,2.2136
LINE,2.2248
unique/low-repeat,2.2168
LTR,2.196
LINE,2.2296
LINE,2.1976
LINE,2.216
LINE,2.2176
LINE,2.1552
SINE,2.2224
LINE,2.2224
LTR,2.2384
LINE,2.216
LTR,2.24
LINE,2.2248
LINE,2.1888
LINE,2.1592
LINE,2.22
LINE,2.2208
LINE,2.2136
LINE,2.2192
LINE,2.196
SINE,2.184
SINE,2.216
SINE,2.1336
LTR,2.1688
SINE,2.1176
SINE,2.1904
LINE,2.2224
LTR,2.2464
SINE,2.2288
LINE,2.2208
SINE,2.2432
LINE,2.2352
LINE,2.2104
Retroposon,2.2168
LTR,2.2216
LINE,2.2024
LINE,2.2088
LINE,2.2288
LINE,2.204
LINE,2.2304
unique/low-repeat,2.2296
unique/low-repeat,2.2296
LTR,2.212
LTR,2.2304
DNA,2.204
LINE,2.2024
LTR,2.1808
LINE,2.2168
LINE,2.2096
LINE,2.212
LINE,2.2256
LINE,2.2232
SINE,2.2216
LINE,2.2352
Simple_repeat,1.6704
LINE,2.2376
LINE,2.1824
LTR,2.2136
unique/low-repeat,2.2584
LINE,2.1936
DNA,2.236
LINE,2.2128
LINE,2.2256
SINE,2.2256
SINE,2.2048
LINE,2.2096
LINE,2.2304
SINE,2.2032
SINE,2.1952
SINE,2.1976
SINE,2.2232
LINE,2.2312
unique/low-repeat,2.2288
LINE,2.2264
LINE,2.2344
LINE,2.2392
DNA,2.236
LTR,2.2408
LTR,2.2336
LINE,2.2232
LTR,2.2288
SINE,2.2304
LINE,2.2392
LINE,2.2232
LINE,2.2288
LINE,2.2256
LINE,2.2392
unique/low-repeat,2.2256
LINE,2.2288
DNA,2.2216
SINE,2.232
SINE,2.16
SINE,2.2472
LINE,2.1824
LINE,2.2096
LINE,2.2072
SINE,2.2192
LINE,2.2128
SINE,2.244
LINE,2.2128
LINE,2.2312
LINE,2.2288
LINE,2.22
SINE,2.232
SINE,2.2216
SINE,2.1824
unique/low-repeat,2.2104
SINE,2.2184
SINE,2.2032
SINE,2.2152
SINE,2.1928
SINE,2.2264
LINE,2.228
SINE,2.2272
SINE,2.2384
LINE,2.2192
LINE,2.2344
LINE,2.2112
LINE,2.212
LINE,2.2368
LINE,2.2208
LINE,2.2184
LINE,2.2152
SINE,2.228
LINE,2.1608
SINE,2.228
SINE,2.2128
LINE,2.232
SINE,2.2368
SINE,2.2232
SINE,2.216
SINE,2.1784
SINE,2.228
SINE,2.2352
LINE,2.2096
Retroposon,2.0912
SINE,2.2016
SINE,2.156
LINE,2.256
SINE,2.184
unique/low-repeat,2.2256
LINE,2.2032
SINE,2.204
SINE,2.188
SINE,2.1752
SINE,2.2168
SINE,2.1552
SINE,2.2192
SINE,2.2272
unique/low-repeat,2.2384
SINE,2.18
LINE,2.1288
SINE,2.2056
SINE,2.0896
SINE,2.224
LTR,2.2048
SINE,2.228
LINE,2.2136
LINE,2.2352
LINE,2.2264
LINE,2.2224
LTR,2.2328
SINE,2.1984
LINE,2.2312
LINE,2.1856
LINE,2.236
LINE,2.1792
SINE,2.228
LINE,2.0832
LTR,2.2352
SINE,2.2032
LINE,2.2328
SINE,2.2176
SINE,2.2088
SINE,2.16
SINE,2.208
LTR,2.2552
SINE,2.1288
SINE,2.2072
SINE,2.1912
SINE,2.244
SINE,2.2392
SINE,2.2272
SINE,2.132
SINE,2.0464
SINE,2.0496
unique/low-repeat,2.2352
SINE,2.2216
LINE,2.2216
LINE,2.2016
SINE,2.2144
LINE,2.2424
unique/low-repeat,2.2656
SINE,2.2312
SINE,2.236
SINE,2.2432
SINE,2.228
LINE,2.2328
SINE,2.212
SINE,2.1672
SINE,2.1928
SINE,2.2136
SINE,2.2128
LINE,2.1856
LINE,2.2264
LINE,2.2352
SINE,2.2232
LINE,2.196
SINE,2.2144
SINE,2.232
SINE,2.2328
DNA,2.2248
SINE,2.2336
LINE,2.2032
LTR,2.2184
SINE,2.228
LTR,2.216
LINE,2.2184
LINE,2.236
LINE,2.2168
LINE,2.2248
LTR,2.2032
unique/low-repeat,2.2488
unique/low-repeat,2.248
LTR,2.2328
LINE,2.2344
LINE,2.2432
LINE,2.2224
LINE,2.2512
LINE,2.2392
SINE,2.232
SINE,2.2288
DNA,2.2264
SINE,2.236
SINE,2.212
unique/low-repeat,2.236
unique/low-repeat,2.2208
LINE,2.2104
unique/low-repeat,2.2328
SINE,2.2408
SINE,2.2248
SINE,2.2256
DNA,2.2272
SINE,2.244
LINE,2.1504
LINE,2.2072
SINE,2.2232
SINE,2.2152
unique/low-repeat,2.2448
LINE,2.2176
LTR,2.2232
SINE,2.224
SINE,2.2472
LINE,2.2264
LTR,2.2176
SINE,2.2176
LTR,2.2312
LINE,2.224
LINE,2.224
LINE,2.2256
LINE,2.204
DNA,2.2384
LINE,2.228
SINE,2.2112
LTR,2.212
unique/low-repeat,2.2392
unique/low-repeat,2.2336
unique/low-repeat,2.2408
DNA,2.232
SINE,2.2168
LINE,2.2184
LTR,2.2304
LTR,2.2416
unique/low-repeat,2.2392
unique/low-repeat,2.2472
LINE,2.2288
LTR,2.2248
SINE,2.2168
LTR,2.2272
LINE,2.2136
SINE,2.2416
LINE,2.2336
DNA,2.2136
LTR,2.2256
LINE,2.228
LTR,2.216
LINE,2.228
SINE,2.2168
LTR,2.2408
LTR,2.2056
SINE,2.22
SINE,2.2192
LINE,2.2168
LINE,2.224
LINE,2.2296
LINE,2.2312
LINE,2.1992
LINE,2.2072
LINE,2.188
LINE,2.216
LINE,2.2168
LINE,2.2144
LINE,2.212
LINE,2.2288
LINE,2.2304
LINE,2.2312
LTR,2.2456
LINE,2.224
SINE,2.224
SINE,2.2304
LINE,2.2256
unique/low-repeat,2.2376
SINE,2.248
LINE,2.2176
LTR,2.24
LINE,2.2168
LINE,2.2264
LINE,2.2304
LTR,2.2216
SINE,2.2328
unique/low-repeat,2.2224
LTR,2.1176
LINE,2.2368
LINE,2.2328
SINE,2.2264
LINE,2.244
LINE,2.2
unique/low-repeat,2.232
SINE,2.2496
LINE,2.2536
LINE,2.2352
SINE,2.2144
LINE,2.244
SINE,2.2536
SINE,2.2112
SINE,2.2264
SINE,2.1848
unique/low-repeat,2.236
SINE,2.2208
SINE,2.1288
SINE,2.1776
SINE,2.2184
unique/low-repeat,2.2392
LINE,2.2408
LINE,2.2296
SINE,2.1576
SINE,2.224
DNA,2.2392
LINE,2.2392
LINE,2.248
LINE,2.228
LINE,2.1896
SINE,2.1976
SINE,2.1888
LINE,2.228
LINE,2.2008
SINE,2.2024
LINE,0.6272
SINE,1.716
SINE,2.2448
LINE,2.1848
unique/low-repeat,2.1248
SINE,2.1456
LINE,2.1872
LINE,2.1952
SINE,2.2304
SINE,2.176
SINE,2.1576
SINE,2.0712
SINE,2.1312
SINE,2.12
SINE,2.16
SINE,2.0576
SINE,2.2088
SINE,2.196
SINE,2.1416
SINE,2.18
SINE,2.124
LINE,2.1584
LINE,2.2024
SINE,2.1768
SINE,2.204
SINE,2.2312
SINE,2.1504
LINE,2.2344
LINE,2.228
LINE,2.2256
LINE,2.2208
SINE,2.2296
unique/low-repeat,1.7752
SINE,2.2424
LINE,2.1968
SINE,2.2344
unique/low-repeat,1.8224
SINE,2.2136
SINE,2.192
unique/low-repeat,2.2264
SINE,2.1896
SINE,1.98
LINE,1.6928
LTR,2.2312
unique/low-repeat,2.2144
LINE,2.2408
LINE,2.2064
LINE,2.2408
LTR,2.2288
LINE,2.2096
LINE,2.2112
LINE,1.764
DNA,2.208
SINE,2.0872
LINE,2.22
unique/low-repeat,1.8112
SINE,2.1616
SINE,2.18
LINE,2.2328
LINE,2.1544
LTR,2.24
LINE,2.256
LINE,1.7112
unique/low-repeat,2.2392
unique/low-repeat,2.1416
unique/low-repeat,2.0344
LINE,1.9544
unique/low-repeat,2.1928
LINE,1.944
LINE,1.376
unique/low-repeat,0.2952
LTR,2.116
Simple_repeat,2.1536
unique/low-repeat,2.1864
SINE,2.2008
LINE,2.1584
SINE,2.212
SINE,2.1888
unique/low-repeat,2.2176
SINE,2.1904
unique/low-repeat,2.1592
LINE,2.2208
LINE,2.22
SINE,2.1944
LINE,2.2296
LINE,2.1336
LINE,2.2104
LTR,2.2456
SINE,2.2088
SINE,2.1776
SINE,2.2176
SINE,2.1528
SINE,2.1768
LINE,2.2256
SINE,2.2336
LINE,2.2464
unique/low-repeat,2.2232
unique/low-repeat,2.1888
unique/low-repeat,2.2376
unique/low-repeat,2.1872
unique/low-repeat,2.0872
LTR,2.2288
SINE,2.1744
LINE,2.1512
LINE,2.24
LINE,2.212
unique/low-repeat,2.2352
unique/low-repeat,2.0312
LINE,2.2432
LTR,2.1368
unique/low-repeat,2.2064
unique/low-repeat,2.232
LINE,2.232
LTR,2.0624
SINE,2.1736
LTR,2.2368
SINE,2.2056
SINE,2.2392
LINE,2.224
SINE,2.2048
LTR,2.18
LTR,2.1984
SINE,2.2504
DNA,2.2256
LINE,2.24
LINE,2.2248
LINE,2.2312
LINE,2.2144
LINE,2.2408
SINE,2.2288
SINE,2.2536
LTR,2.2136
LINE,2.2408
SINE,2.2416
LTR,2.2232
LINE,2.2336
LTR,2.2384
DNA,2.2264
SINE,2.2192
SINE,2.236
LTR,2.236
SINE,2.2296
SINE,2.236
LINE,2.2184
SINE,2.244
LINE,2.204
DNA,2.208
LTR,2.2384
SINE,2.1632
SINE,1.764
LINE,2.204
LTR,2.2064
SINE,2.216
SINE,2.1712
SINE,2.164
SINE,2.2384
SINE,2.216
DNA,2.2032
SINE,2.2344
SINE,2.2192
SINE,2.2456
SINE,2.2144
LTR,2.168
LTR,2.1968
SINE,2.2384
LINE,2.2272
LINE,2.1392
SINE,2.2288
LTR,2.1952
LINE,2.2136
LINE,2.2328
unique/low-repeat,2.1032
LINE,2.2296
LTR,2.1648
unique/low-repeat,2.244
LTR,2.236
SINE,2.2208
SINE,2.2
LINE,2.1048
LTR,2.2408
SINE,2.2432
LTR,2.2208
LTR,2.2296
unique/low-repeat,2.2184
SINE,2.256
LTR,2.228
LINE,2.2256
unique/low-repeat,1.752
unique/low-repeat,1.8152
unique/low-repeat,1.7656
unique/low-repeat,1.7888
LINE,2.22
SINE,2.2272
LTR,2.2472
LTR,2.2064
SINE,2.2272
SINE,2.208
LTR,2.236
LINE,2.2528
LTR,2.2232
LTR,2.228
SINE,2.2304
unique/low-repeat,2.2488
unique/low-repeat,2.232
LTR,2.2416
LINE,2.232
SINE,2.2328
SINE,2.2176
SINE,2.2336
SINE,2.2368
LINE,2.2248
LTR,2.2432
LINE,2.2248
LINE,2.2216
LINE,2.2368
SINE,2.2024
LINE,2.216
LINE,2.232
LINE,2.216
LINE,2.2312
LINE,2.2272
LTR,2.22
LINE,2.2296
unique/low-repeat,2.2448
unique/low-repeat,2.248
LINE,2.2312
LINE,2.22
SINE,2.216
LINE,2.236
LINE,2.1672
LINE,2.2288
LTR,2.2056
LINE,2.2184
LINE,2.2152
LTR,2.2056
LINE,2.2232
LTR,2.2264
LINE,2.2048
LTR,2.2344
LTR,2.2288
unique/low-repeat,2.2408
LINE,2.232
LINE,2.0208
LINE,2.2256
LINE,2.2216
LINE,2.2336
Satellite,1.8096
LTR,2.2208
LINE,2.2088
LTR,2.216
SINE,2.228
LTR,2.2264
SINE,2.2064
LINE,2.2344
LINE,2.2288
LINE,2.2232
LTR,2.216
LINE,2.2256
SINE,2.2248
LINE,2.2304
LINE,2.2136
LTR,2.224
LTR,2.2224
LINE,2.2232
LINE,2.2304
LINE,2.2368
LINE,2.2024
LTR,2.224
LINE,2.252
LTR,2.2184
DNA,2.2224
unique/low-repeat,2.2416
LINE,2.1912
LINE,2.2328
LINE,2.2224
LTR,2.216
LTR,2.2288
LINE,2.2272
LTR,2.2208
LINE,2.232
SINE,2.1992
LTR,2.2304
LTR,2.2248
LINE,2.2312
SINE,2.2152
LINE,2.2144
LINE,2.2232
unique/low-repeat,2.2296
SINE,2.232
LINE,2.2032
SINE,2.2448
DNA,2.2408
LTR,2.2336
LTR,2.236
LINE,2.2296
LINE,2.2336
SINE,2.2264
LINE,2.2176
SINE,2.2192
DNA,2.2392
SINE,2.22
LTR,2.2248
LTR,2.2464
LINE,2.236
LTR,2.2384
LTR,2.208
DNA,2.2368
unique/low-repeat,2.2384
DNA,2.244
LTR,2.2384
LTR,2.2128
SINE,2.24
unique/low-repeat,2.2344
LTR,2.2392
LINE,2.1912
Retroposon,2.2104
LINE,2.244
LTR,2.2312
unique/low-repeat,2.2296
LINE,2.2384
LINE,2.2208
SINE,2.2336
SINE,2.2336
LINE,2.2376
SINE,2.24
SINE,2.2376
SINE,2.2056
LINE,2.2168
LINE,2.2224
LTR,2.216
LINE,2.2344
LTR,2.2296
LTR,2.1296
SINE,2.2288
SINE,2.2584
SINE,2.2032
LTR,2.2256
LINE,2.2152
LTR,2.1976
LINE,2.1912
LINE,2.2224
LINE,2.2472
LINE,2.2264
LINE,2.2144
LINE,2.2304
LTR,2.2264
LINE,2.2184
LINE,2.2224
LINE,2.2176
LINE,2.2256
LINE,2.208
LTR,2.2088
LTR,2.224
LINE,2.2368
LTR,2.224
LTR,2.2232
LINE,2.2176
LINE,2.2224
LTR,2.2328
DNA,2.228
LINE,2.2088
LINE,2.216
unique/low-repeat,2.2152
LINE,2.22
LINE,2.2232
SINE,2.212
LTR,2.2432
LTR,2.2096
LTR,2.224
LINE,2.2192
LINE,2.2304
LTR,2.2128
LINE,2.24
LINE,2.2304
LINE,2.2256
LINE,2.2256
LTR,2.2432
LTR,2.2336
LINE,2.228
LTR,2.2192
LINE,2.2064
LINE,2.2176
unique/low-repeat,2.212
SINE,2.232
unique/low-repeat,2.2256
LINE,2.2368
unique/low-repeat,2.1744
SINE,2.208
LTR,2.2304
LINE,2.2232
SINE,2.2344
LTR,2.2152
SINE,2.2344
LINE,2.1952
SINE,2.2168
SINE,2.2248
LINE,2.2168
LINE,2.224
LINE,2.2176
LINE,2.2312
SINE,2.2088
SINE,2.2224
SINE,2.2152
SINE,2.2224
SINE,2.2064
SINE,2.196
SINE,2.2256
SINE,2.2008
LINE,2.248
unique/low-repeat,2.2464
LINE,2.2376
LTR,2.2248
LTR,2.2232
SINE,2.2336
LINE,2.2224
LTR,2.2416
LINE,2.2152
LINE,2.228
SINE,2.2112
SINE,2.2416
LTR,2.2256
LTR,2.2496
LTR,2.248
LTR,2.216
LINE,2.212
LINE,2.2272
LTR,2.2344
LTR,2.2368
LINE,2.2296
LINE,2.1984
LTR,2.224
SINE,2.2256
SINE,2.2264
LINE,2.2024
LINE,2.22
LINE,2.2032
LINE,2.2256
LINE,2.2288
SINE,2.2176
LTR,2.232
SINE,2.224
LINE,2.2232
DNA,2.2256
SINE,2.224
unique/low-repeat,2.224
unique/low-repeat,2.2312
SINE,2.2376
SINE,2.2272
SINE,2.1368
SINE,2.2336
LINE,2.2336
unique/low-repeat,2.2472
LTR,2.2152
LINE,2.2032
LINE,2.2256
LTR,2.2424
SINE,2.1992
LTR,2.2032
LTR,2.2248
LTR,2.232
SINE,2.2424
LINE,2.2384
LINE,2.2248
LTR,2.2464
LINE,2.2248
LINE,2.2328
LINE,2.2392
LTR,2.2136
SINE,2.2352
unique/low-repeat,2.2264
LINE,2.2288
SINE,2.2304
SINE,2.2152
SINE,2.204
LINE,2.1632
SINE,2.1632
SINE,2.2088
LINE,2.2312
DNA,2.2248
SINE,2.2248
LTR,1.6704
SINE,2.2256
SINE,2.124
SINE,2.2024
SINE,2.1576
SINE,2.1736
LTR,2.2056
SINE,2.2192
SINE,2.1984
LINE,2.2216
LINE,2.2216
SINE,2.2424
LINE,2.2304
LINE,2.2328
LINE,2.1936
LINE,2.2312
LINE,2.2256
LINE,2.1984
LINE,2.2288
LINE,2.212
LINE,2.2288
LTR,2.224
LINE,2.2256
LINE,2.2344
LINE,2.2352
LINE,2.2192
SINE,2.2336
LTR,2.2416
LTR,2.2208
LTR,2.2384
LINE,2.2184
LINE,2.2376
LTR,2.224
LTR,2.224
LTR,2.2352
LINE,2.2296
LTR,2.2144
LINE,2.232
LTR,2.2336
LTR,2.2368
LTR,2.2312
LINE,2.2232
LINE,2.1928
LINE,2.2224
LINE,2.1904
LTR,2.2184
LINE,2.2192
LINE,2.1848
SINE,2.2296
LTR,2.2256
LINE,2.216
LTR,2.2256
unique/low-repeat,2.2192
LINE,2.2208
LINE,2.2248
unique/low-repeat,2.2088
unique/low-repeat,2.2376
LTR,2.2056
SINE,2.2168
LINE,2.1992
unique/low-repeat,2.2248
LINE,2.1952
LTR,2.2408
LINE,2.2272
LINE,2.2312
LINE,2.2176
LINE,2.2064
LTR,2.204
LTR,2.208
LINE,2.2224
LINE,2.2208
LINE,2.1928
LINE,2.2024
LTR,2.224
LINE,2.2216
LTR,2.2216
LTR,2.2096
LTR,2.204
LINE,2.2088
LTR,2.236
SINE,2.2208
LINE,2.2352
LINE,2.2104
unique/low-repeat,2.1944
LTR,2.2136
LINE,2.216
LTR,2.2256
LINE,2.1488
LTR,2.2136
LINE,2.2304
LINE,2.2136
LINE,2.212
LINE,2.2184
LTR,2.2128
LTR,2.2216
unique/low-repeat,2.2248
LINE,2.2296
LINE,2.2216
unique/low-repeat,2.232
unique/low-repeat,2.2248
unique/low-repeat,2.216
unique/low-repeat,2.2336
unique/low-repeat,2.2304
LINE,2.2064
SINE,2.1992
LTR,2.22
DNA,2.224
LINE,2.224
LINE,2.192
SINE,2.232
LINE,2.2296
LTR,2.2144
DNA,2.2288
DNA,2.2136
LTR,2.2168
DNA,2.2192
unique/low-repeat,2.22
LINE,2.1952
LINE,2.2032
LTR,2.2168
LINE,2.2288
LINE,2.2208
unique/low-repeat,2.2032
SINE,2.1936
LINE,2.2136
LTR,2.2096
SINE,2.2064
LINE,2.232
LTR,2.2096
LINE,2.2208
LINE,2.2344
SINE,2.2272
LTR,2.2264
LINE,2.1736
LINE,2.2032
LINE,2.2176
LINE,2.2144
LINE,2.212
LINE,2.2296
LTR,2.2016
SINE,2.2256
LINE,2.208
LINE,2.184
LTR,2.2296
LINE,2.1648
LINE,2.2376
LINE,2.1992
LTR,2.216
unique/low-repeat,2.212
LINE,2.2216
LTR,2.2128
LINE,2.2256
LINE,2.2136
LINE,2.2112
LINE,2.2216
LINE,2.2176
LINE,2.184
LINE,2.2032
SINE,2.2312
LINE,2.2088
LINE,2.2096
LINE,2.2104
LINE,2.2088
LINE,2.2208
LINE,2.2288
LTR,2.2216
LINE,2.2152
LINE,2.224
LINE,2.2064
SINE,2.1872
LINE,2.2248
LTR,2.2168
LTR,2.2128
LINE,2.2208
SINE,2.2152
LINE,2.2256
LINE,2.2224
LINE,2.2128
LTR,2.2152
LINE,2.2048
LINE,2.2304
LINE,2.2104
LTR,2.232
LINE,2.2184
LTR,2.2352
LINE,2.2328
LINE,2.2256
LINE,2.2432
LINE,2.192
LINE,2.2152
LINE,2.2128
LINE,2.2096
LINE,2.2144
LTR,2.2312
SINE,2.224
SINE,2.2144
SINE,2.2088
LTR,2.2328
LTR,2.2376
LTR,2.2192
LINE,2.2224
LTR,2.2296
LTR,2.2352
LINE,2.2192
LINE,2.2368
LINE,2.252
SINE,2.2096
LINE,2.22
LINE,2.2336
LTR,2.2304
LINE,2.1192
LTR,2.2368
SINE,2.212
LTR,2.2184
LTR,2.2256
SINE,2.1552
LTR,2.224
SINE,2.2216
LTR,2.2184
LINE,2.2296
LINE,2.2336
SINE,2.204
SINE,2.1944
unique/low-repeat,2.2424
unique/low-repeat,2.2416
SINE,2.2088
LINE,2.2008
LTR,2.2344
SINE,2.2032
SINE,2.208
LINE,2.1952
SINE,2.2248
SINE,2.224
SINE,2.204
LINE,2.2392
SINE,2.1968
SINE,2.14
SINE,2.2176
SINE,2.1464
SINE,2.1184
SINE,2.2248
SINE,1.9584
SINE,2.0312
LINE,2.16
SINE,2.2256
SINE,2.1832
LINE,2.248
DNA,2.2312
LINE,2.2376
SINE,2.236
SINE,2.16
SINE,2.128
SINE,2.1944
SINE,2.1264
SINE,2.1584
SINE,2.1928
SINE,2.2224
SINE,2.2336
SINE,2.232
SINE,2.224
SINE,2.2
SINE,2.2168
SINE,2.2264
SINE,2.2208
LINE,2.2336
LINE,2.236
SINE,2.192
LTR,2.2288
LTR,2.2192
LTR,2.2328
SINE,2.2264
SINE,2.224
unique/low-repeat,2.2384
SINE,2.252
LINE,2.2152
LINE,2.2336
LINE,2.2192
unique/low-repeat,2.2368
SINE,2.2064
LTR,2.2488
SINE,2.212
LTR,2.2216
unique/low-repeat,2.2648
LTR,2.2232
SINE,2.228
LINE,2.2352
unique/low-repeat,2.2312
LINE,2.2096
LINE,2.2264
LINE,2.2264
unique/low-repeat,2.2272
LTR,2.2368
LTR,2.2352
LTR,2.2256
LINE,2.2344
LTR,2.236
LINE,2.2016
LINE,2.1928
DNA,2.2168
LTR,2.232
LTR,2.228
LINE,2.2152
LTR,2.228
LTR,2.2376
LINE,2.2264
LINE,2.224
LINE,2.228
LINE,2.1904
LINE,2.2216
LTR,2.2384
LTR,2.2328
LTR,2.2168
unique/low-repeat,2.2016
LTR,2.2328
LINE,2.2112
LINE,2.2224
LTR,2.2296
LINE,2.2224
LINE,2.2136
LINE,2.2048
LINE,2.2096
LINE,2.2328
LINE,2.2344
LINE,2.2352
LINE,2.2136
LINE,2.2
LTR,2.212
LTR,2.2384
LINE,2.2312
SINE,2.2168
LTR,2.2296
LINE,2.2184
unique/low-repeat,2.2128
LINE,2.2312
LTR,2.2216
LTR,2.2352
LTR,2.2384
SINE,2.224
LINE,2.2144
LINE,2.2112
LTR,2.2104
LINE,2.2104
LTR,2.2104
LINE,2.2296
LINE,2.212
LINE,2.2224
LTR,2.2192
LINE,2.2304
LTR,2.2352
LINE,2.2216
LINE,2.2184
LINE,2.2288
LINE,2.216
LTR,2.2248
LTR,2.2312
LINE,2.228
LINE,2.2224
LTR,2.2144
unique/low-repeat,2.2256
LINE,2.2296
LINE,2.2136
LINE,2.232
unique/low-repeat,2.2088
LINE,2.224
LINE,2.2256
LTR,2.2256
LINE,2.2136
LINE,2.2192
unique/low-repeat,2.2424
LTR,2.224
LINE,2.2112
LINE,2.2192
LINE,2.2384
unique/low-repeat,2.2168
LINE,2.2072
LINE,2.2224
LINE,2.1952
LINE,2.2072
LINE,2.2224
LINE,2.2184
LINE,2.2192
unique/low-repeat,2.2056
LINE,2.232
LINE,2.2376
LINE,2.248
SINE,2.2232
SINE,2.2144
LINE,2.2184
SINE,2.2592
LINE,2.2152
LINE,2.2104
LINE,2.2432
SINE,2.2088
SINE,2.1976
LINE,2.2216
LINE,2.2224
LINE,2.2408
LINE,2.2384
SINE,2.24
LINE,2.1328
SINE,2.2152
LINE,2.216
LINE,2.2256
SINE,2.2024
LINE,2.2264
LINE,2.2256
LTR,2.1928
LTR,2.1208
LINE,2.1608
LINE,2.2168
LTR,2.2296
LINE,2.2248
Satellite,1.9192
LTR,2.228
unique/low-repeat,2.2296
LINE,2.2248
LINE,2.2192
LTR,2.232
LINE,2.2184
LINE,2.2064
LINE,2.2232
LINE,2.2248
LINE,2.1848
LTR,2.2312
LINE,2.2264
unique/low-repeat,2.2528
LINE,2.2424
LINE,2.232
Retroposon,2.244
LINE,2.2184
LTR,2.236
LINE,2.224
LINE,2.2456
LINE,2.2392
DNA,2.2072
LINE,2.2104
LINE,2.2304
LINE,2.24
SINE,2.224
LINE,2.2192
LINE,2.2128
LTR,2.2048
LINE,2.2272
SINE,2.2336
SINE,2.24
unique/low-repeat,2.2656
LINE,2.1448
SINE,2.1656
SINE,2.2504
LINE,2.22
LTR,2.2192
LINE,2.2192
LINE,2.2296
SINE,2.2184
SINE,2.224
LINE,2.2312
LTR,2.2488
LINE,2.2392
DNA,2.2368
unique/low-repeat,2.2256
unique/low-repeat,2.2256
LTR,2.216
LINE,2.236
LINE,2.2352
LTR,2.2312
LTR,2.232
LINE,2.232
SINE,2.2424
LINE,2.2272
SINE,2.1992
LINE,2.1792
LTR,2.2184
LINE,2.1896
LINE,2.2184
LINE,2.2192
unique/low-repeat,2.2008
LINE,2.2096
LTR,2.232
LINE,2.236
LINE,2.2144
SINE,2.2112
LTR,2.22
SINE,2.2248
SINE,2.2376
LINE,2.2208
SINE,2.2192
SINE,2.212
LINE,2.2408
SINE,2.2264
SINE,2.2304
SINE,2.2288
LINE,2.208
SINE,2.2224
LTR,2.1832
LTR,2.2288
LINE,2.2184
LTR,2.2144
SINE,2.1776
SINE,2.04
SINE,2.1056
SINE,2.108
SINE,2.1824
LINE,2.2456
LINE,2.2328
LINE,2.224
LTR,2.2168
SINE,2.2464
LTR,2.2368
LINE,2.2176
LINE,2.2032
LTR,2.2144
LTR,2.212
LINE,2.2344
LINE,2.2344
unique/low-repeat,2.2352
LINE,2.2176
LINE,2.204
LTR,2.2208
LINE,2.2192
LTR,2.2232
LINE,2.2016
LINE,2.2232
LTR,2.2208
LINE,2.2032
LTR,2.2112
LTR,2.2064
SINE,2.2176
LINE,2.2288
LINE,2.224
LINE,2.2248
LINE,2.216
LINE,2.2088
unique/low-repeat,2.2304
LINE,1.9568
LTR,2.22
LINE,2.2056
DNA,2.2216
LTR,2.2192
LINE,2.2304
LINE,2.2344
LINE,2.2288
LINE,2.212
DNA,2.2272
LINE,2.2088
LINE,2.2144
LINE,2.1928
LINE,2.2296
LINE,2.2048
LINE,2.2328
LTR,2.212
LTR,2.224
LINE,2.216
LINE,2.2184
SINE,2.1992
LTR,2.2008
LINE,2.2248
LINE,2.1712
LINE,2.2328
LINE,2.2344
LINE,2.1632
LINE,2.2304
LINE,2.2144
LTR,2.22
LINE,2.1992
unique/low-repeat,2.2328
LINE,2.168
DNA,2.2224
LINE,2.2264
unique/low-repeat,2.2216
LINE,2.212
LINE,2.232
SINE,2.2224
SINE,2.2088
LTR,2.2272
DNA,2.2248
LINE,2.1968
unique/low-repeat,2.2152
LTR,2.212
LINE,2.2336
LTR,2.2208
unique/low-repeat,2.1984
SINE,2.2328
LTR,2.2344
LINE,2.2352
unique/low-repeat,2.2136
SINE,2.2184
LINE,2.2296
unique/low-repeat,2.1992
LINE,2.2352
LINE,2.2168
LINE,2.2256
LINE,2.2232
LINE,2.2208
LTR,2.2168
LTR,2.2376
LINE,2.1968
DNA,2.208
LINE,2.2368
LINE,2.2072
LINE,2.2168
LTR,2.2096
LTR,2.2328
LTR,2.2376
LTR,2.22
LINE,2.2
LINE,2.1944
LINE,2.2096
LINE,2.2056
unique/low-repeat,2.2384
LINE,2.1912
LINE,2.2248
LINE,2.2088
LTR,2.2168
LTR,2.2016
LINE,2.2
LINE,2.2184
LINE,2.212
LINE,2.2248
LINE,2.2128
LTR,2.2256
LINE,2.2152
LINE,2.2248
LINE,2.216
LINE,2.2176
LINE,2.1984
unique/low-repeat,2.2224
LINE,2.2144
LINE,2.2096
LINE,2.192
LINE,2.2032
LINE,2.2072
LTR,2.2256
LINE,2.22
LTR,2.2
LINE,2.2344
LTR,2.2296
LINE,2.176
LINE,2.2056
LTR,2.232
SINE,2.208
LTR,2.2192
LINE,2.2072
LTR,2.2248
LINE,2.1488
DNA,2.2368
SINE,2.2128
LINE,2.204
LINE,2.2216
LTR,2.1872
LINE,2.2168
unique/low-repeat,2.2192
LINE,2.2264
unique/low-repeat,2.2008
unique/low-repeat,2.2296
LINE,2.2176
LINE,2.2272
LTR,2.2216
LINE,2.2016
LTR,2.2376
LINE,2.2256
LINE,2.216
LINE,2.2272
DNA,2.2272
LTR,2.192
LTR,2.2224
LTR,2.2128
LINE,2.2088
SINE,2.1888
LINE,2.208
LINE,2.2144
LTR,2.2328
LTR,2.2104
LINE,2.232
LINE,2.2384
LINE,2.2216
LINE,2.2384
LINE,2.2312
LINE,2.2232
LINE,2.2216
LINE,2.228
LINE,2.2288
LINE,2.216
LTR,2.2248
LINE,2.2
LINE,2.2312
SINE,2.204
SINE,2.208
LINE,2.2312
LINE,2.232
Retroposon,2.2128
DNA,2.212
LTR,2.2144
LINE,2.2176
SINE,2.2328
LTR,2.2392
LINE,2.2216
DNA,2.2224
LINE,2.2136
LTR,2.2464
DNA,2.2312
SINE,2.248
LINE,2.0816
LINE,2.2168
LINE,2.1792
LINE,2.2328
SINE,2.2192
LTR,2.2072
SINE,2.2016
SINE,2.2008
LINE,2.2288
unique/low-repeat,2.224
LTR,2.2184
LINE,2.2368
LINE,2.2144
LINE,2.2272
LINE,2.2144
LTR,2.2112
LTR,2.224
LINE,2.2232
LINE,2.244
LINE,2.2056
LINE,2.2216
LTR,2.2464
LINE,2.196
LINE,2.2096
LTR,2.2064
LINE,2.2224
LTR,2.2216
Retroposon,2.2072
LTR,2.2336
unique/low-repeat,2.1992
LINE,2.208
LINE,2.2272
LINE,2.224
SINE,2.216
LINE,2.2176
LTR,2.208
DNA,2.2272
SINE,2.228
DNA,2.2168
SINE,2.1504
SINE,2.1632
SINE,2.1336
LINE,2.2224
LINE,2.2408
LINE,2.2256
unique/low-repeat,2.2128
unique/low-repeat,2.248
LINE,2.2296
LINE,2.2096
LINE,2.2392
LINE,2.24
LTR,2.2256
LINE,2.232
LTR,2.228
LINE,2.2288
LTR,2.2352
LTR,2.216
LINE,2.2
LTR,2.2184
LTR,2.212
LINE,2.2232
LTR,2.2368
LINE,2.228
unique/low-repeat,2.216
LINE,2.0368
LINE,2.2256
unique/low-repeat,2.2592
LINE,2.2432
LINE,2.2376
LINE,2.2232
LINE,2.2032
LINE,2.1984
DNA,2.2192
LINE,2.2016
LINE,2.1736
LINE,2.2152
DNA,2.2336
SINE,2.2448
LINE,2.2208
LINE,2.2136
SINE,2.2112
LTR,2.2432
unique/low-repeat,2.2304
LINE,2.2304
LINE,2.232
LINE,2.2224
LINE,2.2336
LTR,2.228
SINE,2.2312
LINE,2.2184
LINE,2.2328
DNA,2.2256
LINE,2.2288
LINE,2.1976
LTR,2.2288
LTR,2.2208
DNA,2.2352
LINE,2.208
LTR,2.2312
LINE,2.236
LINE,2.2304
SINE,2.2368
LTR,2.2232
LINE,2.2224
LINE,2.224
LINE,2.212
LINE,2.2408
LINE,2.2408
DNA,2.2344
LTR,2.2344
LINE,2.2256
SINE,2.2632
LINE,2.2352
LTR,2.216
LTR,2.2208
LINE,2.2176
LINE,2.1824
LINE,2.228
LINE,2.2264
LTR,2.2336
LTR,2.2256
LINE,2.2136
LTR,2.16
LINE,2.152
SINE,2.1408
SINE,2.1456
SINE,2.196
SINE,2.2048
LINE,2.2024
LTR,2.2192
LTR,2.2384
LINE,2.2128
LINE,2.2296
LTR,2.224
Retroposon,2.2352
SINE,2.2096
LINE,2.2296
SINE,2.192
LINE,2.2328
unique/low-repeat,2.2344
LINE,2.2056
LTR,2.2256
unique/low-repeat,2.2392
unique/low-repeat,2.228
unique/low-repeat,2.2352
LINE,2.2672
SINE,2.2176
SINE,2.1984
unique/low-repeat,2.2288
LINE,2.22
LINE,2.2112
LTR,2.212
LINE,2.2168
LTR,2.232
LTR,2.2072
LINE,2.1968
LINE,2.2576
LTR,2.2368
LTR,2.2456
LTR,2.232
SINE,2.2128
SINE,2.196
SINE,2.2144
LINE,2.248
SINE,2.2248
LINE,2.2328
LINE,2.2048
SINE,2.244
LINE,2.1944
LINE,2.2336
LINE,2.2336
LTR,2.2312
LINE,2.2024
LINE,2.232
LINE,2.2248
LINE,2.2248
LINE,2.22
LINE,2.2104
SINE,2.2288
LINE,2.2232
LINE,2.2128
LINE,2.1944
LINE,2.2064
LINE,2.2216
LINE,2.1992
LINE,2.1352
LINE,2.2104
LINE,2.2208
LINE,2.2
LINE,2.2264
LTR,2.24
LINE,2.2176
LINE,2.24
LINE,2.1928
LINE,2.2024
LINE,2.192
LINE,2.208
LTR,2.2184
LINE,2.212
LINE,2.212
LINE,2.2384
LINE,2.256
LTR,2.2208
LINE,2.2144
LINE,2.2072
LINE,2.204
LINE,2.2312
unique/low-repeat,2.2192
LINE,2.208
LINE,2.212
LTR,2.2384
LINE,2.2328
LINE,2.1944
LTR,2.2264
LTR,2.22
unique/low-repeat,2.2184
LINE,2.2264
LINE,2.2392
LINE,2.2328
SINE,2.228
LINE,2.2312
LINE,2.2184
LTR,2.2352
LINE,2.2328
LINE,2.2192
LINE,2.2328
LINE,2.2216
LTR,2.22
LTR,2.2152
DNA,2.2304
LINE,2.2176
LINE,2.2344
SINE,2.2216
LTR,2.228
LINE,2.2224
LINE,2.2144
LTR,2.2248
LINE,2.2184
LINE,2.24
LINE,2.248
SINE,2.2072
LINE,2.2216
SINE,2.224
SINE,2.2136
SINE,2.16
SINE,2.1664
SINE,2.2208
SINE,2.2488
LINE,2.2336
SINE,2.2264
LINE,2.2184
LINE,2.2336
LTR,2.2176
LINE,2.1656
SINE,2.2328
SINE,2.2088
LTR,2.2176
LTR,2.2288
SINE,2.1904
SINE,2.2064
LINE,2.1288
SINE,2.2
SINE,2.2248
LINE,2.2216
LINE,2.2232
LINE,2.2296
LINE,2.2216
LINE,2.2312
LINE,2.2384
LTR,2.2264
LINE,2.2248
LINE,2.232
LINE,2.2256
LTR,2.2272
unique/low-repeat,2.2464
LINE,2.2224
LINE,2.2264
SINE,2.2208
unique/low-repeat,2.2264
LINE,2.2304
unique/low-repeat,2.26
LTR,2.256
SINE,2.2144
SINE,2.2128
LINE,2.22
SINE,2.236
SINE,2.224
SINE,2.2376
SINE,2.2368
SINE,2.204
LINE,2.232
LINE,2.2072
LTR,2.2184
LINE,2.2216
LINE,2.224
LINE,2.2192
LINE,2.2096
LINE,2.2336
LINE,2.22
LINE,2.2128
LINE,2.2272
LINE,2.232
LINE,2.2048
LINE,2.1984
SINE,2.2208
unique/low-repeat,2.228
LINE,2.2376
LINE,2.2448
unique/low-repeat,2.2232
LINE,2.2384
unique/low-repeat,2.2232
LINE,2.2312
unique/low-repeat,2.2248
LTR,2.2272
LINE,2.2248
LINE,2.216
LINE,2.224
LTR,2.2224
LINE,2.2392
LINE,2.2208
unique/low-repeat,2.2192
unique/low-repeat,2.2256
SINE,2.2048
SINE,2.2
unique/low-repeat,2.2376
LINE,2.22
SINE,2.2432
SINE,2.232
LTR,2.208
SINE,2.2152
LINE,2.2224
LINE,2.22
LINE,2.2016
LINE,2.248
LTR,2.2312
LTR,2.2328
LINE,2.2512
SINE,2.2192
LTR,2.216
SINE,2.2392
SINE,2.2184
SINE,2.2144
LINE,2.2192
SINE,2.1248
LTR,2.2192
LTR,2.2336
SINE,2.004
SINE,2.22
LTR,2.2256
LINE,2.2176
LINE,2.2168
DNA,2.2376
LINE,2.1928
unique/low-repeat,2.2488
LINE,2.228
LINE,2.2304
DNA,2.2248
LINE,2.22
LTR,2.2208
LTR,2.2256
LTR,2.232
LINE,2.2256
LINE,2.2424
LTR,2.2432
LINE,2.2136
LTR,2.2288
LINE,2.2184
LINE,2.2216
LINE,2.2208
unique/low-repeat,2.228
LINE,2.2328
LINE,2.2248
unique/low-repeat,2.236
LINE,2.2136
LTR,2.204
LINE,2.236
LINE,2.2152
unique/low-repeat,2.228
LINE,2.2176
LINE,2.236
LINE,2.196
LINE,2.232
LINE,2.2184
DNA,2.2248
LTR,2.2216
unique/low-repeat,2.2096
LINE,2.2272
LINE,2.2208
LINE,2.2304
LTR,2.2128
LINE,2.212
LINE,2.2088
SINE,2.2144
LTR,2.2424
LINE,2.22
LINE,2.1968
LINE,2.1888
LTR,2.2408
LINE,2.2072
LINE,2.2032
LINE,2.2288
LINE,2.2216
LINE,2.22
LINE,2.1432
LINE,2.18
LTR,2.216
LINE,2.228
LTR,2.2128
unique/low-repeat,2.2064
LINE,2.2232
LTR,2.2312
unique/low-repeat,2.2616
unique/low-repeat,2.2168
LTR,2.2304
LINE,2.1952
LINE,2.204
SINE,2.2
unique/low-repeat,2.2424
SINE,2.2136
LTR,2.24
LINE,2.2152
LINE,2.2192
LINE,2.2168
LINE,2.2248
unique/low-repeat,2.2016
LINE,2.232
LINE,2.2312
LTR,2.2152
unique/low-repeat,2.2144
unique/low-repeat,2.2232
LINE,2.1936
SINE,2.216
LINE,2.212
unique/low-repeat,2.2256
LINE,2.2064
unique/low-repeat,2.2136
LTR,2.2128
LINE,2.22
LINE,2.2312
LINE,2.2136
LINE,2.2288
SINE,2.2384
LINE,2.2208
LINE,2.2072
LINE,2.22
SINE,2.2088
LINE,2.224
LINE,2.2104
LTR,2.2264
LTR,2.1968
LTR,2.2152
SINE,2.2088
SINE,2.2248
LTR,2.2328
LINE,2.2296
LTR,2.2296
unique/low-repeat,2.2192
SINE,2.208
LINE,2.24
LINE,2.2104
LINE,2.22
LTR,2.228
LTR,2.248
LINE,2.2224
LTR,2.2128
unique/low-repeat,2.2176
SINE,2.2264
LINE,2.228
DNA,2.2248
LINE,2.1992
LINE,2.2304
unique/low-repeat,2.1704
unique/low-repeat,2.2368
LINE,2.2112
unique/low-repeat,2.2256
LTR,2.2192
LINE,2.2144
LINE,2.2264
LINE,2.2248
LTR,2.2344
LTR,2.228
LINE,2.2232
LINE,2.2024
LTR,2.2128
LINE,2.2152
SINE,2.2208
LINE,2.2104
LINE,2.2384
LTR,2.148
LINE,2.2248
LTR,2.2176
LINE,2.216
LTR,2.2128
LINE,2.2224
LINE,2.2072
LINE,2.2248
LTR,2.2096
LINE,2.2352
unique/low-repeat,2.212
SINE,2.212
LINE,2.2296
LINE,2.1952
LTR,2.208
LINE,2.216
LINE,2.2096
LTR,2.1912
SINE,2.2064
unique/low-repeat,2.2304
LINE,2.2272
LINE,2.2288
LINE,2.2024
LINE,2.2208
unique/low-repeat,2.2112
LINE,2.2328
LINE,2.2136
LINE,2.2024
LINE,2.2264
LINE,2.228
LINE,2.236
LINE,2.22
LTR,2.232
LINE,2.208
LINE,2.1976
LINE,2.2096
LINE,2.2296
LINE,2.2072
LINE,2.2112
LTR,2.224
LINE,2.2184
LTR,2.2216
LINE,2.2064
LINE,2.2272
LINE,2.2136
LINE,2.2336
LINE,2.2288
SINE,2.2416
SINE,2.2432
LTR,2.2168
LINE,2.228
LINE,2.232
LINE,2.2008
SINE,2.1944
DNA,2.2096
SINE,2.204
SINE,2.1496
SINE,2.2048
LINE,2.2328
LTR,2.2176
DNA,2.2288
LTR,2.2056
LINE,2.232
LINE,2.2104
LINE,2.2272
LINE,2.2152
unique/low-repeat,2.2256
LINE,2.2064
LTR,2.2208
SINE,2.2136
LINE,2.2152
unique/low-repeat,2.2368
LTR,2.2128
DNA,2.2224
LTR,2.2008
LINE,2.252
LTR,2.2256
LINE,2.2144
LINE,2.2168
LINE,2.224
LINE,2.2232
LINE,2.2064
LTR,2.2176
LINE,2.2272
LTR,2.232
LTR,2.2456
LINE,2.2256
LINE,2.184
LINE,2.1976
LINE,2.2208
LINE,2.2288
LINE,2.2288
LTR,2.2144
SINE,2.2304
LINE,2.2312
unique/low-repeat,2.2224
SINE,2.2024
unique/low-repeat,2.2224
LINE,2.2376
LINE,2.2176
LINE,2.2232
LTR,2.2192
LTR,2.24
LINE,2.2216
LINE,2.2128
SINE,2.2168
unique/low-repeat,2.1976
LINE,2.2352
LINE,2.2224
LINE,2.2032
LINE,2.2264
LTR,2.2152
SINE,2.224
LINE,2.196
LTR,2.2416
DNA,2.2216
DNA,2.2224
LINE,2.248
SINE,2.2528
SINE,2.188
LINE,2.2024
LINE,2.1928
LINE,2.2152
SINE,2.216
LINE,2.2264
LINE,2.2024
LTR,2.2264
LTR,2.2352
LTR,2.2256
unique/low-repeat,2.2024
LINE,2.2184
SINE,2.2128
LINE,2.2184
LTR,2.2048
LTR,2.2224
LTR,2.212
LINE,2.2056
LINE,2.2168
LINE,2.2232
LINE,2.2168
LINE,2.2032
LINE,2.1872
LINE,2.2152
LINE,2.2128
LINE,2.22
LINE,2.1984
LINE,2.2
unique/low-repeat,2.2312
unique/low-repeat,2.204
LINE,2.2176
LINE,2.2136
LTR,2.2312
LINE,2.2312
LINE,2.2136
LINE,2.216
LINE,2.2192
LINE,2.2456
LINE,2.2232
LINE,2.2216
LINE,2.2424
LINE,2.2272
LINE,2.2104
LINE,2.2288
LINE,2.2152
LINE,2.2248
LINE,2.224
DNA,2.212
LINE,2.2232
LINE,2.2176
LINE,2.2112
LINE,2.2208
LINE,2.2048
LTR,2.2208
LTR,2.2208
LINE,2.2184
LINE,2.2312
LTR,2.2368
LTR,2.2352
LINE,2.2264
LTR,2.2216
LINE,2.2344
LINE,2.22
LINE,2.2224
LINE,2.2224
SINE,2.2296
unique/low-repeat,2.228
unique/low-repeat,2.2336
unique/low-repeat,2.2272
LINE,2.2216
LINE,2.2232
DNA,2.2096
unique/low-repeat,2.22
SINE,2.2224
LTR,2.2296
LINE,2.2352
LTR,2.2208
SINE,2.2328
SINE,2.2176
SINE,2.2376
LINE,2.212
LINE,2.2312
SINE,2.2096
LINE,2.2288
unique/low-repeat,2.2176
LINE,2.228
LINE,2.2144
LINE,2.236
LINE,2.2208
LINE,2.212
LTR,2.204
LTR,2.2264
SINE,2.1728
SINE,2.224
unique/low-repeat,2.224
SINE,2.2152
SINE,2.2216
LINE,2.2328
LTR,2.2136
unique/low-repeat,2.2296
SINE,2.2144
LINE,2.2312
LINE,2.2152
LTR,2.2248
LTR,2.2224
SINE,2.2216
SINE,2.2168
LINE,2.2136
LINE,2.2264
SINE,2.2312
SINE,2.2056
SINE,2.2256
LINE,2.2128
SINE,2.2
LINE,2.2224
SINE,2.1712
SINE,2.236
SINE,2.1784
SINE,2.2088
SINE,2.1552
SINE,2.2032
SINE,2.1992
LTR,2.2256
LINE,2.2016
SINE,2.2232
LTR,2.2352
unique/low-repeat,2.2608
unique/low-repeat,2.2392
unique/low-repeat,2.2232
SINE,2.2224
LTR,2.12
DNA,2.2208
unique/low-repeat,2.2128
LTR,2.2096
unique/low-repeat,2.2144
LINE,2.224
LINE,2.2168
LINE,2.2248
LINE,2.2192
LINE,2.2208
LINE,2.232
LINE,2.2008
unique/low-repeat,2.2224
unique/low-repeat,2.232
LINE,2.2224
unique/low-repeat,2.2232
LINE,2.2248
LTR,2.2408
SINE,2.2232
LINE,2.2224
LTR,2.2456
DNA,2.228
LINE,2.2296
LTR,2.2384
unique/low-repeat,2.2376
LINE,2.2296
LINE,2.2368
LINE,2.236
SINE,2.224
SINE,2.2216
LINE,2.2008
SINE,2.224
SINE,2.0688
SINE,2.2304
SINE,2.192
SINE,2.1816
SINE,2.164
SINE,2.228
LTR,2.2264
SINE,2.2144
SINE,2.2344
unique/low-repeat,2.2296
unique/low-repeat,2.224
unique/low-repeat,2.2296
LINE,2.2344
LINE,2.2336
SINE,2.2104
LTR,2.2216
unique/low-repeat,2.224
unique/low-repeat,2.2176
unique/low-repeat,2.2224
LINE,2.2248
LINE,2.2104
LINE,2.2128
LINE,2.22
unique/low-repeat,2.236
LTR,2.2248
LINE,2.2136
LTR,2.2152
LTR,2.2136
LINE,2.2144
LINE,2.204
LINE,2.2176
LINE,2.2088
LINE,2.2192
LTR,2.2224
LTR,2.216
LINE,2.1984
LINE,2.2232
unique/low-repeat,2.228
LINE,2.2264
LINE,2.2376
LTR,2.228
LINE,2.2192
LINE,2.2224
DNA,2.2032
LINE,2.2048
unique/low-repeat,2.2152
DNA,2.2192
LINE,2.2128
LINE,2.2232
LTR,2.2144
LINE,2.2288
LINE,2.2056
LINE,2.2208
LINE,2.1952
LINE,2.2096
LINE,2.1984
LINE,2.2256
LTR,2.2272
LTR,2.228
LINE,2.2136
unique/low-repeat,2.2152
LINE,2.228
LTR,2.2248
LINE,2.216
LTR,2.196
LTR,2.2216
LINE,2.2248
LINE,2.216
LINE,2.2056
LTR,2.22
LTR,2.2336
LINE,2.1568
LINE,2.2208
unique/low-repeat,2.2392
LINE,2.22
LTR,2.2144
LINE,2.2328
LINE,2.2152
LINE,2.204
LTR,2.2256
LINE,2.2344
LINE,2.2248
LINE,2.2096
LINE,2.2184
LINE,2.2168
unique/low-repeat,2.2136
LINE,2.1984
LINE,2.2208
LINE,2.2064
LINE,2.2088
LINE,2.2336
LINE,2.228
LINE,2.2352
LINE,2.2104
LINE,2.244
unique/low-repeat,2.2288
SINE,2.1968
LTR,2.2392
unique/low-repeat,2.2424
SINE,2.2288
SINE,2.2376
SINE,2.228
SINE,2.1968
SINE,2.2072
SINE,2.2208
LINE,2.2248
LINE,2.2448
DNA,2.224
LINE,2.2072
LINE,2.2376
SINE,2.2056
unique/low-repeat,2.2408
LINE,2.212
SINE,2.2312
LINE,2.2144
LINE,2.2328
LINE,2.2144
unique/low-repeat,2.2376
unique/low-repeat,2.2184
unique/low-repeat,2.2376
LINE,2.2416
LTR,2.2144
LINE,2.2136
LINE,2.2152
unique/low-repeat,2.2304
LTR,2.2232
LTR,2.2176
LTR,2.2136
LTR,2.2432
LINE,2.2184
LTR,2.224
LINE,2.2088
LINE,2.2128
LTR,2.224
LINE,2.2096
unique/low-repeat,2.2032
LTR,2.2184
unique/low-repeat,2.2232
LINE,2.2264
DNA,2.2176
LTR,2.236
LINE,2.2384
unique/low-repeat,2.2064
SINE,2.2288
LINE,2.2112
SINE,2.2256
DNA,2.2344
LINE,2.184
LINE,2.208
LINE,2.2168
LINE,2.224
LINE,2.2176
LINE,2.2224
SINE,2.2328
LINE,2.2304
LINE,2.248
unique/low-repeat,2.2432
DNA,2.24
SINE,2.2264
LINE,2.2056
LINE,2.2304
LINE,2.216
LINE,2.2304
SINE,2.2328
LINE,2.2328
LINE,2.2216
LINE,2.2256
LINE,2.2072
LINE,2.2272
LINE,2.216
LTR,2.2064
LTR,2.2176
LTR,2.2224
DNA,2.2376
LTR,2.2256
LINE,2.2112
LTR,2.2352
LINE,2.2136
LTR,2.1896
LINE,2.2192
LINE,2.2184
LINE,2.2032
SINE,2.2368
LINE,2.224
SINE,2.1912
LINE,2.228
LINE,2.228
LINE,2.2128
SINE,2.236
SINE,2.2496
SINE,2.2024
LINE,2.18
LINE,2.2248
LINE,2.2136
LINE,2.1816
LINE,2.2296
LINE,2.208
LINE,2.2168
LTR,2.2208
LTR,2.2288
LINE,2.2328
LTR,2.224
unique/low-repeat,2.2272
LINE,2.2056
unique/low-repeat,2.2168
LINE,2.2128
LTR,2.212
LINE,2.22
LTR,2.224
LINE,2.2096
LINE,2.2144
LTR,2.2368
unique/low-repeat,2.224
LTR,2.244
LINE,2.2216
LINE,2.2248
LTR,2.22
LINE,2.2008
unique/low-repeat,2.2064
LINE,2.2016
LINE,2.2216
LTR,2.22
SINE,2.22
SINE,2.216
LTR,2.232
LINE,2.2112
SINE,2.2048
SINE,2.2208
DNA,2.224
LINE,2.224
LTR,2.2312
LTR,2.232
LTR,2.2032
LTR,2.2208
DNA,2.1952
LINE,2.2104
LINE,2.2264
LINE,2.2184
unique/low-repeat,2.2264
LINE,2.2296
LINE,2.212
LTR,2.2416
LINE,2.216
LTR,2.2168
LINE,2.2392
LINE,2.2312
LINE,2.2128
LINE,2.2328
Retroposon,2.224
LINE,2.2072
LINE,2.2384
LINE,2.2416
LTR,2.1944
LINE,2.2216
LINE,2.2296
LINE,2.2344
LINE,2.2224
LTR,2.2184
LINE,2.2168
LINE,2.2224
LINE,2.2248
LTR,2.2208
LINE,2.228
SINE,2.1344
SINE,2.1664
LINE,2.2064
SINE,2.2008
LTR,2.2376
SINE,2.2096
LINE,2.224
LTR,2.2152
LINE,2.2176
SINE,2.2256
SINE,2.2008
SINE,2.1632
SINE,2.2248
LINE,2.2368
LINE,2.2176
LINE,2.2024
LINE,2.244
LINE,2.2288
LINE,2.212
LINE,2.2232
LINE,2.2224
SINE,2.2336
LINE,2.2232
SINE,2.2176
LTR,2.2224
SINE,2.2024
LINE,2.2128
LTR,2.2144
LINE,2.1976
unique/low-repeat,2.232
LINE,2.2008
LINE,2.2192
LINE,2.2288
LINE,2.2328
LINE,2.2192
LINE,2.224
LTR,2.216
LINE,2.2112
LTR,2.2216
LTR,2.228
LINE,2.2208
LTR,2.2056
LTR,2.2168
LINE,2.2144
LINE,2.232
LINE,2.2216
LTR,2.2312
LTR,2.2144
LINE,2.2216
LTR,2.232
unique/low-repeat,2.2136
LINE,2.204
LINE,2.1888
LINE,2.2104
LTR,2.2344
DNA,2.2264
LTR,2.236
LINE,2.2216
LINE,2.2136
Satellite,2.2496
unique/low-repeat,2.2016
LTR,2.2296
LTR,2.2288
LINE,2.2
LINE,2.2152
LTR,2.2304
LINE,2.1968
LINE,2.2096
LINE,2.2216
LTR,2.2264
LINE,2.188
LINE,2.2224
LINE,2.2136
SINE,2.2096
LTR,2.216
LINE,2.212
LINE,2.2008
LINE,2.2216
LTR,2.208
LINE,2.2128
LTR,2.22
LINE,2.2136
LTR,2.2304
LTR,2.2256
LINE,2.2272
LINE,2.2352
LTR,2.2072
LINE,2.2352
LINE,2.22
LTR,2.2272
LINE,2.2008
LINE,2.2184
unique/low-repeat,2.22
LINE,2.2032
LTR,2.22
LINE,2.1992
LINE,2.208
LINE,2.2152
LINE,2.2264
LINE,2.1952
LTR,2.2152
LINE,1.9096
LINE,2.2144
LINE,2.2104
LTR,2.212
LTR,2.2312
LINE,2.2024
LTR,2.2144
LINE,2.2384
LINE,2.2272
LINE,2.2344
LINE,2.2224
LINE,2.1472
LINE,2.236
LTR,2.216
LINE,2.2272
LINE,2.2072
LTR,2.22
LINE,2.2304
unique/low-repeat,2.212
LINE,2.216
LINE,2.1776
LINE,2.1896
LTR,2.2336
LINE,2.2184
LINE,2.2064
LTR,2.2256
LTR,2.2184
LINE,2.2096
unique/low-repeat,2.2192
LINE,2.22
LINE,2.2288
LINE,2.2256
LINE,2.1744
LINE,2.2128
LINE,2.2096
LINE,2.2064
LINE,2.2096
LINE,2.1976
LTR,2.2432
LINE,2.2288
LINE,2.244
LINE,2.2112
LTR,2.228
LTR,2.2296
LINE,2.2112
LTR,2.2112
LINE,2.2
unique/low-repeat,2.2192
LINE,2.2176
LINE,2.2216
LINE,2.2168
LINE,2.2312
LINE,2.2232
LINE,2.2224
unique/low-repeat,2.2104
LINE,2.224
LINE,2.2264
LINE,2.2032
LINE,2.2152
LTR,2.2248
LTR,2.2112
LTR,2.2208
unique/low-repeat,2.2416
LTR,2.208
LTR,2.2208
unique/low-repeat,2.2192
SINE,2.2128
LINE,2.2088
LTR,2.2128
LTR,2.2296
LINE,2.2072
LINE,2.2224
LINE,2.2256
LINE,2.2384
LTR,2.2416
LINE,2.2296
SINE,2.2272
LINE,2.2376
SINE,2.1512
SINE,2.2104
SINE,2.2224
SINE,2.2056
SINE,2.2064
SINE,2.188
SINE,2.188
SINE,2.1912
SINE,2.2216
LTR,2.2408
LTR,2.2
LINE,2.2352
SINE,2.2304
unique/low-repeat,2.2288
LINE,2.2232
SINE,2.2328
unique/low-repeat,2.2376
DNA,2.2128
LINE,2.228
SINE,2.2224
Simple_repeat,2.1936
SINE,2.2376
LINE,2.2064
LINE,2.2144
LINE,2.2224
LINE,2.2112
SINE,2.2368
LINE,2.2456
SINE,2.2264
SINE,2.2256
SINE,2.176
SINE,2.2288
unique/low-repeat,2.2344
LINE,2.2128
LINE,2.2024
LINE,2.2256
LINE,2.2296
LINE,2.2248
LTR,2.2368
LINE,2.2512
LINE,2.2408
LINE,2.2184
LINE,2.2304
LTR,2.2144
unique/low-repeat,2.2304
LINE,2.2192
LINE,2.2392
LINE,2.2064
LINE,2.232
LINE,2.2024
LINE,2.2296
LINE,2.2184
LINE,2.236
LINE,2.2264
LTR,2.2168
unique/low-repeat,2.22
unique/low-repeat,2.2312
LINE,2.2288
LTR,2.22
unique/low-repeat,2.2208
LINE,2.2296
LINE,2.2296
LINE,2.2128
LTR,2.2096
LTR,2.2344
LINE,2.2128
LINE,2.2112
LTR,2.2112
LINE,2.2272
LINE,2.2008
LINE,2.216
LINE,2.2016
LTR,2.2136
LINE,2.232
LINE,2.2208
LTR,2.2248
LTR,2.2032
unique/low-repeat,2.232
LINE,2.2184
SINE,2.1896
unique/low-repeat,2.2416
LINE,2.2176
LINE,2.2256
LINE,2.2312
LTR,2.2328
LINE,2.2368
unique/low-repeat,2.2504
LINE,2.2144
LINE,2.224
LINE,2.232
LINE,2.2032
LINE,2.2368
LTR,2.2328
SINE,2.2192
LTR,2.2296
LTR,2.2224
unique/low-repeat,2.2096
DNA,2.2408
unique/low-repeat,2.2336
SINE,2.2192
LINE,2.2216
LTR,2.2384
unique/low-repeat,2.2272
unique/low-repeat,2.228
LINE,2.2048
LINE,2.2208
LINE,2.2104
unique/low-repeat,2.2264
LINE,2.224
LTR,2.2296
LTR,2.2352
LINE,2.224
LINE,2.244
LINE,2.2216
LTR,2.2168
LINE,2.2176
SINE,2.2248
LINE,2.2232
LINE,2.2288
LINE,2.2336
LINE,2.2264
SINE,2.2256
DNA,2.2296
unique/low-repeat,2.2416
LINE,2.2424
LINE,2.2448
LINE,2.1984
LINE,2.2256
LTR,2.2272
unique/low-repeat,2.2384
LINE,2.2296
unique/low-repeat,2.2216
SINE,2.2176
LINE,2.2368
LTR,2.224
LINE,2.2352
LINE,2.228
LINE,2.2432
LTR,2.224
LTR,2.2216
LTR,2.18
LTR,2.2176
SINE,2.2352
unique/low-repeat,2.2112
unique/low-repeat,2.2336
LINE,2.2272
unique/low-repeat,2.216
unique/low-repeat,2.2208
Retroposon,2.204
LINE,2.232
LTR,2.228
LTR,2.2232
LINE,2.2144
LINE,2.2248
SINE,2.1736
SINE,2.1672
Simple_repeat,2.044
SINE,2.2144
SINE,2.2144
SINE,2.2312
LINE,2.2512
unique/low-repeat,2.2472
LINE,2.2488
LTR,2.244
LINE,2.2304
unique/low-repeat,2.2584
LINE,2.2312
unique/low-repeat,2.0752
LINE,2.2384
LINE,2.2088
LINE,2.2168
LINE,2.2216
LTR,2.2336
unique/low-repeat,2.1848
SINE,2.2328
LINE,2.2136
LINE,2.2336
LTR,2.2048
LINE,2.2008
LINE,2.2136
LINE,2.2136
LTR,2.2144
LTR,2.2144
LINE,2.2104
LINE,2.2272
LINE,2.2312
LINE,2.2144
LINE,2.2288
LINE,2.2096
DNA,2.204
LINE,2.204
LINE,2.2016
LINE,2.2288
LTR,2.2184
LINE,2.2272
SINE,2.1456
unique/low-repeat,2.2536
SINE,2.1992
LINE,2.2136
SINE,2.2088
LINE,2.2192
SINE,2.2112
LINE,2.2272
DNA,2.2096
SINE,2.2272
LINE,2.224
SINE,2.1272
SINE,2.1856
SINE,2.2128
LINE,2.1984
unique/low-repeat,2.2312
LINE,2.216
LINE,2.2296
LINE,2.2472
LINE,2.2128
LTR,2.2344
LINE,2.232
LINE,2.2272
unique/low-repeat,2.2368
LINE,2.2336
SINE,2.2408
LINE,2.2256
LINE,2.1744
LINE,2.2096
LINE,2.24
LINE,2.2272
SINE,2.2112
SINE,2.2152
LTR,2.2184
LINE,2.2208
LTR,2.22
LINE,2.184
LINE,2.2032
LINE,2.2032
LINE,2.2424
SINE,2.2016
LTR,2.2408
SINE,2.2272
LINE,2.2112
SINE,2.208
SINE,2.1912
SINE,2.2368
unique/low-repeat,2.2416
LINE,2.2136
LINE,2.2168
LINE,2.2352
LINE,2.2328
LINE,2.224
LTR,2.2232
LINE,2.2136
LINE,2.2336
SINE,2.2368
LINE,2.2304
LINE,2.2216
LTR,2.216
LINE,2.2216
DNA,2.2312
LINE,2.2248
LINE,2.2272
LINE,2.2304
unique/low-repeat,2.2264
SINE,2.2168
SINE,2.2208
LINE,2.228
LINE,2.208
LINE,2.1968
LTR,2.2288
LINE,2.2184
LTR,2.22
LINE,2.2072
LTR,2.2112
LINE,2.2144
LINE,2.2152
LTR,2.2192
LINE,2.2304
LTR,2.2336
LINE,2.2216
LINE,2.2296
LINE,2.1984
SINE,2.216
LINE,2.2144
LTR,2.2176
unique/low-repeat,2.212
unique/low-repeat,2.224
SINE,2.24
LTR,2.228
DNA,2.2168
LINE,2.2184
LINE,2.2256
LTR,2.2248
LTR,2.2576
LINE,2.2328
LINE,2.2264
LINE,2.2016
LINE,2.236
LTR,2.2312
unique/low-repeat,2.2304
LINE,2.2304
LTR,2.2264
SINE,2.1936
unique/low-repeat,2.2192
unique/low-repeat,2.2176
SINE,2.1992
LTR,2.2328
LTR,2.2168
LINE,2.2272
unique/low-repeat,2.2184
LINE,2.2336
unique/low-repeat,2.2072
DNA,2.212
unique/low-repeat,2.216
LTR,2.2256
LINE,2.2264
LTR,2.2024
LINE,2.2248
LINE,2.212
LINE,2.22
LINE,2.2344
LINE,2.2208
LTR,2.216
LTR,2.2064
LINE,2.2048
LINE,2.2328
LINE,2.2208
LINE,2.2304
LINE,2.2288
LINE,2.212
LINE,2.2384
LINE,2.2272
LINE,2.1936
unique/low-repeat,2.2464
LINE,2.2152
LINE,2.2192
LINE,2.2384
LINE,2.2224
LTR,2.2136
LINE,2.2296
LTR,2.24
LINE,2.2256
LTR,2.2392
SINE,2.1816
LINE,2.2264
LINE,2.2336
LTR,2.2184
SINE,2.2208
SINE,2.1776
LINE,2.2304
SINE,2.244
SINE,2.2216
LINE,2.2144
unique/low-repeat,2.216
LTR,2.2208
SINE,2.2224
SINE,2.1984
LTR,2.2344
LTR,2.224
LINE,2.232
LINE,2.228
SINE,2.2152
LTR,2.2208
LINE,2.2232
LINE,2.2144
LINE,2.216
LINE,2.216
LINE,2.1976
LINE,2.228
LINE,2.24
LTR,2.228
LINE,2.2272
LINE,2.2104
LINE,2.2184
LINE,2.2184
LTR,2.2352
LTR,2.2152
LINE,2.2048
LINE,2.2368
LINE,2.2136
LTR,2.1952
LINE,2.2248
LTR,2.2224
LTR,2.2152
LINE,2.2
LINE,2.22
LINE,2.204
LINE,2.216
LINE,2.2128
LTR,2.2296
LINE,2.208
LINE,2.2168
SINE,2.2352
LINE,2.2072
LTR,2.2208
LTR,2.224
LINE,2.2168
unique/low-repeat,2.2128
unique/low-repeat,2.2264
LINE,2.2184
LINE,2.2024
LINE,2.2056
unique/low-repeat,2.2104
unique/low-repeat,2.208
LINE,2.212
LINE,2.2064
LINE,2.2152
LTR,2.2304
SINE,2.2272
LTR,2.2216
LTR,2.224
LINE,2.2056
LTR,2.2184
LINE,2.236
LTR,2.2416
LINE,2.2056
LTR,2.2224
LTR,2.2104
LTR,2.2288
LINE,2.2312
LTR,2.2272
LTR,2.212
DNA,2.2312
LINE,2.2336
LTR,2.2336
LINE,2.224
LINE,2.2256
DNA,2.2024
LTR,2.2208
LINE,2.216
SINE,2.2192
LTR,2.2192
unique/low-repeat,2.236
unique/low-repeat,2.2248
LINE,2.2208
LINE,2.2312
LINE,2.2168
LINE,2.208
LTR,2.2176
LINE,2.2352
LTR,2.2192
LINE,2.224
LTR,2.2072
LINE,2.2048
LINE,2.2064
LINE,2.1944
LTR,2.2232
LINE,2.2176
LINE,2.1976
LINE,2.2352
unique/low-repeat,2.2496
LINE,2.2136
LINE,2.216
LTR,2.2096
LINE,2.2104
LTR,2.2416
SINE,2.2032
SINE,2.1992
LTR,2.232
LTR,2.2088
SINE,2.14
LTR,2.2304
LINE,2.2392
LINE,2.2192
LINE,2.2208
LINE,2.2304
SINE,2.2272
LINE,2.2216
LINE,2.216
unique/low-repeat,2.2168
LINE,2.1992
LINE,2.236
unique/low-repeat,2.228
unique/low-repeat,2.2088
LINE,2.2328
unique/low-repeat,2.2168
LINE,2.2416
LINE,2.2296
LINE,2.2024
LINE,2.2264
LINE,2.224
LINE,2.2128
LTR,2.2424
unique/low-repeat,0.7416
LTR,2.2152
LINE,2.1936
LTR,2.228
LINE,2.2384
LINE,2.2248
unique/low-repeat,2.2176
unique/low-repeat,2.2232
LINE,2.2264
LTR,2.2296
LINE,2.2184
LINE,2.2352
LINE,2.2168
LINE,2.1896
LINE,2.232
LTR,2.1968
LINE,2.2152
LINE,2.232
LINE,2.1088
LTR,2.2304
LINE,2.2224
LINE,2.2248
LINE,2.2168
LTR,2.2136
LINE,2.156
SINE,2.2368
LINE,2.2128
LTR,2.2352
LTR,2.228
LINE,2.208
LINE,2.2224
SINE,2.184
LINE,2.2192
LINE,2.212
LTR,2.2384
LINE,2.1792
LINE,2.2264
LINE,2.252
SINE,2.2408
DNA,2.216
SINE,2.2272
LINE,2.2192
SINE,2.2136
SINE,2.2128
SINE,2.228
unique/low-repeat,2.2448
SINE,2.2288
SINE,2.2224
SINE,2.1568
SINE,2.2328
unique/low-repeat,2.232
LINE,2.2088
SINE,2.2232
SINE,2.1424
LTR,2.2008
LINE,2.212
LINE,2.2296
LINE,2.2416
SINE,2.2296
SINE,2.224
SINE,2.2376
SINE,2.2304
LINE,2.2504
SINE,2.2224
SINE,2.2104
SINE,2.2296
unique/low-repeat,2.2384
LINE,2.224
LINE,2.2256
LTR,2.232
LINE,2.2288
LINE,2.1272
LINE,2.228
LINE,2.2224
LTR,2.2232
LINE,2.2264
LTR,2.2136
LINE,2.1984
LTR,2.2184
LINE,2.2168
LTR,2.2304
LINE,2.2064
LINE,2.2136
LINE,2.2272
LTR,2.216
LTR,2.2272
LINE,2.2072
LINE,2.2096
LTR,2.2512
LINE,2.1976
LTR,2.208
LINE,2.2328
LINE,2.2512
LTR,2.2144
LTR,2.2424
LINE,2.2144
LTR,2.2272
LINE,2.2184
unique/low-repeat,2.2168
LINE,2.2048
LINE,2.2312
LINE,2.2064
LINE,2.2408
LINE,2.2288
LINE,2.2192
LINE,2.2256
unique/low-repeat,2.2264
LINE,2.2224
LINE,2.2064
LINE,2.2248
LINE,2.2192
LINE,2.236
SINE,2.2344
LINE,2.2312
unique/low-repeat,2.2296
LTR,2.2032
LINE,2.2208
LINE,2.2368
LINE,2.22
LINE,2.2112
LTR,2.2232
SINE,2.2128
LINE,2.1968
LTR,2.2424
LTR,2.2216
SINE,2.2264
LINE,2.2344
SINE,2.2136
LINE,2.2384
LINE,2.2208
LINE,2.2312
LTR,2.2184
LINE,2.2288
LINE,2.2296
LTR,2.2216
DNA,2.2272
LINE,2.2232
unique/low-repeat,2.2312
unique/low-repeat,2.2312
unique/low-repeat,2.2488
LINE,2.228
LTR,2.2272
SINE,2.2288
unique/low-repeat,2.2224
LINE,2.22
LINE,2.2392
LINE,2.2288
LTR,2.2296
LINE,2.2224
LINE,2.2368
LINE,2.2288
LINE,2.2248
LTR,2.232
LINE,2.2224
DNA,2.168
LTR,2.2424
LINE,2.2312
SINE,2.2208
SINE,2.2168
unique/low-repeat,2.2216
LINE,2.224
DNA,2.2184
LINE,2.228
unique/low-repeat,2.2368
LTR,2.2256
LINE,2.2184
LINE,2.244
LTR,2.224
LTR,2.2072
SINE,2.2384
LINE,2.2152
LINE,2.2136
LINE,2.2328
LINE,2.224
LINE,2.2464
SINE,2.2368
LINE,2.1688
LTR,2.2224
SINE,2.2216
LTR,2.232
LTR,2.2168
LINE,2.2248
LINE,2.2128
LINE,2.2424
LINE,2.2208
LINE,2.2256
LTR,2.216
LINE,2.228
DNA,2.2336
unique/low-repeat,2.2336
LTR,2.2384
LINE,2.2536
SINE,2.2264
LTR,2.2368
LINE,2.2384
LINE,2.2192
DNA,2.2024
LINE,2.2232
LINE,2.2152
SINE,2.224
LTR,2.2544
DNA,2.2312
LINE,2.2304
LINE,2.1936
LINE,2.2096
LINE,2.2456
LINE,2.2088
LTR,2.2328
unique/low-repeat,2.212
LTR,2.2296
LINE,2.2176
LINE,2.2248
LINE,2.2224
LTR,2.216
LINE,2.228
LINE,2.22
SINE,2.2232
LTR,2.2104
LINE,2.2208
LINE,2.2168
DNA,2.2256
LINE,2.2184
LTR,2.228
LTR,2.2112
LINE,2.2112
LINE,2.2304
LINE,2.2184
unique/low-repeat,2.2224
LINE,2.2192
LINE,2.204
DNA,2.2192
LINE,2.24
LTR,2.2336
LTR,2.2248
LINE,2.2136
LINE,2.24
LINE,2.2272
LINE,2.2376
LINE,2.2336
unique/low-repeat,2.2272
LINE,2.2368
SINE,2.2288
SINE,2.228
SINE,2.236
LTR,2.2216
unique/low-repeat,2.2272
unique/low-repeat,2.2424
LINE,2.2184
SINE,2.2224
LINE,2.2504
unique/low-repeat,2.2232
DNA,2.2376
LINE,2.2248
SINE,2.2312
LINE,2.232
unique/low-repeat,2.2368
LINE,2.2512
unique/low-repeat,2.2448
LINE,2.2416
LINE,2.2416
LINE,2.2256
DNA,2.2456
unique/low-repeat,2.252
unique/low-repeat,2.2312
LINE,2.2192
LINE,2.228
LINE,2.2344
SINE,2.2288
SINE,2.2264
SINE,2.1464
DNA,2.208
unique/low-repeat,2.2648
unique/low-repeat,2.2288
unique/low-repeat,2.2248
unique/low-repeat,2.224
LINE,2.228
LINE,2.2392
LTR,2.2448
SINE,2.2344
unique/low-repeat,2.2208
SINE,2.2168
SINE,2.2416
unique/low-repeat,2.2408
unique/low-repeat,2.24
LINE,1.5752
LTR,2.2272
unique/low-repeat,2.2464
LINE,2.2448
LINE,2.1808
LTR,2.2168
SINE,2.16
unique/low-repeat,2.2192
LINE,2.1816
SINE,2.2248
DNA,2.232
LINE,2.2344
SINE,2.2256
LTR,2.2312
SINE,2.2128
unique/low-repeat,2.2552
LINE,2.1016
LTR,2.2104
SINE,2.224
SINE,2.2144
SINE,2.2
SINE,2.256
LINE,2.2248
unique/low-repeat,2.264
LINE,2.1696
LINE,2.2384
SINE,2.244
SINE,2.236
LTR,2.2184
SINE,2.208
LINE,2.2408
LINE,2.2184
LINE,2.24
SINE,2.2368
LTR,2.248
SINE,2.2032
SINE,2.1616
SINE,2.2048
LTR,2.2376
LINE,2.1984
SINE,2.2168
LINE,2.2192
unique/low-repeat,2.2408
SINE,2.2432
unique/low-repeat,2.2512
unique/low-repeat,2.2224
unique/low-repeat,2.2368
unique/low-repeat,2.252
unique/low-repeat,2.2408
SINE,2.228
unique/low-repeat,2.2296
LINE,2.2328
SINE,2.228
LINE,2.1672
SINE,2.2208
LTR,2.18
LTR,2.228
LINE,2.2248
LTR,2.2112
SINE,2.156
SINE,2.2104
LTR,2.2432
LINE,2.2288
LINE,2.2048
SINE,2.2264
LTR,2.236
LTR,2.2304
LINE,2.2504
SINE,2.2552
LINE,2.232
LINE,2.2264
LINE,2.2424
LINE,2.22
DNA,2.132
unique/low-repeat,2.232
LINE,2.22
LINE,2.2368
LTR,2.2328
LINE,2.2384
LTR,2.248
LINE,2.1816
SINE,2.224
LINE,2.208
SINE,2.228
SINE,2.188
SINE,2.2112
SINE,2.172
SINE,2.2024
SINE,1.9848
SINE,1.8752
SINE,2.2288
SINE,2.22
LTR,2.084
LINE,2.244
LINE,2.2336
LINE,2.1952
LINE,2.2176
LTR,2.1912
LINE,2.1344
unique/low-repeat,2.1096
LTR,2.2304
LTR,2.1168
LINE,2.2336
LINE,2.2256
LINE,2.228
DNA,2.2264
LINE,2.2312
LTR,2.2408
LINE,2.2048
SINE,2.2392
LTR,2.0632
LTR,2.192
LINE,2.2416
LTR,2.2304
LINE,2.1544
LINE,2.1904
LINE,2.2376
LINE,2.24
LINE,2.232
unique/low-repeat,2.2
Satellite,1.2784
Satellite,1.28
LTR,1.756
LINE,2.2328
LINE,2.0776
Simple_repeat,1.6896
LINE,2.228
unique/low-repeat,2.0648
unique/low-repeat,2.1568
unique/low-repeat,1.6144
unique/low-repeat,1.7432
unique/low-repeat,1.5504
Simple_repeat,2.112
unique/low-repeat,2.1416
LINE,2.2376
unique/low-repeat,1.8392
unique/low-repeat,2.1632
unique/low-repeat,2.1552
unique/low-repeat,2.1304
unique/low-repeat,1.9168
LINE,2.0736
LINE,2.2216
SINE,2.2192
LTR,2.124
LTR,2.2272
unique/low-repeat,2.1896
LTR,1.9736
unique/low-repeat,2.2144
unique/low-repeat,2.1952
unique/low-repeat,2.1248
LINE,2.1808
unique/low-repeat,2.2136
unique/low-repeat,1.92
unique/low-repeat,2.2144
LTR,2.1656
LINE,2.1888
LINE,2.2136
unique/low-repeat,2.2296
LINE,2.2232
LINE,2.2312
LTR,2.2448
LINE,2.0944
LINE,2.2368
unique/low-repeat,2.0432
unique/low-repeat,2.1984
LINE,2.2424
LINE,2.2328
unique/low-repeat,2.2416
LINE,2.24
LINE,2.2312
LINE,2.236
LINE,2.2392
unique/low-repeat,2.2408
unique/low-repeat,2.2464
LTR,2.2472
unique/low-repeat,2.1792
LTR,2.2136
LINE,2.2336
LINE,2.2448
LINE,2.2496
SINE,2.2416
unique/low-repeat,1.9152
LINE,2.252
unique/low-repeat,2.1936
unique/low-repeat,2.188
unique/low-repeat,2.2424
LINE,2.2208
Simple_repeat,2.1904
unique/low-repeat,2.2576
SINE,1.9216
LINE,2.2304
LINE,2.2264
unique/low-repeat,2.2408
LINE,2.224
LINE,2.2352
LINE,2.2432
LINE,2.2328
unique/low-repeat,2.2232
LTR,2.2216
LINE,2.2432
unique/low-repeat,2.2456
LINE,2.2448
unique/low-repeat,2.2304
unique/low-repeat,2.2424
unique/low-repeat,2.2528
LINE,2.2344
LINE,2.2408
LTR,2.236
unique/low-repeat,2.2352
unique/low-repeat,2.1736
LINE,2.2456
unique/low-repeat,2.236
LINE,2.2248
LINE,2.2184
SINE,2.2328
LTR,2.2368
LTR,2.2352
LINE,2.2104
unique/low-repeat,2.2264
unique/low-repeat,2.2408
LINE,2.236
LTR,2.2448
LTR,2.236
unique/low-repeat,2.2496
LINE,2.2336
LINE,2.2192
LTR,2.2336
LINE,2.2336
SINE,2.244
LTR,2.2256
LINE,2.1936
LINE,2.2304
LINE,2.2264
unique/low-repeat,2.2416
LINE,2.228
LINE,2.2392
unique/low-repeat,2.1904
LTR,2.236
LTR,2.2392
LINE,2.24
SINE,2.2064
SINE,2.2432
LTR,2.2048
LINE,2.2328
SINE,2.248
LINE,2.2408
unique/low-repeat,2.2488
unique/low-repeat,2.0456
SINE,2.2072
unique/low-repeat,2.2216
LINE,2.1944
LINE,2.2376
LINE,2.2304
LINE,2.2328
LINE,2.2176
LINE,2.2352
LINE,2.2416
DNA,2.2288
SINE,2.2328
unique/low-repeat,2.2592
LTR,2.224
LINE,2.228
LTR,2.2368
LINE,2.2232
LINE,2.232
LINE,2.2304
LINE,2.244
LINE,2.2168
LINE,2.24
LINE,2.1936
LINE,2.2096
LINE,2.2272
LTR,2.2376
SINE,2.2312
unique/low-repeat,2.2256
LINE,2.2288
LINE,2.2288
LINE,2.2448
LTR,2.2472
LTR,2.216
unique/low-repeat,2.2296
LINE,2.2216
LTR,2.188
unique/low-repeat,2.244
LTR,2.2136
LTR,2.2368
LINE,2.2272
LINE,2.2392
LTR,2.2232
LINE,2.232
DNA,2.168
unique/low-repeat,2.2248
LTR,2.2256
unique/low-repeat,2.1832
unique/low-repeat,2.208
SINE,2.2216
unique/low-repeat,2.2312
LTR,2.228
LINE,2.2368
LINE,2.2352
Simple_repeat,2.1584
LINE,2.2312
LINE,2.2168
LTR,2.2144
LINE,2.232
LINE,2.2304
LTR,2.232
LINE,2.2232
LINE,2.244
LINE,2.22
LINE,2.2032
LTR,2.2536
unique/low-repeat,2.2304
LTR,2.1792
LINE,2.2352
LTR,2.2296
SINE,2.228
LINE,2.228
SINE,2.2432
SINE,2.2528
SINE,2.2352
LTR,2.1864
LINE,2.2296
unique/low-repeat,2.2328
unique/low-repeat,2.1968
LINE,2.2256
LTR,2.2424
LINE,2.2248
SINE,2.22
LINE,2.2424
unique/low-repeat,2.236
unique/low-repeat,2.2272
LINE,2.224
LTR,2.2424
LINE,2.2288
LINE,2.2272
LINE,2.2224
SINE,2.2208
LINE,2.2096
LINE,2.22
LINE,2.216
LTR,2.2312
LINE,2.2192
unique/low-repeat,2.2096
LINE,2.2048
LINE,2.2128
LINE,2.228
LINE,2.2192
LINE,2.2128
LINE,2.2312
LINE,2.2272
LINE,2.2104
LINE,2.2256
LINE,2.2296
LTR,2.2136
LINE,2.2208
LINE,2.2104
DNA,2.1688
LINE,2.2144
LINE,2.2104
LTR,2.2368
LTR,2.228
LINE,2.2176
LTR,2.2072
LINE,2.2248
LTR,2.2304
LINE,2.2024
LINE,2.2168
LINE,2.2336
LINE,2.2432
LINE,2.2408
LINE,2.2528
LINE,2.2192
SINE,2.2336
LINE,2.2304
LINE,2.2424
LTR,2.232
SINE,2.2088
LINE,2.2184
unique/low-repeat,2.232
unique/low-repeat,2.2368
LINE,2.2368
LTR,2.2488
unique/low-repeat,2.252
SINE,2.2088
LTR,2.2656
LINE,2.2448
unique/low-repeat,2.2448
LINE,2.2512
LTR,2.2344
LINE,2.248
SINE,2.24
SINE,2.228
LTR,2.236
SINE,2.2272
LINE,2.2176
LINE,2.2328
LINE,2.2272
LINE,2.2336
LTR,2.24
LINE,2.2032
LTR,2.2368
DNA,2.24
LTR,2.244
LINE,2.2232
DNA,2.2392
LINE,2.2216
LINE,2.212
LINE,2.2336
LINE,2.2064
DNA,2.2384
LINE,2.2328
LINE,2.2472
SINE,2.2312
SINE,2.2376
SINE,2.2384
SINE,2.204
SINE,2.2048
LTR,2.228
SINE,2.172
SINE,2.2064
SINE,2.18
SINE,2.1848
SINE,2.2064
SINE,2.208
SINE,2.2264
SINE,2.2224
LTR,2.2184
LINE,2.2232
SINE,2.2264
LINE,2.2176
other-repeat,1.4712
LINE,2.2352
LINE,2.2248
LINE,2.228
LINE,2.1864
LINE,2.236
LINE,2.2248
LINE,2.2392
LINE,2.2224
LINE,2.2248
DNA,2.232
LINE,2.22
LINE,2.2096
LTR,2.2328
LINE,2.216
LINE,2.2136
LINE,2.2296
LINE,2.228
LINE,2.236
LTR,2.2216
LTR,2.2264
LINE,2.0992
SINE,2.2192
LINE,2.2184
LINE,2.1952
LINE,2.2216
LINE,2.2224
LTR,2.2328
LINE,2.2232
Simple_repeat,1.9976
DNA,2.2008
LTR,2.2256
LINE,2.2432
SINE,2.2168
SINE,2.2192
LTR,2.2064
LTR,2.2368
LINE,2.2216
LINE,2.2192
LINE,2.2016
unique/low-repeat,2.2232
LTR,2.2248
LINE,2.204
LINE,2.1928
LINE,2.2232
LTR,2.2304
LINE,2.2104
LINE,2.2248
unique/low-repeat,2.224
SINE,2.2064
LINE,2.216
LINE,2.1944
LINE,2.224
LINE,2.2072
LTR,2.2096
LINE,2.2056
LTR,2.2432
LINE,2.232
LINE,2.2392
LTR,2.22
LINE,2.228
LINE,2.2176
LINE,2.2192
LTR,2.2272
LINE,2.216
LINE,2.224
LINE,2.2232
LINE,2.2112
LINE,2.216
LINE,2.2096
SINE,2.2144
LINE,2.2312
SINE,2.2008
LTR,2.2168
LINE,2.2128
LTR,2.2328
LINE,2.2128
DNA,2.0384
LTR,2.204
LINE,2.2136
LTR,2.2224
DNA,2.2248
LTR,2.2264
LINE,2.204
LTR,2.216
unique/low-repeat,2.2328
SINE,2.224
SINE,2.2288
LINE,2.216
LTR,2.2144
DNA,2.2144
LINE,2.2128
LTR,2.2256
unique/low-repeat,2.1968
LINE,2.2128
SINE,2.2264
LINE,2.2112
SINE,2.224
LINE,2.2456
LTR,2.2296
LTR,2.2152
unique/low-repeat,2.2328
LINE,2.2336
LTR,2.2208
LTR,2.232
LTR,2.2352
LTR,2.208
LINE,2.2248
LINE,2.2272
LTR,2.2152
LINE,2.2112
LINE,2.236
LINE,2.2216
LINE,2.2056
LINE,2.2312
LINE,2.2128
LTR,2.2128
LINE,2.2104
LTR,2.1392
LTR,2.2384
LINE,2.2256
LTR,2.2112
LTR,2.2032
LINE,2.2232
LINE,2.22
unique/low-repeat,2.2152
LTR,2.2216
LINE,2.2096
SINE,2.2248
LINE,2.2208
LINE,2.2056
LINE,2.22
LINE,2.2168
LINE,2.2256
LTR,2.2152
LINE,2.2224
LTR,2.2304
LINE,2.236
LTR,2.2224
LTR,2.2184
LINE,2.2024
LTR,2.204
LTR,2.2264
LTR,2.2248
LTR,2.212
LTR,2.2432
LINE,2.2088
LTR,2.2376
unique/low-repeat,2.24
SINE,2.2096
LINE,2.1264
unique/low-repeat,2.2112
LTR,2.2144
LINE,2.2152
LINE,2.1976
LINE,2.2176
LTR,2.228
LINE,2.2072
LTR,2.1952
LTR,2.228
LINE,2.2176
LINE,2.2208
LINE,2.2112
LINE,2.1944
LTR,2.2208
LTR,2.216
LTR,2.2104
LINE,2.1912
unique/low-repeat,2.1992
unique/low-repeat,2.2168
LTR,2.216
LINE,2.2192
LINE,2.2112
LINE,2.2288
LTR,2.2232
LINE,1.9504
LTR,2.208
LTR,2.2344
LINE,2.2216
LINE,2.1984
LINE,2.236
LINE,2.2064
LINE,2.2288
LINE,2.2184
LINE,2.228
LTR,2.2232
LINE,2.2264
LTR,2.2176
LINE,2.2104
LINE,2.2192
LTR,2.2288
LTR,2.228
LTR,2.2296
LTR,2.2272
LTR,2.2168
LINE,2.2128
LINE,2.2312
LINE,2.2032
Simple_repeat,2.1064
LINE,2.2288
unique/low-repeat,2.2264
LTR,2.2408
LTR,2.2184
LTR,2.2224
LTR,2.2128
LINE,2.2176
LINE,2.2128
LINE,2.2176
LINE,2.0912
LINE,2.2152
LINE,2.188
LINE,2.1856
LINE,2.2136
unique/low-repeat,2.2216
SINE,2.2152
LINE,2.2104
LINE,2.1328
LTR,2.2176
LTR,2.2224
LINE,2.2032
LINE,2.204
LINE,2.2112
LINE,2.22
LINE,2.1832
LTR,2.2056
LTR,2.2376
LINE,2.2336
LINE,2.2112
LINE,2.2264
LINE,2.2208
LINE,2.2232
LINE,2.2168
LINE,2.2136
LINE,2.2216
LINE,2.2088
LINE,2.2232
LINE,2.2144
LINE,2.2392
LINE,2.224
LINE,2.2256
LINE,2.1968
LINE,2.2312
LINE,2.2168
LINE,2.2144
LTR,2.2112
unique/low-repeat,2.2328
LTR,2.2096
LINE,2.2248
LINE,2.2272
LINE,2.2136
LTR,2.232
unique/low-repeat,2.2352
SINE,2.2368
LTR,2.236
LINE,2.2304
LINE,2.1936
SINE,2.2264
LINE,2.2632
LINE,2.22
SINE,2.1952
SINE,2.1728
SINE,2.216
SINE,2.2
SINE,2.2472
LINE,2.1768
SINE,2.1336
Retroposon,2.0992
SINE,2.1656
LTR,2.1696
SINE,2.1872
SINE,2.2064
SINE,2.2472
SINE,2.2088
SINE,2.2112
LINE,2.252
SINE,2.2376
LINE,2.236
LINE,2.2248
LINE,2.224
LINE,2.224
LINE,2.2272
LTR,2.2288
SINE,2.196
LINE,2.212
LTR,2.2352
LINE,2.2264
LINE,2.2528
LTR,2.2016
SINE,2.2256
LINE,2.2384
SINE,2.2408
LTR,2.232
LINE,2.228
LINE,2.2112
LINE,2.2192
LINE,2.2368
LTR,2.2272
LINE,2.2416
LINE,2.232
LINE,2.2384
SINE,2.2112
LTR,2.116
SINE,2.1592
LINE,2.216
LTR,2.0808
LTR,2.22
LTR,2.2128
LTR,2.2344
SINE,2.216
LINE,2.2416
SINE,2.2144
LINE,2.2368
unique/low-repeat,2.2232
SINE,2.224
unique/low-repeat,2.2112
LTR,2.232
LINE,2.2304
DNA,2.2288
LINE,2.212
LINE,2.2072
LINE,2.2304
LTR,2.2232
LINE,2.2408
LTR,2.2264
LINE,2.232
LINE,2.2296
SINE,2.2168
LINE,2.2336
LTR,2.2208
SINE,2.2472
LINE,2.2368
LINE,2.2256
LTR,2.236
LINE,2.2096
LINE,2.228
LINE,2.2312
LINE,2.2016
LTR,2.2192
LINE,2.224
SINE,2.2312
LINE,2.2224
SINE,2.1952
LTR,2.2232
DNA,2.2248
SINE,2.2136
unique/low-repeat,2.2608
unique/low-repeat,2.2216
LINE,2.2136
LINE,2.2296
SINE,2.2256
LINE,2.2088
SINE,2.2008
SINE,2.1704
SINE,2.1936
LTR,2.2008
SINE,2.1928
SINE,2.1112
SINE,2.1216
LINE,2.1752
Retroposon,2.2264
LINE,2.2296
LINE,2.2344
LTR,2.2336
DNA,2.212
SINE,2.2128
LINE,2.2232
LTR,2.2384
DNA,2.2344
LINE,2.2328
LTR,2.2416
LINE,2.2272
SINE,2.2448
LINE,2.2264
unique/low-repeat,2.2424
LINE,2.2248
unique/low-repeat,2.2456
LTR,2.2472
SINE,2.252
LINE,2.1488
LINE,2.2384
LINE,2.2336
LINE,2.2256
LINE,2.2136
LINE,2.2416
LINE,2.212
LINE,2.2312
unique/low-repeat,2.2288
LINE,2.228
LINE,2.2104
LINE,2.2128
DNA,2.1976
LTR,2.216
unique/low-repeat,2.2416
unique/low-repeat,2.228
LINE,2.2224
LINE,2.2336
LINE,2.2344
LTR,2.2392
LINE,2.2216
LTR,2.2264
DNA,2.2232
LINE,2.22
LINE,2.2152
LINE,2.2112
LINE,2.2184
LTR,2.232
LTR,2.2136
LINE,2.2264
LINE,2.224
LINE,2.2064
LINE,2.2216
LINE,2.2224
LINE,2.2192
LTR,2.2184
LINE,2.2424
LINE,2.1784
LINE,2.2144
LINE,2.2392
LINE,2.2168
LINE,2.2016
DNA,2.2168
LINE,2.2136
LTR,2.2152
LINE,2.2264
LINE,2.2208
unique/low-repeat,2.2448
LINE,2.2256
LINE,2.224
LINE,2.2216
LINE,2.2288
LINE,2.2304
LINE,2.2232
LINE,2.2328
LINE,2.22
LINE,2.2032
LTR,2.2368
LTR,2.2152
LINE,2.1936
LINE,2.2248
LINE,2.2424
LTR,2.2264
LINE,2.2152
LINE,2.2072
unique/low-repeat,2.2352
SINE,2.2016
unique/low-repeat,2.2176
LINE,2.2216
LINE,2.2288
LINE,2.2152
SINE,2.2344
SINE,2.2504
SINE,2.2128
unique/low-repeat,2.1952
SINE,2.2224
SINE,2.1512
SINE,2.2208
LINE,2.2256
LINE,2.2272
Retroposon,2.2072
SINE,2.2016
LINE,2.2384
unique/low-repeat,2.228
LINE,2.2296
LINE,2.208
LINE,2.2264
LINE,2.2288
LINE,2.2168
unique/low-repeat,2.2152
LINE,2.22
LINE,2.2136
LINE,2.2072
LINE,2.2184
LINE,2.204
LINE,2.2264
LTR,2.2344
LINE,2.2344
LTR,2.236
DNA,2.2136
LTR,2.2136
LINE,2.2136
LTR,2.2264
LINE,2.2272
LTR,2.2208
LINE,2.1984
LINE,2.2304
LINE,2.2256
LINE,2.2008
LINE,2.216
LINE,2.1992
LINE,2.2208
unique/low-repeat,2.2072
LINE,2.2224
DNA,2.2152
LINE,2.228
unique/low-repeat,2.2208
unique/low-repeat,2.2144
LINE,2.2216
LINE,2.208
LINE,2.2264
LTR,2.2216
LINE,2.22
LINE,2.228
Satellite,1.3912
LINE,2.2256
LINE,2.1992
LINE,2.2144
LINE,2.2072
LINE,2.2208
LTR,2.2008
LINE,2.176
LINE,2.2112
LINE,2.2096
LTR,2.2288
unique/low-repeat,2.2512
LINE,2.2112
LINE,2.2272
LTR,2.2344
unique/low-repeat,2.22
unique/low-repeat,2.2208
LINE,2.1264
unique/low-repeat,2.2064
LINE,2.2152
LINE,2.2304
SINE,2.212
LINE,2.2
LTR,2.2216
LINE,2.22
LINE,2.2312
LINE,2.1928
LINE,2.2264
unique/low-repeat,2.216
LINE,2.216
LTR,2.2248
unique/low-repeat,2.2224
unique/low-repeat,2.22
LINE,2.2288
LINE,2.2224
LTR,2.2296
unique/low-repeat,2.2104
LINE,2.2312
LINE,2.212
LTR,2.228
LINE,2.2152
DNA,2.2168
LINE,2.2104
LTR,2.2296
unique/low-repeat,2.2496
LINE,2.2232
LINE,2.2592
LINE,2.2416
unique/low-repeat,2.2384
LTR,2.232
LINE,2.2256
LTR,2.2264
LINE,2.2096
SINE,2.2232
LINE,2.212
LINE,2.2296
LINE,2.2344
LINE,2.1448
SINE,2.1832
LINE,2.2144
LINE,2.1928
LINE,2.2176
LINE,2.2192
LINE,2.2032
SINE,2.2176
SINE,2.2184
LINE,2.2224
SINE,2.228
LTR,2.2176
LINE,2.2384
LTR,2.2216
LINE,2.2208
SINE,2.2304
LTR,2.2424
LINE,2.2104
LINE,2.2144
LTR,2.236
LTR,2.2432
LINE,2.2168
LINE,2.228
SINE,2.232
LINE,2.1968
unique/low-repeat,2.2552
LINE,2.2312
LINE,2.232
LINE,2.2176
DNA,2.2312
LINE,2.2064
SINE,2.192
SINE,2.1936
SINE,2.1752
LTR,2.2408
SINE,2.2376
SINE,2.2376
LINE,2.1872
SINE,2.1824
SINE,2.2208
SINE,2.1872
LINE,2.1824
SINE,2.2168
LINE,2.2336
LINE,2.2256
LINE,2.232
LINE,2.2304
LINE,2.232
SINE,2.2208
LTR,2.2256
LINE,2.2352
LINE,2.2304
LINE,2.2384
LINE,2.2152
unique/low-repeat,2.224
LTR,2.2488
unique/low-repeat,2.2368
LTR,2.2248
LINE,2.2208
LINE,2.2368
LINE,2.24
LINE,2.2296
SINE,2.236
SINE,2.2096
LINE,2.2424
LINE,2.224
SINE,2.144
SINE,2.1968
SINE,2.1088
SINE,2.164
SINE,2.1776
LINE,2.2216
LTR,2.2504
SINE,2.22
LINE,2.2376
LTR,2.2328
LINE,2.2312
LINE,2.2272
LINE,2.2192
LINE,2.2288
SINE,2.2264
LINE,2.2248
LINE,2.2376
DNA,2.228
LTR,2.2264
LTR,2.204
LINE,2.2312
SINE,2.2296
LINE,2.2296
LINE,2.232
LINE,2.2256
LINE,2.2352
DNA,2.2168
SINE,2.2216
LINE,2.2256
LINE,2.2144
SINE,2.2224
SINE,2.2168
unique/low-repeat,2.2216
DNA,2.224
LINE,2.1904
LINE,2.232
unique/low-repeat,2.2312
LINE,2.2208
LTR,2.228
LINE,2.2192
LINE,2.2256
LTR,2.2336
DNA,2.2424
LINE,2.2248
SINE,2.2168
LINE,2.2152
LINE,2.2328
DNA,2.2336
LINE,2.1888
LINE,2.1992
LINE,2.1976
LINE,2.228
LINE,2.2024
unique/low-repeat,2.2216
LINE,2.232
LTR,2.2456
LINE,2.2152
LTR,2.2416
LINE,2.2344
LINE,2.212
DNA,2.2264
LINE,2.2288
SINE,2.2328
SINE,2.22
LINE,2.2152
LINE,2.2336
LINE,2.2216
LINE,2.1976
LINE,2.2232
LINE,2.2168
LINE,2.2216
LINE,2.2208
LTR,2.2296
LINE,2.2472
SINE,2.212
LINE,2.2352
LINE,2.2064
LINE,2.2416
LTR,2.2352
LTR,2.2376
DNA,2.2344
LINE,2.248
LTR,2.2304
LTR,2.2296
LTR,2.2312
SINE,2.2448
LTR,2.2064
LINE,2.244
LINE,2.2224
SINE,2.2336
LINE,2.2184
LINE,2.228
SINE,2.208
LINE,2.2248
SINE,2.204
LINE,2.2232
LTR,2.2152
LINE,2.2264
LINE,2.2176
LINE,2.2016
LINE,2.2104
LINE,2.212
LINE,2.208
LINE,2.2128
LINE,2.216
DNA,2.2072
LINE,2.2152
LTR,2.2272
LINE,2.2304
LINE,2.2048
LINE,2.2048
LINE,2.2168
LINE,2.2208
LTR,2.2304
LINE,2.2192
LINE,2.232
unique/low-repeat,2.2216
LINE,2.2272
LINE,2.2304
LINE,2.2248
LINE,2.232
LTR,2.2336
LINE,2.22
LINE,2.2176
LINE,2.2376
Retroposon,2.1616
LINE,2.1888
LINE,2.2048
LINE,2.1992
LINE,2.2392
LINE,2.2224
unique/low-repeat,2.2392
LTR,2.2312
LINE,2.224
LINE,2.2248
LTR,2.2208
LTR,2.2248
LTR,2.248
LINE,2.2192
LINE,2.204
LINE,2.2136
LINE,2.2368
LINE,2.2168
LINE,2.2216
SINE,2.2296
unique/low-repeat,2.2264
SINE,2.2128
SINE,2.2184
LINE,2.2056
LINE,2.1888
SINE,2.2168
SINE,2.2256
LINE,2.1808
LINE,2.2312
DNA,2.2296
LINE,2.2272
SINE,2.236
DNA,2.224
LINE,2.2184
LINE,2.2352
LINE,2.2144
unique/low-repeat,2.2056
LINE,2.22
LINE,2.2032
LINE,2.2312
LINE,2.22
LINE,2.2408
LTR,2.2296
LINE,2.2336
LINE,2.0968
LINE,2.2104
LTR,2.244
LINE,2.2576
unique/low-repeat,2.2184
unique/low-repeat,2.2048
LINE,2.2416
LINE,2.2288
LINE,2.2336
DNA,2.2296
unique/low-repeat,2.2256
LINE,2.216
SINE,2.2176
LINE,2.224
LINE,2.2368
LINE,2.2256
LINE,2.2256
LINE,2.2144
LINE,2.2288
LINE,2.216
LINE,2.2304
LINE,2.22
LINE,2.236
LTR,2.2344
LINE,2.212
LINE,2.2168
SINE,2.2344
LINE,2.2184
LINE,2.2336
SINE,2.22
LINE,2.2272
unique/low-repeat,2.244
LINE,2.2296
LINE,2.2344
LINE,2.2088
LINE,2.2312
unique/low-repeat,2.2352
LINE,2.2328
LINE,2.2408
LINE,2.24
DNA,2.232
LINE,2.2328
SINE,2.2528
LINE,2.1704
SINE,2.18
SINE,2.0984
SINE,2.196
LINE,2.0904
SINE,2.084
SINE,2.1904
SINE,2.22
SINE,2.1904
SINE,2.1696
unique/low-repeat,2.2168
LTR,2.228
LINE,2.2264
LINE,2.2112
LINE,2.2168
LINE,2.2136
LINE,2.228
LTR,2.2088
SINE,2.1432
SINE,2.1776
SINE,2.1232
SINE,2.1232
LINE,2.22
LINE,2.2224
LTR,2.2368
LINE,2.2216
LTR,2.2256
SINE,2.1992
SINE,2.1264
SINE,2.1856
SINE,2.2144
SINE,2.1912
LINE,2.2184
LINE,2.2224
LTR,2.2312
LINE,2.2032
LINE,2.2304
unique/low-repeat,2.2272
unique/low-repeat,2.1648
LINE,2.204
LTR,2.2272
LINE,2.2328
LINE,2.22
LINE,2.2168
LINE,2.2344
SINE,2.2264
LINE,2.2424
LTR,2.2352
LINE,2.2232
unique/low-repeat,2.2432
unique/low-repeat,2.2376
LINE,2.2112
LINE,2.2296
LINE,2.2376
LINE,2.2216
LINE,2.2296
LINE,2.2328
SINE,2.2216
SINE,2.2
SINE,2.2264
SINE,2.2224
LINE,2.2272
LTR,2.2272
LINE,2.2272
LINE,2.2144
LINE,2.2232
unique/low-repeat,2.2592
unique/low-repeat,2.2552
LINE,2.2432
LINE,2.2224
LINE,2.212
unique/low-repeat,2.2408
LINE,2.244
unique/low-repeat,2.2456
LINE,2.2288
LINE,2.2128
LTR,2.2192
SINE,2.2088
LTR,2.2368
unique/low-repeat,2.2232
LINE,2.2328
LINE,2.232
DNA,2.2336
LTR,2.2248
LINE,2.2216
LINE,2.216
LINE,2.216
LINE,2.228
LINE,2.2152
LTR,2.2304
LINE,2.2408
SINE,2.2152
LINE,2.2248
LTR,2.2336
SINE,2.2384
LTR,2.2296
LINE,2.1792
LINE,2.2184
LINE,2.2536
LINE,2.204
SINE,2.224
LTR,2.2048
LTR,2.2384
LINE,2.2136
LINE,2.2144
LINE,2.2088
SINE,2.224
LINE,2.2328
LTR,2.2384
LINE,2.196
LINE,2.1936
LINE,2.2056
LINE,2.2344
LINE,2.2192
LINE,2.2352
LINE,2.2216
LINE,2.2232
DNA,2.2224
LINE,2.2328
LINE,2.2344
LINE,2.2224
LINE,2.24
SINE,2.2176
SINE,2.2272
DNA,2.2232
LINE,2.228
SINE,2.208
LTR,2.216
SINE,2.2216
LINE,2.2224
LINE,2.2448
LTR,2.2056
LINE,2.2144
SINE,2.2256
LINE,2.24
unique/low-repeat,2.232
LTR,2.2424
LINE,2.2408
LINE,2.2328
LINE,2.216
unique/low-repeat,2.2688
LINE,2.2192
SINE,2.2104
LINE,2.1928
LINE,2.22
LTR,2.2432
SINE,2.2104
SINE,2.24
unique/low-repeat,2.2448
LINE,2.2304
LINE,2.2024
LINE,2.224
LINE,2.1904
LINE,2.2232
LTR,2.236
SINE,2.248
LINE,2.2016
unique/low-repeat,2.2408
SINE,2.2312
SINE,2.2128
LINE,2.236
LINE,2.2232
LINE,2.1952
SINE,2.1688
SINE,2.2328
LINE,2.2352
LINE,2.216
LINE,2.2312
LTR,2.2416
SINE,2.216
SINE,2.152
SINE,2.168
LINE,2.2016
SINE,2.2272
SINE,2.2144
LTR,2.2128
SINE,2.1576
SINE,2.2168
LINE,2.2368
LINE,2.2272
LINE,2.22
SINE,2.196
unique/low-repeat,2.212
SINE,2.2448
LINE,2.2368
SINE,2.2184
SINE,2.2208
SINE,2.156
SINE,2.144
LINE,2.2408
LINE,2.22
SINE,2.0136
LINE,2.2264
LINE,2.2376
SINE,2.228
LINE,2.2064
LINE,2.2152
LINE,2.184
LINE,2.2096
unique/low-repeat,2.2408
SINE,2.2312
LINE,2.2096
unique/low-repeat,2.2488
unique/low-repeat,2.248
LINE,2.2208
LINE,2.2144
SINE,2.22
LINE,2.2
LINE,2.2432
LINE,2.2312
LINE,2.2168
LINE,2.2328
LINE,2.2256
LTR,2.228
SINE,2.2152
LINE,2.22
LINE,2.2208
LINE,2.2184
LINE,2.2336
LTR,2.2416
LINE,2.2312
LTR,2.2304
LINE,2.1984
LINE,2.2376
DNA,2.2248
LINE,2.2152
SINE,2.2312
LINE,2.2112
LINE,2.228
SINE,2.2184
unique/low-repeat,2.2256
LINE,2.236
LINE,2.2264
LINE,2.2064
LINE,2.1872
LINE,2.2248
unique/low-repeat,2.2176
unique/low-repeat,2.2352
LINE,2.2072
unique/low-repeat,2.2144
unique/low-repeat,2.2392
LINE,2.2328
LTR,2.232
LINE,2.2088
SINE,2.2176
LINE,2.2184
LINE,2.2168
unique/low-repeat,2.232
unique/low-repeat,2.2232
LINE,2.1912
LINE,2.2304
unique/low-repeat,2.2176
LINE,2.2192
unique/low-repeat,2.2304
LTR,2.2272
LINE,2.2112
LINE,2.2176
LTR,2.22
LINE,2.212
LINE,2.2104
LTR,2.2296
LINE,2.228
LINE,2.2056
LINE,2.2168
unique/low-repeat,2.2048
SINE,2.2152
LINE,2.2008
unique/low-repeat,2.188
LINE,2.212
LINE,2.2304
LTR,2.2264
LINE,2.232
LINE,2.2096
LINE,2.2024
LTR,2.2
LINE,2.2424
LINE,2.224
LINE,2.2016
SINE,2.2152
LINE,2.204
LINE,2.204
LTR,2.228
LINE,2.2048
unique/low-repeat,2.228
LINE,2.236
LINE,2.2312
DNA,2.2312
LTR,2.2272
LINE,2.224
LINE,2.2176
LINE,2.2288
LINE,2.2184
LTR,2.224
LINE,2.2176
LINE,2.228
DNA,2.2192
unique/low-repeat,2.2256
LINE,2.2056
LINE,2.2136
LINE,2.1832
unique/low-repeat,2.2376
LINE,2.2208
LINE,2.2
LTR,2.2176
unique/low-repeat,2.2392
LINE,2.2264
LTR,2.2192
LINE,2.2288
unique/low-repeat,2.2336
LINE,2.22
LINE,2.1976
SINE,2.2176
unique/low-repeat,2.232
SINE,2.2192
LINE,2.2368
LINE,2.2184
unique/low-repeat,2.244
SINE,2.2136
LINE,2.22
unique/low-repeat,2.224
unique/low-repeat,2.2256
LTR,2.2144
unique/low-repeat,2.216
DNA,2.2248
LINE,2.2408
SINE,2.2224
LINE,2.2368
unique/low-repeat,2.2088
LINE,2.2184
LINE,2.2336
SINE,2.224
LTR,2.2248
DNA,2.2328
LINE,2.2144
LINE,2.2144
unique/low-repeat,2.2176
LINE,2.2184
LINE,2.2144
LINE,2.224
LINE,2.2144
LINE,2.2104
LINE,2.2208
unique/low-repeat,2.2288
LINE,2.1736
LINE,2.2224
LINE,2.2368
unique/low-repeat,2.2408
LINE,2.2064
LINE,2.2056
unique/low-repeat,2.2232
LINE,2.2328
LTR,2.2216
SINE,2.2072
LINE,2.2232
LINE,2.2264
LINE,2.2232
LINE,2.2128
LINE,2.2248
DNA,2.232
LINE,2.212
DNA,2.228
SINE,2.168
LTR,2.2312
LTR,2.2088
SINE,2.192
LTR,2.2096
SINE,2.2104
LTR,2.2248
LINE,2.2224
LINE,2.2296
LINE,2.2224
LINE,2.2216
LTR,2.2352
LINE,2.2312
LINE,2.2256
LINE,2.2312
unique/low-repeat,2.2184
LINE,2.2376
LINE,2.2168
LINE,2.2112
LINE,2.22
LINE,2.2176
LINE,2.168
LINE,1.9296
LINE,2.2304
unique/low-repeat,2.2168
DNA,2.2112
LINE,2.228
unique/low-repeat,2.2064
LINE,2.2072
LINE,2.2184
unique/low-repeat,2.2232
DNA,2.2208
LTR,2.224
LINE,2.2184
LINE,2.2208
DNA,2.2304
LINE,2.2344
LINE,2.2408
LINE,2.2
LINE,2.204
LINE,2.232
LINE,2.2312
unique/low-repeat,2.2568
unique/low-repeat,2.232
LINE,2.2416
LINE,2.2408
DNA,2.2264
unique/low-repeat,2.208
SINE,2.2328
SINE,2.2208
unique/low-repeat,2.1952
LINE,2.2128
LINE,2.2152
LTR,2.2224
LTR,2.2168
LINE,2.2088
LINE,2.2264
LINE,2.2352
unique/low-repeat,2.236
LINE,2.2352
LINE,2.2232
LINE,2.2152
unique/low-repeat,2.228
LINE,2.22
LTR,2.2256
DNA,2.2432
LINE,2.2216
LINE,2.2296
unique/low-repeat,2.244
unique/low-repeat,2.2096
unique/low-repeat,2.2224
SINE,2.2296
LINE,2.2184
SINE,2.2256
LINE,2.2168
LINE,2.224
LTR,2.2176
LINE,2.2264
LINE,2.2208
LINE,2.236
LTR,2.2328
LINE,2.228
LTR,2.2152
LINE,2.2288
LINE,2.208
SINE,2.2256
DNA,2.2144
LINE,2.208
LTR,2.2376
LINE,2.2048
LTR,2.2376
LINE,2.2464
LINE,2.2192
SINE,2.2152
SINE,2.2424
LINE,2.2264
LINE,2.216
LINE,2.2168
LINE,2.2168
LINE,2.2144
LINE,2.2168
LINE,2.2272
LTR,2.2184
LINE,2.2208
LINE,2.2408
LINE,2.1616
SINE,2.2288
LINE,2.2224
LINE,2.2328
LINE,2.2416
LTR,2.2176
LINE,2.2184
LINE,2.216
LINE,2.2312
LTR,2.2496
SINE,2.2392
SINE,2.224
LINE,2.1648
LINE,2.2496
LINE,2.2248
LINE,2.1976
LINE,2.1952
LINE,2.2352
LTR,2.2072
LINE,2.22
DNA,2.2128
LINE,2.2032
LINE,2.2288
LTR,2.2336
LINE,2.2088
LTR,2.1168
LINE,2.2464
LINE,2.2312
LINE,2.24
SINE,2.2184
LTR,2.2048
LINE,2.2144
LINE,2.2256
LINE,2.2
LINE,2.2288
LINE,2.2328
LINE,2.2088
LTR,2.2216
LINE,2.2104
SINE,2.22
unique/low-repeat,2.2312
LINE,2.2624
LINE,2.192
LTR,2.2304
LINE,2.2272
LINE,2.236
LINE,2.212
LINE,2.2384
SINE,2.2176
LTR,2.212
LINE,2.2208
LINE,2.2176
LINE,2.2104
LINE,2.2096
LINE,2.2072
LTR,2.228
LINE,2.2072
LINE,2.2416
LINE,2.2136
LINE,2.2064
LINE,2.2112
LINE,2.228
LINE,2.2048
LINE,2.2208
DNA,2.2376
LINE,2.2048
LTR,2.22
LTR,2.2216
LINE,2.2328
DNA,2.2096
unique/low-repeat,2.224
unique/low-repeat,2.2176
unique/low-repeat,2.2424
LINE,2.208
LINE,2.2376
LINE,2.2168
LINE,2.22
LINE,2.2008
LINE,2.2104
LTR,2.2136
LINE,2.2168
LINE,2.2176
LINE,2.212
LTR,2.248
LINE,2.2112
LINE,2.1688
DNA,2.2088
LINE,2.2168
LTR,2.2344
LINE,2.2168
LINE,2.2336
LINE,2.2464
LINE,2.2392
LINE,2.1848
LINE,2.2216
LINE,2.2152
LINE,2.2192
LINE,2.2176
LINE,2.2224
LINE,2.2416
LTR,2.2312
unique/low-repeat,2.2328
LINE,2.2328
LINE,2.2072
LINE,2.2288
LINE,2.236
LINE,2.2304
LINE,2.208
unique/low-repeat,2.2192
LTR,2.2296
LTR,2.2024
LTR,2.216
LINE,2.2312
LINE,2.2264
LINE,2.2088
LINE,2.2384
LINE,2.228
LINE,2.2248
LINE,2.2008
LINE,2.2104
LINE,2.232
LINE,2.2088
DNA,2.2368
LTR,2.2248
LINE,2.2264
unique/low-repeat,2.232
SINE,2.2192
unique/low-repeat,2.2208
LINE,2.2328
LINE,2.2216
LINE,2.192
LINE,2.2264
SINE,2.2048
LINE,2.2456
LINE,2.2064
LINE,2.1832
LINE,2.2024
LINE,2.2208
LTR,2.204
LTR,2.2176
LTR,2.236
LTR,2.2152
LINE,2.2336
LINE,2.2312
LINE,2.2112
LTR,2.2304
DNA,2.2264
LTR,2.208
LINE,2.2104
LINE,2.236
LTR,2.2024
LINE,2.184
LINE,2.2032
LINE,2.2168
LTR,2.2304
LINE,2.1856
LTR,2.2112
LTR,2.2192
LINE,2.2016
LTR,2.2032
LTR,2.2216
LINE,2.212
LINE,2.1944
LTR,2.2328
DNA,2.2168
LINE,2.2176
unique/low-repeat,2.2208
LINE,2.2056
LINE,2.2056
LINE,2.2256
LINE,2.228
LTR,2.2352
LTR,2.2296
unique/low-repeat,2.2208
DNA,2.228
SINE,2.2128
LINE,2.2288
LINE,2.2152
LTR,2.22
LINE,2.22
SINE,2.2168
DNA,2.2312
unique/low-repeat,2.2384
SINE,2.2256
unique/low-repeat,2.232
unique/low-repeat,2.2384
unique/low-repeat,2.2312
LTR,2.2232
LINE,2.2328
DNA,2.192
LTR,2.2248
LINE,2.2304
unique/low-repeat,2.2368
LINE,2.22
LINE,2.2256
SINE,2.2256
unique/low-repeat,2.2224
LINE,2.2296
LINE,2.216
LINE,2.1952
LINE,2.212
LTR,2.2368
LINE,2.2232
LINE,2.1912
LINE,2.2176
LINE,2.2048
LINE,2.224
SINE,2.204
LINE,2.2176
LTR,2.2376
LINE,2.2032
LINE,2.2224
LINE,2.184
LINE,2.2368
LTR,2.22
LINE,2.2192
LINE,2.2224
LTR,2.2376
LINE,2.2272
LINE,2.2304
LINE,2.208
unique/low-repeat,2.2168
SINE,2.24
LINE,2.224
LTR,2.2344
LINE,2.2256
LINE,2.2336
LINE,2.2208
LINE,2.196
LINE,2.2456
unique/low-repeat,2.2272
LINE,2.2184
LTR,2.2208
LINE,2.2264
LINE,2.2096
LINE,2.2064
LINE,2.2304
LTR,2.22
LINE,2.2192
DNA,2.236
LINE,2.2024
LINE,2.1944
LTR,2.228
LINE,2.2392
LINE,2.2192
LINE,2.2448
DNA,2.2344
LINE,2.2264
LTR,2.2448
LTR,2.2192
LINE,2.2168
unique/low-repeat,2.2424
unique/low-repeat,2.2152
LTR,2.2336
LINE,2.2184
LINE,2.228
LINE,2.2432
LINE,2.2168
LINE,2.216
SINE,2.208
unique/low-repeat,2.2128
LINE,2.2392
LINE,2.2368
LINE,2.2184
LINE,2.232
unique/low-repeat,2.2376
unique/low-repeat,2.2536
LINE,2.2208
LINE,2.204
LINE,2.224
LINE,2.2312
LTR,2.2224
LINE,2.2152
LTR,2.2304
LINE,2.212
SINE,2.2192
LINE,2.22
SINE,2.2136
SINE,2.2176
LINE,2.224
LTR,2.2304
LINE,2.2152
SINE,2.22
SINE,2.2256
SINE,2.192
SINE,2.2112
LINE,2.1904
SINE,2.2288
LINE,2.2368
LTR,2.2192
LINE,2.2384
SINE,2.2336
unique/low-repeat,2.2272
unique/low-repeat,2.2328
LINE,2.2304
LINE,2.2368
LINE,2.2216
LINE,2.2272
LINE,2.2232
LINE,2.2304
LINE,2.1448
LINE,2.2264
DNA,2.224
SINE,2.232
LTR,2.2264
LINE,2.2272
LTR,2.2192
LINE,2.224
LINE,2.2352
LTR,2.2536
LTR,2.2152
LINE,2.2248
LINE,2.2136
LINE,2.2232
LINE,2.2192
DNA,2.2376
LINE,2.2152
LINE,2.2256
LINE,2.2416
LINE,2.216
LINE,2.22
DNA,2.2256
LTR,2.2496
LTR,2.2448
LTR,2.2192
LINE,2.2312
LTR,2.232
LINE,2.2256
LTR,2.2296
LINE,2.2128
LINE,2.2216
LTR,2.2424
LINE,2.2208
SINE,2.2032
LINE,2.2088
LINE,2.2384
DNA,2.2376
LTR,2.2296
unique/low-repeat,2.2344
unique/low-repeat,2.232
LINE,2.2368
unique/low-repeat,2.2416
LTR,2.2344
LTR,2.2384
LTR,2.232
Simple_repeat,2.1072
LTR,2.2248
LINE,2.2248
LINE,2.2088
LINE,2.2024
LINE,2.2096
LINE,2.2184
LINE,2.2296
LINE,2.2272
LINE,2.2248
LINE,2.2168
LINE,2.2224
LINE,2.2224
LTR,2.1968
LINE,2.2088
LINE,2.224
LINE,2.2168
LINE,2.2176
LINE,2.2296
LINE,2.2096
SINE,2.2416
LINE,2.2096
DNA,2.2192
LINE,2.24
LINE,2.228
LINE,2.2016
LINE,2.1968
LINE,2.2368
LINE,2.2264
LTR,2.24
LINE,2.2016
SINE,2.2392
LTR,2.2392
LINE,2.2328
LTR,2.2232
LINE,2.2176
LINE,2.2368
LINE,2.2432
LTR,2.2304
LINE,2.228
LINE,2.1928
LINE,2.2288
LINE,2.2232
LINE,2.2288
LINE,2.224
LINE,2.0488
LTR,2.212
LINE,2.2176
LINE,2.2272
LINE,2.2088
LINE,2.2208
LINE,2.212
LINE,2.228
LINE,2.212
LINE,2.2088
LTR,2.2216
LINE,2.2096
LTR,2.2264
LINE,2.2104
LTR,2.212
LINE,2.208
LINE,2.216
LINE,2.2288
LINE,2.2144
LTR,2.2256
unique/low-repeat,2.2256
LINE,2.224
LINE,2.2288
LINE,2.2168
LINE,2.2096
LINE,2.224
unique/low-repeat,2.2208
unique/low-repeat,2.2616
LINE,2.2216
LINE,2.2336
LINE,2.22
unique/low-repeat,2.2344
DNA,2.2112
LINE,2.224
LINE,2.212
LINE,2.224
LTR,2.2296
LINE,2.2216
SINE,2.2144
LINE,2.2096
LINE,2.1928
LTR,2.2272
unique/low-repeat,2.2336
LTR,2.2184
LINE,2.2272
LINE,2.2192
LINE,2.2424
DNA,2.2192
LINE,2.1912
LINE,2.2288
DNA,2.224
LINE,2.2064
LINE,2.2296
LINE,2.2312
LINE,2.2168
LINE,2.216
unique/low-repeat,2.216
LTR,2.2168
unique/low-repeat,2.2256
LINE,2.2056
SINE,2.2176
LTR,2.2232
LINE,2.2376
LINE,2.2232
LTR,2.22
SINE,2.2512
LINE,2.24
unique/low-repeat,2.2416
unique/low-repeat,2.232
unique/low-repeat,2.2296
SINE,2.2048
SINE,2.2296
LTR,2.2232
LTR,2.2456
LTR,2.2248
unique/low-repeat,2.2448
LINE,2.2184
unique/low-repeat,2.2224
LINE,2.2048
LINE,2.2392
LINE,2.2192
LINE,2.2296
LTR,2.216
LINE,2.2288
LINE,2.2112
LINE,2.22
LINE,2.2336
unique/low-repeat,2.2296
LTR,2.2232
LINE,2.2296
LINE,2.2024
LINE,2.2056
LINE,2.2088
LINE,2.2176
SINE,2.2072
LINE,2.2128
LINE,2.2072
LINE,2.236
LINE,2.2416
SINE,2.2376
SINE,2.2256
SINE,2.1768
SINE,2.1504
SINE,2.1792
LINE,2.2224
SINE,2.2192
LINE,2.2128
LTR,2.2264
LINE,2.224
LINE,2.1624
LINE,2.232
LINE,2.176
LINE,2.24
LTR,2.24
unique/low-repeat,2.236
LTR,2.2
LINE,2.2088
LINE,2.2432
LTR,2.224
LINE,2.2328
SINE,2.1952
LINE,2.228
LINE,2.2248
LTR,2.2352
LINE,2.2384
LINE,2.2104
LINE,2.22
unique/low-repeat,2.2392
LINE,2.2224
LINE,2.252
LINE,2.2144
DNA,2.2424
LINE,2.2152
LINE,2.232
LTR,2.204
LTR,2.2256
LINE,2.232
LINE,2.216
LINE,2.2184
SINE,2.2312
DNA,2.2376
LINE,2.2088
LINE,2.2168
LINE,2.1344
LINE,2.2224
LINE,2.212
unique/low-repeat,2.2472
LINE,2.2288
LINE,2.2216
LINE,2.2224
LINE,2.228
SINE,2.2288
LTR,2.2088
LINE,2.216
LINE,2.1944
LINE,2.2248
LINE,2.208
LINE,2.2344
LINE,2.2272
LINE,2.2144
LTR,2.2264
LINE,2.204
LINE,2.188
LTR,2.2184
LTR,2.2272
LTR,2.216
LINE,2.2216
LTR,2.22
LINE,2.2184
LINE,2.228
SINE,2.1984
LINE,2.2224
LINE,2.1568
LINE,2.2352
LINE,2.2056
unique/low-repeat,2.216
LINE,2.2072
LTR,2.224
LINE,2.236
LINE,2.2232
LINE,2.2088
LINE,2.188
LINE,2.216
unique/low-repeat,2.2176
unique/low-repeat,2.2312
LINE,2.224
LINE,2.228
LINE,2.2312
LTR,2.244
LINE,2.2168
LINE,2.232
SINE,2.2136
LINE,2.2488
LINE,2.2336
LINE,2.216
LINE,2.2272
SINE,2.216
LINE,2.2464
LINE,2.2152
SINE,2.2232
LINE,2.2024
unique/low-repeat,2.2088
LINE,2.1928
LINE,2.2432
unique/low-repeat,2.232
unique/low-repeat,2.2432
LINE,2.2144
SINE,2.1848
SINE,2.2416
LINE,2.2368
LINE,2.2224
LINE,2.1592
LINE,2.2224
unique/low-repeat,2.236
LINE,2.2048
LINE,2.2256
LINE,2.232
SINE,2.1448
SINE,2.204
SINE,2.184
unique/low-repeat,2.2184
SINE,2.2296
SINE,2.18
SINE,2.1952
SINE,2.1648
SINE,2.16
SINE,2.1968
SINE,2.108
SINE,2.1352
SINE,2.0952
SINE,2.1272
SINE,2.2024
SINE,2.1472
SINE,2.192
SINE,2.1896
SINE,2.1664
LINE,2.204
LINE,2.2232
unique/low-repeat,2.2304
unique/low-repeat,2.2432
LINE,2.2304
unique/low-repeat,2.2384
LINE,2.2312
DNA,2.2368
SINE,2.2384
LINE,2.216
LINE,2.2288
LINE,2.2224
DNA,2.2512
SINE,2.2232
unique/low-repeat,2.2536
unique/low-repeat,2.2456
LINE,2.2232
LINE,2.2224
Satellite,1.812
LINE,2.2424
unique/low-repeat,2.2416
unique/low-repeat,2.2192
LINE,2.2312
LINE,2.2176
LINE,2.1672
LTR,2.2312
LTR,2.1968
LTR,2.2336
LINE,2.236
LINE,2.228
LINE,2.2112
LTR,2.2344
LINE,2.2088
LTR,2.2352
LINE,2.2304
LINE,2.2408
LINE,2.2272
LINE,2.2352
LTR,2.2416
unique/low-repeat,2.2416
LINE,2.2096
LINE,2.2176
LINE,2.2232
LINE,2.2176
LINE,2.224
LINE,2.1512
LINE,2.2376
SINE,2.232
SINE,2.2352
unique/low-repeat,2.2336
SINE,2.2112
SINE,2.2024
SINE,2.1824
SINE,2.2096
unique/low-repeat,2.1992
unique/low-repeat,2.2456
SINE,2.168
SINE,2.196
SINE,2.224
SINE,2.1856
SINE,2.1752
SINE,2.1264
LINE,2.2088
LINE,2.2352
unique/low-repeat,2.2424
SINE,2.2088
SINE,2.2344
SINE,2.2072
SINE,2.2064
SINE,2.1976
SINE,2.0968
SINE,2.172
SINE,2.2296
LTR,2.2296
SINE,2.2344
SINE,2.228
SINE,2.232
SINE,2.1608
LTR,2.2272
SINE,1.9816
SINE,2.0856
SINE,2.128
SINE,2.1488
SINE,2.212
SINE,2.2048
SINE,2.2352
SINE,2.196
LINE,2.2352
LINE,2.2248
LINE,2.2384
LINE,2.244
unique/low-repeat,2.2464
SINE,2.1984
LINE,2.224
LINE,2.216
SINE,2.2376
LINE,2.188
unique/low-repeat,2.2064
SINE,2.2048
LINE,2.2528
LTR,2.2168
SINE,2.2248
SINE,2.2176
SINE,2.2176
LINE,2.212
LINE,2.2208
LINE,2.2224
SINE,2.2208
LINE,2.2336
unique/low-repeat,2.1648
SINE,2.2072
unique/low-repeat,2.2552
SINE,2.2424
SINE,2.1928
SINE,2.2152
LTR,2.2264
LINE,2.24
SINE,2.204
SINE,2.2032
SINE,2.2088
SINE,2.236
Retroposon,2.0128
SINE,2.224
SINE,2.2184
unique/low-repeat,2.2296
SINE,2.2048
LINE,2.2336
SINE,2.2312
LTR,2.232
LTR,2.2336
LINE,2.2464
SINE,2.2096
SINE,2.2208
LINE,2.2248
LINE,2.2304
LINE,2.2336
SINE,2.2344
LINE,2.2264
LINE,2.2272
SINE,2.2376
LTR,2.2136
LINE,2.2264
LINE,2.2336
LINE,2.2264
SINE,2.2296
LINE,2.2392
LTR,2.224
SINE,2.2304
LTR,2.2184
LINE,2.2048
SINE,2.2352
LINE,2.2336
LTR,2.2344
LINE,2.2024
LINE,2.22
LINE,2.24
LINE,2.232
LINE,2.228
SINE,2.224
unique/low-repeat,2.2256
LINE,2.204
LTR,2.2264
LTR,2.2176
LINE,2.2336
LINE,2.2112
LINE,2.2112
LINE,2.2184
LINE,2.208
LINE,2.212
LINE,2.236
LINE,2.2064
LINE,2.2336
LTR,2.224
LINE,2.02
LINE,2.2248
LINE,2.2288
LTR,2.2216
LINE,2.2248
LINE,2.2408
LINE,2.2224
SINE,2.196
SINE,2.2336
LINE,2.2224
LTR,2.2288
LINE,2.208
LINE,2.236
LINE,2.2168
SINE,2.068
SINE,2.1632
LINE,2.2104
SINE,2.2128
SINE,2.2184
SINE,2.2384
unique/low-repeat,2.2448
LINE,2.2312
LINE,2.2224
LINE,2.2312
LINE,2.2304
LINE,2.2144
SINE,2.2232
LINE,2.2192
SINE,2.2232
LINE,2.2344
LINE,2.2312
LTR,2.2192
LTR,2.2032
LTR,2.2152
LTR,2.2288
unique/low-repeat,2.2432
unique/low-repeat,2.24
LTR,2.2352
LINE,2.2304
SINE,2.2384
SINE,2.2088
unique/low-repeat,2.228
LTR,2.1872
SINE,2.2424
LTR,2.2376
LINE,2.22
SINE,2.2104
LINE,2.2256
LINE,2.2224
SINE,2.2112
LINE,2.2328
LINE,2.2064
SINE,2.2304
SINE,2.1368
LINE,2.212
LINE,2.2104
LINE,2.2304
LINE,2.2312
SINE,2.224
LINE,2.1816
LINE,2.2296
LTR,2.2192
LINE,2.2304
LINE,2.2192
LINE,2.2344
SINE,2.22
LINE,2.2216
LINE,2.22
LINE,2.2248
DNA,2.2288
SINE,2.2472
SINE,2.2368
SINE,2.2168
SINE,2.2208
SINE,2.2136
SINE,2.2248
SINE,2.2064
SINE,2.1704
SINE,2.1568
LINE,2.232
SINE,2.2248
SINE,2.2312
SINE,2.236
SINE,2.2192
SINE,2.24
SINE,2.212
LINE,2.2336
LINE,2.2128
LINE,2.2264
SINE,2.2184
SINE,2.2008
LINE,2.236
SINE,2.2032
SINE,2.2344
LTR,2.2208
unique/low-repeat,2.2016
LINE,2.2256
LTR,2.2104
SINE,2.2184
SINE,2.1744
SINE,2.2304
Retroposon,2.0952
LINE,2.1984
LTR,2.2288
SINE,2.2216
LTR,2.236
LTR,2.1968
LINE,2.2288
LINE,2.2392
LINE,2.2368
SINE,2.2256
SINE,2.2352
LINE,2.2
SINE,2.2016
unique/low-repeat,2.228
LINE,2.2328
LINE,2.2224
SINE,2.2168
LINE,2.2192
LINE,2.2248
LINE,2.2304
DNA,2.2256
LINE,2.2392
SINE,2.2376
LTR,2.2272
LINE,2.2272
LINE,2.2168
LTR,2.2176
LTR,2.2208
LINE,2.2048
LINE,2.2152
LTR,2.2152
LINE,2.2264
LTR,2.2296
LTR,2.2208
LINE,2.2328
LINE,2.224
LINE,2.2272
LINE,2.2208
LINE,2.2264
LINE,2.224
unique/low-repeat,2.2136
LINE,2.2264
LINE,2.2272
LINE,2.2176
LINE,2.2088
LINE,2.208
SINE,2.2216
LINE,2.2304
LINE,2.2192
SINE,2.2192
LINE,2.228
SINE,2.2288
unique/low-repeat,2.216
SINE,2.2352
LINE,2.24
unique/low-repeat,2.2424
LTR,2.2296
LINE,2.2304
SINE,2.22
SINE,2.2264
LINE,2.2176
SINE,2.2296
LINE,2.2248
SINE,2.2296
LINE,2.232
LINE,2.2296
SINE,2.232
SINE,2.2328
LINE,2.1736
LINE,2.2352
SINE,2.176
SINE,2.2224
SINE,2.2128
SINE,2.2352
SINE,2.1864
SINE,2.2272
SINE,2.2056
SINE,2.22
LINE,2.212
LINE,2.22
LINE,2.2144
LINE,2.2272
LINE,2.2248
LINE,2.2096
LINE,2.22
LINE,2.2384
LINE,2.2216
LTR,2.2264
LINE,2.2288
DNA,2.2336
DNA,2.2256
DNA,2.2256
LINE,2.2336
SINE,2.24
SINE,2.2176
LINE,2.2208
LINE,2.2
LINE,2.2208
LINE,2.2232
SINE,2.216
LINE,2.2264
LTR,2.2208
LINE,2.216
LINE,2.2344
LTR,2.2464
LTR,2.2232
LINE,2.2368
SINE,2.2136
SINE,2.1944
LINE,2.176
LINE,2.1664
LINE,2.2096
SINE,2.228
LINE,2.2424
LINE,2.2288
SINE,2.22
SINE,2.212
SINE,2.2208
LINE,2.2224
LINE,2.2112
SINE,2.2024
LINE,2.2248
SINE,2.2088
unique/low-repeat,2.2256
unique/low-repeat,2.2256
SINE,2.168
SINE,2.2272
LINE,2.2216
LINE,2.2376
SINE,2.2336
SINE,2.2528
DNA,2.2472
LINE,2.2312
unique/low-repeat,2.2552
unique/low-repeat,2.2296
SINE,2.2368
SINE,2.228
LINE,2.2352
unique/low-repeat,2.2304
LINE,2.2152
LINE,2.2312
LTR,2.2432
LTR,2.24
LTR,2.2328
SINE,2.2392
LTR,2.2392
LINE,2.2408
LINE,2.2248
LTR,2.2344
LINE,2.2256
LINE,2.232
LINE,2.2472
SINE,2.2408
LTR,2.2312
LTR,2.2072
SINE,2.2344
LTR,2.2184
SINE,2.2224
SINE,2.2072
SINE,2.2024
SINE,2.2104
DNA,2.2248
unique/low-repeat,2.2048
SINE,2.1328
SINE,2.1376
SINE,2.228
SINE,2.2384
LTR,2.2176
LINE,2.22
SINE,2.2136
LINE,2.216
LINE,2.2176
SINE,2.2384
LINE,2.2312
unique/low-repeat,2.2328
LTR,2.2224
LTR,2.2064
SINE,2.2104
LINE,2.2352
LINE,2.2368
LINE,2.2248
LINE,2.204
unique/low-repeat,2.2112
SINE,2.2304
LTR,2.2336
LINE,2.204
LINE,2.2368
LTR,2.2024
LINE,2.2192
SINE,2.2248
unique/low-repeat,2.2264
LINE,2.2048
LINE,2.2208
LINE,2.2144
LINE,2.2128
LTR,2.2272
LTR,2.2288
LINE,2.2312
LTR,2.2232
LINE,2.2056
LINE,2.2184
LTR,2.2296
LINE,2.2344
DNA,2.2264
LTR,2.2296
LTR,2.1944
LINE,2.2248
LINE,2.2336
LINE,2.2184
LINE,2.1976
LINE,2.2192
LINE,2.2096
LINE,2.216
LINE,2.2256
DNA,2.2328
LINE,2.2264
LINE,2.2208
LINE,2.2272
LTR,2.2208
LTR,2.224
LINE,2.2112
LINE,2.224
LINE,2.2344
unique/low-repeat,2.2344
SINE,2.2144
SINE,2.2368
LINE,2.2248
LINE,2.2208
LTR,2.2328
LINE,2.2376
LINE,2.2304
LINE,2.2528
LINE,2.2056
LINE,2.2184
LTR,2.2288
LTR,2.2256
LINE,2.2184
LTR,2.2376
LTR,1.8936
LTR,2.2384
LINE,2.236
SINE,2.2
SINE,2.2048
SINE,2.2328
LINE,2.2048
unique/low-repeat,2.208
SINE,2.1808
LTR,2.216
LINE,2.1928
LINE,2.22
unique/low-repeat,2.2064
LINE,2.2136
LINE,2.22
LINE,2.228
unique/low-repeat,2.2144
LTR,2.2056
LINE,2.2264
LINE,2.2264
LTR,2.248
LINE,2.2136
LINE,2.2184
LINE,2.2176
SINE,2.2232
LINE,2.212
LINE,2.2136
LINE,2.22
LINE,2.208
LINE,2.2352
LINE,2.2184
LTR,2.2256
LINE,2.2368
LINE,2.2256
LINE,2.2232
LINE,2.2288
LINE,2.2192
unique/low-repeat,2.236
LINE,2.232
unique/low-repeat,2.2352
LINE,2.2216
DNA,2.2344
LINE,2.2248
LTR,2.2304
SINE,2.2096
LTR,2.2392
LINE,2.2144
LINE,2.2136
SINE,2.2224
SINE,2.2024
LINE,2.2208
LINE,2.2248
SINE,2.2256
unique/low-repeat,2.224
SINE,2.2368
LINE,2.2312
SINE,2.2296
LINE,2.224
unique/low-repeat,2.236
SINE,2.1128
SINE,2.2264
SINE,2.224
unique/low-repeat,2.2368
SINE,2.2336
LINE,2.2392
LINE,2.244
unique/low-repeat,2.2552
unique/low-repeat,2.252
LINE,2.2376
LINE,2.2032
unique/low-repeat,2.2408
SINE,2.2248
SINE,2.212
SINE,2.2296
SINE,2.2072
LTR,2.2232
LINE,2.2304
LINE,2.2272
LINE,2.2208
SINE,2.2224
SINE,2.24
SINE,2.2456
LTR,2.224
LINE,2.2464
SINE,2.1992
LINE,2.2
LINE,2.2384
LTR,2.2232
SINE,2.2288
LINE,2.196
LINE,2.2368
LINE,2.236
LINE,2.22
SINE,2.2272
LINE,2.2328
SINE,2.2208
SINE,2.2184
LINE,2.2224
LINE,2.244
LINE,2.232
LINE,2.1912
SINE,2.232
LINE,2.2312
LINE,2.2232
SINE,2.2
LINE,2.2264
LINE,2.248
SINE,2.1832
LINE,2.2352
LINE,2.2184
DNA,2.22
LINE,2.2248
unique/low-repeat,2.2144
LINE,2.2168
LINE,2.2288
LINE,2.2112
LINE,2.2248
LINE,2.2232
LINE,2.2432
LINE,2.2136
SINE,2.208
LTR,2.212
LINE,2.2256
SINE,2.2168
SINE,2.2296
Simple_repeat,2.1144
LINE,2.2448
SINE,2.2384
SINE,2.184
SINE,2.224
SINE,2.1928
SINE,2.1824
SINE,2.2144
LTR,2.2232
LTR,2.2384
LINE,2.2272
SINE,2.224
SINE,2.204
SINE,2.2304
LINE,2.216
LINE,2.248
SINE,2.2216
DNA,2.236
LINE,2.2456
SINE,2.26
SINE,2.2104
SINE,2.208
SINE,2.1808
SINE,2.2352
SINE,2.1488
SINE,2.2456
unique/low-repeat,2.244
DNA,2.2448
LINE,2.2256
SINE,2.236
LINE,2.2296
LINE,2.232
SINE,2.2416
SINE,2.208
LINE,2.2192
SINE,2.2352
SINE,2.208
SINE,2.2368
LINE,2.2104
LINE,2.2352
LINE,2.1904
LINE,2.2168
LINE,2.2552
SINE,2.1408
SINE,2.22
SINE,2.2392
SINE,2.2344
SINE,2.2304
LINE,2.2096
LINE,2.2344
SINE,2.248
LINE,2.2352
LINE,2.2208
LINE,2.248
SINE,2.2328
LTR,2.2448
SINE,2.2176
LINE,2.2272
LTR,2.2168
SINE,2.1472
SINE,2.2376
LINE,2.2264
LINE,2.2376
SINE,2.2336
LINE,2.2256
SINE,2.2424
LINE,2.2464
LTR,2.236
SINE,2.2144
LINE,2.2296
SINE,2.2208
Satellite,2.1936
SINE,2.2016
LINE,2.2208
SINE,2.1928
SINE,2.2176
LTR,2.2088
SINE,2.2
LINE,2.2008
SINE,2.2136
SINE,2.1688
SINE,2.2248
SINE,2.1928
SINE,2.2352
LINE,2.236
SINE,2.24
LINE,2.2144
SINE,2.2144
LINE,2.2008
unique/low-repeat,2.2128
LINE,2.216
SINE,2.1968
SINE,2.1848
SINE,2.1192
SINE,2.108
SINE,2.012
SINE,2.2008
SINE,2.2048
SINE,2.168
unique/low-repeat,2.2568
SINE,2.1936
SINE,2.1712
SINE,2.232
SINE,2.144
LTR,2.1824
LINE,2.2008
LTR,2.2328
LINE,2.2328
SINE,2.232
SINE,2.1864
SINE,1.5184
SINE,2.2088
LINE,2.2384
SINE,2.1936
SINE,2.2136
LINE,2.2288
LINE,2.2352
LTR,2.196
SINE,2.2136
LINE,2.2296
LINE,2.2424
SINE,2.2264
LINE,2.2488
unique/low-repeat,2.1432
unique/low-repeat,2.1968
LINE,2.2152
SINE,2.1976
LINE,2.1912
SINE,2.1728
SINE,2.0944
SINE,2.0688
SINE,2.2288
LINE,2.2416
LINE,2.2272
LINE,2.2288
LINE,2.2448
LINE,2.1848
LINE,2.2264
SINE,2.2432
LINE,2.1696
SINE,2.0688
LINE,2.2104
SINE,2.216
unique/low-repeat,1.896
SINE,1.8728
SINE,2.2424
LINE,2.2384
LINE,2.2296
LINE,2.2472
LINE,2.1664
LINE,2.2152
SINE,2.2048
SINE,2.2392
unique/low-repeat,2.2464
other-repeat,1.892
LINE,2.2184
LINE,2.2048
LINE,1.9088
SINE,2.212
LTR,2.2408
SINE,2.2408
LINE,2.228
unique/low-repeat,2.2592
unique/low-repeat,2.2584
LINE,2.2264
LINE,2.2408
unique/low-repeat,2.26
LINE,2.2432
LINE,2.2392
DNA,2.1448
LINE,2.2296
DNA,2.2504
SINE,2.2352
LTR,2.2456
SINE,2.2232
LINE,2.2344
LINE,2.2496
LINE,2.2304
LINE,2.2368
SINE,2.192
LINE,2.2304
LINE,2.2456
SINE,2.1624
LINE,2.2416
unique/low-repeat,2.2336
unique/low-repeat,2.244
SINE,2.1888
unique/low-repeat,2.2568
LINE,2.2344
unique/low-repeat,2.2096
unique/low-repeat,2.2176
LINE,2.1056
unique/low-repeat,2.236
LINE,2.2248
LINE,2.2256
DNA,2.2336
LINE,2.2392
unique/low-repeat,2.2256
LTR,2.2272
LINE,2.2296
SINE,2.2344
LINE,2.212
LINE,2.2304
LTR,2.2376
LTR,2.2408
DNA,2.2384
SINE,2.2288
SINE,2.1136
LTR,2.2408
SINE,2.2344
LINE,2.2296
SINE,2.232
SINE,2.2248
SINE,2.1408
unique/low-repeat,2.2504
LINE,2.2384
LINE,2.2352
SINE,2.2392
unique/low-repeat,2.2136
LINE,2.2456
SINE,2.2208
SINE,2.2144
SINE,2.2024
LINE,2.244
LTR,2.2512
SINE,2.2392
SINE,2.2392
SINE,2.2136
LTR,2.2416
LTR,2.2576
LTR,2.2592
LINE,2.216
SINE,2.2312
LINE,2.2408
SINE,2.2456
LINE,2.2264
LINE,2.2504
LINE,2.224
SINE,2.248
LTR,2.2408
LINE,2.2344
SINE,2.2384
LINE,2.1928
SINE,2.2584
LINE,2.2256
LINE,2.2136
LINE,2.2264
unique/low-repeat,2.2576
LINE,2.256
LINE,2.2248
LINE,2.2368
LINE,2.2472
unique/low-repeat,2.2448
LINE,2.2312
SINE,2.2472
LINE,2.2392
LINE,2.2488
LINE,2.2168
LINE,2.236
DNA,2.2296
LINE,2.2376
LINE,2.216
LINE,2.2208
LINE,2.2152
LINE,2.2272
LINE,2.2136
LINE,2.228
LINE,2.2352
LTR,2.224
LINE,2.2288
LTR,2.2528
LTR,2.2384
LTR,2.2344
LINE,2.2456
LTR,2.2456
unique/low-repeat,2.2368
LINE,2.2304
LINE,2.248
LTR,2.2312
LTR,2.2336
LINE,2.252
LTR,2.2264
SINE,2.248
SINE,2.224
LTR,2.2328
SINE,2.2144
SINE,2.2512
SINE,2.2256
SINE,2.1856
SINE,2.212
SINE,2.2296
LTR,2.2448
unique/low-repeat,2.2544
unique/low-repeat,2.2424
LTR,2.2304
LTR,2.2328
unique/low-repeat,2.2416
LINE,2.24
SINE,2.232
LINE,2.1968
SINE,2.2296
SINE,2.2144
LTR,2.2152
LINE,2.2336
SINE,2.2456
LINE,2.228
LTR,2.2056
LTR,2.2184
LINE,2.2128
LINE,2.2352
SINE,2.212
LTR,2.2168
unique/low-repeat,2.224
SINE,2.2024
LTR,2.2352
LINE,2.2192
LINE,2.228
LTR,2.192
unique/low-repeat,2.2256
SINE,2.2328
LTR,2.2304
LINE,2.2408
LTR,2.2264
unique/low-repeat,2.2376
unique/low-repeat,2.2368
LINE,2.22
DNA,2.2152
SINE,2.2304
SINE,2.2232
SINE,2.2112
DNA,2.2272
unique/low-repeat,2.2232
LINE,2.2184
SINE,2.1792
unique/low-repeat,2.2136
SINE,2.232
unique/low-repeat,2.2544
unique/low-repeat,2.2512
SINE,2.1736
SINE,2.1912
LINE,2.2384
LTR,2.244
LINE,2.2144
SINE,2.2352
SINE,2.2216
SINE,2.2
SINE,2.1824
LINE,2.2168
SINE,2.1568
LINE,2.212
LTR,2.2272
SINE,2.148
unique/low-repeat,2.2376
unique/low-repeat,2.2264
SINE,2.2192
LINE,2.2384
LINE,2.2184
SINE,2.24
LTR,2.2416
LTR,2.2152
LINE,2.2168
unique/low-repeat,2.236
LINE,2.204
LINE,2.22
DNA,2.2224
SINE,2.196
unique/low-repeat,2.2288
unique/low-repeat,2.24
LINE,2.2304
Simple_repeat,2.1696
LINE,2.2328
LINE,2.204
DNA,2.224
DNA,2.2528
LINE,2.2384
LINE,2.248
LINE,2.2256
unique/low-repeat,2.2344
LINE,2.2144
LINE,2.2264
LTR,2.228
unique/low-repeat,2.248
SINE,2.2264
SINE,2.2152
DNA,2.2176
LINE,2.1864
SINE,2.2312
LINE,2.2368
LINE,2.2208
LINE,2.2488
LINE,2.2248
SINE,2.2104
LINE,2.2352
SINE,2.2232
SINE,2.24
SINE,2.2336
LTR,2.2232
LINE,2.2096
LINE,2.2392
SINE,2.2184
SINE,2.2408
LINE,2.196
LTR,2.2296
LTR,2.2352
LINE,2.2208
LINE,2.2368
LINE,2.2232
LINE,2.2192
SINE,2.2336
unique/low-repeat,2.24
LTR,2.232
LINE,2.2272
LTR,2.232
LINE,2.2416
LINE,2.2192
LTR,2.2408
DNA,2.2256
LINE,2.2352
LINE,2.2288
SINE,2.16
SINE,2.2344
SINE,2.2184
LTR,2.2344
SINE,2.2304
SINE,2.1664
SINE,2.1688
SINE,2.2184
SINE,2.1352
SINE,2.2248
SINE,2.2128
SINE,2.2288
unique/low-repeat,2.216
SINE,2.244
LTR,2.2264
DNA,2.244
unique/low-repeat,2.2512
LTR,2.2312
LINE,2.2352
LINE,2.2312
LINE,2.2072
LINE,2.2184
LINE,2.2552
unique/low-repeat,2.2264
LTR,2.2144
LTR,2.2224
LINE,2.2424
LTR,2.2312
LINE,2.2288
SINE,2.2184
SINE,2.2432
LTR,2.2488
LINE,2.232
LINE,2.2336
LINE,2.2488
SINE,2.2208
DNA,2.2272
LINE,2.2248
LTR,2.2472
LINE,2.2216
SINE,2.2184
LINE,2.2416
LINE,2.2416
LINE,2.204
LINE,2.2304
LINE,2.224
LINE,2.2176
SINE,2.104
SINE,2.2304
SINE,2.2128
SINE,2.1976
SINE,2.1968
SINE,2.2336
SINE,2.2144
SINE,2.2056
SINE,2.2144
SINE,2.2264
SINE,2.228
SINE,2.2192
SINE,2.1352
SINE,2.204
LINE,2.1952
SINE,2.1904
SINE,2.2016
SINE,2.2096
SINE,2.1504
unique/low-repeat,2.236
LINE,2.2272
SINE,2.1992
LINE,2.2288
SINE,2.1784
LINE,2.22
unique/low-repeat,2.2168
LINE,2.2096
LTR,2.2208
LINE,2.2224
LINE,2.1912
LINE,2.2208
unique/low-repeat,2.2216
LINE,2.212
LINE,2.2192
LINE,2.2208
LINE,2.2416
LINE,2.224
SINE,2.2472
LINE,2.2232
LINE,2.2264
SINE,2.2248
LINE,2.2488
LINE,2.2312
unique/low-repeat,2.244
LINE,2.2216
SINE,2.232
LINE,2.2304
LINE,2.1984
LINE,2.2088
SINE,2.2368
DNA,2.232
LINE,2.2344
SINE,2.236
LTR,2.2336
SINE,2.2064
SINE,2.2256
SINE,2.26
DNA,2.192
SINE,2.24
SINE,2.2376
LTR,2.2208
SINE,2.1912
SINE,2.232
LTR,2.2128
LINE,2.1848
LINE,2.2128
LINE,2.196
LINE,2.2304
SINE,2.2312
LINE,2.2112
LINE,2.2296
DNA,2.2064
SINE,2.2152
LINE,2.2136
LTR,2.2032
SINE,2.2232
SINE,2.2264
LINE,2.2256
SINE,2.224
unique/low-repeat,2.2408
SINE,2.2232
SINE,2.2184
SINE,2.2128
SINE,2.1904
SINE,2.1392
SINE,2.188
LINE,2.2264
SINE,2.2304
LINE,2.1856
SINE,2.2344
SINE,2.2232
SINE,2.2328
unique/low-repeat,2.236
SINE,2.2064
LINE,2.2304
LINE,2.2352
DNA,2.2312
LTR,2.244
DNA,2.2168
LTR,2.2416
LINE,2.2072
LTR,2.2264
DNA,2.2336
LINE,2.2008
unique/low-repeat,2.2152
LINE,2.2456
LTR,2.2232
LINE,2.2328
LINE,2.2392
LTR,2.2232
LTR,2.2352
LINE,2.2176
LINE,2.2232
LINE,2.2296
LINE,2.2344
LTR,2.2176
LINE,2.2264
LTR,2.2192
LINE,2.2376
LINE,2.2376
unique/low-repeat,2.2216
LINE,2.2256
LINE,2.2064
LTR,2.2272
LINE,2.2184
LTR,2.2088
LINE,2.2072
LINE,2.2184
LINE,2.22
LINE,2.232
LINE,2.2216
unique/low-repeat,2.2248
LINE,2.2376
SINE,2.2136
SINE,2.2296
LTR,2.2592
SINE,2.2104
SINE,2.2152
SINE,2.212
LINE,2.2168
DNA,2.2496
SINE,2.2288
SINE,2.2136
LINE,2.2104
SINE,2.2088
LTR,2.244
LINE,2.2368
SINE,2.2056
SINE,2.1424
SINE,2.2144
LINE,2.2368
LINE,2.2344
LINE,2.2328
SINE,2.2496
SINE,2.1552
LTR,2.2192
LINE,2.2272
SINE,2.2112
SINE,2.2288
SINE,2.2536
LINE,2.2144
unique/low-repeat,2.2264
unique/low-repeat,2.2208
unique/low-repeat,2.244
LINE,2.2376
LINE,2.22
LINE,2.2208
SINE,2.2368
LINE,2.2272
SINE,2.2176
SINE,2.2192
SINE,2.2016
LTR,2.2392
LINE,2.2208
LTR,2.2568
SINE,2.2368
SINE,2.2528
LTR,2.2456
SINE,2.2512
LTR,2.2056
LTR,2.2216
LTR,2.22
LTR,2.2184
unique/low-repeat,2.2144
LINE,2.2
LINE,2.2336
LTR,2.2264
unique/low-repeat,2.2064
LINE,2.2192
LINE,2.2264
LINE,2.1504
LTR,2.2352
LTR,2.1912
LTR,2.2048
LTR,2.208
LINE,2.26
SINE,2.2208
LINE,2.2456
LINE,2.2312
LINE,2.2064
LINE,2.2328
LINE,2.2096
LTR,2.2424
SINE,2.1984
SINE,2.2088
SINE,2.1816
LTR,2.236
SINE,2.2384
LTR,2.236
LTR,2.2456
LINE,2.232
LTR,2.2296
SINE,2.2064
LINE,2.1928
LINE,2.2016
SINE,2.184
LINE,2.2128
LINE,2.2328
LINE,2.244
LTR,2.2128
LINE,2.2344
LINE,2.2288
LINE,2.2208
LINE,2.2032
LTR,2.2408
unique/low-repeat,2.24
LTR,2.2264
DNA,2.2304
unique/low-repeat,2.248
LTR,2.2384
LTR,2.224
LINE,2.2288
LINE,2.208
LINE,2.196
LTR,2.2456
SINE,2.244
LINE,2.2536
LINE,2.2384
DNA,2.2424
LTR,2.2448
LINE,2.2096
LINE,2.2304
SINE,2.1904
SINE,2.1904
SINE,2.14
SINE,2.1648
SINE,2.1632
LINE,2.2168
unique/low-repeat,2.2408
SINE,2.2144
SINE,2.1976
SINE,2.2008
SINE,2.192
LTR,2.2312
LINE,2.2344
LTR,2.228
LINE,2.2288
LTR,2.24
SINE,2.1232
SINE,2.2296
SINE,2.2208
SINE,2.1904
SINE,2.08
unique/low-repeat,2.232
unique/low-repeat,2.2296
SINE,2.2256
SINE,2.172
unique/low-repeat,2.2552
SINE,2.2072
SINE,2.1728
LINE,2.18
LINE,2.216
LINE,2.2328
SINE,2.2272
LINE,2.2128
SINE,2.2416
LTR,2.2496
LTR,2.212
unique/low-repeat,2.2112
LINE,2.2272
LINE,2.2224
LINE,2.228
LINE,2.2488
unique/low-repeat,2.2592
LINE,2.1696
LINE,2.2288
LINE,2.2096
LTR,2.2528
LINE,2.2408
LTR,2.2352
unique/low-repeat,2.224
LINE,2.1712
SINE,2.1912
SINE,2.0496
SINE,2.1072
SINE,2.1392
SINE,2.1312
unique/low-repeat,2.2248
unique/low-repeat,2.248
LINE,2.2136
unique/low-repeat,2.2088
unique/low-repeat,2.2384
LTR,2.2176
SINE,2.2128
SINE,2.1912
LINE,2.2176
SINE,2.1824
SINE,2.0928
unique/low-repeat,2.2232
LINE,2.224
SINE,2.2208
SINE,2.1664
LINE,2.2232
unique/low-repeat,2.2296
unique/low-repeat,2.2416
LINE,2.228
SINE,2.1816
SINE,2.1208
SINE,2.1048
SINE,2.0592
LINE,2.224
LINE,2.2312
SINE,2.1584
SINE,2.2216
LINE,2.2456
unique/low-repeat,2.2216
SINE,2.2184
LINE,2.2416
SINE,2.2008
SINE,2.2144
SINE,2.2336
unique/low-repeat,2.2256
SINE,2.1216
SINE,2.172
LINE,2.204
SINE,2.2456
SINE,2.1528
SINE,2.1832
LINE,2.1888
SINE,2.1992
SINE,2.204
unique/low-repeat,2.2336
LINE,2.2376
DNA,2.2408
LINE,2.2272
SINE,2.2144
SINE,2.0784
SINE,2.2048
SINE,2.2208
SINE,2.2088
SINE,2.2392
SINE,2.176
SINE,2.2296
SINE,2.0904
unique/low-repeat,2.2536
SINE,2.1856
SINE,2.1496
LTR,2.2272
LINE,2.236
LINE,2.2336
SINE,2.1632
SINE,2.224
SINE,2.216
SINE,2.1968
DNA,2.2216
SINE,2.2296
SINE,2.216
LINE,2.2264
LINE,2.2024
LINE,2.2184
LINE,2.2344
LINE,2.1784
SINE,2.1968
SINE,2.2144
SINE,2.2056
LINE,2.2432
SINE,2.2272
LINE,2.2224
SINE,2.2224
LTR,2.2272
SINE,2.22
LINE,2.212
LINE,2.2112
LINE,2.2264
LTR,2.2272
LINE,2.2064
LINE,2.2336
unique/low-repeat,2.2256
LINE,2.2152
SINE,2.2296
SINE,2.1984
LINE,2.2328
LINE,2.2432
LINE,2.2384
LINE,2.2152
LINE,2.2464
LINE,2.2312
DNA,2.232
unique/low-repeat,2.2184
LINE,2.2272
LINE,2.2224
LTR,2.2208
LINE,2.224
unique/low-repeat,2.2328
LTR,2.2224
LINE,2.2256
LTR,2.2288
LINE,2.2416
SINE,2.224
unique/low-repeat,2.2184
SINE,2.2312
LTR,2.2352
LINE,2.1952
LTR,2.2072
SINE,2.2312
LINE,2.2144
LINE,2.2264
LINE,2.2224
LINE,2.2432
SINE,2.2464
SINE,2.2384
SINE,2.236
SINE,2.232
unique/low-repeat,2.204
unique/low-repeat,2.2424
SINE,2.2064
SINE,2.1864
SINE,2.0832
SINE,2.1136
SINE,2.1544
SINE,2.1824
SINE,2.1184
SINE,2.2224
LINE,2.1904
LINE,2.224
LINE,2.2312
SINE,2.1976
LINE,2.22
SINE,2.0864
LINE,2.2088
SINE,2.2168
SINE,2.1576
SINE,2.1792
SINE,2.1528
SINE,2.2112
SINE,2.096
SINE,2.1872
SINE,2.1936
SINE,2.1984
unique/low-repeat,2.2464
SINE,2.1936
SINE,2.16
SINE,2.2544
SINE,2.2168
LINE,2.1768
unique/low-repeat,2.2248
SINE,2.1096
SINE,2.1584
SINE,2.1376
SINE,2.1128
SINE,2.2104
LINE,2.2184
LINE,2.2416
SINE,2.2408
SINE,2.2296
DNA,2.2104
SINE,2.208
SINE,2.2152
SINE,2.2384
SINE,2.1856
SINE,2.1024
unique/low-repeat,2.2296
SINE,2.2528
LINE,2.252
LINE,2.2152
LINE,2.208
LINE,2.2464
LTR,2.2328
DNA,2.2104
LINE,2.2312
SINE,2.224
SINE,2.0736
LINE,2.216
LINE,2.1896
unique/low-repeat,2.2216
LINE,2.2096
LINE,2.2264
LINE,2.2048
LINE,2.2192
LINE,2.2224
LINE,2.2296
LINE,2.224
DNA,2.2264
SINE,2.2488
unique/low-repeat,2.26
SINE,2.2368
LINE,2.2336
unique/low-repeat,2.2344
LINE,2.2384
LINE,2.22
SINE,2.2352
LINE,2.2064
LTR,2.2192
LTR,2.2192
LTR,2.2264
LINE,2.228
DNA,2.224
LINE,2.2384
LINE,2.2432
SINE,2.24
SINE,2.2336
LINE,2.2168
LINE,2.2304
SINE,2.2208
LINE,2.2304
LINE,2.2248
LINE,2.2048
LINE,2.2216
SINE,2.2016
SINE,2.2472
LINE,2.2272
SINE,2.2272
LINE,2.2464
SINE,2.22
SINE,2.2224
LINE,2.2384
LINE,2.2248
SINE,2.228
LINE,2.2152
SINE,2.2088
LINE,2.24
DNA,2.2112
DNA,2.2248
DNA,2.2336
LINE,2.2296
unique/low-repeat,2.212
unique/low-repeat,2.2272
unique/low-repeat,2.2224
LINE,2.2056
LINE,2.228
LINE,2.2288
LINE,2.2312
LINE,2.2056
LINE,2.2064
LINE,2.2312
SINE,2.2152
LINE,2.2064
LINE,2.2136
LINE,2.2312
LINE,2.1968
unique/low-repeat,2.2192
LINE,2.1928
LINE,2.224
LINE,2.1944
DNA,2.2192
LTR,2.1448
LINE,2.2016
LINE,2.2232
LINE,2.2224
LTR,2.2152
LINE,2.2
LINE,2.2096
LINE,2.2144
LINE,2.2176
LINE,2.2256
LINE,2.2184
LINE,2.1992
LINE,2.2232
LINE,2.22
SINE,2.2056
LTR,2.208
SINE,2.2288
LTR,2.2192
LINE,2.2384
LINE,2.1904
LINE,2.2024
LINE,2.212
LINE,2.2136
LINE,2.2192
LINE,2.2272
SINE,2.2184
LINE,2.224
SINE,2.2072
LINE,2.216
LINE,2.2208
LINE,2.2136
unique/low-repeat,2.232
unique/low-repeat,2.22
LINE,2.2376
SINE,2.2368
unique/low-repeat,2.26
SINE,2.2272
LINE,2.2032
LINE,2.2064
LINE,2.2216
LINE,2.2064
LINE,2.22
LTR,2.2288
LINE,2.2176
unique/low-repeat,2.2328
unique/low-repeat,2.2216
SINE,2.216
LINE,2.2064
LINE,2.2136
LINE,2.2192
unique/low-repeat,2.2352
LINE,2.2256
Retroposon,2.1208
unique/low-repeat,2.2256
LINE,2.2408
LINE,2.2056
SINE,2.24
SINE,2.1968
SINE,2.2416
LINE,2.2208
LINE,2.24
LTR,2.2296
LINE,2.2272
LTR,2.1912
unique/low-repeat,2.2416
LTR,2.2336
LTR,2.2328
LTR,2.2152
LINE,2.2336
SINE,2.2128
SINE,2.1968
SINE,2.176
SINE,2.2352
LINE,2.2272
LINE,2.2368
SINE,2.2424
LINE,2.236
LINE,2.1784
LINE,2.22
DNA,2.2312
LINE,2.2088
SINE,2.2176
LINE,2.2256
LINE,2.212
LINE,2.2192
unique/low-repeat,2.2224
DNA,2.2016
LINE,2.2144
LTR,2.2224
LINE,2.204
LINE,2.2168
LINE,2.2104
LINE,2.236
LINE,2.2336
LINE,2.2168
LINE,2.2264
LINE,2.2328
LINE,2.204
LINE,2.2384
LINE,2.2296
LINE,2.236
unique/low-repeat,2.2168
LINE,2.2136
LINE,2.2264
unique/low-repeat,2.212
LINE,2.2328
LINE,2.2328
LTR,2.1376
LINE,2.22
LINE,2.2424
LINE,2.216
unique/low-repeat,2.2312
LINE,2.2208
LINE,2.2352
LTR,2.2056
LTR,1.9424
LINE,2.2176
LINE,2.2232
LINE,2.232
SINE,2.2304
unique/low-repeat,2.2248
LINE,2.2216
unique/low-repeat,2.2176
LINE,2.2168
SINE,2.2088
LINE,2.2344
SINE,2.216
SINE,2.2024
LINE,2.22
LINE,2.2504
SINE,2.2192
LINE,2.2176
SINE,2.2288
SINE,2.2208
LINE,2.2088
LINE,2.2352
SINE,2.212
LINE,2.2224
SINE,2.2264
SINE,2.2216
LINE,2.228
LINE,2.2512
LTR,2.2464
LINE,2.2272
LINE,2.216
LINE,2.2328
LINE,2.2184
DNA,1.9552
LINE,2.2408
DNA,2.2248
unique/low-repeat,2.2192
unique/low-repeat,1.6048
Satellite,1.5848
Satellite,1.4088
Satellite,1.4488
Satellite,2.0272
LINE,2.2128
SINE,2.212
LINE,2.2256
LINE,2.2016
LINE,2.2232
LINE,2.2256
LTR,2.232
DNA,2.2256
LINE,2.2152
Retroposon,2.2088
unique/low-repeat,2.2256
LINE,2.208
LTR,2.2216
LINE,2.2336
Satellite,1.3792
unique/low-repeat,1.38
LTR,2.2272
unique/low-repeat,2.2112
unique/low-repeat,2.212
LINE,2.2312
LINE,2.224
LINE,2.2104
unique/low-repeat,2.128
LINE,2.2128
LINE,2.2328
LINE,2.236
SINE,2.2272
LINE,2.2176
LINE,2.2144
LINE,2.1952
LINE,2.2256
LINE,2.2144
LINE,2.212
LINE,2.2264
LINE,2.2072
LINE,2.236
LINE,2.228
LTR,2.2344
LINE,2.2264
LINE,2.2016
LINE,2.2312
LINE,2.2224
LTR,2.2224
LINE,2.2312
LINE,2.2112
DNA,2.2048
LINE,2.22
LINE,2.2224
LTR,2.2264
LINE,2.232
SINE,2.2216
LINE,2.176
SINE,2.1768
unique/low-repeat,2.2216
SINE,2.1728
DNA,2.2112
LINE,2.2272
LINE,2.2144
LTR,2.2184
LTR,2.2104
LINE,2.232
SINE,2.1952
DNA,2.2128
LTR,2.2352
LINE,2.228
LTR,2.2248
LINE,2.2
LINE,2.2256
LINE,2.2384
LTR,2.2288
unique/low-repeat,2.2016
LINE,2.2344
LINE,2.2048
LINE,2.2192
LINE,2.2072
LINE,2.2024
LINE,2.2208
LINE,2.2032
LINE,2.2152
LINE,2.2328
LINE,2.208
LINE,2.216
LTR,2.2144
LINE,2.2128
DNA,2.212
unique/low-repeat,2.224
LINE,2.2144
LINE,2.2312
LINE,2.2088
LINE,2.2176
unique/low-repeat,2.24
LINE,2.2224
LTR,2.2224
unique/low-repeat,2.208
LTR,2.2176
LTR,2.2288
LINE,2.2208
LTR,2.2272
LINE,2.2232
LTR,2.2464
LINE,2.2344
LINE,2.2288
LTR,2.2104
LINE,2.2224
LINE,2.2264
LINE,2.2144
LINE,2.2024
LTR,2.2152
unique/low-repeat,2.1944
LINE,2.2096
LINE,2.1848
DNA,2.196
LINE,2.2208
LINE,2.2192
LINE,2.2096
LINE,2.2216
LINE,2.212
LINE,2.2112
LINE,2.22
LINE,2.196
LINE,2.228
LINE,2.1944
LINE,2.2248
LINE,1.9088
LINE,2.2144
LTR,2.22
LINE,2.2304
LINE,2.2352
LINE,2.2216
LINE,2.2184
LINE,2.1992
LTR,2.2304
LINE,2.2104
unique/low-repeat,2.2032
unique/low-repeat,2.2328
LINE,2.2224
LINE,2.2264
LINE,2.2152
unique/low-repeat,2.2008
SINE,2.2072
LINE,2.2232
SINE,2.2104
LINE,2.2104
LINE,2.2136
DNA,2.228
LINE,2.216
unique/low-repeat,2.224
unique/low-repeat,2.2168
LTR,2.2216
LINE,2.232
LTR,2.2408
SINE,2.2208
LTR,2.228
LINE,2.212
unique/low-repeat,2.2064
LINE,2.2392
LTR,2.2352
LINE,2.2
LINE,2.204
LINE,2.224
LINE,2.2352
LINE,2.2016
LINE,2.232
LINE,2.2096
LINE,2.2344
LTR,2.2144
LINE,2.2216
LINE,2.2256
LINE,2.216
LINE,2.2296
LINE,2.2144
LINE,2.1816
LINE,2.22
LINE,2.2016
LINE,2.2296
SINE,2.2456
LINE,2.2176
LINE,2.2088
LINE,2.2088
LINE,2.2256
SINE,2.2088
LINE,2.228
LINE,2.2176
LINE,2.24
unique/low-repeat,2.1976
unique/low-repeat,2.2216
unique/low-repeat,2.204
LINE,2.2024
LINE,2.216
LINE,2.2336
LINE,2.2104
LINE,2.2224
LINE,2.2096
SINE,2.2632
SINE,2.22
LTR,2.2112
LINE,2.2088
LINE,2.2152
unique/low-repeat,2.2104
LINE,2.2416
LINE,2.188
SINE,2.2168
SINE,2.14
SINE,2.1776
LINE,2.216
SINE,2.0912
SINE,2.1256
SINE,2.1744
SINE,2.1296
SINE,2.0904
SINE,2.136
SINE,2.16
SINE,2.168
SINE,2.1976
LTR,2.2256
LINE,2.2224
LINE,2.2424
LINE,2.2248
unique/low-repeat,2.2272
LINE,2.2192
LINE,2.2184
LINE,2.2296
LTR,2.2224
LINE,2.2024
LINE,2.2056
LINE,2.1984
LINE,2.2328
LINE,2.2416
unique/low-repeat,2.2288
LINE,2.2192
LINE,2.2264
LINE,2.2
LINE,2.2088
LTR,2.2216
LINE,2.208
SINE,2.2224
LINE,2.2016
LINE,2.2344
unique/low-repeat,2.2272
unique/low-repeat,2.2488
unique/low-repeat,2.2272
unique/low-repeat,2.2112
LINE,2.2208
LINE,2.2296
LINE,2.192
SINE,2.1904
LINE,2.2296
SINE,2.164
SINE,2.2104
unique/low-repeat,2.228
LINE,2.2136
LINE,2.24
LINE,2.2352
LINE,2.2328
LINE,2.244
LINE,2.2296
LINE,2.2296
LINE,2.2104
LINE,2.1968
LINE,2.216
LINE,2.1976
LTR,2.2184
LTR,2.2216
LTR,2.2208
LINE,2.2168
LTR,2.2072
LINE,2.228
LTR,2.216
unique/low-repeat,2.2184
LINE,2.2408
LINE,2.1896
LTR,2.2232
LINE,2.1896
LINE,2.2328
LTR,2.228
LINE,2.204
LINE,2.2192
LINE,2.2216
LINE,2.2
LTR,2.2312
LINE,2.2176
LTR,2.2248
LINE,2.2136
LTR,2.244
unique/low-repeat,2.2152
LTR,2.2224
LINE,2.2104
unique/low-repeat,2.2264
SINE,2.2104
LTR,2.2432
LTR,2.2528
LINE,2.22
LINE,2.22
LINE,2.2224
LINE,2.1904
LINE,2.224
LINE,2.1784
LINE,2.24
LINE,2.2152
LINE,2.2208
LINE,2.2208
LINE,2.2
unique/low-repeat,2.2064
LINE,2.2336
LINE,2.2168
LINE,2.2296
LINE,2.1992
LINE,2.2392
LINE,2.236
DNA,2.2096
LINE,2.2328
DNA,2.2208
unique/low-repeat,2.2144
SINE,2.2216
LINE,2.208
LINE,2.2056
SINE,2.2256
LINE,2.2304
LINE,2.216
LTR,2.2328
LTR,2.2184
LINE,2.244
LINE,2.2432
SINE,2.2368
SINE,2.216
SINE,2.236
LINE,2.2312
LINE,2.212
unique/low-repeat,2.2432
LINE,2.2352
DNA,2.2136
LINE,2.2032
LTR,2.2304
LINE,2.2368
unique/low-repeat,2.2432
LINE,2.2176
LINE,2.2344
LINE,2.2208
unique/low-repeat,2.2312
LINE,2.2264
LINE,2.2328
LINE,2.208
LINE,2.2368
LINE,2.2184
LINE,2.232
LTR,2.228
SINE,2.24
LINE,2.2312
LINE,2.2176
LTR,2.2336
LINE,2.2336
LINE,2.1944
LINE,2.2312
LINE,2.196
LINE,2.2088
LINE,2.2072
LINE,2.2104
LINE,2.212
LINE,2.2272
LINE,2.2144
LINE,2.2264
LINE,2.2216
LTR,2.2392
LINE,2.2168
LINE,2.2216
LINE,2.232
LTR,2.2288
LINE,2.2216
LTR,2.2192
LINE,2.2136
LINE,2.224
LINE,2.2216
LINE,2.2136
LINE,2.2208
LINE,2.22
SINE,2.18
SINE,2.1584
LINE,2.2224
LINE,2.1936
SINE,2.2048
unique/low-repeat,2.268
LINE,2.2208
LINE,2.228
LINE,2.228
LINE,2.2272
LINE,2.2168
LINE,2.2256
LINE,2.2256
LINE,2.2224
SINE,2.2248
DNA,2.24
SINE,2.212
LINE,2.2336
SINE,2.2096
LINE,2.2112
LINE,2.2104
LINE,2.224
unique/low-repeat,2.2184
LINE,2.2208
LINE,2.2168
LINE,2.2016
LINE,2.2312
SINE,2.2128
LTR,2.208
DNA,2.2168
LINE,2.216
DNA,2.228
LINE,2.232
LTR,2.2048
SINE,2.2168
LINE,2.2192
LTR,2.2112
LINE,2.228
LTR,2.2328
unique/low-repeat,2.2016
LINE,2.24
LINE,2.228
LTR,2.2328
LINE,2.22
LINE,2.228
LINE,2.2088
unique/low-repeat,2.2392
LINE,2.2184
DNA,2.212
unique/low-repeat,2.2136
LINE,2.2192
LINE,2.2256
LINE,2.2272
LTR,2.2272
LINE,2.2008
LTR,2.2304
LTR,2.2384
SINE,2.1696
SINE,2.2136
SINE,2.1984
LINE,2.2176
LINE,2.2176
LTR,2.2152
LTR,2.2384
LINE,2.2056
LINE,2.1952
LINE,2.1992
LINE,2.2056
LINE,2.2088
LINE,2.2416
LINE,2.2232
LTR,2.1912
LINE,2.2184
LTR,2.2232
LINE,2.2208
LINE,2.228
LINE,2.2128
LINE,2.2208
LINE,2.2104
LINE,2.2016
LINE,2.1888
LINE,2.2104
LINE,2.2008
LTR,2.204
SINE,2.2216
LTR,2.2136
unique/low-repeat,2.232
LINE,2.2328
LINE,2.2144
LTR,2.236
SINE,2.2344
LINE,2.2216
unique/low-repeat,2.1984
LINE,2.2184
SINE,2.1984
SINE,2.1952
SINE,2.1904
SINE,2.2216
SINE,2.2168
SINE,2.168
SINE,2.1456
LTR,2.228
SINE,2.1592
LINE,2.1984
LTR,2.228
LINE,2.2312
unique/low-repeat,2.2288
DNA,2.2392
LTR,2.2256
LINE,2.2144
LTR,2.2328
LINE,2.2
unique/low-repeat,2.228
LINE,2.244
unique/low-repeat,2.2568
LTR,2.2192
LINE,2.2152
LTR,2.2448
LINE,2.2376
SINE,2.228
LTR,2.2208
LINE,2.2312
LINE,2.1456
LINE,2.2256
LINE,2.2048
LINE,2.2184
Retroposon,2.0864
LINE,2.1856
SINE,2.1896
LTR,2.1912
SINE,2.1816
LINE,2.232
LINE,2.2312
SINE,2.2208
SINE,2.2224
SINE,2.2152
SINE,2.2016
SINE,2.2304
SINE,2.2056
SINE,2.1728
unique/low-repeat,2.2472
LINE,2.236
SINE,2.2432
LINE,2.2312
LTR,2.2432
LINE,2.2472
unique/low-repeat,2.2328
LINE,2.2384
LINE,2.216
LINE,2.2312
DNA,2.2336
LINE,2.232
unique/low-repeat,2.2456
unique/low-repeat,2.244
DNA,2.2184
LINE,2.2304
SINE,2.224
SINE,2.2208
LTR,2.2264
LINE,2.2408
LINE,2.2496
unique/low-repeat,2.2272
LINE,2.2344
DNA,2.228
LINE,2.2304
LINE,2.1856
LTR,2.2328
LINE,2.2248
SINE,2.2152
LINE,2.2256
DNA,2.2184
LINE,2.2144
LINE,2.2296
LINE,2.2144
unique/low-repeat,2.2192
unique/low-repeat,2.2432
unique/low-repeat,2.2176
LINE,2.1904
LINE,2.2152
LTR,2.2352
unique/low-repeat,2.2464
LTR,2.2184
LTR,2.2368
LINE,2.2296
unique/low-repeat,2.2192
LINE,2.2184
LTR,2.216
LINE,2.2224
DNA,2.2064
LINE,2.208
LINE,2.192
LINE,2.2224
LINE,2.2136
LTR,2.2224
DNA,2.22
LINE,2.2152
unique/low-repeat,2.22
LINE,2.2216
LINE,2.2376
LTR,2.2216
LINE,2.22
LTR,2.2256
unique/low-repeat,2.2264
LTR,2.2208
LINE,2.2152
LINE,2.2288
LINE,2.216
LINE,2.2296
LINE,2.2416
LINE,2.2192
LINE,2.2216
LTR,2.216
LTR,2.2184
DNA,2.212
LINE,2.2208
LINE,2.2128
LTR,2.22
LINE,2.2104
LINE,2.2256
LINE,2.212
unique/low-repeat,2.208
LINE,2.2328
LINE,2.2184
LINE,2.2184
unique/low-repeat,2.2088
LTR,2.2104
LTR,2.22
LINE,2.2232
LTR,2.2104
LINE,2.1864
unique/low-repeat,2.2112
LINE,2.2248
LINE,2.2408
LINE,2.2272
LTR,2.2232
LINE,2.2128
unique/low-repeat,2.2344
LINE,2.2184
LINE,2.2056
LINE,2.2184
LTR,2.2136
LINE,2.2152
LINE,2.2224
LTR,2.2104
LINE,2.2064
LINE,2.2192
unique/low-repeat,2.22
LINE,2.2024
LINE,2.2112
LINE,2.2248
LINE,2.2136
LINE,2.2112
LINE,2.2264
DNA,2.2104
unique/low-repeat,2.2128
unique/low-repeat,2.2168
LINE,2.2224
LINE,2.2184
LINE,2.2168
LINE,2.2088
unique/low-repeat,2.2152
LINE,2.208
LINE,2.2112
LINE,2.216
LINE,2.2192
LINE,2.2184
LINE,2.2328
LINE,2.228
LINE,2.2072
unique/low-repeat,2.2336
LTR,2.2072
LINE,2.2048
LINE,2.2328
LINE,2.2248
LINE,2.208
LTR,2.2232
LINE,2.2088
LINE,2.2072
LINE,2.228
LINE,2.2216
LINE,2.2192
LINE,2.232
LTR,2.228
unique/low-repeat,2.2224
unique/low-repeat,2.236
SINE,2.232
SINE,2.2176
LINE,2.2192
LINE,2.1992
LINE,2.224
LINE,2.1904
LINE,2.2272
LINE,2.2176
LINE,2.2128
unique/low-repeat,2.2104
LTR,2.22
unique/low-repeat,2.2128
LINE,2.2424
LINE,2.2384
LTR,2.22
LINE,2.2176
unique/low-repeat,2.22
unique/low-repeat,2.2192
LINE,2.1888
LINE,2.212
unique/low-repeat,2.22
LINE,2.2072
LTR,2.2128
unique/low-repeat,2.2312
unique/low-repeat,2.2368
LTR,2.2176
LINE,2.2392
LINE,2.2168
DNA,2.2264
unique/low-repeat,2.2648
LINE,2.2152
LINE,2.232
LINE,2.2128
LINE,2.2272
unique/low-repeat,2.2336
LINE,2.2256
Retroposon,2.224
LINE,2.2264
LINE,2.2248
LTR,2.2328
LINE,2.2352
LINE,2.2272
LINE,2.2032
LINE,2.2336
LINE,2.2096
SINE,2.1808
SINE,2.1944
unique/low-repeat,2.272
LINE,2.2344
LINE,2.2048
LINE,2.1952
LINE,2.2264
LTR,2.2224
LINE,2.2224
LINE,2.2216
LTR,2.224
LINE,2.2552
LINE,2.228
LINE,2.2296
LINE,2.1904
LINE,2.2192
LINE,2.2272
LINE,2.2328
LINE,2.2128
LINE,2.1912
LINE,2.2224
LTR,2.2328
unique/low-repeat,2.2608
unique/low-repeat,2.2216
LINE,2.2152
unique/low-repeat,2.2312
LINE,2.2256
LINE,2.2328
LINE,2.2152
LINE,2.2168
LINE,2.1984
LINE,2.2216
LTR,2.2232
LINE,2.2112
LINE,2.2184
LINE,2.2232
LINE,2.1992
LTR,2.2224
unique/low-repeat,2.2016
unique/low-repeat,2.2144
SINE,2.2184
LINE,2.2192
LINE,2.2184
unique/low-repeat,2.1984
unique/low-repeat,2.2184
LINE,2.1936
LTR,2.2384
LINE,2.204
LINE,2.2032
LINE,2.2232
LINE,2.1944
LINE,2.0856
LINE,2.2072
LINE,2.2416
LINE,2.2144
LINE,2.2328
LINE,2.2232
LTR,2.2208
LTR,2.2408
LINE,2.212
LINE,2.2232
LINE,2.208
LINE,2.2136
LTR,2.2176
unique/low-repeat,2.2296
LINE,2.2216
LINE,2.2424
LINE,2.212
unique/low-repeat,2.228
LINE,2.2304
LINE,2.2184
LTR,2.216
LINE,2.2104
unique/low-repeat,2.224
LINE,2.2264
LINE,2.1984
LINE,2.2208
unique/low-repeat,2.224
SINE,2.2256
LINE,2.1784
SINE,2.216
SINE,2.236
LINE,2.224
SINE,2.224
LINE,2.1896
LINE,2.2216
LINE,2.236
SINE,2.1624
SINE,2.2584
LINE,2.212
SINE,2.228
LINE,2.2344
DNA,2.2344
unique/low-repeat,2.2432
LINE,2.2272
LTR,2.22
DNA,2.2192
LTR,2.2368
LTR,2.2328
LINE,2.2304
SINE,2.2184
LINE,2.2312
LINE,2.2552
unique/low-repeat,2.236
SINE,2.188
SINE,2.2208
LINE,2.2304
DNA,2.2376
LINE,2.2368
LINE,2.2184
LINE,2.2272
SINE,2.1976
unique/low-repeat,2.236
LINE,2.228
LTR,2.2032
LTR,2.1936
SINE,2.0944
SINE,2.092
SINE,2.192
SINE,2.172
SINE,2.2256
SINE,2.1568
SINE,2.208
LINE,2.2208
LINE,2.2408
DNA,2.236
LINE,2.2352
SINE,2.1824
SINE,2.192
SINE,2.2024
SINE,2.1936
LTR,2.2104
SINE,2.1704
unique/low-repeat,2.252
SINE,2.2368
unique/low-repeat,2.2456
SINE,2.1752
SINE,2.2
SINE,2.1192
SINE,2.2032
LINE,2.2184
LINE,2.22
LINE,2.2296
unique/low-repeat,2.2408
DNA,2.2296
LINE,2.232
LINE,2.252
LINE,2.2176
DNA,2.196
SINE,2.2424
SINE,2.232
LINE,2.2384
LINE,2.2032
LINE,2.2384
LINE,2.248
SINE,2.1648
unique/low-repeat,2.228
LINE,2.2136
LTR,2.24
LTR,2.2184
LINE,2.228
LTR,2.232
LINE,2.2264
LTR,2.2312
LTR,2.2176
LINE,2.2264
LINE,2.2208
LINE,2.204
LINE,2.2512
LINE,2.2312
LINE,2.2344
LINE,2.2424
LINE,2.1992
LTR,2.2288
LTR,2.2328
LTR,2.2176
LINE,2.216
SINE,2.18
LINE,2.2232
SINE,2.1384
SINE,2.2064
SINE,2.1168
SINE,2.1888
SINE,2.1608
SINE,2.1856
LINE,2.2112
LINE,2.2256
SINE,2.2368
SINE,2.2112
LINE,2.2344
LINE,2.228
SINE,2.2168
LINE,2.1816
LINE,2.2192
LTR,2.2448
DNA,2.2352
LINE,2.2312
LINE,2.1888
DNA,2.2208
SINE,2.232
LINE,2.2256
LINE,2.2048
LTR,2.2
LTR,2.2376
LINE,2.2272
LINE,2.228
LINE,2.2232
LTR,2.2296
LTR,2.2336
LINE,2.2016
LINE,2.2272
LINE,2.2264
DNA,2.2336
LTR,2.2344
LTR,2.2192
SINE,2.2376
LINE,2.2344
SINE,2.2224
LINE,2.2392
LTR,2.224
LINE,2.216
LTR,2.24
SINE,2.1976
SINE,2.2224
LTR,2.2224
LTR,2.2248
SINE,2.2272
LTR,2.22
LINE,2.2312
LINE,2.2344
SINE,2.2224
SINE,2.2304
LINE,2.2512
unique/low-repeat,2.2192
unique/low-repeat,2.2336
LTR,2.2312
LINE,2.2184
LINE,2.2336
LINE,2.2208
LINE,2.2296
SINE,2.1992
LTR,2.22
LINE,2.216
LTR,2.208
LINE,2.2328
LINE,2.2064
LINE,2.1784
LTR,2.2168
LINE,2.1936
LINE,2.2144
LINE,2.2168
LINE,2.2016
LINE,2.2224
LINE,2.2304
LINE,2.22
LINE,2.232
DNA,2.2128
LINE,2.2232
LINE,2.2272
LINE,2.2056
LINE,2.2256
LINE,2.1936
LINE,2.2336
LINE,2.224
LINE,2.2208
LINE,2.2264
LTR,2.2208
SINE,2.22
unique/low-repeat,2.2232
LINE,2.2256
LINE,2.2288
DNA,2.2312
LINE,2.2312
SINE,2.2352
DNA,2.2048
LTR,2.2288
LTR,2.252
LINE,2.2144
LINE,2.228
LINE,2.2192
LINE,2.2152
LINE,2.1968
unique/low-repeat,2.2232
LINE,2.2408
LINE,2.1944
LINE,2.2224
unique/low-repeat,2.22
LINE,2.2272
LINE,2.2288
LINE,2.2064
LTR,2.2248
LINE,2.2232
LINE,2.1832
LINE,2.2312
LTR,2.232
unique/low-repeat,2.2208
SINE,2.2256
LINE,2.2072
LTR,2.16
LINE,2.2336
LINE,2.2544
LINE,2.2208
LINE,2.2136
LINE,2.2216
LINE,2.2128
LINE,2.2288
LINE,2.2192
unique/low-repeat,2.2496
DNA,2.2312
LINE,2.2248
SINE,2.232
LINE,2.2232
SINE,2.2312
DNA,2.2168
unique/low-repeat,2.2376
LINE,2.2336
SINE,2.2216
LINE,2.2272
LINE,2.2288
LTR,2.2296
SINE,2.2024
LINE,2.1864
SINE,2.228
SINE,2.2216
SINE,2.2216
SINE,2.2112
SINE,2.184
SINE,2.2128
SINE,2.22
SINE,2.1984
unique/low-repeat,2.2288
unique/low-repeat,2.232
LTR,2.2224
SINE,2.2
LINE,2.236
LINE,2.2216
LINE,2.1904
LINE,2.228
LINE,2.2224
LTR,2.2208
LTR,2.2472
LINE,2.2208
LTR,2.2344
LINE,2.204
LINE,2.2024
LINE,2.2184
LINE,2.212
LINE,2.228
LINE,2.1856
LINE,2.204
LINE,2.212
LTR,2.2176
LINE,2.2344
LINE,2.2304
LTR,2.204
LINE,2.2216
LINE,2.2136
LINE,2.1976
LINE,2.2168
LINE,2.232
SINE,2.2216
DNA,2.2184
LINE,2.2192
LINE,2.2288
LINE,2.2272
SINE,2.2192
SINE,2.2344
LTR,2.2064
LTR,2.2296
LINE,2.196
LINE,2.2144
LTR,2.2264
LINE,2.208
DNA,2.228
LINE,2.2112
LINE,2.1992
LINE,2.2232
DNA,2.2096
LINE,2.2
SINE,2.2144
SINE,2.2368
DNA,2.2088
LTR,2.236
LTR,2.2096
LINE,2.2232
LINE,2.1968
LINE,2.2176
LTR,2.2296
LTR,2.208
LINE,2.2008
LTR,2.2296
LINE,2.1928
LINE,2.2384
unique/low-repeat,2.2232
LTR,2.2112
LINE,2.2184
LINE,2.2112
SINE,2.2256
LINE,2.2144
DNA,2.224
LINE,2.232
unique/low-repeat,2.216
LINE,2.2032
SINE,2.1824
unique/low-repeat,2.2152
LINE,2.2184
DNA,2.2112
unique/low-repeat,2.2296
unique/low-repeat,2.2144
SINE,2.2144
SINE,2.2104
LINE,2.2296
LINE,2.2176
LTR,2.2336
LINE,2.2
LINE,2.2288
DNA,2.204
LINE,2.2376
LINE,2.2384
LINE,2.2096
SINE,2.2264
LINE,2.2232
LTR,2.2328
LINE,2.2416
LTR,2.228
LTR,2.232
LINE,2.2176
unique/low-repeat,2.2376
DNA,2.2192
LINE,2.2256
LINE,2.2264
LTR,2.208
LINE,2.2432
unique/low-repeat,2.232
LTR,2.2216
LINE,2.208
LTR,2.2368
SINE,2.2024
LINE,2.236
LTR,2.2392
LINE,2.228
LINE,2.2264
LINE,2.2168
LINE,2.2184
LTR,2.2232
LINE,2.2376
LINE,2.2192
unique/low-repeat,2.228
LINE,2.2192
unique/low-repeat,2.2368
LTR,2.2176
unique/low-repeat,2.2232
LINE,2.2216
LINE,2.224
LINE,2.212
LINE,2.2104
LINE,2.2576
SINE,2.2192
LTR,2.2128
LINE,2.1872
LTR,2.2296
SINE,2.2248
LINE,2.2336
unique/low-repeat,2.228
unique/low-repeat,2.2512
LTR,2.2352
LINE,2.2024
LINE,2.1552
LINE,2.2248
LTR,2.2304
LINE,2.236
unique/low-repeat,2.2232
LINE,2.2336
unique/low-repeat,2.2096
DNA,2.2136
unique/low-repeat,2.2096
unique/low-repeat,2.2216
LINE,2.2328
unique/low-repeat,2.2152
SINE,2.224
LINE,2.2184
LINE,2.2216
unique/low-repeat,2.2184
DNA,2.2336
LINE,2.224
LINE,2.2024
unique/low-repeat,2.2216
LTR,2.2312
unique/low-repeat,2.2224
LINE,2.2184
LINE,2.2232
LINE,2.212
LTR,2.2296
LTR,2.2256
LINE,2.2344
unique/low-repeat,2.2224
LINE,2.2304
LINE,2.168
SINE,2.2176
LINE,2.2344
SINE,2.2272
DNA,2.2272
SINE,2.2368
LINE,2.2248
LINE,2.2144
LINE,2.2256
DNA,2.2336
LINE,2.2112
LINE,2.2272
LTR,2.2208
SINE,2.2288
LINE,2.2144
LINE,2.2344
unique/low-repeat,2.2168
LINE,2.2432
LINE,2.252
LTR,2.2432
LINE,2.1976
LINE,2.2224
unique/low-repeat,2.2288
SINE,2.2416
unique/low-repeat,2.2248
LINE,2.2192
LINE,2.2456
LINE,2.2344
LINE,2.2008
LINE,2.2232
SINE,2.2232
LINE,2.2184
unique/low-repeat,2.2424
LINE,2.2208
LTR,2.2312
LINE,2.216
DNA,2.2352
LINE,2.2416
SINE,2.2168
LINE,2.2368
LTR,2.224
DNA,2.216
LINE,2.2256
LTR,2.2328
LINE,2.2176
LINE,2.1984
LINE,2.2256
LINE,2.232
LINE,2.2384
LINE,2.232
LINE,2.2256
LINE,2.2248
LINE,2.2248
LINE,2.22
LINE,2.2168
unique/low-repeat,2.2304
LINE,2.2232
LINE,2.2288
unique/low-repeat,2.2304
Retroposon,2.1576
unique/low-repeat,2.22
LINE,2.2272
LINE,2.2136
unique/low-repeat,2.2552
DNA,2.2336
SINE,2.1976
LTR,2.236
LINE,2.2496
SINE,2.2336
SINE,2.204
SINE,2.18
SINE,2.184
SINE,2.1928
SINE,2.2016
LTR,2.2384
SINE,2.2168
SINE,2.232
LINE,2.2264
SINE,2.212
LINE,2.2144
LINE,2.24
SINE,2.2208
SINE,2.2168
SINE,2.212
LINE,2.228
unique/low-repeat,2.2416
SINE,2.208
LTR,2.2144
SINE,2.2472
LINE,2.2336
LINE,2.2176
unique/low-repeat,2.2248
LINE,2.2304
LTR,2.2176
LINE,2.236
DNA,2.2208
LTR,2.224
LINE,2.2176
LTR,2.2304
LINE,2.2192
LINE,2.2416
LINE,2.2216
unique/low-repeat,2.204
SINE,2.2264
LINE,2.2432
DNA,2.232
LINE,2.224
SINE,2.2352
LINE,2.2272
SINE,2.236
SINE,2.1784
SINE,2.208
LTR,2.2368
LINE,2.2
LINE,2.2296
SINE,2.2264
SINE,2.24
SINE,2.2312
LINE,2.2408
LINE,2.2168
LTR,2.2184
LINE,2.2168
LINE,2.2224
LTR,2.2424
unique/low-repeat,2.2344
LINE,2.2296
LINE,2.2072
SINE,2.2304
LTR,2.2312
LINE,2.2216
SINE,2.2184
SINE,2.2192
SINE,2.228
LTR,2.2184
unique/low-repeat,2.248
LINE,2.2392
SINE,2.2448
SINE,2.2368
LINE,2.2376
LINE,2.2304
LINE,2.2344
SINE,2.2376
SINE,2.2272
LTR,2.2328
DNA,2.2256
SINE,2.2216
SINE,2.2232
SINE,2.208
LTR,2.2384
LINE,2.2272
SINE,2.216
SINE,2.196
SINE,2.1544
LINE,2.22
LINE,2.2224
LTR,2.212
SINE,2.208
LINE,2.2008
SINE,2.2376
LINE,2.2312
LINE,2.2272
SINE,2.2304
SINE,2.2144
LTR,2.2424
LINE,2.2128
LINE,2.2296
SINE,2.2264
LINE,2.2192
SINE,2.2208
LINE,2.1632
SINE,2.2
SINE,2.2264
LINE,2.2176
LTR,2.2208
LINE,2.208
LTR,2.232
LINE,2.2288
LINE,2.2192
LINE,2.22
LINE,2.2256
LINE,2.2272
unique/low-repeat,2.2256
unique/low-repeat,2.1984
DNA,2.236
LTR,2.2128
LINE,2.196
LINE,2.2184
LINE,2.1976
LINE,2.2136
LINE,2.2192
LINE,2.2128
LINE,2.0424
DNA,2.1984
DNA,2.2248
LINE,2.216
LINE,2.2208
LINE,2.1824
LTR,2.2192
LINE,2.2328
LTR,2.22
LTR,2.2264
LINE,2.2128
LINE,2.2016
LINE,2.2256
LTR,2.2352
LTR,2.2392
LTR,2.2272
LINE,2.2168
LINE,2.2376
LINE,2.212
LINE,2.2296
LTR,2.212
LINE,2.216
LTR,2.2312
LINE,2.2256
LINE,2.2432
LINE,2.2168
unique/low-repeat,2.2
LINE,2.2216
SINE,2.224
LINE,2.2208
LINE,2.2368
SINE,2.2184
unique/low-repeat,2.1944
LINE,2.2152
SINE,2.236
unique/low-repeat,2.236
LINE,2.212
LINE,2.228
SINE,2.2336
LINE,2.2272
LINE,2.232
LINE,2.22
LINE,2.224
LINE,2.216
LTR,2.244
LINE,2.2344
SINE,2.2192
LINE,2.204
LINE,2.2304
LTR,2.216
LINE,2.2472
LINE,2.1888
LTR,2.2384
LINE,2.2528
DNA,2.228
LINE,2.2192
LINE,2.2096
LINE,2.2136
SINE,2.216
SINE,2.2408
LINE,2.2288
LINE,2.204
LINE,2.2016
LINE,2.248
LINE,2.2
SINE,2.2112
DNA,2.2208
LINE,2.2424
LINE,2.196
SINE,2.2472
LINE,2.2352
unique/low-repeat,2.2264
LINE,2.216
DNA,2.2272
LTR,2.212
LTR,2.2328
LTR,2.1952
LINE,2.2
LINE,2.232
unique/low-repeat,2.2272
LINE,2.232
SINE,2.2288
unique/low-repeat,2.2328
DNA,2.2152
LINE,2.2312
LINE,2.1952
LINE,2.2208
LINE,2.2216
SINE,2.2176
LTR,2.2288
LINE,2.2288
LINE,2.2152
LINE,2.2128
LINE,2.2152
LINE,2.2224
LINE,2.2352
LINE,2.2248
LINE,2.212
DNA,2.2176
LTR,2.2424
LTR,2.2264
LTR,2.2248
LINE,2.2136
LINE,2.2152
LINE,2.2216
unique/low-repeat,2.2216
LINE,2.2136
LINE,2.2232
LINE,2.1992
LINE,2.2176
LTR,2.2032
LINE,2.2264
LINE,2.2568
LINE,2.192
LTR,2.2024
LTR,2.2216
LINE,2.2104
LINE,2.228
SINE,2.2136
LINE,2.2328
LINE,2.2176
LINE,2.2104
LINE,2.24
LINE,2.2288
LTR,2.2456
unique/low-repeat,2.2128
LINE,2.2248
SINE,2.2288
LINE,2.2296
SINE,2.2288
SINE,2.2224
LINE,2.228
LINE,2.2136
SINE,2.2184
SINE,2.2312
LINE,2.2328
LINE,2.2408
LINE,2.2448
SINE,2.2176
SINE,2.188
SINE,2.1896
SINE,2.224
LINE,2.248
unique/low-repeat,2.2408
LINE,2.2168
LTR,2.22
SINE,2.228
LINE,2.2264
LTR,2.2072
DNA,2.2336
SINE,2.232
LINE,2.2184
SINE,2.1016
LINE,2.2216
SINE,2.2024
LINE,2.2432
unique/low-repeat,2.2456
LINE,2.2376
SINE,2.236
LINE,2.232
LINE,2.216
LINE,2.2416
LTR,2.24
SINE,2.2128
SINE,2.188
SINE,2.124
LINE,2.22
SINE,2.2368
LINE,2.2408
LINE,2.2416
LTR,2.1008
LTR,2.1968
LINE,2.2344
SINE,2.2128
LINE,2.232
SINE,2.2328
SINE,2.216
SINE,2.2216
SINE,2.252
LINE,2.2368
SINE,2.22
LINE,2.244
SINE,2.2296
SINE,2.2
LTR,2.2192
SINE,2.1992
SINE,2.18
SINE,2.1696
SINE,2.1368
SINE,2.2128
SINE,2.1904
LINE,2.232
SINE,2.2224
LINE,2.1784
LINE,2.2104
LINE,2.2248
LINE,2.2416
SINE,2.2088
LINE,2.216
unique/low-repeat,2.2216
SINE,2.2208
SINE,2.2288
SINE,2.212
unique/low-repeat,2.24
LTR,2.228
LINE,2.2288
LINE,2.2192
LINE,2.232
SINE,2.2296
unique/low-repeat,2.2416
LINE,2.2176
unique/low-repeat,2.2304
LINE,2.2232
LINE,2.2056
LTR,2.2488
LINE,2.2424
LTR,2.236
SINE,2.2344
LTR,2.228
LTR,2.2072
LINE,2.2312
LINE,2.2216
LINE,2.2152
LINE,2.2208
LINE,2.232
LINE,2.2352
LINE,2.2224
LINE,2.2192
LTR,2.2368
LINE,2.2344
LINE,2.2296
LINE,2.2192
LTR,2.212
LINE,2.2296
LINE,2.2048
SINE,2.2328
SINE,2.1936
SINE,2.232
SINE,2.2248
SINE,2.2424
SINE,2.2288
SINE,2.2128
SINE,2.2392
SINE,2.2096
SINE,2.156
SINE,2.2128
SINE,2.1072
SINE,2.168
LINE,2.2096
SINE,2.1712
SINE,2.2136
SINE,2.1984
unique/low-repeat,2.2376
LINE,2.2144
LINE,2.2448
SINE,2.24
LINE,2.224
LINE,2.2112
SINE,2.2312
LINE,2.212
SINE,2.212
LINE,2.2344
LTR,2.2432
LINE,2.2488
LINE,2.2256
SINE,2.2248
LINE,2.1872
LINE,2.2192
DNA,2.2296
LINE,2.2208
LTR,2.2488
DNA,2.2528
DNA,2.2272
SINE,2.1864
SINE,2.2216
SINE,2.2096
LINE,2.2312
LINE,2.2232
unique/low-repeat,2.2344
unique/low-repeat,2.2368
unique/low-repeat,2.2496
SINE,2.1168
unique/low-repeat,2.2464
LINE,2.2288
LINE,2.216
SINE,2.1984
SINE,2.2264
LINE,2.1968
SINE,2.232
Simple_repeat,1.604
SINE,2.2224
LTR,2.2128
LINE,2.2064
SINE,2.2128
LINE,2.22
LTR,2.2256
SINE,2.2072
LTR,2.212
LINE,2.2208
SINE,2.1888
unique/low-repeat,2.2456
SINE,2.2144
DNA,2.2
SINE,2.2288
SINE,2.1712
LINE,2.2088
unique/low-repeat,2.2448
unique/low-repeat,2.2408
unique/low-repeat,2.2344
LTR,2.2448
LTR,2.2464
unique/low-repeat,2.2328
unique/low-repeat,2.2392
LINE,2.208
LINE,2.2344
LTR,2.2312
LINE,2.2384
unique/low-repeat,2.2456
LINE,2.2248
LINE,2.22
LINE,2.2008
LINE,2.2
LINE,2.0112
SINE,2.2176
unique/low-repeat,2.2176
unique/low-repeat,2.2216
LTR,2.2264
unique/low-repeat,2.2504
unique/low-repeat,2.208
LTR,2.248
unique/low-repeat,2.1864
LTR,2.248
LTR,2.2392
unique/low-repeat,1.9696
unique/low-repeat,2.228
LINE,2.1416
SINE,2.2296
LINE,2.232
unique/low-repeat,2.2168
Simple_repeat,2.1184
unique/low-repeat,2.24
LINE,2.2072
LINE,2.132
LINE,1.8696
LINE,1.9112
unique/low-repeat,1.8608
LTR,2.1848
LTR,2.252
LTR,2.2312
LTR,2.1608
LTR,2.2184
LTR,2.2344
LINE,2.2208
LINE,2.2176
DNA,2.2576
LINE,2.2272
unique/low-repeat,2.2416
LINE,2.2128
LINE,2.228
LTR,2.2392
LINE,2.2304
SINE,2.2352
LINE,2.2256
LTR,2.2552
LINE,2.216
LTR,2.2424
LTR,2.2376
LTR,2.2304
SINE,2.2136
LINE,2.2376
DNA,2.2256
SINE,2.2272
LINE,2.0296
LTR,2.2376
unique/low-repeat,2.2448
unique/low-repeat,2.228
LTR,2.228
LINE,2.2344
SINE,2.2288
LINE,2.2112
LINE,2.212
LINE,2.2312
LINE,2.2312
LINE,2.2272
LINE,2.2392
LINE,2.2104
unique/low-repeat,2.2184
LTR,2.2464
LINE,2.2208
LINE,2.236
LINE,2.2296
LINE,2.248
unique/low-repeat,2.2408
unique/low-repeat,2.2472
LINE,2.2296
LINE,2.2184
unique/low-repeat,2.2368
SINE,2.248
unique/low-repeat,2.2392
SINE,2.2176
unique/low-repeat,2.2488
SINE,2.2432
SINE,2.224
LINE,2.2064
LINE,2.216
SINE,2.1664
LINE,2.2464
LTR,2.2304
LTR,2.1296
LINE,2.2416
SINE,2.2248
LTR,2.2432
LTR,2.2392
LTR,2.2288
LINE,2.2288
LINE,2.2216
LTR,2.2264
LINE,2.216
LINE,2.2304
LINE,2.2344
LINE,2.1664
LTR,2.228
LTR,2.228
LINE,2.2256
LINE,2.2184
LINE,2.2448
LTR,2.2368
LINE,2.2312
LINE,2.2128
LINE,2.22
LINE,2.2288
LTR,2.2456
SINE,2.2336
LINE,2.1832
unique/low-repeat,2.1976
unique/low-repeat,2.2504
Simple_repeat,2.192
unique/low-repeat,2.2592
LINE,2.2184
LINE,2.2056
SINE,2.2488
LINE,2.2352
LINE,2.2496
LTR,2.256
LINE,2.1752
LINE,2.2392
LINE,2.224
LINE,2.208
LTR,2.2312
SINE,2.224
LINE,2.18
SINE,2.232
unique/low-repeat,2.2224
SINE,2.2464
LINE,2.2312
unique/low-repeat,2.176
LINE,2.2304
LINE,2.2304
LINE,2.2392
LINE,2.252
LTR,2.2472
unique/low-repeat,2.2536
LINE,2.2096
LINE,2.2336
unique/low-repeat,2.2424
LTR,2.2352
SINE,2.2352
SINE,2.2368
SINE,2.2168
LINE,2.212
LINE,2.2272
LINE,2.2352
LINE,2.2264
LINE,2.2272
Simple_repeat,2.088
LINE,2.2176
LINE,2.2376
LINE,2.0976
SINE,2.2248
DNA,2.2328
unique/low-repeat,2.2472
unique/low-repeat,2.2384
LINE,1.9432
LINE,2.2552
LINE,2.1032
LINE,2.2424
unique/low-repeat,2.2088
unique/low-repeat,2.1856
Simple_repeat,2.1704
LINE,2.2464
LTR,2.1888
unique/low-repeat,2.2368
unique/low-repeat,2.1016
LTR,2.2352
LINE,2.2296
LINE,2.2456
unique/low-repeat,2.2416
unique/low-repeat,2.1984
LINE,2.2296
unique/low-repeat,2.228
unique/low-repeat,2.2304
LTR,2.2512
unique/low-repeat,2.2336
LTR,1.9712
unique/low-repeat,2.2232
unique/low-repeat,2.2408
LTR,2.2128
LTR,2.244
LINE,2.236
LINE,2.2168
LINE,2.2352
LINE,1.9336
unique/low-repeat,2.1816
LINE,2.232
unique/low-repeat,2.216
LTR,2.248
LINE,2.2312
LINE,2.2192
SINE,2.2408
unique/low-repeat,2.2392
Simple_repeat,2.1952
LINE,2.2176
unique/low-repeat,2.1864
LTR,2.2192
LINE,2.1352
LINE,2.232
unique/low-repeat,2.1504
unique/low-repeat,1.9856
unique/low-repeat,2.172
unique/low-repeat,2.0312
unique/low-repeat,2.2192
unique/low-repeat,2.2504
LINE,2.1952
unique/low-repeat,1.6856
unique/low-repeat,1.9216
LTR,2.2272
LTR,2.2288
LINE,1.86
LINE,2.1328
Simple_repeat,1.568
LINE,2.2288
SINE,2.1992
LINE,1.8984
unique/low-repeat,2.2328
LINE,2.2144
LINE,2.2496
LTR,2.2088
unique/low-repeat,2.0568
SINE,2.0888
LTR,2.056
unique/low-repeat,2.2112
SINE,2.1936
SINE,2.108
SINE,2.1632
SINE,2.2528
SINE,2.1864
LINE,2.1728
SINE,2.1848
SINE,2.2096
unique/low-repeat,1.924
unique/low-repeat,2.1312
Simple_repeat,1.8632
unique/low-repeat,1.7984
Retroposon,2.0296
unique/low-repeat,2.2296
unique/low-repeat,2.2296
unique/low-repeat,2.0008
unique/low-repeat,2.2064
SINE,2.1704
unique/low-repeat,2.024
SINE,2.1896
SINE,2.2024
SINE,2.1712
SINE,2.2152
SINE,2.1752
unique/low-repeat,2.0056
unique/low-repeat,2.2048
SINE,2.1856
unique/low-repeat,2.1976
LTR,2.1064
SINE,2.1016
unique/low-repeat,2.2152
LINE,2.22
SINE,2.1808
unique/low-repeat,2.2056
LINE,2.1744
LINE,2.2368
LINE,2.1976
unique/low-repeat,2.22
unique/low-repeat,2.0288
unique/low-repeat,2.2016
LINE,2.2224
unique/low-repeat,2.1936
LINE,2.2224
unique/low-repeat,2.1608
LINE,2.188
unique/low-repeat,2.2176
LINE,2.216
LINE,2.2288
LTR,2.2216
SINE,2.0216
SINE,2.1576
SINE,2.2152
SINE,2.1512
unique/low-repeat,2.1928
Retroposon,2.1896
SINE,2.2136
LINE,2.2304
LINE,2.2416
LINE,2.252
SINE,2.1856
SINE,2.1896
SINE,2.0952
LINE,2.2424
LINE,2.228
SINE,2.184
LTR,2.2408
SINE,2.2336
LINE,2.2368
SINE,2.22
LINE,2.2336
SINE,2.1648
LINE,2.224
LINE,2.2272
LINE,2.2256
LINE,2.2424
SINE,2.2208
LINE,2.232
LINE,2.18
LINE,2.1808
LINE,2.24
DNA,2.2328
SINE,2.2328
unique/low-repeat,2.2504
DNA,2.228
DNA,2.2336
LINE,2.2352
SINE,2.2536
LINE,2.2488
LINE,2.2312
SINE,2.2368
SINE,2.2032
SINE,2.2216
SINE,2.1608
SINE,2.2208
LINE,2.2112
LINE,2.1288
SINE,2.2048
DNA,2.2224
LINE,2.208
LINE,2.2104
SINE,2.1688
LINE,2.2368
LTR,2.1848
SINE,2.1848
SINE,2.1792
SINE,2.0672
LINE,2.2376
SINE,2.1864
SINE,2.1432
SINE,2.1816
SINE,2.1016
SINE,2.1032
SINE,2.2144
SINE,2.2272
LINE,2.216
SINE,2.0224
SINE,2.1376
SINE,2.1872
SINE,2.16
SINE,2.12
unique/low-repeat,2.2336
SINE,2.1712
SINE,2.0504
SINE,2.18
SINE,2.1472
SINE,2.2184
SINE,2.1832
SINE,2.1376
SINE,2.0856
SINE,2.1392
SINE,2.1248
SINE,2.2224
SINE,2.0384
SINE,2.1912
SINE,2.1616
SINE,2.2056
SINE,2.228
SINE,2.216
SINE,2.1576
SINE,2.1712
SINE,2.1976
SINE,2.1928
Satellite,2.1904
SINE,2.2104
SINE,2.2264
LINE,2.228
LINE,2.2088
LINE,2.2224
LINE,2.1784
LINE,2.2208
LINE,2.2192
LINE,2.2224
SINE,2.224
SINE,2.2368
LINE,2.232
LINE,2.2272
LTR,2.2336
LINE,2.24
unique/low-repeat,2.2216
LINE,2.2216
LTR,2.236
LINE,2.2216
DNA,2.2224
LINE,2.2304
LINE,2.2072
unique/low-repeat,2.2248
unique/low-repeat,2.2408
unique/low-repeat,2.2376
LINE,2.232
LINE,2.228
LINE,2.2096
LINE,2.2416
unique/low-repeat,2.24
LINE,2.2168
unique/low-repeat,2.2592
LINE,2.2224
LTR,2.2224
unique/low-repeat,2.2096
LINE,2.212
LINE,2.2352
LINE,2.2216
LINE,2.2064
LINE,2.2176
LINE,2.2024
LINE,2.2144
LINE,2.2096
LINE,2.2216
LINE,2.2128
unique/low-repeat,2.2352
LINE,2.2208
LINE,2.2184
LINE,2.2152
LINE,2.2048
LINE,2.2192
LTR,2.228
LINE,2.1888
LINE,2.2224
LINE,2.224
LINE,2.2352
LINE,2.2264
LINE,2.2288
DNA,2.2128
LINE,2.208
LINE,2.2088
LTR,2.2144
LINE,2.2168
LINE,2.2144
LINE,2.2136
LINE,2.2016
LTR,2.2304
LINE,2.2248
LINE,2.2216
LINE,2.2296
LINE,2.2304
LINE,2.2104
LINE,2.112
LINE,2.2144
LINE,2.2256
LINE,2.2096
LINE,2.2144
LINE,2.1968
LINE,2.2152
unique/low-repeat,2.2024
LINE,2.2296
LINE,2.2088
LINE,2.236
LTR,2.2304
SINE,2.2424
LINE,2.224
LTR,2.2264
unique/low-repeat,2.2184
LINE,2.2248
LTR,2.2248
unique/low-repeat,2.2336
LINE,2.2312
LINE,2.2152
unique/low-repeat,2.2248
LINE,2.22
LTR,2.2128
LINE,2.2192
DNA,2.2312
LINE,2.2208
LINE,2.2216
LTR,2.2176
LTR,2.2256
LINE,2.2256
unique/low-repeat,2.2168
LINE,2.204
LINE,1.9768
LTR,2.2536
LTR,2.2392
LINE,2.2296
SINE,2.2288
LINE,2.228
unique/low-repeat,2.2272
LINE,2.2312
LINE,2.236
LTR,2.2216
LINE,2.2256
LINE,2.2224
LINE,2.2184
LINE,2.2128
LINE,2.24
unique/low-repeat,2.228
LINE,2.2
LINE,2.2336
LINE,2.2312
LINE,2.2008
LINE,2.1984
LTR,2.2144
LINE,2.2432
SINE,2.2336
unique/low-repeat,2.2096
LINE,2.2184
LINE,2.2088
LINE,2.228
LINE,2.2016
LINE,2.2064
LTR,2.2296
LINE,2.22
LINE,2.2344
LINE,2.228
LINE,2.2256
LINE,2.232
LTR,2.2128
DNA,2.232
DNA,2.2336
unique/low-repeat,2.1968
LINE,2.2256
SINE,2.224
LINE,2.2232
LTR,2.2224
LTR,2.232
LTR,2.2248
LINE,2.2168
LINE,2.2112
unique/low-repeat,2.212
unique/low-repeat,2.18
LINE,2.2064
unique/low-repeat,2.2224
LINE,2.2208
LINE,2.2256
LTR,2.216
LINE,2.2216
DNA,2.2088
SINE,2.2168
unique/low-repeat,2.2264
LTR,2.2296
LINE,2.2296
LINE,2.2144
SINE,2.2224
unique/low-repeat,2.2248
LINE,2.1936
SINE,2.2256
SINE,2.2168
LINE,2.2136
LINE,2.2304
LINE,2.2392
SINE,2.2208
SINE,2.1872
SINE,2.2424
LINE,2.2328
DNA,2.2312
LTR,2.228
LTR,2.2352
LINE,2.2304
LINE,2.2208
LINE,2.2312
LINE,2.2096
LINE,2.2288
LINE,2.2336
LINE,2.2256
LINE,2.2248
LINE,2.2264
LINE,2.2208
unique/low-repeat,2.2256
LINE,2.212
LINE,2.2336
LINE,2.2432
DNA,2.2136
DNA,2.204
LTR,2.224
LINE,2.2288
LINE,2.2232
LINE,2.2232
SINE,2.2312
SINE,2.2296
unique/low-repeat,2.224
unique/low-repeat,2.2296
LINE,2.2312
unique/low-repeat,2.2232
LINE,2.2168
SINE,2.2176
unique/low-repeat,2.2272
LINE,2.1536
LINE,2.2288
unique/low-repeat,2.2352
unique/low-repeat,2.2368
LINE,2.224
LINE,2.2056
LINE,2.2296
LINE,2.2224
unique/low-repeat,2.228
LINE,2.224
LTR,2.2288
unique/low-repeat,2.2328
LINE,2.2384
LTR,2.216
SINE,2.22
LINE,2.2256
LTR,2.2072
LINE,2.2072
LINE,2.2224
LINE,2.224
unique/low-repeat,2.2336
LINE,2.2088
LINE,2.2192
LTR,2.2144
LINE,2.228
LINE,2.2088
LINE,2.2224
LINE,2.2304
LTR,2.2336
LTR,2.2312
SINE,2.2192
LINE,2.2112
unique/low-repeat,2.2528
LTR,2.22
LINE,2.2216
LINE,2.22
LINE,2.208
LTR,2.2424
unique/low-repeat,2.2408
SINE,2.1672
SINE,2.2328
LINE,2.2352
LINE,2.192
LINE,2.2336
LTR,2.2184
LINE,2.2336
LINE,2.2296
LINE,2.2528
SINE,2.2384
LINE,2.2344
LINE,2.2352
LTR,2.244
LINE,2.212
LINE,2.2232
LINE,2.2376
LINE,2.224
LINE,2.228
LINE,2.2232
LINE,2.2072
SINE,2.2416
LINE,2.2336
DNA,2.2288
LINE,2.2328
DNA,2.2424
DNA,2.2232
LINE,2.2336
LINE,2.2496
LINE,2.248
LTR,2.236
LINE,2.2152
LINE,2.244
LTR,2.2432
SINE,2.248
SINE,2.2176
SINE,2.2112
SINE,2.2416
LINE,2.22
LINE,2.2128
SINE,2.1976
LINE,2.2144
SINE,2.2168
SINE,2.0992
LINE,2.1464
LINE,2.16
SINE,2.1984
Retroposon,2.0272
LTR,2.2224
LINE,2.228
SINE,2.2208
LINE,2.216
LINE,2.2376
LINE,2.212
LINE,2.22
LTR,2.2088
LINE,2.2232
LINE,2.2264
LINE,2.2416
LTR,2.2344
LINE,2.2176
unique/low-repeat,2.2488
LINE,2.2272
LINE,2.2248
LINE,2.212
LTR,2.2296
LTR,2.236
LINE,2.2096
DNA,2.228
DNA,2.228
LINE,2.2104
LTR,2.2576
LINE,2.2288
LINE,2.2192
LINE,2.2288
SINE,2.1952
SINE,2.2152
LINE,2.2384
unique/low-repeat,2.2352
LTR,2.232
unique/low-repeat,2.2448
LTR,2.2264
LINE,2.2224
LINE,2.2184
DNA,2.236
SINE,2.2176
LINE,2.2496
LINE,2.2248
unique/low-repeat,2.2496
SINE,2.2432
SINE,2.2088
SINE,2.2288
LTR,2.236
unique/low-repeat,2.2328
SINE,2.2
SINE,2.184
SINE,2.1248
SINE,2.236
unique/low-repeat,2.2384
unique/low-repeat,2.2328
unique/low-repeat,2.2376
LINE,2.2224
SINE,2.1912
LINE,2.2224
unique/low-repeat,2.2592
unique/low-repeat,2.26
unique/low-repeat,2.2568
unique/low-repeat,2.2576
unique/low-repeat,2.2408
SINE,2.1864
LINE,2.216
SINE,2.1928
LINE,2.2352
LINE,2.2096
DNA,2.2456
LINE,2.2152
LINE,2.228
SINE,2.1968
DNA,2.224
SINE,2.2224
SINE,2.2024
LINE,2.2376
LINE,2.2168
LINE,2.2144
LINE,2.2264
LINE,2.2312
LINE,2.2368
LINE,2.2368
LINE,2.2264
LINE,2.2
SINE,2.228
SINE,2.228
DNA,2.2072
LINE,2.2408
SINE,2.2512
SINE,2.24
LINE,2.22
LINE,2.208
LINE,2.2416
LINE,2.2256
SINE,2.2136
LINE,2.2352
LINE,2.2344
SINE,2.2072
LINE,2.2376
LINE,2.2112
LTR,2.2272
SINE,2.1912
SINE,2.1976
SINE,2.2176
LINE,2.1992
LINE,2.2504
LTR,2.2392
LINE,2.2376
LINE,2.2352
LTR,2.2328
LTR,2.1976
unique/low-repeat,2.2192
LINE,2.236
LTR,2.2296
LTR,2.2376
unique/low-repeat,2.212
LINE,2.2448
SINE,2.212
LINE,2.2112
unique/low-repeat,2.2432
LINE,2.2328
unique/low-repeat,2.2416
LINE,2.2288
LTR,2.2328
LINE,2.2224
LINE,2.2344
DNA,2.2216
LINE,2.212
LINE,2.208
LINE,2.2208
SINE,2.2296
LINE,2.232
LINE,2.228
LINE,2.24
LINE,2.2504
SINE,2.208
SINE,2.2376
SINE,2.1824
SINE,2.2112
LINE,2.2264
LINE,2.2288
LINE,2.2344
LINE,2.2448
LINE,2.2288
LINE,2.2392
LTR,2.2432
LINE,2.2312
SINE,2.1936
SINE,2.208
LTR,2.2392
LTR,2.22
LTR,2.2344
LTR,2.2336
LINE,2.232
LINE,2.2152
LINE,2.2264
SINE,2.2152
LINE,2.22
LINE,2.216
LINE,2.2256
LTR,2.228
SINE,2.2272
LINE,2.224
SINE,2.1872
LINE,2.2296
LINE,2.2216
LINE,2.2464
LINE,2.2368
LINE,2.228
SINE,2.2328
LTR,2.2312
LINE,2.2152
LTR,2.2368
LTR,2.2208
LINE,2.2432
LINE,2.244
LINE,2.2328
LINE,2.216
LTR,2.2112
LINE,2.1992
LINE,2.2168
DNA,2.2112
LINE,2.232
LINE,2.228
unique/low-repeat,2.2576
SINE,2.2528
LINE,2.244
DNA,2.2472
unique/low-repeat,2.2304
SINE,2.1904
LTR,2.22
LINE,2.2232
LINE,2.2216
LINE,2.1832
SINE,2.1976
LINE,2.2144
unique/low-repeat,2.208
LTR,2.2384
LINE,2.2408
LTR,2.1968
SINE,2.2336
LINE,2.1952
LTR,2.2112
LTR,2.224
SINE,2.236
LINE,2.2224
LINE,2.2376
SINE,2.2352
unique/low-repeat,2.2336
LINE,2.2272
unique/low-repeat,2.236
LINE,2.2448
LINE,2.2296
LINE,2.244
unique/low-repeat,2.2552
SINE,2.2448
LTR,2.2104
LINE,2.224
LINE,2.2128
LINE,2.2256
LINE,2.236
LINE,2.2312
unique/low-repeat,2.252
LINE,2.2288
LTR,2.2152
LINE,2.2176
unique/low-repeat,2.2392
SINE,2.2336
unique/low-repeat,2.232
LINE,2.1752
SINE,2.2304
LINE,2.2272
LINE,2.2152
LINE,2.232
LINE,2.2184
LTR,2.232
LINE,2.2392
LINE,2.2296
SINE,2.2152
LINE,2.2408
LINE,2.2304
LINE,2.2336
unique/low-repeat,2.1712
LINE,2.2248
LINE,2.2104
SINE,2.2408
LINE,2.2424
LINE,2.2432
SINE,2.2352
unique/low-repeat,2.2416
SINE,2.1944
LTR,2.224
SINE,2.228
SINE,2.2256
SINE,2.2032
SINE,2.2192
SINE,2.208
SINE,2.1672
SINE,2.1936
LTR,2.2376
LINE,2.212
LINE,2.2224
LINE,2.2096
SINE,2.192
SINE,2.14
LINE,2.184
LINE,2.2216
LINE,2.2176
DNA,2.2192
LINE,2.2304
SINE,2.2408
LINE,2.216
LINE,2.244
SINE,2.2392
SINE,2.2312
LINE,2.2328
LINE,2.2216
LINE,2.2384
LINE,2.196
unique/low-repeat,2.2272
LTR,2.2256
LINE,2.2248
LINE,2.2192
LINE,2.2328
LINE,2.24
SINE,2.2408
LINE,2.2256
LINE,2.2344
unique/low-repeat,2.2408
SINE,2.2344
LINE,2.2288
SINE,2.2344
LINE,2.2424
SINE,2.2232
LINE,2.2256
LINE,2.2128
DNA,2.232
SINE,2.2272
LINE,2.2376
LINE,2.2328
LTR,2.2064
LINE,2.2376
LTR,2.2384
unique/low-repeat,2.232
unique/low-repeat,2.2352
unique/low-repeat,2.2328
DNA,2.2448
SINE,2.2048
LINE,2.2432
unique/low-repeat,2.24
LINE,2.2208
LINE,2.2192
LTR,2.2216
LINE,2.2312
LTR,2.2168
LINE,2.2328
LINE,2.208
LTR,2.2256
unique/low-repeat,2.2344
LINE,2.244
LINE,2.2256
LINE,2.2368
LINE,2.2296
LINE,2.2248
LINE,2.232
LINE,2.22
LINE,2.2224
SINE,2.2392
LINE,2.232
LTR,2.2296
LINE,2.236
LINE,2.2368
SINE,2.204
SINE,2.2344
LTR,2.2264
LTR,2.2392
LINE,2.2328
unique/low-repeat,2.2272
unique/low-repeat,2.2272
LTR,2.2344
LINE,2.204
SINE,2.2304
SINE,2.1696
SINE,2.2312
SINE,2.212
SINE,2.1008
unique/low-repeat,2.2128
LINE,2.2416
unique/low-repeat,2.22
unique/low-repeat,2.2248
unique/low-repeat,2.232
LINE,2.236
LINE,2.2024
LINE,2.2304
LINE,2.2288
LINE,2.1808
SINE,2.22
SINE,2.172
SINE,2.1912
SINE,2.1728
LINE,2.2008
unique/low-repeat,2.2192
SINE,2.1912
SINE,2.2456
SINE,2.1808
unique/low-repeat,2.164
LINE,2.2248
LINE,2.2112
LINE,2.244
LINE,2.2408
LINE,2.232
LINE,2.232
LINE,2.236
LTR,2.2392
LINE,2.224
LINE,2.096
LINE,2.2088
unique/low-repeat,2.2128
SINE,2.1912
unique/low-repeat,2.2224
SINE,2.2208
LTR,2.2448
LTR,2.232
LINE,2.2304
LINE,2.2096
LINE,2.24
LINE,2.24
LINE,2.2248
LINE,2.2216
LINE,2.224
LINE,2.2232
LTR,2.2336
LINE,2.224
LINE,2.2368
LINE,2.2224
LTR,2.2136
SINE,2.228
LINE,2.2168
LTR,2.236
LINE,2.2456
LINE,2.256
unique/low-repeat,2.2448
LINE,2.2184
unique/low-repeat,2.2224
SINE,2.2376
SINE,2.2264
DNA,2.2296
SINE,2.2072
LTR,2.1992
SINE,2.1832
LTR,2.2152
unique/low-repeat,2.2464
LINE,2.2224
LTR,2.236
LINE,2.2072
LINE,2.232
LINE,2.2248
unique/low-repeat,2.2352
unique/low-repeat,2.2288
LINE,2.2328
LINE,2.2152
unique/low-repeat,2.2352
LINE,2.216
LINE,2.2344
unique/low-repeat,2.2448
LINE,2.2344
LTR,2.2304
LINE,2.2136
unique/low-repeat,2.2392
LINE,2.2248
LINE,2.2312
LINE,2.2008
LINE,2.2112
LTR,2.2248
LINE,2.2168
DNA,2.2128
LINE,2.2136
LINE,2.22
DNA,2.2056
LTR,2.2528
LINE,2.224
LINE,2.2216
LINE,2.2096
LTR,2.2288
unique/low-repeat,2.1696
LINE,2.2064
LINE,2.228
LINE,2.2096
unique/low-repeat,2.2184
LINE,2.2216
LINE,2.196
LTR,2.0912
LTR,2.1984
LINE,2.2216
LINE,2.208
LINE,2.22
LINE,2.2192
LINE,2.2504
SINE,2.2128
unique/low-repeat,2.2416
unique/low-repeat,2.2176
LTR,2.2352
LINE,2.2352
unique/low-repeat,2.2264
LINE,2.2328
unique/low-repeat,2.2384
LINE,2.2376
LTR,2.2408
LINE,2.2272
LINE,2.2328
unique/low-repeat,2.2432
SINE,2.204
LINE,2.1792
LINE,2.2264
LTR,2.2144
LINE,2.224
LINE,2.2384
LTR,2.2232
LINE,2.2176
LTR,2.2384
unique/low-repeat,2.2096
LINE,2.2096
LTR,2.2304
LINE,2.2136
SINE,2.2112
LTR,2.2288
LTR,2.228
LTR,2.2288
LTR,2.2208
unique/low-repeat,2.2168
unique/low-repeat,2.2408
LTR,2.2272
LINE,2.2184
LINE,2.2104
LINE,2.2248
LINE,2.1864
LTR,2.2032
LINE,2.2208
LINE,2.2312
LTR,2.2216
LTR,2.2112
LINE,2.2032
unique/low-repeat,2.2168
LINE,2.1936
unique/low-repeat,2.2528
LINE,2.2272
LINE,2.232
LTR,2.224
LINE,2.2272
LINE,2.2088
LINE,2.2136
LINE,2.236
LINE,2.2176
LINE,2.2312
LTR,2.236
LINE,2.1992
DNA,2.2168
LINE,2.1904
LINE,2.2112
LINE,2.2144
LINE,2.2248
LINE,2.232
LINE,2.2224
LTR,2.2264
LINE,2.2232
LINE,2.224
LINE,2.2224
LINE,2.224
LINE,2.192
LINE,2.2152
LINE,2.1832
LINE,2.2224
LINE,2.2336
LINE,2.2384
LINE,2.2448
LINE,2.2264
LINE,2.2448
SINE,2.2432
unique/low-repeat,2.2552
unique/low-repeat,2.2384
unique/low-repeat,2.036
LINE,2.228
LINE,2.2328
LINE,2.2128
LINE,2.1432
LINE,2.1992
SINE,2.148
SINE,2.1232
SINE,2.0904
SINE,2.1952
SINE,2.208
SINE,2.1912
SINE,2.2344
LINE,2.2448
SINE,2.148
SINE,2.16
SINE,2.18
SINE,2.1336
SINE,2.1472
SINE,2.2112
LINE,2.168
LINE,2.1552
LINE,2.204
SINE,2.2104
SINE,2.1312
SINE,2.0816
SINE,2.1776
SINE,2.1776
SINE,2.1872
SINE,2.1776
SINE,2.1984
SINE,2.144
SINE,2.2208
SINE,2.156
SINE,2.2152
SINE,2.2016
SINE,2.1784
SINE,2.2192
LINE,2.2176
LTR,2.1328
unique/low-repeat,2.2248
SINE,2.2
SINE,2.208
LINE,2.14
LINE,2.1696
LINE,2.212
LINE,2.1904
LINE,2.224
LTR,2.224
LINE,2.2072
LINE,2.2064
unique/low-repeat,2.1264
LINE,2.2168
Satellite,2.0096
LTR,2.2024
LINE,2.2208
Satellite,2.1872
LTR,2.2288
SINE,2.0936
LINE,2.2352
SINE,2.1408
SINE,2.2088
LINE,2.1712
SINE,2.2064
SINE,2.2288
LTR,2.2064
SINE,2.2208
SINE,2.1672
SINE,2.1784
SINE,2.1736
SINE,2.1896
SINE,2.192
SINE,2.0824
LINE,2.2168
SINE,2.1736
LTR,2.1992
SINE,2.228
LINE,2.2136
SINE,2.1776
LINE,2.2216
LINE,2.2008
SINE,2.1992
other-repeat,2.1696
LINE,2.1552
LINE,2.2064
SINE,2.188
LINE,2.1376
LINE,2.2344
LINE,2.1616
SINE,2.1824
unique/low-repeat,2.2312
LINE,2.212
SINE,2.2328
Simple_repeat,2.0008
LTR,2.1864
SINE,2.1224
LINE,2.2272
LINE,2.1992
LINE,2.208
LINE,2.22
SINE,2.2232
LINE,2.2136
SINE,2.1936
LINE,2.1856
SINE,2.1792
SINE,2.148
SINE,2.1104
SINE,2.2184
SINE,2.1176
SINE,2.184
SINE,2.1952
unique/low-repeat,2.2168
LINE,2.1528
SINE,2.1776
SINE,2.2024
SINE,2.196
SINE,2.2016
SINE,2.136
SINE,2.1192
SINE,2.2304
SINE,2.144
SINE,2.1272
SINE,2.18
LINE,2.2272
LINE,2.2128
SINE,2.1208
SINE,2.1264
LTR,2.1888
SINE,2.2152
SINE,2.1816
SINE,2.2248
LTR,2.2088
LINE,2.2152
SINE,2.1976
SINE,2.1888
SINE,2.1344
LTR,2.2168
LTR,2.2144
SINE,2.18
SINE,2.2128
SINE,2.1736
LTR,2.2312
SINE,2.2064
SINE,2.2008
SINE,2.18
LTR,2.136
LTR,2.2184
LTR,2.1232
LTR,2.224
LTR,2.192
LINE,2.2152
SINE,2.1784
LTR,2.2136
SINE,2.188
SINE,2.2056
SINE,2.1016
SINE,2.1648
SINE,2.1568
SINE,2.2264
LTR,2.2304
SINE,2.164
SINE,2.2096
SINE,2.1896
SINE,2.2264
SINE,2.156
SINE,2.1704
SINE,2.1688
unique/low-repeat,2.2312
SINE,2.2304
unique/low-repeat,2.2344
SINE,2.228
SINE,2.208
LINE,2.2168
SINE,2.2232
LINE,2.2056
LINE,2.2184
SINE,2.2168
LTR,2.2272
LINE,2.24
SINE,2.204
SINE,2.2128
unique/low-repeat,2.2352
LINE,2.24
LINE,2.2384
SINE,2.2432
LINE,2.2392
unique/low-repeat,2.1528
SINE,2.2416
SINE,2.2448
LINE,2.1784
LINE,2.1848
LTR,2.1864
SINE,2.1856
DNA,2.2184
LTR,2.236
SINE,2.172
LINE,2.1984
SINE,2.2312
SINE,2.2
SINE,2.2264
SINE,2.2144
SINE,2.2328
SINE,2.2128
LTR,2.2312
SINE,2.2296
SINE,2.2176
SINE,2.2056
SINE,2.1864
SINE,2.2072
SINE,2.2184
LTR,2.196
LINE,2.18
SINE,2.216
SINE,2.2
LINE,2.2232
LINE,2.2368
SINE,2.192
LINE,2.2216
LTR,2.1984
SINE,2.2016
SINE,2.176
SINE,2.2
SINE,2.1712
SINE,2.1424
SINE,2.2024
LINE,2.208
SINE,2.208
LINE,2.1408
LINE,2.204
SINE,2.1576
SINE,2.1144
SINE,2.1976
LINE,2.232
SINE,2.1832
SINE,2.1984
SINE,2.2216
SINE,2.228
SINE,2.2056
SINE,2.1848
SINE,2.1232
SINE,2.0976
SINE,2.188
SINE,2.2344
SINE,2.2176
SINE,2.1096
SINE,2.1512
SINE,2.124
SINE,2.1592
SINE,2.1152
LINE,2.0912
SINE,2.1472
SINE,2.1864
SINE,2.2008
SINE,2.1304
SINE,2.1664
SINE,2.0728
SINE,2.0896
SINE,2.0888
SINE,2.1288
SINE,2.0816
SINE,2.1104
SINE,2.0032
SINE,2.116
SINE,2.1648
SINE,2.1512
SINE,2.1744
SINE,2.1104
SINE,2.088
SINE,2.1576
SINE,2.0288
SINE,2.0144
SINE,2.1888
SINE,2.12
SINE,2.216
SINE,2.16
SINE,2.1328
SINE,2.1016
SINE,2.048
SINE,2.1504
SINE,2.1168
SINE,2.1704
SINE,2.104
SINE,2.1424
SINE,2.1816
SINE,2.156
SINE,2.1096
LINE,2.176
SINE,2.156
SINE,2.1408
SINE,2.1424
LINE,2.1872
LTR,2.1848
SINE,2.14
SINE,2.1096
SINE,2.144
SINE,2.1992
SINE,2.1496
SINE,2.1752
SINE,2.184
SINE,2.112
SINE,2.1792
LINE,2.216
LTR,2.2088
LINE,2.2208
LINE,2.2008
LINE,2.2288
unique/low-repeat,2.2272
LINE,2.2216
SINE,2.168
SINE,2.1912
LINE,2.2416
LINE,2.22
LINE,2.2048
LINE,2.2232
LTR,2.2432
LINE,2.236
SINE,2.216
SINE,2.228
SINE,2.2232
SINE,2.2096
LINE,2.2312
SINE,2.2192
SINE,2.1936
SINE,2.1288
SINE,2.1912
SINE,2.1888
SINE,2.2176
SINE,2.196
LINE,2.2264
LINE,2.2504
SINE,2.2304
LINE,2.2168
LINE,2.2288
SINE,2.2328
LTR,2.2256
SINE,2.2376
LINE,2.212
LINE,2.2392
SINE,2.2192
LINE,2.2208
LINE,2.2296
LINE,2.228
LINE,2.216
LTR,2.2296
LINE,2.2264
unique/low-repeat,2.236
LINE,2.2256
LINE,2.2296
SINE,2.2208
LINE,2.2
LTR,2.2376
LTR,2.2168
LINE,2.208
SINE,2.2
LTR,2.2408
LINE,2.2272
LTR,2.2208
Simple_repeat,2.0368
LINE,2.212
LINE,2.224
LINE,2.2248
LINE,2.2208
LTR,2.2248
LTR,2.2304
LINE,2.2264
LINE,2.224
LINE,2.2272
unique/low-repeat,2.2176
unique/low-repeat,2.2304
LINE,2.1464
LINE,2.2008
unique/low-repeat,2.2384
LINE,2.22
unique/low-repeat,2.2472
SINE,2.2392
LINE,2.1832
LINE,2.1952
LTR,2.1824
LTR,2.1968
SINE,2.228
LTR,2.2384
DNA,2.216
LINE,2.2344
LINE,2.2144
LINE,2.2256
LTR,2.2288
LTR,2.2304
LTR,2.216
SINE,2.2168
LINE,2.2096
LINE,2.2224
unique/low-repeat,2.1952
LTR,2.2336
unique/low-repeat,2.22
SINE,2.2232
SINE,2.2224
SINE,2.2256
SINE,2.2224
LINE,2.1984
LTR,2.2368
LTR,2.2208
SINE,2.2072
LTR,2.2472
LINE,2.1968
LINE,2.2272
LINE,2.232
unique/low-repeat,2.228
LINE,2.204
unique/low-repeat,2.212
LTR,2.236
LINE,2.2088
LINE,2.232
unique/low-repeat,2.2216
unique/low-repeat,2.2192
unique/low-repeat,2.208
unique/low-repeat,2.2048
unique/low-repeat,2.2096
DNA,2.1928
LINE,2.22
LINE,2.208
LINE,2.2152
LINE,2.2008
LINE,2.2216
LINE,2.2136
LINE,2.2368
LINE,2.2216
LINE,2.2208
LTR,2.2168
LINE,2.2272
LTR,2.232
LINE,2.2344
unique/low-repeat,2.196
unique/low-repeat,2.2216
LINE,2.2192
LINE,2.2048
LINE,2.2048
LINE,2.2256
LINE,2.2072
LINE,2.2128
SINE,2.2168
LTR,2.2256
unique/low-repeat,2.2216
LINE,2.216
LINE,2.2152
unique/low-repeat,2.2096
LINE,2.232
LINE,2.2096
LINE,2.228
LINE,2.2456
LINE,2.2224
LINE,2.2024
DNA,2.2248
LINE,2.208
LINE,2.1984
LTR,2.224
LINE,2.2328
LINE,2.2328
LINE,2.224
unique/low-repeat,2.2224
DNA,2.2336
LINE,2.2008
unique/low-repeat,2.2104
LINE,2.2272
LINE,2.212
LTR,2.2184
LINE,2.2008
LINE,2.232
LTR,2.2312
SINE,2.2264
SINE,2.1992
LINE,2.2248
LINE,2.2272
LINE,2.2096
LINE,2.2296
LINE,2.1944
LINE,2.2248
SINE,2.2176
SINE,2.1952
LTR,2.2136
unique/low-repeat,2.236
LINE,2.2336
LTR,2.2112
LINE,2.224
LTR,2.2272
unique/low-repeat,2.2256
LINE,2.2168
DNA,2.2448
LINE,2.2224
LTR,2.2384
LINE,2.2312
unique/low-repeat,2.2056
LINE,2.2136
LINE,2.212
LINE,2.2184
LINE,2.2136
LINE,2.2072
LTR,2.2128
unique/low-repeat,2.2272
LINE,2.2104
LINE,2.2104
LINE,2.2208
unique/low-repeat,2.1976
LTR,2.216
LINE,2.2224
LINE,2.1584
LINE,2.2248
LINE,2.2144
LINE,2.2208
LINE,2.1768
LTR,2.228
SINE,2.2184
LTR,2.2304
LINE,2.2104
LTR,2.1912
LINE,2.2216
LINE,2.2344
LTR,2.22
LTR,2.192
LINE,2.2272
unique/low-repeat,2.2288
LINE,2.2216
LTR,2.2096
LINE,2.2248
SINE,2.2064
SINE,2.2048
LINE,2.2304
LINE,2.208
unique/low-repeat,2.216
unique/low-repeat,2.2136
LINE,2.2232
unique/low-repeat,2.228
LINE,2.208
LINE,2.2152
LINE,2.2328
unique/low-repeat,2.216
unique/low-repeat,2.2256
unique/low-repeat,2.228
SINE,2.212
unique/low-repeat,2.2592
LINE,2.228
LINE,2.2272
LINE,2.2032
LTR,2.2408
LINE,2.2056
LINE,2.2184
LINE,2.2344
LINE,2.2168
unique/low-repeat,2.2152
LINE,2.1752
unique/low-repeat,2.2536
LTR,2.232
LTR,2.2544
LTR,2.2256
SINE,2.2128
SINE,2.1784
SINE,2.2112
unique/low-repeat,2.2248
SINE,2.2224
SINE,2.2352
LINE,2.216
LINE,2.2384
unique/low-repeat,2.2624
LINE,2.208
LINE,2.1968
LINE,2.2312
LINE,2.2232
DNA,2.24
LTR,2.2232
LINE,2.2136
unique/low-repeat,2.2168
unique/low-repeat,2.2248
LTR,2.2304
LINE,2.2272
unique/low-repeat,2.212
unique/low-repeat,2.2136
LINE,2.2184
LINE,2.216
LINE,2.2176
LINE,2.2272
LINE,2.2264
LTR,2.2304
LINE,2.2328
unique/low-repeat,2.2144
unique/low-repeat,2.2416
unique/low-repeat,2.2288
LINE,2.18
SINE,2.2128
LINE,2.236
LINE,2.2264
LINE,2.236
LINE,2.2144
LINE,2.1976
unique/low-repeat,2.2264
LTR,2.2368
LINE,2.196
LINE,2.2448
SINE,2.2256
LINE,2.2112
DNA,2.2368
SINE,2.224
LINE,2.2112
LINE,2.2008
unique/low-repeat,2.236
LINE,2.2256
LINE,2.236
unique/low-repeat,2.2216
LINE,2.22
unique/low-repeat,2.2272
LINE,2.2304
unique/low-repeat,2.232
LINE,2.2072
DNA,2.2288
LINE,2.2128
LINE,2.2296
LINE,2.2152
LINE,2.2496
LINE,2.2096
LINE,2.2264
LINE,2.2128
LINE,2.2304
LINE,2.2224
unique/low-repeat,2.2208
LINE,2.2232
unique/low-repeat,2.2656
LINE,2.1904
LINE,2.216
LINE,2.224
LINE,2.2024
LINE,2.2104
LINE,2.2024
SINE,2.2024
LTR,2.236
DNA,2.204
LINE,2.2088
LINE,2.2408
SINE,2.2008
SINE,2.2096
Satellite,2.1584
SINE,2.116
SINE,2.1152
SINE,2.132
SINE,2.1032
SINE,2.204
LINE,2.2464
SINE,2.2032
SINE,2.0808
SINE,2.0944
unique/low-repeat,2.2328
SINE,2.1544
SINE,2.1272
LINE,2.1832
unique/low-repeat,2.2536
SINE,2.1648
SINE,2.1944
SINE,2.1824
SINE,2.128
SINE,2.172
SINE,2.18
SINE,2.1816
SINE,2.22
SINE,2.1408
LINE,2.2256
SINE,2.1824
SINE,2.144
SINE,2.1984
SINE,2.1416
SINE,2.1912
Satellite,1.7424
LTR,2.2216
SINE,2.2016
LINE,2.2264
SINE,2.1888
unique/low-repeat,2.244
DNA,2.2232
SINE,2.1424
SINE,2.1048
SINE,1.8368
LTR,2.2224
SINE,2.1944
SINE,2.1752
SINE,2.2424
SINE,2.2184
SINE,2.1808
SINE,2.1288
SINE,2.1792
SINE,2.156
SINE,2.2112
SINE,1.9864
SINE,2.0344
SINE,2.1176
SINE,2.1552
unique/low-repeat,2.2408
SINE,2.0416
LTR,2.2344
SINE,2.1968
SINE,1.7792
SINE,2.0696
SINE,2.148
SINE,2.1584
SINE,2.1312
SINE,2.204
SINE,2.1816
SINE,2.1552
SINE,2.2272
SINE,2.1512
SINE,2.1864
SINE,2.2104
SINE,2.1888
SINE,2.1424
SINE,2.1264
SINE,2.16
SINE,2.1216
SINE,2.1952
SINE,2.1936
SINE,2.1496
SINE,2.1912
SINE,2.1368
LINE,2.2064
LINE,2.2152
SINE,2.2456
LINE,2.228
SINE,2.1744
LINE,2.1488
LTR,2.2208
SINE,2.2496
LINE,2.2136
LINE,2.236
SINE,2.1752
SINE,2.192
LINE,2.2056
LINE,2.2408
LINE,2.228
LINE,2.2448
LINE,2.2368
SINE,2.204
SINE,2.2328
LINE,2.2376
LINE,2.2224
LTR,2.2368
LTR,2.2216
LINE,2.2368
LTR,2.2248
LTR,2.2336
LINE,2.2136
SINE,2.224
LINE,2.244
LINE,2.228
LINE,2.2352
LTR,2.2376
SINE,2.2184
Simple_repeat,2.0456
SINE,2.2408
DNA,2.2184
SINE,2.1816
LINE,2.2176
LINE,2.1984
SINE,2.1688
LINE,2.1904
LINE,2.212
SINE,2.2272
SINE,2.2344
SINE,2.2104
SINE,2.1552
SINE,2.0712
SINE,2.1248
SINE,2.172
SINE,2.2176
SINE,2.2352
LTR,2.2392
LINE,2.2208
LTR,2.2328
LINE,2.2168
LINE,2.2312
SINE,2.2232
LINE,2.2096
LINE,2.232
SINE,2.2424
LINE,2.236
LTR,2.1896
DNA,2.2368
SINE,2.2088
SINE,2.2232
LINE,2.2064
SINE,2.2232
SINE,2.1408
LINE,2.2272
SINE,2.2152
SINE,2.2136
SINE,2.2312
SINE,2.232
SINE,2.212
SINE,2.2264
LINE,2.2128
LINE,2.2048
LINE,2.228
LINE,2.2328
LINE,2.244
unique/low-repeat,2.2112
LINE,2.2184
LINE,2.2312
LINE,2.2144
LINE,2.212
SINE,2.2072
SINE,2.2208
SINE,2.2328
LTR,2.2392
LINE,2.2344
LINE,2.2248
LINE,2.2376
LINE,2.2264
LINE,2.2472
LINE,2.2488
LINE,2.228
SINE,2.2072
LINE,2.2592
unique/low-repeat,2.264
LINE,2.2296
LTR,2.2264
LINE,2.236
LINE,2.2296
unique/low-repeat,2.2384
LINE,2.228
LINE,2.224
LTR,2.2016
LINE,2.2264
LINE,2.2048
LINE,2.2152
LTR,2.2184
LINE,2.1912
LINE,2.2152
LTR,2.232
LINE,2.2088
LTR,2.2176
LTR,2.2296
LINE,2.2256
LINE,2.172
LINE,2.2336
LTR,2.2328
LTR,2.2064
LTR,2.2296
LINE,2.2104
LINE,2.2256
LTR,2.2032
SINE,2.1128
LINE,2.2408
LINE,2.2232
LINE,2.2056
LINE,2.2304
LINE,2.2384
LINE,2.224
LINE,2.2264
unique/low-repeat,2.2224
LTR,2.2216
LINE,2.224
LINE,2.2288
DNA,2.2184
LINE,2.2344
SINE,2.208
unique/low-repeat,2.228
unique/low-repeat,2.2272
LINE,2.212
LINE,2.2248
unique/low-repeat,2.2192
unique/low-repeat,2.2176
SINE,2.2408
LINE,2.204
LTR,2.196
SINE,2.2232
LINE,2.2504
LTR,2.2472
LTR,2.204
SINE,2.248
LINE,2.2344
LINE,2.2384
SINE,2.2376
SINE,2.1896
SINE,2.2128
LINE,2.2344
LINE,2.228
LINE,2.2232
LINE,2.2328
SINE,2.236
SINE,2.2496
DNA,2.2272
LINE,2.2504
SINE,2.2352
LINE,2.2368
LTR,2.2032
LINE,2.2224
SINE,2.2344
LINE,2.2192
LINE,2.2192
LINE,2.2248
LINE,2.2296
LINE,2.236
LINE,2.2184
LINE,2.2176
unique/low-repeat,2.2272
LINE,2.2248
LINE,2.232
LINE,2.2432
LINE,2.22
LTR,2.2152
LINE,2.232
LINE,2.2136
LTR,2.2224
LTR,2.2128
LINE,2.2112
LINE,2.2312
unique/low-repeat,2.18
unique/low-repeat,2.2176
LINE,2.2296
LINE,2.1104
unique/low-repeat,2.2592
SINE,2.2208
unique/low-repeat,2.2024
SINE,2.2248
LINE,2.22
LINE,2.2176
unique/low-repeat,2.2064
LINE,2.2128
unique/low-repeat,2.2
unique/low-repeat,2.2224
LINE,2.2304
SINE,2.2248
LINE,2.2104
LINE,2.22
SINE,2.212
DNA,2.2152
LTR,2.22
LINE,2.232
DNA,2.2136
LINE,2.224
LTR,2.2208
unique/low-repeat,2.2176
LTR,2.2264
DNA,2.2256
LINE,2.2016
LINE,2.2216
LINE,2.2128
unique/low-repeat,2.2304
unique/low-repeat,2.2272
LINE,2.2024
SINE,2.2264
LINE,2.2272
LINE,2.2168
LTR,2.2272
unique/low-repeat,2.232
LTR,2.22
LINE,2.2152
SINE,2.2288
LINE,2.2368
LINE,2.232
SINE,2.2104
LINE,2.2312
SINE,2.2304
LINE,2.2264
LINE,2.2368
LINE,2.2304
LTR,2.2232
LINE,2.2472
LTR,2.2408
unique/low-repeat,2.2568
SINE,2.2096
SINE,2.228
SINE,2.22
SINE,2.2096
LTR,2.22
LINE,2.2064
unique/low-repeat,2.224
LINE,2.2192
LINE,2.2248
SINE,2.2368
SINE,2.2088
LINE,2.1856
SINE,2.2176
SINE,2.2224
LINE,2.2264
LTR,2.2064
LINE,2.2384
unique/low-repeat,2.2392
LINE,2.2144
LINE,2.2312
LINE,2.224
unique/low-repeat,2.2272
LINE,2.2336
unique/low-repeat,2.2344
LINE,2.1952
LINE,2.2232
LTR,2.2264
LINE,2.2144
LINE,2.2096
LINE,2.2216
LINE,2.2312
LINE,2.2224
LINE,2.1888
LINE,2.2104
LINE,2.196
LINE,2.2024
LINE,2.2232
LTR,2.2272
LTR,2.2248
LINE,2.1928
LINE,2.2192
LINE,2.208
LINE,2.228
LINE,2.2128
LTR,2.2008
LINE,2.2216
LINE,2.2136
LINE,2.1952
LTR,2.2232
LINE,2.2104
LINE,2.224
unique/low-repeat,2.232
LINE,2.2104
LINE,2.2064
LINE,2.2168
LINE,2.224
LINE,2.2368
LTR,2.2296
LTR,2.228
LINE,2.212
LTR,2.2208
SINE,2.2016
LINE,2.2216
LINE,2.1968
unique/low-repeat,2.2312
LINE,2.2328
unique/low-repeat,2.1992
LTR,2.2176
LINE,2.2184
LINE,2.2312
DNA,2.2376
unique/low-repeat,2.2224
SINE,2.2456
LINE,2.232
DNA,2.2296
unique/low-repeat,2.2256
LINE,2.2352
unique/low-repeat,2.2136
unique/low-repeat,2.228
LINE,2.2312
unique/low-repeat,2.2376
LINE,2.14
LTR,2.2128
LTR,2.2152
LTR,2.232
LINE,2.2032
LINE,2.2192
LINE,2.1232
DNA,2.2168
LINE,2.2176
LINE,2.2136
unique/low-repeat,2.232
LINE,2.2216
SINE,2.1624
unique/low-repeat,2.2192
LTR,2.2248
LINE,2.24
LINE,2.2096
SINE,2.2288
LINE,2.2288
unique/low-repeat,2.2192
LINE,2.2096
LINE,2.2256
LINE,2.2176
unique/low-repeat,2.2248
LINE,2.2384
LINE,2.2328
LINE,2.2168
LINE,2.1952
LTR,2.2344
LINE,2.24
LINE,2.2176
LINE,2.2216
LINE,2.232
unique/low-repeat,2.2152
LTR,2.2288
LTR,2.2312
LINE,2.2176
LINE,2.2288
SINE,2.2328
LTR,2.2216
LINE,2.2328
LINE,2.2392
LTR,2.2184
LTR,2.2192
unique/low-repeat,2.2176
LINE,2.244
SINE,2.2184
LINE,2.2272
LINE,2.2088
LTR,2.2128
LINE,2.2312
LTR,2.2216
LINE,2.22
LINE,2.2328
LINE,2.224
LTR,2.2256
LTR,2.22
LINE,2.2
LINE,2.2256
LINE,2.2152
LTR,2.2248
LINE,2.2168
LTR,2.2168
LINE,2.2176
LINE,2.228
LINE,2.2424
unique/low-repeat,2.2392
unique/low-repeat,2.2528
LINE,2.2272
LINE,2.2248
LINE,2.2312
LINE,2.224
LTR,2.208
LINE,2.2264
LINE,2.2352
LTR,2.2216
LINE,2.2296
LINE,2.2248
LINE,2.2304
LINE,2.2152
LINE,2.2288
LINE,2.2104
unique/low-repeat,2.2376
LTR,2.2176
LTR,2.2224
LTR,2.216
LINE,2.224
LINE,2.2176
LINE,2.236
LTR,2.216
LINE,2.1928
LTR,2.2056
LTR,2.2168
LINE,2.2216
LINE,2.212
LINE,2.2072
LTR,2.2264
LINE,2.2152
LINE,2.1312
LINE,2.2104
LTR,2.2032
LTR,2.212
LINE,2.2256
SINE,2.2176
DNA,2.2248
DNA,2.2176
DNA,2.2224
LINE,2.2104
LINE,2.24
LINE,2.2176
LINE,2.2248
LINE,2.2112
LINE,2.216
LTR,2.2336
SINE,2.2368
LINE,2.2296
unique/low-repeat,2.2648
DNA,2.224
LINE,2.2336
SINE,2.2176
LINE,2.2288
LTR,2.2288
unique/low-repeat,2.2448
SINE,2.1984
LINE,2.2224
unique/low-repeat,2.2352
unique/low-repeat,2.2272
LINE,2.2288
SINE,2.2296
LINE,2.2256
DNA,2.2328
SINE,2.2152
unique/low-repeat,2.2312
unique/low-repeat,2.2256
SINE,2.2416
LINE,2.2296
SINE,2.2248
SINE,2.1944
unique/low-repeat,2.2216
SINE,2.208
SINE,2.16
SINE,2.1416
SINE,2.2232
LTR,2.1976
LINE,2.1872
SINE,2.2232
SINE,2.2104
SINE,2.1864
SINE,2.2016
SINE,2.2216
LINE,2.184
LINE,2.1696
LINE,2.2224
LINE,2.2088
SINE,2.2456
SINE,2.212
LINE,2.2272
LINE,2.2232
LTR,2.228
SINE,2.1728
SINE,2.1792
LTR,2.2336
SINE,2.1624
SINE,2.22
LTR,2.2064
SINE,2.1888
SINE,2.2448
SINE,2.0728
SINE,2.1568
SINE,2.1584
LINE,2.1992
SINE,2.244
LINE,2.2152
SINE,2.2432
LTR,2.252
LINE,2.2192
LINE,2.2416
LINE,2.2008
LINE,2.208
LINE,2.2648
LINE,2.2264
LINE,2.1464
LINE,2.2328
LINE,2.2304
SINE,2.1896
SINE,2.1464
SINE,2.168
LINE,2.2224
SINE,2.1888
LINE,2.2056
SINE,2.2184
LINE,2.2272
LINE,2.2072
LINE,2.228
LINE,2.2008
SINE,2.1936
SINE,2.2152
SINE,2.22
LINE,2.2392
LINE,2.1976
LINE,2.2088
LINE,2.2288
LINE,2.228
SINE,2.2264
SINE,2.1704
LTR,2.2304
LINE,2.2232
LINE,2.2296
SINE,2.1552
LINE,2.2264
LTR,2.2192
unique/low-repeat,2.2256
unique/low-repeat,2.228
LINE,2.232
LINE,2.2072
SINE,2.2312
SINE,2.1976
LINE,2.2064
unique/low-repeat,2.2264
unique/low-repeat,2.2344
LINE,2.2344
LINE,2.2464
SINE,2.2088
LINE,2.22
LTR,2.2168
SINE,2.232
SINE,2.1728
LINE,2.2336
LINE,2.2264
LINE,2.2224
LINE,2.2328
unique/low-repeat,2.2192
SINE,2.2296
LINE,2.2336
LINE,2.2248
SINE,2.236
LINE,2.2344
LINE,2.2232
LINE,2.224
LINE,2.2392
LTR,2.2176
SINE,2.224
LINE,2.2248
LINE,2.2272
LTR,2.2392
SINE,2.2176
SINE,2.2424
LTR,2.2208
LTR,2.2088
LINE,2.2216
SINE,2.2296
LINE,2.232
LINE,2.2256
LTR,2.2424
LINE,2.2352
unique/low-repeat,2.2216
LINE,2.2216
LINE,2.2144
LTR,2.232
SINE,2.2248
DNA,2.204
SINE,2.1696
SINE,2.176
SINE,2.1456
SINE,2.208
LINE,2.2432
SINE,2.188
SINE,2.2432
unique/low-repeat,2.2464
SINE,2.216
LINE,2.2288
SINE,2.212
LTR,2.2208
DNA,2.2344
LINE,2.1952
LINE,2.1896
LTR,2.2096
LINE,2.2416
LINE,2.2248
LINE,2.228
LINE,2.2208
LINE,2.2272
LINE,2.2216
LINE,2.2192
unique/low-repeat,2.2368
unique/low-repeat,2.2328
LINE,2.2232
LINE,2.2336
LINE,2.2432
LINE,2.2192
unique/low-repeat,2.2168
LINE,2.2072
SINE,2.2368
SINE,2.2416
LINE,2.2224
SINE,2.2432
LINE,2.2296
unique/low-repeat,2.232
LINE,2.2
LINE,2.232
LTR,2.244
LINE,2.2256
LINE,2.2352
LTR,2.2408
LINE,2.2272
LINE,2.2264
unique/low-repeat,2.2448
LINE,2.2288
LTR,2.2384
SINE,2.2344
LTR,2.2336
LTR,2.2232
SINE,2.1808
LTR,2.2072
LTR,2.2376
SINE,2.1192
LTR,2.2432
LTR,2.2384
SINE,2.0616
SINE,2.1304
DNA,2.2464
LINE,2.2248
SINE,2.2096
SINE,2.228
SINE,2.2008
SINE,2.1312
SINE,2.0648
SINE,2.2096
LTR,2.2432
SINE,2.1944
SINE,2.228
SINE,2.2152
SINE,2.2192
LINE,2.232
LINE,2.2328
LINE,2.244
SINE,2.2352
SINE,2.2416
SINE,2.2272
SINE,2.22
SINE,2.2064
SINE,2.1696
SINE,2.096
SINE,2.1496
SINE,2.1368
SINE,2.204
SINE,2.1552
LTR,2.2616
SINE,2.1912
SINE,2.224
unique/low-repeat,2.2432
unique/low-repeat,2.232
LINE,2.2216
SINE,2.1984
SINE,2.2112
LINE,2.2184
LINE,2.2192
LINE,2.2432
LINE,2.2216
LINE,2.2224
LINE,2.2248
SINE,2.2248
SINE,2.2432
LINE,2.2112
LINE,2.2328
LINE,2.24
unique/low-repeat,2.24
LINE,2.2312
SINE,2.2256
LINE,2.2384
LTR,2.2312
LTR,2.2392
LINE,2.2088
LTR,2.2272
unique/low-repeat,2.24
DNA,2.232
LTR,2.2456
LINE,2.2096
LTR,2.244
LINE,2.2216
LINE,2.236
LINE,2.2288
LINE,2.2352
LINE,2.232
LINE,2.2352
LINE,2.2248
LINE,2.2336
unique/low-repeat,2.2416
LINE,2.2368
LINE,2.2192
LTR,2.1992
LINE,2.2224
LINE,2.2416
LINE,2.2192
LINE,2.2016
Simple_repeat,2.1576
LTR,2.2328
unique/low-repeat,2.2344
SINE,2.2248
LINE,2.244
LTR,2.2384
LTR,2.2416
LINE,2.2112
unique/low-repeat,2.2552
LTR,2.252
LINE,2.232
SINE,2.2384
LINE,2.2312
LINE,2.24
LINE,2.2184
LINE,2.2208
LINE,2.1976
LTR,2.1952
unique/low-repeat,2.2336
LINE,2.2312
LINE,2.228
LINE,2.2272
LTR,2.2136
LINE,2.2384
LINE,2.2216
LINE,2.2048
LINE,2.2152
LINE,2.2072
LINE,2.2192
SINE,2.2208
LINE,2.2352
LINE,2.2112
LINE,2.2352
LINE,2.2352
LINE,2.2216
LINE,2.2304
LINE,2.2216
LINE,2.2056
LINE,2.2048
LINE,2.2256
LINE,2.1976
LINE,2.2296
LINE,2.232
LTR,2.2184
LINE,2.2224
SINE,2.2184
SINE,2.2144
LINE,2.1808
SINE,2.212
unique/low-repeat,2.2312
SINE,2.224
SINE,2.1112
LINE,2.2088
LINE,2.2288
LINE,2.2032
LINE,2.2152
LINE,2.2256
LINE,2.2208
LINE,2.2192
LINE,2.2208
LTR,2.232
DNA,2.2432
LTR,2.2112
LTR,2.2352
LTR,2.2136
LINE,2.2392
LINE,2.2168
LTR,2.2384
SINE,2.2304
SINE,2.236
LTR,2.2392
SINE,2.2208
LTR,2.2424
SINE,2.212
SINE,2.224
LTR,2.2488
SINE,2.2072
LINE,2.2304
LTR,2.2176
SINE,2.1696
SINE,2.2248
SINE,2.1952
LINE,2.1992
SINE,2.1104
SINE,2.2144
SINE,2.1608
SINE,2.2136
SINE,2.1752
SINE,2.1488
SINE,2.1192
SINE,2.1544
LINE,2.2336
LINE,2.2352
LINE,2.2216
LINE,2.2384
LTR,2.1896
LINE,2.2104
LTR,2.2224
unique/low-repeat,2.188
LINE,2.2216
LTR,2.2312
LINE,2.252
DNA,2.2296
LINE,2.2376
LTR,2.2208
SINE,2.2128
LINE,2.2176
unique/low-repeat,2.2384
LINE,2.2272
SINE,2.2352
LTR,2.2256
LINE,2.2256
LINE,2.24
unique/low-repeat,2.2216
unique/low-repeat,2.2408
unique/low-repeat,2.2384
SINE,2.2432
LINE,2.22
SINE,2.2024
SINE,2.2152
DNA,2.1856
SINE,2.228
SINE,2.2392
SINE,2.204
LINE,2.244
LINE,2.2336
SINE,2.24
LINE,2.2552
LINE,2.2392
LINE,2.2384
SINE,2.1136
LTR,2.216
LTR,2.216
SINE,2.2072
DNA,2.1752
SINE,2.2088
SINE,2.1976
LINE,2.1584
SINE,2.2216
SINE,2.0936
SINE,2.1504
SINE,2.1392
SINE,2.1664
SINE,2.1952
SINE,2.1832
SINE,2.12
SINE,2.0912
LINE,2.2232
LINE,2.164
LINE,2.1968
LINE,2.2496
LINE,2.232
LINE,2.2256
LTR,2.2448
LINE,2.2344
LTR,2.2088
LINE,2.1808
LTR,2.2616
LTR,2.2416
SINE,2.2248
LINE,2.2504
LINE,2.1936
LINE,2.2288
LINE,2.2424
LINE,2.244
LINE,2.2488
unique/low-repeat,2.2352
unique/low-repeat,2.228
unique/low-repeat,2.2288
unique/low-repeat,2.2344
SINE,2.2408
LINE,2.244
LINE,2.224
LINE,2.2192
LINE,2.232
unique/low-repeat,2.2448
LINE,2.2304
LINE,2.2256
LINE,2.2072
LINE,2.2264
LTR,2.2248
LTR,2.216
unique/low-repeat,2.2432
unique/low-repeat,2.2312
unique/low-repeat,2.0944
unique/low-repeat,2.2424
LTR,2.2464
SINE,2.208
unique/low-repeat,2.212
LTR,2.18
LTR,2.1648
LINE,2.2368
LTR,2.2216
unique/low-repeat,2.232
unique/low-repeat,2.2592
LINE,1.7672
unique/low-repeat,2.2272
unique/low-repeat,2.2184
unique/low-repeat,1.8352
SINE,2.2336
LINE,2.244
LTR,2.2328
LTR,2.2264
LINE,2.2056
LINE,2.236
LINE,2.2464
SINE,2.2408
LINE,2.236
LINE,2.236
LINE,2.1712
unique/low-repeat,2.2448
DNA,2.2272
LINE,2.2232
LINE,2.2008
LINE,2.1856
LINE,2.2208
LINE,2.212
SINE,2.2112
SINE,2.1928
SINE,2.156
unique/low-repeat,2.1472
unique/low-repeat,2.2128
unique/low-repeat,2.0712
LINE,2.104
unique/low-repeat,2.0728
unique/low-repeat,2.256
unique/low-repeat,2.2088
unique/low-repeat,2.2424
unique/low-repeat,2.2216
unique/low-repeat,2.1384
LINE,2.008
unique/low-repeat,2.0456
unique/low-repeat,2.1984
unique/low-repeat,2.0376
unique/low-repeat,1.6408
unique/low-repeat,0.4016
SINE,2.0328
unique/low-repeat,2.1424
LINE,2.104
unique/low-repeat,1.9848
unique/low-repeat,1.5928
LTR,2.1296
DNA,2.2336
unique/low-repeat,2.1592
SINE,2.1536
SINE,2.224
LINE,2.0952
DNA,2.2264
SINE,2.2224
SINE,2.1952
LINE,2.2208
unique/low-repeat,2.1272
LTR,2.248
LINE,2.2416
LINE,1.9544
LINE,2.2048
LTR,2.172
Simple_repeat,2.1656
LINE,2.2512
unique/low-repeat,2.0936
LINE,2.2488
unique/low-repeat,2.0776
unique/low-repeat,2.212
LINE,2.1496
LINE,2.1192
unique/low-repeat,1.968
LTR,2.088
unique/low-repeat,1.9616
LINE,2.1696
unique/low-repeat,1.8888
unique/low-repeat,2.1568
LINE,2.2048
SINE,2.1464
unique/low-repeat,1.9168
LINE,2.2048
LTR,2.1176
LTR,2.1936
SINE,2.224
LTR,2.1352
LINE,2.2384
unique/low-repeat,2.0768
Simple_repeat,1.7904
unique/low-repeat,2.2312
unique/low-repeat,2.2648
unique/low-repeat,2.0976
LTR,2.1624
unique/low-repeat,2.216
unique/low-repeat,2.1896
SINE,2.2352
LINE,2.224
DNA,2.1016
unique/low-repeat,2.1504
LINE,2.2344
LINE,2.2392
LINE,2.2264
LINE,2.2392
LINE,2.2272
LINE,2.2328
LINE,2.2256
SINE,2.2288
LINE,2.1952
LINE,2.2424
LTR,2.188
LINE,2.1272
unique/low-repeat,2.18
unique/low-repeat,2.1752
SINE,2.2432
unique/low-repeat,2.2432
LINE,2.2352
SINE,2.2176
LINE,2.24
LINE,2.2304
SINE,2.2288
SINE,2.2208
unique/low-repeat,2.2256
LINE,2.232
LINE,2.2368
unique/low-repeat,2.2392
DNA,2.2408
unique/low-repeat,2.248
unique/low-repeat,2.2424
unique/low-repeat,2.2496
LINE,2.2224
unique/low-repeat,2.2232
SINE,2.2272
unique/low-repeat,2.232
LINE,2.2288
LINE,2.2248
LINE,2.2128
LINE,2.2232
unique/low-repeat,2.2512
LINE,2.2216
SINE,2.2328
unique/low-repeat,2.2376
LINE,2.2296
SINE,2.2392
LINE,2.2224
LTR,2.268
LTR,2.2296
LINE,2.192
LINE,2.2424
LINE,2.2224
LINE,2.2288
LINE,2.2352
LTR,2.2344
LINE,2.232
LINE,2.2248
LTR,2.2416
LTR,2.2224
LINE,2.232
LTR,2.2472
LTR,2.2336
SINE,2.22
LINE,2.1904
LINE,2.24
SINE,2.2104
SINE,2.1904
LTR,2.2008
LTR,2.2112
LTR,2.2648
SINE,2.216
LINE,2.2336
unique/low-repeat,2.256
SINE,2.2216
DNA,2.2432
unique/low-repeat,2.2264
unique/low-repeat,2.224
LINE,2.2368
LINE,2.232
SINE,2.204
LTR,2.2376
other-repeat,2.0424
other-repeat,2.2056
LINE,2.2272
LINE,2.24
SINE,2.1648
LTR,2.2488
other-repeat,2.1312
SINE,2.2216
LINE,2.128
LINE,2.228
other-repeat,2.2384
LINE,2.2232
LTR,2.208
Satellite,2.1104
LTR,2.24
SINE,2.2296
LINE,2.2336
LINE,2.2296
SINE,2.2144
LINE,2.2296
SINE,2.2368
LINE,2.2192
SINE,2.2232
DNA,2.2504
unique/low-repeat,2.2336
LTR,2.2248
LINE,2.2296
LTR,2.2224
LINE,2.2176
unique/low-repeat,2.252
unique/low-repeat,2.2424
SINE,2.2408
SINE,2.2344
LINE,2.152
unique/low-repeat,2.2392
LINE,2.2344
SINE,2.2424
LINE,2.2176
SINE,2.2376
SINE,2.2368
SINE,2.188
LTR,2.2312
LTR,2.2368
LINE,2.2264
SINE,2.2408
DNA,2.2336
SINE,2.2536
LTR,2.2272
SINE,2.2384
SINE,2.2328
DNA,2.2264
LINE,2.2104
SINE,2.22
LINE,2.2408
SINE,2.224
SINE,2.2368
DNA,2.2456
LTR,2.2392
LTR,2.2376
SINE,2.2392
LTR,2.2488
SINE,2.1768
SINE,2.1912
LINE,2.2488
LINE,2.212
LTR,2.2256
LTR,2.2456
SINE,2.228
LINE,2.2288
LINE,2.2384
LINE,2.22
SINE,2.1624
LINE,2.2392
LTR,2.2464
LINE,2.2296
SINE,2.244
LTR,2.2632
LTR,2.2472
SINE,2.2032
other-repeat,2.1392
other-repeat,2.14
other-repeat,2.136
unique/low-repeat,2.2472
LINE,2.2096
LTR,2.252
SINE,2.1784
SINE,2.2328
SINE,2.2168
LTR,2.2264
other-repeat,2.1672
unique/low-repeat,2.2488
SINE,2.2376
LTR,2.2168
LINE,2.2472
other-repeat,2.2608
SINE,2.1976
SINE,2.2312
Satellite,2.1488
SINE,2.232
LTR,2.2464
LINE,2.2112
SINE,2.2384
SINE,2.192
SINE,2.188
SINE,2.2088
SINE,2.2376
LINE,2.2304
unique/low-repeat,2.228
LINE,2.2256
LTR,2.24
LINE,2.232
LINE,2.2152
LINE,2.244
LINE,2.2064
LINE,2.2328
LINE,2.2256
LINE,2.2336
LINE,2.2288
LINE,2.2296
LTR,2.2264
LINE,2.2192
LINE,2.2296
SINE,2.2168
LINE,2.2064
LINE,2.2176
LINE,2.2272
LINE,2.224
SINE,2.2264
LINE,2.2368
SINE,2.24
SINE,2.2264
LINE,2.236
LINE,2.2216
LTR,2.24
LINE,2.2248
LINE,2.2304
LINE,2.2088
SINE,2.2344
LINE,2.2288
unique/low-repeat,2.2416
LINE,2.2384
LINE,2.2296
SINE,2.2256
LINE,2.2248
LTR,2.232
LINE,2.2416
LTR,2.2376
LINE,2.2304
DNA,2.2344
unique/low-repeat,2.2392
LINE,2.2216
unique/low-repeat,2.22
Simple_repeat,2.0144
LINE,2.2176
LINE,2.1952
LINE,2.2264
LINE,2.2224
LINE,2.2184
LINE,2.2096
LINE,2.0424
LINE,2.2304
LTR,2.2176
LINE,2.22
LINE,2.2328
LINE,2.2176
LINE,2.2264
SINE,2.2352
LTR,2.2256
LINE,2.2352
LTR,2.2304
LINE,2.2248
LINE,2.2296
LINE,2.2144
SINE,2.2288
SINE,2.2136
LINE,2.2264
SINE,2.2192
SINE,2.224
LINE,2.1872
SINE,2.208
SINE,2.2256
LINE,2.224
SINE,2.2544
SINE,2.2128
LTR,2.2472
LINE,2.2344
LTR,2.2304
LINE,2.2288
LINE,2.216
LTR,2.2464
SINE,2.244
LINE,2.2424
SINE,2.2296
LINE,2.2176
unique/low-repeat,2.2256
LINE,2.2216
LINE,2.236
SINE,2.232
unique/low-repeat,2.248
LTR,2.176
LINE,2.2304
LINE,2.228
LINE,2.2312
SINE,2.2368
SINE,2.2304
SINE,2.2224
LINE,2.2384
SINE,2.2344
LINE,2.236
SINE,2.224
LTR,2.2096
LINE,2.2424
LINE,2.2232
SINE,2.2208
LTR,2.2104
LTR,2.1776
LINE,2.2288
SINE,2.232
LINE,2.2128
LTR,2.216
LTR,2.2496
SINE,2.2392
LTR,2.2392
LINE,2.2192
unique/low-repeat,1.7984
SINE,2.2408
SINE,2.2328
LTR,2.2104
LINE,2.2008
SINE,2.216
LINE,2.2352
LTR,2.2256
LINE,2.2208
LTR,2.2288
unique/low-repeat,2.1576
unique/low-repeat,2.2136
LTR,2.2096
unique/low-repeat,2.232
LINE,2.1192
SINE,2.2168
LINE,2.2336
SINE,2.1944
LINE,2.26
LINE,2.2464
unique/low-repeat,2.2192
SINE,2.2088
unique/low-repeat,2.2224
SINE,2.2296
SINE,2.2272
SINE,2.2056
SINE,2.2128
unique/low-repeat,2.216
SINE,2.1872
SINE,2.112
SINE,2.2104
SINE,2.1992
SINE,2.1448
SINE,2.164
LINE,2.2024
SINE,2.192
SINE,2.2112
unique/low-repeat,2.2128
unique/low-repeat,2.2344
unique/low-repeat,2.236
SINE,2.2064
SINE,2.2464
LINE,2.228
unique/low-repeat,2.2424
LINE,2.2344
LINE,2.2176
LINE,2.2408
LINE,2.228
SINE,2.2128
SINE,2.192
LINE,2.2216
LTR,2.24
SINE,2.2544
SINE,2.2344
SINE,2.168
Simple_repeat,2.2384
LINE,2.2384
unique/low-repeat,2.2392
LINE,2.2312
SINE,2.2208
DNA,2.2448
LINE,2.2168
LINE,2.2152
LINE,2.2248
LINE,2.228
LINE,2.2232
LINE,2.216
SINE,2.2408
LINE,2.2216
LINE,2.2088
LINE,2.2232
unique/low-repeat,2.2304
LINE,2.2344
LINE,2.236
LINE,2.2344
unique/low-repeat,2.2376
SINE,2.2312
LINE,2.2256
LINE,2.2264
LINE,2.2144
LTR,2.2216
LTR,2.2152
LTR,2.2104
SINE,2.2168
SINE,2.208
SINE,2.2096
LINE,2.18
LINE,2.2128
LINE,2.2304
LTR,2.1952
SINE,2.2152
LTR,2.2144
SINE,2.2104
LTR,2.2064
SINE,2.1968
SINE,2.2208
SINE,2.2224
LINE,2.224
LINE,2.224
LINE,2.1864
unique/low-repeat,2.2544
SINE,2.2432
SINE,2.2336
LINE,2.2288
LINE,2.2224
LINE,2.2376
unique/low-repeat,2.2264
LINE,2.2736
LINE,2.2112
LINE,2.2344
LINE,2.2312
LINE,2.2192
LINE,2.2416
LINE,2.2472
SINE,2.212
SINE,2.2192
SINE,2.2304
LTR,2.2504
LTR,2.2312
LINE,2.2232
LINE,2.2248
SINE,2.2208
LINE,2.2176
SINE,2.2064
LTR,2.2264
SINE,2.2224
SINE,2.2336
LTR,2.2424
SINE,2.2192
SINE,2.2368
SINE,2.2176
LINE,2.2368
LINE,2.224
SINE,2.22
LINE,2.2304
SINE,2.2024
SINE,2.2256
SINE,2.1536
unique/low-repeat,2.2472
LINE,2.232
SINE,2.2528
LINE,2.2424
LINE,2.2312
SINE,2.236
SINE,2.2104
SINE,2.2456
SINE,2.212
LINE,2.2296
SINE,2.196
SINE,2.184
Satellite,1.8552
SINE,2.2128
LINE,2.22
SINE,2.2232
unique/low-repeat,2.2248
Simple_repeat,2.192
LINE,2.2224
SINE,2.2168
LINE,2.2128
LINE,2.2208
LINE,2.2232
LTR,2.232
SINE,2.2056
LINE,2.1912
SINE,2.192
SINE,2.1968
LINE,2.2256
SINE,2.2112
SINE,2.2104
unique/low-repeat,2.24
SINE,2.2344
SINE,2.2064
DNA,2.2016
SINE,2.22
SINE,2.2024
SINE,2.2088
SINE,2.1536
SINE,2.1672
LINE,2.2264
SINE,2.2024
SINE,2.1696
LINE,2.2176
LINE,2.2168
LTR,2.2256
LINE,2.212
LINE,2.2224
LTR,2.2224
SINE,2.228
LINE,2.2096
DNA,2.2224
LINE,2.2328
SINE,2.2176
LINE,2.2096
SINE,2.224
LINE,2.224
unique/low-repeat,2.2376
SINE,2.2128
SINE,2.2104
SINE,2.2264
LINE,2.2472
SINE,2.2136
LTR,2.24
SINE,2.228
SINE,2.2248
unique/low-repeat,2.2104
SINE,2.2192
LINE,2.224
LINE,2.2296
LINE,2.1952
LINE,2.2152
SINE,2.2216
LINE,2.2128
LINE,2.196
LINE,2.2096
SINE,2.2248
SINE,2.2152
SINE,2.1376
SINE,2.2016
SINE,2.1056
SINE,2.1968
SINE,2.2016
SINE,2.1448
SINE,2.1848
SINE,2.2232
LTR,2.228
LINE,2.2264
SINE,2.2048
LTR,2.2232
LTR,2.224
LINE,2.2264
LINE,2.2224
LTR,2.2312
unique/low-repeat,2.2384
DNA,2.2064
LINE,2.224
LINE,2.2104
LINE,2.2272
Retroposon,2.1624
LINE,2.2248
LINE,2.204
LTR,2.2392
LINE,2.1952
LINE,2.224
LINE,2.2152
LINE,2.2312
LTR,2.2296
SINE,2.2288
SINE,2.2288
LINE,2.2264
LINE,2.232
LINE,2.224
LINE,2.2368
LINE,2.2256
LINE,2.2184
LINE,2.0232
unique/low-repeat,2.24
SINE,2.1976
unique/low-repeat,2.2384
unique/low-repeat,2.2336
LINE,2.2304
LINE,2.208
SINE,2.2152
LINE,2.2232
LINE,2.2232
LINE,2.212
LTR,2.212
LINE,2.2072
LINE,2.2032
LINE,2.224
LINE,2.2264
LINE,2.2272
SINE,2.2232
LINE,2.2288
LINE,2.196
LINE,2.2344
DNA,2.2464
LINE,2.2232
unique/low-repeat,2.248
LINE,2.2208
LINE,2.2376
LINE,2.2408
LINE,2.2248
SINE,2.2184
unique/low-repeat,2.236
LTR,2.1936
SINE,2.2344
LINE,2.2224
LINE,2.2144
LINE,2.2208
SINE,2.2224
SINE,2.2264
SINE,2.2264
SINE,2.2208
unique/low-repeat,2.2088
unique/low-repeat,2.2488
SINE,2.2096
SINE,2.2008
LTR,2.12
SINE,2.1352
SINE,2.1928
SINE,2.1832
SINE,2.228
SINE,2.2232
SINE,2.196
unique/low-repeat,2.2232
SINE,2.1888
SINE,2.2224
SINE,2.22
SINE,2.216
SINE,2.2008
Simple_repeat,2.1648
SINE,2.2184
SINE,2.22
SINE,2.22
LINE,2.232
LINE,2.2264
LINE,2.1648
LINE,2.2296
LINE,2.2152
LINE,2.2336
LINE,2.2272
LINE,2.2336
LINE,2.2176
LINE,2.2112
LINE,2.1944
LINE,2.2008
LINE,2.2248
LINE,2.2208
LTR,2.236
LTR,2.2272
SINE,2.1912
SINE,2.204
LINE,2.2168
LINE,2.192
SINE,2.2168
LINE,2.2184
LTR,2.2288
SINE,2.2272
Retroposon,2.2232
LINE,2.2384
unique/low-repeat,2.2312
LINE,2.2128
DNA,2.2352
LINE,2.2168
LINE,2.172
Simple_repeat,2.1168
LINE,2.2328
LINE,2.2096
LINE,2.2336
SINE,2.2048
unique/low-repeat,2.2496
unique/low-repeat,2.2472
LINE,2.1992
SINE,2.2288
LINE,2.2232
SINE,2.192
SINE,2.24
LINE,2.2296
SINE,2.1384
LTR,2.228
LTR,2.2368
LINE,2.196
SINE,2.2304
unique/low-repeat,2.2336
SINE,2.2352
SINE,2.248
LTR,2.2344
LINE,2.2304
SINE,2.212
LINE,2.2176
SINE,2.2352
SINE,2.232
LINE,2.2224
SINE,2.184
SINE,2.224
SINE,2.204
SINE,2.2328
SINE,2.2248
SINE,2.0376
SINE,2.2
SINE,2.1968
SINE,2.2128
DNA,2.212
SINE,2.1736
LINE,2.1616
SINE,2.1808
LINE,2.18
SINE,2.1984
SINE,2.2144
SINE,2.192
Satellite,1.9736
DNA,2.1872
LTR,2.1944
LTR,2.2048
LINE,2.2392
Satellite,1.5224
Satellite,1.7192
Satellite,1.5224
LTR,2.2304
LINE,2.204
LINE,2.2096
LTR,2.1824
LTR,2.2368
LTR,2.2328
LINE,2.2272
LTR,2.2184
LINE,2.1824
LINE,2.196
LINE,2.2552
LINE,2.224
SINE,2.2304
LINE,2.2272
unique/low-repeat,2.2344
LINE,2.2336
SINE,2.1912
LINE,2.228
unique/low-repeat,2.2208
SINE,2.2048
LINE,2.2152
LINE,2.1728
LINE,2.2144
DNA,2.2024
LTR,2.2056
LINE,2.2424
LINE,2.2024
LINE,2.2472
LINE,2.2296
LINE,2.236
unique/low-repeat,2.2504
LINE,2.2416
LINE,2.232
LINE,2.2376
LINE,2.1992
LINE,2.2128
LINE,2.2248
LINE,2.2288
LTR,2.2136
LINE,2.2136
LTR,2.216
LINE,2.2112
LINE,2.2336
LTR,2.216
LINE,2.208
LINE,2.2216
LINE,2.2176
SINE,2.2248
LINE,2.224
LINE,2.1896
LINE,2.212
LINE,2.2136
LINE,2.2296
LINE,2.2064
LINE,2.2248
LINE,2.228
LINE,2.2104
LINE,2.2032
LINE,2.2304
LINE,2.2216
LINE,2.244
LINE,2.2256
LINE,2.2304
LINE,2.2264
LINE,2.2136
LINE,2.2024
LINE,2.2056
DNA,2.2232
LTR,2.2352
LINE,2.2136
LINE,2.2152
LINE,2.2336
LINE,2.228
SINE,2.2344
LTR,2.224
LINE,2.2048
LTR,2.2304
LINE,2.1696
SINE,2.232
LINE,2.2208
LINE,2.2512
LINE,2.2256
LINE,2.2104
SINE,2.2312
LINE,2.2216
SINE,2.2368
LINE,2.2136
LTR,2.2136
SINE,2.2216
SINE,2.2056
LINE,2.2144
LTR,2.2312
SINE,2.228
SINE,2.2248
LINE,2.2248
LTR,2.2216
SINE,2.248
LTR,2.204
LTR,2.2288
LTR,2.228
LINE,2.2
LINE,2.22
LTR,2.22
LINE,2.2336
LINE,2.2152
LINE,2.2136
LINE,2.2128
LINE,2.188
SINE,2.2128
LINE,2.1808
LINE,2.2408
DNA,2.224
SINE,2.1824
SINE,2.1168
SINE,2.2056
SINE,2.2
LINE,2.2328
SINE,2.1888
LINE,2.2296
LINE,2.2008
LINE,2.2088
LINE,2.224
LINE,2.2136
LINE,2.22
LINE,2.2152
LINE,2.2248
LINE,2.2376
LINE,2.204
DNA,2.2296
SINE,2.2232
LINE,2.2272
LINE,2.2336
LINE,2.2288
LINE,2.2072
LINE,2.2296
unique/low-repeat,2.244
LTR,2.2336
LINE,2.2304
LTR,2.2224
LINE,2.1992
SINE,2.1912
SINE,2.076
SINE,2.2016
SINE,2.16
SINE,2.1992
SINE,2.2296
SINE,2.1528
SINE,2.2272
LINE,2.2296
unique/low-repeat,2.2296
LINE,2.212
LINE,2.2368
LINE,2.2272
SINE,2.188
LINE,2.208
LINE,2.2136
unique/low-repeat,2.2568
LINE,2.2328
LTR,2.2064
LINE,2.2304
unique/low-repeat,2.224
LINE,2.2344
LINE,2.2368
LTR,2.2376
LTR,2.2416
LINE,2.2344
DNA,2.2528
LTR,1.816
LTR,1.7992
LTR,1.7808
LINE,2.2256
unique/low-repeat,2.2272
LINE,2.24
LTR,2.2144
LINE,2.2232
SINE,2.2304
LINE,2.2168
LINE,2.224
LINE,2.2232
LINE,2.2256
LINE,2.2088
LINE,2.2248
LINE,2.2112
LINE,2.2072
LINE,2.2144
LINE,2.2312
unique/low-repeat,2.2328
SINE,2.2296
LTR,2.2264
LINE,2.2096
LINE,2.2184
DNA,2.2272
LINE,2.2472
SINE,2.2112
LTR,2.2288
LINE,2.2288
LTR,2.2176
LINE,2.2208
LINE,2.2288
unique/low-repeat,2.2384
unique/low-repeat,2.2376
LINE,2.2584
LINE,2.228
LINE,2.2352
LINE,2.208
LINE,2.2296
LINE,2.228
LINE,2.2256
LINE,2.2336
LINE,2.2256
LINE,2.2248
DNA,2.1712
LINE,2.2232
LINE,2.2416
LINE,2.228
LINE,2.22
unique/low-repeat,2.2336
LINE,2.2424
LINE,2.232
LINE,2.2104
DNA,2.24
LTR,2.2128
LINE,2.2344
SINE,2.22
SINE,2.2144
SINE,2.2296
SINE,2.232
LINE,2.2
unique/low-repeat,2.2424
LINE,2.2208
LINE,2.2376
LINE,2.2296
LINE,2.236
LINE,2.2216
LINE,2.1944
SINE,2.228
LINE,2.2272
LINE,2.2128
LINE,2.2008
LINE,2.2216
LTR,2.228
LINE,2.2328
LINE,2.2192
LINE,2.2368
LINE,2.2392
LINE,2.2288
LTR,2.2344
LINE,2.2304
LTR,2.2264
LINE,2.228
LINE,2.2152
LINE,2.224
LINE,2.2304
LINE,2.2496
LINE,2.2072
LINE,2.2304
LINE,2.22
LINE,2.2376
LINE,2.2104
unique/low-repeat,2.2352
LINE,2.236
LINE,2.2328
LINE,2.224
LINE,2.208
LINE,2.2336
LTR,2.2416
LINE,2.224
LTR,2.2088
LTR,2.2224
LTR,2.2336
LINE,2.2168
LINE,2.216
LINE,2.224
LINE,2.2224
LTR,2.2304
unique/low-repeat,2.2144
LINE,2.2312
unique/low-repeat,2.232
LINE,2.2152
LINE,2.2032
LINE,2.2056
LINE,2.2232
unique/low-repeat,2.2216
unique/low-repeat,2.212
LINE,2.208
LINE,2.2008
LINE,2.2232
LINE,2.2368
LTR,2.2128
LINE,2.224
LTR,2.2312
LINE,2.2224
LINE,2.2376
Retroposon,2.1424
unique/low-repeat,2.2144
LTR,2.2288
LTR,2.224
LINE,2.2208
LINE,2.2144
LTR,2.2288
LINE,2.2136
unique/low-repeat,2.2232
LTR,2.2432
LTR,2.228
LINE,2.2128
unique/low-repeat,2.2464
unique/low-repeat,2.2296
LINE,2.2232
DNA,2.232
LINE,2.2424
LINE,2.2264
LINE,2.2224
LINE,2.2392
LINE,2.232
LINE,2.2232
LINE,2.1816
SINE,2.2472
LINE,2.2392
LINE,2.216
LINE,2.2328
LTR,2.2392
SINE,2.2384
LINE,2.2056
DNA,2.2616
LINE,2.2032
LINE,2.2144
LINE,2.2192
SINE,2.236
SINE,2.2048
SINE,2.2064
SINE,2.2232
SINE,2.1624
SINE,2.1416
SINE,2.1776
SINE,2.1496
LINE,2.168
LINE,2.2544
SINE,2.208
SINE,2.1888
LINE,2.2544
SINE,2.1936
SINE,2.2144
unique/low-repeat,2.2144
LINE,2.1944
LINE,2.224
SINE,2.1864
LINE,2.2224
LINE,2.2056
LINE,2.2032
LINE,2.2096
LTR,2.2176
SINE,2.2264
LTR,2.2288
LTR,2.2496
LINE,2.2064
LTR,2.2352
unique/low-repeat,2.2312
LTR,2.2264
LINE,2.2152
LINE,2.2152
LINE,2.2224
LINE,2.224
LINE,2.244
LINE,2.22
LINE,2.2304
unique/low-repeat,2.2016
LTR,2.236
LINE,2.2152
LINE,2.2192
LINE,2.2112
LTR,2.2296
LINE,2.2304
LINE,2.2296
LINE,2.2224
unique/low-repeat,2.2296
LINE,2.2304
LINE,2.2256
LTR,2.2224
LINE,2.2288
LTR,2.2408
LINE,2.2336
LINE,2.1992
SINE,2.2312
SINE,2.2288
SINE,2.2216
LTR,2.2128
LTR,2.2448
LINE,2.1832
LINE,2.2192
SINE,2.1624
SINE,2.1584
SINE,2.1624
unique/low-repeat,2.2296
unique/low-repeat,2.2264
unique/low-repeat,2.232
DNA,2.2016
SINE,2.2336
SINE,2.228
unique/low-repeat,2.224
SINE,2.2288
LINE,2.2296
LINE,2.2296
SINE,2.2432
LTR,2.2144
SINE,2.12
SINE,2.1928
SINE,2.2216
SINE,2.2144
LINE,2.1992
LINE,2.2136
LINE,2.2312
SINE,2.2256
LTR,2.2136
unique/low-repeat,2.2272
unique/low-repeat,2.2224
SINE,2.2104
LINE,2.232
unique/low-repeat,2.228
LINE,2.236
SINE,2.2336
unique/low-repeat,2.2328
LINE,2.2344
LINE,2.1392
unique/low-repeat,2.2552
LINE,2.2136
LINE,2.208
LINE,2.2336
LINE,2.2256
LINE,2.2368
LINE,2.22
LINE,2.2208
DNA,2.2312
LINE,2.2104
SINE,2.216
unique/low-repeat,2.2296
LINE,2.2312
LINE,2.2224
LTR,2.216
LINE,2.2344
SINE,2.2304
LINE,2.2136
LINE,2.2224
unique/low-repeat,2.2472
LTR,2.2328
LINE,2.1912
SINE,2.2072
SINE,2.232
LINE,2.2392
LINE,2.228
LINE,2.224
LINE,2.2232
LINE,2.2208
SINE,2.192
SINE,2.236
LTR,2.2376
LTR,2.2184
LINE,2.2
DNA,2.2056
LINE,2.24
LTR,2.2248
SINE,2.2352
LINE,2.2464
unique/low-repeat,2.2416
LINE,2.2032
LINE,2.1912
LTR,2.2184
LTR,2.2328
LINE,2.2048
LTR,2.2296
unique/low-repeat,2.2184
LINE,2.228
LTR,2.232
LINE,2.2104
unique/low-repeat,2.216
LINE,2.2248
LTR,2.2288
LINE,2.2144
LINE,2.2256
LINE,2.2192
unique/low-repeat,2.2136
LINE,2.2216
LINE,2.1936
LINE,2.2288
LINE,2.216
unique/low-repeat,2.256
LINE,2.2064
LINE,2.1992
LINE,2.2208
SINE,2.208
LINE,2.18
LINE,2.2
LINE,2.2088
LINE,2.2296
LTR,2.2416
SINE,2.1768
LINE,2.2032
unique/low-repeat,2.208
LINE,2.2128
LINE,2.2064
unique/low-repeat,2.22
LINE,2.2072
LINE,2.2
unique/low-repeat,2.2176
LINE,2.2256
DNA,2.2288
LINE,2.2112
LINE,2.208
LINE,2.1656
unique/low-repeat,2.2208
unique/low-repeat,2.2312
unique/low-repeat,2.2296
LINE,2.2424
SINE,2.2344
LINE,2.208
LINE,2.2056
LTR,2.2264
LTR,2.2224
DNA,2.2136
LTR,2.22
unique/low-repeat,2.212
LINE,2.2176
LINE,2.2144
LINE,2.224
LINE,2.2296
LINE,2.224
unique/low-repeat,2.2144
SINE,2.236
unique/low-repeat,2.2192
LINE,2.24
LINE,2.2192
LINE,2.2104
LTR,2.2224
LINE,2.2176
LINE,2.2064
LINE,2.2016
LINE,2.2184
LINE,2.228
unique/low-repeat,2.1768
SINE,2.2112
unique/low-repeat,2.212
unique/low-repeat,2.224
LINE,2.2184
LINE,2.2424
LTR,2.1976
LINE,2.2128
LINE,2.224
unique/low-repeat,2.2408
LTR,2.232
LINE,2.2064
LTR,2.2448
LTR,2.224
LINE,2.232
LINE,2.2344
LINE,2.2264
LTR,2.2336
LTR,2.2224
LINE,2.1904
unique/low-repeat,2.2312
LINE,2.2296
LTR,2.2256
LINE,2.2032
unique/low-repeat,2.2312
unique/low-repeat,2.2328
LINE,2.2224
SINE,2.2152
LINE,2.2136
LINE,2.24
LINE,2.2232
LINE,2.22
LINE,2.216
SINE,2.2128
SINE,2.112
SINE,2.1704
SINE,2.1784
SINE,2.2016
SINE,2.2144
LINE,2.224
unique/low-repeat,2.2256
SINE,2.2256
SINE,2.2256
LINE,2.2408
unique/low-repeat,2.2472
SINE,2.2416
LINE,2.2264
LINE,2.2224
LTR,2.224
LINE,2.2368
LINE,2.236
LINE,2.2344
DNA,2.2392
SINE,2.216
LINE,2.2288
LINE,2.2144
unique/low-repeat,2.2328
SINE,2.2392
SINE,2.2176
LINE,2.2192
LINE,2.228
LTR,2.2424
SINE,2.1976
LINE,2.2144
DNA,2.236
LINE,2.1896
LINE,2.2208
LINE,2.22
LTR,2.2304
DNA,2.2096
LINE,2.204
LINE,2.24
LINE,2.224
LTR,2.2104
LINE,2.2016
LTR,2.2248
LINE,2.2032
LINE,2.1896
LTR,2.2224
LINE,2.2152
LINE,2.1696
LINE,2.216
LINE,2.2208
LINE,2.2128
LINE,2.2176
LINE,2.232
LINE,2.22
LINE,2.2304
LINE,2.2152
LTR,2.2184
LTR,2.208
LINE,2.212
LINE,2.1824
LINE,2.2376
unique/low-repeat,2.2128
LINE,2.2008
LTR,2.2264
LINE,2.22
LINE,2.204
LINE,2.2192
LINE,2.2088
LINE,2.2128
LINE,2.2208
unique/low-repeat,2.2104
LTR,2.2304
LTR,2.212
LINE,2.1952
LINE,2.2144
LINE,2.212
LINE,2.22
LINE,2.2144
LINE,2.2096
LINE,2.2112
unique/low-repeat,2.1936
LTR,2.2208
LINE,2.2288
LINE,2.224
LINE,2.2128
LINE,2.2184
LTR,2.228
LINE,2.1856
LINE,2.232
LINE,2.204
LINE,2.2232
SINE,2.2168
SINE,2.2096
LTR,2.2208
LINE,2.2136
LINE,2.2256
LINE,2.232
LINE,2.236
LINE,2.2312
other-repeat,2.2376
LINE,2.2288
LINE,2.2296
LINE,2.2488
LINE,2.2264
LINE,2.2088
LINE,2.2664
other-repeat,2.2504
LINE,2.2496
LINE,2.2472
LINE,2.2448
LINE,2.228
LINE,2.2512
DNA,2.2096
LINE,2.2184
SINE,2.2088
SINE,2.244
LINE,2.1752
SINE,2.2168
LINE,2.228
LINE,2.1992
SINE,2.2128
SINE,2.2
SINE,2.1904
SINE,2.2312
LINE,2.2456
LINE,2.2312
LTR,2.2336
SINE,2.2208
unique/low-repeat,2.228
LINE,2.2224
LINE,2.2096
LTR,2.216
LINE,2.2208
LTR,2.2152
LTR,2.2064
LINE,2.2128
LINE,2.224
LINE,2.2216
LINE,2.2016
LTR,2.2232
DNA,2.22
LTR,2.2248
LTR,2.2248
LINE,2.2192
LTR,2.236
LTR,2.2128
LTR,2.2312
LINE,2.2552
LINE,2.1992
SINE,2.2088
LINE,2.2216
LTR,2.2272
DNA,2.2224
unique/low-repeat,2.2336
LINE,2.2288
SINE,2.2232
LINE,2.2312
LTR,2.2112
LINE,2.2272
LTR,2.252
LINE,2.2256
LINE,2.1848
LTR,2.2256
LINE,2.2184
LINE,2.2296
LINE,2.2312
LTR,2.216
LINE,2.2184
LINE,2.2272
LINE,2.2304
LINE,2.2272
LINE,2.2376
LINE,2.2152
LINE,2.2312
DNA,2.2408
LINE,2.2536
SINE,2.2072
SINE,2.1888
LINE,2.2216
LINE,2.2352
SINE,2.22
LTR,2.2168
LINE,2.2304
LINE,2.2384
LINE,2.2048
DNA,2.232
LINE,2.224
LINE,2.216
unique/low-repeat,2.2224
LINE,2.2328
LINE,2.2168
LTR,2.1856
LTR,2.2272
SINE,2.2448
LINE,2.2344
LINE,2.2128
unique/low-repeat,2.228
SINE,2.2336
LINE,2.2168
LINE,2.2064
LTR,2.2296
LTR,2.2184
LINE,2.2032
LINE,2.2352
SINE,2.2248
unique/low-repeat,2.224
SINE,2.2272
SINE,2.2344
LINE,2.2272
LINE,2.2272
LINE,2.216
LINE,2.2288
LINE,2.2304
unique/low-repeat,2.2384
unique/low-repeat,2.2248
LINE,2.2
SINE,2.2104
unique/low-repeat,2.2312
LTR,2.2144
LINE,2.192
LINE,2.2088
LTR,2.2376
LINE,2.2408
LINE,2.2296
unique/low-repeat,2.2
LINE,2.2168
LINE,2.2344
LINE,2.228
LINE,2.216
LINE,2.2352
LINE,2.2224
unique/low-repeat,2.2136
LINE,2.2264
SINE,2.2272
LINE,2.216
LINE,2.2176
LINE,2.204
unique/low-repeat,2.2328
SINE,2.216
LINE,2.2152
LTR,2.2248
LTR,2.2168
LINE,2.2344
SINE,2.232
SINE,2.224
LINE,2.2304
SINE,2.2176
SINE,2.228
LINE,2.2288
SINE,2.2344
LINE,2.2392
LINE,2.212
SINE,2.2344
DNA,2.2232
LTR,2.2376
SINE,2.184
SINE,2.1824
SINE,2.1344
SINE,2.1536
SINE,2.1936
SINE,2.2144
SINE,2.2424
SINE,2.2152
SINE,2.212
SINE,2.224
LTR,2.2376
SINE,2.2432
LINE,2.224
LINE,2.2312
SINE,2.2416
LINE,2.2304
LINE,2.2336
LINE,2.2232
DNA,2.2224
LINE,2.2064
LINE,2.2224
LINE,2.2272
LINE,2.2224
LINE,2.2072
LINE,2.1872
LINE,2.2136
LINE,2.2024
LTR,2.2184
LINE,2.228
LINE,2.2136
SINE,2.2208
LINE,2.236
LTR,2.2376
SINE,2.2432
unique/low-repeat,2.2336
LINE,2.2544
LINE,2.2408
LTR,2.2472
LINE,2.236
SINE,2.2472
SINE,2.2256
LINE,2.2408
LTR,2.2552
unique/low-repeat,2.2464
LINE,2.2216
LINE,2.2272
LINE,2.2336
LINE,2.2296
LINE,2.2024
LINE,2.2184
LINE,2.216
LINE,2.216
LTR,2.2424
LTR,2.2304
LINE,2.236
LINE,2.228
LTR,2.2152
LTR,2.236
LINE,2.2064
LTR,2.2224
LINE,2.2216
SINE,2.2352
LINE,2.2376
LINE,2.2288
LINE,2.2136
SINE,2.1808
SINE,2.2328
SINE,2.1304
SINE,2.1632
SINE,2.1368
LTR,2.228
SINE,2.22
SINE,2.22
SINE,2.1936
SINE,2.1704
SINE,2.188
SINE,2.2168
LINE,2.2432
LINE,2.2552
SINE,2.2144
LINE,2.2288
LINE,2.2296
LINE,2.2184
LINE,2.2184
LINE,2.208
LINE,2.2272
LINE,2.2256
LINE,2.2128
DNA,2.232
LTR,2.2376
LINE,2.216
LTR,2.224
LINE,2.216
LINE,2.2392
SINE,2.2032
LINE,2.2176
LINE,2.244
LINE,2.2368
LINE,2.2152
LINE,2.2256
LINE,2.2216
LINE,2.2104
unique/low-repeat,2.2272
LINE,2.216
LTR,2.2288
LINE,2.2216
LINE,2.1376
SINE,2.208
LINE,2.2168
LINE,2.2344
SINE,2.2336
unique/low-repeat,2.2384
SINE,2.196
SINE,2.2592
DNA,2.2248
SINE,2.2344
LINE,2.1896
SINE,2.2352
LTR,2.2208
LTR,2.2296
LINE,2.2256
SINE,2.2144
SINE,2.24
SINE,2.18
SINE,2.1408
SINE,2.1816
SINE,2.212
LTR,2.1824
SINE,2.2224
SINE,2.1952
unique/low-repeat,2.268
SINE,2.2168
LINE,2.2248
LINE,2.2272
SINE,2.2168
SINE,2.1888
SINE,2.192
LINE,2.2032
SINE,2.1864
LINE,2.2168
DNA,2.1936
SINE,2.22
LINE,2.1064
LINE,2.2304
LINE,2.2408
SINE,2.2296
DNA,2.236
LINE,2.2408
LINE,2.2424
LINE,2.2352
LINE,2.2712
LINE,2.2232
LINE,2.2168
SINE,2.1912
LINE,2.2424
SINE,2.184
SINE,2.2032
SINE,2.1496
LINE,2.18
SINE,2.2216
LINE,2.2536
SINE,2.2312
LINE,2.2152
SINE,2.1984
SINE,2.1768
SINE,2.232
LTR,2.244
LTR,2.2232
LTR,2.232
LINE,2.2184
LINE,2.216
SINE,2.2184
SINE,2.1664
LINE,2.2224
LINE,2.22
LINE,2.2296
LINE,2.1984
LINE,2.22
LINE,2.188
LINE,2.2136
LINE,2.2272
LTR,2.2152
LINE,2.2016
LINE,2.2184
LINE,2.2072
unique/low-repeat,2.2192
LINE,2.2328
SINE,2.244
LTR,2.232
LTR,2.2192
LINE,2.236
LTR,2.2512
LINE,2.2328
unique/low-repeat,2.2216
DNA,2.208
LINE,2.2136
LINE,2.2128
LINE,2.224
LINE,2.22
LTR,2.232
SINE,2.2232
LINE,2.2144
LINE,2.2192
LINE,2.2232
unique/low-repeat,2.208
SINE,2.2216
unique/low-repeat,2.2256
LINE,2.2152
unique/low-repeat,2.2352
SINE,2.22
LINE,2.228
LINE,2.212
LTR,2.224
LINE,2.2104
SINE,1.9704
LINE,2.216
LINE,2.2224
LINE,2.1968
LINE,2.2176
SINE,2.2216
LINE,2.2088
LINE,2.1936
SINE,2.2456
SINE,2.2216
LINE,2.2344
LTR,2.2376
SINE,2.2352
LTR,2.2256
LINE,2.2304
LINE,2.2064
SINE,2.2264
SINE,2.2176
LINE,2.2056
LTR,2.224
LTR,2.2344
SINE,2.204
LINE,2.2336
LTR,2.2328
unique/low-repeat,2.2248
LINE,2.2064
LTR,2.24
unique/low-repeat,2.2152
LTR,2.2136
LINE,2.228
LINE,2.2352
SINE,2.2328
Simple_repeat,2.1712
SINE,2.2312
SINE,2.2152
LINE,2.2232
unique/low-repeat,2.2288
LINE,2.2312
LTR,2.2296
LINE,2.2256
LTR,2.2272
DNA,2.2072
SINE,2.2216
LINE,2.2256
unique/low-repeat,2.2416
LINE,2.2544
LINE,2.2224
LINE,2.2232
LINE,2.212
LINE,2.2208
LTR,2.2184
unique/low-repeat,2.2128
LINE,2.1944
LINE,2.2152
LINE,2.2296
LINE,2.228
LINE,2.2176
LTR,2.2144
SINE,2.2256
LINE,2.2304
LINE,2.2312
SINE,2.2216
DNA,2.212
LINE,2.228
LINE,2.2264
LINE,2.2216
LINE,2.2152
LINE,2.2176
LTR,2.2424
SINE,2.1928
unique/low-repeat,2.2128
SINE,2.224
LINE,2.2288
LTR,2.2288
LINE,2.2224
DNA,2.2216
SINE,2.212
LINE,2.2256
DNA,2.2248
LINE,2.2264
LTR,2.2288
LINE,2.208
LINE,2.2448
unique/low-repeat,2.2168
LINE,2.2064
LINE,2.2264
LINE,2.1976
LTR,2.224
LINE,2.228
LINE,2.2064
LTR,2.2056
LINE,2.2264
LTR,2.228
LTR,2.2304
LINE,2.2128
LINE,2.2264
LINE,2.216
LINE,2.2224
LINE,2.2128
LINE,2.2184
LINE,2.208
LINE,2.2216
LINE,2.2424
LTR,2.228
LINE,2.2232
LINE,2.2016
LINE,2.2192
LTR,2.2264
LINE,2.2056
LINE,2.22
LTR,2.216
LINE,2.2344
LINE,2.2296
DNA,2.2136
LINE,2.236
LINE,2.2344
LINE,2.2288
LINE,2.2104
LINE,2.2168
LINE,2.216
unique/low-repeat,2.2232
unique/low-repeat,2.2048
LINE,2.2008
LINE,2.2288
unique/low-repeat,2.196
LTR,2.2192
LTR,2.2384
LINE,2.2112
unique/low-repeat,2.2208
unique/low-repeat,2.2136
LINE,2.2064
SINE,2.2176
LINE,2.2128
LINE,2.2208
LTR,2.2144
LINE,2.2152
unique/low-repeat,2.2104
LINE,2.2216
unique/low-repeat,2.2072
LINE,2.1984
LTR,2.2232
unique/low-repeat,2.2184
LINE,2.208
LINE,2.2184
LTR,2.2128
LTR,2.2136
LINE,2.22
LINE,2.2288
LTR,2.2296
LINE,2.22
LINE,2.236
LINE,2.2256
LINE,2.2392
LINE,2.2136
LINE,2.2208
LTR,2.2152
unique/low-repeat,2.2264
LINE,2.2016
LINE,2.212
LINE,2.212
LINE,2.2272
LINE,2.2384
LINE,2.1944
SINE,2.228
LTR,2.2048
LINE,2.2304
LINE,2.2152
LINE,2.2288
LINE,2.2224
LINE,2.2184
LINE,2.232
LTR,2.2192
LINE,2.2112
LTR,2.2048
LTR,2.2248
unique/low-repeat,2.2264
unique/low-repeat,2.2472
unique/low-repeat,2.2336
unique/low-repeat,2.228
DNA,2.236
LINE,2.2248
LINE,2.2192
LINE,2.2232
LINE,2.2168
unique/low-repeat,2.216
LINE,2.2264
LTR,2.2176
LTR,2.2168
LINE,2.2304
SINE,2.2056
SINE,2.2152
LTR,2.236
unique/low-repeat,2.224
LINE,2.2016
LINE,2.2184
unique/low-repeat,2.2352
LTR,2.2552
LINE,2.2192
SINE,2.2296
LINE,2.2368
LINE,2.2304
unique/low-repeat,2.2152
LINE,2.2288
unique/low-repeat,2.2224
SINE,2.22
LINE,2.2232
LINE,2.2288
unique/low-repeat,2.2368
DNA,2.2288
LTR,2.224
LTR,2.2464
LTR,2.2352
LINE,2.2296
LINE,2.2168
LINE,2.228
LINE,2.216
LTR,2.2256
LINE,2.2296
SINE,2.2128
LINE,2.2008
LINE,2.2336
LINE,2.2328
SINE,2.2224
LTR,2.2288
LINE,2.2344
SINE,2.228
SINE,2.2128
SINE,2.2304
SINE,2.2104
LINE,2.2328
LINE,2.22
LINE,2.2312
LINE,2.2136
LINE,2.2312
LINE,2.2328
SINE,2.2192
SINE,2.2336
LINE,2.2368
LTR,2.2424
LTR,2.2176
LINE,2.2304
LINE,2.2352
LTR,2.2264
unique/low-repeat,2.2256
SINE,2.2304
LTR,2.24
LINE,2.2224
LINE,2.24
LINE,2.212
unique/low-repeat,2.2216
LINE,2.2264
LINE,2.2096
LINE,2.2088
LINE,2.2264
LINE,2.2232
LTR,2.2232
LINE,2.2136
LINE,2.2072
LINE,2.2328
DNA,2.244
SINE,2.2352
LTR,2.2384
LINE,2.2232
LINE,2.2448
LTR,2.2224
unique/low-repeat,2.2184
LINE,2.2168
LINE,2.212
SINE,2.144
SINE,2.184
SINE,2.152
SINE,2.1864
LINE,2.2152
LINE,2.2064
SINE,2.2072
SINE,2.2176
LINE,2.2104
SINE,2.216
LINE,2.2088
SINE,2.2384
SINE,2.2216
LINE,2.2176
SINE,2.24
LINE,2.224
SINE,2.2552
LINE,2.2136
LINE,2.2264
unique/low-repeat,1.8936
DNA,2.232
LINE,2.2392
LINE,2.2328
LINE,2.2008
unique/low-repeat,2.228
SINE,2.2064
LINE,2.2472
LINE,2.1768
SINE,2.2384
LINE,2.2104
LINE,2.24
SINE,2.2248
LINE,2.2344
LINE,2.2136
LINE,2.1976
SINE,2.2296
LINE,2.1752
SINE,2.2024
LINE,2.212
LINE,2.2184
SINE,2.2296
LINE,2.2264
LINE,2.2344
LINE,2.2208
LINE,2.2248
SINE,2.2136
DNA,2.2376
SINE,2.2256
SINE,2.2264
SINE,2.2504
SINE,2.1656
LINE,2.2272
SINE,2.2192
SINE,2.168
SINE,2.2168
LINE,2.1008
SINE,2.2104
SINE,2.236
SINE,2.1368
unique/low-repeat,2.2352
LINE,2.2528
LINE,2.212
LTR,2.2384
LINE,2.2208
LTR,2.2376
SINE,2.1552
LTR,2.2512
SINE,2.2328
LINE,2.2384
LINE,2.2232
SINE,2.2344
LINE,2.2304
LINE,2.0984
LTR,2.2136
SINE,2.184
LTR,2.196
DNA,2.2392
SINE,2.2184
SINE,2.216
LINE,2.2352
SINE,2.2344
SINE,2.2024
LINE,2.212
LTR,2.2224
SINE,2.228
SINE,2.2328
LINE,2.2312
SINE,2.1912
SINE,2.2056
SINE,2.112
SINE,2.2096
SINE,2.1704
LTR,2.2504
SINE,2.236
LINE,2.2312
LTR,2.212
LTR,2.2408
LINE,2.2312
LTR,2.212
LTR,2.2176
LTR,2.2344
LTR,2.2248
LINE,2.224
unique/low-repeat,2.2304
LINE,2.2168
LINE,2.232
LINE,2.2136
LINE,2.2144
LINE,2.2272
SINE,2.2304
SINE,2.2184
unique/low-repeat,2.2632
SINE,2.2352
LTR,2.2384
LINE,2.224
LTR,2.2368
LINE,2.204
SINE,2.2384
SINE,2.208
LINE,2.2168
SINE,2.2344
DNA,2.2216
LINE,2.2168
LINE,2.232
LTR,2.2152
LINE,2.2216
LTR,2.2336
LTR,2.2312
LINE,2.2464
LTR,2.2352
SINE,2.1552
SINE,2.1232
SINE,2.2072
SINE,2.2152
SINE,2.2288
unique/low-repeat,2.228
SINE,2.2288
LINE,2.2328
LINE,2.2416
LINE,2.2432
LTR,2.2048
LTR,2.2192
SINE,2.22
SINE,2.2216
SINE,2.228
LINE,2.216
DNA,2.2184
LINE,2.1656
LINE,2.2256
LINE,2.208
LINE,2.2136
LINE,2.2336
LTR,2.2232
SINE,2.2168
LINE,2.2216
LINE,2.2272
LTR,2.2264
LTR,2.2256
SINE,2.224
LINE,2.22
LTR,2.236
LINE,2.2256
LINE,2.2224
LINE,2.2248
LINE,2.2136
LINE,2.2224
LINE,2.2464
LINE,2.2312
LINE,2.212
LINE,2.2328
LINE,2.228
LINE,2.2384
unique/low-repeat,2.2096
SINE,2.2088
SINE,2.2144
SINE,2.1896
SINE,2.0344
LTR,2.212
SINE,2.244
SINE,2.2208
SINE,2.2152
DNA,2.2384
SINE,2.2344
unique/low-repeat,2.2384
SINE,2.24
SINE,2.2352
SINE,2.2312
LINE,2.2112
LINE,2.2288
SINE,2.2408
SINE,2.228
DNA,2.2248
SINE,2.2192
LINE,2.2112
LINE,2.2248
LTR,2.2184
LINE,2.224
LINE,2.2264
LTR,2.2192
LINE,2.2432
LINE,2.232
LTR,2.1984
LINE,2.224
LINE,2.2288
LTR,2.2336
LINE,2.2104
LTR,2.22
LTR,2.2296
LINE,2.2328
LINE,2.2384
LINE,2.2096
LINE,2.2192
LINE,2.2248
SINE,2.2416
LTR,2.2072
SINE,2.2368
SINE,2.228
LTR,2.2168
LINE,2.2264
LINE,2.2232
LINE,2.2288
SINE,2.2304
LINE,2.2488
LTR,2.2248
LINE,2.2136
LINE,2.2216
SINE,2.2456
LTR,2.2384
unique/low-repeat,2.2152
LINE,2.2312
LINE,2.2296
LINE,2.2344
SINE,2.232
SINE,2.2256
SINE,2.1568
SINE,2.2448
LTR,2.2096
LTR,2.2336
LTR,2.1752
LTR,2.2344
SINE,2.2344
SINE,2.2224
SINE,2.2264
LTR,2.2376
LTR,2.2296
LINE,2.2048
SINE,2.2216
SINE,2.2232
SINE,2.2072
LTR,2.2192
LTR,2.2272
SINE,2.2328
LINE,2.232
LINE,2.216
LINE,2.2232
LTR,2.2392
SINE,2.2184
LINE,2.2256
LINE,2.2504
LINE,2.2344
Simple_repeat,2.1736
unique/low-repeat,2.228
LINE,2.232
LINE,2.2144
LINE,2.1912
LINE,2.2336
LINE,2.2432
LINE,2.2112
LINE,2.2368
LINE,2.232
SINE,2.2048
unique/low-repeat,2.228
unique/low-repeat,2.2456
LTR,2.2568
LINE,2.2264
LTR,2.22
LTR,2.2264
SINE,2.216
LTR,2.2336
LINE,2.2216
LINE,2.216
LINE,2.2312
LINE,2.224
LINE,2.2312
LINE,2.2384
LINE,2.22
LINE,2.2376
LINE,2.2192
unique/low-repeat,2.2368
LTR,2.2432
LINE,2.2104
LTR,2.2184
LINE,2.2272
LINE,2.2384
LINE,2.2328
LINE,2.2272
LINE,2.236
SINE,2.2192
LTR,2.2232
LINE,2.2312
LTR,2.2224
LTR,2.2392
LINE,2.2072
LINE,2.2208
LINE,2.2192
SINE,2.2168
LINE,2.2088
DNA,2.2216
LINE,2.2312
LINE,2.2128
LINE,2.1328
LTR,2.2312
LTR,2.196
SINE,2.2272
LTR,2.1408
SINE,2.2264
LINE,2.2272
LTR,2.2152
LINE,2.2328
LTR,2.2368
LINE,2.2304
LINE,2.2104
SINE,2.2096
SINE,2.24
LTR,2.2352
LINE,2.236
LINE,2.2088
SINE,2.2488
LINE,2.24
LINE,2.2264
LTR,2.2264
SINE,2.2144
LINE,2.2096
LINE,2.2264
LINE,2.2328
LINE,2.228
SINE,2.2
LTR,2.2432
SINE,2.2496
SINE,2.2024
SINE,2.2424
SINE,2.2288
Simple_repeat,2.0736
SINE,2.2232
LINE,2.2024
LTR,2.1984
unique/low-repeat,2.2208
LTR,2.2272
LINE,2.2104
LTR,2.2256
LINE,2.2392
SINE,2.232
LINE,2.2416
LTR,2.232
LINE,2.2256
LINE,2.2184
unique/low-repeat,2.2416
LINE,2.2208
unique/low-repeat,2.2256
unique/low-repeat,2.2416
unique/low-repeat,2.2344
SINE,2.2088
LINE,2.2408
SINE,2.2352
LINE,2.2392
SINE,2.2408
LINE,2.2304
SINE,2.2376
SINE,2.168
SINE,2.2168
LINE,2.2336
SINE,2.2176
LINE,2.2328
LINE,2.2328
LINE,2.2224
SINE,2.2024
SINE,2.2168
SINE,2.1896
SINE,2.2096
LINE,2.2368
SINE,2.2336
unique/low-repeat,2.2584
unique/low-repeat,2.24
LINE,2.248
unique/low-repeat,2.216
unique/low-repeat,2.0752
LINE,2.1216
unique/low-repeat,2.1688
LINE,2.1272
LINE,2.2256
LTR,2.18
LTR,2.1504
LTR,2.1248
LINE,2.232
LTR,2.1752
LTR,2.1768
LTR,2.1712
LINE,2.2456
LINE,2.2296
unique/low-repeat,2.0344
unique/low-repeat,2.2032
LTR,2.02
unique/low-repeat,2.068
LTR,2.232
LTR,2.1856
LTR,2.136
Simple_repeat,2.0832
LINE,2.2264
LTR,2.1936
LTR,2.0728
unique/low-repeat,2.1864
SINE,1.1
SINE,2.0168
LINE,2.232
unique/low-repeat,2.2256
LINE,1.848
unique/low-repeat,2.204
SINE,2.2384
unique/low-repeat,2.216
unique/low-repeat,2.2184
unique/low-repeat,2.2176
unique/low-repeat,2.1624
unique/low-repeat,2.2264
unique/low-repeat,2.1736
SINE,2.2256
LINE,2.156
SINE,2.0904
SINE,2.1784
SINE,2.0384
SINE,2.1344
LTR,2.2296
SINE,2.196
LTR,2.2536
LINE,2.2352
LTR,2.2584
unique/low-repeat,2.204
LINE,2.24
LINE,2.2448
LINE,2.208
LINE,2.2296
unique/low-repeat,2.2416
SINE,2.2264
SINE,2.228
SINE,2.16
LINE,2.2032
SINE,2.2272
SINE,2.2144
LINE,2.1696
SINE,2.1992
LINE,2.2264
unique/low-repeat,2.2384
SINE,2.1432
LINE,2.1968
SINE,2.1704
SINE,2.2016
SINE,2.2352
SINE,2.228
SINE,2.236
LINE,2.2392
LINE,2.2512
SINE,2.2376
unique/low-repeat,2.2544
LINE,2.236
LINE,2.2256
SINE,2.2448
LTR,2.228
LTR,2.236
LINE,2.2192
DNA,2.236
LINE,2.22
LINE,2.2408
LINE,2.24
LTR,2.2184
unique/low-repeat,2.2208
unique/low-repeat,2.2312
unique/low-repeat,2.2312
unique/low-repeat,2.244
LTR,2.2336
LTR,2.228
LINE,2.2248
LINE,2.2256
LINE,2.2352
SINE,2.2384
SINE,2.2384
LINE,2.2304
LINE,2.212
LINE,2.2368
LINE,2.2408
LINE,2.2536
LTR,2.2488
LINE,2.2264
unique/low-repeat,2.224
DNA,2.2344
unique/low-repeat,2.2232
LINE,2.2176
unique/low-repeat,2.2256
LINE,2.2352
LINE,2.208
DNA,2.196
unique/low-repeat,2.2016
LINE,2.2288
LINE,2.2176
LINE,2.2384
LINE,2.1776
LINE,2.228
LTR,2.232
LINE,2.2072
SINE,2.236
DNA,2.2352
LINE,2.224
SINE,2.2392
LINE,2.2336
unique/low-repeat,2.2376
LINE,2.2392
LINE,2.2488
LINE,2.2344
unique/low-repeat,2.2536
LINE,2.1688
SINE,2.1968
LINE,2.2232
LINE,2.2496
LINE,2.244
LINE,2.2384
SINE,2.22
SINE,2.2048
LINE,2.224
SINE,2.2272
unique/low-repeat,2.2232
LINE,2.2328
LINE,2.2144
LINE,2.2384
unique/low-repeat,2.2432
LINE,2.2024
LINE,2.2248
LINE,2.2208
LINE,2.2296
LTR,2.2256
LINE,2.2264
LTR,2.2168
LINE,2.2304
LINE,2.2392
SINE,2.1944
DNA,2.2456
unique/low-repeat,2.22
LINE,2.2072
LTR,2.2488
LTR,2.2344
LTR,2.2336
LINE,2.2312
LINE,2.2296
LINE,2.2224
LINE,2.224
LINE,2.22
LINE,2.2224
SINE,2.1896
SINE,2.2104
SINE,2.1928
LINE,2.2256
SINE,2.1864
SINE,2.2072
SINE,2.1568
SINE,2.1648
SINE,2.1512
SINE,2.136
SINE,2.1272
SINE,2.1832
SINE,2.1928
unique/low-repeat,2.2288
LINE,2.2
LINE,2.2376
unique/low-repeat,2.228
LINE,2.1832
LINE,2.2304
LINE,2.2176
LINE,2.2224
LINE,2.2272
LINE,2.2136
LINE,2.2232
LINE,2.2184
LINE,2.2264
LINE,2.2328
DNA,2.24
LINE,2.224
LINE,2.24
LINE,2.232
LTR,2.2336
SINE,2.2304
LTR,2.2312
SINE,2.1952
LINE,2.2336
SINE,2.2144
LTR,2.2416
unique/low-repeat,2.2392
SINE,2.2024
SINE,2.2456
SINE,2.2128
SINE,2.216
LINE,2.1848
LINE,2.2232
LTR,2.2216
LINE,2.22
LTR,2.2232
LTR,2.2128
LINE,2.2272
LINE,2.2256
LINE,2.2192
LINE,2.2136
LINE,2.2056
LINE,2.2272
LINE,2.228
unique/low-repeat,2.2136
LTR,2.2352
LINE,2.2176
LINE,2.2128
LINE,2.2208
LTR,2.2256
LINE,2.2232
LTR,2.2328
LTR,2.224
LINE,2.2288
LTR,2.22
LTR,2.2272
LTR,2.2392
LTR,2.208
LINE,2.216
SINE,2.2224
LINE,2.2296
LINE,2.236
unique/low-repeat,2.2112
LINE,2.2176
LINE,2.2064
LINE,2.2272
LINE,2.1912
DNA,2.208
unique/low-repeat,2.2024
LINE,2.228
LTR,2.2224
LINE,2.2256
LTR,2.244
LTR,2.2272
Satellite,2.1768
LTR,2.2312
LINE,2.2072
LINE,2.2168
LTR,2.2256
LTR,2.2232
unique/low-repeat,2.2088
LINE,2.2256
SINE,2.2024
LTR,2.2176
LINE,2.2224
LINE,2.2168
LINE,2.2056
LTR,2.204
LINE,2.196
LTR,2.2184
LINE,2.2328
LINE,2.228
LINE,2.1912
LINE,2.2232
LINE,2.2144
LINE,2.2
LINE,2.2336
LINE,2.2192
LTR,2.224
LINE,2.2216
LTR,2.1736
LTR,2.2008
LINE,2.2112
SINE,2.2128
LTR,2.2128
LINE,2.216
LINE,2.22
LINE,2.1928
SINE,2.2216
LINE,2.2104
LINE,2.232
LINE,2.2248
LINE,2.2256
LINE,2.228
DNA,2.2256
unique/low-repeat,2.224
SINE,2.2432
LINE,2.2184
SINE,2.2264
LINE,2.2112
LINE,2.216
LTR,2.2296
unique/low-repeat,2.2192
unique/low-repeat,2.2336
LINE,2.2192
LTR,2.2296
LINE,2.2032
LINE,2.224
LINE,2.2344
LINE,2.244
DNA,2.2288
LINE,2.2256
LINE,2.2248
LINE,2.2456
SINE,2.2192
LINE,2.232
unique/low-repeat,2.2072
unique/low-repeat,2.2272
SINE,2.2232
unique/low-repeat,2.2376
LINE,2.228
unique/low-repeat,2.2416
LINE,2.2048
LINE,2.2192
unique/low-repeat,2.224
LTR,2.2264
LINE,2.224
SINE,2.2264
LINE,2.1936
DNA,2.2288
LINE,2.2336
SINE,2.2344
SINE,2.2048
SINE,2.2168
SINE,2.1552
SINE,2.2344
unique/low-repeat,2.2304
unique/low-repeat,2.22
SINE,2.188
SINE,2.1888
LINE,2.1984
LINE,2.224
LINE,2.2288
SINE,2.2248
LINE,2.228
LINE,2.2208
LINE,2.1912
LINE,2.2256
unique/low-repeat,2.2224
LINE,2.2296
LINE,2.2352
SINE,2.2376
LINE,2.2408
LINE,2.2248
LTR,2.244
unique/low-repeat,2.2208
unique/low-repeat,2.24
unique/low-repeat,2.2328
unique/low-repeat,2.2416
SINE,2.2192
unique/low-repeat,2.232
SINE,2.2376
LINE,2.1864
LINE,2.2288
LINE,2.2528
SINE,2.2216
SINE,2.2256
LINE,2.1792
LINE,2.2296
LTR,2.2136
LINE,2.2136
LINE,2.2144
SINE,2.2184
SINE,2.2048
LINE,2.2192
LINE,2.2184
SINE,2.208
LINE,2.1904
LINE,2.2176
LINE,2.2408
LINE,2.2304
SINE,2.2256
LINE,2.2368
unique/low-repeat,2.2352
LINE,2.216
LINE,2.2456
SINE,2.228
LINE,2.2328
unique/low-repeat,2.2424
LINE,2.2312
LINE,2.244
SINE,2.2264
LINE,2.2264
LINE,2.2128
LINE,2.2368
LINE,2.2304
LINE,2.2352
LINE,2.2368
DNA,2.2312
SINE,2.1432
SINE,2.1544
LINE,2.1456
SINE,2.2008
SINE,2.2288
LINE,2.2272
LTR,2.2496
SINE,2.2456
LINE,2.2112
unique/low-repeat,2.2216
LINE,2.2408
LINE,2.22
LINE,2.2424
LINE,2.2304
LTR,2.2264
LINE,2.2344
LINE,2.2344
LINE,2.2336
SINE,2.24
LTR,2.2176
DNA,2.2184
LINE,2.2368
SINE,2.2264
SINE,2.2216
DNA,2.2288
unique/low-repeat,2.2184
LINE,2.2168
LTR,2.2264
LINE,2.1848
LINE,2.2424
unique/low-repeat,2.228
LINE,2.0248
LINE,2.2152
LINE,2.2296
LINE,2.2464
LINE,2.2112
LINE,2.22
unique/low-repeat,2.248
LINE,2.208
LINE,2.2152
SINE,2.2064
LINE,2.2216
LINE,2.228
LINE,2.2152
LINE,2.2384
unique/low-repeat,2.2464
LINE,2.2224
LTR,2.2112
LINE,2.22
LTR,2.2144
LTR,2.2392
LTR,2.2088
LINE,2.2008
LINE,2.2088
LINE,2.1968
LTR,2.2304
LINE,2.2304
LTR,2.2176
LINE,2.224
LINE,2.2224
LINE,2.212
LINE,2.216
DNA,2.2344
LINE,2.188
LINE,2.2192
DNA,2.224
unique/low-repeat,2.2336
LINE,2.2416
unique/low-repeat,2.2264
unique/low-repeat,2.2584
unique/low-repeat,2.2512
LINE,2.2336
LINE,2.2312
LINE,2.2096
LINE,2.2344
LTR,2.2288
LINE,2.1952
LINE,2.2224
LINE,2.2472
LTR,2.1968
LINE,2.2256
LTR,2.2152
LINE,2.2152
LINE,2.2112
LINE,2.2056
LINE,2.204
LTR,2.2392
unique/low-repeat,2.232
LINE,2.2168
LINE,2.2224
LINE,2.2296
LINE,2.1608
unique/low-repeat,2.2304
LINE,2.2112
LINE,2.1928
LINE,2.2264
LINE,2.2096
DNA,2.2088
LINE,2.2232
LINE,2.2176
LTR,2.232
SINE,2.2152
LINE,2.2288
DNA,2.2288
LINE,2.224
unique/low-repeat,2.2264
DNA,2.2224
SINE,2.2312
LINE,2.2
LINE,2.2176
Simple_repeat,2.1696
LINE,2.2416
LINE,2.2384
LINE,2.2152
LINE,2.2128
unique/low-repeat,2.212
LINE,2.2296
LINE,2.2352
LINE,2.2376
LINE,2.188
LINE,2.1712
SINE,2.172
unique/low-repeat,2.2088
LINE,2.2392
LINE,2.228
LINE,2.236
LINE,2.22
SINE,2.2456
LINE,2.2288
SINE,2.2112
LINE,2.2336
LINE,2.2256
LINE,2.2344
LTR,2.2608
LINE,2.232
LINE,2.236
LINE,2.236
DNA,2.2288
unique/low-repeat,2.2232
SINE,2.22
unique/low-repeat,2.2168
unique/low-repeat,2.2376
LINE,2.2296
LINE,2.2104
LINE,2.2208
LTR,2.228
LINE,2.2288
LINE,2.2288
LINE,2.2336
LINE,2.2128
LINE,2.2208
LINE,2.212
LINE,2.216
LINE,2.2264
LINE,2.22
unique/low-repeat,2.2216
SINE,2.2304
SINE,2.2184
LINE,2.224
LINE,2.2176
SINE,2.216
SINE,2.2296
LTR,2.2272
LINE,2.2256
LINE,2.204
LINE,2.2208
LINE,2.2176
LINE,2.2336
SINE,2.2216
LINE,2.2064
LINE,2.1952
LINE,2.216
LTR,2.2272
LTR,2.2264
unique/low-repeat,2.2256
LINE,2.1976
LTR,2.2312
LTR,2.2136
LINE,2.2096
LINE,2.2208
LINE,2.1904
LINE,2.2184
LINE,2.22
LINE,2.2376
unique/low-repeat,2.1992
LINE,2.2328
LTR,2.216
LINE,2.2384
LINE,2.2136
LINE,2.2216
LINE,2.2328
LINE,2.2208
LINE,2.2392
LINE,2.22
unique/low-repeat,2.2184
LINE,2.2088
LINE,2.2176
LINE,2.2208
LTR,2.228
LINE,2.2216
LINE,2.2232
LINE,2.2296
LTR,2.216
LINE,2.22
LINE,2.2256
LINE,2.2104
LINE,2.2304
LINE,2.2216
LINE,2.2296
LINE,2.208
LINE,2.1912
LINE,2.2088
LINE,2.224
LINE,2.2248
LINE,2.2088
LINE,2.2184
unique/low-repeat,2.2136
LINE,2.1944
LINE,2.2376
DNA,2.2392
SINE,2.2176
LTR,2.22
LTR,2.2112
LINE,2.2352
LINE,2.2216
LINE,2.2368
LINE,2.24
LTR,2.2352
LTR,2.2312
SINE,2.1856
DNA,2.1904
SINE,2.212
SINE,2.188
LINE,2.228
LINE,2.2432
SINE,2.1544
SINE,2.2
SINE,2.2224
SINE,2.184
unique/low-repeat,2.2288
SINE,2.204
SINE,2.2168
LINE,2.2144
unique/low-repeat,2.2552
LINE,2.168
LINE,2.1912
SINE,2.248
SINE,2.1264
SINE,2.1456
SINE,2.0544
SINE,2.0728
SINE,2.048
SINE,2.1456
SINE,2.1688
LINE,2.1584
unique/low-repeat,2.1968
SINE,2.2096
LINE,2.196
SINE,2.2232
unique/low-repeat,2.2208
LTR,2.2024
unique/low-repeat,2.2224
LINE,2.2352
LINE,2.2448
LINE,2.2152
unique/low-repeat,2.2208
LINE,2.2256
LINE,2.2208
LINE,2.2456
unique/low-repeat,2.2328
unique/low-repeat,2.2336
LTR,2.2216
LTR,2.1696
LTR,2.2136
LINE,2.2032
LTR,2.2224
SINE,2.2304
LINE,2.2136
SINE,2.2168
LINE,2.228
LTR,2.2248
SINE,2.2216
SINE,2.1928
LINE,2.244
unique/low-repeat,2.2352
SINE,2.1824
unique/low-repeat,2.24
LINE,2.2392
SINE,2.1912
LINE,2.2256
SINE,2.2432
SINE,2.1024
SINE,2.2312
SINE,2.2144
SINE,2.1872
SINE,2.2008
SINE,2.0944
SINE,2.2136
LTR,2.2144
DNA,2.2288
LINE,2.2384
SINE,2.2256
LINE,2.2472
unique/low-repeat,2.2272
SINE,2.2376
SINE,2.2088
SINE,2.2312
SINE,2.2
LINE,2.2112
SINE,2.2552
SINE,2.228
SINE,2.2096
LINE,2.2416
SINE,2.2296
SINE,2.2448
SINE,2.2152
LTR,2.2368
SINE,2.2352
LINE,2.2384
LINE,2.1272
SINE,2.2416
SINE,2.2312
SINE,2.2352
DNA,2.2488
SINE,2.2248
SINE,2.2176
LINE,2.2
LTR,2.2264
LINE,2.1624
LTR,2.2264
LTR,2.2496
LTR,2.2296
unique/low-repeat,2.228
LINE,2.2
SINE,2.192
LINE,2.2152
LTR,2.2392
SINE,2.2256
SINE,2.2048
LINE,2.2128
LTR,2.212
LINE,2.2312
LINE,2.2224
LINE,2.2384
LINE,2.2032
LINE,2.2184
LINE,2.2184
LTR,2.2232
SINE,2.1864
LTR,2.2488
LINE,2.232
LINE,2.2272
LINE,2.252
LINE,2.2368
LTR,2.224
LINE,2.2112
LINE,2.1968
LTR,2.2304
LTR,2.2416
LTR,2.2016
LINE,2.2112
LINE,2.1976
LINE,2.2168
LINE,2.2032
LINE,2.2272
SINE,2.2144
LINE,2.2168
LTR,2.0704
LINE,2.208
LINE,2.1184
SINE,2.2064
LTR,2.1784
unique/low-repeat,2.2648
LTR,2.2232
LTR,2.2504
unique/low-repeat,2.2344
LTR,2.2264
LTR,2.2216
SINE,2.172
LINE,2.2224
LINE,2.2168
LINE,2.2048
LTR,2.2464
LINE,2.228
LINE,2.2048
LINE,2.1808
SINE,2.1672
SINE,2.2144
SINE,2.2328
LTR,2.2128
LINE,2.1928
LINE,2.224
DNA,2.224
LINE,2.2376
LINE,2.2432
LINE,2.2168
LINE,2.2368
LINE,2.04
LTR,2.2168
LINE,2.2224
Simple_repeat,1.6584
LTR,2.236
LINE,2.2328
LINE,2.2296
unique/low-repeat,2.224
unique/low-repeat,2.2408
LINE,2.2272
LTR,2.2288
LINE,2.2312
SINE,2.1792
LINE,2.2392
LINE,2.1968
LINE,2.22
LINE,2.2272
LTR,2.2416
unique/low-repeat,2.2192
LINE,2.208
LINE,2.2208
LTR,2.2512
LTR,2.2184
LINE,2.2152
LTR,2.2496
LTR,2.2304
SINE,2.204
LINE,2.2376
unique/low-repeat,2.2256
LINE,2.2288
LINE,2.236
LINE,2.2408
LTR,2.228
SINE,2.2056
SINE,2.2376
SINE,2.2056
Satellite,2.2352
LTR,2.2248
unique/low-repeat,2.2288
LTR,2.2304
LINE,2.2248
Simple_repeat,1.9456
DNA,2.196
unique/low-repeat,2.2176
SINE,2.2224
LINE,2.216
LINE,2.2336
LINE,2.2032
LINE,2.2256
LINE,2.2224
LTR,2.2128
SINE,2.1632
SINE,2.2376
LINE,2.2096
LTR,2.2464
LINE,2.1888
SINE,2.2032
LINE,2.1944
DNA,2.2312
LTR,2.2032
LINE,2.2248
LINE,2.2208
LTR,2.2216
LINE,2.2288
other-repeat,2.2216
SINE,2.2168
LINE,2.2272
LINE,2.2088
LINE,2.216
LINE,2.2064
LINE,2.2064
LINE,2.2328
LINE,2.2176
LINE,2.2272
LINE,2.232
LINE,2.2248
LTR,2.2288
SINE,2.2112
LINE,2.2344
LINE,2.196
LINE,2.1752
unique/low-repeat,2.2112
LINE,2.2384
LTR,2.2224
SINE,2.2008
LINE,2.1824
SINE,2.2112
LTR,2.2112
SINE,2.2144
LINE,2.2216
LTR,2.1984
LTR,2.212
LINE,2.2072
LINE,2.2192
unique/low-repeat,2.2216
SINE,2.2248
unique/low-repeat,2.2296
LINE,2.2056
Low_complexity,1.7376
LINE,2.2216
LINE,2.236
Simple_repeat,2.148
LINE,2.2208
DNA,2.2264
LINE,2.22
Satellite,2.1272
LINE,2.2136
LTR,2.228
SINE,2.2384
LINE,2.2192
SINE,2.2416
LINE,2.232
LINE,2.2352
SINE,2.2272
SINE,2.2296
SINE,2.2024
LINE,2.1888
SINE,2.216
SINE,2.2208
LINE,2.2296
SINE,2.1888
LINE,2.1864
LINE,2.2312
SINE,2.2408
LINE,2.2416
LINE,2.22
SINE,2.2272
LINE,2.2216
SINE,2.2168
LTR,2.2344
LINE,2.2328
LTR,2.2176
LTR,2.2376
LTR,2.212
LTR,2.228
SINE,2.2312
unique/low-repeat,2.2328
LINE,2.232
SINE,2.2384
LTR,2.2328
LINE,2.2208
LINE,2.2136
LINE,2.2568
LINE,2.2104
SINE,2.228
SINE,2.1512
LTR,2.2
SINE,2.2008
SINE,2.2312
LTR,2.2128
SINE,2.228
SINE,2.2328
LINE,2.2296
SINE,2.2312
SINE,2.22
LINE,2.228
LINE,2.2112
LINE,2.2256
LINE,2.2184
LTR,2.2208
unique/low-repeat,2.2296
LINE,2.22
LINE,2.2168
LINE,2.2344
LINE,2.0608
LINE,2.2448
LINE,2.1512
LINE,2.2352
LINE,2.2264
LTR,2.2136
SINE,2.2208
LINE,2.244
DNA,2.2296
SINE,2.2368
SINE,2.1488
SINE,2.228
LINE,2.244
SINE,2.2112
LTR,2.2176
SINE,2.2224
SINE,2.2016
SINE,2.1744
LTR,2.2248
unique/low-repeat,2.2288
SINE,2.1752
SINE,2.1984
SINE,2.2216
LTR,2.1776
LTR,2.224
SINE,2.1664
LINE,2.2216
LTR,2.2096
unique/low-repeat,2.2352
SINE,2.2168
LTR,2.2232
LINE,2.2144
LINE,2.2072
LINE,2.2104
DNA,2.232
SINE,2.2256
unique/low-repeat,2.2144
LTR,2.2264
LINE,2.216
LTR,2.2168
LINE,2.2184
LINE,2.2064
LINE,2.2208
LINE,2.2328
LINE,2.2112
LINE,2.2304
LINE,2.2232
LINE,2.216
LINE,2.1624
LINE,2.176
LINE,2.224
LINE,2.22
unique/low-repeat,2.2576
DNA,2.2136
SINE,2.2312
unique/low-repeat,2.24
SINE,2.2296
SINE,2.2272
LINE,2.2056
SINE,2.2544
LINE,2.176
LINE,2.2248
SINE,2.2304
SINE,2.2096
SINE,2.2296
LINE,2.2352
LTR,2.2328
LINE,2.1944
LINE,2.2176
LTR,2.2088
LINE,2.2264
DNA,2.1504
LINE,2.2368
DNA,2.2312
LINE,2.2296
LINE,2.2152
LTR,2.236
LINE,2.2272
LINE,2.2336
LINE,2.192
LINE,2.2288
DNA,2.24
SINE,2.2064
DNA,2.2552
LINE,2.2488
LINE,2.2264
unique/low-repeat,2.232
LINE,2.2504
SINE,2.2376
LINE,2.2208
SINE,2.196
SINE,2.2136
LTR,2.2024
LTR,2.208
SINE,2.188
SINE,2.2152
SINE,2.2224
SINE,2.2272
SINE,2.2176
unique/low-repeat,2.232
SINE,2.2304
SINE,2.2144
SINE,2.2296
LINE,2.224
LINE,2.2192
SINE,2.2072
unique/low-repeat,2.2472
SINE,2.1952
LINE,2.2384
LINE,2.1976
LINE,2.1856
LINE,2.2312
LINE,2.2048
SINE,2.2304
LINE,2.2424
SINE,2.196
LINE,2.22
unique/low-repeat,2.22
LTR,2.2208
LTR,2.2104
SINE,2.2344
LINE,2.2304
unique/low-repeat,2.2464
LINE,2.248
LTR,2.22
LINE,2.228
LINE,2.2288
LINE,2.2104
LINE,2.224
LTR,2.2424
LTR,2.2528
SINE,2.2432
SINE,2.2448
SINE,2.2232
LINE,2.2384
LTR,2.2152
LTR,2.2192
LTR,2.2288
LINE,2.2264
LTR,2.2352
LINE,2.2272
LTR,2.2328
LINE,2.2136
LTR,2.1968
LINE,2.2408
LTR,2.2232
LINE,2.2392
LINE,2.224
SINE,2.2392
LINE,2.2328
LINE,2.2232
LINE,2.2272
LINE,2.2432
LTR,2.2248
LINE,2.2368
unique/low-repeat,2.2448
LTR,2.224
DNA,2.2168
SINE,2.2512
LINE,2.224
LINE,2.2104
LTR,2.188
LINE,2.2264
LTR,2.2384
LINE,2.2384
LTR,2.2104
LINE,2.2232
LINE,2.236
LINE,2.216
LINE,2.2128
LINE,2.2256
LINE,2.2128
LINE,2.2136
LINE,2.2224
SINE,2.2408
LINE,2.1976
LTR,2.2344
LINE,2.2104
LTR,2.2064
LINE,2.232
LINE,2.2104
LINE,2.2296
SINE,2.2352
LTR,2.2432
SINE,2.1928
SINE,2.1248
SINE,2.196
SINE,2.1944
SINE,2.1976
SINE,2.1832
SINE,2.156
LTR,2.2392
LINE,2.2424
Satellite,2.2144
unique/low-repeat,2.236
SINE,2.2224
unique/low-repeat,2.2264
SINE,2.2368
LINE,2.224
LINE,2.2336
LINE,2.22
LTR,2.224
LTR,2.2296
LTR,2.2128
LINE,2.2136
LTR,2.2368
LINE,2.1984
LINE,2.2152
DNA,2.2376
LINE,2.2304
LTR,2.232
unique/low-repeat,2.2328
LINE,2.2128
LINE,2.228
DNA,2.2312
LINE,2.2072
LINE,2.2392
LTR,2.2264
SINE,2.1888
LINE,2.2336
LINE,2.204
SINE,2.2432
SINE,2.2304
SINE,2.196
LINE,2.1888
SINE,2.24
SINE,2.216
LINE,2.236
LTR,2.204
LTR,2.2216
LTR,2.2368
LINE,2.2408
SINE,2.212
LINE,2.2336
LTR,2.228
LINE,2.2176
LTR,2.2432
LINE,2.224
LINE,2.2592
unique/low-repeat,2.2208
LTR,2.2368
SINE,2.2296
LINE,2.2032
LTR,2.2384
LINE,2.2328
LINE,2.2344
LINE,2.22
LTR,2.24
LINE,2.22
LTR,2.232
LINE,2.228
LINE,2.2336
LINE,2.2288
LINE,2.2352
LINE,2.22
SINE,2.188
LINE,2.24
LINE,2.2136
LINE,2.248
LTR,2.1976
LTR,2.2224
LINE,2.2264
SINE,2.2424
SINE,2.2
LINE,2.2384
DNA,2.2376
LINE,2.2216
LTR,2.2288
unique/low-repeat,2.248
unique/low-repeat,2.2408
LINE,2.2248
LINE,2.2216
LINE,2.2216
SINE,2.2328
SINE,2.2416
SINE,2.2352
SINE,2.192
SINE,2.1984
SINE,2.2528
SINE,2.232
DNA,2.244
unique/low-repeat,2.2416
LINE,2.2112
LINE,2.2288
other-repeat,2.2264
LINE,2.1848
LTR,2.2256
SINE,2.1944
LTR,2.2184
Satellite,2.2456
LINE,2.1344
LTR,2.2064
LTR,2.204
Retroposon,2.176
LINE,2.2032
LTR,2.1728
SINE,2.1368
SINE,2.112
LTR,2.16
SINE,2.1544
LTR,2.1888
LINE,2.2304
LINE,2.2384
LINE,2.1024
SINE,2.1976
LTR,2.2168
LINE,2.2168
LTR,2.2192
LINE,2.2392
LINE,2.2376
LTR,2.2312
LINE,2.204
LTR,2.2328
LINE,2.1872
SINE,2.1736
LINE,2.2368
LTR,2.2072
LINE,2.224
SINE,2.2296
LINE,2.2256
LINE,2.2448
Simple_repeat,2.1888
LINE,2.2272
LINE,2.2208
LINE,2.2384
LINE,2.2464
Simple_repeat,2.1168
LINE,2.2432
SINE,2.2336
LTR,2.224
LINE,2.2424
LINE,2.208
LTR,2.2504
LTR,2.22
DNA,2.2416
LINE,2.2184
LINE,2.2216
SINE,2.1936
LTR,2.1144
LINE,2.1728
LTR,2.2392
LTR,2.1864
LTR,2.232
LTR,2.224
LTR,2.2392
DNA,2.2384
LINE,2.2472
SINE,2.2248
unique/low-repeat,2.2584
LINE,2.2232
LINE,2.2112
LTR,2.2008
LINE,2.2104
SINE,2.2392
LINE,2.244
LINE,2.2512
SINE,2.192
LINE,2.2368
unique/low-repeat,2.216
SINE,2.212
LINE,2.2256
unique/low-repeat,2.2336
LINE,2.2144
LINE,2.216
LINE,2.2496
LINE,2.1432
LINE,2.2056
LTR,2.2272
LINE,2.22
SINE,2.2024
SINE,2.2256
LINE,2.2288
unique/low-repeat,2.2232
SINE,2.1912
SINE,2.2136
LINE,2.224
SINE,2.2352
LTR,2.2272
LINE,2.2368
LINE,2.2408
LTR,2.2376
LINE,2.2272
LINE,2.2328
unique/low-repeat,2.2328
LTR,2.2288
LINE,2.2152
SINE,2.212
LINE,2.2232
SINE,2.2328
LTR,2.1896
unique/low-repeat,1.896
SINE,2.1848
LINE,2.1912
SINE,2.1872
unique/low-repeat,2.204
SINE,2.2016
LTR,2.248
SINE,2.2168
SINE,2.208
SINE,2.2088
DNA,2.236
LINE,2.2144
SINE,2.2144
LINE,2.24
SINE,2.2232
unique/low-repeat,2.2408
unique/low-repeat,2.2496
LINE,2.2416
unique/low-repeat,2.256
unique/low-repeat,2.2536
LINE,2.2288
LINE,2.2544
LINE,2.2336
LINE,2.2472
SINE,2.2064
LINE,2.2176
LINE,2.2216
LTR,2.2408
SINE,2.2392
SINE,2.24
SINE,2.2296
LINE,2.1696
SINE,2.2104
SINE,2.1712
SINE,2.1296
unique/low-repeat,2.2432
SINE,2.232
unique/low-repeat,2.2448
SINE,2.2008
LINE,2.2256
LINE,2.2208
LINE,2.2208
SINE,2.2152
LTR,2.2248
LTR,2.2232
LINE,2.2232
unique/low-repeat,2.2216
LINE,2.1896
SINE,2.2096
LINE,2.2416
LINE,2.2328
LINE,2.24
unique/low-repeat,2.2224
unique/low-repeat,2.2264
SINE,2.2312
LINE,2.24
LINE,2.2344
LTR,2.2368
unique/low-repeat,2.24
LINE,2.2256
LINE,2.2088
LINE,2.1952
LINE,2.1936
SINE,2.1792
SINE,2.2352
SINE,2.2152
LINE,2.24
SINE,2.1976
LINE,2.2152
SINE,2.2152
SINE,2.1824
SINE,2.2456
SINE,2.2408
SINE,2.2424
LINE,2.2176
LINE,2.1848
LINE,2.2144
LINE,2.252
LINE,2.2384
LTR,2.2408
LINE,2.24
SINE,2.2408
LINE,2.2256
LINE,2.2264
LINE,2.2464
SINE,2.22
SINE,2.2248
LTR,2.2336
LTR,2.2304
LTR,2.2392
DNA,2.2232
LINE,2.2472
LINE,2.2368
LINE,2.2256
LINE,2.2584
LINE,2.2312
LINE,2.2048
SINE,2.2256
LINE,2.22
SINE,2.2344
SINE,2.2344
LINE,2.2368
DNA,2.2272
LINE,2.2096
LINE,2.2304
LTR,2.2128
LINE,2.22
LINE,2.24
LINE,2.2224
LINE,2.2152
LINE,2.2
LTR,2.2256
LINE,2.208
LINE,2.212
SINE,2.2296
LINE,2.22
LINE,2.2256
LTR,2.204
LINE,2.1896
LINE,2.2256
LINE,2.2288
LINE,2.2224
LINE,2.2296
LINE,2.2336
LINE,2.2272
LTR,2.2368
LINE,2.2208
LINE,2.228
LTR,2.2328
LTR,2.2248
LINE,2.2368
LINE,2.2192
SINE,2.2136
LTR,2.2208
LINE,2.228
LINE,2.224
SINE,2.2264
LINE,2.232
SINE,2.2232
SINE,2.2488
LINE,2.2344
SINE,2.208
LINE,2.2208
unique/low-repeat,2.2504
LINE,2.2152
LINE,2.2304
unique/low-repeat,2.232
LINE,2.2216
LINE,2.2208
DNA,2.2128
LINE,2.2144
LINE,2.1848
LINE,2.2304
unique/low-repeat,2.2192
LINE,2.1904
LINE,2.2328
LINE,2.2056
LINE,2.2008
DNA,2.2264
LTR,2.2128
unique/low-repeat,2.2216
LINE,2.2144
LINE,2.2272
LINE,2.2096
LINE,2.1872
LINE,2.2176
LINE,2.2272
LTR,2.2152
LINE,2.1536
LINE,2.208
LINE,2.2264
LINE,2.2136
LINE,2.2104
LTR,2.2376
LINE,2.228
LINE,2.2072
LINE,2.2088
LTR,2.22
LTR,2.2368
LTR,2.2176
LINE,2.1896
SINE,2.216
LINE,2.1784
unique/low-repeat,2.2056
LINE,2.2128
LTR,2.2336
LTR,2.2384
LTR,2.2272
LINE,2.2376
SINE,2.22
LTR,2.2256
LTR,2.2256
LINE,2.2192
LINE,2.2152
LINE,2.2104
SINE,2.2336
SINE,2.2136
SINE,2.1688
SINE,2.2096
SINE,2.2224
SINE,2.228
SINE,2.2176
SINE,2.1672
SINE,2.18
LINE,2.236
SINE,2.216
unique/low-repeat,2.216
LINE,2.2432
SINE,2.2352
SINE,2.2328
LINE,2.2352
LINE,2.2296
LINE,2.2192
LTR,2.2272
LINE,2.216
LINE,2.2344
LINE,2.216
LTR,2.2368
LINE,2.228
unique/low-repeat,2.2384
LINE,2.2384
LINE,2.2296
LINE,2.2384
LINE,2.2344
LTR,2.2424
LINE,2.2208
DNA,2.2248
LINE,2.2384
LTR,2.0032
LINE,2.2272
LINE,2.2232
LINE,2.2328
LINE,2.1848
SINE,2.16
SINE,2.1384
SINE,2.1552
SINE,2.12
SINE,2.2336
LINE,2.232
SINE,2.2208
SINE,2.2408
LTR,2.228
SINE,2.2328
LINE,2.2328
LINE,2.232
LINE,2.2336
LINE,2.2416
LINE,2.2344
LINE,2.2296
LINE,2.2264
LINE,2.216
LINE,2.2296
LTR,2.2344
LTR,2.2312
SINE,2.2352
LINE,2.212
LINE,2.236
SINE,2.2272
LINE,2.2168
LINE,2.2096
SINE,2.2144
LINE,2.2096
SINE,2.2488
SINE,2.2312
SINE,2.2512
LINE,2.244
LINE,2.2016
LINE,2.2176
LINE,2.2232
LINE,2.2416
DNA,2.24
LINE,2.2304
LINE,2.212
LINE,2.2192
SINE,2.2216
DNA,2.2224
SINE,2.212
SINE,2.1904
SINE,2.1936
SINE,2.2152
LINE,2.2144
SINE,2.2232
LINE,2.2432
LINE,2.2368
LINE,2.1984
LINE,2.2112
LINE,2.2256
SINE,2.2184
LINE,2.2048
LINE,2.2192
LINE,2.2128
LINE,2.2168
LINE,2.2272
LTR,2.2328
LINE,2.212
LINE,2.2248
LINE,2.2248
LINE,2.2216
SINE,2.2368
SINE,2.176
SINE,2.2248
SINE,2.2264
LINE,2.2192
SINE,2.1944
SINE,2.1464
SINE,2.1928
LINE,2.184
SINE,2.216
LINE,2.248
LINE,2.2216
SINE,2.1864
SINE,2.2056
SINE,2.1912
LINE,2.1848
LINE,2.2048
SINE,2.2016
SINE,2.2152
SINE,2.1904
LINE,2.2128
unique/low-repeat,2.232
LINE,2.2376
LINE,2.2192
SINE,2.1672
LINE,2.2344
LINE,2.2016
SINE,2.0984
LINE,2.2304
LINE,1.812
SINE,2.204
unique/low-repeat,2.232
SINE,2.1952
SINE,2.2496
SINE,2.1648
LINE,2.1632
LINE,2.1272
SINE,2.2392
SINE,2.2136
SINE,2.2352
SINE,2.2096
SINE,2.2272
LINE,2.2192
LINE,2.18
SINE,2.2272
LINE,2.2416
SINE,2.2256
SINE,2.2256
SINE,2.2192
unique/low-repeat,2.2224
LINE,2.2304
SINE,2.1984
SINE,2.2304
SINE,2.2464
LTR,2.2232
SINE,2.1384
SINE,2.1736
LINE,2.2112
LINE,2.2376
LINE,2.2208
LINE,2.2288
SINE,2.1984
LINE,2.2328
SINE,2.1848
LINE,2.22
SINE,2.228
SINE,2.2208
SINE,2.22
SINE,2.2352
SINE,2.2264
SINE,2.2176
LINE,2.2176
LINE,2.2368
SINE,2.22
LTR,2.244
LINE,2.2384
SINE,2.2208
LTR,2.212
LINE,2.2296
LINE,2.2288
LINE,2.2176
LINE,2.2384
SINE,2.2176
SINE,2.2296
LINE,2.224
SINE,2.2352
SINE,2.2184
SINE,2.228
SINE,2.2304
SINE,2.2184
SINE,2.1936
LINE,2.2272
SINE,2.2104
LINE,2.232
SINE,2.2384
LINE,2.224
LINE,2.1944
SINE,2.236
LTR,2.2168
SINE,2.208
LINE,2.224
SINE,2.2264
LTR,2.2096
LINE,2.2072
SINE,2.2208
LINE,2.2296
SINE,2.2104
SINE,2.2072
SINE,2.2248
SINE,2.2184
LINE,2.2312
LTR,2.2232
LINE,2.2224
LTR,2.2352
LINE,2.2064
LTR,2.2424
LINE,2.2224
LINE,2.2192
LTR,2.2368
unique/low-repeat,2.224
LINE,2.2304
LINE,2.2312
LTR,2.224
LINE,2.2008
LINE,2.2128
LINE,2.212
SINE,2.2088
LINE,2.2176
SINE,2.236
LINE,2.236
LINE,2.212
SINE,2.2184
LINE,2.2512
LINE,2.2328
SINE,2.2312
SINE,2.212
LINE,2.2208
LINE,2.2216
LINE,2.2376
LINE,2.2224
SINE,2.2144
LINE,2.196
LINE,2.2104
LINE,2.2312
LINE,2.2248
SINE,2.2368
LINE,2.2384
SINE,2.24
LTR,2.224
SINE,2.2176
SINE,2.228
LINE,2.2216
SINE,2.24
LTR,2.216
LTR,2.224
LINE,2.228
LINE,2.2464
LTR,2.2312
LINE,2.244
DNA,2.2216
SINE,2.2424
SINE,2.2072
SINE,2.2152
SINE,2.1952
SINE,2.224
SINE,2.2424
LINE,2.2208
LINE,2.216
LINE,2.2104
LINE,2.2472
LTR,2.2344
SINE,2.2128
SINE,2.2304
LTR,2.208
SINE,2.2032
SINE,2.1992
SINE,2.1864
LINE,2.1872
SINE,2.2264
SINE,2.1872
unique/low-repeat,2.2536
SINE,2.2208
unique/low-repeat,2.2168
SINE,2.2296
SINE,2.232
SINE,2.232
SINE,2.2392
SINE,2.2352
LINE,2.196
SINE,2.2136
SINE,2.2208
SINE,2.212
SINE,2.2296
LTR,2.2128
LTR,2.2288
LINE,2.2272
LINE,2.2016
LINE,2.2168
LINE,2.2128
LINE,2.2248
LINE,2.2288
SINE,2.1936
SINE,2.248
SINE,2.216
unique/low-repeat,2.2312
SINE,2.2016
unique/low-repeat,2.2304
LINE,2.2208
LINE,2.2208
SINE,2.1936
LINE,2.2328
unique/low-repeat,2.2184
unique/low-repeat,2.2096
unique/low-repeat,2.2184
SINE,2.2184
SINE,2.228
SINE,2.2352
LINE,2.256
LINE,2.2384
LINE,2.2352
SINE,2.2336
SINE,2.2368
SINE,2.0816
unique/low-repeat,2.2424
SINE,2.1648
LTR,2.164
LINE,2.1928
SINE,2.2288
SINE,2.2032
LINE,2.2408
SINE,2.2272
LINE,2.2232
LINE,2.2024
SINE,2.2368
SINE,2.212
LINE,2.2256
SINE,2.2016
SINE,2.2176
SINE,2.2088
SINE,2.2
SINE,2.2248
LINE,2.1664
LINE,2.2048
SINE,2.1408
SINE,2.0856
SINE,2.1368
SINE,2.0792
SINE,2.2096
SINE,2.1696
SINE,2.2464
LTR,2.2368
SINE,2.2432
SINE,2.208
LINE,2.2024
SINE,2.2192
SINE,2.2352
SINE,2.232
SINE,2.2072
LTR,2.2184
SINE,2.2184
LINE,2.2152
LINE,2.2248
LINE,2.2176
LINE,2.236
unique/low-repeat,2.2408
unique/low-repeat,2.2464
SINE,2.2352
SINE,2.2024
LTR,2.2032
SINE,2.1824
LINE,2.2328
SINE,2.112
SINE,2.1656
SINE,2.236
LINE,2.2016
SINE,2.2416
unique/low-repeat,2.2128
LINE,2.2344
SINE,2.2256
LINE,2.2288
SINE,2.2512
SINE,2.1768
SINE,2.1304
SINE,2.08
SINE,2.2088
SINE,2.2368
SINE,2.2112
SINE,2.232
SINE,2.1464
SINE,2.2208
SINE,2.152
SINE,2.14
SINE,2.2304
SINE,2.172
SINE,2.1056
SINE,2.1152
SINE,2.2208
unique/low-repeat,2.2424
SINE,2.2184
SINE,2.148
SINE,2.0312
SINE,2.2216
SINE,2.18
SINE,2.2056
unique/low-repeat,2.2168
unique/low-repeat,2.216
SINE,2.1456
SINE,2.2008
SINE,2.196
SINE,2.0968
LINE,2.236
SINE,2.2176
LINE,2.1944
LINE,2.2256
SINE,2.2232
SINE,2.2392
SINE,2.1024
SINE,2.1688
SINE,2.2104
SINE,2.1816
SINE,2.18
SINE,2.128
unique/low-repeat,2.2128
SINE,2.1312
SINE,2.0904
SINE,2.1808
SINE,2.1016
SINE,2.204
SINE,2.2216
SINE,2.2048
SINE,2.2272
SINE,2.1368
SINE,2.2176
unique/low-repeat,2.2072
SINE,2.2008
unique/low-repeat,2.2336
unique/low-repeat,2.24
unique/low-repeat,2.2392
SINE,2.1896
SINE,2.2032
SINE,2.1512
SINE,2.1264
LINE,2.1416
SINE,2.112
SINE,2.1888
SINE,2.2088
SINE,2.2288
unique/low-repeat,2.2176
SINE,2.2272
SINE,2.1568
SINE,2.192
SINE,2.2008
SINE,2.208
SINE,2.2
SINE,2.1776
SINE,2.1864
LINE,2.2024
SINE,2.0216
SINE,2.1848
SINE,2.1624
unique/low-repeat,2.1976
unique/low-repeat,2.2328
SINE,2.2024
SINE,2.22
LTR,2.2384
DNA,2.248
unique/low-repeat,2.2632
Retroposon,2.2256
SINE,2.1736
SINE,2.2248
SINE,2.2488
SINE,2.2024
SINE,2.2056
SINE,2.232
LINE,2.2096
SINE,2.1888
SINE,1.9904
SINE,2.2136
SINE,2.2096
unique/low-repeat,2.26
unique/low-repeat,2.2464
unique/low-repeat,2.248
SINE,2.24
SINE,2.2384
DNA,2.2344
LINE,2.1968
SINE,2.2472
SINE,2.2304
SINE,2.2048
SINE,2.2392
LTR,2.2472
SINE,2.2128
LTR,2.2248
SINE,2.196
LINE,2.2248
unique/low-repeat,2.22
Simple_repeat,2.1672
unique/low-repeat,2.2264
LINE,2.2048
unique/low-repeat,2.2072
SINE,2.2072
SINE,2.0848
unique/low-repeat,2.22
Simple_repeat,2.1672
unique/low-repeat,2.2024
unique/low-repeat,2.1784
LINE,2.2168
LINE,2.2136
SINE,2.212
SINE,2.176
unique/low-repeat,2.2544
SINE,2.22
unique/low-repeat,2.2176
unique/low-repeat,2.1968
unique/low-repeat,2.2184
LTR,2.1
DNA,2.112
LINE,2.2376
LINE,2.2464
LINE,2.2464
unique/low-repeat,1.9192
unique/low-repeat,2.1928
SINE,2.188
unique/low-repeat,2.2208
unique/low-repeat,2.196
unique/low-repeat,1.7224
LINE,2.2368
unique/low-repeat,2.2448
LINE,2.212
unique/low-repeat,2.2376
LTR,2.2296
LTR,2.2192
LINE,2.2368
LTR,2.1696
unique/low-repeat,2.2248
LINE,2.1792
unique/low-repeat,2.1888
unique/low-repeat,2.2144
unique/low-repeat,2.2304
LINE,2.22
Simple_repeat,2.1528
LINE,2.2288
unique/low-repeat,2.2112
LTR,2.148
LINE,2.192
SINE,2.2232
LINE,2.2056
SINE,2.2432
SINE,2.2216
unique/low-repeat,2.2296
LINE,2.1392
unique/low-repeat,2.208
unique/low-repeat,2.2192
unique/low-repeat,2.0504
unique/low-repeat,2.2536
LINE,2.2016
unique/low-repeat,2.2064
SINE,2.2176
SINE,2.2168
unique/low-repeat,2.1856
SINE,2.1576
SINE,2.1872
unique/low-repeat,2.1792
SINE,2.1616
unique/low-repeat,2.1696
unique/low-repeat,2.1984
SINE,2.176
unique/low-repeat,2.144
SINE,2.1696
SINE,2.2136
SINE,2.2536
LINE,2.2448
LINE,2.2144
LINE,2.2304
LINE,2.2288
LINE,2.2136
LTR,1.9464
LINE,2.204
LINE,2.2192
LINE,2.2112
LINE,2.2288
unique/low-repeat,2.2248
SINE,1.9056
other-repeat,0.6864
unique/low-repeat,1.8336
SINE,1.9608
SINE,2.064
unique/low-repeat,2.0864
SINE,1.9616
SINE,1.8664
SINE,2.0536
Simple_repeat,2.1376
Simple_repeat,1.8384
SINE,2.0152
SINE,2.0152
SINE,2.1072
LINE,2.1376
SINE,2.136
LTR,1.5848
SINE,2.1032
SINE,2.1192
SINE,2.1584
SINE,2.0832
LTR,1.9576
Simple_repeat,1.9752
SINE,2.1072
LTR,2.2296
SINE,2.0416
SINE,2.1048
SINE,2.1616
LTR,2.208
LINE,2.1856
SINE,2.2384
SINE,2.2304
SINE,2.2064
SINE,2.1928
LTR,2.2304
LTR,2.2328
LTR,2.2112
Simple_repeat,2.1952
LTR,2.2128
LTR,2.2144
Simple_repeat,2.1736
LTR,2.244
SINE,2.1864
SINE,2.2256
LTR,2.2456
SINE,2.2128
LTR,2.2312
LTR,2.1872
LTR,2.2208
LTR,2.228
LINE,2.2056
LINE,2.2304
LINE,2.2232
LINE,2.2176
SINE,2.216
LINE,2.2304
LTR,2.2248
LTR,2.1976
LINE,2.2128
LTR,2.2216
LINE,2.2176
LINE,2.224
LTR,2.208
unique/low-repeat,2.172
SINE,2.196
SINE,2.2096
LTR,2.2144
LINE,2.2104
LINE,2.2112
LTR,2.2408
Simple_repeat,2.1752
LINE,2.1672
SINE,2.2088
unique/low-repeat,2.184
SINE,2.204
LTR,2.2256
LINE,2.224
LTR,2.2296
SINE,2.224
LINE,2.2416
LTR,2.2352
LTR,2.224
LINE,2.2232
LINE,2.212
LINE,2.2136
LINE,2.2184
LINE,2.2224
LTR,2.2224
SINE,2.2248
LINE,2.2192
LINE,2.2024
SINE,2.2344
LINE,2.2248
SINE,2.2376
LTR,2.232
SINE,2.2328
SINE,2.1976
LINE,2.1632
LINE,2.2288
SINE,2.2056
SINE,2.22
LTR,2.232
LTR,2.2264
LINE,2.2088
LINE,2.2096
LINE,2.22
LTR,2.2296
LTR,2.224
LINE,2.18
LINE,2.1896
LTR,2.132
LTR,2.2432
LINE,2.2208
SINE,2.224
SINE,2.2416
SINE,2.2368
LTR,2.2
SINE,2.1936
LINE,2.2256
LINE,2.2408
LTR,2.224
LTR,2.228
unique/low-repeat,2.2288
SINE,2.2392
LTR,2.2472
LINE,2.1976
Retroposon,2.1296
LTR,2.2232
LINE,2.216
LTR,2.1544
unique/low-repeat,2.2336
LTR,2.2304
LINE,2.2112
Simple_repeat,0.8768
LTR,2.164
LTR,2.2272
LTR,2.236
LTR,2.2368
SINE,2.2064
LINE,2.2224
LTR,2.2184
SINE,2.128
LTR,2.2032
SINE,2.2168
SINE,2.2072
SINE,2.2328
DNA,2.2184
unique/low-repeat,2.2392
LINE,2.2496
LINE,2.2344
LTR,2.2288
SINE,2.2232
LINE,2.2312
SINE,2.2416
SINE,2.2224
SINE,2.168
LINE,2.2504
LINE,2.2464
unique/low-repeat,2.2432
SINE,2.2376
SINE,2.1952
SINE,2.184
LINE,2.2288
SINE,2.2176
SINE,2.2336
LINE,2.244
DNA,2.232
LINE,2.2016
LTR,2.2288
LTR,2.2312
DNA,2.2424
DNA,2.24
LINE,2.2472
LINE,2.2272
LINE,2.228
unique/low-repeat,2.2256
LINE,2.2104
LTR,2.2304
SINE,2.2368
unique/low-repeat,2.256
LINE,2.2272
LINE,2.2096
LINE,2.22
LTR,2.2288
SINE,2.2192
LINE,2.2024
unique/low-repeat,2.2472
unique/low-repeat,2.2592
LTR,2.2152
LINE,2.232
LINE,2.2288
LINE,2.2248
LINE,2.2368
LINE,2.2128
LINE,2.2368
LINE,2.22
LTR,2.2232
LINE,2.244
LINE,2.2392
SINE,2.2136
DNA,2.2264
SINE,2.2496
LTR,2.2496
LINE,2.208
LINE,2.2416
LINE,2.2328
SINE,2.236
LINE,2.2432
SINE,2.2256
DNA,2.2552
SINE,2.2248
LINE,2.2208
LTR,2.2304
LTR,2.2224
unique/low-repeat,2.1736
LINE,2.248
LTR,2.2304
LINE,2.2344
DNA,2.2272
SINE,2.24
LINE,2.2432
unique/low-repeat,2.2504
unique/low-repeat,2.2448
SINE,2.2336
SINE,2.2296
SINE,2.2144
SINE,2.2472
LTR,2.212
SINE,2.2032
unique/low-repeat,2.2256
LINE,2.2264
DNA,2.244
LTR,2.2216
LINE,2.1952
LINE,2.2104
LTR,2.2296
LTR,2.232
LINE,2.2208
LINE,2.228
LINE,2.2328
LINE,2.2024
LINE,2.2232
LTR,2.2128
LINE,2.2248
LINE,2.2216
DNA,2.2448
LTR,2.2216
LINE,2.2416
LINE,2.2152
LTR,2.2512
LINE,2.176
LINE,2.2256
LINE,2.2328
LTR,2.2248
LTR,2.232
LTR,2.2264
LTR,2.2176
LINE,2.2328
LINE,2.2184
LTR,2.2392
LINE,2.2056
LINE,2.2432
SINE,2.1216
SINE,2.152
unique/low-repeat,2.236
SINE,2.2344
SINE,2.2224
LINE,2.22
SINE,2.2008
LTR,2.24
LINE,2.2288
LINE,2.2192
LINE,2.2288
LINE,2.2256
LTR,2.2352
LINE,2.2336
LINE,2.228
LINE,2.2072
LINE,2.2152
LINE,2.236
LINE,2.2248
LINE,2.232
LTR,2.2448
LINE,2.2376
LINE,2.2408
LINE,2.1368
LINE,2.2
SINE,2.2336
unique/low-repeat,2.2408
SINE,2.2096
LINE,2.1688
LTR,2.2328
LINE,2.1736
SINE,2.2256
SINE,2.2336
LINE,2.2416
LTR,2.2112
SINE,2.248
SINE,2.2224
SINE,2.2032
SINE,2.1704
SINE,2.2088
LINE,2.2072
SINE,2.2128
LINE,2.2248
LTR,2.2304
LINE,2.2504
LTR,2.2368
LINE,2.2216
SINE,2.2024
SINE,2.24
SINE,2.2376
SINE,2.2096
SINE,2.2168
LINE,2.22
LINE,2.2304
LINE,2.2104
SINE,2.228
SINE,2.2088
SINE,2.1992
SINE,2.1952
SINE,2.1808
SINE,2.2144
LTR,2.2344
LTR,2.244
LINE,2.232
LINE,2.2136
LTR,2.2232
LINE,2.2144
LTR,2.2272
LTR,2.2216
LINE,2.2272
LINE,2.2288
LINE,2.1992
LINE,2.22
LINE,2.224
LINE,2.2144
LINE,2.2288
LINE,2.2168
LINE,2.2304
LTR,2.2136
LINE,2.1944
unique/low-repeat,2.224
LINE,2.2296
unique/low-repeat,2.2192
LINE,2.2208
LINE,2.2216
LTR,2.2272
SINE,2.2264
SINE,2.1496
SINE,2.2056
unique/low-repeat,2.2456
SINE,2.2328
LINE,2.2328
SINE,2.2288
LINE,2.2432
LINE,2.2344
DNA,2.2264
LINE,2.2344
DNA,2.2336
LINE,2.2208
LINE,2.2144
LINE,2.2368
LINE,2.228
LINE,2.236
LINE,2.2312
LINE,2.2112
LINE,2.2232
LINE,2.2152
LINE,2.2184
LINE,2.2224
LINE,2.2368
LINE,2.2248
LINE,2.2104
LINE,2.2288
LINE,2.2368
LINE,2.228
LINE,2.2584
SINE,2.2352
LINE,2.2272
SINE,2.1992
unique/low-repeat,2.2304
LINE,2.2312
SINE,2.152
SINE,2.1344
SINE,2.176
SINE,2.1968
SINE,2.172
SINE,2.1064
SINE,2.1336
SINE,2.1016
SINE,2.1192
SINE,2.1608
SINE,2.228
SINE,2.1872
SINE,2.104
SINE,2.1544
SINE,2.1896
LINE,2.2552
SINE,2.224
SINE,2.2272
LINE,2.2176
LINE,2.2216
LINE,2.228
SINE,2.2328
LINE,2.236
LINE,2.2184
SINE,2.2216
LINE,2.216
LINE,2.236
SINE,2.2248
LINE,2.1952
unique/low-repeat,2.2432
LTR,2.2376
LINE,2.2072
LTR,2.22
LINE,2.1808
LINE,2.2232
LTR,2.2296
LINE,2.2312
LINE,2.2216
LINE,2.2328
LINE,2.236
LINE,2.2024
LINE,2.2168
SINE,2.212
LINE,2.2176
LINE,2.2104
LINE,2.2384
LINE,2.2136
LINE,2.2208
LINE,2.2128
LINE,2.2344
LINE,2.2312
LINE,2.2472
LINE,2.2176
LINE,2.0264
LINE,2.2208
LINE,2.2128
LTR,2.2088
LINE,2.2224
LINE,2.2216
LTR,2.2024
LTR,2.2368
LINE,2.204
LINE,2.2088
LTR,2.2064
LINE,2.2096
LINE,2.2272
LINE,2.2432
LINE,2.196
unique/low-repeat,2.2256
LINE,2.2344
LTR,2.2272
LINE,2.2184
LINE,2.228
LTR,2.2072
LINE,2.2192
LINE,2.2272
LTR,2.2336
LINE,2.2136
LINE,2.2464
LINE,2.2408
LINE,2.2072
unique/low-repeat,2.2296
LINE,2.2392
LINE,2.2144
LINE,2.2096
LINE,2.2064
SINE,2.216
LINE,2.2272
LINE,2.212
LINE,2.212
LINE,2.228
SINE,2.2144
LINE,2.2296
SINE,2.2208
SINE,2.2288
LINE,2.228
LINE,2.2264
SINE,2.1992
LINE,2.2216
LINE,2.2296
LTR,2.204
LINE,2.228
LINE,2.216
LINE,2.2208
LINE,2.216
LINE,2.236
LINE,2.2216
Simple_repeat,2.0064
LINE,2.2128
LTR,2.2464
LTR,2.2344
LINE,2.2248
LINE,2.22
LINE,2.232
LINE,2.2208
LINE,2.2424
LTR,2.22
LINE,2.2272
LINE,2.2232
LINE,2.1936
SINE,2.2216
SINE,2.104
unique/low-repeat,2.2184
SINE,2.2368
Simple_repeat,1.8464
LINE,2.1888
LINE,2.2256
LINE,2.2136
LINE,2.2368
LTR,2.2184
LINE,2.2408
SINE,2.2248
LINE,2.1592
LINE,2.2408
LINE,2.2296
LINE,2.2416
LINE,2.2344
SINE,2.2016
SINE,2.1968
SINE,2.2032
SINE,2.2184
SINE,2.212
LINE,2.2432
LTR,2.2272
DNA,2.2288
LINE,2.2248
LINE,2.2256
SINE,2.2216
LTR,2.2448
LTR,2.2392
LINE,2.2368
LINE,2.2512
DNA,2.232
LTR,2.2368
LINE,2.2352
LINE,2.2224
LINE,2.22
LTR,2.2304
LINE,2.212
LINE,2.2176
LTR,2.232
LINE,2.2248
LTR,2.2352
LINE,2.2168
LINE,2.244
LINE,2.2104
LINE,2.22
LINE,2.22
unique/low-repeat,2.2152
LINE,2.2184
unique/low-repeat,2.2128
LTR,2.2296
LINE,2.2448
LINE,2.2208
unique/low-repeat,2.2136
LINE,2.2248
LINE,2.2272
LINE,2.2352
LINE,2.22
unique/low-repeat,2.2336
LINE,2.248
LTR,2.2256
LTR,2.2144
LINE,2.224
LINE,2.2272
LINE,2.2136
LTR,2.2232
LTR,2.2184
LINE,2.2296
LINE,2.2088
LTR,2.2272
LTR,2.2344
LTR,2.2392
LINE,2.2304
LINE,2.2184
LTR,2.2104
LINE,2.2232
LINE,2.1848
LINE,2.2264
SINE,2.2304
LINE,2.2312
LINE,2.2192
SINE,2.236
LINE,2.2312
LINE,2.216
LINE,2.2192
LINE,2.2272
LINE,2.2208
LINE,2.2224
LINE,2.2144
LTR,2.2248
LTR,2.2096
LTR,2.2272
LTR,2.2232
LINE,2.208
LINE,2.2328
LINE,2.2216
LINE,2.224
LINE,2.2024
LINE,2.2128
LTR,2.216
LINE,2.212
LINE,2.2208
LTR,2.2256
LTR,2.2216
LINE,2.2128
LINE,2.228
LTR,2.2136
LINE,2.2184
LINE,2.0784
LINE,2.2208
LTR,2.24
LTR,2.2264
LTR,2.2352
LTR,2.2376
LINE,2.2208
LINE,2.228
LTR,2.2096
SINE,2.2312
LINE,2.2344
SINE,2.208
LINE,2.2288
LINE,2.2008
LINE,2.2128
LTR,2.2216
LTR,2.2344
LINE,2.2296
LTR,2.2168
LINE,2.232
SINE,2.2192
SINE,2.2264
SINE,2.2368
LTR,2.2248
LINE,2.224
LTR,2.2256
LINE,2.2312
LINE,2.2264
SINE,2.2416
LINE,2.2136
LINE,2.2208
LINE,2.24
LTR,2.22
LINE,2.2344
LTR,2.24
LINE,2.2232
LINE,2.2224
LTR,2.2208
LTR,2.2384
LTR,2.232
SINE,2.2472
LTR,2.212
SINE,2.228
SINE,2.2048
LINE,2.2464
LTR,2.212
SINE,2.2384
SINE,2.2304
SINE,2.232
unique/low-repeat,2.264
SINE,2.2144
LINE,2.2136
LINE,2.2464
LTR,2.2312
LTR,2.2304
SINE,2.2048
SINE,2.2192
LINE,2.2328
LINE,2.236
SINE,2.2136
SINE,2.1192
LINE,2.208
SINE,2.1576
SINE,2.1432
SINE,2.1152
SINE,2.108
SINE,2.1408
LINE,2.136
SINE,2.2168
LINE,2.2176
SINE,2.1928
LINE,2.1976
LINE,2.216
LINE,2.2192
LINE,2.2072
SINE,2.2168
LINE,2.2184
LINE,2.2072
LTR,2.24
LTR,2.2192
LINE,2.2264
LTR,2.2136
LTR,2.2336
DNA,2.24
LINE,2.2048
LINE,2.2104
LTR,2.2408
LTR,2.236
LTR,2.2336
LTR,2.2392
LINE,2.2272
LTR,2.228
LINE,2.2384
LINE,2.2096
LINE,2.2264
LINE,2.212
LINE,2.208
LINE,2.2144
LINE,2.2176
LTR,2.2208
LTR,2.2352
LINE,2.2104
LTR,2.236
LINE,2.2376
unique/low-repeat,2.2256
LINE,2.1936
LINE,2.2392
LINE,2.1936
LINE,2.2288
SINE,2.1968
SINE,2.168
SINE,2.1512
SINE,2.2344
SINE,2.2
LINE,2.2184
LINE,2.204
LTR,2.2392
LINE,2.2336
Simple_repeat,1.8208
LINE,2.2104
LTR,2.2336
LINE,2.212
LINE,2.2216
LTR,2.2376
DNA,2.2144
LINE,2.2088
LINE,2.2008
LINE,2.2168
LINE,2.2176
LTR,2.2096
LINE,2.1576
LINE,2.216
LTR,2.2312
LINE,2.2224
LINE,2.2152
LTR,2.2352
LTR,2.2216
LTR,2.2104
SINE,2.188
SINE,2.2192
LINE,2.2136
LINE,2.1936
SINE,2.1176
SINE,2.1736
LINE,2.1672
SINE,2.1504
SINE,2.212
LINE,2.184
LINE,2.2256
LINE,2.2328
SINE,2.1584
SINE,2.1752
SINE,2.1504
SINE,2.1624
SINE,2.1456
SINE,2.1088
SINE,2.1784
LTR,2.2296
SINE,2.2008
LTR,2.2296
LINE,2.2352
LINE,2.2528
LTR,2.2216
LINE,2.1984
LINE,2.2288
SINE,2.2088
SINE,2.2104
SINE,2.1992
DNA,2.2424
LTR,2.1984
SINE,2.1768
SINE,2.2064
unique/low-repeat,2.1792
LTR,2.2384
SINE,2.188
SINE,2.1296
LTR,2.12
SINE,2.2272
SINE,2.2416
SINE,2.0992
SINE,2.0536
unique/low-repeat,2.2352
SINE,2.1944
SINE,2.1904
unique/low-repeat,2.248
LINE,2.1968
LINE,2.2328
LINE,2.2184
LINE,2.2408
LTR,2.2168
SINE,2.216
LINE,2.2176
LINE,2.1584
LINE,2.228
DNA,2.2672
LINE,2.204
LINE,2.252
LINE,2.2424
LINE,2.2112
LINE,1.8504
LINE,2.2312
LINE,2.2072
LINE,2.2392
unique/low-repeat,2.2296
Simple_repeat,1.5456
LTR,2.2352
LINE,2.2112
LINE,2.2112
LINE,2.2256
SINE,2.232
SINE,2.2424
LTR,2.2216
LINE,2.2272
LINE,2.2144
LINE,2.2088
LINE,2.228
LINE,2.2328
LTR,2.2152
LTR,2.2224
LINE,2.192
LINE,2.2424
LINE,2.2008
LINE,2.192
LINE,2.2328
LINE,2.2192
LINE,2.2056
LINE,2.2144
LINE,2.236
LINE,2.2488
LINE,2.2272
LTR,2.2352
LTR,2.2464
LTR,2.2568
SINE,2.236
SINE,2.2088
LTR,2.24
LINE,2.2456
SINE,2.232
LINE,2.2448
LINE,2.2216
SINE,2.1456
SINE,2.2408
SINE,2.1968
SINE,2.2032
SINE,2.2232
SINE,2.1232
SINE,2.1384
LTR,2.136
DNA,2.232
LINE,2.2232
LINE,2.176
SINE,2.2208
SINE,2.1152
SINE,2.1552
SINE,2.0832
LINE,2.236
LINE,2.2032
SINE,2.1952
SINE,2.1648
SINE,2.144
SINE,2.1184
SINE,2.1952
LINE,2.2128
LINE,2.2456
LINE,2.232
SINE,2.228
LINE,2.2096
LINE,2.216
LINE,2.212
LINE,2.2192
LINE,2.2288
LINE,2.216
LTR,2.2472
LINE,2.2168
LTR,2.2336
LINE,2.22
LINE,2.2272
LINE,2.2184
LINE,2.2456
LTR,2.2304
LINE,2.2288
LINE,2.2296
LINE,2.2256
LTR,2.2328
LTR,2.2264
LINE,2.2264
LINE,2.228
LINE,2.2016
LINE,2.2112
LINE,2.2416
LINE,2.1832
LINE,2.188
LINE,2.2136
LINE,2.224
LINE,2.2152
LINE,2.2368
LINE,2.2144
LINE,2.244
LINE,2.1136
LINE,2.1904
LINE,2.1736
LINE,2.2264
LINE,2.208
LINE,2.2376
LTR,2.2168
LINE,2.2216
LINE,2.2064
unique/low-repeat,1.8456
LINE,2.2232
LINE,2.2264
LINE,2.2312
LINE,2.1944
LINE,2.1808
LINE,2.2424
LINE,2.2208
LINE,2.1744
LINE,2.2232
LINE,2.1976
LINE,2.2248
LINE,2.2088
LTR,2.228
LINE,2.2424
LINE,2.2024
unique/low-repeat,2.2384
LINE,2.2064
unique/low-repeat,2.2272
LINE,2.2112
LTR,2.2216
LINE,2.2336
LINE,2.2312
LINE,2.1384
LINE,2.2288
LINE,2.2152
LINE,2.2016
LINE,2.2048
LINE,2.208
LINE,2.1936
LTR,2.2128
LINE,2.2024
LINE,2.2264
LINE,2.236
LINE,2.1984
LINE,2.2216
LTR,2.212
LINE,2.2016
LINE,2.22
LINE,2.2464
LINE,2.2264
LINE,2.2216
LINE,2.2048
LINE,2.216
LINE,2.2072
LINE,2.2392
LINE,2.2296
LINE,2.2128
LINE,2.1664
LTR,2.2168
LINE,2.2384
LINE,2.2152
LINE,2.2392
LTR,2.2192
LINE,2.2104
SINE,2.2144
LINE,2.2112
SINE,2.2128
SINE,2.2112
LINE,2.2224
SINE,2.2192
LINE,2.2056
SINE,2.144
SINE,2.18
SINE,2.2272
SINE,2.216
LINE,2.2256
LINE,2.2352
LINE,2.224
LINE,2.2184
LINE,2.2272
LINE,2.1112
LINE,2.2128
LINE,2.2312
LINE,2.204
LINE,2.2312
LINE,2.2264
LINE,2.212
LINE,2.2256
LINE,2.2288
LTR,2.2256
LINE,2.2232
LINE,2.2336
LINE,2.1664
LINE,2.236
LINE,2.2376
LINE,2.2064
LINE,2.2296
LINE,2.2264
LINE,2.2096
LINE,2.2336
LINE,2.2312
LINE,2.2016
LINE,2.2232
LINE,1.9768
LINE,2.2232
SINE,2.2368
unique/low-repeat,2.2264
LINE,2.2184
LINE,2.1944
unique/low-repeat,2.236
LINE,2.2256
LINE,2.2192
LINE,2.212
LINE,2.1872
LINE,2.2032
LINE,2.2192
LINE,2.2256
LINE,2.2168
LINE,2.2096
LINE,2.1728
SINE,2.208
SINE,2.1952
SINE,2.1128
LINE,2.2136
SINE,2.232
unique/low-repeat,2.2416
SINE,2.2184
LINE,2.1952
LINE,2.2208
unique/low-repeat,2.2136
SINE,2.2248
SINE,2.2312
LINE,2.2336
SINE,2.224
LINE,2.2208
LINE,2.2224
LINE,2.2128
LINE,2.2128
LINE,2.2368
LINE,2.24
LINE,2.2216
LINE,2.2328
LINE,2.2184
LINE,2.2152
LINE,2.2264
LTR,2.2304
SINE,2.2368
LINE,2.2216
LINE,2.208
SINE,2.2504
LINE,2.2408
LINE,2.2232
LINE,2.236
SINE,2.1968
unique/low-repeat,2.2264
SINE,2.1552
SINE,2.1912
unique/low-repeat,2.236
unique/low-repeat,2.2264
LINE,2.2072
LINE,2.228
LINE,2.2264
LINE,2.2344
LINE,2.204
LINE,2.196
LINE,2.2008
LINE,2.2032
SINE,2.2288
SINE,2.0288
SINE,2.1848
SINE,2.1368
SINE,2.0104
SINE,2.0064
SINE,2.2088
SINE,2.1904
SINE,2.2056
LINE,2.2256
LINE,2.232
LINE,2.2288
LINE,2.2168
LTR,2.1968
LINE,2.2152
LINE,2.2144
LTR,2.2256
LINE,2.2376
LINE,2.2216
SINE,2.2248
LINE,2.2048
LINE,2.1984
LINE,2.2344
LINE,2.2344
LINE,2.208
LINE,2.2408
LTR,2.2392
LTR,2.2168
LINE,2.248
LINE,2.2248
LINE,2.1944
LINE,2.228
LINE,2.2064
LINE,2.204
LINE,2.2264
LTR,2.2208
unique/low-repeat,2.2048
LINE,2.2152
LINE,2.2136
LTR,2.236
SINE,2.148
LINE,2.1496
LINE,2.16
LINE,2.2288
LINE,2.212
LTR,2.1856
LINE,2.2064
unique/low-repeat,2.2352
LTR,2.2288
unique/low-repeat,2.2224
LINE,2.2184
LINE,2.1568
LINE,2.2128
LINE,2.2184
LINE,2.208
LINE,2.2256
LINE,2.2104
LINE,2.2352
LINE,2.204
LINE,2.2192
LINE,2.2344
LINE,2.2192
LINE,2.2288
LINE,2.2256
LINE,2.2144
LINE,2.2216
LINE,2.1608
LINE,2.2232
LINE,2.172
LINE,2.2056
LTR,2.2128
LINE,2.2272
LINE,2.1952
unique/low-repeat,2.2384
LINE,2.2136
LINE,2.2352
LINE,2.208
LINE,2.2248
LINE,2.176
LINE,2.2376
LTR,2.2424
LINE,2.2272
LINE,2.224
LINE,2.228
LINE,2.1656
LINE,2.2224
LINE,2.1704
LINE,2.224
LINE,2.2168
LINE,2.2176
LINE,2.216
LINE,2.2248
LTR,2.2152
LINE,2.18
LINE,2.2272
LINE,2.2328
LINE,2.188
LINE,2.2136
LINE,2.22
LTR,2.2144
LINE,2.2096
LINE,2.1296
LINE,2.2024
LINE,2.1872
LINE,2.2136
LINE,2.228
unique/low-repeat,2.2688
LINE,2.2328
LINE,2.2024
LINE,2.224
LINE,2.192
unique/low-repeat,2.228
LINE,2.2248
LINE,2.2296
LINE,2.1832
LINE,2.104
SINE,2.1736
SINE,2.1912
SINE,2.1472
SINE,2.1752
SINE,2.152
LINE,2.2136
LTR,2.2312
LINE,2.1872
LINE,2.1944
LINE,2.2192
LINE,2.2208
LINE,2.2056
LINE,2.212
LINE,2.2104
LINE,2.2184
unique/low-repeat,2.224
LINE,2.212
LINE,2.2224
LINE,2.2248
LINE,2.2168
SINE,2.2272
LINE,2.2208
LINE,2.2416
LINE,2.22
LINE,2.2128
LINE,2.2216
LINE,2.1976
LTR,2.2088
LINE,2.2144
LINE,2.1936
LINE,2.2208
LINE,2.2032
LINE,2.204
LINE,2.196
LINE,2.2016
LTR,2.2104
LINE,2.2016
LTR,2.2384
DNA,2.2176
LTR,2.2144
unique/low-repeat,2.212
LINE,2.1664
LINE,2.2376
LINE,2.2152
LINE,2.1904
LINE,2.2024
LINE,2.2272
LTR,2.2296
SINE,2.1752
LINE,2.2488
LINE,2.2128
LINE,2.2208
LINE,2.1816
LINE,2.224
LINE,2.2368
LINE,2.2232
LINE,2.1992
LINE,2.2312
LINE,2.2064
LINE,2.2288
LINE,2.1976
LINE,2.2136
LINE,2.1944
LTR,2.2248
LINE,2.192
LINE,2.1544
LINE,2.2144
LINE,2.2232
LINE,2.2264
LINE,2.208
LINE,2.1792
LTR,2.2304
LTR,2.2264
LINE,2.2208
LINE,2.2152
LINE,2.212
LINE,2.1792
LINE,2.1904
LINE,2.2272
LINE,2.2248
LINE,2.2176
LINE,2.2088
LINE,2.192
LINE,2.212
LINE,2.1072
LINE,2.2232
LINE,2.2352
LINE,2.2304
LINE,2.2144
LINE,2.216
unique/low-repeat,2.2104
LINE,2.2344
LTR,2.2216
LINE,2.2208
LINE,2.2016
LINE,2.2072
LINE,2.2256
LINE,2.1912
LTR,2.232
LINE,2.164
LINE,2.2176
LINE,2.2304
LINE,2.2096
SINE,2.2152
LINE,2.2216
LINE,2.2136
LINE,2.2064
SINE,2.2184
LINE,2.2176
LINE,2.224
LINE,2.2352
LINE,2.1712
LINE,2.236
LINE,2.2368
LINE,2.2192
LINE,2.2104
LTR,2.1888
LTR,2.2216
LINE,2.2208
LINE,2.2136
LINE,2.2264
LINE,2.2088
LINE,2.2176
LINE,2.2296
LINE,2.2096
LINE,2.232
LINE,2.2328
LINE,2.2264
LINE,2.2152
LINE,2.2264
LINE,2.2168
LINE,2.2224
LINE,2.2208
LTR,2.2392
LINE,2.2376
LTR,2.2192
LINE,2.2048
LINE,2.2152
unique/low-repeat,2.2064
LINE,2.2064
LINE,2.2008
LINE,2.2464
LINE,2.2184
LINE,2.228
LINE,2.2376
LINE,2.2168
LINE,2.2168
unique/low-repeat,2.216
LINE,2.2312
LINE,2.2208
LINE,2.2176
LINE,1.8944
LINE,2.2136
LINE,2.2232
LINE,2.208
LINE,2.228
LINE,2.2
LTR,2.2192
LINE,2.2152
LTR,2.2256
LINE,2.2416
LINE,2.2392
LINE,2.2136
LTR,2.2232
LINE,2.2248
LINE,2.2208
LINE,2.2096
LINE,2.2208
LINE,2.2176
LTR,2.1832
LINE,2.224
LINE,2.2312
unique/low-repeat,2.2144
LTR,1.8336
LINE,2.2264
LINE,2.2248
LINE,2.2168
LINE,2.232
LINE,2.2112
LINE,2.1992
LINE,2.2256
LINE,2.228
LINE,2.2344
LINE,2.22
LINE,2.204
LINE,2.2328
LTR,2.2256
LINE,2.2176
LINE,2.2224
LINE,2.2224
LINE,2.2264
LINE,2.2264
LINE,2.2024
LINE,2.2256
unique/low-repeat,2.2384
LTR,2.2224
LINE,2.2168
LTR,2.2152
LTR,2.2368
LINE,2.2168
LINE,2.216
LINE,2.2104
LINE,2.2232
LINE,2.2264
LTR,2.2056
Simple_repeat,2.0072
LINE,2.216
LTR,2.2224
LTR,2.2192
LINE,2.2048
LTR,2.2248
LINE,2.2144
LINE,2.1984
LTR,2.224
LINE,2.1992
LTR,2.216
LINE,2.1968
LINE,2.2264
LINE,2.2048
LINE,2.2352
LTR,2.2128
LINE,2.2376
LINE,2.208
LINE,2.2216
LTR,2.2272
LINE,2.2216
LINE,2.2152
LINE,2.22
LTR,2.1872
LINE,2.2024
LINE,2.228
LTR,2.2336
LTR,2.2272
LTR,2.2328
LINE,2.1792
LINE,2.2184
LINE,2.2408
LTR,2.2144
LINE,2.2304
LTR,2.2328
LINE,2.2336
LINE,2.208
LTR,2.2048
LINE,2.2216
LINE,2.2144
LINE,2.2184
LINE,2.2344
LINE,2.2256
LTR,2.2224
LINE,2.2232
LINE,2.2384
LINE,2.2032
LINE,2.2184
LINE,2.236
LINE,2.2128
LINE,2.2224
LINE,2.1872
LINE,2.1968
LINE,2.2264
LINE,2.2176
LINE,2.2352
LINE,2.2192
unique/low-repeat,2.2288
unique/low-repeat,2.2256
unique/low-repeat,2.2016
unique/low-repeat,2.216
LINE,2.2152
LINE,2.232
LINE,2.2296
LINE,2.2152
LTR,2.1968
unique/low-repeat,2.2376
unique/low-repeat,2.2104
LINE,2.2208
LINE,2.1696
LTR,2.2352
unique/low-repeat,2.2272
LINE,2.2184
LINE,2.2112
LINE,2.2256
LINE,2.2208
LINE,2.2128
LINE,2.2312
LINE,2.216
LINE,2.2368
LINE,2.2152
LINE,2.2056
LINE,2.2216
LINE,2.204
LINE,2.2152
LTR,2.2264
LINE,2.2096
LINE,2.2328
LINE,2.2312
LTR,2.2144
LINE,2.2168
LINE,2.2168
LTR,2.2192
LINE,2.2144
LINE,2.2152
LTR,2.2152
LTR,2.2208
LINE,2.2344
LINE,2.2232
LINE,2.2184
LINE,2.2384
LINE,2.2032
LTR,2.2328
LINE,2.228
LINE,2.2184
LTR,2.2232
LTR,2.2248
LINE,2.1976
LINE,2.2216
LINE,2.2232
LINE,2.2056
LINE,2.2208
LINE,2.2072
LINE,2.2272
LINE,2.2144
LTR,2.2208
LINE,2.2328
LINE,2.2216
LINE,2.2336
LTR,2.2168
LTR,2.2232
DNA,2.2208
LINE,2.2096
LINE,2.2104
LINE,2.224
LINE,2.2056
LINE,2.2144
LINE,2.2032
LINE,2.2168
LINE,2.2168
LINE,2.208
LINE,2.2304
SINE,2.2352
LINE,2.2296
LINE,2.2272
SINE,2.2384
SINE,2.2176
unique/low-repeat,2.228
LINE,2.22
SINE,2.2136
LINE,2.2176
LINE,2.2184
SINE,2.2184
SINE,2.1896
SINE,2.2064
SINE,2.1664
SINE,2.1456
SINE,2.2032
unique/low-repeat,2.2184
LINE,2.2152
LINE,2.2072
LINE,2.2304
LINE,2.2304
Simple_repeat,1.9864
LINE,2.2048
LTR,2.2224
LINE,2.2112
LINE,2.236
LINE,2.2184
LTR,2.2152
LINE,2.2232
LINE,2.2136
SINE,2.2216
LINE,2.2064
LINE,2.2144
LINE,2.2104
LTR,2.2152
LINE,2.224
LINE,2.212
LINE,2.2216
LTR,2.2304
LTR,2.2456
LINE,2.1912
LINE,2.2088
LINE,2.2192
LINE,2.2152
LINE,2.2208
LINE,2.2176
LINE,2.2336
LINE,2.2088
LINE,2.2
LINE,2.2248
unique/low-repeat,2.2392
LINE,2.2256
SINE,2.2216
LINE,2.2264
LINE,2.2056
LINE,2.216
LTR,2.2184
LINE,2.2152
LINE,2.2208
LINE,2.224
LINE,2.208
LINE,2.1984
LINE,2.1656
LINE,2.2328
LINE,2.236
SINE,2.1952
LINE,2.1992
SINE,2.2328
SINE,2.1824
SINE,2.1352
SINE,2.1472
LINE,2.236
LINE,2.1536
SINE,2.2
LINE,2.224
LINE,2.2048
LINE,2.2536
LINE,2.2264
LINE,2.1688
unique/low-repeat,2.2344
LINE,2.2336
LINE,2.2296
LINE,2.2232
LINE,2.1784
LINE,2.2304
LINE,2.2232
LINE,2.2264
LINE,2.2232
LINE,2.0984
LINE,2.2504
LINE,2.2336
LINE,2.252
LINE,2.2384
LTR,2.2152
LINE,2.2368
LINE,2.2104
LINE,2.216
LTR,2.2384
LTR,2.2296
LTR,2.2232
unique/low-repeat,2.2504
LTR,2.2256
LINE,2.2208
LINE,2.1888
SINE,2.1912
unique/low-repeat,2.2328
LINE,2.1952
LINE,2.2088
LINE,2.2432
LINE,2.2128
LTR,2.208
LINE,2.2088
LTR,2.2376
LTR,2.2512
LINE,2.2168
LINE,2.2416
LTR,2.2248
LINE,2.2304
LINE,2.224
unique/low-repeat,2.2168
SINE,2.1896
SINE,2.216
LINE,2.2216
LINE,2.2216
LINE,2.2512
LINE,2.2232
LINE,2.244
LINE,2.2232
LINE,2.2344
LINE,2.2208
unique/low-repeat,2.2272
LINE,2.2504
LINE,2.1952
LTR,2.2272
LTR,2.22
LINE,2.216
LINE,2.212
LINE,2.196
LTR,2.2096
LINE,2.2352
unique/low-repeat,2.2104
LTR,2.2192
LINE,2.212
LINE,2.228
DNA,2.2488
LINE,2.144
unique/low-repeat,2.1224
LINE,2.2328
LTR,2.2336
LINE,2.2264
LINE,2.2232
LTR,2.2128
LINE,2.224
LINE,2.2496
LINE,2.1992
LINE,2.2272
LINE,2.1976
LINE,2.2128
DNA,2.228
LINE,2.2504
LINE,2.2104
LINE,2.232
LINE,2.2256
unique/low-repeat,2.2208
LINE,2.22
LINE,2.2248
LTR,2.2296
LINE,2.2288
LINE,2.2152
LINE,2.2368
SINE,2.164
unique/low-repeat,2.232
LINE,2.2472
LINE,2.224
LINE,2.216
LINE,2.216
LINE,2.2256
SINE,2.212
LINE,2.2264
DNA,2.2216
LINE,2.2256
LINE,2.1968
LTR,2.2384
LINE,2.224
LTR,2.2312
LINE,2.2024
LINE,2.2208
LINE,2.2344
unique/low-repeat,2.2296
LINE,2.1912
LINE,2.2264
LINE,2.2336
LINE,2.1936
LINE,2.192
LINE,2.2392
DNA,2.2008
LINE,2.2008
LINE,2.208
LINE,2.2112
LINE,2.2088
LINE,2.2096
LINE,2.2016
LTR,2.2272
LINE,2.2232
SINE,2.1944
SINE,2.2144
LINE,2.2376
LTR,2.2272
LINE,2.2088
LINE,2.1872
LINE,2.2312
LINE,2.2208
LINE,2.228
SINE,2.2288
DNA,2.2264
LINE,2.1944
LINE,2.1872
LINE,2.2256
LINE,2.204
LINE,2.2328
LINE,2.2288
SINE,2.2336
LINE,2.2216
LINE,2.22
LINE,2.2208
LINE,2.2144
LINE,2.2248
LINE,2.2072
unique/low-repeat,2.2248
LINE,2.2232
DNA,2.2208
LTR,2.204
unique/low-repeat,2.1496
LINE,2.2128
LINE,2.1688
LINE,2.208
LINE,2.2216
LINE,2.2408
LINE,2.2088
LINE,2.2232
LINE,2.2336
LINE,2.2448
LINE,2.2224
LTR,2.2272
unique/low-repeat,2.2392
unique/low-repeat,2.2232
unique/low-repeat,2.2256
unique/low-repeat,2.2432
SINE,2.2544
LINE,2.2464
LINE,2.1992
LINE,2.212
LINE,2.2376
LINE,2.2128
LTR,2.2256
LINE,2.2136
LINE,2.2232
LINE,2.2144
LTR,2.2384
LINE,2.2136
LINE,2.1904
LINE,2.2064
LINE,2.216
LINE,2.2344
LTR,2.2408
LINE,2.2248
LTR,2.2344
LINE,2.224
SINE,2.2248
LINE,2.2128
SINE,2.2048
LINE,2.2232
LINE,2.2096
LINE,2.2272
LINE,2.208
LTR,2.2368
LINE,2.2136
LINE,2.228
LINE,2.1792
SINE,2.2208
LINE,2.1952
LINE,2.2096
LINE,2.1992
LINE,2.212
SINE,2.236
LINE,2.2312
LTR,2.224
SINE,2.2224
LINE,2.1952
SINE,2.2192
LINE,2.2328
LTR,2.2336
Retroposon,2.1672
SINE,2.2304
DNA,2.2152
LINE,2.216
LINE,2.0312
LINE,2.2312
SINE,2.2056
LINE,2.224
SINE,2.2112
SINE,2.2312
SINE,2.2136
SINE,2.2248
unique/low-repeat,2.2376
SINE,2.172
unique/low-repeat,1.3392
unique/low-repeat,1.332
unique/low-repeat,2.1912
unique/low-repeat,2.2312
LINE,2.2288
LINE,2.232
LINE,2.2232
LINE,2.2032
LINE,2.2128
LINE,2.2208
LINE,2.212
LINE,2.2304
LTR,2.1952
LINE,2.208
LINE,2.0184
LTR,2.2368
LINE,2.2056
LINE,2.228
LINE,2.1704
LINE,2.2016
LINE,2.2096
LINE,2.2264
LINE,2.2112
LINE,2.212
LINE,2.2224
LTR,2.2296
LINE,2.2248
LINE,2.2184
LINE,2.2272
LINE,2.2264
LINE,2.212
LINE,2.2192
LINE,2.2192
LINE,2.2232
LTR,2.236
SINE,2.1352
SINE,2.2024
SINE,2.2264
SINE,2.1456
SINE,2.2328
LINE,2.228
SINE,2.2064
LINE,2.2192
LINE,2.1848
LINE,2.2344
LINE,2.2168
LINE,2.2352
LINE,2.2376
LTR,2.2248
LTR,2.2272
SINE,2.2128
LTR,2.184
LTR,2.2224
LTR,2.1808
SINE,2.1912
SINE,2.188
SINE,2.1928
SINE,2.2008
SINE,2.1968
SINE,2.0904
SINE,2.2016
SINE,2.196
SINE,2.2352
LTR,2.2336
LTR,2.2008
LTR,2.2488
LTR,2.2192
LINE,2.1936
LINE,2.2256
SINE,2.2464
SINE,2.1904
SINE,2.1808
LINE,2.22
SINE,2.2128
LINE,2.2296
LTR,2.2168
LINE,2.2064
LINE,2.22
unique/low-repeat,1.8904
LTR,2.2272
LINE,2.2296
LINE,2.2224
LTR,2.2248
LINE,2.2296
LINE,2.208
LINE,2.2296
LINE,2.208
LINE,2.2
LINE,2.232
LINE,2.1968
LINE,2.2296
LINE,2.2288
LINE,2.2096
LINE,2.2184
LINE,2.2232
LTR,2.2304
LINE,2.2152
LINE,2.2248
LTR,2.2024
LINE,2.2216
LINE,2.2136
LINE,2.2008
LTR,2.2144
LINE,2.208
LINE,2.236
LINE,2.2144
LINE,2.2096
LINE,2.224
LINE,2.228
LINE,2.228
SINE,2.2392
SINE,2.2232
LTR,2.2336
LINE,2.224
unique/low-repeat,2.2144
SINE,2.1888
SINE,2.1032
SINE,2.0856
SINE,2.1856
SINE,2.18
SINE,2.2048
LINE,2.212
unique/low-repeat,2.2208
LINE,2.2232
LINE,2.232
LINE,2.2192
LINE,2.2176
LINE,2.22
LTR,2.2296
LINE,2.2248
LINE,2.2272
LINE,2.224
LINE,2.212
LINE,2.2336
LINE,2.2256
LTR,2.2432
DNA,2.2104
LTR,2.2296
LINE,2.1096
LTR,2.2264
LTR,2.208
LINE,2.2168
LTR,2.22
LINE,2.2192
LINE,2.2168
LTR,2.2088
LINE,2.1976
LINE,2.1992
LTR,2.2336
LINE,2.2152
LINE,2.2056
unique/low-repeat,2.2048
LINE,2.2216
LINE,2.2528
LINE,2.2456
LINE,2.232
LINE,2.1496
LINE,2.2168
LINE,2.2136
LINE,2.1888
LINE,2.2024
LINE,2.2192
DNA,2.2168
LINE,2.2328
LINE,2.2224
DNA,2.2256
LINE,2.2064
LINE,2.2088
LINE,2.208
SINE,2.2128
LTR,2.2264
LTR,2.2312
LTR,2.2296
LINE,2.2128
LTR,2.2352
LINE,2.2216
LINE,2.2256
LINE,2.2104
LINE,2.2184
LTR,2.2168
LINE,2.2064
LINE,2.2224
LINE,2.2264
LTR,2.2224
LINE,2.224
LINE,2.1944
LINE,2.2056
LINE,2.216
LINE,2.1568
LINE,2.232
LINE,2.1872
LINE,2.2208
LINE,2.224
LTR,2.1952
LTR,2.2312
LINE,2.2336
LINE,2.232
LINE,2.1872
LINE,2.204
SINE,2.2304
LINE,2.2312
LINE,2.2312
LINE,2.236
LINE,2.224
LINE,2.236
SINE,2.1488
LINE,2.2112
LINE,2.2376
SINE,2.2264
LINE,2.244
SINE,2.188
SINE,2.2112
unique/low-repeat,2.2504
SINE,2.2192
SINE,2.2048
SINE,2.248
LTR,2.2312
SINE,2.2176
LINE,2.2256
LINE,2.228
LINE,2.2336
SINE,2.2272
LINE,2.2248
LINE,2.2384
LINE,2.2176
unique/low-repeat,2.2264
LINE,2.2168
SINE,2.224
LINE,2.2208
LINE,2.2208
LINE,2.2328
LINE,2.2344
LINE,2.2408
LINE,2.216
LINE,2.2256
LINE,2.228
LINE,2.2152
LINE,2.224
LTR,2.2528
LINE,2.2424
SINE,2.2248
LINE,2.2344
LINE,2.216
LINE,2.2104
LINE,2.2224
LINE,2.22
LINE,2.2312
LINE,2.2264
LINE,2.2296
LTR,2.2472
unique/low-repeat,2.2376
LINE,2.2008
LINE,2.2248
SINE,2.236
SINE,2.224
unique/low-repeat,2.2192
SINE,2.212
LINE,2.216
SINE,2.2264
LTR,2.2048
unique/low-repeat,2.236
LINE,2.2304
SINE,2.2024
SINE,2.2192
SINE,2.184
SINE,2.116
SINE,2.2376
LINE,2.228
LINE,2.2096
DNA,2.236
unique/low-repeat,2.2328
LINE,2.2096
SINE,2.2384
LINE,2.2112
LINE,2.2232
LINE,2.2304
SINE,2.2176
LINE,2.2112
LINE,2.208
SINE,2.24
SINE,2.1912
LINE,2.192
LINE,2.2264
LINE,2.212
SINE,2.2336
LINE,2.2336
LINE,2.2264
SINE,2.2208
LINE,2.176
LTR,2.2416
SINE,2.1792
LTR,2.2056
LTR,2.1912
SINE,2.2024
LINE,2.2576
LTR,2.2296
LINE,2.2448
LINE,2.2384
DNA,2.256
LINE,2.224
unique/low-repeat,1.9608
LINE,2.1624
LTR,2.2392
LINE,2.2352
LINE,2.2496
LTR,2.2392
LINE,2.228
SINE,2.2312
SINE,2.232
LINE,2.2496
LINE,2.2232
unique/low-repeat,2.22
unique/low-repeat,2.2296
LINE,2.2168
LINE,2.2352
unique/low-repeat,2.2296
LINE,2.2352
unique/low-repeat,2.2368
LINE,2.2152
DNA,2.2248
LINE,2.2272
LINE,2.2032
LINE,2.2168
LINE,2.2192
LINE,2.224
unique/low-repeat,2.216
LINE,2.2216
SINE,2.204
LINE,2.216
LINE,2.22
LINE,2.228
unique/low-repeat,2.2584
LINE,2.2112
LINE,2.2296
SINE,2.2208
LINE,2.1872
SINE,2.2208
LINE,2.1968
SINE,2.2008
SINE,2.1968
LINE,2.2216
LINE,2.1688
LINE,2.2456
LINE,2.216
unique/low-repeat,2.2152
LTR,2.1992
LTR,2.2232
LINE,2.208
LINE,2.2248
LINE,2.2288
LINE,2.2136
LINE,2.2168
LINE,2.2368
LINE,2.2224
LINE,2.2312
LINE,2.2208
LINE,2.2096
LINE,2.2152
LINE,2.224
LINE,2.2368
LINE,2.2296
LINE,2.2096
LINE,2.2512
LINE,2.228
LINE,2.24
LINE,2.232
LINE,2.2256
LINE,2.2216
LINE,2.2168
LINE,2.212
LINE,2.2136
LINE,2.2184
LTR,2.2288
LINE,2.2168
LINE,2.2248
LINE,2.2224
LINE,2.224
LINE,2.2296
LINE,1.8712
LINE,2.2224
SINE,2.2216
SINE,2.2304
LINE,2.2256
SINE,2.268
SINE,2.1832
LTR,2.2304
DNA,2.2192
LINE,2.2408
LINE,2.2232
LINE,2.2256
LINE,2.2208
LINE,2.22
SINE,2.224
LINE,2.2176
LINE,2.2104
LINE,2.2224
LINE,2.14
LINE,2.2208
LINE,2.2376
LTR,2.2272
LINE,2.248
LINE,2.2112
DNA,2.2216
LTR,2.2376
LINE,2.2424
LINE,2.2368
LINE,2.2232
LTR,2.2376
LINE,2.22
LINE,2.1096
LINE,2.224
LINE,2.2392
LINE,2.224
LINE,2.2312
LINE,2.2448
LINE,2.244
LINE,2.2344
LINE,2.2088
LINE,2.2496
LINE,2.2416
LINE,2.224
LINE,2.2096
LINE,2.2448
LINE,2.2112
LINE,2.2208
LTR,2.2224
LINE,2.2144
LINE,2.1912
LTR,2.232
LINE,2.2128
LINE,2.2184
LINE,2.2208
LTR,2.2328
LINE,2.2056
LINE,2.2176
LINE,2.2368
LINE,2.1088
LINE,2.2208
LINE,2.1968
LINE,2.2264
LINE,2.2208
LINE,2.224
LINE,2.2208
LINE,2.2104
LINE,2.2256
LINE,2.2232
LINE,2.2272
LINE,2.2296
LINE,2.216
LINE,2.2296
LTR,2.2264
LTR,2.2024
LINE,2.2224
LINE,2.2128
LINE,2.2392
LINE,2.2024
LINE,2.2296
LTR,2.204
LINE,2.2344
LINE,2.2152
LINE,2.2192
LINE,2.1944
LINE,2.224
LTR,2.2176
LTR,2.2216
LINE,2.2296
LINE,2.204
LINE,2.2392
LINE,2.2208
unique/low-repeat,2.232
LINE,2.2312
LINE,2.2392
LINE,2.2064
LINE,2.2176
LINE,2.2384
LINE,2.2248
LINE,2.2208
LINE,2.2128
LINE,2.208
LTR,2.2376
LINE,2.1912
LINE,2.208
LINE,2.2216
LINE,2.2208
LINE,2.2176
LINE,2.2088
LINE,2.2264
LINE,2.2304
LINE,2.2272
LINE,2.2208
LINE,2.2208
LINE,2.22
LINE,2.2168
LINE,2.2208
LTR,2.216
LTR,2.1944
LTR,2.2184
LTR,2.2288
LINE,2.2344
LTR,2.2072
LINE,2.2248
LINE,2.2376
LINE,2.2344
LINE,2.2312
LINE,2.1256
LINE,2.2168
LINE,2.2088
LINE,2.2392
LINE,2.2192
LINE,2.2416
LTR,2.2296
LTR,2.2432
LINE,2.2216
LINE,2.2264
unique/low-repeat,2.2256
LINE,2.2232
LINE,2.2128
LINE,2.208
LINE,2.236
LINE,2.2256
LINE,2.1864
unique/low-repeat,2.2424
LTR,2.228
LINE,2.2312
unique/low-repeat,2.244
DNA,2.2104
LINE,2.2312
DNA,2.2376
LINE,2.2416
LINE,2.2208
LINE,2.2224
LINE,2.2216
LINE,2.2008
LTR,2.2304
LTR,2.2248
LINE,2.236
DNA,2.2304
LINE,2.228
LINE,2.236
LINE,2.2064
LINE,2.2528
LINE,2.2232
LINE,2.228
LINE,2.2328
unique/low-repeat,2.2016
LINE,2.236
LTR,2.232
unique/low-repeat,2.2168
LINE,2.2064
LINE,2.2224
LINE,2.232
LINE,2.2144
LINE,2.2176
LINE,2.2112
LINE,2.212
unique/low-repeat,2.2216
LINE,2.2312
LTR,2.2192
unique/low-repeat,2.2568
LINE,2.2336
LINE,2.2296
LINE,2.224
SINE,2.2176
LINE,2.2272
unique/low-repeat,2.232
LINE,2.2376
SINE,2.2312
LINE,2.2104
SINE,2.228
SINE,2.1752
LTR,2.1832
LINE,2.2136
LINE,2.2136
LINE,2.2184
LINE,2.2128
LINE,2.24
LINE,2.2312
LTR,2.2448
LINE,2.2216
LINE,2.2336
LINE,2.2272
LINE,2.2272
LINE,2.236
LINE,2.224
LTR,2.2344
LINE,2.2408
LINE,2.2376
LINE,2.2128
LINE,2.2072
LINE,2.204
LINE,2.0984
DNA,2.2432
LINE,2.2264
LINE,2.2128
LINE,2.2256
LINE,2.204
LINE,2.2288
unique/low-repeat,2.2096
LINE,2.2376
unique/low-repeat,2.2336
SINE,2.2192
SINE,2.228
LTR,2.244
LTR,2.2408
unique/low-repeat,2.1696
LTR,2.2296
LINE,2.208
LINE,2.1808
LINE,2.2368
LINE,2.2368
unique/low-repeat,2.2088
unique/low-repeat,2.2176
unique/low-repeat,2.2216
unique/low-repeat,2.2056
LINE,2.1744
unique/low-repeat,2.2176
LINE,2.2104
SINE,2.1616
unique/low-repeat,2.2432
unique/low-repeat,2.2224
unique/low-repeat,2.2312
SINE,2.14
unique/low-repeat,2.252
unique/low-repeat,2.2488
unique/low-repeat,2.2064
SINE,2.1784
SINE,2.204
unique/low-repeat,2.2424
SINE,2.22
SINE,2.2176
SINE,2.172
SINE,2.1664
LINE,2.2024
LINE,2.2256
LINE,2.244
LINE,2.2136
LINE,2.2304
LINE,2.1928
LINE,2.2248
LTR,2.2272
LINE,2.2256
LINE,2.2128
LINE,2.196
SINE,2.2512
LINE,2.2264
SINE,2.2432
LINE,2.2232
LINE,2.236
LINE,2.22
LINE,2.2192
LINE,2.22
LINE,2.212
LINE,2.2344
LINE,2.2176
LINE,2.2192
unique/low-repeat,2.2136
LINE,2.236
LINE,2.22
LTR,2.2048
SINE,2.044
SINE,1.8928
SINE,2.0128
SINE,2.1224
SINE,2.0528
SINE,2.164
Low_complexity,1.4768
unique/low-repeat,1.8664
unique/low-repeat,2.1224
SINE,2.012
SINE,2.0568
SINE,2.2
SINE,2.1064
SINE,2.0376
SINE,2.0384
SINE,2.1392
SINE,1.9656
LINE,1.8672
SINE,1.86
SINE,1.6752
LTR,0.664
SINE,2.0496
SINE,1.8648
Simple_repeat,1.8312
LINE,2.1528
SINE,1.9608
SINE,2.164
SINE,2.1664
LTR,1.904
SINE,2.1312
SINE,2.1008
SINE,1.988
Simple_repeat,2.0568
SINE,2.0416
SINE,1.9928
Simple_repeat,1.9504
LINE,2.1464
SINE,2.1744
SINE,2.208
SINE,2.2152
LTR,2.24
SINE,2.2144
LTR,2.2264
LTR,2.2544
LINE,2.2176
LINE,2.2176
LINE,2.2192
LINE,2.2136
LTR,2.2176
LINE,2.2112
LTR,2.2256
LTR,2.2272
DNA,2.2192
LINE,2.2128
LTR,2.2272
LINE,2.2152
LINE,2.18
LINE,2.2088
LTR,2.2208
LTR,2.2104
LINE,2.2128
LINE,2.1888
LINE,2.2048
LINE,2.2232
LINE,2.22
LINE,2.2184
LINE,2.2088
LINE,2.2296
LTR,2.2272
unique/low-repeat,2.2448
unique/low-repeat,2.2184
LINE,2.2208
LINE,2.2152
LINE,2.2304
LINE,2.1656
SINE,2.2112
LINE,2.2352
SINE,2.2144
LINE,2.2328
LINE,2.2232
LTR,2.2272
LTR,2.2208
LTR,2.232
LTR,2.2216
LINE,2.2344
LINE,2.2184
LINE,2.2168
LINE,2.188
LTR,2.2
LTR,2.2168
LTR,2.2096
LINE,2.2024
LINE,2.2248
LINE,2.2192
LINE,2.2104
LINE,2.2136
SINE,2.2272
LINE,2.2296
DNA,2.232
LINE,2.2304
LINE,2.2136
SINE,2.1848
SINE,2.1992
SINE,2.2072
LTR,2.2376
LINE,2.1744
LTR,2.2232
LINE,2.2008
LINE,2.2144
LTR,2.2264
LINE,2.2056
LINE,2.2352
LINE,2.2016
LTR,2.2168
LTR,2.1856
LTR,2.2272
LINE,2.2048
LTR,2.2048
LINE,2.2008
LINE,2.2192
LTR,2.216
LTR,2.2104
LTR,2.2216
LINE,2.2296
LINE,2.2144
LINE,2.2424
LINE,2.2064
LINE,2.2456
LTR,2.2048
SINE,2.1976
LINE,2.2152
LINE,2.192
LINE,2.2328
Simple_repeat,2.2016
LINE,2.2248
LINE,2.2048
SINE,2.2288
LTR,2.212
Simple_repeat,2.132
LINE,2.2096
SINE,2.1856
SINE,2.1816
SINE,2.1568
SINE,2.1792
LINE,2.1928
LTR,2.2232
LTR,2.2184
LTR,2.2344
LINE,2.232
LTR,2.1816
LTR,2.2144
LINE,2.2192
LINE,2.1944
SINE,2.2184
LINE,2.2328
LINE,2.2112
LINE,2.216
LINE,2.1976
LINE,2.188
LTR,2.232
LINE,2.2208
unique/low-repeat,2.2184
LINE,2.224
LINE,2.2232
LTR,2.2256
LINE,2.1952
LTR,2.1944
LINE,2.2096
LTR,2.2264
LINE,2.2096
SINE,2.2024
LINE,2.2248
LINE,2.228
LINE,2.1984
LINE,2.2168
LTR,2.2176
LINE,2.2384
SINE,2.2128
LINE,2.2008
LINE,2.228
LINE,2.2328
LTR,2.2064
LINE,2.2136
LINE,2.2312
LINE,2.1904
LINE,2.232
LTR,2.2112
LTR,2.2232
DNA,2.2032
LINE,2.1336
LTR,2.2384
LTR,2.2384
SINE,2.2192
LINE,2.2312
LTR,2.24
LINE,2.2104
LINE,2.2176
LINE,2.2272
LTR,2.2176
SINE,2.1976
LINE,2.2232
LINE,2.2192
LINE,2.2232
LINE,2.2104
LINE,2.1968
LINE,2.2032
LTR,2.2224
LTR,2.216
LINE,2.2344
LINE,2.2104
LINE,2.1984
LTR,2.2136
LINE,2.2176
LTR,2.2264
LINE,2.212
LTR,2.232
LINE,2.2024
LINE,2.2168
LTR,2.2224
LINE,2.1976
LINE,2.2136
LTR,2.2064
LTR,2.176
LINE,2.2184
LTR,2.216
LTR,2.2344
LINE,2.2288
LTR,2.2192
LINE,2.2312
LINE,2.2056
LTR,2.2504
LINE,2.2272
SINE,2.2232
SINE,2.2128
LINE,2.2232
LTR,2.1992
LINE,2.2248
LINE,2.2064
LINE,2.2128
LTR,2.1992
SINE,2.1936
SINE,2.2152
LINE,2.2096
SINE,2.1608
LTR,2.2128
LINE,2.224
LTR,2.2264
SINE,2.2008
LINE,2.2184
LTR,2.2104
SINE,2.2184
LTR,2.2064
LINE,2.1952
LINE,2.2184
LTR,2.212
LTR,2.2216
SINE,2.1984
SINE,2.2304
LINE,2.224
unique/low-repeat,2.2064
LTR,2.2216
LINE,2.2192
LINE,2.2144
LTR,2.2216
unique/low-repeat,2.2168
LINE,2.1688
LINE,2.2472
LTR,2.2408
LINE,2.2248
LINE,2.2104
LINE,2.204
LINE,2.2344
LINE,2.2328
SINE,2.212
SINE,2.2272
LINE,2.22
LINE,2.2096
LTR,2.2264
LINE,2.2304
SINE,2.2168
SINE,2.228
LTR,2.2256
LTR,2.1872
LINE,2.1936
LINE,2.2432
LINE,2.2208
LINE,2.224
LINE,2.228
LINE,2.2208
LINE,2.2296
LINE,2.228
LTR,2.2264
LINE,2.1928
LINE,2.2064
LTR,2.22
LINE,2.2184
LINE,2.2032
LINE,2.2024
LTR,2.2312
LINE,2.2
LINE,2.1792
LINE,2.2152
LINE,2.2144
LTR,2.2136
LINE,2.1936
SINE,2.2296
LINE,2.2184
LINE,2.2104
LTR,2.232
LINE,2.2128
LTR,2.208
LTR,2.228
LTR,2.232
LINE,2.2328
LINE,2.2328
LTR,2.2248
LINE,2.22
other-repeat,2.2416
LTR,2.2288
LTR,2.2272
LTR,2.2272
LTR,2.236
LINE,2.2288
LINE,2.224
LINE,2.2232
unique/low-repeat,2.2232
LINE,2.2032
LINE,2.2232
DNA,2.22
LTR,2.2328
LINE,2.2304
LTR,2.224
unique/low-repeat,2.2392
LTR,2.228
LINE,2.2184
LINE,2.2272
LTR,2.2072
LINE,2.2056
LTR,2.2184
LINE,2.2232
LINE,2.2216
unique/low-repeat,2.2232
other-repeat,2.1896
LINE,2.2232
LINE,2.22
LINE,2.2256
LINE,2.2152
LINE,2.2048
unique/low-repeat,2.2528
LTR,2.2024
LINE,2.1776
LINE,2.2168
LTR,2.232
LINE,2.2168
LINE,2.2232
SINE,2.1912
unique/low-repeat,2.224
LTR,2.2224
SINE,2.2256
LINE,2.2184
LTR,2.2368
LINE,2.2
LINE,2.2128
LINE,2.2304
LINE,2.2112
LINE,2.2288
LTR,2.2344
LTR,2.2304
unique/low-repeat,2.2328
LINE,2.2128
LINE,2.2432
LINE,2.2096
other-repeat,2.2056
LINE,2.2096
LINE,2.232
SINE,2.2304
LINE,2.1728
LINE,2.2064
LINE,2.2368
unique/low-repeat,2.212
LINE,2.22
LINE,2.2184
LINE,2.224
LINE,2.2144
LTR,2.2288
LINE,2.2048
LINE,2.2136
LINE,2.1928
