chrom,start,state,gc,bz2_bpb,H11
chr11_mat_hsa9,53211493,inactive,0.359,1.816,9.92212888316791
chr11_mat_hsa9,53215493,inactive,0.358,1.88,10.128804964456872
chr11_mat_hsa9,53219493,inactive,0.357,1.808,9.941013120070751
chr11_mat_hsa9,53223493,inactive,0.3575,1.792,9.920854913548375
chr11_mat_hsa9,53227493,inactive,0.355,1.888,10.113861674351245
chr11_mat_hsa9,53231493,inactive,0.3715,1.988,10.29421557883546
chr11_mat_hsa9,53235493,inactive,0.364,1.864,10.08430695153407
chr11_mat_hsa9,53239493,inactive,0.381,2.452,10.930412011913322
chr11_mat_hsa9,53535493,inactive,0.368,1.804,9.944963914761209
chr11_mat_hsa9,53539493,inactive,0.3715,1.812,9.983153684933107
chr11_mat_hsa9,53543493,inactive,0.3695,1.888,10.067415293111289
chr11_mat_hsa9,53547493,inactive,0.3665,1.976,10.258861731008965
chr11_mat_hsa9,53551493,inactive,0.37,1.908,10.222279744258737
chr11_mat_hsa9,53555493,inactive,0.3655,1.884,10.080253203410496
chr11_mat_hsa9,53559493,inactive,0.369,1.908,10.214643737698959
chr11_mat_hsa9,53563493,inactive,0.3495,1.872,10.061392196928507
chr11_mat_hsa9,53567493,inactive,0.3955,2.036,10.190751292482968
chr11_mat_hsa9,54067493,active,0.3585,1.98,10.29345108314127
chr11_mat_hsa9,54071493,active,0.367,1.908,10.096592492896814
chr11_mat_hsa9,54075493,active,0.3655,1.784,9.910604531600228
chr11_mat_hsa9,54079493,active,0.37,2.044,10.320510893752276
chr11_mat_hsa9,54083493,active,0.363,2.084,10.399036564434322
chr11_mat_hsa9,54087493,active,0.372,1.932,10.138310582507238
chr11_mat_hsa9,54091493,active,0.3635,2.032,10.34389326171355
chr11_mat_hsa9,54095493,active,0.3655,2.076,10.407798270187104
chr11_mat_hsa9,54099493,active,0.3715,2.1,10.412835795220413
chr11_mat_hsa9,54103493,active,0.3695,2.0,10.18807234552275
chr11_mat_hsa9,54107493,active,0.3715,2.028,10.264198951313695
chr11_mat_hsa9,54111493,active,0.377,2.024,10.325331452184612
chr11_mat_hsa9,54115493,active,0.3725,1.976,10.240170120417575
chr11_mat_hsa9,54119493,active,0.3865,1.92,10.0038542993097
chr11_mat_hsa9,54123493,active,0.381,1.948,10.092187542154388
chr11_mat_hsa9,54127493,active,0.386,1.948,10.061314014532936
chr11_mat_hsa9,54131493,active,0.386,1.936,9.979212398520454
chr11_mat_hsa9,54135493,active,0.381,1.976,10.095872671069369
chr11_mat_hsa9,54139493,active,0.39,1.884,9.925902667816512
chr11_mat_hsa9,54143493,active,0.3845,1.976,10.13437227589258
chr11_mat_hsa9,54147493,active,0.3825,1.996,10.187208917535472
chr11_mat_hsa9,54151493,active,0.3865,1.9,9.998114057195995
chr11_mat_hsa9,54155493,active,0.384,2.036,10.278465546592443
chr11_mat_hsa9,54159493,active,0.3855,1.984,10.110214386947684
chr11_mat_hsa9,54163493,active,0.3865,1.968,10.072070143427068
chr11_mat_hsa9,54167493,active,0.3885,1.908,9.995931465880659
chr11_mat_hsa9,54171493,active,0.388,1.952,10.057627839151875
chr11_mat_hsa9,54175493,active,0.388,1.932,9.996501395258933
chr11_mat_hsa9,54179493,active,0.384,1.996,10.138607825028133
chr11_mat_hsa9,54183493,active,0.3845,1.964,10.085016446380447
chr11_mat_hsa9,54187493,active,0.391,1.688,9.620800438205432
chr11_mat_hsa9,54191493,active,0.3855,1.924,9.994251591122675
chr11_mat_hsa9,54195493,active,0.3875,1.964,10.068262739522472
chr11_mat_hsa9,54199493,active,0.3875,1.812,9.79492473994596
chr11_mat_hsa9,54203493,active,0.392,1.672,9.593062194132548
chr11_mat_hsa9,54207493,active,0.3875,1.832,9.823847599486353
chr11_mat_hsa9,54211493,active,0.388,1.924,10.009017155412396
chr11_mat_hsa9,54215493,active,0.3865,1.96,10.062134701985356
chr11_mat_hsa9,54219493,active,0.392,1.956,10.032747923535814
chr11_mat_hsa9,54223493,active,0.3855,1.928,9.96958839324453
chr11_mat_hsa9,54227493,active,0.3945,1.868,9.866563382423324
chr11_mat_hsa9,54231493,active,0.3875,1.904,9.968476693422675
chr11_mat_hsa9,54235493,active,0.3905,1.92,9.9843133089752
chr11_mat_hsa9,54239493,active,0.3835,1.912,9.94190681349813
chr11_mat_hsa9,54243493,active,0.394,1.8,9.709455074346732
chr11_mat_hsa9,54247493,active,0.3855,1.96,10.04696207001193
chr11_mat_hsa9,54251493,active,0.384,1.956,10.039051088796649
chr11_mat_hsa9,54255493,active,0.385,1.888,9.926038664949164
chr11_mat_hsa9,54259493,active,0.3785,1.8,9.820415144828642
chr11_mat_hsa9,54263493,active,0.3845,1.912,9.986112484641083
chr11_mat_hsa9,54267493,active,0.3815,1.968,10.185686621491945
chr11_mat_hsa9,54271493,active,0.376,1.896,9.991046004058964
chr11_mat_hsa9,54275493,active,0.3775,1.94,10.051174471681005
chr11_mat_hsa9,54279493,active,0.38,2.0,10.180222629388037
chr11_mat_hsa9,54283493,active,0.3895,1.984,10.077483010422535
chr11_mat_hsa9,54287493,active,0.3855,1.972,10.139130218733639
chr11_mat_hsa9,54291493,active,0.385,1.864,9.861621429558719
chr11_mat_hsa9,54295493,active,0.377,1.628,9.52517742808456
chr11_mat_hsa9,54299493,active,0.384,1.988,10.044818442253542
chr11_mat_hsa9,54303493,active,0.3805,1.504,9.34247710387163
chr11_mat_hsa9,54307493,active,0.381,1.932,10.022199523520381
chr11_mat_hsa9,54311493,active,0.378,1.952,10.02377630003679
chr11_mat_hsa9,54315493,active,0.3795,1.552,9.469437662284772
chr11_mat_hsa9,54319493,active,0.3855,1.832,9.763537026807677
chr11_mat_hsa9,54323493,active,0.3805,1.756,9.723516947953566
chr11_mat_hsa9,54327493,active,0.384,1.936,10.006380351374004
chr11_mat_hsa9,54331493,active,0.3765,1.612,9.548649281915255
chr11_mat_hsa9,54335493,active,0.384,1.996,10.033956435309877
chr11_mat_hsa9,54339493,active,0.376,1.664,9.608472454852423
chr11_mat_hsa9,54343493,active,0.385,1.992,10.113582841422172
chr11_mat_hsa9,54347493,active,0.3855,1.948,10.098057273487912
chr11_mat_hsa9,54351493,active,0.3835,1.62,9.463998615449189
chr11_mat_hsa9,54355493,active,0.3795,1.564,9.471405587820234
chr11_mat_hsa9,54359493,active,0.3885,1.88,9.941338388573552
chr11_mat_hsa9,54363493,active,0.381,1.552,9.469293037431669
chr11_mat_hsa9,54367493,active,0.3805,1.56,9.482576266404717
chr11_mat_hsa9,54371493,active,0.3775,1.656,9.672282107487542
chr11_mat_hsa9,54375493,active,0.384,1.964,10.085780144471618
chr11_mat_hsa9,54379493,active,0.38,1.988,10.164998357647466
chr11_mat_hsa9,54383493,active,0.3775,1.7,9.650257728275356
chr11_mat_hsa9,54387493,active,0.3825,1.968,10.100933122478928
chr11_mat_hsa9,54391493,active,0.3815,1.812,9.787378573721686
chr11_mat_hsa9,54395493,active,0.384,1.956,10.013708195726613
chr11_mat_hsa9,54399493,active,0.382,1.952,10.051509581404472
chr11_mat_hsa9,54403493,active,0.3785,1.712,9.670654758660167
chr11_mat_hsa9,54407493,active,0.383,1.964,10.098923072227672
chr11_mat_hsa9,54411493,active,0.3815,1.812,9.781565970841594
chr11_mat_hsa9,54415493,active,0.3825,1.916,9.890935015024372
chr11_mat_hsa9,54419493,active,0.3805,1.512,9.315557279317746
chr11_mat_hsa9,54423493,active,0.381,1.616,9.479308025500762
chr11_mat_hsa9,54427493,active,0.3845,1.864,9.881976239783572
chr11_mat_hsa9,54431493,active,0.3825,1.992,10.144824822343429
chr11_mat_hsa9,54435493,active,0.3845,1.944,10.05785078549274
chr11_mat_hsa9,54439493,active,0.38,1.612,9.472469784184876
chr11_mat_hsa9,54443493,active,0.381,1.604,9.522784950320244
chr11_mat_hsa9,54447493,active,0.3785,1.568,9.402101256095799
chr11_mat_hsa9,54451493,active,0.3785,1.924,10.03035213677103
chr11_mat_hsa9,54455493,active,0.3805,1.88,9.887977594192098
chr11_mat_hsa9,54459493,active,0.3825,1.864,9.883347901912801
chr11_mat_hsa9,54463493,active,0.3845,1.964,10.063911826116144
chr11_mat_hsa9,54467493,active,0.3845,1.88,9.92540769158057
chr11_mat_hsa9,54471493,active,0.3875,1.896,9.96749241819459
chr11_mat_hsa9,54475493,active,0.3865,1.912,9.98794026392698
chr11_mat_hsa9,54479493,active,0.3855,1.944,10.023447033465935
chr11_mat_hsa9,54483493,active,0.386,1.904,10.012159938327418
chr11_mat_hsa9,54487493,active,0.386,1.868,9.882521199682941
chr11_mat_hsa9,54491493,active,0.388,1.868,9.873816300450153
chr11_mat_hsa9,54495493,active,0.388,1.872,9.848533808243632
chr11_mat_hsa9,54499493,active,0.3875,1.848,9.809782072186833
chr11_mat_hsa9,54503493,active,0.383,1.904,9.947962205242707
chr11_mat_hsa9,54507493,active,0.3805,1.644,9.54744596642652
chr11_mat_hsa9,54511493,active,0.376,1.672,9.614858527081195
chr11_mat_hsa9,54515493,active,0.3775,1.564,9.463011989511546
chr11_mat_hsa9,54519493,active,0.3785,1.512,9.341804461698008
chr11_mat_hsa9,54523493,active,0.3755,1.892,9.951919590267133
chr11_mat_hsa9,54527493,active,0.382,1.936,10.042108799697457
chr11_mat_hsa9,54531493,active,0.3775,1.648,9.575362891918994
chr11_mat_hsa9,54535493,active,0.376,1.9,9.946927231702643
chr11_mat_hsa9,54539493,active,0.3845,1.956,10.069795202354598
chr11_mat_hsa9,54543493,active,0.381,1.804,9.801121280932119
chr11_mat_hsa9,54547493,active,0.3835,1.848,9.823860110210909
chr11_mat_hsa9,54551493,active,0.378,1.924,9.998190674240103
chr11_mat_hsa9,54555493,active,0.3815,1.704,9.638370272409711
chr11_mat_hsa9,54559493,active,0.3805,1.816,9.832403582762698
chr11_mat_hsa9,54563493,active,0.3815,1.796,9.735916240106775
chr11_mat_hsa9,54567493,active,0.3805,1.908,9.97821952393694
chr11_mat_hsa9,54571493,active,0.382,1.988,10.15667890055141
chr11_mat_hsa9,54575493,active,0.3845,2.048,10.289214432358088
chr11_mat_hsa9,54579493,active,0.3775,1.972,10.111186068496888
chr11_mat_hsa9,54583493,active,0.3815,1.892,9.921359509381437
chr11_mat_hsa9,54587493,active,0.3875,1.94,10.033494559503534
chr11_mat_hsa9,54591493,active,0.3865,1.94,10.053593683140402
chr11_mat_hsa9,54595493,active,0.3815,1.912,9.99653289572259
chr11_mat_hsa9,54599493,active,0.379,1.908,9.976566800852902
chr11_mat_hsa9,54603493,active,0.38,1.944,10.053318536859939
chr11_mat_hsa9,54607493,active,0.3835,1.912,9.981810023094651
chr11_mat_hsa9,54611493,active,0.3795,1.88,9.932886169847494
chr11_mat_hsa9,54615493,active,0.3825,1.956,10.064917399981685
chr11_mat_hsa9,54619493,active,0.383,1.932,10.014492311897884
chr11_mat_hsa9,54623493,active,0.3755,1.836,9.826505353412255
chr11_mat_hsa9,54627493,active,0.385,1.956,10.073333031619434
chr11_mat_hsa9,54631493,active,0.38,1.944,10.077032768951083
chr11_mat_hsa9,54635493,active,0.3805,1.984,10.12974715766093
chr11_mat_hsa9,54639493,active,0.382,1.968,10.089454469187455
chr11_mat_hsa9,54643493,active,0.378,1.976,10.092151352155922
chr11_mat_hsa9,54647493,active,0.3835,1.968,10.040792692872248
chr11_mat_hsa9,54651493,active,0.3805,1.532,9.404051663288993
chr11_mat_hsa9,54655493,active,0.3845,1.968,10.06176787225657
chr11_mat_hsa9,54659493,active,0.3815,1.968,10.072111920450208
chr11_mat_hsa9,54663493,active,0.381,1.964,10.097467002311348
chr11_mat_hsa9,54667493,active,0.381,1.952,10.009359730310832
chr11_mat_hsa9,54671493,active,0.3795,1.684,9.688995138970018
chr11_mat_hsa9,54675493,active,0.3785,1.576,9.492377082324717
chr11_mat_hsa9,54679493,active,0.38,1.564,9.409001419454503
chr11_mat_hsa9,54683493,active,0.3775,1.592,9.521724399322052
chr11_mat_hsa9,54687493,active,0.377,1.504,9.325461072877276
chr11_mat_hsa9,54691493,active,0.3775,1.588,9.451334861039875
chr11_mat_hsa9,54695493,active,0.3775,1.576,9.475374827952573
chr11_mat_hsa9,54699493,active,0.377,1.524,9.35828929868511
chr11_mat_hsa9,54703493,active,0.378,1.516,9.303646300804289
chr11_mat_hsa9,54707493,active,0.3805,1.524,9.385852434899013
chr11_mat_hsa9,54711493,active,0.374,1.592,9.549065935114935
chr11_mat_hsa9,54715493,active,0.3755,1.556,9.443832267034804
chr11_mat_hsa9,54719493,active,0.3765,1.488,9.248317226983078
chr11_mat_hsa9,54723493,active,0.3765,1.496,9.30319094166019
chr11_mat_hsa9,54727493,active,0.3775,1.532,9.411858230789637
chr11_mat_hsa9,54731493,active,0.3765,1.58,9.528370477607243
chr11_mat_hsa9,54735493,active,0.376,1.468,9.25205296928428
chr11_mat_hsa9,54739493,active,0.3795,1.54,9.428072730681746
chr11_mat_hsa9,54743493,active,0.376,1.572,9.509199242210212
chr11_mat_hsa9,54747493,active,0.3775,1.444,9.228118284466753
chr11_mat_hsa9,54751493,active,0.3765,1.516,9.376812533737816
chr11_mat_hsa9,54755493,active,0.3755,1.604,9.443885828701374
chr11_mat_hsa9,54759493,active,0.3785,1.504,9.309229455680194
chr11_mat_hsa9,54763493,active,0.3805,1.54,9.369288118215538
chr11_mat_hsa9,54767493,active,0.3785,1.588,9.508540520510966
chr11_mat_hsa9,54771493,active,0.3765,1.516,9.308766526566096
chr11_mat_hsa9,54775493,active,0.3785,1.56,9.430187252333983
chr11_mat_hsa9,54779493,active,0.379,1.512,9.348326245500123
chr11_mat_hsa9,54783493,active,0.377,1.552,9.487884275000171
chr11_mat_hsa9,54787493,active,0.3825,1.536,9.377278983591827
chr11_mat_hsa9,54791493,active,0.378,1.612,9.540410743865907
chr11_mat_hsa9,54795493,active,0.3785,1.512,9.251174305032308
chr11_mat_hsa9,54799493,active,0.3785,1.52,9.375494610616354
chr11_mat_hsa9,54803493,active,0.379,1.556,9.404639437601942
chr11_mat_hsa9,54807493,active,0.3775,1.544,9.375115408298873
chr11_mat_hsa9,54811493,active,0.3775,1.652,9.516610891020678
chr11_mat_hsa9,54815493,active,0.3795,1.64,9.607871370443158
chr11_mat_hsa9,54819493,active,0.38,1.588,9.423096577288447
chr11_mat_hsa9,54823493,active,0.3775,1.612,9.471997218007838
chr11_mat_hsa9,54827493,active,0.378,1.648,9.574264352900263
chr11_mat_hsa9,54831493,active,0.377,1.636,9.466116751487908
chr11_mat_hsa9,54835493,active,0.3805,1.624,9.534120559282975
chr11_mat_hsa9,54839493,active,0.375,1.484,9.280483147761814
chr11_mat_hsa9,54843493,active,0.379,1.652,9.603973310816961
chr11_mat_hsa9,54847493,active,0.3765,1.652,9.549023625048841
chr11_mat_hsa9,54851493,active,0.3785,1.492,9.278858236093821
chr11_mat_hsa9,54855493,active,0.376,1.64,9.587648690645086
chr11_mat_hsa9,54859493,active,0.377,1.572,9.465700140704978
chr11_mat_hsa9,54863493,active,0.3805,1.652,9.580503639181282
chr11_mat_hsa9,54867493,active,0.3765,1.504,9.323601984190073
chr11_mat_hsa9,54871493,active,0.3775,1.652,9.575190115082979
chr11_mat_hsa9,54875493,active,0.375,1.452,9.18894512812445
chr11_mat_hsa9,54879493,active,0.3775,1.536,9.399533224936624
chr11_mat_hsa9,54883493,active,0.376,1.556,9.44127203431076
chr11_mat_hsa9,54887493,active,0.3765,1.584,9.475629656462903
chr11_mat_hsa9,54891493,active,0.379,1.608,9.519956667982028
chr11_mat_hsa9,54895493,active,0.376,1.488,9.26069097823095
chr11_mat_hsa9,54899493,active,0.379,1.528,9.371565921517178
chr11_mat_hsa9,54903493,active,0.377,1.576,9.501011329292345
chr11_mat_hsa9,54907493,active,0.3795,1.532,9.420762275145922
chr11_mat_hsa9,54911493,active,0.3805,1.528,9.400866062601047
chr11_mat_hsa9,54915493,active,0.381,1.524,9.393057484420325
chr11_mat_hsa9,54919493,active,0.379,1.528,9.394676954257172
chr11_mat_hsa9,54923493,active,0.379,1.508,9.298659022018523
chr11_mat_hsa9,54927493,active,0.3775,1.568,9.448790041283038
chr11_mat_hsa9,54931493,active,0.377,1.648,9.601376678119518
chr11_mat_hsa9,54935493,active,0.3785,1.532,9.409348483787623
chr11_mat_hsa9,54939493,active,0.379,1.48,9.256914435297674
chr11_mat_hsa9,54943493,active,0.377,1.484,9.310469021573972
chr11_mat_hsa9,54947493,active,0.38,1.616,9.562731202837591
chr11_mat_hsa9,54951493,active,0.376,1.68,9.61298496490602
chr11_mat_hsa9,54955493,active,0.377,1.604,9.47955007706787
chr11_mat_hsa9,54959493,active,0.38,1.528,9.322731257676535
chr11_mat_hsa9,54963493,active,0.3815,1.576,9.45210905025207
chr11_mat_hsa9,54967493,active,0.3775,1.624,9.515894734318493
chr11_mat_hsa9,54971493,active,0.377,1.64,9.549827645284854
chr11_mat_hsa9,54975493,active,0.3755,1.584,9.470313435087919
chr11_mat_hsa9,54979493,active,0.3805,1.588,9.50034279442448
chr11_mat_hsa9,54983493,active,0.379,1.644,9.619037573635516
chr11_mat_hsa9,54987493,active,0.3795,1.544,9.428136904672611
chr11_mat_hsa9,54991493,active,0.3775,1.664,9.606487089477158
chr11_mat_hsa9,54995493,active,0.379,1.58,9.427031178980272
chr11_mat_hsa9,54999493,active,0.3765,1.64,9.559411169459022
chr11_mat_hsa9,55003493,active,0.3785,1.508,9.342676788917556
chr11_mat_hsa9,55007493,active,0.3795,1.7,9.703344856590752
chr11_mat_hsa9,55011493,active,0.373,1.448,9.191891697580898
chr11_mat_hsa9,55015493,active,0.378,1.644,9.537269858542919
chr11_mat_hsa9,55019493,active,0.3785,1.516,9.313009517694757
chr11_mat_hsa9,55023493,active,0.3765,1.68,9.580831777288038
chr11_mat_hsa9,55027493,active,0.3765,1.58,9.4161192541789
chr11_mat_hsa9,55031493,active,0.3775,1.536,9.360870227567828
chr11_mat_hsa9,55035493,active,0.3735,1.476,9.252553983056618
chr11_mat_hsa9,55039493,active,0.377,1.576,9.471578776987078
chr11_mat_hsa9,55043493,active,0.379,1.58,9.450945902537876
chr11_mat_hsa9,55047493,active,0.376,1.512,9.355259836938178
chr11_mat_hsa9,55051493,active,0.3785,1.48,9.308293212784571
chr11_mat_hsa9,55055493,active,0.3805,1.5,9.300928279390872
chr11_mat_hsa9,55059493,active,0.3805,1.496,9.308586684577055
chr11_mat_hsa9,55063493,active,0.3785,1.44,9.202004611605078
chr11_mat_hsa9,55067493,active,0.379,1.532,9.342563662023277
chr11_mat_hsa9,55071493,active,0.3765,1.56,9.43678548935323
chr11_mat_hsa9,55075493,active,0.379,1.484,9.271015324118544
chr11_mat_hsa9,55079493,active,0.3795,1.472,9.231388446952913
chr11_mat_hsa9,55083493,active,0.3775,1.536,9.336566858903561
chr11_mat_hsa9,55087493,active,0.3785,1.636,9.593023361129685
chr11_mat_hsa9,55091493,active,0.3765,1.488,9.263958455227812
chr11_mat_hsa9,55095493,active,0.378,1.556,9.380752568295364
chr11_mat_hsa9,55099493,active,0.378,1.496,9.344396104027489
chr11_mat_hsa9,55103493,active,0.3785,1.48,9.296947721636244
chr11_mat_hsa9,55107493,active,0.3765,1.524,9.394188343097158
chr11_mat_hsa9,55111493,active,0.38,1.572,9.431134162845657
chr11_mat_hsa9,55115493,active,0.379,1.508,9.304509566940443
chr11_mat_hsa9,55119493,active,0.3785,1.536,9.303806333225584
chr11_mat_hsa9,55123493,active,0.3755,1.556,9.433214175761128
chr11_mat_hsa9,55127493,active,0.3765,1.568,9.42834483573318
chr11_mat_hsa9,55131493,active,0.3765,1.648,9.610412395972354
chr11_mat_hsa9,55135493,active,0.3765,1.552,9.451688904787655
chr11_mat_hsa9,55139493,active,0.377,1.556,9.441343171168874
chr11_mat_hsa9,55143493,active,0.3795,1.524,9.385443916394602
chr11_mat_hsa9,55147493,active,0.377,1.588,9.47656143246679
chr11_mat_hsa9,55151493,active,0.3785,1.592,9.517214583507101
chr11_mat_hsa9,55155493,active,0.377,1.524,9.395813928025692
chr11_mat_hsa9,55159493,active,0.3785,1.532,9.396865055892299
chr11_mat_hsa9,55163493,active,0.3775,1.564,9.423876832512164
chr11_mat_hsa9,55167493,active,0.378,1.572,9.467343600206567
chr11_mat_hsa9,55171493,active,0.384,1.52,9.365457301788894
chr11_mat_hsa9,55175493,active,0.378,1.592,9.47830145446528
chr11_mat_hsa9,55179493,active,0.3785,1.572,9.501247779893127
chr11_mat_hsa9,55183493,active,0.3775,1.552,9.39442018546312
chr11_mat_hsa9,55187493,active,0.38,1.572,9.467175365312812
chr11_mat_hsa9,55191493,active,0.38,1.668,9.669066934907912
chr11_mat_hsa9,55195493,active,0.3765,1.58,9.429050578869665
chr11_mat_hsa9,55199493,active,0.377,1.628,9.559020337397495
chr11_mat_hsa9,55203493,active,0.3775,1.6,9.461142177387657
chr11_mat_hsa9,55207493,active,0.38,1.672,9.60476478656015
chr11_mat_hsa9,55211493,active,0.38,1.66,9.567491653124387
chr11_mat_hsa9,55215493,active,0.3735,1.664,9.581605303508727
chr11_mat_hsa9,55219493,active,0.374,1.64,9.488323271111543
chr11_mat_hsa9,55223493,active,0.38,1.54,9.439862512353951
chr11_mat_hsa9,55227493,active,0.379,1.54,9.438958021569077
chr11_mat_hsa9,55231493,active,0.3785,1.54,9.38530774651153
chr11_mat_hsa9,55235493,active,0.379,1.544,9.43211974814358
chr11_mat_hsa9,55239493,active,0.379,1.556,9.442131008603285
chr11_mat_hsa9,55243493,active,0.379,1.592,9.515764578789868
chr11_mat_hsa9,55247493,active,0.377,1.496,9.27650678817117
chr11_mat_hsa9,55251493,active,0.3775,1.624,9.516532569532917
chr11_mat_hsa9,55255493,active,0.3765,1.548,9.414417015303096
chr11_mat_hsa9,55259493,active,0.379,1.52,9.303249792624394
chr11_mat_hsa9,55263493,active,0.377,1.564,9.43711880056338
chr11_mat_hsa9,55267493,active,0.379,1.516,9.384617554905521
chr11_mat_hsa9,55271493,active,0.3795,1.5,9.34545011928103
chr11_mat_hsa9,55275493,active,0.382,1.58,9.453151558898544
chr11_mat_hsa9,55279493,active,0.3785,1.48,9.268166871496833
chr11_mat_hsa9,55283493,active,0.3775,1.576,9.455698139236912
chr11_mat_hsa9,55287493,active,0.375,1.532,9.387031803236514
chr11_mat_hsa9,55291493,active,0.3785,1.52,9.3811169826722
chr11_mat_hsa9,55295493,active,0.378,1.592,9.545406844260585
chr11_mat_hsa9,55299493,active,0.376,1.628,9.561965526815015
chr11_mat_hsa9,55303493,active,0.378,1.644,9.620208811018136
chr11_mat_hsa9,55307493,active,0.3815,1.5,9.396809936350174
chr11_mat_hsa9,55311493,active,0.3785,1.576,9.446782130814276
chr11_mat_hsa9,55315493,active,0.3785,1.492,9.324438208423087
chr11_mat_hsa9,55319493,active,0.381,1.548,9.400180408769572
chr11_mat_hsa9,55323493,active,0.38,1.536,9.439236060635555
chr11_mat_hsa9,55327493,active,0.3785,1.584,9.55068454955228
chr11_mat_hsa9,55331493,active,0.3785,1.544,9.439913668019306
chr11_mat_hsa9,55335493,active,0.3775,1.552,9.388925443707233
chr11_mat_hsa9,55339493,active,0.379,1.532,9.380063001008734
chr11_mat_hsa9,55343493,active,0.3795,1.516,9.385892784706568
chr11_mat_hsa9,55347493,active,0.3805,1.568,9.463061588574915
chr11_mat_hsa9,55351493,active,0.3785,1.54,9.44075482118937
chr11_mat_hsa9,55355493,active,0.379,1.58,9.471161074647362
chr11_mat_hsa9,55359493,active,0.3795,1.54,9.424236738430917
chr11_mat_hsa9,55363493,active,0.378,1.528,9.428812461155609
chr11_mat_hsa9,55367493,active,0.381,1.576,9.483047891443833
chr11_mat_hsa9,55371493,active,0.3815,1.604,9.508952619104548
chr11_mat_hsa9,55375493,active,0.38,1.58,9.502994046687052
chr11_mat_hsa9,55379493,active,0.38,1.616,9.54070950756617
chr11_mat_hsa9,55383493,active,0.379,1.604,9.520577728185017
chr11_mat_hsa9,55387493,active,0.377,1.604,9.511343833480325
chr11_mat_hsa9,55391493,active,0.38,1.684,9.653225284213928
chr11_mat_hsa9,55395493,active,0.373,1.58,9.453667090758273
chr11_mat_hsa9,55399493,active,0.378,1.7,9.731793545930573
chr11_mat_hsa9,55403493,active,0.3745,1.624,9.510170666396025
chr11_mat_hsa9,55407493,active,0.3775,1.76,9.769556459417968
chr11_mat_hsa9,55411493,active,0.3755,1.676,9.638475955229215
chr11_mat_hsa9,55415493,active,0.3775,1.596,9.529619411027953
chr11_mat_hsa9,55419493,active,0.3765,1.632,9.596053233480708
chr11_mat_hsa9,55423493,active,0.374,1.664,9.615378015019681
chr11_mat_hsa9,55427493,active,0.375,1.596,9.51967347151341
chr11_mat_hsa9,55431493,active,0.3805,1.592,9.495780569012197
chr11_mat_hsa9,55435493,active,0.381,1.56,9.453732026680408
chr11_mat_hsa9,55439493,active,0.3805,1.664,9.588700394491243
chr11_mat_hsa9,55443493,active,0.3805,1.592,9.498137420516942
chr11_mat_hsa9,55447493,active,0.3755,1.648,9.584110023869567
chr11_mat_hsa9,55451493,active,0.3715,1.636,9.577261666186716
chr11_mat_hsa9,55455493,active,0.38,1.6,9.542408155732922
chr11_mat_hsa9,55459493,active,0.3785,1.644,9.570662638939337
chr11_mat_hsa9,55463493,active,0.3795,1.572,9.444096579794767
chr11_mat_hsa9,55467493,active,0.3825,1.608,9.50825316755053
chr11_mat_hsa9,55471493,active,0.3775,1.556,9.441351878209147
chr11_mat_hsa9,55475493,active,0.379,1.628,9.548494216256923
chr11_mat_hsa9,55479493,active,0.372,1.648,9.636203030442978
chr11_mat_hsa9,55483493,active,0.373,1.676,9.694025553294445
chr11_mat_hsa9,55487493,active,0.373,1.688,9.692140175601763
chr11_mat_hsa9,55491493,active,0.3755,1.572,9.440353349881061
chr11_mat_hsa9,55495493,active,0.3805,1.5,9.369961151551621
chr11_mat_hsa9,55499493,active,0.379,1.668,9.602846639188833
chr11_mat_hsa9,55503493,active,0.379,1.6,9.524563017564782
chr11_mat_hsa9,55507493,active,0.3785,1.612,9.515215116364757
chr11_mat_hsa9,55511493,active,0.378,1.616,9.575065906761427
chr11_mat_hsa9,55515493,active,0.3725,1.644,9.618512509998752
chr11_mat_hsa9,55519493,active,0.3755,1.556,9.520209346407045
chr11_mat_hsa9,55523493,active,0.378,1.576,9.48623344699902
chr11_mat_hsa9,55527493,active,0.3775,1.596,9.488069078458926
chr11_mat_hsa9,55531493,active,0.381,1.532,9.401980880356795
chr11_mat_hsa9,55535493,active,0.3785,1.5,9.342958647792607
chr11_mat_hsa9,55539493,active,0.3775,1.552,9.467767650270819
chr11_mat_hsa9,55543493,active,0.378,1.54,9.433681347638704
chr11_mat_hsa9,55547493,active,0.3785,1.48,9.299440036173342
chr11_mat_hsa9,55551493,active,0.378,1.576,9.490879008578782
chr11_mat_hsa9,55555493,active,0.3775,1.632,9.613707159144612
chr11_mat_hsa9,55559493,active,0.3805,1.584,9.514324032986162
chr11_mat_hsa9,55563493,active,0.374,1.644,9.586516666913782
chr11_mat_hsa9,55567493,active,0.372,1.644,9.560194710073866
chr11_mat_hsa9,55571493,active,0.3795,1.588,9.472993400741373
chr11_mat_hsa9,55575493,active,0.3765,1.56,9.426929414909088
chr11_mat_hsa9,55579493,active,0.378,1.576,9.458563743778111
chr11_mat_hsa9,55583493,active,0.3745,1.54,9.358792485618917
chr11_mat_hsa9,55587493,active,0.3745,1.608,9.519407515317743
chr11_mat_hsa9,55591493,active,0.3745,1.564,9.47172166112334
chr11_mat_hsa9,55595493,active,0.3745,1.56,9.471169363708707
chr11_mat_hsa9,55599493,active,0.378,1.58,9.513916791071619
chr11_mat_hsa9,55603493,active,0.378,1.6,9.517110749516641
chr11_mat_hsa9,55607493,active,0.3785,1.584,9.441011607449155
chr11_mat_hsa9,55611493,active,0.378,1.576,9.434924738740097
chr11_mat_hsa9,55615493,active,0.377,1.572,9.414863705477716
chr11_mat_hsa9,55619493,active,0.3795,1.604,9.557021430004516
chr11_mat_hsa9,55623493,active,0.3775,1.536,9.44892474725428
chr11_mat_hsa9,55627493,active,0.376,1.508,9.366234783238147
chr11_mat_hsa9,55631493,active,0.377,1.528,9.38643607269494
chr11_mat_hsa9,55635493,active,0.3775,1.54,9.438148228645094
chr11_mat_hsa9,55639493,active,0.3785,1.5,9.37085489540058
chr11_mat_hsa9,55643493,active,0.376,1.564,9.489513195318334
chr11_mat_hsa9,55647493,active,0.375,1.556,9.425700097099634
chr11_mat_hsa9,55651493,active,0.377,1.532,9.395216321732725
chr11_mat_hsa9,55655493,active,0.378,1.544,9.424471792267195
chr11_mat_hsa9,55659493,active,0.3765,1.524,9.361697854954555
chr11_mat_hsa9,55663493,active,0.378,1.528,9.381688404327347
chr11_mat_hsa9,55667493,active,0.38,1.588,9.474420290524883
chr11_mat_hsa9,55671493,active,0.3795,1.596,9.475986270106924
chr11_mat_hsa9,55675493,active,0.377,1.568,9.469882316731534
chr11_mat_hsa9,55679493,active,0.379,1.56,9.454238714489376
chr11_mat_hsa9,55683493,active,0.379,1.612,9.521024863155086
chr11_mat_hsa9,55687493,active,0.375,1.544,9.45524053872679
chr11_mat_hsa9,55691493,active,0.3755,1.536,9.413536221998223
chr11_mat_hsa9,55695493,active,0.376,1.496,9.338988248500275
chr11_mat_hsa9,55699493,active,0.3775,1.54,9.361362340026133
chr11_mat_hsa9,55703493,active,0.381,1.528,9.387432712713725
chr11_mat_hsa9,55707493,active,0.3785,1.536,9.387887400573131
chr11_mat_hsa9,55711493,active,0.379,1.536,9.388576888645797
chr11_mat_hsa9,55715493,active,0.376,1.528,9.415290097502062
chr11_mat_hsa9,55719493,active,0.3795,1.592,9.516984698082368
chr11_mat_hsa9,55723493,active,0.3775,1.496,9.274795399224214
chr11_mat_hsa9,55727493,active,0.377,1.528,9.37526102337009
chr11_mat_hsa9,55731493,active,0.3795,1.5,9.29605168843641
chr11_mat_hsa9,55735493,active,0.379,1.576,9.469172933204518
chr11_mat_hsa9,55739493,active,0.3745,1.592,9.38394648373145
chr11_mat_hsa9,55743493,active,0.3815,1.572,9.423842145731847
chr11_mat_hsa9,55747493,active,0.38,1.508,9.34822375785263
chr11_mat_hsa9,55751493,active,0.382,1.612,9.565202950919776
chr11_mat_hsa9,55755493,active,0.3775,1.568,9.37150873007991
chr11_mat_hsa9,55759493,active,0.3765,1.512,9.304544291051215
chr11_mat_hsa9,55763493,active,0.378,1.516,9.310806451628233
chr11_mat_hsa9,55767493,active,0.38,1.532,9.365443561757068
chr11_mat_hsa9,55771493,active,0.379,1.52,9.396839370106012
chr11_mat_hsa9,55775493,active,0.378,1.576,9.430267276606745
chr11_mat_hsa9,55779493,active,0.379,1.616,9.530708775736166
chr11_mat_hsa9,55783493,active,0.381,1.504,9.321553656132199
chr11_mat_hsa9,55787493,active,0.378,1.584,9.500072006817723
chr11_mat_hsa9,55791493,active,0.3815,1.644,9.60142926505803
chr11_mat_hsa9,55795493,active,0.3805,1.584,9.546769086359477
chr11_mat_hsa9,55799493,active,0.38,1.668,9.65435419167005
chr11_mat_hsa9,55803493,active,0.378,1.672,9.642752464343301
chr11_mat_hsa9,55807493,active,0.381,1.664,9.628052272160764
chr11_mat_hsa9,55811493,active,0.3785,1.588,9.578211497849434
chr11_mat_hsa9,55815493,active,0.377,1.66,9.672002468455142
chr11_mat_hsa9,55819493,active,0.379,1.668,9.658611542034986
chr11_mat_hsa9,55823493,active,0.3775,1.636,9.577836557034706
chr11_mat_hsa9,55827493,active,0.38,1.652,9.637889529726325
chr11_mat_hsa9,55831493,active,0.378,1.692,9.685268032508663
chr11_mat_hsa9,55835493,active,0.3805,1.636,9.617518815163415
chr11_mat_hsa9,55839493,active,0.381,1.624,9.560153780969488
chr11_mat_hsa9,55843493,active,0.3785,1.62,9.618314893319333
chr11_mat_hsa9,55847493,active,0.378,1.648,9.573256972829281
chr11_mat_hsa9,55851493,active,0.378,1.66,9.524624867590319
chr11_mat_hsa9,55855493,active,0.3815,1.628,9.497021223458155
chr11_mat_hsa9,55859493,active,0.377,1.504,9.31050286918499
chr11_mat_hsa9,55863493,active,0.376,1.524,9.333576283052363
chr11_mat_hsa9,55867493,active,0.3795,1.504,9.334829301235933
chr11_mat_hsa9,55871493,active,0.378,1.48,9.306519973316558
chr11_mat_hsa9,55875493,active,0.38,1.492,9.271688711920792
chr11_mat_hsa9,55879493,active,0.378,1.544,9.373688488491727
chr11_mat_hsa9,55883493,active,0.379,1.516,9.329897133877237
chr11_mat_hsa9,55887493,active,0.379,1.524,9.376955121204391
chr11_mat_hsa9,55891493,active,0.377,1.576,9.48181474479224
chr11_mat_hsa9,55895493,active,0.3765,1.596,9.494260405799336
chr11_mat_hsa9,55899493,active,0.3745,1.66,9.61456532514191
chr11_mat_hsa9,55903493,active,0.3815,1.592,9.515400976765815
chr11_mat_hsa9,55907493,active,0.3825,1.624,9.590026202319452
chr11_mat_hsa9,55911493,active,0.381,1.608,9.527055994247231
chr11_mat_hsa9,55915493,active,0.3775,1.652,9.647888185920817
chr11_mat_hsa9,55919493,active,0.377,1.612,9.574987751182393
chr11_mat_hsa9,55923493,active,0.3805,1.648,9.63747259929857
chr11_mat_hsa9,55927493,active,0.38,1.596,9.530213113216556
chr11_mat_hsa9,55931493,active,0.3795,1.66,9.627841371994393
chr11_mat_hsa9,55935493,active,0.3795,1.576,9.48563658548855
chr11_mat_hsa9,55939493,active,0.3805,1.66,9.684556785196
chr11_mat_hsa9,55943493,active,0.379,1.672,9.689475954093876
chr11_mat_hsa9,55947493,active,0.3825,1.596,9.55625469693384
chr11_mat_hsa9,55951493,active,0.379,1.632,9.581960668335698
chr11_mat_hsa9,55955493,active,0.381,1.62,9.583974643157385
chr11_mat_hsa9,55959493,active,0.3775,1.648,9.622873307672405
chr11_mat_hsa9,55963493,active,0.377,1.688,9.714911133831391
chr11_mat_hsa9,55967493,active,0.378,1.648,9.629440156080639
chr11_mat_hsa9,55971493,active,0.378,1.64,9.595188234002645
chr11_mat_hsa9,55975493,active,0.378,1.664,9.616114759768234
chr11_mat_hsa9,55979493,active,0.379,1.668,9.676530205596716
chr11_mat_hsa9,55983493,active,0.381,1.596,9.614843119513045
chr11_mat_hsa9,55987493,active,0.383,1.584,9.49581467963475
chr11_mat_hsa9,55991493,active,0.379,1.66,9.54518527107915
chr11_mat_hsa9,55995493,active,0.373,1.64,9.541108463736638
chr11_mat_hsa9,55999493,active,0.376,1.564,9.447515549206786
chr11_mat_hsa9,56003493,active,0.3755,1.64,9.576077923368397
chr11_mat_hsa9,56007493,active,0.379,1.708,9.666042459365453
chr11_mat_hsa9,56011493,active,0.3755,1.712,9.71872812896815
chr11_mat_hsa9,56015493,active,0.378,1.628,9.545856387808994
chr11_mat_hsa9,56019493,active,0.3795,1.588,9.500723159287348
chr11_mat_hsa9,56023493,active,0.3785,1.62,9.537020270389073
chr11_mat_hsa9,56027493,active,0.3755,1.64,9.55182435135854
chr11_mat_hsa9,56031493,active,0.383,1.6,9.51640605802928
chr11_mat_hsa9,56035493,active,0.3785,1.584,9.404189218288057
chr11_mat_hsa9,56039493,active,0.3815,1.62,9.520558211229329
chr11_mat_hsa9,56043493,active,0.381,1.604,9.508141148020169
chr11_mat_hsa9,56047493,active,0.378,1.56,9.476447168184976
chr11_mat_hsa9,56051493,active,0.3765,1.596,9.502812439948762
chr11_mat_hsa9,56055493,active,0.3785,1.632,9.561208918332444
chr11_mat_hsa9,56059493,active,0.3775,1.516,9.312048222471642
chr11_mat_hsa9,56063493,active,0.3745,1.584,9.493156041516974
chr11_mat_hsa9,56067493,active,0.3815,1.596,9.515939647058499
chr11_mat_hsa9,56071493,active,0.377,1.576,9.432353853149802
chr11_mat_hsa9,56075493,active,0.379,1.536,9.331456010865447
chr11_mat_hsa9,56079493,active,0.378,1.592,9.424128558857952
chr11_mat_hsa9,56083493,active,0.376,1.576,9.481688830368453
chr11_mat_hsa9,56087493,active,0.377,1.66,9.573116430547207
chr11_mat_hsa9,56091493,active,0.3765,1.556,9.389096679393306
chr11_mat_hsa9,56095493,active,0.3765,1.66,9.59893765821776
chr11_mat_hsa9,56099493,active,0.377,1.516,9.339328625819784
chr11_mat_hsa9,56103493,active,0.374,1.616,9.565425254556935
chr11_mat_hsa9,56107493,active,0.377,1.656,9.552163358835832
chr11_mat_hsa9,56111493,active,0.38,1.548,9.376973424659873
chr11_mat_hsa9,56115493,active,0.379,1.572,9.461443972432896
chr11_mat_hsa9,56119493,active,0.3765,1.592,9.42466533251499
chr11_mat_hsa9,56123493,active,0.3785,1.556,9.443176730627801
chr11_mat_hsa9,56127493,active,0.376,1.564,9.428402794322402
chr11_mat_hsa9,56131493,active,0.379,1.508,9.322617012096208
chr11_mat_hsa9,56135493,active,0.3745,1.624,9.517048092359074
chr11_mat_hsa9,56139493,active,0.3785,1.516,9.319045228656663
chr11_mat_hsa9,56143493,active,0.377,1.648,9.559830218992124
chr11_mat_hsa9,56147493,active,0.3765,1.576,9.44721435529894
chr11_mat_hsa9,56151493,active,0.38,1.58,9.440444772399616
chr11_mat_hsa9,56155493,active,0.379,1.548,9.367421551685194
chr11_mat_hsa9,56159493,active,0.3755,1.688,9.617111830434022
chr11_mat_hsa9,56163493,active,0.378,1.58,9.445327476469888
chr11_mat_hsa9,56167493,active,0.3755,1.592,9.486714192893931
chr11_mat_hsa9,56171493,active,0.3765,1.632,9.543801156339121
chr11_mat_hsa9,56175493,active,0.377,1.56,9.438952340157572
chr11_mat_hsa9,56179493,active,0.37,1.62,9.492709641060276
chr11_mat_hsa9,56183493,active,0.3765,1.572,9.397033355851526
chr11_mat_hsa9,56187493,active,0.379,1.668,9.624103412994044
chr11_mat_hsa9,56191493,active,0.3805,1.572,9.43842582291609
chr11_mat_hsa9,56195493,active,0.378,1.572,9.436184710647288
chr11_mat_hsa9,56199493,active,0.3765,1.64,9.547690170439873
chr11_mat_hsa9,56203493,active,0.379,1.548,9.382401860968711
chr11_mat_hsa9,56207493,active,0.379,1.556,9.395879788677298
chr11_mat_hsa9,56211493,active,0.377,1.632,9.555424689761033
chr11_mat_hsa9,56215493,active,0.375,1.612,9.436198380815867
chr11_mat_hsa9,56219493,active,0.377,1.64,9.567305695937755
chr11_mat_hsa9,56223493,active,0.377,1.62,9.59279999370859
chr11_mat_hsa9,56227493,active,0.382,1.6,9.484399221231364
chr11_mat_hsa9,56231493,active,0.3785,1.644,9.586680530258908
chr11_mat_hsa9,56235493,active,0.3795,1.616,9.506829499755504
chr11_mat_hsa9,56239493,active,0.3725,1.62,9.504623527917714
chr11_mat_hsa9,56243493,active,0.375,1.644,9.553527494892192
chr11_mat_hsa9,56247493,active,0.3775,1.564,9.446984198045158
chr11_mat_hsa9,56251493,active,0.375,1.524,9.329760151641393
chr11_mat_hsa9,56255493,active,0.374,1.536,9.413697937022551
chr11_mat_hsa9,56259493,active,0.382,1.608,9.59824086922014
chr11_mat_hsa9,56263493,active,0.3755,1.672,9.65556513936796
chr11_mat_hsa9,56267493,active,0.3795,1.552,9.406434143274751
chr11_mat_hsa9,56271493,active,0.3805,1.572,9.49439089998709
chr11_mat_hsa9,56275493,active,0.3805,1.552,9.416892855238933
chr11_mat_hsa9,56279493,active,0.3775,1.652,9.5944343697572
chr11_mat_hsa9,56283493,active,0.377,1.552,9.411773974161427
chr11_mat_hsa9,56287493,active,0.374,1.648,9.591629537694516
chr11_mat_hsa9,56291493,active,0.372,1.668,9.614392805601197
chr11_mat_hsa9,56295493,active,0.374,1.736,9.749238827010672
chr11_mat_hsa9,56299493,active,0.38,1.56,9.436431041140791
chr11_mat_hsa9,56303493,active,0.376,1.592,9.440763780194027
chr11_mat_hsa9,56307493,active,0.373,1.52,9.377175619021495
chr11_mat_hsa9,56311493,active,0.3755,1.544,9.396185139076936
chr11_mat_hsa9,56315493,active,0.3745,1.452,9.24174538955274
chr11_mat_hsa9,56319493,active,0.3745,1.516,9.348340491542498
chr11_mat_hsa9,56323493,active,0.3745,1.696,9.63633952797573
chr11_mat_hsa9,56327493,active,0.3745,1.688,9.6960717878279
chr11_mat_hsa9,56331493,active,0.376,1.504,9.338275992585212
chr11_mat_hsa9,56335493,active,0.3775,1.604,9.444614132738442
chr11_mat_hsa9,56339493,active,0.383,1.684,9.672362034657532
chr11_mat_hsa9,56343493,active,0.382,1.652,9.584735656567524
chr11_mat_hsa9,56347493,active,0.376,1.612,9.491050190631825
chr11_mat_hsa9,56351493,active,0.3725,1.492,9.30913693151403
chr11_mat_hsa9,56355493,active,0.3735,1.536,9.381778631661888
chr11_mat_hsa9,56359493,active,0.372,1.536,9.334495742643167
chr11_mat_hsa9,56363493,active,0.374,1.536,9.351084010607813
chr11_mat_hsa9,56367493,active,0.3725,1.54,9.369113692472348
chr11_mat_hsa9,56371493,active,0.378,1.588,9.40247360083197
chr11_mat_hsa9,56375493,active,0.3765,1.536,9.396634714662696
chr11_mat_hsa9,56379493,active,0.3765,1.632,9.492953447065215
chr11_mat_hsa9,56383493,active,0.377,1.544,9.30069296370621
chr11_mat_hsa9,56387493,active,0.3715,1.468,9.288111719703425
chr11_mat_hsa9,56391493,active,0.3765,1.504,9.279109155946708
chr11_mat_hsa9,56395493,active,0.3785,1.58,9.417666660769488
chr11_mat_hsa9,56399493,active,0.3765,1.648,9.571940669644333
chr11_mat_hsa9,56403493,active,0.375,1.56,9.407589648895787
chr11_mat_hsa9,56407493,active,0.376,1.512,9.315765649880573
chr11_mat_hsa9,56411493,active,0.3745,1.556,9.384333669052022
chr11_mat_hsa9,56415493,active,0.376,1.564,9.442485183645278
chr11_mat_hsa9,56419493,active,0.3755,1.584,9.481689789289332
chr11_mat_hsa9,56423493,active,0.3745,1.572,9.461527915559852
chr11_mat_hsa9,56427493,active,0.3745,1.588,9.47767119729809
chr11_mat_hsa9,56431493,active,0.3775,1.564,9.443175990821274
chr11_mat_hsa9,56435493,active,0.378,1.58,9.428543860186563
chr11_mat_hsa9,56439493,active,0.376,1.56,9.395262924873753
chr11_mat_hsa9,56443493,active,0.3715,1.608,9.432336098006894
chr11_mat_hsa9,56447493,active,0.3775,1.636,9.53080407014354
chr11_mat_hsa9,56451493,active,0.379,1.52,9.285508103952573
chr11_mat_hsa9,56455493,active,0.3745,1.572,9.396057015641645
chr11_mat_hsa9,56459493,active,0.375,1.548,9.335580873515529
chr11_mat_hsa9,56463493,active,0.378,1.54,9.344314333744748
chr11_mat_hsa9,56467493,active,0.3775,1.628,9.44047765653667
chr11_mat_hsa9,56471493,active,0.372,1.612,9.469054746116832
chr11_mat_hsa9,56475493,active,0.3785,1.576,9.440443829285828
chr11_mat_hsa9,56479493,active,0.3745,1.604,9.484557470946394
chr11_mat_hsa9,56483493,active,0.3765,1.632,9.549418212564902
chr11_mat_hsa9,56487493,active,0.377,1.628,9.546044159633244
chr11_mat_hsa9,56491493,active,0.3815,1.604,9.488996273150361
chr11_mat_hsa9,56495493,active,0.3745,1.644,9.560832156740787
chr11_mat_hsa9,56499493,active,0.3785,1.616,9.522793156960422
chr11_mat_hsa9,56503493,active,0.3755,1.592,9.460384627026796
chr11_mat_hsa9,56507493,active,0.379,1.588,9.465083731254524
chr11_mat_hsa9,56511493,active,0.378,1.516,9.352678560964211
chr11_mat_hsa9,56515493,active,0.376,1.596,9.499007473025307
chr11_mat_hsa9,56519493,active,0.372,1.572,9.45134160990762
chr11_mat_hsa9,56523493,active,0.3785,1.524,9.401189563147412
chr11_mat_hsa9,56527493,active,0.3765,1.54,9.44201622602829
chr11_mat_hsa9,56531493,active,0.3825,1.604,9.452061472272721
chr11_mat_hsa9,56535493,active,0.378,1.54,9.319463156677417
chr11_mat_hsa9,56539493,active,0.378,1.576,9.398445075810397
chr11_mat_hsa9,56543493,active,0.3785,1.52,9.37280290978478
chr11_mat_hsa9,56547493,active,0.3745,1.584,9.505790056645457
chr11_mat_hsa9,56551493,active,0.376,1.596,9.501488995608247
chr11_mat_hsa9,56555493,active,0.378,1.652,9.541318289071883
chr11_mat_hsa9,56559493,active,0.377,1.644,9.444309430758715
chr11_mat_hsa9,56563493,active,0.3795,1.496,9.299124391008133
chr11_mat_hsa9,56567493,active,0.3765,1.572,9.4157905226268
chr11_mat_hsa9,56571493,active,0.3775,1.664,9.557858066500271
chr11_mat_hsa9,56575493,active,0.3795,1.632,9.509639925405313
chr11_mat_hsa9,56579493,active,0.379,1.712,9.636022907058086
chr11_mat_hsa9,56583493,active,0.381,1.604,9.438173327332287
chr11_mat_hsa9,56587493,active,0.38,1.668,9.589315546476165
chr11_mat_hsa9,56591493,active,0.378,1.564,9.354819535448842
chr11_mat_hsa9,56595493,active,0.38,1.564,9.384880391508709
chr11_mat_hsa9,56599493,active,0.3765,1.5,9.254551774653553
chr11_mat_hsa9,56603493,active,0.3765,1.596,9.465527375935695
chr11_mat_hsa9,56607493,active,0.3795,1.604,9.462671889843273
chr11_mat_hsa9,56611493,active,0.3755,1.464,9.25018281670362
chr11_mat_hsa9,56615493,active,0.38,1.536,9.351470760098337
chr11_mat_hsa9,56619493,active,0.373,1.608,9.53651851109394
chr11_mat_hsa9,56623493,active,0.379,1.588,9.488209874364053
chr11_mat_hsa9,56627493,active,0.377,1.584,9.464599896218187
chr11_mat_hsa9,56631493,active,0.38,1.708,9.629584284163908
chr11_mat_hsa9,56635493,active,0.374,1.66,9.621537781485547
chr11_mat_hsa9,56639493,active,0.379,1.7,9.605243637367833
chr11_mat_hsa9,56643493,active,0.371,1.8,9.778682822584308
chr11_mat_hsa9,56647493,active,0.3815,1.876,9.923103788254126
chr11_mat_hsa9,56651493,active,0.3815,1.872,9.8939086930022
chr11_mat_hsa9,56655493,active,0.3795,1.864,9.896550159758851
chr11_mat_hsa9,56659493,active,0.383,1.9,9.947646300632442
chr11_mat_hsa9,56663493,active,0.3815,1.984,10.121785743929252
chr11_mat_hsa9,56667493,active,0.3825,2.048,10.25766597214994
chr11_mat_hsa9,56671493,active,0.3795,2.048,10.212533541231306
chr11_mat_hsa9,56675493,active,0.376,2.02,10.213112514650334
chr11_mat_hsa9,56679493,active,0.3815,2.004,10.15448567612864
chr11_mat_hsa9,56683493,active,0.3775,2.064,10.301594902762755
chr11_mat_hsa9,56687493,active,0.379,2.048,10.259687624203359
chr11_mat_hsa9,56691493,active,0.3795,2.016,10.208007417146856
chr11_mat_hsa9,56695493,active,0.375,2.02,10.225093558931196
chr11_mat_hsa9,56699493,active,0.3795,2.02,10.179271260315804
chr11_mat_hsa9,56703493,active,0.382,2.0,10.20944031027535
chr11_mat_hsa9,56707493,active,0.3805,2.004,10.182361843291213
chr11_mat_hsa9,56711493,active,0.3825,2.02,10.2299703368946
chr11_mat_hsa9,56715493,active,0.384,1.988,10.132712243658203
chr11_mat_hsa9,56719493,active,0.383,2.016,10.227417414552125
chr11_mat_hsa9,56723493,active,0.3795,1.964,10.125415262358718
chr11_mat_hsa9,56727493,active,0.382,2.032,10.249848634531432
chr11_mat_hsa9,56731493,active,0.377,2.056,10.277275165100365
chr11_mat_hsa9,56735493,active,0.378,2.0,10.161791418524544
chr11_mat_hsa9,56739493,active,0.3775,2.028,10.235396544750337
chr11_mat_hsa9,56743493,active,0.3815,2.004,10.213392672398994
chr11_mat_hsa9,56747493,active,0.382,1.996,10.203952948658408
chr11_mat_hsa9,56751493,active,0.379,2.024,10.170767964821186
chr11_mat_hsa9,56755493,active,0.378,2.096,10.331915772787116
chr11_mat_hsa9,56759493,active,0.3815,2.02,10.250007592121614
chr11_mat_hsa9,56763493,active,0.3815,2.008,10.217595952789255
chr11_mat_hsa9,56767493,active,0.382,2.008,10.225963217069946
chr11_mat_hsa9,56771493,active,0.381,2.056,10.302461560003286
chr11_mat_hsa9,56775493,active,0.379,2.036,10.193637425298204
chr11_mat_hsa9,56779493,active,0.3825,2.036,10.23771929872367
chr11_mat_hsa9,56783493,active,0.382,2.0,10.234306613519248
chr11_mat_hsa9,56787493,active,0.3805,2.0,10.205648999266225
chr11_mat_hsa9,56791493,active,0.377,2.016,10.256456662772884
chr11_mat_hsa9,56795493,active,0.38,1.992,10.165308330434645
chr11_mat_hsa9,56799493,active,0.38,2.024,10.157849583371972
chr11_mat_hsa9,56803493,active,0.3755,2.068,10.320998066687297
chr11_mat_hsa9,56807493,active,0.3805,1.98,10.14194001798235
chr11_mat_hsa9,56811493,active,0.3785,1.996,10.177191455399404
chr11_mat_hsa9,56815493,active,0.3745,2.052,10.260725942483827
chr11_mat_hsa9,56819493,active,0.3605,1.972,10.274578746368945
chr11_mat_hsa9,56823493,active,0.357,1.948,10.27636210065118
chr11_mat_hsa9,57019493,inactive,0.374,1.86,10.046726031673817
chr11_mat_hsa9,57023493,inactive,0.368,2.012,10.360901551963416
chr11_mat_hsa9,57027493,inactive,0.352,1.884,10.151596735140396
chr11_mat_hsa9,57031493,inactive,0.3595,1.936,10.180615304985466
chr11_mat_hsa9,57035493,inactive,0.3605,1.964,10.258787817660162
chr15_mat_hsa14,15544463,inactive,0.3625,1.86,10.016092020506793
chr15_mat_hsa14,15548463,inactive,0.368,1.844,9.969879128385855
chr15_mat_hsa14,15552463,inactive,0.3725,1.82,9.931235064618289
chr15_mat_hsa14,15556463,inactive,0.374,1.8,9.931335298548989
chr15_mat_hsa14,15560463,inactive,0.3735,1.86,10.019454793569754
chr15_mat_hsa14,15564463,inactive,0.37,1.828,9.940404520170704
chr15_mat_hsa14,15568463,inactive,0.3705,1.772,9.885407426884989
chr15_mat_hsa14,15572463,inactive,0.373,1.82,9.973501896288917
chr15_mat_hsa14,15576463,inactive,0.3715,1.844,10.012004530375359
chr15_mat_hsa14,15580463,inactive,0.3735,1.816,9.957929926862278
chr15_mat_hsa14,15584463,inactive,0.374,1.852,10.045690305236038
chr15_mat_hsa14,15588463,inactive,0.374,1.832,9.983713940124863
chr15_mat_hsa14,15592463,inactive,0.373,1.82,9.978219999606505
chr15_mat_hsa14,15596463,inactive,0.3745,1.824,9.984436796931828
chr15_mat_hsa14,15600463,inactive,0.3745,1.852,9.997439313700001
chr15_mat_hsa14,15604463,inactive,0.3675,1.808,9.939058193419221
chr15_mat_hsa14,15608463,inactive,0.376,1.836,9.959765192423479
chr15_mat_hsa14,15612463,inactive,0.3725,1.828,9.920334553061565
chr15_mat_hsa14,15616463,inactive,0.3735,1.828,9.939148775219957
chr15_mat_hsa14,15620463,inactive,0.373,1.828,9.949027471039436
chr15_mat_hsa14,15624463,inactive,0.371,1.84,9.954798905941912
chr15_mat_hsa14,15628463,inactive,0.372,1.844,9.9225489258133
chr15_mat_hsa14,15632463,inactive,0.3735,1.848,9.96456610260591
chr15_mat_hsa14,15636463,inactive,0.372,1.836,9.945053234721895
chr15_mat_hsa14,15640463,inactive,0.373,1.86,10.003404123643856
chr15_mat_hsa14,15644463,inactive,0.374,1.884,10.002646163102057
chr15_mat_hsa14,15648463,inactive,0.368,1.86,9.982795869923722
chr15_mat_hsa14,15652463,inactive,0.3755,1.888,10.011601271669049
chr15_mat_hsa14,15656463,inactive,0.374,1.904,10.014999437127418
chr15_mat_hsa14,15660463,inactive,0.373,1.864,9.99621666346261
chr15_mat_hsa14,15664463,inactive,0.3705,1.82,9.942045762655935
chr15_mat_hsa14,15668463,inactive,0.3725,1.8,9.891710896190412
chr15_mat_hsa14,15672463,inactive,0.3715,1.836,9.92816076154734
chr15_mat_hsa14,15676463,inactive,0.3745,1.824,9.916509954613863
chr15_mat_hsa14,15680463,inactive,0.3765,1.804,9.903991580561163
chr15_mat_hsa14,15684463,inactive,0.374,1.844,9.929590736731953
chr15_mat_hsa14,15688463,inactive,0.373,1.824,9.896370510067694
chr15_mat_hsa14,15692463,inactive,0.375,1.828,9.910849585614043
chr15_mat_hsa14,15696463,inactive,0.373,1.844,9.924296063280568
chr15_mat_hsa14,15700463,inactive,0.375,1.84,9.939713854870975
chr15_mat_hsa14,15704463,inactive,0.3745,1.804,9.904489208945403
chr15_mat_hsa14,15708463,inactive,0.378,1.872,9.948236598625511
chr15_mat_hsa14,15712463,inactive,0.3745,1.828,9.939690734221006
chr15_mat_hsa14,15716463,inactive,0.3725,1.8,9.885203385780356
chr15_mat_hsa14,15720463,inactive,0.3775,1.872,9.999508701416195
chr15_mat_hsa14,15724463,inactive,0.374,1.828,9.919382823806858
chr15_mat_hsa14,15728463,inactive,0.3715,1.816,9.88600747630271
chr15_mat_hsa14,15732463,inactive,0.3775,1.852,9.970559050384232
chr15_mat_hsa14,15736463,inactive,0.3725,1.848,9.940572265673767
chr15_mat_hsa14,15740463,inactive,0.3725,1.8,9.895161116187744
chr15_mat_hsa14,15744463,inactive,0.3715,1.856,9.97131177836754
chr15_mat_hsa14,15748463,inactive,0.3715,1.828,9.898669428742414
chr15_mat_hsa14,15752463,inactive,0.3725,1.808,9.900397531765257
chr15_mat_hsa14,15756463,inactive,0.375,1.828,9.956305241509595
chr15_mat_hsa14,15760463,inactive,0.371,1.816,9.90638193477748
chr15_mat_hsa14,15764463,inactive,0.371,1.832,9.93560675473867
chr15_mat_hsa14,15768463,inactive,0.375,1.812,9.924213914926522
chr15_mat_hsa14,15772463,inactive,0.37,1.804,9.877707430025955
chr15_mat_hsa14,15776463,inactive,0.3705,1.828,9.979969700551477
chr15_mat_hsa14,15780463,inactive,0.376,1.852,9.96264605859895
chr15_mat_hsa14,15784463,inactive,0.3725,1.844,9.99736499070346
chr15_mat_hsa14,15788463,inactive,0.374,1.824,9.92155156013645
chr15_mat_hsa14,15792463,inactive,0.3705,1.832,9.962264021291963
chr15_mat_hsa14,15796463,inactive,0.37,1.848,10.001823021942826
chr15_mat_hsa14,15800463,inactive,0.373,1.852,9.987758977573602
chr15_mat_hsa14,15804463,inactive,0.3735,1.824,9.915367851808236
chr15_mat_hsa14,15808463,inactive,0.3705,1.824,9.935268975934434
chr15_mat_hsa14,15812463,inactive,0.373,1.86,10.0579453884335
chr15_mat_hsa14,15816463,inactive,0.3715,1.852,9.98973111020077
chr15_mat_hsa14,15820463,inactive,0.371,1.84,10.004315892171698
chr15_mat_hsa14,15824463,inactive,0.3705,1.864,10.008096404697918
chr15_mat_hsa14,15828463,inactive,0.3715,1.864,10.021411187767622
chr15_mat_hsa14,15832463,inactive,0.3715,1.776,9.839589303885798
chr15_mat_hsa14,15836463,inactive,0.372,1.824,9.986855178255441
chr15_mat_hsa14,15840463,inactive,0.3715,1.796,9.811761304090307
chr15_mat_hsa14,15844463,inactive,0.372,1.808,9.932290549076825
chr15_mat_hsa14,15848463,inactive,0.374,1.876,10.073520785554862
chr15_mat_hsa14,15852463,inactive,0.3765,1.872,10.036442333922109
chr15_mat_hsa14,15856463,inactive,0.3745,1.836,9.943705191561005
chr15_mat_hsa14,15860463,inactive,0.3675,1.9,10.02042465310645
chr15_mat_hsa14,15864463,inactive,0.3705,1.848,9.957339706107286
chr15_mat_hsa14,15868463,inactive,0.3695,1.84,9.946985400905952
chr15_mat_hsa14,15872463,inactive,0.372,1.836,9.981047155139267
chr15_mat_hsa14,15876463,inactive,0.369,1.916,10.04730282861411
chr15_mat_hsa14,15880463,inactive,0.368,1.84,10.003918919754705
chr15_mat_hsa14,15884463,inactive,0.3705,1.876,10.027068145265172
chr15_mat_hsa14,15888463,inactive,0.371,1.888,10.042328163867412
chr15_mat_hsa14,15892463,inactive,0.3725,1.872,9.994658271807507
chr15_mat_hsa14,15896463,inactive,0.3715,1.86,9.975193948405504
chr15_mat_hsa14,15900463,inactive,0.374,1.86,9.994775169430174
chr15_mat_hsa14,15904463,inactive,0.371,1.88,10.006304477876862
chr15_mat_hsa14,15908463,inactive,0.369,1.876,10.02504977133808
chr15_mat_hsa14,15912463,inactive,0.3705,1.884,10.053344415261336
chr15_mat_hsa14,15916463,inactive,0.371,1.812,9.902041715799434
chr15_mat_hsa14,15920463,inactive,0.371,1.844,9.908265079853601
chr15_mat_hsa14,15924463,inactive,0.3725,1.808,9.937465506848532
chr15_mat_hsa14,15928463,inactive,0.37,1.856,9.962251560989086
chr15_mat_hsa14,15932463,inactive,0.375,1.796,9.929063603070054
chr15_mat_hsa14,15936463,inactive,0.373,1.828,9.954532936121915
chr15_mat_hsa14,15940463,inactive,0.3705,1.836,9.970597360723545
chr15_mat_hsa14,15944463,inactive,0.3685,1.892,10.035773708724994
chr15_mat_hsa14,15948463,inactive,0.3695,1.86,10.024515964387877
chr15_mat_hsa14,15952463,inactive,0.3665,1.872,9.998182261893652
chr15_mat_hsa14,15956463,inactive,0.365,1.816,9.886937292158146
chr15_mat_hsa14,15960463,inactive,0.3715,1.86,9.968466630688695
chr15_mat_hsa14,15964463,inactive,0.374,1.872,9.978221289811609
chr15_mat_hsa14,15968463,inactive,0.366,1.828,9.899920443620784
chr15_mat_hsa14,15972463,inactive,0.365,1.796,9.865110480862462
chr15_mat_hsa14,15976463,inactive,0.368,1.82,9.909643465692682
chr15_mat_hsa14,15980463,inactive,0.37,1.852,9.979387814904813
chr15_mat_hsa14,15984463,inactive,0.3675,1.82,9.925461811871003
chr15_mat_hsa14,15988463,inactive,0.3665,1.868,9.971321286645365
chr15_mat_hsa14,15992463,inactive,0.3695,1.828,9.92821160942772
chr15_mat_hsa14,15996463,inactive,0.3705,1.872,10.067383456070257
chr15_mat_hsa14,16000463,inactive,0.3705,1.824,9.953887060175994
chr15_mat_hsa14,16004463,inactive,0.37,1.832,9.969999725215095
chr15_mat_hsa14,16008463,inactive,0.3695,1.872,10.005577407204596
chr15_mat_hsa14,16012463,inactive,0.3685,1.844,9.969033858453399
chr15_mat_hsa14,16016463,inactive,0.3705,1.836,9.946286440295397
chr15_mat_hsa14,16020463,inactive,0.3705,1.808,9.928060260864749
chr15_mat_hsa14,16024463,inactive,0.369,1.812,9.926105771633742
chr15_mat_hsa14,16028463,inactive,0.369,1.876,10.015485735221363
chr15_mat_hsa14,16032463,inactive,0.368,1.848,9.950742178020397
chr15_mat_hsa14,16036463,inactive,0.3695,1.864,9.951779034470794
chr15_mat_hsa14,16040463,inactive,0.3695,1.86,9.979512315838427
chr15_mat_hsa14,16044463,inactive,0.372,1.884,10.016824296920955
chr15_mat_hsa14,16048463,inactive,0.3685,1.864,9.981256373620923
chr15_mat_hsa14,16052463,inactive,0.368,1.884,10.011422007318188
chr15_mat_hsa14,16056463,inactive,0.371,1.8,9.827009200515514
chr15_mat_hsa14,16060463,inactive,0.3685,1.864,9.968923766538724
chr15_mat_hsa14,16064463,inactive,0.367,1.864,9.963497414830737
chr15_mat_hsa14,16068463,inactive,0.368,1.88,9.994436781580463
chr15_mat_hsa14,16072463,inactive,0.3675,1.832,9.92038192854189
chr15_mat_hsa14,16076463,inactive,0.3655,1.852,9.955715386653305
chr15_mat_hsa14,16080463,inactive,0.368,1.836,9.937390635112056
chr15_mat_hsa14,16084463,inactive,0.3665,1.844,9.939048324958964
chr15_mat_hsa14,16088463,inactive,0.3715,1.844,9.963040694344777
chr15_mat_hsa14,16092463,inactive,0.367,1.82,9.917863811605928
chr15_mat_hsa14,16096463,inactive,0.369,1.82,9.924711620548882
chr15_mat_hsa14,16100463,inactive,0.371,1.852,9.988869885508727
chr15_mat_hsa14,16104463,inactive,0.3685,1.828,9.926054375013438
chr15_mat_hsa14,16108463,inactive,0.371,1.82,9.9545568869076
chr15_mat_hsa14,16112463,inactive,0.3705,1.844,9.970209032367299
chr15_mat_hsa14,16116463,inactive,0.3655,1.832,9.915065873498666
chr15_mat_hsa14,16120463,inactive,0.367,1.896,9.989746190119265
chr15_mat_hsa14,16124463,inactive,0.369,1.856,9.948995645430916
chr15_mat_hsa14,16128463,inactive,0.368,1.828,9.958745181766227
chr15_mat_hsa14,16132463,inactive,0.369,1.844,9.978549510872744
chr15_mat_hsa14,16136463,inactive,0.3715,1.848,9.98656245460067
chr15_mat_hsa14,16140463,inactive,0.3705,1.856,9.96247745935503
chr15_mat_hsa14,16144463,inactive,0.3665,1.836,9.943156438068268
chr15_mat_hsa14,16148463,inactive,0.37,1.86,9.971406358659507
chr15_mat_hsa14,16152463,inactive,0.372,1.848,9.954361473523404
chr15_mat_hsa14,16156463,inactive,0.3705,1.84,9.949692618120217
chr15_mat_hsa14,16160463,inactive,0.3695,1.86,9.940390880982035
chr15_mat_hsa14,16164463,inactive,0.368,1.792,9.891212769487879
chr15_mat_hsa14,16168463,inactive,0.3675,1.816,9.928768537027892
chr15_mat_hsa14,16172463,inactive,0.373,1.856,9.954709259880076
chr15_mat_hsa14,16176463,inactive,0.3685,1.832,9.930813253593415
chr15_mat_hsa14,16180463,inactive,0.366,1.832,9.9940027720967
chr15_mat_hsa14,16184463,inactive,0.3675,1.8,9.89925088268478
chr15_mat_hsa14,16188463,inactive,0.367,1.884,10.091364893597248
chr15_mat_hsa14,16192463,inactive,0.374,1.844,9.886277324002824
chr15_mat_hsa14,16196463,inactive,0.369,1.856,9.99923920973078
chr15_mat_hsa14,16200463,inactive,0.3705,1.888,10.03431364699002
chr15_mat_hsa14,16204463,inactive,0.364,1.844,10.001854936221964
chr15_mat_hsa14,16208463,inactive,0.367,1.88,10.062361392238127
chr15_mat_hsa14,16212463,inactive,0.364,1.828,9.987218508767667
chr15_mat_hsa14,16216463,inactive,0.3665,1.824,9.989170606145944
chr15_mat_hsa14,16220463,inactive,0.368,1.82,9.95484080000068
chr15_mat_hsa14,16224463,inactive,0.3665,1.88,10.039279961244402
chr15_mat_hsa14,16228463,inactive,0.3675,1.84,10.005693235712437
chr15_mat_hsa14,16232463,inactive,0.37,1.844,9.975153051939763
chr15_mat_hsa14,16236463,inactive,0.367,1.828,9.905180639315374
chr15_mat_hsa14,16240463,inactive,0.3665,1.788,9.888189742050075
chr15_mat_hsa14,16244463,inactive,0.373,1.812,9.89578770406615
chr15_mat_hsa14,16248463,inactive,0.372,1.824,9.880697092787036
chr15_mat_hsa14,16252463,inactive,0.371,1.76,9.857419776907257
chr15_mat_hsa14,16256463,inactive,0.3735,1.812,9.904746922443746
chr15_mat_hsa14,16260463,inactive,0.37,1.824,9.868957043130992
chr15_mat_hsa14,16264463,inactive,0.3705,1.76,9.776511267605516
chr15_mat_hsa14,16268463,inactive,0.3725,1.796,9.85407127055953
chr15_mat_hsa14,16272463,inactive,0.368,1.772,9.837149490548814
chr15_mat_hsa14,16276463,inactive,0.366,1.844,9.949650286640916
chr15_mat_hsa14,16280463,inactive,0.37,1.82,9.867375249430093
chr15_mat_hsa14,16284463,inactive,0.369,1.812,9.909859080234456
chr15_mat_hsa14,16288463,inactive,0.365,1.828,9.902358467478038
chr15_mat_hsa14,16292463,inactive,0.3675,1.824,9.882854277736044
chr15_mat_hsa14,16296463,inactive,0.369,1.804,9.894083063986916
chr15_mat_hsa14,16300463,inactive,0.3745,1.792,9.86124591597165
chr15_mat_hsa14,16304463,inactive,0.372,1.792,9.841995346109826
chr15_mat_hsa14,16308463,inactive,0.367,1.788,9.870246805769245
chr15_mat_hsa14,16312463,inactive,0.371,1.84,9.942932942987492
chr15_mat_hsa14,16316463,inactive,0.3675,1.824,9.911084101224306
chr15_mat_hsa14,16320463,inactive,0.367,1.784,9.844799629855698
chr15_mat_hsa14,16324463,inactive,0.3715,1.788,9.888007105186023
chr15_mat_hsa14,16328463,inactive,0.371,1.82,9.863694062868475
chr15_mat_hsa14,16332463,inactive,0.3655,1.8,9.859244520257336
chr15_mat_hsa14,16336463,inactive,0.374,1.816,9.910653502286541
chr15_mat_hsa14,16340463,inactive,0.3695,1.784,9.82115625407729
chr15_mat_hsa14,16344463,inactive,0.367,1.816,9.909373917869424
chr15_mat_hsa14,16348463,inactive,0.372,1.816,9.918523060944876
chr15_mat_hsa14,16352463,inactive,0.3705,1.772,9.840269091916026
chr15_mat_hsa14,16356463,inactive,0.37,1.808,9.841986773570937
chr15_mat_hsa14,16360463,inactive,0.3675,1.828,9.961594903492765
chr15_mat_hsa14,16364463,inactive,0.3695,1.788,9.853702074246023
chr15_mat_hsa14,16368463,inactive,0.3675,1.784,9.91050840593163
chr15_mat_hsa14,16372463,inactive,0.3695,1.808,9.889183874305948
chr15_mat_hsa14,16376463,inactive,0.366,1.744,9.823337882414114
chr15_mat_hsa14,16380463,inactive,0.368,1.792,9.876341661470894
chr15_mat_hsa14,16384463,inactive,0.371,1.78,9.837864074101526
chr15_mat_hsa14,16388463,inactive,0.369,1.76,9.8452831701982
chr15_mat_hsa14,16392463,inactive,0.369,1.78,9.848241554542192
chr15_mat_hsa14,16396463,inactive,0.374,1.74,9.728445610379392
chr15_mat_hsa14,16400463,inactive,0.368,1.772,9.846612223619989
chr15_mat_hsa14,16404463,inactive,0.372,1.808,9.877520385022942
chr15_mat_hsa14,16408463,inactive,0.3695,1.792,9.846799507602075
chr15_mat_hsa14,16412463,inactive,0.3685,1.764,9.848551146046677
chr15_mat_hsa14,16416463,inactive,0.37,1.8,9.8862549505343
chr15_mat_hsa14,16420463,inactive,0.366,1.816,9.9110316297729
chr15_mat_hsa14,16424463,inactive,0.3685,1.82,9.915951597716415
chr15_mat_hsa14,16428463,inactive,0.368,1.8,9.854170894852496
chr15_mat_hsa14,16432463,inactive,0.369,1.792,9.82873755240138
chr15_mat_hsa14,16436463,inactive,0.37,1.776,9.891489849100186
chr15_mat_hsa14,16440463,inactive,0.365,1.776,9.82486475250531
chr15_mat_hsa14,16444463,inactive,0.368,1.864,9.985664664343714
chr15_mat_hsa14,16448463,inactive,0.369,1.784,9.83773187547011
chr15_mat_hsa14,16452463,inactive,0.3665,1.808,9.862888620286924
chr15_mat_hsa14,16456463,inactive,0.3665,1.792,9.902072168248502
chr15_mat_hsa14,16460463,inactive,0.3655,1.768,9.840173626306761
chr15_mat_hsa14,16464463,inactive,0.365,1.776,9.828952951569134
chr15_mat_hsa14,16468463,inactive,0.3655,1.832,9.93226932922599
chr15_mat_hsa14,16472463,inactive,0.3645,1.816,9.940963851056077
chr15_mat_hsa14,16476463,inactive,0.37,1.768,9.873634665346795
chr15_mat_hsa14,16480463,inactive,0.374,1.792,9.879889823433052
chr15_mat_hsa14,16484463,inactive,0.369,1.788,9.865619484242368
chr15_mat_hsa14,16488463,inactive,0.368,1.82,9.944555168917084
chr15_mat_hsa14,16492463,inactive,0.3645,1.816,9.9225874751317
chr15_mat_hsa14,16496463,inactive,0.369,1.808,9.883213443848325
chr15_mat_hsa14,16500463,inactive,0.3705,1.764,9.847417948189571
chr15_mat_hsa14,16504463,inactive,0.368,1.816,9.921228489635752
chr15_mat_hsa14,16508463,inactive,0.371,1.78,9.867333112224506
chr15_mat_hsa14,16512463,inactive,0.37,1.768,9.86544978335085
chr15_mat_hsa14,16516463,inactive,0.368,1.812,9.896208821542622
chr15_mat_hsa14,16520463,inactive,0.372,1.792,9.88262090847872
chr15_mat_hsa14,16524463,inactive,0.37,1.768,9.868861288121053
chr15_mat_hsa14,16528463,inactive,0.374,1.8,9.905604231598913
chr15_mat_hsa14,16532463,inactive,0.3715,1.8,9.90728468762959
chr15_mat_hsa14,16536463,inactive,0.368,1.812,9.983042734517582
chr15_mat_hsa14,16540463,inactive,0.366,1.788,9.876782188218167
chr15_mat_hsa14,16544463,inactive,0.3695,1.776,9.85440406566835
chr15_mat_hsa14,16548463,inactive,0.3665,1.76,9.867407246663564
chr15_mat_hsa14,16552463,inactive,0.3705,1.756,9.82786582851106
chr15_mat_hsa14,16556463,inactive,0.3675,1.784,9.848962119383314
chr15_mat_hsa14,16560463,inactive,0.37,1.784,9.867409151630444
chr15_mat_hsa14,16564463,inactive,0.37,1.772,9.835904871730625
chr15_mat_hsa14,16568463,inactive,0.365,1.792,9.90436713885358
chr15_mat_hsa14,16572463,inactive,0.371,1.804,9.879651088241292
chr15_mat_hsa14,16576463,inactive,0.3685,1.824,9.95304548373384
chr15_mat_hsa14,16580463,inactive,0.366,1.864,9.996009067003527
chr15_mat_hsa14,16584463,inactive,0.3705,1.808,9.869234034072727
chr15_mat_hsa14,16588463,inactive,0.3675,1.776,9.837599377554035
chr15_mat_hsa14,16592463,inactive,0.3665,1.816,9.873902551350012
chr15_mat_hsa14,16596463,inactive,0.3695,1.82,9.8798472488069
chr15_mat_hsa14,16600463,inactive,0.369,1.772,9.891929484813922
chr15_mat_hsa14,16604463,inactive,0.367,1.82,9.924854175482702
chr15_mat_hsa14,16608463,inactive,0.3705,1.808,9.898381390454707
chr15_mat_hsa14,16612463,inactive,0.3645,1.752,9.867928625843563
chr15_mat_hsa14,16616463,inactive,0.3705,1.812,9.934567583673656
chr15_mat_hsa14,16620463,inactive,0.3705,1.776,9.854657243368019
chr15_mat_hsa14,16624463,inactive,0.367,1.748,9.828813530909528
chr15_mat_hsa14,16628463,inactive,0.3715,1.772,9.880519367504354
chr15_mat_hsa14,16632463,inactive,0.372,1.8,9.837540288952178
chr15_mat_hsa14,16636463,inactive,0.366,1.776,9.865320668572037
chr15_mat_hsa14,16640463,inactive,0.37,1.792,9.895630679807896
chr15_mat_hsa14,16644463,inactive,0.367,1.788,9.865749008076731
chr15_mat_hsa14,16648463,inactive,0.367,1.776,9.812101103348533
chr15_mat_hsa14,16652463,inactive,0.372,1.808,9.922819022376494
chr15_mat_hsa14,16656463,inactive,0.369,1.804,9.892624481014522
chr15_mat_hsa14,16660463,inactive,0.366,1.788,9.849749380304957
chr15_mat_hsa14,16664463,inactive,0.3725,1.804,9.922364555607336
chr15_mat_hsa14,16668463,inactive,0.369,1.8,9.937236832842267
chr15_mat_hsa14,16672463,inactive,0.3665,1.816,9.941610861182339
chr15_mat_hsa14,16676463,inactive,0.374,1.816,9.932973113339484
chr15_mat_hsa14,16680463,inactive,0.369,1.8,9.867464656512851
chr15_mat_hsa14,16684463,inactive,0.368,1.82,9.916004589542752
chr15_mat_hsa14,16688463,inactive,0.37,1.796,9.874772132250666
chr15_mat_hsa14,16692463,inactive,0.3675,1.796,9.87463853268698
chr15_mat_hsa14,16696463,inactive,0.3665,1.82,9.90900898739127
chr15_mat_hsa14,16700463,inactive,0.369,1.824,9.8898705468307
chr15_mat_hsa14,16704463,inactive,0.3685,1.808,9.857866169455841
chr15_mat_hsa14,16708463,inactive,0.366,1.816,9.919793337074205
chr15_mat_hsa14,16712463,inactive,0.3665,1.812,9.875702558700166
chr15_mat_hsa14,16716463,inactive,0.37,1.824,9.87113076887224
chr15_mat_hsa14,16720463,inactive,0.3715,1.82,9.970327946276239
chr15_mat_hsa14,16724463,inactive,0.3675,1.828,9.921759128230471
chr15_mat_hsa14,16728463,inactive,0.367,1.812,9.937032897340778
chr15_mat_hsa14,16732463,inactive,0.37,1.804,9.861325039822361
chr15_mat_hsa14,16736463,inactive,0.3685,1.816,9.863219510428866
chr15_mat_hsa14,16740463,inactive,0.372,1.796,9.891027335883285
chr15_mat_hsa14,16744463,inactive,0.37,1.796,9.868889420239247
chr15_mat_hsa14,16748463,inactive,0.367,1.808,9.903439200192178
chr15_mat_hsa14,16752463,inactive,0.371,1.84,9.941631971262302
chr15_mat_hsa14,16756463,inactive,0.368,1.764,9.838052852446442
chr15_mat_hsa14,16760463,inactive,0.3695,1.8,9.889729039911494
chr15_mat_hsa14,16764463,inactive,0.372,1.776,9.872654299939322
chr15_mat_hsa14,16768463,inactive,0.371,1.804,9.908532286245755
chr15_mat_hsa14,16772463,inactive,0.3745,1.7,9.729725389070198
chr15_mat_hsa14,16776463,inactive,0.376,1.808,9.902621790866075
chr15_mat_hsa14,16780463,inactive,0.3715,1.816,9.853928327078245
chr15_mat_hsa14,16784463,inactive,0.372,1.796,9.862062195285116
chr15_mat_hsa14,16788463,inactive,0.37,1.788,9.827331910241515
chr15_mat_hsa14,16792463,inactive,0.3745,1.724,9.713337106248806
chr15_mat_hsa14,16796463,inactive,0.368,1.824,9.919993794459383
chr15_mat_hsa14,16800463,inactive,0.3705,1.756,9.726771578773878
chr15_mat_hsa14,16804463,inactive,0.3695,1.812,9.899735358766169
chr15_mat_hsa14,16808463,inactive,0.371,1.792,9.870173335557222
chr15_mat_hsa14,16812463,inactive,0.371,1.856,9.914692730664045
chr15_mat_hsa14,16816463,inactive,0.3735,1.812,9.93432377515958
chr15_mat_hsa14,16820463,inactive,0.3695,1.78,9.84436836669085
chr15_mat_hsa14,16824463,inactive,0.369,1.792,9.847802633477109
chr15_mat_hsa14,16828463,inactive,0.37,1.784,9.828453589843004
chr15_mat_hsa14,16832463,inactive,0.369,1.78,9.802726422089496
chr15_mat_hsa14,16836463,inactive,0.3695,1.796,9.862588427289413
chr15_mat_hsa14,16840463,inactive,0.369,1.78,9.824106869201637
chr15_mat_hsa14,16844463,inactive,0.3705,1.788,9.824629572667993
chr15_mat_hsa14,16848463,inactive,0.3685,1.788,9.851362397241434
chr15_mat_hsa14,16852463,inactive,0.369,1.816,9.849493749854767
chr15_mat_hsa14,16856463,inactive,0.368,1.8,9.852103086002007
chr15_mat_hsa14,16860463,inactive,0.3675,1.812,9.886428976610402
chr15_mat_hsa14,16864463,inactive,0.372,1.796,9.835694075931865
chr15_mat_hsa14,16868463,inactive,0.3705,1.772,9.830670882087123
chr15_mat_hsa14,16872463,inactive,0.368,1.824,9.884033438708673
chr15_mat_hsa14,16876463,inactive,0.37,1.788,9.839516636993068
chr15_mat_hsa14,16880463,inactive,0.3685,1.792,9.846790580596975
chr15_mat_hsa14,16884463,inactive,0.367,1.8,9.870189782918905
chr15_mat_hsa14,16888463,inactive,0.371,1.764,9.838283209373015
chr15_mat_hsa14,16892463,inactive,0.37,1.844,9.92989641269956
chr15_mat_hsa14,16896463,inactive,0.37,1.808,9.865397943593724
chr15_mat_hsa14,16900463,inactive,0.369,1.812,9.889058564336812
chr15_mat_hsa14,16904463,inactive,0.3705,1.792,9.856673274907681
chr15_mat_hsa14,16908463,inactive,0.369,1.8,9.878766465671177
chr15_mat_hsa14,16912463,inactive,0.3685,1.82,9.895210109522834
chr15_mat_hsa14,16916463,inactive,0.371,1.812,9.85010956606679
chr15_mat_hsa14,16920463,inactive,0.3685,1.768,9.852100798203919
chr15_mat_hsa14,16924463,inactive,0.373,1.812,9.874283547907169
chr15_mat_hsa14,16928463,inactive,0.372,1.8,9.851658842159308
chr15_mat_hsa14,16932463,inactive,0.3685,1.764,9.823644882075905
chr15_mat_hsa14,16936463,inactive,0.372,1.812,9.922859780706359
chr15_mat_hsa14,16940463,inactive,0.368,1.8,9.891203078368799
chr15_mat_hsa14,16944463,inactive,0.3715,1.812,9.900088516773517
chr15_mat_hsa14,16948463,inactive,0.3695,1.816,9.91266181347965
chr15_mat_hsa14,16952463,inactive,0.3715,1.828,9.921256107095292
chr15_mat_hsa14,16956463,inactive,0.3695,1.78,9.848826758112684
chr15_mat_hsa14,16960463,inactive,0.372,1.808,9.896969601689939
chr15_mat_hsa14,16964463,inactive,0.3705,1.784,9.812540197587099
chr15_mat_hsa14,16968463,inactive,0.3695,1.788,9.862016585679457
chr15_mat_hsa14,16972463,inactive,0.3695,1.784,9.82682418168269
chr15_mat_hsa14,16976463,inactive,0.3685,1.8,9.858579651360955
chr15_mat_hsa14,16980463,inactive,0.369,1.776,9.822546268535046
chr15_mat_hsa14,16984463,inactive,0.37,1.776,9.822121241237932
chr15_mat_hsa14,16988463,inactive,0.368,1.804,9.867154317826975
chr15_mat_hsa14,16992463,inactive,0.371,1.796,9.875532165216558
chr15_mat_hsa14,16996463,inactive,0.3675,1.804,9.900903694439398
chr15_mat_hsa14,17000463,inactive,0.3725,1.724,9.745313191312977
chr15_mat_hsa14,17004463,inactive,0.373,1.696,9.723881973558605
chr15_mat_hsa14,17008463,inactive,0.3685,1.788,9.851369811994855
chr15_mat_hsa14,17012463,inactive,0.3695,1.824,9.89279247692918
chr15_mat_hsa14,17016463,inactive,0.3695,1.8,9.844601426187317
chr15_mat_hsa14,17020463,inactive,0.37,1.784,9.837335567280157
chr15_mat_hsa14,17024463,inactive,0.369,1.828,9.877663166763279
chr15_mat_hsa14,17028463,inactive,0.371,1.776,9.831856025304464
chr15_mat_hsa14,17032463,inactive,0.3695,1.78,9.833538601675995
chr15_mat_hsa14,17036463,inactive,0.3675,1.812,9.872913098744961
chr15_mat_hsa14,17040463,inactive,0.371,1.804,9.838177520837279
chr15_mat_hsa14,17044463,inactive,0.3705,1.788,9.833079123438624
chr15_mat_hsa14,17048463,inactive,0.368,1.804,9.875101560562534
chr15_mat_hsa14,17052463,inactive,0.372,1.752,9.818329481375745
chr15_mat_hsa14,17056463,inactive,0.3685,1.816,9.92868172595554
chr15_mat_hsa14,17060463,inactive,0.369,1.792,9.868609179536206
chr15_mat_hsa14,17064463,inactive,0.369,1.796,9.848652339321342
chr15_mat_hsa14,17068463,inactive,0.3685,1.832,9.907115923433294
chr15_mat_hsa14,17072463,inactive,0.3685,1.796,9.845446037608973
chr15_mat_hsa14,17076463,inactive,0.3695,1.832,9.927848340769609
chr15_mat_hsa14,17080463,inactive,0.37,1.788,9.842934371914751
chr15_mat_hsa14,17084463,inactive,0.37,1.812,9.883844505887556
chr15_mat_hsa14,17088463,inactive,0.369,1.776,9.848399631574978
chr15_mat_hsa14,17092463,inactive,0.3675,1.792,9.865756534149561
chr15_mat_hsa14,17096463,inactive,0.37,1.808,9.847844133272119
chr15_mat_hsa14,17100463,inactive,0.3685,1.784,9.82441480460231
chr15_mat_hsa14,17104463,inactive,0.373,1.816,9.894815945278848
chr15_mat_hsa14,17108463,inactive,0.3675,1.788,9.81673429580073
chr15_mat_hsa14,17112463,inactive,0.3725,1.812,9.88592402785958
chr15_mat_hsa14,17116463,inactive,0.3705,1.804,9.853860201700417
chr15_mat_hsa14,17120463,inactive,0.37,1.772,9.808207193372516
chr15_mat_hsa14,17124463,inactive,0.3715,1.804,9.868205971251493
chr15_mat_hsa14,17128463,inactive,0.3705,1.796,9.883600199055135
chr15_mat_hsa14,17132463,inactive,0.373,1.824,9.942477297332616
chr15_mat_hsa14,17136463,inactive,0.371,1.816,9.861287255574224
chr15_mat_hsa14,17140463,inactive,0.366,1.788,9.822510880899541
chr15_mat_hsa14,17144463,inactive,0.374,1.788,9.875333107807336
chr15_mat_hsa14,17148463,inactive,0.3705,1.796,9.852892545458953
chr15_mat_hsa14,17152463,inactive,0.3675,1.788,9.847013638257238
chr15_mat_hsa14,17156463,inactive,0.3705,1.788,9.863221742089111
chr15_mat_hsa14,17160463,inactive,0.3645,1.82,9.899643841226522
chr15_mat_hsa14,17164463,inactive,0.369,1.808,9.880568095043873
chr15_mat_hsa14,17168463,inactive,0.3655,1.82,9.963534020193187
chr15_mat_hsa14,17256463,active,0.3735,1.992,10.242919391883095
chr15_mat_hsa14,17260463,active,0.371,1.852,10.027740845235298
chr15_mat_hsa14,17264463,active,0.3795,2.328,10.723607751584503
chr15_mat_hsa14,17268463,active,0.388,2.472,10.920854449094904
chr15_mat_hsa14,17272463,active,0.3645,2.052,10.224315861468927
chr15_mat_hsa14,17276463,active,0.3675,1.9,10.093651740516483
chr15_mat_hsa14,17280463,active,0.378,2.268,10.647882062112448
chr15_mat_hsa14,17284463,active,0.391,2.484,10.94397002698435
chr15_mat_hsa14,17288463,active,0.366,2.1,10.26630479482392
chr15_mat_hsa14,17292463,active,0.3665,1.9,10.121500490209487
chr15_mat_hsa14,17296463,active,0.377,2.224,10.565031716607876
chr15_mat_hsa14,17300463,active,0.3895,2.48,10.94296500185872
chr15_mat_hsa14,17304463,active,0.367,2.164,10.319963802079581
chr15_mat_hsa14,17308463,active,0.366,1.916,10.150907250274887
chr15_mat_hsa14,17312463,active,0.375,2.2,10.4867727530433
chr15_mat_hsa14,17316463,active,0.3885,2.488,10.935929825979324
chr15_mat_hsa14,17320463,active,0.37,2.184,10.398409134987585
chr15_mat_hsa14,17324463,active,0.37,1.98,10.223500329336819
chr15_mat_hsa14,17328463,active,0.367,2.128,10.31154255409583
chr15_mat_hsa14,17332463,active,0.3905,2.424,10.953527589802768
chr15_mat_hsa14,17336463,active,0.3755,2.084,10.380951427685872
chr15_mat_hsa14,17340463,active,0.367,1.976,10.267955894336886
chr15_mat_hsa14,17344463,active,0.3675,1.716,9.750652537674819
chr15_mat_hsa14,17348463,active,0.3745,1.704,9.740933852220046
chr15_mat_hsa14,17352463,active,0.374,1.636,9.67129307120281
chr15_mat_hsa14,17356463,active,0.3715,1.608,9.58797500102311
chr15_mat_hsa14,17360463,active,0.367,1.64,9.640540500593032
chr15_mat_hsa14,17364463,active,0.369,1.584,9.566497577006352
chr15_mat_hsa14,17368463,active,0.3705,1.688,9.715372109638752
chr15_mat_hsa14,17372463,active,0.371,1.656,9.727178297707711
chr15_mat_hsa14,17376463,active,0.3725,1.684,9.753854265339516
chr15_mat_hsa14,17380463,active,0.37,1.62,9.678459227030325
chr15_mat_hsa14,17384463,active,0.3715,1.54,9.478530011821238
chr15_mat_hsa14,17388463,active,0.3755,1.696,9.728725807925551
chr15_mat_hsa14,17392463,active,0.374,1.708,9.764842556240229
chr15_mat_hsa14,17396463,active,0.3685,1.584,9.574660882180451
chr15_mat_hsa14,17400463,active,0.3705,1.516,9.482625265456091
chr15_mat_hsa14,17404463,active,0.365,1.6,9.569704814457578
chr15_mat_hsa14,17408463,active,0.3695,1.536,9.466093172317075
chr15_mat_hsa14,17412463,active,0.367,1.536,9.462652824947813
chr15_mat_hsa14,17416463,active,0.3655,1.552,9.468158945329582
chr15_mat_hsa14,17420463,active,0.363,1.552,9.462461333556808
chr15_mat_hsa14,17424463,active,0.3695,1.484,9.403575789660003
chr15_mat_hsa14,17428463,active,0.3715,1.52,9.424739464444928
chr15_mat_hsa14,17432463,active,0.3705,1.516,9.46314378650004
chr15_mat_hsa14,17436463,active,0.374,1.616,9.633802207052106
chr15_mat_hsa14,17440463,active,0.362,1.96,10.018918095492202
chr15_mat_hsa14,17444463,active,0.3915,2.388,10.953527589802766
chr15_mat_hsa14,17448463,active,0.3725,1.576,9.53302488157477
chr15_mat_hsa14,17452463,active,0.3645,1.624,9.624295155536686
chr15_mat_hsa14,17456463,active,0.367,1.856,9.974587120096375
chr15_mat_hsa14,17460463,active,0.3665,1.58,9.597053930912633
chr15_mat_hsa14,17464463,active,0.367,1.824,9.950518794258963
chr15_mat_hsa14,17468463,active,0.3655,1.568,9.50103952075556
chr15_mat_hsa14,17472463,active,0.371,1.824,9.990604717957725
chr15_mat_hsa14,17476463,active,0.37,1.852,10.040424350891783
chr15_mat_hsa14,17480463,active,0.3715,1.76,9.834561957073621
chr15_mat_hsa14,17484463,active,0.37,1.768,9.896669939543493
chr15_mat_hsa14,17488463,active,0.364,1.8,9.928665859866557
chr15_mat_hsa14,17492463,active,0.3715,1.704,9.830565974814101
chr15_mat_hsa14,17496463,active,0.3705,1.764,9.901438935446837
chr15_mat_hsa14,17500463,active,0.389,2.396,10.95754769030528
chr15_mat_hsa14,17504463,active,0.4215,2.064,10.158110886306018
chr15_mat_hsa14,17508463,active,0.3745,1.644,9.67450182662195
chr15_mat_hsa14,17512463,active,0.39,2.404,10.95754769030528
chr15_mat_hsa14,17516463,active,0.4325,2.096,10.209598437729756
chr15_mat_hsa14,17520463,active,0.3655,1.928,9.877426447857772
chr15_mat_hsa14,17524463,active,0.392,2.38,10.953527589802766
chr15_mat_hsa14,17528463,active,0.371,1.568,9.548685654754998
chr15_mat_hsa14,17532463,active,0.3675,2.4,10.720952368411009
chr15_mat_hsa14,17536463,active,0.412,2.456,10.95754769030528
chr15_mat_hsa14,17540463,active,0.371,1.652,9.710389785443274
chr15_mat_hsa14,17544463,active,0.3685,1.668,9.64112437570946
chr15_mat_hsa14,17548463,active,0.3705,1.792,9.928877809283081
chr15_mat_hsa14,17552463,active,0.3905,2.412,10.95754769030528
chr15_mat_hsa14,17556463,active,0.4245,2.08,10.191743442533866
chr15_mat_hsa14,17560463,active,0.3705,1.636,9.61181583007699
chr15_mat_hsa14,17564463,active,0.392,2.424,10.95654266517965
chr15_mat_hsa14,17568463,active,0.463,2.5,10.939457238043982
chr15_mat_hsa14,17572463,active,0.371,1.604,9.581187843355252
chr15_mat_hsa14,17576463,active,0.3745,1.66,9.588498525697583
chr15_mat_hsa14,17580463,active,0.3695,1.752,9.889739123745748
chr15_mat_hsa14,17584463,active,0.3895,2.408,10.95654266517965
chr15_mat_hsa14,17588463,active,0.385,1.824,9.812796987371284
chr15_mat_hsa14,17592463,active,0.373,1.652,9.61931188416975
chr15_mat_hsa14,17596463,active,0.37,1.556,9.521472729706318
chr15_mat_hsa14,17600463,active,0.3695,1.488,9.444524428245897
chr15_mat_hsa14,17604463,active,0.3655,1.584,9.49366327079687
chr15_mat_hsa14,17608463,active,0.371,1.752,9.838929760978468
chr15_mat_hsa14,17612463,active,0.369,1.604,9.654508004521873
chr15_mat_hsa14,17616463,active,0.371,1.5,9.392239221349046
chr15_mat_hsa14,17620463,active,0.3685,1.512,9.44605793337634
chr15_mat_hsa14,17624463,active,0.3695,1.62,9.635446721947394
chr15_mat_hsa14,17628463,active,0.3705,1.62,9.655450993780429
chr15_mat_hsa14,17632463,active,0.368,1.56,9.509427174751282
chr15_mat_hsa14,17636463,active,0.366,1.648,9.667463527092432
chr15_mat_hsa14,17640463,active,0.3655,1.5,9.441339290986651
chr15_mat_hsa14,17644463,active,0.371,1.472,9.387265827370115
chr15_mat_hsa14,17648463,active,0.37,1.568,9.60165438370986
chr15_mat_hsa14,17652463,active,0.37,1.532,9.486274426419165
chr15_mat_hsa14,17656463,active,0.3715,1.712,9.783661431232922
chr15_mat_hsa14,17660463,active,0.374,1.864,10.035010459486866
chr15_mat_hsa14,17664463,active,0.374,1.672,9.726683870211676
chr15_mat_hsa14,17668463,active,0.369,1.528,9.503133157585804
chr15_mat_hsa14,17672463,active,0.371,1.64,9.612921228225554
chr15_mat_hsa14,17676463,active,0.3675,1.508,9.475542380730413
chr15_mat_hsa14,17680463,active,0.369,1.5,9.408940090856921
chr15_mat_hsa14,17684463,active,0.3705,1.588,9.578203696097043
chr15_mat_hsa14,17688463,active,0.363,1.536,9.524573386848227
chr15_mat_hsa14,17692463,active,0.3695,1.512,9.443823694495876
chr15_mat_hsa14,17696463,active,0.37,1.48,9.389195480498028
chr15_mat_hsa14,17700463,active,0.372,1.576,9.568415964909533
chr15_mat_hsa14,17704463,active,0.369,1.596,9.612267122774503
chr15_mat_hsa14,17708463,active,0.3675,1.592,9.572907262487162
chr15_mat_hsa14,17712463,active,0.365,1.512,9.401756877073643
chr15_mat_hsa14,17716463,active,0.3705,1.516,9.420132228588514
chr15_mat_hsa14,17720463,active,0.3705,1.52,9.437918880527786
chr15_mat_hsa14,17724463,active,0.3665,1.6,9.526212208899429
chr15_mat_hsa14,17728463,active,0.367,1.528,9.458273321642526
chr15_mat_hsa14,17732463,active,0.368,1.816,9.97141904576897
chr15_mat_hsa14,17736463,active,0.376,1.928,10.19830845146383
chr15_mat_hsa14,17740463,active,0.373,1.956,10.180915249119945
chr15_mat_hsa14,17744463,active,0.373,1.856,10.052856300871145
chr15_mat_hsa14,17748463,active,0.372,1.732,9.834239828028098
chr15_mat_hsa14,17752463,active,0.3715,1.836,10.038355355890848
chr15_mat_hsa14,17756463,active,0.3695,1.848,10.059963789177091
chr15_mat_hsa14,17760463,active,0.3735,1.764,9.901055762410945
chr15_mat_hsa14,17764463,active,0.3655,1.828,10.079785318542951
chr15_mat_hsa14,17768463,active,0.3695,1.892,10.149336973873275
chr15_mat_hsa14,17772463,active,0.3735,1.824,10.017407046784653
chr15_mat_hsa14,17776463,active,0.3725,1.876,10.092551636780538
chr15_mat_hsa14,17780463,active,0.3735,1.828,10.054072947763567
chr15_mat_hsa14,17784463,active,0.3755,1.88,10.120814481911797
chr15_mat_hsa14,17788463,active,0.371,1.952,10.22002593591502
chr15_mat_hsa14,17792463,active,0.368,1.852,10.05496671842906
chr15_mat_hsa14,17796463,active,0.3675,1.792,9.975570757913937
chr15_mat_hsa14,17800463,active,0.3705,1.768,9.958391663576418
chr15_mat_hsa14,17804463,active,0.373,1.708,9.823526328941602
chr15_mat_hsa14,17808463,active,0.3715,1.848,10.104409104434174
chr15_mat_hsa14,17812463,active,0.374,1.756,9.934148918947686
chr15_mat_hsa14,17816463,active,0.3815,1.764,9.91236997669071
chr15_mat_hsa14,17820463,active,0.363,1.876,10.107018883718233
chr15_mat_hsa14,17824463,active,0.37,1.844,10.084177344745353
chr15_mat_hsa14,17828463,active,0.37,1.808,9.895501188506316
chr15_mat_hsa14,17832463,active,0.3755,1.704,9.780465341014514
chr15_mat_hsa14,17836463,active,0.371,1.868,10.101217162275395
chr15_mat_hsa14,17840463,active,0.365,1.872,10.092815535725022
chr15_mat_hsa14,17844463,active,0.368,1.78,9.922522051367439
chr15_mat_hsa14,17848463,active,0.373,1.712,9.791190004482576
chr15_mat_hsa14,17852463,active,0.369,1.888,10.159146833834017
chr15_mat_hsa14,17856463,active,0.3695,1.808,9.973058871129485
chr15_mat_hsa14,17860463,active,0.37,1.856,10.076046284711495
chr15_mat_hsa14,17864463,active,0.37,1.896,10.143460846479538
chr15_mat_hsa14,17868463,active,0.3735,1.84,10.093006762060497
chr15_mat_hsa14,17872463,active,0.362,1.7,9.794837154875694
chr15_mat_hsa14,17876463,active,0.369,1.788,9.937320471391415
chr15_mat_hsa14,17880463,active,0.375,1.768,9.957308367384616
chr15_mat_hsa14,17884463,active,0.3655,1.8,9.981263318420988
chr15_mat_hsa14,17888463,active,0.3685,1.828,10.042469870776596
chr15_mat_hsa14,17892463,active,0.37,1.808,9.935551282389003
chr15_mat_hsa14,17896463,active,0.367,1.812,10.020729891653495
chr15_mat_hsa14,17900463,active,0.3655,1.776,9.8885101604025
chr15_mat_hsa14,17904463,active,0.3665,1.812,9.940012508800349
chr15_mat_hsa14,17908463,active,0.3735,1.82,10.02161561587121
chr15_mat_hsa14,17912463,active,0.3645,1.912,10.104532985106008
chr15_mat_hsa14,17916463,active,0.377,1.94,10.196582940283708
chr15_mat_hsa14,17920463,active,0.374,1.924,10.129392975244075
chr15_mat_hsa14,17924463,active,0.37,1.912,10.115643019188921
chr15_mat_hsa14,17928463,active,0.364,1.924,10.182351891876596
chr15_mat_hsa14,17932463,active,0.371,1.888,10.112987636015472
chr15_mat_hsa14,17936463,active,0.367,1.9,10.143731412996067
chr15_mat_hsa14,17940463,active,0.3685,1.936,10.159661296578895
chr15_mat_hsa14,17944463,active,0.379,1.916,10.137904483095161
chr15_mat_hsa14,17948463,active,0.3725,1.884,10.08295585229344
chr15_mat_hsa14,17952463,active,0.3705,1.792,9.985761027442878
chr15_mat_hsa14,17956463,active,0.3735,1.724,9.863681364178621
chr15_mat_hsa14,17960463,active,0.3725,1.864,10.170957318722563
chr15_mat_hsa14,17964463,active,0.37,1.832,10.082332919656285
chr15_mat_hsa14,17968463,active,0.377,1.772,9.855696003828974
chr15_mat_hsa14,17972463,active,0.3685,1.808,9.967310528511934
chr15_mat_hsa14,17976463,active,0.3685,1.848,10.050819657569864
chr15_mat_hsa14,17980463,active,0.3675,1.704,9.73116016510898
chr15_mat_hsa14,17984463,active,0.371,1.82,10.108668527117379
chr15_mat_hsa14,17988463,active,0.367,1.836,10.12307470324824
chr15_mat_hsa14,17992463,active,0.3625,1.756,9.920359285110012
chr15_mat_hsa14,17996463,active,0.3685,1.864,10.00694104970258
chr15_mat_hsa14,18000463,active,0.375,1.848,10.038835778299493
chr15_mat_hsa14,18004463,active,0.374,1.824,9.985681055567545
chr15_mat_hsa14,18008463,active,0.374,1.82,10.01338556740641
chr15_mat_hsa14,18012463,active,0.369,1.784,9.991774010470078
chr15_mat_hsa14,18016463,active,0.3715,1.796,10.04578218295813
chr15_mat_hsa14,18020463,active,0.368,1.848,10.013729798408692
chr15_mat_hsa14,18024463,active,0.375,1.816,9.970755875176907
chr15_mat_hsa14,18028463,active,0.3745,1.824,10.015963703923182
chr15_mat_hsa14,18032463,active,0.3735,1.828,10.03833184252564
chr15_mat_hsa14,18036463,active,0.3695,1.78,9.90381917233983
chr15_mat_hsa14,18040463,active,0.3705,1.868,10.119448025524559
chr15_mat_hsa14,18044463,active,0.3675,1.808,10.006797083360288
chr15_mat_hsa14,18048463,active,0.37,1.88,10.027985069113374
chr15_mat_hsa14,18052463,active,0.3745,1.78,9.924157972623567
chr15_mat_hsa14,18056463,active,0.37,1.804,9.917751316405946
chr15_mat_hsa14,18060463,active,0.3745,1.784,9.941157779005131
chr15_mat_hsa14,18064463,active,0.3705,1.812,10.072407069446744
chr15_mat_hsa14,18068463,active,0.366,1.928,10.129804944625189
chr15_mat_hsa14,18072463,active,0.3705,1.836,10.093235717462584
chr15_mat_hsa14,18076463,active,0.3675,1.912,10.200160923000638
chr15_mat_hsa14,18080463,active,0.367,1.9,10.184460298864483
chr15_mat_hsa14,18084463,active,0.37,1.924,10.180247787424577
chr15_mat_hsa14,18088463,active,0.366,1.852,10.10756009970562
chr15_mat_hsa14,18092463,active,0.368,1.86,10.0418333257673
chr15_mat_hsa14,18096463,active,0.3735,1.828,10.002863654837935
chr15_mat_hsa14,18100463,active,0.372,1.852,10.050266917018432
chr15_mat_hsa14,18104463,active,0.3725,1.784,10.044850849134757
chr15_mat_hsa14,18108463,active,0.3725,1.844,9.986892413763675
chr15_mat_hsa14,18112463,active,0.3755,1.844,10.023135458207953
chr15_mat_hsa14,18116463,active,0.371,1.832,10.04385213711498
chr15_mat_hsa14,18120463,active,0.3735,1.908,10.116410106725828
chr15_mat_hsa14,18124463,active,0.375,1.872,10.055390953839407
chr15_mat_hsa14,18128463,active,0.375,1.86,10.08254244789874
chr15_mat_hsa14,18132463,active,0.372,1.928,10.166092884026492
chr15_mat_hsa14,18136463,active,0.3685,1.796,9.988782802924531
chr15_mat_hsa14,18140463,active,0.3665,1.744,9.802534580992296
chr15_mat_hsa14,18144463,active,0.3675,1.884,10.16236473734854
chr15_mat_hsa14,18148463,active,0.377,1.852,9.997797848117989
chr15_mat_hsa14,18152463,active,0.367,1.912,10.116399219572287
chr15_mat_hsa14,18156463,active,0.3685,1.776,9.958043567458866
chr15_mat_hsa14,18160463,active,0.3715,1.792,9.936165282304804
chr15_mat_hsa14,18164463,active,0.372,1.836,9.98786797260073
chr15_mat_hsa14,18168463,active,0.3705,1.84,10.02054213771808
chr15_mat_hsa14,18172463,active,0.374,1.824,10.003025092951411
chr15_mat_hsa14,18176463,active,0.375,1.868,10.095664631473525
chr15_mat_hsa14,18180463,active,0.373,1.848,10.095803935097523
chr15_mat_hsa14,18184463,active,0.372,1.868,10.099115538346663
chr15_mat_hsa14,18188463,active,0.372,1.872,10.047316030382227
chr15_mat_hsa14,18192463,active,0.3725,1.864,10.10945143032167
chr15_mat_hsa14,18196463,active,0.3715,1.916,10.149898779565726
chr15_mat_hsa14,18200463,active,0.37,1.824,9.969430841346568
chr15_mat_hsa14,18204463,active,0.3735,1.884,10.107090481496124
chr15_mat_hsa14,18208463,active,0.3695,1.884,10.073902523577162
chr15_mat_hsa14,18212463,active,0.3685,1.84,9.989088091893196
chr15_mat_hsa14,18216463,active,0.371,1.848,10.02732292293081
chr15_mat_hsa14,18220463,active,0.369,1.792,9.98198063612
chr15_mat_hsa14,18224463,active,0.3675,1.828,9.975941691737122
chr15_mat_hsa14,18228463,active,0.374,1.84,10.027394488175934
chr15_mat_hsa14,18232463,active,0.3705,1.796,9.984433545622007
chr15_mat_hsa14,18236463,active,0.3725,1.772,9.91704558262028
chr15_mat_hsa14,18240463,active,0.373,1.864,9.998389885169239
chr15_mat_hsa14,18244463,active,0.3665,1.832,10.025698166056275
chr15_mat_hsa14,18248463,active,0.375,1.872,10.017681445883666
chr15_mat_hsa14,18252463,active,0.371,1.78,9.942915171931656
chr15_mat_hsa14,18256463,active,0.372,1.784,9.936494793571006
chr15_mat_hsa14,18260463,active,0.3745,1.864,10.10129997485649
chr15_mat_hsa14,18264463,active,0.375,1.892,10.158242176015033
chr15_mat_hsa14,18268463,active,0.3665,1.908,10.168241889151801
chr15_mat_hsa14,18272463,active,0.377,1.88,10.037710731901072
chr15_mat_hsa14,18276463,active,0.3755,1.78,9.858006054352547
chr15_mat_hsa14,18280463,active,0.372,1.808,9.939879816610535
chr15_mat_hsa14,18284463,active,0.37,1.728,9.899668201659997
chr15_mat_hsa14,18288463,active,0.3625,1.84,10.047647635172813
chr15_mat_hsa14,18292463,active,0.374,1.904,10.130903669485436
chr15_mat_hsa14,18296463,active,0.376,1.872,10.078690066082775
chr15_mat_hsa14,18300463,active,0.3805,1.784,9.815941253216563
chr15_mat_hsa14,18304463,active,0.3665,1.896,10.126534763933002
chr15_mat_hsa14,18308463,active,0.3695,1.884,10.043950023898303
chr15_mat_hsa14,18312463,active,0.3745,1.848,10.011968572899683
chr15_mat_hsa14,18316463,active,0.3725,1.696,9.749598740304377
chr15_mat_hsa14,18320463,active,0.376,1.812,9.903542712249195
chr15_mat_hsa14,18324463,active,0.3635,1.872,10.064403905508465
chr15_mat_hsa14,18328463,active,0.37,1.712,9.817096191891626
chr15_mat_hsa14,18332463,active,0.3725,1.816,9.917708193039878
chr15_mat_hsa14,18336463,active,0.377,1.7,9.733939893191337
chr15_mat_hsa14,18340463,active,0.3735,1.764,9.807434402367532
chr15_mat_hsa14,18344463,active,0.3755,1.784,9.826480083100055
chr15_mat_hsa14,18348463,active,0.376,1.828,9.93287095655308
chr15_mat_hsa14,18352463,active,0.362,1.884,10.111251984863284
chr15_mat_hsa14,18356463,active,0.367,1.844,10.07307188471012
chr15_mat_hsa14,18360463,active,0.3715,1.82,9.898596179620654
chr15_mat_hsa14,18364463,active,0.3735,1.76,9.919656818018142
chr15_mat_hsa14,18368463,active,0.37,1.908,10.123635130064976
chr15_mat_hsa14,18372463,active,0.3655,1.896,10.162118038663415
chr15_mat_hsa14,18376463,active,0.3745,1.804,9.900635359583125
chr15_mat_hsa14,18380463,active,0.375,1.78,9.843951131262196
chr15_mat_hsa14,18384463,active,0.368,1.92,10.114192377061132
chr15_mat_hsa14,18388463,active,0.3725,1.924,10.124651042344128
chr15_mat_hsa14,18392463,active,0.3685,1.852,10.050604867447582
chr15_mat_hsa14,18396463,active,0.3705,1.808,9.999744379571865
chr15_mat_hsa14,18400463,active,0.37,1.924,10.189188813666027
chr15_mat_hsa14,18404463,active,0.373,1.928,10.129913718562028
chr15_mat_hsa14,18408463,active,0.3745,1.86,10.024944419379715
chr15_mat_hsa14,18412463,active,0.378,1.816,9.864682252677154
chr15_mat_hsa14,18416463,active,0.378,1.796,9.852771400481965
chr15_mat_hsa14,18420463,active,0.3735,1.864,10.106251081532696
chr15_mat_hsa14,18424463,active,0.375,1.856,9.992368063807556
chr15_mat_hsa14,18428463,active,0.3725,1.916,10.172153215717476
chr15_mat_hsa14,18432463,active,0.375,1.848,9.979839650625951
chr15_mat_hsa14,18436463,active,0.37,1.86,10.072239539317684
chr15_mat_hsa14,18440463,active,0.377,1.848,9.99232036067756
chr15_mat_hsa14,18444463,active,0.3745,1.88,10.061211963349704
chr15_mat_hsa14,18448463,active,0.371,1.776,9.91109193134175
chr15_mat_hsa14,18452463,active,0.3735,1.868,10.05771966073612
chr15_mat_hsa14,18456463,active,0.3645,1.852,10.034793188841293
chr15_mat_hsa14,18460463,active,0.375,1.824,9.9591271913004
chr15_mat_hsa14,18464463,active,0.3745,1.732,9.761613786672406
chr15_mat_hsa14,18468463,active,0.3715,1.768,9.857544887478591
chr15_mat_hsa14,18472463,active,0.371,1.816,10.017237202040974
chr15_mat_hsa14,18476463,active,0.3645,1.864,10.08272772131085
chr15_mat_hsa14,18480463,active,0.37,1.856,10.052804050509966
chr15_mat_hsa14,18484463,active,0.3655,1.896,10.110042005542853
chr15_mat_hsa14,18488463,active,0.3705,1.86,9.99099146744822
chr15_mat_hsa14,18492463,active,0.3715,1.856,9.982096792277536
chr15_mat_hsa14,18496463,active,0.371,1.876,10.027397328881701
chr15_mat_hsa14,18500463,active,0.371,1.856,9.979558229488665
chr15_mat_hsa14,18504463,active,0.3785,1.908,10.108008119992972
chr15_mat_hsa14,18508463,active,0.3705,1.844,10.007622400998226
chr15_mat_hsa14,18512463,active,0.369,1.8,9.901514720273418
chr15_mat_hsa14,18516463,active,0.3635,1.872,10.05106591883444
chr15_mat_hsa14,18520463,active,0.3715,1.848,10.056619202533964
chr15_mat_hsa14,18524463,active,0.3755,1.872,10.032758633348099
chr15_mat_hsa14,18528463,active,0.3805,1.76,9.774131750121098
chr15_mat_hsa14,18532463,active,0.376,1.72,9.73783393654333
chr15_mat_hsa14,18536463,active,0.376,1.88,10.051552326699207
chr15_mat_hsa14,18540463,active,0.373,1.868,10.021191020278428
chr15_mat_hsa14,18544463,active,0.378,1.76,9.790245135525126
chr15_mat_hsa14,18548463,active,0.3765,1.716,9.749319097214368
chr15_mat_hsa14,18552463,active,0.3745,1.864,10.041994763880778
chr15_mat_hsa14,18556463,active,0.374,1.868,10.070231228124598
chr15_mat_hsa14,18560463,active,0.3765,1.82,9.916755445091948
chr15_mat_hsa14,18564463,active,0.376,1.748,9.777874533580718
chr15_mat_hsa14,18568463,active,0.3735,1.788,9.942380074776379
chr15_mat_hsa14,18572463,active,0.375,1.892,10.11147272219264
chr15_mat_hsa14,18576463,active,0.3755,1.776,9.802466488147191
chr15_mat_hsa14,18580463,active,0.373,1.832,9.923423623785315
chr15_mat_hsa14,18584463,active,0.3665,1.812,9.997967692861675
chr15_mat_hsa14,18588463,active,0.3635,1.86,10.047692890312252
chr15_mat_hsa14,18592463,active,0.3635,1.876,10.130685380146593
chr15_mat_hsa14,18596463,active,0.3775,1.772,9.79524813238005
chr15_mat_hsa14,18600463,active,0.3745,1.824,9.868312512571762
chr15_mat_hsa14,18604463,active,0.37,1.916,10.116558918627604
chr15_mat_hsa14,18608463,active,0.368,1.86,10.056585826424792
chr15_mat_hsa14,18612463,active,0.376,1.84,9.944764254022717
chr15_mat_hsa14,18616463,active,0.3735,1.884,10.009234204011408
chr15_mat_hsa14,18620463,active,0.37,1.856,9.991289728662395
chr15_mat_hsa14,18624463,active,0.3665,1.896,10.16458392884328
chr15_mat_hsa14,18628463,active,0.368,1.84,10.027372359402726
chr15_mat_hsa14,18632463,active,0.371,1.756,9.792734146354963
chr15_mat_hsa14,18636463,active,0.3725,1.82,9.929154051494844
chr15_mat_hsa14,18640463,active,0.379,1.72,9.713433979098834
chr15_mat_hsa14,18644463,active,0.3795,1.744,9.737923788311386
chr15_mat_hsa14,18648463,active,0.3785,1.74,9.744808761980797
chr15_mat_hsa14,18652463,active,0.3795,1.908,10.14779467511368
chr15_mat_hsa14,18656463,active,0.3715,1.84,10.03604668424296
chr15_mat_hsa14,18660463,active,0.372,1.848,10.067804634444542
chr15_mat_hsa14,18664463,active,0.376,1.796,9.853306884636224
chr15_mat_hsa14,18668463,active,0.376,1.772,9.78877338331738
chr15_mat_hsa14,18672463,active,0.375,1.788,9.829271934908022
chr15_mat_hsa14,18676463,active,0.3735,1.86,10.00656446128439
chr15_mat_hsa14,18680463,active,0.373,1.74,9.776197549950092
chr15_mat_hsa14,18684463,active,0.3795,1.772,9.802117245676687
chr15_mat_hsa14,18688463,active,0.3765,1.868,10.091199185480699
chr15_mat_hsa14,18692463,active,0.373,1.74,9.802486800624205
chr15_mat_hsa14,18696463,active,0.374,1.78,9.814678719490404
chr15_mat_hsa14,18700463,active,0.3765,1.744,9.77936391775209
chr15_mat_hsa14,18704463,active,0.376,1.836,9.938124871674603
chr15_mat_hsa14,18708463,active,0.3735,1.884,10.138730155199305
chr15_mat_hsa14,18712463,active,0.372,1.784,9.925287980068667
chr15_mat_hsa14,18716463,active,0.376,1.832,9.945223843579502
chr15_mat_hsa14,18720463,active,0.38,1.732,9.746978788515467
chr15_mat_hsa14,18724463,active,0.379,1.744,9.738151857439886
chr15_mat_hsa14,18728463,active,0.3765,1.88,10.03385419556913
chr15_mat_hsa14,18732463,active,0.373,1.788,9.85624826871085
chr15_mat_hsa14,18736463,active,0.365,1.876,10.084870413330325
chr15_mat_hsa14,18740463,active,0.368,1.892,10.09073529338809
chr15_mat_hsa14,18744463,active,0.37,1.788,9.908266348958435
chr15_mat_hsa14,18748463,active,0.3715,1.8,9.8474427192271
chr15_mat_hsa14,18752463,active,0.3655,1.908,10.142181067788698
chr15_mat_hsa14,18756463,active,0.368,1.892,10.063601354054285
chr15_mat_hsa14,18760463,active,0.3635,1.84,9.99002006312712
chr15_mat_hsa14,18764463,active,0.365,1.864,10.104262418589506
chr15_mat_hsa14,18768463,active,0.3745,1.788,9.854933735035102
chr15_mat_hsa14,18772463,active,0.379,1.732,9.748921853285498
chr15_mat_hsa14,18776463,active,0.3685,1.88,10.122821691457268
chr15_mat_hsa14,18780463,active,0.367,1.8,9.997219157643322
chr15_mat_hsa14,18784463,active,0.3665,1.836,10.008805034370932
chr15_mat_hsa14,18788463,active,0.364,1.828,10.024797695286006
chr15_mat_hsa14,18792463,active,0.365,1.856,10.08970813948923
chr15_mat_hsa14,18796463,active,0.3745,1.808,9.878676099244442
chr15_mat_hsa14,18800463,active,0.368,1.92,10.149179040692644
chr15_mat_hsa14,18804463,active,0.366,1.876,10.077007079107185
chr15_mat_hsa14,18808463,active,0.3645,1.836,10.028004357180821
chr15_mat_hsa14,18812463,active,0.3675,1.872,10.107384528845062
chr15_mat_hsa14,18816463,active,0.3675,1.9,10.161062829884468
chr15_mat_hsa14,18820463,active,0.364,1.868,10.041996470406213
chr15_mat_hsa14,18824463,active,0.3705,1.788,9.927150946043747
chr15_mat_hsa14,18828463,active,0.371,1.82,9.934966190137898
chr15_mat_hsa14,18832463,active,0.3735,1.768,9.826170187551012
chr15_mat_hsa14,18836463,active,0.3725,1.84,10.072910479129417
chr15_mat_hsa14,18840463,active,0.3655,1.88,10.119795728926881
chr15_mat_hsa14,18844463,active,0.368,1.876,10.082925620934605
chr15_mat_hsa14,18848463,active,0.3765,1.816,9.962228938657416
chr15_mat_hsa14,18852463,active,0.371,1.912,10.122715011044809
chr15_mat_hsa14,18856463,active,0.375,1.844,9.978955388238276
chr15_mat_hsa14,18860463,active,0.3755,1.804,9.931930802284057
chr15_mat_hsa14,18864463,active,0.3735,1.896,10.10744347359477
chr15_mat_hsa14,18868463,active,0.369,1.816,9.993360849720487
chr15_mat_hsa14,18872463,active,0.373,1.88,10.118614578484523
chr15_mat_hsa14,18876463,active,0.364,1.876,10.115869328158977
chr15_mat_hsa14,18880463,active,0.3765,1.864,10.026441740227993
chr15_mat_hsa14,18884463,active,0.364,1.844,10.018302910974478
chr15_mat_hsa14,18888463,active,0.3745,1.84,9.946966605440561
chr15_mat_hsa14,18892463,active,0.374,1.86,9.965057051985616
chr15_mat_hsa14,18896463,active,0.3755,1.864,10.00142598767173
chr15_mat_hsa14,18900463,active,0.372,1.884,10.049295899696263
chr15_mat_hsa14,18904463,active,0.378,1.848,9.992231234990628
chr15_mat_hsa14,18908463,active,0.3695,1.864,10.076997931011844
chr15_mat_hsa14,18912463,active,0.366,1.88,10.045587046802055
chr15_mat_hsa14,18916463,active,0.3705,1.892,10.071975285907024
chr15_mat_hsa14,18920463,active,0.3755,1.8,9.9522548324102
chr15_mat_hsa14,18924463,active,0.378,1.852,9.974205048708123
chr15_mat_hsa14,18928463,active,0.38,1.748,9.747168996157688
chr15_mat_hsa14,18932463,active,0.377,1.744,9.735723530417907
chr15_mat_hsa14,18936463,active,0.3745,1.884,10.112411747997559
chr15_mat_hsa14,18940463,active,0.3725,1.884,10.128159160625064
chr15_mat_hsa14,18944463,active,0.372,1.86,10.000780654749551
chr15_mat_hsa14,18948463,active,0.3775,1.796,9.84679702612246
chr15_mat_hsa14,18952463,active,0.377,1.88,10.112604075980641
chr15_mat_hsa14,18956463,active,0.376,1.88,10.088467657298192
chr15_mat_hsa14,18960463,active,0.3695,1.916,10.129268385639852
chr15_mat_hsa14,18964463,active,0.3645,1.88,10.071288530427898
chr15_mat_hsa14,18968463,active,0.373,1.804,9.906409330190456
chr15_mat_hsa14,18972463,active,0.3665,1.868,10.111557273831892
chr15_mat_hsa14,18976463,active,0.367,1.896,10.117696198522495
chr15_mat_hsa14,18980463,active,0.366,1.86,10.037976369903703
chr15_mat_hsa14,18984463,active,0.3635,1.844,10.040208896542477
chr15_mat_hsa14,18988463,active,0.368,1.872,10.12271043699712
chr15_mat_hsa14,18992463,active,0.371,1.82,10.023699357424748
chr15_mat_hsa14,18996463,active,0.37,1.784,9.936378997595925
chr15_mat_hsa14,19000463,active,0.374,1.796,9.856943785286356
chr15_mat_hsa14,19004463,active,0.3725,1.808,9.856075615794161
chr15_mat_hsa14,19008463,active,0.3645,1.84,10.02219001524257
chr15_mat_hsa14,19012463,active,0.371,1.844,10.024338022774904
chr15_mat_hsa14,19016463,active,0.374,1.872,10.03021800956763
chr15_mat_hsa14,19020463,active,0.374,1.844,10.037267872650318
chr15_mat_hsa14,19024463,active,0.374,1.892,10.144525203353846
chr15_mat_hsa14,19028463,active,0.374,1.792,9.938035668749608
chr15_mat_hsa14,19032463,active,0.38,1.756,9.772079922846713
chr15_mat_hsa14,19036463,active,0.377,1.756,9.791770543786287
chr15_mat_hsa14,19040463,active,0.3775,1.78,9.830646875163525
chr15_mat_hsa14,19044463,active,0.375,1.872,10.027541566735836
chr15_mat_hsa14,19048463,active,0.377,1.752,9.8303937804182
chr15_mat_hsa14,19052463,active,0.377,1.752,9.750880341007703
chr15_mat_hsa14,19056463,active,0.375,1.86,10.062624738274973
chr15_mat_hsa14,19060463,active,0.3715,1.716,9.738295791249458
chr15_mat_hsa14,19064463,active,0.375,1.792,9.8503774625462
chr15_mat_hsa14,19068463,active,0.3755,1.728,9.76395125466553
chr15_mat_hsa14,19072463,active,0.3775,1.804,9.857381084328917
chr15_mat_hsa14,19076463,active,0.377,1.892,10.131832549601995
chr15_mat_hsa14,19080463,active,0.375,1.808,9.953013513316895
chr15_mat_hsa14,19084463,active,0.378,1.852,9.97105697709682
chr15_mat_hsa14,19088463,active,0.379,1.736,9.732359611742103
chr15_mat_hsa14,19092463,active,0.3765,1.756,9.74264535831279
chr15_mat_hsa14,19096463,active,0.376,1.824,9.947453644999637
chr15_mat_hsa14,19100463,active,0.375,1.804,9.881153153805906
chr15_mat_hsa14,19104463,active,0.3655,1.892,10.111607103019029
chr15_mat_hsa14,19108463,active,0.3665,1.88,10.081260543150762
chr15_mat_hsa14,19112463,active,0.373,1.804,9.931704770542083
chr15_mat_hsa14,19116463,active,0.377,1.804,9.867962960340433
chr15_mat_hsa14,19120463,active,0.3685,1.92,10.141568363794285
chr15_mat_hsa14,19124463,active,0.3645,1.884,10.068929675126709
chr15_mat_hsa14,19128463,active,0.365,1.824,9.977881523086165
chr15_mat_hsa14,19132463,active,0.3675,1.844,10.052794515415673
chr15_mat_hsa14,19136463,active,0.375,1.8,9.867503919523589
chr15_mat_hsa14,19140463,active,0.377,1.744,9.751126685226643
chr15_mat_hsa14,19144463,active,0.377,1.896,10.113759652066241
chr15_mat_hsa14,19148463,active,0.367,1.872,10.120371229945835
chr15_mat_hsa14,19152463,active,0.368,1.804,9.997895025968923
chr15_mat_hsa14,19156463,active,0.368,1.848,10.024288193587747
chr15_mat_hsa14,19160463,active,0.3655,1.844,10.027795215937346
chr15_mat_hsa14,19164463,active,0.3755,1.804,9.854862169789959
chr15_mat_hsa14,19168463,active,0.378,1.796,9.811418401542179
chr15_mat_hsa14,19172463,active,0.3745,1.8,9.855049563542927
chr15_mat_hsa14,19176463,active,0.37,1.848,9.9754350039281
chr15_mat_hsa14,19180463,active,0.3725,1.92,10.0587902981835
chr15_mat_hsa14,19184463,active,0.3705,1.912,10.09745429314533
chr15_mat_hsa14,19188463,active,0.3705,1.924,10.144950153412848
chr15_mat_hsa14,19192463,active,0.363,1.852,10.056380904762792
chr15_mat_hsa14,19196463,active,0.363,1.788,9.91530609888553
chr15_mat_hsa14,19200463,active,0.366,1.82,10.005680089125843
chr15_mat_hsa14,19204463,active,0.3675,1.864,10.07589959315057
chr15_mat_hsa14,19208463,active,0.368,1.884,10.128769029629952
chr15_mat_hsa14,19212463,active,0.369,1.944,10.13436089518068
chr15_mat_hsa14,19216463,active,0.3765,1.916,10.121262939619719
chr15_mat_hsa14,19220463,active,0.374,1.836,10.014882920787501
chr15_mat_hsa14,19224463,active,0.3795,1.756,9.773415483648067
chr15_mat_hsa14,19228463,active,0.3785,1.728,9.720361133939132
chr15_mat_hsa14,19232463,active,0.379,1.756,9.789712054656079
chr15_mat_hsa14,19236463,active,0.3765,1.784,9.841835147779854
chr15_mat_hsa14,19240463,active,0.38,1.736,9.74764908520037
chr15_mat_hsa14,19244463,active,0.3755,1.816,9.879897951878833
chr15_mat_hsa14,19248463,active,0.365,1.888,10.096514171409053
chr15_mat_hsa14,19252463,active,0.3715,1.784,9.927776630716032
chr15_mat_hsa14,19256463,active,0.3715,1.816,9.951199236632267
chr15_mat_hsa14,19260463,active,0.375,1.784,9.868693863595126
chr15_mat_hsa14,19264463,active,0.3765,1.796,9.799134882181928
chr15_mat_hsa14,19268463,active,0.376,1.78,9.79989928920552
chr15_mat_hsa14,19272463,active,0.3765,1.828,9.909716796812477
chr15_mat_hsa14,19276463,active,0.373,1.868,10.000847291480817
chr15_mat_hsa14,19280463,active,0.37,1.868,10.024961226923846
chr15_mat_hsa14,19284463,active,0.3755,1.86,10.013106594259723
chr15_mat_hsa14,19288463,active,0.376,1.82,9.933530339268
chr15_mat_hsa14,19292463,active,0.375,1.792,9.849186139598942
chr15_mat_hsa14,19296463,active,0.376,1.86,10.033745394815801
chr15_mat_hsa14,19300463,active,0.376,1.88,10.041386607117579
chr15_mat_hsa14,19304463,active,0.3725,1.8,9.897900663045155
chr15_mat_hsa14,19308463,active,0.374,1.88,10.104419637121495
chr15_mat_hsa14,19312463,active,0.3735,1.856,10.04872004421114
chr15_mat_hsa14,19316463,active,0.371,1.852,10.081548664392804
chr15_mat_hsa14,19320463,active,0.375,1.852,10.008939802196258
chr15_mat_hsa14,19324463,active,0.371,1.876,10.080231295727566
chr15_mat_hsa14,19328463,active,0.3715,1.924,10.098509501924285
chr15_mat_hsa14,19332463,active,0.367,1.84,10.08852103612347
chr15_mat_hsa14,19336463,active,0.3755,1.84,9.951539635051994
chr15_mat_hsa14,19340463,active,0.3735,1.916,10.121893552805869
chr15_mat_hsa14,19344463,active,0.3715,1.808,9.919165115740759
chr15_mat_hsa14,19348463,active,0.3765,1.896,10.097028601621176
chr15_mat_hsa14,19352463,active,0.371,1.816,9.956401261575065
chr15_mat_hsa14,19356463,active,0.37,1.78,9.919269702628894
chr15_mat_hsa14,19360463,active,0.3735,1.828,10.024270999044665
chr15_mat_hsa14,19364463,active,0.3685,1.828,10.028202998269755
chr15_mat_hsa14,19368463,active,0.373,1.772,9.900047187647187
chr15_mat_hsa14,19372463,active,0.373,1.812,9.964351672666123
chr15_mat_hsa14,19376463,active,0.3715,1.844,10.035092551703078
chr15_mat_hsa14,19380463,active,0.373,1.836,10.011712720402965
chr15_mat_hsa14,19384463,active,0.3745,1.864,10.070720089696202
chr15_mat_hsa14,19388463,active,0.3735,1.832,10.05675393211031
chr15_mat_hsa14,19392463,active,0.371,1.908,10.16351821990979
chr15_mat_hsa14,19396463,active,0.372,1.864,10.055465005324093
chr15_mat_hsa14,19400463,active,0.376,1.88,10.104116441677203
chr15_mat_hsa14,19404463,active,0.3725,1.884,10.121385403166821
chr15_mat_hsa14,19408463,active,0.3705,1.844,10.039080410276757
chr15_mat_hsa14,19412463,active,0.373,1.848,10.066144136424622
chr15_mat_hsa14,19416463,active,0.368,1.824,10.036683610534942
chr15_mat_hsa14,19420463,active,0.3705,1.852,10.013424149257588
chr15_mat_hsa14,19424463,active,0.372,1.876,10.035046587631216
chr15_mat_hsa14,19428463,active,0.369,1.844,10.005332031257327
chr15_mat_hsa14,19432463,active,0.37,1.76,9.922764485765773
chr15_mat_hsa14,19436463,active,0.3735,1.824,9.995657255339129
chr15_mat_hsa14,19440463,active,0.369,1.788,9.986206012750722
chr15_mat_hsa14,19444463,active,0.3715,1.892,10.038024814498847
chr15_mat_hsa14,19448463,active,0.373,1.88,10.110088002147462
chr15_mat_hsa14,19452463,active,0.3705,1.928,10.159482658206088
chr15_mat_hsa14,19456463,active,0.373,1.84,10.03648323038787
chr15_mat_hsa14,19460463,active,0.3735,1.884,10.10231379361129
chr15_mat_hsa14,19464463,active,0.3755,1.876,10.002189525570447
chr15_mat_hsa14,19468463,active,0.372,1.8,9.957510841056084
chr15_mat_hsa14,19472463,active,0.37,1.888,10.042103865467324
chr15_mat_hsa14,19476463,active,0.3715,1.816,10.036877290577287
chr15_mat_hsa14,19480463,active,0.3745,1.836,10.019458874059067
chr15_mat_hsa14,19484463,active,0.379,1.932,10.169266562527339
chr15_mat_hsa14,19488463,active,0.373,1.872,9.994650496871575
chr15_mat_hsa14,19492463,active,0.374,1.804,9.95260719281456
chr15_mat_hsa14,19496463,active,0.375,1.9,10.084260157326467
chr15_mat_hsa14,19500463,active,0.3735,1.78,9.842765766954615
chr15_mat_hsa14,19504463,active,0.371,1.816,9.95181588298004
chr15_mat_hsa14,19508463,active,0.372,1.796,9.960884976942127
chr15_mat_hsa14,19512463,active,0.3725,1.788,10.012153131663128
chr15_mat_hsa14,19516463,active,0.3665,1.884,10.107419251297184
chr15_mat_hsa14,19520463,active,0.378,1.88,10.053254574925761
chr15_mat_hsa14,19524463,active,0.3735,1.876,10.094829445375286
chr15_mat_hsa14,19528463,active,0.3695,1.828,10.033982230756925
chr15_mat_hsa14,19532463,active,0.3725,1.872,10.126990249395405
chr15_mat_hsa14,19536463,active,0.377,1.824,9.953150064905705
chr15_mat_hsa14,19540463,active,0.3745,1.812,9.889491698979468
chr15_mat_hsa14,19544463,active,0.379,1.812,9.86219671424737
chr15_mat_hsa14,19548463,active,0.3675,1.944,10.217334091231296
chr15_mat_hsa14,19552463,active,0.374,1.836,9.965977808416328
chr15_mat_hsa14,19556463,active,0.37,1.88,10.088890513832823
chr15_mat_hsa14,19560463,active,0.374,1.828,9.957620323925296
chr15_mat_hsa14,19564463,active,0.3715,1.876,10.047666651728466
chr15_mat_hsa14,19568463,active,0.3735,1.828,9.979789145039197
chr15_mat_hsa14,19572463,active,0.3785,1.772,9.777434122320543
chr15_mat_hsa14,19576463,active,0.375,1.888,10.068201529623451
chr15_mat_hsa14,19580463,active,0.3685,1.836,9.997899600016604
chr15_mat_hsa14,19584463,active,0.377,1.724,9.729175716031069
chr15_mat_hsa14,19588463,active,0.378,1.772,9.784203660197303
chr15_mat_hsa14,19592463,active,0.379,1.792,9.828247898943006
chr15_mat_hsa14,19596463,active,0.3735,1.876,10.063108665616445
chr15_mat_hsa14,19600463,active,0.3765,1.896,10.065129990020148
chr15_mat_hsa14,19604463,active,0.369,1.928,10.183857103147883
chr15_mat_hsa14,19608463,active,0.368,1.92,10.122799949683015
chr15_mat_hsa14,19612463,active,0.3715,1.896,10.141643767338184
chr15_mat_hsa14,19616463,active,0.361,1.92,10.150156010938206
chr15_mat_hsa14,19620463,active,0.366,1.844,10.06400701032957
chr15_mat_hsa14,19624463,active,0.372,1.84,10.04568567505053
chr15_mat_hsa14,19628463,active,0.373,1.872,10.11049365842276
chr15_mat_hsa14,19632463,active,0.372,1.9,10.107533983873665
chr15_mat_hsa14,19636463,active,0.3725,1.932,10.183943305174697
chr15_mat_hsa14,19640463,active,0.3775,1.844,9.961211293036342
chr15_mat_hsa14,19644463,active,0.3765,1.748,9.769249766415712
chr15_mat_hsa14,19648463,active,0.375,1.764,9.791594391653039
chr15_mat_hsa14,19652463,active,0.37,1.8,9.99144659272818
chr15_mat_hsa14,19656463,active,0.376,1.92,10.132528066177493
chr15_mat_hsa14,19660463,active,0.368,1.884,10.118873548915106
chr15_mat_hsa14,19664463,active,0.3755,1.84,9.985653715336115
chr15_mat_hsa14,19668463,active,0.3715,1.796,9.948175754625202
chr15_mat_hsa14,19672463,active,0.373,1.896,10.133912431756478
chr15_mat_hsa14,19676463,active,0.363,1.852,10.010630808803095
chr15_mat_hsa14,19680463,active,0.3725,1.844,9.966178897495837
chr15_mat_hsa14,19684463,active,0.3745,1.824,9.936672767716756
chr15_mat_hsa14,19688463,active,0.3775,1.924,10.144974021244206
chr15_mat_hsa14,19692463,active,0.372,1.868,10.042567751843663
chr15_mat_hsa14,19696463,active,0.369,1.86,10.055922938777053
chr15_mat_hsa14,19700463,active,0.372,1.864,10.061922554127399
chr15_mat_hsa14,19704463,active,0.3725,1.856,10.049382544859876
chr15_mat_hsa14,19708463,active,0.3715,1.812,9.977147451476027
chr15_mat_hsa14,19712463,active,0.369,1.896,10.102082523594579
chr15_mat_hsa14,19716463,active,0.373,1.824,9.95004933624196
chr15_mat_hsa14,19720463,active,0.3745,1.844,9.97546269862576
chr15_mat_hsa14,19724463,active,0.376,1.772,9.846086768710673
chr15_mat_hsa14,19728463,active,0.378,1.784,9.821400476999047
chr15_mat_hsa14,19732463,active,0.375,1.876,10.091600654707268
chr15_mat_hsa14,19736463,active,0.375,1.88,10.111498683548382
chr15_mat_hsa14,19740463,active,0.3775,1.732,9.728071785428853
chr15_mat_hsa14,19744463,active,0.379,1.908,10.141213605820983
chr15_mat_hsa14,19748463,active,0.371,1.832,10.048953053285965
chr15_mat_hsa14,19752463,active,0.371,1.784,9.850418137921702
chr15_mat_hsa14,19756463,active,0.3755,1.892,10.100005121963395
chr15_mat_hsa14,19760463,active,0.3725,1.752,9.8296993386738
chr15_mat_hsa14,19764463,active,0.374,1.9,10.138898260884817
chr15_mat_hsa14,19768463,active,0.3745,1.796,9.829510232679207
chr15_mat_hsa14,19772463,active,0.378,1.748,9.761380777597541
chr15_mat_hsa14,19776463,active,0.373,1.804,9.88554802071409
chr15_mat_hsa14,19780463,active,0.367,1.88,10.100065805771283
chr15_mat_hsa14,19784463,active,0.371,1.908,10.119111453971096
chr15_mat_hsa14,19788463,active,0.363,1.892,10.081388965337496
chr15_mat_hsa14,19792463,active,0.3735,1.792,9.885982118868437
chr15_mat_hsa14,19796463,active,0.364,1.884,10.126898288718957
chr15_mat_hsa14,19800463,active,0.368,1.912,10.109124367046002
chr15_mat_hsa14,19804463,active,0.3635,1.86,10.066274291953272
chr15_mat_hsa14,19808463,active,0.3645,1.884,10.124295537189383
chr15_mat_hsa14,19812463,active,0.3765,1.768,9.791620353008762
chr15_mat_hsa14,19816463,active,0.3755,1.808,9.885175817786097
chr15_mat_hsa14,19820463,active,0.371,1.912,10.099865812623143
chr15_mat_hsa14,19824463,active,0.3645,1.848,10.020563879492336
chr15_mat_hsa14,19828463,active,0.373,1.888,10.118743000671255
chr15_mat_hsa14,19832463,active,0.375,1.836,10.003561651936758
chr15_mat_hsa14,19836463,active,0.3735,1.904,10.142608852837204
chr15_mat_hsa14,19840463,active,0.373,1.784,9.81441272702157
chr15_mat_hsa14,19844463,active,0.3775,1.74,9.755084634374937
chr15_mat_hsa14,19848463,active,0.3775,1.812,9.917254446635635
chr15_mat_hsa14,19852463,active,0.3755,1.884,10.125239878507143
chr15_mat_hsa14,19856463,active,0.374,1.788,9.92569994944979
chr15_mat_hsa14,19860463,active,0.374,1.748,9.77488266180813
chr15_mat_hsa14,19864463,active,0.372,1.78,9.884735689470265
chr15_mat_hsa14,19868463,active,0.373,1.884,10.096098729627874
chr15_mat_hsa14,19872463,active,0.3755,1.796,9.84235900331544
chr15_mat_hsa14,19876463,active,0.3675,1.912,10.121086781770199
chr15_mat_hsa14,19880463,active,0.3645,1.836,10.01385576688861
chr15_mat_hsa14,19884463,active,0.376,1.88,10.11123935865157
chr15_mat_hsa14,19888463,active,0.3755,1.808,9.949627504116863
chr15_mat_hsa14,19892463,active,0.3805,1.776,9.790940297634432
chr15_mat_hsa14,19896463,active,0.3755,1.728,9.735541774111253
chr15_mat_hsa14,19900463,active,0.378,1.916,10.117951336370584
chr15_mat_hsa14,19904463,active,0.3765,1.748,9.80471585486287
chr15_mat_hsa14,19908463,active,0.373,1.884,10.128405504843997
chr15_mat_hsa14,19912463,active,0.3735,1.796,9.948340361094123
chr15_mat_hsa14,19916463,active,0.3775,1.744,9.733423619866434
chr15_mat_hsa14,19920463,active,0.376,1.772,9.788326304485164
chr15_mat_hsa14,19924463,active,0.362,1.844,10.024310932955027
chr15_mat_hsa14,19928463,active,0.365,1.844,10.070905357392034
chr15_mat_hsa14,19932463,active,0.377,1.776,9.800488712357485
chr15_mat_hsa14,19936463,active,0.377,1.776,9.800493640871384
chr15_mat_hsa14,19940463,active,0.3635,1.856,10.052473765245834
chr15_mat_hsa14,19944463,active,0.366,1.856,10.083808891445532
chr15_mat_hsa14,19948463,active,0.3715,1.8,9.845192992328945
chr15_mat_hsa14,19952463,active,0.3775,1.756,9.755059038917937
chr15_mat_hsa14,19956463,active,0.373,1.884,10.09107952439034
chr15_mat_hsa14,19960463,active,0.3675,1.9,10.10592611178138
chr15_mat_hsa14,19964463,active,0.3645,1.868,10.079339618586438
chr15_mat_hsa14,19968463,active,0.3735,1.796,9.869850154329358
chr15_mat_hsa14,19972463,active,0.366,1.876,10.092234746009744
chr15_mat_hsa14,19976463,active,0.371,1.892,10.091088672485693
chr15_mat_hsa14,19980463,active,0.371,1.796,9.94891900686345
chr15_mat_hsa14,19984463,active,0.372,1.8,9.844813651875596
chr15_mat_hsa14,19988463,active,0.3775,1.764,9.755059038917938
chr15_mat_hsa14,19992463,active,0.3735,1.876,10.09271023418825
chr15_mat_hsa14,19996463,active,0.3675,1.904,10.104112222095733
chr15_mat_hsa14,20000463,active,0.3645,1.868,10.079339618586438
chr15_mat_hsa14,20004463,active,0.3735,1.796,9.870855179454987
chr15_mat_hsa14,20008463,active,0.3775,1.792,9.850822421037543
chr15_mat_hsa14,20012463,active,0.378,1.788,9.787639936005005
chr15_mat_hsa14,20016463,active,0.362,1.868,10.056576323863244
chr15_mat_hsa14,20020463,active,0.3685,1.792,9.935064463920178
chr15_mat_hsa14,20024463,active,0.3645,1.84,10.032314672449743
chr15_mat_hsa14,20028463,active,0.3695,1.876,10.058890311023951
chr15_mat_hsa14,20032463,active,0.37,1.92,10.143282240639486
chr15_mat_hsa14,20036463,active,0.363,1.868,10.082058166091072
chr15_mat_hsa14,20040463,active,0.364,1.848,10.047034576712207
chr15_mat_hsa14,20044463,active,0.3665,1.856,10.107159926400382
chr15_mat_hsa14,20048463,active,0.3685,1.884,10.12354107586416
chr15_mat_hsa14,20052463,active,0.3705,1.86,10.036910660970209
chr15_mat_hsa14,20056463,active,0.37,1.792,9.938648727210179
chr15_mat_hsa14,20060463,active,0.372,1.796,9.877486077934796
chr15_mat_hsa14,20064463,active,0.375,1.796,9.890398095856607
chr15_mat_hsa14,20068463,active,0.3775,1.784,9.786592696435681
chr15_mat_hsa14,20072463,active,0.3725,1.792,9.832149218912544
chr15_mat_hsa14,20076463,active,0.374,1.796,9.879531592103342
chr15_mat_hsa14,20080463,active,0.375,1.836,9.931079833051207
chr15_mat_hsa14,20084463,active,0.3755,1.888,10.130674879992053
chr15_mat_hsa14,20088463,active,0.375,1.784,9.813770229088894
chr15_mat_hsa14,20092463,active,0.3785,1.728,9.775052140653074
chr15_mat_hsa14,20096463,active,0.373,1.8,9.890215934662095
chr15_mat_hsa14,20100463,active,0.365,1.88,10.117903246241626
chr15_mat_hsa14,20104463,active,0.3695,1.828,10.019692237600108
chr15_mat_hsa14,20108463,active,0.3695,1.796,9.957207645611772
chr15_mat_hsa14,20112463,active,0.373,1.816,9.888465923956298
chr15_mat_hsa14,20116463,active,0.3765,1.804,9.873517235916712
chr15_mat_hsa14,20120463,active,0.371,1.9,10.111886430631923
chr15_mat_hsa14,20124463,active,0.364,1.868,10.073447038114763
chr15_mat_hsa14,20128463,active,0.3645,1.852,10.017762519406611
chr15_mat_hsa14,20132463,active,0.365,1.868,10.083582195476493
chr15_mat_hsa14,20136463,active,0.368,1.88,10.10827163193849
chr15_mat_hsa14,20140463,active,0.371,1.832,10.019825233834528
chr15_mat_hsa14,20144463,active,0.3695,1.792,9.940981266689436
chr15_mat_hsa14,20148463,active,0.3665,1.896,10.085110444443409
chr15_mat_hsa14,20152463,active,0.3685,1.892,10.066570819825532
chr15_mat_hsa14,20156463,active,0.3695,1.9,10.119002680034257
chr15_mat_hsa14,20160463,active,0.3635,1.868,10.06487027812439
chr15_mat_hsa14,20164463,active,0.3655,1.848,10.033053705106548
chr15_mat_hsa14,20168463,active,0.366,1.856,10.086876244000079
chr15_mat_hsa14,20172463,active,0.3695,1.868,10.132871942713548
chr15_mat_hsa14,20176463,active,0.371,1.852,10.040418424784953
chr15_mat_hsa14,20180463,active,0.37,1.808,9.95004614106999
chr15_mat_hsa14,20184463,active,0.3725,1.796,9.880900142014944
chr15_mat_hsa14,20188463,active,0.3745,1.8,9.871088903178517
chr15_mat_hsa14,20192463,active,0.3775,1.764,9.789854116031496
chr15_mat_hsa14,20196463,active,0.3735,1.784,9.829751421577743
chr15_mat_hsa14,20200463,active,0.375,1.824,9.940137015450212
chr15_mat_hsa14,20204463,active,0.373,1.836,10.017446343284465
chr15_mat_hsa14,20208463,active,0.38,1.76,9.758782611548193
chr15_mat_hsa14,20212463,active,0.378,1.74,9.758608547223044
chr15_mat_hsa14,20216463,active,0.367,1.76,9.88510306793899
chr15_mat_hsa14,20220463,active,0.3765,1.768,9.77657515706154
chr15_mat_hsa14,20224463,active,0.3685,1.764,9.883895569141918
chr15_mat_hsa14,20228463,active,0.376,1.864,10.081097011512927
chr15_mat_hsa14,20232463,active,0.377,1.856,10.068859488757305
chr15_mat_hsa14,20236463,active,0.3785,1.748,9.771289625989235
chr15_mat_hsa14,20240463,active,0.3785,1.78,9.787335638913108
chr15_mat_hsa14,20244463,active,0.3725,1.844,10.07296066278276
chr15_mat_hsa14,20248463,active,0.378,1.768,9.794879679080207
chr15_mat_hsa14,20252463,active,0.3695,1.788,9.958260760866334
chr15_mat_hsa14,20256463,active,0.3725,1.756,9.81716497828506
chr15_mat_hsa14,20260463,active,0.369,1.864,10.047257794564922
chr15_mat_hsa14,20264463,active,0.367,1.908,10.060754384362914
chr15_mat_hsa14,20268463,active,0.371,1.916,10.15767089457755
chr15_mat_hsa14,20272463,active,0.3745,1.84,10.012624432792961
chr15_mat_hsa14,20276463,active,0.375,1.908,10.104003093692713
chr15_mat_hsa14,20280463,active,0.3715,1.816,10.028013505276185
chr15_mat_hsa14,20284463,active,0.3755,1.792,9.934422686352436
chr15_mat_hsa14,20288463,active,0.37,1.896,10.087757066520462
chr15_mat_hsa14,20292463,active,0.3725,1.828,10.013649106168469
chr15_mat_hsa14,20296463,active,0.3715,1.8,9.928105433049835
chr15_mat_hsa14,20300463,active,0.374,1.78,9.792941199790322
chr15_mat_hsa14,20304463,active,0.376,1.78,9.815915729281375
chr15_mat_hsa14,20308463,active,0.3755,1.752,9.806011094754945
chr15_mat_hsa14,20312463,active,0.3765,1.86,9.974827892674645
chr15_mat_hsa14,20316463,active,0.373,1.9,10.146504363735476
chr15_mat_hsa14,20320463,active,0.3745,1.916,10.138758597078352
chr15_mat_hsa14,20324463,active,0.376,1.88,10.072467974344873
chr15_mat_hsa14,20328463,active,0.3805,1.764,9.779705313764861
chr15_mat_hsa14,20332463,active,0.3745,1.912,10.098395799473577
chr15_mat_hsa14,20336463,active,0.371,1.756,9.812821346256188
chr15_mat_hsa14,20340463,active,0.376,1.784,9.848600034370838
chr15_mat_hsa14,20344463,active,0.375,1.872,10.052579061066346
chr15_mat_hsa14,20348463,active,0.3805,1.756,9.79290154310809
chr15_mat_hsa14,20352463,active,0.3755,1.888,10.08649271649803
chr15_mat_hsa14,20356463,active,0.379,1.776,9.777220489983712
chr15_mat_hsa14,20360463,active,0.374,1.748,9.761203606771103
chr15_mat_hsa14,20364463,active,0.373,1.768,9.821634277960682
chr15_mat_hsa14,20368463,active,0.3735,1.864,10.059705843155998
chr15_mat_hsa14,20372463,active,0.371,1.876,10.107805646321546
chr15_mat_hsa14,20376463,active,0.3695,1.812,9.998055085206664
chr15_mat_hsa14,20380463,active,0.3715,1.788,9.95250536367782
chr15_mat_hsa14,20384463,active,0.383,1.804,9.789242513684718
chr15_mat_hsa14,20388463,active,0.3735,1.904,10.125599570710596
chr15_mat_hsa14,20392463,active,0.373,1.78,9.803206899679694
chr15_mat_hsa14,20396463,active,0.372,1.848,10.04040927668958
chr15_mat_hsa14,20400463,active,0.3705,1.864,10.034586528121169
chr15_mat_hsa14,20404463,active,0.371,1.92,10.125177074358403
chr15_mat_hsa14,20408463,active,0.3695,1.948,10.249446450656212
chr15_mat_hsa14,20412463,active,0.374,1.936,10.113366235003658
chr15_mat_hsa14,20416463,active,0.3685,1.86,10.029940742946344
chr15_mat_hsa14,20420463,active,0.3715,1.88,10.039760825833538
chr15_mat_hsa14,20424463,active,0.3655,1.98,10.35123331595756
chr15_mat_hsa14,20428463,active,0.3745,1.9,10.090791435681037
chr15_mat_hsa14,20432463,active,0.364,1.976,10.235523427868898
chr15_mat_hsa14,20436463,active,0.37,1.868,10.05153435244197
chr15_mat_hsa14,20440463,active,0.371,2.06,10.409409686201313
chr15_mat_hsa14,20444463,active,0.366,1.976,10.264070529126943
chr15_mat_hsa14,20448463,active,0.3695,1.912,10.167710258680318
chr15_mat_hsa14,20472463,inactive,0.361,1.904,10.084104262488617
chr15_mat_hsa14,20476463,inactive,0.363,1.948,10.219732193566989
chr15_mat_hsa14,20480463,inactive,0.365,1.86,10.009678115444471
chr18_mat_hsa16,56897462,inactive,0.36,1.892,10.061928590005143
chr18_mat_hsa16,56901462,inactive,0.396,2.252,10.535735797187126
chr18_mat_hsa16,56905462,inactive,0.356,2.144,10.400012793214685
chr18_mat_hsa16,56909462,inactive,0.36,1.892,10.100625956316222
chr18_mat_hsa16,56913462,inactive,0.366,2.032,10.43751244527829
chr18_mat_hsa16,56917462,inactive,0.3585,2.032,10.350904962476786
chr18_mat_hsa16,57181462,active,0.3775,2.024,10.37213846344865
chr18_mat_hsa16,57185462,active,0.375,1.896,10.175592937108727
chr18_mat_hsa16,57189462,active,0.3805,1.88,10.014788922724502
chr18_mat_hsa16,57193462,active,0.38,1.864,10.079320330518987
chr18_mat_hsa16,57197462,active,0.3755,2.0,10.27569681543449
chr18_mat_hsa16,57201462,active,0.362,1.788,9.900413514889866
chr18_mat_hsa16,57205462,active,0.371,1.868,9.993355422888257
chr18_mat_hsa16,57209462,active,0.3645,1.832,9.955903855237377
chr18_mat_hsa16,57213462,active,0.374,2.352,10.688085160661892
chr18_mat_hsa16,57217462,active,0.403,2.44,10.954532614928395
chr18_mat_hsa16,57221462,active,0.3675,1.868,10.008079431245072
chr18_mat_hsa16,57225462,active,0.376,1.7,9.678279652918622
chr18_mat_hsa16,57229462,active,0.3745,1.692,9.666986332388527
chr18_mat_hsa16,57233462,active,0.3725,1.716,9.732347023779427
chr18_mat_hsa16,57237462,active,0.367,1.792,9.895130004271543
chr18_mat_hsa16,57241462,active,0.3645,1.812,9.949286878890586
chr18_mat_hsa16,57245462,active,0.366,1.624,9.604358903478346
chr18_mat_hsa16,57249462,active,0.365,1.696,9.741503996269977
chr18_mat_hsa16,57253462,active,0.3595,1.668,9.621638426020283
chr18_mat_hsa16,57257462,active,0.363,1.68,9.60319219137624
chr18_mat_hsa16,57261462,active,0.362,1.588,9.449326200601357
chr18_mat_hsa16,57265462,active,0.36,1.628,9.579874639089963
chr18_mat_hsa16,57269462,active,0.363,1.76,9.802694181709194
chr18_mat_hsa16,57273462,active,0.37,1.772,9.856560783875425
chr18_mat_hsa16,57277462,active,0.3715,1.536,9.4280002323035
chr18_mat_hsa16,57281462,active,0.368,1.716,9.744816227473025
chr18_mat_hsa16,57285462,active,0.3695,1.66,9.617542534974914
chr18_mat_hsa16,57289462,active,0.37,1.772,9.790720352191775
chr18_mat_hsa16,57293462,active,0.3695,1.784,9.817913126821656
chr18_mat_hsa16,57297462,active,0.371,1.772,9.788090930374068
chr18_mat_hsa16,57301462,active,0.367,1.74,9.748531785871068
chr18_mat_hsa16,57305462,active,0.3735,1.8,9.900511124445066
chr18_mat_hsa16,57309462,active,0.3665,1.44,9.35397893218192
chr18_mat_hsa16,57313462,active,0.365,1.604,9.54079602581013
chr18_mat_hsa16,57317462,active,0.3685,1.696,9.651718980861803
chr18_mat_hsa16,57321462,active,0.374,1.544,9.352328280929862
chr18_mat_hsa16,57325462,active,0.372,1.628,9.50347074462113
chr18_mat_hsa16,57329462,active,0.3695,1.708,9.737633677599606
chr18_mat_hsa16,57333462,active,0.37,1.628,9.619592268724952
chr18_mat_hsa16,57337462,active,0.3725,1.7,9.775701028929692
chr18_mat_hsa16,57341462,active,0.3645,1.7,9.728454043826076
chr18_mat_hsa16,57345462,active,0.37,1.648,9.625531805145242
chr18_mat_hsa16,57349462,active,0.37,1.556,9.532566813197361
chr18_mat_hsa16,57353462,active,0.3725,1.592,9.617787804362774
chr18_mat_hsa16,57357462,active,0.3745,1.648,9.706623300060965
chr18_mat_hsa16,57361462,active,0.3705,1.68,9.65196931898114
chr18_mat_hsa16,57365462,active,0.373,1.708,9.687187225812844
chr18_mat_hsa16,57369462,active,0.37,1.696,9.697497162148387
chr18_mat_hsa16,57373462,active,0.3685,1.672,9.671188638790879
chr18_mat_hsa16,57377462,active,0.3745,1.728,9.78496708106037
chr18_mat_hsa16,57381462,active,0.374,1.704,9.738588929676013
chr18_mat_hsa16,57385462,active,0.367,1.732,9.792339710599139
chr18_mat_hsa16,57389462,active,0.367,1.716,9.758906923924311
chr18_mat_hsa16,57393462,active,0.37,1.7,9.712993606087663
chr18_mat_hsa16,57397462,active,0.375,1.568,9.52860187528365
chr18_mat_hsa16,57401462,active,0.3635,1.7,9.780208142174805
chr18_mat_hsa16,57405462,active,0.368,1.716,9.747325118758322
chr18_mat_hsa16,57409462,active,0.3675,1.672,9.675027608224664
chr18_mat_hsa16,57413462,active,0.367,1.64,9.583988298686325
chr18_mat_hsa16,57417462,active,0.3635,1.756,9.863093763039195
chr18_mat_hsa16,57421462,active,0.367,1.8,9.861452160371512
chr18_mat_hsa16,57425462,active,0.372,1.7,9.789651731030666
chr18_mat_hsa16,57429462,active,0.3695,1.712,9.719895143562162
chr18_mat_hsa16,57433462,active,0.3705,1.812,9.840485560790844
chr18_mat_hsa16,57437462,active,0.364,1.712,9.651719669819371
chr18_mat_hsa16,57441462,active,0.3685,1.772,9.858441277759617
chr18_mat_hsa16,57445462,active,0.371,1.444,9.148274990586945
chr18_mat_hsa16,57449462,active,0.373,1.784,9.846014256294136
chr18_mat_hsa16,57453462,active,0.3675,1.76,9.859484175803983
chr18_mat_hsa16,57457462,active,0.361,1.776,9.856440685364554
chr18_mat_hsa16,57461462,active,0.3705,1.512,9.23809519631889
chr18_mat_hsa16,57465462,active,0.3705,1.728,9.74236221028994
chr18_mat_hsa16,57469462,active,0.373,1.656,9.67639595814623
chr18_mat_hsa16,57473462,active,0.371,1.7,9.783018739026547
chr18_mat_hsa16,57477462,active,0.371,1.708,9.755257807666565
chr18_mat_hsa16,57481462,active,0.375,1.748,9.769420403046173
chr18_mat_hsa16,57485462,active,0.3725,1.78,9.863914423675102
chr18_mat_hsa16,57489462,active,0.368,1.712,9.739049564742455
chr18_mat_hsa16,57493462,active,0.3695,1.66,9.6329341652196
chr18_mat_hsa16,57497462,active,0.3665,1.74,9.83414865923836
chr18_mat_hsa16,57501462,active,0.3705,1.812,9.873900735053748
chr18_mat_hsa16,57505462,active,0.369,1.788,9.835777712932494
chr18_mat_hsa16,57509462,active,0.366,1.728,9.803626062723998
chr18_mat_hsa16,57513462,active,0.3705,1.812,9.904172274209328
chr18_mat_hsa16,57517462,active,0.3675,1.716,9.765704605351793
chr18_mat_hsa16,57521462,active,0.369,1.78,9.847946300534728
chr18_mat_hsa16,57525462,active,0.3685,1.692,9.700346278997076
chr18_mat_hsa16,57529462,active,0.365,1.704,9.729815705075376
chr18_mat_hsa16,57533462,active,0.3655,1.696,9.69349433914331
chr18_mat_hsa16,57537462,active,0.3745,1.84,9.950580030974528
chr18_mat_hsa16,57541462,active,0.365,1.732,9.81612980475498
chr18_mat_hsa16,57545462,active,0.3685,1.756,9.843189117047647
chr18_mat_hsa16,57549462,active,0.371,1.852,10.002733499309242
chr18_mat_hsa16,57553462,active,0.3715,1.788,9.925314101616847
chr18_mat_hsa16,57557462,active,0.3705,1.74,9.83507340064608
chr18_mat_hsa16,57561462,active,0.3985,2.072,10.354858260339338
chr18_mat_hsa16,57565462,active,0.3845,2.396,10.952522564677139
chr18_mat_hsa16,57569462,active,0.3725,1.86,10.028080147723687
chr18_mat_hsa16,57573462,active,0.377,1.812,9.969005205960277
chr18_mat_hsa16,57577462,active,0.375,1.716,9.822719584722456
chr18_mat_hsa16,57581462,active,0.3725,1.7,9.678518588100372
chr18_mat_hsa16,57585462,active,0.377,1.64,9.668891985265468
chr18_mat_hsa16,57589462,active,0.368,1.708,9.70033787236692
chr18_mat_hsa16,57593462,active,0.3705,1.716,9.761879120630477
chr18_mat_hsa16,57597462,active,0.3725,1.68,9.657231093541442
chr18_mat_hsa16,57601462,active,0.372,1.74,9.790696052656124
chr18_mat_hsa16,57605462,active,0.37,1.72,9.760235430154706
chr18_mat_hsa16,57609462,active,0.369,1.764,9.828351267147903
chr18_mat_hsa16,57613462,active,0.3765,1.7,9.691950655791688
chr18_mat_hsa16,57617462,active,0.3705,1.752,9.788977014774284
chr18_mat_hsa16,57621462,active,0.371,1.636,9.585516079248418
chr18_mat_hsa16,57625462,active,0.3785,1.696,9.66552904057754
chr18_mat_hsa16,57629462,active,0.375,1.7,9.656394783146853
chr18_mat_hsa16,57633462,active,0.37,1.712,9.680009959236694
chr18_mat_hsa16,57637462,active,0.3695,1.724,9.682949937619057
chr18_mat_hsa16,57641462,active,0.374,1.604,9.597802162086408
chr18_mat_hsa16,57645462,active,0.376,1.66,9.670104007688645
chr18_mat_hsa16,57649462,active,0.373,1.628,9.613332122775597
chr18_mat_hsa16,57653462,active,0.374,1.644,9.658366632829642
chr18_mat_hsa16,57657462,active,0.3755,1.712,9.699209609696267
chr18_mat_hsa16,57661462,active,0.3665,1.628,9.542665638257033
chr18_mat_hsa16,57665462,active,0.372,1.628,9.608083523166911
chr18_mat_hsa16,57669462,active,0.372,1.588,9.523227216121452
chr18_mat_hsa16,57673462,active,0.372,1.608,9.624255144388217
chr18_mat_hsa16,57677462,active,0.3715,1.56,9.488582454940246
chr18_mat_hsa16,57681462,active,0.3755,1.604,9.548277683865066
chr18_mat_hsa16,57685462,active,0.373,1.624,9.600746392583057
chr18_mat_hsa16,57689462,active,0.375,1.608,9.55124605370493
chr18_mat_hsa16,57693462,active,0.374,1.62,9.582651123127253
chr18_mat_hsa16,57697462,active,0.372,1.648,9.648721219145376
chr18_mat_hsa16,57701462,active,0.3745,1.608,9.614646019040785
chr18_mat_hsa16,57705462,active,0.3775,1.696,9.701164929063017
chr18_mat_hsa16,57709462,active,0.371,1.712,9.701851297543161
chr18_mat_hsa16,57713462,active,0.3665,1.8,9.99317518930941
chr18_mat_hsa16,57717462,active,0.372,1.86,9.930329990478993
chr18_mat_hsa16,57721462,active,0.3885,2.0,10.277554879712232
chr18_mat_hsa16,57725462,active,0.38,1.912,10.06441862524451
chr18_mat_hsa16,57729462,active,0.383,1.804,9.90281462288376
chr18_mat_hsa16,57733462,active,0.38,1.924,10.105288831023167
chr18_mat_hsa16,57737462,active,0.3825,1.764,9.829728444779915
chr18_mat_hsa16,57741462,active,0.3855,1.66,9.63835323555005
chr18_mat_hsa16,57745462,active,0.3825,1.828,9.937024773654935
chr18_mat_hsa16,57749462,active,0.385,1.868,10.001983251849271
chr18_mat_hsa16,57753462,active,0.3785,1.832,9.978255380569447
chr18_mat_hsa16,57757462,active,0.3785,1.824,9.975246180877866
chr18_mat_hsa16,57761462,active,0.3815,1.92,10.141090782091403
chr18_mat_hsa16,57765462,active,0.385,1.904,10.047871579106683
chr18_mat_hsa16,57769462,active,0.376,1.828,10.02601095273273
chr18_mat_hsa16,57773462,active,0.3785,1.904,10.052267104525697
chr18_mat_hsa16,57777462,active,0.379,1.92,10.110680316426789
chr18_mat_hsa16,57781462,active,0.387,1.904,10.046238415601973
chr18_mat_hsa16,57785462,active,0.3825,1.872,10.051778608852784
chr18_mat_hsa16,57789462,active,0.3815,1.84,10.011454115871054
chr18_mat_hsa16,57793462,active,0.3825,1.84,10.008216286878529
chr18_mat_hsa16,57797462,active,0.3795,1.904,10.012958523823094
chr18_mat_hsa16,57801462,active,0.381,1.928,10.113585625990092
chr18_mat_hsa16,57805462,active,0.3855,1.88,10.003684481382543
chr18_mat_hsa16,57809462,active,0.3855,1.848,9.977495320787062
chr18_mat_hsa16,57813462,active,0.381,1.848,9.997644107702314
chr18_mat_hsa16,57817462,active,0.3825,1.84,10.006157348895277
chr18_mat_hsa16,57821462,active,0.377,1.804,9.960611652674165
chr18_mat_hsa16,57825462,active,0.369,1.908,10.160688423661247
chr18_mat_hsa16,57829462,active,0.3725,1.828,9.955576631769226
chr18_mat_hsa16,57833462,active,0.3725,1.892,10.050085836371313
chr18_mat_hsa16,57837462,active,0.4585,2.3,10.618749314147065
chr18_mat_hsa16,57841462,active,0.386,2.4,10.950512514425881
chr18_mat_hsa16,57845462,active,0.375,1.844,10.012494250447764
chr18_mat_hsa16,57849462,active,0.3745,1.82,9.920013120775835
chr18_mat_hsa16,57853462,active,0.3725,1.76,9.863839270542783
chr18_mat_hsa16,57857462,active,0.3745,1.648,9.611066580210048
chr18_mat_hsa16,57861462,active,0.3715,1.744,9.789886718142775
chr18_mat_hsa16,57865462,active,0.3635,1.624,9.463475706767795
chr18_mat_hsa16,57869462,active,0.371,1.624,9.576442089305308
chr18_mat_hsa16,57873462,active,0.37,1.612,9.610761534388214
chr18_mat_hsa16,57877462,active,0.373,1.728,9.790085519424176
chr18_mat_hsa16,57881462,active,0.378,1.72,9.760409848946074
chr18_mat_hsa16,57885462,active,0.374,1.712,9.732679597797992
chr18_mat_hsa16,57889462,active,0.38,1.7,9.70582933807821
chr18_mat_hsa16,57893462,active,0.371,1.732,9.723489828812292
chr18_mat_hsa16,57897462,active,0.374,1.672,9.72757235218085
chr18_mat_hsa16,57901462,active,0.372,1.636,9.64617526270333
chr18_mat_hsa16,57905462,active,0.3735,1.652,9.625671640576659
chr18_mat_hsa16,57909462,active,0.369,1.668,9.56076518914839
chr18_mat_hsa16,57913462,active,0.3755,1.652,9.586343045725432
chr18_mat_hsa16,57917462,active,0.373,1.66,9.664792577114666
chr18_mat_hsa16,57921462,active,0.373,1.636,9.54318197915228
chr18_mat_hsa16,57925462,active,0.376,1.78,9.851887852742955
chr18_mat_hsa16,57929462,active,0.3675,1.676,9.705358314176522
chr18_mat_hsa16,57933462,active,0.3725,1.744,9.788496786639385
chr18_mat_hsa16,57937462,active,0.367,1.804,9.987772350966704
chr18_mat_hsa16,57941462,active,0.372,1.88,10.032345955034579
chr18_mat_hsa16,57945462,active,0.375,1.748,9.778045253165498
chr18_mat_hsa16,57949462,active,0.3645,1.728,9.844418872061604
chr18_mat_hsa16,57953462,active,0.3725,1.888,9.987670001455083
chr18_mat_hsa16,57957462,active,0.374,1.74,9.761337710369359
chr18_mat_hsa16,57961462,active,0.371,1.88,10.001777556189333
chr18_mat_hsa16,57965462,active,0.3735,1.748,9.770207138832944
chr18_mat_hsa16,57969462,active,0.374,1.704,9.728073878953206
chr18_mat_hsa16,57973462,active,0.375,1.664,9.674773622445764
chr18_mat_hsa16,57977462,active,0.3695,1.82,9.936778069253522
chr18_mat_hsa16,57981462,active,0.374,1.952,10.132382177935822
chr18_mat_hsa16,57985462,active,0.374,1.824,9.925312556832417
chr18_mat_hsa16,57989462,active,0.37,1.604,9.604840399761795
chr18_mat_hsa16,57993462,active,0.3675,1.848,10.026311230233144
chr18_mat_hsa16,57997462,active,0.3705,1.888,9.996265417818623
chr18_mat_hsa16,58001462,active,0.3735,1.648,9.661849210835065
chr18_mat_hsa16,58005462,active,0.3705,1.788,9.90935144503805
chr18_mat_hsa16,58009462,active,0.367,1.868,10.002560459393601
chr18_mat_hsa16,58013462,active,0.3765,1.7,9.734773971925666
chr18_mat_hsa16,58017462,active,0.3645,1.608,9.57884586637999
chr18_mat_hsa16,58021462,active,0.376,1.72,9.728710483311739
chr18_mat_hsa16,58025462,active,0.3765,1.704,9.759633884825632
chr18_mat_hsa16,58029462,active,0.373,1.68,9.65448647336167
chr18_mat_hsa16,58033462,active,0.3695,1.592,9.508978324328192
chr18_mat_hsa16,58037462,active,0.376,1.708,9.738809235301034
chr18_mat_hsa16,58041462,active,0.374,1.716,9.721253088308245
chr18_mat_hsa16,58045462,active,0.3785,1.708,9.727825718438012
chr18_mat_hsa16,58049462,active,0.3695,1.616,9.597867292282219
chr18_mat_hsa16,58053462,active,0.3685,1.808,9.959721283944202
chr18_mat_hsa16,58057462,active,0.3705,1.896,10.076363568197515
chr18_mat_hsa16,58061462,active,0.371,1.852,9.993462020346383
chr18_mat_hsa16,58065462,active,0.3765,1.88,10.053987460385422
chr18_mat_hsa16,58069462,active,0.3755,1.684,9.654917564901524
chr18_mat_hsa16,58073462,active,0.3745,1.72,9.728145095448374
chr18_mat_hsa16,58077462,active,0.3755,1.72,9.73048046420089
chr18_mat_hsa16,58081462,active,0.376,1.732,9.725201340621274
chr18_mat_hsa16,58085462,active,0.3695,1.78,9.863668543693215
chr18_mat_hsa16,58089462,active,0.373,1.712,9.745103529694614
chr18_mat_hsa16,58093462,active,0.371,1.688,9.681877179830852
chr18_mat_hsa16,58097462,active,0.3745,1.824,10.008678162684854
chr18_mat_hsa16,58101462,active,0.368,1.648,9.647842764872646
chr18_mat_hsa16,58105462,active,0.368,1.692,9.6653399907208
chr18_mat_hsa16,58109462,active,0.3665,1.636,9.596620840975346
chr18_mat_hsa16,58113462,active,0.3715,1.752,9.790441069284224
chr18_mat_hsa16,58117462,active,0.3735,1.736,9.764709050254941
chr18_mat_hsa16,58121462,active,0.3735,1.74,9.789137428478252
chr18_mat_hsa16,58125462,active,0.3745,1.736,9.780376664180615
chr18_mat_hsa16,58129462,active,0.3755,1.7,9.715492645570196
chr18_mat_hsa16,58133462,active,0.3745,1.628,9.588049513533441
chr18_mat_hsa16,58137462,active,0.3745,1.716,9.772320668608463
chr18_mat_hsa16,58141462,active,0.377,1.64,9.620816663736791
chr18_mat_hsa16,58145462,active,0.373,1.652,9.686078360980487
chr18_mat_hsa16,58149462,active,0.378,1.684,9.678797150642996
chr18_mat_hsa16,58153462,active,0.371,1.636,9.594895949316928
chr18_mat_hsa16,58157462,active,0.373,1.748,9.831213145132802
chr18_mat_hsa16,58161462,active,0.377,1.632,9.63144662987722
chr18_mat_hsa16,58165462,active,0.371,1.668,9.657288580628807
chr18_mat_hsa16,58169462,active,0.371,1.692,9.665337232969351
chr18_mat_hsa16,58173462,active,0.37,1.656,9.666702697479826
chr18_mat_hsa16,58177462,active,0.373,1.836,9.942686908529424
chr18_mat_hsa16,58181462,active,0.3755,1.792,9.860277162842525
chr18_mat_hsa16,58185462,active,0.3685,1.72,9.76940100365933
chr18_mat_hsa16,58189462,active,0.374,1.66,9.686161256515925
chr18_mat_hsa16,58193462,active,0.3735,1.652,9.645437608922261
chr18_mat_hsa16,58197462,active,0.3725,1.744,9.78824589518929
chr18_mat_hsa16,58201462,active,0.3775,1.748,9.765362712569235
chr18_mat_hsa16,58205462,active,0.371,1.712,9.719037910688746
chr18_mat_hsa16,58209462,active,0.3735,1.84,9.95728450526947
chr18_mat_hsa16,58213462,active,0.369,1.664,9.681416184581872
chr18_mat_hsa16,58217462,active,0.3715,1.736,9.784819455309089
chr18_mat_hsa16,58221462,active,0.3765,1.86,9.979035088601753
chr18_mat_hsa16,58225462,active,0.3655,1.756,9.83348576587439
chr18_mat_hsa16,58229462,active,0.3685,1.884,10.023614064320304
chr18_mat_hsa16,58233462,active,0.3705,1.632,9.602699780166411
chr18_mat_hsa16,58237462,active,0.379,1.7,9.684697777562434
chr18_mat_hsa16,58241462,active,0.376,1.708,9.737910060452123
chr18_mat_hsa16,58245462,active,0.371,1.712,9.769709465743349
chr18_mat_hsa16,58249462,active,0.3735,1.832,10.015889684971244
chr18_mat_hsa16,58253462,active,0.3705,1.9,10.097395431349957
chr18_mat_hsa16,58257462,active,0.3745,1.924,10.146206096805075
chr18_mat_hsa16,58261462,active,0.385,1.96,10.134532446449741
chr18_mat_hsa16,58265462,active,0.381,1.864,9.976213365617486
chr18_mat_hsa16,58269462,active,0.381,1.804,9.86822019742914
chr18_mat_hsa16,58273462,active,0.382,1.856,9.99446277546893
chr18_mat_hsa16,58277462,active,0.382,1.892,10.02986879070223
chr18_mat_hsa16,58281462,active,0.3815,1.848,9.953872617668049
chr18_mat_hsa16,58285462,active,0.3815,1.88,10.041698923840682
chr18_mat_hsa16,58289462,active,0.388,1.92,10.035163490970154
chr18_mat_hsa16,58293462,active,0.3835,1.88,10.039740436118459
chr18_mat_hsa16,58297462,active,0.383,1.928,10.086493436862932
chr18_mat_hsa16,58301462,active,0.38,1.928,10.144533642516798
chr18_mat_hsa16,58305462,active,0.385,1.892,9.973357575480431
chr18_mat_hsa16,58309462,active,0.3825,1.824,9.972306940749169
chr18_mat_hsa16,58313462,active,0.3825,1.848,9.97203565958401
chr18_mat_hsa16,58317462,active,0.3825,1.832,9.961422610758554
chr18_mat_hsa16,58321462,active,0.382,1.836,9.973443970232479
chr18_mat_hsa16,58325462,active,0.3785,1.884,10.064357586970438
chr18_mat_hsa16,58329462,active,0.376,1.688,9.739057899850826
chr18_mat_hsa16,58333462,active,0.3745,1.712,9.71903223499346
chr18_mat_hsa16,58337462,active,0.37,1.66,9.69840339156826
chr18_mat_hsa16,58341462,active,0.3665,1.684,9.6980141501219
chr18_mat_hsa16,58345462,active,0.3765,1.736,9.739467903367279
chr18_mat_hsa16,58349462,active,0.3765,1.724,9.717625740641264
chr18_mat_hsa16,58353462,active,0.3685,1.708,9.685753618035669
chr18_mat_hsa16,58357462,active,0.3655,1.66,9.673583767044878
chr18_mat_hsa16,58361462,active,0.3735,1.688,9.700723138927104
chr18_mat_hsa16,58365462,active,0.374,1.72,9.777078262699611
chr18_mat_hsa16,58369462,active,0.3745,1.78,9.836871890561568
chr18_mat_hsa16,58373462,active,0.375,1.788,9.885220989971183
chr18_mat_hsa16,58377462,active,0.371,1.792,9.828235245914835
chr18_mat_hsa16,58381462,active,0.369,1.724,9.733394817804928
chr18_mat_hsa16,58385462,active,0.379,1.644,9.63433364324985
chr18_mat_hsa16,58389462,active,0.374,1.716,9.728011157758795
chr18_mat_hsa16,58393462,active,0.374,1.796,9.822869116989178
chr18_mat_hsa16,58397462,active,0.372,1.868,10.0212790768505
chr18_mat_hsa16,58401462,active,0.3745,1.86,10.016134101574536
chr18_mat_hsa16,58405462,active,0.3785,1.884,10.073529496229657
chr18_mat_hsa16,58409462,active,0.3855,1.956,10.178725851563451
chr18_mat_hsa16,58413462,active,0.382,1.864,9.987225486100543
chr18_mat_hsa16,58417462,active,0.384,1.84,9.911204615099212
chr18_mat_hsa16,58421462,active,0.3875,1.912,10.031165519240858
chr18_mat_hsa16,58425462,active,0.382,1.888,10.063652999537677
chr18_mat_hsa16,58429462,active,0.38,1.924,10.122191819736267
chr18_mat_hsa16,58433462,active,0.3815,1.86,10.008157696595006
chr18_mat_hsa16,58437462,active,0.378,1.908,10.085236031640656
chr18_mat_hsa16,58441462,active,0.381,1.916,10.072031782666162
chr18_mat_hsa16,58445462,active,0.3865,1.916,10.015623028275357
chr18_mat_hsa16,58449462,active,0.38,1.82,9.959070423029393
chr18_mat_hsa16,58453462,active,0.3805,1.908,10.090688974850057
chr18_mat_hsa16,58457462,active,0.383,1.82,9.952688986702348
chr18_mat_hsa16,58461462,active,0.3805,1.828,10.002567957101427
chr18_mat_hsa16,58465462,active,0.3795,1.896,10.068914600924506
chr18_mat_hsa16,58469462,active,0.3795,1.908,10.116384145370038
chr18_mat_hsa16,58473462,active,0.389,1.912,10.026650249777171
chr18_mat_hsa16,58477462,active,0.3865,1.872,10.041241067625837
chr18_mat_hsa16,58481462,active,0.3815,1.828,10.006265541559433
chr18_mat_hsa16,58485462,active,0.381,1.832,9.978196435819731
chr18_mat_hsa16,58489462,active,0.385,1.9,10.015411439041324
chr18_mat_hsa16,58493462,active,0.3825,1.864,10.001346298740753
chr18_mat_hsa16,58497462,active,0.382,1.828,9.976184923738414
chr18_mat_hsa16,58501462,active,0.376,1.848,10.024096695740438
chr18_mat_hsa16,58505462,active,0.3775,1.84,9.985012524757304
chr18_mat_hsa16,58509462,active,0.379,1.916,10.059352464058408
chr18_mat_hsa16,58513462,active,0.383,1.928,10.093987210422352
chr18_mat_hsa16,58517462,active,0.388,1.932,10.034666228484614
chr18_mat_hsa16,58521462,active,0.383,1.892,10.049443975849167
chr18_mat_hsa16,58525462,active,0.384,1.844,10.005987947288421
chr18_mat_hsa16,58529462,active,0.381,1.856,10.01944424299362
chr18_mat_hsa16,58533462,active,0.38,1.908,10.054305596655995
chr18_mat_hsa16,58537462,active,0.3815,1.92,10.128359900954585
chr18_mat_hsa16,58541462,active,0.3855,1.9,10.018780885392573
chr18_mat_hsa16,58545462,active,0.3835,1.876,9.97651198701408
chr18_mat_hsa16,58549462,active,0.382,1.86,9.974605389470572
chr18_mat_hsa16,58553462,active,0.3785,1.856,10.038529187693234
chr18_mat_hsa16,58557462,active,0.38,1.908,10.070324927859224
chr18_mat_hsa16,58561462,active,0.3835,1.916,10.096799457661575
chr18_mat_hsa16,58565462,active,0.3795,1.844,10.034382049595926
chr18_mat_hsa16,58569462,active,0.388,1.904,10.002193822390037
chr18_mat_hsa16,58573462,active,0.3805,1.852,10.014987918279646
chr18_mat_hsa16,58577462,active,0.379,1.856,10.027163306829857
chr18_mat_hsa16,58581462,active,0.3815,1.928,10.127126086335585
chr18_mat_hsa16,58585462,active,0.3815,1.824,9.97918848026749
chr18_mat_hsa16,58589462,active,0.3775,1.852,10.03543129973525
chr18_mat_hsa16,58593462,active,0.3785,1.932,10.112742643855757
chr18_mat_hsa16,58597462,active,0.381,1.908,10.070486365972663
chr18_mat_hsa16,58601462,active,0.387,1.92,10.057210879402785
chr18_mat_hsa16,58605462,active,0.383,1.872,10.044822412971964
chr18_mat_hsa16,58609462,active,0.381,1.956,10.15232253825625
chr18_mat_hsa16,58613462,active,0.368,1.644,9.626023944843123
chr18_mat_hsa16,58617462,active,0.371,1.6,9.56398918372218
chr18_mat_hsa16,58621462,active,0.3745,1.668,9.678926647660841
chr18_mat_hsa16,58625462,active,0.3765,1.696,9.73336822475487
chr18_mat_hsa16,58629462,active,0.375,1.7,9.739702208363493
chr18_mat_hsa16,58633462,active,0.3685,1.628,9.594385811756652
chr18_mat_hsa16,58637462,active,0.372,1.728,9.721070068612988
chr18_mat_hsa16,58641462,active,0.3765,1.708,9.718588634277578
chr18_mat_hsa16,58645462,active,0.3745,1.656,9.652989229751512
chr18_mat_hsa16,58649462,active,0.37,1.584,9.566592593762577
chr18_mat_hsa16,58653462,active,0.374,1.648,9.616512534654074
chr18_mat_hsa16,58657462,active,0.3755,1.72,9.733891061597207
chr18_mat_hsa16,58661462,active,0.374,1.604,9.570536307065499
chr18_mat_hsa16,58665462,active,0.3755,1.628,9.57905207348719
chr18_mat_hsa16,58669462,active,0.367,1.632,9.596505022943683
chr18_mat_hsa16,58673462,active,0.3765,1.7,9.708581317829877
chr18_mat_hsa16,58677462,active,0.3785,1.7,9.688809534696805
chr18_mat_hsa16,58681462,active,0.374,1.66,9.658029706809936
chr18_mat_hsa16,58685462,active,0.366,1.604,9.565903003293958
chr18_mat_hsa16,58689462,active,0.3675,1.696,9.718830094687977
chr18_mat_hsa16,58693462,active,0.3685,1.612,9.591037425063758
chr18_mat_hsa16,58697462,active,0.3745,1.768,9.763099650527021
chr18_mat_hsa16,58701462,active,0.376,1.672,9.680095753164265
chr18_mat_hsa16,58705462,active,0.3715,1.668,9.657270742958914
chr18_mat_hsa16,58709462,active,0.3705,1.6,9.561839354177382
chr18_mat_hsa16,58713462,active,0.373,1.628,9.582134953856947
chr18_mat_hsa16,58717462,active,0.378,1.72,9.721751940283536
chr18_mat_hsa16,58721462,active,0.3715,1.608,9.56930373222999
chr18_mat_hsa16,58725462,active,0.3705,1.628,9.604983016549731
chr18_mat_hsa16,58729462,active,0.3745,1.708,9.715845587247259
chr18_mat_hsa16,58733462,active,0.3675,1.584,9.549025088114442
chr18_mat_hsa16,58737462,active,0.372,1.672,9.683901429443212
chr18_mat_hsa16,58741462,active,0.378,1.72,9.711703428085428
chr18_mat_hsa16,58745462,active,0.371,1.656,9.63449854804713
chr18_mat_hsa16,58749462,active,0.37,1.62,9.625688314744837
chr18_mat_hsa16,58753462,active,0.3725,1.724,9.762010711172694
chr18_mat_hsa16,58757462,active,0.375,1.684,9.709932694298626
chr18_mat_hsa16,58761462,active,0.3705,1.628,9.595524220115662
chr18_mat_hsa16,58765462,active,0.375,1.624,9.609443029037758
chr18_mat_hsa16,58769462,active,0.3685,1.572,9.519099824612418
chr18_mat_hsa16,58773462,active,0.3705,1.68,9.65485426815072
chr18_mat_hsa16,58777462,active,0.374,1.696,9.674377834630729
chr18_mat_hsa16,58781462,active,0.369,1.62,9.593976494523826
chr18_mat_hsa16,58785462,active,0.369,1.728,9.778779983286435
chr18_mat_hsa16,58789462,active,0.376,1.696,9.704641221735436
chr18_mat_hsa16,58793462,active,0.368,1.624,9.596153105676173
chr18_mat_hsa16,58797462,active,0.37,1.736,9.753061022173123
chr18_mat_hsa16,58801462,active,0.3755,1.708,9.692556697930332
chr18_mat_hsa16,58805462,active,0.372,1.596,9.558349499554359
chr18_mat_hsa16,58809462,active,0.373,1.76,9.790381332647765
chr18_mat_hsa16,58813462,active,0.374,1.712,9.709000979192544
chr18_mat_hsa16,58817462,active,0.3745,1.736,9.776617294267126
chr18_mat_hsa16,58821462,active,0.3735,1.864,9.977795436546474
chr18_mat_hsa16,58825462,active,0.374,1.84,10.025866050651533
chr18_mat_hsa16,58829462,active,0.374,1.916,10.072983151738404
chr18_mat_hsa16,58833462,active,0.372,1.852,9.928440451318565
chr18_mat_hsa16,58837462,active,0.388,1.96,10.212624787259095
chr18_mat_hsa16,58841462,active,0.383,1.872,9.983347142928846
chr18_mat_hsa16,58845462,active,0.386,1.916,10.094327254375903
chr18_mat_hsa16,58849462,active,0.383,1.892,9.997785233338822
chr18_mat_hsa16,58853462,active,0.3805,1.868,10.02076078723934
chr18_mat_hsa16,58857462,active,0.3815,1.868,10.000366210561356
chr18_mat_hsa16,58861462,active,0.3785,1.848,10.010005594084134
chr18_mat_hsa16,58865462,active,0.3795,1.9,10.055779087921914
chr18_mat_hsa16,58869462,active,0.381,1.94,10.151103797839482
chr18_mat_hsa16,58873462,active,0.3855,1.904,10.00528504277597
chr18_mat_hsa16,58877462,active,0.385,1.864,9.993570351146397
chr18_mat_hsa16,58881462,active,0.3805,1.836,10.016828156319967
chr18_mat_hsa16,58885462,active,0.3865,1.9,10.01014663676629
chr18_mat_hsa16,58889462,active,0.384,1.884,10.02652455852533
chr18_mat_hsa16,58893462,active,0.381,1.884,10.02298452596527
chr18_mat_hsa16,58897462,active,0.38,1.848,10.007329183785082
chr18_mat_hsa16,58901462,active,0.378,1.876,10.04068232372943
chr18_mat_hsa16,58905462,active,0.378,1.948,10.177913154420914
chr18_mat_hsa16,58909462,active,0.3875,1.928,10.030932128883299
chr18_mat_hsa16,58913462,active,0.388,1.876,10.005993977449922
chr18_mat_hsa16,58917462,active,0.383,1.84,9.993300499278554
chr18_mat_hsa16,58921462,active,0.3805,1.852,10.027586904829628
chr18_mat_hsa16,58925462,active,0.377,1.856,9.986036920904738
chr18_mat_hsa16,58929462,active,0.381,1.916,10.119581691702301
chr18_mat_hsa16,58933462,active,0.386,1.912,10.087332836826377
chr18_mat_hsa16,58937462,active,0.3855,1.876,9.975179898612785
chr18_mat_hsa16,58941462,active,0.383,1.868,9.990740194715416
chr18_mat_hsa16,58945462,active,0.379,1.852,9.961572060070875
chr18_mat_hsa16,58949462,active,0.38,1.824,9.968015281853395
chr18_mat_hsa16,58953462,active,0.38,1.824,9.995264308229855
chr18_mat_hsa16,58957462,active,0.3775,1.928,10.101328416735571
chr18_mat_hsa16,58961462,active,0.3805,1.828,9.969718581305948
chr18_mat_hsa16,58965462,active,0.38,1.88,10.041349841562672
chr18_mat_hsa16,58969462,active,0.3835,1.932,10.132943513674942
chr18_mat_hsa16,58973462,active,0.3815,1.812,9.967882285618966
chr18_mat_hsa16,58977462,active,0.3785,1.852,10.023752741966291
chr18_mat_hsa16,58981462,active,0.3795,1.9,10.052151308550624
chr18_mat_hsa16,58985462,active,0.3825,1.82,9.987858552993515
chr18_mat_hsa16,58989462,active,0.383,1.8,9.931612887103734
chr18_mat_hsa16,58993462,active,0.3795,1.856,10.012677817334472
chr18_mat_hsa16,58997462,active,0.3775,1.9,10.086522897435248
chr18_mat_hsa16,59001462,active,0.384,1.924,10.097133188509295
chr18_mat_hsa16,59005462,active,0.3865,1.912,10.014372045929758
chr18_mat_hsa16,59009462,active,0.3845,1.864,9.981282999203641
chr18_mat_hsa16,59013462,active,0.381,1.84,9.991643196430601
chr18_mat_hsa16,59017462,active,0.3815,1.864,10.047152581698768
chr18_mat_hsa16,59021462,active,0.3815,1.908,10.101428042577053
chr18_mat_hsa16,59025462,active,0.384,1.92,10.098657217894711
chr18_mat_hsa16,59029462,active,0.381,1.852,9.984910418392491
chr18_mat_hsa16,59033462,active,0.3795,1.884,10.065290686668485
chr18_mat_hsa16,59037462,active,0.3815,1.856,9.997559644733672
chr18_mat_hsa16,59041462,active,0.378,1.84,9.997414326332198
chr18_mat_hsa16,59045462,active,0.38,1.92,10.149795964268515
chr18_mat_hsa16,59049462,active,0.384,1.92,10.072679569295165
chr18_mat_hsa16,59053462,active,0.379,1.9,10.054414370592824
chr18_mat_hsa16,59057462,active,0.387,1.9,10.007419682631458
chr18_mat_hsa16,59061462,active,0.384,1.864,9.98271754843594
chr18_mat_hsa16,59065462,active,0.381,1.844,10.02129742917907
chr18_mat_hsa16,59069462,active,0.387,1.888,10.012771844718776
chr18_mat_hsa16,59073462,active,0.3775,1.776,9.831165885139583
chr18_mat_hsa16,59077462,active,0.3855,1.904,10.023451994512548
chr18_mat_hsa16,59081462,active,0.384,1.848,10.018309029806561
chr18_mat_hsa16,59085462,active,0.3815,1.828,10.000551206745364
chr18_mat_hsa16,59089462,active,0.383,1.836,10.00416036227626
chr18_mat_hsa16,59093462,active,0.38,1.844,9.973594083771893
chr18_mat_hsa16,59097462,active,0.3805,1.924,10.146451732091606
chr18_mat_hsa16,59101462,active,0.3865,1.912,10.045743606823235
chr18_mat_hsa16,59105462,active,0.386,1.84,9.93485256492529
chr18_mat_hsa16,59109462,active,0.3825,1.856,10.021027771584947
chr18_mat_hsa16,59113462,active,0.3865,1.944,10.092517274510868
chr18_mat_hsa16,59117462,active,0.3855,1.872,10.03289758822216
chr18_mat_hsa16,59121462,active,0.3815,1.888,10.09635904640139
chr18_mat_hsa16,59125462,active,0.382,1.92,10.10565937784737
chr18_mat_hsa16,59129462,active,0.3785,1.912,10.061613432576273
chr18_mat_hsa16,59133462,active,0.386,1.92,10.111011212285002
chr18_mat_hsa16,59137462,active,0.377,1.872,10.063027979092453
chr18_mat_hsa16,59141462,active,0.3845,1.896,10.062942685988038
chr18_mat_hsa16,59145462,active,0.3865,1.9,9.996477754234062
chr18_mat_hsa16,59149462,active,0.3835,1.868,10.000982773954787
chr18_mat_hsa16,59153462,active,0.3825,1.82,9.955313119823737
chr18_mat_hsa16,59157462,active,0.3805,1.8,9.938000282070396
chr18_mat_hsa16,59161462,active,0.3805,1.908,10.074046019966168
chr18_mat_hsa16,59165462,active,0.3835,1.924,10.087911450062926
chr18_mat_hsa16,59169462,active,0.3795,1.832,9.969429385232795
chr18_mat_hsa16,59173462,active,0.379,1.924,10.085831567908455
chr18_mat_hsa16,59177462,active,0.383,1.912,10.085768403577271
chr18_mat_hsa16,59181462,active,0.3835,1.888,9.999392462304307
chr18_mat_hsa16,59185462,active,0.384,1.848,9.962658435947546
chr18_mat_hsa16,59189462,active,0.38,1.812,9.966600020688551
chr18_mat_hsa16,59193462,active,0.3785,1.836,9.971626170726207
chr18_mat_hsa16,59197462,active,0.381,1.904,10.05135787265903
chr18_mat_hsa16,59201462,active,0.383,1.924,10.110250792320134
chr18_mat_hsa16,59205462,active,0.3795,1.86,9.998818977571624
chr18_mat_hsa16,59209462,active,0.3785,1.9,10.05209693784857
chr18_mat_hsa16,59213462,active,0.3855,1.904,10.082463911036987
chr18_mat_hsa16,59217462,active,0.3855,1.876,10.000569425697968
chr18_mat_hsa16,59221462,active,0.3845,1.844,9.959902685467465
chr18_mat_hsa16,59225462,active,0.38,1.828,9.954645020717793
chr18_mat_hsa16,59229462,active,0.3815,1.872,10.025603093162228
chr18_mat_hsa16,59233462,active,0.381,1.848,9.985040934103592
chr18_mat_hsa16,59237462,active,0.382,1.864,10.046945096559076
chr18_mat_hsa16,59241462,active,0.376,1.84,9.999527197596898
chr18_mat_hsa16,59245462,active,0.3795,1.776,9.905586106076887
chr18_mat_hsa16,59249462,active,0.383,1.924,10.119756077960876
chr18_mat_hsa16,59253462,active,0.384,1.908,10.045867759006903
chr18_mat_hsa16,59257462,active,0.384,1.824,10.031943467114774
chr18_mat_hsa16,59261462,active,0.386,1.876,10.035796203396927
chr18_mat_hsa16,59265462,active,0.386,1.812,9.980051000880911
chr18_mat_hsa16,59269462,active,0.386,1.888,10.09377002273113
chr18_mat_hsa16,59273462,active,0.3885,1.86,10.038614403559535
chr18_mat_hsa16,59277462,active,0.381,1.896,10.122303047379944
chr18_mat_hsa16,59281462,active,0.385,1.816,9.959678470021771
chr18_mat_hsa16,59285462,active,0.3875,1.844,9.999576988534978
chr18_mat_hsa16,59289462,active,0.383,1.86,10.078516394472853
chr18_mat_hsa16,59293462,active,0.3865,1.808,9.946693945399694
chr18_mat_hsa16,59297462,active,0.3875,1.816,9.953000505822482
chr18_mat_hsa16,59301462,active,0.39,1.86,10.040858809228602
chr18_mat_hsa16,59305462,active,0.3835,1.812,9.98513507125878
chr18_mat_hsa16,59309462,active,0.381,1.764,9.906604555017193
chr18_mat_hsa16,59313462,active,0.3825,1.832,9.985657553634871
chr18_mat_hsa16,59317462,active,0.3845,1.856,10.02608671074282
chr18_mat_hsa16,59321462,active,0.3865,1.816,9.951261376553925
chr18_mat_hsa16,59325462,active,0.3885,1.804,9.98201332118565
chr18_mat_hsa16,59329462,active,0.38,1.848,10.007574060457694
chr18_mat_hsa16,59333462,active,0.383,1.808,9.96630385299876
chr18_mat_hsa16,59337462,active,0.3815,1.832,10.008303286508333
chr18_mat_hsa16,59341462,active,0.3865,1.848,10.051181088831461
chr18_mat_hsa16,59345462,active,0.387,1.856,10.020707845834613
chr18_mat_hsa16,59349462,active,0.385,1.78,9.931695622446735
chr18_mat_hsa16,59353462,active,0.3865,1.768,9.930440503474014
chr18_mat_hsa16,59357462,active,0.3835,1.816,9.956219156518445
chr18_mat_hsa16,59361462,active,0.388,1.856,10.061215878886543
chr18_mat_hsa16,59365462,active,0.389,1.856,10.013997252707574
chr18_mat_hsa16,59369462,active,0.3855,1.804,9.982123828464404
chr18_mat_hsa16,59373462,active,0.385,1.752,9.89040862282766
chr18_mat_hsa16,59377462,active,0.381,1.952,10.15115188796845
chr18_mat_hsa16,59381462,active,0.385,1.924,10.023035451083736
chr18_mat_hsa16,59385462,active,0.384,1.864,10.006781267692894
chr18_mat_hsa16,59389462,active,0.382,1.824,9.977667259055055
chr18_mat_hsa16,59393462,active,0.378,1.868,10.046074252269847
chr18_mat_hsa16,59397462,active,0.3805,1.824,10.025876771896353
chr18_mat_hsa16,59401462,active,0.3855,1.888,10.068405438308439
chr18_mat_hsa16,59405462,active,0.3905,1.868,10.087033551202707
chr18_mat_hsa16,59409462,active,0.3855,1.892,10.113943552318883
chr18_mat_hsa16,59413462,active,0.388,1.856,10.055235911786118
chr18_mat_hsa16,59417462,active,0.3835,1.828,9.965687239183728
chr18_mat_hsa16,59421462,active,0.387,1.792,9.96675854085817
chr18_mat_hsa16,59425462,active,0.384,1.872,10.042169870504303
chr18_mat_hsa16,59429462,active,0.38,1.908,10.0613056630843
chr18_mat_hsa16,59433462,active,0.378,1.8,9.954412017359187
chr18_mat_hsa16,59437462,active,0.384,1.848,10.061837293555765
chr18_mat_hsa16,59441462,active,0.39,1.904,10.096381612595179
chr18_mat_hsa16,59445462,active,0.3835,1.792,9.968716396886082
chr18_mat_hsa16,59449462,active,0.3885,1.9,10.102300895887746
chr18_mat_hsa16,59453462,active,0.3875,1.836,10.001046679751145
chr18_mat_hsa16,59457462,active,0.386,1.8,9.986511307435636
chr18_mat_hsa16,59461462,active,0.3875,1.892,10.116868123133123
chr18_mat_hsa16,59465462,active,0.3875,1.836,10.023558314742568
chr18_mat_hsa16,59469462,active,0.3855,1.84,10.02421312912607
chr18_mat_hsa16,59473462,active,0.3885,1.828,10.008928915042748
chr18_mat_hsa16,59477462,active,0.3865,1.832,10.036016946442588
chr18_mat_hsa16,59481462,active,0.384,1.88,10.028467611862894
chr18_mat_hsa16,59485462,active,0.3885,1.82,9.94744204319748
chr18_mat_hsa16,59489462,active,0.3825,1.892,10.129420675657965
chr18_mat_hsa16,59493462,active,0.3855,1.852,10.059471460921658
chr18_mat_hsa16,59497462,active,0.3835,1.796,9.95440881647098
chr18_mat_hsa16,59501462,active,0.3885,1.86,10.030081153934198
chr18_mat_hsa16,59505462,active,0.383,1.792,9.89520011340289
chr18_mat_hsa16,59509462,active,0.384,1.888,10.104953444071672
chr18_mat_hsa16,59513462,active,0.3865,1.78,9.939122508863305
chr18_mat_hsa16,59517462,active,0.388,1.844,9.983960118435077
chr18_mat_hsa16,59521462,active,0.3865,1.812,9.986597320904957
chr18_mat_hsa16,59525462,active,0.3795,1.764,9.90416707418362
chr18_mat_hsa16,59529462,active,0.3805,1.808,9.95755862714043
chr18_mat_hsa16,59533462,active,0.384,1.824,9.999626817722122
chr18_mat_hsa16,59537462,active,0.3855,1.836,9.977776664686198
chr18_mat_hsa16,59541462,active,0.384,1.832,10.042079997635952
chr18_mat_hsa16,59545462,active,0.384,1.872,10.047731832345882
chr18_mat_hsa16,59549462,active,0.389,1.864,10.075866305711992
chr18_mat_hsa16,59553462,active,0.384,1.824,9.946939574969983
chr18_mat_hsa16,59557462,active,0.3875,1.784,9.961827114964636
chr18_mat_hsa16,59561462,active,0.382,1.856,10.012421306326935
chr18_mat_hsa16,59565462,active,0.3795,1.928,10.11064520697573
chr18_mat_hsa16,59569462,active,0.378,1.748,9.899065360409603
chr18_mat_hsa16,59573462,active,0.3845,1.848,10.04001028798632
chr18_mat_hsa16,59577462,active,0.3855,1.852,10.035095392408829
chr18_mat_hsa16,59581462,active,0.3825,1.808,10.00404811593937
chr18_mat_hsa16,59585462,active,0.3905,1.884,10.091469834951551
chr18_mat_hsa16,59589462,active,0.388,1.852,10.035156463215662
chr18_mat_hsa16,59593462,active,0.3875,1.776,9.969426710435721
chr18_mat_hsa16,59597462,active,0.386,1.892,10.072215677202562
chr18_mat_hsa16,59601462,active,0.386,1.852,10.058221470452825
chr18_mat_hsa16,59605462,active,0.385,1.8,9.915831144739318
chr18_mat_hsa16,59609462,active,0.388,1.808,9.979920458353298
chr18_mat_hsa16,59613462,active,0.3815,1.892,10.126518948265591
chr18_mat_hsa16,59617462,active,0.384,1.72,9.767317594515436
chr18_mat_hsa16,59621462,active,0.388,1.808,9.967642165835263
chr18_mat_hsa16,59625462,active,0.385,1.816,9.96164572455666
chr18_mat_hsa16,59629462,active,0.387,1.84,10.019320999732349
chr18_mat_hsa16,59633462,active,0.386,1.808,9.964182110866782
chr18_mat_hsa16,59637462,active,0.3855,1.852,10.041272594906008
chr18_mat_hsa16,59641462,active,0.3825,1.788,9.94252778503054
chr18_mat_hsa16,59645462,active,0.3805,1.82,9.963920775399997
chr18_mat_hsa16,59649462,active,0.3825,1.852,10.01225950803101
chr18_mat_hsa16,59653462,active,0.3855,1.824,10.009660976082909
chr18_mat_hsa16,59657462,active,0.3875,1.848,10.030444014493108
chr18_mat_hsa16,59661462,active,0.385,1.816,9.990266130117966
chr18_mat_hsa16,59665462,active,0.384,1.844,10.022595400006034
chr18_mat_hsa16,59669462,active,0.388,1.82,9.987225099101583
chr18_mat_hsa16,59673462,active,0.3895,1.876,10.021520542977166
chr18_mat_hsa16,59677462,active,0.3835,1.812,9.972300273177158
chr18_mat_hsa16,59681462,active,0.3825,1.772,9.910049154500747
chr18_mat_hsa16,59685462,active,0.3815,1.828,9.981574288801168
chr18_mat_hsa16,59689462,active,0.3855,1.864,10.038380292837061
chr18_mat_hsa16,59693462,active,0.388,1.84,9.98039412451927
chr18_mat_hsa16,59697462,active,0.3885,1.812,10.004849925928392
chr18_mat_hsa16,59701462,active,0.38,1.824,9.981689751410297
chr18_mat_hsa16,59705462,active,0.381,1.812,9.962783108506144
chr18_mat_hsa16,59709462,active,0.3815,1.832,10.033503320599932
chr18_mat_hsa16,59713462,active,0.3865,1.86,10.058331706219725
chr18_mat_hsa16,59717462,active,0.3855,1.84,10.033280484029914
chr18_mat_hsa16,59721462,active,0.385,1.812,9.968439130264793
chr18_mat_hsa16,59725462,active,0.384,1.8,9.965894641369047
chr18_mat_hsa16,59729462,active,0.381,1.836,9.99525022590439
chr18_mat_hsa16,59733462,active,0.3845,1.872,10.046293146486473
chr18_mat_hsa16,59737462,active,0.387,1.804,9.956035229449276
chr18_mat_hsa16,59741462,active,0.3885,1.856,10.025394666567387
chr18_mat_hsa16,59745462,active,0.384,1.812,9.981457108234167
chr18_mat_hsa16,59749462,active,0.381,1.764,9.911679864298653
chr18_mat_hsa16,59753462,active,0.382,1.852,10.007458597848569
chr18_mat_hsa16,59757462,active,0.3845,1.848,10.047302745659753
chr18_mat_hsa16,59761462,active,0.386,1.832,9.982650518989459
chr18_mat_hsa16,59765462,active,0.387,1.836,9.997088698070076
chr18_mat_hsa16,59769462,active,0.3815,1.8,9.95525764175784
chr18_mat_hsa16,59773462,active,0.3845,1.78,9.936371388568752
chr18_mat_hsa16,59777462,active,0.386,1.836,9.99773403099225
chr18_mat_hsa16,59781462,active,0.3845,1.828,10.01327613495881
chr18_mat_hsa16,59785462,active,0.384,1.792,9.963045185438093
chr18_mat_hsa16,59789462,active,0.3845,1.776,9.920175462095472
chr18_mat_hsa16,59793462,active,0.3865,1.84,10.018780968346933
chr18_mat_hsa16,59797462,active,0.3905,1.86,10.068827297250072
chr18_mat_hsa16,59801462,active,0.3895,1.86,10.041776170497366
chr18_mat_hsa16,59805462,active,0.385,1.8,9.959425071231848
chr18_mat_hsa16,59809462,active,0.3835,1.76,9.9290960986219
chr18_mat_hsa16,59813462,active,0.3825,1.808,9.942472750101448
chr18_mat_hsa16,59817462,active,0.387,1.852,9.998848184520925
chr18_mat_hsa16,59821462,active,0.3855,1.804,9.957568052463856
chr18_mat_hsa16,59825462,active,0.387,1.808,9.979242413548969
chr18_mat_hsa16,59829462,active,0.3835,1.78,9.918975351235346
chr18_mat_hsa16,59833462,active,0.38,1.764,9.890929809282438
chr18_mat_hsa16,59837462,active,0.386,1.848,9.980349622277501
chr18_mat_hsa16,59841462,active,0.389,1.856,10.028588347784337
chr18_mat_hsa16,59845462,active,0.3905,1.864,10.035104153505218
chr18_mat_hsa16,59849462,active,0.3815,1.792,9.925598203267421
chr18_mat_hsa16,59853462,active,0.3875,1.856,10.024707911088294
chr18_mat_hsa16,59857462,active,0.3875,1.828,9.963018128150992
chr18_mat_hsa16,59861462,active,0.381,1.772,9.9180767292941
chr18_mat_hsa16,59865462,active,0.3845,1.836,9.994331208531824
chr18_mat_hsa16,59869462,active,0.389,1.852,10.059942767767726
chr18_mat_hsa16,59873462,active,0.3865,1.86,10.03929765410582
chr18_mat_hsa16,59877462,active,0.384,1.788,9.948562843197939
chr18_mat_hsa16,59881462,active,0.384,1.764,9.908678782576626
chr18_mat_hsa16,59885462,active,0.3805,1.82,9.964040790956549
chr18_mat_hsa16,59889462,active,0.385,1.868,10.015852177951217
chr18_mat_hsa16,59893462,active,0.389,1.816,9.983185350349164
chr18_mat_hsa16,59897462,active,0.3905,1.864,10.034452873375914
chr18_mat_hsa16,59901462,active,0.383,1.804,9.968831451396024
chr18_mat_hsa16,59905462,active,0.382,1.748,9.881463852674264
chr18_mat_hsa16,59909462,active,0.382,1.82,9.93243931210555
chr18_mat_hsa16,59913462,active,0.386,1.848,10.009260525549587
chr18_mat_hsa16,59917462,active,0.388,1.812,9.954503147899834
chr18_mat_hsa16,59921462,active,0.3855,1.82,9.982327758249658
chr18_mat_hsa16,59925462,active,0.3855,1.82,9.96824398839242
chr18_mat_hsa16,59929462,active,0.387,1.84,10.027560119054376
chr18_mat_hsa16,59933462,active,0.383,1.788,9.948655545339552
chr18_mat_hsa16,59937462,active,0.379,1.764,9.900615439821397
chr18_mat_hsa16,59941462,active,0.3835,1.832,9.978694690182012
chr18_mat_hsa16,59945462,active,0.3865,1.852,10.04595941563875
chr18_mat_hsa16,59949462,active,0.392,1.864,10.007155036505567
chr18_mat_hsa16,59953462,active,0.387,1.824,9.999484396164263
chr18_mat_hsa16,59957462,active,0.384,1.796,9.938898266601077
chr18_mat_hsa16,59961462,active,0.3825,1.792,9.93396436018425
chr18_mat_hsa16,59965462,active,0.3855,1.868,10.025511209723879
chr18_mat_hsa16,59969462,active,0.3895,1.864,10.068127206626883
chr18_mat_hsa16,59973462,active,0.3875,1.904,10.107618252568582
chr18_mat_hsa16,59977462,active,0.381,1.832,9.976290856969491
chr18_mat_hsa16,59981462,active,0.3895,1.84,10.022552625389876
chr18_mat_hsa16,59985462,active,0.382,1.832,9.974603650412421
chr18_mat_hsa16,59989462,active,0.383,1.84,9.984906558993458
chr18_mat_hsa16,59993462,active,0.3865,1.896,10.074887241942085
chr18_mat_hsa16,59997462,active,0.3855,1.792,9.95594473060291
chr18_mat_hsa16,60001462,active,0.385,1.812,9.94810281050435
chr18_mat_hsa16,60005462,active,0.381,1.832,9.968103305892733
chr18_mat_hsa16,60009462,active,0.385,1.876,10.048719740166531
chr18_mat_hsa16,60013462,active,0.387,1.812,9.95300050582248
chr18_mat_hsa16,60017462,active,0.389,1.86,10.01533143463323
chr18_mat_hsa16,60021462,active,0.3835,1.812,9.974245420039068
chr18_mat_hsa16,60025462,active,0.3815,1.768,9.901175866638122
chr18_mat_hsa16,60029462,active,0.382,1.848,9.985762494989189
chr18_mat_hsa16,60033462,active,0.3855,1.852,10.04424837378306
chr18_mat_hsa16,60037462,active,0.387,1.84,9.989437257125557
chr18_mat_hsa16,60041462,active,0.3875,1.832,9.984276383227874
chr18_mat_hsa16,60045462,active,0.38,1.816,9.978454293170218
chr18_mat_hsa16,60049462,active,0.383,1.808,9.936970370420129
chr18_mat_hsa16,60053462,active,0.385,1.844,10.01768224348669
chr18_mat_hsa16,60057462,active,0.3835,1.812,9.99843166790861
chr18_mat_hsa16,60061462,active,0.384,1.812,9.972145169269744
chr18_mat_hsa16,60065462,active,0.3865,1.88,10.078161996681974
chr18_mat_hsa16,60069462,active,0.3895,1.84,10.0134101441702
chr18_mat_hsa16,60073462,active,0.3865,1.84,10.010189128438086
chr18_mat_hsa16,60077462,active,0.3825,1.772,9.912871813223909
chr18_mat_hsa16,60081462,active,0.381,1.812,9.96094491356856
chr18_mat_hsa16,60085462,active,0.382,1.864,10.044100935040719
chr18_mat_hsa16,60089462,active,0.387,1.844,10.05518189555026
chr18_mat_hsa16,60093462,active,0.387,1.864,10.081930104086782
chr18_mat_hsa16,60097462,active,0.3825,1.804,9.970275780417944
chr18_mat_hsa16,60101462,active,0.3865,1.8,9.952524020050978
chr18_mat_hsa16,60105462,active,0.388,1.88,10.094489844558563
chr18_mat_hsa16,60109462,active,0.3885,1.76,9.812692504537798
chr18_mat_hsa16,60113462,active,0.3855,1.872,10.060487650428916
chr18_mat_hsa16,60117462,active,0.385,1.764,9.881801055922034
chr18_mat_hsa16,60121462,active,0.3865,1.884,10.095576497663318
chr18_mat_hsa16,60125462,active,0.3865,1.792,9.958568890540791
chr18_mat_hsa16,60129462,active,0.388,1.848,10.086568834690585
chr18_mat_hsa16,60133462,active,0.3875,1.844,10.025235708977217
chr18_mat_hsa16,60137462,active,0.384,1.78,9.96363091509976
chr18_mat_hsa16,60141462,active,0.3825,1.816,9.988930956315542
chr18_mat_hsa16,60145462,active,0.3865,1.884,10.046003673185197
chr18_mat_hsa16,60149462,active,0.3825,1.824,10.001876931619242
chr18_mat_hsa16,60153462,active,0.3885,1.88,10.042066385263777
chr18_mat_hsa16,60157462,active,0.386,1.832,10.008787157711943
chr18_mat_hsa16,60161462,active,0.389,1.904,10.1158823917912
chr18_mat_hsa16,60165462,active,0.3875,1.836,10.01439580399028
chr18_mat_hsa16,60169462,active,0.384,1.78,9.888328823627527
chr18_mat_hsa16,60173462,active,0.3735,1.844,10.03311651497155
chr18_mat_hsa16,60177462,active,0.3805,1.944,10.138896777954493
chr18_mat_hsa16,60181462,active,0.3845,1.884,10.0191473281224
chr18_mat_hsa16,60185462,active,0.3445,2.384,10.764386351152895
chr18_mat_hsa16,60189462,active,0.376,2.288,10.74969488876954
chr18_mat_hsa16,60193462,active,0.3825,1.928,10.172322750700292
chr18_mat_hsa16,60197462,active,0.376,1.956,10.220986813265064
chr18_mat_hsa16,60205462,inactive,0.3635,1.728,9.788578042411322
chr18_mat_hsa16,60209462,inactive,0.3595,1.94,10.102609330563084
chr18_mat_hsa16,60529462,inactive,0.356,1.86,10.039403564688113
chr18_mat_hsa16,60533462,inactive,0.359,1.812,9.95417101642589
chr21_mat_hsa20,27157567,inactive,0.373,1.94,10.162662068540051
chr21_mat_hsa20,27161567,inactive,0.372,1.82,9.986658690996427
chr21_mat_hsa20,27165567,inactive,0.3545,1.872,10.030689802597198
chr21_mat_hsa20,27201567,inactive,0.361,1.844,10.035014978352999
chr21_mat_hsa20,27205567,inactive,0.357,2.12,10.364931355017484
chr21_mat_hsa20,27209567,inactive,0.357,1.912,10.072453205143557
chr21_mat_hsa20,27213567,inactive,0.3785,2.416,10.95151753955151
chr21_mat_hsa20,27669567,active,0.3725,1.86,10.098492390335524
chr21_mat_hsa20,27673567,active,0.3665,1.924,10.188647326166793
chr21_mat_hsa20,27677567,active,0.383,2.192,10.494838915404063
chr21_mat_hsa20,27681567,active,0.3705,1.956,10.31245743484128
chr21_mat_hsa20,27685567,active,0.369,1.94,10.256035262352045
chr21_mat_hsa20,27689567,active,0.3705,1.988,10.297271467723764
chr21_mat_hsa20,27693567,active,0.369,1.92,10.193399842175642
chr21_mat_hsa20,27697567,active,0.3725,2.04,10.32020805277418
chr21_mat_hsa20,27701567,active,0.377,1.852,10.033443268486353
chr21_mat_hsa20,27705567,active,0.374,1.964,10.25966899464672
chr21_mat_hsa20,27709567,active,0.3735,1.8,9.961294820266088
chr21_mat_hsa20,27713567,active,0.37,2.0,10.373497614853314
chr21_mat_hsa20,27717567,active,0.3795,1.936,10.241898938089065
chr21_mat_hsa20,27721567,active,0.372,1.86,9.970394943189936
chr21_mat_hsa20,27725567,active,0.3685,1.864,9.989574721804557
chr21_mat_hsa20,27729567,active,0.3715,1.688,9.710214392664014
chr21_mat_hsa20,27733567,active,0.374,1.872,10.011475225950997
chr21_mat_hsa20,27737567,active,0.3785,1.824,9.909750583525705
chr21_mat_hsa20,27741567,active,0.3755,1.68,9.642240207398434
chr21_mat_hsa20,27745567,active,0.373,1.636,9.63194876152738
chr21_mat_hsa20,27749567,active,0.378,1.664,9.673723929169663
chr21_mat_hsa20,27753567,active,0.3705,1.768,9.868104646149359
chr21_mat_hsa20,27757567,active,0.377,1.732,9.798829206214338
chr21_mat_hsa20,27761567,active,0.3725,1.752,9.854677859889605
chr21_mat_hsa20,27765567,active,0.367,1.772,9.806697463235071
chr21_mat_hsa20,27769567,active,0.3765,1.748,9.828800246779243
chr21_mat_hsa20,27773567,active,0.373,1.836,9.9820263018635
chr21_mat_hsa20,27777567,active,0.3735,1.768,9.857684557001312
chr21_mat_hsa20,27781567,active,0.377,1.668,9.656222041559548
chr21_mat_hsa20,27785567,active,0.376,1.568,9.507358086319808
chr21_mat_hsa20,27789567,active,0.3705,1.852,9.970640401135256
chr21_mat_hsa20,27793567,active,0.3745,1.604,9.582007179704842
chr21_mat_hsa20,27797567,active,0.369,1.868,10.03500017566263
chr21_mat_hsa20,27801567,active,0.378,1.596,9.543964212413242
chr21_mat_hsa20,27805567,active,0.3795,1.488,9.449821217062034
chr21_mat_hsa20,27809567,active,0.376,1.612,9.622593976425
chr21_mat_hsa20,27813567,active,0.3765,1.604,9.602712749411797
chr21_mat_hsa20,27817567,active,0.378,1.656,9.598172260057556
chr21_mat_hsa20,27821567,active,0.3775,1.788,9.884153869629218
chr21_mat_hsa20,27825567,active,0.3715,1.736,9.796968133773621
chr21_mat_hsa20,27829567,active,0.364,1.72,9.742084261552757
chr21_mat_hsa20,27833567,active,0.377,1.804,9.927235574921102
chr21_mat_hsa20,27837567,active,0.3775,1.62,9.552295683045253
chr21_mat_hsa20,27841567,active,0.374,1.904,10.087509039381231
chr21_mat_hsa20,27845567,active,0.371,1.752,9.847815392108403
chr21_mat_hsa20,27849567,active,0.3775,1.632,9.652255125608571
chr21_mat_hsa20,27853567,active,0.38,1.768,9.869987592191798
chr21_mat_hsa20,27857567,active,0.377,1.796,9.85160691944785
chr21_mat_hsa20,27861567,active,0.379,1.812,9.901418622969848
chr21_mat_hsa20,27865567,active,0.38,1.84,9.95351394415789
chr21_mat_hsa20,27869567,active,0.374,1.928,10.1022752117601
chr21_mat_hsa20,27873567,active,0.372,1.732,9.823103826873172
chr21_mat_hsa20,27877567,active,0.3725,1.632,9.589847093993296
chr21_mat_hsa20,27881567,active,0.3775,1.808,9.891717614184056
chr21_mat_hsa20,27885567,active,0.3795,1.856,9.974799235421584
chr21_mat_hsa20,27889567,active,0.3745,1.684,9.72075022736555
chr21_mat_hsa20,27893567,active,0.3755,1.52,9.433335551491904
chr21_mat_hsa20,27897567,active,0.3765,1.776,9.84147380518885
chr21_mat_hsa20,27901567,active,0.3715,1.784,9.871296942774379
chr21_mat_hsa20,27905567,active,0.378,1.664,9.68563778797934
chr21_mat_hsa20,27909567,active,0.3735,1.816,9.928501469727923
chr21_mat_hsa20,27913567,active,0.3755,1.584,9.552759760060814
chr21_mat_hsa20,27917567,active,0.377,1.8,9.956310730195918
chr21_mat_hsa20,27921567,active,0.378,1.856,9.961376531199583
chr21_mat_hsa20,27925567,active,0.375,1.94,10.116602407892374
chr21_mat_hsa20,27929567,active,0.378,1.6,9.522889718496831
chr21_mat_hsa20,27933567,active,0.3765,1.584,9.560283021965356
chr21_mat_hsa20,27937567,active,0.376,1.572,9.527230652123489
chr21_mat_hsa20,27941567,active,0.374,1.448,9.282719410832337
chr21_mat_hsa20,27945567,active,0.3795,1.664,9.657999165690262
chr21_mat_hsa20,27949567,active,0.376,1.608,9.585306738015007
chr21_mat_hsa20,27953567,active,0.3715,1.66,9.662196138690945
chr21_mat_hsa20,27957567,active,0.3725,1.732,9.764181063808508
chr21_mat_hsa20,27961567,active,0.373,1.736,9.775613122882346
chr21_mat_hsa20,27965567,active,0.3735,1.74,9.803407994475448
chr21_mat_hsa20,27969567,active,0.38,1.624,9.581017693018502
chr21_mat_hsa20,27973567,active,0.377,1.636,9.663074501788255
chr21_mat_hsa20,27977567,active,0.3815,1.824,9.89338448465909
chr21_mat_hsa20,27981567,active,0.3665,1.66,9.69434067819058
chr21_mat_hsa20,27985567,active,0.367,1.672,9.653893611890878
chr21_mat_hsa20,27989567,active,0.3735,1.796,9.929239123509007
chr21_mat_hsa20,27993567,active,0.373,1.724,9.739707636152028
chr21_mat_hsa20,27997567,active,0.37,1.696,9.6950699871956
chr21_mat_hsa20,28001567,active,0.3755,1.792,9.92186346625553
chr21_mat_hsa20,28005567,active,0.373,1.736,9.769553316326196
chr21_mat_hsa20,28009567,active,0.376,1.724,9.738676283771925
chr21_mat_hsa20,28013567,active,0.375,1.744,9.836976616541893
chr21_mat_hsa20,28017567,active,0.3785,1.796,9.884096165619312
chr21_mat_hsa20,28021567,active,0.37,1.744,9.787774970582253
chr21_mat_hsa20,28025567,active,0.378,1.74,9.809457100887014
chr21_mat_hsa20,28029567,active,0.364,1.616,9.619910207510316
chr21_mat_hsa20,28033567,active,0.376,1.708,9.762801300642233
chr21_mat_hsa20,28037567,active,0.371,1.712,9.735966420125648
chr21_mat_hsa20,28041567,active,0.368,1.704,9.723906311343285
chr21_mat_hsa20,28045567,active,0.3705,1.756,9.85575412415918
chr21_mat_hsa20,28049567,active,0.3695,1.6,9.60060054333042
chr21_mat_hsa20,28053567,active,0.3645,1.684,9.688077772941314
chr21_mat_hsa20,28057567,active,0.375,1.772,9.838432602547526
chr21_mat_hsa20,28061567,active,0.3745,1.76,9.862533613450559
chr21_mat_hsa20,28065567,active,0.3685,1.636,9.656190370427236
chr21_mat_hsa20,28069567,active,0.3735,1.76,9.852406857002741
chr21_mat_hsa20,28073567,active,0.373,1.776,9.848004581057381
chr21_mat_hsa20,28077567,active,0.3705,1.668,9.688331637516836
chr21_mat_hsa20,28081567,active,0.3635,1.644,9.613569562045981
chr21_mat_hsa20,28085567,active,0.3775,1.784,9.840429838029642
chr21_mat_hsa20,28089567,active,0.364,1.568,9.544167953640969
chr21_mat_hsa20,28093567,active,0.376,1.66,9.676895098782168
chr21_mat_hsa20,28097567,active,0.367,1.684,9.754359906090205
chr21_mat_hsa20,28101567,active,0.376,1.732,9.781338471553312
chr21_mat_hsa20,28105567,active,0.3655,1.572,9.549191894667171
chr21_mat_hsa20,28109567,active,0.371,1.58,9.517775367294833
chr21_mat_hsa20,28113567,active,0.3665,1.708,9.76896086391098
chr21_mat_hsa20,28117567,active,0.371,1.744,9.80367470159293
chr21_mat_hsa20,28121567,active,0.3745,1.596,9.545645228616351
chr21_mat_hsa20,28125567,active,0.3755,1.668,9.726907253973097
chr21_mat_hsa20,28129567,active,0.375,1.636,9.681143268413209
chr21_mat_hsa20,28133567,active,0.3695,1.588,9.54264259484516
chr21_mat_hsa20,28137567,active,0.3705,1.74,9.822114396324706
chr21_mat_hsa20,28141567,active,0.374,1.7,9.725780391278452
chr21_mat_hsa20,28145567,active,0.3735,1.64,9.705115274900399
chr21_mat_hsa20,28149567,active,0.3675,1.636,9.630422804526269
chr21_mat_hsa20,28153567,active,0.378,1.668,9.69698821335778
chr21_mat_hsa20,28157567,active,0.3685,1.576,9.543050870735964
chr21_mat_hsa20,28161567,active,0.3775,1.752,9.872377147848836
chr21_mat_hsa20,28165567,active,0.3695,1.716,9.73268777666537
chr21_mat_hsa20,28169567,active,0.369,1.596,9.573527237382885
chr21_mat_hsa20,28173567,active,0.3735,1.68,9.701682831675212
chr21_mat_hsa20,28177567,active,0.368,1.672,9.652134279916266
chr21_mat_hsa20,28181567,active,0.374,1.724,9.8441280867147
chr21_mat_hsa20,28185567,active,0.37,1.692,9.701061411289816
chr21_mat_hsa20,28189567,active,0.3695,1.76,9.818110692762286
chr21_mat_hsa20,28193567,active,0.374,1.78,9.858602632918709
chr21_mat_hsa20,28197567,active,0.365,1.724,9.7710025023402
chr21_mat_hsa20,28201567,active,0.3725,1.72,9.776802097725904
chr21_mat_hsa20,28205567,active,0.3715,1.788,9.94121542783351
chr21_mat_hsa20,28209567,active,0.3735,1.624,9.630528675903278
chr21_mat_hsa20,28213567,active,0.376,1.672,9.668178310635124
chr21_mat_hsa20,28217567,active,0.376,1.636,9.65162473351267
chr21_mat_hsa20,28221567,active,0.3645,1.78,9.858917739926005
chr21_mat_hsa20,28225567,active,0.3735,1.716,9.823958112481366
chr21_mat_hsa20,28229567,active,0.372,1.756,9.908411384415583
chr21_mat_hsa20,28233567,active,0.3715,1.736,9.84770568243267
chr21_mat_hsa20,28237567,active,0.3715,1.712,9.831236741452326
chr21_mat_hsa20,28241567,active,0.3735,1.692,9.729928166786312
chr21_mat_hsa20,28245567,active,0.3755,1.672,9.72718714175849
chr21_mat_hsa20,28249567,active,0.3755,1.584,9.531606496759867
chr21_mat_hsa20,28253567,active,0.367,1.572,9.540891299650468
chr21_mat_hsa20,28257567,active,0.371,1.68,9.742942683788055
chr21_mat_hsa20,28261567,active,0.3705,1.712,9.701711595487694
chr21_mat_hsa20,28265567,active,0.3715,1.812,9.967265279088732
chr21_mat_hsa20,28269567,active,0.368,1.712,9.689095258369862
chr21_mat_hsa20,28273567,active,0.368,1.636,9.620001640547141
chr21_mat_hsa20,28277567,active,0.368,1.672,9.750932148232097
chr21_mat_hsa20,28281567,active,0.364,1.648,9.624493215352919
chr21_mat_hsa20,28285567,active,0.3705,1.588,9.54664258857693
chr21_mat_hsa20,28289567,active,0.372,1.748,9.84519252654333
chr21_mat_hsa20,28293567,active,0.369,1.66,9.644999185583263
chr21_mat_hsa20,28297567,active,0.3705,1.788,9.941783514099006
chr21_mat_hsa20,28301567,active,0.3655,1.696,9.682801480183468
chr21_mat_hsa20,28305567,active,0.3655,1.732,9.815133817953866
chr21_mat_hsa20,28309567,active,0.3745,1.64,9.71036709649757
chr21_mat_hsa20,28313567,active,0.3655,1.752,9.853391103865846
chr21_mat_hsa20,28317567,active,0.377,1.524,9.406533674729385
chr21_mat_hsa20,28321567,active,0.376,1.552,9.440889769880075
chr21_mat_hsa20,28325567,active,0.3775,1.568,9.486931742426233
chr21_mat_hsa20,28329567,active,0.3755,1.544,9.426800821097356
chr21_mat_hsa20,28333567,active,0.3765,1.552,9.440349688073027
chr21_mat_hsa20,28337567,active,0.374,1.532,9.425845238159933
chr21_mat_hsa20,28341567,active,0.3755,1.568,9.459327326382173
chr21_mat_hsa20,28345567,active,0.3745,1.532,9.400990646489053
chr21_mat_hsa20,28349567,active,0.3755,1.524,9.400721098665798
chr21_mat_hsa20,28353567,active,0.3725,1.536,9.425730156833525
chr21_mat_hsa20,28357567,active,0.375,1.68,9.675930222940854
chr21_mat_hsa20,28361567,active,0.3815,1.576,9.456879950271802
chr21_mat_hsa20,28365567,active,0.378,1.548,9.400246569831243
chr21_mat_hsa20,28369567,active,0.3755,1.58,9.4599265797454
chr21_mat_hsa20,28373567,active,0.3805,1.512,9.305505436701706
chr21_mat_hsa20,28377567,active,0.3775,1.536,9.421487574227182
chr21_mat_hsa20,28381567,active,0.3735,1.648,9.662201598055931
chr21_mat_hsa20,28385567,active,0.376,1.552,9.4447976297619
chr21_mat_hsa20,28389567,active,0.3775,1.572,9.463177904074442
chr21_mat_hsa20,28393567,active,0.378,1.6,9.520635952569817
chr21_mat_hsa20,28397567,active,0.3755,1.676,9.662817142756111
chr21_mat_hsa20,28401567,active,0.374,1.632,9.613153266523923
chr21_mat_hsa20,28405567,active,0.3745,1.576,9.493993234127608
chr21_mat_hsa20,28409567,active,0.373,1.668,9.673726686921055
chr21_mat_hsa20,28413567,active,0.3755,1.692,9.67656982974618
chr21_mat_hsa20,28417567,active,0.3735,1.608,9.60449121342913
chr21_mat_hsa20,28421567,active,0.3755,1.584,9.506979902695608
chr21_mat_hsa20,28425567,active,0.3715,1.672,9.689695093005788
chr21_mat_hsa20,28429567,active,0.3785,1.644,9.646368177675381
chr21_mat_hsa20,28433567,active,0.373,1.704,9.712636356158498
chr21_mat_hsa20,28437567,active,0.3735,1.636,9.617469153433527
chr21_mat_hsa20,28441567,active,0.374,1.7,9.745793480345663
chr21_mat_hsa20,28445567,active,0.375,1.704,9.702345719322922
chr21_mat_hsa20,28449567,active,0.373,1.6,9.54321450152061
chr21_mat_hsa20,28453567,active,0.3725,1.68,9.708773119721775
chr21_mat_hsa20,28457567,active,0.375,1.632,9.634580232164092
chr21_mat_hsa20,28461567,active,0.3785,1.576,9.492824013137055
chr21_mat_hsa20,28465567,active,0.377,1.572,9.445051692778913
chr21_mat_hsa20,28469567,active,0.377,1.552,9.449662368502615
chr21_mat_hsa20,28473567,active,0.375,1.548,9.429441463434566
chr21_mat_hsa20,28477567,active,0.3775,1.572,9.479885047699053
chr21_mat_hsa20,28481567,active,0.376,1.564,9.451871691537075
chr21_mat_hsa20,28485567,active,0.3755,1.548,9.419488378596625
chr21_mat_hsa20,28489567,active,0.371,1.7,9.70620998016915
chr21_mat_hsa20,28493567,active,0.377,1.54,9.460113687342568
chr21_mat_hsa20,28497567,active,0.376,1.708,9.678333890244698
chr21_mat_hsa20,28501567,active,0.3755,1.64,9.673109408878974
chr21_mat_hsa20,28505567,active,0.373,1.684,9.694206890069427
chr21_mat_hsa20,28509567,active,0.374,1.616,9.604432950795324
chr21_mat_hsa20,28513567,active,0.373,1.676,9.654784241017419
chr21_mat_hsa20,28517567,active,0.3735,1.584,9.535178204619934
chr21_mat_hsa20,28521567,active,0.3725,1.664,9.667197567156338
chr21_mat_hsa20,28525567,active,0.3735,1.68,9.642302467567214
chr21_mat_hsa20,28529567,active,0.372,1.664,9.676491618029264
chr21_mat_hsa20,28533567,active,0.376,1.52,9.374080142886793
chr21_mat_hsa20,28537567,active,0.3765,1.536,9.403745572549576
chr21_mat_hsa20,28541567,active,0.3745,1.58,9.472636788222795
chr21_mat_hsa20,28545567,active,0.3755,1.536,9.412820669856641
chr21_mat_hsa20,28549567,active,0.376,1.52,9.38256784225575
chr21_mat_hsa20,28553567,active,0.3755,1.528,9.396827681291864
chr21_mat_hsa20,28557567,active,0.3765,1.564,9.47465780858191
chr21_mat_hsa20,28561567,active,0.3745,1.676,9.708487174958428
chr21_mat_hsa20,28565567,active,0.377,1.636,9.607908827147432
chr21_mat_hsa20,28569567,active,0.374,1.672,9.664015487741578
chr21_mat_hsa20,28573567,active,0.3775,1.584,9.498432969176218
chr21_mat_hsa20,28577567,active,0.376,1.664,9.683023794830067
chr21_mat_hsa20,28581567,active,0.375,1.56,9.465927302459589
chr21_mat_hsa20,28585567,active,0.3735,1.544,9.438162771039876
chr21_mat_hsa20,28589567,active,0.375,1.592,9.533597433780008
chr21_mat_hsa20,28593567,active,0.3745,1.588,9.485344959313673
chr21_mat_hsa20,28597567,active,0.3715,1.684,9.711012596876975
chr21_mat_hsa20,28601567,active,0.376,1.68,9.705792412330828
chr21_mat_hsa20,28605567,active,0.376,1.632,9.552135492513196
chr21_mat_hsa20,28609567,active,0.378,1.536,9.393182565073829
chr21_mat_hsa20,28613567,active,0.373,1.676,9.74755801651377
chr21_mat_hsa20,28617567,active,0.3745,1.564,9.473442927564136
chr21_mat_hsa20,28621567,active,0.377,1.54,9.415437863894104
chr21_mat_hsa20,28625567,active,0.3745,1.536,9.451185662139137
chr21_mat_hsa20,28629567,active,0.373,1.588,9.499755355026007
chr21_mat_hsa20,28633567,active,0.3765,1.544,9.49498387288311
chr21_mat_hsa20,28637567,active,0.3765,1.596,9.523161811908901
chr21_mat_hsa20,28641567,active,0.3755,1.552,9.496109655030429
chr21_mat_hsa20,28645567,active,0.3775,1.548,9.454414137330069
chr21_mat_hsa20,28649567,active,0.3725,1.56,9.46853352067295
chr21_mat_hsa20,28653567,active,0.375,1.52,9.401733041775039
chr21_mat_hsa20,28657567,active,0.3765,1.56,9.418077664662983
chr21_mat_hsa20,28661567,active,0.376,1.508,9.359799220587186
chr21_mat_hsa20,28665567,active,0.375,1.628,9.600017339705866
chr21_mat_hsa20,28669567,active,0.374,1.612,9.606990556956283
chr21_mat_hsa20,28673567,active,0.3745,1.588,9.570522440114022
chr21_mat_hsa20,28677567,active,0.3755,1.608,9.563956968609874
chr21_mat_hsa20,28681567,active,0.373,1.588,9.565937725746059
chr21_mat_hsa20,28685567,active,0.3745,1.548,9.487813994243922
chr21_mat_hsa20,28689567,active,0.375,1.66,9.664482819701492
chr21_mat_hsa20,28693567,active,0.3785,1.524,9.342189518384231
chr21_mat_hsa20,28697567,active,0.3735,1.468,9.308371060684461
chr21_mat_hsa20,28701567,active,0.373,1.68,9.703191072209776
chr21_mat_hsa20,28705567,active,0.3755,1.616,9.593648267746422
chr21_mat_hsa20,28709567,active,0.378,1.564,9.47990469594895
chr21_mat_hsa20,28713567,active,0.375,1.688,9.722372197167317
chr21_mat_hsa20,28717567,active,0.3745,1.616,9.588045193108755
chr21_mat_hsa20,28721567,active,0.3755,1.54,9.405266844183647
chr21_mat_hsa20,28725567,active,0.374,1.54,9.419140326444417
chr21_mat_hsa20,28729567,active,0.3765,1.556,9.42942081759164
chr21_mat_hsa20,28733567,active,0.375,1.556,9.469176512164042
chr21_mat_hsa20,28737567,active,0.3745,1.604,9.533456254510497
chr21_mat_hsa20,28741567,active,0.3745,1.616,9.57728448445073
chr21_mat_hsa20,28745567,active,0.374,1.652,9.649828592826317
chr21_mat_hsa20,28749567,active,0.378,1.536,9.360439979461724
chr21_mat_hsa20,28753567,active,0.3765,1.464,9.300660272607344
chr21_mat_hsa20,28757567,active,0.373,1.656,9.666573589009467
chr21_mat_hsa20,28761567,active,0.3775,1.544,9.431540001962176
chr21_mat_hsa20,28765567,active,0.378,1.516,9.382822593104837
chr21_mat_hsa20,28769567,active,0.3765,1.54,9.417981272242512
chr21_mat_hsa20,28773567,active,0.376,1.556,9.481170032131883
chr21_mat_hsa20,28777567,active,0.3735,1.668,9.697005602174597
chr21_mat_hsa20,28781567,active,0.3745,1.676,9.666225144142008
chr21_mat_hsa20,28785567,active,0.3735,1.704,9.689970620568946
chr21_mat_hsa20,28789567,active,0.3735,1.62,9.617886411510987
chr21_mat_hsa20,28793567,active,0.372,1.68,9.661514127928172
chr21_mat_hsa20,28797567,active,0.374,1.508,9.370351308376664
chr21_mat_hsa20,28801567,active,0.3765,1.54,9.428976496510785
chr21_mat_hsa20,28805567,active,0.3725,1.572,9.45600795391339
chr21_mat_hsa20,28809567,active,0.3735,1.608,9.52711769113797
chr21_mat_hsa20,28813567,active,0.379,1.62,9.537382604856774
chr21_mat_hsa20,28817567,active,0.3755,1.564,9.471507610913433
chr21_mat_hsa20,28821567,active,0.376,1.552,9.433643751948061
chr21_mat_hsa20,28825567,active,0.3775,1.572,9.471170762131912
chr21_mat_hsa20,28829567,active,0.3805,1.564,9.446020092990345
chr21_mat_hsa20,28833567,active,0.374,1.6,9.506024816527924
chr21_mat_hsa20,28837567,active,0.3765,1.564,9.429252989134238
chr21_mat_hsa20,28841567,active,0.3775,1.604,9.52607676467447
chr21_mat_hsa20,28845567,active,0.3765,1.54,9.472362034657541
chr21_mat_hsa20,28849567,active,0.3775,1.628,9.525733932412605
chr21_mat_hsa20,28853567,active,0.3745,1.512,9.37222489570969
chr21_mat_hsa20,28857567,active,0.3725,1.516,9.410960533154773
chr21_mat_hsa20,28861567,active,0.3735,1.68,9.670057650901558
chr21_mat_hsa20,28865567,active,0.3765,1.552,9.45234406749798
chr21_mat_hsa20,28869567,active,0.376,1.544,9.430549336390117
chr21_mat_hsa20,28873567,active,0.375,1.528,9.406234311867614
chr21_mat_hsa20,28877567,active,0.374,1.5,9.352757436908169
chr21_mat_hsa20,28881567,active,0.377,1.5,9.327712768884972
chr21_mat_hsa20,28885567,active,0.3755,1.632,9.622655324459945
chr21_mat_hsa20,28889567,active,0.3755,1.52,9.396927944543876
chr21_mat_hsa20,28893567,active,0.367,1.696,9.739539772657027
chr21_mat_hsa20,28897567,active,0.3695,1.608,9.59302611161211
chr21_mat_hsa20,28901567,active,0.3785,1.548,9.46079340289461
chr21_mat_hsa20,28905567,active,0.377,1.504,9.369250157049214
chr21_mat_hsa20,28909567,active,0.371,1.536,9.448402842939432
chr21_mat_hsa20,28913567,active,0.3715,1.54,9.465953618281524
chr21_mat_hsa20,28917567,active,0.371,1.548,9.456013159655415
chr21_mat_hsa20,28921567,active,0.3765,1.508,9.408096977432615
chr21_mat_hsa20,28925567,active,0.372,1.58,9.495906395188499
chr21_mat_hsa20,28929567,active,0.369,1.556,9.463712220775529
chr21_mat_hsa20,28933567,active,0.374,1.572,9.523939006885156
chr21_mat_hsa20,28937567,active,0.376,1.52,9.419023727573181
chr21_mat_hsa20,28941567,active,0.377,1.496,9.352217679116315
chr21_mat_hsa20,28945567,active,0.3725,1.568,9.454977604842558
chr21_mat_hsa20,28949567,active,0.3735,1.572,9.484027147511636
chr21_mat_hsa20,28953567,active,0.374,1.572,9.49495783428927
chr21_mat_hsa20,28957567,active,0.3745,1.552,9.437258772154795
chr21_mat_hsa20,28961567,active,0.376,1.524,9.384518859509756
chr21_mat_hsa20,28965567,active,0.3705,1.6,9.584814559327986
chr21_mat_hsa20,28969567,active,0.3715,1.572,9.495225282871932
chr21_mat_hsa20,28973567,active,0.372,1.56,9.508426756206127
chr21_mat_hsa20,28977567,active,0.3715,1.592,9.54798945034735
chr21_mat_hsa20,28981567,active,0.371,1.532,9.427625757452674
chr21_mat_hsa20,28985567,active,0.374,1.528,9.459735652161394
chr21_mat_hsa20,28989567,active,0.375,1.6,9.585435413824753
chr21_mat_hsa20,28993567,active,0.37,1.572,9.526629145043488
chr21_mat_hsa20,28997567,active,0.3755,1.432,9.27421875301546
chr21_mat_hsa20,29001567,active,0.3705,1.628,9.608091575330928
chr21_mat_hsa20,29005567,active,0.3685,1.576,9.53715389260159
chr21_mat_hsa20,29009567,active,0.375,1.52,9.413590569201038
chr21_mat_hsa20,29013567,active,0.3705,1.54,9.439061115753084
chr21_mat_hsa20,29017567,active,0.368,1.62,9.600080879603501
chr21_mat_hsa20,29021567,active,0.368,1.5,9.415154948394044
chr21_mat_hsa20,29025567,active,0.3725,1.54,9.484304059666698
chr21_mat_hsa20,29029567,active,0.371,1.532,9.444764203231168
chr21_mat_hsa20,29033567,active,0.3715,1.516,9.427218362119213
chr21_mat_hsa20,29037567,active,0.3655,1.368,9.154534548443214
chr21_mat_hsa20,29041567,active,0.3685,1.548,9.498382431056728
chr21_mat_hsa20,29045567,active,0.369,1.532,9.453157783333758
chr21_mat_hsa20,29049567,active,0.3765,1.632,9.607168311560324
chr21_mat_hsa20,29053567,active,0.3705,1.52,9.413980355752843
chr21_mat_hsa20,29057567,active,0.3725,1.556,9.506156639592891
chr21_mat_hsa20,29061567,active,0.3695,1.54,9.460891953905
chr21_mat_hsa20,29065567,active,0.3725,1.6,9.522167924348388
chr21_mat_hsa20,29069567,active,0.37,1.524,9.41763878029843
chr21_mat_hsa20,29073567,active,0.377,1.496,9.315974268773296
chr21_mat_hsa20,29077567,active,0.37,1.552,9.477832473243197
chr21_mat_hsa20,29081567,active,0.374,1.56,9.468487524068365
chr21_mat_hsa20,29085567,active,0.372,1.54,9.45896787887412
chr21_mat_hsa20,29089567,active,0.369,1.572,9.532778242238958
chr21_mat_hsa20,29093567,active,0.3705,1.548,9.47913331159245
chr21_mat_hsa20,29097567,active,0.3715,1.58,9.515542624325738
chr21_mat_hsa20,29101567,active,0.3735,1.544,9.450301665547055
chr21_mat_hsa20,29105567,active,0.37,1.584,9.519208702603859
chr21_mat_hsa20,29109567,active,0.3765,1.468,9.320485738187235
chr21_mat_hsa20,29113567,active,0.3735,1.576,9.516843784608403
chr21_mat_hsa20,29117567,active,0.372,1.56,9.509464410259529
chr21_mat_hsa20,29121567,active,0.372,1.528,9.449957794727226
chr21_mat_hsa20,29125567,active,0.3685,1.684,9.655880314685707
chr21_mat_hsa20,29129567,active,0.372,1.724,9.714682103806114
chr21_mat_hsa20,29133567,active,0.3765,1.656,9.609181191084847
chr21_mat_hsa20,29137567,active,0.3775,1.656,9.60555628495209
chr21_mat_hsa20,29141567,active,0.372,1.668,9.700247680069953
chr21_mat_hsa20,29145567,active,0.374,1.564,9.484358478708582
chr21_mat_hsa20,29149567,active,0.373,1.764,9.859722716721969
chr21_mat_hsa20,29153567,active,0.3715,1.616,9.62126792390143
chr21_mat_hsa20,29157567,active,0.372,1.632,9.539015485417131
chr21_mat_hsa20,29161567,active,0.3705,1.38,9.198972040847655
chr21_mat_hsa20,29165567,active,0.373,1.328,9.100369485072832
chr21_mat_hsa20,29169567,active,0.374,1.56,9.504741178438058
chr21_mat_hsa20,29173567,active,0.375,1.304,9.06400369413708
chr21_mat_hsa20,29177567,active,0.374,1.568,9.491573252838013
chr21_mat_hsa20,29181567,active,0.373,1.484,9.393776406248803
chr21_mat_hsa20,29185567,active,0.373,1.384,9.21860368867246
chr21_mat_hsa20,29189567,active,0.376,1.676,9.694334397617546
chr21_mat_hsa20,29193567,active,0.3735,1.56,9.502094833589158
chr21_mat_hsa20,29197567,active,0.372,1.612,9.595627145183695
chr21_mat_hsa20,29201567,active,0.371,1.58,9.526355106126902
chr21_mat_hsa20,29205567,active,0.37,1.736,9.760037890713352
chr21_mat_hsa20,29209567,active,0.3725,1.492,9.361676307136799
chr21_mat_hsa20,29213567,active,0.371,1.588,9.524446441875517
chr21_mat_hsa20,29217567,active,0.372,1.644,9.598448823462665
chr21_mat_hsa20,29221567,active,0.3735,1.656,9.674425404384799
chr21_mat_hsa20,29225567,active,0.371,1.704,9.665363609689079
chr21_mat_hsa20,29229567,active,0.3715,1.572,9.52214140282018
chr21_mat_hsa20,29233567,active,0.3735,1.604,9.587914263582217
chr21_mat_hsa20,29237567,active,0.3765,1.592,9.574653955269147
chr21_mat_hsa20,29241567,active,0.368,1.532,9.456267075608805
chr21_mat_hsa20,29245567,active,0.3715,1.588,9.479273264799609
chr21_mat_hsa20,29249567,active,0.3745,1.536,9.436125985434971
chr21_mat_hsa20,29253567,active,0.3715,1.576,9.503596314669629
chr21_mat_hsa20,29257567,active,0.3715,1.532,9.437109655785296
chr21_mat_hsa20,29261567,active,0.3715,1.568,9.50124727740709
chr21_mat_hsa20,29265567,active,0.372,1.628,9.564054718805851
chr21_mat_hsa20,29269567,active,0.3715,1.62,9.587012086286556
chr21_mat_hsa20,29273567,active,0.372,1.528,9.423069887769776
chr21_mat_hsa20,29277567,active,0.3695,1.556,9.48532490045977
chr21_mat_hsa20,29281567,active,0.3695,1.552,9.49346582323758
chr21_mat_hsa20,29285567,active,0.373,1.564,9.496973887885504
chr21_mat_hsa20,29289567,active,0.369,1.56,9.503277717373377
chr21_mat_hsa20,29293567,active,0.374,1.608,9.544439876976684
chr21_mat_hsa20,29297567,active,0.373,1.58,9.51399684744987
chr21_mat_hsa20,29301567,active,0.375,1.556,9.483353759709285
chr21_mat_hsa20,29305567,active,0.376,1.592,9.523991322311845
chr21_mat_hsa20,29309567,active,0.372,1.508,9.407826646260721
chr21_mat_hsa20,29313567,active,0.3725,1.532,9.400950248341616
chr21_mat_hsa20,29317567,active,0.3765,1.564,9.524895614232106
chr21_mat_hsa20,29321567,active,0.372,1.552,9.453343056745831
chr21_mat_hsa20,29325567,active,0.374,1.608,9.584075559203937
chr21_mat_hsa20,29329567,active,0.374,1.56,9.498635797313886
chr21_mat_hsa20,29333567,active,0.378,1.54,9.462509765979387
chr21_mat_hsa20,29337567,active,0.3785,1.552,9.408085017529736
chr21_mat_hsa20,29341567,active,0.375,1.532,9.413618891958455
chr21_mat_hsa20,29345567,active,0.3745,1.5,9.395699362906457
chr21_mat_hsa20,29349567,active,0.3775,1.484,9.30919772674713
chr21_mat_hsa20,29353567,active,0.3755,1.504,9.356643397645106
chr21_mat_hsa20,29357567,active,0.375,1.52,9.40937705653355
chr21_mat_hsa20,29361567,active,0.3765,1.516,9.367395799776087
chr21_mat_hsa20,29365567,active,0.375,1.536,9.450006540155604
chr21_mat_hsa20,29369567,active,0.377,1.54,9.45096276413813
chr21_mat_hsa20,29373567,active,0.374,1.544,9.459470755623846
chr21_mat_hsa20,29377567,active,0.3745,1.516,9.417890280260822
chr21_mat_hsa20,29381567,active,0.377,1.576,9.486055189908958
chr21_mat_hsa20,29385567,active,0.372,1.536,9.444480030798848
chr21_mat_hsa20,29389567,active,0.373,1.588,9.538078143488883
chr21_mat_hsa20,29393567,active,0.3725,1.7,9.667287407491925
chr21_mat_hsa20,29397567,active,0.371,1.556,9.466615720498863
chr21_mat_hsa20,29401567,active,0.373,1.68,9.653306148887344
chr21_mat_hsa20,29405567,active,0.3795,1.524,9.419380301842754
chr21_mat_hsa20,29409567,active,0.376,1.54,9.412297419198826
chr21_mat_hsa20,29413567,active,0.3745,1.72,9.704321794303475
chr21_mat_hsa20,29417567,active,0.3785,1.52,9.350969139044963
chr21_mat_hsa20,29421567,active,0.3735,1.496,9.38553584619691
chr21_mat_hsa20,29425567,active,0.377,1.464,9.323792380389719
chr21_mat_hsa20,29429567,active,0.3745,1.52,9.39332648099452
chr21_mat_hsa20,29433567,active,0.374,1.512,9.412677123469177
chr21_mat_hsa20,29437567,active,0.374,1.592,9.530235620061069
chr21_mat_hsa20,29441567,active,0.3795,1.516,9.364382496730181
chr21_mat_hsa20,29445567,active,0.3765,1.504,9.408783291856638
chr21_mat_hsa20,29449567,active,0.378,1.456,9.302996748723732
chr21_mat_hsa20,29453567,active,0.377,1.468,9.291407278392677
chr21_mat_hsa20,29457567,active,0.373,1.524,9.428845239334562
chr21_mat_hsa20,29461567,active,0.3755,1.476,9.336444690050286
chr21_mat_hsa20,29465567,active,0.373,1.572,9.524242616144923
chr21_mat_hsa20,29469567,active,0.374,1.52,9.419240938446388
chr21_mat_hsa20,29473567,active,0.376,1.52,9.390468928617357
chr21_mat_hsa20,29477567,active,0.3755,1.564,9.520900488924848
chr21_mat_hsa20,29481567,active,0.374,1.568,9.486286519274893
chr21_mat_hsa20,29485567,active,0.377,1.54,9.399654588917874
chr21_mat_hsa20,29489567,active,0.374,1.524,9.395937660677653
chr21_mat_hsa20,29493567,active,0.3725,1.576,9.511630326983576
chr21_mat_hsa20,29497567,active,0.374,1.588,9.546470515384497
chr21_mat_hsa20,29501567,active,0.377,1.492,9.355102265598594
chr21_mat_hsa20,29505567,active,0.3735,1.576,9.52845750405359
chr21_mat_hsa20,29509567,active,0.373,1.556,9.489395866731442
chr21_mat_hsa20,29513567,active,0.379,1.536,9.367619339562207
chr21_mat_hsa20,29517567,active,0.377,1.544,9.487203074012998
chr21_mat_hsa20,29521567,active,0.3775,1.484,9.31772252503697
chr21_mat_hsa20,29525567,active,0.371,1.56,9.44163619410833
chr21_mat_hsa20,29529567,active,0.374,1.516,9.428767000801143
chr21_mat_hsa20,29533567,active,0.375,1.564,9.511267522562514
chr21_mat_hsa20,29537567,active,0.374,1.528,9.454653016373912
chr21_mat_hsa20,29541567,active,0.375,1.512,9.374807966456663
chr21_mat_hsa20,29545567,active,0.3765,1.5,9.401246023739292
chr21_mat_hsa20,29549567,active,0.379,1.516,9.38490621024358
chr21_mat_hsa20,29553567,active,0.375,1.512,9.401824386564249
chr21_mat_hsa20,29557567,active,0.375,1.532,9.457784003213023
chr21_mat_hsa20,29561567,active,0.373,1.54,9.464481482709358
chr21_mat_hsa20,29565567,active,0.374,1.54,9.473621533404204
chr21_mat_hsa20,29569567,active,0.3735,1.556,9.505833262542772
chr21_mat_hsa20,29573567,active,0.3725,1.54,9.474917791989487
chr21_mat_hsa20,29577567,active,0.374,1.512,9.417647768624409
chr21_mat_hsa20,29581567,active,0.374,1.54,9.491928925449988
chr21_mat_hsa20,29585567,active,0.3755,1.584,9.530644808085679
chr21_mat_hsa20,29589567,active,0.376,1.604,9.502991367722244
chr21_mat_hsa20,29593567,active,0.3715,1.556,9.450985199037675
chr21_mat_hsa20,29597567,active,0.378,1.5,9.388653350295147
chr21_mat_hsa20,29601567,active,0.373,1.548,9.444163106755145
chr21_mat_hsa20,29605567,active,0.376,1.556,9.498109077890552
chr21_mat_hsa20,29609567,active,0.3735,1.612,9.548816202998799
chr21_mat_hsa20,29613567,active,0.373,1.604,9.57090988107122
chr21_mat_hsa20,29617567,active,0.376,1.556,9.457359226327512
chr21_mat_hsa20,29621567,active,0.3765,1.58,9.492167748355987
chr21_mat_hsa20,29625567,active,0.3765,1.532,9.44504981141712
chr21_mat_hsa20,29629567,active,0.376,1.688,9.699412824832857
chr21_mat_hsa20,29633567,active,0.3765,1.572,9.556942958948301
chr21_mat_hsa20,29637567,active,0.38,1.624,9.542370494976721
chr21_mat_hsa20,29641567,active,0.376,1.696,9.718611781744043
chr21_mat_hsa20,29645567,active,0.374,1.592,9.538704934568669
chr21_mat_hsa20,29649567,active,0.3705,1.544,9.467632695436501
chr21_mat_hsa20,29653567,active,0.3695,1.676,9.60950464382455
chr21_mat_hsa20,29657567,active,0.3755,1.544,9.469440381787148
chr21_mat_hsa20,29661567,active,0.3755,1.532,9.40857979949196
chr21_mat_hsa20,29665567,active,0.375,1.656,9.637813269230104
chr21_mat_hsa20,29669567,active,0.3775,1.532,9.411675838620923
chr21_mat_hsa20,29673567,active,0.3675,1.572,9.583381880024916
chr21_mat_hsa20,29677567,active,0.372,1.508,9.419648222460449
chr21_mat_hsa20,29681567,active,0.3765,1.672,9.687279076718383
chr21_mat_hsa20,29685567,active,0.372,1.58,9.541916111161934
chr21_mat_hsa20,29689567,active,0.3745,1.628,9.59322332340367
chr21_mat_hsa20,29693567,active,0.371,1.596,9.5734859912109
chr21_mat_hsa20,29697567,active,0.3725,1.636,9.591789792864667
chr21_mat_hsa20,29701567,active,0.376,1.54,9.451074130450877
chr21_mat_hsa20,29705567,active,0.372,1.628,9.5724430427449
chr21_mat_hsa20,29709567,active,0.3725,1.556,9.426096898314793
chr21_mat_hsa20,29713567,active,0.375,1.548,9.4833045395677
chr21_mat_hsa20,29717567,active,0.3735,1.628,9.583704342436437
chr21_mat_hsa20,29721567,active,0.3745,1.756,9.807361375292306
chr21_mat_hsa20,29725567,active,0.371,1.584,9.541538275162258
chr21_mat_hsa20,29729567,active,0.377,1.568,9.480344964905512
chr21_mat_hsa20,29733567,active,0.374,1.568,9.499596996597397
chr21_mat_hsa20,29737567,active,0.372,1.64,9.655359355037408
chr21_mat_hsa20,29741567,active,0.3735,1.672,9.595535689498154
chr21_mat_hsa20,29745567,active,0.3725,1.692,9.646899581340326
chr21_mat_hsa20,29749567,active,0.3705,1.624,9.684148752557887
chr21_mat_hsa20,29753567,active,0.3745,1.604,9.509134916882132
chr21_mat_hsa20,29757567,active,0.3695,1.556,9.492176663928637
chr21_mat_hsa20,29761567,active,0.3745,1.616,9.618429000657791
chr21_mat_hsa20,29765567,active,0.3715,1.612,9.66460286779081
chr21_mat_hsa20,29769567,active,0.37,1.632,9.633704674734949
chr21_mat_hsa20,29773567,active,0.374,1.628,9.588991595418122
chr21_mat_hsa20,29777567,active,0.373,1.692,9.726507966941535
chr21_mat_hsa20,29781567,active,0.3705,1.632,9.616269063673661
chr21_mat_hsa20,29785567,active,0.3715,1.652,9.658442561508382
chr21_mat_hsa20,29789567,active,0.372,1.62,9.601657661836189
chr21_mat_hsa20,29793567,active,0.3705,1.672,9.674723727453067
chr21_mat_hsa20,29797567,active,0.376,1.608,9.583885479221417
chr21_mat_hsa20,29801567,active,0.3735,1.652,9.64881904407459
chr21_mat_hsa20,29805567,active,0.3725,1.632,9.610202424593062
chr21_mat_hsa20,29809567,active,0.3715,1.676,9.676282777618956
chr21_mat_hsa20,29813567,active,0.375,1.624,9.603167990178854
chr21_mat_hsa20,29817567,active,0.376,1.696,9.625560247024264
chr21_mat_hsa20,29821567,active,0.3735,1.524,9.398401867514087
chr21_mat_hsa20,29825567,active,0.368,1.712,9.694081746009022
chr21_mat_hsa20,29829567,active,0.3735,1.572,9.551619507040526
chr21_mat_hsa20,29833567,active,0.372,1.572,9.559379604352937
chr21_mat_hsa20,29837567,active,0.373,1.592,9.589557399601759
chr21_mat_hsa20,29841567,active,0.37,1.552,9.483270941242836
chr21_mat_hsa20,29845567,active,0.366,1.664,9.607317969938254
chr21_mat_hsa20,29849567,active,0.374,1.604,9.621106789832583
chr21_mat_hsa20,29853567,active,0.3755,1.628,9.600337335429545
chr21_mat_hsa20,29857567,active,0.3705,1.6,9.651727743083594
chr21_mat_hsa20,29861567,active,0.369,1.696,9.70533643426635
chr21_mat_hsa20,29865567,active,0.372,1.632,9.634292775149062
chr21_mat_hsa20,29869567,active,0.374,1.624,9.594667658141887
chr21_mat_hsa20,29873567,active,0.3765,1.6,9.551301762528833
chr21_mat_hsa20,29877567,active,0.371,1.628,9.625739733421709
chr21_mat_hsa20,29881567,active,0.375,1.504,9.351309215531359
chr21_mat_hsa20,29885567,active,0.3785,1.656,9.621071712914247
chr21_mat_hsa20,29889567,active,0.372,1.64,9.631615007074581
chr21_mat_hsa20,29893567,active,0.3745,1.624,9.617706426795204
chr21_mat_hsa20,29897567,active,0.3715,1.636,9.652412133526505
chr21_mat_hsa20,29901567,active,0.3675,1.696,9.647608072877484
chr21_mat_hsa20,29905567,active,0.3725,1.632,9.66555721094477
chr21_mat_hsa20,29909567,active,0.3705,1.668,9.616328723072025
chr21_mat_hsa20,29913567,active,0.37,1.604,9.556690135714812
chr21_mat_hsa20,29917567,active,0.3705,1.604,9.588927361972075
chr21_mat_hsa20,29921567,active,0.372,1.688,9.682269084641765
chr21_mat_hsa20,29925567,active,0.3715,1.636,9.557687076143722
chr21_mat_hsa20,29929567,active,0.371,1.592,9.481792327358432
chr21_mat_hsa20,29933567,active,0.37,1.64,9.611720173405422
chr21_mat_hsa20,29937567,active,0.3715,1.668,9.659578262537572
chr21_mat_hsa20,29941567,active,0.368,1.684,9.629318613628538
chr21_mat_hsa20,29945567,active,0.375,1.572,9.476005608595946
chr21_mat_hsa20,29949567,active,0.3705,1.588,9.562994934430689
chr21_mat_hsa20,29953567,active,0.3685,1.72,9.756650862820074
chr21_mat_hsa20,29957567,active,0.372,1.608,9.554189662175064
chr21_mat_hsa20,29961567,active,0.3715,1.616,9.606887375760396
chr21_mat_hsa20,29965567,active,0.373,1.684,9.710934358343566
chr21_mat_hsa20,29969567,active,0.374,1.632,9.596848350739814
chr21_mat_hsa20,29973567,active,0.368,1.68,9.705442394313943
chr21_mat_hsa20,29977567,active,0.3705,1.628,9.582158976164541
chr21_mat_hsa20,29981567,active,0.374,1.572,9.512534570987084
chr21_mat_hsa20,29985567,active,0.371,1.696,9.63240312745333
chr21_mat_hsa20,29989567,active,0.371,1.724,9.690571495954671
chr21_mat_hsa20,29993567,active,0.376,1.604,9.537528632190675
chr21_mat_hsa20,29997567,active,0.372,1.648,9.640339837501614
chr21_mat_hsa20,30001567,active,0.373,1.62,9.555089246671692
chr21_mat_hsa20,30005567,active,0.374,1.676,9.634657112922051
chr21_mat_hsa20,30009567,active,0.368,1.636,9.594433707611877
chr21_mat_hsa20,30013567,active,0.3735,1.628,9.60463269353185
chr21_mat_hsa20,30017567,active,0.377,1.648,9.653192246446624
chr21_mat_hsa20,30021567,active,0.3715,1.544,9.438158209164769
chr21_mat_hsa20,30025567,active,0.373,1.58,9.493474640471788
chr21_mat_hsa20,30029567,active,0.3705,1.532,9.434543416187633
chr21_mat_hsa20,30033567,active,0.374,1.672,9.673863681646731
chr21_mat_hsa20,30037567,active,0.375,1.524,9.3836187814547
chr21_mat_hsa20,30041567,active,0.374,1.616,9.570596524131503
chr21_mat_hsa20,30045567,active,0.3695,1.548,9.442990330410213
chr21_mat_hsa20,30049567,active,0.3715,1.7,9.709528333944721
chr21_mat_hsa20,30053567,active,0.372,1.644,9.623636597241306
chr21_mat_hsa20,30057567,active,0.371,1.56,9.49836519671609
chr21_mat_hsa20,30061567,active,0.371,1.544,9.498804644464547
chr21_mat_hsa20,30065567,active,0.3725,1.396,9.255716342382447
chr21_mat_hsa20,30069567,active,0.3755,1.416,9.251817031434394
chr21_mat_hsa20,30073567,active,0.373,1.596,9.544780307929125
chr21_mat_hsa20,30077567,active,0.371,1.62,9.618899122901901
chr21_mat_hsa20,30081567,active,0.3695,1.628,9.602459028688415
chr21_mat_hsa20,30085567,active,0.37,1.552,9.484145069543782
chr21_mat_hsa20,30089567,active,0.3705,1.596,9.541540275641458
chr21_mat_hsa20,30093567,active,0.374,1.628,9.579306059266012
chr21_mat_hsa20,30097567,active,0.369,1.58,9.542570214531255
chr21_mat_hsa20,30101567,active,0.3715,1.612,9.618312159172994
chr21_mat_hsa20,30105567,active,0.369,1.664,9.695062820348989
chr21_mat_hsa20,30109567,active,0.373,1.624,9.614939981886833
chr21_mat_hsa20,30113567,active,0.369,1.576,9.51888131167849
chr21_mat_hsa20,30117567,active,0.3715,1.52,9.418297758125544
chr21_mat_hsa20,30121567,active,0.37,1.544,9.446353213244025
chr21_mat_hsa20,30125567,active,0.374,1.676,9.650747306154244
chr21_mat_hsa20,30129567,active,0.373,1.644,9.631950837162895
chr21_mat_hsa20,30133567,active,0.37,1.7,9.690912183035037
chr21_mat_hsa20,30137567,active,0.3725,1.632,9.676909846883195
chr21_mat_hsa20,30141567,active,0.3735,1.544,9.468113177194441
chr21_mat_hsa20,30145567,active,0.3735,1.556,9.476946439264628
chr21_mat_hsa20,30149567,active,0.372,1.416,9.279643265355247
chr21_mat_hsa20,30153567,active,0.3705,1.504,9.394520361703188
chr21_mat_hsa20,30157567,active,0.3725,1.62,9.58586703145575
chr21_mat_hsa20,30161567,active,0.3675,1.552,9.479530462090816
chr21_mat_hsa20,30165567,active,0.374,1.588,9.539125665046269
chr21_mat_hsa20,30169567,active,0.3675,1.604,9.60561450933693
chr21_mat_hsa20,30173567,active,0.37,1.58,9.571098360664708
chr21_mat_hsa20,30177567,active,0.371,1.556,9.496266474390952
chr21_mat_hsa20,30181567,active,0.3705,1.608,9.572686517893032
chr21_mat_hsa20,30185567,active,0.369,1.544,9.456375719381084
chr21_mat_hsa20,30189567,active,0.373,1.628,9.599885522357198
chr21_mat_hsa20,30193567,active,0.3735,1.612,9.598679346298013
chr21_mat_hsa20,30197567,active,0.372,1.436,9.308699209800713
chr21_mat_hsa20,30201567,active,0.3705,1.632,9.661353076813649
chr21_mat_hsa20,30205567,active,0.3775,1.532,9.4079104101809
chr21_mat_hsa20,30209567,active,0.374,1.384,9.189988659521772
chr21_mat_hsa20,30213567,active,0.3755,1.624,9.584381883206186
chr21_mat_hsa20,30217567,active,0.3725,1.396,9.233288904564073
chr21_mat_hsa20,30221567,active,0.371,1.44,9.303106874296677
chr21_mat_hsa20,30225567,active,0.375,1.392,9.206765319572458
chr21_mat_hsa20,30229567,active,0.372,1.408,9.250946354602394
chr21_mat_hsa20,30233567,active,0.3675,1.396,9.21438649662539
chr21_mat_hsa20,30237567,active,0.369,1.62,9.611125301364705
chr21_mat_hsa20,30241567,active,0.368,1.576,9.588810181405103
chr21_mat_hsa20,30245567,active,0.371,1.5,9.374093112132185
chr21_mat_hsa20,30249567,active,0.3725,1.604,9.580866654216326
chr21_mat_hsa20,30253567,active,0.372,1.616,9.607917233777613
chr21_mat_hsa20,30257567,active,0.3735,1.624,9.605862288569393
chr21_mat_hsa20,30261567,active,0.375,1.556,9.470860080412324
chr21_mat_hsa20,30265567,active,0.3775,1.608,9.495890633577204
chr21_mat_hsa20,30269567,active,0.3685,1.624,9.589130758824513
chr21_mat_hsa20,30273567,active,0.376,1.552,9.453708609990672
chr21_mat_hsa20,30277567,active,0.376,1.528,9.433479021064322
chr21_mat_hsa20,30281567,active,0.376,1.548,9.43520654853072
chr21_mat_hsa20,30285567,active,0.374,1.66,9.57227253377421
chr21_mat_hsa20,30289567,active,0.374,1.72,9.730234158230953
chr21_mat_hsa20,30293567,active,0.3715,1.66,9.617224619794637
chr21_mat_hsa20,30297567,active,0.3745,1.664,9.685083924680006
chr21_mat_hsa20,30301567,active,0.3715,1.596,9.551189412137308
chr21_mat_hsa20,30305567,active,0.3715,1.616,9.640588313493947
chr21_mat_hsa20,30309567,active,0.373,1.592,9.609119300026265
chr21_mat_hsa20,30313567,active,0.37,1.576,9.600596937554425
chr21_mat_hsa20,30317567,active,0.376,1.576,9.48632961010821
chr21_mat_hsa20,30321567,active,0.374,1.64,9.651142601367209
chr21_mat_hsa20,30325567,active,0.3745,1.632,9.612194875413463
chr21_mat_hsa20,30329567,active,0.3785,1.66,9.629003961190561
chr21_mat_hsa20,30333567,active,0.3785,1.592,9.555956996632167
chr21_mat_hsa20,30337567,active,0.3695,1.584,9.501718937593873
chr21_mat_hsa20,30341567,active,0.377,1.568,9.481048638122706
chr21_mat_hsa20,30345567,active,0.3685,1.668,9.771087740263079
chr21_mat_hsa20,30349567,active,0.367,1.58,9.56488187955655
chr21_mat_hsa20,30353567,active,0.374,1.628,9.670276903218898
chr21_mat_hsa20,30357567,active,0.368,1.688,9.766079256270345
chr21_mat_hsa20,30361567,active,0.372,1.584,9.56018397781967
chr21_mat_hsa20,30365567,active,0.37,1.52,9.529702843236644
chr21_mat_hsa20,30369567,active,0.3715,1.608,9.601297831496836
chr21_mat_hsa20,30373567,active,0.37,1.62,9.702397255035478
chr21_mat_hsa20,30377567,active,0.3715,1.664,9.64320381360168
chr21_mat_hsa20,30381567,active,0.3725,1.616,9.66975351971838
chr21_mat_hsa20,30385567,active,0.374,1.544,9.526960776650563
chr21_mat_hsa20,30389567,active,0.3735,1.664,9.659300591028464
chr21_mat_hsa20,30393567,active,0.3715,1.616,9.627192302039703
chr21_mat_hsa20,30397567,active,0.375,1.612,9.62610907203884
chr21_mat_hsa20,30401567,active,0.37,1.536,9.509087379660858
chr21_mat_hsa20,30405567,active,0.37,1.588,9.573565181823579
chr21_mat_hsa20,30409567,active,0.3725,1.672,9.659296227594835
chr21_mat_hsa20,30413567,active,0.3715,1.624,9.665100674256324
chr21_mat_hsa20,30417567,active,0.3735,1.596,9.524154571961644
chr21_mat_hsa20,30421567,active,0.374,1.656,9.711592011351069
chr21_mat_hsa20,30425567,active,0.373,1.552,9.531544838223999
chr21_mat_hsa20,30429567,active,0.3715,1.68,9.705385460134247
chr21_mat_hsa20,30433567,active,0.3735,1.592,9.586782189429302
chr21_mat_hsa20,30437567,active,0.3695,1.68,9.752559191356186
chr21_mat_hsa20,30441567,active,0.373,1.54,9.482690707109208
chr21_mat_hsa20,30445567,active,0.368,1.628,9.6295872371454
chr21_mat_hsa20,30449567,active,0.371,1.632,9.61159635458775
chr21_mat_hsa20,30453567,active,0.377,1.552,9.51906396167147
chr21_mat_hsa20,30457567,active,0.3745,1.68,9.657577914837866
chr21_mat_hsa20,30461567,active,0.3685,1.556,9.542376469956698
chr21_mat_hsa20,30465567,active,0.368,1.564,9.509912033071737
chr21_mat_hsa20,30469567,active,0.3735,1.664,9.665164911336936
chr21_mat_hsa20,30473567,active,0.3715,1.624,9.6711342469886
chr21_mat_hsa20,30477567,active,0.371,1.684,9.695737497230864
chr21_mat_hsa20,30481567,active,0.3705,1.636,9.644196932880593
chr21_mat_hsa20,30485567,active,0.377,1.604,9.615049581791688
chr21_mat_hsa20,30489567,active,0.3755,1.62,9.662721101590396
chr21_mat_hsa20,30493567,active,0.3755,1.656,9.6738230335108
chr21_mat_hsa20,30497567,active,0.37,1.612,9.648302443100029
chr21_mat_hsa20,30501567,active,0.3725,1.616,9.631990544266774
chr21_mat_hsa20,30505567,active,0.368,1.62,9.638569791546939
chr21_mat_hsa20,30509567,active,0.3725,1.584,9.57531406978146
chr21_mat_hsa20,30513567,active,0.3745,1.588,9.5870236612722
chr21_mat_hsa20,30517567,active,0.3715,1.5,9.477074867167651
chr21_mat_hsa20,30521567,active,0.3695,1.572,9.539020287227649
chr21_mat_hsa20,30525567,active,0.3715,1.608,9.58909522546712
chr21_mat_hsa20,30529567,active,0.372,1.608,9.693117479213253
chr21_mat_hsa20,30533567,active,0.374,1.616,9.615739394306873
chr21_mat_hsa20,30537567,active,0.374,1.572,9.5653451285224
chr21_mat_hsa20,30541567,active,0.372,1.592,9.570915868609102
chr21_mat_hsa20,30545567,active,0.3725,1.648,9.63170374576256
chr21_mat_hsa20,30549567,active,0.3705,1.632,9.59601902985069
chr21_mat_hsa20,30553567,active,0.371,1.604,9.58384228870805
chr21_mat_hsa20,30557567,active,0.3745,1.628,9.679352893641191
chr21_mat_hsa20,30561567,active,0.374,1.596,9.582074701753353
chr21_mat_hsa20,30565567,active,0.372,1.532,9.47438010454004
chr21_mat_hsa20,30569567,active,0.373,1.62,9.64023716129663
chr21_mat_hsa20,30573567,active,0.3695,1.632,9.649946210813916
chr21_mat_hsa20,30577567,active,0.371,1.616,9.590558514906789
chr21_mat_hsa20,30581567,active,0.3725,1.684,9.677259365033285
chr21_mat_hsa20,30585567,active,0.3775,1.636,9.573334687353276
chr21_mat_hsa20,30589567,active,0.376,1.596,9.556351503169763
chr21_mat_hsa20,30593567,active,0.3735,1.568,9.545583547215486
chr21_mat_hsa20,30597567,active,0.372,1.668,9.677426834856767
chr21_mat_hsa20,30601567,active,0.3735,1.62,9.58610952199195
chr21_mat_hsa20,30605567,active,0.3745,1.684,9.61150535646665
chr21_mat_hsa20,30609567,active,0.373,1.616,9.553168682289815
chr21_mat_hsa20,30613567,active,0.369,1.632,9.663565296691758
chr21_mat_hsa20,30617567,active,0.375,1.616,9.551464520168746
chr21_mat_hsa20,30621567,active,0.371,1.592,9.512342734057569
chr21_mat_hsa20,30625567,active,0.3725,1.6,9.51468675985182
chr21_mat_hsa20,30629567,active,0.375,1.632,9.643346434726435
chr21_mat_hsa20,30633567,active,0.3695,1.596,9.585867259218562
chr21_mat_hsa20,30637567,active,0.3695,1.664,9.673200516770887
chr21_mat_hsa20,30641567,active,0.367,1.6,9.541510260612915
chr21_mat_hsa20,30645567,active,0.3715,1.672,9.684998298209653
chr21_mat_hsa20,30649567,active,0.369,1.672,9.669715790651736
chr21_mat_hsa20,30653567,active,0.3755,1.604,9.536143634917398
chr21_mat_hsa20,30657567,active,0.3725,1.548,9.451362502104537
chr21_mat_hsa20,30661567,active,0.373,1.66,9.700939972152147
chr21_mat_hsa20,30665567,active,0.3735,1.644,9.617891809978182
chr21_mat_hsa20,30669567,active,0.3735,1.544,9.40591416085933
chr21_mat_hsa20,30673567,active,0.374,1.644,9.589274788146325
chr21_mat_hsa20,30677567,active,0.37,1.608,9.560718565609456
chr21_mat_hsa20,30681567,active,0.3735,1.644,9.64334157773441
chr21_mat_hsa20,30685567,active,0.374,1.608,9.560501017735788
chr21_mat_hsa20,30689567,active,0.375,1.66,9.602955299297184
chr21_mat_hsa20,30693567,active,0.372,1.652,9.612877128366707
chr21_mat_hsa20,30697567,active,0.3735,1.628,9.613327292600063
chr21_mat_hsa20,30701567,active,0.3735,1.596,9.559870564742097
chr21_mat_hsa20,30705567,active,0.373,1.58,9.532689503550962
chr21_mat_hsa20,30709567,active,0.37,1.572,9.483796430402558
chr21_mat_hsa20,30713567,active,0.367,1.568,9.492011898223554
chr21_mat_hsa20,30717567,active,0.376,1.548,9.445681809195237
chr21_mat_hsa20,30721567,active,0.3725,1.576,9.506846744720184
chr21_mat_hsa20,30725567,active,0.367,1.584,9.471946527810802
chr21_mat_hsa20,30729567,active,0.3705,1.676,9.659051622434077
chr21_mat_hsa20,30733567,active,0.37,1.672,9.654034570070177
chr21_mat_hsa20,30737567,active,0.373,1.704,9.704424582784148
chr21_mat_hsa20,30741567,active,0.3735,1.644,9.592431703808357
chr21_mat_hsa20,30745567,active,0.372,1.668,9.686691180461981
chr21_mat_hsa20,30749567,active,0.372,1.544,9.421507059073221
chr21_mat_hsa20,30753567,active,0.37,1.672,9.671274657976431
chr21_mat_hsa20,30757567,active,0.376,1.664,9.623774439035216
chr21_mat_hsa20,30761567,active,0.369,1.608,9.54866380166132
chr21_mat_hsa20,30765567,active,0.3745,1.652,9.635717925874486
chr21_mat_hsa20,30769567,active,0.3725,1.736,9.726264817894545
chr21_mat_hsa20,30773567,active,0.3745,1.6,9.533222885253162
chr21_mat_hsa20,30777567,active,0.3765,1.636,9.576367317455684
chr21_mat_hsa20,30781567,active,0.371,1.588,9.500352624635719
chr21_mat_hsa20,30785567,active,0.375,1.56,9.454314657845535
chr21_mat_hsa20,30789567,active,0.373,1.704,9.689052982072091
chr21_mat_hsa20,30793567,active,0.3735,1.592,9.541745889303309
chr21_mat_hsa20,30797567,active,0.3745,1.648,9.55945360178153
chr21_mat_hsa20,30801567,active,0.3725,1.592,9.516677173285732
chr21_mat_hsa20,30805567,active,0.372,1.62,9.569018163033101
chr21_mat_hsa20,30809567,active,0.3735,1.612,9.552411103030737
chr21_mat_hsa20,30813567,active,0.3745,1.616,9.54678551262088
chr21_mat_hsa20,30817567,active,0.3705,1.612,9.605444398797637
chr21_mat_hsa20,30821567,active,0.3705,1.6,9.524664144225444
chr21_mat_hsa20,30825567,active,0.3755,1.68,9.662293144916896
chr21_mat_hsa20,30829567,active,0.37,1.6,9.624074805206272
chr21_mat_hsa20,30833567,active,0.3725,1.72,9.726161470789906
chr21_mat_hsa20,30837567,active,0.371,1.564,9.473373113549737
chr21_mat_hsa20,30841567,active,0.3705,1.628,9.610419057828093
chr21_mat_hsa20,30845567,active,0.372,1.636,9.644648724429533
chr21_mat_hsa20,30849567,active,0.375,1.576,9.500408096985376
chr21_mat_hsa20,30853567,active,0.3745,1.704,9.640646399742833
chr21_mat_hsa20,30857567,active,0.372,1.612,9.587435734707944
chr21_mat_hsa20,30861567,active,0.374,1.58,9.47092486676606
chr21_mat_hsa20,30865567,active,0.3705,1.588,9.516177390479355
chr21_mat_hsa20,30869567,active,0.3745,1.604,9.536671272613894
chr21_mat_hsa20,30873567,active,0.3755,1.672,9.768135663308687
chr21_mat_hsa20,30877567,active,0.371,1.736,9.819423000494009
chr21_mat_hsa20,30881567,active,0.369,1.6,9.571305648319226
chr21_mat_hsa20,30885567,active,0.3725,1.66,9.694480020063642
chr21_mat_hsa20,30889567,active,0.378,1.836,9.897188085302524
chr21_mat_hsa20,30893567,active,0.3745,1.784,9.80544847035927
chr21_mat_hsa20,30897567,active,0.3775,1.604,9.459074332480014
chr21_mat_hsa20,30901567,active,0.363,1.828,9.883371326607376
chr21_mat_hsa20,30905567,active,0.369,1.784,9.841398297590354
chr21_mat_hsa20,30909567,active,0.3645,1.76,9.81250767426245
chr21_mat_hsa20,30913567,active,0.3695,1.804,9.898744687477851
chr21_mat_hsa20,30917567,active,0.3675,1.788,9.85947568621943
chr21_mat_hsa20,30921567,active,0.3695,1.596,9.491576753603091
chr21_mat_hsa20,30925567,active,0.3715,1.744,9.72710259011921
chr21_mat_hsa20,30929567,active,0.372,1.736,9.75157511040183
chr21_mat_hsa20,30933567,active,0.3755,1.608,9.60790259325558
chr21_mat_hsa20,30937567,active,0.3685,1.716,9.69755577353215
chr21_mat_hsa20,30941567,active,0.3625,1.78,9.863738575586467
chr21_mat_hsa20,30945567,active,0.369,1.84,9.938270854303143
chr21_mat_hsa20,30949567,active,0.3775,1.776,9.822921837303662
chr21_mat_hsa20,30953567,active,0.373,1.76,9.835901427695601
chr21_mat_hsa20,30957567,active,0.3775,1.772,9.735524230818195
chr21_mat_hsa20,30961567,active,0.374,1.804,9.812889302513957
chr21_mat_hsa20,30965567,active,0.373,1.48,9.25246748393276
chr21_mat_hsa20,30969567,active,0.369,1.78,9.84435185736495
chr21_mat_hsa20,30973567,active,0.3715,1.648,9.67273243025466
chr21_mat_hsa20,30977567,active,0.371,1.744,9.789167720734861
chr21_mat_hsa20,30981567,active,0.3605,1.796,9.869852059296235
chr21_mat_hsa20,30985567,active,0.3705,1.764,9.849139434061954
chr21_mat_hsa20,30989567,active,0.3645,1.78,9.81936537318899
chr21_mat_hsa20,30993567,active,0.366,1.776,9.888191613527885
chr21_mat_hsa20,30997567,active,0.373,1.564,9.466543473137815
chr21_mat_hsa20,31001567,active,0.3715,1.72,9.789057296410464
chr21_mat_hsa20,31005567,active,0.375,1.772,9.83111349819105
chr21_mat_hsa20,31009567,active,0.372,1.632,9.61367678019322
chr21_mat_hsa20,31013567,active,0.366,1.704,9.792797974913213
chr21_mat_hsa20,31017567,active,0.368,1.792,9.848232704241976
chr21_mat_hsa20,31021567,active,0.367,1.836,10.0130213011553
chr21_mat_hsa20,31025567,active,0.3665,2.096,10.254642129960411
chr21_mat_hsa20,31029567,active,0.377,1.848,9.956994367741158
chr21_mat_hsa20,31033567,active,0.376,1.664,9.599073129259233
chr21_mat_hsa20,31037567,active,0.3735,1.676,9.614305004310747
chr21_mat_hsa20,31041567,active,0.375,1.684,9.593400467413705
chr21_mat_hsa20,31045567,active,0.3755,1.68,9.649699506412531
chr21_mat_hsa20,31049567,active,0.376,1.72,9.68206239710511
chr21_mat_hsa20,31053567,active,0.3725,1.68,9.657056805621252
chr21_mat_hsa20,31057567,active,0.3735,1.684,9.637642760259396
chr21_mat_hsa20,31061567,active,0.375,1.696,9.665338145103181
chr21_mat_hsa20,31065567,active,0.3725,1.684,9.626961452680156
chr21_mat_hsa20,31069567,active,0.374,1.688,9.635451921973102
chr21_mat_hsa20,31073567,active,0.373,1.684,9.64338051405177
chr21_mat_hsa20,31077567,active,0.374,1.696,9.657890612843676
chr21_mat_hsa20,31081567,active,0.3765,1.688,9.632893052423539
chr21_mat_hsa20,31085567,active,0.3745,1.672,9.62919725744527
chr21_mat_hsa20,31089567,active,0.3755,1.684,9.63171936715621
chr21_mat_hsa20,31093567,active,0.3765,1.696,9.646827650196512
chr21_mat_hsa20,31097567,active,0.378,1.644,9.60390666836945
chr21_mat_hsa20,31101567,active,0.3775,1.684,9.643056651664333
chr21_mat_hsa20,31105567,active,0.3775,1.692,9.627311719560145
chr21_mat_hsa20,31109567,active,0.376,1.684,9.684153443641197
chr21_mat_hsa20,31113567,active,0.375,1.672,9.645053721237744
chr21_mat_hsa20,31117567,active,0.376,1.624,9.573918704773298
chr21_mat_hsa20,31121567,active,0.3755,1.644,9.604188012268617
chr21_mat_hsa20,31125567,active,0.3735,1.672,9.607283065237068
chr21_mat_hsa20,31129567,active,0.3735,1.68,9.621824718125644
chr21_mat_hsa20,31133567,active,0.3745,1.672,9.625583754673215
chr21_mat_hsa20,31137567,active,0.375,1.692,9.663371578400453
chr21_mat_hsa20,31141567,active,0.3725,1.66,9.611625753305928
chr21_mat_hsa20,31145567,active,0.374,1.68,9.643813947979046
chr21_mat_hsa20,31149567,active,0.3765,1.632,9.601574128890192
chr21_mat_hsa20,31153567,active,0.375,1.644,9.616816205767904
chr21_mat_hsa20,31157567,active,0.377,1.652,9.629829332461505
chr21_mat_hsa20,31161567,active,0.378,1.668,9.638578307948004
chr21_mat_hsa20,31165567,active,0.3805,1.64,9.621475990313831
chr21_mat_hsa20,31169567,active,0.378,1.632,9.61441659213685
chr21_mat_hsa20,31173567,active,0.379,1.648,9.62521254362196
chr21_mat_hsa20,31177567,active,0.3775,1.636,9.602781517916423
chr21_mat_hsa20,31181567,active,0.376,1.644,9.608832778750159
chr21_mat_hsa20,31185567,active,0.376,1.644,9.606552161982396
chr21_mat_hsa20,31189567,active,0.3755,1.644,9.604188012268617
chr21_mat_hsa20,31193567,active,0.373,1.644,9.591954676561683
chr21_mat_hsa20,31197567,active,0.373,1.648,9.606496329450259
chr21_mat_hsa20,31201567,active,0.3725,1.672,9.605023579649526
chr21_mat_hsa20,31205567,active,0.3735,1.696,9.62584034291884
chr21_mat_hsa20,31209567,active,0.3705,1.668,9.639149178781429
chr21_mat_hsa20,31213567,active,0.3725,1.668,9.65068907033694
chr21_mat_hsa20,31217567,active,0.375,1.656,9.632955141923626
chr21_mat_hsa20,31221567,active,0.3745,1.636,9.603484886665907
chr21_mat_hsa20,31225567,active,0.375,1.628,9.575213390209157
chr21_mat_hsa20,31229567,active,0.374,1.684,9.613496139750731
chr21_mat_hsa20,31233567,active,0.3715,1.7,9.62809040318295
chr21_mat_hsa20,31237567,active,0.375,1.672,9.614192376691136
chr21_mat_hsa20,31241567,active,0.374,1.656,9.604252715667965
chr21_mat_hsa20,31245567,active,0.3755,1.672,9.614388260028678
chr21_mat_hsa20,31249567,active,0.375,1.632,9.607982324175977
chr21_mat_hsa20,31253567,active,0.376,1.676,9.608947609664975
chr21_mat_hsa20,31257567,active,0.376,1.664,9.601229156422777
chr21_mat_hsa20,31261567,active,0.3765,1.676,9.614547140380697
chr21_mat_hsa20,31265567,active,0.376,1.668,9.597494342172814
chr21_mat_hsa20,31269567,active,0.376,1.676,9.607504909930336
chr21_mat_hsa20,31273567,active,0.377,1.664,9.60128774670632
chr21_mat_hsa20,31277567,active,0.375,1.656,9.589472050359529
chr21_mat_hsa20,31281567,active,0.3725,1.676,9.592579009174761
chr21_mat_hsa20,31285567,active,0.374,1.672,9.610007261620474
chr21_mat_hsa20,31289567,active,0.375,1.684,9.618784422858191
chr21_mat_hsa20,31293567,active,0.3735,1.676,9.607064519770399
chr21_mat_hsa20,31297567,active,0.3745,1.676,9.614880505329708
chr21_mat_hsa20,31301567,active,0.373,1.688,9.631218826544346
chr21_mat_hsa20,31305567,active,0.3755,1.684,9.621114204586021
chr21_mat_hsa20,31309567,active,0.3745,1.676,9.61117454356285
chr21_mat_hsa20,31313567,active,0.374,1.632,9.597063156246113
chr21_mat_hsa20,31317567,active,0.376,1.696,9.65393761902577
chr21_mat_hsa20,31321567,active,0.3765,1.684,9.636562995816922
chr21_mat_hsa20,31325567,active,0.377,1.7,9.634780993593873
chr21_mat_hsa20,31329567,active,0.375,1.684,9.624826181130363
chr21_mat_hsa20,31333567,active,0.376,1.688,9.624549301508026
chr21_mat_hsa20,31337567,active,0.3765,1.704,9.67249149914261
chr21_mat_hsa20,31341567,active,0.378,1.636,9.582200675949585
chr21_mat_hsa20,31345567,active,0.375,1.708,9.649333146637018
chr21_mat_hsa20,31349567,active,0.372,1.696,9.622308999933328
chr21_mat_hsa20,31353567,active,0.3725,1.712,9.64485607774178
chr21_mat_hsa20,31357567,active,0.3735,1.684,9.59923977311468
chr21_mat_hsa20,31361567,active,0.3735,1.644,9.610407373071606
chr21_mat_hsa20,31365567,active,0.3745,1.688,9.631239880486458
chr21_mat_hsa20,31369567,active,0.372,1.644,9.6280332747295
chr21_mat_hsa20,31373567,active,0.3755,1.632,9.597377516071973
chr21_mat_hsa20,31377567,active,0.3735,1.672,9.604252715667965
chr21_mat_hsa20,31381567,active,0.375,1.656,9.60143628138003
chr21_mat_hsa20,31385567,active,0.375,1.648,9.594683634001747
chr21_mat_hsa20,31389567,active,0.375,1.676,9.607563244085998
chr21_mat_hsa20,31393567,active,0.377,1.624,9.548130188984837
chr21_mat_hsa20,31397567,active,0.377,1.688,9.622356071369015
chr21_mat_hsa20,31401567,active,0.3715,1.692,9.627428667604475
chr21_mat_hsa20,31405567,active,0.374,1.64,9.613794019682166
chr21_mat_hsa20,31409567,active,0.3745,1.636,9.604719719978164
chr21_mat_hsa20,31413567,active,0.3715,1.596,9.525370426751124
chr21_mat_hsa20,31417567,active,0.3725,1.672,9.619519977398664
chr21_mat_hsa20,31421567,active,0.374,1.68,9.657914093676112
chr21_mat_hsa20,31425567,active,0.376,1.684,9.631606960626838
chr21_mat_hsa20,31429567,active,0.373,1.664,9.62744653209082
chr21_mat_hsa20,31433567,active,0.3745,1.68,9.624997012034541
chr21_mat_hsa20,31437567,active,0.3735,1.7,9.665392771933071
chr21_mat_hsa20,31441567,active,0.375,1.696,9.664021053666001
chr21_mat_hsa20,31445567,active,0.373,1.692,9.65124001569238
chr21_mat_hsa20,31449567,active,0.373,1.684,9.635271222608674
chr21_mat_hsa20,31453567,active,0.374,1.676,9.62208130637129
chr21_mat_hsa20,31457567,active,0.3735,1.664,9.617725381496715
chr21_mat_hsa20,31461567,active,0.374,1.628,9.60572300604564
chr21_mat_hsa20,31465567,active,0.3755,1.652,9.599160238659923
chr21_mat_hsa20,31469567,active,0.3745,1.66,9.60968077235275
chr21_mat_hsa20,31473567,active,0.3765,1.644,9.62487040614407
chr21_mat_hsa20,31477567,active,0.378,1.644,9.595586752752547
chr21_mat_hsa20,31481567,active,0.376,1.7,9.662398118803987
chr21_mat_hsa20,31485567,active,0.376,1.684,9.630958792715141
chr21_mat_hsa20,31489567,active,0.376,1.676,9.6132212553144
chr21_mat_hsa20,31493567,active,0.378,1.684,9.644458571968874
chr21_mat_hsa20,31497567,active,0.375,1.684,9.610900421691918
chr21_mat_hsa20,31501567,active,0.374,1.688,9.618155903196401
chr21_mat_hsa20,31505567,active,0.373,1.676,9.615662645968577
chr21_mat_hsa20,31509567,active,0.375,1.684,9.622280945053209
chr21_mat_hsa20,31513567,active,0.3725,1.696,9.652970351331758
chr21_mat_hsa20,31517567,active,0.3725,1.704,9.659186516962782
chr21_mat_hsa20,31521567,active,0.3725,1.672,9.612460579221688
chr21_mat_hsa20,31525567,active,0.3725,1.64,9.609192492053825
chr21_mat_hsa20,31529567,active,0.3735,1.676,9.616971330775556
chr21_mat_hsa20,31533567,active,0.3755,1.68,9.603806023834712
chr21_mat_hsa20,31537567,active,0.3755,1.64,9.596155386209508
chr21_mat_hsa20,31541567,active,0.377,1.7,9.64886468049676
chr21_mat_hsa20,31545567,active,0.378,1.632,9.587066843987532
chr21_mat_hsa20,31549567,active,0.3775,1.704,9.640780254478033
chr21_mat_hsa20,31553567,active,0.375,1.68,9.617075453426606
chr21_mat_hsa20,31557567,active,0.376,1.676,9.620143083209284
chr21_mat_hsa20,31561567,active,0.379,1.7,9.642806752090994
chr21_mat_hsa20,31565567,active,0.3765,1.664,9.588285938870529
chr21_mat_hsa20,31569567,active,0.3675,1.808,9.950752240754404
chr21_mat_hsa20,31573567,active,0.375,1.704,9.716851991248612
chr21_mat_hsa20,31577567,active,0.376,1.82,9.932194784182878
chr21_mat_hsa20,31581567,active,0.37,1.904,10.094792685536632
chr21_mat_hsa20,31585567,active,0.3735,1.684,9.606514980107189
chr21_mat_hsa20,31589567,active,0.372,1.916,10.083211982018227
chr21_mat_hsa20,31593567,active,0.3695,1.776,9.871428758574549
chr21_mat_hsa20,31597567,active,0.375,1.684,9.657886847831582
chr21_mat_hsa20,31601567,active,0.372,1.848,9.895559695835459
chr21_mat_hsa20,31605567,active,0.374,1.708,9.686216512535264
chr21_mat_hsa20,31609567,active,0.377,1.676,9.671940497649334
chr21_mat_hsa20,31613567,active,0.377,1.64,9.622393628810674
chr21_mat_hsa20,31617567,active,0.376,1.688,9.679117540630376
chr21_mat_hsa20,31621567,active,0.373,1.696,9.633590972284269
chr21_mat_hsa20,31625567,active,0.3745,1.644,9.621178443748333
chr21_mat_hsa20,31629567,active,0.377,1.648,9.624288979018228
chr21_mat_hsa20,31633567,active,0.3745,1.712,9.688930595763086
chr21_mat_hsa20,31637567,active,0.3785,1.912,10.103927946276622
chr21_mat_hsa20,31641567,active,0.3675,1.828,9.945019004871838
chr21_mat_hsa20,31645567,active,0.3725,1.648,9.62446995561073
chr21_mat_hsa20,31649567,active,0.372,1.832,9.938137297896269
chr21_mat_hsa20,31653567,active,0.377,1.836,9.948111764325994
chr21_mat_hsa20,31657567,active,0.373,1.844,9.994700963469255
chr21_mat_hsa20,31661567,active,0.37,1.844,9.94580976025011
chr21_mat_hsa20,31665567,active,0.3785,1.804,9.939129348060316
chr21_mat_hsa20,31669567,active,0.375,1.856,10.009589327883416
chr21_mat_hsa20,31673567,active,0.378,1.688,9.634004403495432
chr21_mat_hsa20,31677567,active,0.3745,1.652,9.598065269144112
chr21_mat_hsa20,31681567,active,0.374,1.736,9.713345877821412
chr21_mat_hsa20,31685567,active,0.3745,1.704,9.679417540902724
chr21_mat_hsa20,31689567,active,0.373,1.672,9.600431173300088
chr21_mat_hsa20,31693567,active,0.3715,1.672,9.60361673083112
chr21_mat_hsa20,31697567,active,0.371,1.688,9.628660898449922
chr21_mat_hsa20,31701567,active,0.374,1.668,9.605978421121828
chr21_mat_hsa20,31705567,active,0.3725,1.68,9.621313477369249
chr21_mat_hsa20,31709567,active,0.373,1.68,9.607566356303602
chr21_mat_hsa20,31713567,active,0.3735,1.684,9.64961421330809
chr21_mat_hsa20,31717567,active,0.375,1.692,9.633932168306998
chr21_mat_hsa20,31721567,active,0.372,1.644,9.610586061866023
chr21_mat_hsa20,31725567,active,0.3755,1.652,9.615020612272993
chr21_mat_hsa20,31729567,active,0.377,1.652,9.632611321525442
chr21_mat_hsa20,31733567,active,0.3795,1.708,9.690086171848693
chr21_mat_hsa20,31737567,active,0.378,1.656,9.61385900602588
chr21_mat_hsa20,31741567,active,0.377,1.724,9.676872033313712
chr21_mat_hsa20,31745567,active,0.3765,1.652,9.59467752088591
chr21_mat_hsa20,31749567,active,0.377,1.656,9.617587152703848
chr21_mat_hsa20,31753567,active,0.3745,1.72,9.692847848435655
chr21_mat_hsa20,31757567,active,0.376,1.64,9.610486081558339
chr21_mat_hsa20,31761567,active,0.3735,1.856,9.99599344560989
chr21_mat_hsa20,31765567,active,0.376,1.832,9.974452390520057
chr21_mat_hsa20,31769567,active,0.385,1.82,9.892193578032138
chr21_mat_hsa20,31773567,active,0.3705,1.912,10.042469123595192
chr21_mat_hsa20,31777567,active,0.373,1.856,10.049155881423633
chr21_mat_hsa20,31781567,active,0.378,1.892,10.123817374213822
chr21_mat_hsa20,31813567,inactive,0.3665,1.872,10.049204465110984
chr21_mat_hsa20,31817567,inactive,0.37,1.856,10.119742238782194
chr23_mat_hsa22,27923505,inactive,0.361,1.816,10.008474676036407
chr23_mat_hsa22,27927505,inactive,0.369,1.852,9.991623515647932
chr23_mat_hsa22,27931505,inactive,0.372,1.864,9.96256881194227
chr23_mat_hsa22,27935505,inactive,0.374,1.848,9.951806734884697
chr23_mat_hsa22,27939505,inactive,0.3725,1.832,9.905858273515657
chr23_mat_hsa22,27943505,inactive,0.3755,1.812,9.9211086122151
chr23_mat_hsa22,27947505,inactive,0.3705,1.796,9.878697348416598
chr23_mat_hsa22,27951505,inactive,0.371,1.8,9.897634532440437
chr23_mat_hsa22,27955505,inactive,0.372,1.812,9.904498014747125
chr23_mat_hsa22,27959505,inactive,0.372,1.8,9.92389454934866
chr23_mat_hsa22,27963505,inactive,0.374,1.84,9.962449454896527
chr23_mat_hsa22,27967505,inactive,0.3745,1.812,9.909468769673229
chr23_mat_hsa22,27971505,inactive,0.371,1.788,9.87548678241742
chr23_mat_hsa22,27975505,inactive,0.376,1.82,9.93711433104615
chr23_mat_hsa22,27979505,inactive,0.3755,1.8,9.903447019833397
chr23_mat_hsa22,27983505,inactive,0.372,1.816,9.90318514134293
chr23_mat_hsa22,27987505,inactive,0.379,1.844,9.961666828920354
chr23_mat_hsa22,27991505,inactive,0.3725,1.812,9.908795736337145
chr23_mat_hsa22,27995505,inactive,0.373,1.812,9.904916495675572
chr23_mat_hsa22,27999505,inactive,0.373,1.844,9.972005201418684
chr23_mat_hsa22,28003505,inactive,0.373,1.804,9.885867840861271
chr23_mat_hsa22,28007505,inactive,0.3755,1.78,9.835566666722123
chr23_mat_hsa22,28011505,inactive,0.3715,1.828,9.920093530071725
chr23_mat_hsa22,28015505,inactive,0.375,1.864,9.982887083418762
chr23_mat_hsa22,28019505,inactive,0.374,1.804,9.884619223551866
chr23_mat_hsa22,28023505,inactive,0.373,1.784,9.848481796861508
chr23_mat_hsa22,28027505,inactive,0.3725,1.808,9.914986389465492
chr23_mat_hsa22,28031505,inactive,0.3725,1.84,9.927940738866614
chr23_mat_hsa22,28035505,inactive,0.3725,1.836,9.941897692219271
chr23_mat_hsa22,28039505,inactive,0.371,1.852,9.97668753105814
chr23_mat_hsa22,28043505,inactive,0.3715,1.828,9.9256541130376
chr23_mat_hsa22,28047505,inactive,0.37,1.816,9.908626124116223
chr23_mat_hsa22,28051505,inactive,0.3705,1.824,9.940859728405025
chr23_mat_hsa22,28055505,inactive,0.3745,1.84,9.927231583102433
chr23_mat_hsa22,28059505,inactive,0.374,1.816,9.896301286253667
chr23_mat_hsa22,28063505,inactive,0.374,1.792,9.80692349497702
chr23_mat_hsa22,28067505,inactive,0.3715,1.804,9.885107669759481
chr23_mat_hsa22,28071505,inactive,0.3755,1.84,9.942752160668695
chr23_mat_hsa22,28075505,inactive,0.374,1.812,9.906392263307051
chr23_mat_hsa22,28079505,inactive,0.3745,1.756,9.790006805221145
chr23_mat_hsa22,28083505,inactive,0.372,1.812,9.89643241101029
chr23_mat_hsa22,28087505,inactive,0.3735,1.78,9.837674990755694
chr23_mat_hsa22,28091505,inactive,0.3715,1.82,9.906034868785689
chr23_mat_hsa22,28095505,inactive,0.375,1.776,9.795187776221885
chr23_mat_hsa22,28099505,inactive,0.3725,1.824,9.928420667716825
chr23_mat_hsa22,28103505,inactive,0.374,1.812,9.924113824847977
chr23_mat_hsa22,28107505,inactive,0.3715,1.784,9.846107601562524
chr23_mat_hsa22,28111505,inactive,0.3715,1.824,9.973757582876946
chr23_mat_hsa22,28115505,inactive,0.3715,1.816,9.923914191882307
chr23_mat_hsa22,28119505,inactive,0.371,1.804,9.880135679809811
chr23_mat_hsa22,28123505,inactive,0.3725,1.82,9.938911026188704
chr23_mat_hsa22,28127505,inactive,0.372,1.824,9.941966499713002
chr23_mat_hsa22,28131505,inactive,0.3725,1.84,9.941051901911903
chr23_mat_hsa22,28135505,inactive,0.371,1.836,9.910755963117543
chr23_mat_hsa22,28139505,inactive,0.372,1.832,9.948857354783916
chr23_mat_hsa22,28143505,inactive,0.3715,1.812,9.926392708273829
chr23_mat_hsa22,28147505,inactive,0.3685,1.828,9.93479904224784
chr23_mat_hsa22,28151505,inactive,0.3735,1.828,9.95739815253866
chr23_mat_hsa22,28155505,inactive,0.3725,1.808,9.923654152336855
chr23_mat_hsa22,28159505,inactive,0.371,1.86,9.946956515890033
chr23_mat_hsa22,28163505,inactive,0.366,1.736,9.711825814394416
chr23_mat_hsa22,28167505,inactive,0.3715,1.82,9.912127187826199
chr23_mat_hsa22,28171505,inactive,0.368,1.84,9.945824807635846
chr23_mat_hsa22,28175505,inactive,0.3675,1.844,9.929164994786214
chr23_mat_hsa22,28179505,inactive,0.369,1.84,9.975219445524191
chr23_mat_hsa22,28183505,inactive,0.368,1.844,9.991597858336796
chr23_mat_hsa22,28187505,inactive,0.369,1.868,10.000491520530483
chr23_mat_hsa22,28191505,inactive,0.3685,1.844,9.999664741062485
chr23_mat_hsa22,28195505,inactive,0.368,1.844,9.946370354524113
chr23_mat_hsa22,28199505,inactive,0.3695,1.864,10.005899093113323
chr23_mat_hsa22,28203505,inactive,0.371,1.808,9.916969105201568
chr23_mat_hsa22,28207505,inactive,0.375,1.86,10.02671412875702
chr23_mat_hsa22,28211505,inactive,0.3715,1.848,9.968173215034042
chr23_mat_hsa22,28215505,inactive,0.371,1.808,9.917231542315983
chr23_mat_hsa22,28219505,inactive,0.3715,1.836,9.978474661785025
chr23_mat_hsa22,28223505,inactive,0.367,1.848,9.96151773979044
chr23_mat_hsa22,28227505,inactive,0.3685,1.808,9.947705443823628
chr23_mat_hsa22,28231505,inactive,0.373,1.832,9.961258414893646
chr23_mat_hsa22,28235505,inactive,0.367,1.888,10.050241404515738
chr23_mat_hsa22,28239505,inactive,0.371,1.876,9.986245314966784
chr23_mat_hsa22,28243505,inactive,0.3665,1.78,9.82461805382019
chr23_mat_hsa22,28247505,inactive,0.367,1.82,9.866249937236091
chr23_mat_hsa22,28251505,inactive,0.367,1.804,9.854416137423817
chr23_mat_hsa22,28255505,inactive,0.371,1.864,9.95854681218916
chr23_mat_hsa22,28259505,inactive,0.3685,1.744,9.74958949877843
chr23_mat_hsa22,28263505,inactive,0.367,1.776,9.841852847313852
chr23_mat_hsa22,28267505,inactive,0.368,1.82,9.938753226384017
chr23_mat_hsa22,28271505,inactive,0.3715,1.82,9.922471014929554
chr23_mat_hsa22,28275505,inactive,0.3695,1.792,9.888679229599708
chr23_mat_hsa22,28279505,inactive,0.365,1.852,9.98063148655159
chr23_mat_hsa22,28283505,inactive,0.373,1.808,9.897858964216448
chr23_mat_hsa22,28287505,inactive,0.3725,1.764,9.84381866111892
chr23_mat_hsa22,28291505,inactive,0.369,1.816,9.93869028314306
chr23_mat_hsa22,28295505,inactive,0.371,1.808,9.909798724076273
chr23_mat_hsa22,28299505,inactive,0.3705,1.852,9.966624603168583
chr23_mat_hsa22,28303505,inactive,0.375,1.808,9.886835740249552
chr23_mat_hsa22,28307505,inactive,0.37,1.78,9.830495720282084
chr23_mat_hsa22,28311505,inactive,0.3735,1.812,9.915122420679436
chr23_mat_hsa22,28315505,inactive,0.37,1.82,9.88974631169267
chr23_mat_hsa22,28319505,inactive,0.3685,1.78,9.828332084091377
chr23_mat_hsa22,28323505,inactive,0.3745,1.808,9.898017976988145
chr23_mat_hsa22,28327505,inactive,0.3745,1.812,9.874821208540112
chr23_mat_hsa22,28331505,inactive,0.368,1.804,9.888369664911753
chr23_mat_hsa22,28335505,inactive,0.372,1.832,9.961426797807247
chr23_mat_hsa22,28339505,inactive,0.3685,1.78,9.811008747731979
chr23_mat_hsa22,28343505,inactive,0.3715,1.84,9.953176989773185
chr23_mat_hsa22,28347505,inactive,0.377,1.836,9.91446062896306
chr23_mat_hsa22,28351505,inactive,0.368,1.836,9.90056786435108
chr23_mat_hsa22,28355505,inactive,0.371,1.8,9.885296964311596
chr23_mat_hsa22,28359505,inactive,0.3735,1.812,9.869547124793778
chr23_mat_hsa22,28363505,inactive,0.37,1.876,9.988220859096225
chr23_mat_hsa22,28367505,inactive,0.368,1.604,9.483594029209367
chr23_mat_hsa22,28371505,inactive,0.3745,1.824,9.917355334317199
chr23_mat_hsa22,28375505,inactive,0.3705,1.768,9.791399720690277
chr23_mat_hsa22,28379505,inactive,0.3705,1.832,9.919352958346778
chr23_mat_hsa22,28383505,inactive,0.3705,1.78,9.84717008124279
chr23_mat_hsa22,28387505,inactive,0.368,1.764,9.800646179752556
chr23_mat_hsa22,28391505,inactive,0.374,1.82,9.94822717901833
chr23_mat_hsa22,28395505,inactive,0.374,1.816,9.910670779783992
chr23_mat_hsa22,28399505,inactive,0.372,1.836,9.925584890179888
chr23_mat_hsa22,28403505,inactive,0.373,1.82,9.913146677516336
chr23_mat_hsa22,28407505,inactive,0.373,1.82,9.917049160031237
chr23_mat_hsa22,28411505,inactive,0.3715,1.836,9.902250496860436
chr23_mat_hsa22,28415505,inactive,0.3715,1.832,9.923471188779434
chr23_mat_hsa22,28419505,inactive,0.3715,1.86,9.93981741734958
chr23_mat_hsa22,28423505,inactive,0.368,1.836,9.926546150361158
chr23_mat_hsa22,28427505,inactive,0.3695,1.88,9.968889841689519
chr23_mat_hsa22,28431505,inactive,0.373,1.86,9.926045769941746
chr23_mat_hsa22,28435505,inactive,0.3715,1.836,9.909002429590075
chr23_mat_hsa22,28439505,inactive,0.3725,1.848,9.936886339155771
chr23_mat_hsa22,28443505,inactive,0.3725,1.836,9.922889568928358
chr23_mat_hsa22,28447505,inactive,0.3715,1.804,9.87101750384208
chr23_mat_hsa22,28451505,inactive,0.3715,1.82,9.877884152955712
chr23_mat_hsa22,28455505,inactive,0.377,1.836,9.910923764758445
chr23_mat_hsa22,28459505,inactive,0.374,1.788,9.865716877467293
chr23_mat_hsa22,28463505,inactive,0.374,1.848,9.931447782316447
chr23_mat_hsa22,28467505,inactive,0.374,1.82,9.91087338683137
chr23_mat_hsa22,28471505,inactive,0.3695,1.804,9.887501634511766
chr23_mat_hsa22,28475505,inactive,0.3765,1.808,9.889066610784559
chr23_mat_hsa22,28479505,inactive,0.377,1.844,9.918903725092399
chr23_mat_hsa22,28483505,inactive,0.3725,1.796,9.859315543435107
chr23_mat_hsa22,28487505,inactive,0.3775,1.844,9.961486649930844
chr23_mat_hsa22,28491505,inactive,0.3755,1.836,9.923614324985929
chr23_mat_hsa22,28495505,inactive,0.372,1.796,9.853345084612467
chr23_mat_hsa22,28499505,inactive,0.377,1.844,9.950733029925058
chr23_mat_hsa22,28503505,inactive,0.375,1.828,9.8763070992112
chr23_mat_hsa22,28507505,inactive,0.3695,1.788,9.892180629887042
chr23_mat_hsa22,28511505,inactive,0.3705,1.864,10.008312428887427
chr23_mat_hsa22,28515505,inactive,0.3705,1.852,9.90328120611373
chr23_mat_hsa22,28519505,inactive,0.3725,1.832,9.890932810180658
chr23_mat_hsa22,28523505,inactive,0.374,1.848,9.890602468778654
chr23_mat_hsa22,28527505,inactive,0.3705,1.792,9.812825832589592
chr23_mat_hsa22,28531505,inactive,0.3725,1.792,9.822738734654036
chr23_mat_hsa22,28535505,inactive,0.378,1.808,9.875584303302038
chr23_mat_hsa22,28539505,inactive,0.373,1.824,9.829930719417687
chr23_mat_hsa22,28543505,inactive,0.374,1.784,9.825862501013404
chr23_mat_hsa22,28547505,inactive,0.3745,1.784,9.852961413850453
chr23_mat_hsa22,28551505,inactive,0.3715,1.796,9.818651061681352
chr23_mat_hsa22,28555505,inactive,0.3715,1.792,9.85030865029256
chr23_mat_hsa22,28559505,inactive,0.3745,1.8,9.842448073820837
chr23_mat_hsa22,28563505,inactive,0.371,1.776,9.788228722702739
chr23_mat_hsa22,28567505,inactive,0.3735,1.824,9.872526154980683
chr23_mat_hsa22,28571505,inactive,0.373,1.78,9.823821499994734
chr23_mat_hsa22,28575505,inactive,0.372,1.78,9.79702203869004
chr23_mat_hsa22,28579505,inactive,0.373,1.828,9.888425387672998
chr23_mat_hsa22,28583505,inactive,0.374,1.78,9.8227210417926
chr23_mat_hsa22,28587505,inactive,0.3745,1.78,9.812468986808161
chr23_mat_hsa22,28591505,inactive,0.373,1.82,9.880330234693236
chr23_mat_hsa22,28595505,inactive,0.372,1.784,9.82792121790637
chr23_mat_hsa22,28599505,inactive,0.372,1.796,9.829304868836676
chr23_mat_hsa22,28603505,inactive,0.3735,1.828,9.896000843800875
chr23_mat_hsa22,28607505,inactive,0.375,1.792,9.855830125316084
chr23_mat_hsa22,28611505,inactive,0.3755,1.804,9.880335555922308
chr23_mat_hsa22,28615505,inactive,0.3735,1.8,9.871141783685449
chr23_mat_hsa22,28619505,inactive,0.375,1.804,9.848566437171394
chr23_mat_hsa22,28623505,inactive,0.37,1.776,9.784991142573302
chr23_mat_hsa22,28627505,inactive,0.3775,1.82,9.929747960980228
chr23_mat_hsa22,28631505,inactive,0.3735,1.784,9.825520302637708
chr23_mat_hsa22,28635505,inactive,0.3725,1.76,9.804305540993363
chr23_mat_hsa22,28639505,inactive,0.375,1.808,9.906332216909743
chr23_mat_hsa22,28643505,inactive,0.3745,1.792,9.835649373700102
chr23_mat_hsa22,28647505,inactive,0.3745,1.808,9.87104492131164
chr23_mat_hsa22,28651505,inactive,0.3765,1.788,9.879369661387782
chr23_mat_hsa22,28655505,inactive,0.3715,1.784,9.841000183728207
chr23_mat_hsa22,28659505,inactive,0.373,1.792,9.851800188886092
chr23_mat_hsa22,28663505,inactive,0.378,1.8,9.881726423164615
chr23_mat_hsa22,28667505,inactive,0.3745,1.796,9.869406525248428
chr23_mat_hsa22,28671505,inactive,0.376,1.824,9.884486310271829
chr23_mat_hsa22,28675505,inactive,0.377,1.784,9.882212361076085
chr23_mat_hsa22,28679505,inactive,0.373,1.784,9.845331531838994
chr23_mat_hsa22,28683505,inactive,0.374,1.812,9.886506943631998
chr23_mat_hsa22,28687505,inactive,0.3765,1.792,9.874535407628933
chr23_mat_hsa22,28691505,inactive,0.375,1.788,9.858695479868771
chr23_mat_hsa22,28695505,inactive,0.3755,1.824,9.910133479333494
chr23_mat_hsa22,28699505,inactive,0.3735,1.784,9.845634727283295
chr23_mat_hsa22,28703505,inactive,0.373,1.768,9.808673760262158
chr23_mat_hsa22,28707505,inactive,0.3735,1.796,9.877569744256768
chr23_mat_hsa22,28711505,inactive,0.3755,1.788,9.860339170344567
chr23_mat_hsa22,28715505,inactive,0.375,1.768,9.804045889995365
chr23_mat_hsa22,28719505,inactive,0.3755,1.812,9.884142572827974
chr23_mat_hsa22,28723505,inactive,0.375,1.776,9.848113958323475
chr23_mat_hsa22,28727505,inactive,0.3745,1.76,9.823029669785326
chr23_mat_hsa22,28731505,inactive,0.375,1.8,9.888245402957224
chr23_mat_hsa22,28735505,inactive,0.3775,1.792,9.860669756441883
chr23_mat_hsa22,28739505,inactive,0.3745,1.784,9.862487809571146
chr23_mat_hsa22,28743505,inactive,0.3725,1.804,9.871283186550055
chr23_mat_hsa22,28747505,inactive,0.3755,1.804,9.854103982441657
chr23_mat_hsa22,28751505,inactive,0.3755,1.78,9.850104664369432
chr23_mat_hsa22,28755505,inactive,0.376,1.82,9.913920293533037
chr23_mat_hsa22,28759505,inactive,0.375,1.804,9.866663639959098
chr23_mat_hsa22,28763505,inactive,0.375,1.792,9.874529537659896
chr23_mat_hsa22,28767505,inactive,0.376,1.816,9.909079726668343
chr23_mat_hsa22,28771505,inactive,0.3745,1.784,9.831364305138322
chr23_mat_hsa22,28775505,inactive,0.3755,1.8,9.850998517989263
chr23_mat_hsa22,28779505,inactive,0.3755,1.808,9.86275509796136
chr23_mat_hsa22,28783505,inactive,0.3765,1.796,9.885699097765219
chr23_mat_hsa22,28787505,inactive,0.3725,1.788,9.845684910936606
chr23_mat_hsa22,28791505,inactive,0.375,1.82,9.893950173355636
chr23_mat_hsa22,28795505,inactive,0.377,1.784,9.863839823450467
chr23_mat_hsa22,28799505,inactive,0.374,1.78,9.837121131624103
chr23_mat_hsa22,28803505,inactive,0.3745,1.804,9.877201013728834
chr23_mat_hsa22,28807505,inactive,0.374,1.796,9.854496773526211
chr23_mat_hsa22,28811505,inactive,0.3735,1.78,9.832013276369223
chr23_mat_hsa22,28815505,inactive,0.3755,1.812,9.889414236948797
chr23_mat_hsa22,28819505,inactive,0.3745,1.8,9.870159253231753
chr23_mat_hsa22,28823505,inactive,0.374,1.776,9.81785691685736
chr23_mat_hsa22,28827505,inactive,0.3755,1.848,9.920863508736007
chr23_mat_hsa22,28831505,inactive,0.3745,1.82,9.891899226638607
chr23_mat_hsa22,28835505,inactive,0.3755,1.8,9.871589228416347
chr23_mat_hsa22,28839505,inactive,0.3765,1.824,9.902669216767993
chr23_mat_hsa22,28843505,inactive,0.377,1.84,9.90346893323264
chr23_mat_hsa22,28847505,inactive,0.375,1.84,9.894219366712669
chr23_mat_hsa22,28851505,inactive,0.3745,1.816,9.919507856547915
chr23_mat_hsa22,28855505,inactive,0.377,1.82,9.894233693733497
chr23_mat_hsa22,28859505,inactive,0.376,1.788,9.872077646851153
chr23_mat_hsa22,28863505,inactive,0.3755,1.84,9.930997591266614
chr23_mat_hsa22,28867505,inactive,0.374,1.84,9.901986875144074
chr23_mat_hsa22,28871505,inactive,0.376,1.8,9.894496878029322
chr23_mat_hsa22,28875505,inactive,0.3745,1.844,9.952484192700062
chr23_mat_hsa22,28879505,inactive,0.377,1.836,9.938310278462646
chr23_mat_hsa22,28883505,inactive,0.376,1.816,9.911202770437914
chr23_mat_hsa22,28887505,inactive,0.377,1.848,9.966358300938895
chr23_mat_hsa22,28891505,inactive,0.375,1.832,9.902635208964483
chr23_mat_hsa22,28895505,inactive,0.3725,1.792,9.85122237896877
chr23_mat_hsa22,28899505,inactive,0.3795,1.824,9.921830887749357
chr23_mat_hsa22,28903505,inactive,0.375,1.828,9.901231029226892
chr23_mat_hsa22,28907505,inactive,0.373,1.78,9.860413304783624
chr23_mat_hsa22,28911505,inactive,0.377,1.84,9.95924706872105
chr23_mat_hsa22,28915505,inactive,0.3745,1.812,9.889180318951512
chr23_mat_hsa22,28919505,inactive,0.3725,1.788,9.844461928289592
chr23_mat_hsa22,28923505,inactive,0.3765,1.828,9.945401951101216
chr23_mat_hsa22,28927505,inactive,0.376,1.844,9.938836780430261
chr23_mat_hsa22,28931505,inactive,0.374,1.812,9.879675863446563
chr23_mat_hsa22,28935505,inactive,0.3745,1.824,9.91577348543476
chr23_mat_hsa22,28939505,inactive,0.3725,1.788,9.859309557022641
chr23_mat_hsa22,28943505,inactive,0.374,1.828,9.89071471511556
chr23_mat_hsa22,28947505,inactive,0.376,1.8,9.891858822774932
chr23_mat_hsa22,28951505,inactive,0.3725,1.796,9.85360856878515
chr23_mat_hsa22,28955505,inactive,0.3725,1.804,9.8865471264054
chr23_mat_hsa22,28959505,inactive,0.3725,1.82,9.91304316450299
chr23_mat_hsa22,28963505,inactive,0.3765,1.816,9.886314444023917
chr23_mat_hsa22,28967505,inactive,0.374,1.776,9.833458989983136
chr23_mat_hsa22,28971505,inactive,0.374,1.808,9.861975998974575
chr23_mat_hsa22,28975505,inactive,0.3745,1.808,9.88802995432416
chr23_mat_hsa22,28979505,inactive,0.372,1.812,9.872261812899382
chr23_mat_hsa22,28983505,inactive,0.3735,1.832,9.911484772847887
chr23_mat_hsa22,28987505,inactive,0.3775,1.816,9.928217978671414
chr23_mat_hsa22,28991505,inactive,0.373,1.812,9.887525192582293
chr23_mat_hsa22,28995505,inactive,0.372,1.812,9.89520008087013
chr23_mat_hsa22,28999505,inactive,0.3775,1.816,9.903702163397746
chr23_mat_hsa22,29003505,inactive,0.3725,1.816,9.890271357546462
chr23_mat_hsa22,29007505,inactive,0.373,1.808,9.91406473137718
chr23_mat_hsa22,29011505,inactive,0.376,1.844,9.925358305530253
chr23_mat_hsa22,29015505,inactive,0.3715,1.788,9.871723952276426
chr23_mat_hsa22,29019505,inactive,0.3735,1.8,9.890672439774079
chr23_mat_hsa22,29023505,inactive,0.3695,1.816,9.919549999469734
chr23_mat_hsa22,29027505,inactive,0.3685,1.872,10.000756294316073
chr23_mat_hsa22,29031505,inactive,0.3735,1.832,9.920487640682701
chr23_mat_hsa22,29035505,inactive,0.367,1.796,9.90511257328683
chr23_mat_hsa22,29039505,inactive,0.3675,1.84,9.985494453701328
chr23_mat_hsa22,29043505,inactive,0.3675,1.772,9.863335666586403
chr23_mat_hsa22,29047505,inactive,0.368,1.752,9.856937422715236
chr23_mat_hsa22,29051505,inactive,0.3685,1.752,9.854048897090973
chr23_mat_hsa22,29055505,inactive,0.3685,1.824,9.934583233432326
chr23_mat_hsa22,29059505,inactive,0.371,1.784,9.865462731495953
chr23_mat_hsa22,29063505,inactive,0.3725,1.776,9.89225109920082
chr23_mat_hsa22,29067505,inactive,0.367,1.796,9.925075854267222
chr23_mat_hsa22,29071505,inactive,0.3675,1.788,9.877208235757042
chr23_mat_hsa22,29075505,inactive,0.3695,1.788,9.881346645290716
chr23_mat_hsa22,29079505,inactive,0.367,1.86,9.971837893336183
chr23_mat_hsa22,29083505,inactive,0.37,1.824,9.91530557375065
chr23_mat_hsa22,29087505,inactive,0.369,1.812,9.952869934929854
chr23_mat_hsa22,29091505,inactive,0.3695,1.816,9.949477884135826
chr23_mat_hsa22,29095505,inactive,0.3725,1.808,9.940151951516546
chr23_mat_hsa22,29099505,inactive,0.3685,1.76,9.879529809296173
chr23_mat_hsa22,29103505,inactive,0.3735,1.788,9.909329543287338
chr23_mat_hsa22,29107505,inactive,0.3735,1.784,9.884603264032341
chr23_mat_hsa22,29111505,inactive,0.3705,1.768,9.869595242695585
chr23_mat_hsa22,29115505,inactive,0.3745,1.8,9.92820811021116
chr23_mat_hsa22,29119505,inactive,0.371,1.768,9.852999414428911
chr23_mat_hsa22,29123505,inactive,0.3705,1.776,9.864383381825277
chr23_mat_hsa22,29127505,inactive,0.3705,1.76,9.873591420777371
chr23_mat_hsa22,29131505,inactive,0.3695,1.776,9.870400940448665
chr23_mat_hsa22,29135505,inactive,0.365,1.772,9.867493730086208
chr23_mat_hsa22,29139505,inactive,0.3725,1.828,9.958578886660723
chr23_mat_hsa22,29143505,inactive,0.3725,1.784,9.86044989871352
chr23_mat_hsa22,29147505,inactive,0.3635,1.776,9.834469137896354
chr23_mat_hsa22,29151505,inactive,0.3695,1.764,9.836704638616888
chr23_mat_hsa22,29155505,inactive,0.366,1.864,10.028784231121833
chr23_mat_hsa22,29159505,inactive,0.375,1.736,9.748339374933693
chr23_mat_hsa22,29163505,inactive,0.3665,1.94,10.17350464832406
chr23_mat_hsa22,29215505,active,0.374,1.896,10.118950658984405
chr23_mat_hsa22,29219505,active,0.366,1.94,10.149711025630355
chr23_mat_hsa22,29223505,active,0.3675,2.008,10.23768303720338
chr23_mat_hsa22,29227505,active,0.3715,1.708,9.714974467278397
chr23_mat_hsa22,29231505,active,0.372,1.664,9.728062920277832
chr23_mat_hsa22,29235505,active,0.369,1.632,9.621437331224561
chr23_mat_hsa22,29239505,active,0.3685,1.556,9.566010126843215
chr23_mat_hsa22,29243505,active,0.373,1.66,9.654682107836075
chr23_mat_hsa22,29247505,active,0.369,1.532,9.475988331098522
chr23_mat_hsa22,29251505,active,0.3725,1.544,9.505064162772927
chr23_mat_hsa22,29255505,active,0.372,1.608,9.610410812938852
chr23_mat_hsa22,29259505,active,0.3715,1.54,9.463517412269038
chr23_mat_hsa22,29263505,active,0.3745,1.644,9.651755771147183
chr23_mat_hsa22,29267505,active,0.366,1.58,9.567846467235524
chr23_mat_hsa22,29271505,active,0.372,1.552,9.488094989393124
chr23_mat_hsa22,29275505,active,0.374,1.492,9.373571698130773
chr23_mat_hsa22,29279505,active,0.366,1.496,9.41999926488688
chr23_mat_hsa22,29283505,active,0.365,1.6,9.620263485764752
chr23_mat_hsa22,29287505,active,0.3685,1.516,9.472320317406782
chr23_mat_hsa22,29291505,active,0.3745,1.568,9.535257048031083
chr23_mat_hsa22,29295505,active,0.37,1.54,9.498119273577394
chr23_mat_hsa22,29299505,active,0.371,1.476,9.399969058514591
chr23_mat_hsa22,29303505,active,0.3725,1.512,9.450898172591357
chr23_mat_hsa22,29307505,active,0.376,1.564,9.579272877430538
chr23_mat_hsa22,29311505,active,0.37,1.588,9.531678466152703
chr23_mat_hsa22,29315505,active,0.371,1.62,9.622670758844635
chr23_mat_hsa22,29319505,active,0.3715,1.556,9.49747462848734
chr23_mat_hsa22,29323505,active,0.374,1.548,9.509261582121896
chr23_mat_hsa22,29327505,active,0.37,1.472,9.427136296719489
chr23_mat_hsa22,29331505,active,0.3725,1.528,9.41002345211428
chr23_mat_hsa22,29335505,active,0.3735,1.556,9.526994081237929
chr23_mat_hsa22,29339505,active,0.3725,1.584,9.552748583506613
chr23_mat_hsa22,29343505,active,0.3645,1.54,9.579095405770873
chr23_mat_hsa22,29347505,active,0.374,1.468,9.398367100356616
chr23_mat_hsa22,29351505,active,0.3705,1.428,9.24734729186696
chr23_mat_hsa22,29355505,active,0.3745,1.504,9.39303923459359
chr23_mat_hsa22,29359505,active,0.3715,1.536,9.352272065202344
chr23_mat_hsa22,29363505,active,0.378,1.536,9.492680117576535
chr23_mat_hsa22,29367505,active,0.373,1.468,9.357092944828048
chr23_mat_hsa22,29371505,active,0.3675,1.528,9.426349811344297
chr23_mat_hsa22,29375505,active,0.3735,1.48,9.428141217790522
chr23_mat_hsa22,29379505,active,0.3715,1.568,9.488614761934587
chr23_mat_hsa22,29383505,active,0.3775,1.544,9.50386910484155
chr23_mat_hsa22,29387505,active,0.3695,1.512,9.462580158055058
chr23_mat_hsa22,29391505,active,0.3745,1.524,9.4814784772834
chr23_mat_hsa22,29395505,active,0.37,1.488,9.410964571443548
chr23_mat_hsa22,29399505,active,0.372,1.564,9.515202607188728
chr23_mat_hsa22,29403505,active,0.374,1.572,9.57738400373275
chr23_mat_hsa22,29407505,active,0.369,1.588,9.550194964404355
chr23_mat_hsa22,29411505,active,0.363,1.524,9.380742019906792
chr23_mat_hsa22,29415505,active,0.3675,1.516,9.425592199552451
chr23_mat_hsa22,29419505,active,0.368,1.504,9.435522467784937
chr23_mat_hsa22,29423505,active,0.368,1.476,9.395235815189196
chr23_mat_hsa22,29427505,active,0.3675,1.448,9.31378854205836
chr23_mat_hsa22,29431505,active,0.374,1.48,9.36945054820576
chr23_mat_hsa22,29435505,active,0.373,1.54,9.426783153389595
chr23_mat_hsa22,29439505,active,0.372,1.48,9.384325137584007
chr23_mat_hsa22,29443505,active,0.371,1.564,9.50556781560249
chr23_mat_hsa22,29447505,active,0.374,1.54,9.486812087052144
chr23_mat_hsa22,29451505,active,0.374,1.524,9.415331383471624
chr23_mat_hsa22,29455505,active,0.368,1.508,9.408339883865985
chr23_mat_hsa22,29459505,active,0.371,1.46,9.324552071062046
chr23_mat_hsa22,29463505,active,0.375,1.524,9.485219604639198
chr23_mat_hsa22,29467505,active,0.3715,1.524,9.466384804208285
chr23_mat_hsa22,29471505,active,0.369,1.544,9.488476527425396
chr23_mat_hsa22,29475505,active,0.3685,1.476,9.325537518719534
chr23_mat_hsa22,29479505,active,0.369,1.54,9.426221324092035
chr23_mat_hsa22,29483505,active,0.3705,1.536,9.491647005038022
chr23_mat_hsa22,29487505,active,0.367,1.504,9.421061528236853
chr23_mat_hsa22,29491505,active,0.3675,1.52,9.456193155803618
chr23_mat_hsa22,29495505,active,0.367,1.544,9.444726979155424
chr23_mat_hsa22,29499505,active,0.371,1.516,9.37173029909354
chr23_mat_hsa22,29503505,active,0.3695,1.552,9.465807647085466
chr23_mat_hsa22,29507505,active,0.372,1.584,9.556400841303336
chr23_mat_hsa22,29511505,active,0.376,1.524,9.456427260809857
chr23_mat_hsa22,29515505,active,0.3765,1.512,9.398485022388792
chr23_mat_hsa22,29519505,active,0.3755,1.404,9.245485424294495
chr23_mat_hsa22,29523505,active,0.369,1.488,9.420679712976426
chr23_mat_hsa22,29527505,active,0.367,1.504,9.488380373984022
chr23_mat_hsa22,29531505,active,0.3715,1.556,9.595283125603988
chr23_mat_hsa22,29535505,active,0.369,1.504,9.411358729971257
chr23_mat_hsa22,29539505,active,0.371,1.504,9.473426010249135
chr23_mat_hsa22,29543505,active,0.37,1.504,9.41315074701153
chr23_mat_hsa22,29547505,active,0.372,1.504,9.40027256371977
chr23_mat_hsa22,29551505,active,0.3685,1.552,9.525071390798917
chr23_mat_hsa22,29555505,active,0.374,1.552,9.552722627867086
chr23_mat_hsa22,29559505,active,0.371,1.524,9.528569035741816
chr23_mat_hsa22,29563505,active,0.371,1.496,9.496695006620818
chr23_mat_hsa22,29567505,active,0.3695,1.512,9.479971615624542
chr23_mat_hsa22,29571505,active,0.3715,1.504,9.40947636044158
chr23_mat_hsa22,29575505,active,0.3705,1.548,9.507810475757049
chr23_mat_hsa22,29579505,active,0.371,1.532,9.457314003720853
chr23_mat_hsa22,29583505,active,0.3705,1.552,9.514349517615022
chr23_mat_hsa22,29587505,active,0.372,1.564,9.53158758923502
chr23_mat_hsa22,29591505,active,0.3735,1.544,9.455692442018304
chr23_mat_hsa22,29595505,active,0.3745,1.572,9.563062706890843
chr23_mat_hsa22,29599505,active,0.373,1.584,9.565872500423271
chr23_mat_hsa22,29603505,active,0.3745,1.496,9.379517580189647
chr23_mat_hsa22,29607505,active,0.3685,1.412,9.281413284493327
chr23_mat_hsa22,29611505,active,0.3655,1.448,9.352029520293092
chr23_mat_hsa22,29615505,active,0.371,1.516,9.437377803632634
chr23_mat_hsa22,29619505,active,0.3725,1.548,9.523761103521169
chr23_mat_hsa22,29623505,active,0.372,1.56,9.551215793024763
chr23_mat_hsa22,29627505,active,0.3715,1.48,9.33382043780732
chr23_mat_hsa22,29631505,active,0.369,1.516,9.388990118204093
chr23_mat_hsa22,29635505,active,0.375,1.54,9.482166945004137
chr23_mat_hsa22,29639505,active,0.373,1.588,9.638344539519151
chr23_mat_hsa22,29643505,active,0.366,1.488,9.354579705984355
chr23_mat_hsa22,29647505,active,0.3725,1.536,9.463715061481235
chr23_mat_hsa22,29651505,active,0.3665,1.504,9.420091979201082
chr23_mat_hsa22,29655505,active,0.3765,1.544,9.509182962305752
chr23_mat_hsa22,29659505,active,0.3725,1.54,9.538583823080792
chr23_mat_hsa22,29663505,active,0.3745,1.484,9.384222729645877
chr23_mat_hsa22,29667505,active,0.3695,1.544,9.544591845061348
chr23_mat_hsa22,29671505,active,0.37,1.56,9.446500176316816
chr23_mat_hsa22,29675505,active,0.37,1.5,9.395941471736814
chr23_mat_hsa22,29679505,active,0.369,1.436,9.308128554341234
chr23_mat_hsa22,29683505,active,0.3685,1.516,9.462742665283384
chr23_mat_hsa22,29687505,active,0.3735,1.532,9.50344305313494
chr23_mat_hsa22,29691505,active,0.3695,1.492,9.45426839294051
chr23_mat_hsa22,29695505,active,0.3725,1.604,9.601530181104614
chr23_mat_hsa22,29699505,active,0.37,1.532,9.490721320093465
chr23_mat_hsa22,29703505,active,0.372,1.488,9.392207372135466
chr23_mat_hsa22,29707505,active,0.369,1.388,9.24015494463217
chr23_mat_hsa22,29711505,active,0.368,1.484,9.346625408677824
chr23_mat_hsa22,29715505,active,0.369,1.488,9.427328249876243
chr23_mat_hsa22,29719505,active,0.371,1.548,9.453098838584017
chr23_mat_hsa22,29723505,active,0.37,1.48,9.42644843959275
chr23_mat_hsa22,29727505,active,0.371,1.48,9.431003005556269
chr23_mat_hsa22,29731505,active,0.367,1.44,9.259111112678834
chr23_mat_hsa22,29735505,active,0.3685,1.6,9.571493451719926
chr23_mat_hsa22,29739505,active,0.3735,1.532,9.459177690060828
chr23_mat_hsa22,29743505,active,0.368,1.508,9.424288592019293
chr23_mat_hsa22,29747505,active,0.3735,1.52,9.455067728122463
chr23_mat_hsa22,29751505,active,0.3715,1.548,9.460845287357111
chr23_mat_hsa22,29755505,active,0.368,1.544,9.5264838380745
chr23_mat_hsa22,29759505,active,0.37,1.552,9.450940298364483
chr23_mat_hsa22,29763505,active,0.372,1.512,9.430885116056867
chr23_mat_hsa22,29767505,active,0.3715,1.512,9.462770469751886
chr23_mat_hsa22,29771505,active,0.373,1.552,9.552196208853873
chr23_mat_hsa22,29775505,active,0.3735,1.44,9.35852791359206
chr23_mat_hsa22,29779505,active,0.37,1.548,9.577819453946285
chr23_mat_hsa22,29783505,active,0.371,1.54,9.480643651367664
chr23_mat_hsa22,29787505,active,0.3725,1.516,9.45679142374643
chr23_mat_hsa22,29791505,active,0.372,1.548,9.454806316157681
chr23_mat_hsa22,29795505,active,0.37,1.556,9.537108592756752
chr23_mat_hsa22,29799505,active,0.373,1.564,9.496279422536034
chr23_mat_hsa22,29803505,active,0.3675,1.492,9.464280776994338
chr23_mat_hsa22,29807505,active,0.374,1.544,9.43234675835393
chr23_mat_hsa22,29811505,active,0.372,1.592,9.60583738415593
chr23_mat_hsa22,29815505,active,0.37,1.552,9.453289683636838
chr23_mat_hsa22,29819505,active,0.3715,1.544,9.481181562412198
chr23_mat_hsa22,29823505,active,0.372,1.556,9.532238237670033
chr23_mat_hsa22,29827505,active,0.3685,1.56,9.504039658517572
chr23_mat_hsa22,29831505,active,0.3675,1.58,9.5730238324602
chr23_mat_hsa22,29835505,active,0.3725,1.552,9.432009382741064
chr23_mat_hsa22,29839505,active,0.3715,1.544,9.480332022476631
chr23_mat_hsa22,29843505,active,0.37,1.464,9.349339027668568
chr23_mat_hsa22,29847505,active,0.3715,1.516,9.489923593098547
chr23_mat_hsa22,29851505,active,0.3665,1.508,9.373748460858073
chr23_mat_hsa22,29855505,active,0.3745,1.5,9.4094545861346
chr23_mat_hsa22,29859505,active,0.369,1.524,9.453633333366408
chr23_mat_hsa22,29863505,active,0.367,1.476,9.370437986073075
chr23_mat_hsa22,29867505,active,0.3695,1.496,9.3837927860075
chr23_mat_hsa22,29871505,active,0.3715,1.548,9.445805689867072
chr23_mat_hsa22,29875505,active,0.3675,1.528,9.437168219252339
chr23_mat_hsa22,29879505,active,0.3735,1.58,9.536559053093528
chr23_mat_hsa22,29883505,active,0.371,1.6,9.610961099783555
chr23_mat_hsa22,29887505,active,0.3695,1.572,9.52461874604229
chr23_mat_hsa22,29891505,active,0.369,1.58,9.551013929947406
chr23_mat_hsa22,29895505,active,0.371,1.568,9.524332384958637
chr23_mat_hsa22,29899505,active,0.3735,1.488,9.42846161349414
chr23_mat_hsa22,29903505,active,0.3735,1.46,9.387529732030849
chr23_mat_hsa22,29907505,active,0.373,1.496,9.44790599426937
chr23_mat_hsa22,29911505,active,0.3705,1.5,9.365759976858325
chr23_mat_hsa22,29915505,active,0.371,1.536,9.54726478296033
chr23_mat_hsa22,29919505,active,0.37,1.596,9.60840747422498
chr23_mat_hsa22,29923505,active,0.366,1.508,9.439948861973292
chr23_mat_hsa22,29927505,active,0.3655,1.632,9.670973062498115
chr23_mat_hsa22,29931505,active,0.3635,1.556,9.54129258507951
chr23_mat_hsa22,29935505,active,0.371,1.54,9.501509115359953
chr23_mat_hsa22,29939505,active,0.3695,1.456,9.348681455533699
chr23_mat_hsa22,29943505,active,0.3675,1.512,9.468706637826697
chr23_mat_hsa22,29947505,active,0.3735,1.576,9.561123899951296
chr23_mat_hsa22,29951505,active,0.373,1.54,9.515041556074216
chr23_mat_hsa22,29955505,active,0.3705,1.528,9.49743255063105
chr23_mat_hsa22,29959505,active,0.371,1.556,9.542256187648231
chr23_mat_hsa22,29963505,active,0.371,1.62,9.633989219522372
chr23_mat_hsa22,29967505,active,0.375,1.556,9.529658225507735
chr23_mat_hsa22,29971505,active,0.3745,1.52,9.46378875278351
chr23_mat_hsa22,29975505,active,0.3695,1.572,9.55799161719086
chr23_mat_hsa22,29979505,active,0.366,1.46,9.339588139274014
chr23_mat_hsa22,29983505,active,0.372,1.58,9.56173199736529
chr23_mat_hsa22,29987505,active,0.3735,1.532,9.445242815059757
chr23_mat_hsa22,29991505,active,0.376,1.512,9.452954019457215
chr23_mat_hsa22,29995505,active,0.371,1.552,9.503404111101295
chr23_mat_hsa22,29999505,active,0.371,1.588,9.539940488245861
chr23_mat_hsa22,30003505,active,0.3705,1.524,9.442030096186947
chr23_mat_hsa22,30007505,active,0.371,1.512,9.47349339416183
chr23_mat_hsa22,30011505,active,0.368,1.536,9.452478737725055
chr23_mat_hsa22,30015505,active,0.369,1.548,9.493593149492954
chr23_mat_hsa22,30019505,active,0.368,1.5,9.377167098985886
chr23_mat_hsa22,30023505,active,0.371,1.536,9.447367282410399
chr23_mat_hsa22,30027505,active,0.3745,1.512,9.396457647463423
chr23_mat_hsa22,30031505,active,0.37,1.504,9.440993930780133
chr23_mat_hsa22,30035505,active,0.3695,1.592,9.529545264522186
chr23_mat_hsa22,30039505,active,0.369,1.624,9.592148002137781
chr23_mat_hsa22,30043505,active,0.37,1.612,9.571452350356353
chr23_mat_hsa22,30047505,active,0.3705,1.548,9.470459662411763
chr23_mat_hsa22,30051505,active,0.3715,1.548,9.493944435066206
chr23_mat_hsa22,30055505,active,0.3705,1.504,9.433001072722647
chr23_mat_hsa22,30059505,active,0.3715,1.516,9.4926249728766
chr23_mat_hsa22,30063505,active,0.37,1.54,9.442667061468045
chr23_mat_hsa22,30067505,active,0.371,1.56,9.5031532050073
chr23_mat_hsa22,30071505,active,0.3665,1.496,9.426949153378118
chr23_mat_hsa22,30075505,active,0.3705,1.552,9.499979159867664
chr23_mat_hsa22,30079505,active,0.3715,1.544,9.510629777567281
chr23_mat_hsa22,30083505,active,0.3685,1.5,9.432053646003817
chr23_mat_hsa22,30087505,active,0.3665,1.576,9.577442954198705
chr23_mat_hsa22,30091505,active,0.3665,1.54,9.428996085411459
chr23_mat_hsa22,30095505,active,0.3705,1.568,9.546513865557047
chr23_mat_hsa22,30099505,active,0.3675,1.54,9.453571542194656
chr23_mat_hsa22,30103505,active,0.3665,1.568,9.561750680554937
chr23_mat_hsa22,30107505,active,0.369,1.54,9.490762618235628
chr23_mat_hsa22,30111505,active,0.37,1.512,9.469548697203194
chr23_mat_hsa22,30115505,active,0.371,1.456,9.316097092502801
chr23_mat_hsa22,30119505,active,0.3705,1.552,9.473108024287058
chr23_mat_hsa22,30123505,active,0.3725,1.608,9.604990241789354
chr23_mat_hsa22,30127505,active,0.375,1.58,9.57620009553902
chr23_mat_hsa22,30131505,active,0.372,1.588,9.524426483864776
chr23_mat_hsa22,30135505,active,0.3705,1.596,9.636898001485733
chr23_mat_hsa22,30139505,active,0.3725,1.56,9.500232544013652
chr23_mat_hsa22,30143505,active,0.369,1.508,9.477734514938058
chr23_mat_hsa22,30147505,active,0.3685,1.548,9.415881284057313
chr23_mat_hsa22,30151505,active,0.3695,1.524,9.534002658351008
chr23_mat_hsa22,30155505,active,0.368,1.488,9.393918087081575
chr23_mat_hsa22,30159505,active,0.372,1.496,9.44710344281517
chr23_mat_hsa22,30163505,active,0.373,1.448,9.303638200723526
chr23_mat_hsa22,30167505,active,0.3745,1.376,9.253114266512407
chr23_mat_hsa22,30171505,active,0.3745,1.44,9.32363161793582
chr23_mat_hsa22,30175505,active,0.374,1.416,9.292881527849431
chr23_mat_hsa22,30179505,active,0.372,1.56,9.537165744815272
chr23_mat_hsa22,30183505,active,0.3725,1.532,9.480350309739688
chr23_mat_hsa22,30187505,active,0.379,1.824,9.969279626159558
chr23_mat_hsa22,30191505,active,0.3785,1.712,9.818800816586842
chr23_mat_hsa22,30195505,active,0.372,1.752,9.854148279785644
chr23_mat_hsa22,30199505,active,0.376,1.836,9.978090309863443
chr23_mat_hsa22,30203505,active,0.3755,1.772,9.870289469658182
chr23_mat_hsa22,30207505,active,0.371,1.764,9.90317383941761
chr23_mat_hsa22,30211505,active,0.376,1.832,9.93140411175895
chr23_mat_hsa22,30215505,active,0.3765,1.808,9.86132138041334
chr23_mat_hsa22,30219505,active,0.378,1.78,9.842335778610847
chr23_mat_hsa22,30223505,active,0.377,1.84,10.02429624575174
chr23_mat_hsa22,30227505,active,0.374,1.696,9.786352742560684
chr23_mat_hsa22,30231505,active,0.3745,1.584,9.55103219360533
chr23_mat_hsa22,30235505,active,0.378,1.632,9.699411613414375
chr23_mat_hsa22,30239505,active,0.371,1.82,9.964301024775697
chr23_mat_hsa22,30243505,active,0.375,1.832,9.975928356593027
chr23_mat_hsa22,30247505,active,0.377,1.74,9.806500206738123
chr23_mat_hsa22,30251505,active,0.372,1.764,9.888734292893831
chr23_mat_hsa22,30255505,active,0.3805,1.808,9.962047548249402
chr23_mat_hsa22,30259505,active,0.3765,1.716,9.801404141842898
chr23_mat_hsa22,30263505,active,0.3705,1.732,9.845626631962467
chr23_mat_hsa22,30267505,active,0.376,1.828,9.988403441370945
chr23_mat_hsa22,30271505,active,0.373,1.76,9.84316637922888
chr23_mat_hsa22,30275505,active,0.3685,1.672,9.770077532044255
chr23_mat_hsa22,30279505,active,0.3775,1.824,9.931247546021494
chr23_mat_hsa22,30283505,active,0.3765,1.828,9.928710090596514
chr23_mat_hsa22,30287505,active,0.372,1.68,9.761376459677747
chr23_mat_hsa22,30291505,active,0.3785,1.808,9.982160594019271
chr23_mat_hsa22,30295505,active,0.3675,1.588,9.558008141790646
chr23_mat_hsa22,30299505,active,0.371,1.756,9.889198926451584
chr23_mat_hsa22,30303505,active,0.376,1.824,9.940211400300864
chr23_mat_hsa22,30307505,active,0.372,1.632,9.665358326708994
chr23_mat_hsa22,30311505,active,0.382,1.84,9.916880311924265
chr23_mat_hsa22,30315505,active,0.3785,1.844,9.94176626913433
chr23_mat_hsa22,30319505,active,0.378,1.804,9.928023418071747
chr23_mat_hsa22,30323505,active,0.3815,1.724,9.786403891274253
chr23_mat_hsa22,30327505,active,0.371,1.768,9.88994845926293
chr23_mat_hsa22,30331505,active,0.378,1.812,9.927413084829798
chr23_mat_hsa22,30335505,active,0.379,1.764,9.83797169751767
chr23_mat_hsa22,30339505,active,0.368,1.656,9.719182327432629
chr23_mat_hsa22,30343505,active,0.378,1.792,9.905907189612641
chr23_mat_hsa22,30347505,active,0.377,1.756,9.888884212159525
chr23_mat_hsa22,30351505,active,0.372,1.66,9.71089542202619
chr23_mat_hsa22,30355505,active,0.377,1.792,9.943613147930202
chr23_mat_hsa22,30359505,active,0.373,1.576,9.546107435283831
chr23_mat_hsa22,30363505,active,0.3715,1.684,9.70706690232536
chr23_mat_hsa22,30367505,active,0.3725,1.808,9.962760182129902
chr23_mat_hsa22,30371505,active,0.3775,1.792,9.928120507252054
chr23_mat_hsa22,30375505,active,0.3805,1.812,9.88970878261606
chr23_mat_hsa22,30379505,active,0.375,1.764,9.884649676000937
chr23_mat_hsa22,30383505,active,0.371,1.76,9.836161029820481
chr23_mat_hsa22,30387505,active,0.3755,1.708,9.79417118182682
chr23_mat_hsa22,30391505,active,0.3665,1.692,9.793275845276677
chr23_mat_hsa22,30395505,active,0.378,1.824,9.975566183866254
chr23_mat_hsa22,30399505,active,0.3745,1.772,9.931970408544696
chr23_mat_hsa22,30403505,active,0.3795,1.844,9.950494023221463
chr23_mat_hsa22,30407505,active,0.375,1.824,9.985126310162357
chr23_mat_hsa22,30411505,active,0.3785,1.832,9.96810148388017
chr23_mat_hsa22,30415505,active,0.3725,1.768,9.951264140021603
chr23_mat_hsa22,30419505,active,0.3765,1.84,9.989837270238327
chr23_mat_hsa22,30423505,active,0.372,1.672,9.752533069807997
chr23_mat_hsa22,30427505,active,0.38,1.84,10.007297463779675
chr23_mat_hsa22,30431505,active,0.381,1.832,10.015379441807843
chr23_mat_hsa22,30435505,active,0.375,1.804,9.916437065674545
chr23_mat_hsa22,30439505,active,0.373,1.74,9.866210778872144
chr23_mat_hsa22,30443505,active,0.3755,1.848,10.04520770634867
chr23_mat_hsa22,30447505,active,0.3765,1.824,9.950900615235664
chr23_mat_hsa22,30451505,active,0.379,1.788,9.883968137696316
chr23_mat_hsa22,30455505,active,0.375,1.784,9.911377572060475
chr23_mat_hsa22,30459505,active,0.3835,1.768,9.821621630648716
chr23_mat_hsa22,30463505,active,0.3785,1.824,9.968208164292678
chr23_mat_hsa22,30467505,active,0.3775,1.848,10.033626016669775
chr23_mat_hsa22,30471505,active,0.382,1.812,9.902548946632072
chr23_mat_hsa22,30475505,active,0.3815,1.876,10.0030766286639
chr23_mat_hsa22,30479505,active,0.378,1.84,9.991395667609709
chr23_mat_hsa22,30483505,active,0.383,1.844,9.918480492035014
chr23_mat_hsa22,30487505,active,0.3775,1.772,9.903312794291676
chr23_mat_hsa22,30491505,active,0.3745,1.736,9.76594439331807
chr23_mat_hsa22,30495505,active,0.3765,1.8,9.919724801092306
chr23_mat_hsa22,30499505,active,0.3765,1.672,9.729808428457787
chr23_mat_hsa22,30503505,active,0.379,1.832,9.958940816240665
chr23_mat_hsa22,30507505,active,0.381,1.864,9.997318583494813
chr23_mat_hsa22,30511505,active,0.3755,1.812,10.005954875223837
chr23_mat_hsa22,30515505,active,0.377,1.84,10.011062813433057
chr23_mat_hsa22,30519505,active,0.3735,1.7,9.69260422943535
chr23_mat_hsa22,30523505,active,0.377,1.736,9.81383924228886
chr23_mat_hsa22,30527505,active,0.3745,1.824,9.945099253975249
chr23_mat_hsa22,30531505,active,0.3795,1.84,9.913940717329357
chr23_mat_hsa22,30535505,active,0.381,1.82,9.932639963764462
chr23_mat_hsa22,30539505,active,0.3775,1.844,9.969520958910248
chr23_mat_hsa22,30543505,active,0.38,1.776,9.845452373363567
chr23_mat_hsa22,30547505,active,0.377,1.78,9.915550704046284
chr23_mat_hsa22,30551505,active,0.3765,1.7,9.765579483940147
chr23_mat_hsa22,30555505,active,0.3795,1.8,9.883164201650155
chr23_mat_hsa22,30559505,active,0.3775,1.788,9.837648597695628
chr23_mat_hsa22,30563505,active,0.3795,1.668,9.645104238256955
chr23_mat_hsa22,30567505,active,0.3785,1.796,9.882795748350322
chr23_mat_hsa22,30571505,active,0.3765,1.772,9.806001514955259
chr23_mat_hsa22,30575505,active,0.383,1.644,9.633887800989672
chr23_mat_hsa22,30579505,active,0.3745,1.748,9.786654842073611
chr23_mat_hsa22,30583505,active,0.3795,1.792,9.869689386159182
chr23_mat_hsa22,30587505,active,0.373,1.744,9.789084217110178
chr23_mat_hsa22,30591505,active,0.372,1.676,9.714078216089625
chr23_mat_hsa22,30595505,active,0.379,1.788,9.823581137064206
chr23_mat_hsa22,30599505,active,0.372,1.724,9.771435859029364
chr23_mat_hsa22,30603505,active,0.377,1.82,9.899226411524097
chr23_mat_hsa22,30607505,active,0.3705,1.636,9.667970005243662
chr23_mat_hsa22,30611505,active,0.3775,1.756,9.800157379078746
chr23_mat_hsa22,30615505,active,0.376,1.688,9.639405996338379
chr23_mat_hsa22,30619505,active,0.375,1.74,9.717148829939001
chr23_mat_hsa22,30623505,active,0.377,1.716,9.736110861604242
chr23_mat_hsa22,30627505,active,0.3745,1.74,9.708785052808135
chr23_mat_hsa22,30631505,active,0.376,1.748,9.822074939632419
chr23_mat_hsa22,30635505,active,0.375,1.736,9.78092607046788
chr23_mat_hsa22,30639505,active,0.3745,1.716,9.76145339657354
chr23_mat_hsa22,30643505,active,0.377,1.64,9.62811358568702
chr23_mat_hsa22,30647505,active,0.381,1.74,9.695529192964816
chr23_mat_hsa22,30651505,active,0.377,1.692,9.653950482557882
chr23_mat_hsa22,30655505,active,0.3715,1.792,9.841915042417083
chr23_mat_hsa22,30659505,active,0.3755,1.764,9.838859264848153
chr23_mat_hsa22,30663505,active,0.3745,1.704,9.695383272190378
chr23_mat_hsa22,30667505,active,0.3785,1.78,9.830594571169348
chr23_mat_hsa22,30671505,active,0.378,1.696,9.666641937982364
chr23_mat_hsa22,30675505,active,0.375,1.716,9.744309328732756
chr23_mat_hsa22,30679505,active,0.3765,1.712,9.691282034652211
chr23_mat_hsa22,30683505,active,0.378,1.78,9.8542160954026
chr23_mat_hsa22,30687505,active,0.38,1.732,9.72860192725372
chr23_mat_hsa22,30691505,active,0.3785,1.756,9.792816527231755
chr23_mat_hsa22,30695505,active,0.374,1.74,9.724294873279577
chr23_mat_hsa22,30699505,active,0.374,1.644,9.691253600148023
chr23_mat_hsa22,30703505,active,0.377,1.62,9.593663011087523
chr23_mat_hsa22,30707505,active,0.376,1.74,9.735657138381963
chr23_mat_hsa22,30711505,active,0.379,1.76,9.78972740037016
chr23_mat_hsa22,30715505,active,0.3745,1.724,9.690385126611229
chr23_mat_hsa22,30719505,active,0.3735,1.756,9.745491941005174
chr23_mat_hsa22,30723505,active,0.375,1.676,9.664451625787253
chr23_mat_hsa22,30727505,active,0.375,1.732,9.739386829844335
chr23_mat_hsa22,30731505,active,0.38,1.78,9.79685667713158
chr23_mat_hsa22,30735505,active,0.374,1.768,9.843846910272756
chr23_mat_hsa22,30739505,active,0.376,1.7,9.67272625736648
chr23_mat_hsa22,30743505,active,0.376,1.712,9.75081990761144
chr23_mat_hsa22,30747505,active,0.377,1.764,9.817712424423924
chr23_mat_hsa22,30751505,active,0.38,1.696,9.724748193378554
chr23_mat_hsa22,30755505,active,0.374,1.664,9.699344976683111
chr23_mat_hsa22,30759505,active,0.378,1.676,9.660259779741935
chr23_mat_hsa22,30763505,active,0.375,1.704,9.728357709091902
chr23_mat_hsa22,30767505,active,0.3745,1.676,9.710488991753003
chr23_mat_hsa22,30771505,active,0.38,1.808,9.858408211411259
chr23_mat_hsa22,30775505,active,0.372,1.616,9.630755190579565
chr23_mat_hsa22,30779505,active,0.379,1.756,9.809279104684665
chr23_mat_hsa22,30783505,active,0.3745,1.72,9.762981728494802
chr23_mat_hsa22,30787505,active,0.3805,1.772,9.853987660375434
chr23_mat_hsa22,30791505,active,0.374,1.764,9.828144032419804
chr23_mat_hsa22,30795505,active,0.3765,1.796,9.855639480253299
chr23_mat_hsa22,30799505,active,0.377,1.704,9.718624658367292
chr23_mat_hsa22,30803505,active,0.382,1.708,9.789874452113548
chr23_mat_hsa22,30807505,active,0.373,1.648,9.660716838353798
chr23_mat_hsa22,30811505,active,0.3775,1.816,9.88778383119546
chr23_mat_hsa22,30815505,active,0.3765,1.72,9.79537234070155
chr23_mat_hsa22,30819505,active,0.377,1.812,9.94693488543516
chr23_mat_hsa22,30823505,active,0.3815,1.752,9.786868164649553
chr23_mat_hsa22,30827505,active,0.375,1.76,9.76998074690852
chr23_mat_hsa22,30831505,active,0.374,1.7,9.721502240700183
chr23_mat_hsa22,30835505,active,0.377,1.792,9.914184253375293
chr23_mat_hsa22,30839505,active,0.3715,1.648,9.630095941240608
chr23_mat_hsa22,30843505,active,0.3785,1.744,9.75334650269941
chr23_mat_hsa22,30847505,active,0.372,1.676,9.69309901711384
chr23_mat_hsa22,30851505,active,0.379,1.812,9.853398159985336
chr23_mat_hsa22,30855505,active,0.3725,1.692,9.692688122563801
chr23_mat_hsa22,30859505,active,0.3765,1.824,9.897787288244132
chr23_mat_hsa22,30863505,active,0.3725,1.684,9.759976355669483
chr23_mat_hsa22,30867505,active,0.374,1.66,9.63865291388889
chr23_mat_hsa22,30871505,active,0.3745,1.764,9.771408158615479
chr23_mat_hsa22,30875505,active,0.373,1.728,9.793227477919615
chr23_mat_hsa22,30879505,active,0.375,1.724,9.829533409466995
chr23_mat_hsa22,30883505,active,0.3745,1.708,9.684665476284325
chr23_mat_hsa22,30887505,active,0.374,1.76,9.82839886050702
chr23_mat_hsa22,30891505,active,0.3755,1.776,9.80863760434499
chr23_mat_hsa22,30895505,active,0.373,1.732,9.773784934540911
chr23_mat_hsa22,30899505,active,0.3735,1.716,9.709189946094936
chr23_mat_hsa22,30903505,active,0.3765,1.768,9.810369396098189
chr23_mat_hsa22,30907505,active,0.3745,1.736,9.724996631121838
chr23_mat_hsa22,30911505,active,0.3745,1.708,9.723058610670005
chr23_mat_hsa22,30915505,active,0.377,1.776,9.825952258394612
chr23_mat_hsa22,30919505,active,0.376,1.768,9.861150183610448
chr23_mat_hsa22,30923505,active,0.376,1.764,9.798002786928757
chr23_mat_hsa22,30927505,active,0.3735,1.776,9.807870876990554
chr23_mat_hsa22,30931505,active,0.383,1.672,9.649510346784849
chr23_mat_hsa22,30935505,active,0.377,1.82,9.94743159918076
chr23_mat_hsa22,30939505,active,0.375,1.712,9.72339232581648
chr23_mat_hsa22,30943505,active,0.379,1.8,9.832514781085
chr23_mat_hsa22,30947505,active,0.3755,1.716,9.75397006703082
chr23_mat_hsa22,30951505,active,0.376,1.74,9.77408575351646
chr23_mat_hsa22,30955505,active,0.3765,1.876,10.036982586397762
chr23_mat_hsa22,30959505,active,0.38,1.756,9.777551704034984
chr23_mat_hsa22,30963505,active,0.3745,1.764,9.859898515937564
chr23_mat_hsa22,30967505,active,0.3755,1.804,9.85805375748254
chr23_mat_hsa22,30971505,active,0.376,1.836,9.974003566913431
chr23_mat_hsa22,30975505,active,0.378,1.68,9.590270304994114
chr23_mat_hsa22,30979505,active,0.372,1.648,9.626514347031408
chr23_mat_hsa22,30983505,active,0.378,1.68,9.608749958794169
chr23_mat_hsa22,30987505,active,0.3705,1.804,9.890448202271793
chr23_mat_hsa22,30991505,active,0.376,1.704,9.711586790859291
chr23_mat_hsa22,30995505,active,0.3765,1.76,9.825006842245747
chr23_mat_hsa22,30999505,active,0.378,1.688,9.71367710132925
chr23_mat_hsa22,31003505,active,0.3765,1.736,9.731120153960523
chr23_mat_hsa22,31007505,active,0.376,1.756,9.79861998201649
chr23_mat_hsa22,31011505,active,0.3785,1.748,9.755352717050908
chr23_mat_hsa22,31015505,active,0.374,1.752,9.745480029442183
chr23_mat_hsa22,31019505,active,0.377,1.74,9.739980812294235
chr23_mat_hsa22,31023505,active,0.3765,1.748,9.813727406555985
chr23_mat_hsa22,31027505,active,0.374,1.756,9.795424257696768
chr23_mat_hsa22,31031505,active,0.373,1.78,9.852692060300921
chr23_mat_hsa22,31035505,active,0.373,1.648,9.707977220455641
chr23_mat_hsa22,31039505,active,0.373,1.724,9.7266027909725
chr23_mat_hsa22,31043505,active,0.3755,1.748,9.845212729249448
chr23_mat_hsa22,31047505,active,0.3775,1.772,9.809819933673062
chr23_mat_hsa22,31051505,active,0.3725,1.768,9.816167645140963
chr23_mat_hsa22,31055505,active,0.3735,1.66,9.7135325919633
chr23_mat_hsa22,31059505,active,0.374,1.7,9.680604998734657
chr23_mat_hsa22,31063505,active,0.373,1.764,9.862865250773886
chr23_mat_hsa22,31067505,active,0.376,1.74,9.77408575351646
chr23_mat_hsa22,31071505,active,0.372,1.74,9.773082003211965
chr23_mat_hsa22,31075505,active,0.372,1.672,9.740911059219757
chr23_mat_hsa22,31079505,active,0.3755,1.696,9.661672311520409
chr23_mat_hsa22,31083505,active,0.3725,1.792,9.89899597164317
chr23_mat_hsa22,31087505,active,0.378,1.804,9.841335764953444
chr23_mat_hsa22,31091505,active,0.3745,1.74,9.71690308954055
chr23_mat_hsa22,31095505,active,0.3755,1.78,9.812166201011616
chr23_mat_hsa22,31099505,active,0.3775,1.748,9.792579032779827
chr23_mat_hsa22,31103505,active,0.3735,1.724,9.749100349354686
chr23_mat_hsa22,31107505,active,0.3775,1.8,9.938568445573996
chr23_mat_hsa22,31111505,active,0.376,1.68,9.753781326934902
chr23_mat_hsa22,31115505,active,0.382,1.764,9.851186937700247
chr23_mat_hsa22,31119505,active,0.377,1.728,9.750375636952196
chr23_mat_hsa22,31123505,active,0.3715,1.684,9.710138834643868
chr23_mat_hsa22,31127505,active,0.3755,1.72,9.747762334846506
chr23_mat_hsa22,31131505,active,0.3725,1.712,9.714962484193551
chr23_mat_hsa22,31135505,active,0.3795,1.78,9.830481223184826
chr23_mat_hsa22,31139505,active,0.3765,1.652,9.688322689411422
chr23_mat_hsa22,31143505,active,0.3715,1.688,9.741366538965911
chr23_mat_hsa22,31147505,active,0.3745,1.764,9.75574394556803
chr23_mat_hsa22,31151505,active,0.373,1.728,9.781052095085663
chr23_mat_hsa22,31155505,active,0.375,1.728,9.708853734723908
chr23_mat_hsa22,31159505,active,0.3765,1.748,9.818634554014073
chr23_mat_hsa22,31163505,active,0.376,1.712,9.732823116835704
chr23_mat_hsa22,31167505,active,0.377,1.7,9.758689162225169
chr23_mat_hsa22,31171505,active,0.372,1.668,9.6611723742378
chr23_mat_hsa22,31175505,active,0.374,1.74,9.778259496096311
chr23_mat_hsa22,31179505,active,0.3735,1.76,9.783994858036001
chr23_mat_hsa22,31183505,active,0.3755,1.772,9.807196110312544
chr23_mat_hsa22,31187505,active,0.375,1.672,9.651523896252689
chr23_mat_hsa22,31191505,active,0.377,1.824,9.962115756581591
chr23_mat_hsa22,31195505,active,0.379,1.904,10.072327014617068
chr23_mat_hsa22,31199505,active,0.378,1.696,9.68358223206692
chr23_mat_hsa22,31203505,active,0.3765,1.636,9.623419937189745
chr23_mat_hsa22,31207505,active,0.3745,1.784,9.889184593714534
chr23_mat_hsa22,31211505,active,0.374,1.704,9.788468344760323
chr23_mat_hsa22,31215505,active,0.375,1.66,9.643793176981285
chr23_mat_hsa22,31219505,active,0.373,1.748,9.80163302000686
chr23_mat_hsa22,31223505,active,0.374,1.768,9.793202535257127
chr23_mat_hsa22,31227505,active,0.3755,1.752,9.779715459453188
chr23_mat_hsa22,31231505,active,0.3815,1.668,9.625990763007684
chr23_mat_hsa22,31235505,active,0.378,1.788,9.878727557718838
chr23_mat_hsa22,31239505,active,0.379,1.808,9.871222259595376
chr23_mat_hsa22,31243505,active,0.374,1.772,9.840607625166422
chr23_mat_hsa22,31247505,active,0.3735,1.796,9.885893713546384
chr23_mat_hsa22,31251505,active,0.3755,1.872,10.091931550565434
chr23_mat_hsa22,31255505,active,0.38,1.756,9.761120356769412
chr23_mat_hsa22,31259505,active,0.374,1.752,9.744143703570561
chr23_mat_hsa22,31263505,active,0.3745,1.712,9.740674577744823
chr23_mat_hsa22,31267505,active,0.3745,1.828,9.950622994148134
chr23_mat_hsa22,31271505,active,0.3725,1.756,9.876153608250775
chr23_mat_hsa22,31275505,active,0.3755,1.832,9.99486200886753
chr23_mat_hsa22,31279505,active,0.374,1.82,9.894849736752008
chr23_mat_hsa22,31283505,active,0.373,1.712,9.789365974824808
chr23_mat_hsa22,31287505,active,0.3715,1.844,10.030203623197568
chr23_mat_hsa22,31291505,active,0.3755,1.888,10.074556650128512
chr23_mat_hsa22,31295505,active,0.3805,1.872,9.993864121267237
chr23_mat_hsa22,31299505,active,0.377,1.792,9.885185526053874
chr23_mat_hsa22,31303505,active,0.3725,1.808,9.968580450175011
chr23_mat_hsa22,31307505,active,0.374,1.832,10.001732301049884
chr23_mat_hsa22,31311505,active,0.375,1.86,10.050300570355708
chr23_mat_hsa22,31315505,active,0.379,1.92,10.10379640615601
chr23_mat_hsa22,31319505,active,0.3765,1.808,9.923390890802914
chr23_mat_hsa22,31323505,active,0.3715,1.76,9.889729261001703
chr23_mat_hsa22,31327505,active,0.3715,1.776,9.869820726289824
chr23_mat_hsa22,31331505,active,0.377,1.888,10.034139094822713
chr23_mat_hsa22,31335505,active,0.377,1.82,9.913757460203533
chr23_mat_hsa22,31339505,active,0.3725,1.724,9.816465170606211
chr23_mat_hsa22,31343505,active,0.375,1.82,9.92173174484222
chr23_mat_hsa22,31347505,active,0.3725,1.788,9.929402412000066
chr23_mat_hsa22,31351505,active,0.3685,1.96,10.124331006822922
chr23_mat_hsa22,31355505,active,0.373,1.776,9.801343812501207
chr23_mat_hsa22,31359505,active,0.3725,1.808,9.995707084526254
chr23_mat_hsa22,31363505,active,0.371,1.904,10.11787689788691
chr23_mat_hsa22,31367505,active,0.3695,1.736,9.782871958794956
chr23_mat_hsa22,31371505,active,0.3725,1.752,9.737134489046914
chr23_mat_hsa22,31375505,active,0.372,1.712,9.73599332865274
chr23_mat_hsa22,31379505,active,0.375,1.744,9.71579521086869
chr23_mat_hsa22,31383505,active,0.3755,1.784,9.84215623131563
chr23_mat_hsa22,31387505,active,0.375,1.76,9.861150183610446
chr23_mat_hsa22,31391505,active,0.379,1.908,10.021003903753568
chr23_mat_hsa22,31395505,active,0.3805,1.776,9.797236017584925
chr23_mat_hsa22,31399505,active,0.375,1.764,9.845907144177337
chr23_mat_hsa22,31403505,active,0.3765,1.776,9.825320930559808
chr23_mat_hsa22,31407505,active,0.3735,1.832,9.959422971991234
chr23_mat_hsa22,31411505,active,0.3655,1.772,9.914664571729316
chr23_mat_hsa22,31415505,active,0.3695,1.908,10.081176989104497
chr23_mat_hsa22,31419505,active,0.372,1.832,10.004521040640187
chr23_mat_hsa22,31423505,active,0.382,1.868,9.9765256555241
chr23_mat_hsa22,31427505,active,0.377,1.812,9.926433023466897
chr23_mat_hsa22,31431505,active,0.3725,1.768,9.899548159286935
chr23_mat_hsa22,31435505,active,0.3735,1.832,9.982119171462358
chr23_mat_hsa22,31439505,active,0.3745,1.848,10.008996266422669
chr23_mat_hsa22,31443505,active,0.383,1.836,9.913537818805498
chr23_mat_hsa22,31447505,active,0.3785,1.784,9.915321527553939
chr23_mat_hsa22,31451505,active,0.373,1.744,9.836839351852895
chr23_mat_hsa22,31455505,active,0.3735,1.844,9.99529054109744
chr23_mat_hsa22,31459505,active,0.375,1.856,10.047706612455299
chr23_mat_hsa22,31463505,active,0.3805,1.884,10.050081262323616
chr23_mat_hsa22,31467505,active,0.374,1.788,9.906486904496807
chr23_mat_hsa22,31471505,active,0.3635,1.876,10.12318805694902
chr23_mat_hsa22,31475505,active,0.37,1.684,9.70135466675193
chr23_mat_hsa22,31479505,active,0.3655,1.92,10.138106209585176
chr23_mat_hsa22,31483505,active,0.365,1.96,10.19178660414894
chr23_mat_hsa22,31487505,active,0.365,1.936,10.167293715251526
chr23_mat_hsa22,31491505,active,0.3685,1.904,10.172061609507221
chr23_mat_hsa22,31495505,active,0.368,1.924,10.193410646374826
chr23_mat_hsa22,31499505,active,0.3665,1.856,10.101624557608835
chr23_mat_hsa22,31503505,active,0.369,1.86,10.071749587530983
chr23_mat_hsa22,31507505,active,0.373,1.904,10.090235195913023
chr23_mat_hsa22,31511505,active,0.3745,1.876,10.042835870369645
chr23_mat_hsa22,31515505,active,0.388,1.86,9.965556613701741
chr23_mat_hsa22,31563505,inactive,0.363,1.932,10.25287784837163
chr23_mat_hsa22,31567505,inactive,0.357,1.932,10.193587762019783
chr23_mat_hsa22,31571505,inactive,0.3735,2.404,10.79300466890612
chr23_mat_hsa22,31575505,inactive,0.367,1.92,10.089564344771905
chr23_mat_hsa22,31579505,inactive,0.363,1.964,10.138338222023346
chr23_mat_hsa22,31583505,inactive,0.359,1.924,10.162646773247582
chr23_mat_hsa22,31587505,inactive,0.365,1.96,10.198716727354636
chr23_mat_hsa22,31591505,inactive,0.357,1.916,10.079454207310752
chr23_mat_hsa22,31595505,inactive,0.358,1.908,10.178157101070873
chr23_mat_hsa22,31599505,inactive,0.3615,2.036,10.375837182087032
chr23_mat_hsa22,31603505,inactive,0.3585,1.896,10.16362693866507
