chrom,start,state,gc,bz2_bpb,H11
chr2_mat_hsa3,100720060,inactive,0.3485,1.956,10.321587378519904
chr2_mat_hsa3,100724060,inactive,0.364,1.984,10.276009519156595
chr2_mat_hsa3,100728060,inactive,0.3545,2.032,10.410202153821237
chr2_mat_hsa3,100732060,inactive,0.358,1.964,10.275672038680703
chr2_mat_hsa3,100736060,inactive,0.349,2.0,10.353803488980951
chr2_mat_hsa3,100740060,inactive,0.3585,1.972,10.216811476435527
chr2_mat_hsa3,100744060,inactive,0.354,2.02,10.39053842426008
chr2_mat_hsa3,100748060,inactive,0.356,2.072,10.456231417201373
chr2_mat_hsa3,100752060,inactive,0.3545,2.028,10.450601716980934
chr2_mat_hsa3,100756060,inactive,0.3545,1.992,10.245532062294503
chr2_mat_hsa3,100760060,inactive,0.3565,2.016,10.344767688173725
chr2_mat_hsa3,100764060,inactive,0.353,1.988,10.286908014427041
chr2_mat_hsa3,100768060,inactive,0.3575,2.076,10.439875874627148
chr2_mat_hsa3,100772060,inactive,0.3545,1.98,10.312490423951493
chr2_mat_hsa3,100776060,inactive,0.3545,2.22,10.68559997669833
chr2_mat_hsa3,100780060,inactive,0.352,2.016,10.446802359524073
chr2_mat_hsa3,100784060,inactive,0.347,1.74,9.690635550727217
chr2_mat_hsa3,100788060,inactive,0.349,2.02,10.45187491105411
chr2_mat_hsa3,100792060,inactive,0.358,2.004,10.27762231404649
chr2_mat_hsa3,100796060,inactive,0.35,2.056,10.507034306670363
chr2_mat_hsa3,100800060,inactive,0.3525,2.048,10.404871656270084
chr2_mat_hsa3,100804060,inactive,0.352,1.928,10.239590128305284
chr2_mat_hsa3,100808060,inactive,0.3835,2.444,10.954532614928397
chr2_mat_hsa3,100812060,inactive,0.356,1.98,10.373309860917889
chr2_mat_hsa3,100816060,inactive,0.3505,1.972,10.342425285950469
chr2_mat_hsa3,100820060,inactive,0.3635,1.956,10.217095661040451
chr2_mat_hsa3,100824060,inactive,0.3565,2.016,10.405209961165475
chr2_mat_hsa3,100828060,inactive,0.349,2.008,10.354182552206183
chr2_mat_hsa3,100832060,inactive,0.3525,2.024,10.23001586354587
chr2_mat_hsa3,100836060,inactive,0.3445,2.052,10.490060494177294
chr2_mat_hsa3,100840060,inactive,0.361,2.06,10.481746885949972
chr2_mat_hsa3,100844060,inactive,0.3555,2.012,10.366103106952906
chr2_mat_hsa3,100848060,inactive,0.347,2.024,10.402432081912169
chr2_mat_hsa3,100852060,inactive,0.365,1.992,10.31625431177483
chr2_mat_hsa3,100856060,inactive,0.353,1.972,10.21942199873324
chr2_mat_hsa3,100860060,inactive,0.3565,1.984,10.270592875716494
chr2_mat_hsa3,100864060,inactive,0.353,2.08,10.42135104698341
chr2_mat_hsa3,100868060,inactive,0.3525,2.072,10.428517208527213
chr2_mat_hsa3,100872060,inactive,0.3645,1.984,10.14761055948701
chr2_mat_hsa3,100876060,inactive,0.356,1.948,10.284390478763779
chr2_mat_hsa3,100880060,inactive,0.3535,2.0,10.220302815537343
chr2_mat_hsa3,100884060,inactive,0.356,2.008,10.25693870720403
chr2_mat_hsa3,100888060,inactive,0.3575,1.888,10.096903186048905
chr2_mat_hsa3,100892060,inactive,0.355,1.988,10.194472245497707
chr2_mat_hsa3,100896060,inactive,0.3575,1.968,10.166693250469804
chr2_mat_hsa3,100900060,inactive,0.3555,1.98,10.187124365896235
chr2_mat_hsa3,100904060,inactive,0.3605,1.988,10.241588765311858
chr2_mat_hsa3,100908060,inactive,0.354,2.004,10.228988349464556
chr2_mat_hsa3,100912060,inactive,0.3585,2.0,10.240875859919521
chr2_mat_hsa3,100916060,inactive,0.359,1.912,10.100226391100207
chr2_mat_hsa3,100920060,inactive,0.3575,2.02,10.246481420796767
chr2_mat_hsa3,100924060,inactive,0.3595,1.972,10.17144196642892
chr2_mat_hsa3,100928060,inactive,0.3575,1.992,10.229846544893377
chr2_mat_hsa3,100932060,inactive,0.3625,1.992,10.243138756053034
chr2_mat_hsa3,100936060,inactive,0.3535,2.02,10.25774566679718
chr2_mat_hsa3,100940060,inactive,0.3555,1.948,10.188841083447171
chr2_mat_hsa3,100944060,inactive,0.3555,1.936,10.135275111699025
chr2_mat_hsa3,100948060,inactive,0.3595,1.968,10.283656955893584
chr2_mat_hsa3,100952060,inactive,0.3595,2.092,10.43185237556313
chr2_mat_hsa3,100956060,inactive,0.356,2.004,10.280738033958116
chr2_mat_hsa3,100960060,inactive,0.3935,2.088,10.425406256937004
chr2_mat_hsa3,100964060,inactive,0.3605,2.052,10.386747279159668
chr2_mat_hsa3,100968060,inactive,0.3605,2.084,10.442490222242618
chr2_mat_hsa3,100972060,inactive,0.361,2.044,10.346966207009052
chr2_mat_hsa3,100976060,inactive,0.354,2.076,10.535270803446906
chr2_mat_hsa3,100980060,inactive,0.3525,2.0,10.313363637444693
chr2_mat_hsa3,100984060,inactive,0.355,2.008,10.3509449174874
chr2_mat_hsa3,100988060,inactive,0.3455,1.976,10.241005300799543
chr2_mat_hsa3,100992060,inactive,0.3565,2.028,10.386599840417315
chr2_mat_hsa3,100996060,inactive,0.3645,1.948,10.236525443172892
chr2_mat_hsa3,101000060,inactive,0.3565,2.048,10.40534064278529
chr2_mat_hsa3,101004060,inactive,0.374,2.412,10.813918223027402
chr2_mat_hsa3,101008060,inactive,0.358,2.076,10.376332241277352
chr2_mat_hsa3,101012060,inactive,0.3585,1.98,10.284418920642857
chr2_mat_hsa3,101016060,inactive,0.352,2.024,10.414168243804161
chr2_mat_hsa3,101020060,inactive,0.3535,1.932,10.24028867414408
chr2_mat_hsa3,101024060,inactive,0.362,2.148,10.506567579588241
chr2_mat_hsa3,101028060,inactive,0.3495,2.056,10.437662801964509
chr2_mat_hsa3,101032060,inactive,0.3535,1.964,10.242109840447268
chr2_mat_hsa3,101036060,inactive,0.3605,1.928,10.140263698578782
chr2_mat_hsa3,101040060,inactive,0.3575,2.02,10.400106487233048
chr2_mat_hsa3,101044060,inactive,0.3595,1.996,10.360011968346669
chr2_mat_hsa3,101048060,inactive,0.355,1.744,9.799669719892123
chr2_mat_hsa3,101052060,inactive,0.3545,1.96,10.23263172912926
chr2_mat_hsa3,101056060,inactive,0.351,1.94,10.170917523904397
chr2_mat_hsa3,101060060,inactive,0.352,1.956,10.24828855995601
chr2_mat_hsa3,101064060,inactive,0.3555,1.884,10.1259761869016
chr2_mat_hsa3,101068060,inactive,0.354,1.904,10.181420342679225
chr2_mat_hsa3,101072060,inactive,0.353,1.932,10.198309332021191
chr2_mat_hsa3,101076060,inactive,0.35,1.928,10.231855133314548
chr2_mat_hsa3,101080060,inactive,0.345,1.88,10.132371373736662
chr2_mat_hsa3,101320060,inactive,0.3585,1.912,10.216279021544544
chr2_mat_hsa3,101324060,inactive,0.353,1.892,10.125869201488193
chr2_mat_hsa3,101328060,inactive,0.357,1.996,10.213287453816573
chr2_mat_hsa3,101332060,inactive,0.3645,1.912,10.22058203754712
chr2_mat_hsa3,101336060,inactive,0.3725,1.992,10.39689919364397
chr2_mat_hsa3,101340060,active,0.377,1.936,10.195156160271045
chr2_mat_hsa3,101344060,active,0.372,1.844,9.937602008015784
chr2_mat_hsa3,101348060,active,0.3765,1.844,9.902664149161891
chr2_mat_hsa3,101352060,active,0.373,1.916,10.120336867676151
chr2_mat_hsa3,101356060,active,0.3755,1.904,10.14152098831395
chr2_mat_hsa3,101360060,active,0.38,1.9,10.094597239619674
chr2_mat_hsa3,101364060,active,0.375,1.86,10.023180132074707
chr2_mat_hsa3,101368060,active,0.377,1.896,10.091160963811973
chr2_mat_hsa3,101372060,active,0.383,1.976,10.2128658932033
chr2_mat_hsa3,101376060,active,0.376,1.976,10.201371667391289
chr2_mat_hsa3,101380060,active,0.3985,1.776,9.775706136333342
chr2_mat_hsa3,101384060,active,0.3925,1.424,9.206899504462188
chr2_mat_hsa3,101388060,active,0.3885,1.748,9.712555288351815
chr2_mat_hsa3,101392060,active,0.39,1.888,10.029364500462227
chr2_mat_hsa3,101396060,active,0.393,1.864,10.060382354608382
chr2_mat_hsa3,101400060,active,0.391,1.88,9.995304159185855
chr2_mat_hsa3,101404060,active,0.389,1.84,9.892095802568193
chr2_mat_hsa3,101408060,active,0.3925,1.824,10.024123566018558
chr2_mat_hsa3,101412060,active,0.3825,1.772,9.975388575619197
chr2_mat_hsa3,101416060,active,0.3905,1.852,9.957294645241573
chr2_mat_hsa3,101420060,active,0.3845,1.824,9.890995261411687
chr2_mat_hsa3,101424060,active,0.393,1.828,9.981378786746351
chr2_mat_hsa3,101428060,active,0.388,1.776,9.82895782549367
chr2_mat_hsa3,101432060,active,0.3865,1.776,9.85729287328062
chr2_mat_hsa3,101436060,active,0.3935,1.8,9.917512277169624
chr2_mat_hsa3,101440060,active,0.391,1.808,9.935910144456704
chr2_mat_hsa3,101444060,active,0.388,1.876,10.08258139564859
chr2_mat_hsa3,101448060,active,0.3935,1.884,10.009773576885994
chr2_mat_hsa3,101452060,active,0.3925,1.808,9.993013396729733
chr2_mat_hsa3,101456060,active,0.3955,1.856,9.957213571718638
chr2_mat_hsa3,101460060,active,0.4045,1.828,9.955538991373253
chr2_mat_hsa3,101464060,active,0.39,1.872,10.081729015007278
chr2_mat_hsa3,101468060,active,0.389,1.872,10.019992598054843
chr2_mat_hsa3,101472060,active,0.3865,1.84,9.989205715597018
chr2_mat_hsa3,101476060,active,0.394,1.84,9.998352604955658
chr2_mat_hsa3,101480060,active,0.388,1.872,10.029538281843005
chr2_mat_hsa3,101484060,active,0.3825,1.848,10.019804457120474
chr2_mat_hsa3,101488060,active,0.392,1.848,10.013044808804224
chr2_mat_hsa3,101492060,active,0.3885,1.868,10.024550996600869
chr2_mat_hsa3,101496060,active,0.3855,1.872,10.088257497361445
chr2_mat_hsa3,101500060,active,0.3905,1.824,9.978951174373055
chr2_mat_hsa3,101504060,active,0.39,1.86,10.036829200448288
chr2_mat_hsa3,101508060,active,0.384,1.868,10.105588450012803
chr2_mat_hsa3,101512060,active,0.393,1.844,9.9778965972884
chr2_mat_hsa3,101516060,active,0.385,1.832,9.864696889458816
chr2_mat_hsa3,101520060,active,0.397,1.832,9.834987899009365
chr2_mat_hsa3,101524060,active,0.391,1.688,9.624970341746396
chr2_mat_hsa3,101528060,active,0.392,1.852,9.988779967935052
chr2_mat_hsa3,101532060,active,0.393,1.84,9.940815608994448
chr2_mat_hsa3,101536060,active,0.398,1.828,9.907054276113678
chr2_mat_hsa3,101540060,active,0.393,1.692,9.586564897683456
chr2_mat_hsa3,101544060,active,0.396,1.808,9.848235407937262
chr2_mat_hsa3,101548060,active,0.3935,1.86,9.944441681840354
chr2_mat_hsa3,101552060,active,0.3885,1.68,9.668252034470155
chr2_mat_hsa3,101556060,active,0.3935,1.888,9.955948590001922
chr2_mat_hsa3,101560060,active,0.3905,1.812,9.945075418676637
chr2_mat_hsa3,101564060,active,0.386,1.732,9.680627383635727
chr2_mat_hsa3,101568060,active,0.395,1.848,9.893326061832797
chr2_mat_hsa3,101572060,active,0.394,1.848,9.924120769648118
chr2_mat_hsa3,101576060,active,0.391,1.924,10.059594234229655
chr2_mat_hsa3,101580060,active,0.3965,1.732,9.721242582437457
chr2_mat_hsa3,101584060,active,0.3975,1.792,9.86475583420852
chr2_mat_hsa3,101588060,active,0.3965,1.764,9.840917759694584
chr2_mat_hsa3,101592060,active,0.396,1.696,9.730711019568922
chr2_mat_hsa3,101596060,active,0.391,1.848,9.948970542575987
chr2_mat_hsa3,101600060,active,0.3925,1.772,9.790219734341814
chr2_mat_hsa3,101604060,active,0.3915,1.764,9.884496012823364
chr2_mat_hsa3,101608060,active,0.3955,1.716,9.819890780350669
chr2_mat_hsa3,101612060,active,0.3925,1.736,9.685693288694022
chr2_mat_hsa3,101616060,active,0.3915,1.776,9.890124688634282
chr2_mat_hsa3,101620060,active,0.3885,1.756,9.839837253786953
chr2_mat_hsa3,101624060,active,0.39,1.716,9.665774128672664
chr2_mat_hsa3,101628060,active,0.3875,1.752,9.77317682569444
chr2_mat_hsa3,101632060,active,0.3925,1.716,9.720942445577736
chr2_mat_hsa3,101636060,active,0.389,1.74,9.680521167460308
chr2_mat_hsa3,101640060,active,0.3875,1.592,9.437419852167533
chr2_mat_hsa3,101644060,active,0.3935,1.648,9.50664372385733
chr2_mat_hsa3,101648060,active,0.39,1.668,9.61247362175366
chr2_mat_hsa3,101652060,active,0.389,1.752,9.736573707763991
chr2_mat_hsa3,101656060,active,0.3845,1.692,9.603271693298183
chr2_mat_hsa3,101660060,active,0.3905,1.704,9.677105009855815
chr2_mat_hsa3,101664060,active,0.3875,1.816,9.826636837395007
chr2_mat_hsa3,101668060,active,0.396,1.812,9.855708160087312
chr2_mat_hsa3,101672060,active,0.3975,1.776,9.829364145996024
chr2_mat_hsa3,101676060,active,0.387,1.86,9.961693731731218
chr2_mat_hsa3,101680060,active,0.3975,1.744,9.817600372360769
chr2_mat_hsa3,101684060,active,0.389,1.772,9.820455858453178
chr2_mat_hsa3,101688060,active,0.393,1.82,9.86589350110239
chr2_mat_hsa3,101692060,active,0.391,1.68,9.658674126641994
chr2_mat_hsa3,101696060,active,0.3955,1.908,10.019375320012792
chr2_mat_hsa3,101700060,active,0.389,1.792,9.819215986856175
chr2_mat_hsa3,101704060,active,0.3965,1.74,9.677132600498837
chr2_mat_hsa3,101708060,active,0.394,1.88,9.95808953724698
chr2_mat_hsa3,101712060,active,0.398,1.728,9.72285570497707
chr2_mat_hsa3,101716060,active,0.395,1.74,9.775418479328334
chr2_mat_hsa3,101720060,active,0.3975,1.756,9.797950039797799
chr2_mat_hsa3,101724060,active,0.3935,1.74,9.833279027916122
chr2_mat_hsa3,101728060,active,0.3945,1.708,9.742811615169275
chr2_mat_hsa3,101732060,active,0.3935,1.86,9.967215378379748
chr2_mat_hsa3,101736060,active,0.401,1.76,9.76777619219545
chr2_mat_hsa3,101740060,active,0.3955,1.752,9.820241678924972
chr2_mat_hsa3,101744060,active,0.393,1.76,9.82937684944579
chr2_mat_hsa3,101748060,active,0.3955,1.708,9.662190329619701
chr2_mat_hsa3,101752060,active,0.3925,1.82,9.923803878877283
chr2_mat_hsa3,101756060,active,0.3885,1.748,9.768699789331977
chr2_mat_hsa3,101760060,active,0.3915,1.796,9.823926419292542
chr2_mat_hsa3,101764060,active,0.385,1.8,9.789310148008957
chr2_mat_hsa3,101768060,active,0.385,1.812,9.839691276874671
chr2_mat_hsa3,101772060,active,0.3925,1.752,9.782928434453845
chr2_mat_hsa3,101776060,active,0.391,1.6,9.480242869973216
chr2_mat_hsa3,101780060,active,0.388,1.728,9.665898718276884
chr2_mat_hsa3,101784060,active,0.3915,1.66,9.676137464933745
chr2_mat_hsa3,101788060,active,0.388,1.736,9.750439459794215
chr2_mat_hsa3,101792060,active,0.3865,1.72,9.645412916671338
chr2_mat_hsa3,101796060,active,0.3805,1.68,9.54673865906403
chr2_mat_hsa3,101800060,active,0.3865,1.736,9.695759611745503
chr2_mat_hsa3,101804060,active,0.3905,1.588,9.462717052677588
chr2_mat_hsa3,101808060,active,0.392,1.644,9.558189124099396
chr2_mat_hsa3,101812060,active,0.395,1.52,9.308130615332875
chr2_mat_hsa3,101816060,active,0.3945,1.7,9.620049737940844
chr2_mat_hsa3,101820060,active,0.3955,1.62,9.426698295200792
chr2_mat_hsa3,101824060,active,0.389,1.708,9.687342550810445
chr2_mat_hsa3,101828060,active,0.3945,1.632,9.464126334102536
chr2_mat_hsa3,101832060,active,0.393,1.6,9.457162756001026
chr2_mat_hsa3,101836060,active,0.386,1.712,9.73622390512106
chr2_mat_hsa3,101840060,active,0.391,1.62,9.521526418292424
chr2_mat_hsa3,101844060,active,0.3885,1.632,9.49613267162576
chr2_mat_hsa3,101848060,active,0.382,1.632,9.559602896617701
chr2_mat_hsa3,101852060,active,0.386,1.648,9.584667197823682
chr2_mat_hsa3,101856060,active,0.387,1.592,9.471546726120529
chr2_mat_hsa3,101860060,active,0.3835,1.728,9.710007926217552
chr2_mat_hsa3,101864060,active,0.3865,1.7,9.723601797921088
chr2_mat_hsa3,101868060,active,0.3875,1.672,9.636761783262806
chr2_mat_hsa3,101872060,active,0.389,1.624,9.447224003900223
chr2_mat_hsa3,101876060,active,0.3875,1.676,9.631003551084756
chr2_mat_hsa3,101880060,active,0.386,1.688,9.629676468435454
chr2_mat_hsa3,101884060,active,0.393,1.688,9.650841250584191
chr2_mat_hsa3,101888060,active,0.3875,1.632,9.533663960740409
chr2_mat_hsa3,101892060,active,0.3825,1.664,9.574972675317229
chr2_mat_hsa3,101896060,active,0.386,1.72,9.598911613907633
chr2_mat_hsa3,101900060,active,0.384,1.708,9.6751137891512
chr2_mat_hsa3,101904060,active,0.386,1.716,9.712920186297213
chr2_mat_hsa3,101908060,active,0.3865,1.644,9.639479300641707
chr2_mat_hsa3,101912060,active,0.3875,1.608,9.594207592915541
chr2_mat_hsa3,101916060,active,0.39,1.66,9.615750387063537
chr2_mat_hsa3,101920060,active,0.3915,1.6,9.420080639242991
chr2_mat_hsa3,101924060,active,0.391,1.628,9.523172202292585
chr2_mat_hsa3,101928060,active,0.3865,1.608,9.502342556683766
chr2_mat_hsa3,101932060,active,0.3905,1.644,9.61203092424386
chr2_mat_hsa3,101936060,active,0.389,1.796,9.792057459326102
chr2_mat_hsa3,101940060,active,0.388,1.712,9.67456325189495
chr2_mat_hsa3,101944060,active,0.382,1.6,9.497219413401162
chr2_mat_hsa3,101948060,active,0.3945,1.564,9.433097444042941
chr2_mat_hsa3,101952060,active,0.391,1.568,9.365238665248674
chr2_mat_hsa3,101956060,active,0.393,1.564,9.387697004369176
chr2_mat_hsa3,101960060,active,0.396,1.58,9.449823997678411
chr2_mat_hsa3,101964060,active,0.384,1.58,9.426196181439538
chr2_mat_hsa3,101968060,active,0.3925,1.66,9.521660843824188
chr2_mat_hsa3,101972060,active,0.394,1.604,9.495496188470627
chr2_mat_hsa3,101976060,active,0.3945,1.468,9.199560681073995
chr2_mat_hsa3,101980060,active,0.392,1.556,9.390737784973922
chr2_mat_hsa3,101984060,active,0.3905,1.532,9.334487446698102
chr2_mat_hsa3,101988060,active,0.393,1.572,9.348613652089297
chr2_mat_hsa3,101992060,active,0.388,1.624,9.483125935276137
chr2_mat_hsa3,101996060,active,0.3905,1.676,9.64132161110616
chr2_mat_hsa3,102000060,active,0.391,1.668,9.616940253896946
chr2_mat_hsa3,102004060,active,0.3875,1.616,9.4868607495261
chr2_mat_hsa3,102008060,active,0.392,1.568,9.376309370298994
chr2_mat_hsa3,102012060,active,0.392,1.544,9.314577533110475
chr2_mat_hsa3,102016060,active,0.3925,1.68,9.599583262651764
chr2_mat_hsa3,102020060,active,0.3975,1.568,9.40754729754749
chr2_mat_hsa3,102024060,active,0.3965,1.804,9.78513811195456
chr2_mat_hsa3,102028060,active,0.3805,1.684,9.604117051901273
chr2_mat_hsa3,102032060,active,0.385,1.696,9.638335254836425
chr2_mat_hsa3,102036060,active,0.3945,1.64,9.536818678823497
chr2_mat_hsa3,102040060,active,0.393,1.62,9.555949542889618
chr2_mat_hsa3,102044060,active,0.382,1.664,9.639313353546086
chr2_mat_hsa3,102048060,active,0.3855,1.652,9.569775998420043
chr2_mat_hsa3,102052060,active,0.398,1.608,9.489079586554649
chr2_mat_hsa3,102056060,active,0.3945,1.64,9.500493072209672
chr2_mat_hsa3,102060060,active,0.3895,1.652,9.547691794010893
chr2_mat_hsa3,102064060,active,0.385,1.672,9.591038390124012
chr2_mat_hsa3,102068060,active,0.396,1.6,9.456587254982079
chr2_mat_hsa3,102072060,active,0.394,1.56,9.424689608441277
chr2_mat_hsa3,102076060,active,0.3905,1.576,9.455686319974754
chr2_mat_hsa3,102080060,active,0.3865,1.564,9.325873179687669
chr2_mat_hsa3,102084060,active,0.3935,1.564,9.409368906031196
chr2_mat_hsa3,102088060,active,0.395,1.576,9.427961194825743
chr2_mat_hsa3,102092060,active,0.392,1.56,9.385716769156407
chr2_mat_hsa3,102096060,active,0.3945,1.708,9.638789742705821
chr2_mat_hsa3,102100060,active,0.3945,1.692,9.653248627718673
chr2_mat_hsa3,102104060,active,0.3975,1.636,9.505319023392948
chr2_mat_hsa3,102108060,active,0.3885,1.596,9.404491496373518
chr2_mat_hsa3,102112060,active,0.3865,1.612,9.558133091577318
chr2_mat_hsa3,102116060,active,0.391,1.584,9.428192819308615
chr2_mat_hsa3,102120060,active,0.3885,1.748,9.71949530266655
chr2_mat_hsa3,102124060,active,0.3875,1.708,9.589030433397085
chr2_mat_hsa3,102128060,active,0.386,1.648,9.582161269678869
chr2_mat_hsa3,102132060,active,0.3825,1.596,9.442242426886141
chr2_mat_hsa3,102136060,active,0.3845,1.588,9.463361334373749
chr2_mat_hsa3,102140060,active,0.3875,1.776,9.80184664662741
chr2_mat_hsa3,102144060,active,0.39,1.708,9.640007709124706
chr2_mat_hsa3,102148060,active,0.3915,1.704,9.6874661428217
chr2_mat_hsa3,102152060,active,0.389,1.732,9.688457445804284
chr2_mat_hsa3,102156060,active,0.3905,1.564,9.365454447247647
chr2_mat_hsa3,102160060,active,0.392,1.664,9.613985219201142
chr2_mat_hsa3,102164060,active,0.3915,1.696,9.65960859949951
chr2_mat_hsa3,102168060,active,0.392,1.556,9.43543650473721
chr2_mat_hsa3,102172060,active,0.39,1.632,9.530923650361261
chr2_mat_hsa3,102176060,active,0.3885,1.716,9.607283398602997
chr2_mat_hsa3,102180060,active,0.3855,1.596,9.482930417837323
chr2_mat_hsa3,102184060,active,0.3935,1.66,9.574936600805891
chr2_mat_hsa3,102188060,active,0.38,1.688,9.66486290161998
chr2_mat_hsa3,102192060,active,0.3845,1.608,9.550196980690602
chr2_mat_hsa3,102196060,active,0.388,1.748,9.776500281157318
chr2_mat_hsa3,102200060,active,0.3885,1.676,9.627908885115241
chr2_mat_hsa3,102204060,active,0.39,1.68,9.624171203342991
chr2_mat_hsa3,102208060,active,0.389,1.748,9.711208114315792
chr2_mat_hsa3,102212060,active,0.387,1.712,9.703254924373091
chr2_mat_hsa3,102216060,active,0.3885,1.72,9.719894657268512
chr2_mat_hsa3,102220060,active,0.388,1.724,9.715358741961918
chr2_mat_hsa3,102224060,active,0.3875,1.676,9.677372354383847
chr2_mat_hsa3,102228060,active,0.386,1.752,9.758408831302999
chr2_mat_hsa3,102232060,active,0.388,1.716,9.72552443472704
chr2_mat_hsa3,102236060,active,0.3865,1.728,9.740927229353332
chr2_mat_hsa3,102240060,active,0.3885,1.72,9.721460818143232
chr2_mat_hsa3,102244060,active,0.389,1.732,9.736681817473757
chr2_mat_hsa3,102248060,active,0.3875,1.736,9.742197892481604
chr2_mat_hsa3,102252060,active,0.3875,1.728,9.71686797437322
chr2_mat_hsa3,102256060,active,0.388,1.728,9.761300037440604
chr2_mat_hsa3,102260060,active,0.3895,1.732,9.714566690662304
chr2_mat_hsa3,102264060,active,0.387,1.724,9.702853100680327
chr2_mat_hsa3,102268060,active,0.3875,1.72,9.727271991726083
chr2_mat_hsa3,102272060,active,0.396,1.584,9.53348924362074
chr2_mat_hsa3,102276060,active,0.3945,1.66,9.60191750865644
chr2_mat_hsa3,102280060,active,0.3875,1.648,9.594379144184652
chr2_mat_hsa3,102284060,active,0.397,1.628,9.556376032016791
chr2_mat_hsa3,102288060,active,0.391,1.652,9.610329384949763
chr2_mat_hsa3,102292060,active,0.396,1.608,9.499639306976418
chr2_mat_hsa3,102296060,active,0.3975,1.576,9.428793540218171
chr2_mat_hsa3,102300060,active,0.395,1.628,9.55289218073873
chr2_mat_hsa3,102304060,active,0.3905,1.684,9.568034775627106
chr2_mat_hsa3,102308060,active,0.3885,1.724,9.742481439675984
chr2_mat_hsa3,102312060,active,0.3885,1.728,9.756634604015892
chr2_mat_hsa3,102316060,active,0.388,1.72,9.725308625911543
chr2_mat_hsa3,102320060,active,0.387,1.732,9.728282942958574
chr2_mat_hsa3,102324060,active,0.3865,1.748,9.760931218242057
chr2_mat_hsa3,102328060,active,0.396,1.544,9.405057926535228
chr2_mat_hsa3,102332060,active,0.3885,1.7,9.611133320995918
chr2_mat_hsa3,102336060,active,0.3965,1.596,9.499721121964525
chr2_mat_hsa3,102340060,active,0.388,1.7,9.674595216595707
chr2_mat_hsa3,102344060,active,0.387,1.716,9.696234855228685
chr2_mat_hsa3,102348060,active,0.397,1.596,9.5165762766765
chr2_mat_hsa3,102352060,active,0.388,1.696,9.66257917263461
chr2_mat_hsa3,102356060,active,0.388,1.704,9.648517504734128
chr2_mat_hsa3,102360060,active,0.3975,1.68,9.617560753927545
chr2_mat_hsa3,102364060,active,0.387,1.692,9.701742800834435
chr2_mat_hsa3,102368060,active,0.3945,1.66,9.587012717980832
chr2_mat_hsa3,102372060,active,0.3865,1.62,9.549605407876395
chr2_mat_hsa3,102376060,active,0.3945,1.7,9.701542175992001
chr2_mat_hsa3,102380060,active,0.394,1.592,9.437257562818038
chr2_mat_hsa3,102384060,active,0.3965,1.588,9.500648906149696
chr2_mat_hsa3,102388060,active,0.3945,1.584,9.474124225226747
chr2_mat_hsa3,102392060,active,0.397,1.588,9.456767108826718
chr2_mat_hsa3,102396060,active,0.389,1.612,9.484982343450064
chr2_mat_hsa3,102400060,active,0.3945,1.636,9.528422895425606
chr2_mat_hsa3,102404060,active,0.388,1.724,9.723470868394495
chr2_mat_hsa3,102408060,active,0.3875,1.724,9.70794139063963
chr2_mat_hsa3,102412060,active,0.386,1.748,9.744914700928078
chr2_mat_hsa3,102416060,active,0.3865,1.72,9.70513829149577
chr2_mat_hsa3,102420060,active,0.389,1.736,9.737263986064788
chr2_mat_hsa3,102424060,active,0.3915,1.644,9.616733947643016
chr2_mat_hsa3,102428060,active,0.3905,1.668,9.596789180732108
chr2_mat_hsa3,102432060,active,0.3875,1.716,9.669505851805276
chr2_mat_hsa3,102436060,active,0.397,1.592,9.535205878217331
chr2_mat_hsa3,102440060,active,0.386,1.688,9.641948037243587
chr2_mat_hsa3,102444060,active,0.391,1.716,9.674909930887805
chr2_mat_hsa3,102448060,active,0.3855,1.696,9.697754587794556
chr2_mat_hsa3,102452060,active,0.393,1.668,9.60692372749982
chr2_mat_hsa3,102456060,active,0.387,1.66,9.599486727927657
chr2_mat_hsa3,102460060,active,0.3935,1.648,9.606925221862639
chr2_mat_hsa3,102464060,active,0.385,1.632,9.559288944890985
chr2_mat_hsa3,102468060,active,0.3955,1.612,9.560393563325361
chr2_mat_hsa3,102472060,active,0.386,1.72,9.700210719285018
chr2_mat_hsa3,102476060,active,0.397,1.592,9.535953040276244
chr2_mat_hsa3,102480060,active,0.388,1.716,9.671562973492232
chr2_mat_hsa3,102484060,active,0.3955,1.62,9.5757482792552
chr2_mat_hsa3,102488060,active,0.3965,1.608,9.508971379528028
chr2_mat_hsa3,102492060,active,0.3935,1.672,9.660424884529212
chr2_mat_hsa3,102496060,active,0.397,1.56,9.423973368784766
chr2_mat_hsa3,102500060,active,0.3945,1.656,9.581938870529417
chr2_mat_hsa3,102504060,active,0.398,1.596,9.480631635749972
chr2_mat_hsa3,102508060,active,0.395,1.66,9.612403242659012
chr2_mat_hsa3,102512060,active,0.3965,1.6,9.478091771323506
chr2_mat_hsa3,102516060,active,0.3965,1.68,9.620523775721807
chr2_mat_hsa3,102520060,active,0.396,1.524,9.310874704661485
chr2_mat_hsa3,102524060,active,0.3935,1.644,9.531635968764641
chr2_mat_hsa3,102528060,active,0.395,1.556,9.377713640255731
chr2_mat_hsa3,102532060,active,0.391,1.628,9.531842662017544
chr2_mat_hsa3,102536060,active,0.3965,1.572,9.442656713386699
chr2_mat_hsa3,102540060,active,0.39,1.652,9.540246819512864
chr2_mat_hsa3,102544060,active,0.3885,1.628,9.53091556566453
chr2_mat_hsa3,102548060,active,0.389,1.64,9.548748077620967
chr2_mat_hsa3,102552060,active,0.3905,1.684,9.628667288793837
chr2_mat_hsa3,102556060,active,0.395,1.6,9.495704222350238
chr2_mat_hsa3,102560060,active,0.3935,1.692,9.684905456975827
chr2_mat_hsa3,102564060,active,0.396,1.6,9.484156180292352
chr2_mat_hsa3,102568060,active,0.3905,1.656,9.556061893281143
chr2_mat_hsa3,102572060,active,0.3955,1.58,9.44941095346615
chr2_mat_hsa3,102576060,active,0.395,1.624,9.568361838902772
chr2_mat_hsa3,102580060,active,0.3995,1.584,9.46038264326902
chr2_mat_hsa3,102584060,active,0.3965,1.512,9.331227510032626
chr2_mat_hsa3,102588060,active,0.3925,1.672,9.59082439760477
chr2_mat_hsa3,102592060,active,0.3945,1.488,9.179111766226725
chr2_mat_hsa3,102596060,active,0.3905,1.568,9.45870917028751
chr2_mat_hsa3,102600060,active,0.3895,1.576,9.404514622739725
chr2_mat_hsa3,102604060,active,0.3925,1.596,9.46685285081678
chr2_mat_hsa3,102608060,active,0.393,1.608,9.480185786225059
chr2_mat_hsa3,102612060,active,0.3975,1.604,9.453379354852258
chr2_mat_hsa3,102616060,active,0.395,1.636,9.568039328574523
chr2_mat_hsa3,102620060,active,0.392,1.664,9.582985285679214
chr2_mat_hsa3,102624060,active,0.392,1.672,9.611308427619383
chr2_mat_hsa3,102628060,active,0.388,1.66,9.603844004861429
chr2_mat_hsa3,102632060,active,0.3915,1.744,9.742700006242933
chr2_mat_hsa3,102636060,active,0.391,1.688,9.616685580285951
chr2_mat_hsa3,102640060,active,0.3945,1.548,9.377415858662596
chr2_mat_hsa3,102644060,active,0.393,1.732,9.697647630153938
chr2_mat_hsa3,102648060,active,0.3865,1.748,9.713033257053638
chr2_mat_hsa3,102652060,active,0.388,1.664,9.586204928251872
chr2_mat_hsa3,102656060,active,0.3835,1.684,9.591567638410535
chr2_mat_hsa3,102660060,active,0.386,1.696,9.627589585342985
chr2_mat_hsa3,102664060,active,0.393,1.616,9.54332559257684
chr2_mat_hsa3,102668060,active,0.3895,1.636,9.573505241029336
chr2_mat_hsa3,102672060,active,0.3925,1.724,9.715040138949453
chr2_mat_hsa3,102676060,active,0.3935,1.66,9.61815377713928
chr2_mat_hsa3,102680060,active,0.394,1.624,9.559168155336529
chr2_mat_hsa3,102684060,active,0.3945,1.62,9.496876611696244
chr2_mat_hsa3,102688060,active,0.394,1.604,9.488669040754566
chr2_mat_hsa3,102692060,active,0.399,1.564,9.4097123955683
chr2_mat_hsa3,102696060,active,0.3855,1.628,9.539031191313699
chr2_mat_hsa3,102700060,active,0.395,1.524,9.32045465238096
chr2_mat_hsa3,102704060,active,0.386,1.624,9.550913628446326
chr2_mat_hsa3,102708060,active,0.3955,1.544,9.369798127193258
chr2_mat_hsa3,102712060,active,0.3855,1.668,9.624686020554103
chr2_mat_hsa3,102716060,active,0.3965,1.556,9.38176966891255
chr2_mat_hsa3,102720060,active,0.3965,1.576,9.446155891681475
chr2_mat_hsa3,102724060,active,0.386,1.644,9.616129295812586
chr2_mat_hsa3,102728060,active,0.3985,1.524,9.294838074860573
chr2_mat_hsa3,102732060,active,0.3985,1.58,9.43450664251349
chr2_mat_hsa3,102736060,active,0.3955,1.58,9.469765078363709
chr2_mat_hsa3,102740060,active,0.3885,1.652,9.578368606610544
chr2_mat_hsa3,102744060,active,0.3965,1.576,9.410329673610383
chr2_mat_hsa3,102748060,active,0.3905,1.652,9.594721701194242
chr2_mat_hsa3,102752060,active,0.3965,1.54,9.337512733568904
chr2_mat_hsa3,102756060,active,0.3995,1.604,9.449177202926116
chr2_mat_hsa3,102760060,active,0.397,1.564,9.389812339008412
chr2_mat_hsa3,102764060,active,0.387,1.632,9.571757383197133
chr2_mat_hsa3,102768060,active,0.397,1.6,9.5102264716842
chr2_mat_hsa3,102772060,active,0.3885,1.648,9.612820140554033
chr2_mat_hsa3,102776060,active,0.3975,1.536,9.332113196001329
chr2_mat_hsa3,102780060,active,0.3925,1.568,9.465508523202777
chr2_mat_hsa3,102784060,active,0.397,1.536,9.380369023429134
chr2_mat_hsa3,102788060,active,0.393,1.624,9.567470417889501
chr2_mat_hsa3,102792060,active,0.3895,1.616,9.52610369109045
chr2_mat_hsa3,102796060,active,0.3855,1.7,9.630584658003736
chr2_mat_hsa3,102800060,active,0.396,1.584,9.44070747781445
chr2_mat_hsa3,102804060,active,0.389,1.66,9.643103890557283
chr2_mat_hsa3,102808060,active,0.399,1.568,9.41232426266042
chr2_mat_hsa3,102812060,active,0.3975,1.56,9.4006798614549
chr2_mat_hsa3,102816060,active,0.4005,1.564,9.425590422245296
chr2_mat_hsa3,102820060,active,0.3975,1.556,9.405156810911537
chr2_mat_hsa3,102824060,active,0.396,1.556,9.388934672670937
chr2_mat_hsa3,102828060,active,0.3965,1.464,9.194571870599123
chr2_mat_hsa3,102832060,active,0.396,1.548,9.37524540042363
chr2_mat_hsa3,102836060,active,0.3965,1.52,9.315688574421532
chr2_mat_hsa3,102840060,active,0.391,1.684,9.681070242886475
chr2_mat_hsa3,102844060,active,0.3935,1.624,9.542746368746254
chr2_mat_hsa3,102848060,active,0.3875,1.636,9.599161403710106
chr2_mat_hsa3,102852060,active,0.3855,1.724,9.661109049714183
chr2_mat_hsa3,102856060,active,0.3895,1.644,9.554333984532029
chr2_mat_hsa3,102860060,active,0.3935,1.608,9.534075522022292
chr2_mat_hsa3,102864060,active,0.3865,1.62,9.578302220290844
chr2_mat_hsa3,102868060,active,0.3855,1.72,9.645076737833092
chr2_mat_hsa3,102872060,active,0.391,1.672,9.602394104198812
chr2_mat_hsa3,102876060,active,0.391,1.624,9.543636306829228
chr2_mat_hsa3,102880060,active,0.3905,1.608,9.524897675223691
chr2_mat_hsa3,102884060,active,0.3945,1.592,9.462297641726503
chr2_mat_hsa3,102888060,active,0.387,1.612,9.547538021062474
chr2_mat_hsa3,102892060,active,0.3835,1.736,9.719218423044216
chr2_mat_hsa3,102896060,active,0.3865,1.616,9.556547494615232
chr2_mat_hsa3,102900060,active,0.3925,1.732,9.734494534541902
chr2_mat_hsa3,102904060,active,0.396,1.596,9.490498674585734
chr2_mat_hsa3,102908060,active,0.398,1.548,9.3809761557829
chr2_mat_hsa3,102912060,active,0.392,1.66,9.588228236409154
chr2_mat_hsa3,102916060,active,0.3885,1.732,9.692344904538535
chr2_mat_hsa3,102920060,active,0.387,1.692,9.601076756633814
chr2_mat_hsa3,102924060,active,0.387,1.72,9.698708077207652
chr2_mat_hsa3,102928060,active,0.385,1.728,9.65547305748814
chr2_mat_hsa3,102932060,active,0.389,1.672,9.61918402215546
chr2_mat_hsa3,102936060,active,0.3855,1.588,9.478287920456625
chr2_mat_hsa3,102940060,active,0.389,1.724,9.640845757028915
chr2_mat_hsa3,102944060,active,0.391,1.608,9.543161450345004
chr2_mat_hsa3,102948060,active,0.3875,1.672,9.663813297014528
chr2_mat_hsa3,102952060,active,0.3895,1.648,9.632420643929846
chr2_mat_hsa3,102956060,active,0.386,1.704,9.628493501696827
chr2_mat_hsa3,102960060,active,0.3945,1.62,9.549046699017541
chr2_mat_hsa3,102964060,active,0.3895,1.624,9.543473406885674
chr2_mat_hsa3,102968060,active,0.397,1.568,9.448042981615801
chr2_mat_hsa3,102972060,active,0.394,1.596,9.478984800523868
chr2_mat_hsa3,102976060,active,0.3985,1.528,9.354953567520969
chr2_mat_hsa3,102980060,active,0.3965,1.584,9.414133932764594
chr2_mat_hsa3,102984060,active,0.3975,1.58,9.429191510228152
chr2_mat_hsa3,102988060,active,0.384,1.664,9.587160788417476
chr2_mat_hsa3,102992060,active,0.396,1.544,9.34797534120535
chr2_mat_hsa3,102996060,active,0.3965,1.56,9.426326985811295
chr2_mat_hsa3,103000060,active,0.399,1.536,9.357730672776354
chr2_mat_hsa3,103004060,active,0.3975,1.588,9.43908295025125
chr2_mat_hsa3,103008060,active,0.397,1.592,9.455132316034739
chr2_mat_hsa3,103012060,active,0.3965,1.628,9.534648286390137
chr2_mat_hsa3,103016060,active,0.386,1.644,9.594848706256249
chr2_mat_hsa3,103020060,active,0.3965,1.512,9.29144575255469
chr2_mat_hsa3,103024060,active,0.397,1.512,9.32287531995418
chr2_mat_hsa3,103028060,active,0.398,1.508,9.28901334253864
chr2_mat_hsa3,103032060,active,0.3975,1.576,9.418070223093029
chr2_mat_hsa3,103036060,active,0.3965,1.572,9.425277703139232
chr2_mat_hsa3,103040060,active,0.395,1.564,9.368573439569337
chr2_mat_hsa3,103044060,active,0.399,1.544,9.336793381694816
chr2_mat_hsa3,103048060,active,0.389,1.752,9.676789819894152
chr2_mat_hsa3,103052060,active,0.392,1.62,9.54892696068914
chr2_mat_hsa3,103056060,active,0.397,1.612,9.483622423763727
chr2_mat_hsa3,103060060,active,0.3975,1.588,9.439275665233305
chr2_mat_hsa3,103064060,active,0.398,1.596,9.432652458735024
chr2_mat_hsa3,103068060,active,0.395,1.552,9.40103349668032
chr2_mat_hsa3,103072060,active,0.3955,1.548,9.366534515734747
chr2_mat_hsa3,103076060,active,0.3985,1.584,9.420213912705515
chr2_mat_hsa3,103080060,active,0.397,1.552,9.382587571797098
chr2_mat_hsa3,103084060,active,0.396,1.572,9.423127268716536
chr2_mat_hsa3,103088060,active,0.3975,1.532,9.358969448442007
chr2_mat_hsa3,103092060,active,0.3965,1.556,9.393772753296085
chr2_mat_hsa3,103096060,active,0.3955,1.548,9.385594240543787
chr2_mat_hsa3,103100060,active,0.3965,1.576,9.461679622219268
chr2_mat_hsa3,103104060,active,0.397,1.524,9.32158080042703
chr2_mat_hsa3,103108060,active,0.3955,1.592,9.434643292440693
chr2_mat_hsa3,103112060,active,0.394,1.556,9.362595619626283
chr2_mat_hsa3,103116060,active,0.396,1.484,9.203873973636094
chr2_mat_hsa3,103120060,active,0.3955,1.548,9.341817765857803
chr2_mat_hsa3,103124060,active,0.3955,1.552,9.333482111811659
chr2_mat_hsa3,103128060,active,0.395,1.584,9.443914107176461
chr2_mat_hsa3,103132060,active,0.3975,1.54,9.325376930179168
chr2_mat_hsa3,103136060,active,0.3985,1.52,9.282334270975472
chr2_mat_hsa3,103140060,active,0.402,1.604,9.477614047317
chr2_mat_hsa3,103144060,active,0.395,1.596,9.461004828724716
chr2_mat_hsa3,103148060,active,0.3975,1.552,9.38824086262084
chr2_mat_hsa3,103152060,active,0.3965,1.588,9.431761136060098
chr2_mat_hsa3,103156060,active,0.397,1.572,9.362137909768373
chr2_mat_hsa3,103160060,active,0.3955,1.584,9.442351424418055
chr2_mat_hsa3,103164060,active,0.3965,1.556,9.345630818641169
chr2_mat_hsa3,103168060,active,0.3955,1.612,9.493118671080037
chr2_mat_hsa3,103172060,active,0.397,1.544,9.338061531766987
chr2_mat_hsa3,103176060,active,0.3955,1.58,9.431595975135032
chr2_mat_hsa3,103180060,active,0.397,1.572,9.386159110537047
chr2_mat_hsa3,103184060,active,0.395,1.572,9.394503280984265
chr2_mat_hsa3,103188060,active,0.396,1.524,9.335504820807312
chr2_mat_hsa3,103192060,active,0.394,1.536,9.319760695973903
chr2_mat_hsa3,103196060,active,0.397,1.612,9.4843706159484
chr2_mat_hsa3,103200060,active,0.396,1.556,9.366871081571967
chr2_mat_hsa3,103204060,active,0.398,1.564,9.385530721746397
chr2_mat_hsa3,103208060,active,0.399,1.588,9.449153335094715
chr2_mat_hsa3,103212060,active,0.399,1.632,9.565404335116186
chr2_mat_hsa3,103216060,active,0.398,1.58,9.4466729813067
chr2_mat_hsa3,103220060,active,0.395,1.544,9.334751777346945
chr2_mat_hsa3,103224060,active,0.397,1.528,9.348737244100429
chr2_mat_hsa3,103228060,active,0.3945,1.584,9.468724312092705
chr2_mat_hsa3,103232060,active,0.395,1.568,9.40905344455772
chr2_mat_hsa3,103236060,active,0.3975,1.568,9.441991187426188
chr2_mat_hsa3,103240060,active,0.399,1.528,9.323386915176753
chr2_mat_hsa3,103244060,active,0.397,1.596,9.416547932765738
chr2_mat_hsa3,103248060,active,0.3995,1.532,9.306215840470461
chr2_mat_hsa3,103252060,active,0.395,1.58,9.438751798265203
chr2_mat_hsa3,103256060,active,0.3945,1.548,9.35518628793524
chr2_mat_hsa3,103260060,active,0.397,1.612,9.538101646970025
chr2_mat_hsa3,103264060,active,0.3965,1.58,9.386498543896556
chr2_mat_hsa3,103268060,active,0.396,1.528,9.31953627241892
chr2_mat_hsa3,103272060,active,0.397,1.564,9.448893524860615
chr2_mat_hsa3,103276060,active,0.3935,1.532,9.387736932563302
chr2_mat_hsa3,103280060,active,0.398,1.536,9.33108842428744
chr2_mat_hsa3,103284060,active,0.399,1.568,9.362974829208511
chr2_mat_hsa3,103288060,active,0.395,1.524,9.327781859323112
chr2_mat_hsa3,103292060,active,0.3975,1.572,9.398040838737293
chr2_mat_hsa3,103296060,active,0.3945,1.516,9.295818267094624
chr2_mat_hsa3,103300060,active,0.3935,1.536,9.318657298727617
chr2_mat_hsa3,103304060,active,0.3945,1.492,9.236437843637322
chr2_mat_hsa3,103308060,active,0.3945,1.544,9.374331594509314
chr2_mat_hsa3,103312060,active,0.3955,1.56,9.386577523895104
chr2_mat_hsa3,103316060,active,0.397,1.532,9.321451979808785
chr2_mat_hsa3,103320060,active,0.396,1.54,9.368031231705213
chr2_mat_hsa3,103324060,active,0.3955,1.448,9.128199367072073
chr2_mat_hsa3,103328060,active,0.3975,1.564,9.361974732596735
chr2_mat_hsa3,103332060,active,0.3955,1.544,9.375446102504133
chr2_mat_hsa3,103336060,active,0.396,1.532,9.328642923822633
chr2_mat_hsa3,103340060,active,0.397,1.544,9.34477808924995
chr2_mat_hsa3,103344060,active,0.3925,1.592,9.474715154914126
chr2_mat_hsa3,103348060,active,0.3935,1.62,9.531212725231025
chr2_mat_hsa3,103352060,active,0.3955,1.54,9.35534772604873
chr2_mat_hsa3,103356060,active,0.396,1.528,9.3295483231068
chr2_mat_hsa3,103360060,active,0.398,1.532,9.345651464484106
chr2_mat_hsa3,103364060,active,0.3915,1.736,9.677093768236086
chr2_mat_hsa3,103368060,active,0.3885,1.652,9.608678317969542
chr2_mat_hsa3,103372060,active,0.3875,1.632,9.537079022413565
chr2_mat_hsa3,103376060,active,0.386,1.72,9.680436151583999
chr2_mat_hsa3,103380060,active,0.398,1.796,9.883897275667296
chr2_mat_hsa3,103384060,active,0.3925,1.784,9.83346213056579
chr2_mat_hsa3,103388060,active,0.3945,1.628,9.608364312609863
chr2_mat_hsa3,103392060,active,0.3955,1.808,9.907661408467389
chr2_mat_hsa3,103396060,active,0.398,1.716,9.712281520947077
chr2_mat_hsa3,103400060,active,0.394,1.796,9.749265233051704
chr2_mat_hsa3,103404060,active,0.3875,1.692,9.682233582475424
chr2_mat_hsa3,103408060,active,0.3935,1.884,10.086029821998416
chr2_mat_hsa3,103412060,active,0.3965,1.896,10.022700258405974
chr2_mat_hsa3,103416060,active,0.3945,1.816,9.85501864685684
chr2_mat_hsa3,103420060,active,0.3975,1.892,10.037998858859357
chr2_mat_hsa3,103424060,active,0.3945,1.788,9.897275975965876
chr2_mat_hsa3,103428060,active,0.3925,1.876,10.038818250390417
chr2_mat_hsa3,103432060,active,0.39,1.764,9.86436351307732
chr2_mat_hsa3,103436060,active,0.396,1.616,9.536400396336532
chr2_mat_hsa3,103440060,active,0.3965,1.58,9.443221458123285
chr2_mat_hsa3,103444060,active,0.3955,1.548,9.35328217663135
chr2_mat_hsa3,103448060,active,0.397,1.568,9.395638178694224
chr2_mat_hsa3,103452060,active,0.3955,1.576,9.45044262777964
chr2_mat_hsa3,103456060,active,0.396,1.6,9.458113732358061
chr2_mat_hsa3,103460060,active,0.395,1.524,9.338568585474688
chr2_mat_hsa3,103464060,active,0.396,1.56,9.374850854896929
chr2_mat_hsa3,103468060,active,0.3955,1.584,9.427617541884729
chr2_mat_hsa3,103472060,active,0.3955,1.596,9.471971011952462
chr2_mat_hsa3,103476060,active,0.398,1.548,9.358589241266804
chr2_mat_hsa3,103480060,active,0.398,1.576,9.427287289153355
chr2_mat_hsa3,103484060,active,0.3995,1.568,9.429506965985386
chr2_mat_hsa3,103488060,active,0.399,1.532,9.341144378055548
chr2_mat_hsa3,103492060,active,0.395,1.448,9.161868405910443
chr2_mat_hsa3,103496060,active,0.394,1.548,9.391644426546385
chr2_mat_hsa3,103500060,active,0.398,1.624,9.520854704482783
chr2_mat_hsa3,103504060,active,0.396,1.56,9.409095826458621
chr2_mat_hsa3,103508060,active,0.396,1.56,9.355959688577963
chr2_mat_hsa3,103512060,active,0.3965,1.548,9.348818186752283
chr2_mat_hsa3,103516060,active,0.3965,1.52,9.315534223411866
chr2_mat_hsa3,103520060,active,0.397,1.56,9.4318210784028
chr2_mat_hsa3,103524060,active,0.3975,1.592,9.422057209330442
chr2_mat_hsa3,103528060,active,0.394,1.544,9.381905035899504
chr2_mat_hsa3,103532060,active,0.3985,1.556,9.32298618741534
chr2_mat_hsa3,103536060,active,0.398,1.528,9.326939160133023
chr2_mat_hsa3,103540060,active,0.3975,1.552,9.391682981581052
chr2_mat_hsa3,103544060,active,0.3945,1.548,9.408752315821236
chr2_mat_hsa3,103548060,active,0.3975,1.48,9.242528820502574
chr2_mat_hsa3,103552060,active,0.3955,1.528,9.36555480883803
chr2_mat_hsa3,103556060,active,0.3955,1.576,9.440401879084902
chr2_mat_hsa3,103560060,active,0.395,1.488,9.265218597096991
chr2_mat_hsa3,103564060,active,0.393,1.58,9.42444113816526
chr2_mat_hsa3,103568060,active,0.395,1.552,9.38370768396536
chr2_mat_hsa3,103572060,active,0.3995,1.544,9.321108391933345
chr2_mat_hsa3,103576060,active,0.3975,1.496,9.271919044535748
chr2_mat_hsa3,103580060,active,0.397,1.564,9.41828074892849
chr2_mat_hsa3,103584060,active,0.3965,1.552,9.385553590326104
chr2_mat_hsa3,103588060,active,0.396,1.532,9.322632066852593
chr2_mat_hsa3,103592060,active,0.3975,1.488,9.266249681916712
chr2_mat_hsa3,103596060,active,0.3965,1.556,9.365521438445118
chr2_mat_hsa3,103600060,active,0.398,1.496,9.260402711050691
chr2_mat_hsa3,103604060,active,0.3985,1.544,9.349168442199824
chr2_mat_hsa3,103608060,active,0.399,1.544,9.385633215110168
chr2_mat_hsa3,103612060,active,0.3965,1.456,9.22840124996105
chr2_mat_hsa3,103616060,active,0.3955,1.56,9.365746859593042
chr2_mat_hsa3,103620060,active,0.3895,1.656,9.63942741046298
chr2_mat_hsa3,103624060,active,0.3875,1.72,9.704101269136657
chr2_mat_hsa3,103628060,active,0.385,1.628,9.563802829762707
chr2_mat_hsa3,103632060,active,0.3845,1.76,9.834842779049353
chr2_mat_hsa3,103636060,active,0.3975,1.824,9.908700060113805
chr2_mat_hsa3,103640060,active,0.3895,1.748,9.793669262339268
chr2_mat_hsa3,103644060,active,0.396,1.62,9.549414464485254
chr2_mat_hsa3,103648060,active,0.3955,1.832,9.866024758278655
chr2_mat_hsa3,103652060,active,0.4035,1.74,9.746930987047085
chr2_mat_hsa3,103656060,active,0.3935,1.812,9.824952721955297
chr2_mat_hsa3,103660060,active,0.3915,1.66,9.641501345410347
chr2_mat_hsa3,103664060,active,0.398,1.852,10.020186992745833
chr2_mat_hsa3,103668060,active,0.3925,1.9,10.0386869606814
chr2_mat_hsa3,103672060,active,0.393,1.852,9.89404268848832
chr2_mat_hsa3,103676060,active,0.3965,1.868,10.036825013399568
chr2_mat_hsa3,103680060,active,0.3965,1.78,9.82980072467371
chr2_mat_hsa3,103684060,active,0.394,1.844,9.91822893064158
chr2_mat_hsa3,103688060,active,0.3915,1.756,9.848514381083952
chr2_mat_hsa3,103692060,active,0.397,1.864,9.96478530658338
chr2_mat_hsa3,103696060,active,0.3945,1.86,9.955081766852665
chr2_mat_hsa3,103700060,active,0.395,1.832,9.910332154503696
chr2_mat_hsa3,103704060,active,0.3905,2.404,10.858296547087074
chr2_mat_hsa3,103708060,active,0.393,1.968,10.127493437987804
chr2_mat_hsa3,103712060,active,0.3985,1.936,10.116060560210705
chr2_mat_hsa3,103716060,active,0.3995,2.456,10.954532614928395
chr2_mat_hsa3,103720060,active,0.3855,1.868,10.05660831538046
chr2_mat_hsa3,103724060,active,0.3995,1.928,10.08037341324079
chr2_mat_hsa3,103728060,active,0.388,1.872,10.045178910003425
chr2_mat_hsa3,103732060,active,0.391,1.9,10.111072637558031
chr2_mat_hsa3,103736060,active,0.3845,1.936,10.1244098827669
chr2_mat_hsa3,103740060,active,0.3955,1.932,10.126761105435806
chr2_mat_hsa3,103744060,active,0.399,1.832,9.920199303110346
chr2_mat_hsa3,103748060,active,0.4045,1.856,9.934114196495518
chr2_mat_hsa3,103752060,active,0.396,1.828,9.942622476641874
chr2_mat_hsa3,103756060,active,0.3965,1.896,10.0375373107027
chr2_mat_hsa3,103760060,active,0.3885,1.864,10.00107115246032
chr2_mat_hsa3,103764060,active,0.3975,1.936,10.149711025630307
chr2_mat_hsa3,103768060,active,0.3945,1.832,10.020430174325528
chr2_mat_hsa3,103772060,active,0.3965,1.924,10.079359266836326
chr2_mat_hsa3,103776060,active,0.386,1.792,9.831955268906915
chr2_mat_hsa3,103780060,active,0.3935,1.928,10.132805943392839
chr2_mat_hsa3,103784060,active,0.389,2.428,10.914331609903291
chr2_mat_hsa3,103788060,active,0.392,1.732,9.873382396569513
chr2_mat_hsa3,103792060,active,0.3995,1.952,10.105879766426819
chr2_mat_hsa3,103796060,active,0.401,1.784,9.825170705167787
chr2_mat_hsa3,103800060,active,0.385,1.884,10.15734099631236
chr2_mat_hsa3,103804060,active,0.3875,1.844,10.047821666965215
chr2_mat_hsa3,103808060,active,0.3825,1.712,9.744461722805491
chr2_mat_hsa3,103812060,active,0.3885,1.936,10.20262149766768
chr2_mat_hsa3,103816060,active,0.3895,1.9,10.142048431736718
chr2_mat_hsa3,103820060,active,0.3865,1.82,9.963510456406418
chr2_mat_hsa3,103824060,active,0.392,1.884,10.1084004411242
chr2_mat_hsa3,103828060,active,0.382,1.844,10.111925372665512
chr2_mat_hsa3,103832060,active,0.388,1.848,10.031453890894518
chr2_mat_hsa3,103836060,active,0.388,1.74,9.81696383306773
chr2_mat_hsa3,103840060,active,0.3915,1.888,10.111597954923658
chr2_mat_hsa3,103844060,active,0.393,1.92,10.15228990932849
chr2_mat_hsa3,103848060,active,0.387,1.848,9.998981844982383
chr2_mat_hsa3,103852060,active,0.39,1.804,9.958042604903488
chr2_mat_hsa3,103856060,active,0.391,1.924,10.150271452447035
chr2_mat_hsa3,103860060,active,0.391,1.892,10.126863179267861
chr2_mat_hsa3,103864060,active,0.383,1.908,10.110681391257913
chr2_mat_hsa3,103868060,active,0.396,1.936,10.131632207703916
chr2_mat_hsa3,103872060,active,0.399,1.848,9.962541615562982
chr2_mat_hsa3,103876060,active,0.3915,1.856,9.973555501920703
chr2_mat_hsa3,103880060,active,0.4,1.856,9.979814719395975
chr2_mat_hsa3,103884060,active,0.3945,1.812,9.93762579289282
chr2_mat_hsa3,103888060,active,0.396,1.956,10.167796903843929
chr2_mat_hsa3,103892060,active,0.393,1.852,10.00120907720859
chr2_mat_hsa3,103896060,active,0.398,1.864,10.004801038196398
chr2_mat_hsa3,103900060,active,0.392,1.872,10.064184630009144
chr2_mat_hsa3,103904060,active,0.3985,1.904,10.080553784955537
chr2_mat_hsa3,103908060,active,0.3845,1.852,9.997992912752226
chr2_mat_hsa3,103912060,active,0.393,1.828,9.997066867625183
chr2_mat_hsa3,103916060,active,0.398,1.54,9.531916437014333
chr2_mat_hsa3,103920060,active,0.396,1.852,9.987026375058294
chr2_mat_hsa3,103924060,active,0.3945,1.888,10.103010307779769
chr2_mat_hsa3,103928060,active,0.4,1.852,10.008383207962048
chr2_mat_hsa3,103932060,active,0.3945,1.756,9.82336034359697
chr2_mat_hsa3,103936060,active,0.396,1.84,9.93450092488584
chr2_mat_hsa3,103940060,active,0.3915,1.816,9.949912403370393
chr2_mat_hsa3,103944060,active,0.394,1.844,10.00191903629203
chr2_mat_hsa3,103948060,active,0.398,1.868,10.011077533169093
chr2_mat_hsa3,103952060,active,0.3915,1.868,10.088822143759662
chr2_mat_hsa3,103956060,active,0.3975,1.92,10.082481022625696
chr2_mat_hsa3,103960060,active,0.384,1.864,9.998082038439161
chr2_mat_hsa3,103964060,active,0.3965,1.892,10.030111662521092
chr2_mat_hsa3,103968060,active,0.3845,1.892,10.073645729625307
chr2_mat_hsa3,103972060,active,0.3875,1.856,9.958380389423953
chr2_mat_hsa3,103976060,active,0.3985,1.828,9.98953790737656
chr2_mat_hsa3,103980060,active,0.39,1.88,10.017481708863404
chr2_mat_hsa3,103984060,active,0.396,1.956,10.159168221142085
chr2_mat_hsa3,103988060,active,0.394,1.816,9.993010948739188
chr2_mat_hsa3,103992060,active,0.396,1.868,10.023632616638846
chr2_mat_hsa3,103996060,active,0.3915,1.864,10.06993580761621
chr2_mat_hsa3,104000060,active,0.397,1.916,10.106148233702728
chr2_mat_hsa3,104004060,active,0.394,1.9,10.02167349150609
chr2_mat_hsa3,104008060,active,0.3985,1.828,9.987287826012235
chr2_mat_hsa3,104012060,active,0.397,1.908,10.041633943213238
chr2_mat_hsa3,104016060,active,0.387,1.94,10.190884426853282
chr2_mat_hsa3,104020060,active,0.3915,1.952,10.138206576891841
chr2_mat_hsa3,104024060,active,0.393,1.908,10.065478408071113
chr2_mat_hsa3,104028060,active,0.389,1.884,10.045337867593583
chr2_mat_hsa3,104032060,active,0.394,1.772,9.810464447892004
chr2_mat_hsa3,104036060,active,0.398,1.856,9.946509580909963
chr2_mat_hsa3,104040060,active,0.3995,1.836,9.925312164117171
chr2_mat_hsa3,104044060,active,0.395,1.74,9.777675892491763
chr2_mat_hsa3,104048060,active,0.403,1.884,10.008772411159391
chr2_mat_hsa3,104052060,active,0.395,1.752,9.907211854828132
chr2_mat_hsa3,104056060,active,0.3835,1.856,9.899750272775934
chr2_mat_hsa3,104060060,active,0.3935,1.92,10.17065724121213
chr2_mat_hsa3,104064060,active,0.406,1.904,10.012956126254107
chr2_mat_hsa3,104068060,active,0.395,1.884,9.942099252800592
chr2_mat_hsa3,104072060,active,0.4015,2.308,10.59556181083003
chr2_mat_hsa3,104076060,active,0.3885,1.936,10.105694487298468
chr2_mat_hsa3,104080060,active,0.3835,1.86,10.035025206039402
chr2_mat_hsa3,104084060,active,0.3745,1.872,9.932133275955488
chr2_mat_hsa3,104088060,active,0.3795,1.976,10.277177992965681
chr2_mat_hsa3,104092060,active,0.3735,1.968,10.224399415515144
chr2_mat_hsa3,104096060,active,0.376,1.94,10.116532215806707
chr2_mat_hsa3,104100060,active,0.386,1.884,10.006428269878008
chr2_mat_hsa3,104104060,active,0.373,1.896,10.14184943046532
chr2_mat_hsa3,104108060,active,0.377,1.864,9.97486609324309
chr2_mat_hsa3,104112060,active,0.392,1.972,10.182159950892437
chr2_mat_hsa3,104116060,active,0.378,1.912,10.066772552031795
chr2_mat_hsa3,104120060,active,0.376,1.844,10.026438550772275
chr2_mat_hsa3,104124060,active,0.3805,1.984,10.216694684415966
chr2_mat_hsa3,104128060,active,0.3785,1.876,10.055035481217434
chr2_mat_hsa3,104132060,active,0.387,1.852,10.063110404674566
chr2_mat_hsa3,104136060,active,0.3835,1.88,10.095223860030881
chr2_mat_hsa3,104140060,active,0.3845,1.856,9.976941401349876
chr2_mat_hsa3,104144060,active,0.384,1.948,10.163000567709163
chr2_mat_hsa3,104148060,active,0.3855,1.872,10.079455447094265
chr2_mat_hsa3,104152060,active,0.3835,2.412,10.92538688628518
chr2_mat_hsa3,104156060,active,0.3945,1.948,10.173863870574184
chr2_mat_hsa3,104160060,active,0.381,1.848,9.949755184838418
chr2_mat_hsa3,104164060,active,0.376,1.952,10.198840076219048
chr2_mat_hsa3,104168060,active,0.3915,1.912,10.084455963425876
chr2_mat_hsa3,104172060,active,0.3845,1.752,9.754597877760224
chr2_mat_hsa3,104176060,active,0.382,1.912,10.106487923190073
chr2_mat_hsa3,104180060,active,0.391,1.904,10.121400122902832
chr2_mat_hsa3,104184060,active,0.379,1.92,10.132616450399281
chr2_mat_hsa3,104188060,active,0.384,1.856,10.00330332463291
chr2_mat_hsa3,104192060,active,0.384,1.82,9.865456922424748
chr2_mat_hsa3,104196060,active,0.383,1.896,10.069862387825774
chr2_mat_hsa3,104200060,active,0.389,1.884,9.948624572515556
chr2_mat_hsa3,104204060,active,0.3835,1.844,9.977692777274001
chr2_mat_hsa3,104208060,active,0.3895,2.32,10.680402558335986
chr2_mat_hsa3,104212060,active,0.382,1.944,10.105415957288566
chr2_mat_hsa3,104216060,active,0.376,1.884,10.068978098621612
chr2_mat_hsa3,104220060,active,0.379,1.916,10.076086960087006
chr2_mat_hsa3,104224060,active,0.3735,1.932,10.075470047943629
chr2_mat_hsa3,104228060,active,0.378,1.92,10.106367875100746
chr2_mat_hsa3,104232060,active,0.3755,1.932,10.154925644252009
chr2_mat_hsa3,104236060,active,0.371,1.92,10.01928023568619
chr2_mat_hsa3,104240060,active,0.3735,1.9,10.07747728430562
chr2_mat_hsa3,104244060,active,0.383,1.84,9.847261993046166
chr2_mat_hsa3,104248060,active,0.381,1.748,9.758864759902238
chr2_mat_hsa3,104252060,active,0.377,1.964,10.18017390184854
chr2_mat_hsa3,104256060,active,0.383,1.88,10.01482518996104
chr2_mat_hsa3,104260060,active,0.388,1.76,9.708043651480653
chr2_mat_hsa3,104264060,active,0.379,1.828,9.915493111355778
chr2_mat_hsa3,104268060,active,0.3765,1.932,10.099368329047358
chr2_mat_hsa3,104272060,active,0.378,1.924,10.115672426128201
chr2_mat_hsa3,104276060,active,0.382,1.88,9.972079696040199
chr2_mat_hsa3,104280060,active,0.41,2.124,10.35484075395363
chr2_mat_hsa3,104284060,active,0.3935,2.384,10.770307727969817
chr2_mat_hsa3,104288060,active,0.39,1.872,10.054047269352166
chr2_mat_hsa3,104292060,active,0.3895,1.76,9.819634013215351
chr2_mat_hsa3,104296060,active,0.3935,1.864,10.016695791779865
chr2_mat_hsa3,104300060,active,0.3925,1.92,10.065728197873606
chr2_mat_hsa3,104304060,active,0.3845,1.972,10.090305414815218
chr2_mat_hsa3,104308060,active,0.3935,1.82,9.974448808349111
chr2_mat_hsa3,104312060,active,0.384,1.856,10.0562823537524
chr2_mat_hsa3,104316060,active,0.3915,1.716,9.76556785532148
chr2_mat_hsa3,104320060,active,0.3925,1.94,10.197950492602299
chr2_mat_hsa3,104324060,active,0.392,1.84,9.9342840144227
chr2_mat_hsa3,104328060,active,0.391,1.944,10.159831108789803
chr2_mat_hsa3,104332060,active,0.3995,1.764,9.861090851861809
chr2_mat_hsa3,104336060,active,0.401,1.796,9.887213098497924
chr2_mat_hsa3,104340060,active,0.398,1.86,10.024973242964574
chr2_mat_hsa3,104344060,active,0.387,1.864,9.959439076319208
chr2_mat_hsa3,104348060,active,0.398,1.9,10.065347505361055
chr2_mat_hsa3,104352060,active,0.392,1.908,10.041490446824271
chr2_mat_hsa3,104356060,active,0.404,1.824,9.912793470635881
chr2_mat_hsa3,104360060,active,0.3965,1.892,10.10933350828949
chr2_mat_hsa3,104364060,active,0.3935,2.404,10.778860265662669
chr2_mat_hsa3,104368060,active,0.393,2.316,10.628461647506981
chr2_mat_hsa3,104372060,active,0.392,2.228,10.474195573333063
chr2_mat_hsa3,104376060,active,0.3885,2.144,10.31046281689293
chr2_mat_hsa3,104380060,active,0.397,2.16,10.330457332118348
chr2_mat_hsa3,104384060,active,0.3965,2.164,10.349685805739718
chr2_mat_hsa3,104388060,active,0.401,2.164,10.36390880198281
chr2_mat_hsa3,104392060,active,0.398,2.284,10.559361258057512
chr2_mat_hsa3,104396060,active,0.398,2.364,10.659390730432376
chr2_mat_hsa3,104400060,active,0.396,2.42,10.77133240134536
chr2_mat_hsa3,104404060,active,0.3965,2.448,10.858675887540377
chr2_mat_hsa3,104408060,active,0.3985,2.472,10.954153274475047
chr2_mat_hsa3,104412060,active,0.3925,2.46,10.953527589802766
chr2_mat_hsa3,104416060,active,0.404,2.484,10.95754769030528
chr2_mat_hsa3,104420060,active,0.3905,2.432,10.95754769030528
chr2_mat_hsa3,104424060,active,0.391,2.452,10.95754769030528
chr2_mat_hsa3,104428060,active,0.3885,2.44,10.95754769030528
chr2_mat_hsa3,104432060,active,0.392,2.412,10.909306484275154
chr2_mat_hsa3,104436060,active,0.391,2.436,10.837949700355594
chr2_mat_hsa3,104440060,active,0.394,2.384,10.732855805852813
chr2_mat_hsa3,104444060,active,0.3905,2.272,10.563228714075755
chr2_mat_hsa3,104448060,active,0.393,2.192,10.383610315792104
chr2_mat_hsa3,104452060,active,0.3935,2.16,10.287526892435089
chr2_mat_hsa3,104456060,active,0.388,2.092,10.254571556592047
chr2_mat_hsa3,104460060,active,0.3845,1.892,10.124827167660863
chr2_mat_hsa3,104464060,active,0.381,1.868,10.039299310209628
chr2_mat_hsa3,104468060,active,0.3745,1.992,10.260366250280384
chr2_mat_hsa3,104472060,active,0.388,1.888,10.106935967082505
chr2_mat_hsa3,104476060,active,0.3805,1.948,10.180892378881532
chr2_mat_hsa3,104480060,active,0.379,1.928,10.085318844221716
chr2_mat_hsa3,104484060,active,0.3775,1.856,10.022360214452425
chr2_mat_hsa3,104488060,active,0.3815,1.924,10.168383646482619
chr2_mat_hsa3,104492060,active,0.381,1.932,10.01869697116383
chr2_mat_hsa3,104496060,active,0.3835,1.888,10.063707647467794
chr2_mat_hsa3,104500060,active,0.3785,1.796,9.991441277215358
chr2_mat_hsa3,104504060,active,0.374,1.86,10.00351354070749
chr2_mat_hsa3,104508060,active,0.3795,1.888,10.026430885607235
chr2_mat_hsa3,104512060,active,0.39,1.892,10.105454456185369
chr2_mat_hsa3,104516060,active,0.3875,1.948,10.192367420680736
chr2_mat_hsa3,104520060,active,0.384,1.9,10.096102556494104
chr2_mat_hsa3,104524060,active,0.3855,1.9,10.01635776411257
chr2_mat_hsa3,104528060,active,0.391,2.428,10.949703649865864
chr2_mat_hsa3,104532060,active,0.394,1.88,10.044626889816895
chr2_mat_hsa3,104536060,active,0.3855,1.98,10.246108886051333
chr2_mat_hsa3,104540060,active,0.3775,1.896,10.050323696721911
chr2_mat_hsa3,104544060,active,0.376,1.968,10.19025626165768
chr2_mat_hsa3,104548060,active,0.386,1.912,10.15536009687255
chr2_mat_hsa3,104552060,active,0.3855,1.812,9.831489637756171
chr2_mat_hsa3,104556060,active,0.3885,1.872,9.984707557722118
chr2_mat_hsa3,104560060,active,0.385,1.704,9.721920157288496
chr2_mat_hsa3,104564060,active,0.3765,1.988,10.210562072831198
chr2_mat_hsa3,104568060,active,0.3895,1.868,10.009579819605625
chr2_mat_hsa3,104572060,active,0.3825,1.792,9.843314482198283
chr2_mat_hsa3,104576060,active,0.3755,1.856,10.105650971217175
chr2_mat_hsa3,104580060,active,0.384,1.948,10.142900065196601
chr2_mat_hsa3,104584060,active,0.3705,1.88,9.964268063438317
chr2_mat_hsa3,104588060,active,0.379,1.864,10.078187542673748
chr2_mat_hsa3,104592060,active,0.385,1.808,9.846525884049498
chr2_mat_hsa3,104596060,active,0.3745,1.936,10.143216241318765
chr2_mat_hsa3,104600060,active,0.3815,1.776,9.71710279402809
chr2_mat_hsa3,104604060,active,0.38,1.856,9.980168452959772
chr2_mat_hsa3,104608060,active,0.3805,1.888,10.024780140560448
chr2_mat_hsa3,104612060,active,0.3825,1.86,9.888518759757895
chr2_mat_hsa3,104616060,active,0.382,1.708,9.672111405791584
chr2_mat_hsa3,104620060,active,0.378,1.896,10.059062603758157
chr2_mat_hsa3,104624060,active,0.3825,1.724,9.689252393947513
chr2_mat_hsa3,104628060,active,0.3745,1.896,10.069162297202606
chr2_mat_hsa3,104632060,active,0.377,1.92,10.112930176700903
chr2_mat_hsa3,104636060,active,0.38,1.856,9.984775384771558
chr2_mat_hsa3,104640060,active,0.3805,1.932,10.064427386340874
chr2_mat_hsa3,104644060,active,0.3815,1.9,10.034185058894547
chr2_mat_hsa3,104648060,active,0.384,1.664,9.552448889783703
chr2_mat_hsa3,104652060,active,0.378,1.88,10.009974234261222
chr2_mat_hsa3,104656060,active,0.3795,1.94,10.132440679548724
chr2_mat_hsa3,104660060,active,0.3785,1.908,10.06060298061839
chr2_mat_hsa3,104664060,active,0.3695,1.816,9.922978062920988
chr2_mat_hsa3,104668060,active,0.373,1.924,10.204924243208659
chr2_mat_hsa3,104672060,active,0.376,1.96,10.218371003819517
chr2_mat_hsa3,104676060,active,0.3775,1.936,10.1413184090394
chr2_mat_hsa3,104680060,active,0.3775,1.936,10.107523096720156
chr2_mat_hsa3,104684060,active,0.38,1.972,10.220089100246199
chr2_mat_hsa3,104688060,active,0.378,1.908,10.213766641201678
chr2_mat_hsa3,104692060,active,0.3755,1.888,10.127903313844588
chr2_mat_hsa3,104696060,active,0.373,1.776,9.923481694650247
chr2_mat_hsa3,104700060,active,0.392,2.316,10.674025696056642
chr2_mat_hsa3,104704060,active,0.3985,1.688,9.728103672891413
chr2_mat_hsa3,104708060,active,0.398,1.896,10.02135866744313
chr2_mat_hsa3,104712060,active,0.389,1.956,10.113589181344523
chr2_mat_hsa3,104716060,active,0.3805,1.972,10.222684797204776
chr2_mat_hsa3,104720060,active,0.3755,1.972,10.295657016730049
chr2_mat_hsa3,104724060,active,0.384,1.996,10.225986254765553
chr2_mat_hsa3,104728060,active,0.3785,1.932,10.141668897009628
chr2_mat_hsa3,104732060,active,0.379,1.952,10.205080443047393
chr2_mat_hsa3,104736060,inactive,0.3615,2.088,10.49161368009043
chr2_mat_hsa3,104740060,inactive,0.366,2.016,10.382578006572892
chr2_mat_hsa3,104744060,inactive,0.3625,1.956,10.2407472718241
chr2_mat_hsa3,104748060,inactive,0.3555,1.9,10.159402908377315
chr2_mat_hsa3,104752060,inactive,0.3815,2.412,10.955537640054022
chr2_mat_hsa3,104756060,inactive,0.405,2.188,10.499761193202234
chr2_mat_hsa3,104760060,inactive,0.3535,1.916,10.23078267385467
chr2_mat_hsa3,104764060,inactive,0.357,1.976,10.268228560093993
chr2_mat_hsa3,104768060,inactive,0.3575,1.828,10.048856540618402
chr5_mat_hsa6,76056492,active,0.374,1.796,9.896428522179779
chr5_mat_hsa6,76060492,active,0.3825,1.924,10.059667267021089
chr5_mat_hsa6,76064492,active,0.396,1.828,9.949732805653579
chr5_mat_hsa6,76068492,active,0.399,1.728,9.69067032419316
chr5_mat_hsa6,76072492,active,0.396,1.54,9.339559256762996
chr5_mat_hsa6,76076492,active,0.3995,1.532,9.307364826222134
chr5_mat_hsa6,76080492,active,0.3905,1.62,9.507559492424884
chr5_mat_hsa6,76084492,active,0.397,1.52,9.315774499220268
chr5_mat_hsa6,76088492,active,0.3935,1.624,9.560767975264818
chr5_mat_hsa6,76092492,active,0.3965,1.548,9.354999691785281
chr5_mat_hsa6,76096492,active,0.391,1.544,9.390069194814398
chr5_mat_hsa6,76100492,active,0.3925,1.572,9.412823264204148
chr5_mat_hsa6,76104492,active,0.3905,1.592,9.502129806452793
chr5_mat_hsa6,76108492,active,0.3945,1.576,9.445498602490957
chr5_mat_hsa6,76112492,active,0.3935,1.676,9.574525242018806
chr5_mat_hsa6,76116492,active,0.3925,1.604,9.467254287510624
chr5_mat_hsa6,76120492,active,0.396,1.552,9.485051466420908
chr5_mat_hsa6,76124492,active,0.3925,1.544,9.383300288631947
chr5_mat_hsa6,76128492,active,0.395,1.696,9.64311722570131
chr5_mat_hsa6,76132492,active,0.387,1.624,9.586262089238112
chr5_mat_hsa6,76136492,active,0.389,1.684,9.614752368592129
chr5_mat_hsa6,76140492,active,0.387,1.628,9.599323196289795
chr5_mat_hsa6,76144492,active,0.3935,1.644,9.627558695473349
chr5_mat_hsa6,76148492,active,0.391,1.684,9.663986554808929
chr5_mat_hsa6,76152492,active,0.3885,1.608,9.507484809245867
chr5_mat_hsa6,76156492,active,0.394,1.676,9.611138151171406
chr5_mat_hsa6,76160492,active,0.392,1.616,9.628825749614165
chr5_mat_hsa6,76164492,active,0.3945,1.604,9.587065355340963
chr5_mat_hsa6,76168492,active,0.391,1.688,9.733732664179488
chr5_mat_hsa6,76172492,active,0.392,1.708,9.684898756871041
chr5_mat_hsa6,76176492,active,0.397,1.568,9.456662375581647
chr5_mat_hsa6,76180492,active,0.394,1.588,9.47674945999577
chr5_mat_hsa6,76184492,active,0.392,1.668,9.648140367575973
chr5_mat_hsa6,76188492,active,0.3945,1.508,9.395146243154018
chr5_mat_hsa6,76192492,active,0.3955,1.692,9.600112412599918
chr5_mat_hsa6,76196492,active,0.3865,1.536,9.379335943423413
chr5_mat_hsa6,76200492,active,0.389,1.536,9.32928900392623
chr5_mat_hsa6,76204492,active,0.3945,1.52,9.291832502045207
chr5_mat_hsa6,76208492,active,0.396,1.624,9.515393774174926
chr5_mat_hsa6,76212492,active,0.3975,1.696,9.627274019814841
chr5_mat_hsa6,76216492,active,0.403,1.704,9.692264828608621
chr5_mat_hsa6,76220492,active,0.3875,1.668,9.577004499875514
chr5_mat_hsa6,76224492,active,0.3965,1.636,9.59302358638339
chr5_mat_hsa6,76228492,active,0.397,1.584,9.484864677545707
chr5_mat_hsa6,76232492,active,0.3995,1.54,9.375724825239297
chr5_mat_hsa6,76236492,active,0.4005,1.7,9.621646773301222
chr5_mat_hsa6,76240492,active,0.395,1.64,9.588051446865313
chr5_mat_hsa6,76244492,active,0.397,1.544,9.428855221619012
chr5_mat_hsa6,76248492,active,0.398,1.628,9.51840501696926
chr5_mat_hsa6,76252492,active,0.395,1.576,9.478554180485812
chr5_mat_hsa6,76256492,active,0.3975,1.664,9.64833989648702
chr5_mat_hsa6,76260492,active,0.394,1.6,9.516316701368094
chr5_mat_hsa6,76264492,active,0.399,1.56,9.446547084348651
chr5_mat_hsa6,76268492,active,0.398,1.58,9.426912528463914
chr5_mat_hsa6,76272492,active,0.3965,1.708,9.713183698242748
chr5_mat_hsa6,76276492,active,0.399,1.616,9.508908143674978
chr5_mat_hsa6,76280492,active,0.397,1.588,9.538005144778696
chr5_mat_hsa6,76284492,active,0.3995,1.712,9.667756838692451
chr5_mat_hsa6,76288492,active,0.391,1.684,9.574252325850104
chr5_mat_hsa6,76292492,active,0.386,1.576,9.4755017923626
chr5_mat_hsa6,76296492,active,0.384,1.648,9.57195032177426
chr5_mat_hsa6,76300492,active,0.3975,1.568,9.474823574384795
chr5_mat_hsa6,76304492,active,0.3885,1.648,9.520780331064637
chr5_mat_hsa6,76308492,active,0.3955,1.584,9.44710150782033
chr5_mat_hsa6,76312492,active,0.396,1.648,9.578914182820126
chr5_mat_hsa6,76316492,active,0.3935,1.62,9.498383118888839
chr5_mat_hsa6,76320492,active,0.3995,1.612,9.486516131524892
chr5_mat_hsa6,76324492,active,0.3935,1.696,9.614722768927594
chr5_mat_hsa6,76328492,active,0.4035,1.66,9.607833215494304
chr5_mat_hsa6,76332492,active,0.39,1.68,9.597335274811787
chr5_mat_hsa6,76336492,active,0.3915,1.668,9.566114848655804
chr5_mat_hsa6,76340492,active,0.3925,1.568,9.428712821161426
chr5_mat_hsa6,76344492,active,0.391,1.68,9.590812790086357
chr5_mat_hsa6,76348492,active,0.3935,1.7,9.651921777592067
chr5_mat_hsa6,76352492,active,0.393,1.56,9.456547107246234
chr5_mat_hsa6,76356492,active,0.3955,1.692,9.640858383240579
chr5_mat_hsa6,76360492,active,0.3975,1.704,9.61396069857521
chr5_mat_hsa6,76364492,active,0.3955,1.6,9.52312099422974
chr5_mat_hsa6,76368492,active,0.3955,1.732,9.705221098360596
chr5_mat_hsa6,76372492,active,0.3945,1.644,9.621500468739237
chr5_mat_hsa6,76376492,active,0.3965,1.628,9.557055289788066
chr5_mat_hsa6,76380492,active,0.3975,1.66,9.598203804486399
chr5_mat_hsa6,76384492,active,0.3995,1.656,9.602859014984626
chr5_mat_hsa6,76388492,active,0.397,1.6,9.509408878560594
chr5_mat_hsa6,76392492,active,0.401,1.516,9.32598974394442
chr5_mat_hsa6,76396492,active,0.3985,1.636,9.528148850792803
chr5_mat_hsa6,76400492,active,0.3955,1.66,9.711293309081844
chr5_mat_hsa6,76404492,active,0.3895,1.48,9.320632293160763
chr5_mat_hsa6,76408492,active,0.3955,1.624,9.565687909127064
chr5_mat_hsa6,76412492,active,0.393,1.596,9.528592451508658
chr5_mat_hsa6,76416492,active,0.3955,1.548,9.453728901367372
chr5_mat_hsa6,76420492,active,0.3945,1.532,9.347729285646981
chr5_mat_hsa6,76424492,active,0.398,1.496,9.335093592891342
chr5_mat_hsa6,76428492,active,0.3985,1.612,9.58858133827864
chr5_mat_hsa6,76432492,active,0.396,1.6,9.536047648933197
chr5_mat_hsa6,76436492,active,0.4015,1.592,9.512445064017415
chr5_mat_hsa6,76440492,active,0.3935,1.52,9.36806421509917
chr5_mat_hsa6,76444492,active,0.391,1.532,9.37832854754535
chr5_mat_hsa6,76448492,active,0.398,1.596,9.549352652213283
chr5_mat_hsa6,76452492,active,0.3945,1.596,9.526926664792452
chr5_mat_hsa6,76456492,active,0.4015,1.584,9.513182634844148
chr5_mat_hsa6,76460492,active,0.395,1.52,9.361241047985546
chr5_mat_hsa6,76464492,active,0.3925,1.52,9.352462534688652
chr5_mat_hsa6,76468492,active,0.4,1.604,9.554033159840213
chr5_mat_hsa6,76472492,active,0.395,1.576,9.494958799349485
chr5_mat_hsa6,76476492,active,0.396,1.608,9.585399175909489
chr5_mat_hsa6,76480492,active,0.402,1.608,9.515801169508366
chr5_mat_hsa6,76484492,active,0.4,1.592,9.486158157279352
chr5_mat_hsa6,76488492,active,0.3925,1.568,9.443848881853734
chr5_mat_hsa6,76492492,active,0.3985,1.556,9.411940348159394
chr5_mat_hsa6,76496492,active,0.401,1.584,9.51257163737516
chr5_mat_hsa6,76500492,active,0.398,1.572,9.485374179243978
chr5_mat_hsa6,76504492,active,0.4,1.556,9.480654342584469
chr5_mat_hsa6,76508492,active,0.401,1.58,9.497298360866942
chr5_mat_hsa6,76512492,active,0.4025,1.464,9.278793589572365
chr5_mat_hsa6,76516492,active,0.402,1.556,9.451214953591299
chr5_mat_hsa6,76520492,active,0.3965,1.544,9.457573242451836
chr5_mat_hsa6,76524492,active,0.396,1.62,9.604642723733061
chr5_mat_hsa6,76528492,active,0.403,1.676,9.612312466584527
chr5_mat_hsa6,76532492,active,0.3995,1.72,9.68829563212433
chr5_mat_hsa6,76536492,active,0.403,1.632,9.498011520838636
chr5_mat_hsa6,76540492,active,0.3975,1.732,9.62913250041288
chr5_mat_hsa6,76544492,active,0.399,1.52,9.39545467687306
chr5_mat_hsa6,76548492,active,0.3905,1.62,9.558406284974117
chr5_mat_hsa6,76552492,active,0.391,1.556,9.47314416958013
chr5_mat_hsa6,76556492,active,0.3905,1.548,9.382358782303688
chr5_mat_hsa6,76560492,active,0.3865,1.572,9.500791050479494
chr5_mat_hsa6,76564492,active,0.3925,1.636,9.567690446286507
chr5_mat_hsa6,76568492,active,0.3925,1.612,9.53633613607397
chr5_mat_hsa6,76572492,active,0.393,1.68,9.65268876679061
chr5_mat_hsa6,76576492,active,0.396,1.7,9.663726232319119
chr5_mat_hsa6,76580492,active,0.3945,1.684,9.6068184316793
chr5_mat_hsa6,76584492,active,0.3935,1.648,9.626829144277849
chr5_mat_hsa6,76588492,active,0.3865,1.64,9.539582115568855
chr5_mat_hsa6,76592492,active,0.392,1.752,9.795634700577848
chr5_mat_hsa6,76596492,active,0.3905,1.684,9.64011868635673
chr5_mat_hsa6,76600492,active,0.3865,1.672,9.608894710562577
chr5_mat_hsa6,76604492,active,0.388,1.628,9.48157669171638
chr5_mat_hsa6,76608492,active,0.3995,1.752,9.699795140916429
chr5_mat_hsa6,76612492,active,0.3975,1.664,9.544515357758655
chr5_mat_hsa6,76616492,active,0.4005,1.64,9.518511310382772
chr5_mat_hsa6,76620492,active,0.4025,1.604,9.463259871135703
chr5_mat_hsa6,76624492,active,0.398,1.692,9.535695725949392
chr5_mat_hsa6,76628492,active,0.392,1.58,9.444800501337525
chr5_mat_hsa6,76632492,active,0.393,1.56,9.3729099934221
chr5_mat_hsa6,76636492,active,0.3945,1.708,9.654429733455697
chr5_mat_hsa6,76640492,active,0.3945,1.596,9.462152995773128
chr5_mat_hsa6,76644492,active,0.397,1.636,9.594856371421256
chr5_mat_hsa6,76648492,active,0.394,1.708,9.689776532427441
chr5_mat_hsa6,76652492,active,0.3995,1.608,9.445514036875629
chr5_mat_hsa6,76656492,active,0.397,1.596,9.505180345747
chr5_mat_hsa6,76660492,active,0.3955,1.66,9.501922791266445
chr5_mat_hsa6,76664492,active,0.392,1.576,9.418199011178482
chr5_mat_hsa6,76668492,active,0.394,1.596,9.484327507966338
chr5_mat_hsa6,76672492,active,0.3925,1.556,9.43401561258243
chr5_mat_hsa6,76676492,active,0.3895,1.604,9.470812267511432
chr5_mat_hsa6,76680492,active,0.399,1.712,9.641291096802945
chr5_mat_hsa6,76684492,active,0.3955,1.62,9.604889177722887
chr5_mat_hsa6,76688492,active,0.394,1.624,9.530897933700833
chr5_mat_hsa6,76692492,active,0.401,1.616,9.457745916468772
chr5_mat_hsa6,76696492,active,0.395,1.608,9.509983992580572
chr5_mat_hsa6,76700492,active,0.403,1.592,9.510098436496474
chr5_mat_hsa6,76704492,active,0.401,1.596,9.48970353216876
chr5_mat_hsa6,76708492,active,0.3925,1.564,9.413707281896455
chr5_mat_hsa6,76712492,active,0.396,1.64,9.573195815433538
chr5_mat_hsa6,76716492,active,0.4015,1.58,9.437158297159002
chr5_mat_hsa6,76720492,active,0.396,1.64,9.539383730607762
chr5_mat_hsa6,76724492,active,0.4,1.596,9.480843192451216
chr5_mat_hsa6,76728492,active,0.396,1.704,9.75207857622231
chr5_mat_hsa6,76732492,active,0.3985,1.796,9.847837803825978
chr5_mat_hsa6,76736492,active,0.4,1.588,9.450913595543502
chr5_mat_hsa6,76740492,active,0.3955,1.636,9.542870216885314
chr5_mat_hsa6,76744492,active,0.3965,1.7,9.649442165269178
chr5_mat_hsa6,76748492,active,0.395,1.696,9.630411978270553
chr5_mat_hsa6,76752492,active,0.398,1.596,9.475047533702682
chr5_mat_hsa6,76756492,active,0.398,1.584,9.448387354921726
chr5_mat_hsa6,76760492,active,0.396,1.656,9.623626237727462
chr5_mat_hsa6,76764492,active,0.401,1.672,9.611102404309761
chr5_mat_hsa6,76768492,active,0.397,1.72,9.696822840155686
chr5_mat_hsa6,76772492,active,0.396,1.648,9.529461734080982
chr5_mat_hsa6,76776492,active,0.3925,1.54,9.40364933865864
chr5_mat_hsa6,76780492,active,0.391,1.652,9.571085603581873
chr5_mat_hsa6,76784492,active,0.4,1.576,9.440969992166945
chr5_mat_hsa6,76788492,active,0.401,1.624,9.50273127454377
chr5_mat_hsa6,76792492,active,0.394,1.6,9.461597065765972
chr5_mat_hsa6,76796492,active,0.397,1.616,9.501576794389546
chr5_mat_hsa6,76800492,active,0.394,1.552,9.353668926121843
chr5_mat_hsa6,76804492,active,0.398,1.648,9.596242121592208
chr5_mat_hsa6,76808492,active,0.397,1.54,9.374973836314116
chr5_mat_hsa6,76812492,active,0.3955,1.572,9.42862629398974
chr5_mat_hsa6,76816492,active,0.396,1.624,9.564256965670754
chr5_mat_hsa6,76820492,active,0.393,1.632,9.626153553180352
chr5_mat_hsa6,76824492,active,0.3955,1.696,9.73957998951171
chr5_mat_hsa6,76828492,active,0.391,1.608,9.5114747824442
chr5_mat_hsa6,76832492,active,0.393,1.512,9.364476832216681
chr5_mat_hsa6,76836492,active,0.3925,1.604,9.501769128088867
chr5_mat_hsa6,76840492,active,0.3935,1.58,9.515805612684908
chr5_mat_hsa6,76844492,active,0.3985,1.552,9.470383127192276
chr5_mat_hsa6,76848492,active,0.3985,1.544,9.436090488984902
chr5_mat_hsa6,76852492,active,0.395,1.628,9.617084524283856
chr5_mat_hsa6,76856492,active,0.398,1.628,9.650609626101282
chr5_mat_hsa6,76860492,active,0.39,1.664,9.686739959971643
chr5_mat_hsa6,76864492,active,0.398,1.62,9.61844672855682
chr5_mat_hsa6,76868492,active,0.39,1.5,9.304192166414548
chr5_mat_hsa6,76872492,active,0.3945,1.596,9.545786298115004
chr5_mat_hsa6,76876492,active,0.3965,1.768,9.863371114163378
chr5_mat_hsa6,76880492,active,0.398,1.676,9.631248980665026
chr5_mat_hsa6,76884492,active,0.397,1.696,9.71682236476755
chr5_mat_hsa6,76888492,active,0.392,1.688,9.742747426428554
chr5_mat_hsa6,76892492,active,0.401,1.476,9.280264638563978
chr5_mat_hsa6,76896492,active,0.4035,1.628,9.544419492977832
chr5_mat_hsa6,76900492,active,0.3995,1.576,9.4739624326471
chr5_mat_hsa6,76904492,active,0.393,1.64,9.504551826085187
chr5_mat_hsa6,76908492,active,0.3925,1.592,9.56002820114286
chr5_mat_hsa6,76912492,active,0.396,1.62,9.523122095877357
chr5_mat_hsa6,76916492,active,0.3875,1.664,9.613704408657917
chr5_mat_hsa6,76920492,active,0.403,1.72,9.721130232045937
chr5_mat_hsa6,76924492,active,0.4015,1.62,9.486185137328354
chr5_mat_hsa6,76928492,active,0.396,1.684,9.599025926952379
chr5_mat_hsa6,76932492,active,0.397,1.584,9.461628473505684
chr5_mat_hsa6,76936492,active,0.3915,1.664,9.586747085694434
chr5_mat_hsa6,76940492,active,0.3905,1.812,9.884341165043791
chr5_mat_hsa6,76944492,active,0.384,1.776,9.775691416597306
chr5_mat_hsa6,76948492,active,0.3965,1.74,9.699566815660111
chr5_mat_hsa6,76952492,active,0.3925,1.672,9.685892927375894
chr5_mat_hsa6,76956492,active,0.395,1.644,9.53970879869743
chr5_mat_hsa6,76960492,active,0.3955,1.58,9.47486003589507
chr5_mat_hsa6,76964492,active,0.3955,1.564,9.3844236227887
chr5_mat_hsa6,76968492,active,0.3945,1.524,9.313577082032513
chr5_mat_hsa6,76972492,active,0.3955,1.56,9.37887108627058
chr5_mat_hsa6,76976492,active,0.396,1.572,9.431326072845515
chr5_mat_hsa6,76980492,active,0.3975,1.496,9.258752353002878
chr5_mat_hsa6,76984492,active,0.404,1.696,9.556140355409632
chr5_mat_hsa6,76988492,active,0.401,1.672,9.59346002847369
chr5_mat_hsa6,76992492,active,0.3985,1.568,9.381474901198713
chr5_mat_hsa6,76996492,active,0.3905,1.724,9.674345317022338
chr5_mat_hsa6,77000492,active,0.393,1.588,9.500224420327784
chr5_mat_hsa6,77004492,active,0.389,1.624,9.656186384917
chr5_mat_hsa6,77008492,active,0.397,1.552,9.40358791338562
chr5_mat_hsa6,77012492,active,0.3915,1.6,9.46719608422602
chr5_mat_hsa6,77016492,active,0.391,1.6,9.461001305903078
chr5_mat_hsa6,77020492,active,0.391,1.712,9.690769950034623
chr5_mat_hsa6,77024492,active,0.393,1.624,9.581910124605734
chr5_mat_hsa6,77028492,active,0.3975,1.636,9.559162485357502
chr5_mat_hsa6,77032492,active,0.4005,1.592,9.448211453200035
chr5_mat_hsa6,77036492,active,0.392,1.636,9.641595676839195
chr5_mat_hsa6,77040492,active,0.3995,1.772,9.755052976223679
chr5_mat_hsa6,77044492,active,0.395,1.776,9.804271152499357
chr5_mat_hsa6,77048492,active,0.3955,1.784,9.767845637099734
chr5_mat_hsa6,77052492,active,0.399,1.688,9.585449359562826
chr5_mat_hsa6,77056492,active,0.3935,1.76,9.774107412336381
chr5_mat_hsa6,77060492,active,0.3955,1.74,9.636436917566128
chr5_mat_hsa6,77064492,active,0.401,1.74,9.721371975400679
chr5_mat_hsa6,77068492,active,0.3985,1.712,9.666453186453953
chr5_mat_hsa6,77072492,active,0.393,1.692,9.631101214273004
chr5_mat_hsa6,77076492,active,0.3905,1.728,9.691175329081819
chr5_mat_hsa6,77080492,active,0.392,1.544,9.418579402857826
chr5_mat_hsa6,77084492,active,0.4015,1.684,9.605241351118245
chr5_mat_hsa6,77088492,active,0.3945,1.628,9.601817495815938
chr5_mat_hsa6,77092492,active,0.397,1.64,9.56584364472872
chr5_mat_hsa6,77096492,active,0.4035,1.624,9.523528776562122
chr5_mat_hsa6,77100492,active,0.3975,1.628,9.520198516939837
chr5_mat_hsa6,77104492,active,0.401,1.624,9.532268681191413
chr5_mat_hsa6,77108492,active,0.391,1.636,9.491317794604978
chr5_mat_hsa6,77112492,active,0.4005,1.724,9.615873416499328
chr5_mat_hsa6,77116492,active,0.4035,1.716,9.602470880902157
chr5_mat_hsa6,77120492,active,0.3965,1.532,9.405409843802751
chr5_mat_hsa6,77124492,active,0.4,1.484,9.271256511354185
chr5_mat_hsa6,77128492,active,0.399,1.608,9.499887777252452
chr5_mat_hsa6,77132492,active,0.39,1.488,9.298784963681891
chr5_mat_hsa6,77136492,active,0.3965,1.592,9.483954426985786
chr5_mat_hsa6,77140492,active,0.3995,1.616,9.56507978489657
chr5_mat_hsa6,77144492,active,0.392,1.712,9.565412491334754
chr5_mat_hsa6,77148492,active,0.397,1.732,9.73042571221613
chr5_mat_hsa6,77152492,active,0.391,1.64,9.552707417077482
chr5_mat_hsa6,77156492,active,0.3965,1.64,9.451734699316233
chr5_mat_hsa6,77160492,active,0.3975,1.584,9.48178197356083
chr5_mat_hsa6,77164492,active,0.398,1.604,9.543065270087041
chr5_mat_hsa6,77168492,active,0.3965,1.64,9.543042509619546
chr5_mat_hsa6,77172492,active,0.391,1.548,9.401816077951176
chr5_mat_hsa6,77176492,active,0.3945,1.692,9.598007566682698
chr5_mat_hsa6,77180492,active,0.3945,1.716,9.596026667242878
chr5_mat_hsa6,77184492,active,0.394,1.712,9.65630676637224
chr5_mat_hsa6,77188492,active,0.394,1.62,9.530562573565838
chr5_mat_hsa6,77192492,active,0.3925,1.612,9.553191666352395
chr5_mat_hsa6,77196492,active,0.3955,1.684,9.612918768802494
chr5_mat_hsa6,77200492,active,0.395,1.548,9.42624196993489
chr5_mat_hsa6,77204492,active,0.394,1.576,9.455116488934808
chr5_mat_hsa6,77208492,active,0.3965,1.58,9.48466711128789
chr5_mat_hsa6,77212492,active,0.4055,1.528,9.37226108404529
chr5_mat_hsa6,77216492,active,0.401,1.632,9.527180772514797
chr5_mat_hsa6,77220492,active,0.406,1.508,9.226708762082572
chr5_mat_hsa6,77224492,active,0.4055,1.62,9.50832323271661
chr5_mat_hsa6,77228492,active,0.4005,1.588,9.52858964905197
chr5_mat_hsa6,77232492,active,0.402,1.588,9.507712910907113
chr5_mat_hsa6,77236492,active,0.4005,1.644,9.5213165355838
chr5_mat_hsa6,77240492,active,0.4,1.556,9.316947918691996
chr5_mat_hsa6,77244492,active,0.4015,1.528,9.361874397822874
chr5_mat_hsa6,77248492,active,0.4055,1.584,9.486385267063847
chr5_mat_hsa6,77252492,active,0.4085,1.552,9.417287739420486
chr5_mat_hsa6,77256492,active,0.4025,1.556,9.395030337408066
chr5_mat_hsa6,77260492,active,0.407,1.576,9.426611197232685
chr5_mat_hsa6,77264492,active,0.405,1.58,9.431229151122448
chr5_mat_hsa6,77268492,active,0.407,1.556,9.432207636831077
chr5_mat_hsa6,77272492,active,0.409,1.544,9.391855083252993
chr5_mat_hsa6,77276492,active,0.4065,1.544,9.363325858653942
chr5_mat_hsa6,77280492,active,0.405,1.564,9.404497422480391
chr5_mat_hsa6,77284492,active,0.4,1.544,9.388892285053766
chr5_mat_hsa6,77288492,active,0.406,1.58,9.375723342308982
chr5_mat_hsa6,77292492,active,0.406,1.596,9.474655245104174
chr5_mat_hsa6,77296492,active,0.401,1.624,9.529588715537917
chr5_mat_hsa6,77300492,active,0.4055,1.612,9.383583579698481
chr5_mat_hsa6,77304492,active,0.4015,1.612,9.509757716143293
chr5_mat_hsa6,77308492,active,0.4015,1.652,9.538662029081449
chr5_mat_hsa6,77312492,active,0.409,1.728,9.755612688391773
chr5_mat_hsa6,77316492,active,0.4025,1.692,9.689540682646799
chr5_mat_hsa6,77320492,active,0.4035,1.74,9.776418853168177
chr5_mat_hsa6,77324492,active,0.407,1.62,9.560453892667017
chr5_mat_hsa6,77328492,active,0.4075,1.56,9.497185786880385
chr5_mat_hsa6,77332492,active,0.407,1.58,9.548218174775178
chr5_mat_hsa6,77336492,active,0.398,1.62,9.55308782092942
chr5_mat_hsa6,77340492,active,0.402,1.676,9.592793689526177
chr5_mat_hsa6,77344492,active,0.4,1.592,9.486322097016405
chr5_mat_hsa6,77348492,active,0.407,1.568,9.495304158815895
chr5_mat_hsa6,77352492,active,0.4085,1.588,9.497479092764191
chr5_mat_hsa6,77356492,active,0.4095,1.592,9.605028764291236
chr5_mat_hsa6,77360492,active,0.404,1.612,9.506387490077863
chr5_mat_hsa6,77364492,active,0.4055,1.696,9.661858969524438
chr5_mat_hsa6,77368492,active,0.41,1.588,9.563996122806078
chr5_mat_hsa6,77372492,active,0.409,1.596,9.5634328935326
chr5_mat_hsa6,77376492,active,0.4105,1.576,9.534416296008509
chr5_mat_hsa6,77380492,active,0.3995,1.664,9.626562076977915
chr5_mat_hsa6,77384492,active,0.406,1.616,9.546552033592723
chr5_mat_hsa6,77388492,active,0.406,1.692,9.65805158672012
chr5_mat_hsa6,77392492,active,0.4055,1.576,9.410711881586
chr5_mat_hsa6,77396492,active,0.4035,1.528,9.370499247942236
chr5_mat_hsa6,77400492,active,0.4035,1.636,9.660677432083117
chr5_mat_hsa6,77404492,active,0.4075,1.64,9.511817994753226
chr5_mat_hsa6,77408492,active,0.403,1.712,9.657566917913474
chr5_mat_hsa6,77412492,active,0.405,1.584,9.550235279597409
chr5_mat_hsa6,77416492,active,0.406,1.592,9.525098775735692
chr5_mat_hsa6,77420492,active,0.4065,1.752,9.734571034017158
chr5_mat_hsa6,77424492,active,0.4085,1.616,9.55402166209265
chr5_mat_hsa6,77428492,active,0.41,1.584,9.467425969650815
chr5_mat_hsa6,77432492,active,0.4125,1.556,9.447634621222157
chr5_mat_hsa6,77436492,active,0.411,1.588,9.505512015603097
chr5_mat_hsa6,77440492,active,0.4095,1.592,9.496081746507333
chr5_mat_hsa6,77444492,active,0.4095,1.58,9.4519207141935
chr5_mat_hsa6,77448492,active,0.4095,1.56,9.423742807700464
chr5_mat_hsa6,77452492,active,0.4105,1.572,9.460881034218689
chr5_mat_hsa6,77456492,active,0.4115,1.568,9.472388219608348
chr5_mat_hsa6,77460492,active,0.412,1.572,9.454440266143003
chr5_mat_hsa6,77464492,active,0.413,1.584,9.47705858154693
chr5_mat_hsa6,77468492,active,0.4115,1.628,9.547440232617497
chr5_mat_hsa6,77472492,active,0.4135,1.612,9.557323762780268
chr5_mat_hsa6,77476492,active,0.413,1.588,9.515954942456819
chr5_mat_hsa6,77480492,active,0.4095,1.628,9.57176575729458
chr5_mat_hsa6,77484492,active,0.413,1.62,9.540767840058887
chr5_mat_hsa6,77488492,active,0.4115,1.572,9.458799413006064
chr5_mat_hsa6,77492492,active,0.4155,1.608,9.56709539535602
chr5_mat_hsa6,77496492,active,0.413,1.596,9.5156358988124
chr5_mat_hsa6,77500492,active,0.411,1.56,9.459902324915014
chr5_mat_hsa6,77504492,active,0.4105,1.556,9.469305117192008
chr5_mat_hsa6,77508492,active,0.4115,1.576,9.519818533359746
chr5_mat_hsa6,77512492,active,0.4005,1.612,9.51219861002763
chr5_mat_hsa6,77516492,active,0.402,1.604,9.528761298659365
chr5_mat_hsa6,77520492,active,0.4055,1.644,9.661825697469874
chr5_mat_hsa6,77524492,active,0.409,1.656,9.609089545885519
chr5_mat_hsa6,77528492,active,0.4085,1.616,9.460287880135844
chr5_mat_hsa6,77532492,active,0.405,1.764,9.798616155150224
chr5_mat_hsa6,77536492,active,0.4105,1.676,9.662297996192688
chr5_mat_hsa6,77540492,active,0.411,1.556,9.444485066680572
chr5_mat_hsa6,77544492,active,0.4105,1.564,9.449025299907001
chr5_mat_hsa6,77548492,active,0.4105,1.548,9.449716629433768
chr5_mat_hsa6,77552492,active,0.4105,1.568,9.48177703361448
chr5_mat_hsa6,77556492,active,0.4115,1.604,9.526754083397659
chr5_mat_hsa6,77560492,active,0.412,1.584,9.476187261588155
chr5_mat_hsa6,77564492,active,0.4055,1.616,9.518637284578997
chr5_mat_hsa6,77568492,active,0.409,1.576,9.498170422290958
chr5_mat_hsa6,77572492,active,0.41,1.564,9.486090570871932
chr5_mat_hsa6,77576492,active,0.411,1.592,9.511809510884916
chr5_mat_hsa6,77580492,active,0.4105,1.572,9.474281089292552
chr5_mat_hsa6,77584492,active,0.407,1.6,9.50487789176783
chr5_mat_hsa6,77588492,active,0.4085,1.56,9.443787554919055
chr5_mat_hsa6,77592492,active,0.409,1.608,9.578576685195507
chr5_mat_hsa6,77596492,active,0.41,1.568,9.403822650086125
chr5_mat_hsa6,77600492,active,0.412,1.604,9.470378910822243
chr5_mat_hsa6,77604492,active,0.41,1.588,9.493540807249747
chr5_mat_hsa6,77608492,active,0.4125,1.548,9.371006334922772
chr5_mat_hsa6,77612492,active,0.409,1.58,9.493860848487191
chr5_mat_hsa6,77616492,active,0.4125,1.556,9.442981459542949
chr5_mat_hsa6,77620492,active,0.4095,1.612,9.507944535390001
chr5_mat_hsa6,77624492,active,0.4095,1.636,9.602906461986857
chr5_mat_hsa6,77628492,active,0.4115,1.684,9.675062220905934
chr5_mat_hsa6,77632492,active,0.411,1.568,9.464769877544954
chr5_mat_hsa6,77636492,active,0.406,1.54,9.421062847763274
chr5_mat_hsa6,77640492,active,0.4105,1.556,9.482850538584142
chr5_mat_hsa6,77644492,active,0.4085,1.568,9.493465305367504
chr5_mat_hsa6,77648492,active,0.4115,1.576,9.531683415766809
chr5_mat_hsa6,77652492,active,0.409,1.552,9.45174210835343
chr5_mat_hsa6,77656492,active,0.4095,1.536,9.42126851089039
chr5_mat_hsa6,77660492,active,0.4095,1.512,9.37322410855273
chr5_mat_hsa6,77664492,active,0.4115,1.536,9.415567129937706
chr5_mat_hsa6,77668492,active,0.4135,1.544,9.42280761447805
chr5_mat_hsa6,77672492,active,0.4115,1.56,9.46165862191014
chr5_mat_hsa6,77676492,active,0.4125,1.556,9.516793987954047
chr5_mat_hsa6,77680492,active,0.411,1.56,9.49329236950644
chr5_mat_hsa6,77684492,active,0.4125,1.556,9.441428601279506
chr5_mat_hsa6,77688492,active,0.4115,1.568,9.509275239199447
chr5_mat_hsa6,77692492,active,0.412,1.58,9.51410942143642
chr5_mat_hsa6,77696492,active,0.4115,1.568,9.517952366496413
chr5_mat_hsa6,77700492,active,0.4125,1.636,9.59173603275665
chr5_mat_hsa6,77704492,active,0.409,1.536,9.428968313475691
chr5_mat_hsa6,77708492,active,0.4085,1.532,9.45172877320936
chr5_mat_hsa6,77712492,active,0.412,1.56,9.500305062146417
chr5_mat_hsa6,77716492,active,0.4115,1.548,9.47040806163369
chr5_mat_hsa6,77720492,active,0.4125,1.608,9.539297216315267
chr5_mat_hsa6,77724492,active,0.411,1.536,9.439265263417123
chr5_mat_hsa6,77728492,active,0.411,1.58,9.530658289586723
chr5_mat_hsa6,77732492,active,0.4105,1.596,9.545123764933496
chr5_mat_hsa6,77736492,active,0.4125,1.524,9.406562971897808
chr5_mat_hsa6,77740492,active,0.413,1.54,9.451581700365763
chr5_mat_hsa6,77744492,active,0.411,1.56,9.50517551557149
chr5_mat_hsa6,77748492,active,0.4105,1.548,9.456715311270122
chr5_mat_hsa6,77752492,active,0.4115,1.512,9.346273349106632
chr5_mat_hsa6,77756492,active,0.4105,1.528,9.396268469946927
chr5_mat_hsa6,77760492,active,0.411,1.544,9.430130911599537
chr5_mat_hsa6,77764492,active,0.4105,1.54,9.446773479484468
chr5_mat_hsa6,77768492,active,0.41,1.532,9.446623669989647
chr5_mat_hsa6,77772492,active,0.4075,1.56,9.443945029578877
chr5_mat_hsa6,77776492,active,0.4085,1.524,9.415554536258838
chr5_mat_hsa6,77780492,active,0.4115,1.564,9.499569573411577
chr5_mat_hsa6,77784492,active,0.413,1.528,9.443238015255805
chr5_mat_hsa6,77788492,active,0.412,1.54,9.446732798392679
chr5_mat_hsa6,77792492,active,0.4115,1.536,9.453547591408917
chr5_mat_hsa6,77796492,active,0.412,1.556,9.486009464816185
chr5_mat_hsa6,77800492,active,0.4135,1.54,9.464162456530646
chr5_mat_hsa6,77804492,active,0.413,1.548,9.452666768888534
chr5_mat_hsa6,77808492,active,0.4105,1.544,9.45167507890698
chr5_mat_hsa6,77812492,active,0.413,1.548,9.460459916742245
chr5_mat_hsa6,77816492,active,0.41,1.54,9.46875561006158
chr5_mat_hsa6,77820492,active,0.4115,1.552,9.462053134904076
chr5_mat_hsa6,77824492,active,0.411,1.552,9.485549050839877
chr5_mat_hsa6,77828492,active,0.4105,1.552,9.476595817918463
chr5_mat_hsa6,77832492,active,0.407,1.528,9.419273502308704
chr5_mat_hsa6,77836492,active,0.408,1.532,9.400299812069145
chr5_mat_hsa6,77840492,active,0.4095,1.548,9.441121927718878
chr5_mat_hsa6,77844492,active,0.4085,1.532,9.436343533308639
chr5_mat_hsa6,77848492,active,0.411,1.548,9.46538567265674
chr5_mat_hsa6,77852492,active,0.4115,1.624,9.615140440820543
chr5_mat_hsa6,77856492,active,0.4125,1.584,9.490526729465886
chr5_mat_hsa6,77860492,active,0.4095,1.576,9.486957316783007
chr5_mat_hsa6,77864492,active,0.411,1.576,9.530264229397355
chr5_mat_hsa6,77868492,active,0.412,1.624,9.591296041768285
chr5_mat_hsa6,77872492,active,0.411,1.552,9.456141549309287
chr5_mat_hsa6,77876492,active,0.41,1.584,9.479034906939082
chr5_mat_hsa6,77880492,active,0.415,1.572,9.484759867062522
chr5_mat_hsa6,77884492,active,0.4105,1.564,9.473372953357288
chr5_mat_hsa6,77888492,active,0.41,1.552,9.46473405916148
chr5_mat_hsa6,77892492,active,0.4105,1.568,9.473068018854873
chr5_mat_hsa6,77896492,active,0.408,1.572,9.533479396260711
chr5_mat_hsa6,77900492,active,0.41,1.612,9.575091338814614
chr5_mat_hsa6,77904492,active,0.4015,1.664,9.624133744239714
chr5_mat_hsa6,77908492,active,0.4065,1.704,9.674484980828808
chr5_mat_hsa6,77912492,active,0.4065,1.696,9.659638038971588
chr5_mat_hsa6,77916492,active,0.403,1.656,9.656212378805527
chr5_mat_hsa6,77920492,active,0.4085,1.58,9.504516007701715
chr5_mat_hsa6,77924492,active,0.4075,1.616,9.523758531115778
chr5_mat_hsa6,77928492,active,0.408,1.572,9.431264004445703
chr5_mat_hsa6,77932492,active,0.402,1.576,9.487866161650716
chr5_mat_hsa6,77936492,active,0.407,1.644,9.573487331837573
chr5_mat_hsa6,77940492,active,0.401,1.592,9.528882567936767
chr5_mat_hsa6,77944492,active,0.396,1.72,9.611163114934168
chr5_mat_hsa6,77948492,active,0.4035,1.6,9.536876548742084
chr5_mat_hsa6,77952492,active,0.4065,1.628,9.56550742764147
chr5_mat_hsa6,77956492,active,0.4095,1.612,9.511220642189127
chr5_mat_hsa6,77960492,active,0.4105,1.604,9.49495290577539
chr5_mat_hsa6,77964492,active,0.407,1.616,9.5734757032189
chr5_mat_hsa6,77968492,active,0.407,1.58,9.544535670235621
chr5_mat_hsa6,77972492,active,0.4095,1.468,9.293920212768636
chr5_mat_hsa6,77976492,active,0.405,1.636,9.594408300712288
chr5_mat_hsa6,77980492,active,0.405,1.572,9.461251232292952
chr5_mat_hsa6,77984492,active,0.407,1.56,9.420605911903305
chr5_mat_hsa6,77988492,active,0.402,1.644,9.486181414516667
chr5_mat_hsa6,77992492,active,0.406,1.692,9.658763175090835
chr5_mat_hsa6,77996492,active,0.404,1.58,9.401884176512509
chr5_mat_hsa6,78000492,active,0.408,1.696,9.60793715925563
chr5_mat_hsa6,78004492,active,0.402,1.552,9.380686333731699
chr5_mat_hsa6,78008492,active,0.406,1.736,9.695620302405231
chr5_mat_hsa6,78012492,active,0.4045,1.568,9.423019492372704
chr5_mat_hsa6,78016492,active,0.404,1.548,9.460957888160163
chr5_mat_hsa6,78020492,active,0.4055,1.504,9.367519636482651
chr5_mat_hsa6,78024492,active,0.403,1.612,9.506128906646234
chr5_mat_hsa6,78028492,active,0.4055,1.528,9.420615574657281
chr5_mat_hsa6,78032492,active,0.402,1.52,9.350317388962349
chr5_mat_hsa6,78036492,active,0.403,1.548,9.397068933593017
chr5_mat_hsa6,78040492,active,0.4005,1.532,9.37990736144826
chr5_mat_hsa6,78044492,active,0.402,1.488,9.278865198782748
chr5_mat_hsa6,78048492,active,0.4045,1.528,9.369497063522374
chr5_mat_hsa6,78052492,active,0.404,1.568,9.368892760441856
chr5_mat_hsa6,78056492,active,0.405,1.512,9.235338558604578
chr5_mat_hsa6,78060492,active,0.4005,1.576,9.403684338338866
chr5_mat_hsa6,78064492,active,0.4065,1.492,9.293978029054198
chr5_mat_hsa6,78068492,active,0.4035,1.512,9.333815154827223
chr5_mat_hsa6,78072492,active,0.4035,1.504,9.316389046327435
chr5_mat_hsa6,78076492,active,0.4075,1.528,9.384713941609725
chr5_mat_hsa6,78080492,active,0.406,1.528,9.391618497723396
chr5_mat_hsa6,78084492,active,0.4065,1.568,9.411051893006762
chr5_mat_hsa6,78088492,active,0.4045,1.572,9.44391424376389
chr5_mat_hsa6,78092492,active,0.404,1.504,9.323255380772437
chr5_mat_hsa6,78096492,active,0.402,1.532,9.367220466346064
chr5_mat_hsa6,78100492,active,0.401,1.536,9.379088634144251
chr5_mat_hsa6,78104492,active,0.4015,1.544,9.366489042716461
chr5_mat_hsa6,78108492,active,0.4015,1.524,9.389674059793917
chr5_mat_hsa6,78112492,active,0.4005,1.508,9.345133748880876
chr5_mat_hsa6,78116492,active,0.407,1.396,9.138719332371291
chr5_mat_hsa6,78120492,active,0.4035,1.56,9.45156736762867
chr5_mat_hsa6,78124492,active,0.4025,1.576,9.469269271991985
chr5_mat_hsa6,78128492,active,0.404,1.656,9.487098332648666
chr5_mat_hsa6,78132492,active,0.4015,1.684,9.685016324437024
chr5_mat_hsa6,78136492,active,0.4,1.532,9.24452294531558
chr5_mat_hsa6,78140492,active,0.4065,1.616,9.524336649245422
chr5_mat_hsa6,78144492,active,0.404,1.66,9.55106688924093
chr5_mat_hsa6,78148492,active,0.4045,1.668,9.64641337346554
chr5_mat_hsa6,78152492,active,0.404,1.572,9.407140566441111
chr5_mat_hsa6,78156492,active,0.4025,1.612,9.524452367982379
chr5_mat_hsa6,78160492,active,0.403,1.608,9.515140485155847
chr5_mat_hsa6,78164492,active,0.4025,1.576,9.485078136709054
chr5_mat_hsa6,78168492,active,0.404,1.544,9.376519362778463
chr5_mat_hsa6,78172492,active,0.403,1.544,9.368581899832543
chr5_mat_hsa6,78176492,active,0.403,1.644,9.589574401419652
chr5_mat_hsa6,78180492,active,0.4015,1.616,9.461238600365004
chr5_mat_hsa6,78184492,active,0.403,1.728,9.703083263333143
chr5_mat_hsa6,78188492,active,0.402,1.732,9.713577481204046
chr5_mat_hsa6,78192492,active,0.405,1.744,9.806538041407865
chr5_mat_hsa6,78196492,active,0.4035,1.556,9.493760481180542
chr5_mat_hsa6,78200492,active,0.4025,1.552,9.39153328591474
chr5_mat_hsa6,78204492,active,0.4,1.644,9.607595408776689
chr5_mat_hsa6,78208492,active,0.4005,1.604,9.463799935053904
chr5_mat_hsa6,78212492,active,0.398,1.612,9.496600396300884
chr5_mat_hsa6,78216492,active,0.4,1.536,9.368398976072662
chr5_mat_hsa6,78220492,active,0.405,1.64,9.577119717789307
chr5_mat_hsa6,78224492,active,0.404,1.66,9.675408577965289
chr5_mat_hsa6,78228492,active,0.404,1.68,9.601342754818875
chr5_mat_hsa6,78232492,active,0.404,1.52,9.267730227753605
chr5_mat_hsa6,78236492,active,0.405,1.544,9.329257116463609
chr5_mat_hsa6,78240492,active,0.4015,1.648,9.618630649909742
chr5_mat_hsa6,78244492,active,0.4025,1.616,9.554284078106821
chr5_mat_hsa6,78248492,active,0.404,1.64,9.53573569239252
chr5_mat_hsa6,78252492,active,0.402,1.632,9.584150674087216
chr5_mat_hsa6,78256492,active,0.4005,1.568,9.435274215387716
chr5_mat_hsa6,78260492,active,0.4035,1.644,9.5497810803886
chr5_mat_hsa6,78264492,active,0.4035,1.62,9.564162369994799
chr5_mat_hsa6,78268492,active,0.405,1.576,9.40670891627731
chr5_mat_hsa6,78272492,active,0.403,1.604,9.463714281767048
chr5_mat_hsa6,78276492,active,0.401,1.64,9.48152994793036
chr5_mat_hsa6,78280492,active,0.4035,1.6,9.470218115835582
chr5_mat_hsa6,78284492,active,0.4065,1.632,9.52286897431552
chr5_mat_hsa6,78288492,active,0.403,1.544,9.379376368387357
chr5_mat_hsa6,78292492,active,0.4035,1.608,9.521633066172146
chr5_mat_hsa6,78296492,active,0.402,1.728,9.659050658922359
chr5_mat_hsa6,78300492,active,0.4025,1.548,9.425440901411033
chr5_mat_hsa6,78304492,active,0.4045,1.552,9.399342599844408
chr5_mat_hsa6,78308492,active,0.4055,1.556,9.435383099095413
chr5_mat_hsa6,78312492,active,0.4015,1.644,9.461120966993438
chr5_mat_hsa6,78316492,active,0.4065,1.572,9.414400040720572
chr5_mat_hsa6,78320492,active,0.4005,1.6,9.42944135366363
chr5_mat_hsa6,78324492,active,0.405,1.576,9.45407071691183
chr5_mat_hsa6,78328492,active,0.4025,1.536,9.21450454465433
chr5_mat_hsa6,78332492,active,0.4045,1.568,9.436119573990762
chr5_mat_hsa6,78336492,active,0.4045,1.572,9.27365678921224
chr5_mat_hsa6,78340492,active,0.4015,1.6,9.368063151700596
chr5_mat_hsa6,78344492,active,0.4005,1.56,9.310557078141771
chr5_mat_hsa6,78348492,active,0.402,1.592,9.498953691393922
chr5_mat_hsa6,78352492,active,0.405,1.572,9.420935777635712
chr5_mat_hsa6,78356492,active,0.3945,1.724,9.719146497616613
chr5_mat_hsa6,78360492,active,0.399,1.72,9.719429380583934
chr5_mat_hsa6,78364492,active,0.3975,1.74,9.76631284661791
chr5_mat_hsa6,78368492,active,0.4055,1.612,9.477610857861286
chr5_mat_hsa6,78372492,active,0.4105,1.556,9.427692057606512
chr5_mat_hsa6,78376492,active,0.407,1.604,9.530080662510612
chr5_mat_hsa6,78380492,active,0.4055,1.628,9.543263169710837
chr5_mat_hsa6,78384492,active,0.4005,1.728,9.679226946261496
chr5_mat_hsa6,78388492,active,0.403,1.62,9.503395258122836
chr5_mat_hsa6,78392492,active,0.4015,1.644,9.575024347617136
chr5_mat_hsa6,78396492,active,0.403,1.612,9.48472153562295
chr5_mat_hsa6,78400492,active,0.401,1.612,9.550025408321263
chr5_mat_hsa6,78404492,active,0.403,1.656,9.552553006718519
chr5_mat_hsa6,78408492,active,0.4035,1.6,9.502813804180507
chr5_mat_hsa6,78412492,active,0.403,1.648,9.560528298617912
chr5_mat_hsa6,78416492,active,0.4045,1.664,9.521399315632154
chr5_mat_hsa6,78420492,active,0.401,1.632,9.547287844260993
chr5_mat_hsa6,78424492,active,0.4025,1.644,9.58950531669783
chr5_mat_hsa6,78428492,active,0.3995,1.624,9.523777110250819
chr5_mat_hsa6,78432492,active,0.3985,1.644,9.551893058114885
chr5_mat_hsa6,78436492,active,0.402,1.656,9.63971824725593
chr5_mat_hsa6,78440492,active,0.3985,1.6,9.4135139237876
chr5_mat_hsa6,78444492,active,0.4,1.776,9.772576721095186
chr5_mat_hsa6,78448492,active,0.4025,1.64,9.537683674243961
chr5_mat_hsa6,78452492,active,0.401,1.82,9.83005225353436
chr5_mat_hsa6,78456492,active,0.401,1.652,9.605037774250704
chr5_mat_hsa6,78460492,active,0.4015,1.712,9.659692906443407
chr5_mat_hsa6,78464492,active,0.405,1.648,9.578498154049965
chr5_mat_hsa6,78468492,active,0.397,1.588,9.497260192831272
chr5_mat_hsa6,78472492,active,0.4035,1.668,9.5675186120731
chr5_mat_hsa6,78476492,active,0.403,1.704,9.72234199512982
chr5_mat_hsa6,78480492,active,0.4045,1.652,9.593733816978693
chr5_mat_hsa6,78484492,active,0.4015,1.508,9.39356680150835
chr5_mat_hsa6,78488492,active,0.4005,1.788,9.742806016712093
chr5_mat_hsa6,78492492,active,0.404,1.748,9.78843886058289
chr5_mat_hsa6,78496492,active,0.4025,1.592,9.44199853065775
chr5_mat_hsa6,78500492,active,0.4005,1.604,9.45275444417789
chr5_mat_hsa6,78504492,active,0.3955,1.568,9.403650389884685
chr5_mat_hsa6,78508492,active,0.4005,1.612,9.514205935060248
chr5_mat_hsa6,78512492,active,0.3995,1.572,9.432416468313663
chr5_mat_hsa6,78516492,active,0.4,1.608,9.514853105378952
chr5_mat_hsa6,78520492,active,0.399,1.564,9.433884665167001
chr5_mat_hsa6,78524492,active,0.398,1.62,9.535793895677081
chr5_mat_hsa6,78528492,active,0.404,1.712,9.677802510184792
chr5_mat_hsa6,78532492,active,0.4025,1.62,9.565709933845675
chr5_mat_hsa6,78536492,active,0.4055,1.62,9.504181535388845
chr5_mat_hsa6,78540492,active,0.401,1.656,9.579094991955403
chr5_mat_hsa6,78544492,active,0.3975,1.736,9.719381600215831
chr5_mat_hsa6,78548492,active,0.398,1.656,9.65504773186267
chr5_mat_hsa6,78552492,active,0.4,1.684,9.604316079989118
chr5_mat_hsa6,78556492,active,0.399,1.592,9.452820830497588
chr5_mat_hsa6,78560492,active,0.404,1.792,9.799632395079055
chr5_mat_hsa6,78564492,active,0.395,1.604,9.499679377474143
chr5_mat_hsa6,78568492,active,0.396,1.624,9.58526125116122
chr5_mat_hsa6,78572492,active,0.391,1.716,9.705820363156311
chr5_mat_hsa6,78576492,active,0.398,1.648,9.59530866742795
chr5_mat_hsa6,78580492,active,0.399,1.584,9.417712689479451
chr5_mat_hsa6,78584492,active,0.3935,1.672,9.646074353921534
chr5_mat_hsa6,78588492,active,0.398,1.612,9.526002227852432
chr5_mat_hsa6,78592492,active,0.3965,1.72,9.633546714737808
chr5_mat_hsa6,78596492,active,0.395,1.656,9.634989670600294
chr5_mat_hsa6,78600492,active,0.3975,1.656,9.575803701183245
chr5_mat_hsa6,78604492,active,0.3935,1.668,9.63672567621874
chr5_mat_hsa6,78608492,active,0.3975,1.636,9.577888866317757
chr5_mat_hsa6,78612492,active,0.397,1.668,9.668048077868383
chr5_mat_hsa6,78616492,active,0.3995,1.552,9.452497954270626
chr5_mat_hsa6,78620492,active,0.3995,1.684,9.703953198700008
chr5_mat_hsa6,78624492,active,0.404,1.604,9.520148943880562
chr5_mat_hsa6,78628492,active,0.4015,1.608,9.449481756145893
chr5_mat_hsa6,78632492,active,0.4035,1.608,9.581410995402367
chr5_mat_hsa6,78636492,active,0.4005,1.64,9.551545527886075
chr5_mat_hsa6,78640492,active,0.399,1.612,9.489511209901924
chr5_mat_hsa6,78644492,active,0.3955,1.496,9.227592256188576
chr5_mat_hsa6,78648492,active,0.402,1.592,9.43510788129313
chr5_mat_hsa6,78652492,active,0.394,1.62,9.575201851809569
chr5_mat_hsa6,78656492,active,0.4025,1.612,9.487864291721449
chr5_mat_hsa6,78660492,active,0.4015,1.516,9.317027962089153
chr5_mat_hsa6,78664492,active,0.4035,1.664,9.52135483449061
chr5_mat_hsa6,78668492,active,0.3995,1.592,9.462754866247089
chr5_mat_hsa6,78672492,active,0.4005,1.596,9.439029675480567
chr5_mat_hsa6,78676492,active,0.401,1.616,9.496718782570147
chr5_mat_hsa6,78680492,active,0.402,1.632,9.56604126140812
chr5_mat_hsa6,78684492,active,0.3985,1.62,9.466265438234814
chr5_mat_hsa6,78688492,active,0.397,1.736,9.800198033353997
chr5_mat_hsa6,78692492,active,0.4045,1.656,9.584142523584893
chr5_mat_hsa6,78696492,active,0.392,1.752,9.692895087328578
chr5_mat_hsa6,78700492,active,0.4015,1.584,9.43328828909565
chr5_mat_hsa6,78704492,active,0.398,1.596,9.470498893846017
chr5_mat_hsa6,78708492,active,0.403,1.608,9.525846846716961
chr5_mat_hsa6,78712492,active,0.4015,1.676,9.673929493958454
chr5_mat_hsa6,78716492,active,0.3955,1.68,9.744811853098115
chr5_mat_hsa6,78720492,active,0.3995,1.7,9.69432896661757
chr5_mat_hsa6,78724492,active,0.4015,1.608,9.526345178317337
chr5_mat_hsa6,78728492,active,0.4025,1.668,9.711276114538762
chr5_mat_hsa6,78732492,active,0.401,1.584,9.399228531494973
chr5_mat_hsa6,78736492,active,0.3995,1.612,9.448966322624507
chr5_mat_hsa6,78740492,active,0.4025,1.604,9.447934240211776
chr5_mat_hsa6,78744492,active,0.3985,1.604,9.455761446290529
chr5_mat_hsa6,78748492,active,0.4,1.612,9.534862180571002
chr5_mat_hsa6,78752492,active,0.3995,1.624,9.496653393843475
chr5_mat_hsa6,78756492,active,0.4015,1.64,9.504474585144749
chr5_mat_hsa6,78760492,active,0.4025,1.588,9.468399363441668
chr5_mat_hsa6,78764492,active,0.398,1.54,9.432752215447653
chr5_mat_hsa6,78768492,active,0.401,1.608,9.526186863854006
chr5_mat_hsa6,78772492,active,0.405,1.652,9.56819161859264
chr5_mat_hsa6,78776492,active,0.403,1.576,9.447918037545422
chr5_mat_hsa6,78780492,active,0.405,1.62,9.472819194112573
chr5_mat_hsa6,78784492,active,0.4,1.524,9.370587349219647
chr5_mat_hsa6,78788492,active,0.403,1.612,9.49363972415885
chr5_mat_hsa6,78792492,active,0.403,1.624,9.541784853985625
chr5_mat_hsa6,78796492,active,0.399,1.612,9.466771875632205
chr5_mat_hsa6,78800492,active,0.4,1.612,9.534789612016588
chr5_mat_hsa6,78804492,active,0.415,1.56,9.410687981221857
chr5_mat_hsa6,78808492,active,0.4035,1.768,9.745712961278928
chr5_mat_hsa6,78812492,active,0.4025,1.524,9.32192788751905
chr5_mat_hsa6,78816492,active,0.401,1.584,9.438837838551036
chr5_mat_hsa6,78820492,active,0.4005,1.628,9.52151269614943
chr5_mat_hsa6,78824492,active,0.402,1.548,9.338772896542643
chr5_mat_hsa6,78828492,active,0.405,1.624,9.49203533018289
chr5_mat_hsa6,78832492,active,0.3995,1.636,9.559295585646506
chr5_mat_hsa6,78836492,active,0.395,1.544,9.325075938030112
chr5_mat_hsa6,78840492,active,0.3985,1.572,9.384232777735937
chr5_mat_hsa6,78844492,active,0.3995,1.6,9.41019913108275
chr5_mat_hsa6,78848492,active,0.4025,1.62,9.471557690512201
chr5_mat_hsa6,78852492,active,0.3995,1.616,9.486663493029122
chr5_mat_hsa6,78856492,active,0.4015,1.636,9.519320948940729
chr5_mat_hsa6,78860492,active,0.401,1.644,9.571733030028449
chr5_mat_hsa6,78864492,active,0.398,1.624,9.54809561288968
chr5_mat_hsa6,78868492,active,0.3975,1.744,9.79151076036865
chr5_mat_hsa6,78872492,active,0.397,1.624,9.48484053248623
chr5_mat_hsa6,78876492,active,0.401,1.664,9.573998927060188
chr5_mat_hsa6,78880492,active,0.3985,1.604,9.50380048841012
chr5_mat_hsa6,78884492,active,0.399,1.684,9.61453366293299
chr5_mat_hsa6,78888492,active,0.395,1.724,9.73315713062776
chr5_mat_hsa6,78892492,active,0.395,1.56,9.425274889249883
chr5_mat_hsa6,78896492,active,0.397,1.696,9.708740032273214
chr5_mat_hsa6,78900492,active,0.404,1.688,9.658745652898055
chr5_mat_hsa6,78904492,active,0.402,1.632,9.574088052747111
chr5_mat_hsa6,78908492,active,0.3955,1.688,9.7002300130687
chr5_mat_hsa6,78912492,active,0.4015,1.612,9.43280804226348
chr5_mat_hsa6,78916492,active,0.401,1.636,9.57444504083216
chr5_mat_hsa6,78920492,active,0.4015,1.564,9.38992288453617
chr5_mat_hsa6,78924492,active,0.399,1.668,9.613774982026298
chr5_mat_hsa6,78928492,active,0.4015,1.62,9.624786387860716
chr5_mat_hsa6,78932492,active,0.3975,1.644,9.54792725107632
chr5_mat_hsa6,78936492,active,0.397,1.756,9.766844090090435
chr5_mat_hsa6,78940492,active,0.395,1.724,9.775389317084368
chr5_mat_hsa6,78944492,active,0.4025,1.624,9.487387451483698
chr5_mat_hsa6,78948492,active,0.403,1.676,9.554667992607838
chr5_mat_hsa6,78952492,active,0.4025,1.62,9.547945160268087
chr5_mat_hsa6,78956492,active,0.4055,1.564,9.376094996496999
chr5_mat_hsa6,78960492,active,0.397,1.624,9.456937820190442
chr5_mat_hsa6,78964492,active,0.398,1.632,9.520650556818726
chr5_mat_hsa6,78968492,active,0.3985,1.604,9.46989360460506
chr5_mat_hsa6,78972492,active,0.3995,1.612,9.468633828630326
chr5_mat_hsa6,78976492,active,0.4025,1.536,9.331099698439909
chr5_mat_hsa6,78980492,active,0.402,1.616,9.523504226614897
chr5_mat_hsa6,78984492,active,0.3995,1.652,9.49164237164109
chr5_mat_hsa6,78988492,active,0.401,1.584,9.39562807125488
chr5_mat_hsa6,78992492,active,0.395,1.644,9.434703365654487
chr5_mat_hsa6,78996492,active,0.403,1.616,9.48737060569055
chr5_mat_hsa6,79000492,active,0.401,1.648,9.462520761240851
chr5_mat_hsa6,79004492,active,0.4015,1.56,9.393265356554664
chr5_mat_hsa6,79008492,active,0.407,1.528,9.372409002408668
chr5_mat_hsa6,79012492,active,0.397,1.616,9.497551759656886
chr5_mat_hsa6,79016492,active,0.4055,1.596,9.50816765490437
chr5_mat_hsa6,79020492,active,0.4035,1.54,9.318187757756254
chr5_mat_hsa6,79024492,active,0.3985,1.568,9.390079748601979
chr5_mat_hsa6,79028492,active,0.4045,1.568,9.441124762708412
chr5_mat_hsa6,79032492,active,0.4035,1.536,9.33379732287355
chr5_mat_hsa6,79036492,active,0.41,1.504,9.369827632470942
chr5_mat_hsa6,79040492,active,0.4005,1.616,9.472458051511584
chr5_mat_hsa6,79044492,active,0.4005,1.6,9.434488194249543
chr5_mat_hsa6,79048492,active,0.401,1.532,9.361097596301942
chr5_mat_hsa6,79052492,active,0.4015,1.444,9.223475944558256
chr5_mat_hsa6,79056492,active,0.4015,1.56,9.420874096234819
chr5_mat_hsa6,79060492,active,0.398,1.584,9.370883850275364
chr5_mat_hsa6,79064492,active,0.403,1.608,9.52323470239673
chr5_mat_hsa6,79068492,active,0.4035,1.616,9.511624559406233
chr5_mat_hsa6,79072492,active,0.4055,1.536,9.38179813189188
chr5_mat_hsa6,79076492,active,0.4025,1.556,9.353658863387842
chr5_mat_hsa6,79080492,active,0.398,1.564,9.378026114666438
chr5_mat_hsa6,79084492,active,0.3995,1.552,9.35814167709728
chr5_mat_hsa6,79088492,active,0.403,1.604,9.474889939604221
chr5_mat_hsa6,79092492,active,0.4005,1.588,9.368316904956714
chr5_mat_hsa6,79096492,active,0.4015,1.596,9.491643750516792
chr5_mat_hsa6,79100492,active,0.399,1.668,9.539487706901868
chr5_mat_hsa6,79104492,active,0.4015,1.636,9.531095446325638
chr5_mat_hsa6,79108492,active,0.4035,1.62,9.496935588978692
chr5_mat_hsa6,79112492,active,0.4035,1.628,9.570677178122674
chr5_mat_hsa6,79116492,active,0.401,1.676,9.588504020100128
chr5_mat_hsa6,79120492,active,0.404,1.696,9.584430966760374
chr5_mat_hsa6,79124492,active,0.403,1.576,9.351639582086857
chr5_mat_hsa6,79128492,active,0.404,1.628,9.528103607085864
chr5_mat_hsa6,79132492,active,0.4025,1.604,9.536324632610144
chr5_mat_hsa6,79136492,active,0.399,1.604,9.427384642580744
chr5_mat_hsa6,79140492,active,0.3995,1.6,9.521452339991248
chr5_mat_hsa6,79144492,active,0.4,1.648,9.641329684370396
chr5_mat_hsa6,79148492,active,0.4075,1.54,9.347886248051129
chr5_mat_hsa6,79152492,active,0.3995,1.596,9.477576844341572
chr5_mat_hsa6,79156492,active,0.4015,1.584,9.421298000784066
chr5_mat_hsa6,79160492,active,0.403,1.62,9.505881820962141
chr5_mat_hsa6,79164492,active,0.4,1.596,9.462795547338843
chr5_mat_hsa6,79168492,active,0.398,1.608,9.433528424263384
chr5_mat_hsa6,79172492,active,0.4025,1.564,9.34443812253448
chr5_mat_hsa6,79176492,active,0.4005,1.688,9.626652909190264
chr5_mat_hsa6,79180492,active,0.4035,1.576,9.38801171866123
chr5_mat_hsa6,79184492,active,0.4025,1.572,9.366843845395106
chr5_mat_hsa6,79188492,active,0.404,1.64,9.545667378489807
chr5_mat_hsa6,79192492,active,0.404,1.624,9.534147468550138
chr5_mat_hsa6,79196492,active,0.4015,1.632,9.51989815648509
chr5_mat_hsa6,79200492,active,0.3985,1.624,9.548053302510615
chr5_mat_hsa6,79204492,active,0.402,1.636,9.526293571082972
chr5_mat_hsa6,79208492,active,0.3985,1.696,9.650223972542124
chr5_mat_hsa6,79212492,active,0.399,1.676,9.619089226489516
chr5_mat_hsa6,79216492,active,0.3985,1.656,9.622700934065563
chr5_mat_hsa6,79220492,active,0.395,1.58,9.408034801343641
chr5_mat_hsa6,79224492,active,0.399,1.6,9.420132174955516
chr5_mat_hsa6,79228492,active,0.402,1.608,9.47449863716624
chr5_mat_hsa6,79232492,active,0.3985,1.64,9.573727728849375
chr5_mat_hsa6,79236492,active,0.3935,1.564,9.440867182586006
chr5_mat_hsa6,79240492,active,0.402,1.54,9.32931049528889
chr5_mat_hsa6,79244492,active,0.4025,1.628,9.507703125401232
chr5_mat_hsa6,79248492,active,0.403,1.604,9.477388098529396
chr5_mat_hsa6,79252492,active,0.403,1.58,9.410027198530988
chr5_mat_hsa6,79256492,active,0.4015,1.58,9.43415666669705
chr5_mat_hsa6,79260492,active,0.3995,1.6,9.50525752088183
chr5_mat_hsa6,79264492,active,0.4,1.66,9.54253154609121
chr5_mat_hsa6,79268492,active,0.404,1.6,9.468566373195804
chr5_mat_hsa6,79272492,active,0.397,1.56,9.413418136244891
chr5_mat_hsa6,79276492,active,0.3995,1.56,9.379738476048601
chr5_mat_hsa6,79280492,active,0.3965,1.492,9.297520902320054
chr5_mat_hsa6,79284492,active,0.397,1.592,9.388206140168673
chr5_mat_hsa6,79288492,active,0.3995,1.608,9.494093438030294
chr5_mat_hsa6,79292492,active,0.3965,1.564,9.452496215212452
chr5_mat_hsa6,79296492,active,0.401,1.564,9.405501063014045
chr5_mat_hsa6,79300492,active,0.4025,1.588,9.448304896806823
chr5_mat_hsa6,79304492,active,0.3985,1.676,9.62414218340266
chr5_mat_hsa6,79308492,active,0.3945,1.572,9.440613810612597
chr5_mat_hsa6,79312492,active,0.403,1.608,9.463249266926546
chr5_mat_hsa6,79316492,active,0.3995,1.544,9.393405684588156
chr5_mat_hsa6,79320492,active,0.4045,1.588,9.417355832265532
chr5_mat_hsa6,79324492,active,0.3995,1.592,9.463666191638112
chr5_mat_hsa6,79328492,active,0.399,1.552,9.440888924360273
chr5_mat_hsa6,79332492,active,0.399,1.58,9.507916813875894
chr5_mat_hsa6,79336492,active,0.4025,1.572,9.409313150737196
chr5_mat_hsa6,79340492,active,0.392,1.556,9.412358457472882
chr5_mat_hsa6,79344492,active,0.3995,1.552,9.379291816748111
chr5_mat_hsa6,79348492,active,0.401,1.572,9.505998390935144
chr5_mat_hsa6,79352492,active,0.3975,1.552,9.420123047960463
chr5_mat_hsa6,79356492,active,0.399,1.612,9.51039670342688
chr5_mat_hsa6,79360492,active,0.4025,1.692,9.655488774817135
chr5_mat_hsa6,79364492,active,0.4025,1.632,9.528763758082418
chr5_mat_hsa6,79368492,active,0.396,1.508,9.276179336343766
chr5_mat_hsa6,79372492,active,0.4,1.576,9.457866214969684
chr5_mat_hsa6,79376492,active,0.4025,1.628,9.582420207576714
chr5_mat_hsa6,79380492,active,0.407,1.624,9.541162254714486
chr5_mat_hsa6,79384492,active,0.3965,1.584,9.464160264667935
chr5_mat_hsa6,79388492,active,0.4005,1.644,9.667575779145576
chr5_mat_hsa6,79392492,active,0.397,1.588,9.42934131972293
chr5_mat_hsa6,79396492,active,0.393,1.596,9.488068614221879
chr5_mat_hsa6,79400492,active,0.3995,1.628,9.577923234303725
chr5_mat_hsa6,79404492,active,0.3975,1.584,9.41643558237422
chr5_mat_hsa6,79408492,active,0.398,1.656,9.701421696198365
chr5_mat_hsa6,79412492,active,0.392,1.528,9.393150933739015
chr5_mat_hsa6,79416492,active,0.399,1.608,9.48637746531141
chr5_mat_hsa6,79420492,active,0.405,1.648,9.65395559733637
chr5_mat_hsa6,79424492,active,0.401,1.612,9.501424510087654
chr5_mat_hsa6,79428492,active,0.401,1.588,9.463778520929331
chr5_mat_hsa6,79432492,active,0.4035,1.628,9.624193364648985
chr5_mat_hsa6,79436492,active,0.401,1.604,9.493097206533827
chr5_mat_hsa6,79440492,active,0.3995,1.596,9.524422552943873
chr5_mat_hsa6,79444492,active,0.398,1.616,9.487542576491357
chr5_mat_hsa6,79448492,active,0.398,1.66,9.55985675964466
chr5_mat_hsa6,79452492,active,0.398,1.568,9.457805253933689
chr5_mat_hsa6,79456492,active,0.397,1.628,9.4943749242331
chr5_mat_hsa6,79460492,active,0.3955,1.66,9.563707935758407
chr5_mat_hsa6,79464492,active,0.3925,1.64,9.604134993625767
chr5_mat_hsa6,79468492,active,0.4015,1.544,9.3842668359611
chr5_mat_hsa6,79472492,active,0.399,1.576,9.444124388316618
chr5_mat_hsa6,79476492,active,0.4045,1.608,9.467660086089529
chr5_mat_hsa6,79480492,active,0.3985,1.652,9.579481032513554
chr5_mat_hsa6,79484492,active,0.4005,1.52,9.447466193603214
chr5_mat_hsa6,79488492,active,0.3995,1.624,9.597145504590095
chr5_mat_hsa6,79492492,active,0.399,1.632,9.530732418309507
chr5_mat_hsa6,79496492,active,0.4045,1.62,9.498400662181883
chr5_mat_hsa6,79500492,active,0.3985,1.64,9.54259087783989
chr5_mat_hsa6,79504492,active,0.401,1.712,9.675445039475576
chr5_mat_hsa6,79508492,active,0.4025,1.596,9.488886981343475
chr5_mat_hsa6,79512492,active,0.3995,1.62,9.503785736141303
chr5_mat_hsa6,79516492,active,0.3985,1.484,9.373828161221562
chr5_mat_hsa6,79520492,active,0.3955,1.636,9.565125007503259
chr5_mat_hsa6,79524492,active,0.4005,1.568,9.394253491181805
chr5_mat_hsa6,79528492,active,0.396,1.52,9.3546143690872
chr5_mat_hsa6,79532492,active,0.3995,1.6,9.467042698276574
chr5_mat_hsa6,79536492,active,0.402,1.592,9.45106969132767
chr5_mat_hsa6,79540492,active,0.3925,1.604,9.484102774650522
chr5_mat_hsa6,79544492,active,0.404,1.64,9.514605632695899
chr5_mat_hsa6,79548492,active,0.402,1.624,9.610932586382583
chr5_mat_hsa6,79552492,active,0.4035,1.6,9.503367950424177
chr5_mat_hsa6,79556492,active,0.397,1.668,9.585540965773072
chr5_mat_hsa6,79560492,active,0.3965,1.628,9.569879566614873
chr5_mat_hsa6,79564492,active,0.401,1.584,9.435234996125978
chr5_mat_hsa6,79568492,active,0.3955,1.708,9.677531589202086
chr5_mat_hsa6,79572492,active,0.398,1.652,9.628428243841254
chr5_mat_hsa6,79576492,active,0.4005,1.648,9.578050027203153
chr5_mat_hsa6,79580492,active,0.401,1.568,9.424550299101032
chr5_mat_hsa6,79584492,active,0.3945,1.484,9.338959941545646
chr5_mat_hsa6,79588492,active,0.4,1.532,9.386017593848276
chr5_mat_hsa6,79592492,active,0.404,1.552,9.349508884584823
chr5_mat_hsa6,79596492,active,0.4025,1.62,9.498807703049133
chr5_mat_hsa6,79600492,active,0.404,1.608,9.501474970969099
chr5_mat_hsa6,79604492,active,0.402,1.576,9.456824695800975
chr5_mat_hsa6,79608492,active,0.4035,1.596,9.435065074144198
chr5_mat_hsa6,79612492,active,0.4025,1.58,9.489244934488747
chr5_mat_hsa6,79616492,active,0.4015,1.46,9.17360777264215
chr5_mat_hsa6,79620492,active,0.407,1.564,9.411310863437397
chr5_mat_hsa6,79624492,active,0.3975,1.568,9.36574859865119
chr5_mat_hsa6,79628492,active,0.4005,1.624,9.528818149884714
chr5_mat_hsa6,79632492,active,0.4015,1.62,9.450859802902754
chr5_mat_hsa6,79636492,active,0.4,1.588,9.462638760511144
chr5_mat_hsa6,79640492,active,0.4035,1.62,9.539762073468102
chr5_mat_hsa6,79644492,active,0.4025,1.584,9.460506878407056
chr5_mat_hsa6,79648492,active,0.3965,1.412,9.218080499652565
chr5_mat_hsa6,79652492,active,0.3975,1.476,9.26248305744229
chr5_mat_hsa6,79656492,active,0.4055,1.616,9.529683767331731
chr5_mat_hsa6,79660492,active,0.4055,1.58,9.458313648268058
chr5_mat_hsa6,79664492,active,0.403,1.616,9.516915710036004
chr5_mat_hsa6,79668492,active,0.397,1.396,9.218139444402293
chr5_mat_hsa6,79672492,active,0.397,1.396,9.202292405933287
chr5_mat_hsa6,79676492,active,0.4025,1.612,9.50170311733569
chr5_mat_hsa6,79680492,active,0.4045,1.624,9.488803415864702
chr5_mat_hsa6,79684492,active,0.4005,1.556,9.419823440403317
chr5_mat_hsa6,79688492,active,0.3965,1.404,9.197108322714987
chr5_mat_hsa6,79692492,active,0.396,1.388,9.189007437902093
chr5_mat_hsa6,79696492,active,0.395,1.4,9.198763254810514
chr5_mat_hsa6,79700492,active,0.394,1.412,9.194728080105765
chr5_mat_hsa6,79704492,active,0.399,1.62,9.486568763168796
chr5_mat_hsa6,79708492,active,0.4015,1.508,9.341488718828693
chr5_mat_hsa6,79712492,active,0.3985,1.604,9.533145921540862
chr5_mat_hsa6,79716492,active,0.4035,1.62,9.470730241100847
chr5_mat_hsa6,79720492,active,0.397,1.44,9.237473579742893
chr5_mat_hsa6,79724492,active,0.398,1.392,9.20144459933968
chr5_mat_hsa6,79728492,active,0.3985,1.404,9.201017555756316
chr5_mat_hsa6,79732492,active,0.3975,1.396,9.207349773490243
chr5_mat_hsa6,79736492,active,0.3965,1.396,9.217184602929969
chr5_mat_hsa6,79740492,active,0.4015,1.648,9.530212306685835
chr5_mat_hsa6,79744492,active,0.4035,1.592,9.468952103993075
chr5_mat_hsa6,79748492,active,0.403,1.608,9.530699679610883
chr5_mat_hsa6,79752492,active,0.402,1.54,9.372696665129935
chr5_mat_hsa6,79756492,active,0.4065,1.5,9.302359015477972
chr5_mat_hsa6,79760492,active,0.399,1.516,9.40571066849457
chr5_mat_hsa6,79764492,active,0.402,1.604,9.496395442106136
chr5_mat_hsa6,79768492,active,0.3945,1.556,9.410291091759227
chr5_mat_hsa6,79772492,active,0.4005,1.584,9.431828263844942
chr5_mat_hsa6,79776492,active,0.3965,1.572,9.494574640153134
chr5_mat_hsa6,79780492,active,0.398,1.636,9.522829433120373
chr5_mat_hsa6,79784492,active,0.404,1.644,9.577184665884012
chr5_mat_hsa6,79788492,active,0.3995,1.576,9.404168620146537
chr5_mat_hsa6,79792492,active,0.397,1.66,9.570513679017663
chr5_mat_hsa6,79796492,active,0.402,1.604,9.481169269566426
chr5_mat_hsa6,79800492,active,0.3975,1.592,9.510755016754603
chr5_mat_hsa6,79804492,active,0.3995,1.588,9.457501338124498
chr5_mat_hsa6,79808492,active,0.395,1.484,9.314607404286816
chr5_mat_hsa6,79812492,active,0.399,1.628,9.488719894351203
chr5_mat_hsa6,79816492,active,0.399,1.72,9.715564714849949
chr5_mat_hsa6,79820492,active,0.3995,1.624,9.542445544054388
chr5_mat_hsa6,79824492,active,0.4035,1.58,9.43456012539337
chr5_mat_hsa6,79828492,active,0.3985,1.632,9.522682714742938
chr5_mat_hsa6,79832492,active,0.398,1.644,9.582829451739208
chr5_mat_hsa6,79836492,active,0.398,1.592,9.402288475012313
chr5_mat_hsa6,79840492,active,0.401,1.572,9.407801083336375
chr5_mat_hsa6,79844492,active,0.3955,1.576,9.461425618551546
chr5_mat_hsa6,79848492,active,0.4015,1.584,9.429787678190223
chr5_mat_hsa6,79852492,active,0.394,1.468,9.271777331910167
chr5_mat_hsa6,79856492,active,0.3995,1.676,9.604391451000266
chr5_mat_hsa6,79860492,active,0.4045,1.644,9.54032083846483
chr5_mat_hsa6,79864492,active,0.4,1.668,9.56626823460527
chr5_mat_hsa6,79868492,active,0.4005,1.6,9.438370087059411
chr5_mat_hsa6,79872492,active,0.3975,1.72,9.632439583247367
chr5_mat_hsa6,79876492,active,0.399,1.656,9.575259090033901
chr5_mat_hsa6,79880492,active,0.3975,1.676,9.639175750731207
chr5_mat_hsa6,79884492,active,0.3965,1.592,9.449160499436596
chr5_mat_hsa6,79888492,active,0.3945,1.568,9.411464603853066
chr5_mat_hsa6,79892492,active,0.399,1.728,9.632793295710945
chr5_mat_hsa6,79896492,active,0.4015,1.576,9.406100077398182
chr5_mat_hsa6,79900492,active,0.396,1.616,9.541332918161375
chr5_mat_hsa6,79904492,active,0.3985,1.656,9.54474765790112
chr5_mat_hsa6,79908492,active,0.399,1.688,9.596483635635632
chr5_mat_hsa6,79912492,active,0.3995,1.588,9.483108844787656
chr5_mat_hsa6,79916492,active,0.401,1.624,9.553258386038033
chr5_mat_hsa6,79920492,active,0.4035,1.588,9.442015698384363
chr5_mat_hsa6,79924492,active,0.407,1.636,9.53481805389568
chr5_mat_hsa6,79928492,active,0.401,1.632,9.498503155545633
chr5_mat_hsa6,79932492,active,0.3935,1.448,9.215100768754267
chr5_mat_hsa6,79936492,active,0.398,1.704,9.627792392380345
chr5_mat_hsa6,79940492,active,0.3995,1.652,9.511046255930518
chr5_mat_hsa6,79944492,active,0.3965,1.576,9.465840901991312
chr5_mat_hsa6,79948492,active,0.3965,1.624,9.483070823108932
chr5_mat_hsa6,79952492,active,0.3975,1.64,9.52915111816698
chr5_mat_hsa6,79956492,active,0.395,1.764,9.756271356458003
chr5_mat_hsa6,79960492,active,0.3975,1.672,9.585816183575359
chr5_mat_hsa6,79964492,active,0.402,1.596,9.48095863967635
chr5_mat_hsa6,79968492,active,0.402,1.576,9.442714802847052
chr5_mat_hsa6,79972492,active,0.4045,1.64,9.505511274137934
chr5_mat_hsa6,79976492,active,0.4,1.572,9.414578950605216
chr5_mat_hsa6,79980492,active,0.4015,1.532,9.368141113005922
chr5_mat_hsa6,79984492,active,0.3975,1.708,9.70849935803331
chr5_mat_hsa6,79988492,active,0.4,1.64,9.568794099660604
chr5_mat_hsa6,79992492,active,0.399,1.604,9.489019590578911
chr5_mat_hsa6,79996492,active,0.399,1.62,9.534047467142182
chr5_mat_hsa6,80000492,active,0.3995,1.624,9.53080504695325
chr5_mat_hsa6,80004492,active,0.397,1.62,9.538953595907063
chr5_mat_hsa6,80008492,active,0.399,1.62,9.532193560591857
chr5_mat_hsa6,80012492,active,0.398,1.664,9.587241518906719
chr5_mat_hsa6,80016492,active,0.3975,1.568,9.488510044175325
chr5_mat_hsa6,80020492,active,0.398,1.564,9.432142570037822
chr5_mat_hsa6,80024492,active,0.401,1.484,9.231575252054077
chr5_mat_hsa6,80028492,active,0.3975,1.58,9.483540030714382
chr5_mat_hsa6,80032492,active,0.3945,1.64,9.604679295014229
chr5_mat_hsa6,80036492,active,0.4055,1.484,9.19809434271751
chr5_mat_hsa6,80040492,active,0.4015,1.684,9.591843389568732
chr5_mat_hsa6,80044492,active,0.395,1.712,9.679418532779426
chr5_mat_hsa6,80048492,active,0.3995,1.732,9.656088530666437
chr5_mat_hsa6,80052492,active,0.398,1.7,9.617001788940843
chr5_mat_hsa6,80056492,active,0.399,1.604,9.560564792660987
chr5_mat_hsa6,80060492,active,0.4015,1.636,9.558510949100326
chr5_mat_hsa6,80064492,active,0.4,1.716,9.605775816579252
chr5_mat_hsa6,80068492,active,0.398,1.616,9.513328224757508
chr5_mat_hsa6,80072492,active,0.403,1.568,9.429402739279734
chr5_mat_hsa6,80076492,active,0.3975,1.596,9.500985150053491
chr5_mat_hsa6,80080492,active,0.3975,1.628,9.587422959736305
chr5_mat_hsa6,80084492,active,0.3995,1.648,9.600344037082802
chr5_mat_hsa6,80088492,active,0.3995,1.712,9.574950677415135
chr5_mat_hsa6,80092492,active,0.4,1.648,9.53277956176535
chr5_mat_hsa6,80096492,active,0.403,1.608,9.466988399096394
chr5_mat_hsa6,80100492,active,0.398,1.632,9.555249175038313
chr5_mat_hsa6,80104492,active,0.3985,1.608,9.559477341953217
chr5_mat_hsa6,80108492,active,0.3985,1.64,9.594661982446576
chr5_mat_hsa6,80112492,active,0.399,1.648,9.536736503652948
chr5_mat_hsa6,80116492,active,0.4015,1.632,9.572518136527918
chr5_mat_hsa6,80120492,active,0.397,1.56,9.413000872451196
chr5_mat_hsa6,80124492,active,0.398,1.616,9.550964455226417
chr5_mat_hsa6,80128492,active,0.396,1.628,9.519293859120872
chr5_mat_hsa6,80132492,active,0.402,1.62,9.515085007089958
chr5_mat_hsa6,80136492,active,0.405,1.56,9.392325899045467
chr5_mat_hsa6,80140492,active,0.402,1.572,9.48688923611054
chr5_mat_hsa6,80144492,active,0.401,1.404,9.182911996759964
chr5_mat_hsa6,80148492,active,0.404,1.604,9.459569308715976
chr5_mat_hsa6,80152492,active,0.3995,1.604,9.505597919301545
chr5_mat_hsa6,80156492,active,0.4,1.556,9.520390135990565
chr5_mat_hsa6,80160492,active,0.4015,1.572,9.430697264523149
chr5_mat_hsa6,80164492,active,0.3975,1.66,9.601555368462405
chr5_mat_hsa6,80168492,active,0.402,1.616,9.537631751532476
chr5_mat_hsa6,80172492,active,0.4045,1.56,9.388427553157673
chr5_mat_hsa6,80176492,active,0.4025,1.568,9.40407530741092
chr5_mat_hsa6,80180492,active,0.4035,1.592,9.463942794032356
chr5_mat_hsa6,80184492,active,0.4035,1.592,9.459261539224018
chr5_mat_hsa6,80188492,active,0.4015,1.576,9.466333563612668
chr5_mat_hsa6,80192492,active,0.403,1.6,9.495669455932806
chr5_mat_hsa6,80196492,active,0.4045,1.584,9.437101085751198
chr5_mat_hsa6,80200492,active,0.4055,1.684,9.599437896333553
chr5_mat_hsa6,80204492,active,0.4065,1.624,9.498055335248285
chr5_mat_hsa6,80208492,active,0.399,1.508,9.327113709795514
chr5_mat_hsa6,80212492,active,0.4025,1.548,9.430273699056091
chr5_mat_hsa6,80216492,active,0.398,1.576,9.472305478549094
chr5_mat_hsa6,80220492,active,0.4005,1.596,9.523119615354075
chr5_mat_hsa6,80224492,active,0.403,1.604,9.512002199050464
chr5_mat_hsa6,80228492,active,0.402,1.6,9.472862034534304
chr5_mat_hsa6,80232492,active,0.3975,1.592,9.442147953153613
chr5_mat_hsa6,80236492,active,0.3985,1.604,9.464893698867506
chr5_mat_hsa6,80240492,active,0.403,1.572,9.392166304044741
chr5_mat_hsa6,80244492,active,0.4025,1.556,9.404429782439877
chr5_mat_hsa6,80248492,active,0.4,1.616,9.54120960337828
chr5_mat_hsa6,80252492,active,0.394,1.492,9.288667694411668
chr5_mat_hsa6,80256492,active,0.406,1.584,9.456424611166367
chr5_mat_hsa6,80260492,active,0.4055,1.608,9.508857567306423
chr5_mat_hsa6,80264492,active,0.404,1.572,9.423802150881667
chr5_mat_hsa6,80268492,active,0.4045,1.612,9.492723181593322
chr5_mat_hsa6,80272492,active,0.4025,1.628,9.535446186558506
chr5_mat_hsa6,80276492,active,0.401,1.576,9.515732057970057
chr5_mat_hsa6,80280492,active,0.4005,1.74,9.672372469746536
chr5_mat_hsa6,80284492,active,0.3965,1.62,9.570007655435704
chr5_mat_hsa6,80288492,active,0.396,1.656,9.526086490831077
chr5_mat_hsa6,80292492,active,0.404,1.584,9.422359472247267
chr5_mat_hsa6,80296492,active,0.4,1.6,9.430718651831196
chr5_mat_hsa6,80300492,active,0.3955,1.54,9.394059811139494
chr5_mat_hsa6,80304492,active,0.3995,1.7,9.615866215571367
chr5_mat_hsa6,80308492,active,0.402,1.608,9.422921736460493
chr5_mat_hsa6,80312492,active,0.402,1.7,9.670276107697624
chr5_mat_hsa6,80316492,active,0.397,1.644,9.5182246509708
chr5_mat_hsa6,80320492,active,0.3945,1.656,9.610675432248248
chr5_mat_hsa6,80324492,active,0.4025,1.62,9.539168052663365
chr5_mat_hsa6,80328492,active,0.4005,1.632,9.618554859366888
chr5_mat_hsa6,80332492,active,0.3985,1.64,9.522639166128888
chr5_mat_hsa6,80336492,active,0.3975,1.644,9.599906106345939
chr5_mat_hsa6,80340492,active,0.399,1.572,9.457476374361788
chr5_mat_hsa6,80344492,active,0.399,1.604,9.44926732620607
chr5_mat_hsa6,80348492,active,0.3995,1.656,9.568668872645864
chr5_mat_hsa6,80352492,active,0.3955,1.612,9.49941338500531
chr5_mat_hsa6,80356492,active,0.3995,1.612,9.570029370393469
chr5_mat_hsa6,80360492,active,0.3965,1.76,9.820903825107543
chr5_mat_hsa6,80364492,active,0.402,1.62,9.514284936159076
chr5_mat_hsa6,80368492,active,0.4,1.636,9.564025949277081
chr5_mat_hsa6,80372492,active,0.404,1.604,9.43458845750159
chr5_mat_hsa6,80376492,active,0.404,1.684,9.636156101306657
chr5_mat_hsa6,80380492,active,0.4015,1.804,9.927327458359434
chr5_mat_hsa6,80384492,active,0.4015,1.74,9.790962212582166
chr5_mat_hsa6,80388492,active,0.3975,1.832,9.949720075387319
chr5_mat_hsa6,80392492,active,0.396,1.912,10.133352648066541
chr5_mat_hsa6,80396492,active,0.39,1.792,9.896432001954755
chr5_mat_hsa6,80400492,active,0.404,1.72,9.76116348585174
chr5_mat_hsa6,80404492,active,0.4045,1.784,9.805084945573249
chr5_mat_hsa6,80408492,active,0.3995,1.724,9.725755240506697
chr5_mat_hsa6,80412492,active,0.4,1.648,9.580541060035529
chr5_mat_hsa6,80416492,active,0.4015,1.804,9.928027914881335
chr5_mat_hsa6,80420492,active,0.4045,1.78,9.864679689199466
chr5_mat_hsa6,80424492,active,0.386,1.812,9.913969081970336
chr5_mat_hsa6,80428492,active,0.399,1.772,9.81861802369804
chr5_mat_hsa6,80432492,active,0.3945,1.876,9.981994581858126
chr5_mat_hsa6,80436492,active,0.3955,1.824,9.914940808224872
chr5_mat_hsa6,80440492,active,0.3895,1.716,9.71773369015858
chr5_mat_hsa6,80444492,active,0.391,1.772,9.847853238210641
chr5_mat_hsa6,80448492,active,0.3955,1.848,9.981508947991252
chr5_mat_hsa6,80452492,active,0.391,1.796,9.912599126366514
chr5_mat_hsa6,80456492,active,0.4,1.712,9.723191180599164
chr5_mat_hsa6,80460492,active,0.3995,1.724,9.746711956243084
chr5_mat_hsa6,80464492,active,0.394,1.648,9.583237833233094
chr5_mat_hsa6,80468492,active,0.3935,1.84,9.918024646390135
chr5_mat_hsa6,80472492,active,0.3995,1.696,9.69527890639253
chr5_mat_hsa6,80476492,active,0.397,1.852,9.991509402593177
chr5_mat_hsa6,80480492,active,0.3985,1.852,9.992812662116442
chr5_mat_hsa6,80484492,active,0.391,1.812,9.918166763903413
chr5_mat_hsa6,80488492,active,0.3905,1.796,9.88742050068323
chr5_mat_hsa6,80492492,active,0.388,1.804,9.88114822529202
chr5_mat_hsa6,80496492,active,0.395,1.832,9.95027145816331
chr5_mat_hsa6,80500492,active,0.3905,1.828,9.971375884153863
chr5_mat_hsa6,80504492,active,0.398,1.872,10.049890694498936
chr5_mat_hsa6,80508492,active,0.3885,1.724,9.798826365508557
chr5_mat_hsa6,80512492,active,0.39,1.784,9.879615756743625
chr5_mat_hsa6,80516492,active,0.388,1.92,10.072264759208249
chr5_mat_hsa6,80520492,active,0.395,1.748,9.820380705320861
chr5_mat_hsa6,80524492,active,0.3945,1.812,9.934443320762814
chr5_mat_hsa6,80528492,active,0.3935,1.836,9.945543852284146
chr5_mat_hsa6,80532492,active,0.391,1.792,9.869066536476426
chr5_mat_hsa6,80536492,active,0.392,1.728,9.761296565040512
chr5_mat_hsa6,80540492,active,0.388,1.916,9.980206010401416
chr5_mat_hsa6,80544492,active,0.4,1.844,9.87955855105206
chr5_mat_hsa6,80548492,active,0.3985,1.836,9.871487460177446
chr5_mat_hsa6,80552492,active,0.398,1.792,9.825244675779881
chr5_mat_hsa6,80556492,active,0.3915,1.808,9.856625521356072
chr5_mat_hsa6,80560492,active,0.4035,1.752,9.790744664708498
chr5_mat_hsa6,80564492,active,0.4,1.724,9.7569939360369
chr5_mat_hsa6,80568492,active,0.3955,1.844,10.004349102372167
chr5_mat_hsa6,80572492,active,0.397,1.78,9.902005288370406
chr5_mat_hsa6,80576492,active,0.3925,1.7,9.741791515841417
chr5_mat_hsa6,80580492,active,0.392,1.776,9.863940689075442
chr5_mat_hsa6,80584492,active,0.398,1.78,9.865560484903316
chr5_mat_hsa6,80588492,active,0.399,1.728,9.756572458377944
chr5_mat_hsa6,80592492,active,0.395,1.844,9.959014867725369
chr5_mat_hsa6,80596492,active,0.391,1.772,9.784806120164978
chr5_mat_hsa6,80600492,active,0.3985,1.82,9.932433663226762
chr5_mat_hsa6,80604492,active,0.39,1.8,9.86010054647218
chr5_mat_hsa6,80608492,active,0.3925,1.848,9.824252602967084
chr5_mat_hsa6,80612492,active,0.391,1.784,9.858289104777091
chr5_mat_hsa6,80616492,active,0.3965,1.728,9.753872817658044
chr5_mat_hsa6,80620492,active,0.392,1.884,9.949081764503372
chr5_mat_hsa6,80624492,active,0.414,2.028,10.070770443886842
chr5_mat_hsa6,80628492,active,0.3905,1.836,9.99743670551697
chr5_mat_hsa6,80632492,active,0.393,1.912,10.048754766663231
chr5_mat_hsa6,80636492,active,0.392,1.848,10.017746703739224
chr5_mat_hsa6,80640492,active,0.393,1.816,9.930590584480631
chr5_mat_hsa6,80644492,active,0.3955,1.796,9.861952380598451
chr5_mat_hsa6,80648492,active,0.3905,1.772,9.758497569991004
chr5_mat_hsa6,80652492,active,0.394,1.844,9.920649848626358
chr5_mat_hsa6,80656492,active,0.3865,1.812,9.938314996362482
chr5_mat_hsa6,80660492,active,0.383,1.848,9.97400924832496
chr5_mat_hsa6,80664492,active,0.3895,1.832,9.919358092566904
chr5_mat_hsa6,80668492,active,0.3915,1.828,9.991367612729599
chr5_mat_hsa6,80672492,active,0.393,1.808,9.909391389640598
chr5_mat_hsa6,80676492,active,0.396,1.828,9.870851242817844
chr5_mat_hsa6,80680492,active,0.3895,1.744,9.805786420788404
chr5_mat_hsa6,80684492,active,0.3935,1.8,9.860766525237281
chr5_mat_hsa6,80688492,active,0.3885,1.684,9.65017910440166
chr5_mat_hsa6,80692492,active,0.3885,1.764,9.77071829091878
chr5_mat_hsa6,80696492,active,0.3935,1.884,9.990856345156683
chr5_mat_hsa6,80700492,active,0.3885,1.828,9.973212617261405
chr5_mat_hsa6,80704492,active,0.3885,1.852,10.04655486895221
chr5_mat_hsa6,80708492,active,0.3755,1.84,10.047246580718037
chr5_mat_hsa6,80712492,active,0.3795,1.88,10.085022316349464
chr5_mat_hsa6,80716492,active,0.376,1.844,9.964716930793957
chr5_mat_hsa6,80720492,active,0.3705,1.884,10.027716679075581
chr5_mat_hsa6,80724492,active,0.373,1.792,9.841173889419409
chr5_mat_hsa6,80728492,active,0.3715,1.868,10.009405150402682
chr5_mat_hsa6,80732492,active,0.383,1.812,9.874494102107631
chr5_mat_hsa6,80944492,inactive,0.35,1.924,10.20668882979834
chr5_mat_hsa6,80948492,inactive,0.3535,2.004,10.368966612676592
chr5_mat_hsa6,80952492,inactive,0.3505,1.872,10.086449366325466
chr5_mat_hsa6,80956492,inactive,0.3465,1.988,10.28646818443958
chr5_mat_hsa6,80960492,inactive,0.3555,1.964,10.345272332879958
chr5_mat_hsa6,80964492,inactive,0.402,2.452,10.958552715430907
chr5_mat_hsa6,80968492,inactive,0.3565,2.14,10.487714974020173
chr5_mat_hsa6,80972492,inactive,0.357,2.016,10.315067568591525
chr5_mat_hsa6,80976492,inactive,0.3895,2.176,10.469234377106348
chr5_mat_hsa6,80980492,inactive,0.3545,1.996,10.337522352357603
chr5_mat_hsa6,80984492,inactive,0.3895,2.196,10.433233540253864
chr5_mat_hsa6,80988492,inactive,0.3535,1.964,10.313376065214895
chr5_mat_hsa6,80992492,inactive,0.3425,2.008,10.348933848542877
chr5_mat_hsa6,80996492,inactive,0.3545,2.036,10.434686225484425
chr5_mat_hsa6,81000492,inactive,0.3455,2.092,10.42402883615816
chr5_mat_hsa6,81004492,inactive,0.3585,2.04,10.337415400433278
chr5_mat_hsa6,81008492,inactive,0.3565,2.084,10.382515860934957
chr5_mat_hsa6,81012492,inactive,0.35,2.016,10.237991521343993
chr5_mat_hsa6,81016492,inactive,0.3505,2.02,10.279561103097205
chr5_mat_hsa6,81020492,inactive,0.3595,1.964,10.26106540516467
chr5_mat_hsa6,81024492,inactive,0.3535,1.948,10.231908461718263
chr5_mat_hsa6,81028492,inactive,0.3475,2.068,10.351762465905702
chr5_mat_hsa6,81032492,inactive,0.35,2.072,10.482433364201015
chr5_mat_hsa6,81036492,inactive,0.346,2.12,10.492843939355023
chr5_mat_hsa6,81040492,inactive,0.3515,2.1,10.388985675767497
chr5_mat_hsa6,81044492,inactive,0.347,2.04,10.270269943351677
chr5_mat_hsa6,81048492,inactive,0.3475,2.032,10.290482636063281
chr5_mat_hsa6,81052492,inactive,0.3595,1.976,10.276631731428795
chr5_mat_hsa6,81056492,inactive,0.3525,1.948,10.24842265783805
chr5_mat_hsa6,81060492,inactive,0.354,2.04,10.333146696278757
chr5_mat_hsa6,81064492,inactive,0.3535,2.072,10.356025515465184
chr5_mat_hsa6,81068492,inactive,0.3475,2.02,10.22104437913907
chr5_mat_hsa6,81072492,inactive,0.3465,2.036,10.307475110645777
chr5_mat_hsa6,81076492,inactive,0.362,1.972,10.293522654102661
chr5_mat_hsa6,81080492,inactive,0.357,1.968,10.251116622862648
chr5_mat_hsa6,81084492,inactive,0.351,2.04,10.342224551337186
chr5_mat_hsa6,81088492,inactive,0.351,2.044,10.328943576080961
chr5_mat_hsa6,81092492,inactive,0.347,2.032,10.23517296099893
chr5_mat_hsa6,81096492,inactive,0.347,2.044,10.322641706741502
chr5_mat_hsa6,81100492,inactive,0.361,1.968,10.288265626763524
chr5_mat_hsa6,81104492,inactive,0.3565,1.952,10.247884276840182
chr5_mat_hsa6,81108492,inactive,0.3495,2.052,10.315512498184626
chr5_mat_hsa6,81112492,inactive,0.3475,2.052,10.31578625987311
chr5_mat_hsa6,81116492,inactive,0.3465,2.028,10.255706460018219
chr5_mat_hsa6,81120492,inactive,0.3475,2.048,10.32270144909421
chr5_mat_hsa6,81124492,inactive,0.3495,1.972,10.250498048899194
chr5_mat_hsa6,81128492,inactive,0.351,1.992,10.354295817236363
chr5_mat_hsa6,81132492,inactive,0.3555,2.028,10.41051579899849
chr5_mat_hsa6,81136492,inactive,0.355,1.984,10.305137776028596
chr5_mat_hsa6,81140492,inactive,0.346,2.048,10.394143803346308
chr5_mat_hsa6,81144492,inactive,0.3445,2.028,10.385861749215673
chr5_mat_hsa6,81148492,inactive,0.357,2.028,10.432040982283084
chr5_mat_hsa6,81152492,inactive,0.3555,1.988,10.317579732604106
chr5_mat_hsa6,81156492,inactive,0.3525,2.004,10.351158328733954
chr5_mat_hsa6,81160492,inactive,0.3575,1.964,10.263230580423564
chr5_mat_hsa6,81164492,inactive,0.3635,2.028,10.440835012919031
chr5_mat_hsa6,81168492,inactive,0.354,1.908,10.143810758893347
chr5_mat_hsa6,81172492,inactive,0.349,2.056,10.394640401604791
chr5_mat_hsa6,81176492,inactive,0.345,2.012,10.297279957308303
chr5_mat_hsa6,81180492,inactive,0.351,2.008,10.305981008574552
chr5_mat_hsa6,81184492,inactive,0.349,1.992,10.295878917561158
chr5_mat_hsa6,81188492,inactive,0.348,1.916,10.153617589590807
chr5_mat_hsa6,81192492,inactive,0.353,1.936,10.225196102716561
chr5_mat_hsa6,81196492,inactive,0.3505,2.024,10.376811671809262
chr5_mat_hsa6,81200492,inactive,0.345,2.052,10.382386614328686
chr5_mat_hsa6,81204492,inactive,0.352,2.036,10.311924431210363
chr5_mat_hsa6,81208492,inactive,0.348,2.012,10.357929168248317
chr5_mat_hsa6,81212492,inactive,0.349,1.968,10.167160580881188
chr5_mat_hsa6,81216492,inactive,0.35,1.932,10.228943460223825
chr5_mat_hsa6,81220492,inactive,0.353,1.968,10.30606180486942
chr5_mat_hsa6,81224492,inactive,0.347,2.084,10.410189173143369
chr5_mat_hsa6,81228492,inactive,0.349,2.024,10.35119864964327
chr5_mat_hsa6,81232492,inactive,0.3515,2.028,10.329256917213613
chr5_mat_hsa6,81236492,inactive,0.348,1.988,10.25990004357317
chr5_mat_hsa6,81240492,inactive,0.353,1.964,10.180870442833537
chr5_mat_hsa6,81244492,inactive,0.3535,1.976,10.287418091681753
chr5_mat_hsa6,81248492,inactive,0.3525,2.076,10.422014017585486
chr5_mat_hsa6,81252492,inactive,0.3495,2.028,10.36015822248705
chr5_mat_hsa6,81256492,inactive,0.3515,2.036,10.334781759034101
chr5_mat_hsa6,81260492,inactive,0.348,2.008,10.343223872402508
chr5_mat_hsa6,81264492,inactive,0.3515,1.956,10.135340015088369
chr5_mat_hsa6,81268492,inactive,0.353,1.948,10.231793347859085
chr5_mat_hsa6,81272492,inactive,0.3515,2.0,10.36726717262308
chr5_mat_hsa6,81276492,inactive,0.347,2.052,10.40271598928899
chr5_mat_hsa6,81280492,inactive,0.3515,2.024,10.323077594375595
chr5_mat_hsa6,81284492,inactive,0.348,2.036,10.35025990106644
chr5_mat_hsa6,81288492,inactive,0.349,1.964,10.206946061170774
chr5_mat_hsa6,81292492,inactive,0.3505,1.96,10.233389031160238
chr5_mat_hsa6,81296492,inactive,0.357,1.984,10.289890377921802
chr5_mat_hsa6,81300492,inactive,0.3515,2.064,10.42183742231543
chr5_mat_hsa6,81304492,inactive,0.346,2.072,10.40960866065618
chr5_mat_hsa6,81308492,inactive,0.3485,2.044,10.35665081885477
chr5_mat_hsa6,81312492,inactive,0.351,2.024,10.30714427092543
chr5_mat_hsa6,81316492,inactive,0.3495,1.956,10.216006084275557
chr5_mat_hsa6,81320492,inactive,0.352,1.924,10.16752330234789
chr5_mat_hsa6,81324492,inactive,0.3535,1.98,10.268074974154526
chr5_mat_hsa6,81328492,inactive,0.353,2.076,10.43774095754357
chr5_mat_hsa6,81332492,inactive,0.3495,2.072,10.40857144402333
chr5_mat_hsa6,81336492,inactive,0.349,2.052,10.383886864553366
chr5_mat_hsa6,81340492,inactive,0.35,2.012,10.324560948385493
chr5_mat_hsa6,81344492,inactive,0.3485,1.964,10.260183590767548
chr5_mat_hsa6,81348492,inactive,0.354,1.956,10.20030036571682
chr5_mat_hsa6,81352492,inactive,0.3545,1.968,10.268222246988179
chr5_mat_hsa6,81356492,inactive,0.351,2.08,10.458348945468128
chr5_mat_hsa6,81360492,inactive,0.348,2.032,10.353136027285517
chr5_mat_hsa6,81364492,inactive,0.3525,2.036,10.329257277396064
chr5_mat_hsa6,81368492,inactive,0.35,2.012,10.334011642233953
chr5_mat_hsa6,81372492,inactive,0.349,1.948,10.153193631408556
chr5_mat_hsa6,81376492,inactive,0.3495,1.944,10.238538746392631
chr5_mat_hsa6,81380492,inactive,0.3525,2.008,10.352506592985097
chr5_mat_hsa6,81384492,inactive,0.3475,2.056,10.405489294494622
chr5_mat_hsa6,81388492,inactive,0.3515,2.008,10.305329279592188
chr5_mat_hsa6,81392492,inactive,0.349,2.032,10.347584869643102
chr5_mat_hsa6,81396492,inactive,0.3505,1.984,10.227878548893319
chr5_mat_hsa6,81400492,inactive,0.35,1.916,10.186209347014879
chr5_mat_hsa6,81404492,inactive,0.3555,1.972,10.295010936626452
chr5_mat_hsa6,81408492,inactive,0.349,2.096,10.433221855497365
chr5_mat_hsa6,81412492,inactive,0.3465,2.024,10.323472396030128
chr5_mat_hsa6,81416492,inactive,0.35,2.024,10.331390183909646
chr5_mat_hsa6,81420492,inactive,0.347,1.988,10.257858244951507
chr5_mat_hsa6,81424492,inactive,0.348,1.932,10.155869049830866
chr5_mat_hsa6,81428492,inactive,0.353,1.972,10.277676053054243
chr5_mat_hsa6,81432492,inactive,0.351,2.032,10.402107582114184
chr5_mat_hsa6,81436492,inactive,0.3475,2.036,10.369992581973447
chr5_mat_hsa6,81440492,inactive,0.3495,2.004,10.32578004898474
chr5_mat_hsa6,81444492,inactive,0.346,2.032,10.349674974724037
chr5_mat_hsa6,81448492,inactive,0.3505,1.964,10.160929778468493
chr5_mat_hsa6,81452492,inactive,0.362,2.068,10.421965490035953
chr5_mat_hsa6,81456492,inactive,0.3775,2.352,10.810641729229355
chr5_mat_hsa6,81460492,inactive,0.3445,2.024,10.323288855959921
chr5_mat_hsa6,81464492,inactive,0.3495,1.996,10.3555557591198
chr5_mat_hsa6,81468492,inactive,0.356,1.996,10.360204850785935
chr5_mat_hsa6,81472492,inactive,0.3545,1.972,10.262696032008211
chr5_mat_hsa6,81476492,inactive,0.3555,1.936,10.168841114149991
chr5_mat_hsa6,81480492,inactive,0.358,1.992,10.31796646099439
chr5_mat_hsa6,81484492,inactive,0.353,1.964,10.266947015528476
chr5_mat_hsa6,81488492,inactive,0.35,2.06,10.442451723345828
chr5_mat_hsa6,81492492,inactive,0.356,1.992,10.360701177532576
chr5_mat_hsa6,81496492,inactive,0.354,1.96,10.211208950537813
chr5_mat_hsa6,81500492,inactive,0.3525,2.04,10.382260368620663
chr5_mat_hsa6,81504492,inactive,0.3465,2.032,10.338963569161923
chr5_mat_hsa6,81508492,inactive,0.3535,1.948,10.339220883488728
chr5_mat_hsa6,81512492,inactive,0.35,2.004,10.337606183631939
chr5_mat_hsa6,81516492,inactive,0.356,1.932,10.19084085559044
chr5_mat_hsa6,81520492,inactive,0.359,2.032,10.366606101271593
chr5_mat_hsa6,81524492,inactive,0.359,2.012,10.335219716587481
chr5_mat_hsa6,81528492,inactive,0.3545,1.832,10.036890293311696
chr5_mat_hsa6,82636492,inactive,0.362,1.944,10.20272723662497
chr5_mat_hsa6,82640492,inactive,0.366,1.856,10.047687823662505
chr5_mat_hsa6,82644492,inactive,0.356,1.936,10.282293402066212
chr5_mat_hsa6,82648492,inactive,0.359,1.84,9.996507215762687
chr5_mat_hsa6,82652492,inactive,0.3585,1.936,10.275248357726571
chr7_mat_hsa8,80494604,inactive,0.369,1.96,10.264285042021083
chr7_mat_hsa8,80498604,inactive,0.3745,1.624,9.718002943605056
chr7_mat_hsa8,80502604,inactive,0.37,1.928,10.234134288252276
chr7_mat_hsa8,80506604,inactive,0.373,1.984,10.338765979299021
chr7_mat_hsa8,80510604,inactive,0.369,1.956,10.279321122405717
chr7_mat_hsa8,80514604,inactive,0.37,1.96,10.362033100025172
chr7_mat_hsa8,80518604,inactive,0.378,2.008,10.333118995864865
chr7_mat_hsa8,80522604,active,0.3765,1.956,10.19467259311203
chr7_mat_hsa8,80526604,active,0.385,1.976,10.259684068848955
chr7_mat_hsa8,80530604,active,0.4005,1.552,9.40869538735778
chr7_mat_hsa8,80534604,active,0.393,1.544,9.366971427778328
chr7_mat_hsa8,80538604,active,0.4015,1.596,9.428780151441053
chr7_mat_hsa8,80542604,active,0.393,1.576,9.474733352766489
chr7_mat_hsa8,80546604,active,0.3945,1.612,9.507481974256399
chr7_mat_hsa8,80550604,active,0.3935,1.704,9.67368739042125
chr7_mat_hsa8,80554604,active,0.3985,1.652,9.571682595963507
chr7_mat_hsa8,80558604,active,0.393,1.788,9.799807555335565
chr7_mat_hsa8,80562604,active,0.395,1.676,9.621422507433914
chr7_mat_hsa8,80566604,active,0.3935,1.652,9.606270431084226
chr7_mat_hsa8,80570604,active,0.393,1.68,9.598896507172634
chr7_mat_hsa8,80574604,active,0.3995,1.664,9.6188201160868
chr7_mat_hsa8,80578604,active,0.395,1.696,9.604302325313332
chr7_mat_hsa8,80582604,active,0.3955,1.672,9.643286793216907
chr7_mat_hsa8,80586604,active,0.3965,1.724,9.69176728317871
chr7_mat_hsa8,80590604,active,0.3955,1.716,9.692125519268338
chr7_mat_hsa8,80594604,active,0.3935,1.652,9.64337162208425
chr7_mat_hsa8,80598604,active,0.394,1.672,9.676228684145007
chr7_mat_hsa8,80602604,active,0.3925,1.624,9.57620587934221
chr7_mat_hsa8,80606604,active,0.395,1.764,9.701462699223592
chr7_mat_hsa8,80610604,active,0.39,1.744,9.75238428472267
chr7_mat_hsa8,80614604,active,0.3935,1.648,9.64319127718603
chr7_mat_hsa8,80618604,active,0.389,1.684,9.708459352601109
chr7_mat_hsa8,80622604,active,0.396,1.712,9.626910527561652
chr7_mat_hsa8,80626604,active,0.4025,1.704,9.58012029702525
chr7_mat_hsa8,80630604,active,0.4045,1.6,9.522674662578964
chr7_mat_hsa8,80634604,active,0.3925,1.844,9.948944935686411
chr7_mat_hsa8,80638604,active,0.3865,1.692,9.738298084763738
chr7_mat_hsa8,80642604,active,0.399,1.624,9.59520730252833
chr7_mat_hsa8,80646604,active,0.398,1.776,9.787043575317654
chr7_mat_hsa8,80650604,active,0.393,1.648,9.580681465307107
chr7_mat_hsa8,80654604,active,0.394,1.648,9.579221392139651
chr7_mat_hsa8,80658604,active,0.396,1.752,9.69676711739443
chr7_mat_hsa8,80662604,active,0.383,1.736,9.778742697356668
chr7_mat_hsa8,80666604,active,0.393,1.712,9.70797294473631
chr7_mat_hsa8,80670604,active,0.395,1.688,9.655141807163737
chr7_mat_hsa8,80674604,active,0.3955,1.724,9.671794488204277
chr7_mat_hsa8,80678604,active,0.405,1.652,9.597738837562694
chr7_mat_hsa8,80682604,active,0.399,1.728,9.789204176528859
chr7_mat_hsa8,80686604,active,0.3885,1.804,9.870454734637924
chr7_mat_hsa8,80690604,active,0.3925,1.64,9.48015481340111
chr7_mat_hsa8,80694604,active,0.392,1.664,9.52773269436296
chr7_mat_hsa8,80698604,active,0.3925,1.648,9.627963866411323
chr7_mat_hsa8,80702604,active,0.398,1.652,9.557348428214608
chr7_mat_hsa8,80706604,active,0.393,1.668,9.628327135069426
chr7_mat_hsa8,80710604,active,0.404,1.604,9.513213137714834
chr7_mat_hsa8,80714604,active,0.398,1.7,9.604688061826904
chr7_mat_hsa8,80718604,active,0.4,1.72,9.647543375194335
chr7_mat_hsa8,80722604,active,0.3915,1.56,9.384077167390972
chr7_mat_hsa8,80726604,active,0.399,1.768,9.756574197436107
chr7_mat_hsa8,80730604,active,0.4,1.692,9.630264950132274
chr7_mat_hsa8,80734604,active,0.3895,1.56,9.378703722050274
chr7_mat_hsa8,80738604,active,0.395,1.688,9.643783308521025
chr7_mat_hsa8,80742604,active,0.3975,1.696,9.665382903472782
chr7_mat_hsa8,80746604,active,0.391,1.736,9.72439509722529
chr7_mat_hsa8,80750604,active,0.3925,1.684,9.676392570249028
chr7_mat_hsa8,80754604,active,0.389,1.548,9.411051184074362
chr7_mat_hsa8,80758604,active,0.3925,1.728,9.723090453110064
chr7_mat_hsa8,80762604,active,0.3855,1.732,9.769838874090624
chr7_mat_hsa8,80766604,active,0.392,1.592,9.52500819393494
chr7_mat_hsa8,80770604,active,0.3935,1.724,9.743789196008843
chr7_mat_hsa8,80774604,active,0.3915,1.684,9.602517875099764
chr7_mat_hsa8,80778604,active,0.3885,1.684,9.622553828689174
chr7_mat_hsa8,80782604,active,0.3885,1.824,9.829548710475732
chr7_mat_hsa8,80786604,active,0.3935,1.5,9.30077424293535
chr7_mat_hsa8,80790604,active,0.3895,1.756,9.699845711568715
chr7_mat_hsa8,80794604,active,0.389,1.784,9.870618626458192
chr7_mat_hsa8,80798604,active,0.3955,1.484,9.268614751985373
chr7_mat_hsa8,80802604,active,0.397,1.392,9.074953446229058
chr7_mat_hsa8,80806604,active,0.398,1.472,9.214435708685464
chr7_mat_hsa8,80810604,active,0.3965,1.484,9.29500827407041
chr7_mat_hsa8,80814604,active,0.392,1.552,9.44596742309744
chr7_mat_hsa8,80818604,active,0.388,1.788,9.851991609495292
chr7_mat_hsa8,80822604,active,0.3895,1.568,9.502349093384641
chr7_mat_hsa8,80826604,active,0.394,1.708,9.71517583930227
chr7_mat_hsa8,80830604,active,0.395,1.44,9.189871119614155
chr7_mat_hsa8,80834604,active,0.3935,1.44,9.153204968223635
chr7_mat_hsa8,80838604,active,0.3895,1.46,9.284083644270723
chr7_mat_hsa8,80842604,active,0.3885,1.704,9.68894691225363
chr7_mat_hsa8,80846604,active,0.388,1.476,9.308090768430159
chr7_mat_hsa8,80850604,active,0.392,1.768,9.840950060972668
chr7_mat_hsa8,80854604,active,0.401,1.644,9.521301157336957
chr7_mat_hsa8,80858604,active,0.399,1.54,9.3441916453627
chr7_mat_hsa8,80862604,active,0.3915,1.48,9.22094840384738
chr7_mat_hsa8,80866604,active,0.3965,1.504,9.312078344059502
chr7_mat_hsa8,80870604,active,0.397,1.5,9.276279516641415
chr7_mat_hsa8,80874604,active,0.3985,1.484,9.247573367574107
chr7_mat_hsa8,80878604,active,0.395,1.524,9.397078332099964
chr7_mat_hsa8,80882604,active,0.3955,1.496,9.327199330549576
chr7_mat_hsa8,80886604,active,0.3925,1.508,9.33900304381148
chr7_mat_hsa8,80890604,active,0.39,1.512,9.330885340021958
chr7_mat_hsa8,80894604,active,0.393,1.504,9.276872482166816
chr7_mat_hsa8,80898604,active,0.3935,1.572,9.410193842386422
chr7_mat_hsa8,80902604,active,0.395,1.472,9.272368184359498
chr7_mat_hsa8,80906604,active,0.395,1.512,9.341562660542472
chr7_mat_hsa8,80910604,active,0.3925,1.54,9.359395881431318
chr7_mat_hsa8,80914604,active,0.4,1.52,9.328150589850953
chr7_mat_hsa8,80918604,active,0.3955,1.476,9.263608250197628
chr7_mat_hsa8,80922604,active,0.3965,1.472,9.285314525561889
chr7_mat_hsa8,80926604,active,0.3955,1.62,9.475939085688932
chr7_mat_hsa8,80930604,active,0.3995,1.472,9.23196364226432
chr7_mat_hsa8,80934604,active,0.399,1.544,9.411761748035595
chr7_mat_hsa8,80938604,active,0.3965,1.456,9.193448491737058
chr7_mat_hsa8,80942604,active,0.395,1.508,9.277669552199399
chr7_mat_hsa8,80946604,active,0.395,1.568,9.36312325982759
chr7_mat_hsa8,80950604,active,0.387,1.772,9.82753518210819
chr7_mat_hsa8,80954604,active,0.3925,1.684,9.692020300685934
chr7_mat_hsa8,80958604,active,0.396,1.78,9.785319198317927
chr7_mat_hsa8,80962604,active,0.399,1.724,9.691794700648277
chr7_mat_hsa8,80966604,active,0.4005,1.612,9.48611466229832
chr7_mat_hsa8,80970604,active,0.397,1.684,9.56833376292241
chr7_mat_hsa8,80974604,active,0.3945,1.7,9.603877098026253
chr7_mat_hsa8,80978604,active,0.3915,1.832,9.82687684740785
chr7_mat_hsa8,80982604,active,0.3825,1.804,9.870121745255355
chr7_mat_hsa8,80986604,active,0.3885,1.696,9.716603333963556
chr7_mat_hsa8,80990604,active,0.3995,1.712,9.668243627839948
chr7_mat_hsa8,80994604,active,0.399,1.796,9.828990377183368
chr7_mat_hsa8,80998604,active,0.3985,1.776,9.7917487247739
chr7_mat_hsa8,81002604,active,0.397,1.628,9.579481986141282
chr7_mat_hsa8,81006604,active,0.3945,1.8,9.835974017350242
chr7_mat_hsa8,81010604,active,0.397,1.652,9.55112376728277
chr7_mat_hsa8,81014604,active,0.3945,1.604,9.44828243466772
chr7_mat_hsa8,81018604,active,0.397,1.748,9.725457437813336
chr7_mat_hsa8,81022604,active,0.399,1.78,9.789336818297103
chr7_mat_hsa8,81026604,active,0.397,1.772,9.770433314427045
chr7_mat_hsa8,81030604,active,0.396,1.592,9.495931550013506
chr7_mat_hsa8,81034604,active,0.4025,1.608,9.518330867146243
chr7_mat_hsa8,81038604,active,0.4,1.736,9.67027921991521
chr7_mat_hsa8,81042604,active,0.4005,1.656,9.598768058169382
chr7_mat_hsa8,81046604,active,0.398,1.608,9.44303505624704
chr7_mat_hsa8,81050604,active,0.3975,1.604,9.44316882647943
chr7_mat_hsa8,81054604,active,0.395,1.712,9.637012668996647
chr7_mat_hsa8,81058604,active,0.3905,1.676,9.58731454026565
chr7_mat_hsa8,81062604,active,0.3985,1.732,9.612478723441003
chr7_mat_hsa8,81066604,active,0.395,1.832,9.869765853101665
chr7_mat_hsa8,81070604,active,0.3915,1.8,9.85688335189003
chr7_mat_hsa8,81074604,active,0.3895,1.728,9.770823509501144
chr7_mat_hsa8,81078604,active,0.3915,1.796,9.821410590154606
chr7_mat_hsa8,81082604,active,0.396,1.74,9.717402794300376
chr7_mat_hsa8,81086604,active,0.3895,1.752,9.780729877369502
chr7_mat_hsa8,81090604,active,0.3955,1.72,9.71477053749316
chr7_mat_hsa8,81094604,active,0.396,1.816,9.864185982068348
chr7_mat_hsa8,81098604,active,0.395,1.4,9.149594356578934
chr7_mat_hsa8,81102604,active,0.3945,1.64,9.526768760933138
chr7_mat_hsa8,81106604,active,0.39,1.808,9.918067775472462
chr7_mat_hsa8,81110604,active,0.3945,1.708,9.71507756552
chr7_mat_hsa8,81114604,active,0.393,1.548,9.365143095584736
chr7_mat_hsa8,81118604,active,0.395,1.404,9.116616281368632
chr7_mat_hsa8,81122604,active,0.3955,1.452,9.202765055170708
chr7_mat_hsa8,81126604,active,0.391,1.464,9.196691164740603
chr7_mat_hsa8,81130604,active,0.3925,1.768,9.794662021435668
chr7_mat_hsa8,81134604,active,0.3975,1.46,9.257569492823686
chr7_mat_hsa8,81138604,active,0.3905,1.476,9.267001668434846
chr7_mat_hsa8,81142604,active,0.3915,1.788,9.87098743422423
chr7_mat_hsa8,81146604,active,0.398,1.684,9.604572265851804
chr7_mat_hsa8,81150604,active,0.397,1.408,9.104393929494954
chr7_mat_hsa8,81154604,active,0.3925,1.432,9.169701303068477
chr7_mat_hsa8,81158604,active,0.393,1.712,9.676662014017698
chr7_mat_hsa8,81162604,active,0.3975,1.772,9.808705697190064
chr7_mat_hsa8,81166604,active,0.398,1.432,9.152367307318368
chr7_mat_hsa8,81170604,active,0.398,1.316,8.862845087125287
chr7_mat_hsa8,81174604,active,0.3955,1.468,9.268894570651867
chr7_mat_hsa8,81178604,active,0.3955,1.508,9.348540958379997
chr7_mat_hsa8,81182604,active,0.397,1.616,9.499937573906823
chr7_mat_hsa8,81186604,active,0.395,1.42,9.096182433348694
chr7_mat_hsa8,81190604,active,0.3965,1.524,9.345126152834698
chr7_mat_hsa8,81194604,active,0.3955,1.464,9.19329198785371
chr7_mat_hsa8,81198604,active,0.397,1.48,9.307999298807292
chr7_mat_hsa8,81202604,active,0.3955,1.536,9.397994237254904
chr7_mat_hsa8,81206604,active,0.3895,1.44,9.124551677606714
chr7_mat_hsa8,81210604,active,0.3965,1.544,9.382682760178257
chr7_mat_hsa8,81214604,active,0.397,1.444,9.202334373278628
chr7_mat_hsa8,81218604,active,0.392,1.448,9.253414529368902
chr7_mat_hsa8,81222604,active,0.3965,1.536,9.385966913425046
chr7_mat_hsa8,81226604,active,0.395,1.492,9.2801175657203
chr7_mat_hsa8,81230604,active,0.3955,1.468,9.221484171369063
chr7_mat_hsa8,81234604,active,0.3965,1.516,9.303691714473242
chr7_mat_hsa8,81238604,active,0.394,1.496,9.303167781699592
chr7_mat_hsa8,81242604,active,0.3965,1.432,9.164465270322202
chr7_mat_hsa8,81246604,active,0.393,1.436,9.123062010490981
chr7_mat_hsa8,81250604,active,0.395,1.468,9.18716394460037
chr7_mat_hsa8,81254604,active,0.398,1.536,9.323164356257918
chr7_mat_hsa8,81258604,active,0.3975,1.524,9.347639772961104
chr7_mat_hsa8,81262604,active,0.397,1.48,9.192932429026188
chr7_mat_hsa8,81266604,active,0.396,1.484,9.277401362151616
chr7_mat_hsa8,81270604,active,0.3935,1.516,9.313139020424549
chr7_mat_hsa8,81274604,active,0.397,1.488,9.227490504289992
chr7_mat_hsa8,81278604,active,0.3975,1.54,9.36517128133595
chr7_mat_hsa8,81282604,active,0.3985,1.424,9.211776953108968
chr7_mat_hsa8,81286604,active,0.3995,1.408,9.078037964851571
chr7_mat_hsa8,81290604,active,0.3965,1.468,9.23180575950526
chr7_mat_hsa8,81294604,active,0.4005,1.48,9.287039289560587
chr7_mat_hsa8,81298604,active,0.401,1.504,9.284260025715296
chr7_mat_hsa8,81302604,active,0.398,1.504,9.294735275370451
chr7_mat_hsa8,81306604,active,0.398,1.48,9.248498145144803
chr7_mat_hsa8,81310604,active,0.3985,1.472,9.230378542072076
chr7_mat_hsa8,81314604,active,0.3945,1.436,9.150202873524652
chr7_mat_hsa8,81318604,active,0.3975,1.496,9.301688718793011
chr7_mat_hsa8,81322604,active,0.3965,1.516,9.319585714607113
chr7_mat_hsa8,81326604,active,0.392,1.508,9.311513154637641
chr7_mat_hsa8,81330604,active,0.3975,1.38,8.995474390188487
chr7_mat_hsa8,81334604,active,0.3995,1.468,9.211667589780193
chr7_mat_hsa8,81338604,active,0.3965,1.444,9.21206701382225
chr7_mat_hsa8,81342604,active,0.403,1.524,9.287607736008553
chr7_mat_hsa8,81346604,active,0.399,1.46,9.215439737876755
chr7_mat_hsa8,81350604,active,0.401,1.484,9.252122348061471
chr7_mat_hsa8,81354604,active,0.4005,1.532,9.297390255737836
chr7_mat_hsa8,81358604,active,0.3955,1.428,9.138793137920866
chr7_mat_hsa8,81362604,active,0.3955,1.492,9.28503736299518
chr7_mat_hsa8,81366604,active,0.395,1.428,9.142413590786228
chr7_mat_hsa8,81370604,active,0.395,1.52,9.365793389553561
chr7_mat_hsa8,81374604,active,0.3955,1.528,9.3514409467142
chr7_mat_hsa8,81378604,active,0.394,1.516,9.307058075423415
chr7_mat_hsa8,81382604,active,0.3975,1.428,9.146270290945132
chr7_mat_hsa8,81386604,active,0.398,1.452,9.212333035189362
chr7_mat_hsa8,81390604,active,0.3975,1.564,9.419834217785947
chr7_mat_hsa8,81394604,active,0.3975,1.404,9.078915567042081
chr7_mat_hsa8,81398604,active,0.399,1.444,9.154276684136649
chr7_mat_hsa8,81402604,active,0.3975,1.4,9.088907582481081
chr7_mat_hsa8,81406604,active,0.398,1.572,9.398092478504417
chr7_mat_hsa8,81410604,active,0.4025,1.384,9.07150473121863
chr7_mat_hsa8,81414604,active,0.398,1.416,9.098224476775808
chr7_mat_hsa8,81418604,active,0.401,1.492,9.278103496300654
chr7_mat_hsa8,81422604,active,0.3945,1.46,9.21296516383859
chr7_mat_hsa8,81426604,active,0.3965,1.472,9.25628842547624
chr7_mat_hsa8,81430604,active,0.397,1.48,9.251401966061538
chr7_mat_hsa8,81434604,active,0.3915,1.456,9.165252947987215
chr7_mat_hsa8,81438604,active,0.3955,1.516,9.32438205074187
chr7_mat_hsa8,81442604,active,0.3915,1.544,9.29849250705423
chr7_mat_hsa8,81446604,active,0.3935,1.44,9.14924681336908
chr7_mat_hsa8,81450604,active,0.3995,1.44,9.106263221667007
chr7_mat_hsa8,81454604,active,0.3995,1.412,9.042835738758523
chr7_mat_hsa8,81458604,active,0.394,1.456,9.172595151893404
chr7_mat_hsa8,81462604,active,0.3945,1.536,9.36938853999709
chr7_mat_hsa8,81466604,active,0.397,1.592,9.469044340238954
chr7_mat_hsa8,81470604,active,0.4,1.564,9.366758308018442
chr7_mat_hsa8,81474604,active,0.4,1.392,8.997730016376991
chr7_mat_hsa8,81478604,active,0.3945,1.504,9.271463559073252
chr7_mat_hsa8,81482604,active,0.4,1.48,9.212213787914445
chr7_mat_hsa8,81486604,active,0.396,1.376,8.96904388872307
chr7_mat_hsa8,81490604,active,0.402,1.504,9.273218471476405
chr7_mat_hsa8,81494604,active,0.4015,1.5,9.255850670315805
chr7_mat_hsa8,81498604,active,0.394,1.392,9.013465440203356
chr7_mat_hsa8,81502604,active,0.4,1.536,9.341132443310485
chr7_mat_hsa8,81506604,active,0.4005,1.488,9.233707700046725
chr7_mat_hsa8,81510604,active,0.397,1.468,9.187235128562788
chr7_mat_hsa8,81514604,active,0.4015,1.436,9.106639034005566
chr7_mat_hsa8,81518604,active,0.4015,1.544,9.28594235209835
chr7_mat_hsa8,81522604,active,0.3995,1.432,9.108533698462685
chr7_mat_hsa8,81526604,active,0.3985,1.428,9.052481075204652
chr7_mat_hsa8,81530604,active,0.3975,1.42,9.083075331351026
chr7_mat_hsa8,81534604,active,0.396,1.46,9.164070447567369
chr7_mat_hsa8,81538604,active,0.393,1.432,9.13404108823078
chr7_mat_hsa8,81542604,active,0.397,1.472,9.209949574226135
chr7_mat_hsa8,81546604,active,0.396,1.44,9.175871422096394
chr7_mat_hsa8,81550604,active,0.397,1.456,9.11941240681415
chr7_mat_hsa8,81554604,active,0.3965,1.472,9.165612335722962
chr7_mat_hsa8,81558604,active,0.3955,1.492,9.243352295027751
chr7_mat_hsa8,81562604,active,0.402,1.412,9.089240764588823
chr7_mat_hsa8,81566604,active,0.3975,1.448,9.225200134549041
chr7_mat_hsa8,81570604,active,0.3965,1.436,9.162218661357882
chr7_mat_hsa8,81574604,active,0.399,1.408,9.0329231443732
chr7_mat_hsa8,81578604,active,0.3995,1.496,9.26148204378885
chr7_mat_hsa8,81582604,active,0.402,1.468,9.207748374454441
chr7_mat_hsa8,81586604,active,0.4005,1.4,9.072077952127351
chr7_mat_hsa8,81590604,active,0.3985,1.412,9.034517954914985
chr7_mat_hsa8,81594604,active,0.397,1.424,9.063886410357332
chr7_mat_hsa8,81598604,active,0.3985,1.288,8.805919475632088
chr7_mat_hsa8,81602604,active,0.3995,1.456,9.160165045026831
chr7_mat_hsa8,81606604,active,0.3995,1.436,9.19636465020489
chr7_mat_hsa8,81610604,active,0.4,1.472,9.215014046352602
chr7_mat_hsa8,81614604,active,0.3995,1.448,9.185699116092515
chr7_mat_hsa8,81618604,active,0.3965,1.352,8.946300727587076
chr7_mat_hsa8,81622604,active,0.396,1.468,9.174415535554557
chr7_mat_hsa8,81626604,active,0.3955,1.436,9.106070250557138
chr7_mat_hsa8,81630604,active,0.402,1.42,9.08696746818761
chr7_mat_hsa8,81634604,active,0.402,1.424,9.148994022668344
chr7_mat_hsa8,81638604,active,0.4005,1.44,9.10310252384407
chr7_mat_hsa8,81642604,active,0.3965,1.456,9.122376994070002
chr7_mat_hsa8,81646604,active,0.3945,1.428,9.154480205399604
chr7_mat_hsa8,81650604,active,0.399,1.376,9.0128832716124
chr7_mat_hsa8,81654604,active,0.401,1.368,9.027750254434723
chr7_mat_hsa8,81658604,active,0.3985,1.428,9.042634039084978
chr7_mat_hsa8,81662604,active,0.398,1.408,9.125127172909396
chr7_mat_hsa8,81666604,active,0.404,1.428,9.127257107846098
chr7_mat_hsa8,81670604,active,0.402,1.448,9.201033948744831
chr7_mat_hsa8,81674604,active,0.392,1.388,9.085039078871343
chr7_mat_hsa8,81678604,active,0.399,1.448,9.145251031099518
chr7_mat_hsa8,81682604,active,0.398,1.4,9.0926059352207
chr7_mat_hsa8,81686604,active,0.399,1.384,9.01958497277193
chr7_mat_hsa8,81690604,active,0.4005,1.38,8.998153227377871
chr7_mat_hsa8,81694604,active,0.401,1.384,9.041931772406182
chr7_mat_hsa8,81698604,active,0.399,1.392,9.05295865690752
chr7_mat_hsa8,81702604,active,0.399,1.424,9.118100403660238
chr7_mat_hsa8,81706604,active,0.402,1.408,9.070318209548653
chr7_mat_hsa8,81710604,active,0.4,1.364,9.023173503983262
chr7_mat_hsa8,81714604,active,0.3975,1.424,9.121835583808894
chr7_mat_hsa8,81718604,active,0.394,1.476,9.203661887632208
chr7_mat_hsa8,81722604,active,0.397,1.476,9.140286714434136
chr7_mat_hsa8,81726604,active,0.4,1.344,9.007421039666925
chr7_mat_hsa8,81730604,active,0.3955,1.372,8.98971122949658
chr7_mat_hsa8,81734604,active,0.3975,1.436,9.182010429318256
chr7_mat_hsa8,81738604,active,0.399,1.388,9.047386117673275
chr7_mat_hsa8,81742604,active,0.3955,1.408,9.058518091971948
chr7_mat_hsa8,81746604,active,0.3975,1.38,8.952394104526155
chr7_mat_hsa8,81750604,active,0.394,1.348,8.852825931867994
chr7_mat_hsa8,81754604,active,0.3965,1.428,9.069138074165037
chr7_mat_hsa8,81758604,active,0.3995,1.404,9.13662765819425
chr7_mat_hsa8,81762604,active,0.399,1.428,9.11964474022942
chr7_mat_hsa8,81766604,active,0.3985,1.376,9.034653730424157
chr7_mat_hsa8,81770604,active,0.401,1.308,8.923577182168266
chr7_mat_hsa8,81774604,active,0.397,1.452,9.122741870915169
chr7_mat_hsa8,81778604,active,0.3945,1.476,9.194388205374153
chr7_mat_hsa8,81782604,active,0.395,1.472,9.183322319066804
chr7_mat_hsa8,81786604,active,0.397,1.408,9.069130316377901
chr7_mat_hsa8,81790604,active,0.3935,1.48,9.188890671252315
chr7_mat_hsa8,81794604,active,0.395,1.416,9.086775777615049
chr7_mat_hsa8,81798604,active,0.396,1.448,9.17989466371473
chr7_mat_hsa8,81802604,active,0.3965,1.348,8.915185291125278
chr7_mat_hsa8,81806604,active,0.395,1.38,8.961779328563328
chr7_mat_hsa8,81810604,active,0.3965,1.36,8.898542368774143
chr7_mat_hsa8,81814604,active,0.3975,1.26,8.766216796491117
chr7_mat_hsa8,81818604,active,0.4,1.452,9.191823369386915
chr7_mat_hsa8,81822604,active,0.399,1.46,9.17212538369241
chr7_mat_hsa8,81826604,active,0.3985,1.28,8.83089089382688
chr7_mat_hsa8,81830604,active,0.3995,1.424,9.140779021589283
chr7_mat_hsa8,81834604,active,0.4,1.468,9.207003333159458
chr7_mat_hsa8,81838604,active,0.4005,1.472,9.150916403346478
chr7_mat_hsa8,81842604,active,0.3965,1.404,9.039585593315161
chr7_mat_hsa8,81846604,active,0.4,1.372,8.979029591056182
chr7_mat_hsa8,81850604,active,0.3965,1.412,9.09675685590202
chr7_mat_hsa8,81854604,active,0.403,1.46,9.197408921831794
chr7_mat_hsa8,81858604,active,0.3985,1.348,8.934462646339236
chr7_mat_hsa8,81862604,active,0.4005,1.324,8.90558988220462
chr7_mat_hsa8,81866604,active,0.4,1.348,8.96175889050839
chr7_mat_hsa8,81870604,active,0.3975,1.416,9.105705678179664
chr7_mat_hsa8,81874604,active,0.3975,1.408,9.060947971043099
chr7_mat_hsa8,81878604,active,0.3955,1.44,9.122100114447651
chr7_mat_hsa8,81882604,active,0.3975,1.44,9.104326497242411
chr7_mat_hsa8,81886604,active,0.4005,1.376,9.001111172219508
chr7_mat_hsa8,81890604,active,0.398,1.452,9.124049448358265
chr7_mat_hsa8,81894604,active,0.404,1.48,9.218826363387052
chr7_mat_hsa8,81898604,active,0.399,1.336,8.922445125164103
chr7_mat_hsa8,81902604,active,0.3995,1.32,8.897384007697566
chr7_mat_hsa8,81906604,active,0.399,1.428,9.12194360484804
chr7_mat_hsa8,81910604,active,0.3995,1.36,8.967604863781458
chr7_mat_hsa8,81914604,active,0.399,1.42,9.071456793162872
chr7_mat_hsa8,81918604,active,0.4005,1.4,9.080311609579596
chr7_mat_hsa8,81922604,active,0.399,1.416,9.087431360280203
chr7_mat_hsa8,81926604,active,0.401,1.372,8.954675761087449
chr7_mat_hsa8,81930604,active,0.3945,1.436,9.113910077131306
chr7_mat_hsa8,81934604,active,0.3945,1.428,9.089726995535475
chr7_mat_hsa8,81938604,active,0.401,1.396,9.036680289468116
chr7_mat_hsa8,81942604,active,0.3955,1.476,9.172503628214413
chr7_mat_hsa8,81946604,active,0.397,1.464,9.189274972752315
chr7_mat_hsa8,81950604,active,0.4005,1.356,8.992402431053474
chr7_mat_hsa8,81954604,active,0.3995,1.32,8.850666524926483
chr7_mat_hsa8,81958604,active,0.399,1.328,8.928118314649346
chr7_mat_hsa8,81962604,active,0.4005,1.308,8.924332417491396
chr7_mat_hsa8,81966604,active,0.4005,1.344,8.972986236029508
chr7_mat_hsa8,81970604,active,0.3975,1.344,9.01806500517849
chr7_mat_hsa8,81974604,active,0.4015,1.404,8.996016133815546
chr7_mat_hsa8,81978604,active,0.4015,1.48,9.21598151403655
chr7_mat_hsa8,81982604,active,0.4,1.408,9.083978991577025
chr7_mat_hsa8,81986604,active,0.396,1.428,9.125835926290668
chr7_mat_hsa8,81990604,active,0.401,1.412,9.103808644628753
chr7_mat_hsa8,81994604,active,0.3995,1.408,9.116875654605323
chr7_mat_hsa8,81998604,active,0.401,1.408,9.097145454221586
chr7_mat_hsa8,82002604,active,0.401,1.42,9.124894191074162
chr7_mat_hsa8,82006604,active,0.4,1.396,9.062586340289766
chr7_mat_hsa8,82010604,active,0.396,1.436,9.146962099771725
chr7_mat_hsa8,82014604,active,0.3985,1.448,9.12033466935716
chr7_mat_hsa8,82018604,active,0.4025,1.412,9.088579908611347
chr7_mat_hsa8,82022604,active,0.4005,1.4,9.07039292734216
chr7_mat_hsa8,82026604,active,0.4025,1.396,9.086194356205489
chr7_mat_hsa8,82030604,active,0.3965,1.452,9.143936878706496
chr7_mat_hsa8,82034604,active,0.399,1.396,9.051414657338755
chr7_mat_hsa8,82038604,active,0.395,1.464,9.103751433220893
chr7_mat_hsa8,82042604,active,0.4005,1.416,9.11413567145275
chr7_mat_hsa8,82046604,active,0.3945,1.472,9.19769599714101
chr7_mat_hsa8,82050604,active,0.3985,1.464,9.16892010638956
chr7_mat_hsa8,82054604,active,0.4005,1.444,9.113023709786809
chr7_mat_hsa8,82058604,active,0.4,1.444,9.14103415372111
chr7_mat_hsa8,82062604,active,0.4015,1.396,9.057830172991093
chr7_mat_hsa8,82066604,active,0.406,1.324,8.91101691977307
chr7_mat_hsa8,82070604,active,0.404,1.404,9.119456026950072
chr7_mat_hsa8,82074604,active,0.397,1.424,9.102829253209126
chr7_mat_hsa8,82078604,active,0.4035,1.368,8.979205138311652
chr7_mat_hsa8,82082604,active,0.4085,1.4,9.128358748568493
chr7_mat_hsa8,82086604,active,0.398,1.416,9.10508843267036
chr7_mat_hsa8,82090604,active,0.4025,1.46,9.1806403639436
chr7_mat_hsa8,82094604,active,0.4025,1.408,9.044533395471634
chr7_mat_hsa8,82098604,active,0.4025,1.424,9.0690384540398
chr7_mat_hsa8,82102604,active,0.399,1.508,9.25928147613449
chr7_mat_hsa8,82106604,active,0.4005,1.544,9.38609646407592
chr7_mat_hsa8,82110604,active,0.402,1.544,9.333277467377698
chr7_mat_hsa8,82114604,active,0.3955,1.388,9.00125249421154
chr7_mat_hsa8,82118604,active,0.4025,1.448,9.19083623764595
chr7_mat_hsa8,82122604,active,0.399,1.408,9.056041503196052
chr7_mat_hsa8,82126604,active,0.4005,1.548,9.380242471171663
chr7_mat_hsa8,82130604,active,0.4015,1.44,9.108257859056952
chr7_mat_hsa8,82134604,active,0.4015,1.452,9.153428796670383
chr7_mat_hsa8,82138604,active,0.4035,1.368,8.987456235425425
chr7_mat_hsa8,82142604,active,0.402,1.46,9.165858685658158
chr7_mat_hsa8,82146604,active,0.4035,1.376,8.94668329002892
chr7_mat_hsa8,82150604,active,0.4,1.576,9.4488856361005
chr7_mat_hsa8,82154604,active,0.3995,1.436,9.16081461499623
chr7_mat_hsa8,82158604,active,0.401,1.556,9.3772396350075
chr7_mat_hsa8,82162604,active,0.399,1.492,9.309029183641027
chr7_mat_hsa8,82166604,active,0.402,1.504,9.229984481882676
chr7_mat_hsa8,82170604,active,0.3995,1.568,9.456818028228922
chr7_mat_hsa8,82174604,active,0.402,1.504,9.229747896353127
chr7_mat_hsa8,82178604,active,0.404,1.552,9.384732389873655
chr7_mat_hsa8,82182604,active,0.4015,1.448,9.139070372009394
chr7_mat_hsa8,82186604,active,0.397,1.484,9.249670147491837
chr7_mat_hsa8,82190604,active,0.3955,1.488,9.236882087479998
chr7_mat_hsa8,82194604,active,0.4,1.456,9.111365588235557
chr7_mat_hsa8,82198604,active,0.405,1.408,9.122599830640002
chr7_mat_hsa8,82202604,active,0.395,1.508,9.257329655984307
chr7_mat_hsa8,82206604,active,0.3965,1.472,9.174152994385473
chr7_mat_hsa8,82210604,active,0.3975,1.464,9.092372571679647
chr7_mat_hsa8,82214604,active,0.3965,1.488,9.293189455870905
chr7_mat_hsa8,82218604,active,0.403,1.488,9.2767381683776
chr7_mat_hsa8,82222604,active,0.4015,1.436,9.10813286664669
chr7_mat_hsa8,82226604,active,0.404,1.428,9.116236684787449
chr7_mat_hsa8,82230604,active,0.404,1.496,9.228908272794632
chr7_mat_hsa8,82234604,active,0.3995,1.448,9.07045843560929
chr7_mat_hsa8,82238604,active,0.4,1.492,9.192072223027413
chr7_mat_hsa8,82242604,active,0.3975,1.372,8.998725533224837
chr7_mat_hsa8,82246604,active,0.4035,1.44,9.122483778537127
chr7_mat_hsa8,82250604,active,0.401,1.44,9.187066745649183
chr7_mat_hsa8,82254604,active,0.396,1.472,9.150121484524616
chr7_mat_hsa8,82258604,active,0.4015,1.396,8.987115482539487
chr7_mat_hsa8,82262604,active,0.4035,1.444,9.185498816818022
chr7_mat_hsa8,82266604,active,0.405,1.38,9.03364528289698
chr7_mat_hsa8,82270604,active,0.4,1.516,9.298195642181529
chr7_mat_hsa8,82274604,active,0.4025,1.412,9.036639662432448
chr7_mat_hsa8,82278604,active,0.403,1.464,9.121761969744728
chr7_mat_hsa8,82282604,active,0.4,1.552,9.366882323191646
chr7_mat_hsa8,82286604,active,0.403,1.476,9.23945639713049
chr7_mat_hsa8,82290604,active,0.3995,1.424,9.111887046202185
chr7_mat_hsa8,82294604,active,0.394,1.524,9.279166524297738
chr7_mat_hsa8,82298604,active,0.3995,1.38,8.970731684672067
chr7_mat_hsa8,82302604,active,0.396,1.424,9.052456242313017
chr7_mat_hsa8,82306604,active,0.3995,1.4,9.04688114002422
chr7_mat_hsa8,82310604,active,0.404,1.356,8.952707432144559
chr7_mat_hsa8,82314604,active,0.3985,1.548,9.377741793474117
chr7_mat_hsa8,82318604,active,0.402,1.444,9.091932771013498
chr7_mat_hsa8,82322604,active,0.3945,1.488,9.209516982184098
chr7_mat_hsa8,82326604,active,0.4005,1.344,8.869039478449293
chr7_mat_hsa8,82330604,active,0.3945,1.524,9.311745997803769
chr7_mat_hsa8,82334604,active,0.398,1.372,8.94796815502315
chr7_mat_hsa8,82338604,active,0.396,1.364,8.957111557342039
chr7_mat_hsa8,82342604,active,0.4,1.48,9.189712194556785
chr7_mat_hsa8,82346604,active,0.398,1.404,9.04509709427534
chr7_mat_hsa8,82350604,active,0.4005,1.388,8.975537294158906
chr7_mat_hsa8,82354604,active,0.403,1.364,8.981066954722372
chr7_mat_hsa8,82358604,active,0.4,1.56,9.389281711846156
chr7_mat_hsa8,82362604,active,0.4005,1.408,9.04054700402115
chr7_mat_hsa8,82366604,active,0.3955,1.432,9.076537385424416
chr7_mat_hsa8,82370604,active,0.3985,1.336,8.876619527322166
chr7_mat_hsa8,82374604,active,0.4035,1.416,9.145398533565736
chr7_mat_hsa8,82378604,active,0.401,1.416,9.118196066048023
chr7_mat_hsa8,82382604,active,0.399,1.452,9.14343588769302
chr7_mat_hsa8,82386604,active,0.4,1.572,9.41463764494335
chr7_mat_hsa8,82390604,active,0.397,1.724,9.687898758045685
chr7_mat_hsa8,82394604,active,0.394,1.736,9.729661736896833
chr7_mat_hsa8,82398604,active,0.3945,1.744,9.754741374149214
chr7_mat_hsa8,82402604,active,0.3955,1.768,9.763822314608724
chr7_mat_hsa8,82406604,active,0.394,1.672,9.618040685282596
chr7_mat_hsa8,82410604,active,0.393,1.656,9.521866042714285
chr7_mat_hsa8,82414604,active,0.392,1.772,9.716389373977067
chr7_mat_hsa8,82418604,active,0.3895,1.668,9.59229964902911
chr7_mat_hsa8,82422604,active,0.389,1.68,9.574989973914992
chr7_mat_hsa8,82426604,active,0.395,1.708,9.72768705222453
chr7_mat_hsa8,82430604,active,0.391,1.7,9.700409306740887
chr7_mat_hsa8,82434604,active,0.401,1.696,9.630909240756084
chr7_mat_hsa8,82438604,active,0.3985,1.628,9.572996638585703
chr7_mat_hsa8,82442604,active,0.3995,1.752,9.757940266824368
chr7_mat_hsa8,82446604,active,0.394,1.58,9.385504405924442
chr7_mat_hsa8,82450604,active,0.3925,1.692,9.53771244948894
chr7_mat_hsa8,82454604,active,0.3915,1.612,9.431850616213222
chr7_mat_hsa8,82458604,active,0.39,1.712,9.657467292071981
chr7_mat_hsa8,82462604,active,0.3915,1.644,9.579478159275
chr7_mat_hsa8,82466604,active,0.392,1.752,9.763931219416685
chr7_mat_hsa8,82470604,active,0.3975,1.656,9.609351318772863
chr7_mat_hsa8,82474604,active,0.3995,1.732,9.704383077272857
chr7_mat_hsa8,82478604,active,0.395,1.668,9.595339280069526
chr7_mat_hsa8,82482604,active,0.395,1.716,9.633094418731117
chr7_mat_hsa8,82486604,active,0.394,1.62,9.600964406242278
chr7_mat_hsa8,82490604,active,0.3955,1.592,9.45081841287855
chr7_mat_hsa8,82494604,active,0.393,1.728,9.596401897885627
chr7_mat_hsa8,82498604,active,0.395,1.66,9.544636016441984
chr7_mat_hsa8,82502604,active,0.3925,1.628,9.516049580435137
chr7_mat_hsa8,82506604,active,0.3925,1.676,9.62761095155078
chr7_mat_hsa8,82510604,active,0.3905,1.604,9.553535897354651
chr7_mat_hsa8,82514604,active,0.3965,1.552,9.384295168069198
chr7_mat_hsa8,82518604,active,0.39,1.684,9.589885649027908
chr7_mat_hsa8,82522604,active,0.3985,1.656,9.598100236291545
chr7_mat_hsa8,82526604,active,0.394,1.632,9.526503066792674
chr7_mat_hsa8,82530604,active,0.391,1.628,9.510018715032704
chr7_mat_hsa8,82534604,active,0.397,1.856,9.986484887559072
chr7_mat_hsa8,82538604,active,0.3945,2.388,10.821982646330012
chr7_mat_hsa8,82542604,active,0.396,1.816,9.940118996487591
chr7_mat_hsa8,82546604,active,0.387,2.464,10.933256888080336
chr7_mat_hsa8,82550604,active,0.403,1.716,9.739687765855537
chr7_mat_hsa8,82554604,active,0.398,1.724,9.606818586155503
chr7_mat_hsa8,82558604,active,0.3925,1.824,9.921054054504076
chr7_mat_hsa8,82562604,active,0.396,1.788,9.843717657950227
chr7_mat_hsa8,82566604,active,0.3985,1.848,9.990986146219146
chr7_mat_hsa8,82570604,active,0.3985,1.852,9.944512124337638
chr7_mat_hsa8,82574604,active,0.3975,1.852,9.931494533367234
chr7_mat_hsa8,82578604,active,0.3895,1.78,9.811314729292699
chr7_mat_hsa8,82582604,active,0.3955,1.856,9.999063195733415
chr7_mat_hsa8,82586604,active,0.4005,1.716,9.68521603464083
chr7_mat_hsa8,82590604,active,0.398,2.076,10.245187671099785
chr7_mat_hsa8,82594604,active,0.3965,1.996,10.098047709072281
chr7_mat_hsa8,82598604,active,0.392,1.768,9.803006442294473
chr7_mat_hsa8,82602604,active,0.4015,1.852,10.005370226109518
chr7_mat_hsa8,82606604,active,0.3985,1.716,9.677036807239872
chr7_mat_hsa8,82610604,active,0.4085,1.752,9.722013470024105
chr7_mat_hsa8,82614604,active,0.4005,1.864,9.97364909188446
chr7_mat_hsa8,82618604,active,0.402,1.956,10.080116214401137
chr7_mat_hsa8,82622604,active,0.39,1.98,10.138781690911824
chr7_mat_hsa8,82626604,active,0.3945,1.78,9.876147327677714
chr7_mat_hsa8,82630604,active,0.392,1.804,9.859483622896322
chr7_mat_hsa8,82634604,active,0.394,1.844,9.925301946906966
chr7_mat_hsa8,82638604,active,0.391,1.716,9.740247838206097
chr7_mat_hsa8,82642604,active,0.3995,1.912,10.102107389018961
chr7_mat_hsa8,82646604,active,0.3895,1.76,9.727715107104636
chr7_mat_hsa8,82650604,active,0.393,1.792,9.850439138230806
chr7_mat_hsa8,82654604,active,0.3935,1.956,10.08984709436327
chr7_mat_hsa8,82658604,active,0.3855,1.84,9.917505609597573
chr7_mat_hsa8,82662604,active,0.387,1.824,9.902026669962218
chr7_mat_hsa8,82666604,active,0.401,1.684,9.69912668162806
chr7_mat_hsa8,82670604,active,0.3915,1.752,9.740326431205698
chr7_mat_hsa8,82674604,active,0.3885,1.788,9.909339827111586
chr7_mat_hsa8,82678604,active,0.395,1.9,9.997071441672874
chr7_mat_hsa8,82682604,active,0.402,1.844,9.975597073735846
chr7_mat_hsa8,82686604,active,0.3915,1.86,9.984537358512208
chr7_mat_hsa8,82690604,active,0.4015,1.828,9.957456083355034
chr7_mat_hsa8,82694604,active,0.396,1.816,9.905044225862426
chr7_mat_hsa8,82698604,active,0.3925,1.796,9.766870792911295
chr7_mat_hsa8,82702604,active,0.393,1.6,9.551823536712678
chr7_mat_hsa8,82706604,active,0.398,1.876,10.043965098100522
chr7_mat_hsa8,82710604,active,0.3945,1.76,9.680822514075519
chr7_mat_hsa8,82714604,active,0.396,1.844,9.917248023758907
chr7_mat_hsa8,82718604,active,0.3955,1.892,9.995133316849186
chr7_mat_hsa8,82722604,active,0.394,1.816,9.901896154251133
chr7_mat_hsa8,82726604,active,0.3945,1.844,10.004867037517101
chr7_mat_hsa8,82730604,active,0.3985,1.908,10.0978441337532
chr7_mat_hsa8,82734604,active,0.391,1.824,9.97075264747216
chr7_mat_hsa8,82738604,active,0.3915,1.72,9.70362613542433
chr7_mat_hsa8,82742604,active,0.3985,1.864,9.933196170999734
chr7_mat_hsa8,82746604,active,0.4015,1.84,9.920997944743897
chr7_mat_hsa8,82750604,active,0.4015,1.756,9.73353093197319
chr7_mat_hsa8,82754604,active,0.399,1.832,9.945555093903868
chr7_mat_hsa8,82758604,active,0.396,1.832,9.9278439820959
chr7_mat_hsa8,82762604,active,0.3985,1.824,9.917703509221344
chr7_mat_hsa8,82766604,active,0.3945,1.892,9.972913248683364
chr7_mat_hsa8,82770604,active,0.3965,1.804,9.829533990739689
chr7_mat_hsa8,82774604,active,0.3985,1.924,10.114713752073364
chr7_mat_hsa8,82778604,active,0.39,1.876,10.01021291331508
chr7_mat_hsa8,82782604,active,0.3915,1.848,9.93017790616713
chr7_mat_hsa8,82786604,active,0.4015,1.784,9.866564408381334
chr7_mat_hsa8,82790604,active,0.3935,1.836,9.907989823802302
chr7_mat_hsa8,82794604,active,0.4,1.812,9.852213698883862
chr7_mat_hsa8,82798604,active,0.4065,1.836,9.96991044505196
chr7_mat_hsa8,82802604,active,0.403,1.736,9.710107584591782
chr7_mat_hsa8,82806604,active,0.4035,1.776,9.795963476095196
chr7_mat_hsa8,82810604,active,0.4025,1.868,10.014125978938921
chr7_mat_hsa8,82814604,active,0.4035,1.84,9.96680376346484
chr7_mat_hsa8,82818604,active,0.396,1.812,9.958104894393548
chr7_mat_hsa8,82822604,active,0.4,1.852,9.93404717276531
chr22_mat_hsa21,11868824,active,0.377,2.036,10.236886406139842
chr22_mat_hsa21,11872824,active,0.37,1.956,10.242708960434516
chr22_mat_hsa21,11876824,active,0.373,1.94,10.168060525560326
chr22_mat_hsa21,11880824,active,0.3795,1.94,10.065907737904043
chr22_mat_hsa21,11884824,active,0.3775,1.892,10.03279424207383
chr22_mat_hsa21,11888824,active,0.3655,1.84,10.0511509136105
chr22_mat_hsa21,11892824,active,0.3645,1.912,10.121372511159556
chr22_mat_hsa21,11896824,active,0.374,1.912,10.021197776521076
chr22_mat_hsa21,11900824,active,0.391,2.452,10.95654266517965
chr22_mat_hsa21,11904824,active,0.3645,1.76,9.86551815342402
chr22_mat_hsa21,11908824,active,0.368,1.796,9.82007103026983
chr22_mat_hsa21,11912824,active,0.3695,1.832,9.937019341106444
chr22_mat_hsa21,11916824,active,0.359,1.716,9.843973321889496
chr22_mat_hsa21,11920824,active,0.361,1.696,9.80490978376823
chr22_mat_hsa21,11924824,active,0.3615,1.724,9.817309299093532
chr22_mat_hsa21,11928824,active,0.3655,1.856,9.99098595766164
chr22_mat_hsa21,11932824,active,0.3595,1.796,9.908743243785468
chr22_mat_hsa21,11936824,active,0.3675,1.836,9.987298292085494
chr22_mat_hsa21,11940824,active,0.3615,1.84,10.007779126928133
chr22_mat_hsa21,11944824,active,0.3655,1.672,9.523776953417638
chr22_mat_hsa21,11948824,active,0.3705,1.896,10.064025008191928
chr22_mat_hsa21,11952824,active,0.3605,1.932,10.10348292688748
chr22_mat_hsa21,11956824,active,0.382,1.584,9.538637993792834
chr22_mat_hsa21,11960824,active,0.381,1.888,10.00798457372504
chr22_mat_hsa21,11964824,active,0.3575,1.768,9.79156983694577
chr22_mat_hsa21,11968824,active,0.367,1.692,9.625415255680288
chr22_mat_hsa21,11972824,active,0.3665,1.868,10.033277371812321
chr22_mat_hsa21,11976824,active,0.3665,1.812,9.834445873394237
chr22_mat_hsa21,11980824,active,0.3615,1.9,10.050469916781001
chr22_mat_hsa21,11984824,active,0.3585,1.768,9.799668633950578
chr22_mat_hsa21,11988824,active,0.358,1.724,9.686750690291941
chr22_mat_hsa21,11992824,active,0.357,1.684,9.684789344931428
chr22_mat_hsa21,11996824,active,0.355,1.46,9.335937649788663
chr22_mat_hsa21,12000824,active,0.3645,1.748,9.774379855454754
chr22_mat_hsa21,12004824,active,0.3605,1.804,9.881005305415789
chr22_mat_hsa21,12008824,active,0.37,1.9,10.071410367996965
chr22_mat_hsa21,12012824,active,0.3675,1.868,9.99802685965795
chr22_mat_hsa21,12016824,active,0.3655,1.772,9.852391893527676
chr22_mat_hsa21,12020824,active,0.367,1.892,9.942567109303143
chr22_mat_hsa21,12024824,active,0.3665,1.896,9.980073490792877
chr22_mat_hsa21,12028824,active,0.362,1.784,9.845447826132395
chr22_mat_hsa21,12032824,active,0.365,1.816,9.843622302111854
chr22_mat_hsa21,12036824,active,0.3595,1.776,9.787899227776805
chr22_mat_hsa21,12040824,active,0.359,1.828,9.94622517521487
chr22_mat_hsa21,12044824,active,0.3595,1.78,9.79944505019916
chr22_mat_hsa21,12048824,active,0.3625,1.608,9.612956076788855
chr22_mat_hsa21,12052824,active,0.353,1.644,9.630410036971563
chr22_mat_hsa21,12056824,active,0.3555,1.756,9.695524613564984
chr22_mat_hsa21,12060824,active,0.3545,1.704,9.696276908887691
chr22_mat_hsa21,12064824,active,0.3665,1.816,9.902544216559713
chr22_mat_hsa21,12068824,active,0.3625,1.844,9.92306082032058
chr22_mat_hsa21,12072824,active,0.3615,1.828,9.882312313018733
chr22_mat_hsa21,12076824,active,0.3695,1.772,9.790908028889103
chr22_mat_hsa21,12080824,active,0.359,1.92,10.099911561320999
chr22_mat_hsa21,12084824,active,0.364,1.728,9.699205444704134
chr22_mat_hsa21,12088824,active,0.364,1.596,9.489371362445807
chr22_mat_hsa21,12092824,active,0.36,1.796,9.810960137228097
chr22_mat_hsa21,12096824,active,0.364,1.708,9.71953848633824
chr22_mat_hsa21,12100824,active,0.3675,1.844,9.89324980550434
chr22_mat_hsa21,12104824,active,0.371,1.796,9.834082991735126
chr22_mat_hsa21,12108824,active,0.3715,1.872,9.928973213994555
chr22_mat_hsa21,12112824,active,0.368,1.732,9.735003807885159
chr22_mat_hsa21,12116824,active,0.366,1.78,9.783502024197483
chr22_mat_hsa21,12120824,active,0.3775,1.836,9.950233977959792
chr22_mat_hsa21,12124824,active,0.3735,1.88,10.06290027155436
chr22_mat_hsa21,12128824,active,0.3725,1.844,9.923814156393082
chr22_mat_hsa21,12132824,active,0.3695,1.904,9.991329196787158
chr22_mat_hsa21,12136824,active,0.362,1.708,9.633462268109472
chr22_mat_hsa21,12140824,active,0.359,1.584,9.4315471309829
chr22_mat_hsa21,12144824,active,0.366,1.82,9.876002557423972
chr22_mat_hsa21,12148824,active,0.369,1.828,9.793787156962727
chr22_mat_hsa21,12152824,active,0.37,1.84,9.944100868056625
chr22_mat_hsa21,12156824,active,0.3645,1.864,9.972944281812937
chr22_mat_hsa21,12160824,active,0.3675,1.876,10.036816441816955
chr22_mat_hsa21,12164824,active,0.363,1.688,9.603793867999407
chr22_mat_hsa21,12168824,active,0.368,1.864,9.972029872569328
chr22_mat_hsa21,12172824,active,0.365,1.664,9.595845746196058
chr22_mat_hsa21,12176824,active,0.3765,1.884,10.002523942701792
chr22_mat_hsa21,12180824,active,0.3645,1.756,9.696217045331595
chr22_mat_hsa21,12184824,active,0.3595,1.764,9.743287329562085
chr22_mat_hsa21,12188824,active,0.3655,1.736,9.613991608952876
chr22_mat_hsa21,12192824,active,0.3665,1.808,9.868303341827612
chr22_mat_hsa21,12196824,active,0.359,1.576,9.454765088835005
chr22_mat_hsa21,12200824,active,0.366,1.716,9.747080944709609
chr22_mat_hsa21,12204824,active,0.372,1.916,10.078142348432058
chr22_mat_hsa21,12208824,active,0.3725,1.808,9.880302374086831
chr22_mat_hsa21,12212824,active,0.3715,1.62,9.483907902149317
chr22_mat_hsa21,12216824,active,0.3745,1.852,9.912740278819541
chr22_mat_hsa21,12220824,active,0.368,1.672,9.64961087428398
chr22_mat_hsa21,12224824,active,0.3555,1.588,9.417462042132472
chr22_mat_hsa21,12228824,active,0.3635,1.72,9.674440334734847
chr22_mat_hsa21,12232824,active,0.373,1.8,9.895102448666107
chr22_mat_hsa21,12236824,active,0.372,1.68,9.685349085464553
chr22_mat_hsa21,12240824,active,0.3685,1.672,9.65311191534516
chr22_mat_hsa21,12244824,active,0.3645,1.84,9.914764987909045
chr22_mat_hsa21,12248824,active,0.3715,1.832,9.879620687766607
chr22_mat_hsa21,12252824,active,0.373,1.868,9.962222653324398
chr22_mat_hsa21,12256824,active,0.3685,1.748,9.694625354805382
chr22_mat_hsa21,12260824,active,0.37,1.844,9.963702595832038
chr22_mat_hsa21,12264824,active,0.368,1.664,9.552461719344661
chr22_mat_hsa21,12268824,active,0.3665,1.804,9.901957690251338
chr22_mat_hsa21,12272824,active,0.372,1.7,9.733638403680207
chr22_mat_hsa21,12276824,active,0.3775,1.82,9.889422032984944
chr22_mat_hsa21,12280824,active,0.376,1.8,9.832298473951145
chr22_mat_hsa21,12284824,active,0.3725,1.76,9.76371821652337
chr22_mat_hsa21,12288824,active,0.372,1.728,9.762654962955287
chr22_mat_hsa21,12292824,active,0.3725,1.784,9.766463114041299
chr22_mat_hsa21,12296824,active,0.3635,1.644,9.445074859090482
chr22_mat_hsa21,12300824,active,0.371,1.9,10.05884246975805
chr22_mat_hsa21,12304824,active,0.373,1.796,9.81242293406571
chr22_mat_hsa21,12308824,active,0.3725,1.792,9.85587805370405
chr22_mat_hsa21,12312824,active,0.3685,1.728,9.711974547509632
chr22_mat_hsa21,12316824,active,0.371,1.888,9.980415843644753
chr22_mat_hsa21,12320824,active,0.3685,1.76,9.795411774745062
chr22_mat_hsa21,12324824,active,0.3675,1.76,9.752645613881032
chr22_mat_hsa21,12328824,active,0.3685,1.788,9.830018903649469
chr22_mat_hsa21,12332824,active,0.365,1.632,9.50492606425897
chr22_mat_hsa21,12336824,active,0.3745,1.828,9.909425563352828
chr22_mat_hsa21,12340824,active,0.368,1.752,9.760764407885695
chr22_mat_hsa21,12344824,active,0.3625,1.704,9.69037445423949
chr22_mat_hsa21,12348824,active,0.3775,1.868,10.013425307043054
chr22_mat_hsa21,12352824,active,0.3755,1.916,10.074199766098102
chr22_mat_hsa21,12356824,active,0.37,1.804,9.883047186991833
chr22_mat_hsa21,12360824,active,0.3705,1.788,9.81913005003276
chr22_mat_hsa21,12364824,active,0.375,1.784,9.84311335903748
chr22_mat_hsa21,12368824,active,0.3755,1.752,9.805855869860421
chr22_mat_hsa21,12372824,active,0.3645,1.612,9.48547353693287
chr22_mat_hsa21,12376824,active,0.377,1.728,9.752954569523466
chr22_mat_hsa21,12380824,active,0.364,1.784,9.876833086520154
chr22_mat_hsa21,12384824,active,0.3695,1.76,9.788509706419442
chr22_mat_hsa21,12388824,active,0.3745,1.78,9.81383733672977
chr22_mat_hsa21,12392824,active,0.3685,1.652,9.590129583653239
chr22_mat_hsa21,12396824,active,0.361,1.636,9.557178488491896
chr22_mat_hsa21,12400824,active,0.3665,1.668,9.633925633518725
chr22_mat_hsa21,12404824,active,0.3685,1.948,10.080860978891073
chr22_mat_hsa21,12408824,active,0.3745,1.816,9.892891436995088
chr22_mat_hsa21,12412824,active,0.3685,1.76,9.758457746807839
chr22_mat_hsa21,12416824,active,0.3595,1.252,8.878635415584899
chr22_mat_hsa21,12420824,active,0.3705,1.852,9.929037098690618
chr22_mat_hsa21,12424824,active,0.37,1.912,10.069845906382826
chr22_mat_hsa21,12428824,active,0.368,1.728,9.718823619841134
chr22_mat_hsa21,12432824,active,0.371,1.764,9.753097039954431
chr22_mat_hsa21,12436824,active,0.3725,1.796,9.774615755657004
chr22_mat_hsa21,12440824,active,0.3715,1.832,9.854344483508099
chr22_mat_hsa21,12444824,active,0.379,1.816,9.832344720967344
chr22_mat_hsa21,12448824,active,0.3685,1.648,9.506479610354605
chr22_mat_hsa21,12452824,active,0.367,1.632,9.463874113606133
chr22_mat_hsa21,12456824,active,0.369,1.808,9.896371367019956
chr22_mat_hsa21,12460824,active,0.366,1.884,9.966945796475217
chr22_mat_hsa21,12464824,active,0.3715,1.852,9.962552967909849
chr22_mat_hsa21,12468824,active,0.357,1.504,9.229548745940722
chr22_mat_hsa21,12472824,active,0.3695,1.816,9.831327124219372
chr22_mat_hsa21,12476824,active,0.3675,1.824,9.973532104042649
chr22_mat_hsa21,12480824,active,0.3685,1.864,9.964830970778335
chr22_mat_hsa21,12484824,active,0.3785,1.832,9.931226967748977
chr22_mat_hsa21,12488824,active,0.374,1.784,9.82844342305438
chr22_mat_hsa21,12492824,active,0.367,1.64,9.543598870738771
chr22_mat_hsa21,12496824,active,0.368,1.636,9.505562304267318
chr22_mat_hsa21,12500824,active,0.364,1.724,9.682625575364753
chr22_mat_hsa21,12504824,active,0.373,1.896,10.073037688349158
chr22_mat_hsa21,12508824,active,0.3635,1.712,9.647496457642672
chr22_mat_hsa21,12512824,active,0.3625,1.336,9.001810943456112
chr22_mat_hsa21,12516824,active,0.363,1.84,9.823360725835963
chr22_mat_hsa21,12520824,active,0.362,1.624,9.475408619996672
chr22_mat_hsa21,12524824,active,0.369,1.728,9.738140383297397
chr22_mat_hsa21,12528824,active,0.366,1.86,9.9884986249922
chr22_mat_hsa21,12532824,active,0.3685,1.872,10.018166774157422
chr22_mat_hsa21,12536824,active,0.375,1.86,9.998608534690538
chr22_mat_hsa21,12540824,active,0.3685,1.8,9.886498619956164
chr22_mat_hsa21,12544824,active,0.365,1.684,9.613565474291885
chr22_mat_hsa21,12548824,active,0.363,1.608,9.442636253960565
chr22_mat_hsa21,12552824,active,0.366,1.692,9.585048049936482
chr22_mat_hsa21,12556824,active,0.376,1.78,9.841712380188145
chr22_mat_hsa21,12560824,active,0.3735,1.88,9.963853944395003
chr22_mat_hsa21,12564824,active,0.366,1.772,9.72483971604223
chr22_mat_hsa21,12568824,active,0.3755,1.856,9.964994253553163
chr22_mat_hsa21,12572824,active,0.375,1.732,9.724236271462615
chr22_mat_hsa21,12576824,active,0.368,1.82,9.893236686690594
chr22_mat_hsa21,12580824,active,0.3745,1.848,9.93766770900815
chr22_mat_hsa21,12584824,active,0.3675,1.736,9.722439193488812
chr22_mat_hsa21,12588824,active,0.3735,1.78,9.800910433163217
chr22_mat_hsa21,12592824,active,0.3645,1.664,9.573746429335646
chr22_mat_hsa21,12596824,active,0.375,1.816,9.862856706007793
chr22_mat_hsa21,12600824,active,0.369,1.68,9.640098509874953
chr22_mat_hsa21,12604824,active,0.371,1.824,9.91393749379239
chr22_mat_hsa21,12608824,active,0.367,1.788,9.797502100916251
chr22_mat_hsa21,12612824,active,0.3685,1.712,9.72024800228485
chr22_mat_hsa21,12616824,active,0.3655,1.616,9.475487224428816
chr22_mat_hsa21,12620824,active,0.373,1.896,10.044673988069105
chr22_mat_hsa21,12624824,active,0.366,1.62,9.533447182527777
chr22_mat_hsa21,12628824,active,0.3755,1.772,9.836829420946346
chr22_mat_hsa21,12632824,active,0.369,1.74,9.673587537181064
chr22_mat_hsa21,12636824,active,0.372,1.76,9.80337183796601
chr22_mat_hsa21,12640824,active,0.372,1.816,9.87364367530626
chr22_mat_hsa21,12644824,active,0.372,1.796,9.81981666641967
chr22_mat_hsa21,12648824,active,0.36,1.536,9.307022437740434
chr22_mat_hsa21,12652824,active,0.368,1.772,9.771194420675547
chr22_mat_hsa21,12656824,active,0.3715,1.804,9.75611749269822
chr22_mat_hsa21,12660824,active,0.373,1.88,10.024135250775092
chr22_mat_hsa21,12664824,active,0.368,1.62,9.439064052542033
chr22_mat_hsa21,12668824,active,0.3735,1.844,9.9118817566974
chr22_mat_hsa21,12672824,active,0.3655,1.648,9.544111871653636
chr22_mat_hsa21,12676824,active,0.3735,1.852,9.928900541385538
chr22_mat_hsa21,12680824,active,0.3665,1.696,9.632675394186773
chr22_mat_hsa21,12684824,active,0.37,1.732,9.735579170768212
chr22_mat_hsa21,12688824,active,0.369,1.888,10.006989473197468
chr22_mat_hsa21,12692824,active,0.3665,1.68,9.59146555922633
chr22_mat_hsa21,12696824,active,0.3705,1.78,9.779962489955771
chr22_mat_hsa21,12700824,active,0.371,1.816,9.838245430841113
chr22_mat_hsa21,12704824,active,0.372,1.748,9.748614211453228
chr22_mat_hsa21,12708824,active,0.3595,1.452,9.197933169067278
chr22_mat_hsa21,12712824,active,0.3735,1.792,9.837854648778103
chr22_mat_hsa21,12716824,active,0.362,1.596,9.472969521308334
chr22_mat_hsa21,12720824,active,0.3715,1.824,9.89526980717021
chr22_mat_hsa21,12724824,active,0.3695,1.756,9.779902188386894
chr22_mat_hsa21,12728824,active,0.3745,1.892,10.02612152186555
chr22_mat_hsa21,12732824,active,0.3715,1.78,9.79468398370797
chr22_mat_hsa21,12736824,active,0.3645,1.548,9.373123179948141
chr22_mat_hsa21,12740824,active,0.367,1.6,9.38155977615507
chr22_mat_hsa21,12744824,active,0.369,1.668,9.57950744191387
chr22_mat_hsa21,12748824,active,0.3715,1.768,9.833992951409533
chr22_mat_hsa21,12752824,active,0.367,1.752,9.734650567879722
chr22_mat_hsa21,12756824,active,0.3675,1.724,9.638145060327352
chr22_mat_hsa21,12760824,active,0.363,1.7,9.636455076577233
chr22_mat_hsa21,12764824,active,0.368,1.74,9.676004158346265
chr22_mat_hsa21,12768824,active,0.37,1.66,9.599144750050023
chr22_mat_hsa21,12772824,active,0.3705,1.668,9.565490939890061
chr22_mat_hsa21,12776824,active,0.3765,1.796,9.853452174672666
chr22_mat_hsa21,12780824,active,0.3685,1.656,9.555225383852827
chr22_mat_hsa21,12784824,active,0.3645,1.752,9.748820378022781
chr22_mat_hsa21,12788824,active,0.368,1.744,9.723418064533487
chr22_mat_hsa21,12792824,active,0.368,1.716,9.583838020194518
chr22_mat_hsa21,12796824,active,0.372,1.736,9.718630073174825
chr22_mat_hsa21,12800824,active,0.3695,1.756,9.741636633388417
chr22_mat_hsa21,12804824,active,0.3715,1.76,9.713487717514333
chr22_mat_hsa21,12808824,active,0.361,1.348,9.063167740751238
chr22_mat_hsa21,12812824,active,0.371,1.708,9.615611708825362
chr22_mat_hsa21,12816824,active,0.363,1.7,9.660628260814589
chr22_mat_hsa21,12820824,active,0.366,1.756,9.796539933361073
chr22_mat_hsa21,12824824,active,0.3725,1.828,9.89107327730634
chr22_mat_hsa21,12828824,active,0.3735,1.78,9.821014878985485
chr22_mat_hsa21,12832824,active,0.365,1.648,9.579813920667535
chr22_mat_hsa21,12836824,active,0.364,1.472,9.157891952715298
chr22_mat_hsa21,12840824,active,0.371,1.784,9.83425938701516
chr22_mat_hsa21,12844824,active,0.371,1.748,9.664533877070506
chr22_mat_hsa21,12848824,active,0.3665,1.564,9.427451267287271
chr22_mat_hsa21,12852824,active,0.365,1.584,9.469714051001425
chr22_mat_hsa21,12856824,active,0.3635,1.628,9.51816765434477
chr22_mat_hsa21,12860824,active,0.367,1.548,9.387768806452614
chr22_mat_hsa21,12864824,active,0.3685,1.78,9.783795468217159
chr22_mat_hsa21,12868824,active,0.372,1.76,9.727219764377763
chr22_mat_hsa21,12872824,active,0.367,1.624,9.522638077614447
chr22_mat_hsa21,12876824,active,0.374,1.704,9.702137762681417
chr22_mat_hsa21,12880824,active,0.37,1.816,9.84721459491709
chr22_mat_hsa21,12884824,active,0.373,1.844,9.970628389685368
chr22_mat_hsa21,12888824,active,0.366,1.704,9.627162929714903
chr22_mat_hsa21,12892824,active,0.3735,1.824,9.886658679193904
chr22_mat_hsa21,12896824,active,0.3725,1.792,9.822369756219308
chr22_mat_hsa21,12900824,active,0.373,1.832,9.892751551142052
chr22_mat_hsa21,12904824,active,0.37,1.776,9.766516970084705
chr22_mat_hsa21,12908824,active,0.369,1.736,9.691243287958741
chr22_mat_hsa21,12912824,active,0.361,1.512,9.275966921564775
chr22_mat_hsa21,12916824,active,0.366,1.648,9.58387064912229
chr22_mat_hsa21,12920824,active,0.3655,1.592,9.408425998178476
chr22_mat_hsa21,12924824,active,0.367,1.576,9.414006798642239
chr22_mat_hsa21,12928824,active,0.3765,1.704,9.652046205455312
chr22_mat_hsa21,12932824,active,0.3675,1.724,9.721612331066442
chr22_mat_hsa21,12936824,active,0.3725,1.78,9.816601293850026
chr22_mat_hsa21,12940824,active,0.368,1.744,9.770443282181985
chr22_mat_hsa21,12944824,active,0.3645,1.56,9.382925404598396
chr22_mat_hsa21,12948824,active,0.3715,1.62,9.516773359407763
chr22_mat_hsa21,12952824,active,0.368,1.596,9.452078403635142
chr22_mat_hsa21,12956824,active,0.375,1.648,9.617482427679782
chr22_mat_hsa21,12960824,active,0.368,1.732,9.719429878310066
chr22_mat_hsa21,12964824,active,0.365,1.488,9.242496728290002
chr22_mat_hsa21,12968824,active,0.374,1.644,9.561852992773922
chr22_mat_hsa21,12972824,active,0.363,1.572,9.381327024443607
chr22_mat_hsa21,12976824,active,0.3735,1.688,9.62956915573645
chr22_mat_hsa21,12980824,active,0.372,1.664,9.589972087893099
chr22_mat_hsa21,12984824,active,0.366,1.612,9.50614527617759
chr22_mat_hsa21,12988824,active,0.3725,1.776,9.75195540805841
chr22_mat_hsa21,12992824,active,0.3675,1.652,9.564846354149283
chr22_mat_hsa21,12996824,active,0.3695,1.756,9.713305971683875
chr22_mat_hsa21,13000824,active,0.3655,1.588,9.458791117103022
chr22_mat_hsa21,13004824,active,0.373,1.708,9.703032884813895
chr22_mat_hsa21,13008824,active,0.368,1.804,9.84135464337316
chr22_mat_hsa21,13012824,active,0.375,1.736,9.761955287696088
chr22_mat_hsa21,13016824,active,0.3725,1.756,9.800374538404963
chr22_mat_hsa21,13020824,active,0.366,1.656,9.544027159821917
chr22_mat_hsa21,13024824,active,0.3675,1.804,9.804645912596591
chr22_mat_hsa21,13028824,active,0.372,1.836,9.925372470810084
chr22_mat_hsa21,13032824,active,0.368,1.708,9.6591821927345
chr22_mat_hsa21,13036824,active,0.374,1.748,9.77294615900696
chr22_mat_hsa21,13040824,active,0.3645,1.652,9.558256191942768
chr22_mat_hsa21,13044824,active,0.3705,1.668,9.664556427457148
chr22_mat_hsa21,13048824,active,0.371,1.704,9.68211243631408
chr22_mat_hsa21,13052824,active,0.364,1.62,9.527196206307245
chr22_mat_hsa21,13056824,active,0.3735,1.628,9.518031014085398
chr22_mat_hsa21,13060824,active,0.3695,1.764,9.71463188607155
chr22_mat_hsa21,13064824,active,0.3665,1.524,9.365223109068381
chr22_mat_hsa21,13068824,active,0.376,1.688,9.630488028300565
chr22_mat_hsa21,13072824,active,0.3645,1.532,9.33852792489095
chr22_mat_hsa21,13076824,active,0.3645,1.524,9.302301825001267
chr22_mat_hsa21,13080824,active,0.3685,1.712,9.675352650454142
chr22_mat_hsa21,13084824,active,0.37,1.768,9.709342584270775
chr22_mat_hsa21,13088824,active,0.369,1.704,9.679057732619945
chr22_mat_hsa21,13092824,active,0.371,1.692,9.653322152519952
chr22_mat_hsa21,13096824,active,0.367,1.7,9.64080698031183
chr22_mat_hsa21,13100824,active,0.3625,1.524,9.288068544933902
chr22_mat_hsa21,13104824,active,0.3635,1.58,9.424366011257208
chr22_mat_hsa21,13108824,active,0.3705,1.792,9.784845194026046
chr22_mat_hsa21,13112824,active,0.3705,1.82,9.848078494406202
chr22_mat_hsa21,13116824,active,0.372,1.716,9.63634935872018
chr22_mat_hsa21,13120824,active,0.3695,1.584,9.49944707412463
chr22_mat_hsa21,13124824,active,0.3645,1.616,9.482324118978624
chr22_mat_hsa21,13128824,active,0.3745,1.852,9.93692043562985
chr22_mat_hsa21,13132824,active,0.3715,1.804,9.867027080242178
chr22_mat_hsa21,13136824,active,0.3675,1.664,9.592395796162048
chr22_mat_hsa21,13140824,active,0.372,1.732,9.764278351430296
chr22_mat_hsa21,13144824,active,0.3665,1.716,9.65795170976471
chr22_mat_hsa21,13148824,active,0.3695,1.844,9.958822478844477
chr22_mat_hsa21,13152824,active,0.3755,1.628,9.563626212800207
chr22_mat_hsa21,13156824,active,0.376,1.78,9.782795930229344
chr22_mat_hsa21,13160824,active,0.373,1.752,9.684086989158914
chr22_mat_hsa21,13164824,active,0.374,1.764,9.807170614150184
chr22_mat_hsa21,13168824,active,0.375,1.632,9.638075784538948
chr22_mat_hsa21,13172824,active,0.369,1.564,9.389869555540256
chr22_mat_hsa21,13176824,active,0.3665,1.6,9.475896104774318
chr22_mat_hsa21,13180824,active,0.3715,1.724,9.694494346492215
chr22_mat_hsa21,13184824,active,0.371,1.756,9.721752626567143
chr22_mat_hsa21,13188824,active,0.3755,1.656,9.644724509256145
chr22_mat_hsa21,13192824,active,0.367,1.54,9.372173849751995
chr22_mat_hsa21,13196824,active,0.3675,1.556,9.371437901539958
chr22_mat_hsa21,13200824,active,0.3715,1.74,9.677975432472598
chr22_mat_hsa21,13204824,active,0.3715,1.808,9.873011738425948
chr22_mat_hsa21,13208824,active,0.37,1.804,9.820917158703079
chr22_mat_hsa21,13212824,active,0.368,1.716,9.71839533075805
chr22_mat_hsa21,13216824,active,0.3665,1.82,9.984542098468618
chr22_mat_hsa21,13220824,active,0.364,1.588,9.542167057201327
chr22_mat_hsa21,13224824,active,0.3665,1.776,9.875091287214477
chr22_mat_hsa21,13228824,active,0.368,1.688,9.692721464591703
chr22_mat_hsa21,13232824,active,0.369,1.712,9.68503062309282
chr22_mat_hsa21,13236824,active,0.367,1.732,9.764015161418202
chr22_mat_hsa21,13240824,active,0.3645,1.592,9.430821714442937
chr22_mat_hsa21,13244824,active,0.3685,1.732,9.810964649421667
chr22_mat_hsa21,13248824,active,0.366,1.64,9.587668107328533
chr22_mat_hsa21,13252824,active,0.362,1.584,9.391237085802283
chr22_mat_hsa21,13256824,active,0.3705,1.64,9.59319625409186
chr22_mat_hsa21,13260824,active,0.3725,1.724,9.717575722896648
chr22_mat_hsa21,13264824,active,0.361,1.68,9.585991350504436
chr22_mat_hsa21,13268824,active,0.3675,1.7,9.647883046940713
chr22_mat_hsa21,13272824,active,0.3675,1.74,9.828322736598215
chr22_mat_hsa21,13276824,active,0.3715,1.708,9.667813904699594
chr22_mat_hsa21,13280824,active,0.372,1.756,9.805383350047354
chr22_mat_hsa21,13284824,active,0.3675,1.76,9.82409284205766
chr22_mat_hsa21,13288824,active,0.37,1.764,9.804452232554288
chr22_mat_hsa21,13292824,active,0.3715,1.736,9.763774111611903
chr22_mat_hsa21,13296824,active,0.3635,1.664,9.602552223796197
chr22_mat_hsa21,13300824,active,0.37,1.664,9.665562333732378
chr22_mat_hsa21,13304824,active,0.3685,1.708,9.664725690928128
chr22_mat_hsa21,13308824,active,0.3615,1.556,9.363495453942303
chr22_mat_hsa21,13312824,active,0.364,1.624,9.519704166089726
chr22_mat_hsa21,13316824,active,0.3635,1.692,9.648469402580407
chr22_mat_hsa21,13320824,active,0.3655,1.624,9.629791736770867
chr22_mat_hsa21,13324824,active,0.3695,1.732,9.696080001140682
chr22_mat_hsa21,13328824,active,0.3595,1.516,9.24747627780157
chr22_mat_hsa21,13332824,active,0.371,1.816,9.898283975173246
chr22_mat_hsa21,13336824,active,0.3645,1.656,9.586047431899626
chr22_mat_hsa21,13340824,active,0.373,1.744,9.750864851441507
chr22_mat_hsa21,13344824,active,0.368,1.768,9.794602993139378
chr22_mat_hsa21,13348824,active,0.3735,1.716,9.736689995748948
chr22_mat_hsa21,13352824,active,0.3635,1.704,9.649213369467317
chr22_mat_hsa21,13356824,active,0.365,1.744,9.784691308801886
chr22_mat_hsa21,13360824,active,0.3655,1.576,9.446766665809438
chr22_mat_hsa21,13364824,active,0.3665,1.664,9.605128793471971
chr22_mat_hsa21,13368824,active,0.3705,1.612,9.552076204877668
chr22_mat_hsa21,13372824,active,0.3585,1.488,9.212401294903717
chr22_mat_hsa21,13376824,active,0.3725,1.732,9.74825667307975
chr22_mat_hsa21,13380824,active,0.362,1.612,9.50420277003146
chr22_mat_hsa21,13384824,active,0.373,1.72,9.734127293616877
chr22_mat_hsa21,13388824,active,0.3595,1.536,9.34723691283407
chr22_mat_hsa21,13392824,active,0.372,1.748,9.77799614434329
chr22_mat_hsa21,13396824,active,0.361,1.56,9.383095771265504
chr22_mat_hsa21,13400824,active,0.373,1.752,9.792954706559385
chr22_mat_hsa21,13404824,active,0.368,1.76,9.824131451681653
chr22_mat_hsa21,13408824,active,0.372,1.744,9.758755382043951
chr22_mat_hsa21,13412824,active,0.3625,1.712,9.701115730977985
chr22_mat_hsa21,13416824,active,0.3705,1.748,9.773807738165248
chr22_mat_hsa21,13420824,active,0.361,1.572,9.389123610616098
chr22_mat_hsa21,13424824,active,0.3715,1.776,9.83961226851105
chr22_mat_hsa21,13428824,active,0.365,1.784,9.891976251248712
chr22_mat_hsa21,13432824,active,0.3665,1.652,9.614643643528355
chr22_mat_hsa21,13436824,active,0.3635,1.6,9.427565866487795
chr22_mat_hsa21,13440824,active,0.363,1.64,9.498861407383385
chr22_mat_hsa21,13444824,active,0.3655,1.732,9.72123999059474
chr22_mat_hsa21,13448824,active,0.371,1.62,9.576501187938984
chr22_mat_hsa21,13452824,active,0.356,1.488,9.211215146291096
chr22_mat_hsa21,13456824,active,0.3655,1.82,9.979016902181902
chr22_mat_hsa21,13460824,active,0.3665,1.736,9.751217622449893
chr22_mat_hsa21,13464824,active,0.372,1.676,9.664031498639014
chr22_mat_hsa21,13468824,active,0.3605,1.624,9.410996297313035
chr22_mat_hsa21,13472824,active,0.3595,1.444,9.113902562532985
chr22_mat_hsa21,13476824,active,0.3665,1.784,9.870504148461048
chr22_mat_hsa21,13480824,active,0.36,1.628,9.515767487213848
chr22_mat_hsa21,13484824,active,0.37,1.784,9.903688190843125
chr22_mat_hsa21,13488824,active,0.3665,1.696,9.684198520847168
chr22_mat_hsa21,13492824,active,0.3675,1.612,9.506262977119555
chr22_mat_hsa21,13496824,active,0.365,1.772,9.748788652301121
chr22_mat_hsa21,13500824,active,0.363,1.58,9.370003130261088
chr22_mat_hsa21,13504824,active,0.3675,1.804,9.87097971959391
chr22_mat_hsa21,13508824,active,0.3585,1.484,9.232058013642897
chr22_mat_hsa21,13512824,active,0.372,1.832,9.943458570113963
chr22_mat_hsa21,13516824,active,0.365,1.732,9.75051609681316
chr22_mat_hsa21,13520824,active,0.3675,1.7,9.722847824437975
chr22_mat_hsa21,13524824,active,0.366,1.748,9.753388390449718
chr22_mat_hsa21,13528824,active,0.3675,1.8,9.86811434143615
chr22_mat_hsa21,13532824,active,0.365,1.772,9.873261577101509
chr22_mat_hsa21,13536824,active,0.3675,1.76,9.777465205871657
chr22_mat_hsa21,13540824,active,0.3635,1.596,9.496123538322239
chr22_mat_hsa21,13544824,active,0.37,1.784,9.852623191909432
chr22_mat_hsa21,13548824,active,0.3675,1.796,9.939600262191117
chr22_mat_hsa21,13552824,active,0.369,1.72,9.732845134289526
chr22_mat_hsa21,13556824,active,0.3685,1.8,9.888586277046537
chr22_mat_hsa21,13560824,active,0.3625,1.592,9.427075631164538
chr22_mat_hsa21,13564824,active,0.358,1.664,9.609879653377032
chr22_mat_hsa21,13568824,active,0.363,1.788,9.849125456747402
chr22_mat_hsa21,13572824,active,0.369,1.636,9.561518824505576
chr22_mat_hsa21,13576824,active,0.353,1.328,8.96588396702174
chr22_mat_hsa21,13580824,active,0.362,1.6,9.45276721636547
chr22_mat_hsa21,13584824,active,0.365,1.688,9.683743533703153
chr22_mat_hsa21,13588824,active,0.3605,1.616,9.498837130496469
chr22_mat_hsa21,13592824,active,0.3675,1.792,9.908130046232664
chr22_mat_hsa21,13596824,active,0.3675,1.652,9.680422012528428
chr22_mat_hsa21,13600824,active,0.3685,1.612,9.525976945515573
chr22_mat_hsa21,13604824,active,0.3645,1.68,9.58127688549562
chr22_mat_hsa21,13608824,active,0.3595,1.524,9.26272246300035
chr22_mat_hsa21,13612824,active,0.3615,1.732,9.700013511661105
chr22_mat_hsa21,13616824,active,0.3715,1.62,9.594431885007145
chr22_mat_hsa21,13620824,active,0.365,1.716,9.660983870980242
chr22_mat_hsa21,13624824,active,0.3605,1.788,9.848181779656695
chr22_mat_hsa21,13628824,active,0.371,1.648,9.642242382328641
chr22_mat_hsa21,13632824,active,0.3585,1.672,9.638235262504002
chr22_mat_hsa21,13636824,active,0.3695,1.8,9.943825865628362
chr22_mat_hsa21,13640824,active,0.3635,1.732,9.685939737923825
chr22_mat_hsa21,13644824,active,0.3675,1.788,9.863704296271118
chr22_mat_hsa21,13648824,active,0.3675,1.712,9.706351953830232
chr22_mat_hsa21,13652824,active,0.3705,1.656,9.626997581780818
chr22_mat_hsa21,13656824,active,0.3665,1.76,9.797256255015656
chr22_mat_hsa21,13660824,active,0.367,1.712,9.712691224586651
chr22_mat_hsa21,13664824,active,0.3695,1.68,9.697746452083983
chr22_mat_hsa21,13668824,active,0.361,1.692,9.638450933183627
chr22_mat_hsa21,13672824,active,0.37,1.788,9.840208215382946
chr22_mat_hsa21,13676824,active,0.37,1.652,9.659188174022882
chr22_mat_hsa21,13680824,active,0.363,1.56,9.336951401997556
chr22_mat_hsa21,13684824,active,0.371,1.692,9.684034413652952
chr22_mat_hsa21,13688824,active,0.3595,1.576,9.37790431955187
chr22_mat_hsa21,13692824,active,0.3695,1.804,9.888821290975116
chr22_mat_hsa21,13696824,active,0.373,1.74,9.770507387968358
chr22_mat_hsa21,13700824,active,0.361,1.812,9.857790544821693
chr22_mat_hsa21,13704824,active,0.3715,1.788,9.859054285798607
chr22_mat_hsa21,13708824,active,0.3665,1.688,9.683845170114578
chr22_mat_hsa21,13712824,active,0.364,1.6,9.425022225616654
chr22_mat_hsa21,13716824,active,0.363,1.62,9.50727280309936
chr22_mat_hsa21,13720824,active,0.3675,1.788,9.912086539267175
chr22_mat_hsa21,13724824,active,0.3685,1.724,9.745924660283809
chr22_mat_hsa21,13728824,active,0.361,1.636,9.527296962161373
chr22_mat_hsa21,13732824,active,0.3635,1.68,9.627987056442421
chr22_mat_hsa21,13736824,active,0.364,1.82,9.918854205666138
chr22_mat_hsa21,13740824,active,0.3705,1.776,9.832776891506045
chr22_mat_hsa21,13744824,active,0.3595,1.728,9.638739331653788
chr22_mat_hsa21,13748824,active,0.367,1.736,9.78288350541558
chr22_mat_hsa21,13752824,active,0.371,1.656,9.652243031204309
chr22_mat_hsa21,13756824,active,0.365,1.66,9.533039455910146
chr22_mat_hsa21,13760824,active,0.3605,1.752,9.761470595284395
chr22_mat_hsa21,13764824,active,0.3665,1.628,9.58461973879681
chr22_mat_hsa21,13768824,active,0.353,1.444,9.133909708661873
chr22_mat_hsa21,13772824,active,0.359,1.772,9.785984228363073
chr22_mat_hsa21,13776824,active,0.3735,1.632,9.577837497470298
chr22_mat_hsa21,13780824,active,0.363,1.66,9.528574175826034
chr22_mat_hsa21,13784824,active,0.3625,1.636,9.479389431797388
chr22_mat_hsa21,13788824,active,0.3665,1.704,9.670039215026424
chr22_mat_hsa21,13792824,active,0.364,1.576,9.360424540317053
chr22_mat_hsa21,13796824,active,0.3645,1.692,9.636323902355334
chr22_mat_hsa21,13800824,active,0.366,1.792,9.816130768266696
chr22_mat_hsa21,13804824,active,0.3675,1.656,9.64958276422236
chr22_mat_hsa21,13808824,active,0.3575,1.564,9.37679499214112
chr22_mat_hsa21,13812824,active,0.366,1.788,9.892508324856983
chr22_mat_hsa21,13816824,active,0.3675,1.72,9.724524309750258
chr22_mat_hsa21,13820824,active,0.371,1.672,9.64685857355518
chr22_mat_hsa21,13824824,active,0.3615,1.644,9.487507044411483
chr22_mat_hsa21,13828824,active,0.3615,1.748,9.770791150536713
chr22_mat_hsa21,13832824,active,0.371,1.788,9.825351431881952
chr22_mat_hsa21,13836824,active,0.3635,1.696,9.675545810121479
chr22_mat_hsa21,13840824,active,0.3535,1.42,9.099920868166494
chr22_mat_hsa21,13844824,active,0.366,1.728,9.696909227642939
chr22_mat_hsa21,13848824,active,0.372,1.628,9.591399615087155
chr22_mat_hsa21,13852824,active,0.3635,1.744,9.710783058653668
chr22_mat_hsa21,13856824,active,0.3665,1.68,9.660118953390066
chr22_mat_hsa21,13860824,active,0.3545,1.436,9.124417872700924
chr22_mat_hsa21,13864824,active,0.3655,1.776,9.777267993123727
chr22_mat_hsa21,13868824,active,0.3705,1.64,9.619164477367967
chr22_mat_hsa21,13872824,active,0.368,1.736,9.789592996895003
chr22_mat_hsa21,13876824,active,0.365,1.76,9.841501665795217
chr22_mat_hsa21,13880824,active,0.3685,1.704,9.726002735246292
chr22_mat_hsa21,13884824,active,0.3625,1.576,9.39707964852935
chr22_mat_hsa21,13888824,active,0.364,1.724,9.67647050414566
chr22_mat_hsa21,13892824,active,0.3665,1.632,9.575049144878935
chr22_mat_hsa21,13896824,active,0.3625,1.572,9.360170238320997
chr22_mat_hsa21,13900824,active,0.358,1.58,9.375301392555997
chr22_mat_hsa21,13904824,active,0.3655,1.78,9.87008159597101
chr22_mat_hsa21,13908824,active,0.3685,1.74,9.772872384750382
chr22_mat_hsa21,13912824,active,0.37,1.752,9.774268961177082
chr22_mat_hsa21,13916824,active,0.3625,1.564,9.37813110585017
chr22_mat_hsa21,13920824,active,0.3675,1.816,9.87805896601078
chr22_mat_hsa21,13924824,active,0.3625,1.764,9.80077118567709
chr22_mat_hsa21,13928824,active,0.37,1.736,9.740177530041125
chr22_mat_hsa21,13932824,active,0.363,1.596,9.502820769488668
chr22_mat_hsa21,13936824,active,0.369,1.78,9.908279218316911
chr22_mat_hsa21,13940824,active,0.3625,1.664,9.672790882402268
chr22_mat_hsa21,13944824,active,0.362,1.7,9.693311181312106
chr22_mat_hsa21,13948824,active,0.363,1.608,9.443137670005731
chr22_mat_hsa21,13952824,active,0.37,1.716,9.702651860483932
chr22_mat_hsa21,13956824,active,0.3695,1.78,9.829991978781988
chr22_mat_hsa21,13960824,active,0.362,1.512,9.284013014172295
chr22_mat_hsa21,13964824,active,0.3615,1.7,9.664220902369768
chr22_mat_hsa21,13968824,active,0.363,1.748,9.750383044440902
chr22_mat_hsa21,13972824,active,0.3695,1.728,9.745570615410623
chr22_mat_hsa21,13976824,active,0.37,1.736,9.769310472280168
chr22_mat_hsa21,13980824,active,0.3675,1.72,9.768069907134741
chr22_mat_hsa21,13984824,active,0.3645,1.692,9.665885176834347
chr22_mat_hsa21,13988824,active,0.3675,1.588,9.490787833370481
chr22_mat_hsa21,13992824,active,0.356,1.46,9.184933564949821
chr22_mat_hsa21,13996824,active,0.3635,1.744,9.768614429613491
chr22_mat_hsa21,14000824,active,0.3625,1.792,9.847982063736675
chr22_mat_hsa21,14004824,active,0.369,1.64,9.578608543700893
chr22_mat_hsa21,14008824,active,0.3595,1.532,9.32222590499417
chr22_mat_hsa21,14012824,active,0.369,1.604,9.536089940022782
chr22_mat_hsa21,14016824,active,0.363,1.604,9.427262310861066
chr22_mat_hsa21,14020824,active,0.3695,1.636,9.603365502211425
chr22_mat_hsa21,14024824,active,0.3645,1.644,9.501123783141965
chr22_mat_hsa21,14028824,active,0.3655,1.688,9.619509756384815
chr22_mat_hsa21,14032824,active,0.3615,1.804,9.840225598483505
chr22_mat_hsa21,14036824,active,0.3645,1.584,9.44927631746827
chr22_mat_hsa21,14040824,active,0.372,1.792,9.906198975979981
chr22_mat_hsa21,14044824,active,0.359,1.568,9.41699668344989
chr22_mat_hsa21,14048824,active,0.3675,1.7,9.71063245822842
chr22_mat_hsa21,14052824,active,0.367,1.756,9.844849426510073
chr22_mat_hsa21,14056824,active,0.3595,1.5,9.23849680576309
chr22_mat_hsa21,14060824,active,0.368,1.808,9.916500201640721
chr22_mat_hsa21,14064824,active,0.367,1.724,9.776843436736291
chr22_mat_hsa21,14068824,active,0.3705,1.764,9.760433655879632
chr22_mat_hsa21,14072824,active,0.3635,1.632,9.587686901837586
chr22_mat_hsa21,14076824,active,0.3625,1.604,9.4905902965441
chr22_mat_hsa21,14080824,active,0.3645,1.768,9.839848472757897
chr22_mat_hsa21,14084824,active,0.3665,1.748,9.748331577348951
chr22_mat_hsa21,14088824,active,0.362,1.56,9.34526488426153
chr22_mat_hsa21,14092824,active,0.3565,1.624,9.503726401295589
chr22_mat_hsa21,14096824,active,0.367,1.744,9.673729549683378
chr22_mat_hsa21,14100824,active,0.361,1.628,9.516667022837394
chr22_mat_hsa21,14104824,active,0.3725,1.808,9.903408609607212
chr22_mat_hsa21,14108824,active,0.3675,1.816,9.813010557261746
chr22_mat_hsa21,14112824,active,0.369,1.852,9.916790859543918
chr22_mat_hsa21,14116824,active,0.376,1.856,9.966698710791132
chr22_mat_hsa21,14120824,active,0.362,1.792,9.812358668086897
chr22_mat_hsa21,14124824,active,0.3695,1.86,9.926453557990415
chr22_mat_hsa21,14128824,active,0.3705,1.916,10.049144058531214
chr22_mat_hsa21,14132824,active,0.369,1.78,9.774454517533487
chr22_mat_hsa21,14136824,active,0.3645,1.76,9.714986644044815
chr22_mat_hsa21,14140824,active,0.369,1.776,9.788221168857097
chr22_mat_hsa21,14144824,active,0.365,1.804,9.844391681614555
chr22_mat_hsa21,14148824,active,0.3605,1.768,9.753198820218074
chr22_mat_hsa21,14152824,active,0.365,1.792,9.797867641988438
chr22_mat_hsa21,14156824,active,0.37,1.776,9.82368718578238
chr22_mat_hsa21,14160824,active,0.3605,1.784,9.871377107374926
chr22_mat_hsa21,14164824,active,0.369,1.816,9.885219312767124
chr22_mat_hsa21,14168824,active,0.366,1.736,9.704892412470231
chr22_mat_hsa21,14172824,active,0.363,1.716,9.628525526703084
chr22_mat_hsa21,14176824,active,0.3655,1.74,9.706710598975421
chr22_mat_hsa21,14180824,active,0.362,1.708,9.60405724234226
chr22_mat_hsa21,14184824,active,0.367,1.688,9.602562043383351
chr22_mat_hsa21,14188824,active,0.376,1.808,9.93509805635966
chr22_mat_hsa21,14192824,active,0.366,1.832,9.917304292163054
chr22_mat_hsa21,14196824,active,0.3685,1.748,9.734838903087836
chr22_mat_hsa21,14200824,active,0.37,1.812,9.907975718828052
chr22_mat_hsa21,14204824,active,0.366,1.728,9.691247114825002
chr22_mat_hsa21,14208824,active,0.37,1.748,9.741859802368014
chr22_mat_hsa21,14212824,active,0.3685,1.736,9.787001930121983
chr22_mat_hsa21,14216824,active,0.369,1.632,9.577192900297
chr22_mat_hsa21,14220824,active,0.356,1.456,9.158577423815668
chr22_mat_hsa21,14224824,active,0.369,1.76,9.825848418687892
chr22_mat_hsa21,14228824,active,0.3645,1.732,9.710193697355773
chr22_mat_hsa21,14232824,active,0.3655,1.72,9.734243310682206
chr22_mat_hsa21,14236824,active,0.3705,1.752,9.79462385435631
chr22_mat_hsa21,14240824,active,0.361,1.752,9.871531662542365
chr22_mat_hsa21,14244824,active,0.3655,1.776,9.775138807873276
chr22_mat_hsa21,14248824,active,0.3645,1.812,9.828550679023293
chr22_mat_hsa21,14252824,active,0.3635,1.792,9.816484784774836
chr22_mat_hsa21,14256824,active,0.371,1.868,9.979290914281966
chr22_mat_hsa21,14260824,active,0.3685,1.788,9.839445175802547
chr22_mat_hsa21,14264824,active,0.3605,1.78,9.866016706114607
chr22_mat_hsa21,14268824,active,0.3735,1.932,10.156958183458952
chr22_mat_hsa21,14272824,active,0.362,1.724,9.736253798354017
chr22_mat_hsa21,14276824,active,0.3665,1.82,9.898322362750639
chr22_mat_hsa21,14280824,active,0.3645,1.668,9.562800817924165
chr22_mat_hsa21,14284824,active,0.3735,1.776,9.795376171735578
chr22_mat_hsa21,14288824,active,0.3705,1.672,9.579761783115304
chr22_mat_hsa21,14292824,active,0.369,1.788,9.81410244864127
chr22_mat_hsa21,14296824,active,0.3655,1.748,9.793528108337707
chr22_mat_hsa21,14300824,active,0.368,1.968,10.198403143075177
chr22_mat_hsa21,14304824,active,0.3695,1.86,9.927061543128673
chr22_mat_hsa21,14308824,active,0.3655,1.76,9.811121237215776
chr22_mat_hsa21,14312824,active,0.3635,1.812,9.85309493617604
chr22_mat_hsa21,14316824,active,0.3665,1.72,9.796127963023656
chr22_mat_hsa21,14320824,active,0.3675,1.784,9.795240196659462
chr22_mat_hsa21,14324824,active,0.3735,1.804,9.872517748350472
chr22_mat_hsa21,14328824,active,0.3625,1.632,9.515829997794178
chr22_mat_hsa21,14332824,active,0.37,1.904,10.05644384800374
chr22_mat_hsa21,14336824,active,0.3695,1.668,9.594701549866002
chr22_mat_hsa21,14340824,active,0.3705,1.772,9.787261642017743
chr22_mat_hsa21,14344824,active,0.3735,1.784,9.845252634794775
chr22_mat_hsa21,14348824,active,0.3695,1.836,9.94662700462383
chr22_mat_hsa21,14352824,active,0.3745,1.852,10.031106624912734
chr22_mat_hsa21,14356824,active,0.373,1.792,9.928257579215794
chr22_mat_hsa21,14360824,active,0.3695,1.804,9.85592977225782
chr22_mat_hsa21,14364824,active,0.3675,1.796,9.822817582232974
chr22_mat_hsa21,14368824,active,0.373,1.796,9.835849095336384
chr22_mat_hsa21,14372824,active,0.3705,1.692,9.62174939849241
chr22_mat_hsa21,14376824,active,0.3715,1.804,9.909123248465884
chr22_mat_hsa21,14380824,active,0.368,1.76,9.799315000273639
chr22_mat_hsa21,14384824,active,0.3765,1.832,9.98678298131598
chr22_mat_hsa21,14388824,active,0.369,1.712,9.716328352043327
chr22_mat_hsa21,14392824,active,0.366,1.664,9.55425959908915
chr22_mat_hsa21,14396824,active,0.373,1.872,10.019282778063612
chr22_mat_hsa21,14400824,active,0.369,1.74,9.714154492926138
chr22_mat_hsa21,14404824,active,0.3705,1.868,10.023402531224137
chr22_mat_hsa21,14408824,active,0.3695,1.772,9.79274015541629
chr22_mat_hsa21,14412824,active,0.3575,1.74,9.75206485253078
chr22_mat_hsa21,14416824,active,0.3695,1.884,10.015854077201777
chr22_mat_hsa21,14420824,active,0.36,1.668,9.678860142757019
chr22_mat_hsa21,14424824,active,0.359,1.592,9.494561735164833
chr22_mat_hsa21,14428824,active,0.359,1.608,9.552043082391503
chr22_mat_hsa21,14432824,active,0.365,1.792,9.828908637884844
chr22_mat_hsa21,14436824,active,0.358,1.64,9.54879141940332
chr22_mat_hsa21,14440824,active,0.3735,1.948,10.143771075394575
chr22_mat_hsa21,14444824,active,0.3685,1.724,9.750651767844625
chr22_mat_hsa21,14448824,active,0.3635,1.644,9.507296850987887
chr22_mat_hsa21,14452824,active,0.3635,1.68,9.640405926449214
chr22_mat_hsa21,14456824,active,0.3715,1.848,9.953335283136264
chr22_mat_hsa21,14460824,active,0.364,1.732,9.69395158000416
chr22_mat_hsa21,14464824,active,0.3695,1.884,10.069057465619151
chr22_mat_hsa21,14468824,active,0.3615,1.42,9.072876555452998
chr22_mat_hsa21,14472824,active,0.361,1.62,9.485864761176515
chr22_mat_hsa21,14476824,active,0.36,1.588,9.377993153329044
chr22_mat_hsa21,14480824,active,0.367,1.664,9.661656139838302
chr22_mat_hsa21,14484824,active,0.3665,1.716,9.623219793881017
chr22_mat_hsa21,14488824,active,0.374,1.88,10.030615315350577
chr22_mat_hsa21,14492824,active,0.357,1.464,9.128530718708955
chr22_mat_hsa21,14496824,active,0.3675,1.78,9.783661341970092
chr22_mat_hsa21,14500824,active,0.3675,1.768,9.7853661804908
chr22_mat_hsa21,14504824,active,0.3675,1.676,9.69057849534415
chr22_mat_hsa21,14508824,active,0.367,1.72,9.694342639295298
chr22_mat_hsa21,14512824,active,0.3665,1.756,9.760071339300739
chr22_mat_hsa21,14516824,active,0.375,1.752,9.75208147151742
chr22_mat_hsa21,14520824,active,0.365,1.764,9.827121778669792
chr22_mat_hsa21,14524824,active,0.3735,1.872,10.062994221700551
chr22_mat_hsa21,14528824,active,0.374,1.876,10.118019872352457
chr22_mat_hsa21,14532824,active,0.377,1.904,10.132837663398229
chr22_mat_hsa21,14536824,active,0.369,1.684,9.756156268823126
chr22_mat_hsa21,14540824,active,0.374,1.864,10.070004343598091
chr22_mat_hsa21,14544824,active,0.369,1.716,9.779912826677357
chr22_mat_hsa21,14548824,active,0.3695,1.74,9.837092772699428
chr22_mat_hsa21,14552824,active,0.3735,1.752,9.821465756911161
chr22_mat_hsa21,14556824,active,0.3675,1.692,9.68323880128263
chr22_mat_hsa21,14560824,active,0.377,1.936,10.133798153749321
chr22_mat_hsa21,14564824,active,0.3705,1.868,10.046235657850536
chr22_mat_hsa21,14568824,active,0.377,1.812,9.854515480320956
chr22_mat_hsa21,14572824,active,0.378,1.948,10.202250446808877
chr22_mat_hsa21,14576824,active,0.369,1.768,9.902550031347198
chr22_mat_hsa21,14580824,active,0.373,1.88,10.057178527703092
chr22_mat_hsa21,14584824,active,0.364,1.78,9.762517370616617
chr22_mat_hsa21,14588824,active,0.367,1.764,9.778155871171395
chr22_mat_hsa21,14592824,active,0.3735,1.812,9.87015853858309
chr22_mat_hsa21,14596824,active,0.373,1.8,9.82766955662608
chr22_mat_hsa21,14600824,active,0.3715,1.828,9.895373099685472
chr22_mat_hsa21,14604824,active,0.3725,1.82,9.87549780294688
chr22_mat_hsa21,14608824,active,0.3725,1.716,9.605301944707035
chr22_mat_hsa21,14612824,active,0.377,1.78,9.85811788532544
chr22_mat_hsa21,14616824,active,0.3675,1.784,9.752417041310137
chr22_mat_hsa21,14620824,active,0.371,1.752,9.730534097605522
chr22_mat_hsa21,14624824,active,0.368,1.736,9.685007413180047
chr22_mat_hsa21,14628824,active,0.3665,1.78,9.754289991232632
chr22_mat_hsa21,14632824,active,0.3665,1.836,9.873900957100293
chr22_mat_hsa21,14636824,active,0.3685,1.728,9.671942584865201
chr22_mat_hsa21,14640824,active,0.3695,1.716,9.68322640187741
chr22_mat_hsa21,14644824,active,0.369,1.724,9.751914544717598
chr22_mat_hsa21,14648824,active,0.373,1.788,9.861986908776847
chr22_mat_hsa21,14652824,active,0.371,1.828,9.925856037969119
chr22_mat_hsa21,14656824,active,0.3715,1.772,9.719122707023407
chr22_mat_hsa21,14660824,active,0.3705,1.796,9.818477274584309
chr22_mat_hsa21,14664824,active,0.37,1.708,9.666005524800516
chr22_mat_hsa21,14668824,active,0.366,1.736,9.736735848501402
chr22_mat_hsa21,14672824,active,0.366,1.78,9.733346555458791
chr22_mat_hsa21,14676824,active,0.3675,1.872,10.031941976919681
chr22_mat_hsa21,14680824,active,0.3645,1.824,9.863302600238036
chr22_mat_hsa21,14684824,active,0.3645,1.712,9.738941295796556
chr22_mat_hsa21,14688824,active,0.3545,1.876,10.006649893481034
chr22_mat_hsa21,14692824,active,0.364,1.74,9.772859188698533
chr22_mat_hsa21,14696824,active,0.362,1.644,9.609585943561793
chr22_mat_hsa21,14700824,active,0.357,1.876,10.055529681906936
chr22_mat_hsa21,14704824,active,0.366,1.86,9.926783678302176
chr22_mat_hsa21,14708824,active,0.357,1.792,9.811446401240744
chr22_mat_hsa21,14712824,active,0.352,1.784,9.744473623892304
chr22_mat_hsa21,14716824,active,0.3595,1.788,9.762976411433444
chr22_mat_hsa21,14720824,active,0.3545,2.004,10.24995390925171
chr22_mat_hsa21,14724824,active,0.367,1.904,10.074977768561297
chr22_mat_hsa21,14728824,active,0.3725,1.96,10.133521191172594
chr22_mat_hsa21,14732824,active,0.3595,1.92,10.153110735873119
chr22_mat_hsa21,14736824,active,0.369,1.872,10.083473947630832
chr22_mat_hsa21,14740824,active,0.3655,1.852,9.925076795130172
chr22_mat_hsa21,14744824,active,0.366,1.796,9.821024796911052
chr22_mat_hsa21,14748824,active,0.369,1.768,9.835681338400795
chr22_mat_hsa21,14752824,active,0.3675,1.856,9.994734195726304
chr22_mat_hsa21,14756824,active,0.369,1.792,9.808405175950629
chr22_mat_hsa21,14760824,active,0.3795,1.876,10.111734887795205
chr22_mat_hsa21,14764824,active,0.3665,1.796,9.864707388064858
chr22_mat_hsa21,14768824,active,0.376,1.932,10.166599439415855
chr22_mat_hsa21,14772824,active,0.367,1.852,9.948716034873637
chr22_mat_hsa21,14776824,active,0.3525,1.704,9.646492894347062
chr22_mat_hsa21,14780824,active,0.3655,1.756,9.773626602336565
chr22_mat_hsa21,14784824,active,0.3655,1.772,9.766034172755859
chr22_mat_hsa21,14788824,active,0.372,1.828,9.910489621898746
chr22_mat_hsa21,14792824,active,0.3695,1.82,9.911599748571147
chr22_mat_hsa21,14796824,active,0.3715,1.844,9.922529250746893
chr22_mat_hsa21,14800824,active,0.375,1.828,9.877181448433268
chr22_mat_hsa21,14804824,active,0.3685,1.888,9.958826615471633
chr22_mat_hsa21,14808824,active,0.3685,1.88,10.056542703058712
chr22_mat_hsa21,14812824,active,0.3695,1.868,10.045734098545429
chr22_mat_hsa21,14816824,active,0.374,1.876,10.070390711805919
chr22_mat_hsa21,14820824,active,0.3705,1.888,10.029586395577052
chr22_mat_hsa21,14824824,active,0.367,1.808,9.941939248152163
chr22_mat_hsa21,14828824,active,0.369,1.864,10.04876543272652
chr22_mat_hsa21,14832824,active,0.367,1.876,10.032428900991611
chr22_mat_hsa21,14836824,active,0.371,1.772,9.780038330920192
chr22_mat_hsa21,14840824,active,0.37,1.72,9.67125222361008
chr22_mat_hsa21,14844824,active,0.3705,1.684,9.669595797151754
chr22_mat_hsa21,14848824,active,0.372,1.828,9.95115260833337
chr22_mat_hsa21,14852824,active,0.366,1.7,9.753613098497524
chr22_mat_hsa21,14856824,active,0.3705,1.872,10.01240391179385
chr22_mat_hsa21,14860824,active,0.371,1.868,9.941828580680985
chr22_mat_hsa21,14864824,active,0.3725,1.812,9.847551824981355
chr22_mat_hsa21,14868824,active,0.363,1.872,10.051336269976963
chr22_mat_hsa21,14872824,active,0.365,1.888,9.937412320748452
chr22_mat_hsa21,14876824,active,0.369,1.828,9.82868433948477
chr22_mat_hsa21,14880824,active,0.364,1.708,9.749543429103465
chr22_mat_hsa21,14884824,active,0.3605,1.74,9.757838320059824
chr22_mat_hsa21,14888824,active,0.368,1.848,9.967502972938425
chr22_mat_hsa21,14892824,active,0.365,1.78,9.848986070169042
chr22_mat_hsa21,14896824,active,0.361,1.78,9.85095120281452
chr22_mat_hsa21,14900824,active,0.3685,1.836,9.93249100801051
chr22_mat_hsa21,14904824,active,0.3695,1.732,9.845767723517683
chr22_mat_hsa21,14908824,active,0.364,1.788,9.795237299815852
chr22_mat_hsa21,14912824,active,0.369,1.892,10.094503158602386
chr22_mat_hsa21,14916824,active,0.368,1.732,9.832076795166598
chr22_mat_hsa21,14920824,active,0.364,1.764,9.799968572368806
chr22_mat_hsa21,14924824,active,0.371,1.884,10.06980751880543
chr22_mat_hsa21,14928824,active,0.3695,1.868,10.020123639857145
chr22_mat_hsa21,14932824,active,0.3665,1.812,9.909518649281937
chr22_mat_hsa21,14936824,active,0.368,1.824,9.8149145913276
chr22_mat_hsa21,14940824,active,0.364,1.792,9.831425426366687
chr22_mat_hsa21,14944824,active,0.365,1.912,10.143309525689384
chr22_mat_hsa21,14948824,active,0.3655,1.872,10.049800716027448
chr22_mat_hsa21,14952824,active,0.3665,1.872,10.039033843831952
chr22_mat_hsa21,14956824,active,0.3765,1.984,10.18761118436505
chr22_mat_hsa21,14960824,active,0.3755,1.824,10.056488548686985
chr22_mat_hsa21,14964824,active,0.3675,1.92,10.03350343608704
chr22_mat_hsa21,14968824,active,0.36,1.82,9.887887698674994
chr22_mat_hsa21,14972824,active,0.3665,1.916,10.087836628748025
chr22_mat_hsa21,14976824,active,0.363,1.868,10.127907583847636
chr22_mat_hsa21,14980824,active,0.3635,1.824,9.95771592862677
chr22_mat_hsa21,14984824,active,0.354,1.82,9.887294477021772
chr22_mat_hsa21,14988824,active,0.3675,1.924,10.128012962622488
chr22_mat_hsa21,14992824,active,0.363,1.78,9.796264204851628
chr22_mat_hsa21,14996824,active,0.362,1.792,9.791919688461794
chr22_mat_hsa21,15000824,active,0.3615,1.776,9.773910592667775
chr22_mat_hsa21,15004824,active,0.361,1.632,9.49911083700341
chr22_mat_hsa21,15008824,active,0.3625,1.72,9.659857557025475
chr22_mat_hsa21,15012824,active,0.368,1.82,9.894486488601961
chr22_mat_hsa21,15016824,active,0.361,1.828,9.89200989982604
chr22_mat_hsa21,15020824,active,0.358,1.648,9.48430278104194
chr22_mat_hsa21,15024824,active,0.3645,1.728,9.655534432703648
chr22_mat_hsa21,15028824,active,0.3635,1.752,9.724553111811778
chr22_mat_hsa21,15032824,active,0.363,1.812,9.889466429623582
chr22_mat_hsa21,15036824,active,0.363,1.888,10.004669803076693
chr22_mat_hsa21,15040824,active,0.3655,1.82,9.90776346536694
chr22_mat_hsa21,15044824,active,0.3645,1.824,9.879615784516457
chr22_mat_hsa21,15048824,active,0.3615,1.86,9.99504182708237
chr22_mat_hsa21,15052824,active,0.365,1.784,9.851688441823836
chr22_mat_hsa21,15056824,active,0.371,1.888,10.10407061098131
chr22_mat_hsa21,15060824,active,0.36,1.764,9.85381859058598
chr22_mat_hsa21,15064824,active,0.3695,1.864,10.016128946254165
chr22_mat_hsa21,15068824,active,0.371,1.868,9.985087312947188
chr22_mat_hsa21,15072824,active,0.364,1.816,9.91798835174489
chr22_mat_hsa21,15076824,active,0.3595,1.792,9.817968963204265
chr22_mat_hsa21,15080824,active,0.368,1.804,9.994689687768258
chr22_mat_hsa21,15084824,active,0.362,1.912,10.18890033795776
chr22_mat_hsa21,15088824,active,0.3695,2.024,10.359931830562642
chr22_mat_hsa21,15092824,active,0.3625,2.024,10.38613832479344
chr22_mat_hsa21,15096824,active,0.363,2.008,10.272033289201557
chr22_mat_hsa21,15100824,active,0.367,1.824,9.987849708942761
chr22_mat_hsa21,15104824,active,0.3755,1.972,10.237751213002811
chr22_mat_hsa21,15108824,active,0.3695,1.868,10.095587190543105
chr22_mat_hsa21,15112824,active,0.389,2.412,10.955537640054022
chr22_mat_hsa21,15116824,active,0.372,1.944,10.176129883093044
chr22_mat_hsa21,15120824,inactive,0.3555,1.976,10.243496714914578
chr22_mat_hsa21,15124824,inactive,0.3585,1.924,10.144411994461528
chr22_mat_hsa21,15128824,inactive,0.368,1.772,9.98718944091056
chr22_mat_hsa21,15132824,inactive,0.3635,1.888,10.106966391166544
chr22_mat_hsa21,15136824,inactive,0.3705,1.832,9.999696981442751
chr22_mat_hsa21,15140824,inactive,0.3655,1.876,10.1876303951944
chr22_mat_hsa21,15144824,inactive,0.3715,1.916,10.124437549099513
chr22_mat_hsa21,15148824,inactive,0.369,1.868,10.10701455853362
chr22_mat_hsa21,15152824,inactive,0.372,1.848,10.029144283507739
