chrom,start,state,gc,bz2_bpb,H11
chr1,121619169,inactive,0.394,2.068,10.359368374482655
chr1,121623169,inactive,0.399,2.004,10.281001185721168
chr1,121627169,inactive,0.4055,2.096,10.44507648816151
chr1,121631169,inactive,0.4115,2.116,10.536272356172496
chr1,121635169,inactive,0.411,2.124,10.576102067191986
chr1,121639169,inactive,0.425,2.216,10.659072428253104
chr1,121643169,inactive,0.4185,2.176,10.597948721011337
chr1,121647169,inactive,0.4315,2.152,10.578606899405473
chr1,121651169,inactive,0.4325,2.232,10.670031911376043
chr1,121655169,inactive,0.433,2.216,10.629015374218874
chr1,121659169,inactive,0.4235,2.188,10.573124194790578
chr1,121663169,inactive,0.4305,2.204,10.662946551843326
chr1,121667169,inactive,0.423,2.18,10.588315013183843
chr1,121671169,inactive,0.43,2.2,10.622449018945952
chr1,121675169,inactive,0.4325,2.2,10.600292502110296
chr1,121679169,inactive,0.433,2.216,10.63340183449686
chr1,121683169,inactive,0.433,2.192,10.61099968809091
chr1,121687169,inactive,0.427,2.18,10.604607751609345
chr1,121691169,inactive,0.4345,2.176,10.580760833044655
chr1,121695169,inactive,0.4345,2.2,10.59772659908999
chr1,121699169,inactive,0.4325,2.18,10.590817751872962
chr1,121703169,inactive,0.4315,2.188,10.606374930041731
chr1,121707169,inactive,0.436,2.184,10.573865320971713
chr1,121711169,inactive,0.436,2.232,10.634810782555867
chr1,121715169,inactive,0.434,2.216,10.631720941045629
chr1,121719169,inactive,0.4375,2.2,10.59679771897342
chr1,121723169,inactive,0.433,2.184,10.57044036973807
chr1,121727169,inactive,0.425,2.212,10.622145823501652
chr1,121731169,inactive,0.423,2.208,10.644653271444371
chr1,121735169,inactive,0.425,2.236,10.687555269248593
chr1,121739169,inactive,0.4225,2.208,10.67277642023642
chr1,121743169,inactive,0.4235,2.196,10.644958205946821
chr1,121747169,inactive,0.4305,2.168,10.572910479499411
chr1,121751169,inactive,0.431,2.188,10.588118852618244
chr1,121755169,inactive,0.4255,2.164,10.586621139054746
chr1,121759169,inactive,0.4265,2.164,10.569915052372412
chr1,121763169,inactive,0.4315,2.152,10.58134966920768
chr1,121767169,inactive,0.43,2.172,10.59030403630949
chr1,121771169,inactive,0.429,2.18,10.602302552361547
chr1,121775169,inactive,0.429,2.144,10.577524433349424
chr1,121779169,inactive,0.427,2.18,10.605439736819335
chr1,121783169,inactive,0.4325,2.156,10.563268808178547
chr1,121787169,inactive,0.414,2.396,10.913326584777646
chr1,121791169,inactive,0.413,2.18,10.646626118720178
chr1,121795169,active,0.3995,2.252,10.629658613616723
chr1,121799169,active,0.3945,1.76,9.681211002624272
chr1,121803169,active,0.389,1.468,9.206993493597428
chr1,121807169,active,0.387,1.7,9.621590380596665
chr1,121811169,active,0.3905,1.512,9.256509297734368
chr1,121815169,active,0.3905,1.4,9.053804406567187
chr1,121819169,active,0.3885,1.48,9.247119100794968
chr1,121823169,active,0.387,1.404,9.083244974022982
chr1,121827169,active,0.3925,1.656,9.540176523372548
chr1,121831169,active,0.3895,1.644,9.499477310666354
chr1,121835169,active,0.3855,1.724,9.708084991083227
chr1,121839169,active,0.3905,1.808,9.756959186768208
chr1,121843169,active,0.393,1.724,9.65719144257543
chr1,121847169,active,0.3945,1.424,9.17364134178948
chr1,121851169,active,0.3955,1.696,9.623538987686064
chr1,121855169,active,0.388,1.684,9.606299477841082
chr1,121859169,active,0.3875,1.704,9.621684744558356
chr1,121863169,active,0.391,1.792,9.769013922351343
chr1,121867169,active,0.383,1.756,9.746424320338365
chr1,121871169,active,0.3885,1.736,9.67952949857903
chr1,121875169,active,0.386,1.776,9.783015183672068
chr1,121879169,active,0.3825,1.772,9.77827104176067
chr1,121883169,active,0.3825,1.752,9.747625916633627
chr1,121887169,active,0.3825,1.72,9.65728876918627
chr1,121891169,active,0.3885,1.704,9.581407440471
chr1,121895169,active,0.394,1.816,9.817679352359338
chr1,121899169,active,0.3845,1.78,9.823621375019155
chr1,121903169,active,0.384,1.672,9.597494973867063
chr1,121907169,active,0.3865,1.628,9.545319925499058
chr1,121911169,active,0.3835,1.48,9.309166110796323
chr1,121915169,active,0.3855,1.552,9.362877683890318
chr1,121919169,active,0.3895,1.344,8.992311687511778
chr1,121923169,active,0.3905,1.468,9.222912817676493
chr1,121927169,active,0.393,1.7,9.58475786257881
chr1,121931169,active,0.389,1.42,9.11080298370457
chr1,121935169,active,0.3895,1.744,9.698075692430528
chr1,121939169,active,0.3875,1.716,9.645133943524597
chr1,121943169,active,0.3945,1.628,9.453610624868974
chr1,121947169,active,0.3925,1.704,9.619827061563349
chr1,121951169,active,0.3915,1.676,9.592330544614935
chr1,121955169,active,0.3895,1.644,9.56652866114968
chr1,121959169,active,0.391,1.58,9.423199914509095
chr1,121963169,active,0.397,1.7,9.600423371547608
chr1,121967169,active,0.3925,1.768,9.703969590880188
chr1,121971169,active,0.39,1.72,9.646428191539925
chr1,121975169,active,0.3875,1.7,9.603500869790507
chr1,121979169,active,0.3925,1.684,9.547522303733436
chr1,121983169,active,0.3915,1.652,9.590327412347277
chr1,121987169,active,0.39,1.468,9.229435682025981
chr1,121991169,active,0.388,1.696,9.587712067138876
chr1,121995169,active,0.395,1.68,9.6566924410317
chr1,121999169,active,0.3865,1.732,9.686451394044257
chr1,122003169,active,0.385,1.428,9.189966689278062
chr1,122007169,active,0.394,1.568,9.335613146314161
chr1,122011169,active,0.3965,1.704,9.61785181100232
chr1,122015169,active,0.3875,1.68,9.546616582515862
chr1,122019169,active,0.392,1.352,9.021132313450838
chr1,122023169,active,0.393,1.616,9.56612934553687
chr1,122027169,active,0.389,1.72,9.61569938470695
chr1,122031169,active,0.3885,1.632,9.524049770291686
chr1,122035169,active,0.389,1.504,9.294974620733116
chr1,122039169,active,0.391,1.724,9.667072558020426
chr1,122043169,active,0.388,1.664,9.609140051472231
chr1,122047169,active,0.3935,1.668,9.582288373079253
chr1,122051169,active,0.389,1.72,9.635276663378217
chr1,122055169,active,0.394,1.708,9.662158094147298
chr1,122059169,active,0.389,1.724,9.674996840298512
chr1,122063169,active,0.389,1.716,9.653909073092082
chr1,122067169,active,0.3895,1.732,9.656359230558918
chr1,122071169,active,0.391,1.708,9.673934576948547
chr1,122075169,active,0.387,1.684,9.55899338207896
chr1,122079169,active,0.3885,1.66,9.544249371006051
chr1,122083169,active,0.3905,1.664,9.636121799126357
chr1,122087169,active,0.3885,1.676,9.57723336089073
chr1,122091169,active,0.392,1.728,9.641870430404442
chr1,122095169,active,0.392,1.728,9.649671728760485
chr1,122099169,active,0.3925,1.728,9.680993100284379
chr1,122103169,active,0.39,1.668,9.532671142294658
chr1,122107169,active,0.3955,1.652,9.566646964464574
chr1,122111169,active,0.389,1.648,9.530739723292104
chr1,122115169,active,0.392,1.716,9.6299074401238
chr1,122119169,active,0.389,1.712,9.624063138338563
chr1,122123169,active,0.3915,1.744,9.71711933006036
chr1,122127169,active,0.3895,1.644,9.539106046117618
chr1,122131169,active,0.389,1.7,9.599712759669643
chr1,122135169,active,0.389,1.712,9.66001454443542
chr1,122139169,active,0.3915,1.484,9.215088096178647
chr1,122143169,active,0.386,1.716,9.625275598182283
chr1,122147169,active,0.388,1.484,9.22015799567054
chr1,122151169,active,0.3875,1.444,9.135402643343776
chr1,122155169,active,0.3855,1.56,9.37688906408289
chr1,122159169,active,0.3835,1.756,9.669665524044072
chr1,122163169,active,0.386,1.668,9.530862186839187
chr1,122167169,active,0.3875,1.668,9.576544240375412
chr1,122171169,active,0.3845,1.424,9.152431669976881
chr1,122175169,active,0.3875,1.336,8.977641878972355
chr1,122179169,active,0.389,1.696,9.583056392403545
chr1,122183169,active,0.3875,1.648,9.502455490852773
chr1,122187169,active,0.388,1.62,9.454872902890383
chr1,122191169,active,0.3895,1.76,9.712314891340013
chr1,122195169,active,0.3905,1.64,9.485246165579538
chr1,122199169,active,0.383,1.68,9.653388607002206
chr1,122203169,active,0.3855,1.7,9.60805817240518
chr1,122207169,active,0.3915,1.612,9.43412427674836
chr1,122211169,active,0.394,1.66,9.534694914689013
chr1,122215169,active,0.391,1.728,9.674260765383082
chr1,122219169,active,0.393,1.708,9.63931020879573
chr1,122223169,active,0.3875,1.644,9.515494856130214
chr1,122227169,active,0.388,1.544,9.347754299831308
chr1,122231169,active,0.3935,1.356,8.968332654818536
chr1,122235169,active,0.388,1.592,9.440513416489438
chr1,122239169,active,0.3865,1.644,9.503502543413134
chr1,122243169,active,0.3895,1.624,9.492480165922286
chr1,122247169,active,0.3945,1.724,9.651081668696266
chr1,122251169,active,0.3855,1.612,9.431346081277875
chr1,122255169,active,0.394,1.696,9.591623748170706
chr1,122259169,active,0.3905,1.68,9.572403070585526
chr1,122263169,active,0.3905,1.7,9.601815485245952
chr1,122267169,active,0.3905,1.632,9.562220177561077
chr1,122271169,active,0.3895,1.72,9.68647235931574
chr1,122275169,active,0.392,1.68,9.638189632390317
chr1,122279169,active,0.388,1.736,9.642049036244492
chr1,122283169,active,0.393,1.66,9.554508648018686
chr1,122287169,active,0.3905,1.672,9.595896505997995
chr1,122291169,active,0.3905,1.448,9.1720157699521
chr1,122295169,active,0.39,1.356,8.920951331829304
chr1,122299169,active,0.3905,1.512,9.26195753196736
chr1,122303169,active,0.3915,1.716,9.634229223818918
chr1,122307169,active,0.39,1.644,9.564721433319805
chr1,122311169,active,0.391,1.72,9.671715508205667
chr1,122315169,active,0.3915,1.564,9.362612302015531
chr1,122319169,active,0.3915,1.56,9.336109336050345
chr1,122323169,active,0.387,1.364,9.00520689654376
chr1,122327169,active,0.3895,1.652,9.521943638120877
chr1,122331169,active,0.3885,1.428,9.102456191670246
chr1,122335169,active,0.3875,1.68,9.595360334011623
chr1,122339169,active,0.3885,1.38,9.01118446896943
chr1,122343169,active,0.384,1.396,9.046494001876079
chr1,122347169,active,0.387,1.396,9.115945676898734
chr1,122351169,active,0.392,1.736,9.629490763319
chr1,122355169,active,0.392,1.7,9.546314069187462
chr1,122359169,active,0.39,1.728,9.638576387597105
chr1,122363169,active,0.3935,1.748,9.712699803434043
chr1,122367169,active,0.394,1.68,9.575139041944569
chr1,122371169,active,0.3895,1.344,8.954184899353892
chr1,122375169,active,0.393,1.672,9.605358243024686
chr1,122379169,active,0.391,1.3,8.90999275293697
chr1,122383169,active,0.3935,1.2,8.728431563058058
chr1,122387169,active,0.395,1.616,9.508235360750488
chr1,122391169,active,0.389,1.664,9.526650145352523
chr1,122395169,active,0.39,1.644,9.537127821474934
chr1,122399169,active,0.388,1.788,9.754123098514114
chr1,122403169,active,0.3925,1.452,9.145319634439797
chr1,122407169,active,0.391,1.736,9.672103996754396
chr1,122411169,active,0.394,1.704,9.663659235405493
chr1,122415169,active,0.394,1.556,9.350963326762304
chr1,122419169,active,0.3895,1.744,9.678025733753767
chr1,122423169,active,0.3905,1.412,9.070947678463622
chr1,122427169,active,0.3935,1.632,9.497333726445907
chr1,122431169,active,0.3895,1.756,9.688977447657061
chr1,122435169,active,0.3915,1.74,9.701042099617203
chr1,122439169,active,0.39,1.608,9.463632079779979
chr1,122443169,active,0.389,1.748,9.700039778609964
chr1,122447169,active,0.3875,1.476,9.210939411744153
chr1,122451169,active,0.385,1.484,9.291496710205928
chr1,122455169,active,0.3945,1.7,9.59780335395309
chr1,122459169,active,0.391,1.66,9.55072666068147
chr1,122463169,active,0.391,1.616,9.464260599441811
chr1,122467169,active,0.3905,1.676,9.5690608335946
chr1,122471169,active,0.393,1.552,9.339043332188053
chr1,122475169,active,0.389,1.716,9.620590129508697
chr1,122479169,active,0.3905,1.716,9.632408273845995
chr1,122483169,active,0.39,1.628,9.51430136242053
chr1,122487169,active,0.391,1.58,9.388482371688267
chr1,122491169,active,0.386,1.728,9.633383156283443
chr1,122495169,active,0.392,1.7,9.625388359177837
chr1,122499169,active,0.3885,1.712,9.620989118211943
chr1,122503169,active,0.3935,1.668,9.522725477926555
chr1,122507169,active,0.3895,1.648,9.594050490610794
chr1,122511169,active,0.3915,1.712,9.646825724129377
chr1,122515169,active,0.39,1.468,9.18864088144981
chr1,122519169,active,0.3915,1.724,9.658199657156736
chr1,122523169,active,0.3905,1.624,9.478429579449049
chr1,122527169,active,0.3885,1.688,9.59167960180312
chr1,122531169,active,0.3915,1.716,9.629288676646553
chr1,122535169,active,0.39,1.684,9.623876584389153
chr1,122539169,active,0.3895,1.632,9.485773587478999
chr1,122543169,active,0.3905,1.748,9.678345414808739
chr1,122547169,active,0.394,1.548,9.301112875797664
chr1,122551169,active,0.3875,1.648,9.494531755766134
chr1,122555169,active,0.392,1.712,9.619803393721883
chr1,122559169,active,0.3915,1.608,9.433553638437706
chr1,122563169,active,0.3895,1.712,9.633356834745252
chr1,122567169,active,0.3875,1.552,9.364024511369308
chr1,122571169,active,0.3885,1.676,9.557932247193143
chr1,122575169,active,0.3935,1.72,9.608702153268164
chr1,122579169,active,0.3875,1.452,9.152744391482024
chr1,122583169,active,0.39,1.684,9.600845099618109
chr1,122587169,active,0.391,1.48,9.218707083579416
chr1,122591169,active,0.393,1.424,9.125917736302812
chr1,122595169,active,0.3915,1.56,9.322227506508659
chr1,122599169,active,0.392,1.692,9.6302522466825
chr1,122603169,active,0.389,1.716,9.583033620503487
chr1,122607169,active,0.3905,1.672,9.544413141623018
chr1,122611169,active,0.39,1.396,9.089351602728705
chr1,122615169,active,0.389,1.564,9.350948250901437
chr1,122619169,active,0.394,1.724,9.616069414299508
chr1,122623169,active,0.392,1.676,9.582341969043274
chr1,122627169,active,0.3885,1.74,9.671277964467771
chr1,122631169,active,0.3915,1.684,9.612486022707342
chr1,122635169,active,0.3865,1.74,9.673559295884168
chr1,122639169,active,0.391,1.724,9.648065214443626
chr1,122643169,active,0.3905,1.744,9.685989816566247
chr1,122647169,active,0.3935,1.712,9.639922546891373
chr1,122651169,active,0.3895,1.684,9.615998360569744
chr1,122655169,active,0.3895,1.716,9.62588965423587
chr1,122659169,active,0.39,1.708,9.599160051650927
chr1,122663169,active,0.391,1.752,9.695821424017483
chr1,122667169,active,0.388,1.728,9.62993362256977
chr1,122671169,active,0.39,1.72,9.656189606905473
chr1,122675169,active,0.3925,1.632,9.467696824827906
chr1,122679169,active,0.3905,1.608,9.427427787787321
chr1,122683169,active,0.389,1.308,8.926678016862502
chr1,122687169,active,0.39,1.448,9.121521102779615
chr1,122691169,active,0.3925,1.62,9.535431344070666
chr1,122695169,active,0.3915,1.58,9.358670178942644
chr1,122699169,active,0.3895,1.684,9.58923855023111
chr1,122703169,active,0.3935,1.64,9.498507953188401
chr1,122707169,active,0.3875,1.312,8.913461738121935
chr1,122711169,active,0.389,1.5,9.264811649592163
chr1,122715169,active,0.3915,1.744,9.652033288180064
chr1,122719169,active,0.392,1.356,9.012830686649737
chr1,122723169,active,0.3905,1.468,9.20454863625949
chr1,122727169,active,0.392,1.668,9.587062160168983
chr1,122731169,active,0.389,1.612,9.450379479572753
chr1,122735169,active,0.3895,1.704,9.603568968351848
chr1,122739169,active,0.3895,1.536,9.303021804787324
chr1,122743169,active,0.387,1.316,8.942001169239019
chr1,122747169,active,0.3875,1.508,9.291534924922818
chr1,122751169,active,0.391,1.676,9.565641808467815
chr1,122755169,active,0.388,1.744,9.678869347582424
chr1,122759169,active,0.392,1.724,9.619534953262505
chr1,122763169,active,0.393,1.744,9.656272806485541
chr1,122767169,active,0.3895,1.712,9.608989533045069
chr1,122771169,active,0.393,1.724,9.611137121045658
chr1,122775169,active,0.3945,1.72,9.639143863268588
chr1,122779169,active,0.393,1.732,9.656692184903859
chr1,122783169,active,0.3915,1.708,9.613860989779369
chr1,122787169,active,0.392,1.72,9.68123696969627
chr1,122791169,active,0.39,1.772,9.710011791332828
chr1,122795169,active,0.391,1.696,9.633400711009005
chr1,122799169,active,0.3885,1.676,9.612441901748262
chr1,122803169,active,0.3895,1.568,9.421454046146607
chr1,122807169,active,0.3905,1.564,9.342846374211817
chr1,122811169,active,0.39,1.724,9.65459681473166
chr1,122815169,active,0.3965,1.612,9.466372756057845
chr1,122819169,active,0.3905,1.716,9.627497597850015
chr1,122823169,active,0.391,1.684,9.568225620679868
chr1,122827169,active,0.391,1.716,9.630891653497786
chr1,122831169,active,0.3905,1.716,9.604485892200035
chr1,122835169,active,0.3885,1.648,9.493680854737834
chr1,122839169,active,0.396,1.68,9.577712741001042
chr1,122843169,active,0.3905,1.616,9.499118950657392
chr1,122847169,active,0.389,1.712,9.581546826626292
chr1,122851169,active,0.394,1.672,9.53496821785668
chr1,122855169,active,0.3915,1.688,9.585120202762782
chr1,122859169,active,0.393,1.688,9.571261827236983
chr1,122863169,active,0.3935,1.704,9.607527637865049
chr1,122867169,active,0.395,1.616,9.438274184029568
chr1,122871169,active,0.3905,1.712,9.625829685076651
chr1,122875169,active,0.394,1.632,9.514012854179459
chr1,122879169,active,0.3895,1.676,9.563264755314288
chr1,122883169,active,0.394,1.588,9.389760056854755
chr1,122887169,active,0.3895,1.752,9.73140971021615
chr1,122891169,active,0.3925,1.584,9.400004249257133
chr1,122895169,active,0.392,1.556,9.376284499898638
chr1,122899169,active,0.3905,1.756,9.67130849987119
chr1,122903169,active,0.39,1.66,9.563972898101479
chr1,122907169,active,0.3905,1.684,9.603298756301523
chr1,122911169,active,0.386,1.424,9.14203639219709
chr1,122915169,active,0.391,1.676,9.628549998455938
chr1,122919169,active,0.394,1.752,9.64156266091247
chr1,122923169,active,0.393,1.656,9.51462423864745
chr1,122927169,active,0.39,1.736,9.661268361770514
chr1,122931169,active,0.3915,1.548,9.344749674187382
chr1,122935169,active,0.3915,1.728,9.615509891713351
chr1,122939169,active,0.3915,1.672,9.56638158258978
chr1,122943169,active,0.391,1.688,9.583401010404764
chr1,122947169,active,0.39,1.768,9.689860080757427
chr1,122951169,active,0.3925,1.624,9.476100937617836
chr1,122955169,active,0.391,1.752,9.666320190219528
chr1,122959169,active,0.394,1.636,9.549839769010436
chr1,122963169,active,0.39,1.672,9.565755510918553
chr1,122967169,active,0.395,1.588,9.38911115245386
chr1,122971169,active,0.3895,1.68,9.622813895051095
chr1,122975169,active,0.3915,1.68,9.578179724211
chr1,122979169,active,0.3895,1.736,9.662033742781988
chr1,122983169,active,0.3955,1.644,9.538594034574727
chr1,122987169,active,0.3915,1.724,9.623693589107363
chr1,122991169,active,0.3915,1.652,9.4921121841243
chr1,122995169,active,0.392,1.684,9.583998994663142
chr1,122999169,active,0.394,1.664,9.511488728182313
chr1,123003169,active,0.3925,1.668,9.514169750778063
chr1,123007169,active,0.3915,1.744,9.677308829870192
chr1,123011169,active,0.391,1.384,9.04511748233175
chr1,123015169,active,0.3905,1.688,9.618060720531446
chr1,123019169,active,0.3875,1.396,9.065072817601788
chr1,123023169,active,0.392,1.66,9.511604556690145
chr1,123027169,active,0.391,1.664,9.5899575744555
chr1,123031169,active,0.388,1.74,9.664695406528482
chr1,123035169,active,0.3905,1.736,9.70875410888241
chr1,123039169,active,0.393,1.636,9.491771785704577
chr1,123043169,active,0.3895,1.752,9.71261486479583
chr1,123047169,active,0.3905,1.768,9.748597869694656
chr1,123051169,active,0.3885,1.744,9.663477053110688
chr1,123055169,active,0.39,1.368,9.025737178871745
chr1,123059169,active,0.392,1.616,9.461527332201102
chr1,123063169,active,0.3905,1.752,9.672975638646632
chr1,123067169,active,0.39,1.72,9.664062416873652
chr1,123071169,active,0.3925,1.608,9.478340099295918
chr1,123075169,active,0.3925,1.56,9.314331538381825
chr1,123079169,active,0.3915,1.692,9.582185459443679
chr1,123083169,active,0.3905,1.596,9.40072190032213
chr1,123087169,active,0.392,1.696,9.606395929610818
chr1,123091169,active,0.392,1.744,9.652673049461562
chr1,123095169,active,0.3895,1.684,9.621750639824436
chr1,123099169,active,0.3945,1.636,9.479102612785152
chr1,123103169,active,0.388,1.728,9.659851759978977
chr1,123107169,active,0.394,1.616,9.475859134913817
chr1,123111169,active,0.3885,1.556,9.357082091687667
chr1,123115169,active,0.3905,1.64,9.611957845938722
chr1,123119169,active,0.391,1.672,9.573678531356551
chr1,123123169,active,0.391,1.496,9.256080031414177
chr1,123127169,active,0.3935,1.604,9.450580829756033
chr1,123131169,active,0.3915,1.676,9.544628982971231
chr1,123135169,active,0.389,1.536,9.29567718118745
chr1,123139169,active,0.388,1.728,9.647053161563544
chr1,123143169,active,0.394,1.664,9.544918456272496
chr1,123147169,active,0.393,1.632,9.499258968930048
chr1,123151169,active,0.391,1.68,9.579360591709031
chr1,123155169,active,0.393,1.632,9.51570573071555
chr1,123159169,active,0.391,1.668,9.564545918597089
chr1,123163169,active,0.3925,1.608,9.408837342105574
chr1,123167169,active,0.389,1.752,9.726949835864005
chr1,123171169,active,0.3925,1.72,9.632978235757088
chr1,123175169,active,0.3895,1.476,9.219004969227125
chr1,123179169,active,0.389,1.66,9.570975090586906
chr1,123183169,active,0.3915,1.728,9.646041436333116
chr1,123187169,active,0.389,1.728,9.646433015999197
chr1,123191169,active,0.3935,1.588,9.406608498972137
chr1,123195169,active,0.392,1.688,9.595784155606463
chr1,123199169,active,0.3915,1.696,9.601462023193976
chr1,123203169,active,0.3905,1.688,9.628653528401806
chr1,123207169,active,0.391,1.344,8.986919035712242
chr1,123211169,active,0.3935,1.644,9.514164179137364
chr1,123215169,active,0.393,1.664,9.56067601458837
chr1,123219169,active,0.3925,1.64,9.488880558466764
chr1,123223169,active,0.392,1.712,9.612099017088958
chr1,123227169,active,0.3895,1.712,9.63767803716771
chr1,123231169,active,0.3925,1.64,9.501635024490582
chr1,123235169,active,0.3895,1.736,9.65699070796212
chr1,123239169,active,0.3885,1.676,9.579527241280738
chr1,123243169,active,0.39,1.52,9.29925606813497
chr1,123247169,active,0.388,1.644,9.53611152791301
chr1,123251169,active,0.3895,1.676,9.611121054966665
chr1,123255169,active,0.3905,1.728,9.676575008671643
chr1,123259169,active,0.3935,1.608,9.452324920071224
chr1,123263169,active,0.394,1.64,9.510104782135034
chr1,123267169,active,0.392,1.74,9.671812075462583
chr1,123271169,active,0.3935,1.664,9.509866425014563
chr1,123275169,active,0.387,1.728,9.64799218736846
chr1,123279169,active,0.3905,1.416,9.071946390483413
chr1,123283169,active,0.3905,1.724,9.629626594542966
chr1,123287169,active,0.3915,1.692,9.560388253528734
chr1,123291169,active,0.389,1.524,9.277364513642372
chr1,123295169,active,0.3875,1.74,9.693076888340606
chr1,123299169,active,0.393,1.704,9.571057903167997
chr1,123303169,active,0.3905,1.724,9.643394105323672
chr1,123307169,active,0.3885,1.74,9.701509404760596
chr1,123311169,active,0.3945,1.644,9.512437289081525
chr1,123315169,active,0.39,1.756,9.676487622042862
chr1,123319169,active,0.39,1.748,9.626955363169381
chr1,123323169,active,0.3935,1.696,9.554259114344017
chr1,123327169,active,0.392,1.416,9.06959813939134
chr1,123331169,active,0.389,1.744,9.69835331351804
chr1,123335169,active,0.3925,1.66,9.520998587870734
chr1,123339169,active,0.3885,1.384,9.05643800640004
chr1,123343169,active,0.3855,1.664,9.566085441716485
chr1,123347169,active,0.3935,1.724,9.58322314602983
chr1,123351169,active,0.395,1.672,9.591210682858238
chr1,123355169,active,0.3855,1.716,9.662485755844335
chr1,123359169,active,0.387,1.564,9.355661781830038
chr1,123363169,active,0.3895,1.724,9.670405554293865
chr1,123367169,active,0.3915,1.724,9.651245554800274
chr1,123371169,active,0.387,1.492,9.293125727626872
chr1,123375169,active,0.3905,1.68,9.606045004220066
chr1,123379169,active,0.388,1.716,9.629066167726238
chr1,123383169,active,0.391,1.632,9.49604280447368
chr1,123387169,active,0.39,1.572,9.403194223786754
chr1,123391169,active,0.39,1.68,9.61154107651181
chr1,123395169,active,0.3875,1.38,9.104069012141082
chr1,123399169,active,0.387,1.676,9.600200900876334
chr1,123403169,active,0.39,1.692,9.651195531339473
chr1,123407169,active,0.3925,1.676,9.527446666645252
chr1,123411169,active,0.3885,1.352,9.035685068054454
chr1,123415169,active,0.3905,1.652,9.56298270248278
chr1,123419169,active,0.3915,1.364,9.06436108255279
chr1,123423169,active,0.3915,1.648,9.52700416186072
chr1,123427169,active,0.3885,1.424,9.125831456297602
chr1,123431169,active,0.3925,1.744,9.67099072378306
chr1,123435169,active,0.39,1.768,9.70597820040162
chr1,123439169,active,0.386,1.432,9.180794038553692
chr1,123443169,active,0.392,1.756,9.722483758176875
chr1,123447169,active,0.389,1.688,9.57718266103027
chr1,123451169,active,0.3865,1.736,9.633453369469388
chr1,123455169,active,0.39,1.624,9.495579168508936
chr1,123459169,active,0.3865,1.608,9.517508821918337
chr1,123463169,active,0.3895,1.572,9.442347861798845
chr1,123467169,active,0.3905,1.42,9.105994465730532
chr1,123471169,active,0.3935,1.78,9.753091403100363
chr1,123475169,active,0.393,1.8,9.76790785997575
chr1,123479169,active,0.3915,1.392,9.051201624163475
chr1,123483169,active,0.392,1.72,9.625818475989744
chr1,123487169,active,0.3915,1.644,9.559110949644971
chr1,123491169,active,0.3965,1.756,9.7019004510707
chr1,123495169,active,0.394,1.464,9.157332019414955
chr1,123499169,active,0.3885,1.52,9.364618519684267
chr1,123503169,active,0.3875,1.748,9.656130718293628
chr1,123507169,active,0.3925,1.56,9.377186759725593
chr1,123511169,active,0.3845,1.344,8.985048631061412
chr1,123515169,active,0.3905,1.684,9.590927877129024
chr1,123519169,active,0.39,1.772,9.754239564432508
chr1,123523169,active,0.3925,1.692,9.63831780416546
chr1,123527169,active,0.395,1.728,9.636471800210682
chr1,123531169,active,0.39,1.564,9.403354488413564
chr1,123535169,active,0.3945,1.644,9.544960265828383
chr1,123539169,active,0.3935,1.676,9.551515346948836
chr1,123543169,active,0.3885,1.624,9.51611737816327
chr1,123547169,active,0.393,1.6,9.405710526190983
chr1,123551169,active,0.391,1.624,9.491080456177764
chr1,123555169,active,0.393,1.632,9.478933155040405
chr1,123559169,active,0.393,1.68,9.581364046227318
chr1,123563169,active,0.391,1.724,9.638798149336019
chr1,123567169,active,0.3915,1.572,9.29185249978538
chr1,123571169,active,0.395,1.6,9.399640015538768
chr1,123575169,active,0.391,1.644,9.540900836293295
chr1,123579169,active,0.3925,1.644,9.570318038826889
chr1,123583169,active,0.389,1.62,9.525574154143284
chr1,123587169,active,0.3905,1.608,9.409640530970352
chr1,123591169,active,0.394,1.624,9.459470576412834
chr1,123595169,active,0.39,1.624,9.474411218004692
chr1,123599169,active,0.3935,1.644,9.552235440288136
chr1,123603169,active,0.391,1.676,9.594088574951977
chr1,123607169,active,0.3905,1.616,9.449274348244273
chr1,123611169,active,0.39,1.652,9.508983895968807
chr1,123615169,active,0.3915,1.636,9.503444340128572
chr1,123619169,active,0.389,1.512,9.339423059640339
chr1,123623169,active,0.391,1.652,9.54515146534737
chr1,123627169,active,0.3895,1.56,9.387402105784195
chr1,123631169,active,0.3915,1.628,9.471036450424336
chr1,123635169,active,0.3885,1.608,9.476675375978271
chr1,123639169,active,0.3915,1.332,9.044688341906772
chr1,123643169,active,0.3905,1.76,9.690146391419475
chr1,123647169,active,0.3885,1.704,9.635193850797133
chr1,123651169,active,0.3925,1.66,9.528115834866068
chr1,123655169,active,0.3905,1.62,9.462419009342238
chr1,123659169,active,0.391,1.78,9.74879541485222
chr1,123663169,active,0.3925,1.668,9.578058711061466
chr1,123667169,active,0.3925,1.732,9.664825671828014
chr1,123671169,active,0.3895,1.38,9.096381147618146
chr1,123675169,active,0.3925,1.644,9.515800815042153
chr1,123679169,active,0.3895,1.66,9.511122494301997
chr1,123683169,active,0.391,1.604,9.42536607592838
chr1,123687169,active,0.387,1.796,9.81839242937662
chr1,123691169,active,0.3905,1.396,9.11219619456992
chr1,123695169,active,0.3925,1.592,9.445702324166996
chr1,123699169,active,0.3875,1.644,9.517116444649258
chr1,123703169,active,0.3905,1.764,9.750183717068346
chr1,123707169,active,0.3915,1.588,9.371907416286996
chr1,123711169,active,0.3925,1.624,9.485959969312182
chr1,123715169,active,0.3885,1.616,9.507713652372267
chr1,123719169,active,0.3915,1.772,9.77890201512923
chr1,123723169,active,0.3905,1.8,9.794561299662815
chr1,123727169,active,0.391,1.752,9.66418133078255
chr1,123731169,active,0.3895,1.444,9.19570456575425
chr1,123735169,active,0.3915,1.668,9.52442042117054
chr1,123739169,active,0.391,1.372,9.045080938290184
chr1,123743169,active,0.3875,1.7,9.635205479415802
chr1,123747169,active,0.384,1.528,9.357747616907865
chr1,123751169,active,0.3915,1.736,9.664945615862718
chr1,123755169,active,0.391,1.66,9.629452241557262
chr1,123759169,active,0.391,1.788,9.772105137021015
chr1,123763169,active,0.393,1.36,9.026205312386361
chr1,123767169,active,0.3895,1.596,9.45380259838584
chr1,123771169,active,0.3905,1.552,9.364059925288133
chr1,123775169,active,0.3905,1.76,9.740216627143136
chr1,123779169,active,0.39,1.752,9.692289050906195
chr1,123783169,active,0.3885,1.74,9.660240570461108
chr1,123787169,active,0.3915,1.636,9.509766804889326
chr1,123791169,active,0.39,1.668,9.592350797742625
chr1,123795169,active,0.3895,1.764,9.763250139632891
chr1,123799169,active,0.3885,1.616,9.464426971785375
chr1,123803169,active,0.389,1.684,9.624290581488992
chr1,123807169,active,0.389,1.688,9.563688004564142
chr1,123811169,active,0.3945,1.664,9.584641236467933
chr1,123815169,active,0.3925,1.436,9.116944539654357
chr1,123819169,active,0.3985,1.772,9.800808521072167
chr1,123823169,active,0.389,1.544,9.388312689710032
chr1,123827169,active,0.3885,1.744,9.679244861169499
chr1,123831169,active,0.393,1.736,9.667944232445413
chr1,123835169,active,0.391,1.76,9.710952910662115
chr1,123839169,active,0.3885,1.716,9.672614239917776
chr1,123843169,active,0.387,1.688,9.630124217210945
chr1,123847169,active,0.3885,1.732,9.664753004935282
chr1,123851169,active,0.3895,1.724,9.667746693004101
chr1,123855169,active,0.39,1.712,9.661656661761747
chr1,123859169,active,0.386,1.724,9.603661920905019
chr1,123863169,active,0.388,1.56,9.432448987470549
chr1,123867169,active,0.3905,1.588,9.454620965507424
chr1,123871169,active,0.391,1.74,9.735860796655398
chr1,123875169,active,0.3905,1.636,9.503280067025559
chr1,123879169,active,0.391,1.44,9.154240496219943
chr1,123883169,active,0.3925,1.728,9.723642827762788
chr1,123887169,active,0.391,1.644,9.48980734505894
chr1,123891169,active,0.39,1.4,9.094217074006817
chr1,123895169,active,0.394,1.636,9.43586231008553
chr1,123899169,active,0.391,1.312,8.960860690814844
chr1,123903169,active,0.391,1.656,9.515069158889803
chr1,123907169,active,0.388,1.74,9.663421940943506
chr1,123911169,active,0.3915,1.66,9.578314203375744
chr1,123915169,active,0.394,1.288,8.856550776323274
chr1,123919169,active,0.393,1.332,8.957582056811239
chr1,123923169,active,0.3905,1.632,9.490389159183769
chr1,123927169,active,0.3915,1.64,9.48417863099901
chr1,123931169,active,0.393,1.228,8.807903918993802
chr1,123935169,active,0.3955,1.336,8.972276302527009
chr1,123939169,active,0.393,1.64,9.490180372406478
chr1,123943169,active,0.392,1.288,8.894592150173352
chr1,123947169,active,0.3945,1.532,9.247333420963871
chr1,123951169,active,0.3925,1.252,8.820323570728414
chr1,123955169,active,0.3905,1.272,8.85367570507058
chr1,123959169,active,0.3925,1.544,9.31104238114749
chr1,123963169,active,0.392,1.516,9.237240755273909
chr1,123967169,active,0.393,1.304,8.92430954227709
chr1,123971169,active,0.3935,1.604,9.408168685400181
chr1,123975169,active,0.389,1.624,9.499850928743214
chr1,123979169,active,0.3915,1.632,9.485152766255013
chr1,123983169,active,0.395,1.644,9.523078192797094
chr1,123987169,active,0.392,1.7,9.612197290871231
chr1,123991169,active,0.3955,1.648,9.525526843728501
chr1,123995169,active,0.393,1.552,9.3300388854875
chr1,123999169,active,0.3955,1.38,9.036382069218917
chr1,124003169,active,0.386,1.512,9.34461284537041
chr1,124007169,active,0.3905,1.672,9.56726098798542
chr1,124011169,active,0.3895,1.652,9.510298462177348
chr1,124015169,active,0.39,1.64,9.484885421726931
chr1,124019169,active,0.39,1.388,9.067727342765641
chr1,124023169,active,0.3875,1.672,9.580919021613143
chr1,124027169,active,0.39,1.484,9.180855524656383
chr1,124031169,active,0.384,1.408,9.08498695077089
chr1,124035169,active,0.391,1.648,9.500130997821277
chr1,124039169,active,0.3935,1.676,9.540668214217362
chr1,124043169,active,0.387,1.596,9.405856797480094
chr1,124047169,active,0.3915,1.668,9.547102538316159
chr1,124051169,active,0.394,1.724,9.64459815853719
chr1,124055169,active,0.389,1.8,9.753702972914397
chr1,124059169,active,0.389,1.696,9.603513850468367
chr1,124063169,active,0.389,1.624,9.4926855648024
chr1,124067169,active,0.388,1.756,9.69482973403591
chr1,124071169,active,0.386,1.528,9.318029797759058
chr1,124075169,active,0.3855,1.7,9.621859795043958
chr1,124079169,active,0.3905,1.736,9.674231969037816
chr1,124083169,active,0.389,1.564,9.385095882126883
chr1,124087169,active,0.3895,1.468,9.185713834169885
chr1,124091169,active,0.394,1.736,9.668633081448888
chr1,124095169,active,0.3885,1.432,9.10762938939365
chr1,124099169,active,0.3925,1.748,9.68543779637971
chr1,124103169,active,0.394,1.62,9.427807384368565
chr1,124107169,active,0.394,1.724,9.642839637146587
chr1,124111169,active,0.3885,1.5,9.267107994381135
chr1,124115169,active,0.3915,1.764,9.764913019837735
chr1,124119169,active,0.3945,1.68,9.569656724328626
chr1,124123169,active,0.3885,1.424,9.109174802769866
chr1,124127169,active,0.3935,1.648,9.550766665373523
chr1,124131169,active,0.392,1.468,9.177610824958512
chr1,124135169,active,0.3865,1.432,9.215346726291484
chr1,124139169,active,0.388,1.648,9.558050136692579
chr1,124143169,active,0.39,1.672,9.608698016641041
chr1,124147169,active,0.3875,1.392,9.03913220137712
chr1,124151169,active,0.3915,1.66,9.653667451680768
chr1,124155169,active,0.392,1.76,9.760293273256774
chr1,124159169,active,0.391,1.704,9.638917500665478
chr1,124163169,active,0.3845,1.432,9.204038601205307
chr1,124167169,active,0.393,1.632,9.542467253295912
chr1,124171169,active,0.3885,1.72,9.666153823592177
chr1,124175169,active,0.3915,1.656,9.570962984750132
chr1,124179169,active,0.394,1.708,9.701944604562545
chr1,124183169,active,0.3895,1.664,9.581700989078554
chr1,124187169,active,0.391,1.628,9.532770130725645
chr1,124191169,active,0.3915,1.632,9.515224322146455
chr1,124195169,active,0.3925,1.62,9.559933381063388
chr1,124199169,active,0.39,1.604,9.490503963282043
chr1,124203169,active,0.384,1.456,9.198721751063891
chr1,124207169,active,0.39,1.456,9.188580500450978
chr1,124211169,active,0.3875,1.336,8.944836381099245
chr1,124215169,active,0.3905,1.6,9.44538660084938
chr1,124219169,active,0.3905,1.664,9.604220608663587
chr1,124223169,active,0.393,1.556,9.438333580843793
chr1,124227169,active,0.3875,1.328,8.921757011909511
chr1,124231169,active,0.391,1.612,9.54792834700772
chr1,124235169,active,0.3895,1.632,9.547402288176889
chr1,124239169,active,0.3875,1.324,8.977465109788488
chr1,124243169,active,0.39,1.62,9.51827131180246
chr1,124247169,active,0.3925,1.632,9.539834740360874
chr1,124251169,active,0.3875,1.42,9.188941989086018
chr1,124255169,active,0.3935,1.664,9.614565448744008
chr1,124259169,active,0.3895,1.668,9.60332400300861
chr1,124263169,active,0.3965,1.604,9.484287547239518
chr1,124267169,active,0.395,1.62,9.597906300121442
chr1,124271169,active,0.392,1.668,9.575123967742352
chr1,124275169,active,0.3925,1.696,9.645338897719363
chr1,124279169,active,0.3875,1.724,9.730006709364277
chr1,124283169,active,0.388,1.716,9.668970727833445
chr1,124287169,active,0.391,1.588,9.423604082137745
chr1,124291169,active,0.39,1.64,9.568138975516241
chr1,124295169,active,0.388,1.5,9.277876239736065
chr1,124299169,active,0.39,1.68,9.601169781449142
chr1,124303169,active,0.3905,1.72,9.627788869558687
chr1,124307169,active,0.3905,1.672,9.597158729963297
chr1,124311169,active,0.392,1.668,9.605356187749347
chr1,124315169,active,0.392,1.712,9.62691436014416
chr1,124319169,active,0.3905,1.684,9.61087570834075
chr1,124323169,active,0.3915,1.664,9.56512316439049
chr1,124327169,active,0.3915,1.68,9.600996037577035
chr1,124331169,active,0.3875,1.732,9.661683940139074
chr1,124335169,active,0.389,1.676,9.582821676803281
chr1,124339169,active,0.3885,1.608,9.486676520388205
chr1,124343169,active,0.392,1.724,9.680267491442285
chr1,124347169,active,0.3855,1.548,9.354732539872339
chr1,124351169,active,0.3915,1.724,9.690567154429777
chr1,124355169,active,0.3885,1.68,9.59822979265866
chr1,124359169,active,0.3885,1.52,9.320863883452258
chr1,124363169,active,0.3915,1.692,9.63013052460054
chr1,124367169,active,0.3915,1.636,9.586663912930891
chr1,124371169,active,0.392,1.624,9.490694840867615
chr1,124375169,active,0.388,1.636,9.513237005546182
chr1,124379169,active,0.394,1.676,9.637591808324386
chr1,124383169,active,0.3895,1.688,9.62608088628762
chr1,124387169,active,0.3945,1.608,9.512892774543953
chr1,124391169,active,0.39,1.612,9.491011365739682
chr1,124395169,active,0.3875,1.464,9.199998388215798
chr1,124399169,active,0.3905,1.588,9.453258341702723
chr1,124403169,active,0.3935,1.712,9.663077063497132
chr1,124407169,active,0.3945,1.76,9.735622797212557
chr1,124411169,active,0.3895,1.736,9.687000413332516
chr1,124415169,active,0.393,1.632,9.533370110170052
chr1,124419169,active,0.3915,1.688,9.63837107321989
chr1,124423169,active,0.391,1.708,9.647374909326395
chr1,124427169,active,0.394,1.68,9.60385105943241
chr1,124431169,active,0.3905,1.632,9.537388530963668
chr1,124435169,active,0.39,1.68,9.65549940584286
chr1,124439169,active,0.3935,1.608,9.503367840653326
chr1,124443169,active,0.39,1.696,9.682198511273363
chr1,124447169,active,0.3875,1.468,9.21859125341297
chr1,124451169,active,0.3895,1.576,9.426706954641542
chr1,124455169,active,0.3905,1.672,9.61226255444303
chr1,124459169,active,0.3865,1.68,9.610703770072705
chr1,124463169,active,0.391,1.668,9.620976170066863
chr1,124467169,active,0.388,1.42,9.116176995255286
chr1,124471169,active,0.393,1.608,9.477502438390674
chr1,124475169,active,0.39,1.688,9.615826809300678
chr1,124479169,active,0.389,1.416,9.13136720305456
chr1,124483169,active,0.3935,1.708,9.617811639661376
chr1,124487169,active,0.3905,1.408,9.118257136854918
chr1,124491169,active,0.391,1.556,9.378722241835966
chr1,124495169,active,0.392,1.732,9.660776143285966
chr1,124499169,active,0.392,1.732,9.721017238527608
chr1,124503169,active,0.389,1.384,9.056412050020219
chr1,124507169,active,0.391,1.732,9.649447182453665
chr1,124511169,active,0.391,1.612,9.517695391251769
chr1,124515169,active,0.392,1.724,9.685579586243291
chr1,124519169,active,0.3895,1.676,9.653786881056822
chr1,124523169,active,0.3935,1.664,9.607523450816316
chr1,124527169,active,0.388,1.684,9.647573195949112
chr1,124531169,active,0.3865,1.476,9.230872677590208
chr1,124535169,active,0.3875,1.688,9.66782287054594
chr1,124539169,active,0.3895,1.452,9.181137596295335
chr1,124543169,active,0.3875,1.68,9.616790417585632
chr1,124547169,active,0.3945,1.432,9.161493219973018
chr1,124551169,active,0.387,1.412,9.106195231217963
chr1,124555169,active,0.3895,1.724,9.684100779464545
chr1,124559169,active,0.392,1.688,9.621736717691402
chr1,124563169,active,0.3855,1.452,9.22431547944619
chr1,124567169,active,0.3885,1.756,9.694224084612516
chr1,124571169,active,0.3905,1.684,9.635807296256681
chr1,124575169,active,0.3885,1.46,9.235020106006738
chr1,124579169,active,0.3925,1.684,9.615575896750334
chr1,124583169,active,0.391,1.728,9.689377210358233
chr1,124587169,active,0.3925,1.652,9.53908272702621
chr1,124591169,active,0.392,1.692,9.628670368478721
chr1,124595169,active,0.391,1.66,9.580285927903681
chr1,124599169,active,0.392,1.652,9.55514979389217
chr1,124603169,active,0.391,1.68,9.609081106722543
chr1,124607169,active,0.39,1.652,9.59335653180065
chr1,124611169,active,0.392,1.72,9.636725289219772
chr1,124615169,active,0.396,1.632,9.487149868361135
chr1,124619169,active,0.395,1.628,9.539276439601254
chr1,124623169,active,0.3895,1.668,9.594446938701308
chr1,124627169,active,0.39,1.732,9.687556620567802
chr1,124631169,active,0.3895,1.672,9.627686376194935
chr1,124635169,active,0.3905,1.688,9.632430435152026
chr1,124639169,active,0.391,1.652,9.596242476058414
chr1,124643169,active,0.3915,1.68,9.633419612077502
chr1,124647169,active,0.3915,1.676,9.625153102102395
chr1,124651169,active,0.3925,1.664,9.599859368276178
chr1,124655169,active,0.3925,1.652,9.59510480916455
chr1,124659169,active,0.39,1.652,9.587561129179909
chr1,124663169,active,0.389,1.668,9.599750981338307
chr1,124667169,active,0.39,1.672,9.606085679595553
chr1,124671169,active,0.3905,1.676,9.620045550892117
chr1,124675169,active,0.3895,1.66,9.600788248392734
chr1,124679169,active,0.39,1.7,9.65276217514851
chr1,124683169,active,0.393,1.648,9.584180822491648
chr1,124687169,active,0.3915,1.604,9.490583226224993
chr1,124691169,active,0.389,1.448,9.198913991116692
chr1,124695169,active,0.3885,1.756,9.785884913831007
chr1,124699169,active,0.392,1.592,9.379397368696422
chr1,124703169,active,0.3915,1.688,9.634266781260587
chr1,124707169,active,0.392,1.664,9.60182171539745
chr1,124711169,active,0.3915,1.656,9.569972513451791
chr1,124715169,active,0.39,1.752,9.693363985173166
chr1,124719169,active,0.3915,1.616,9.524705707423031
chr1,124723169,active,0.3945,1.636,9.558021372880086
chr1,124727169,active,0.3865,1.368,9.063966565501275
chr1,124731169,active,0.3895,1.744,9.707756111511284
chr1,124735169,active,0.391,1.632,9.556513132345538
chr1,124739169,active,0.3915,1.604,9.589340882594028
chr1,124743169,active,0.3905,1.676,9.609303588826359
chr1,124747169,active,0.3905,1.712,9.618615188708539
chr1,124751169,active,0.392,1.668,9.597205911169883
chr1,124755169,active,0.393,1.62,9.539413268418173
chr1,124759169,active,0.3905,1.728,9.669956021754828
chr1,124763169,active,0.3905,1.412,9.149935491487934
chr1,124767169,active,0.3905,1.708,9.595597497602448
chr1,124771169,active,0.3905,1.616,9.475153085650984
chr1,124775169,active,0.392,1.72,9.636118615386835
chr1,124779169,active,0.39,1.652,9.554442392570158
chr1,124783169,active,0.3875,1.676,9.651165228458751
chr1,124787169,active,0.391,1.652,9.570825891686134
chr1,124791169,active,0.39,1.732,9.686806733290256
chr1,124795169,active,0.388,1.684,9.6316973286021
chr1,124799169,active,0.387,1.4,9.092890480008098
chr1,124803169,active,0.389,1.424,9.143343185551444
chr1,124807169,active,0.387,1.488,9.258154755743435
chr1,124811169,active,0.3895,1.544,9.3486101471564
chr1,124815169,active,0.3905,1.504,9.312489984132338
chr1,124819169,active,0.3865,1.524,9.306444990146291
chr1,124823169,active,0.3915,1.748,9.683493745449152
chr1,124827169,active,0.3905,1.724,9.615393807077696
chr1,124831169,active,0.3895,1.572,9.431783232300509
chr1,124835169,active,0.3935,1.576,9.462877585921964
chr1,124839169,active,0.3915,1.704,9.633808133158958
chr1,124843169,active,0.39,1.688,9.657393883714086
chr1,124847169,active,0.3915,1.724,9.676197207286444
chr1,124851169,active,0.391,1.652,9.55276087314088
chr1,124855169,active,0.394,1.656,9.54625019020762
chr1,124859169,active,0.392,1.676,9.622274605130869
chr1,124863169,active,0.3925,1.636,9.578698728470776
chr1,124867169,active,0.394,1.652,9.560013835872983
chr1,124871169,active,0.3905,1.656,9.569240541082292
chr1,124875169,active,0.387,1.444,9.19370572310951
chr1,124879169,active,0.389,1.676,9.608230852138371
chr1,124883169,active,0.3925,1.724,9.709829763514293
chr1,124887169,active,0.3935,1.624,9.477856641907769
chr1,124891169,active,0.393,1.652,9.56662370722724
chr1,124895169,active,0.3925,1.676,9.606942079828373
chr1,124899169,active,0.396,1.72,9.656297162159085
chr1,124903169,active,0.39,1.704,9.635060604151139
chr1,124907169,active,0.3935,1.696,9.656382295071031
chr1,124911169,active,0.391,1.688,9.603553533967162
chr1,124915169,active,0.3875,1.552,9.390907836904232
chr1,124919169,active,0.394,1.356,8.997925206166114
chr1,124923169,active,0.392,1.376,9.018963910487203
chr1,124927169,active,0.3915,1.62,9.493991331665503
chr1,124931169,active,0.3895,1.568,9.442228285211373
chr1,124935169,active,0.3885,1.652,9.565436216862489
chr1,124939169,active,0.388,1.66,9.595512951679401
chr1,124943169,active,0.3915,1.596,9.47682531136828
chr1,124947169,active,0.391,1.672,9.602600044554027
chr1,124951169,active,0.392,1.752,9.767443530462602
chr1,124955169,active,0.3925,1.644,9.583693351228296
chr1,124959169,active,0.3945,1.636,9.520596022712777
chr1,124963169,active,0.3915,1.544,9.347907858954272
chr1,124967169,active,0.388,1.636,9.58686039542992
chr1,124971169,active,0.388,1.62,9.559774546225091
chr1,124975169,active,0.391,1.656,9.583437215787171
chr1,124979169,active,0.392,1.668,9.567150099423976
chr1,124983169,active,0.39,1.648,9.568930040655404
chr1,124987169,active,0.3925,1.668,9.575850374187473
chr1,124991169,active,0.392,1.668,9.606914579404451
chr1,124995169,active,0.3905,1.664,9.531493469968662
chr1,124999169,active,0.392,1.716,9.629177035187405
chr1,125003169,active,0.3945,1.66,9.588602648348573
chr1,125007169,active,0.388,1.636,9.558010651635277
chr1,125011169,active,0.3925,1.396,9.027526289400644
chr1,125015169,active,0.3935,1.636,9.490235130107468
chr1,125019169,active,0.3845,1.732,9.71016408135096
chr1,125023169,active,0.3885,1.74,9.686360008924249
chr1,125027169,active,0.3915,1.628,9.552616874265821
chr1,125031169,active,0.39,1.576,9.430950564974678
chr1,125035169,active,0.3905,1.688,9.644433885434191
chr1,125039169,active,0.394,1.58,9.456503945631146
chr1,125043169,active,0.3945,1.668,9.584989588713341
chr1,125047169,active,0.391,1.492,9.251462293744577
chr1,125051169,active,0.3895,1.536,9.358609729422048
chr1,125055169,active,0.394,1.648,9.588149997875671
chr1,125059169,active,0.39,1.784,9.759728936619426
chr1,125063169,active,0.3925,1.368,9.02008964429469
chr1,125067169,active,0.3885,1.428,9.176026901570204
chr1,125071169,active,0.394,1.664,9.58270620276165
chr1,125075169,active,0.393,1.64,9.550932508414542
chr1,125079169,active,0.3915,1.728,9.647730736414491
chr1,125083169,active,0.391,1.732,9.682802415922348
chr1,125087169,active,0.3895,1.612,9.498447269380538
chr1,125091169,active,0.3895,1.7,9.680528112260433
chr1,125095169,active,0.394,1.64,9.542902092915405
chr1,125099169,active,0.389,1.676,9.587029531241212
chr1,125103169,active,0.394,1.68,9.554862027116313
chr1,125107169,active,0.3915,1.364,9.063033860177061
chr1,125111169,active,0.3915,1.652,9.600637812919905
chr1,125115169,active,0.3905,1.308,8.925114390673047
chr1,125119169,active,0.3915,1.596,9.484595206960567
chr1,125123169,active,0.394,1.672,9.584479139843687
chr1,125127169,active,0.392,1.708,9.634700602186816
chr1,125131169,active,0.3915,1.564,9.431702760025146
chr1,125135169,active,0.3955,1.676,9.589762515537517
chr1,125139169,active,0.3915,1.704,9.680502537903635
chr1,125143169,active,0.3945,1.688,9.645753064679486
chr1,125147169,active,0.39,1.64,9.515139716874154
chr1,125151169,active,0.393,1.668,9.616683763989663
chr1,125155169,active,0.3945,1.512,9.304173211713017
chr1,125159169,active,0.3905,1.596,9.46759998605916
chr1,125163169,active,0.391,1.676,9.653228193298236
chr1,125167169,active,0.391,1.676,9.634451727022991
chr1,125171169,active,0.3925,1.668,9.601091089370861
chr1,125175169,active,0.3885,1.34,9.028737108524519
chr1,125179169,active,0.3895,1.716,9.661558963535871
chr1,125183169,active,0.391,1.724,9.658723235464194
chr1,125187169,active,0.394,1.664,9.617941059441094
chr1,125191169,active,0.3935,1.684,9.628046505818928
chr1,125195169,active,0.394,1.632,9.53212569448516
chr1,125199169,active,0.39,1.512,9.285526982156263
chr1,125203169,active,0.3905,1.716,9.688450196959534
chr1,125207169,active,0.3875,1.348,9.026777498054436
chr1,125211169,active,0.3885,1.716,9.66876792079607
chr1,125215169,active,0.39,1.588,9.434430601559
chr1,125219169,active,0.3895,1.752,9.726718232481362
chr1,125223169,active,0.3875,1.76,9.732744556368884
chr1,125227169,active,0.3915,1.668,9.592175387074526
chr1,125231169,active,0.389,1.752,9.753750097983119
chr1,125235169,active,0.3915,1.592,9.524840130873008
chr1,125239169,active,0.393,1.632,9.492891614928494
chr1,125243169,active,0.3895,1.584,9.403065577366446
chr1,125247169,active,0.393,1.672,9.610498488228254
chr1,125251169,active,0.393,1.58,9.46409806539694
chr1,125255169,active,0.3885,1.684,9.657599933840208
chr1,125259169,active,0.3895,1.644,9.567980017926129
chr1,125263169,active,0.3845,1.404,9.216617108134074
chr1,125267169,active,0.3875,1.416,9.172346252633245
chr1,125271169,active,0.387,1.424,9.205446363426782
chr1,125275169,active,0.39,1.748,9.725516692323922
chr1,125279169,active,0.39,1.652,9.606773149723333
chr1,125283169,active,0.3895,1.732,9.64231850682966
chr1,125287169,active,0.391,1.608,9.49876138451107
chr1,125291169,active,0.394,1.688,9.66411705182276
chr1,125295169,active,0.3925,1.656,9.581311337028094
chr1,125299169,active,0.3925,1.64,9.522160095779446
chr1,125303169,active,0.391,1.656,9.590326027755326
chr1,125307169,active,0.39,1.648,9.582327963955898
chr1,125311169,active,0.391,1.72,9.650412080943715
chr1,125315169,active,0.3905,1.676,9.61351775065385
chr1,125319169,active,0.392,1.744,9.663686941535584
chr1,125323169,active,0.392,1.612,9.587227573908702
chr1,125327169,active,0.387,1.732,9.656872142803122
chr1,125331169,active,0.394,1.668,9.59666852776499
chr1,125335169,active,0.3925,1.644,9.554498147864118
chr1,125339169,active,0.3905,1.708,9.673607746195623
chr1,125343169,active,0.3895,1.752,9.74435813351037
chr1,125347169,active,0.3915,1.7,9.677594470588936
chr1,125351169,active,0.391,1.736,9.630885733107158
chr1,125355169,active,0.393,1.676,9.666347634505598
chr1,125359169,active,0.391,1.664,9.640321181128469
chr1,125363169,active,0.39,1.432,9.154822920938745
chr1,125367169,active,0.391,1.668,9.587458700881678
chr1,125371169,active,0.3875,1.636,9.553556287069696
chr1,125375169,active,0.3895,1.66,9.573773327022511
chr1,125379169,active,0.3915,1.648,9.618480098949775
chr1,125383169,active,0.39,1.492,9.248506290671244
chr1,125387169,active,0.39,1.636,9.550280147737855
chr1,125391169,active,0.3915,1.616,9.485168614455166
chr1,125395169,active,0.392,1.648,9.578361519506776
chr1,125399169,active,0.3915,1.556,9.393313784741425
chr1,125403169,active,0.395,1.644,9.594650353827905
chr1,125407169,active,0.389,1.716,9.662816645986272
chr1,125411169,active,0.393,1.68,9.620785935608122
chr1,125415169,active,0.3905,1.604,9.485373536117173
chr1,125419169,active,0.395,1.68,9.655026055894027
chr1,125423169,active,0.391,1.62,9.475157305232479
chr1,125427169,active,0.3915,1.692,9.616217036907564
chr1,125431169,active,0.39,1.672,9.604625201540268
chr1,125435169,active,0.3915,1.664,9.604154254876661
chr1,125439169,active,0.3905,1.652,9.550037668634207
chr1,125443169,active,0.3925,1.656,9.582576041516747
chr1,125447169,active,0.3915,1.676,9.656543429139903
chr1,125451169,active,0.3895,1.664,9.555026305935568
chr1,125455169,active,0.3935,1.68,9.619649364645602
chr1,125459169,active,0.3915,1.644,9.540055515939263
chr1,125463169,active,0.3885,1.52,9.305798382403013
chr1,125467169,active,0.3945,1.72,9.668022825445032
chr1,125471169,active,0.3885,1.644,9.582006499137416
chr1,125475169,active,0.3925,1.612,9.471758669820783
chr1,125479169,active,0.3945,1.728,9.693136601371991
chr1,125483169,active,0.3905,1.636,9.605305643913582
chr1,125487169,active,0.391,1.64,9.55162235501102
chr1,125491169,active,0.39,1.628,9.550103254139456
chr1,125495169,active,0.392,1.624,9.552869647077733
chr1,125499169,active,0.3915,1.556,9.369244749971577
chr1,125503169,active,0.3915,1.744,9.691425783111383
chr1,125507169,active,0.393,1.64,9.554585180026718
chr1,125511169,active,0.39,1.688,9.649434788764774
chr1,125515169,active,0.3865,1.58,9.405857920227941
chr1,125519169,active,0.3905,1.724,9.696843616869698
chr1,125523169,active,0.3855,1.452,9.211022740536698
chr1,125527169,active,0.391,1.732,9.637308842402712
chr1,125531169,active,0.391,1.72,9.706282620245384
chr1,125535169,active,0.3885,1.732,9.672874949406562
chr1,125539169,active,0.3895,1.708,9.693074789099981
chr1,125543169,active,0.3875,1.728,9.702021773981127
chr1,125547169,active,0.3895,1.76,9.708255107338749
chr1,125551169,active,0.3885,1.44,9.198906295077544
chr1,125555169,active,0.391,1.74,9.682770043122442
chr1,125559169,active,0.3925,1.732,9.651686609187273
chr1,125563169,active,0.3875,1.5,9.278797000224449
chr1,125567169,active,0.3905,1.7,9.650916758182696
chr1,125571169,active,0.392,1.6,9.426294247112601
chr1,125575169,active,0.3895,1.656,9.583338233072519
chr1,125579169,active,0.3885,1.628,9.512807126973339
chr1,125583169,active,0.3885,1.688,9.657671510517845
chr1,125587169,active,0.3895,1.684,9.617401028055703
chr1,125591169,active,0.39,1.668,9.66497798866264
chr1,125595169,active,0.391,1.584,9.50168311461956
chr1,125599169,active,0.3935,1.588,9.438241587634579
chr1,125603169,active,0.3935,1.68,9.667053019541381
chr1,125607169,active,0.3925,1.348,8.985539497909777
chr1,125611169,active,0.3915,1.672,9.601948398525996
chr1,125615169,active,0.391,1.664,9.611672971098605
chr1,125619169,active,0.3915,1.712,9.670560673585255
chr1,125623169,active,0.392,1.676,9.622578050986748
chr1,125627169,active,0.39,1.66,9.592538551678057
chr1,125631169,active,0.392,1.66,9.602608451184233
chr1,125635169,active,0.391,1.704,9.647257728759348
chr1,125639169,active,0.3915,1.664,9.600914577055145
chr1,125643169,active,0.3905,1.676,9.636867433549522
chr1,125647169,active,0.3905,1.676,9.619532827205402
chr1,125651169,active,0.39,1.688,9.657466937605793
chr1,125655169,active,0.3895,1.68,9.651192536157446
chr1,125659169,active,0.3925,1.692,9.652356524589491
chr1,125663169,active,0.391,1.644,9.567635786923821
chr1,125667169,active,0.3895,1.636,9.557903096381688
chr1,125671169,active,0.3905,1.748,9.68155700521744
chr1,125675169,active,0.393,1.56,9.418902902168632
chr1,125679169,active,0.389,1.64,9.52996274047843
chr1,125683169,active,0.393,1.696,9.652072971678848
chr1,125687169,active,0.391,1.668,9.605001037060799
chr1,125691169,active,0.39,1.712,9.6253893893036
chr1,125695169,active,0.39,1.652,9.584790691496575
chr1,125699169,active,0.3925,1.656,9.59162300670554
chr1,125703169,active,0.3905,1.48,9.255602443995052
chr1,125707169,active,0.389,1.708,9.685378110164839
chr1,125711169,active,0.3935,1.616,9.531147112909292
chr1,125715169,active,0.3915,1.76,9.689736128563764
chr1,125719169,active,0.39,1.48,9.226263035309543
chr1,125723169,active,0.394,1.54,9.294007432676214
chr1,125727169,active,0.393,1.668,9.576647675194343
chr1,125731169,active,0.392,1.62,9.490269885092324
chr1,125735169,active,0.391,1.724,9.66353465151745
chr1,125739169,active,0.392,1.696,9.64154723224405
chr1,125743169,active,0.3905,1.724,9.654401291576635
chr1,125747169,active,0.392,1.668,9.588211068682531
chr1,125751169,active,0.39,1.66,9.549665993345894
chr1,125755169,active,0.391,1.532,9.325108196083212
chr1,125759169,active,0.3895,1.624,9.510516718983368
chr1,125763169,active,0.389,1.664,9.568018959959714
chr1,125767169,active,0.389,1.68,9.60558039747879
chr1,125771169,active,0.3895,1.72,9.671944788752649
chr1,125775169,active,0.391,1.752,9.724997301065157
chr1,125779169,active,0.3895,1.36,9.102991703064058
chr1,125783169,active,0.389,1.7,9.65475332433129
chr1,125787169,active,0.392,1.756,9.719087165867938
chr1,125791169,active,0.389,1.74,9.65849480615327
chr1,125795169,active,0.3915,1.7,9.641360187241037
chr1,125799169,active,0.392,1.716,9.672840935886818
chr1,125803169,active,0.394,1.64,9.571670252696201
chr1,125807169,active,0.396,1.644,9.620962802390025
chr1,125811169,active,0.388,1.392,9.112747812373478
chr1,125815169,active,0.3915,1.56,9.379026151928915
chr1,125819169,active,0.3935,1.4,9.127267793351
chr1,125823169,active,0.3915,1.656,9.649384836825726
chr1,125827169,active,0.391,1.66,9.604185299222603
chr1,125831169,active,0.394,1.672,9.612007088945246
chr1,125835169,active,0.3915,1.636,9.570410089722495
chr1,125839169,active,0.3945,1.632,9.507967983689683
chr1,125843169,active,0.393,1.636,9.596680638509595
chr1,125847169,active,0.391,1.384,9.04524799472557
chr1,125851169,active,0.39,1.644,9.520728762819362
chr1,125855169,active,0.3945,1.576,9.367001690645438
chr1,125859169,active,0.388,1.7,9.605201804206843
chr1,125863169,active,0.39,1.74,9.682304057505473
chr1,125867169,active,0.3865,1.552,9.371317871191621
chr1,125871169,active,0.3935,1.716,9.659268540161964
chr1,125875169,active,0.3935,1.72,9.5867505255617
chr1,125879169,active,0.3925,1.708,9.55035100976688
chr1,125883169,active,0.3875,1.5,9.27197970152704
chr1,125887169,active,0.3905,1.744,9.72465944897436
chr1,125891169,active,0.3925,1.64,9.575930970492387
chr1,125895169,active,0.3875,1.644,9.482898297851959
chr1,125899169,active,0.389,1.72,9.670128740477129
chr1,125903169,active,0.3905,1.624,9.515854244289034
chr1,125907169,active,0.394,1.696,9.638420613746458
chr1,125911169,active,0.3925,1.712,9.617364256784537
chr1,125915169,active,0.3935,1.676,9.585847993799856
chr1,125919169,active,0.3935,1.592,9.42322060131686
chr1,125923169,active,0.3925,1.72,9.636310261254033
chr1,125927169,active,0.3895,1.66,9.552073359047911
chr1,125931169,active,0.3955,1.688,9.619542484243182
chr1,125935169,active,0.3885,1.496,9.206432309931591
chr1,125939169,active,0.388,1.7,9.594816050511938
chr1,125943169,active,0.3875,1.328,8.950444474156937
chr1,125947169,active,0.389,1.616,9.467908768528165
chr1,125951169,active,0.3915,1.74,9.708268475015576
chr1,125955169,active,0.391,1.408,9.031553444474126
chr1,125959169,active,0.3925,1.644,9.546174565573464
chr1,125963169,active,0.39,1.708,9.624370585897076
chr1,125967169,active,0.3915,1.696,9.628374942254034
chr1,125971169,active,0.3925,1.724,9.70847162508666
chr1,125975169,active,0.392,1.584,9.356266716604777
chr1,125979169,active,0.391,1.72,9.581489942868162
chr1,125983169,active,0.392,1.632,9.487611994579138
chr1,125987169,active,0.397,1.692,9.601806030601203
chr1,125991169,active,0.3925,1.624,9.480001698963447
chr1,125995169,active,0.383,1.4,9.126440019924484
chr1,125999169,active,0.388,1.744,9.681488248145321
chr1,126003169,active,0.3875,1.732,9.642457816169909
chr1,126007169,active,0.394,1.676,9.582898351854963
chr1,126011169,active,0.3905,1.676,9.608421059780586
chr1,126015169,active,0.3925,1.324,8.952415173852282
chr1,126019169,active,0.395,1.528,9.246219183245302
chr1,126023169,active,0.388,1.672,9.583942852370173
chr1,126027169,active,0.3935,1.716,9.630232059360445
chr1,126031169,active,0.389,1.756,9.639795122297663
chr1,126035169,active,0.394,1.716,9.636079318887036
chr1,126039169,active,0.395,1.648,9.522983063765201
chr1,126043169,active,0.392,1.644,9.462982914275274
chr1,126047169,active,0.391,1.716,9.641770687527355
chr1,126051169,active,0.389,1.612,9.488435605691647
chr1,126055169,active,0.3875,1.736,9.63482156491478
chr1,126059169,active,0.387,1.732,9.69149462313787
chr1,126063169,active,0.3915,1.664,9.547832455410369
chr1,126067169,active,0.392,1.74,9.704388398501962
chr1,126071169,active,0.388,1.66,9.555222112034976
chr1,126075169,active,0.394,1.728,9.710345876646782
chr1,126079169,active,0.3895,1.748,9.734666222398346
chr1,126083169,active,0.393,1.684,9.589331148318074
chr1,126087169,active,0.392,1.54,9.27619112338606
chr1,126091169,active,0.385,1.424,9.177977675787568
chr1,126095169,active,0.388,1.668,9.56423506370407
chr1,126099169,active,0.3875,1.712,9.624520008392908
chr1,126103169,active,0.391,1.652,9.561669187500291
chr1,126107169,active,0.3915,1.712,9.634789340874807
chr1,126111169,active,0.3905,1.324,8.936937717147254
chr1,126115169,active,0.395,1.512,9.20845621425425
chr1,126119169,active,0.3885,1.412,9.14768646103234
chr1,126123169,active,0.39,1.676,9.55367775874012
chr1,126127169,active,0.3875,1.664,9.532661639733178
chr1,126131169,active,0.3885,1.716,9.60678541575255
chr1,126135169,active,0.3895,1.472,9.187502856772532
chr1,126139169,active,0.388,1.58,9.376997443645884
chr1,126143169,active,0.3955,1.656,9.54956573009385
chr1,126147169,active,0.3935,1.696,9.572343068893584
chr1,126151169,active,0.3925,1.736,9.733354225383778
chr1,126155169,active,0.3895,1.528,9.358384588222442
chr1,126159169,active,0.387,1.72,9.646511287065364
chr1,126163169,active,0.391,1.64,9.554575442860664
chr1,126167169,active,0.3895,1.448,9.155422136057242
chr1,126171169,active,0.3895,1.744,9.68542198071232
chr1,126175169,active,0.386,1.644,9.492116016706824
chr1,126179169,active,0.387,1.728,9.639548778078705
chr1,126183169,active,0.387,1.712,9.60411776654989
chr1,126187169,active,0.394,1.756,9.734529006582452
chr1,126191169,active,0.393,1.736,9.663762035318598
chr1,126195169,active,0.3955,1.748,9.667350622244708
chr1,126199169,active,0.3965,1.736,9.662578895406549
chr1,126203169,active,0.3905,1.604,9.426475720474912
chr1,126207169,active,0.3925,1.744,9.774741890637824
chr1,126211169,active,0.385,1.768,9.732923516675116
chr1,126215169,active,0.391,1.728,9.698399792248578
chr1,126219169,active,0.3875,1.736,9.616333580064028
chr1,126223169,active,0.394,1.764,9.714806238841074
chr1,126227169,active,0.3935,1.72,9.617165887207461
chr1,126231169,active,0.3885,1.784,9.734651044141506
chr1,126235169,active,0.393,1.744,9.647874619802465
chr1,126239169,active,0.39,1.656,9.572002217669235
chr1,126243169,active,0.389,1.5,9.298943547681468
chr1,126247169,active,0.3875,1.74,9.644127926522255
chr1,126251169,active,0.388,1.592,9.424018564574972
chr1,126255169,active,0.3865,1.444,9.157603459926388
chr1,126259169,active,0.3925,1.568,9.389377788049508
chr1,126263169,active,0.3925,1.576,9.395259574730078
chr1,126267169,active,0.389,1.7,9.584134825887048
chr1,126271169,active,0.3925,1.612,9.467133984033758
chr1,126275169,active,0.3895,1.636,9.541042626156878
chr1,126279169,active,0.387,1.472,9.252184568855753
chr1,126283169,active,0.388,1.528,9.317681087730186
chr1,126287169,active,0.394,1.8,9.769990494165418
chr1,126291169,active,0.3935,1.72,9.651395474065959
chr1,126295169,active,0.389,1.828,9.846508550414198
chr1,126299169,active,0.3905,2.02,10.128064197501867
chr1,126303169,inactive,0.4125,2.08,10.454847051622421
chr1,126307169,inactive,0.4105,2.096,10.494760289871667
chr1,126311169,inactive,0.4095,2.084,10.488279227703174
chr1,126315169,inactive,0.4125,2.1,10.507862819480303
chr1,126319169,inactive,0.413,2.084,10.475828344122586
chr1,126323169,inactive,0.4125,2.1,10.451511226075679
chr1,126327169,inactive,0.407,2.096,10.462193829576279
chr1,126331169,inactive,0.411,2.092,10.487577043555644
chr1,126335169,inactive,0.4115,2.088,10.47154891872326
chr1,126339169,inactive,0.4125,2.1,10.462643001932868
chr1,126343169,inactive,0.4155,2.096,10.458616588324524
chr1,126347169,inactive,0.4155,2.1,10.489120366724768
chr1,126351169,inactive,0.41,2.076,10.459525465724965
chr1,126355169,inactive,0.4095,2.08,10.449771742340944
chr1,126359169,inactive,0.415,2.1,10.459612852353759
chr1,126363169,inactive,0.4125,2.1,10.50898786016246
chr1,126367169,inactive,0.413,2.096,10.469218118302171
chr1,126371169,inactive,0.4145,2.1,10.47883710639364
chr1,126375169,inactive,0.4105,2.076,10.487275941635705
chr1,126379169,inactive,0.4125,2.104,10.501403144619836
chr1,126383169,inactive,0.4095,2.1,10.493595952689683
chr1,126387169,inactive,0.4135,2.1,10.487293496361257
chr1,126391169,inactive,0.409,2.1,10.510751566194783
chr1,126395169,inactive,0.412,2.092,10.47840091471492
chr1,126399169,inactive,0.414,2.092,10.463787690864958
chr1,126403169,inactive,0.4125,2.084,10.44565336805616
chr1,126407169,inactive,0.411,2.08,10.461806082492727
chr1,126411169,inactive,0.4115,2.088,10.462148219970635
chr1,126415169,inactive,0.4145,2.08,10.467228103299789
chr1,126419169,inactive,0.4095,2.068,10.450868341144059
chr1,126423169,inactive,0.414,2.084,10.465967585859872
chr1,126427169,inactive,0.4155,2.116,10.485076398390886
chr1,126431169,inactive,0.413,2.076,10.453959561530015
chr1,126435169,inactive,0.4115,2.104,10.463090080765058
chr1,126439169,inactive,0.412,2.068,10.451334713759985
chr1,126443169,inactive,0.413,2.076,10.43249646774551
chr1,126447169,inactive,0.41,2.072,10.468269944401895
chr1,126451169,inactive,0.414,2.076,10.461188804450664
chr1,126455169,inactive,0.415,2.08,10.480860137322765
chr1,126459169,inactive,0.411,2.08,10.485810856999986
chr1,126463169,inactive,0.41,2.076,10.455429220213386
chr1,126467169,inactive,0.411,2.084,10.44255548009817
chr1,126471169,inactive,0.4125,2.072,10.429677552934237
chr1,126475169,inactive,0.4075,2.076,10.448099609986107
chr1,126479169,inactive,0.4125,2.068,10.453793936367822
chr1,126483169,inactive,0.414,2.068,10.46345853406493
chr1,126487169,inactive,0.4105,2.068,10.44328362560145
chr1,126491169,inactive,0.4135,2.092,10.461858359670407
chr1,126495169,inactive,0.4135,2.076,10.437499819066616
chr1,126499169,inactive,0.4135,2.052,10.41503170015648
chr1,126503169,inactive,0.409,2.092,10.459647574805876
chr1,126507169,inactive,0.4135,2.108,10.455248133850025
chr1,126511169,inactive,0.4135,2.072,10.462270329051565
chr1,126515169,inactive,0.4125,2.096,10.463384128114011
chr1,126519169,inactive,0.413,2.08,10.459734961434643
chr1,126523169,inactive,0.413,2.084,10.47402286106713
chr1,126527169,inactive,0.4125,2.056,10.447508680298734
chr1,126531169,inactive,0.41,2.084,10.47967193230937
chr1,126535169,inactive,0.4135,2.084,10.474727525737979
chr1,126539169,inactive,0.414,2.076,10.461315487579252
chr1,126543169,inactive,0.4135,2.08,10.472403392888921
chr1,126547169,inactive,0.4155,2.08,10.464317582278241
chr1,126551169,inactive,0.4135,2.072,10.45701850745439
chr1,126555169,inactive,0.413,2.08,10.43757039815126
chr1,126559169,inactive,0.4095,2.092,10.480923301653922
chr1,126563169,inactive,0.414,2.096,10.478180531851732
chr1,126567169,inactive,0.4055,2.136,10.520391587128119
chr1,126571169,inactive,0.4085,2.132,10.466165839949833
chr1,126575169,inactive,0.405,2.168,10.580811371164167
chr1,126579169,inactive,0.4105,2.136,10.542912370214895
chr1,126583169,inactive,0.408,2.136,10.470744273744726
chr1,126587169,inactive,0.4055,2.14,10.494974005162812
chr1,126591169,inactive,0.4155,2.096,10.349914917166538
chr1,126595169,inactive,0.4225,2.108,10.354201010137878
chr1,126599169,inactive,0.419,2.1,10.349086404356598
chr1,126603169,inactive,0.4175,2.076,10.303683406921445
chr1,126607169,inactive,0.421,2.132,10.36758885853178
chr1,126611169,inactive,0.4265,2.144,10.530566427988607
chr1,126615169,inactive,0.429,2.076,10.322388656701506
chr1,126619169,inactive,0.422,2.092,10.427413466482488
chr1,126623169,inactive,0.4155,2.164,10.455978759876606
chr1,126627169,inactive,0.4215,2.108,10.45178917481289
chr1,126631169,inactive,0.419,2.092,10.431592164392711
chr1,126635169,inactive,0.415,2.072,10.330152725265602
chr1,126639169,inactive,0.4125,2.124,10.374933510428544
chr1,126643169,inactive,0.3965,2.42,10.955537640054024
chr1,126647169,inactive,0.4,2.308,10.696833551135319
chr1,126651169,inactive,0.411,2.048,10.265433590352204
chr1,126655169,inactive,0.4125,2.06,10.269724889065525
chr1,126659169,inactive,0.416,2.032,10.20465722633029
chr1,126663169,inactive,0.4105,2.048,10.263764215748775
chr1,126667169,inactive,0.411,2.052,10.31204645162065
chr1,126671169,inactive,0.4145,2.032,10.21753021926412
chr1,126675169,inactive,0.414,2.032,10.266721415490794
chr1,126679169,inactive,0.4195,2.052,10.314023518477928
chr1,126683169,inactive,0.411,2.072,10.32764927192782
chr1,126687169,inactive,0.4135,2.032,10.229590603726027
chr1,126691169,inactive,0.414,2.06,10.271313821840293
chr1,126695169,inactive,0.411,2.08,10.252200075079163
chr1,126699169,inactive,0.414,2.108,10.396210976334771
chr3,90804701,inactive,0.379,2.052,10.330634255038136
chr3,90808701,inactive,0.3785,2.132,10.610842109376463
chr3,90812701,inactive,0.3865,2.064,10.339138259465143
chr3,90816701,inactive,0.382,2.012,10.256594033064982
chr3,90820701,inactive,0.381,2.064,10.374685072685251
chr3,90824701,inactive,0.3805,2.056,10.350390050878834
chr3,90828701,inactive,0.3805,2.028,10.309669719660485
chr3,90832701,inactive,0.377,2.024,10.333302175752603
chr3,90836701,inactive,0.38,2.032,10.320808130556927
chr3,90840701,inactive,0.384,2.032,10.327745065186816
chr3,90844701,inactive,0.3795,2.02,10.303057090554866
chr3,90848701,inactive,0.378,2.028,10.328353549599722
chr3,90852701,inactive,0.385,2.028,10.309458452359898
chr3,90856701,inactive,0.3805,2.02,10.313820058646009
chr3,90860701,inactive,0.3775,2.04,10.337265862450314
chr3,90864701,inactive,0.3795,2.092,10.416213946530208
chr3,90868701,inactive,0.384,2.06,10.39993036191635
chr3,90872701,inactive,0.3765,2.064,10.400666636821692
chr3,90876701,inactive,0.374,2.056,10.370943945329447
chr3,90880701,inactive,0.38,2.008,10.303431856960547
chr3,90884701,inactive,0.377,2.052,10.388582467482776
chr3,90888701,inactive,0.382,1.992,10.328111868099084
chr3,90892701,inactive,0.3795,2.016,10.340173819994169
chr3,90896701,inactive,0.3725,2.056,10.379326283812377
chr3,90900701,inactive,0.3755,1.984,10.25941917802774
chr3,90904701,inactive,0.3735,2.024,10.331637541105563
chr3,90908701,inactive,0.375,2.048,10.346100845689875
chr3,90912701,inactive,0.374,2.024,10.285574053591642
chr3,90916701,inactive,0.378,1.996,10.266160666740642
chr3,90920701,inactive,0.3815,1.992,10.327714884249572
chr3,90924701,inactive,0.377,1.984,10.271477740477126
chr3,90928701,inactive,0.379,1.992,10.29521442899117
chr3,90932701,inactive,0.3775,2.032,10.332134720636745
chr3,90936701,inactive,0.3735,2.028,10.370385999036037
chr3,90940701,inactive,0.376,1.996,10.326284554598766
chr3,90944701,inactive,0.3805,1.964,10.261352368621269
chr3,90948701,inactive,0.3765,1.988,10.31339992733001
chr3,90952701,inactive,0.374,1.996,10.32121004292032
chr3,90956701,inactive,0.3785,1.976,10.27848202648688
chr3,90960701,inactive,0.3765,1.972,10.293796332836793
chr3,90964701,inactive,0.375,2.012,10.359786922765197
chr3,90968701,inactive,0.375,1.948,10.246807326286971
chr3,90972701,inactive,0.3805,1.896,10.108538333339807
chr3,90976701,inactive,0.377,2.008,10.351198560972653
chr3,90980701,inactive,0.3715,1.996,10.318467190163739
chr3,90984701,inactive,0.3795,1.992,10.273776909563422
chr3,90988701,inactive,0.3795,2.008,10.349027459606889
chr3,90992701,inactive,0.3735,2.008,10.35401290173626
chr3,90996701,inactive,0.3765,2.004,10.33159287295508
chr3,91000701,inactive,0.377,1.972,10.286970652667073
chr3,91004701,inactive,0.372,1.988,10.257984236080206
chr3,91008701,inactive,0.3685,1.984,10.282686685752845
chr3,91012701,inactive,0.3755,1.952,10.287380257012002
chr3,91016701,inactive,0.374,1.98,10.296837724035605
chr3,91020701,inactive,0.374,2.0,10.299659119370222
chr3,91024701,inactive,0.373,1.952,10.24978894260033
chr3,91028701,inactive,0.3795,1.992,10.305783684507222
chr3,91032701,inactive,0.372,1.988,10.307851964859559
chr3,91036701,inactive,0.377,1.996,10.303463771239668
chr3,91040701,inactive,0.378,1.988,10.273565314613117
chr3,91044701,inactive,0.377,1.984,10.30057885139142
chr3,91048701,inactive,0.3735,1.988,10.288891577231412
chr3,91052701,inactive,0.375,1.964,10.245021048344615
chr3,91056701,inactive,0.374,1.988,10.327424669483165
chr3,91060701,inactive,0.3695,1.988,10.319013889121186
chr3,91064701,inactive,0.368,2.004,10.322064466664377
chr3,91068701,inactive,0.3795,1.976,10.28072259957343
chr3,91072701,inactive,0.3735,2.004,10.329055379281058
chr3,91076701,inactive,0.372,1.992,10.308183215183949
chr3,91080701,inactive,0.376,1.984,10.290492144341098
chr3,91084701,inactive,0.374,2.0,10.403111062455396
chr3,91088701,inactive,0.3735,1.984,10.285495428059319
chr3,91092701,inactive,0.3695,1.984,10.23870944392084
chr3,91096701,inactive,0.372,2.004,10.329315805825466
chr3,91100701,inactive,0.373,2.048,10.418261559939351
chr3,91104701,inactive,0.372,2.004,10.345949580081287
chr3,91108701,inactive,0.3755,2.008,10.329258600133922
chr3,91112701,inactive,0.38,2.06,10.457958274724463
chr3,91116701,inactive,0.372,1.988,10.278929072786356
chr3,91120701,inactive,0.3775,1.964,10.25727621449641
chr3,91124701,inactive,0.37,1.996,10.32023684911945
chr3,91128701,inactive,0.3675,2.036,10.392169488524194
chr3,91132701,inactive,0.367,1.988,10.291809126007404
chr3,91136701,inactive,0.37,1.94,10.253520373120832
chr3,91140701,inactive,0.3675,2.0,10.357920755901873
chr3,91144701,inactive,0.374,2.08,10.371859490301965
chr3,91148701,inactive,0.3785,2.064,10.423979837106822
chr3,91152701,inactive,0.3785,2.068,10.426383858876836
chr3,91156701,inactive,0.3715,2.108,10.412237362108979
chr3,91160701,inactive,0.379,2.096,10.446881256568293
chr3,91164701,inactive,0.381,2.068,10.371890025705369
chr3,91168701,inactive,0.3735,2.044,10.360614720926474
chr3,91172701,inactive,0.379,2.068,10.376396501539924
chr3,91176701,inactive,0.3815,2.072,10.375833981198825
chr3,91180701,inactive,0.3725,2.024,10.359151762347873
chr3,91184701,inactive,0.3765,2.044,10.355748552888489
chr3,91188701,inactive,0.377,2.064,10.379128029722422
chr3,91192701,inactive,0.3775,2.072,10.41687857323609
chr3,91196701,inactive,0.376,2.104,10.451801795308318
chr3,91200701,inactive,0.378,2.1,10.471553492770942
chr3,91204701,inactive,0.377,2.064,10.39717918548391
chr3,91208701,inactive,0.38,2.064,10.360562443748787
chr3,91212701,inactive,0.3745,2.1,10.441501372966828
chr3,91216701,inactive,0.3815,2.124,10.474322223928912
chr3,91220701,inactive,0.38,2.104,10.493201892500315
chr3,91224701,inactive,0.374,2.104,10.432969862399652
chr3,91228701,inactive,0.3745,2.08,10.455698407854213
chr3,91232701,inactive,0.3805,2.072,10.411510955663866
chr3,91236701,inactive,0.3725,2.072,10.383071985215862
chr3,91240701,inactive,0.3745,2.08,10.426599667692345
chr3,91244701,inactive,0.378,2.1,10.405727503595234
chr3,91248701,inactive,0.378,2.04,10.356062281020074
chr3,91252701,inactive,0.3765,2.096,10.443059410155753
chr3,91256701,inactive,0.3785,2.072,10.44930118267631
chr3,91260701,inactive,0.381,2.088,10.41575810660159
chr3,91264701,inactive,0.3755,2.08,10.451618615420566
chr3,91268701,inactive,0.38,2.112,10.400950815710365
chr3,91272701,inactive,0.384,2.08,10.363014998784605
chr3,91276701,inactive,0.3835,2.076,10.417428112899316
chr3,91280701,inactive,0.3735,2.056,10.385272243109325
chr3,91284701,inactive,0.3815,2.092,10.40097049649305
chr3,91288701,inactive,0.3815,2.044,10.384560937682963
chr3,91292701,inactive,0.3735,2.056,10.376285247079757
chr3,91296701,inactive,0.3795,2.1,10.454877941492043
chr3,91300701,inactive,0.3815,2.04,10.381465143249349
chr3,91304701,inactive,0.375,2.052,10.36406563351585
chr3,91308701,inactive,0.374,2.04,10.363213252874559
chr3,91312701,inactive,0.3735,1.952,10.132862866140114
chr3,91316701,inactive,0.3805,2.1,10.452436988258407
chr3,91320701,inactive,0.377,2.072,10.394463085969837
chr3,91324701,inactive,0.3795,2.088,10.423521427984287
chr3,91328701,inactive,0.3815,2.04,10.335373296810712
chr3,91332701,inactive,0.3775,2.116,10.519528706332249
chr3,91336701,inactive,0.3805,2.076,10.419159190003858
chr3,91340701,inactive,0.383,2.064,10.378519899775688
chr3,91344701,inactive,0.382,2.06,10.39566427166107
chr3,91348701,inactive,0.3805,2.068,10.37185811142624
chr3,91352701,inactive,0.385,2.08,10.39605449926794
chr3,91356701,inactive,0.385,2.072,10.424195202785533
chr3,91360701,inactive,0.3755,2.04,10.380864041057086
chr3,91364701,inactive,0.381,2.064,10.397408329443502
chr3,91368701,inactive,0.3805,2.072,10.391482765577848
chr3,91372701,inactive,0.383,2.064,10.390832858607983
chr3,91376701,inactive,0.3795,2.024,10.322789107234811
chr3,91380701,inactive,0.3755,2.02,10.282736205179127
chr3,91384701,inactive,0.378,2.032,10.316420684118453
chr3,91388701,inactive,0.3775,1.996,10.295540080858345
chr3,91392701,inactive,0.378,2.028,10.31611006820446
chr3,91396701,inactive,0.3805,2.012,10.30243771898844
chr3,91400701,inactive,0.376,2.008,10.29049139715968
chr3,91404701,inactive,0.372,2.028,10.325897882346307
chr3,91408701,inactive,0.3785,2.036,10.34248497216539
chr3,91412701,inactive,0.379,2.016,10.26799941041817
chr3,91416701,inactive,0.375,2.036,10.33642784136259
chr3,91420701,inactive,0.381,2.02,10.285854760080278
chr3,91424701,inactive,0.3835,1.996,10.251264914389553
chr3,91428701,inactive,0.3765,2.076,10.374812863177702
chr3,91432701,inactive,0.375,2.096,10.447337456679348
chr3,91436701,inactive,0.375,1.996,10.267159378760454
chr3,91440701,inactive,0.3795,2.052,10.38163854334744
chr3,91444701,inactive,0.3725,2.104,10.492281773480123
chr3,91448701,inactive,0.3695,2.008,10.341244185929696
chr3,91452701,inactive,0.368,1.976,10.284633654627271
chr3,91456701,inactive,0.365,2.028,10.261224357038577
chr3,91460701,inactive,0.362,2.032,10.33417282576812
chr3,91464701,inactive,0.3705,1.992,10.267147776958296
chr3,91468701,inactive,0.3685,1.972,10.148407101879954
chr3,91472701,inactive,0.371,1.968,10.192957364207633
chr3,91476701,inactive,0.3645,1.992,10.256494651918825
chr3,91740701,active,0.381,1.916,10.11962423379566
chr3,91744701,active,0.379,2.052,10.376012315527035
chr3,91748701,active,0.382,1.988,10.295136910822645
chr3,91752701,active,0.3775,2.068,10.36634705360288
chr3,91756701,active,0.381,1.912,10.149421912511515
chr3,91760701,active,0.378,2.068,10.407267797501117
chr3,91764701,active,0.383,2.048,10.362745539631954
chr3,91768701,active,0.377,2.008,10.31772992338161
chr3,91772701,active,0.3825,2.032,10.348324256766093
chr3,91776701,active,0.3755,2.052,10.374418891658934
chr3,91780701,active,0.38,1.996,10.262805907592668
chr3,91784701,active,0.3825,2.02,10.254243197395017
chr3,91788701,active,0.385,1.972,10.201497198450642
chr3,91792701,active,0.3795,2.036,10.284411145706963
chr3,91796701,active,0.383,1.88,10.09658400331228
chr3,91800701,active,0.3815,1.984,10.222149334150798
chr3,91804701,active,0.3825,1.924,10.181429324865865
chr3,91808701,active,0.3815,1.944,10.131722373607444
chr3,91812701,active,0.383,2.0,10.201813430710633
chr3,91816701,active,0.3855,1.908,10.091016005592941
chr3,91820701,active,0.382,2.028,10.272487977060967
chr3,91824701,active,0.3845,1.896,10.081192450305691
chr3,91828701,active,0.3835,1.98,10.201317213734885
chr3,91832701,active,0.384,1.976,10.2125255777379
chr3,91836701,active,0.3835,2.0,10.201229523061478
chr3,91840701,active,0.3845,1.976,10.208505477235388
chr3,91844701,active,0.385,1.992,10.198424336109502
chr3,91848701,active,0.3855,1.976,10.205540585511827
chr3,91852701,active,0.3815,2.028,10.286381816504058
chr3,91856701,active,0.381,1.908,10.144420267715798
chr3,91860701,active,0.385,1.988,10.219507374792013
chr3,91864701,active,0.3775,2.016,10.231269763835327
chr3,91868701,active,0.386,1.936,10.157193280341904
chr3,91872701,active,0.378,1.976,10.202711719285958
chr3,91876701,active,0.3835,1.868,10.046192064531176
chr3,91880701,active,0.38,1.992,10.216353073029236
chr3,91884701,active,0.381,1.992,10.228008261285172
chr3,91888701,active,0.3855,1.964,10.169080707842518
chr3,91892701,active,0.3805,2.004,10.269903140439407
chr3,91896701,active,0.38,1.876,10.073543191556197
chr3,91900701,active,0.383,1.936,10.092150283041072
chr3,91904701,active,0.3825,2.02,10.253035704314193
chr3,91908701,active,0.3845,1.888,10.057014996065261
chr3,91912701,active,0.381,2.012,10.244513258888032
chr3,91916701,active,0.382,1.916,10.108891363687391
chr3,91920701,active,0.386,1.98,10.159982817535216
chr3,91924701,active,0.3815,2.004,10.25551589790981
chr3,91928701,active,0.3825,1.892,10.157636145308928
chr3,91932701,active,0.382,2.012,10.216794780210758
chr3,91936701,active,0.381,2.004,10.223765684395099
chr3,91940701,active,0.388,1.932,10.139374552382574
chr3,91944701,active,0.377,1.992,10.286423953709635
chr3,91948701,active,0.385,1.864,10.041659627340895
chr3,91952701,active,0.383,1.928,10.117188961973559
chr3,91956701,active,0.3835,2.044,10.271171405998698
chr3,91960701,active,0.3845,1.88,10.090376321549558
chr3,91964701,active,0.3815,2.008,10.25586789813171
chr3,91968701,active,0.3815,1.94,10.12456822976301
chr3,91972701,active,0.384,2.044,10.298177200373843
chr3,91976701,active,0.3845,1.852,10.046341153661066
chr3,91980701,active,0.3825,1.984,10.270554786467432
chr3,91984701,active,0.382,1.952,10.164461515717766
chr3,91988701,active,0.3865,2.004,10.256899327749862
chr3,91992701,active,0.3815,1.952,10.187184689521642
chr3,91996701,active,0.386,2.004,10.20695091244655
chr3,92000701,active,0.3825,2.0,10.262632590448938
chr3,92004701,active,0.383,1.864,10.07569957890219
chr3,92008701,active,0.384,2.004,10.203659981856825
chr3,92012701,active,0.38,1.992,10.225659191489875
chr3,92016701,active,0.387,1.944,10.165941314373244
chr3,92020701,active,0.3795,1.968,10.269052221628154
chr3,92024701,active,0.382,1.864,10.038139957679375
chr3,92028701,active,0.3815,1.944,10.178410860043265
chr3,92032701,active,0.3825,2.02,10.244633989093206
chr3,92036701,active,0.3835,1.884,10.077022873674338
chr3,92040701,active,0.385,2.028,10.294424498032388
chr3,92044701,active,0.383,1.908,10.147678846605835
chr3,92048701,active,0.3855,2.012,10.294424498032386
chr3,92052701,active,0.3835,1.892,10.139372653131973
chr3,92056701,active,0.382,1.984,10.254633064819428
chr3,92060701,active,0.381,1.976,10.214462157777167
chr3,92064701,active,0.383,2.012,10.250336034272957
chr3,92068701,active,0.3805,2.024,10.268600872792877
chr3,92072701,active,0.381,1.9,10.096365713973448
chr3,92076701,active,0.3815,1.976,10.188111121647637
chr3,92080701,active,0.3785,2.012,10.249207134191757
chr3,92084701,active,0.384,1.944,10.182569162522153
chr3,92088701,active,0.376,2.004,10.262477105258842
chr3,92092701,active,0.3815,1.884,10.00604570743614
chr3,92096701,active,0.376,1.88,10.05162998395998
chr3,92100701,active,0.378,1.9,10.076435931045692
chr3,92104701,active,0.38,2.0,10.196441260190989
chr3,92108701,active,0.384,2.012,10.253578487734758
chr3,92112701,active,0.378,1.888,10.029022136177868
chr3,92116701,active,0.386,1.908,10.032307263412537
chr3,92120701,active,0.3785,1.992,10.264879476641317
chr3,92124701,active,0.385,1.884,10.070399389947962
chr3,92128701,active,0.3845,1.972,10.231417512338549
chr3,92132701,active,0.386,2.016,10.269405163305201
chr3,92136701,active,0.386,1.876,10.076074345307852
chr3,92140701,active,0.3845,1.916,10.147620256322325
chr3,92144701,active,0.3825,2.012,10.230048492473632
chr3,92148701,active,0.383,1.996,10.250103385380557
chr3,92152701,active,0.3855,1.988,10.234373167296145
chr3,92156701,active,0.3795,2.036,10.305780572289622
chr3,92160701,active,0.386,1.888,10.134321566148099
chr3,92164701,active,0.381,1.964,10.135751928331649
chr3,92168701,active,0.3825,2.016,10.25565845855985
chr3,92172701,active,0.384,1.892,10.1095525179932
chr3,92176701,active,0.3795,1.968,10.228751873705894
chr3,92180701,active,0.384,1.892,10.116371885057113
chr3,92184701,active,0.3835,1.992,10.229151881102393
chr3,92188701,active,0.383,2.036,10.284260240280801
chr3,92192701,active,0.384,1.904,10.14691807217479
chr3,92196701,active,0.3825,2.008,10.279546356544671
chr3,92200701,active,0.386,1.988,10.270202591971769
chr3,92204701,active,0.3865,1.972,10.213943507983558
chr3,92208701,active,0.382,2.02,10.286964068049398
chr3,92212701,active,0.383,1.888,10.086623232209128
chr3,92216701,active,0.3855,1.96,10.140833905185145
chr3,92220701,active,0.3815,2.004,10.205735201293015
chr3,92224701,active,0.387,1.892,10.110215405640936
chr3,92228701,active,0.3795,1.96,10.206785918978662
chr3,92232701,active,0.3825,1.896,10.137082611040752
chr3,92236701,active,0.3845,2.008,10.234578088958145
chr3,92240701,active,0.383,2.004,10.290541309301176
chr3,92244701,active,0.383,1.912,10.158378650365785
chr3,92248701,active,0.382,1.976,10.207658966563113
chr3,92252701,active,0.3845,2.02,10.314180382543723
chr3,92256701,active,0.385,1.964,10.216529059253771
chr3,92260701,active,0.3805,2.008,10.287771913916162
chr3,92264701,active,0.3835,1.904,10.131805846781107
chr3,92268701,active,0.384,1.96,10.136282262881778
chr3,92272701,active,0.3835,2.004,10.245157212934474
chr3,92276701,active,0.385,1.904,10.093210974790102
chr3,92280701,active,0.3835,1.968,10.224950777190864
chr3,92284701,active,0.385,1.924,10.15400908058627
chr3,92288701,active,0.3855,1.984,10.192717964788816
chr3,92292701,active,0.3835,1.992,10.310051868286846
chr3,92296701,active,0.385,1.888,10.143846500038743
chr3,92300701,active,0.385,1.984,10.207022040271118
chr3,92304701,active,0.383,2.004,10.277232750666672
chr3,92308701,active,0.387,1.952,10.170816553268484
chr3,92312701,active,0.3805,2.004,10.302055898011755
chr3,92316701,active,0.3865,1.888,10.102184629959389
chr3,92320701,active,0.3845,1.98,10.207623142463367
chr3,92324701,active,0.385,1.992,10.251636536044824
chr3,92328701,active,0.385,1.872,10.09824450704844
chr3,92332701,active,0.3835,1.996,10.25386349675921
chr3,92336701,active,0.3835,1.968,10.224895582069324
chr3,92340701,active,0.3845,2.008,10.22342914537439
chr3,92344701,active,0.383,2.008,10.278191147493422
chr3,92348701,active,0.383,1.88,10.105347775772913
chr3,92352701,active,0.385,1.94,10.169755120054308
chr3,92356701,active,0.3815,2.0,10.251736188702813
chr3,92360701,active,0.3865,1.928,10.16109270106081
chr3,92364701,active,0.3785,1.988,10.24336407314636
chr3,92368701,active,0.385,1.876,10.086581100719808
chr3,92372701,active,0.383,1.944,10.192393825173285
chr3,92376701,active,0.3815,2.024,10.262748031957798
chr3,92380701,active,0.384,1.896,10.113797852634702
chr3,92384701,active,0.3835,2.004,10.252149619914018
chr3,92388701,active,0.3855,1.968,10.220389266427235
chr3,92392701,active,0.3855,1.98,10.22380181825571
chr3,92396701,active,0.3825,2.004,10.271718491955115
chr3,92400701,active,0.385,1.884,10.124024970672881
chr3,92404701,active,0.386,1.936,10.162346828156785
chr3,92408701,active,0.384,1.992,10.25322968268482
chr3,92412701,active,0.3855,1.948,10.155182211397396
chr3,92416701,active,0.3805,1.996,10.282810971312461
chr3,92420701,active,0.3845,1.872,10.075715671797665
chr3,92424701,active,0.386,1.964,10.202372505468174
chr3,92428701,active,0.3845,2.024,10.288966349081013
chr3,92432701,active,0.382,1.908,10.137486173791698
chr3,92436701,active,0.3805,1.992,10.255413133034182
chr3,92440701,active,0.383,1.968,10.203207248429573
chr3,92444701,active,0.387,1.996,10.23700680869532
chr3,92448701,active,0.376,2.048,10.314742985839182
chr3,92452701,active,0.3795,1.872,10.08135176236206
chr3,92456701,active,0.381,1.988,10.230406445618925
chr3,92460701,active,0.381,1.916,10.155985205988399
chr3,92464701,active,0.3855,1.992,10.216711303402613
chr3,92468701,active,0.379,2.032,10.291120005492107
chr3,92472701,active,0.3815,1.892,10.14252987283863
chr3,92476701,active,0.381,1.988,10.197189336888513
chr3,92480701,active,0.38,1.992,10.27818585308082
chr3,92484701,active,0.386,1.952,10.20542359921854
chr3,92488701,active,0.378,2.004,10.275726990655457
chr3,92492701,active,0.384,1.86,10.08296318409251
chr3,92496701,active,0.3815,1.964,10.20827095590887
chr3,92500701,active,0.38,2.012,10.280448256612232
chr3,92504701,active,0.3845,1.876,10.08532763785088
chr3,92508701,active,0.3835,2.028,10.294594393197647
chr3,92512701,active,0.3825,1.968,10.218641570336034
chr3,92516701,active,0.3835,2.004,10.250948738267374
chr3,92520701,active,0.382,2.028,10.292941941625484
chr3,92524701,active,0.3825,1.876,10.09274815752861
chr3,92528701,active,0.3825,1.984,10.190692098870178
chr3,92532701,active,0.3805,2.008,10.254352629842641
chr3,92536701,active,0.3865,1.936,10.146445031986797
chr3,92540701,active,0.38,1.992,10.242671668788454
chr3,92544701,active,0.384,1.944,10.157583120949802
chr3,92548701,active,0.3825,1.908,10.090603732167226
chr3,92552701,active,0.382,1.98,10.242740786043036
chr3,92556701,active,0.378,2.024,10.28218457199154
chr3,92560701,active,0.3825,1.904,10.144685545535978
chr3,92564701,active,0.377,1.996,10.233815221002729
chr3,92568701,active,0.381,1.86,10.06338140861166
chr3,92572701,active,0.38,1.98,10.226281403762089
chr3,92576701,active,0.3805,1.96,10.204208053973726
chr3,92580701,active,0.3815,1.976,10.221404818523917
chr3,92584701,active,0.381,2.02,10.296113133886747
chr3,92588701,active,0.385,1.968,10.212411071967937
chr3,92592701,active,0.3795,2.02,10.29107849998082
chr3,92868701,active,0.315,1.944,10.130789468716378
chr3,92872701,active,0.3875,1.94,10.135347701353666
chr3,92876701,active,0.379,2.0,10.239123589780657
chr3,92880701,active,0.384,1.868,10.088035020973908
chr3,92884701,active,0.388,1.964,10.196098104019834
chr3,92888701,active,0.385,2.032,10.328930157982562
chr3,92892701,active,0.3845,1.896,10.134609332923958
chr3,92896701,active,0.3815,1.996,10.267079019886141
chr3,92900701,active,0.3845,1.976,10.252202915784943
chr3,95864701,active,0.3835,1.928,10.141494312309588
chr3,95868701,active,0.379,1.988,10.20437798167175
chr3,95872701,active,0.3805,1.952,10.16877462127086
chr3,95876701,active,0.385,1.968,10.203221607983155
chr3,95880701,active,0.377,2.028,10.290517081287328
chr3,95884701,active,0.382,1.84,10.070150509067858
chr3,95888701,active,0.382,1.984,10.174779163476439
chr3,95892701,active,0.3825,1.976,10.219889523418363
chr3,95896701,active,0.3855,1.88,10.064726040270255
chr3,95900701,active,0.381,1.944,10.234697833002857
chr3,95904701,active,0.3825,1.876,10.1379975186027
chr3,95908701,active,0.3845,1.952,10.199524351174826
chr3,95912701,active,0.383,2.004,10.254123846065536
chr3,95916701,active,0.3845,1.872,10.084416666926073
chr3,95920701,active,0.379,2.0,10.238223068588786
chr3,95924701,active,0.381,1.992,10.245135471160234
chr3,95928701,active,0.3835,1.988,10.245062083902573
chr3,95932701,active,0.384,1.976,10.207874775378633
chr3,95936701,active,0.3865,1.976,10.218194878502775
chr3,95940701,active,0.3815,2.012,10.29651953734346
chr3,95944701,active,0.3845,1.88,10.121565748065054
chr3,95948701,active,0.3845,1.92,10.11459522350475
chr3,95952701,active,0.3825,1.992,10.206676126348555
chr3,95956701,active,0.387,1.928,10.128132457804142
chr3,95960701,active,0.3795,1.928,10.191937238063268
chr3,95964701,active,0.383,1.904,10.135296055870306
chr3,95968701,active,0.3805,1.976,10.2107271167207
chr3,95972701,active,0.3795,1.888,10.13095457350367
chr3,95976701,active,0.3825,1.968,10.164596998191756
chr3,95980701,active,0.3805,1.992,10.222039541520674
chr3,95984701,active,0.383,1.964,10.20798812336314
chr3,95988701,active,0.382,1.96,10.244690872851336
chr3,95992701,active,0.383,1.976,10.156174920072207
chr3,95996701,active,0.386,1.988,10.213230796864952
chr3,96000701,active,0.385,1.996,10.24154635659445
chr3,96004701,active,0.3805,2.008,10.29325145017561
chr3,96008701,active,0.382,1.864,10.090498817629415
chr3,96012701,active,0.384,1.952,10.194640628411296
chr3,96016701,active,0.3825,1.96,10.194218486525306
chr3,96020701,active,0.386,1.928,10.120674070923913
chr3,96024701,active,0.3795,1.968,10.227665769341073
chr3,96028701,active,0.385,1.836,10.03145223479071
chr3,96032701,active,0.387,1.944,10.155451316083836
chr3,96036701,active,0.3815,2.012,10.265059106890902
chr3,96040701,active,0.381,1.884,10.136464999632732
chr3,96044701,active,0.38,1.972,10.221256361088312
chr3,96048701,active,0.382,1.94,10.153853982395125
chr3,96052701,active,0.386,1.984,10.21669716493928
chr3,96056701,active,0.3775,2.012,10.279784294133425
chr3,96060701,active,0.382,1.84,10.071243641187163
chr3,96064701,active,0.38,1.94,10.116361023061437
chr3,96068701,active,0.38,1.98,10.209747969996434
chr3,96072701,active,0.384,1.872,10.056319479489758
chr3,96076701,active,0.377,1.98,10.196766203125794
chr3,96080701,active,0.3785,1.844,10.041378915136024
chr3,96084701,active,0.382,1.972,10.212183080077562
chr3,96088701,active,0.377,2.048,10.340241647043666
chr3,96092701,active,0.3775,1.948,10.239514481614592
chr3,96096701,active,0.3795,2.016,10.240763093207715
chr3,96100701,active,0.382,1.976,10.230277668965988
chr3,96104701,active,0.385,1.972,10.190497837555192
chr3,96108701,active,0.3785,1.976,10.227738441950073
chr3,96112701,active,0.383,1.86,10.073617957689539
chr3,96116701,active,0.3835,1.892,10.07160583907177
chr3,96120701,active,0.3825,2.0,10.200334290565948
chr3,96124701,active,0.386,1.876,10.069173925821275
chr3,96128701,active,0.381,1.956,10.17649652009662
chr3,96132701,active,0.382,1.94,10.122761063787248
chr3,96136701,active,0.3845,1.992,10.194537586307604
chr3,96140701,active,0.3795,1.992,10.240802389707534
chr3,96144701,active,0.382,1.896,10.123808807391177
chr3,96148701,active,0.3805,1.96,10.21677201402699
chr3,96152701,active,0.38,1.98,10.204226051836079
chr3,96156701,active,0.3805,1.936,10.131458586515576
chr3,96160701,active,0.377,2.012,10.274548925614193
chr3,96164701,active,0.3815,1.848,10.03209437254092
chr3,96168701,active,0.3825,1.952,10.136423222609576
chr3,96172701,active,0.3795,1.984,10.21942163855078
chr3,96176701,active,0.383,1.872,10.030396948773653
chr3,96180701,active,0.38,1.96,10.175061970864318
chr3,96184701,active,0.3815,1.904,10.092653465917245
chr3,96188701,active,0.3835,1.984,10.161423319690897
chr3,96192701,active,0.3785,1.996,10.22940844824779
chr3,96196701,active,0.381,1.852,10.070946038483815
chr3,96200701,active,0.3845,1.964,10.163476088420438
chr3,96204701,active,0.381,2.0,10.226810940709207
chr3,96208701,active,0.3845,1.956,10.167323314916027
chr3,96212701,active,0.3765,2.008,10.270720798628568
chr3,96216701,active,0.3825,1.888,10.072546656015108
chr3,96220701,active,0.3815,1.98,10.174567354810808
chr3,96224701,active,0.3835,2.016,10.332660398184846
chr3,96228701,active,0.3875,1.86,10.063507377091613
chr3,96232701,active,0.386,2.024,10.328121293422528
chr3,96236701,active,0.391,2.072,10.41488470455093
chr3,96240701,active,0.3845,1.96,10.237361926851113
chr3,96244701,active,0.3915,2.064,10.414024581506473
chr3,96248701,active,0.3895,1.976,10.271731749861086
chr3,96252701,active,0.3885,1.984,10.249077333129321
chr3,96256701,active,0.39,2.104,10.472554691030306
chr3,96260701,active,0.39,1.96,10.283933481049758
chr3,96264701,active,0.39,2.032,10.367792844454879
chr3,96268701,active,0.3935,2.024,10.354598658214446
chr3,96272701,active,0.389,2.048,10.384438441603073
chr3,96276701,active,0.389,2.104,10.45873068349045
chr3,96280701,active,0.3945,1.96,10.267346391230701
chr3,96284701,active,0.3935,2.008,10.228812222489184
chr3,96288701,active,0.3905,2.036,10.36698665469193
chr3,96292701,active,0.391,1.984,10.267362484126181
chr3,96296701,active,0.39,2.072,10.40754148195147
chr3,96300701,active,0.3915,1.94,10.199725445970591
chr3,96304701,active,0.3895,2.06,10.377735346183838
chr3,96308701,active,0.3895,2.104,10.44662686590162
chr3,96312701,active,0.39,1.984,10.264285706248165
chr3,96316701,active,0.388,2.044,10.347481384402586
chr3,96320701,active,0.3885,2.048,10.317540790570495
chr3,96324701,active,0.393,2.044,10.342984416845846
chr3,96328701,active,0.3895,2.092,10.443288946830542
chr3,96332701,active,0.3895,1.928,10.170849619616817
chr3,96336701,active,0.3895,1.992,10.257614434778782
chr3,96340701,active,0.3925,2.076,10.348974440964051
chr3,96344701,active,0.3945,1.98,10.258681524246636
chr3,96348701,active,0.3895,2.084,10.41871002336354
chr3,96352701,active,0.389,1.96,10.185601438158415
chr3,96356701,active,0.3845,2.012,10.257628491946402
chr3,96360701,active,0.385,2.044,10.327419463741196
chr3,96364701,active,0.3875,1.968,10.271336343328766
chr3,96368701,active,0.381,2.032,10.258448160705571
chr3,96372701,active,0.387,2.032,10.296279146047912
chr3,96376701,active,0.3845,2.008,10.240053217078634
chr3,96380701,active,0.3805,2.044,10.384042648071807
chr3,96384701,active,0.389,1.924,10.143309663825294
chr3,96388701,active,0.3855,1.996,10.21353647283256
chr3,96392701,active,0.386,2.048,10.336594130751836
chr3,96396701,active,0.39,1.952,10.181702017439491
chr3,96400701,active,0.3855,2.06,10.337392113874596
chr3,96404701,active,0.3895,1.96,10.205514541201753
chr3,96408701,active,0.385,2.0,10.255459844287437
chr3,96412701,active,0.385,2.068,10.372806368280882
chr4,49705154,active,0.375,1.964,10.1793003281729
chr4,49709154,active,0.3705,1.996,10.233641516860038
chr4,49713154,active,0.38,1.956,10.20758709155714
chr4,49717154,active,0.3745,2.0,10.291667064631978
chr4,49721154,active,0.374,1.928,10.204738305569482
chr4,49725154,active,0.3755,1.944,10.182055724186801
chr4,49729154,active,0.3785,1.964,10.283074483257982
chr4,49733154,active,0.3735,1.968,10.261348509222229
chr4,49737154,active,0.375,1.96,10.21276880402297
chr4,49741154,active,0.379,1.868,10.058163793259453
chr4,49745154,active,0.3775,1.884,10.044164259564365
chr4,49749154,active,0.3775,1.892,10.090575754525226
chr4,49753154,active,0.379,1.908,10.096624484414033
chr4,49757154,active,0.372,1.916,10.141435804980402
chr4,49761154,active,0.3815,1.84,9.987437816799758
chr4,49765154,active,0.368,1.928,10.167564775326438
chr4,49769154,active,0.3735,1.856,10.036255902724555
chr4,49773154,active,0.379,1.872,10.04675411337045
chr4,49777154,active,0.3745,1.888,10.08118638606292
chr4,49781154,active,0.3795,1.908,10.116159791788482
chr4,49785154,active,0.37,1.852,10.04153613366801
chr4,49789154,active,0.3725,1.86,10.036541626397632
chr4,49793154,active,0.3695,1.864,10.020715892282357
chr4,49797154,active,0.371,1.868,10.04867305572974
chr4,49801154,active,0.3705,1.836,10.008658071298132
chr4,49805154,active,0.372,1.856,10.04350826629515
chr4,49809154,active,0.3705,1.916,10.145523921089874
chr4,49813154,active,0.3795,1.936,10.144455233314707
chr4,49817154,active,0.3755,1.916,10.15778931016814
chr4,49821154,active,0.3755,1.84,9.951270557182074
chr4,49825154,active,0.3795,1.884,10.048485905123604
chr4,49829154,active,0.374,1.888,10.089611216217612
chr4,49833154,active,0.3765,1.864,10.053159966268748
chr4,49837154,active,0.378,1.896,10.097038270091424
chr4,49841154,active,0.378,1.868,10.03924581434868
chr4,49845154,active,0.3805,1.864,10.00272481545098
chr4,49849154,active,0.38,1.9,10.066291514269166
chr4,49853154,active,0.372,1.896,10.0880074864687
chr4,49857154,active,0.372,1.888,10.101781233117151
chr4,49861154,active,0.3725,1.908,10.101273381806436
chr4,49865154,active,0.373,1.9,10.104480043701255
chr4,49869154,active,0.376,1.928,10.183705805006488
chr4,49873154,active,0.374,1.912,10.146156710754745
chr4,49877154,active,0.373,1.94,10.189906154970135
chr4,49881154,active,0.3765,1.852,9.99475003821023
chr4,49885154,active,0.3785,1.928,10.16083615597199
chr4,49889154,active,0.371,1.932,10.193271940363829
chr4,49893154,active,0.375,1.916,10.136566796236647
chr4,49897154,active,0.3715,1.888,10.106453411351973
chr4,49901154,active,0.372,1.908,10.12169113527226
chr4,49905154,active,0.3755,1.888,10.041969922061497
chr4,49909154,active,0.376,1.9,10.100630940011625
chr4,49913154,active,0.3725,1.916,10.12226068336783
chr4,49917154,active,0.373,1.94,10.160799451314881
chr4,49921154,active,0.375,1.872,10.05040906706444
chr4,49925154,active,0.3765,1.912,10.108648380549132
chr4,49929154,active,0.3715,1.936,10.173333424704685
chr4,49933154,active,0.375,1.896,10.079582213177213
chr4,49937154,active,0.3745,1.916,10.138745749776435
chr4,49941154,active,0.373,1.888,10.086815256147599
chr4,49945154,active,0.373,1.84,10.00106106082808
chr4,49949154,active,0.3805,1.864,10.052639716509201
chr4,49953154,active,0.378,1.88,10.06017620854688
chr4,49957154,active,0.3715,1.924,10.118801673909116
chr4,49961154,active,0.3685,1.888,10.092291015962383
chr4,49965154,active,0.3765,1.956,10.201230624709112
chr4,49969154,active,0.3745,1.92,10.133640131898053
chr4,49973154,active,0.373,1.928,10.139424736035897
chr4,49977154,active,0.375,1.844,9.975917877961832
chr4,49981154,active,0.3815,1.876,10.049625305359362
chr4,49985154,active,0.3755,1.9,10.09567675365057
chr4,49989154,active,0.375,1.884,10.059098239300472
chr4,49993154,active,0.372,1.948,10.169577223146662
chr4,49997154,active,0.3725,1.896,10.098166428707476
chr4,50001154,active,0.38,1.912,10.123461314602887
chr4,50005154,active,0.372,1.916,10.116746811655224
chr4,50009154,active,0.379,1.852,10.014982789775752
chr4,50013154,active,0.3725,1.94,10.140642534997527
chr4,50017154,active,0.3695,1.908,10.093605549638133
chr4,50021154,active,0.3725,1.836,9.975971949912427
chr4,50025154,active,0.379,1.856,9.995661995295531
chr4,50029154,active,0.376,1.9,10.084445491044127
chr4,50033154,active,0.3705,1.968,10.201748167138852
chr4,50037154,active,0.373,1.896,10.064404652689909
chr4,50041154,active,0.3795,1.868,10.009683459322357
chr4,50045154,active,0.3775,1.928,10.133978132748812
chr4,50049154,active,0.3715,1.948,10.154478725612263
chr4,50053154,active,0.375,1.92,10.114312392617668
chr4,50057154,active,0.3805,1.896,10.058757397743904
chr4,50061154,active,0.38,1.908,10.11058730297581
chr4,50065154,active,0.3745,1.944,10.175066318105484
chr4,50069154,active,0.373,1.956,10.233234204480953
chr4,50073154,active,0.3785,1.848,10.013833747886252
chr4,50077154,active,0.3815,1.88,10.037815839164079
chr4,50081154,active,0.375,1.928,10.140617515096952
chr4,50085154,active,0.369,1.88,10.103004154866394
chr4,50089154,active,0.377,1.876,10.04816703214784
chr4,50093154,active,0.384,1.876,10.042390330605611
chr4,50097154,active,0.3755,1.936,10.10544026254051
chr4,50101154,active,0.3715,1.936,10.142918223251435
chr4,50105154,active,0.3775,1.908,10.10081980131094
chr4,50109154,active,0.3785,1.852,10.004686858527638
chr4,50113154,active,0.383,1.744,9.817482592632164
chr4,50117154,active,0.379,1.844,9.976757277925264
chr4,50121154,active,0.368,1.92,10.154228521994304
chr4,50125154,active,0.377,1.86,9.978880705059305
chr4,50129154,active,0.3775,1.928,10.143587258096263
chr4,50133154,active,0.37,1.956,10.177056365640654
chr4,50137154,active,0.3805,1.864,10.074783202245397
chr4,50141154,active,0.3705,1.948,10.16552063431734
chr4,50145154,active,0.381,1.892,10.07591439012469
chr4,50149154,active,0.375,1.792,9.879413083082211
chr4,50153154,active,0.375,1.876,10.032634735743743
chr4,50157154,active,0.3705,1.932,10.143659620944424
chr4,50161154,active,0.3695,1.9,10.105101951928875
chr4,50165154,active,0.379,1.892,10.078367659809158
chr4,50169154,active,0.3725,1.952,10.169117910817965
chr4,50173154,active,0.3735,1.904,10.139586091195012
chr4,50177154,active,0.372,1.924,10.157647552837316
chr4,50181154,active,0.3765,1.932,10.150566767352288
chr4,50185154,active,0.379,1.872,10.000585873059666
chr4,50189154,active,0.3815,1.9,10.121493982829897
chr4,50193154,active,0.37,1.916,10.082818746248373
chr4,50197154,active,0.38,1.856,10.030914457122112
chr4,50201154,active,0.377,1.924,10.13095481665046
chr4,50205154,active,0.3705,1.932,10.158447978234395
chr4,50209154,active,0.3815,1.904,10.081252662611716
chr4,50213154,active,0.374,1.928,10.171358483904507
chr4,50217154,active,0.3805,1.868,9.99848705730394
chr4,50221154,active,0.374,1.94,10.15734115650481
chr4,50225154,active,0.3745,1.888,10.098122248399129
chr4,50229154,active,0.369,1.904,10.15425767852202
chr4,50233154,active,0.375,1.936,10.162253926025183
chr4,50237154,active,0.3735,1.9,10.128967089446165
chr4,50241154,active,0.3745,1.912,10.098669921344484
chr4,50245154,active,0.3805,1.872,10.051745862889355
chr4,50249154,active,0.375,1.9,10.11108657603135
chr4,50253154,active,0.3745,1.9,10.067442217022423
chr4,50257154,active,0.3805,1.872,10.031881481669263
chr4,50261154,active,0.371,1.912,10.101007085293004
chr4,50265154,active,0.3715,1.896,10.139277961520602
chr4,50269154,active,0.38,1.848,9.97062260171439
chr4,50273154,active,0.3815,1.876,10.013038661607096
chr4,50277154,active,0.3745,1.896,10.085088204350779
chr4,50281154,active,0.373,1.92,10.15505769903128
chr4,50285154,active,0.3785,1.832,9.965647742693923
chr4,50289154,active,0.3815,1.872,10.017174286572846
chr4,50293154,active,0.374,1.928,10.124913695788827
chr4,50297154,active,0.372,1.9,10.100981484119721
chr4,50301154,active,0.3735,1.864,10.028136527447229
chr4,50305154,active,0.38,1.868,10.023679925505142
chr4,50309154,active,0.3755,1.9,10.062689613299272
chr4,50313154,active,0.3715,1.956,10.216349789186662
chr4,50317154,active,0.376,1.912,10.130238771267706
chr4,50321154,active,0.3795,1.856,9.997198373664549
chr4,50325154,active,0.376,1.892,10.080355032547219
chr4,50329154,active,0.373,1.964,10.199517539750657
chr4,50333154,active,0.3745,1.912,10.110212951934143
chr4,50337154,active,0.3815,1.884,10.02442913066681
chr4,50341154,active,0.3805,1.904,10.098486680558954
chr4,50345154,active,0.374,1.96,10.207873479457271
chr4,50349154,active,0.375,1.88,10.029173711547294
chr4,50353154,active,0.3795,1.86,10.033621712585454
chr4,50357154,active,0.3775,1.868,10.033238867199255
chr4,50361154,active,0.3745,1.944,10.157721294561181
chr4,50365154,active,0.3705,1.936,10.126340475801484
chr4,50369154,active,0.375,1.828,9.99756349841644
chr4,50373154,active,0.3805,1.864,10.033883485472819
chr4,50377154,active,0.376,1.916,10.080108854237002
chr4,50381154,active,0.371,1.936,10.167326117372795
chr4,50385154,active,0.376,1.936,10.114898033608752
chr4,50389154,active,0.3815,1.892,10.003749101827559
chr4,50393154,active,0.3775,1.928,10.117172780407454
chr4,50397154,active,0.3705,1.968,10.190590429925944
chr4,50401154,active,0.374,1.892,10.061687129594775
chr4,50405154,active,0.382,1.864,10.004883567833181
chr4,50409154,active,0.3775,1.908,10.080046985827153
chr4,50413154,active,0.3715,1.956,10.17986896734609
chr4,50417154,active,0.374,1.904,10.051453665917974
chr4,50421154,active,0.3805,1.868,9.987443935631854
chr4,50425154,active,0.383,1.888,10.085696854672436
chr4,50429154,active,0.374,1.908,10.083911158002769
chr4,52117154,active,0.3775,1.988,10.233086494226754
chr4,52121154,active,0.37,1.948,10.234907051484441
chr4,52125154,active,0.37,1.972,10.225794086974926
chr4,52129154,active,0.376,1.964,10.227095557018433
chr4,52133154,active,0.3745,1.904,10.147662996857145
chr4,52137154,active,0.367,1.948,10.167695234899695
chr4,52141154,active,0.3765,1.952,10.211231711005315
chr4,52145154,active,0.3745,1.848,10.020805404968264
chr4,52149154,active,0.3825,1.88,10.031092348313553
chr4,52153154,active,0.376,1.872,10.061792508369628
chr4,52157154,active,0.377,1.844,9.964924365512067
chr4,52161154,active,0.381,1.848,9.986845641612597
chr4,52165154,active,0.3735,1.968,10.208356299434888
chr4,52169154,active,0.3715,1.904,10.0870827104465
chr4,52173154,active,0.38,1.868,10.037313725402765
chr4,52177154,active,0.374,1.932,10.117604398038493
chr4,52181154,active,0.3695,1.856,10.041114738963435
chr4,52185154,active,0.3735,1.848,10.013250200419552
chr4,52189154,active,0.384,1.876,10.064418868391336
chr4,52193154,active,0.3765,1.84,9.974928287754091
chr4,52197154,active,0.3705,1.96,10.1931272593729
chr4,52201154,active,0.376,1.932,10.147900768537202
chr4,52205154,active,0.379,1.852,9.978831540099227
chr4,52209154,active,0.3805,1.9,10.120912091467003
chr4,52213154,active,0.373,1.928,10.143934052576206
chr4,52217154,active,0.375,1.912,10.099631867809384
chr4,52221154,active,0.3795,1.912,10.122182333515036
chr4,52225154,active,0.374,1.892,10.103678676849045
chr4,52229154,active,0.3755,1.864,10.037192197594567
chr4,52233154,active,0.3785,1.848,10.004352850451834
chr4,52237154,active,0.38,1.896,10.067192533779378
chr4,52241154,active,0.372,1.92,10.141081401473294
chr4,52245154,active,0.371,1.948,10.171576031778182
chr4,52249154,active,0.378,1.824,9.973906593220244
chr4,52253154,active,0.3785,1.852,10.013679143253512
chr4,52257154,active,0.3745,1.936,10.16226039932349
chr4,52261154,active,0.3705,1.868,10.036989697106604
chr4,52265154,active,0.373,1.88,10.029778673138575
chr4,52269154,active,0.3785,1.856,10.020039165455987
chr4,52273154,active,0.374,1.892,10.101339248707514
chr4,52277154,active,0.3695,1.956,10.200536177248454
chr4,52281154,active,0.373,1.876,10.084451499149068
chr4,52285154,active,0.378,1.9,10.07850341379499
chr4,52289154,active,0.378,1.92,10.118704501774426
chr4,52293154,active,0.37,1.936,10.1604011268387
chr4,52297154,active,0.374,1.892,10.09002825796476
chr4,52301154,active,0.382,1.876,10.030201169490772
chr4,52305154,active,0.3815,1.94,10.19330704981492
chr4,52309154,active,0.3755,1.952,10.153979286648001
chr4,52313154,active,0.372,1.888,10.095993150862986
chr4,52317154,active,0.3785,1.852,10.000102858808333
chr4,52321154,active,0.3805,1.868,9.979573824065833
chr4,52325154,active,0.3755,1.912,10.141788602805315
chr4,52329154,active,0.372,1.904,10.134010401494146
chr4,52333154,active,0.3775,1.872,10.07325997046298
chr4,52337154,active,0.377,1.9,10.121927422473444
chr4,52341154,active,0.3735,1.948,10.164602364126187
chr4,52345154,active,0.374,1.896,10.09034581296264
chr4,52349154,active,0.3805,1.84,9.968843240207145
chr4,52353154,active,0.381,1.9,10.114995227799968
chr4,52357154,active,0.3745,1.924,10.16068538868172
chr4,52361154,active,0.375,1.904,10.115654620991066
chr4,52365154,active,0.378,1.84,9.981192023139199
chr4,52369154,active,0.381,1.888,10.06885231715064
chr4,52373154,active,0.3745,1.928,10.157291687500136
chr4,52377154,active,0.371,1.916,10.126949624441457
chr4,52381154,active,0.378,1.824,9.97609982335924
chr4,52385154,active,0.378,1.852,10.013679143253512
chr4,52389154,active,0.3755,1.932,10.172505432269672
chr4,52393154,active,0.371,1.912,10.111328263248252
chr4,52397154,active,0.3745,1.832,9.985522845158808
chr4,52401154,active,0.3795,1.864,10.018468064634849
chr4,52405154,active,0.376,1.88,10.082535725145155
chr4,52409154,active,0.3715,1.936,10.168104446529398
chr4,52413154,active,0.3745,1.868,10.06751342780139
chr4,52417154,active,0.3795,1.86,9.989020436468715
chr4,52421154,active,0.378,1.884,10.100213681934159
chr4,52425154,active,0.3715,1.952,10.162744243710602
chr4,52429154,active,0.3735,1.888,10.087084393366812
chr4,52433154,active,0.3815,1.836,9.976661513564558
chr4,52437154,active,0.382,1.904,10.103174602939328
chr4,52441154,active,0.376,1.932,10.15060242554331
chr4,52445154,active,0.374,1.916,10.12130543129149
chr4,52449154,active,0.3785,1.836,9.98650901963756
chr4,52453154,active,0.3815,1.892,10.06668962241506
chr4,52457154,active,0.3755,1.912,10.142167943258663
chr4,52461154,active,0.372,1.904,10.134010401494148
chr4,52465154,active,0.3795,1.856,10.010875335177255
chr4,52469154,active,0.38,1.864,10.016760495179208
chr4,52473154,active,0.3745,1.904,10.106609611190716
chr4,52477154,active,0.3695,1.9,10.115899282289687
chr4,52481154,active,0.374,1.86,10.023167455441424
chr4,52485154,active,0.3825,1.892,10.058738984517563
chr4,52489154,active,0.3745,1.916,10.11685713037648
chr4,52493154,active,0.371,1.956,10.187460627688836
chr4,52497154,active,0.3735,1.904,10.104307086740008
chr4,52501154,active,0.3775,1.896,10.023983619267792
chr4,52505154,active,0.38,1.896,10.091312339191443
chr4,52509154,active,0.3705,1.936,10.144476924667389
chr4,52513154,active,0.3735,1.888,10.100508033327708
chr4,52517154,active,0.382,1.844,9.983729318371735
chr4,52521154,active,0.381,1.904,10.095969227850055
chr4,52525154,active,0.3735,1.912,10.13273062280329
chr4,52529154,active,0.373,1.912,10.119840429610132
chr4,52533154,active,0.3775,1.836,9.97959939634087
chr4,52537154,active,0.38,1.88,10.039612174124168
chr4,52541154,active,0.373,1.912,10.131762219380416
chr4,52545154,active,0.372,1.908,10.113352312870624
chr4,52549154,active,0.3765,1.86,10.007539698188017
chr4,52553154,active,0.3805,1.868,10.037310170048348
chr4,52557154,active,0.375,1.92,10.137199231435327
chr4,52561154,active,0.3695,1.9,10.12648609253132
chr4,52565154,active,0.3795,1.912,10.10334521751318
chr4,52569154,active,0.38,1.868,10.066797764657665
chr4,52573154,active,0.382,1.86,10.01953909479741
chr4,52577154,active,0.373,1.956,10.223109187091312
chr4,52581154,active,0.3755,1.904,10.114759693496454
chr4,52585154,active,0.381,1.908,10.138104138117383
chr4,52589154,active,0.381,1.888,10.031927174229278
chr4,52593154,active,0.372,1.924,10.13783304550971
chr4,52597154,active,0.3755,1.912,10.115043240690838
chr4,52601154,active,0.369,1.9,10.117087487303058
chr4,52605154,active,0.381,1.916,10.134122979648472
chr4,52609154,active,0.378,1.852,10.005695439007647
chr4,52613154,active,0.381,1.868,10.02860049677795
chr4,52617154,active,0.374,1.896,10.091951802144608
chr4,52621154,active,0.381,1.896,10.10133649095609
chr4,52625154,active,0.3785,1.86,10.012237926449183
chr4,52629154,active,0.3735,1.924,10.14326666811891
chr4,52633154,active,0.3725,1.908,10.093579948464843
chr4,52637154,active,0.373,1.844,10.021997436847908
chr4,52641154,active,0.3795,1.868,10.025749584733173
chr4,52645154,active,0.38,1.844,9.95956586350243
chr4,52649154,active,0.3795,1.728,9.800807838956317
chr4,52653154,active,0.3815,1.896,10.077343152342305
chr4,52657154,active,0.375,1.912,10.12671322592089
chr4,52661154,active,0.3755,1.908,10.095253980070291
chr4,52665154,active,0.3795,1.856,9.992328650272098
chr4,52669154,active,0.3695,1.936,10.135584343021057
chr4,52673154,active,0.3735,1.924,10.132574556340497
chr4,52677154,active,0.372,1.912,10.14998238974982
chr4,52681154,active,0.377,1.824,9.978252378122706
chr4,52685154,active,0.379,1.696,9.65432365065623
chr4,52689154,active,0.379,1.688,9.675107297155696
chr4,52693154,active,0.382,1.852,9.999434953976104
chr4,52697154,active,0.381,1.896,10.093675630404418
chr4,52701154,active,0.377,1.872,10.009229518644334
chr4,52705154,active,0.381,1.872,10.026939251576623
chr4,52709154,active,0.375,1.9,10.112558328239102
chr4,52713154,active,0.3795,1.912,10.12877674366805
chr4,52717154,active,0.373,1.936,10.150447023307573
chr4,52721154,active,0.3735,1.904,10.123176532384942
chr4,52725154,active,0.379,1.864,10.02569868643121
chr4,52729154,active,0.381,1.884,10.05222694952505
chr4,52733154,active,0.375,1.912,10.127750165325649
chr4,52737154,active,0.3715,1.908,10.145401147781929
chr4,52741154,active,0.3825,1.912,10.117373515020745
chr4,52745154,active,0.381,1.904,10.101943380163007
chr4,52749154,active,0.3795,1.892,10.067033576189235
chr4,52753154,active,0.376,1.908,10.092386260481407
chr4,52757154,active,0.372,1.928,10.178493362863504
chr4,52761154,active,0.373,1.884,10.051700884978054
chr4,52765154,active,0.374,1.944,10.172682608812432
chr4,52769154,active,0.372,1.872,10.092872115438524
chr4,52773154,active,0.372,1.944,10.140185233238855
chr4,52777154,active,0.372,1.9,10.119728460501317
chr4,52781154,active,0.3715,1.92,10.129194500063853
chr4,52785154,active,0.377,1.84,9.985521466283103
chr4,52789154,active,0.38,1.888,10.069977357832814
chr4,52793154,active,0.371,1.908,10.135871002433053
chr4,52797154,active,0.372,1.952,10.183974992647295
chr4,52801154,active,0.3685,1.96,10.181498215313939
chr4,52805154,active,0.3765,1.796,9.902819950569251
chr4,52809154,active,0.375,1.924,10.128597174316262
chr4,52813154,active,0.3745,1.912,10.117956625066903
chr4,52817154,active,0.376,1.804,9.885590323828373
chr4,52821154,active,0.3745,1.808,9.960773135493
chr4,52825154,active,0.3745,1.884,10.089808312522146
chr4,52829154,active,0.3735,1.948,10.18775012780659
chr4,52833154,active,0.372,1.932,10.186533563868526
chr4,52837154,active,0.373,1.876,10.044186975326545
chr4,52841154,active,0.3805,1.88,10.048434342594614
chr4,52845154,active,0.3745,1.924,10.135656074174902
chr4,52849154,active,0.369,1.936,10.16796833807736
chr4,52853154,active,0.3735,1.884,10.085033667740047
chr4,52857154,active,0.379,1.908,10.123384815127633
chr4,52861154,active,0.3755,1.908,10.103161539307097
chr4,52865154,active,0.37,1.928,10.177084774986948
chr4,52869154,active,0.3755,1.9,10.088447731820184
chr4,52873154,active,0.381,1.864,10.028866489246782
chr4,52877154,active,0.3745,1.916,10.141997389582592
chr4,52881154,active,0.373,1.984,10.214860287979617
chr4,52885154,active,0.3705,1.88,10.072055727735659
chr4,52889154,active,0.379,1.712,9.707776667135116
chr4,52893154,active,0.378,1.852,9.999312844895194
chr4,52897154,active,0.379,1.904,10.064248308998984
chr4,52901154,active,0.3715,1.916,10.131515875161487
chr4,52905154,active,0.373,1.912,10.140128299059143
chr4,52909154,active,0.378,1.848,10.024991485099164
chr4,52913154,active,0.3805,1.876,10.060878475648789
chr4,52917154,active,0.373,1.94,10.131767425122389
chr4,52921154,active,0.369,1.912,10.120798079255447
chr4,52925154,active,0.372,1.832,9.997868432918885
chr4,52929154,active,0.381,1.864,10.028970328953491
chr4,52933154,active,0.376,1.896,10.113402939660766
chr4,52937154,active,0.371,1.936,10.158162337515652
chr4,52941154,active,0.3715,1.852,10.029056917979226
chr4,52945154,active,0.382,1.84,10.002283822918104
chr4,52949154,active,0.377,1.916,10.131755994945193
chr4,52953154,active,0.371,1.952,10.182365753111831
chr4,52957154,active,0.3755,1.88,10.090984915733362
chr4,52961154,active,0.3785,1.856,9.994419253671412
chr4,52965154,active,0.3815,1.908,10.121452205806772
chr4,52969154,active,0.3725,1.924,10.131123116609709
chr4,52973154,active,0.374,1.92,10.107296864988166
chr4,52977154,active,0.382,1.856,10.011695990096925
chr4,52981154,active,0.381,1.896,10.097961723375768
chr4,52985154,active,0.378,1.856,10.018508108316045
chr4,52989154,active,0.38,1.684,9.653750741480028
chr4,52993154,active,0.378,1.852,10.0034627679835
chr4,52997154,active,0.381,1.756,9.765793055379138
chr4,53001154,active,0.381,1.712,9.717211672019575
chr4,53005154,active,0.382,1.852,9.967191337374906
chr4,53009154,active,0.38,1.908,10.124947343409847
chr4,53013154,active,0.3735,1.916,10.121748733679029
chr4,53017154,active,0.3745,1.96,10.153743995491295
chr4,53021154,active,0.3745,1.94,10.172151527080882
chr4,53025154,active,0.3805,1.84,9.989859836432144
chr4,53029154,active,0.3815,1.892,10.045893603326999
chr4,53033154,active,0.379,1.868,10.048986640009222
chr4,53037154,active,0.376,1.896,10.101183763517422
chr4,53041154,active,0.3735,1.912,10.095229674818366
chr4,53045154,active,0.375,1.856,10.010891976812678
chr4,53049154,active,0.3795,1.7,9.718293473848549
chr4,53053154,active,0.381,1.844,9.968713550464084
chr4,53057154,active,0.381,1.904,10.09111160457816
chr4,53061154,active,0.372,1.936,10.156373694537086
chr4,53065154,active,0.372,1.956,10.197272032433988
chr4,53069154,active,0.373,1.9,10.107609181711306
chr4,53073154,active,0.3775,1.82,9.965423887430678
chr4,53077154,active,0.3795,1.704,9.659481772518786
chr4,53081154,active,0.379,1.672,9.674424014076648
chr4,53085154,active,0.3815,1.868,10.040060992014542
chr4,53089154,active,0.375,1.932,10.133418890534056
chr4,53093154,active,0.372,1.956,10.211240472101709
chr4,53097154,active,0.3685,1.896,10.110008795342369
chr4,53101154,active,0.3745,1.852,10.003491593227032
chr4,53105154,active,0.375,1.892,10.091237490103744
chr4,53109154,active,0.381,1.848,9.98549759845173
chr4,53113154,active,0.3815,1.896,10.102694895179336
chr4,53117154,active,0.3755,1.96,10.170569931821454
chr4,53121154,active,0.374,1.92,10.129119462418654
chr4,53125154,active,0.3755,1.928,10.161406202385907
chr4,53129154,active,0.37,1.972,10.213754895547359
chr4,53133154,active,0.375,1.912,10.101922270083078
chr4,53137154,active,0.3735,1.896,10.084612190081119
chr4,53141154,active,0.3795,1.724,9.755683338998296
chr4,53145154,active,0.3745,1.8,9.891385017516722
chr4,53149154,active,0.374,1.824,9.982440911960436
chr4,53153154,active,0.3705,1.876,10.053787384282971
chr4,53157154,active,0.3725,1.908,10.127628333472845
chr4,53161154,active,0.377,1.852,10.009395725079246
chr4,53165154,active,0.3795,1.884,10.04536900061001
chr4,53169154,active,0.371,1.908,10.118696892747254
chr4,53173154,active,0.372,1.908,10.117285026744366
chr4,53177154,active,0.371,1.812,9.93738142516262
chr4,53181154,active,0.373,1.892,10.067534942769178
chr4,53185154,active,0.3745,1.924,10.139231138947965
chr4,53189154,active,0.373,1.916,10.137943115367891
chr4,53193154,active,0.3775,1.86,10.015276426520652
chr4,53197154,active,0.38,1.88,10.046162790967808
chr4,53201154,active,0.3815,1.864,10.039695069659672
chr4,53205154,active,0.3815,1.816,9.885515944694033
chr4,53209154,active,0.3835,1.732,9.78203824024304
chr4,53213154,active,0.38,1.676,9.642044339444983
chr4,53217154,active,0.379,1.86,9.997065377430111
chr4,53221154,active,0.3745,1.912,10.116495616160508
chr4,53225154,active,0.3715,1.944,10.162624942802701
chr4,53229154,active,0.372,1.908,10.114619143416391
chr4,53233154,active,0.3805,1.864,10.003569947247547
chr4,53237154,active,0.3795,1.904,10.127988380142474
chr4,53241154,active,0.375,1.94,10.157261899278135
chr4,53245154,active,0.3735,1.912,10.121672151249419
chr4,53249154,active,0.3795,1.876,10.014732258508134
chr4,53253154,active,0.379,1.896,10.106667403871215
chr4,53257154,active,0.374,1.904,10.119173405335266
chr4,53261154,active,0.3705,1.928,10.169520726387479
chr4,53265154,active,0.3685,1.904,10.1254375513244
chr4,53269154,active,0.3745,1.848,10.015579544726844
chr4,53273154,active,0.3805,1.864,10.047868266899103
chr4,53277154,active,0.3755,1.904,10.086087276553034
chr4,53281154,active,0.38,1.92,10.147897739273912
chr4,53285154,active,0.373,1.956,10.171594605196987
chr4,53289154,active,0.3735,1.932,10.150335851801783
chr4,53293154,active,0.3755,1.916,10.106213823375693
chr4,53297154,active,0.38,1.936,10.184793808621931
chr4,53301154,active,0.3805,1.888,10.068492707901564
chr4,53305154,active,0.3725,1.928,10.156510600592135
chr4,53309154,active,0.373,1.94,10.170332514607626
chr4,53313154,active,0.3715,1.956,10.151988303373948
chr4,53317154,active,0.38,1.864,10.04502201185635
chr4,53321154,active,0.376,1.868,10.028761381983744
chr4,53325154,active,0.3825,1.708,9.749946274590782
chr4,53329154,active,0.3775,1.864,10.019026758109648
chr4,53333154,active,0.372,1.944,10.181256528097036
chr4,53337154,active,0.372,1.908,10.116323872166221
chr4,53341154,active,0.379,1.804,9.922437150978265
chr4,53345154,active,0.3805,1.7,9.660696680353048
chr4,53349154,active,0.38,1.92,10.139300970851195
chr4,53353154,active,0.374,1.908,10.09072804454334
chr4,53357154,active,0.378,1.904,10.10705451926047
chr4,53361154,active,0.3795,1.892,10.08474287170091
chr4,53365154,active,0.372,1.94,10.176411032718452
chr4,53369154,active,0.373,1.904,10.10315884245347
chr4,53373154,active,0.3755,1.788,9.850210901645111
chr4,53377154,active,0.3775,1.86,10.00899334693028
chr4,53381154,active,0.3785,1.872,10.051496046270362
chr4,53385154,active,0.3745,1.916,10.127622817970007
chr4,53389154,active,0.378,1.896,10.11378018658975
chr4,53393154,active,0.3805,1.908,10.1089015582488
chr4,53397154,active,0.3785,1.672,9.6343821000176
chr4,53401154,active,0.3805,1.864,10.013954644000187
chr4,53405154,active,0.379,1.904,10.127070741645616
chr4,53409154,active,0.3795,1.908,10.084380061563602
chr4,53413154,active,0.373,1.912,10.141587153543378
chr4,53417154,active,0.3755,1.9,10.09881548289278
chr4,53421154,active,0.3705,1.936,10.163458661354607
chr4,53425154,active,0.3745,1.892,10.059176698924112
chr4,53429154,active,0.38,1.856,9.991542823407736
chr4,53433154,active,0.378,1.908,10.128348515482722
chr4,53437154,active,0.3795,1.88,10.046702467887009
chr4,53441154,active,0.379,1.88,10.051451732586067
chr4,53445154,active,0.374,1.912,10.142237337741333
chr4,53449154,active,0.374,1.932,10.167192406489715
chr4,53453154,active,0.3715,1.912,10.124889119025054
chr4,53457154,active,0.373,1.82,9.938529586494768
chr4,53461154,active,0.3735,1.924,10.151044703521416
chr4,53465154,active,0.3745,1.932,10.149688785537698
chr4,53469154,active,0.373,1.952,10.185048199288607
chr4,53473154,active,0.3725,1.812,9.925937300049563
chr4,53477154,active,0.3745,1.912,10.127850892814736
chr4,53481154,active,0.3705,1.892,10.091715514943418
chr4,53485154,active,0.374,1.804,9.904432429241918
chr4,53489154,active,0.375,1.896,10.077337863646
chr4,53493154,active,0.383,1.884,10.040646355777548
chr4,53497154,active,0.3765,1.916,10.106774521704262
chr4,53501154,active,0.3695,1.944,10.172407822714442
chr4,53505154,active,0.3745,1.908,10.09682166367292
chr4,53509154,active,0.382,1.864,9.97999733911127
chr4,53513154,active,0.3815,1.896,10.090902817800881
chr4,53517154,active,0.372,1.92,10.142177014115905
chr4,53521154,active,0.3735,1.896,10.114194470585474
chr4,53525154,active,0.376,1.792,9.849648381304016
chr4,53529154,active,0.3795,1.84,10.009293347202602
chr4,53533154,active,0.3795,1.856,9.989291085939547
chr4,53537154,active,0.3755,1.92,10.133438893250165
chr4,53541154,active,0.3755,1.904,10.089073278356565
chr4,53545154,active,0.3805,1.888,10.094789567602772
chr4,53549154,active,0.372,1.904,10.107446087494031
chr4,53553154,active,0.37,1.948,10.127252902840107
chr4,53557154,active,0.3715,1.92,10.14102747390806
chr4,53561154,active,0.3735,1.932,10.150642602600492
chr4,53565154,active,0.374,1.896,10.106289525247941
chr4,53569154,active,0.3715,1.968,10.149363455603927
chr4,53573154,active,0.3735,1.92,10.159915460439105
chr4,53577154,active,0.372,1.852,10.018611427647846
chr4,53581154,active,0.368,1.944,10.161460245438265
chr4,53585154,active,0.3705,1.888,10.089459070051628
chr4,53589154,active,0.38,1.868,10.053225307078648
chr4,53593154,active,0.3775,1.928,10.119146291910377
chr4,53597154,active,0.378,1.968,10.164902281444157
chr4,53601154,active,0.3825,1.848,10.041623686205531
chr4,53605154,active,0.3775,1.944,10.163947800154313
chr4,53609154,active,0.3805,1.864,9.984617440158429
chr4,53613154,active,0.373,1.88,10.10941328589106
chr4,53617154,active,0.3825,1.888,9.987791556079829
chr4,53621154,active,0.374,1.932,10.159782824387097
chr4,53625154,active,0.373,1.808,9.88832619353584
chr4,53629154,active,0.3755,1.908,10.11316356705847
chr4,53633154,active,0.378,1.912,10.148563661901159
chr4,53637154,active,0.3785,1.852,9.989958276123147
chr4,53641154,active,0.3805,1.856,9.983254184659408
chr4,53645154,active,0.372,1.872,10.061063749060885
chr4,53649154,active,0.372,1.924,10.165979181575757
chr4,53653154,active,0.372,1.836,9.931747017518497
chr4,53657154,active,0.3795,1.672,9.657275422609759
chr4,53661154,active,0.38,1.752,9.791003816431855
chr4,53665154,active,0.3785,1.84,9.987197092561354
chr4,53669154,active,0.379,1.924,10.154394617109798
chr4,53673154,active,0.3735,1.928,10.143409753903866
chr4,53677154,active,0.3765,1.928,10.140235694120276
chr4,53681154,active,0.379,1.86,10.02822178801887
chr4,53685154,active,0.376,1.928,10.13928085264799
chr4,53689154,active,0.3815,1.868,10.049907307769354
chr4,53693154,active,0.376,1.936,10.142222623721588
chr4,53697154,active,0.379,1.864,9.982745486280429
chr4,53701154,active,0.3765,1.932,10.158050374123146
chr4,53705154,active,0.3765,1.872,10.091229881076574
chr4,53709154,active,0.38,1.876,10.004706423823178
chr4,53713154,active,0.381,1.888,10.110288155488028
chr4,53717154,active,0.379,1.88,10.034441071583744
chr4,53721154,active,0.379,1.872,10.016409292560338
chr4,53725154,active,0.38,1.892,10.07537603689963
chr4,53729154,active,0.3745,1.896,10.117027467722234
chr4,53733154,active,0.376,1.868,10.06418884387436
chr4,53737154,active,0.3805,1.868,9.9986613647759
chr4,53741154,active,0.381,1.744,9.750284990090202
chr4,53745154,active,0.381,1.692,9.655972933872963
chr4,53749154,active,0.3775,1.724,9.748301894730158
chr4,53753154,active,0.3765,1.876,10.068782839713638
chr4,53757154,active,0.3725,1.916,10.137790991258475
chr4,53761154,active,0.3695,1.964,10.175686714081454
chr4,53765154,active,0.3735,1.932,10.131326963440607
chr4,53769154,active,0.3735,1.932,10.138112018656413
chr4,53773154,active,0.376,1.92,10.11445467603965
chr4,53777154,active,0.374,1.924,10.11730585959624
chr4,53781154,active,0.374,1.928,10.116807218234996
chr4,53785154,active,0.3685,1.936,10.16928780598323
chr4,53789154,active,0.3765,1.876,10.09424487921539
chr4,53793154,active,0.3795,1.868,10.015005083924478
chr4,53797154,active,0.38,1.864,10.028873517001225
chr4,53801154,active,0.3735,1.888,10.088418575292476
chr4,53805154,active,0.38,1.856,9.99505532717886
chr4,53809154,active,0.3785,1.852,9.983654989658893
chr4,53813154,active,0.374,1.888,10.087598274838996
chr4,53817154,active,0.3745,1.88,10.079601784189004
chr4,53821154,active,0.3805,1.86,9.997625804246843
chr4,53825154,active,0.3805,1.832,9.918115665611444
chr4,53829154,active,0.374,1.868,10.096427299438918
chr4,53833154,active,0.372,1.88,10.059819634277313
chr4,53837154,active,0.3775,1.832,9.963538260874923
chr4,53841154,active,0.3795,1.84,9.968981885320314
chr4,53845154,active,0.3745,1.868,10.025788166584315
chr4,53849154,active,0.37,1.86,10.03617873902222
chr4,53853154,active,0.3735,1.844,10.000230123209597
chr4,53857154,active,0.3775,1.872,10.058804159418742
chr4,53861154,active,0.3685,1.896,10.09170537497132
chr4,53865154,active,0.374,1.88,10.0698239157455
chr4,53869154,active,0.373,1.904,10.119557546642817
chr4,53873154,active,0.3805,1.872,10.03204355147708
chr4,53877154,active,0.3795,1.772,9.836833031482326
chr4,53881154,active,0.382,1.884,10.063223995805897
chr4,53885154,active,0.3755,1.936,10.160139758839131
chr4,53889154,active,0.373,1.9,10.118048724835557
chr4,53893154,active,0.3765,1.864,10.04272819808042
chr4,53897154,active,0.38,1.892,10.085022282268193
chr4,53901154,active,0.375,1.912,10.0949216280983
chr4,53905154,active,0.3795,1.908,10.131062710029926
chr4,53909154,active,0.3695,1.944,10.12067459129883
chr4,53913154,active,0.374,1.9,10.115993419444848
chr4,53917154,active,0.372,1.912,10.140223732135647
chr4,53921154,active,0.3785,1.832,9.985174206017588
chr4,53925154,active,0.382,1.72,9.712801122819904
chr4,53929154,active,0.3815,1.872,10.031861916373767
chr4,53933154,active,0.374,1.892,10.097665776776221
chr4,53937154,active,0.3795,1.904,10.110138568039785
chr4,53941154,active,0.371,1.892,10.131276779787289
chr4,53945154,active,0.3735,1.876,10.082944000079655
chr4,53949154,active,0.3765,1.868,10.040231191224454
chr4,53953154,active,0.379,1.892,10.057347868412156
chr4,53957154,active,0.3775,1.876,10.055740362218597
chr4,53961154,active,0.374,1.848,9.97409977494417
chr4,53965154,active,0.3725,1.896,10.123480879898445
chr4,53969154,active,0.375,1.92,10.124386866171536
chr4,53973154,active,0.3795,1.864,10.005598100964297
chr4,53977154,active,0.378,1.904,10.069075540719613
chr4,53981154,active,0.3755,1.912,10.155379828076816
chr4,53985154,active,0.3755,1.924,10.12760788761993
chr4,53989154,active,0.3755,1.808,9.897908792447252
chr4,53993154,active,0.375,1.84,9.973728888927678
chr4,53997154,active,0.374,1.916,10.119574354186925
chr4,54001154,active,0.3775,1.764,9.81628639159269
chr4,54005154,active,0.3755,1.832,9.939702723022151
chr4,54009154,active,0.373,1.904,10.130936381367569
chr4,54013154,active,0.379,1.848,9.981896300811082
chr4,54017154,active,0.38,1.912,10.134903042146979
chr4,54021154,active,0.374,1.936,10.15076813365985
chr4,54025154,active,0.376,1.92,10.145625833180949
chr4,54029154,active,0.37,1.912,10.139048950936974
chr4,54033154,active,0.377,1.86,10.029084391586636
chr4,54037154,active,0.375,1.892,10.049371357829495
chr4,54041154,active,0.369,1.92,10.092289282620467
chr4,54045154,active,0.375,1.872,10.044416119286135
chr4,54049154,active,0.3785,1.876,10.043122114417653
chr4,54053154,active,0.3755,1.916,10.09967444815177
chr4,54057154,active,0.37,1.944,10.137504520403974
chr4,54061154,active,0.373,1.924,10.120220711518641
chr4,54065154,active,0.3785,1.912,10.108839246702173
chr4,54069154,active,0.375,1.92,10.08459769239164
chr4,54073154,active,0.371,1.944,10.220396205511113
chr4,54077154,active,0.3725,1.94,10.157384672586105
chr4,54081154,active,0.3755,1.936,10.177215046002711
chr4,54085154,active,0.3695,1.912,10.13482767268436
chr4,54089154,active,0.374,1.92,10.147172268567688
chr4,54093154,active,0.3755,1.776,9.811000916658198
chr4,54097154,active,0.371,1.864,10.079240435881774
chr4,54101154,active,0.377,1.88,10.079193143355823
chr4,54105154,active,0.374,1.896,10.092716879111508
chr4,54109154,active,0.3695,1.916,10.131340077494446
chr4,54113154,active,0.373,1.924,10.143270887700407
chr4,54117154,active,0.3775,1.844,9.981475106096514
chr4,54121154,active,0.381,1.864,9.998214202989326
chr4,54125154,active,0.378,1.916,10.131280418096066
chr4,54129154,active,0.375,1.896,10.112867039186213
chr4,54133154,active,0.371,1.948,10.16313786076316
chr4,54137154,active,0.3775,1.852,10.001352406140361
chr4,54141154,active,0.3785,1.92,10.11912606238771
chr4,54145154,active,0.3725,1.944,10.155529443297876
chr4,54149154,active,0.373,1.916,10.126108130953668
chr4,54153154,active,0.3745,1.868,10.010040642104226
chr4,54157154,active,0.38,1.88,10.099714763344831
chr4,54161154,active,0.372,1.964,10.195096988714832
chr4,54165154,active,0.372,1.912,10.15755275145511
chr4,54169154,active,0.3725,1.848,9.994112636248664
chr4,54173154,active,0.3755,1.92,10.132985728118646
chr4,54177154,active,0.381,1.872,10.017010228843867
chr4,54181154,active,0.38,1.908,10.09950962059258
chr4,54185154,active,0.3735,1.892,10.083585556557166
chr4,54189154,active,0.374,1.94,10.131441823676786
chr4,54193154,active,0.3765,1.904,10.104392822981197
chr4,54197154,active,0.381,1.876,10.053101869543637
chr4,54201154,active,0.373,1.932,10.134617982700941
chr4,54205154,active,0.3725,1.912,10.139465494365774
chr4,54209154,active,0.3775,1.88,10.06259684930359
chr4,54213154,active,0.381,1.796,9.85878641041947
chr4,54217154,active,0.3705,1.936,10.161155150743355
chr4,54221154,active,0.373,1.912,10.150446004614327
chr4,54225154,active,0.3795,1.848,10.004467793109127
chr4,54229154,active,0.381,1.888,10.05436999601072
chr4,54233154,active,0.3705,1.888,10.107445455799734
chr4,54237154,active,0.373,1.82,9.982913071591017
chr4,54241154,active,0.3785,1.852,10.020911194347196
chr4,54245154,active,0.3715,1.864,10.052788317796937
chr4,54249154,active,0.371,1.856,10.062267642081936
chr4,54253154,active,0.3735,1.892,10.070182893300291
chr4,54257154,active,0.3745,1.88,10.088604950352188
chr4,54261154,active,0.3805,1.852,9.990339544192121
chr4,54265154,active,0.3805,1.948,10.190687241878141
chr4,54269154,active,0.3735,1.908,10.139155271166997
chr4,54273154,active,0.372,1.956,10.162023480428006
chr4,54277154,active,0.374,1.924,10.106465511472477
chr4,54281154,active,0.3815,1.912,10.077536638110848
chr4,54285154,active,0.3735,1.924,10.143549943801439
chr4,54289154,active,0.372,1.888,10.113352395824995
chr4,54293154,active,0.3775,1.844,9.985006620173762
chr4,54297154,active,0.372,1.92,10.129753825232964
chr4,54301154,active,0.373,1.876,10.036646130331416
chr4,54305154,active,0.3795,1.86,10.01800106032465
chr4,54309154,active,0.3765,1.892,10.085472833500456
chr4,54313154,active,0.3705,1.932,10.137928838768675
chr4,54317154,active,0.378,1.872,9.983012691716256
chr4,54321154,active,0.3805,1.904,10.095535267831597
chr4,54325154,active,0.37,1.928,10.137757924910142
chr4,54329154,active,0.375,1.916,10.109010387367181
chr4,54333154,active,0.3815,1.848,9.96423485228155
chr4,54337154,active,0.381,1.912,10.098424895103468
chr4,54341154,active,0.3765,1.776,9.798359875857036
chr4,54345154,active,0.3745,1.912,10.060726634483714
chr4,54349154,active,0.3705,1.944,10.186029633810955
chr4,54353154,active,0.3735,1.892,10.092693864064659
chr4,54357154,active,0.3735,1.928,10.139784782705542
chr4,54361154,active,0.3775,1.908,10.12520182274713
chr4,54365154,active,0.3705,1.968,10.194828819767283
chr4,54369154,active,0.3705,1.9,10.11309835962452
chr4,54373154,active,0.375,1.912,10.116422145948532
chr4,54377154,active,0.3825,1.696,9.646893640483786
chr4,54381154,active,0.382,1.892,10.082170738529175
chr4,54385154,active,0.37,1.904,10.08557276338656
chr4,54389154,active,0.372,1.92,10.13433652903092
chr4,54393154,active,0.3705,1.852,10.047320604429904
chr4,54397154,active,0.3735,1.908,10.103396425576046
chr4,54401154,active,0.3785,1.892,10.031366581503868
chr4,54405154,active,0.379,1.9,10.120027081897918
chr4,54409154,active,0.368,1.952,10.173849620791472
chr4,54413154,active,0.375,1.916,10.110170897682904
chr4,54417154,active,0.383,1.736,9.744276109075772
chr4,54421154,active,0.3825,1.708,9.690369400248782
chr4,54425154,active,0.3745,1.94,10.19509481223613
chr4,54429154,active,0.3735,1.872,10.099765528270861
chr4,54433154,active,0.3715,1.92,10.137076103661174
chr4,54437154,active,0.3775,1.892,10.041204883343637
chr4,54441154,active,0.3805,1.908,10.068055054392792
chr4,54445154,active,0.3725,1.912,10.130089372376935
chr4,54449154,active,0.3745,1.928,10.154980258100862
chr4,54453154,active,0.3735,1.88,10.100862874255386
chr4,54457154,active,0.37,1.928,10.142944101652812
chr4,54461154,active,0.3725,1.904,10.127895787771736
chr4,54465154,active,0.3715,1.924,10.08590459498367
chr4,54469154,active,0.37,1.92,10.153718582875486
chr4,54473154,active,0.374,1.972,10.213890289350736
chr4,54477154,active,0.371,1.864,10.084576803401916
chr4,54481154,active,0.3695,1.892,10.06004842377069
chr4,54485154,active,0.371,1.884,10.077217682180722
chr4,54489154,active,0.371,1.936,10.120647832340076
chr4,54493154,active,0.3785,1.88,10.055250868952703
chr4,54497154,active,0.3685,1.944,10.197406324589734
chr4,54501154,active,0.3785,1.872,10.041575596076546
chr4,54505154,active,0.376,1.9,10.109099097690134
chr4,54509154,active,0.374,1.844,10.027978916199991
chr4,54513154,active,0.3685,1.916,10.112766284880614
chr4,54517154,active,0.3705,1.924,10.143759993967317
chr4,54521154,active,0.3745,1.876,10.091795602305886
chr4,54525154,active,0.379,1.872,10.06564703413155
chr4,54529154,active,0.368,1.932,10.16384853449526
chr4,54533154,active,0.373,1.884,10.036052133131793
chr4,54537154,active,0.373,1.876,10.055290309304661
chr4,54541154,active,0.38,1.892,10.060306447029893
chr4,54545154,active,0.3815,1.848,9.93878574875234
chr4,54549154,active,0.3805,1.88,10.0209538298711
chr4,54553154,active,0.3795,1.848,9.9525935479096
chr4,54557154,active,0.3715,1.9,10.110941180391755
chr4,54561154,active,0.378,1.86,10.069585346462482
chr4,54565154,active,0.3735,1.908,10.107413053678465
chr4,54569154,active,0.381,1.864,10.034256512820342
chr4,54573154,active,0.377,1.92,10.13266696015376
chr4,54577154,active,0.371,1.948,10.210647499311566
chr4,54581154,active,0.373,1.888,10.092407785925376
chr4,54585154,active,0.38,1.884,10.075647899337545
chr4,54589154,active,0.377,1.86,10.028752039614615
chr4,54593154,active,0.37,1.956,10.192622969132866
chr4,54597154,active,0.37,1.884,10.101073394374573
chr4,54601154,active,0.379,1.864,10.031986866160421
chr4,54605154,active,0.3785,1.9,10.117331377815173
chr4,54609154,active,0.3705,1.944,10.146697766549673
chr4,54613154,active,0.367,1.948,10.195303953479602
chr4,54617154,active,0.37,1.896,10.10515533075416
chr4,54621154,active,0.3735,1.92,10.130228681717199
chr4,54625154,active,0.374,1.88,10.08483368030818
chr4,54629154,active,0.3835,1.704,9.653943152417542
chr4,54633154,active,0.3765,1.876,9.988108034587963
chr4,54637154,active,0.379,1.836,9.931100937414971
chr4,54641154,active,0.379,1.828,9.88078336831163
chr4,54645154,active,0.3775,1.808,9.864774567819884
chr4,54649154,active,0.3785,1.74,9.780790744446069
chr4,54653154,active,0.3795,1.868,10.03777654266429
chr4,54657154,active,0.372,1.872,10.118478470032473
chr4,54661154,active,0.3715,1.868,10.063293694333186
chr4,54665154,active,0.3765,1.86,10.028759371413736
chr4,54669154,active,0.376,1.736,9.821662608520363
chr4,54673154,active,0.3785,1.872,10.049223392995996
chr4,54677154,active,0.374,1.94,10.16697739527721
chr4,54681154,active,0.3695,1.904,10.11858062681887
chr4,54685154,active,0.375,1.832,10.003349758658135
chr4,54689154,active,0.3805,1.876,10.06056288079932
chr4,54693154,active,0.3745,1.908,10.107570903904744
chr4,54697154,active,0.379,1.856,10.026201597795497
chr4,54701154,active,0.373,1.948,10.184708155335077
chr4,54705154,active,0.371,1.904,10.101243921234131
chr4,54709154,active,0.368,1.916,10.134129398357443
chr4,54713154,active,0.3715,1.84,10.004583213094646
chr4,54717154,active,0.381,1.884,10.039860777776216
chr4,54721154,active,0.373,1.868,10.056836112997104
chr4,54725154,active,0.379,1.824,9.940391099990567
chr4,54729154,active,0.3805,1.868,10.044930715406945
chr4,54733154,active,0.377,1.84,9.973281511344007
chr4,54737154,active,0.3695,1.944,10.204810668417636
chr4,54741154,active,0.3755,1.892,10.080779489047822
chr4,54745154,active,0.3815,1.868,10.043090864365611
chr4,54749154,active,0.3775,1.892,10.080734373000563
chr4,54753154,active,0.372,1.976,10.20336041328882
chr4,54757154,active,0.3715,1.928,10.146071367228759
chr4,54761154,active,0.3715,1.908,10.104665400067715
chr4,54765154,active,0.3755,1.876,10.048217570267367
chr4,54769154,active,0.38,1.876,10.035919934500358
chr4,54773154,active,0.376,1.9,10.070958243615232
chr4,54777154,active,0.371,1.948,10.17124731239872
chr4,54781154,active,0.373,1.956,10.131065240974849
chr4,54785154,active,0.373,1.832,10.006004781649077
chr4,54789154,active,0.38,1.86,10.048994686456984
chr4,54793154,active,0.377,1.856,10.043545635179374
chr4,54797154,active,0.38,1.876,10.060455264647944
chr4,54801154,active,0.3745,1.924,10.128413413155824
chr4,54805154,active,0.3715,1.92,10.132003906597312
chr4,54809154,active,0.3785,1.832,9.969077628157702
chr4,54813154,active,0.379,1.88,10.031167114446863
chr4,54817154,active,0.376,1.924,10.090753562762284
chr4,54821154,active,0.371,1.928,10.11339613299652
chr4,54825154,active,0.3735,1.932,10.13579863958492
chr4,54829154,active,0.3775,1.872,10.054867452770017
chr4,54833154,active,0.384,1.9,10.044479721037904
chr4,54837154,active,0.374,1.904,10.084302543395095
chr4,54841154,active,0.37,1.928,10.132836057716034
chr4,54845154,active,0.3735,1.908,10.071390746563578
chr4,54849154,active,0.382,1.828,9.957267331826662
chr4,54853154,active,0.382,1.9,10.12766060221815
chr4,54857154,active,0.371,1.912,10.106642904345552
chr4,54861154,active,0.37,1.908,10.087900285681313
chr4,54865154,active,0.3785,1.908,10.029749239382783
chr4,54869154,active,0.3325,1.984,10.217405412204158
chr4,54981154,active,0.362,1.892,10.15206188853986
chr4,54985154,active,0.3725,1.912,10.128374388167863
chr4,54989154,active,0.374,1.908,10.120561326268685
chr4,54993154,active,0.3725,1.96,10.242133016278752
chr4,54997154,active,0.3745,1.992,10.252456093484628
chr4,55001154,active,0.3715,1.952,10.21340289532546
chr4,55005154,active,0.3745,1.956,10.238035474845843
chr4,55009154,active,0.373,1.92,10.17302667390597
chr4,55013154,active,0.3725,1.964,10.26741448407575
chr4,55017154,active,0.372,1.912,10.112161659866729
chr4,55021154,active,0.369,1.98,10.272370137983119
chr4,55025154,active,0.373,1.94,10.15038449638694
chr4,55029154,active,0.372,1.928,10.174649337256149
chr4,55033154,active,0.374,1.928,10.150311186367391
chr4,55037154,active,0.3735,1.924,10.136982625016813
chr4,55041154,active,0.371,1.896,10.089077692211792
chr4,55045154,active,0.3695,1.94,10.163872679554732
chr4,55049154,active,0.374,1.932,10.118968040536455
chr4,55053154,active,0.376,1.952,10.176659387507385
chr4,55057154,active,0.372,1.956,10.203957495889584
chr4,55061154,active,0.375,1.884,10.107386705323771
chr4,55065154,active,0.372,1.888,10.102479861910268
chr4,55069154,active,0.3695,1.928,10.155009580004057
chr4,55073154,active,0.3725,1.936,10.21570445626448
chr4,55077154,active,0.3665,1.96,10.273180381418848
chr4,55081154,active,0.375,1.944,10.235178642410457
chr4,55085154,active,0.3705,1.936,10.209860603332311
chr4,55089154,active,0.373,1.9,10.132291867646918
chr4,55093154,active,0.371,1.872,10.115971877660582
chr4,55097154,active,0.372,1.924,10.139138153861992
chr4,55101154,active,0.372,1.936,10.12788975189401
chr4,55105154,active,0.3695,1.952,10.150715419061639
chr4,55109154,active,0.3755,1.928,10.164438699112395
chr4,55113154,active,0.368,1.944,10.232689161627302
chr4,55117154,active,0.3705,1.928,10.181839560905072
chr4,55121154,active,0.372,1.964,10.183227121656026
chr4,55125154,active,0.371,1.924,10.135815807311502
chr4,55129154,active,0.3685,1.92,10.123680601534717
chr4,55133154,active,0.3695,1.936,10.147537249467481
chr4,55137154,active,0.3685,1.94,10.141655169150338
chr4,55141154,active,0.3705,1.92,10.114181129725166
chr4,55145154,active,0.3665,1.952,10.187426929646206
chr4,55149154,active,0.372,1.892,10.028119598699709
chr4,55153154,active,0.3725,1.94,10.147888729314463
chr4,55157154,active,0.3695,1.94,10.168550733474865
chr4,55161154,active,0.3785,1.856,10.003346673256983
chr4,55165154,active,0.373,1.864,9.973889670188957
chr4,55169154,active,0.394,2.452,10.955537640054022
chr4,55173154,active,0.368,1.928,10.161454209560533
chr4,55177154,active,0.3775,1.856,10.065117806945306
chr4,55181154,active,0.406,2.404,10.95754769030528
chr4,55185154,active,0.3925,2.36,10.740435947347722
chr4,55189154,active,0.381,1.952,10.137881495821134
chr4,55193154,active,0.3735,1.9,10.08477478598005
chr4,55197154,active,0.3635,2.02,10.366241308929297
chr4,55201154,inactive,0.4055,1.992,10.23955336275041
chr4,55205154,inactive,0.406,2.028,10.334484322239478
chr4,55209154,inactive,0.4055,1.972,10.203973034328849
chr4,55213154,inactive,0.4065,2.024,10.274968392703116
chr4,55217154,inactive,0.406,2.012,10.24876887104528
chr4,55221154,inactive,0.404,2.036,10.344822889011542
chr4,55225154,inactive,0.402,2.032,10.310518678323326
chr4,55229154,inactive,0.401,2.016,10.28389101143451
chr4,55233154,inactive,0.406,2.04,10.304815009572515
chr4,55237154,inactive,0.4055,2.008,10.256670975677052
chr4,55241154,inactive,0.4055,2.04,10.3251245703742
chr4,55245154,inactive,0.4015,1.996,10.24118710181157
chr4,55249154,inactive,0.4005,2.016,10.288204361682956
chr4,55253154,inactive,0.406,2.028,10.310782439131891
chr4,55257154,inactive,0.4055,2.04,10.289453826060642
chr4,55261154,inactive,0.406,2.028,10.34301010097351
chr4,55265154,inactive,0.407,1.972,10.238823755417059
chr4,55269154,inactive,0.403,2.04,10.304813276230618
chr4,55273154,inactive,0.407,1.968,10.22532898763156
chr4,55277154,inactive,0.407,2.048,10.300820953380107
chr4,55281154,inactive,0.4055,2.008,10.29512401309914
chr4,55285154,inactive,0.4035,1.94,10.21532260692279
chr4,55289154,inactive,0.4005,2.024,10.34189883857222
chr4,55293154,inactive,0.4035,1.984,10.263311161344426
chr4,55297154,inactive,0.397,2.02,10.288397244122253
chr4,55301154,inactive,0.3785,1.684,9.672502895238491
chr5,46684449,inactive,0.3825,2.112,10.54325415322657
chr5,46688449,inactive,0.3925,2.1,10.426915572302656
chr5,46692449,inactive,0.393,2.052,10.442899079406141
chr5,46696449,inactive,0.394,2.072,10.379314493452721
chr5,46700449,inactive,0.395,2.128,10.492714775703124
chr5,46704449,inactive,0.3925,2.06,10.357228523168937
chr5,46708449,inactive,0.3965,2.084,10.424508543918138
chr5,46712449,inactive,0.39,2.084,10.406648342980299
chr5,46716449,inactive,0.391,2.044,10.36692594406755
chr5,46720449,inactive,0.39,2.104,10.464083864270986
chr5,46724449,inactive,0.3915,2.056,10.349311810120534
chr5,46728449,inactive,0.387,2.108,10.482180984104334
chr5,46732449,inactive,0.3935,1.984,10.239025919327641
chr5,46736449,inactive,0.389,2.096,10.491490109179463
chr5,46740449,inactive,0.3975,2.036,10.32099622202601
chr5,46744449,inactive,0.393,2.068,10.409301909857472
chr5,46748449,inactive,0.394,2.016,10.355502103066417
chr5,46832449,inactive,0.386,2.024,10.332755116612713
chr5,46836449,inactive,0.3865,2.02,10.321095542866592
chr5,46840449,inactive,0.3865,2.016,10.293150999914594
chr5,46844449,inactive,0.386,2.012,10.299693487356137
chr5,46848449,inactive,0.388,2.024,10.334958846906256
chr5,46852449,inactive,0.3865,2.028,10.32505247903791
chr5,46856449,inactive,0.384,1.984,10.24614151497911
chr5,46860449,inactive,0.387,2.012,10.347819251877418
chr5,46864449,inactive,0.387,2.008,10.250689026371626
chr5,46868449,inactive,0.382,2.032,10.350873623754126
chr5,46872449,inactive,0.386,1.964,10.243174142732242
chr5,46876449,inactive,0.388,2.012,10.326909884804843
chr5,46880449,inactive,0.386,1.956,10.214933458906993
chr5,46884449,inactive,0.3865,2.036,10.376673026696063
chr5,46888449,inactive,0.3845,1.952,10.217405662192686
chr5,46892449,inactive,0.3865,2.012,10.320701128211008
chr5,46896449,inactive,0.3835,1.948,10.222842757201951
chr5,46900449,inactive,0.386,2.028,10.383499061331984
chr5,46904449,inactive,0.3845,1.928,10.175820291588584
chr5,46908449,inactive,0.3825,2.016,10.362737764696035
chr5,46912449,inactive,0.3865,1.98,10.221096605895177
chr5,46916449,inactive,0.3835,2.048,10.363535742102549
chr5,46920449,inactive,0.3885,2.0,10.2857389641052
chr5,46924449,inactive,0.3845,2.016,10.338135714862819
chr5,46928449,inactive,0.388,2.004,10.294173579765769
chr5,46932449,inactive,0.3885,2.036,10.309153163391244
chr5,46936449,inactive,0.3855,2.0,10.32709515821694
chr5,46940449,inactive,0.3865,2.012,10.2587776719718
chr5,46944449,inactive,0.3875,2.004,10.31043258761589
chr5,46948449,inactive,0.3885,2.016,10.32663126612434
chr5,46952449,inactive,0.3875,1.988,10.281058069479313
chr5,46956449,inactive,0.388,2.016,10.379880043057078
chr5,46960449,inactive,0.3875,1.992,10.279605965521448
chr5,46964449,inactive,0.3855,2.048,10.320886401623108
chr5,46968449,inactive,0.386,2.012,10.321721227538864
chr5,46972449,inactive,0.3865,1.972,10.23577334854252
chr5,46976449,inactive,0.3845,2.032,10.3248563184723
chr5,46980449,inactive,0.385,2.036,10.335741750110534
chr5,46984449,inactive,0.3855,1.992,10.281701308877135
chr5,46988449,inactive,0.3845,2.048,10.368168546599478
chr5,46992449,inactive,0.388,1.992,10.278762378509288
chr5,46996449,inactive,0.387,2.016,10.338237821227619
chr5,47000449,inactive,0.3855,2.004,10.297432518838272
chr5,47004449,inactive,0.3865,2.012,10.284243344066056
chr5,47008449,inactive,0.385,1.996,10.30954091047478
chr5,47012449,inactive,0.387,1.992,10.246180811478926
chr5,47016449,inactive,0.386,2.02,10.333781529046405
chr5,47020449,inactive,0.388,2.02,10.346775284718193
chr5,47024449,inactive,0.3855,2.0,10.31912900869662
chr5,47028449,inactive,0.3865,2.016,10.265635981069298
chr5,47032449,inactive,0.385,2.032,10.327795248840118
chr5,47036449,inactive,0.38,1.952,10.250397072547047
chr5,47040449,active,0.39,1.716,9.69916115938484
chr5,47044449,active,0.3875,1.648,9.582027630317624
chr5,47048449,active,0.3885,1.888,10.083519119815909
chr5,47052449,inactive,0.3875,1.956,10.237613199583915
chr5,47056449,inactive,0.3845,2.02,10.329774763687968
chr5,47060449,inactive,0.388,1.996,10.275577103922542
chr5,47064449,inactive,0.3865,2.02,10.317073703305915
chr5,47068449,inactive,0.388,2.004,10.296046059734952
chr5,47072449,inactive,0.3895,2.024,10.355536963654458
chr5,47076449,active,0.3975,1.964,10.169212159292526
chr5,47080449,active,0.3925,1.636,9.532435037126586
chr5,47084449,active,0.3875,1.576,9.5292519822435
chr5,47088449,active,0.3895,1.692,9.63566837391541
chr5,47092449,active,0.389,1.668,9.628438493584213
chr5,47096449,active,0.3875,1.636,9.63943298210367
chr5,47100449,active,0.39,1.716,9.708672397948932
chr5,47104449,active,0.391,1.652,9.59451186319095
chr5,47108449,active,0.3895,1.656,9.60586369426162
chr5,47112449,active,0.3925,1.676,9.616180986001325
chr5,47116449,active,0.3915,1.66,9.629552292646657
chr5,47120449,active,0.3875,1.684,9.634521913392426
chr5,47124449,active,0.389,1.628,9.581722341349023
chr5,47128449,active,0.3905,1.62,9.514752826742944
chr5,47132449,active,0.3895,1.544,9.368043607505337
chr5,47136449,active,0.39,1.664,9.62088037680788
chr5,47140449,active,0.391,1.592,9.530905751260384
chr5,47144449,active,0.3875,1.708,9.67532193280168
chr5,47148449,active,0.393,1.668,9.61056870713048
chr5,47152449,active,0.3905,1.572,9.467947099967763
chr5,47156449,active,0.3915,1.716,9.676834875043607
chr5,47160449,active,0.387,1.688,9.663373949152918
chr5,47164449,active,0.389,1.648,9.626248735845314
chr5,47168449,active,0.3865,1.636,9.558338618117098
chr5,47172449,active,0.389,1.468,9.29773481033649
chr5,47176449,active,0.3885,1.716,9.717560373014837
chr5,47180449,active,0.389,1.532,9.341762752028997
chr5,47184449,active,0.388,1.652,9.621675673701116
chr5,47188449,active,0.3945,1.492,9.32697730051032
chr5,47192449,active,0.3915,1.636,9.567932669262339
chr5,47196449,active,0.39,1.644,9.633807490032186
chr5,47200449,active,0.388,1.608,9.487448167824372
chr5,47204449,active,0.389,1.6,9.400051725474778
chr5,47208449,active,0.386,1.608,9.47129803224942
chr5,47212449,active,0.3905,1.62,9.477921494875568
chr5,47216449,active,0.3885,1.628,9.537957331877807
chr5,47220449,active,0.391,1.688,9.593322228880243
chr5,47224449,active,0.3895,1.488,9.330569988319342
chr5,47228449,active,0.3905,1.6,9.46917276408438
chr5,47232449,active,0.3925,1.628,9.543571397723618
chr5,47236449,active,0.3905,1.652,9.599082522049935
chr5,47240449,active,0.393,1.64,9.547151402443026
chr5,47244449,active,0.3935,1.668,9.581342259430507
chr5,47248449,active,0.3915,1.664,9.572094205162225
chr5,47252449,active,0.385,1.572,9.44415948633517
chr5,47256449,active,0.392,1.616,9.491465531675718
chr5,47260449,active,0.3905,1.696,9.68334046927057
chr5,47264449,active,0.3915,1.644,9.581536293938989
chr5,47268449,active,0.3905,1.604,9.509889682251975
chr5,47272449,active,0.39,1.616,9.521537329051078
chr5,47276449,active,0.393,1.672,9.648866696783008
chr5,47280449,active,0.3915,1.68,9.654347662339728
chr5,47284449,active,0.39,1.452,9.26124117848671
chr5,47288449,active,0.387,1.372,9.231610846102352
chr5,47292449,active,0.388,1.48,9.372472243237908
chr5,47296449,active,0.3885,1.48,9.272006175036678
chr5,47300449,active,0.392,1.64,9.58516062772674
chr5,47304449,active,0.388,1.38,9.195001906119622
chr5,47308449,active,0.391,1.636,9.574995578088384
chr5,47312449,active,0.393,1.644,9.58180102301923
chr5,47316449,active,0.3915,1.72,9.706067913077487
chr5,47320449,active,0.389,1.64,9.578198130172597
chr5,47324449,active,0.389,1.696,9.668805838420196
chr5,47328449,active,0.3885,1.628,9.56715472710469
chr5,47332449,active,0.394,1.688,9.678825477034932
chr5,47336449,active,0.389,1.644,9.621834220687195
chr5,47340449,active,0.3915,1.716,9.667962528636114
chr5,47344449,active,0.39,1.644,9.566099961462543
chr5,47348449,active,0.3895,1.644,9.577883687392351
chr5,47352449,active,0.3925,1.656,9.57902242340105
chr5,47356449,active,0.388,1.632,9.603105463258228
chr5,47360449,active,0.3875,1.392,9.153453988902562
chr5,47364449,active,0.3935,1.64,9.595379982261532
chr5,47368449,active,0.3915,1.64,9.608500864198666
chr5,47372449,active,0.39,1.628,9.58277937214047
chr5,47376449,active,0.3895,1.656,9.625923500298368
chr5,47380449,active,0.392,1.52,9.350771605319974
chr5,47384449,active,0.392,1.464,9.2676888377295
chr5,47388449,active,0.3915,1.42,9.208148556687354
chr5,47392449,active,0.392,1.724,9.725421607997378
chr5,47396449,active,0.3905,1.66,9.604571899953141
chr5,47400449,active,0.388,1.384,9.190276553957318
chr5,47404449,active,0.3885,1.388,9.16600961956375
chr5,47408449,active,0.3905,1.416,9.200143526987501
chr5,47412449,active,0.388,1.424,9.233569971235104
chr5,47416449,active,0.3905,1.54,9.389536876510805
chr5,47420449,active,0.392,1.636,9.596625836103273
chr5,47424449,active,0.388,1.432,9.24714167591643
chr5,47428449,active,0.389,1.612,9.553770832496692
chr5,47432449,active,0.393,1.632,9.528661020023332
chr5,47436449,active,0.393,1.632,9.565064400933522
chr5,47440449,active,0.392,1.656,9.580928273763158
chr5,47444449,active,0.3875,1.636,9.60005078733693
chr5,47448449,active,0.3905,1.324,9.054598421336793
chr5,47452449,active,0.3925,1.696,9.657830185163673
chr5,47456449,active,0.389,1.628,9.603656824933914
chr5,47460449,active,0.3905,1.584,9.485953449442864
chr5,47464449,active,0.39,1.62,9.549480463805999
chr5,47468449,active,0.391,1.632,9.58794661528188
chr5,47472449,active,0.39,1.616,9.533256621544846
chr5,47476449,active,0.388,1.656,9.628159520437526
chr5,47480449,active,0.389,1.628,9.569455989715363
chr5,47484449,active,0.388,1.392,9.185815333262225
chr5,47488449,active,0.39,1.4,9.1932910821428
chr5,47492449,active,0.393,1.672,9.599287476244706
chr5,47496449,active,0.3905,1.372,9.140901031489934
chr5,47500449,active,0.3885,1.484,9.317271634722482
chr5,47504449,active,0.39,1.652,9.606328578230938
chr5,47508449,active,0.39,1.376,9.170844897732117
chr5,47512449,active,0.3925,1.648,9.598632608228186
chr5,47516449,active,0.386,1.492,9.31577195529437
chr5,47520449,active,0.3925,1.648,9.633965794827777
chr5,47524449,active,0.3905,1.356,9.125570709482645
chr5,47528449,active,0.388,1.436,9.256089431584051
chr5,47532449,active,0.3865,1.46,9.253430410101807
chr5,47536449,active,0.3925,1.684,9.642319248294818
chr5,47540449,active,0.392,1.38,9.17984586631632
chr5,47544449,active,0.3915,1.644,9.578389793928642
chr5,47548449,active,0.394,1.656,9.621546099445155
chr5,47552449,active,0.3925,1.648,9.56858470228931
chr5,47556449,active,0.391,1.644,9.5900988098629
chr5,47560449,active,0.3885,1.388,9.168982917917505
chr5,47564449,active,0.3885,1.376,9.167014484496901
chr5,47568449,active,0.393,1.66,9.658357584621163
chr5,47572449,active,0.3925,1.724,9.727623991947935
chr5,47576449,active,0.3895,1.624,9.534927590821027
chr5,47580449,active,0.39,1.648,9.5949284391525
chr5,47584449,active,0.39,1.624,9.530389832401651
chr5,47588449,active,0.3905,1.368,9.171231182985588
chr5,47592449,active,0.392,1.736,9.761415943186538
chr5,47596449,active,0.392,1.664,9.614313378408154
chr5,47600449,active,0.3875,1.448,9.272793779208222
chr5,47604449,active,0.393,1.596,9.517018640820309
chr5,47608449,active,0.389,1.432,9.299695323272612
chr5,47612449,active,0.389,1.476,9.33124368588248
chr5,47616449,active,0.3955,1.58,9.469848027532239
chr5,47620449,active,0.3915,1.432,9.286486113251504
chr5,47624449,active,0.3945,1.54,9.400390869539532
chr5,47628449,active,0.392,1.708,9.701933058898238
chr5,47632449,active,0.392,1.684,9.639426668997839
chr5,47636449,active,0.392,1.664,9.601611278232685
chr5,47640449,active,0.3935,1.604,9.49191470403229
chr5,47644449,active,0.393,1.632,9.514092575643248
chr5,47648449,active,0.392,1.612,9.518068643857283
chr5,47652449,active,0.3905,1.672,9.593444692427383
chr5,47656449,active,0.391,1.648,9.572737140515493
chr5,47660449,active,0.39,1.58,9.457883159101232
chr5,47664449,active,0.3935,1.616,9.551982461029949
chr5,47668449,active,0.393,1.628,9.556205472624514
chr5,47672449,active,0.3925,1.636,9.527631329463343
chr5,47676449,active,0.3905,1.616,9.521734174943974
chr5,47680449,active,0.392,1.62,9.50225095047352
chr5,47684449,active,0.392,1.644,9.597290817275322
chr5,47688449,active,0.389,1.536,9.413296928821671
chr5,47692449,active,0.3915,1.672,9.686616242703664
chr5,47696449,active,0.3945,1.588,9.461223337605345
chr5,47700449,active,0.3915,1.616,9.51516395455582
chr5,47704449,active,0.39,1.42,9.25110244467026
chr5,47708449,active,0.392,1.664,9.621392713495647
chr5,47712449,active,0.394,1.636,9.612365042090518
chr5,47716449,active,0.3895,1.416,9.20762323932168
chr5,47720449,active,0.391,1.664,9.594143487129216
chr5,47724449,active,0.389,1.476,9.3641657668197
chr5,47728449,active,0.3905,1.624,9.582717554152236
chr5,47732449,active,0.386,1.668,9.72493317167375
chr5,47736449,active,0.3885,1.668,9.630441926685046
chr5,47740449,active,0.389,1.476,9.304135862380646
chr5,47744449,active,0.3915,1.628,9.577930288874736
chr5,47748449,active,0.392,1.64,9.575886313774351
chr5,47752449,active,0.3915,1.496,9.290578047299611
chr5,47756449,active,0.394,1.648,9.620359987956128
chr5,47760449,active,0.3905,1.492,9.291543930401653
chr5,47764449,active,0.3895,1.384,9.197535785089945
chr5,47768449,active,0.3875,1.476,9.28907788002928
chr5,47772449,active,0.388,1.544,9.372734255104325
chr5,47776449,active,0.391,1.632,9.572200298585738
chr5,47780449,active,0.389,1.556,9.384731359747938
chr5,47784449,active,0.3945,1.572,9.488264563365046
chr5,47788449,active,0.391,1.38,9.182059680444107
chr5,47792449,active,0.389,1.596,9.509351827345291
chr5,47796449,active,0.391,1.58,9.455238630548507
chr5,47800449,active,0.39,1.636,9.51933050764016
chr5,47804449,active,0.393,1.456,9.240039089307867
chr5,47808449,active,0.3925,1.576,9.480446782609688
chr5,47812449,active,0.3895,1.416,9.211950013384788
chr5,47816449,active,0.391,1.616,9.553454567703858
chr5,47820449,active,0.3885,1.528,9.396485180420125
chr5,47824449,active,0.39,1.576,9.443585524384453
chr5,47828449,active,0.3935,1.564,9.471563675968332
chr5,47832449,active,0.39,1.608,9.538564824414037
chr5,47836449,active,0.3915,1.436,9.189157955589222
chr5,47840449,active,0.398,1.56,9.432627697365271
chr5,47844449,active,0.3925,1.568,9.491898954170491
chr5,47848449,active,0.394,1.54,9.422485606635941
chr5,47852449,active,0.392,1.616,9.53158578511133
chr5,47856449,active,0.3925,1.572,9.456230480722528
chr5,47860449,active,0.389,1.66,9.616697486132718
chr5,47864449,active,0.388,1.596,9.473182775036388
chr5,47868449,active,0.3905,1.624,9.563982843799863
chr5,47872449,active,0.3915,1.66,9.62551527482917
chr5,47876449,active,0.391,1.636,9.593237733378865
chr5,47880449,active,0.3895,1.472,9.269827992283409
chr5,47884449,active,0.392,1.404,9.220788351988773
chr5,47888449,active,0.3905,1.596,9.50674488876699
chr5,47892449,active,0.3925,1.628,9.556218724814157
chr5,47896449,active,0.391,1.644,9.585796812553573
chr5,47900449,active,0.388,1.516,9.384361167389963
chr5,47904449,active,0.3875,1.412,9.230480844373535
chr5,47908449,active,0.3915,1.492,9.330472112968536
chr5,47912449,active,0.393,1.604,9.503137312101781
chr5,47916449,active,0.389,1.552,9.417480034870788
chr5,47920449,active,0.388,1.596,9.501564638131233
chr5,47924449,active,0.393,1.652,9.536631743591338
chr5,47928449,active,0.3935,1.584,9.475832917430278
chr5,47932449,active,0.392,1.64,9.553525141072244
chr5,47936449,active,0.3895,1.44,9.221342562375176
chr5,47940449,active,0.392,1.608,9.538712921667125
chr5,47944449,active,0.388,1.532,9.41082494090997
chr5,47948449,active,0.3915,1.62,9.51355009055103
chr5,47952449,active,0.391,1.392,9.194345355182838
chr5,47956449,active,0.3915,1.62,9.54580211378242
chr5,47960449,active,0.3905,1.644,9.57015856086187
chr5,47964449,active,0.393,1.628,9.52453727980413
chr5,47968449,active,0.3935,1.644,9.595553814063935
chr5,47972449,active,0.388,1.58,9.518090379915272
chr5,47976449,active,0.3945,1.516,9.35106355914456
chr5,47980449,active,0.394,1.616,9.525536340573845
chr5,47984449,active,0.3915,1.596,9.494082294749013
chr5,47988449,active,0.3915,1.392,9.182089280108642
chr5,47992449,active,0.3875,1.372,9.17734332190094
chr5,47996449,active,0.3885,1.448,9.24861413705659
chr5,48000449,active,0.392,1.608,9.50167013394172
chr5,48004449,active,0.389,1.608,9.513505278548408
chr5,48008449,active,0.391,1.632,9.551196079709348
chr5,48012449,active,0.392,1.624,9.53971301827894
chr5,48016449,active,0.3925,1.408,9.234937136554752
chr5,48020449,active,0.3915,1.636,9.576507368261096
chr5,48024449,active,0.3905,1.484,9.312884173640109
chr5,48028449,active,0.3935,1.608,9.49101632678638
chr5,48032449,active,0.392,1.628,9.572034590469203
chr5,48036449,active,0.3905,1.572,9.449319096844373
chr5,48040449,active,0.3915,1.584,9.477932459267176
chr5,48044449,active,0.3895,1.648,9.589275780023018
chr5,48048449,active,0.3945,1.508,9.370153027470264
chr5,48052449,active,0.394,1.608,9.498441343273674
chr5,48056449,active,0.3915,1.464,9.266852028060235
chr5,48060449,active,0.3905,1.612,9.536136574630167
chr5,48064449,active,0.392,1.64,9.570631961232282
chr5,48068449,active,0.3915,1.476,9.284955124422057
chr5,48072449,active,0.3925,1.628,9.557603831858279
chr5,48076449,active,0.391,1.384,9.187202069593644
chr5,48080449,active,0.3895,1.468,9.295570409075472
chr5,48084449,active,0.3895,1.448,9.229529514290393
chr5,48088449,active,0.39,1.388,9.193400597544782
chr5,48092449,active,0.3915,1.464,9.28171435388056
chr5,48096449,active,0.3895,1.416,9.198651290677821
chr5,48100449,active,0.39,1.348,9.139946190017625
chr5,48104449,active,0.391,1.456,9.255269204200967
chr5,48108449,active,0.3895,1.392,9.204715198823484
chr5,48112449,active,0.39,1.584,9.49093150935155
chr5,48116449,active,0.391,1.464,9.317271085982552
chr5,48120449,active,0.391,1.6,9.508928920389021
chr5,48124449,active,0.39,1.6,9.524180416873913
chr5,48128449,active,0.3905,1.612,9.524998789711761
chr5,48132449,active,0.3865,1.488,9.309337777552601
chr5,48136449,active,0.39,1.456,9.303606262839335
chr5,48140449,active,0.3935,1.628,9.53860202738949
chr5,48144449,active,0.3935,1.592,9.461318997488368
chr5,48148449,active,0.392,1.728,9.672730422891787
chr5,48152449,active,0.393,1.656,9.575069951506508
chr5,48156449,active,0.3935,1.728,9.651030404918657
chr5,48160449,active,0.3915,1.672,9.615805808991587
chr5,48164449,active,0.39,1.584,9.501935489000033
chr5,48168449,active,0.3915,1.68,9.656019794694599
chr5,48172449,active,0.3925,1.628,9.5388421739897
chr5,48176449,active,0.391,1.62,9.553675703464737
chr5,48180449,active,0.3945,1.644,9.56611814216614
chr5,48184449,active,0.392,1.612,9.549091975257287
chr5,48188449,active,0.395,1.684,9.65686025805661
chr5,48192449,active,0.391,1.648,9.599575210487778
chr5,48196449,active,0.3905,1.412,9.263631599317048
chr5,48200449,active,0.393,1.652,9.595566047560359
chr5,48204449,active,0.3915,1.592,9.528433848384735
chr5,48208449,active,0.3915,1.644,9.563625221515666
chr5,48212449,active,0.3935,1.668,9.639352650045868
chr5,48216449,active,0.3905,1.664,9.620517593487104
chr5,48220449,active,0.3905,1.44,9.245210546314487
chr5,48224449,active,0.3935,1.644,9.578209649020383
chr5,48228449,active,0.391,1.628,9.545846371328851
chr5,48232449,active,0.3905,1.62,9.513985927763512
chr5,48236449,active,0.392,1.64,9.569373918599409
chr5,48240449,active,0.388,1.528,9.380936957621486
chr5,48244449,active,0.3925,1.544,9.397545190053233
chr5,48248449,active,0.3915,1.636,9.580705770559092
chr5,48252449,active,0.389,1.592,9.468010707435766
chr5,48256449,active,0.392,1.472,9.29351136703764
chr5,48260449,active,0.392,1.588,9.47656592564183
chr5,48264449,active,0.3945,1.628,9.554521018102546
chr5,48268449,active,0.389,1.504,9.345220692372894
chr5,48272449,active,0.389,1.644,9.56097647338154
chr5,48276449,active,0.3895,1.424,9.211591357763485
chr5,48280449,active,0.391,1.664,9.6202642833678
chr5,48284449,active,0.39,1.556,9.456306182594798
chr5,48288449,active,0.3915,1.404,9.209995075300755
chr5,48292449,active,0.388,1.6,9.494092827436283
chr5,48296449,active,0.392,1.524,9.353212508132023
chr5,48300449,active,0.3955,1.624,9.580795997893619
chr5,48304449,active,0.393,1.628,9.542044560165188
chr5,48308449,active,0.3935,1.564,9.401055657986355
chr5,48312449,active,0.3945,1.684,9.698828092764213
chr5,48316449,active,0.3905,1.504,9.334934301935297
chr5,48320449,active,0.3915,1.64,9.538560277182865
chr5,48324449,active,0.392,1.444,9.28613099509574
chr5,48328449,active,0.389,1.632,9.570153599815242
chr5,48332449,active,0.3945,1.544,9.40846640680213
chr5,48336449,active,0.3925,1.584,9.487192741315711
chr5,48340449,active,0.389,1.652,9.597610415375993
chr5,48344449,active,0.39,1.644,9.57411266204362
chr5,48348449,active,0.3925,1.508,9.350183389418726
chr5,48352449,active,0.392,1.6,9.501656798797628
chr5,48356449,active,0.391,1.612,9.514928530023123
chr5,48360449,active,0.3945,1.504,9.347385474916555
chr5,48364449,active,0.3905,1.372,9.145363055504296
chr5,48368449,active,0.3905,1.712,9.660953674294932
chr5,48372449,active,0.3915,1.64,9.532386243041213
chr5,48376449,active,0.391,1.656,9.595943953000187
chr5,48380449,active,0.389,1.644,9.586973775947248
chr5,48384449,active,0.393,1.632,9.547093199158503
chr5,48388449,active,0.3925,1.648,9.576319310281104
chr5,48392449,active,0.3885,1.484,9.33804163310558
chr5,48396449,active,0.3915,1.636,9.571383310339872
chr5,48400449,active,0.391,1.604,9.523536823009886
chr5,48404449,active,0.3875,1.5,9.295653356581022
chr5,48408449,active,0.392,1.628,9.569806726548665
chr5,48412449,active,0.39,1.728,9.670796213605058
chr5,48416449,active,0.389,1.54,9.357320317196741
chr5,48420449,active,0.3935,1.468,9.305876054307697
chr5,48424449,active,0.392,1.44,9.2616629716227
chr5,48428449,active,0.392,1.424,9.226112293287295
chr5,48432449,active,0.39,1.636,9.55985600674703
chr5,48436449,active,0.3935,1.656,9.604982107094054
chr5,48440449,active,0.3895,1.688,9.646979497077822
chr5,48444449,active,0.3935,1.608,9.541344115075793
chr5,48448449,active,0.393,1.596,9.495487144429882
chr5,48452449,active,0.3895,1.608,9.519239455886094
chr5,48456449,active,0.3905,1.608,9.524015157610451
chr5,48460449,active,0.3895,1.656,9.57985578748672
chr5,48464449,active,0.394,1.364,9.146465711285394
chr5,48468449,active,0.3925,1.64,9.564894756179795
chr5,48472449,active,0.3915,1.636,9.567960756675179
chr5,48476449,active,0.394,1.636,9.562879134287895
chr5,48480449,active,0.3915,1.652,9.562962301335203
chr5,48484449,active,0.3895,1.612,9.511527059621919
chr5,48488449,active,0.3915,1.604,9.497068606313366
chr5,48492449,active,0.389,1.616,9.509704408839843
chr5,48496449,active,0.387,1.372,9.169634563945523
chr5,48500449,active,0.3905,1.46,9.271656982987778
chr5,48504449,active,0.391,1.38,9.174585477896512
chr5,48508449,active,0.3945,1.504,9.323798660962842
chr5,48512449,active,0.396,1.636,9.558260051933996
chr5,48516449,active,0.391,1.62,9.505893449580846
chr5,48520449,active,0.3915,1.668,9.594839945159881
chr5,48524449,active,0.392,1.576,9.47218896792538
chr5,48528449,active,0.3925,1.484,9.326374128398806
chr5,48532449,active,0.3905,1.636,9.603687327804591
chr5,48536449,active,0.3925,1.612,9.573109098748152
chr5,48540449,active,0.392,1.388,9.170735576603843
chr5,48544449,active,0.393,1.616,9.524742582748823
chr5,48548449,active,0.3945,1.604,9.523543136115748
chr5,48552449,active,0.392,1.504,9.299410299604276
chr5,48556449,active,0.3925,1.576,9.440361983423632
chr5,48560449,active,0.3905,1.64,9.591663464202233
chr5,48564449,active,0.3945,1.472,9.25164737775306
chr5,48568449,active,0.3925,1.628,9.519778495394776
chr5,48572449,active,0.391,1.604,9.48025578922008
chr5,48576449,active,0.391,1.66,9.645980785058024
chr5,48580449,active,0.3895,1.7,9.66427615898133
chr5,48584449,active,0.39,1.452,9.233082860894292
chr5,48588449,active,0.3925,1.564,9.43034262775321
chr5,48592449,active,0.389,1.552,9.477644326592635
chr5,48596449,active,0.3905,1.384,9.167221886682237
chr5,48600449,active,0.3955,1.608,9.524801527498532
chr5,48604449,active,0.393,1.616,9.549477983282697
chr5,48608449,active,0.393,1.644,9.568098681423514
chr5,48612449,active,0.393,1.66,9.6058443736614
chr5,48616449,active,0.39,1.644,9.601673754731705
chr5,48620449,active,0.3885,1.608,9.560501324285184
chr5,48624449,active,0.392,1.648,9.601282862897765
chr5,48628449,active,0.39,1.648,9.59632401953469
chr5,48632449,active,0.394,1.612,9.519312243982206
chr5,48636449,active,0.3935,1.656,9.604299234196006
chr5,48640449,active,0.392,1.388,9.178707041636999
chr5,48644449,active,0.393,1.548,9.427815661050264
chr5,48648449,active,0.3915,1.648,9.63477043980636
chr5,48652449,active,0.388,1.62,9.552706502438868
chr5,48656449,active,0.391,1.612,9.543908689641968
chr5,48660449,active,0.3895,1.664,9.590518798875314
chr5,48664449,active,0.3905,1.648,9.618657352730642
chr5,48668449,active,0.3915,1.656,9.653167669682835
chr5,48672449,active,0.398,1.7,9.670843223186635
chr5,48676449,active,0.389,1.548,9.418904444130996
chr5,48680449,active,0.3915,1.608,9.514603205805557
chr5,48684449,active,0.392,1.62,9.550589688820759
chr5,48688449,active,0.392,1.456,9.267904065272305
chr5,48692449,active,0.3915,1.652,9.570290815631095
chr5,48696449,active,0.39,1.66,9.588969362590294
chr5,48700449,active,0.3885,1.644,9.582182013860127
chr5,48704449,active,0.3925,1.496,9.333482003703711
chr5,48708449,active,0.39,1.372,9.171080194605077
chr5,48712449,active,0.3905,1.628,9.56515597461099
chr5,48716449,active,0.3915,1.612,9.565360187340616
chr5,48720449,active,0.391,1.684,9.662010339187741
chr5,48724449,active,0.393,1.62,9.54597788463294
chr5,48728449,active,0.393,1.672,9.687460544364505
chr5,48732449,active,0.392,1.724,9.690153219183975
chr5,48736449,active,0.3905,1.488,9.289957317957725
chr5,48740449,active,0.39,1.624,9.601302156681456
chr5,48744449,active,0.39,1.624,9.55227402785555
chr5,48748449,active,0.3915,1.548,9.391554946393299
chr5,48752449,active,0.392,1.636,9.581560194303183
chr5,48756449,active,0.394,1.628,9.562005058553506
chr5,48760449,active,0.3925,1.668,9.595980414510459
chr5,48764449,active,0.397,1.608,9.544694595293043
chr5,48768449,active,0.39,1.628,9.545670302149995
chr5,48772449,active,0.3915,1.496,9.327307488176118
chr5,48776449,active,0.393,1.668,9.629359604481127
chr5,48780449,active,0.3905,1.656,9.55946338728746
chr5,48784449,active,0.391,1.652,9.566038703646763
chr5,48788449,active,0.3865,1.564,9.44573444083915
chr5,48792449,active,0.3915,1.644,9.574870345357352
chr5,48796449,active,0.3925,1.628,9.58654642831926
chr5,48800449,active,0.3905,1.464,9.259813379780766
chr5,48804449,active,0.39,1.644,9.607462767008522
chr5,48808449,active,0.3875,1.464,9.241691308357305
chr5,48812449,active,0.39,1.452,9.265343323288615
chr5,48816449,active,0.3875,1.476,9.281182277060847
chr5,48820449,active,0.391,1.676,9.631661995555948
chr5,48824449,active,0.389,1.656,9.635423819176234
chr5,48828449,active,0.3885,1.384,9.17550176433418
chr5,48832449,active,0.3905,1.648,9.61002583503927
chr5,48836449,active,0.389,1.444,9.294574564577971
chr5,48840449,active,0.388,1.416,9.188804293547225
chr5,48844449,active,0.396,1.56,9.44497218347776
chr5,48848449,active,0.394,1.668,9.63224551620613
chr5,48852449,active,0.393,1.488,9.286506411084572
chr5,48856449,active,0.3915,1.58,9.441170847983644
chr5,48860449,active,0.3935,1.676,9.594861332467895
chr5,48864449,active,0.386,1.536,9.416099888873372
chr5,48868449,active,0.3905,1.468,9.300798557115028
chr5,48872449,active,0.3925,1.704,9.60564713826469
chr5,48876449,active,0.3925,1.652,9.6179990391306
chr5,48880449,active,0.3935,1.676,9.653341701475215
chr5,48884449,active,0.3935,1.588,9.523831611824038
chr5,48888449,active,0.3895,1.644,9.605376571748188
chr5,48892449,active,0.3875,1.632,9.55993846486195
chr5,48896449,active,0.3915,1.62,9.561385994772076
chr5,48900449,active,0.3865,1.644,9.579703503184856
chr5,48904449,active,0.3915,1.472,9.243292843738661
chr5,48908449,active,0.3935,1.476,9.347631978587847
chr5,48912449,active,0.3905,1.644,9.55685033559334
chr5,48916449,active,0.3965,1.536,9.410904242101875
chr5,48920449,active,0.3935,1.508,9.329642028557688
chr5,48924449,active,0.394,1.596,9.47203257952917
chr5,48928449,active,0.3955,1.704,9.667870567959664
chr5,48932449,active,0.392,1.468,9.264977344795858
chr5,48936449,active,0.3905,1.708,9.639221160346846
chr5,48940449,active,0.391,1.408,9.237928731099204
chr5,48944449,active,0.39,1.488,9.289514071708018
chr5,48948449,active,0.3915,1.548,9.366684488633464
chr5,48952449,active,0.393,1.648,9.57680389613334
chr5,48956449,active,0.3905,1.432,9.212077437978548
chr5,48960449,active,0.391,1.652,9.593091700328749
chr5,48964449,active,0.391,1.548,9.416578943838777
chr5,48968449,active,0.3915,1.6,9.545401740487158
chr5,48972449,active,0.3965,1.644,9.653953215151425
chr5,48976449,active,0.389,1.46,9.299874283578879
chr5,48980449,active,0.3895,1.62,9.579843193807841
chr5,48984449,active,0.393,1.556,9.43756610630796
chr5,48988449,active,0.3855,1.536,9.397991527420285
chr5,48992449,active,0.3855,1.516,9.340691346299867
chr5,48996449,active,0.392,1.592,9.522966261937327
chr5,49000449,active,0.389,1.6,9.517621759298802
chr5,49004449,active,0.393,1.532,9.412053915685714
chr5,49008449,active,0.391,1.484,9.350833263115756
chr5,49012449,active,0.3905,1.608,9.500867969486515
chr5,49016449,active,0.3895,1.612,9.519679899679025
chr5,49020449,active,0.3915,1.532,9.40483933636324
chr5,49024449,active,0.391,1.604,9.525141216985928
chr5,49028449,active,0.3905,1.652,9.600804096592922
chr5,49032449,active,0.393,1.492,9.377089226351213
chr5,49036449,active,0.3895,1.66,9.610234589283836
chr5,49040449,active,0.3915,1.664,9.584835303509225
chr5,49044449,active,0.392,1.612,9.546364279657304
chr5,49048449,active,0.388,1.628,9.561073651232476
chr5,49052449,active,0.3895,1.64,9.565307112559934
chr5,49056449,active,0.3935,1.572,9.469009651978288
chr5,49060449,active,0.3895,1.604,9.529463571477597
chr5,49064449,active,0.3925,1.624,9.555140035202793
chr5,49068449,active,0.389,1.628,9.572651487228601
chr5,49072449,active,0.3915,1.384,9.184664331224283
chr5,49076449,active,0.3885,1.648,9.566013870755109
chr5,49080449,active,0.389,1.612,9.546093158684602
chr5,49084449,active,0.391,1.428,9.249720946613543
chr5,49088449,active,0.3925,1.624,9.54635165344558
chr5,49092449,active,0.3935,1.648,9.620048391597916
chr5,49096449,active,0.3925,1.564,9.445729568463134
chr5,49100449,active,0.3905,1.452,9.29717882990771
chr5,49104449,active,0.392,1.408,9.223772537496068
chr5,49108449,active,0.3925,1.584,9.498453415029145
chr5,49112449,active,0.392,1.572,9.470230994861808
chr5,49116449,active,0.39,1.636,9.546642255211006
chr5,49120449,active,0.3895,1.4,9.222445964597583
chr5,49124449,active,0.3895,1.624,9.575162355319797
chr5,49128449,active,0.391,1.648,9.546540237516831
chr5,49132449,active,0.392,1.548,9.399193422043957
chr5,49136449,active,0.391,1.588,9.491102667905366
chr5,49140449,active,0.3925,1.556,9.470342925721644
chr5,49144449,active,0.394,1.608,9.517061841424532
chr5,49148449,active,0.3905,1.516,9.372260223039685
chr5,49152449,active,0.3935,1.572,9.49280327467205
chr5,49156449,active,0.3925,1.56,9.439125605326932
chr5,49160449,active,0.393,1.596,9.472092516155614
chr5,49164449,active,0.3935,1.56,9.465171468715024
chr5,49168449,active,0.3905,1.608,9.512285386062409
chr5,49172449,active,0.3895,1.608,9.531265156884938
chr5,49176449,active,0.392,1.624,9.550196980690544
chr5,49180449,active,0.391,1.628,9.565252792279448
chr5,49184449,active,0.3945,1.644,9.575113184643467
chr5,49188449,active,0.3915,1.636,9.543899535830363
chr5,49192449,active,0.39,1.616,9.51795557310085
chr5,49196449,active,0.393,1.636,9.542515474296033
chr5,49200449,active,0.387,1.592,9.468639155575673
chr5,49204449,active,0.3915,1.612,9.506187934350333
chr5,49208449,active,0.391,1.564,9.40885692380966
chr5,49212449,active,0.3905,1.604,9.45229060250689
chr5,49216449,active,0.3925,1.612,9.537580930468588
chr5,49220449,active,0.392,1.632,9.547481268175492
chr5,49224449,active,0.393,1.616,9.54189120674848
chr5,49228449,active,0.393,1.468,9.29411933524339
chr5,49232449,active,0.391,1.608,9.515206761704729
chr5,49236449,active,0.394,1.532,9.357289876180191
chr5,49240449,active,0.393,1.628,9.530973081116924
chr5,49244449,active,0.392,1.644,9.531214922810028
chr5,49248449,active,0.388,1.644,9.61156529309314
chr5,49252449,active,0.3925,1.512,9.322417353968431
chr5,49256449,active,0.3925,1.636,9.584654958611006
chr5,49260449,active,0.389,1.488,9.253600861203639
chr5,49264449,active,0.39,1.636,9.546646442259695
chr5,49268449,active,0.392,1.616,9.51851111610909
chr5,49272449,active,0.39,1.668,9.635605564050413
chr5,49276449,active,0.3895,1.56,9.42623565682908
chr5,49280449,active,0.3875,1.652,9.569230645805519
chr5,49284449,active,0.393,1.576,9.431608589914177
chr5,49288449,active,0.393,1.636,9.545063113658381
chr5,49292449,active,0.3895,1.608,9.49824405424394
chr5,49296449,active,0.3935,1.588,9.414965313096845
chr5,49300449,active,0.3905,1.704,9.66622156197105
chr5,49304449,active,0.3945,1.58,9.43613684005571
chr5,49308449,active,0.3915,1.66,9.53607757374258
chr5,49312449,active,0.3885,1.712,9.62047578393121
chr5,49316449,active,0.3915,1.704,9.652278446248518
chr5,49320449,active,0.392,1.652,9.572676760752184
chr5,49324449,active,0.3935,1.728,9.658352334173854
chr5,49328449,active,0.3925,1.696,9.643194144708312
chr5,49332449,active,0.3905,1.624,9.524541848135563
chr5,49336449,active,0.392,1.692,9.626225865606866
chr5,49340449,active,0.3885,1.668,9.600842761398416
chr5,49344449,active,0.39,1.504,9.325379160290932
chr5,49348449,active,0.39,1.656,9.604571539770674
chr5,49352449,active,0.3905,1.732,9.666599904831433
chr5,49356449,active,0.3895,1.664,9.624618026047367
chr5,49360449,active,0.3875,1.648,9.577374823104629
chr5,49364449,active,0.3875,1.512,9.351116811050199
chr5,49368449,active,0.395,1.672,9.546708123660586
chr5,49372449,active,0.39,1.652,9.589564693151862
chr5,49376449,active,0.3895,1.648,9.567894402888266
chr5,49380449,active,0.3915,1.632,9.534196588804889
chr5,49384449,active,0.392,1.68,9.57060908527766
chr5,49388449,active,0.3865,1.672,9.617126268774253
chr5,49392449,active,0.3925,1.6,9.576811305170551
chr5,49396449,active,0.3885,1.568,9.39835427820831
chr5,49400449,active,0.39,1.728,9.658675145335241
chr5,49404449,active,0.393,1.648,9.53445990076044
chr5,49408449,active,0.395,1.752,9.743001495161844
chr5,49412449,active,0.393,1.704,9.62984069683311
chr5,49416449,active,0.395,1.712,9.654463175370454
chr5,49420449,active,0.3915,1.736,9.685339909596387
chr5,49424449,active,0.3905,1.728,9.696370963680703
chr5,49428449,active,0.3945,1.64,9.531734996501891
chr5,49432449,active,0.3935,1.68,9.61051788035031
chr5,49436449,active,0.3905,1.732,9.656375350270897
chr5,49440449,active,0.3905,1.752,9.734704422966832
chr5,49444449,active,0.3905,1.668,9.538256694739601
chr5,49448449,active,0.3975,1.724,9.631703158773613
chr5,49452449,active,0.3925,1.7,9.665286755747601
chr5,49456449,active,0.395,1.672,9.523738328409689
chr5,49460449,active,0.396,1.632,9.534773198245007
chr5,49464449,active,0.3955,1.664,9.605885718980247
chr5,49468449,active,0.394,1.672,9.635639577570162
chr5,49472449,active,0.394,1.704,9.62694177189748
chr5,49476449,active,0.3935,1.708,9.66825238893635
chr5,49480449,active,0.3935,1.66,9.592675767493956
chr5,49484449,active,0.3935,1.664,9.608321460755613
chr5,49488449,active,0.3915,1.604,9.482399573853582
chr5,49492449,active,0.394,1.652,9.594697800830108
chr5,49496449,active,0.3925,1.652,9.581336943917696
chr5,49500449,active,0.388,1.624,9.586152672174544
chr5,49504449,active,0.3955,1.668,9.627399737883206
chr5,49508449,active,0.392,1.66,9.644134981093268
chr5,49512449,active,0.3915,1.732,9.716594316739348
chr5,49516449,active,0.3925,1.524,9.409577469213419
chr5,49520449,active,0.3915,1.688,9.677626804399788
chr5,49524449,active,0.393,1.62,9.54533921928282
chr5,49528449,active,0.387,1.72,9.661906416526596
chr5,49532449,active,0.3915,1.696,9.694629386421616
chr5,49536449,active,0.388,1.692,9.634183995495968
chr5,49540449,active,0.395,1.7,9.692159631126474
chr5,49544449,active,0.3905,1.488,9.309891775776329
chr5,49548449,active,0.3945,1.668,9.635484807028687
chr5,49552449,active,0.394,1.616,9.500084292284246
chr5,49556449,active,0.3925,1.504,9.300161434886359
chr5,49560449,active,0.3925,1.64,9.537010949433189
chr5,49564449,active,0.3945,1.468,9.352943681413729
chr5,49568449,active,0.3895,1.56,9.341367155593469
chr5,49572449,active,0.3895,1.58,9.39043335129469
chr5,49576449,active,0.394,1.628,9.532275730046148
chr5,49580449,active,0.3895,1.648,9.601183437046306
chr5,49584449,active,0.393,1.612,9.498094309814686
chr5,49588449,active,0.392,1.764,9.752204350428537
chr5,49592449,active,0.391,1.832,9.82080458626503
chr5,50120449,inactive,0.378,2.272,10.77470716892568
chr5,50124449,inactive,0.374,1.936,10.221157455611726
chr5,50128449,inactive,0.386,1.892,10.095236265152291
chr5,50132449,inactive,0.383,1.888,10.033959137879755
chr5,50136449,inactive,0.381,1.824,9.89515243959421
chr5,50140449,inactive,0.3745,1.996,10.32341865702238
chr5,50144449,inactive,0.388,1.944,10.179751245303873
chr5,50148449,inactive,0.375,1.776,9.80667338002969
chr5,50152449,inactive,0.3805,1.832,9.962347333147731
chr5,50156449,inactive,0.385,1.912,10.132140546856789
chr5,50160449,inactive,0.38,2.0,10.36978170167184
chr5,50164449,inactive,0.385,1.904,10.14796327435756
chr5,50168449,inactive,0.3795,1.924,10.246795420440197
chr5,50172449,inactive,0.389,1.9,10.106771249294194
chr5,50176449,inactive,0.378,1.792,9.88685902680823
chr5,50180449,inactive,0.388,1.864,10.062954864302942
chr5,50184449,inactive,0.382,1.788,9.849148062738694
chr5,50188449,inactive,0.377,1.828,9.95029945214561
chr5,50192449,inactive,0.385,1.844,10.054578395789063
chr5,50196449,inactive,0.3835,1.82,9.901040251744458
chr5,50200449,inactive,0.3785,1.948,10.210183807208972
chr5,50204449,inactive,0.3855,1.928,10.168230149213727
chr5,50208449,inactive,0.38,1.844,9.97718652688556
chr5,50212449,inactive,0.385,1.9,10.143001867516814
chr5,50216449,inactive,0.3785,1.828,9.969450274222478
chr5,50220449,inactive,0.382,1.952,10.235972211678002
chr5,50224449,inactive,0.375,1.916,10.250768809689443
chr5,50228449,inactive,0.3855,1.456,9.31583265127477
chr5,50232449,inactive,0.382,1.956,10.218471731308608
chr5,50236449,inactive,0.378,1.784,9.846863524717815
chr5,50240449,inactive,0.379,1.884,10.176435809472254
chr5,50244449,inactive,0.3825,1.88,10.04761685603037
chr5,50248449,inactive,0.378,1.996,10.333527935982739
chr5,50252449,inactive,0.3855,1.892,10.107226374574141
chr5,50256449,inactive,0.3755,1.912,10.111114276445242
chr5,50260449,inactive,0.3895,1.868,10.076837323034102
chr5,50264449,inactive,0.38,1.824,9.87581582373032
chr5,50268449,inactive,0.384,1.888,10.107541886469274
chr5,50272449,inactive,0.382,1.868,9.996111970971327
chr5,50276449,inactive,0.3795,1.952,10.235323794903254
chr5,50280449,inactive,0.384,1.892,10.096518690275172
chr5,50284449,inactive,0.379,1.952,10.25051681659174
chr5,50288449,inactive,0.3915,1.9,10.12524352253216
chr5,50292449,inactive,0.3795,1.84,9.916704098893215
chr5,50296449,inactive,0.3865,1.872,10.059847107884716
chr5,50300449,inactive,0.3825,1.824,9.879917529563183
chr5,50304449,inactive,0.381,1.904,10.130184701398859
chr5,50308449,inactive,0.3825,1.916,10.125728684897203
chr5,50312449,inactive,0.376,1.968,10.250974395578515
chr5,50316449,inactive,0.3885,1.876,10.097036813977606
chr5,50320449,inactive,0.376,1.872,10.03506609774521
chr5,50324449,inactive,0.3885,1.884,10.084492230662406
chr5,50328449,inactive,0.378,1.808,9.892136428478414
chr5,50332449,inactive,0.384,1.912,10.162756322730877
chr5,50336449,inactive,0.382,1.904,10.102497472773644
chr5,50340449,inactive,0.3785,1.948,10.251389199949173
chr5,50344449,inactive,0.386,1.928,10.212553278151809
chr5,50348449,inactive,0.3775,1.944,10.209483084891463
chr5,50352449,inactive,0.3885,1.92,10.143318070455468
chr5,50356449,inactive,0.379,1.836,9.913620853433155
chr5,50360449,inactive,0.384,1.864,10.103981104011694
chr5,50364449,inactive,0.3825,1.9,10.12781716223934
chr5,50368449,inactive,0.3785,1.928,10.255542296686098
chr5,50372449,inactive,0.387,1.912,10.18668057090657
chr5,50376449,inactive,0.377,1.924,10.16022387305782
chr5,50380449,inactive,0.386,1.928,10.223930651046494
chr5,50384449,inactive,0.381,1.82,9.933230046383553
chr5,50388449,inactive,0.3825,1.876,10.140193479676608
chr5,50392449,inactive,0.382,1.972,10.272914471904368
chr5,50396449,inactive,0.378,1.924,10.244649538964985
chr5,50400449,inactive,0.3845,1.96,10.24664963780165
chr5,50404449,inactive,0.384,1.9,10.078890281277449
chr5,50408449,inactive,0.378,1.952,10.274301595234753
chr5,50412449,inactive,0.389,1.912,10.154563637433949
chr5,50416449,inactive,0.379,1.788,9.902080935061134
chr5,50420449,inactive,0.3855,1.88,10.107230207156675
chr5,50424449,inactive,0.385,1.836,9.983020882972413
chr5,50428449,inactive,0.3755,1.964,10.293036993419301
chr5,50432449,inactive,0.373,2.0,10.315154872265941
chr5,50436449,inactive,0.382,1.932,10.20766946671767
chr5,50440449,inactive,0.38,1.868,10.05050307334847
chr5,50444449,inactive,0.374,1.976,10.29735673401167
chr5,50448449,inactive,0.3885,2.376,10.815400862388666
chr5,50532449,inactive,0.3885,2.044,10.315466119874216
chr5,50536449,inactive,0.3915,2.008,10.332896879659769
chr5,50540449,inactive,0.3875,2.004,10.348542823333018
chr5,50544449,inactive,0.389,2.036,10.321942768187482
chr5,50548449,inactive,0.3885,2.06,10.355213732961294
chr5,50552449,inactive,0.391,2.024,10.280690773964917
chr5,50556449,inactive,0.39,2.012,10.253038184837518
chr5,50560449,inactive,0.3855,1.976,10.217533231594862
chr5,50564449,inactive,0.386,1.96,10.256709397335744
chr5,50568449,inactive,0.3845,1.932,10.124582230090452
chr5,50572449,inactive,0.385,1.932,10.158785713289591
chr5,50576449,inactive,0.3895,1.92,10.15067678202895
chr5,50580449,inactive,0.3885,1.932,10.168410571350066
chr5,50584449,inactive,0.3845,1.952,10.208329047874063
chr5,50588449,inactive,0.3885,1.98,10.300792074080485
chr5,50592449,inactive,0.3855,1.96,10.26594317500481
chr5,50664449,inactive,0.373,1.844,10.01480628317631
chr5,50668449,inactive,0.379,2.024,10.339782468090911
chr5,50672449,inactive,0.3805,2.024,10.349782812921967
chr5,50676449,inactive,0.3805,2.02,10.357182172098133
chr5,50680449,inactive,0.394,2.076,10.454611954739438
chr5,50684449,inactive,0.4005,2.04,10.349595717497351
chr5,50688449,inactive,0.3995,2.064,10.374581953343444
chr5,50692449,inactive,0.403,2.108,10.417214209050657
chr5,50696449,inactive,0.399,2.064,10.361544049896091
chr5,50700449,inactive,0.3995,2.036,10.360185202536044
chr5,50704449,inactive,0.401,2.04,10.373237548491332
chr5,50708449,inactive,0.3945,2.088,10.414208919179675
chr5,50712449,inactive,0.3945,2.096,10.392884659065844
chr5,50716449,inactive,0.3955,2.028,10.321536364730802
chr5,50720449,inactive,0.398,1.992,10.194503932970362
chr5,50724449,inactive,0.3975,2.128,10.453908829136754
chr5,50728449,inactive,0.3955,2.088,10.393758149787116
chr5,50732449,inactive,0.3965,2.108,10.406661489566876
chr5,50736449,inactive,0.3985,2.084,10.474184382134945
chr5,50740449,inactive,0.4,2.08,10.393302747279062
chr5,50744449,inactive,0.399,2.076,10.390166194515565
chr5,50748449,inactive,0.3985,2.044,10.354528688175314
chr5,50752449,inactive,0.399,2.076,10.420898845363563
chr5,50756449,inactive,0.394,2.092,10.461638142715945
chr5,50760449,inactive,0.396,2.036,10.385624249047483
chr5,50764449,inactive,0.396,2.004,10.298829366776765
chr5,50768449,inactive,0.3955,2.056,10.371976670868964
chr5,50772449,inactive,0.401,2.088,10.379950761233907
chr5,50776449,inactive,0.395,2.088,10.383174451763105
chr5,50780449,inactive,0.3965,2.008,10.339224272934427
chr5,50784449,inactive,0.397,2.056,10.339153062155491
chr5,50788449,inactive,0.3945,2.016,10.332481133833964
chr5,50792449,inactive,0.3965,2.072,10.377043933702689
chr5,50796449,inactive,0.395,2.028,10.297985613855905
chr5,50800449,inactive,0.392,2.064,10.40337074753463
chr5,50804449,inactive,0.3885,2.036,10.38656263744185
chr5,50808449,inactive,0.3905,2.06,10.395148468289472
chr5,50812449,inactive,0.393,2.052,10.407489476285626
chr5,50816449,inactive,0.3945,2.032,10.309251410357009
chr5,50820449,inactive,0.3915,2.076,10.443998684823724
chr5,50824449,inactive,0.396,2.068,10.370804724659795
chr5,50828449,inactive,0.397,2.064,10.389113743488025
chr5,50832449,inactive,0.395,2.068,10.432322796135557
chr5,50836449,inactive,0.399,2.052,10.321793596103248
chr5,50840449,inactive,0.4005,2.08,10.435011688794127
chr5,50844449,inactive,0.396,2.02,10.318262794592888
chr5,50848449,inactive,0.397,2.08,10.411807926672907
chr5,50852449,inactive,0.3995,2.048,10.363717714739542
chr5,50856449,inactive,0.3995,2.096,10.416899771986666
chr5,50860449,inactive,0.4,2.096,10.449306560043237
chr5,50864449,inactive,0.4,2.044,10.407773549571177
chr5,50868449,inactive,0.3985,2.044,10.332064673359527
chr5,50872449,inactive,0.4015,2.056,10.349349013095974
chr5,50876449,inactive,0.401,2.08,10.39789479344611
chr5,50880449,inactive,0.3995,2.096,10.423709985238943
chr5,50884449,inactive,0.401,2.024,10.346912473717559
chr5,50888449,inactive,0.402,2.036,10.314346728070815
chr5,50892449,inactive,0.3975,2.044,10.371234608948916
chr5,50896449,inactive,0.4015,2.108,10.43287798467755
chr5,50900449,inactive,0.393,2.1,10.413542115995078
chr5,50904449,inactive,0.388,2.004,10.341523164792653
chr5,50908449,inactive,0.394,2.044,10.359565913923948
chr5,50912449,inactive,0.392,2.076,10.409833700521402
chr5,50916449,inactive,0.3945,2.06,10.416382057931957
chr5,50920449,inactive,0.394,2.052,10.352251100670799
chr5,50924449,inactive,0.396,2.068,10.379020307434669
chr5,50928449,inactive,0.3905,2.048,10.421034870861233
chr5,50932449,inactive,0.392,2.08,10.407299628825852
chr5,50936449,inactive,0.389,2.076,10.49665991579854
chr5,50940449,inactive,0.392,2.04,10.340230759890133
chr5,50944449,inactive,0.3945,2.072,10.4326656482621
chr5,50948449,inactive,0.3925,2.068,10.430329996565236
chr5,50952449,inactive,0.3825,2.092,10.439553551307856
chr5,50956449,inactive,0.388,1.976,10.24570474202769
chr5,50960449,inactive,0.3995,2.152,10.506228637282296
chr7,59612912,inactive,0.364,1.896,10.109633785197676
chr7,59616912,inactive,0.3785,1.98,10.290816588957567
chr7,59620912,inactive,0.384,2.02,10.327953270691376
chr7,59624912,inactive,0.3845,1.968,10.281830340109384
chr7,59628912,inactive,0.3795,1.996,10.265894453181557
chr7,59632912,inactive,0.3785,1.98,10.255927014506375
chr7,59636912,inactive,0.382,2.02,10.319790960605442
chr7,59640912,inactive,0.378,1.96,10.180748633037288
chr7,59644912,inactive,0.3785,1.972,10.19246801003392
chr7,59648912,inactive,0.3765,1.948,10.144573432575003
chr7,59652912,inactive,0.381,1.9,10.120612534331498
chr7,59656912,inactive,0.3805,1.98,10.276483439901895
chr7,59660912,inactive,0.375,1.948,10.224676600138404
chr7,59664912,inactive,0.3825,2.016,10.310952283875578
chr7,59668912,inactive,0.38,1.928,10.164293879985575
chr7,59672912,inactive,0.382,2.06,10.353417758183655
chr7,59676912,inactive,0.3815,1.94,10.247477103553292
chr7,59680912,inactive,0.378,1.984,10.313489579108108
chr7,59684912,inactive,0.3725,1.972,10.280490919908996
chr7,59688912,inactive,0.3795,2.016,10.24879009244462
chr7,59692912,inactive,0.3735,1.976,10.230658881853437
chr7,59696912,inactive,0.37,1.744,9.793786403108763
chr7,59700912,inactive,0.371,1.784,9.870573885977404
chr7,59704912,inactive,0.382,2.028,10.326839748856996
chr7,59708912,inactive,0.3735,1.94,10.18090213602242
chr7,59712912,inactive,0.376,1.976,10.235267547007137
chr7,59716912,inactive,0.3735,1.972,10.201537901598973
chr7,59720912,inactive,0.3755,1.944,10.17052895240133
chr7,59724912,inactive,0.3775,2.02,10.300465093759168
chr7,59728912,inactive,0.377,1.956,10.253513755970385
chr7,59732912,inactive,0.3795,2.028,10.312049818417591
chr7,59736912,inactive,0.3775,1.964,10.243164528851304
chr7,59740912,inactive,0.382,2.028,10.322881433809979
chr7,59744912,inactive,0.3795,1.948,10.24606953436999
chr7,59748912,inactive,0.3785,1.988,10.201231067845907
chr7,59752912,inactive,0.37,1.988,10.258540620656678
chr7,59756912,inactive,0.3765,1.96,10.20536944318816
chr7,59760912,inactive,0.375,2.008,10.247860852145594
chr7,59764912,inactive,0.3825,1.972,10.249166896236806
chr7,59768912,inactive,0.378,2.012,10.225796927680692
chr7,59772912,inactive,0.3735,1.916,10.175059739204073
chr7,59776912,inactive,0.3775,1.988,10.272500542374837
chr7,59780912,inactive,0.3865,2.004,10.362701442277956
chr7,59784912,inactive,0.3825,2.016,10.350550558969662
chr7,59788912,inactive,0.383,1.988,10.300423892292486
chr7,59792912,inactive,0.381,1.984,10.292393559747719
chr7,59796912,inactive,0.3775,1.968,10.26328503407995
chr7,59800912,inactive,0.3805,1.988,10.279587558011347
chr7,59804912,inactive,0.3775,1.988,10.222979474699473
chr7,59808912,inactive,0.38,1.968,10.230501303138979
chr7,59812912,inactive,0.378,1.988,10.238696325107053
chr7,60416912,active,0.376,1.848,9.92863220652928
chr7,60420912,active,0.375,1.872,10.038087624363847
chr7,60424912,active,0.3785,1.752,9.827272379095039
chr7,60428912,active,0.378,1.828,10.028389018863267
chr7,60432912,active,0.377,1.82,9.911944007938436
chr7,60436912,active,0.378,1.736,9.70910674651489
chr7,60440912,active,0.3775,1.796,9.844902777562504
chr7,60444912,active,0.3825,1.696,9.755569243832385
chr7,60448912,active,0.386,1.58,9.574356946011145
chr7,60452912,active,0.3785,1.756,9.776967749704593
chr7,60456912,active,0.3825,1.68,9.693651823470947
chr7,60460912,active,0.3825,1.748,9.84087396066896
chr7,60464912,active,0.371,1.816,9.92252735149626
chr7,60468912,active,0.3805,1.74,9.747196336389104
chr7,60472912,active,0.3805,1.732,9.767124546167437
chr7,60476912,active,0.378,1.86,9.963000213242987
chr7,60480912,active,0.3835,1.72,9.7825779350511
chr7,60484912,active,0.3825,1.74,9.785358527350462
chr7,60488912,active,0.3825,1.676,9.731165531043436
chr7,60492912,active,0.3785,1.756,9.797040557519507
chr7,60496912,active,0.3775,1.784,9.868834911993517
chr7,60500912,active,0.376,1.756,9.768699113672387
chr7,60504912,active,0.3885,1.648,9.647881745895372
chr7,60508912,active,0.386,1.576,9.553601269355706
chr7,60512912,active,0.387,1.524,9.49618222795944
chr7,60516912,active,0.3885,1.636,9.621292128310229
chr7,60520912,active,0.3875,1.612,9.57286351709461
chr7,60524912,active,0.384,1.58,9.484828346906587
chr7,60528912,active,0.3905,1.544,9.513043745775748
chr7,60532912,active,0.3895,1.48,9.465993934214678
chr7,60536912,active,0.3895,1.572,9.540894282866798
chr7,60540912,active,0.39,1.584,9.569017737785197
chr7,60544912,active,0.39,1.588,9.551430861115268
chr7,60548912,active,0.392,1.572,9.50852045668087
chr7,60552912,active,0.39,1.628,9.613334330445445
chr7,60556912,active,0.3905,1.656,9.650624459982822
chr7,60560912,active,0.389,1.652,9.631791142482207
chr7,60564912,active,0.3925,1.464,9.404619308706337
chr7,60568912,active,0.39,1.496,9.453097710860039
chr7,60572912,active,0.3925,1.48,9.44196802852722
chr7,60576912,active,0.39,1.48,9.435573305395978
chr7,60580912,active,0.3905,1.492,9.444220590414881
chr7,60584912,active,0.3915,1.488,9.442676219654281
chr7,60588912,active,0.3925,1.48,9.45310228490778
chr7,60592912,active,0.3895,1.468,9.425575718316349
chr7,60596912,active,0.39,1.46,9.414680447116076
chr7,60600912,active,0.3915,1.528,9.484311773911694
chr7,60604912,active,0.3925,1.512,9.496539102639172
chr7,60608912,active,0.389,1.52,9.5069901141896
chr7,60612912,active,0.385,1.588,9.542747114586058
chr7,60616912,active,0.3905,1.544,9.53117321730879
chr7,60620912,active,0.3905,1.56,9.526313639604748
chr7,60624912,active,0.3865,1.552,9.518391054505578
chr7,60628912,active,0.387,1.5,9.496209591372892
chr7,60632912,active,0.389,1.532,9.508550605085263
chr7,60636912,active,0.3885,1.564,9.53428196352201
chr7,60640912,active,0.389,1.528,9.512351064189748
chr7,60644912,active,0.3835,1.608,9.608620508140314
chr7,60648912,active,0.39,1.628,9.656115266760242
chr7,60652912,active,0.3885,1.592,9.545151612025613
chr7,60656912,active,0.39,1.544,9.44485863342152
chr7,60660912,active,0.3885,1.584,9.506351543120424
chr7,60664912,active,0.3875,1.612,9.610799623421078
chr7,60668912,active,0.387,1.584,9.560854734573933
chr7,60672912,active,0.3915,1.584,9.545119998156643
chr7,60676912,active,0.3865,1.552,9.543321569672148
chr7,60680912,active,0.3945,1.556,9.516132840104628
chr7,60684912,active,0.3885,1.556,9.534348960435766
chr7,60688912,active,0.39,1.556,9.4928008578726
chr7,60692912,active,0.389,1.608,9.558097300010392
chr7,60696912,active,0.3915,1.644,9.617064876774071
chr7,60700912,active,0.389,1.58,9.517512003576117
chr7,60704912,active,0.39,1.564,9.485702539185365
chr7,60708912,active,0.3905,1.584,9.554666062487398
chr7,60712912,active,0.3895,1.544,9.54310432626619
chr7,60716912,active,0.3895,1.624,9.585973695142645
chr7,60720912,active,0.388,1.596,9.590062936081713
chr7,60724912,active,0.39,1.652,9.64402442984927
chr7,60728912,active,0.3915,1.536,9.502821556251487
chr7,60732912,active,0.387,1.56,9.529265598990303
chr7,60736912,active,0.387,1.536,9.503015977758912
chr7,60740912,active,0.387,1.528,9.523937306816126
chr7,60744912,active,0.388,1.528,9.540771786786959
chr7,60748912,active,0.391,1.608,9.595640802261277
chr7,60752912,active,0.3855,1.636,9.58607730687965
chr7,60756912,active,0.391,1.628,9.551026344736604
chr7,60760912,active,0.387,1.62,9.555573103231385
chr7,60764912,active,0.3895,1.632,9.641339973102458
chr7,60768912,active,0.386,1.528,9.4973325385307
chr7,60772912,active,0.388,1.556,9.555078288736468
chr7,60776912,active,0.3875,1.516,9.482520012999322
chr7,60780912,active,0.3885,1.552,9.528289370209873
chr7,60784912,active,0.3865,1.632,9.651873044336345
chr7,60788912,active,0.3885,1.524,9.489939409506025
chr7,60792912,active,0.388,1.564,9.55824112842366
chr7,60796912,active,0.3895,1.572,9.571349229672952
chr7,60800912,active,0.3915,1.592,9.54473787105362
chr7,60804912,active,0.385,1.58,9.532798278227917
chr7,60808912,active,0.3875,1.624,9.568448549872063
chr7,60812912,active,0.3885,1.604,9.598168731942726
chr7,60816912,active,0.39,1.656,9.608840835288754
chr7,60820912,active,0.3925,1.548,9.521391683740001
chr7,60824912,active,0.3915,1.576,9.580577635691292
chr7,60828912,active,0.3885,1.6,9.554940718454326
chr7,60832912,active,0.388,1.564,9.53526168788443
chr7,60836912,active,0.388,1.596,9.6005749859062
chr7,60840912,active,0.391,1.62,9.623469874806156
chr7,60844912,active,0.3885,1.644,9.632837979245492
chr7,60848912,active,0.387,1.604,9.594217417410592
chr7,60852912,active,0.3885,1.576,9.551633383126559
chr7,60856912,active,0.3895,1.576,9.551539989518274
chr7,60860912,active,0.3895,1.508,9.458409910138773
chr7,60864912,active,0.3875,1.616,9.608509939430574
chr7,60868912,active,0.3925,1.612,9.567461433938137
chr7,60872912,active,0.3905,1.508,9.457198917418243
chr7,60876912,active,0.3865,1.592,9.547390806236471
chr7,60880912,active,0.388,1.576,9.566397157936457
chr7,60884912,active,0.3895,1.608,9.55975604224648
chr7,60888912,active,0.391,1.54,9.53191470159069
chr7,60892912,active,0.3885,1.552,9.529486674978802
chr7,60896912,active,0.387,1.54,9.545803966986075
chr7,60900912,active,0.392,1.552,9.54090583061286
chr7,60904912,active,0.389,1.548,9.510229759478374
chr7,60908912,active,0.3895,1.476,9.425429741404104
chr7,60912912,active,0.388,1.54,9.525160592382324
chr7,60916912,active,0.3885,1.564,9.555889601287001
chr7,60920912,active,0.3885,1.556,9.54087532774218
chr7,60924912,active,0.3875,1.568,9.545143559861618
chr7,60928912,active,0.3865,1.528,9.490818105969256
chr7,60932912,active,0.389,1.604,9.594790131779876
chr7,60936912,active,0.3895,1.576,9.559061186263518
chr7,60940912,active,0.3875,1.56,9.52381133625445
chr7,60944912,active,0.388,1.62,9.606128955356182
chr7,60948912,active,0.388,1.552,9.524817713439269
chr7,60952912,active,0.3885,1.584,9.577027484259398
chr7,60956912,active,0.3905,1.576,9.56032732368396
chr7,60960912,active,0.387,1.6,9.603716744411667
chr7,60964912,active,0.388,1.584,9.56148987346789
chr7,60968912,active,0.388,1.524,9.428938219127383
chr7,60972912,active,0.39,1.576,9.537352503133585
chr7,60976912,active,0.3905,1.528,9.514668142467855
chr7,60980912,active,0.392,1.52,9.501501707062877
chr7,60984912,active,0.3885,1.524,9.497556012511279
chr7,60988912,active,0.391,1.512,9.472208649448186
chr7,60992912,active,0.391,1.496,9.457412600176646
chr7,60996912,active,0.39,1.552,9.539851313300545
chr7,61000912,active,0.3865,1.604,9.570463174170959
chr7,61004912,active,0.3905,1.64,9.65871415317449
chr7,61008912,active,0.3895,1.588,9.574740554385778
chr7,61012912,active,0.3905,1.592,9.594563081344665
chr7,61016912,active,0.3855,1.648,9.639292997103905
chr7,61020912,active,0.391,1.644,9.628891508614199
chr7,61024912,active,0.3915,1.616,9.62584485190103
chr7,61028912,active,0.3915,1.62,9.61746320488478
chr7,61032912,active,0.3895,1.6,9.560605978954822
chr7,61036912,active,0.3885,1.58,9.567624965575972
chr7,61040912,active,0.389,1.544,9.53138054225601
chr7,61044912,active,0.3915,1.496,9.453596712403792
chr7,61048912,active,0.3895,1.556,9.522554651397062
chr7,61052912,active,0.387,1.54,9.53121034304614
chr7,61056912,active,0.3905,1.516,9.48642885904165
chr7,61060912,active,0.389,1.576,9.58436475965174
chr7,61064912,active,0.3885,1.624,9.663694029379462
chr7,61068912,active,0.3875,1.552,9.544820296635724
chr7,61072912,active,0.3915,1.612,9.61600792893695
chr7,61076912,active,0.3925,1.6,9.57784232990096
chr7,61080912,active,0.387,1.544,9.524501891783316
chr7,61084912,active,0.3855,1.5,9.471491052439292
chr7,61088912,active,0.392,1.556,9.484385100656922
chr7,61092912,active,0.3885,1.56,9.594531854474576
chr7,61096912,active,0.3905,1.544,9.58341313653339
chr7,61100912,active,0.3875,1.616,9.663206275171751
chr7,61104912,active,0.3895,1.572,9.61419340755704
chr7,61108912,active,0.3895,1.536,9.52346597678808
chr7,61112912,active,0.3875,1.572,9.56460751944667
chr7,61116912,active,0.385,1.496,9.463649798649543
chr7,61120912,active,0.3885,1.58,9.575972194607825
chr7,61124912,active,0.389,1.564,9.486207557059332
chr7,61128912,active,0.39,1.552,9.514142518975893
chr7,61132912,active,0.3865,1.552,9.536370606772895
chr7,61136912,active,0.3885,1.64,9.63756191999933
chr7,61140912,active,0.3895,1.572,9.565614254732226
chr7,61144912,active,0.388,1.552,9.535884618439868
chr7,61148912,active,0.3895,1.528,9.510096763243952
chr7,61152912,active,0.3885,1.524,9.521308516692706
chr7,61156912,active,0.3885,1.604,9.593070989420346
chr7,61160912,active,0.39,1.532,9.443721328686033
chr7,61164912,active,0.388,1.604,9.578773941692514
chr7,61168912,active,0.3925,1.58,9.545907425410087
chr7,61172912,active,0.389,1.528,9.514752694107116
chr7,61176912,active,0.391,1.564,9.522234948818728
chr7,61180912,active,0.388,1.552,9.535502442996993
chr7,61184912,active,0.3905,1.524,9.490282899043141
chr7,61188912,active,0.3855,1.66,9.644721733822795
chr7,61192912,active,0.39,1.54,9.537002217552052
chr7,61196912,active,0.3915,1.624,9.603351430569042
chr7,61200912,active,0.3915,1.616,9.62685723606535
chr7,61204912,active,0.3895,1.528,9.503459528476283
chr7,61208912,active,0.391,1.528,9.513714701394585
chr7,61212912,active,0.3905,1.576,9.584732875951095
chr7,61216912,active,0.3935,1.564,9.60188924235386
chr7,61220912,active,0.389,1.552,9.583848586746926
chr7,61224912,active,0.3875,1.56,9.590643011148291
chr7,61228912,active,0.3905,1.608,9.578499542593498
chr7,61232912,active,0.391,1.572,9.528317763749149
chr7,61236912,active,0.3875,1.6,9.598832361055608
chr7,61240912,active,0.387,1.556,9.51729720981934
chr7,61244912,active,0.3885,1.596,9.560187376193083
chr7,61248912,active,0.3905,1.556,9.548040713206387
chr7,61252912,active,0.385,1.664,9.653070734445567
chr7,61256912,active,0.3865,1.496,9.482064527536895
chr7,61260912,active,0.389,1.532,9.529218201986657
chr7,61264912,active,0.3905,1.572,9.56837593131918
chr7,61268912,active,0.389,1.54,9.527136580773988
chr7,61272912,active,0.386,1.568,9.59183934556378
chr7,61276912,active,0.39,1.56,9.547275638321159
chr7,61280912,active,0.386,1.572,9.53570000562026
chr7,61284912,active,0.3885,1.556,9.512927998140528
chr7,61288912,active,0.3885,1.612,9.621578106769498
chr7,61292912,active,0.388,1.568,9.548049780429094
chr7,61296912,active,0.388,1.536,9.482575076826645
chr7,61300912,active,0.389,1.536,9.512949739914847
chr7,61304912,active,0.3875,1.608,9.587550388704685
chr7,61308912,active,0.3905,1.668,9.641452905189787
chr7,61312912,active,0.389,1.62,9.609693876522616
chr7,61316912,active,0.3885,1.576,9.557753320159788
chr7,61320912,active,0.3875,1.516,9.479074367582843
chr7,61324912,active,0.392,1.512,9.481889367280333
chr7,61328912,active,0.392,1.564,9.588171528227521
chr7,61332912,active,0.388,1.548,9.524681932213792
chr7,61336912,active,0.386,1.612,9.601719320372089
chr7,61340912,active,0.391,1.576,9.57902973847453
chr7,61344912,active,0.3885,1.476,9.442395813575791
chr7,61348912,active,0.3905,1.564,9.527988252482901
chr7,61352912,active,0.391,1.552,9.581573917186287
chr7,61356912,active,0.391,1.46,9.432162382431708
chr7,61360912,active,0.3895,1.528,9.546959545153374
chr7,61364912,active,0.388,1.576,9.559742015635713
chr7,61368912,active,0.3895,1.584,9.558282163981577
chr7,61372912,active,0.3895,1.504,9.468306083978947
chr7,61376912,active,0.3865,1.596,9.587876019048561
chr7,61380912,active,0.3885,1.632,9.613041330688011
chr7,61384912,active,0.39,1.524,9.51125159786441
chr7,61388912,active,0.391,1.46,9.401621788055
chr7,61392912,active,0.3915,1.524,9.393237022364794
chr7,61396912,active,0.387,1.548,9.474359393631696
chr7,61400912,active,0.39,1.52,9.46064417583573
chr7,61404912,active,0.392,1.48,9.434052804125374
chr7,61408912,active,0.3915,1.52,9.407876594569435
chr7,61412912,active,0.39,1.452,9.436079328977932
chr7,61416912,active,0.3905,1.524,9.445904356364592
chr7,61420912,active,0.3915,1.52,9.403085201097053
chr7,61424912,active,0.3915,1.484,9.431743439352259
chr7,61428912,active,0.3895,1.488,9.472143746058835
chr7,61432912,active,0.391,1.456,9.417915163891077
chr7,61436912,active,0.3885,1.472,9.427455171983949
chr7,61440912,active,0.3935,1.484,9.45773861586077
chr7,61444912,active,0.3895,1.54,9.442451347673638
chr7,61448912,active,0.393,1.476,9.430871716587346
chr7,61452912,active,0.39,1.464,9.419097055798531
chr7,61456912,active,0.392,1.464,9.41759972923401
chr7,61460912,active,0.3925,1.448,9.403659893186356
chr7,61464912,active,0.3925,1.436,9.400537782930845
chr7,61468912,active,0.3905,1.496,9.454134704320962
chr7,61472912,active,0.3895,1.476,9.427316249642628
chr7,61476912,active,0.3925,1.476,9.425100584604067
chr7,61480912,active,0.393,1.46,9.416293602188498
chr7,61484912,active,0.391,1.472,9.427733839004294
chr7,61488912,active,0.3885,1.464,9.412275595210327
chr7,61492912,active,0.3905,1.488,9.430932177223232
chr7,61496912,active,0.392,1.46,9.416404856648615
chr7,61500912,active,0.389,1.484,9.437902399291664
chr7,61504912,active,0.3885,1.484,9.433065029680696
chr7,61508912,active,0.392,1.464,9.414374078023249
chr7,61512912,active,0.391,1.472,9.432147308229544
chr7,61516912,active,0.3915,1.504,9.481972953859412
chr7,61520912,active,0.388,1.452,9.411196164133823
chr7,61524912,active,0.3905,1.496,9.483535183813274
chr7,61528912,active,0.389,1.452,9.397039167211405
chr7,61532912,active,0.3915,1.468,9.438853021182533
chr7,61536912,active,0.39,1.468,9.429374003023863
chr7,61540912,active,0.3895,1.596,9.594635667364734
chr7,61544912,active,0.391,1.532,9.497464438833736
chr7,61548912,active,0.391,1.584,9.545114376517384
chr7,61552912,active,0.391,1.544,9.506800234197044
chr7,61556912,active,0.3925,1.452,9.41078628827708
chr7,61560912,active,0.3905,1.612,9.59014892065277
chr7,61564912,active,0.392,1.596,9.568539462957027
chr7,61568912,active,0.391,1.5,9.443385410032965
chr7,61572912,active,0.392,1.48,9.43410544148555
chr7,61576912,active,0.391,1.532,9.491890128008627
chr7,61580912,active,0.389,1.464,9.41689999307705
chr7,61584912,active,0.3905,1.512,9.45555274641914
chr7,61588912,active,0.394,1.46,9.440420518309367
chr7,61592912,active,0.3905,1.5,9.466796822669329
chr7,61596912,active,0.3885,1.476,9.412620213211511
chr7,61600912,active,0.391,1.532,9.45968619490621
chr7,61604912,active,0.392,1.512,9.47059902083203
chr7,61608912,active,0.39,1.552,9.520480390881776
chr7,61612912,active,0.39,1.452,9.412064360442507
chr7,61616912,active,0.3915,1.552,9.505421875597573
chr7,61620912,active,0.3925,1.468,9.416184828251653
chr7,61624912,active,0.3905,1.456,9.402737374515494
chr7,61628912,active,0.3865,1.46,9.387435607788369
chr7,61632912,active,0.391,1.456,9.425678179147353
chr7,61636912,active,0.3915,1.46,9.412055599346079
chr7,61640912,active,0.3895,1.472,9.420836620405872
chr7,61644912,active,0.39,1.448,9.410675420815824
chr7,61648912,active,0.3925,1.452,9.42991618198978
chr7,61652912,active,0.3895,1.452,9.3909132231987
chr7,61656912,active,0.392,1.488,9.440989400096202
chr7,61660912,active,0.3915,1.44,9.409177707252372
chr7,61664912,active,0.391,1.496,9.452543291022833
chr7,61668912,active,0.3885,1.468,9.41369049619274
chr7,61672912,active,0.3915,1.46,9.418974640591324
chr7,61676912,active,0.3885,1.48,9.41176535204691
chr7,61680912,active,0.3915,1.484,9.427838393359595
chr7,61684912,active,0.3925,1.476,9.439343180757197
chr7,61688912,active,0.393,1.448,9.399003607856953
chr7,61692912,active,0.3915,1.456,9.409120856026982
chr7,61696912,active,0.3935,1.476,9.43054007926406
chr7,61700912,active,0.392,1.472,9.41418527815498
chr7,61704912,active,0.3915,1.488,9.427846141055944
chr7,61708912,active,0.3925,1.468,9.401037138940687
chr7,61712912,active,0.393,1.46,9.413223769110617
chr7,61716912,active,0.391,1.492,9.452899811236295
chr7,61720912,active,0.3905,1.496,9.440957077294735
chr7,61724912,active,0.3935,1.524,9.47025470895712
chr7,61728912,active,0.3925,1.456,9.425534988884799
chr7,61732912,active,0.3915,1.48,9.434885149517884
chr7,61736912,active,0.3895,1.512,9.369370761676533
chr7,61740912,active,0.3915,1.452,9.400212894052089
chr7,61744912,active,0.3945,1.524,9.466500600923414
chr7,61748912,active,0.3895,1.544,9.479794749582679
chr7,61752912,active,0.3925,1.464,9.413187307600333
chr7,61756912,active,0.3915,1.5,9.464290557524068
chr7,61760912,active,0.3895,1.508,9.349565336638628
chr7,61764912,active,0.39,1.448,9.410223848808528
chr7,61768912,active,0.3915,1.528,9.469779656117364
chr7,61772912,active,0.39,1.5,9.46627847900208
chr7,61776912,active,0.3915,1.484,9.436839748942834
chr7,61780912,active,0.391,1.556,9.539919357805793
chr7,61784912,active,0.3915,1.492,9.443913562388133
chr7,61788912,active,0.3915,1.472,9.408815921524555
chr7,61792912,active,0.3915,1.492,9.465454540239842
chr7,61796912,active,0.3905,1.492,9.445314048102183
chr7,61800912,active,0.392,1.488,9.437559874814841
chr7,61804912,active,0.391,1.484,9.437630012844396
chr7,61808912,active,0.395,1.456,9.410923858559103
chr7,61812912,active,0.3915,1.48,9.438889788819129
chr7,61816912,active,0.392,1.48,9.424841952832509
chr7,61820912,active,0.3925,1.504,9.459553198671767
chr7,61824912,active,0.3935,1.46,9.419836088455417
chr7,61828912,active,0.3895,1.484,9.44456451529086
chr7,61832912,active,0.388,1.508,9.465606192847442
chr7,61836912,active,0.393,1.468,9.426208070560696
chr7,61840912,active,0.394,1.432,9.398242446427004
chr7,61844912,active,0.3905,1.444,9.4179236188611
chr7,61848912,active,0.392,1.468,9.41158255915814
chr7,61852912,active,0.391,1.516,9.4715503358481
chr7,61856912,active,0.3925,1.5,9.463871179105718
chr7,61860912,active,0.3885,1.46,9.420465299583784
chr7,61864912,active,0.3895,1.44,9.392899051152298
chr7,61868912,active,0.39,1.488,9.42331684332288
chr7,61872912,active,0.3925,1.524,9.491571858362132
chr7,61876912,active,0.389,1.432,9.386039694463388
chr7,61880912,active,0.387,1.52,9.482180275172094
chr7,61884912,active,0.3915,1.512,9.436694159029496
chr7,61888912,active,0.3925,1.464,9.407405594589825
chr7,61892912,active,0.39,1.476,9.413587342236438
chr7,61896912,active,0.388,1.456,9.39264181977988
chr7,61900912,active,0.3915,1.5,9.439781159833915
chr7,61904912,active,0.3895,1.516,9.472607283685205
chr7,61908912,active,0.389,1.52,9.477110972870069
chr7,61912912,active,0.3875,1.456,9.414786740529603
chr7,61916912,active,0.39,1.504,9.447563775000342
chr7,61920912,active,0.389,1.464,9.411419027520342
chr7,61924912,active,0.387,1.46,9.281495595011517
chr7,61928912,active,0.39,1.536,9.507765962822845
chr7,61932912,active,0.391,1.504,9.443498064892138
chr7,61936912,active,0.391,1.512,9.48876597256857
chr7,61940912,active,0.3905,1.5,9.458176933596695
chr7,61944912,active,0.386,1.528,9.396739062144393
chr7,61948912,active,0.391,1.512,9.369824071083324
chr7,61952912,active,0.392,1.508,9.491805270242994
chr7,61956912,active,0.392,1.556,9.545073369857716
chr7,61960912,active,0.39,1.512,9.4351026973915
chr7,61964912,active,0.392,1.492,9.478534941075253
chr7,61968912,active,0.3895,1.44,9.384403364684934
chr7,61972912,active,0.3935,1.52,9.475426552962736
chr7,61976912,active,0.3925,1.476,9.43869332212724
chr7,61980912,active,0.391,1.456,9.435297118898987
chr7,61984912,active,0.39,1.492,9.428216333413971
chr7,61988912,active,0.3895,1.544,9.387436265982181
chr7,61992912,active,0.388,1.464,9.273377816065619
chr7,61996912,active,0.39,1.504,9.325224318227582
chr7,62000912,active,0.3915,1.508,9.46028095717611
chr7,62004912,active,0.393,1.48,9.444776797650166
chr7,62008912,active,0.3925,1.46,9.427302881965769
chr7,62012912,active,0.3905,1.496,9.420450531507916
chr7,62016912,active,0.3905,1.484,9.440755955682514
chr7,62020912,active,0.3935,1.516,9.487332116461598
chr7,62024912,active,0.3905,1.512,9.458264980817972
chr7,62028912,active,0.394,1.516,9.499754918345555
chr7,62032912,active,0.393,1.488,9.464759023664376
chr7,62036912,active,0.392,1.54,9.497497863282844
chr7,62040912,active,0.392,1.496,9.438276092948024
chr7,62044912,active,0.394,1.492,9.452541503624849
chr7,62048912,active,0.3885,1.544,9.383045231656526
chr7,62052912,active,0.3925,1.548,9.50634830772353
chr7,62056912,active,0.3925,1.552,9.517057227046092
chr7,62060912,active,0.393,1.436,9.407230821332341
chr7,62064912,active,0.3905,1.464,9.420186326437165
chr7,62068912,active,0.3905,1.564,9.539582181374461
chr7,62072912,active,0.392,1.492,9.432885293294811
chr7,62076912,active,0.3935,1.52,9.506679864174336
chr7,62080912,active,0.3905,1.54,9.529557198348641
chr7,62084912,active,0.3895,1.532,9.481260597206946
chr7,62088912,active,0.3925,1.488,9.469443772396103
chr7,62092912,active,0.394,1.5,9.472820998976363
chr7,62096912,active,0.391,1.5,9.521346544087631
chr7,62100912,active,0.3905,1.524,9.504442811827648
chr7,62104912,active,0.3925,1.452,9.433608533466218
chr7,62108912,active,0.3925,1.46,9.435737884625393
chr7,62112912,active,0.3915,1.48,9.473274052255379
chr7,62116912,active,0.39,1.472,9.446513140269076
chr7,62120912,active,0.394,1.52,9.496789311973364
chr7,62124912,active,0.3895,1.524,9.384204141477305
chr7,62128912,active,0.3915,1.492,9.438373313422542
chr7,62132912,active,0.392,1.472,9.44178310958133
chr7,62136912,active,0.3915,1.488,9.449532402694622
chr7,62140912,active,0.3915,1.584,9.48689914917021
chr7,62144912,active,0.3925,1.528,9.49668789707522
chr7,62148912,active,0.3915,1.504,9.463531876617342
chr7,62152912,active,0.394,1.54,9.507965955970981
chr7,62156912,active,0.3915,1.508,9.474521153678596
chr7,62160912,active,0.3935,1.484,9.460809496530247
chr7,62164912,active,0.3915,1.516,9.48560522640573
chr7,62168912,active,0.3945,1.496,9.469140909894636
chr7,62172912,active,0.3905,1.504,9.469012847890315
chr7,62176912,active,0.3925,1.488,9.459950448316825
chr7,62180912,active,0.392,1.54,9.495624942258576
chr7,62184912,active,0.392,1.544,9.520724254577393
chr7,62188912,active,0.3915,1.576,9.533475498612752
chr7,62192912,active,0.389,1.48,9.42953122155588
chr7,62196912,active,0.3925,1.464,9.435603149332762
chr7,62200912,active,0.3935,1.508,9.454113623139175
chr7,62204912,active,0.391,1.5,9.461451994462854
chr7,62208912,active,0.391,1.512,9.457229065822691
chr7,62212912,active,0.393,1.496,9.442867806172224
chr7,62216912,active,0.395,1.48,9.450263721846595
chr7,62220912,active,0.3895,1.524,9.458887524374425
chr7,62224912,active,0.39,1.54,9.489226338205006
chr7,62228912,active,0.3915,1.508,9.473528803104484
chr7,62232912,active,0.392,1.512,9.463542763770883
chr7,62236912,active,0.3915,1.492,9.440409325029556
chr7,62240912,active,0.3915,1.504,9.465650700805446
chr7,62244912,active,0.3915,1.532,9.51090359041743
chr7,62248912,active,0.391,1.504,9.49160448728986
chr7,62252912,active,0.3895,1.496,9.485517533650569
chr7,62256912,active,0.3895,1.46,9.423522458110172
chr7,62260912,active,0.391,1.452,9.43411946237999
chr7,62264912,active,0.391,1.48,9.455659426831614
chr7,62268912,active,0.3925,1.484,9.489289196409791
chr7,62272912,active,0.3925,1.5,9.481397371967779
chr7,62276912,active,0.393,1.46,9.433181434168128
chr7,62280912,active,0.3925,1.516,9.475716026264003
chr7,62284912,active,0.392,1.496,9.462960595179823
chr7,62288912,active,0.3915,1.456,9.406167205923136
chr7,62292912,active,0.392,1.48,9.438706608931467
chr7,62296912,active,0.391,1.464,9.414992049190653
chr7,62300912,active,0.393,1.476,9.425406566698022
chr7,62304912,active,0.393,1.492,9.445718303978426
chr7,62308912,active,0.3945,1.552,9.435704685751512
chr7,62312912,active,0.3915,1.456,9.414610228213986
chr7,62316912,active,0.3905,1.484,9.420080339149964
chr7,62320912,active,0.393,1.476,9.443946191315906
chr7,62324912,active,0.3935,1.468,9.446917009146325
chr7,62328912,active,0.3915,1.464,9.45021075154363
chr7,62332912,active,0.3905,1.476,9.43602983844995
chr7,62336912,active,0.393,1.464,9.42566519846952
chr7,62340912,active,0.391,1.524,9.446333260843677
chr7,62344912,active,0.3915,1.468,9.434756034205824
chr7,62348912,active,0.39,1.46,9.428554251310345
chr7,62352912,active,0.3915,1.472,9.426814074450272
chr7,62356912,active,0.3915,1.488,9.441460652886091
chr7,62360912,active,0.3915,1.492,9.464989987554654
chr7,62364912,active,0.391,1.512,9.486161079174746
chr7,62368912,active,0.392,1.464,9.405518344886167
chr7,62372912,active,0.3915,1.496,9.447316384848579
chr7,62376912,active,0.3915,1.552,9.501178252774666
chr7,62380912,active,0.391,1.528,9.505622174872043
chr7,62384912,active,0.3915,1.5,9.370810584221092
chr7,62388912,active,0.3925,1.512,9.478698859712
chr7,62392912,active,0.3935,1.488,9.455951428996032
chr7,62396912,active,0.3905,1.54,9.462365123977552
chr7,62400912,active,0.3935,1.464,9.451373301327578
chr7,62404912,active,0.391,1.524,9.421161990564556
chr7,62408912,active,0.3935,1.476,9.418333800844204
chr7,62412912,active,0.392,1.476,9.439969219895676
chr7,62416912,active,0.393,1.52,9.42997981179381
chr7,62420912,active,0.3925,1.476,9.443906862283319
chr7,62424912,active,0.3915,1.444,9.379498254613308
chr7,62428912,active,0.393,1.484,9.438787682454347
chr7,62432912,active,0.395,1.456,9.430374454101806
chr7,62436912,active,0.391,1.444,9.393066769838903
chr7,62440912,active,0.391,1.448,9.409563715277736
chr7,62444912,active,0.393,1.452,9.411366057217316
chr7,62448912,active,0.394,1.484,9.462758121508408
chr7,62452912,active,0.3905,1.448,9.39342367539269
chr7,62456912,active,0.3895,1.484,9.441004780424741
chr7,62460912,active,0.3925,1.488,9.452441184657978
chr7,62464912,active,0.394,1.484,9.466638558204458
chr7,62468912,active,0.3885,1.456,9.444309764441678
chr7,62472912,active,0.389,1.46,9.426884245012596
chr7,62476912,active,0.3915,1.544,9.499585765068554
chr7,62480912,active,0.3895,1.48,9.42873076362609
chr7,62484912,active,0.3895,1.532,9.493882704406966
chr7,62488912,active,0.39,1.488,9.481892895395207
chr7,62492912,active,0.3905,1.48,9.467668851560575
chr7,62496912,active,0.391,1.524,9.407919026468912
chr7,62500912,active,0.393,1.444,9.420453060371155
chr7,62504912,active,0.391,1.468,9.467804988910869
chr7,62508912,active,0.391,1.504,9.482185540686446
chr7,62512912,active,0.3905,1.508,9.388791690834791
chr7,62516912,active,0.394,1.464,9.442284946114572
chr7,62520912,active,0.3935,1.452,9.436143540900659
chr7,62524912,active,0.394,1.496,9.466151795873545
chr7,62528912,active,0.391,1.472,9.446443968958388
chr7,62532912,active,0.3945,1.536,9.455536387622226
chr7,62536912,active,0.392,1.492,9.449084664928547
chr7,62540912,active,0.3945,1.464,9.44733355257514
chr7,62544912,active,0.3915,1.472,9.438399193905692
chr7,62548912,active,0.391,1.456,9.429256822456852
chr7,62552912,active,0.393,1.488,9.447621673817155
chr7,62556912,active,0.3935,1.472,9.457516800065834
chr7,62560912,active,0.392,1.484,9.462524064842091
chr7,62564912,active,0.39,1.48,9.441737499975705
chr7,62568912,active,0.394,1.528,9.461905189305366
chr7,62572912,active,0.393,1.488,9.449978435594025
chr7,62576912,active,0.3925,1.572,9.486507174073072
chr7,62580912,active,0.3905,1.492,9.448284206998721
chr7,62584912,active,0.392,1.48,9.45701187241526
chr7,62588912,active,0.392,1.476,9.427765421999206
chr7,62592912,active,0.3905,1.5,9.465793891068094
chr7,62596912,active,0.3905,1.44,9.41841944841481
chr7,62600912,active,0.393,1.524,9.452999987163624
chr7,62604912,active,0.392,1.476,9.435241009138773
chr7,62608912,active,0.3915,1.46,9.452103621227828
chr7,62612912,active,0.389,1.472,9.449333102671831
chr7,62616912,active,0.392,1.48,9.456284772844796
chr7,62620912,active,0.392,1.46,9.442853779561469
chr7,62624912,active,0.393,1.472,9.452281872601676
chr7,62628912,active,0.39,1.496,9.468258380848882
chr7,62632912,active,0.392,1.5,9.467801847794961
chr7,62636912,active,0.3905,1.484,9.439021432994366
chr7,62640912,active,0.3895,1.484,9.434444819130238
chr7,62644912,active,0.3885,1.46,9.41951781880884
chr7,62648912,active,0.3925,1.496,9.48490827523979
chr7,62652912,active,0.3915,1.476,9.428099152846922
chr7,62656912,active,0.391,1.512,9.46662910398283
chr7,62660912,active,0.391,1.444,9.431471439903934
chr7,62664912,active,0.3915,1.436,9.424165004382719
chr7,62668912,active,0.3905,1.496,9.465206102496568
chr7,62672912,active,0.393,1.516,9.472699598827875
chr7,62676912,active,0.392,1.472,9.443954597946071
chr7,62680912,active,0.3935,1.5,9.502323906766943
chr7,62684912,active,0.392,1.464,9.44649872665933
chr7,62688912,active,0.394,1.5,9.454176787470326
chr7,62692912,active,0.392,1.496,9.46231104267621
chr7,62696912,active,0.395,1.508,9.489930261410723
chr7,62700912,active,0.3905,1.504,9.451421391456519
chr7,62704912,active,0.389,1.532,9.475853983545047
chr7,62708912,active,0.3875,1.508,9.450732542453016
chr7,62712912,active,0.3885,1.492,9.45105677073915
chr7,62716912,active,0.392,1.496,9.473487380547558
chr7,62720912,active,0.391,1.456,9.428430403171332
chr7,62724912,active,0.393,1.456,9.440365808948311
chr7,62728912,active,0.3895,1.448,9.419607298961994
chr7,62732912,active,0.391,1.46,9.456468258858923
chr7,62736912,active,0.391,1.464,9.422217072529785
chr7,62740912,active,0.393,1.496,9.458692411400294
chr7,62744912,active,0.3915,1.452,9.419408657873038
chr7,62748912,active,0.392,1.476,9.44613446040822
chr7,62752912,active,0.391,1.472,9.42497456206798
chr7,62756912,active,0.389,1.46,9.421602275010942
chr7,62760912,active,0.3915,1.452,9.408187450202602
chr7,62764912,active,0.394,1.444,9.407245895534553
chr7,62768912,active,0.389,1.472,9.42924767436153
chr7,62772912,active,0.391,1.484,9.426577216985844
chr7,62776912,active,0.392,1.492,9.437983037475835
chr7,62780912,active,0.3925,1.48,9.45671215508729
chr7,62784912,active,0.3895,1.46,9.411747797321391
chr7,62788912,active,0.39,1.444,9.398643915653553
chr7,62792912,active,0.3925,1.46,9.401700026588397
chr7,62796912,active,0.394,1.452,9.416334637746434
chr7,62800912,active,0.39,1.472,9.422758897029427
chr7,62804912,active,0.388,1.464,9.419182348902952
chr7,62808912,active,0.394,1.484,9.432841777213524
chr7,62812912,active,0.3945,1.472,9.448788137056313
chr7,62816912,active,0.39,1.456,9.411461850476337
chr7,62820912,active,0.3905,1.456,9.403625170734232
chr7,62824912,active,0.3915,1.496,9.471289963359819
chr7,62828912,active,0.3915,1.484,9.434085433053188
chr7,62832912,active,0.3925,1.448,9.38659171464989
chr7,62836912,active,0.39,1.456,9.417813057526237
chr7,62840912,active,0.3925,1.484,9.451568801300594
chr7,62844912,active,0.3905,1.476,9.437573548617996
chr7,62848912,active,0.3915,1.468,9.436025345274818
chr7,62852912,active,0.39,1.452,9.422912234639064
chr7,62856912,active,0.392,1.48,9.444659567084674
chr7,62860912,active,0.3895,1.44,9.395162113194585
chr7,62864912,active,0.3925,1.528,9.487020514387115
chr7,62868912,active,0.3905,1.488,9.455801184162473
chr7,62872912,active,0.389,1.448,9.416349405822356
chr7,62876912,active,0.3905,1.504,9.44146483993484
chr7,62880912,active,0.392,1.456,9.411826116727424
chr7,62884912,active,0.392,1.46,9.445230544054416
chr7,62888912,active,0.3925,1.48,9.453576371028522
chr7,62892912,active,0.392,1.48,9.439036152730377
chr7,62896912,active,0.3915,1.452,9.401275076529368
chr7,62900912,active,0.39,1.46,9.412620213211548
chr7,62904912,active,0.394,1.452,9.411778332724841
chr7,62908912,active,0.3905,1.472,9.448988130204457
chr7,62912912,active,0.393,1.468,9.449239789936222
chr7,62916912,active,0.394,1.46,9.436003877094207
chr7,62920912,active,0.3935,1.448,9.424688534350322
chr7,62924912,active,0.389,1.468,9.426099602750204
chr7,62928912,active,0.3925,1.472,9.447416365156203
chr7,62932912,active,0.3935,1.468,9.447727661104341
chr7,62936912,active,0.3935,1.456,9.418803008449604
chr7,62940912,active,0.389,1.456,9.434029982226846
chr7,62944912,active,0.389,1.436,9.418764066415973
chr7,62948912,active,0.391,1.464,9.437337011428363
chr7,62952912,active,0.391,1.5,9.49391778132531
chr7,62956912,active,0.389,1.44,9.434024716712598
chr7,62960912,active,0.3895,1.5,9.45542267384491
chr7,62964912,active,0.391,1.552,9.542936607579618
chr7,62968912,active,0.3915,1.472,9.441004780424791
chr7,62972912,active,0.389,1.48,9.45064449523177
chr7,62976912,active,0.3905,1.46,9.455890664315621
chr7,62980912,active,0.392,1.492,9.465196648274878
chr7,62984912,active,0.3925,1.452,9.43621127927951
chr7,62988912,active,0.393,1.472,9.460775820010946
chr7,62992912,active,0.391,1.444,9.428473532253614
chr7,62996912,active,0.3925,1.448,9.44297519551708
chr7,63000912,active,0.391,1.452,9.42068006246645
chr7,63004912,active,0.3925,1.488,9.484114567413181
chr7,63008912,active,0.3905,1.536,9.50386731080869
chr7,63012912,active,0.392,1.452,9.440994939204122
chr7,63016912,active,0.3925,1.468,9.442452664801161
chr7,63020912,active,0.393,1.488,9.447378856054446
chr7,63024912,active,0.3895,1.504,9.45560959764453
chr7,63028912,active,0.391,1.492,9.4709632062105
chr7,63032912,active,0.392,1.52,9.497388648290912
chr7,63036912,active,0.393,1.504,9.466874015269914
chr7,63040912,active,0.391,1.508,9.497201281354453
chr7,63044912,active,0.3935,1.436,9.39246914004668
chr7,63048912,active,0.3915,1.472,9.43660076542115
chr7,63052912,active,0.3925,1.484,9.416335379211556
chr7,63056912,active,0.3905,1.52,9.488152914107946
chr7,63060912,active,0.392,1.444,9.405368841517724
chr7,63064912,active,0.3905,1.504,9.457566323126635
chr7,63068912,active,0.3915,1.472,9.422761377552792
chr7,63072912,active,0.3915,1.48,9.443201537019931
chr7,63076912,active,0.3925,1.444,9.400562005228378
chr7,63080912,active,0.3915,1.468,9.424658740412081
chr7,63084912,active,0.388,1.476,9.417206666637652
chr7,63088912,active,0.3925,1.468,9.423881844187257
chr7,63092912,active,0.3935,1.468,9.426779384530905
chr7,63096912,active,0.389,1.448,9.42161878214501
chr7,63100912,active,0.3885,1.44,9.400932939051495
chr7,63104912,active,0.391,1.452,9.406359838373962
chr7,63108912,active,0.392,1.468,9.433015150072052
chr7,63112912,active,0.3885,1.46,9.392307428339688
chr7,63116912,active,0.39,1.468,9.44077389740703
chr7,63120912,active,0.391,1.44,9.409859195558504
chr7,63124912,active,0.39,1.448,9.390799875214164
chr7,63128912,active,0.392,1.46,9.426088055004147
chr7,63132912,active,0.3885,1.444,9.391095661621224
chr7,63136912,active,0.392,1.468,9.440025023529538
chr7,63140912,active,0.391,1.476,9.442463197488385
chr7,63144912,active,0.392,1.472,9.437937121743778
chr7,63148912,active,0.39,1.484,9.446875973588343
chr7,63152912,active,0.391,1.52,9.490908970714406
chr7,63156912,active,0.393,1.46,9.436852038154058
chr7,63160912,active,0.3935,1.488,9.448216468619872
chr7,63164912,active,0.3915,1.436,9.383986821256112
chr7,63168912,active,0.3935,1.448,9.412974944368367
chr7,63172912,active,0.389,1.508,9.4583905680152
chr7,63176912,active,0.391,1.444,9.391737161960902
chr7,63180912,active,0.3925,1.456,9.422118798747471
chr7,63184912,active,0.3935,1.444,9.416419543851879
chr7,63188912,active,0.39,1.444,9.399844359879596
chr7,63192912,active,0.3925,1.46,9.4441963681173
chr7,63196912,active,0.3915,1.484,9.451301424239816
chr7,63200912,active,0.3935,1.448,9.440095242431797
chr7,63204912,active,0.3885,1.56,9.505321153824752
chr7,63208912,active,0.3885,1.508,9.437079812588685
chr7,63212912,active,0.392,1.52,9.483605015716483
chr7,63216912,active,0.393,1.424,9.400799942817153
chr7,63220912,active,0.39,1.452,9.422606252545188
chr7,63224912,active,0.3905,1.472,9.454037478130164
chr7,63228912,active,0.392,1.536,9.517975171669317
chr7,63232912,active,0.391,1.496,9.45020303803869
chr7,63236912,active,0.392,1.508,9.49159329401004
chr7,63240912,active,0.3885,1.488,9.465600517152128
chr7,63244912,active,0.3905,1.484,9.429534748012022
chr7,63248912,active,0.3895,1.492,9.438173271934525
chr7,63252912,active,0.3925,1.48,9.482539661249147
chr7,63256912,active,0.391,1.48,9.487246436358163
chr7,63260912,active,0.393,1.448,9.442116147303778
chr7,63264912,active,0.39,1.464,9.421388559719897
chr7,63268912,active,0.3935,1.512,9.519176051234243
chr7,63272912,active,0.392,1.496,9.471661203309326
chr7,63276912,active,0.3915,1.508,9.51576617420279
chr7,63280912,active,0.3885,1.512,9.450017377627624
chr7,63284912,active,0.3915,1.512,9.467972047004823
chr7,63288912,active,0.391,1.508,9.472067246583554
chr7,63292912,active,0.39,1.52,9.482962436911164
chr7,63296912,active,0.3915,1.516,9.486520771378178
chr7,63300912,active,0.3915,1.512,9.459195599992626
chr7,63304912,active,0.3905,1.504,9.48086612849528
chr7,63308912,active,0.3935,1.484,9.44129882777371
chr7,63312912,active,0.389,1.472,9.432404152603027
chr7,63316912,active,0.392,1.528,9.474345028361835
chr7,63320912,active,0.3925,1.492,9.469991551477808
chr7,63324912,active,0.392,1.52,9.498447689652371
chr7,63328912,active,0.3925,1.536,9.438449072774295
chr7,63332912,active,0.389,1.52,9.484817165799292
chr7,63336912,active,0.3885,1.456,9.41418775867822
chr7,63340912,active,0.3935,1.464,9.443391384479702
chr7,63344912,active,0.392,1.452,9.400287606129389
chr7,63348912,active,0.3875,1.488,9.448133349912439
chr7,63352912,active,0.39,1.496,9.464179335596674
chr7,63356912,active,0.39,1.5,9.46393861135828
chr7,63360912,active,0.389,1.48,9.45149370388306
chr7,63364912,active,0.3925,1.484,9.457013334245323
chr7,63368912,active,0.388,1.48,9.436629561766459
chr7,63372912,active,0.3895,1.484,9.456509681415815
chr7,63376912,active,0.3895,1.48,9.444584856666001
chr7,63380912,active,0.391,1.468,9.423245659360393
chr7,63384912,active,0.391,1.42,9.382238189425998
chr7,63388912,active,0.393,1.448,9.39859229740982
chr7,63392912,active,0.3905,1.476,9.468368942183789
chr7,63396912,active,0.391,1.46,9.424332064135374
chr7,63400912,active,0.39,1.48,9.420300722013131
chr7,63404912,active,0.3895,1.428,9.39431356513578
chr7,63408912,active,0.3895,1.44,9.389571986702034
chr7,63412912,active,0.392,1.432,9.375281993545185
chr7,63416912,active,0.3895,1.492,9.44873547287962
chr7,63420912,active,0.3925,1.552,9.511244237167025
chr7,63424912,active,0.391,1.52,9.496319717368895
chr7,63428912,active,0.3915,1.484,9.428168630283869
chr7,63432912,active,0.394,1.452,9.422319533360781
chr7,63436912,active,0.393,1.484,9.468983691362702
chr7,63440912,active,0.3905,1.484,9.448528070694364
chr7,63444912,active,0.391,1.464,9.43162656491157
chr7,63448912,active,0.3915,1.48,9.447280969271118
chr7,63452912,active,0.3915,1.456,9.434032768876541
chr7,63456912,active,0.389,1.436,9.417677274642179
chr7,63460912,active,0.3875,1.428,9.388475742365086
chr7,63464912,active,0.3925,1.46,9.465514226454697
chr7,63468912,active,0.392,1.516,9.509898154687763
chr7,63472912,active,0.3885,1.432,9.384690438335404
chr7,63476912,active,0.3885,1.52,9.47871288632272
chr7,63480912,active,0.3915,1.448,9.400480238580156
chr7,63484912,active,0.391,1.436,9.407019586564497
chr7,63488912,active,0.389,1.436,9.389720138011214
chr7,63492912,active,0.3885,1.432,9.403570413033197
chr7,63496912,active,0.391,1.452,9.395690570017441
chr7,63500912,active,0.3915,1.46,9.419792959373058
chr7,63504912,active,0.3905,1.436,9.390971507355864
chr7,63508912,active,0.3905,1.424,9.394298490933558
chr7,63512912,active,0.39,1.48,9.4324101595825
chr7,63516912,active,0.389,1.468,9.411501840101412
chr7,63520912,active,0.392,1.428,9.385966029977602
chr7,63524912,active,0.39,1.48,9.411224960479045
chr7,63528912,active,0.3905,1.476,9.410253610214044
chr7,63532912,active,0.3915,1.472,9.418519461255219
chr7,63536912,active,0.3905,1.444,9.400745185116046
chr7,63540912,active,0.3885,1.488,9.414231274759546
chr7,63544912,active,0.388,1.6,9.571911406980325
chr7,63548912,active,0.386,1.628,9.608540480550225
chr7,63552912,active,0.389,1.588,9.522900992649284
chr7,63556912,active,0.3865,1.628,9.591859265008521
chr7,63560912,active,0.389,1.66,9.643794881424974
chr7,63564912,active,0.3815,1.692,9.703218108396616
chr7,63568912,active,0.3865,1.62,9.624242202699453
chr7,63572912,active,0.3845,1.7,9.725726953103855
chr7,63576912,active,0.387,1.624,9.624701902027084
chr7,63580912,active,0.383,1.608,9.591444416672646
chr7,63584912,active,0.386,1.628,9.593664726540618
chr7,63588912,active,0.3895,1.64,9.610255720464025
chr7,63592912,active,0.3895,1.656,9.65334271445224
chr7,63596912,active,0.382,1.624,9.620026284348052
chr7,63600912,active,0.3835,1.632,9.645157168229249
chr7,63604912,active,0.387,1.552,9.491221641163598
chr7,63608912,active,0.384,1.668,9.609317305253152
chr7,63612912,active,0.388,1.676,9.661294421464673
chr7,63616912,active,0.383,1.74,9.757115794706198
chr7,63620912,active,0.3825,1.668,9.665277684890372
chr7,63624912,active,0.389,1.604,9.585664879717745
chr7,63628912,active,0.39,1.552,9.518359777636942
chr7,63632912,active,0.3875,1.684,9.696789394927684
chr7,63636912,active,0.3865,1.576,9.506413854239675
chr7,63640912,active,0.3825,1.652,9.646595555760275
chr7,63644912,active,0.383,1.62,9.620906415401766
chr7,63648912,active,0.386,1.652,9.634631080044462
chr7,63652912,active,0.3865,1.608,9.588764506733922
chr7,63656912,active,0.3825,1.656,9.714035801655973
chr7,63660912,active,0.3855,1.668,9.67836266548973
chr7,63664912,active,0.386,1.64,9.64711738929335
chr7,63668912,active,0.3835,1.6,9.553137808227333
chr7,63672912,active,0.3875,1.64,9.629773683193736
chr7,63676912,active,0.387,1.552,9.447012027667256
chr7,63680912,active,0.3835,1.72,9.72116993135182
chr7,63684912,active,0.3875,1.596,9.570183137625607
chr7,63688912,active,0.388,1.584,9.499120029123045
chr7,63692912,active,0.389,1.572,9.50823827661267
chr7,63696912,active,0.383,1.644,9.623084821750096
chr7,63700912,active,0.3815,1.616,9.560255012599026
chr7,63704912,active,0.3855,1.772,9.856772561666975
chr7,63708912,active,0.3825,1.788,9.889935996878243
chr7,63712912,active,0.372,1.968,10.190669692868857
chr10,39633793,active,0.3755,1.944,10.10433398955087
chr10,39637793,active,0.379,1.94,10.210012887634198
chr10,39641793,active,0.378,1.852,10.085537210798641
chr10,39645793,active,0.375,1.892,10.040734683861496
chr10,39649793,active,0.3785,1.756,9.835793008224991
chr10,39653793,active,0.3775,1.84,10.008801922153348
chr10,39657793,active,0.3835,1.876,10.05370454488536
chr10,39661793,active,0.378,1.836,9.995292634621778
chr10,39665793,active,0.377,1.856,10.01420603376858
chr10,39669793,active,0.3825,1.892,10.047632560970602
chr10,39673793,active,0.3795,1.848,9.980171648131783
chr10,39677793,active,0.3785,1.804,9.920840803450057
chr10,39681793,active,0.3795,1.844,9.958876350271884
chr10,39685793,active,0.3795,1.828,9.930646804011687
chr10,39689793,active,0.3765,1.82,9.95921703163599
chr10,39693793,active,0.3785,1.836,9.94476943294819
chr10,39697793,active,0.3775,1.68,9.720625680384902
chr10,39701793,active,0.3775,1.86,9.969957865237639
chr10,39705793,active,0.379,1.808,9.910662130007026
chr10,39709793,active,0.3745,1.716,9.773138991024666
chr10,39713793,active,0.378,1.808,9.924044624639075
chr10,39717793,active,0.382,1.84,9.999704418844994
chr10,39721793,active,0.38,1.836,9.926848825430522
chr10,39725793,active,0.3825,1.76,9.798983610857098
chr10,39729793,active,0.3795,1.808,10.009138056286249
chr10,39733793,active,0.373,1.808,9.85667291264352
chr10,39737793,active,0.3775,1.848,10.041670148595712
chr10,39741793,active,0.3745,1.684,9.661733099382916
chr10,39745793,active,0.381,1.788,9.898808129037134
chr10,39749793,active,0.3825,1.836,10.015199894512625
chr10,39753793,active,0.378,1.776,9.859611434489032
chr10,39757793,active,0.381,1.812,9.9646703024951
chr10,39761793,active,0.375,1.62,9.540072034822806
chr10,39765793,active,0.3815,1.756,9.78015969757966
chr10,39769793,active,0.379,1.788,9.889466020568058
chr10,39773793,active,0.383,1.676,9.691271792284118
chr10,39777793,active,0.381,1.66,9.664089152227353
chr10,39781793,active,0.3815,1.636,9.599898342842572
chr10,39785793,active,0.382,1.688,9.720564909988152
chr10,39789793,active,0.3815,1.592,9.55843511385212
chr10,39793793,active,0.3825,1.624,9.600395650033454
chr10,39797793,active,0.3835,1.636,9.619292441626156
chr10,39801793,active,0.3845,1.608,9.55931989661473
chr10,39805793,active,0.3845,1.552,9.480116922593565
chr10,39809793,active,0.3835,1.62,9.580607523593255
chr10,39813793,active,0.3785,1.828,9.946715636752327
chr10,39817793,active,0.3745,1.812,9.95475414912078
chr10,39821793,active,0.382,1.804,9.871255198284032
chr10,39825793,active,0.3805,1.64,9.640608915371583
chr10,39829793,active,0.3845,1.576,9.531634301228374
chr10,39833793,active,0.381,1.736,9.803778264071532
chr10,39837793,active,0.383,1.724,9.778503375175935
chr10,39841793,active,0.3805,1.752,9.841844983707384
chr10,39845793,active,0.385,1.644,9.637827918184373
chr10,39849793,active,0.3845,1.6,9.607985669656447
chr10,39853793,active,0.383,1.712,9.808222490213556
chr10,39857793,active,0.3835,1.756,9.865763113051022
chr10,39861793,active,0.382,1.748,9.829453431875415
chr10,39865793,active,0.382,1.616,9.583555498001894
chr10,39869793,active,0.382,1.592,9.597529020659715
chr10,39873793,active,0.384,1.572,9.56239744923077
chr10,39877793,active,0.3845,1.556,9.578580312071868
chr10,39881793,active,0.3825,1.744,9.818850749828577
chr10,39885793,active,0.381,1.772,9.835901782161848
chr10,39889793,active,0.38,1.724,9.802483378645661
chr10,39893793,active,0.385,1.732,9.835068329405528
chr10,39897793,active,0.381,1.736,9.79321348821624
chr10,39901793,active,0.385,1.588,9.598821502800373
chr10,39905793,active,0.3845,1.74,9.835170435770276
chr10,39909793,active,0.382,1.504,9.499549990967328
chr10,39913793,active,0.3815,1.736,9.811528217777353
chr10,39917793,active,0.381,1.736,9.804124538176541
chr10,39921793,active,0.3835,1.648,9.671409930576509
chr10,39925793,active,0.383,1.724,9.806497747315024
chr10,39929793,active,0.3825,1.756,9.8423351412003
chr10,39933793,active,0.383,1.6,9.62741529421142
chr10,39937793,active,0.385,1.736,9.823161065097496
chr10,39941793,active,0.3815,1.724,9.800956431316347
chr10,39945793,active,0.386,1.528,9.532283815483051
chr10,39949793,active,0.3855,1.5,9.530497786403766
chr10,39953793,active,0.3835,1.672,9.722701675900772
chr10,39957793,active,0.3825,1.712,9.788615500558322
chr10,39961793,active,0.3865,1.512,9.518106428845588
chr10,39965793,active,0.3815,1.708,9.750541643397135
chr10,39969793,active,0.3825,1.596,9.605818817193526
chr10,39973793,active,0.3815,1.732,9.808909632691597
chr10,39977793,active,0.3835,1.656,9.695630900898236
chr10,39981793,active,0.383,1.728,9.818791412363623
chr10,39985793,active,0.38,1.732,9.806587593366888
chr10,39989793,active,0.384,1.576,9.614990371986568
chr10,39993793,active,0.383,1.74,9.81284024732471
chr10,39997793,active,0.3845,1.632,9.674485495487511
chr10,40001793,active,0.3855,1.732,9.80564327314936
chr10,40005793,active,0.381,1.732,9.80906089258396
chr10,40009793,active,0.38,1.728,9.793996402853058
chr10,40013793,active,0.382,1.708,9.800685304627414
chr10,40017793,active,0.3825,1.72,9.791807088250893
chr10,40021793,active,0.3845,1.724,9.797046283636421
chr10,40025793,active,0.382,1.744,9.826917677259567
chr10,40029793,active,0.3815,1.728,9.813675433422935
chr10,40033793,active,0.379,1.74,9.808919191391
chr10,40037793,active,0.3815,1.68,9.740348333172479
chr10,40041793,active,0.3825,1.544,9.549795737462153
chr10,40045793,active,0.3815,1.744,9.825453534079053
chr10,40049793,active,0.3825,1.736,9.824463609972131
chr10,40053793,active,0.384,1.74,9.799182662550036
chr10,40057793,active,0.3835,1.748,9.807875799788173
chr10,40061793,active,0.3815,1.748,9.827816769154166
chr10,40065793,active,0.3785,1.732,9.798606724110545
chr10,40069793,active,0.3825,1.732,9.810549541006434
chr10,40073793,active,0.384,1.712,9.780845866069809
chr10,40077793,active,0.3835,1.76,9.816821018794629
chr10,40081793,active,0.3855,1.516,9.506617768957996
chr10,40085793,active,0.3825,1.74,9.822065231364611
chr10,40089793,active,0.383,1.74,9.823046969931566
chr10,40093793,active,0.3835,1.736,9.80783016908234
chr10,40097793,active,0.384,1.748,9.830550611951262
chr10,40101793,active,0.385,1.712,9.745780410997215
chr10,40105793,active,0.3835,1.752,9.835101761652583
chr10,40109793,active,0.385,1.68,9.70348662609416
chr10,40113793,active,0.384,1.488,9.480280094789038
chr10,40117793,active,0.3825,1.74,9.809003299893428
chr10,40121793,active,0.382,1.748,9.83389354820682
chr10,40125793,active,0.385,1.676,9.678958982211796
chr10,40129793,active,0.3845,1.716,9.788550514214615
chr10,40133793,active,0.385,1.74,9.796434958517715
chr10,40137793,active,0.383,1.712,9.792771045285786
chr10,40141793,active,0.382,1.728,9.809363379095847
chr10,40145793,active,0.3855,1.668,9.705824648543487
chr10,40149793,active,0.384,1.74,9.817745711862466
chr10,40153793,active,0.3835,1.74,9.801460715840186
chr10,40157793,active,0.3865,1.712,9.755394825040995
chr10,40161793,active,0.381,1.7,9.749065626902556
chr10,40165793,active,0.3815,1.736,9.799390043635098
chr10,40169793,active,0.383,1.552,9.463452220219152
chr10,40173793,active,0.3835,1.724,9.801479289258964
chr10,40177793,active,0.3835,1.712,9.77247322442217
chr10,40181793,active,0.3825,1.728,9.783603355608093
chr10,40185793,active,0.3845,1.628,9.606393901892131
chr10,40189793,active,0.3825,1.756,9.827276932042466
chr10,40193793,active,0.3825,1.472,9.470678274424133
chr10,40197793,active,0.382,1.576,9.584438087137057
chr10,40201793,active,0.381,1.756,9.836567782027144
chr10,40205793,active,0.383,1.684,9.728401379649458
chr10,40209793,active,0.384,1.752,9.839837962719344
chr10,40213793,active,0.3845,1.768,9.855324018779816
chr10,40217793,active,0.3805,1.76,9.843161560485873
chr10,40221793,active,0.3825,1.752,9.853844601407006
chr10,40225793,active,0.3805,1.748,9.822442672567332
chr10,40229793,active,0.3825,1.74,9.846646829628725
chr10,40233793,active,0.38,1.728,9.811079786885932
chr10,40237793,active,0.381,1.756,9.858035095393136
chr10,40241793,active,0.38,1.724,9.804717206922119
chr10,40245793,active,0.383,1.548,9.530701195814101
chr10,40249793,active,0.3805,1.776,9.851914445792998
chr10,40253793,active,0.3835,1.612,9.64684833502858
chr10,40257793,active,0.383,1.732,9.829153265694394
chr10,40261793,active,0.3815,1.728,9.830914857102114
chr10,40265793,active,0.3825,1.568,9.595972135540043
chr10,40269793,active,0.3825,1.712,9.770725395911343
chr10,40273793,active,0.3815,1.664,9.660618198672847
chr10,40277793,active,0.3845,1.652,9.681861069786653
chr10,40281793,active,0.385,1.532,9.552092364171017
chr10,40285793,active,0.38,1.72,9.791719618667784
chr10,40289793,active,0.3815,1.592,9.604576595944328
chr10,40293793,active,0.3835,1.728,9.824708215132896
chr10,40297793,active,0.3845,1.736,9.841428002857983
chr10,40301793,active,0.3865,1.74,9.80133237660777
chr10,40305793,active,0.3845,1.736,9.816823909921997
chr10,40309793,active,0.3825,1.72,9.818212444660888
chr10,40313793,active,0.38,1.628,9.594735363988011
chr10,40317793,active,0.383,1.536,9.529545619728498
chr10,40321793,active,0.381,1.716,9.796984420942858
chr10,40325793,active,0.382,1.756,9.847267004514402
chr10,40329793,active,0.385,1.732,9.816589194321747
chr10,40333793,active,0.3845,1.74,9.829571902647555
chr10,40337793,active,0.3825,1.728,9.797745195373924
chr10,40341793,active,0.384,1.748,9.86613214762355
chr10,40345793,active,0.383,1.636,9.706398216230479
chr10,40349793,active,0.3815,1.724,9.808975327967676
chr10,40353793,active,0.3865,1.616,9.617663248031407
chr10,40357793,active,0.38,1.728,9.794333224818102
chr10,40361793,active,0.384,1.728,9.819812669476978
chr10,40365793,active,0.382,1.676,9.689381463212568
chr10,40369793,active,0.382,1.724,9.816220935295647
chr10,40373793,active,0.3825,1.692,9.750322439419705
chr10,40377793,active,0.381,1.752,9.861677754692902
chr10,40381793,active,0.382,1.748,9.832040639249458
chr10,40385793,active,0.382,1.744,9.824282683801195
chr10,40389793,active,0.3835,1.76,9.881035586239909
chr10,40393793,active,0.38,1.724,9.803682083813586
chr10,40397793,active,0.384,1.572,9.583221085778426
chr10,40401793,active,0.38,1.688,9.738793319530508
chr10,40405793,active,0.381,1.732,9.818226057033076
chr10,40409793,active,0.385,1.76,9.812501000974173
chr10,40413793,active,0.384,1.724,9.796785413955163
chr10,40417793,active,0.3815,1.732,9.793543654041796
chr10,40421793,active,0.3835,1.632,9.660415498194958
chr10,40425793,active,0.3825,1.728,9.811258973998699
chr10,40429793,active,0.381,1.728,9.810836837828969
chr10,40433793,active,0.3825,1.732,9.787818813356967
chr10,40437793,active,0.382,1.728,9.811453749972348
chr10,40441793,active,0.3865,1.54,9.548117873274172
chr10,40445793,active,0.385,1.716,9.767906868099022
chr10,40449793,active,0.384,1.728,9.801655801574622
chr10,40453793,active,0.3855,1.744,9.824767159882645
chr10,40457793,active,0.3815,1.708,9.772719568641133
chr10,40461793,active,0.3825,1.728,9.80309035080694
chr10,40465793,active,0.3855,1.752,9.84956820527094
chr10,40469793,active,0.3845,1.728,9.803835115296891
chr10,40473793,active,0.3835,1.728,9.809200845051006
chr10,40477793,active,0.3815,1.696,9.781281974794153
chr10,40481793,active,0.381,1.728,9.776767369557527
chr10,40485793,active,0.382,1.744,9.85017295148824
chr10,40489793,active,0.384,1.516,9.507884239321223
chr10,40493793,active,0.3825,1.6,9.613036369641396
chr10,40497793,active,0.3835,1.504,9.523522491012955
chr10,40501793,active,0.3825,1.704,9.763110531964264
chr10,40505793,active,0.3805,1.72,9.7804184354875
chr10,40509793,active,0.384,1.728,9.832149047287613
chr10,40513793,active,0.381,1.512,9.542457914878401
chr10,40517793,active,0.383,1.716,9.769819225840706
chr10,40521793,active,0.3845,1.7,9.757154787161415
chr10,40525793,active,0.3845,1.724,9.799808347222337
chr10,40529793,active,0.3855,1.72,9.78382464167736
chr10,40533793,active,0.383,1.7,9.780450709949127
chr10,40537793,active,0.384,1.516,9.534066621025337
chr10,40541793,active,0.383,1.584,9.588475742365082
chr10,40545793,active,0.383,1.728,9.793722054175573
chr10,40549793,active,0.382,1.736,9.811020842136262
chr10,40553793,active,0.3835,1.7,9.728732928302149
chr10,40557793,active,0.3825,1.704,9.748897598455201
chr10,40561793,active,0.3845,1.52,9.5228964518745
chr10,40565793,active,0.3845,1.52,9.53286670443895
chr10,40569793,active,0.381,1.7,9.743914238417625
chr10,40573793,active,0.381,1.776,9.888962888113474
chr10,40577793,active,0.3835,1.632,9.628007546636603
chr10,40581793,active,0.384,1.736,9.8230280363303
chr10,40585793,active,0.385,1.752,9.81728570849028
chr10,40589793,active,0.382,1.52,9.526973049136142
chr10,40593793,active,0.3815,1.776,9.859317000141111
chr10,40597793,active,0.3825,1.78,9.879717585880373
chr10,40601793,active,0.385,1.74,9.841913657825149
chr10,40605793,active,0.3835,1.708,9.753429829939178
chr10,40609793,active,0.383,1.692,9.69867209782326
chr10,40613793,active,0.3815,1.724,9.803227185340164
chr10,40617793,active,0.3865,1.56,9.565787208058989
chr10,40621793,active,0.381,1.732,9.834574550752565
chr10,40625793,active,0.383,1.576,9.606035367474213
chr10,40629793,active,0.38,1.472,9.460197147002
chr10,40633793,active,0.3845,1.732,9.797887777124203
chr10,40637793,active,0.383,1.728,9.775559870760425
chr10,40641793,active,0.3815,1.748,9.825971629416467
chr10,40645793,active,0.382,1.532,9.521960904185885
chr10,40649793,active,0.3835,1.504,9.47805423572224
chr10,40653793,active,0.385,1.532,9.552239693142521
chr10,40657793,active,0.382,1.496,9.490217801380075
chr10,40661793,active,0.381,1.608,9.627218779179609
chr10,40665793,active,0.3865,1.56,9.581185234363872
chr10,40669793,active,0.3875,1.684,9.73635838107443
chr10,40673793,active,0.385,1.772,9.840238773435086
chr10,40677793,active,0.382,1.752,9.842435121507991
chr10,40681793,active,0.383,1.752,9.862775738088004
chr10,40685793,active,0.3825,1.688,9.696663066265272
chr10,40689793,active,0.385,1.756,9.853897459857368
chr10,40693793,active,0.3825,1.724,9.79499996614865
chr10,40697793,active,0.383,1.6,9.630913909930815
chr10,40701793,active,0.384,1.756,9.859103671848914
chr10,40705793,active,0.384,1.776,9.897938940851713
chr10,40709793,active,0.3795,1.444,9.32825058646554
chr10,40713793,active,0.3835,1.78,9.873553452731676
chr10,40717793,active,0.38,1.764,9.888122085669249
chr10,40721793,active,0.3835,1.792,9.989262478151886
chr10,40725793,active,0.3815,1.588,9.583181145411608
chr10,40729793,active,0.381,1.792,9.938190483996435
chr10,40733793,active,0.3865,1.808,9.959781323567952
chr10,40737793,active,0.382,1.608,9.677459529590157
chr10,40741793,active,0.3815,1.72,9.804447819291282
chr10,40745793,active,0.3805,1.756,9.807522071940628
chr10,40749793,active,0.386,1.78,9.893938765827254
chr10,40753793,active,0.383,1.732,9.805143535856825
chr10,40757793,active,0.383,1.768,9.877063936048838
chr10,40761793,active,0.379,1.792,9.903697063258894
chr10,40765793,active,0.381,1.764,9.88219405916911
chr10,40769793,active,0.382,1.872,10.01609228630238
chr10,40773793,active,0.3805,1.812,9.944158107829484
chr10,40777793,active,0.3825,1.776,9.894053575641788
chr10,40781793,active,0.3825,1.772,9.837386211002816
chr10,40785793,active,0.3805,1.728,9.81528125669624
chr10,40789793,active,0.3795,1.74,9.86493881982255
chr10,40793793,active,0.3795,1.764,9.805919488544674
chr10,40797793,active,0.381,1.788,9.877072729677984
chr10,40801793,active,0.384,1.772,9.846725904014114
chr10,40805793,active,0.384,1.592,9.56261771586678
chr10,40809793,active,0.3805,1.628,9.642643996955941
chr10,40813793,active,0.3795,1.7,9.737798794559458
chr10,40817793,active,0.383,1.772,9.890104680202027
chr10,40821793,active,0.3815,1.74,9.833382230212274
chr10,40825793,active,0.3845,1.784,9.876295475352471
chr10,40829793,active,0.384,1.816,9.963404573596927
chr10,40833793,active,0.3765,1.752,9.786503260987896
chr10,40837793,active,0.3805,1.712,9.764279758671053
chr10,40841793,active,0.378,1.784,9.848761439951547
chr10,40845793,active,0.3785,1.824,9.929256208281245
chr10,40849793,active,0.3815,1.6,9.602787864295147
chr10,40853793,active,0.387,1.696,9.721998090228816
chr10,40857793,active,0.3835,1.772,9.886390671987348
chr10,40861793,active,0.379,1.784,9.855388866031321
chr10,40865793,active,0.3795,1.784,9.889383651123751
chr10,40869793,active,0.3805,1.708,9.789282879299346
chr10,40873793,active,0.3855,1.78,9.88461282749174
chr10,40877793,active,0.383,1.8,9.928566201492355
chr10,40881793,active,0.3805,1.736,9.799789994893773
chr10,40885793,active,0.3845,1.736,9.808497651877945
chr10,40889793,active,0.3815,1.772,9.865406837109719
chr10,40893793,active,0.378,1.748,9.83942390553015
chr10,40897793,active,0.3765,1.804,9.96691583662826
chr10,40901793,active,0.383,1.752,9.88878347895416
chr10,40905793,active,0.3825,1.752,9.775947378864904
chr10,40909793,active,0.384,1.752,9.874264309304966
chr10,40913793,active,0.3835,1.76,9.831940664658003
chr10,40917793,active,0.377,1.808,9.885944921609228
chr10,40921793,active,0.3785,1.736,9.799109352530506
chr10,40925793,active,0.385,1.736,9.832483138317768
chr10,40929793,active,0.3775,1.78,9.86810747542265
chr10,40933793,active,0.3795,1.816,9.947619901856136
chr10,40937793,active,0.3825,1.672,9.69474833931964
chr10,40941793,active,0.383,1.772,9.855042514688211
chr10,40945793,active,0.381,1.764,9.835985967902332
chr10,40949793,active,0.38,1.704,9.78680764103418
chr10,40953793,active,0.381,1.628,9.67908554339689
chr10,40957793,active,0.382,1.472,9.370764042828123
chr10,40961793,active,0.385,1.78,9.901144250687322
chr10,40965793,active,0.384,1.628,9.65430107874629
chr10,40969793,active,0.3835,1.772,9.856924419980771
chr10,40973793,active,0.3795,1.768,9.8210390132047
chr10,40977793,active,0.3795,1.732,9.817153808187175
chr10,40981793,active,0.3805,1.584,9.551802946267541
chr10,40985793,active,0.381,1.82,9.990939982157391
chr10,40989793,active,0.3815,1.74,9.78538445617347
chr10,40993793,active,0.3845,1.736,9.8207390511814
chr10,40997793,active,0.387,1.584,9.576785986941681
chr10,41001793,active,0.3845,1.596,9.571235987084695
chr10,41005793,active,0.3825,1.748,9.849028617022354
chr10,41009793,active,0.383,1.772,9.916592545148378
chr10,41013793,active,0.382,1.78,9.922932564634738
chr10,41017793,active,0.3805,1.776,9.922750486394616
chr10,41021793,active,0.3815,1.716,9.718538433475494
chr10,41025793,active,0.3835,1.736,9.824289938362222
chr10,41029793,active,0.38,1.772,9.890001555143861
chr10,41033793,active,0.381,1.724,9.821342329852321
chr10,41037793,active,0.378,1.756,9.904927405477851
chr10,41041793,active,0.3825,1.68,9.689200182575474
chr10,41045793,active,0.385,1.784,9.83559061750788
chr10,41049793,active,0.3825,1.56,9.571302928600618
chr10,41053793,active,0.3815,1.496,9.504705632306566
chr10,41057793,active,0.38,1.596,9.617009121480084
chr10,41061793,active,0.381,1.764,9.850645548539411
chr10,41065793,active,0.383,1.784,9.855254928341704
chr10,41069793,active,0.378,1.82,9.963855428873828
chr10,41073793,active,0.382,1.808,9.895802839166203
chr10,41077793,active,0.3805,1.796,9.932201451754912
chr10,41081793,active,0.3755,1.844,9.981655389140624
chr10,41085793,active,0.3835,1.74,9.764205373820365
chr10,41089793,active,0.3755,1.824,10.008106405577818
chr10,41093793,active,0.3815,1.636,9.650295319908428
chr10,41097793,active,0.3815,1.768,9.815004037991638
chr10,41101793,active,0.382,1.844,9.967673776069779
chr10,41105793,active,0.3835,1.74,9.787014534277075
chr10,41109793,active,0.3835,1.752,9.815981657080238
chr10,41113793,active,0.38,1.684,9.717395838067773
chr10,41117793,active,0.3825,1.744,9.888929455866469
chr10,41121793,active,0.3805,1.756,9.83056604633597
chr10,41125793,active,0.3825,1.584,9.579350600496955
chr10,41129793,active,0.38,1.792,9.924569387548486
chr10,41133793,active,0.384,1.592,9.619140217413664
chr10,41137793,active,0.3865,1.528,9.526567747327064
chr10,41141793,active,0.382,1.744,9.826493036961434
chr10,41145793,active,0.384,1.78,9.850940233298894
chr10,41149793,active,0.381,1.776,9.899624098589786
chr10,41153793,active,0.3835,1.76,9.866604639071545
chr10,41157793,active,0.384,1.636,9.632419419530413
chr10,41161793,active,0.3835,1.704,9.67198930242694
chr10,41165793,active,0.381,1.732,9.837250329357298
chr10,41169793,active,0.3765,1.784,9.878161719453896
chr10,41173793,active,0.3835,1.76,9.846409639221346
chr10,41177793,active,0.3825,1.752,9.809145084040724
chr10,41181793,active,0.38,1.776,9.87808971107199
chr10,41185793,active,0.3815,1.616,9.611114136983128
chr10,41189793,active,0.3815,1.768,9.865504535335598
chr10,41193793,active,0.3815,1.788,9.86666661880075
chr10,41197793,active,0.3795,1.82,9.946932591920808
chr10,41201793,active,0.3845,1.532,9.547229092976691
chr10,41205793,active,0.3825,1.48,9.47263585322398
chr10,41209793,active,0.381,1.76,9.822925226749362
chr10,41213793,active,0.381,1.756,9.788279625764643
chr10,41217793,active,0.3805,1.752,9.855590392531338
chr10,41221793,active,0.381,1.772,9.840304391473131
chr10,41225793,active,0.38,1.804,9.895840042141653
chr10,41229793,active,0.381,1.648,9.658180074712483
chr10,41233793,active,0.382,1.82,9.940878496097604
chr10,41237793,active,0.3835,1.544,9.583375983979565
chr10,41241793,active,0.3835,1.568,9.593239145527471
chr10,41245793,active,0.3825,1.76,9.867156853531807
chr10,41249793,active,0.3825,1.756,9.81866662848567
chr10,41253793,active,0.38,1.764,9.866061961254081
chr10,41257793,active,0.383,1.78,9.888677518906617
chr10,41261793,active,0.381,1.66,9.691174963183217
chr10,41265793,active,0.3815,1.78,9.84663985801205
chr10,41269793,active,0.376,1.808,9.968895351476087
chr10,41273793,active,0.3775,1.78,9.90438780579673
chr10,41277793,active,0.3775,1.78,9.850198525845029
chr10,41281793,active,0.3775,1.772,9.904176848256983
chr10,41285793,active,0.3805,1.772,9.876204527653046
chr10,41289793,active,0.3795,1.756,9.840712920986961
chr10,41293793,active,0.379,1.828,9.990270787119982
chr10,41297793,active,0.375,1.76,9.898030901528166
chr10,41301793,active,0.383,1.744,9.866315714510229
chr10,41305793,active,0.387,1.684,9.726763255098103
chr10,41309793,active,0.381,1.78,9.903303168978226
chr10,41313793,active,0.381,1.728,9.746837674311429
chr10,41317793,active,0.38,1.768,9.840406164472018
chr10,41321793,active,0.382,1.78,9.879323531407229
chr10,41325793,active,0.3795,1.792,9.884109257616606
chr10,41329793,active,0.3775,1.82,9.918912818598407
chr10,41333793,active,0.3815,1.78,9.874077308267248
chr10,41337793,active,0.3815,1.772,9.839512798694306
chr10,41341793,active,0.379,1.836,9.931243719155294
chr10,41345793,active,0.3775,1.804,9.87324876292455
chr10,41349793,active,0.3815,1.648,9.659829110022445
chr10,41353793,active,0.374,1.836,9.994908442892708
chr10,41357793,active,0.38,1.776,9.877309261574478
chr10,41361793,active,0.379,1.776,9.854250257682292
chr10,41365793,active,0.384,1.732,9.800361359285656
chr10,41369793,active,0.383,1.632,9.679517630981227
chr10,41373793,active,0.378,1.76,9.831507269719808
chr10,41377793,active,0.3815,1.752,9.845608239836404
chr10,41381793,active,0.384,1.748,9.830240748934965
chr10,41385793,active,0.3865,1.584,9.553244157355627
chr10,41389793,active,0.3775,1.848,10.039337305071829
chr10,41393793,active,0.3805,1.876,10.06192326877606
chr10,41397793,active,0.374,1.832,9.955507541331215
chr10,41401793,active,0.38,1.76,9.836219414397764
chr10,41405793,active,0.3775,1.752,9.78967338413434
chr10,41409793,active,0.383,1.776,9.876229470315543
chr10,41413793,active,0.38,1.832,9.910531587479428
chr10,41417793,active,0.3795,1.82,9.924461528250337
chr10,41421793,active,0.3775,1.864,9.923008786881935
chr10,41425793,active,0.3815,1.72,9.771449581172389
chr10,41429793,active,0.3695,1.732,9.831050405381735
chr10,41433793,active,0.3765,1.856,9.953781309786205
chr10,41437793,active,0.376,1.88,10.01146571195697
chr10,41441793,active,0.3755,1.856,9.999933208338392
chr10,41445793,active,0.3785,1.82,9.953181592185887
chr10,41449793,active,0.3775,1.788,9.872299906908392
chr10,41453793,active,0.3745,1.856,9.982790929977353
chr10,41457793,active,0.3755,1.768,9.896625508823565
chr10,41461793,active,0.374,1.844,9.965459158622782
chr10,41465793,active,0.3815,1.748,9.798489189077314
chr10,41469793,active,0.3745,1.852,9.971267464683287
chr10,41473793,active,0.377,1.836,9.971421216531425
chr10,41477793,active,0.3745,1.86,9.994290804668132
chr10,41481793,active,0.373,1.696,9.781519165201496
chr10,41485793,active,0.3775,1.884,10.03364400309961
chr10,41489793,active,0.375,1.836,9.946101161167032
chr10,41493793,active,0.376,1.852,9.962241886802513
chr10,41497793,active,0.377,1.888,10.063925659578548
chr10,41501793,active,0.383,1.744,9.81460191025429
chr10,41505793,active,0.3795,1.784,9.85557725737727
chr10,41509793,active,0.3815,1.78,9.870483176516979
chr10,41513793,active,0.3795,1.844,9.937970455599391
chr10,41517793,active,0.381,1.744,9.870744317710033
chr10,41521793,active,0.3785,1.876,10.023776931731073
chr10,41525793,active,0.3765,1.84,10.005385404366391
chr10,41529793,active,0.38,1.848,9.969159578070254
chr10,41533793,active,0.3745,1.876,10.052610311118427
chr10,41537793,active,0.3825,1.66,9.677322352023287
chr10,41541793,active,0.3785,1.644,9.685362862789129
chr10,41545793,active,0.375,1.832,9.929655778257265
chr10,41549793,active,0.38,1.744,9.827415919449281
chr10,41553793,active,0.3805,1.776,9.90761513463475
chr10,41557793,active,0.3785,1.76,9.855466750098548
chr10,41561793,active,0.3765,1.784,9.873877997235018
chr10,41565793,active,0.378,1.812,9.924445069456116
chr10,41569793,active,0.379,1.872,10.016603831103406
chr10,41573793,active,0.378,1.824,9.96181600100463
chr10,41577793,active,0.377,1.848,9.980801192203021
chr10,41581793,active,0.3795,1.804,9.90596971081707
chr10,41585793,active,0.378,1.848,9.961598292938492
chr10,41589793,active,0.379,1.796,9.923218592352454
chr10,41593793,active,0.3785,1.764,9.853651475820932
chr10,41597793,active,0.379,1.792,9.905053069913214
chr10,41601793,active,0.377,1.816,9.925323411453135
chr10,41605793,active,0.378,1.808,9.939508490072201
chr10,41609793,active,0.3805,1.824,9.972701432642841
chr10,41613793,active,0.378,1.828,9.947200606392183
chr10,41617793,active,0.375,1.84,10.00838609337316
chr10,41621793,active,0.3785,1.78,9.872258844533906
chr10,41625793,active,0.377,1.804,9.89708024710456
chr10,41629793,active,0.379,1.84,9.960891689219471
chr10,41633793,active,0.3775,1.924,10.188488418998288
chr10,41637793,active,0.3805,1.652,9.702101977570814
chr10,41641793,active,0.381,1.908,10.02124685852678
chr10,41645793,active,0.3845,1.656,9.71608549144075
chr10,41649793,active,0.3795,1.784,9.904783599328008
chr10,41653793,active,0.377,1.632,9.672166878141262
chr10,41657793,active,0.371,1.876,10.064813117138167
chr10,41661793,active,0.376,1.932,10.206363366488626
chr10,41665793,inactive,0.378,1.92,10.157346362246772
chr10,41669793,inactive,0.376,1.924,10.178861682787371
chr10,41673793,inactive,0.38,1.932,10.18964007954698
chr10,41677793,inactive,0.3755,1.924,10.146524366451604
chr10,41681793,inactive,0.3775,1.944,10.195842605989343
chr10,41685793,inactive,0.3775,1.908,10.14017812253
chr10,41689793,inactive,0.3785,1.92,10.156145093601214
chr10,41693793,inactive,0.3775,1.916,10.142905076664885
chr10,41697793,inactive,0.3775,1.936,10.13604881067011
chr10,41701793,inactive,0.376,1.916,10.14779712310423
chr10,41705793,inactive,0.379,1.92,10.145743639726039
chr10,41709793,inactive,0.379,1.964,10.171351018729485
chr10,41713793,inactive,0.3795,1.912,10.092501175899145
chr10,41717793,inactive,0.3795,1.864,10.109795744278285
chr10,41721793,inactive,0.3785,1.896,10.064872758647686
chr10,41725793,inactive,0.379,1.928,10.16842120392427
chr10,41729793,inactive,0.3795,1.928,10.15882861460913
chr10,41733793,inactive,0.3815,1.94,10.154200112648015
chr10,41737793,inactive,0.3805,1.932,10.124997721336959
chr10,41741793,inactive,0.3795,1.884,10.122483823982463
chr10,41745793,inactive,0.3805,1.932,10.177570662476853
chr10,41749793,inactive,0.3795,1.896,10.086180810378968
chr10,41753793,inactive,0.377,1.896,10.130345336193054
chr10,41757793,inactive,0.381,1.972,10.231995018211292
chr10,41761793,inactive,0.377,1.912,10.13404306295472
chr10,41765793,inactive,0.3775,1.816,10.035020239276518
chr10,41769793,inactive,0.378,1.96,10.247238196736626
chr10,41773793,inactive,0.3785,1.924,10.15463404489365
chr10,41777793,inactive,0.379,1.964,10.29751816640888
chr10,41781793,inactive,0.382,1.928,10.162593559374695
chr10,41785793,inactive,0.3835,1.968,10.249849626408219
chr10,41789793,inactive,0.381,1.86,10.038011833820972
chr10,41793793,inactive,0.3885,1.976,10.147941360958317
chr10,41797793,inactive,0.381,1.996,10.233982939689271
chr10,41801793,inactive,0.3895,1.956,10.11691191072625
chr10,41805793,inactive,0.3835,1.992,10.274136241584406
chr10,41809793,inactive,0.384,1.996,10.255384995199755
chr10,41813793,inactive,0.3795,1.972,10.17223638276475
chr10,41817793,inactive,0.3825,1.92,10.099001835895946
chr10,41821793,inactive,0.3815,1.948,10.196171325368766
chr10,41825793,inactive,0.38,1.94,10.194434322157328
chr10,41829793,inactive,0.3795,1.88,10.03553470202139
chr10,41833793,inactive,0.3825,1.916,10.123138576511824
chr10,41837793,inactive,0.3785,1.896,10.068785791738774
chr10,41841793,inactive,0.382,1.932,10.158701216831878
chr10,41845793,inactive,0.3825,1.928,10.123970954437036
chr10,41849793,inactive,0.3785,1.944,10.205029539029178
chr10,41853793,inactive,0.3805,1.92,10.101053985103741
chr10,41857793,inactive,0.3785,1.932,10.176336460858852
chr10,41861793,inactive,0.3815,1.848,10.026001328967824
chr10,41865793,inactive,0.3805,1.924,10.001287753162591
chr10,41869793,inactive,0.3815,1.956,10.155059432373173
chr10,41873793,inactive,0.3815,1.876,10.064015139731696
chr10,41877793,inactive,0.381,1.936,10.143694210020593
chr10,41881793,inactive,0.379,1.94,10.2053976378628
chr10,41885793,inactive,0.3745,1.68,9.675028272451764
chr10,41889793,inactive,0.3805,1.88,10.088985282682321
chr10,41893793,inactive,0.3815,1.876,10.048328077546138
chr10,41897793,inactive,0.383,1.932,10.204944251641015
chr10,41901793,inactive,0.385,1.888,10.11318349253648
chr10,41905793,inactive,0.379,1.916,10.147816416887967
chr10,41909793,inactive,0.381,1.884,10.107931233518752
chr10,41913793,inactive,0.382,1.884,10.083508974127575
chr10,41917793,inactive,0.378,1.964,10.20617561255323
chr10,41921793,inactive,0.3815,1.804,9.883437957622371
chr11,51023358,inactive,0.409,2.108,10.575112116268587
chr11,51027358,inactive,0.4075,2.084,10.442884636898182
chr11,51031358,inactive,0.41,2.056,10.36910619352866
chr11,51035358,active,0.3955,2.028,10.405570285063215
chr11,51039358,active,0.394,1.952,10.180437003190043
chr11,51043358,active,0.397,1.948,10.222397970335576
chr11,51047358,active,0.3935,1.968,10.252131787960362
chr11,51051358,active,0.3945,1.988,10.25932619294177
chr11,51055358,active,0.393,1.972,10.192243185542727
chr11,51059358,active,0.399,1.948,10.135421115427846
chr11,51063358,active,0.397,1.744,9.740534109070706
chr11,51067358,active,0.4,1.748,9.72095087747601
chr11,51071358,active,0.402,1.744,9.719639378779778
chr11,51075358,active,0.4,1.724,9.727513948906392
chr11,51079358,active,0.399,1.712,9.71659037283753
chr11,51083358,active,0.402,1.788,9.806493947265363
chr11,51087358,active,0.403,1.768,9.738914608359735
chr11,51091358,active,0.398,1.712,9.695098482707776
chr11,51095358,active,0.4065,1.652,9.590500527952656
chr11,51099358,active,0.4035,1.7,9.669009745556775
chr11,51103358,active,0.4,1.732,9.720128866329434
chr11,51107358,active,0.4025,1.672,9.632292691696524
chr11,51111358,active,0.402,1.716,9.693526557467106
chr11,51115358,active,0.397,1.708,9.657520231928311
chr11,51119358,active,0.3995,1.732,9.702313005892378
chr11,51123358,active,0.4,1.732,9.657638702700442
chr11,51127358,active,0.4005,1.744,9.75232251560759
chr11,51131358,active,0.3955,1.752,9.71144074055953
chr11,51135358,active,0.399,1.768,9.71988819780577
chr11,51139358,active,0.3995,1.74,9.670361786252577
chr11,51143358,active,0.3985,1.708,9.701100546048668
chr11,51147358,active,0.399,1.78,9.778343901378689
chr11,51151358,active,0.403,1.748,9.73346556279835
chr11,51155358,active,0.4015,1.776,9.729989049035682
chr11,51159358,active,0.3975,1.76,9.760467879057188
chr11,51163358,active,0.4045,1.748,9.734630785297652
chr11,51167358,active,0.4025,1.8,9.837342095760054
chr11,51171358,active,0.4005,1.768,9.798728721872122
chr11,51175358,active,0.399,1.708,9.674887351713043
chr11,51179358,active,0.3965,1.812,9.848180727474418
chr11,51183358,active,0.399,1.784,9.802936082751641
chr11,51187358,active,0.4055,1.7,9.67735262163116
chr11,51191358,active,0.4025,1.692,9.672189676857847
chr11,51195358,active,0.4005,1.744,9.747323244775767
chr11,51199358,active,0.4095,1.792,9.849136121854407
chr11,51203358,active,0.402,1.736,9.722100777866318
chr11,51207358,active,0.4,1.728,9.697836678462327
chr11,51211358,active,0.403,1.8,9.768551873371605
chr11,51215358,active,0.4045,1.688,9.623380356197195
chr11,51219358,active,0.402,1.7,9.63866972560086
chr11,51223358,active,0.401,1.728,9.700735204966438
chr11,51227358,active,0.404,1.716,9.669814528671195
chr11,51231358,active,0.4035,1.704,9.661865380968749
chr11,51235358,active,0.4,1.74,9.761709689702347
chr11,51239358,active,0.4005,1.76,9.717159206284446
chr11,51243358,active,0.402,1.688,9.605776113359216
chr11,51247358,active,0.3965,1.744,9.7207122195224
chr11,51251358,active,0.397,1.808,9.822284711021757
chr11,51255358,active,0.4015,1.764,9.788469057860533
chr11,51259358,active,0.3995,1.812,9.808067939213863
chr11,51263358,active,0.397,1.816,9.785484295840513
chr11,51267358,active,0.4025,1.816,9.81002260006983
chr11,51271358,active,0.3985,1.756,9.751169531364717
chr11,51275358,active,0.402,1.72,9.706078162820532
chr11,51279358,active,0.3975,1.764,9.79645849298323
chr11,51283358,active,0.4,1.816,9.815464463400517
chr11,51287358,active,0.405,1.732,9.721659291775042
chr11,51291358,active,0.402,1.696,9.59032495137589
chr11,51295358,active,0.4035,1.78,9.752865248606566
chr11,51299358,active,0.4025,1.764,9.753253716055019
chr11,51303358,active,0.398,1.772,9.758587907096475
chr11,51307358,active,0.3965,1.784,9.76861942319298
chr11,51311358,active,0.402,1.696,9.631636997712018
chr11,51315358,active,0.3975,1.72,9.69119583428411
chr11,51319358,active,0.396,1.728,9.722228208176336
chr11,51323358,active,0.401,1.816,9.843923956939525
chr11,51327358,active,0.4005,1.836,9.910413775218094
chr11,51331358,active,0.4,1.68,9.664403312063333
chr11,51335358,active,0.4,1.752,9.785504741693446
chr11,51339358,active,0.4035,1.8,9.896079911513795
chr11,51343358,active,0.3985,1.724,9.72908102441976
chr11,51347358,active,0.395,1.708,9.69269602837093
chr11,51351358,active,0.4015,1.736,9.71657317829443
chr11,51355358,active,0.403,1.72,9.652622315519924
chr11,51359358,active,0.403,1.704,9.698580479440517
chr11,51363358,active,0.4025,1.76,9.80771767233388
chr11,51367358,active,0.404,1.756,9.786696696334936
chr11,51371358,active,0.402,1.784,9.777582435904081
chr11,51375358,active,0.3985,1.768,9.75710061490094
chr11,51379358,active,0.4065,1.772,9.774713337439474
chr11,51383358,active,0.402,1.728,9.628937826945466
chr11,51387358,active,0.401,1.752,9.758604880549345
chr11,51391358,active,0.4025,1.816,9.869312686421663
chr11,51395358,active,0.4055,1.736,9.698199184555007
chr11,51399358,active,0.3985,1.792,9.817593316241313
chr11,51403358,active,0.4005,1.752,9.783043154049388
chr11,51407358,active,0.402,1.72,9.749712165527047
chr11,51411358,active,0.399,1.72,9.693864198135433
chr11,51415358,active,0.3975,1.744,9.766478658789184
chr11,51419358,active,0.4045,1.752,9.756148138464795
chr11,51423358,active,0.405,1.724,9.696721943660924
chr11,51427358,active,0.4005,1.812,9.835934881042968
chr11,51431358,active,0.4015,1.78,9.797601974664548
chr11,51435358,active,0.402,1.792,9.799439179273921
chr11,51439358,active,0.3995,1.728,9.706804929448108
chr11,51443358,active,0.3995,1.74,9.734663574417914
chr11,51447358,active,0.4035,1.8,9.840731798450411
chr11,51451358,active,0.404,1.792,9.78097076543497
chr11,51455358,active,0.399,1.676,9.62170075866731
chr11,51459358,active,0.4005,1.736,9.766030588080168
chr11,51463358,active,0.4005,1.74,9.744424602784497
chr11,51467358,active,0.3975,1.708,9.662541775385524
chr11,51471358,active,0.3975,1.716,9.69901777276682
chr11,51475358,active,0.4015,1.764,9.75444440159171
chr11,51479358,active,0.401,1.744,9.743375042884319
chr11,51483358,active,0.4005,1.74,9.705551992670388
chr11,51487358,active,0.4,1.724,9.7133285987755
chr11,51491358,active,0.399,1.756,9.77932360255913
chr11,51495358,active,0.3985,1.736,9.741610976669543
chr11,51499358,active,0.4005,1.768,9.756599714106596
chr11,51503358,active,0.404,1.784,9.816839790654969
chr11,51507358,active,0.401,1.736,9.707845972947233
chr11,51511358,active,0.395,1.78,9.79410204096724
chr11,51515358,active,0.402,1.764,9.788271573600724
chr11,51519358,active,0.4,1.784,9.764301527261887
chr11,51523358,active,0.3975,1.76,9.740015653550852
chr11,51527358,active,0.402,1.676,9.615692653732395
chr11,51531358,active,0.402,1.744,9.677113249028858
chr11,51535358,active,0.3985,1.788,9.750014619506162
chr11,51539358,active,0.3995,1.708,9.655294289907205
chr11,51543358,active,0.4015,1.732,9.714161962861196
chr11,51547358,active,0.404,1.66,9.57836254236791
chr11,51551358,active,0.4015,1.664,9.603488468836959
chr11,51555358,active,0.404,1.644,9.549801955441097
chr11,51559358,active,0.4045,1.632,9.530204092781027
chr11,51563358,active,0.4005,1.692,9.67469395461517
chr11,51567358,active,0.402,1.756,9.763587458367851
chr11,51571358,active,0.4025,1.704,9.627664106781095
chr11,51575358,active,0.402,1.7,9.613425920848655
chr11,51579358,active,0.3975,1.676,9.637758311539264
chr11,51583358,active,0.403,1.716,9.655945575752746
chr11,51587358,active,0.3985,1.792,9.779476052769722
chr11,51591358,active,0.395,1.816,9.86423528361587
chr11,51595358,active,0.3995,1.748,9.729685404738333
chr11,51599358,active,0.4045,1.736,9.676763121241063
chr11,51603358,active,0.3985,1.728,9.701650944212679
chr11,51607358,active,0.3975,1.764,9.753524941082347
chr11,51611358,active,0.4055,1.792,9.805115673701971
chr11,51615358,active,0.3985,1.756,9.743557785351513
chr11,51619358,active,0.4,1.76,9.780422404657491
chr11,51623358,active,0.3955,1.716,9.685361927050304
chr11,51627358,active,0.4025,1.72,9.66748874543458
chr11,51631358,active,0.397,1.796,9.837545144987967
chr11,51635358,active,0.4005,1.744,9.705836696693893
chr11,51639358,active,0.4015,1.78,9.801462597201908
chr11,51643358,active,0.397,1.78,9.786876043640184
chr11,51647358,active,0.397,1.696,9.684656464776435
chr11,51651358,active,0.3985,1.78,9.767781950845178
chr11,51655358,active,0.3975,1.76,9.741567820770697
chr11,51659358,active,0.398,1.696,9.642756761162964
chr11,51663358,active,0.401,1.756,9.73926265405566
chr11,51667358,active,0.4,1.752,9.696451128281351
chr11,51671358,active,0.395,1.728,9.717666304697483
chr11,51675358,active,0.398,1.732,9.736349098054621
chr11,51679358,active,0.397,1.768,9.831045149218205
chr11,51683358,active,0.4015,1.748,9.738756514986632
chr11,51687358,active,0.398,1.772,9.788317349115092
chr11,51691358,active,0.4025,1.724,9.728272242814134
chr11,51695358,active,0.4005,1.764,9.745396777892108
chr11,51699358,active,0.3995,1.716,9.67796984353541
chr11,51703358,active,0.4,1.724,9.704740204450216
chr11,51707358,active,0.401,1.744,9.68637152622363
chr11,51711358,active,0.3985,1.724,9.673550090102594
chr11,51715358,active,0.398,1.764,9.721790992088119
chr11,51719358,active,0.399,1.752,9.71336131065763
chr11,51723358,active,0.4005,1.712,9.677986541308657
chr11,51727358,active,0.4025,1.748,9.740882914120638
chr11,51731358,active,0.399,1.768,9.769738782463609
chr11,51735358,active,0.399,1.76,9.701780911183821
chr11,51739358,active,0.395,1.752,9.75295575316923
chr11,51743358,active,0.397,1.76,9.7830791667066
chr11,51747358,active,0.3975,1.764,9.764823228375304
chr11,51751358,active,0.398,1.772,9.828422672200649
chr11,51755358,active,0.403,1.748,9.751770583135261
chr11,51759358,active,0.402,1.812,9.869451198158936
chr11,51763358,active,0.4065,1.676,9.64528413846998
chr11,51767358,active,0.4045,1.736,9.734254114881411
chr11,51771358,active,0.4005,1.676,9.613314233135677
chr11,51775358,active,0.4025,1.76,9.758894961939777
chr11,51779358,active,0.402,1.744,9.721618444774588
chr11,51783358,active,0.394,1.728,9.701202956458099
chr11,51787358,active,0.402,1.708,9.630424431308887
chr11,51791358,active,0.402,1.716,9.651835608098152
chr11,51795358,active,0.397,1.78,9.80325479553498
chr11,51799358,active,0.398,1.72,9.690244631120589
chr11,51803358,active,0.3995,1.684,9.638482763552224
chr11,51807358,active,0.3995,1.72,9.682168794573338
chr11,51811358,active,0.398,1.684,9.629362006217944
chr11,51815358,active,0.4055,1.716,9.68799099440182
chr11,51819358,active,0.402,1.704,9.64559706328229
chr11,51823358,active,0.3955,1.756,9.71644632925714
chr11,51827358,active,0.4035,1.708,9.677653634880475
chr11,51831358,active,0.403,1.696,9.673104750328529
chr11,51835358,active,0.3995,1.756,9.766642196143227
chr11,51839358,active,0.401,1.78,9.784430599313211
chr11,51843358,active,0.404,1.72,9.678170551332189
chr11,51847358,active,0.403,1.72,9.659312458626303
chr11,51851358,active,0.397,1.764,9.775373056731759
chr11,51855358,active,0.4,1.704,9.674115064150477
chr11,51859358,active,0.403,1.736,9.71855481919938
chr11,51863358,active,0.399,1.696,9.635239840137091
chr11,51867358,active,0.401,1.748,9.765063209066813
chr11,51871358,active,0.4,1.66,9.60672131734544
chr11,51875358,active,0.399,1.732,9.71144220238958
chr11,51879358,active,0.4,1.816,9.883659530803852
chr11,51883358,active,0.4,1.744,9.742891004223468
chr11,51887358,active,0.4035,1.748,9.705463365301767
chr11,51891358,active,0.4005,1.68,9.61586748312782
chr11,51895358,active,0.3965,1.72,9.764037738088302
chr11,51899358,active,0.401,1.756,9.775012927107737
chr11,51903358,active,0.4,1.716,9.714041864350309
chr11,51907358,active,0.3975,1.76,9.780039786077804
chr11,51911358,active,0.3995,1.74,9.716939676205786
chr11,51915358,active,0.4,1.728,9.739338406349525
chr11,51919358,active,0.3975,1.768,9.779092498451131
chr11,51923358,active,0.398,1.724,9.725007023168528
chr11,51927358,active,0.4,1.68,9.672673100164731
chr11,51931358,active,0.3975,1.736,9.728757410895389
chr11,51935358,active,0.4005,1.736,9.730606404315893
chr11,51939358,active,0.399,1.796,9.828548446406835
chr11,51943358,active,0.399,1.708,9.663861403483876
chr11,51947358,active,0.402,1.78,9.767883310028598
chr11,51951358,active,0.393,1.748,9.780024302227819
chr11,51955358,active,0.4005,1.744,9.704808961522334
chr11,51959358,active,0.403,1.712,9.643437536902194
chr11,51963358,active,0.401,1.704,9.63755788097056
chr11,51967358,active,0.4,1.752,9.717001323525368
chr11,51971358,active,0.399,1.712,9.697487569367752
chr11,51975358,active,0.4025,1.744,9.679284427632787
chr11,51979358,active,0.4015,1.724,9.68825654373383
chr11,51983358,active,0.4015,1.716,9.704262705701687
chr11,51987358,active,0.4005,1.732,9.653964300746503
chr11,51991358,active,0.3965,1.752,9.723892920061456
chr11,51995358,active,0.401,1.772,9.759801214964785
chr11,51999358,active,0.398,1.736,9.71321489060855
chr11,52003358,active,0.3975,1.728,9.682508289786906
chr11,52007358,active,0.395,1.724,9.726856349954945
chr11,52011358,active,0.3975,1.748,9.760353429425084
chr11,52015358,active,0.395,1.764,9.760030618263638
chr11,52019358,active,0.401,1.652,9.579146325173221
chr11,52023358,active,0.4015,1.724,9.684473362126814
chr11,52027358,active,0.4045,1.668,9.579482128445049
chr11,52031358,active,0.3965,1.748,9.734090831150354
chr11,52035358,active,0.4025,1.704,9.663696991288658
chr11,52039358,active,0.401,1.716,9.644889557905687
chr11,52043358,active,0.401,1.66,9.545881950733397
chr11,52047358,active,0.398,1.728,9.690644859607335
chr11,52051358,active,0.4055,1.64,9.496774558964551
chr11,52055358,active,0.3955,1.788,9.787991936226982
chr11,52059358,active,0.398,1.748,9.730148969181258
chr11,52063358,active,0.404,1.696,9.639505841721709
chr11,52067358,active,0.399,1.712,9.687426929276308
chr11,52071358,active,0.402,1.704,9.622765664281586
chr11,52075358,active,0.401,1.8,9.840914036883019
chr11,52079358,active,0.4015,1.676,9.606624911829575
chr11,52083358,active,0.403,1.72,9.650393649828683
chr11,52087358,active,0.4,1.7,9.652335351106993
chr11,52091358,active,0.4035,1.692,9.60953835079497
chr11,52095358,active,0.401,1.724,9.688153252767085
chr11,52099358,active,0.402,1.704,9.716220374753279
chr11,52103358,active,0.403,1.728,9.678974564616421
chr11,52107358,active,0.402,1.692,9.641255105246108
chr11,52111358,active,0.403,1.732,9.714904024781296
chr11,52115358,active,0.401,1.7,9.639239489070423
chr11,52119358,active,0.4025,1.74,9.720916260627014
chr11,52123358,active,0.3985,1.7,9.654139705698343
chr11,52127358,active,0.4,1.732,9.722227216299581
chr11,52131358,active,0.4005,1.832,9.85986185443734
chr11,52135358,active,0.403,1.776,9.769655062508642
chr11,52139358,active,0.395,1.76,9.774844710102846
chr11,52143358,active,0.4025,1.76,9.752115993023338
chr11,52147358,active,0.402,1.748,9.688387889580735
chr11,52151358,active,0.3965,1.808,9.855198026694865
chr11,52155358,active,0.4015,1.76,9.74455440384694
chr11,52159358,active,0.4015,1.792,9.759777130803108
chr11,52163358,active,0.399,1.752,9.725147047157451
chr11,52167358,active,0.398,1.74,9.733469693709225
chr11,52171358,active,0.3975,1.736,9.764563964376302
chr11,52175358,active,0.395,1.772,9.793912488624404
chr11,52179358,active,0.397,1.724,9.70210769723139
chr11,52183358,active,0.4015,1.7,9.697405692525535
chr11,52187358,active,0.4005,1.772,9.79976135874105
chr11,52191358,active,0.397,1.704,9.622175449242837
chr11,52195358,active,0.4055,1.692,9.64085250600687
chr11,52199358,active,0.4025,1.668,9.592120654641654
chr11,52203358,active,0.399,1.72,9.653571315388234
chr11,52207358,active,0.3995,1.756,9.71532500412183
chr11,52211358,active,0.3985,1.752,9.77509601120066
chr11,52215358,active,0.4,1.764,9.736985116972763
chr11,52219358,active,0.3945,1.76,9.784083482899854
chr11,52223358,active,0.4,1.736,9.674191209159533
chr11,52227358,active,0.4015,1.72,9.70644598442608
chr11,52231358,active,0.402,1.728,9.705264995724686
chr11,52235358,active,0.3975,1.728,9.728331967278022
chr11,52239358,active,0.404,1.692,9.677981495759141
chr11,52243358,active,0.4045,1.756,9.758662041535533
chr11,52247358,active,0.397,1.732,9.688481506360969
chr11,52251358,active,0.399,1.708,9.649694543817455
chr11,52255358,active,0.401,1.736,9.686654907509306
chr11,52259358,active,0.4005,1.74,9.697851752664526
chr11,52263358,active,0.3945,1.732,9.747742956560021
chr11,52267358,active,0.4045,1.704,9.675423871709333
chr11,52271358,active,0.4,1.736,9.673214953562663
chr11,52275358,active,0.398,1.752,9.735749208829414
chr11,52279358,active,0.4015,1.664,9.631056346132603
chr11,52283358,active,0.402,1.664,9.608524758846688
chr11,52287358,active,0.3985,1.692,9.637387737898544
chr11,52291358,active,0.401,1.764,9.776343940677942
chr11,52295358,active,0.4035,1.664,9.588108517632538
chr11,52299358,active,0.3995,1.752,9.77087691514305
chr11,52303358,active,0.397,1.708,9.677571929663262
chr11,52307358,active,0.402,1.68,9.633781449889891
chr11,52311358,active,0.401,1.7,9.649968145313473
chr11,52315358,active,0.4035,1.704,9.643842201300757
chr11,52319358,active,0.3985,1.768,9.795776367689635
chr11,52323358,active,0.4,1.796,9.811394262199034
chr11,52327358,active,0.4045,1.716,9.668751905138818
chr11,52331358,active,0.3975,1.7,9.639058568615765
chr11,52335358,active,0.405,1.704,9.648851865727687
chr11,52339358,active,0.401,1.728,9.653595343412075
chr11,52343358,active,0.3975,1.704,9.61559864995321
chr11,52347358,active,0.402,1.688,9.643297152730819
chr11,52351358,active,0.4025,1.688,9.609840527546012
chr11,52355358,active,0.399,1.692,9.669071010637333
chr11,52359358,active,0.3985,1.664,9.629891233404193
chr11,52363358,active,0.403,1.748,9.739339785225235
chr11,52367358,active,0.402,1.692,9.624260814367359
chr11,52371358,active,0.391,1.776,9.814344821185509
chr11,52375358,active,0.402,1.692,9.624394197600722
chr11,52379358,active,0.401,1.716,9.663010268342317
chr11,52383358,active,0.3955,1.8,9.851554282087777
chr11,52387358,active,0.4,1.744,9.726056639206536
chr11,52391358,active,0.4025,1.752,9.75107181049009
chr11,52395358,active,0.3975,1.744,9.722183507493087
chr11,52399358,active,0.397,1.784,9.809988458890395
chr11,52403358,active,0.4,1.744,9.732654959180179
chr11,52407358,active,0.403,1.748,9.734056962439047
chr11,52411358,active,0.4015,1.724,9.69392352988412
chr11,52415358,active,0.397,1.768,9.798382895663861
chr11,52419358,active,0.3985,1.8,9.83614911670903
chr11,52423358,active,0.393,1.736,9.728494370451713
chr11,52427358,active,0.3995,1.748,9.75943689829209
chr11,52431358,active,0.4,1.756,9.747281789686067
chr11,52435358,active,0.3975,1.796,9.821329592321357
chr11,52439358,active,0.399,1.812,9.83975512748954
chr11,52443358,active,0.399,1.696,9.679480948380823
chr11,52447358,active,0.4065,1.732,9.683824196622131
chr11,52451358,active,0.401,1.756,9.796518955700842
chr11,52455358,active,0.4005,1.756,9.758049969235435
chr11,52459358,active,0.395,1.776,9.778374436782125
chr11,52463358,active,0.3985,1.804,9.840637517443112
chr11,52467358,active,0.401,1.792,9.746877955423292
chr11,52471358,active,0.4005,1.72,9.687383141683192
chr11,52475358,active,0.3995,1.752,9.756743154357736
chr11,52479358,active,0.3995,1.772,9.7798626152513
chr11,52483358,active,0.3975,1.744,9.754121835125625
chr11,52487358,active,0.398,1.748,9.752309124325695
chr11,52491358,active,0.403,1.796,9.812045825272685
chr11,52495358,active,0.401,1.732,9.732843123719642
chr11,52499358,active,0.3955,1.78,9.830302455603858
chr11,52503358,active,0.403,1.756,9.7124613382057
chr11,52507358,active,0.3985,1.768,9.789179066409263
chr11,52511358,active,0.397,1.748,9.806303795760991
chr11,52515358,active,0.3995,1.756,9.751593876545899
chr11,52519358,active,0.398,1.772,9.829433450259664
chr11,52523358,active,0.4005,1.748,9.752073197306965
chr11,52527358,active,0.394,1.776,9.816910286785273
chr11,52531358,active,0.3995,1.8,9.830079890545694
chr11,52535358,active,0.403,1.696,9.685851940691107
chr11,52539358,active,0.4025,1.72,9.701636313147288
chr11,52543358,active,0.3985,1.792,9.788608859802851
chr11,52547358,active,0.397,1.832,9.85699689259986
chr11,52551358,active,0.3955,1.752,9.746533254467707
chr11,52555358,active,0.3975,1.732,9.758037458510865
chr11,52559358,active,0.403,1.76,9.746013175376811
chr11,52563358,active,0.4015,1.78,9.74717768418379
chr11,52567358,active,0.4005,1.696,9.638728032940046
chr11,52571358,active,0.4015,1.744,9.732874184257893
chr11,52575358,active,0.4005,1.772,9.761447225771446
chr11,52579358,active,0.403,1.704,9.643181052711178
chr11,52583358,active,0.3995,1.756,9.743303194694828
chr11,52587358,active,0.3995,1.808,9.80838577143982
chr11,52591358,active,0.4015,1.808,9.841441725001122
chr11,52595358,active,0.3985,1.74,9.709965072814919
chr11,52599358,active,0.398,1.8,9.796097478041894
chr11,52603358,active,0.4,1.756,9.777831177691963
chr11,52607358,active,0.4,1.736,9.705338498469478
chr11,52611358,active,0.3975,1.744,9.714506137725627
chr11,52615358,active,0.4,1.76,9.831469074867702
chr11,52619358,active,0.395,1.748,9.794240299081483
chr11,52623358,active,0.397,1.736,9.73245540916888
chr11,52627358,active,0.4005,1.788,9.776355288857083
chr11,52631358,active,0.404,1.708,9.624393616328044
chr11,52635358,active,0.398,1.796,9.826381094669236
chr11,52639358,active,0.4025,1.736,9.716353814124492
chr11,52643358,active,0.394,1.82,9.847378728927895
chr11,52647358,active,0.403,1.736,9.76258946099671
chr11,52651358,active,0.4015,1.804,9.799206917380436
chr11,52655358,active,0.397,1.712,9.650402824740528
chr11,52659358,active,0.4,1.712,9.672702560737049
chr11,52663358,active,0.3995,1.756,9.765620845599363
chr11,52667358,active,0.3985,1.736,9.745259101050552
chr11,52671358,active,0.394,1.78,9.785948155400343
chr11,52675358,active,0.3995,1.704,9.710570394588643
chr11,52679358,active,0.4,1.752,9.77722202905197
chr11,52683358,active,0.4015,1.716,9.72222666339191
chr11,52687358,active,0.3975,1.832,9.852937572835657
chr11,52691358,active,0.398,1.788,9.794787550946582
chr11,52695358,active,0.401,1.796,9.7731518278505
chr11,52699358,active,0.398,1.824,9.8696390854703
chr11,52703358,active,0.3975,1.756,9.774253614506721
chr11,52707358,active,0.4015,1.756,9.75180924794087
chr11,52711358,active,0.4015,1.768,9.786534460618464
chr11,52715358,active,0.3945,1.768,9.784040321284769
chr11,52719358,active,0.402,1.748,9.7559722074218
chr11,52723358,active,0.401,1.768,9.78756773334942
chr11,52727358,active,0.3995,1.768,9.74269920137525
chr11,52731358,active,0.398,1.784,9.793239653729776
chr11,52735358,active,0.397,1.748,9.769388294493384
chr11,52739358,active,0.3965,1.804,9.844788603610034
chr11,52743358,active,0.3965,1.752,9.792693226284198
chr11,52747358,active,0.4015,1.784,9.805183329126473
chr11,52751358,active,0.4015,1.728,9.66721729836072
chr11,52755358,active,0.3935,1.76,9.785282814045805
chr11,52759358,active,0.4,1.728,9.71622495451718
chr11,52763358,active,0.4045,1.66,9.642800770802678
chr11,52767358,active,0.3965,1.744,9.73609374959252
chr11,52771358,active,0.399,1.792,9.801416544459544
chr11,52775358,active,0.405,1.72,9.656375073042911
chr11,52779358,active,0.4045,1.76,9.716057480525953
chr11,52783358,active,0.3965,1.736,9.703388721422044
chr11,52787358,active,0.4005,1.764,9.822606396930457
chr11,52791358,active,0.4005,1.764,9.782647439304723
chr11,52795358,active,0.3985,1.808,9.817984756815175
chr11,52799358,active,0.395,1.744,9.741692493329293
chr11,52803358,active,0.4,1.78,9.766501641303238
chr11,52807358,active,0.403,1.704,9.62449679752395
chr11,52811358,active,0.399,1.792,9.810701497658698
chr11,52815358,active,0.402,1.712,9.683041072327587
chr11,52819358,active,0.401,1.764,9.785183050068419
chr11,52823358,active,0.3995,1.788,9.794824588013334
chr11,52827358,active,0.401,1.772,9.787996814319278
chr11,52831358,active,0.3985,1.784,9.74768456055025
chr11,52835358,active,0.398,1.784,9.779929999163945
chr11,52839358,active,0.398,1.764,9.752575033840142
chr11,52843358,active,0.404,1.72,9.70604095984508
chr11,52847358,active,0.4045,1.744,9.6917288940529
chr11,52851358,active,0.3975,1.744,9.737026262301624
chr11,52855358,active,0.402,1.752,9.741126146121944
chr11,52859358,active,0.4025,1.744,9.692989577401514
chr11,52863358,active,0.397,1.712,9.70573886604844
chr11,52867358,active,0.3975,1.752,9.718587802593325
chr11,52871358,active,0.4005,1.824,9.824959110750802
chr11,52875358,active,0.395,1.736,9.72413221542567
chr11,52879358,active,0.3965,1.784,9.84853590497949
chr11,52883358,active,0.4005,1.76,9.753661415433074
chr11,52887358,active,0.3985,1.864,9.902617819191406
chr11,52891358,active,0.398,1.82,9.85733381861955
chr11,52895358,active,0.4005,1.824,9.86698819339018
chr11,52899358,active,0.399,1.832,9.88648594332293
chr11,52903358,active,0.402,1.784,9.749970466014355
chr11,52907358,active,0.3965,1.836,9.894407368554933
chr11,52911358,active,0.3995,1.776,9.807355177673656
chr11,52915358,active,0.399,1.844,9.910086263089383
chr11,52919358,active,0.3965,1.776,9.841562210510977
chr11,52923358,active,0.4025,1.784,9.796399327143245
chr11,52927358,active,0.399,1.784,9.777880646696634
chr11,52931358,active,0.4005,1.736,9.703328221411715
chr11,52935358,active,0.397,1.796,9.834432753624265
chr11,52939358,active,0.401,1.812,9.83958332735743
chr11,52943358,active,0.4005,1.82,9.852822768737319
chr11,52947358,active,0.3995,1.732,9.713170493969915
chr11,52951358,active,0.401,1.808,9.832096221370017
chr11,52955358,active,0.397,1.76,9.770923792305021
chr11,52959358,active,0.398,1.74,9.756222384223284
chr11,52963358,active,0.398,1.74,9.755414621310853
chr11,52967358,active,0.4005,1.732,9.72038031068719
chr11,52971358,active,0.3955,1.808,9.892779389691928
chr11,52975358,active,0.396,1.752,9.793496719193506
chr11,52979358,active,0.401,1.752,9.784985654479248
chr11,52983358,active,0.4005,1.788,9.805230755028381
chr11,52987358,active,0.3945,1.816,9.84700454379497
chr11,52991358,active,0.398,1.808,9.862793840005047
chr11,52995358,active,0.4025,1.744,9.722607299766608
chr11,52999358,active,0.3965,1.808,9.845619513988932
chr11,53003358,active,0.398,1.788,9.801203045498687
chr11,53007358,active,0.3995,1.796,9.854594521217395
chr11,53011358,active,0.399,1.74,9.79303489380877
chr11,53015358,active,0.397,1.752,9.76864876827819
chr11,53019358,active,0.4025,1.808,9.837936441709678
chr11,53023358,active,0.4045,1.724,9.659845522562811
chr11,53027358,active,0.399,1.84,9.859336176889249
chr11,53031358,active,0.4,1.756,9.785257239689036
chr11,53035358,active,0.4005,1.712,9.699049383001329
chr11,53039358,active,0.397,1.776,9.764834974029636
chr11,53043358,active,0.3955,1.784,9.802524473552957
chr11,53047358,active,0.4005,1.764,9.833232780900035
chr11,53051358,active,0.3995,1.748,9.748570367722317
chr11,53055358,active,0.3955,1.78,9.763537491044833
chr11,53059358,active,0.397,1.8,9.808597559115308
chr11,53063358,active,0.4,1.74,9.697625222604211
chr11,53067358,active,0.4,1.812,9.822404643623935
chr11,53071358,active,0.397,1.716,9.693411774469034
chr11,53075358,active,0.4025,1.728,9.737982045229032
chr11,53079358,active,0.4025,1.748,9.686135050464966
chr11,53083358,active,0.3995,1.74,9.792244248201362
chr11,53087358,active,0.3985,1.744,9.747411124962928
chr11,53091358,active,0.399,1.776,9.765237157904853
chr11,53095358,active,0.4005,1.764,9.77214179125665
chr11,53099358,active,0.4015,1.712,9.701139327889829
chr11,53103358,active,0.3965,1.768,9.774233739450349
chr11,53107358,active,0.4015,1.724,9.706543073606378
chr11,53111358,active,0.3975,1.752,9.733317846827916
chr11,53115358,active,0.398,1.76,9.7465328438637
chr11,53119358,active,0.399,1.804,9.84112579202575
chr11,53123358,active,0.4025,1.76,9.728988819047991
chr11,53127358,active,0.3995,1.716,9.735660083142466
chr11,53131358,active,0.4005,1.74,9.719555762879438
chr11,53135358,active,0.4,1.82,9.814902961752662
chr11,53139358,active,0.397,1.764,9.730166851556495
chr11,53143358,active,0.395,1.792,9.820036306861475
chr11,53147358,active,0.398,1.772,9.805775803598284
chr11,53151358,active,0.4015,1.744,9.75051204790041
chr11,53155358,active,0.399,1.724,9.706969922916022
chr11,53159358,active,0.4005,1.748,9.678907097749404
chr11,53163358,active,0.3955,1.78,9.820151006905162
chr11,53167358,active,0.396,1.772,9.779582655944097
chr11,53171358,active,0.3935,1.748,9.77905653525917
chr11,53175358,active,0.3995,1.804,9.842523991067157
chr11,53179358,active,0.3995,1.756,9.719674178470038
chr11,53183358,active,0.399,1.744,9.728184611490017
chr11,53187358,active,0.396,1.752,9.777448087610447
chr11,53191358,active,0.4025,1.712,9.690243196107026
chr11,53195358,active,0.3985,1.76,9.754677959406518
chr11,53199358,active,0.3995,1.732,9.72294141761328
chr11,53203358,active,0.4015,1.784,9.76582519646487
chr11,53207358,active,0.401,1.78,9.769484863298791
chr11,53211358,active,0.3975,1.76,9.757095154579646
chr11,53215358,active,0.399,1.792,9.779460895613097
chr11,53219358,active,0.401,1.728,9.70309442045009
chr11,53223358,active,0.3995,1.756,9.766061040529255
chr11,53227358,active,0.3965,1.752,9.76073734392609
chr11,53231358,active,0.402,1.688,9.636550646833436
chr11,53235358,active,0.402,1.764,9.741217669377821
chr11,53239358,active,0.396,1.808,9.837565313612778
chr11,53243358,active,0.397,1.784,9.768442163695854
chr11,53247358,active,0.4025,1.76,9.745237820301947
chr11,53251358,active,0.4,1.728,9.706212898113135
chr11,53255358,active,0.398,1.772,9.813755792297265
chr11,53259358,active,0.3985,1.764,9.812768293532162
chr11,53263358,active,0.403,1.768,9.808024617406309
chr11,53267358,active,0.4,1.748,9.782339475539027
chr11,53271358,active,0.401,1.748,9.721860601944794
chr11,53275358,active,0.403,1.744,9.76440863937867
chr11,53279358,active,0.401,1.756,9.778991167632773
chr11,53283358,active,0.3965,1.776,9.799864289525361
chr11,53287358,active,0.398,1.712,9.694627175861676
chr11,53291358,active,0.3985,1.792,9.778667465437774
chr11,53295358,active,0.3965,1.76,9.782941652562378
chr11,53299358,active,0.396,1.736,9.704372725138267
chr11,53303358,active,0.396,1.756,9.747341791378041
chr11,53307358,active,0.403,1.712,9.692556137757967
chr11,53311358,active,0.401,1.752,9.743957521236203
chr11,53315358,active,0.399,1.72,9.664737739670842
chr11,53319358,active,0.401,1.776,9.785684371942965
chr11,53323358,active,0.3985,1.748,9.793118016150727
chr11,53327358,active,0.396,1.756,9.778343320105975
chr11,53331358,active,0.4025,1.728,9.702026735027793
chr11,53335358,active,0.3975,1.776,9.84014557047041
chr11,53339358,active,0.399,1.732,9.73894462338822
chr11,53343358,active,0.4,1.728,9.697294521019748
chr11,53347358,active,0.3975,1.792,9.808250100408356
chr11,53351358,active,0.398,1.764,9.75197393164791
chr11,53355358,active,0.402,1.788,9.782355208252019
chr11,53359358,active,0.4025,1.74,9.659371164396948
chr11,53363358,active,0.395,1.772,9.792568636679956
chr11,53367358,active,0.397,1.796,9.836036787417758
chr11,53371358,active,0.398,1.704,9.70116544943802
chr11,53375358,active,0.4,1.72,9.682854176892974
chr11,53379358,active,0.4025,1.736,9.693802356542104
chr11,53383358,active,0.403,1.748,9.752495970887232
chr11,53387358,active,0.4035,1.82,9.864643033415515
chr11,53391358,active,0.3985,1.736,9.761152020637054
chr11,53395358,active,0.4045,1.74,9.777095289785539
chr11,53399358,active,0.402,1.76,9.775588067944247
chr11,53403358,active,0.4005,1.732,9.771165556760032
chr11,53407358,active,0.404,1.772,9.760683770827072
chr11,53411358,active,0.402,1.768,9.740980717949585
chr11,53415358,active,0.4055,1.788,9.79170343710177
chr11,53419358,active,0.4005,1.716,9.675559836309255
chr11,53423358,active,0.4085,1.752,9.75091654639027
chr11,53427358,active,0.4065,1.72,9.681396501294447
chr11,53431358,active,0.4,1.768,9.759635506848252
chr11,53435358,active,0.402,1.688,9.666983380363435
chr11,53439358,active,0.401,1.744,9.74261151070185
chr11,53443358,active,0.4005,1.756,9.78327414267026
chr11,53447358,active,0.402,1.752,9.749915026197444
chr11,53451358,active,0.4035,1.756,9.789705845604956
chr11,53455358,active,0.4045,1.752,9.75430233450005
chr11,53459358,active,0.3975,1.708,9.676001271978945
chr11,53463358,active,0.401,1.736,9.75723090856545
chr11,53467358,active,0.404,1.804,9.854360880448247
chr11,53471358,active,0.4,1.696,9.68754000003275
chr11,53475358,active,0.404,1.768,9.782031732863567
chr11,53479358,active,0.404,1.788,9.848630951057023
chr11,53483358,active,0.4035,1.74,9.710570916512053
chr11,53487358,active,0.3995,1.748,9.820318037759614
chr11,53491358,active,0.405,1.756,9.802874657478625
chr11,53495358,active,0.404,1.74,9.747300368821124
chr11,53499358,active,0.404,1.768,9.727656015998047
chr11,53503358,active,0.402,1.704,9.70931183158085
chr11,53507358,active,0.4035,1.736,9.788814611600632
chr11,53511358,active,0.3975,1.792,9.82340153934747
chr11,53515358,active,0.404,1.716,9.689294584786232
chr11,53519358,active,0.4005,1.732,9.734354703278296
chr11,53523358,active,0.4035,1.752,9.718325199570229
chr11,53527358,active,0.4015,1.692,9.63454415193662
chr11,53531358,active,0.4025,1.736,9.737914467042636
chr11,53535358,active,0.405,1.664,9.601676091402961
chr11,53539358,active,0.4,1.772,9.766363627884338
chr11,53543358,active,0.4,1.76,9.772366609075295
chr11,53547358,active,0.4045,1.66,9.584609547446933
chr11,53551358,active,0.4045,1.736,9.7160978786734
chr11,53555358,active,0.3975,1.748,9.788607480927187
chr11,53559358,active,0.4085,1.752,9.756605938541837
chr11,53563358,active,0.403,1.812,9.881059841070304
chr11,53567358,active,0.3995,1.768,9.725669961237873
chr11,53571358,active,0.401,1.7,9.614105814481963
chr11,53575358,active,0.4015,1.712,9.656845438433825
chr11,53579358,active,0.401,1.732,9.695235583036547
chr11,53583358,active,0.3945,1.724,9.709811326683008
chr11,53587358,active,0.403,1.708,9.623680190560792
chr11,53591358,active,0.4015,1.732,9.677568973470356
chr11,53595358,active,0.4025,1.74,9.745990769375524
chr11,53599358,active,0.4015,1.752,9.773285128129515
chr11,53603358,active,0.4045,1.736,9.68464588166754
chr11,53607358,active,0.398,1.716,9.720815981991006
chr11,53611358,active,0.402,1.704,9.728678595849228
chr11,53615358,active,0.402,1.752,9.756721740233157
chr11,53619358,active,0.404,1.74,9.697878422952673
chr11,53623358,active,0.396,1.704,9.671062425615721
chr11,53627358,active,0.4,1.74,9.782027430327709
chr11,53631358,active,0.4,1.708,9.67865700961855
chr11,53635358,active,0.3965,1.724,9.704612718002387
chr11,53639358,active,0.3975,1.804,9.805683482739372
chr11,53643358,active,0.4,1.788,9.745738998324347
chr11,53647358,active,0.3985,1.748,9.730636696572475
chr11,53651358,active,0.3945,1.772,9.78851830481863
chr11,53655358,active,0.4075,1.684,9.630413189689152
chr11,53659358,active,0.403,1.76,9.736178295515522
chr11,53663358,active,0.401,1.752,9.730150675706662
chr11,53667358,active,0.3955,1.78,9.823737473490388
chr11,53671358,active,0.4005,1.752,9.758307283562209
chr11,53675358,active,0.3955,1.716,9.724292301479908
chr11,53679358,active,0.3975,1.696,9.659093685613051
chr11,53683358,active,0.3975,1.772,9.766264866259888
chr11,53687358,active,0.401,1.68,9.617604900154708
chr11,53691358,active,0.404,1.796,9.81031331315457
chr11,53695358,active,0.4005,1.652,9.671219091240012
chr11,53699358,active,0.399,1.68,9.635937090054504
chr11,53703358,active,0.4015,1.728,9.76601248461468
chr11,53707358,active,0.404,1.744,9.73994389403195
chr11,53711358,active,0.4015,1.708,9.700610260896026
chr11,53715358,active,0.4005,1.728,9.701385200606914
chr11,53719358,active,0.4055,1.728,9.72487532285546
chr11,53723358,active,0.404,1.82,9.86048665855226
chr11,53727358,active,0.3975,1.74,9.751000820801444
chr11,53731358,active,0.4035,1.764,9.790010419924945
chr11,53735358,active,0.404,1.7,9.708326150660536
chr11,53739358,active,0.401,1.716,9.717521213102517
chr11,53743358,active,0.4035,1.72,9.668617917027648
chr11,53747358,active,0.4045,1.752,9.747277829443862
chr11,53751358,active,0.4005,1.828,9.903497811575999
chr11,53755358,active,0.3995,1.768,9.736863528266776
chr11,53759358,active,0.4105,1.688,9.66747207602636
chr11,53763358,active,0.405,1.744,9.748699891556686
chr11,53767358,active,0.4015,1.712,9.664845185153581
chr11,53771358,active,0.404,1.708,9.688046333375496
chr11,53775358,active,0.4055,1.768,9.728575083792188
chr11,53779358,active,0.396,1.744,9.728751679062258
chr11,53783358,active,0.402,1.752,9.771044111906182
chr11,53787358,active,0.4065,1.712,9.676125612720078
chr11,53791358,active,0.4005,1.752,9.722348938381517
chr11,53795358,active,0.399,1.744,9.751814619591576
chr11,53799358,active,0.4045,1.824,9.85757748804142
chr11,53803358,active,0.3985,1.748,9.710750706954096
chr11,53807358,active,0.4035,1.748,9.738394147986133
chr11,53811358,active,0.4,1.7,9.692154618109804
chr11,53815358,active,0.405,1.736,9.749269660742515
chr11,53819358,active,0.4035,1.74,9.712876065338254
chr11,53823358,active,0.399,1.752,9.74455594863136
chr11,53827358,active,0.4025,1.776,9.774561628694054
chr11,53831358,active,0.4055,1.772,9.727583288207496
chr11,53835358,active,0.405,1.664,9.594515749406602
chr11,53839358,active,0.407,1.684,9.652687988739459
chr11,53843358,active,0.402,1.768,9.7340702146288
chr11,53847358,active,0.403,1.752,9.747508048234554
chr11,53851358,active,0.4,1.744,9.79264935573672
chr11,53855358,active,0.4025,1.808,9.86883123960354
chr11,53859358,active,0.401,1.78,9.836184337479503
chr11,53863358,active,0.3995,1.776,9.792665088449748
chr11,53867358,active,0.404,1.784,9.842202526248661
chr11,53871358,active,0.402,1.76,9.741686540405926
chr11,53875358,active,0.3985,1.836,9.899618759471887
chr11,53879358,active,0.402,1.732,9.72898148724889
chr11,53883358,active,0.405,1.828,9.910852060421174
chr11,53887358,active,0.4035,1.74,9.730917763243562
chr11,53891358,active,0.399,1.748,9.72720053053563
chr11,53895358,active,0.4055,1.784,9.801129137866125
chr11,53899358,active,0.4055,1.772,9.765946951079574
chr11,53903358,active,0.405,1.732,9.743856433564643
chr11,53907358,active,0.399,1.76,9.818351388102487
chr11,53911358,active,0.4015,1.696,9.693305067240072
chr11,53915358,active,0.4015,1.772,9.785239741101314
chr11,53919358,active,0.399,1.764,9.866225602662885
chr11,53923358,active,0.4005,1.812,9.885184888643407
chr11,53927358,active,0.4025,1.756,9.81062535264963
chr11,53931358,active,0.403,1.792,9.83983565703252
chr11,53935358,active,0.4015,1.752,9.732709279460616
chr11,53939358,active,0.4065,1.712,9.693283319749554
chr11,53943358,active,0.4025,1.748,9.758613513986043
chr11,53947358,active,0.4025,1.728,9.747441139991452
chr11,53951358,active,0.4075,1.732,9.753152190962938
chr11,53955358,active,0.402,1.776,9.796416494869854
chr11,53959358,active,0.3975,1.784,9.84747537497146
chr11,53963358,active,0.404,1.788,9.850891648063017
chr11,53967358,active,0.4025,1.76,9.803550525804226
chr11,53971358,active,0.3965,1.832,9.918084719604028
chr11,53975358,active,0.402,1.752,9.758677059599938
chr11,53979358,active,0.4065,1.78,9.806653979686635
chr11,53983358,active,0.4025,1.764,9.752863709538419
chr11,53987358,active,0.4025,1.716,9.71594909358812
chr11,53991358,active,0.407,1.772,9.77414255432035
chr11,53995358,active,0.403,1.768,9.741660501812063
chr11,53999358,active,0.403,1.68,9.65487794075214
chr11,54003358,active,0.4025,1.752,9.74766135694592
chr11,54007358,active,0.4045,1.732,9.733473166109304
chr11,54011358,active,0.4005,1.748,9.766230498273964
chr11,54015358,active,0.4035,1.74,9.768658193601636
chr11,54019358,active,0.4025,1.752,9.75213170463613
chr11,54023358,active,0.404,1.76,9.777432106034341
chr11,54027358,active,0.3985,1.756,9.793690482190188
chr11,54031358,active,0.403,1.736,9.762258127717942
chr11,54035358,active,0.402,1.764,9.76465752025878
chr11,54039358,active,0.4045,1.784,9.787534667001077
chr11,54043358,active,0.3995,1.744,9.760692315593143
chr11,54047358,active,0.3995,1.696,9.680532879033445
chr11,54051358,active,0.3985,1.816,9.838964310257177
chr11,54055358,active,0.4005,1.736,9.734676168096815
chr11,54059358,active,0.4045,1.788,9.830887072185414
chr11,54063358,active,0.4025,1.692,9.654583395084842
chr11,54067358,active,0.3995,1.744,9.764397674987075
chr11,54071358,active,0.4025,1.768,9.729573911299084
chr11,54075358,active,0.4015,1.724,9.722109621917088
chr11,54079358,active,0.3985,1.76,9.75146214941635
chr11,54083358,active,0.401,1.748,9.777870506724534
chr11,54087358,active,0.4035,1.748,9.729080747191658
chr11,54091358,active,0.4025,1.724,9.65023496375033
chr11,54095358,active,0.397,1.752,9.734315484016603
chr11,54099358,active,0.403,1.76,9.734626814579233
chr11,54103358,active,0.4005,1.788,9.800064863946186
chr11,54107358,active,0.3995,1.804,9.776172191923719
chr11,54111358,active,0.4045,1.688,9.663692721285603
chr11,54115358,active,0.404,1.7,9.67969978645957
chr11,54119358,active,0.4045,1.724,9.707362432604695
chr11,54123358,active,0.4015,1.72,9.704187141965356
chr11,54127358,active,0.406,1.708,9.662031559038617
chr11,54131358,active,0.4065,1.696,9.637097517415851
chr11,54135358,active,0.3985,1.768,9.759265320206506
chr11,54139358,active,0.399,1.772,9.795317991099834
chr11,54143358,active,0.404,1.728,9.669411409057068
chr11,54147358,active,0.4,1.744,9.714693870560785
chr11,54151358,active,0.404,1.732,9.691558007010876
chr11,54155358,active,0.4035,1.816,9.82884359540335
chr11,54159358,active,0.402,1.756,9.742286375041825
chr11,54163358,active,0.3995,1.74,9.685539901196094
chr11,54167358,active,0.4025,1.664,9.598918468488757
chr11,54171358,active,0.402,1.692,9.70272067845391
chr11,54175358,active,0.398,1.764,9.794655457918328
chr11,54179358,active,0.4,1.772,9.76522381704452
chr11,54183358,active,0.401,1.788,9.799878843352676
chr11,54187358,active,0.3995,1.772,9.739492512663917
chr11,54191358,active,0.3965,1.74,9.806051525435192
chr11,54195358,active,0.4015,1.828,9.875932337565494
chr11,54199358,active,0.4045,1.772,9.772579167537302
chr11,54203358,active,0.401,1.756,9.78039324812975
chr11,54207358,active,0.401,1.8,9.847016278973078
chr11,54211358,active,0.4025,1.728,9.74515701829083
chr11,54215358,active,0.3985,1.816,9.868395956847198
chr11,54219358,active,0.3985,1.74,9.736133953466187
chr11,54223358,active,0.4015,1.744,9.778391604508696
chr11,54227358,active,0.404,1.748,9.704609965967233
chr11,54231358,active,0.398,1.828,9.856786405013445
chr11,54235358,active,0.403,1.716,9.700576253092517
chr11,54239358,active,0.4035,1.756,9.708544856319659
chr11,54243358,active,0.4,1.748,9.727352870975364
chr11,54247358,active,0.4015,1.668,9.622017289255675
chr11,54251358,active,0.4025,1.768,9.779843625512171
chr11,54255358,active,0.4025,1.844,9.889101554326999
chr11,54259358,active,0.3975,1.836,9.91375315611926
chr11,54263358,active,0.3985,1.772,9.778601404262954
chr11,54267358,active,0.3985,1.748,9.772806135018168
chr11,54271358,active,0.3975,1.784,9.84744034847469
chr11,54275358,active,0.4045,1.808,9.832226132203354
chr11,54279358,active,0.4025,1.772,9.799275641919827
chr11,54283358,active,0.403,1.8,9.846998918521255
chr11,54287358,active,0.401,1.704,9.734791010444141
chr11,54291358,active,0.404,1.788,9.836402405728057
chr11,54295358,active,0.403,1.792,9.795794282597639
chr11,54299358,active,0.3975,1.72,9.73480387563489
chr11,54303358,active,0.402,1.764,9.74080277633659
chr11,54307358,active,0.4015,1.82,9.867247297196739
chr11,54311358,active,0.399,1.772,9.783224485108098
chr11,54315358,active,0.4,1.712,9.632902366427697
chr11,54319358,active,0.4025,1.704,9.644682067049764
chr11,54323358,active,0.402,1.7,9.683578268723473
chr11,54327358,active,0.3955,1.756,9.786922400427224
chr11,54331358,active,0.4,1.76,9.763153360213474
chr11,54335358,active,0.402,1.82,9.859386637770665
chr11,54339358,active,0.3985,1.82,9.811273803505676
chr11,54343358,active,0.3995,1.772,9.822243979508384
chr11,54347358,active,0.4025,1.824,9.827070824230043
chr11,54351358,active,0.4055,1.76,9.760423178373925
chr11,54355358,active,0.4005,1.752,9.800957011040634
chr11,54359358,active,0.4065,1.8,9.857861146555177
chr11,54363358,active,0.404,1.764,9.763607245709979
chr11,54367358,active,0.397,1.744,9.759957281427598
chr11,54371358,active,0.3975,1.68,9.592755049988712
chr11,54375358,active,0.403,1.724,9.756677592457564
chr11,54379358,active,0.3975,1.716,9.632292414468466
chr11,54383358,active,0.4015,1.704,9.749236671632309
chr11,54387358,active,0.4,1.688,9.668354461219957
chr11,54391358,active,0.403,1.692,9.664605862972858
chr11,54395358,active,0.402,1.704,9.69021880790075
chr11,54399358,active,0.405,1.692,9.641987437798116
chr11,54403358,active,0.397,1.736,9.757851437917386
chr11,54407358,active,0.404,1.764,9.782076461911839
chr11,54411358,active,0.4025,1.736,9.746230002885595
chr11,54415358,inactive,0.4135,2.14,10.616937517985779
chr11,54419358,inactive,0.4105,2.16,10.581460536668867
chr11,54423358,inactive,0.4105,2.164,10.633548171591599
chr11,54427358,inactive,0.4125,2.148,10.61262088961101
chr11,54431358,inactive,0.4165,2.132,10.61129968836323
chr11,54435358,inactive,0.4165,2.128,10.573350503760624
chr11,54439358,inactive,0.415,2.108,10.564146320039818
chr11,54451358,inactive,0.4155,2.028,10.339816581497608
chr11,54455358,inactive,0.415,2.116,10.58364500571148
chr11,54459358,inactive,0.414,2.104,10.555751006595276
chr11,54463358,inactive,0.4125,2.084,10.54652433391878
chr11,54467358,inactive,0.4145,2.116,10.582449108716562
chr11,54471358,inactive,0.4125,2.104,10.525961678371782
chr11,54475358,inactive,0.381,2.124,10.485309052999536
chr13,11155531,inactive,0.363,1.992,10.314320932623811
chr13,11159531,inactive,0.368,2.02,10.41555599882885
chr13,11163531,inactive,0.366,1.984,10.263928716614608
chr13,11167531,inactive,0.369,1.988,10.283230134356803
chr13,11171531,inactive,0.3675,1.972,10.25449210509163
chr13,11175531,inactive,0.366,2.02,10.397321031485319
chr13,11179531,inactive,0.368,1.9,10.13481753271229
chr13,11183531,inactive,0.365,2.064,10.325267435068874
chr13,11187531,inactive,0.361,2.076,10.41567719898737
chr13,11811531,inactive,0.3715,1.868,10.13107389646814
chr13,11815531,inactive,0.371,1.872,10.051544134740714
chr13,11819531,inactive,0.3815,1.808,9.974093904975136
chr13,11823531,inactive,0.381,1.772,9.901152324907882
chr13,11827531,inactive,0.379,1.848,10.034144051109395
chr13,15547531,active,0.377,1.928,10.16479204567732
chr13,15551531,active,0.3865,1.86,9.955447572172002
chr13,15555531,active,0.387,1.844,9.95749273187431
chr13,15559531,active,0.388,1.844,9.928223792502607
chr13,15563531,active,0.3885,1.864,9.973920199876193
chr13,15567531,active,0.3885,1.876,9.999459143740948
chr13,15571531,active,0.3885,1.864,9.966461065814492
chr13,15575531,active,0.382,1.792,9.85294195415807
chr13,15579531,active,0.39,1.86,9.979391302688882
chr13,15583531,active,0.39,1.872,9.987093121560449
chr13,15587531,active,0.387,1.856,9.97287047978351
chr13,15591531,active,0.39,1.82,9.914633071265724
chr13,15595531,active,0.3885,1.844,9.934149356368314
chr13,15599531,active,0.388,1.832,9.933653467042193
chr13,15603531,active,0.3845,1.812,9.86616449932321
chr13,15607531,active,0.3875,1.824,9.930596337414078
chr13,15611531,active,0.382,1.828,9.886240419355738
chr13,15615531,active,0.388,1.844,9.930236645210638
chr13,15619531,active,0.386,1.852,9.953161938219727
chr13,15623531,active,0.3845,1.86,9.964002120434781
chr13,15627531,active,0.3875,1.828,9.910350167750074
chr13,15631531,active,0.391,1.836,9.930374858619475
chr13,15635531,active,0.3885,1.744,9.78597371832459
chr13,15639531,active,0.3895,1.844,9.91156829436139
chr13,15643531,active,0.389,1.86,9.960664588362647
chr13,15647531,active,0.3855,1.844,9.958303607004364
chr13,15651531,active,0.386,1.744,9.748185423095505
chr13,15655531,active,0.385,1.74,9.759060516320176
chr13,15659531,active,0.3845,1.808,9.900280235711111
chr13,15663531,active,0.3865,1.752,9.77334604520018
chr13,15667531,active,0.3845,1.84,9.92738364535773
chr13,15671531,active,0.383,1.78,9.816041659512326
chr13,15675531,active,0.3845,1.864,9.983609934509477
chr13,15679531,active,0.3875,1.852,9.948383156810513
chr13,15683531,active,0.384,1.776,9.84207159100581
chr13,15687531,active,0.3845,1.76,9.798081838449242
chr13,15691531,active,0.39,1.844,9.93740576449587
chr13,15695531,active,0.386,1.756,9.77571614783735
chr13,15699531,active,0.385,1.728,9.732734863908199
chr13,15703531,active,0.388,1.72,9.743043278641318
chr13,15707531,active,0.39,1.864,9.950221319215387
chr13,15711531,active,0.385,1.76,9.759002401706221
chr13,15715531,active,0.3835,1.736,9.757050466068916
chr13,15719531,active,0.384,1.772,9.784547608255258
chr13,15723531,active,0.3885,1.748,9.747539891731837
chr13,15727531,active,0.386,1.768,9.762785196314312
chr13,15731531,active,0.3875,1.86,9.968064358142865
chr13,15735531,active,0.3865,1.9,10.05283033951543
chr13,15739531,active,0.389,1.88,9.971460539847799
chr13,15743531,active,0.3865,1.88,10.032416856052679
chr13,15747531,active,0.389,1.852,9.934213539392731
chr13,15751531,active,0.3895,1.868,9.952231369466645
chr13,15755531,active,0.39,1.852,9.954800062771076
chr13,15759531,active,0.391,1.852,9.954735138281444
chr13,15763531,active,0.39,1.844,9.941698885221669
chr13,15767531,active,0.386,1.864,9.993058368924837
chr13,15771531,active,0.389,1.848,9.92130998423895
chr13,15775531,active,0.39,1.796,9.885152000376328
chr13,15779531,active,0.39,1.856,9.93422925100547
chr13,15783531,active,0.391,1.86,9.994289420076212
chr13,15787531,active,0.3895,1.852,9.960388063206501
chr13,15791531,active,0.3875,1.828,9.934437445077561
chr13,15795531,active,0.3845,1.82,9.9014810612199
chr13,15799531,active,0.3895,1.832,9.932397878116154
chr13,15803531,active,0.388,1.856,9.982597964583698
chr13,15807531,active,0.3885,1.824,9.939295161779969
chr13,15811531,active,0.3895,1.832,9.908755564996286
chr13,15815531,active,0.3865,1.88,10.02093517349796
chr13,15819531,active,0.389,1.828,9.88684117279809
chr13,15823531,active,0.387,1.88,10.031914304870808
chr13,15827531,active,0.389,1.74,9.736702654700261
chr13,15831531,active,0.3845,1.844,9.945802894236634
chr13,15835531,active,0.3905,1.84,9.910134719117032
chr13,15839531,active,0.383,1.788,9.82249221881017
chr13,15843531,active,0.388,1.836,9.913141387863705
chr13,15847531,active,0.3895,1.832,9.920013365471181
chr13,15851531,active,0.386,1.832,9.923123236514057
chr13,15855531,active,0.3895,1.832,9.912302321266173
chr13,15859531,active,0.388,1.832,9.940679527358997
chr13,15863531,active,0.3855,1.768,9.77748873045316
chr13,15867531,active,0.3885,1.844,9.971545445953234
chr13,15871531,active,0.386,1.748,9.72192593174522
chr13,15875531,active,0.39,1.82,9.94169331929728
chr13,15879531,active,0.3875,1.836,9.915068985716296
chr13,15883531,active,0.39,1.852,9.939420831931614
chr13,15887531,active,0.388,1.848,9.939550267095365
chr13,15891531,active,0.388,1.832,9.92858628716282
chr13,15895531,active,0.3835,1.844,9.940873207401255
chr13,15899531,active,0.3865,1.848,9.944054294939276
chr13,15903531,active,0.379,1.776,9.796202607953662
chr13,15907531,active,0.3875,1.844,9.933951456744499
chr13,15911531,active,0.3895,1.84,9.943448973165559
chr13,15915531,active,0.385,1.784,9.814404004914286
chr13,15919531,active,0.389,1.868,9.95864783800666
chr13,15923531,active,0.387,1.836,9.94701989559527
chr13,15927531,active,0.384,1.752,9.761420511518002
chr13,15931531,active,0.3895,1.844,9.917933787361354
chr13,15935531,active,0.3875,1.864,9.947142725041106
chr13,15939531,active,0.3915,1.848,9.916395038239878
chr13,15943531,active,0.3895,1.856,9.944575011440719
chr13,15947531,active,0.386,1.84,9.907669898051992
chr13,15951531,active,0.391,1.848,9.946961948438522
chr13,15955531,active,0.383,1.76,9.800770122062303
chr13,15959531,active,0.3845,1.752,9.76869213062331
chr13,15963531,active,0.3855,1.752,9.781519552200505
chr13,15967531,active,0.385,1.764,9.803628726088593
chr13,15971531,active,0.384,1.764,9.796588976161512
chr13,15975531,active,0.389,1.744,9.748924257310815
chr13,15979531,active,0.3855,1.76,9.793558079401015
chr13,15983531,active,0.385,1.78,9.80387440608047
chr13,15987531,active,0.386,1.844,9.898941119555328
chr13,15991531,active,0.382,1.76,9.799933208338453
chr13,15995531,active,0.3855,1.756,9.78038122679582
chr13,15999531,active,0.3885,1.856,9.980183359704773
chr13,16003531,active,0.3865,1.88,10.011066363071265
chr13,16007531,active,0.3855,1.756,9.796588976161507
chr13,16011531,active,0.3895,1.86,9.927700574377608
chr13,16015531,active,0.3845,1.756,9.782145236872784
chr13,16019531,active,0.3865,1.82,9.871153795135344
chr13,16023531,active,0.384,1.788,9.848240026690327
chr13,16027531,active,0.3895,1.86,9.95868156858204
chr13,16031531,active,0.389,1.72,9.739279662329833
chr13,16035531,active,0.386,1.764,9.783433505148174
chr13,16039531,active,0.3855,1.768,9.804580372388912
chr13,16043531,active,0.387,1.704,9.733602619161845
chr13,16047531,active,0.3875,1.836,9.959186523049048
chr13,16051531,active,0.388,1.848,9.962089989499612
chr13,16055531,active,0.385,1.748,9.765931617538035
chr13,16059531,active,0.3895,1.852,9.922550216018449
chr13,16063531,active,0.3845,1.868,9.996637780939096
chr13,16067531,active,0.386,1.72,9.74251110514615
chr13,16071531,active,0.3865,1.792,9.827148221195163
chr13,16075531,active,0.3895,1.848,9.963379630934508
chr13,16079531,active,0.3895,1.86,9.976826346839996
chr13,16083531,active,0.386,1.856,9.989190912906663
chr13,16087531,active,0.3895,1.816,9.895315471957455
chr13,16091531,active,0.3835,1.76,9.77950283437721
chr13,16095531,active,0.3875,1.844,9.918366229411884
chr13,16099531,active,0.388,1.836,9.930047789627615
chr13,16103531,active,0.388,1.856,9.921880660798676
chr13,16107531,active,0.3885,1.852,9.939718700430555
chr13,16111531,active,0.3845,1.764,9.804859700001831
chr13,16115531,active,0.389,1.86,9.953424425755774
chr13,16119531,active,0.389,1.856,9.953371522600019
chr13,16123531,active,0.388,1.868,9.971569313784585
chr13,16127531,active,0.39,1.824,9.910499622778701
chr13,16131531,active,0.3845,1.776,9.794564926539142
chr13,16135531,active,0.386,1.772,9.78178388856551
chr13,16139531,active,0.3865,1.868,9.987582692064437
chr13,16143531,active,0.3875,1.844,9.938747438413083
chr13,16147531,active,0.3895,1.756,9.83374713387409
chr13,16151531,active,0.3895,1.828,9.920716213845823
chr13,16155531,active,0.387,1.848,9.951946392974964
chr13,16159531,active,0.3835,1.768,9.816860038066404
chr13,16163531,active,0.3865,1.836,9.936838387162709
chr13,16167531,active,0.39,1.828,9.905400445665851
chr13,16171531,active,0.3845,1.768,9.783036914013895
chr13,16175531,active,0.3855,1.832,9.917498298898748
chr13,16179531,active,0.3835,1.804,9.850325867484438
chr13,16183531,active,0.388,1.864,10.022972641218741
chr13,16187531,active,0.3885,1.776,9.83444627732579
chr13,16191531,active,0.3895,1.856,9.954693001075892
chr13,16195531,active,0.386,1.832,9.918972182879864
chr13,16199531,active,0.386,1.796,9.811527801457073
chr13,16203531,active,0.389,1.816,9.915873553456768
chr13,16207531,active,0.3865,1.832,9.92047799331277
chr13,16211531,active,0.385,1.768,9.804613355782918
chr13,16215531,active,0.3845,1.776,9.802091051798241
chr13,16219531,active,0.386,1.776,9.817373393447399
chr13,16223531,active,0.3875,1.86,9.975259200544839
chr13,16227531,active,0.3905,1.84,9.942535444479327
chr13,16231531,active,0.3895,1.84,9.955971034992372
chr13,16235531,active,0.389,1.836,9.926345631121885
chr13,16239531,active,0.384,1.78,9.816135719429397
chr13,16243531,active,0.386,1.796,9.812029694128164
chr13,16247531,active,0.3845,1.78,9.805302564968816
chr13,16251531,active,0.3845,1.808,9.837674990755723
chr13,16255531,active,0.388,1.828,9.909569080842095
chr13,16259531,active,0.3865,1.844,9.961131011400186
chr13,16263531,active,0.385,1.744,9.739092077937636
chr13,16267531,active,0.389,1.836,9.94075567236805
chr13,16271531,active,0.3855,1.86,9.993799965059303
chr13,16275531,active,0.3875,1.856,9.94484138519229
chr13,16279531,active,0.3835,1.812,9.859348991658374
chr13,16283531,active,0.3865,1.748,9.758607600051677
chr13,16287531,active,0.384,1.76,9.793937419854354
chr13,16291531,active,0.3875,1.776,9.809014973217497
chr13,16295531,active,0.3855,1.852,9.940888275887216
chr13,16299531,active,0.387,1.756,9.77238032229064
chr13,16303531,active,0.385,1.784,9.815269283279083
chr13,16307531,active,0.389,1.728,9.741811557546663
chr13,16311531,active,0.3915,1.856,9.991802425532592
chr13,16315531,active,0.386,1.808,9.872551501574662
chr13,16319531,active,0.383,1.8,9.849107868532816
chr13,16323531,active,0.3885,1.852,9.9448165254842
chr13,16327531,active,0.3825,1.816,9.872159927624871
chr13,16331531,active,0.3865,1.76,9.764090691665558
chr13,16335531,active,0.389,1.864,9.98959202766706
chr13,16339531,active,0.3875,1.864,9.971926912463662
chr13,16343531,active,0.3895,1.748,9.78269265047887
chr13,16347531,active,0.3855,1.756,9.772075033321968
chr13,16351531,active,0.3885,1.86,9.954827125774422
chr13,16355531,active,0.39,1.816,9.929157928782779
chr13,16359531,active,0.388,1.836,9.939053474563138
chr13,16363531,active,0.39,1.856,9.950363740773227
chr13,16367531,active,0.3875,1.836,9.915745208508158
chr13,16371531,active,0.3895,1.852,9.956035661153619
chr13,16375531,active,0.3845,1.816,9.879567029204152
chr13,16379531,active,0.387,1.796,9.878183432329942
chr13,16383531,active,0.3905,1.836,9.927706411813837
chr13,16387531,active,0.3815,1.756,9.799933208338453
chr13,16391531,active,0.385,1.776,9.790031110473135
chr13,16395531,active,0.3885,1.844,9.925731935250774
chr13,16399531,active,0.3835,1.744,9.757011169569118
chr13,16403531,active,0.387,1.844,9.95677957761891
chr13,16407531,active,0.3875,1.876,10.01564231634283
chr13,16411531,active,0.387,1.824,9.92225325072559
chr13,16415531,active,0.386,1.832,9.957095753741095
chr13,16419531,active,0.3855,1.76,9.760386767285203
chr13,16423531,active,0.383,1.768,9.81298626894238
chr13,16427531,active,0.3865,1.844,9.977636634981065
chr13,16431531,active,0.3835,1.848,9.9357347337886
chr13,16435531,active,0.388,1.848,9.932531621531972
chr13,16439531,active,0.3885,1.848,9.931195983492483
chr13,16443531,active,0.3885,1.856,9.932758317501003
chr13,16447531,active,0.386,1.856,9.948268429950344
chr13,16451531,active,0.3845,1.76,9.793937419854355
chr13,16455531,active,0.385,1.788,9.803630104964315
chr13,16459531,active,0.389,1.724,9.7432930952603
chr13,16463531,active,0.3835,1.804,9.841673316951212
chr13,16467531,active,0.3875,1.764,9.763305030709853
chr13,16471531,active,0.3895,1.852,9.937728336678207
chr13,16475531,active,0.386,1.888,10.023228770943582
chr13,16479531,active,0.385,1.796,9.849241502177772
chr13,16483531,active,0.3905,1.828,9.938961835820134
chr13,16487531,active,0.385,1.78,9.798259697107891
chr13,16491531,active,0.3865,1.868,9.973898348331023
chr13,16495531,active,0.3845,1.756,9.765203660592267
chr13,16499531,active,0.382,1.788,9.83567298695219
chr13,16503531,active,0.389,1.848,9.938347342345944
chr13,16507531,active,0.3855,1.756,9.776063523589983
chr13,16511531,active,0.3905,1.864,9.95225204784226
chr13,16515531,active,0.3885,1.772,9.854675202025089
chr13,16519531,active,0.391,1.848,9.925689693990547
chr13,16523531,active,0.3855,1.836,9.954575460326417
chr13,16527531,active,0.3895,1.864,9.977402202325157
chr13,16531531,active,0.3855,1.856,9.98330673906519
chr13,16535531,active,0.39,1.852,9.930721487190727
chr13,16539531,active,0.3845,1.776,9.812647603864558
chr13,16543531,active,0.388,1.848,9.954946394149555
chr13,16547531,active,0.391,1.856,9.937819859934091
chr13,16551531,active,0.386,1.752,9.764390691937887
chr13,16555531,active,0.386,1.768,9.799934587214121
chr13,16559531,active,0.387,1.728,9.75131017561538
chr13,16563531,active,0.389,1.84,9.904083946125414
chr13,16567531,active,0.3885,1.868,9.947980335524752
chr13,16571531,active,0.3865,1.868,9.990756719315234
chr13,16575531,active,0.388,1.72,9.753187229632214
chr13,16579531,active,0.3895,1.856,9.921208542101246
chr13,16583531,active,0.386,1.832,9.982565612884034
chr13,16587531,active,0.3855,1.84,9.919370778867911
chr13,16591531,active,0.389,1.844,9.9485217962075
chr13,16595531,active,0.389,1.844,9.95870050218323
chr13,16599531,active,0.383,1.78,9.84799542152955
chr13,16603531,active,0.39,1.848,9.953265500698325
chr13,16607531,active,0.3895,1.848,9.953640621570248
chr13,16611531,active,0.3875,1.836,9.944548329720108
chr13,16615531,active,0.387,1.788,9.815555006952197
chr13,16619531,active,0.3875,1.844,9.947397779934791
chr13,16623531,active,0.3875,1.832,9.927902682150293
chr13,16627531,active,0.388,1.88,9.974071388246685
chr13,16631531,active,0.3855,1.744,9.74907847911233
chr13,16635531,active,0.3895,1.732,9.764129158029608
chr13,16639531,active,0.39,1.796,9.906966379734097
chr13,16643531,active,0.388,1.832,9.906346957746097
chr13,16647531,active,0.3895,1.728,9.744560640454711
chr13,16651531,active,0.3875,1.776,9.818977477662546
chr13,16655531,active,0.385,1.768,9.774304087560733
chr13,16659531,active,0.3875,1.824,9.930717377380104
chr13,16663531,active,0.388,1.848,9.957482116232685
chr13,16667531,active,0.386,1.76,9.765016376610168
chr13,16671531,active,0.385,1.768,9.812803753281672
chr13,16675531,active,0.3805,1.792,9.84783858999651
chr13,16679531,active,0.3895,1.848,9.944819997884213
chr13,16683531,active,0.3905,1.856,9.975304449968027
chr13,16687531,active,0.389,1.836,9.931913628841208
chr13,16691531,active,0.3825,1.756,9.798005970668287
chr13,16695531,active,0.3855,1.844,9.963249752633894
chr13,16699531,active,0.3885,1.848,9.936540846313463
chr13,16703531,active,0.3865,1.844,9.972377791345648
chr13,16707531,active,0.388,1.752,9.78148057763411
chr13,16711531,active,0.391,1.844,9.937302999620199
chr13,16715531,active,0.3895,1.832,9.912332142020988
chr13,16719531,active,0.3875,1.86,9.980171370903639
chr13,16723531,active,0.3865,1.836,9.951305279634182
chr13,16727531,active,0.3855,1.744,9.760525246489667
chr13,16731531,active,0.386,1.808,9.82774830469415
chr13,16735531,active,0.387,1.852,9.961779102073768
chr13,16739531,active,0.3875,1.852,9.949895307165711
chr13,16743531,active,0.383,1.776,9.824609664122539
chr13,16747531,active,0.3815,1.78,9.832976181221829
chr13,16751531,active,0.3895,1.86,9.935870565012532
chr13,16755531,active,0.39,1.84,9.938471860428308
chr13,16759531,active,0.3835,1.796,9.83550736179002
chr13,16763531,active,0.3885,1.84,9.915856081685591
chr13,16767531,active,0.3835,1.784,9.823401450676824
chr13,16771531,active,0.3905,1.836,9.898084203115415
chr13,16775531,active,0.3855,1.864,10.012820643780143
chr13,16779531,active,0.387,1.74,9.753522699538046
chr13,16783531,active,0.3865,1.88,10.013900352084768
chr13,16787531,active,0.39,1.644,9.699126779226397
chr13,16791531,active,0.3885,1.86,9.974529953393963
chr13,16795531,active,0.3885,1.836,9.916700049980415
chr13,16799531,active,0.388,1.848,9.952247462362125
chr13,16803531,active,0.39,1.684,9.770225003319457
chr13,16807531,active,0.388,1.856,9.966908504829236
chr13,16811531,active,0.3915,1.668,9.696216612671089
chr13,16815531,active,0.3875,1.836,9.913811657732122
chr13,16819531,active,0.387,1.848,9.938278895034637
chr13,16823531,active,0.383,1.768,9.815232794952308
chr13,16827531,active,0.3825,1.768,9.800761006499718
chr13,16831531,active,0.3885,1.852,9.962191703149198
chr13,16835531,active,0.387,1.872,9.953211097463555
chr13,16839531,active,0.3895,1.652,9.687917119302002
chr13,16843531,active,0.385,1.8,9.832950219866099
chr13,16847531,active,0.384,1.756,9.771140227098538
chr13,16851531,active,0.385,1.848,9.921726521951491
chr13,16855531,active,0.388,1.86,9.95433823167009
chr13,16859531,active,0.3845,1.748,9.75399381211037
chr13,16863531,active,0.3895,1.864,9.991787351330412
chr13,16867531,active,0.3855,1.868,9.964008433540592
chr13,16871531,active,0.385,1.8,9.866440631764158
chr13,16875531,active,0.3895,1.852,9.944037062147224
chr13,16879531,active,0.3845,1.736,9.745557734619714
chr13,16883531,active,0.387,1.748,9.766594776697612
chr13,16887531,active,0.3875,1.808,9.888064975104653
chr13,16891531,active,0.3815,1.776,9.802940591733776
chr13,16895531,active,0.383,1.784,9.808509253680162
chr13,16899531,active,0.387,1.828,9.943717723385815
chr13,16903531,active,0.3875,1.772,9.789424353685874
chr13,16907531,active,0.3875,1.832,9.937612142271691
chr13,16911531,active,0.391,1.856,9.987951455125128
chr13,16915531,active,0.388,1.844,9.93934148603428
chr13,16919531,active,0.3895,1.864,9.976296455426683
chr13,16923531,active,0.392,1.728,9.735144474044608
chr13,16927531,active,0.3905,1.86,9.964861838591451
chr13,16931531,active,0.3845,1.756,9.774510388098433
chr13,16935531,active,0.385,1.768,9.80880787507673
chr13,16939531,active,0.388,1.852,9.92269082699629
chr13,16943531,active,0.386,1.824,9.91047792570981
chr13,16947531,active,0.3825,1.756,9.798059266539221
chr13,16951531,active,0.385,1.772,9.791035775416335
chr13,16955531,active,0.3895,1.832,9.917352050474678
chr13,16959531,active,0.3805,1.772,9.833188163171085
chr13,16963531,active,0.386,1.76,9.75472928941275
chr13,16967531,active,0.3835,1.772,9.832070144527137
chr13,16971531,active,0.386,1.872,10.013569101760384
chr13,16975531,active,0.3885,1.84,9.939753842414406
chr13,16979531,active,0.386,1.856,9.982414784695978
chr13,16983531,active,0.389,1.836,9.910865345143646
chr13,16987531,active,0.3845,1.792,9.796804784977061
chr13,16991531,active,0.384,1.764,9.817871016115397
chr13,16995531,active,0.381,1.764,9.819894761693185
chr13,16999531,active,0.389,1.82,9.889512061878005
chr13,17003531,active,0.385,1.844,9.929709240036873
chr13,17007531,active,0.3885,1.84,9.946461922485367
chr13,17011531,active,0.387,1.84,9.914825089487936
chr13,17015531,active,0.389,1.812,9.906320996390349
chr13,17019531,active,0.388,1.856,9.954484208582379
chr13,17023531,active,0.3895,1.876,9.995729186482972
chr13,17027531,active,0.3885,1.844,9.957104160371271
chr13,17031531,active,0.3885,1.74,9.755586760308894
chr13,17035531,active,0.3845,1.868,10.022559570190035
chr13,17039531,active,0.3885,1.732,9.750611818334075
chr13,17043531,active,0.3875,1.776,9.837195360233837
chr13,17047531,active,0.3845,1.844,9.91704455249449
chr13,17051531,active,0.3875,1.828,9.944541739386185
chr13,17055531,active,0.3885,1.744,9.76367513439725
chr13,17059531,active,0.3845,1.836,9.938748430289762
chr13,17063531,active,0.382,1.804,9.85290830082079
chr13,17067531,active,0.3895,1.824,9.883135282553024
chr13,17071531,active,0.3865,1.832,9.922055047057235
chr13,17075531,active,0.391,1.816,9.912433223976338
chr13,17079531,active,0.3885,1.82,9.918213501973204
chr13,17083531,active,0.386,1.828,9.926840091150659
chr13,17087531,active,0.389,1.848,9.956929109885664
chr13,17091531,active,0.389,1.88,10.026342474569017
chr13,17095531,active,0.388,1.832,9.958095573124709
chr13,17099531,active,0.3885,1.68,9.73278649930083
chr13,17103531,active,0.388,1.832,9.920380770756493
chr13,17107531,active,0.3905,1.852,9.954604224138949
chr13,17111531,active,0.385,1.756,9.765512260219985
chr13,17115531,active,0.3865,1.76,9.779982232376323
chr13,17119531,active,0.3875,1.856,9.968684444358004
chr13,17123531,active,0.3865,1.836,9.925063841861064
chr13,17127531,active,0.3905,1.828,9.92408119592029
chr13,17131531,active,0.3835,1.808,9.854133708809615
chr13,17135531,active,0.385,1.768,9.79745548954991
chr13,17139531,active,0.385,1.78,9.816543224533687
chr13,17143531,active,0.3895,1.852,9.941059588177248
chr13,17147531,active,0.3855,1.732,9.755907599149367
chr13,17151531,active,0.3845,1.832,9.915033123367538
chr13,17155531,active,0.384,1.796,9.836748558629708
chr13,17159531,active,0.3855,1.76,9.776620534144474
chr13,17163531,active,0.3895,1.824,9.918839907010405
chr13,17167531,active,0.385,1.84,9.967961897311842
chr13,17171531,active,0.389,1.876,9.987181583020321
chr13,17175531,active,0.387,1.828,9.943646202846057
chr13,17179531,active,0.383,1.812,9.885230820182436
chr13,17183531,active,0.3825,1.792,9.845071592180481
chr13,17187531,active,0.3855,1.74,9.734592269675137
chr13,17191531,active,0.387,1.844,9.978397441944901
chr13,17195531,active,0.3855,1.772,9.754947191752612
chr13,17199531,active,0.3875,1.712,9.732367342712758
chr13,17203531,active,0.3865,1.756,9.756091526218498
chr13,17207531,active,0.388,1.728,9.757397537776946
chr13,17211531,active,0.3895,1.8,9.908836766178888
chr13,17215531,active,0.388,1.84,9.905727586179653
chr13,17219531,active,0.383,1.788,9.831777836236371
chr13,17223531,active,0.388,1.852,9.954879042769651
chr13,17227531,active,0.385,1.712,9.737372820091005
chr13,17231531,active,0.389,1.82,9.894140375281607
chr13,17235531,active,0.3895,1.856,9.940546170942113
chr13,17239531,active,0.385,1.884,10.031958175418298
chr13,17243531,active,0.3855,1.744,9.746138718608725
chr13,17247531,active,0.385,1.844,9.971534558799721
chr13,17251531,active,0.388,1.848,9.950420270065115
chr13,17255531,active,0.3835,1.792,9.84055778454684
chr13,17259531,active,0.393,1.768,9.799844758311025
chr13,17263531,active,0.383,1.732,9.775447978889789
chr13,17267531,active,0.386,1.876,9.99654857801406
chr13,17271531,active,0.389,1.736,9.75908785655161
chr13,17275531,active,0.386,1.748,9.764377407215415
chr13,17279531,active,0.3865,1.872,9.97166061023398
chr13,17283531,active,0.3835,1.764,9.800486220401725
chr13,17287531,active,0.3845,1.748,9.758632846758795
chr13,17291531,active,0.3905,1.864,9.958436221956058
chr13,17295531,active,0.3845,1.744,9.758593517726215
chr13,17299531,active,0.39,1.852,9.989723284843288
chr13,17303531,active,0.383,1.752,9.803119861800905
chr13,17307531,active,0.3855,1.756,9.758905589753988
chr13,17311531,active,0.387,1.72,9.734290006335241
chr13,17315531,active,0.389,1.792,9.879071665969237
chr13,17319531,active,0.383,1.784,9.829508821270752
chr13,17323531,active,0.384,1.776,9.795712373222656
chr13,17327531,active,0.388,1.856,9.966581828552458
chr13,17331531,active,0.382,1.776,9.82527921934233
chr13,17335531,active,0.386,1.768,9.792035234617536
chr13,17339531,active,0.3875,1.832,9.935782906871943
chr13,17343531,active,0.3845,1.836,9.959494265724508
chr13,17347531,active,0.3885,1.82,9.917659028079857
chr13,17351531,active,0.388,1.824,9.924136308087473
chr13,17355531,active,0.388,1.824,9.923870979845658
chr13,17359531,active,0.385,1.764,9.74722107334539
chr13,17363531,active,0.3885,1.744,9.772302355269042
chr13,17367531,active,0.3855,1.848,9.960810178275974
chr13,17371531,active,0.384,1.78,9.794493632805839
chr13,17375531,active,0.3875,1.884,10.029939364070655
chr13,17379531,active,0.3835,1.776,9.806770567548412
chr13,17383531,active,0.386,1.844,9.937088950963144
chr13,17387531,active,0.3845,1.756,9.74818542309551
chr13,17391531,active,0.3855,1.836,9.925388341659055
chr13,17395531,active,0.387,1.844,9.955146774296638
chr13,17399531,active,0.3885,1.836,9.977226791657072
chr13,17403531,active,0.3845,1.768,9.755208997172742
chr13,17407531,active,0.386,1.768,9.833964758985836
chr13,17411531,active,0.388,1.704,9.7249599081906
chr13,17415531,active,0.3885,1.828,9.932589142700595
chr13,17419531,active,0.3895,1.832,9.904641764759168
chr13,17423531,active,0.386,1.852,9.99937873444504
chr13,17427531,active,0.39,1.828,9.928571773133013
chr13,17431531,active,0.3815,1.804,9.856015974284668
chr13,17435531,active,0.389,1.876,9.955851051968606
chr13,17439531,active,0.391,1.876,9.993136252992088
chr13,17443531,active,0.387,1.848,9.957941466810336
chr13,17447531,active,0.3905,1.844,9.94974787985588
chr13,17451531,active,0.3845,1.764,9.749729764957904
chr13,17455531,active,0.385,1.82,9.892386011618385
chr13,17459531,active,0.389,1.86,9.976779712824866
chr13,17463531,active,0.3875,1.848,9.950784536316228
chr13,17467531,active,0.3855,1.84,9.937786561062998
chr13,17471531,active,0.3905,1.812,9.913046359674968
chr13,17475531,active,0.384,1.908,10.139474559506784
chr13,17479531,active,0.386,1.724,9.755724794088014
chr13,17483531,active,0.386,1.896,10.080351001523274
chr13,17487531,active,0.387,1.9,10.095538657277375
chr13,17491531,active,0.3835,1.852,9.95060251421395
chr13,17495531,active,0.386,1.704,9.748121472593821
chr13,17499531,inactive,0.3745,1.98,10.213377238014338
chr13,17503531,inactive,0.3745,1.864,10.004851408858734
chr13,17507531,inactive,0.3745,1.964,10.259649700863015
chr14,7445759,inactive,0.371,1.92,10.1910723198809
chr14,7449759,inactive,0.372,1.872,10.12060142608775
chr14,7453759,inactive,0.3755,1.88,10.072580165500268
chr14,7457759,inactive,0.3735,1.9,10.134252537564103
chr14,7461759,inactive,0.382,1.792,9.97373369239683
chr14,7465759,inactive,0.3825,1.796,10.001791771890765
chr14,7469759,inactive,0.382,1.78,9.94557316900433
chr14,7473759,inactive,0.3825,1.808,10.042080606681473
chr14,7477759,inactive,0.3755,1.9,10.129103918263102
chr14,7481759,inactive,0.371,1.868,10.127294435590992
chr14,7485759,inactive,0.3755,1.944,10.21704349518215
chr14,7489759,inactive,0.378,1.904,10.138551056757143
chr14,7493759,inactive,0.3835,1.824,10.034534721853099
chr14,7497759,inactive,0.3825,1.724,9.829531919271957
chr14,7501759,inactive,0.377,1.768,9.946462614485228
chr14,7505759,inactive,0.376,1.932,10.252495312746333
chr14,7509759,inactive,0.3745,1.868,10.11973940379268
chr14,7513759,inactive,0.3775,1.872,10.08359352576683
chr14,7517759,inactive,0.379,1.82,9.958882746332092
chr14,7521759,inactive,0.3815,1.776,9.899936890982497
chr14,8149759,inactive,0.3645,2.044,10.361478709086203
chr14,8153759,inactive,0.3595,1.996,10.28816112282977
chr14,8157759,inactive,0.3635,1.948,10.227084675581171
chr14,8161759,inactive,0.3625,1.988,10.267807608526237
chr14,8165759,inactive,0.365,1.916,10.129794146142283
chr14,8169759,inactive,0.366,1.9,10.119955212608202
chr14,8173759,inactive,0.3665,1.884,10.13929703421407
chr14,8177759,inactive,0.3655,1.928,10.205490180768269
chr14,8181759,inactive,0.3645,1.964,10.294868958205413
chr14,8185759,inactive,0.3615,1.92,10.159224413856629
chr14,8189759,inactive,0.366,1.956,10.210792380292498
chr14,8193759,inactive,0.3655,1.944,10.209435432183065
chr14,8197759,inactive,0.372,1.904,10.175209105562068
chr14,8201759,inactive,0.37,1.964,10.267775611292755
chr14,8205759,inactive,0.3705,2.012,10.309077157474388
chr14,8209759,inactive,0.368,1.98,10.267626244934775
chr14,8213759,inactive,0.369,2.024,10.341302942121937
chr14,8217759,inactive,0.3675,1.984,10.285806260303563
chr14,10093759,active,0.386,1.94,10.116445626780918
chr14,10097759,active,0.3885,1.876,10.007974129708284
chr14,10101759,active,0.3865,1.94,10.09854320568311
chr14,10105759,active,0.394,1.832,9.977525469191498
chr14,10109759,active,0.3905,1.824,9.99698832504715
chr14,10113759,active,0.3835,1.944,10.126779779697792
chr14,10117759,active,0.3885,1.856,10.000369178926803
chr14,10121759,active,0.3865,1.892,10.078711176162733
chr14,10125759,active,0.3825,1.952,10.127672758476495
chr14,10129759,active,0.393,1.908,10.046497707965983
chr14,10133759,active,0.3845,1.94,10.071897020557067
chr14,10137759,active,0.3945,1.8,9.854282886610086
chr14,10141759,active,0.395,1.852,9.903735805302523
chr14,10145759,active,0.3895,1.904,10.084738486210732
chr14,10149759,active,0.3875,1.92,10.098330592039593
chr14,10153759,active,0.382,1.948,10.082121026377633
chr14,10157759,active,0.3915,1.868,10.03486830944082
chr14,10161759,active,0.391,1.816,9.92288028174082
chr14,10165759,active,0.387,1.892,10.067903235876527
chr14,10169759,active,0.3845,1.944,10.148706715153311
chr14,10173759,active,0.3815,1.968,10.215677033078661
chr14,10177759,active,0.3865,1.824,9.93365848422663
chr14,10181759,active,0.389,1.856,9.993025596144902
chr14,10185759,active,0.394,1.848,9.955920579827156
chr14,10189759,active,0.3955,1.84,9.953761357491643
chr14,10193759,active,0.3915,1.828,9.96481178259776
chr14,10197759,active,0.3925,1.876,9.95765788708318
chr14,10201759,active,0.391,1.84,9.914062194715981
chr14,10205759,active,0.391,1.86,9.983977014649833
chr14,10209759,active,0.3925,1.864,9.966842505508449
chr14,10213759,active,0.39,1.84,9.946098048949395
chr14,10217759,active,0.39,1.828,9.934317352282868
chr14,10221759,active,0.3895,1.812,9.89673957145673
chr14,10225759,active,0.389,1.816,9.914769667559865
chr14,10229759,active,0.391,1.804,9.914556533541395
chr14,10233759,active,0.3905,1.828,9.967651287114094
chr14,10237759,active,0.3895,1.828,9.930158274257524
chr14,10241759,active,0.3935,1.844,9.91643895920892
chr14,10245759,active,0.397,1.816,9.907347846244523
chr14,10249759,active,0.396,1.824,9.92940849258313
chr14,10253759,active,0.3905,1.852,9.92087458444697
chr14,10257759,active,0.391,1.832,9.93108161681469
chr14,10261759,active,0.3925,1.8,9.914075833904645
chr14,10265759,active,0.3905,1.844,9.978019530788812
chr14,10269759,active,0.392,1.808,9.931323032519751
chr14,10273759,active,0.3825,1.952,10.163002378289159
chr14,10277759,active,0.3845,1.864,10.011144324376543
chr14,10281759,active,0.386,1.924,10.040375236353443
chr14,10285759,active,0.3915,1.824,9.92189317152317
chr14,10289759,active,0.393,1.856,9.975467987322086
chr14,10293759,active,0.3875,1.848,9.958956688045904
chr14,10297759,active,0.385,1.908,10.133241857843435
chr14,10301759,active,0.386,1.876,10.082083817685914
chr14,10305759,active,0.3825,1.964,10.161457681960565
chr14,10309759,active,0.3865,1.928,10.095768825646411
chr14,10313759,active,0.389,1.852,9.969526241890325
chr14,10317759,active,0.3835,1.924,10.13656150754032
chr14,10321759,active,0.385,1.92,10.146590731670983
chr14,10325759,active,0.384,1.952,10.151952396319844
chr14,10329759,active,0.3915,1.896,10.08209297149754
chr14,10333759,active,0.394,1.848,9.934171098142501
chr14,10337759,active,0.3925,1.848,9.935400421668168
chr14,10341759,active,0.3915,1.816,9.899410389014841
chr14,10345759,active,0.391,1.804,9.889941591700916
chr14,10349759,active,0.3915,1.852,9.95362626773288
chr14,10353759,active,0.3855,1.888,10.023297578437285
chr14,10357759,active,0.385,1.984,10.217737659698473
chr14,10361759,active,0.382,1.956,10.158006331950642
chr14,10365759,active,0.386,1.844,9.964566540026443
chr14,10369759,active,0.39,1.812,9.910060883962563
chr14,10373759,active,0.3925,1.832,9.945751331707573
chr14,10377759,active,0.394,1.852,9.987503485259335
chr14,10381759,active,0.393,1.856,9.948309354188863
chr14,10385759,active,0.391,1.864,9.98667910907653
chr14,10389759,active,0.3905,1.82,9.948722896719422
chr14,10393759,active,0.3955,1.768,9.820418622944999
chr14,10397759,active,0.393,1.84,9.921652121716829
chr14,10401759,active,0.389,1.816,9.90860754498117
chr14,10405759,active,0.3895,1.828,9.933814163690448
chr14,10409759,active,0.389,1.824,9.933232078053814
chr14,10413759,active,0.3845,1.8,9.908111738609449
chr14,10417759,active,0.3915,1.804,9.89116032640144
chr14,10421759,active,0.391,1.816,9.939693486256157
chr14,10425759,active,0.3865,1.804,9.865067762384177
chr14,10429759,active,0.3905,1.828,9.936066061351067
chr14,10433759,active,0.3945,1.876,9.98692553053356
chr14,10437759,active,0.392,1.836,9.915412165492546
chr14,10441759,active,0.392,1.832,9.917126706564781
chr14,10445759,active,0.394,1.804,9.867851047369442
chr14,10449759,active,0.3915,1.84,9.919713005016401
chr14,10453759,active,0.392,1.852,9.975218447931177
chr14,10457759,active,0.3905,1.816,9.91267782913701
chr14,10461759,active,0.389,1.856,9.954655160689866
chr14,10465759,active,0.3875,1.816,9.94231020462409
chr14,10469759,active,0.391,1.824,9.93693426337601
chr14,10473759,active,0.388,1.824,9.95515001989021
chr14,10477759,active,0.39,1.824,9.947326208973381
chr14,10481759,active,0.3915,1.812,9.896438463820537
chr14,10485759,active,0.3915,1.808,9.863557151097185
chr14,10489759,active,0.3935,1.832,9.963610236724081
chr14,10493759,active,0.394,1.84,9.958852565394848
chr14,10497759,active,0.3935,1.844,9.995282184888845
chr14,10501759,active,0.391,1.828,9.959525958913385
chr14,10505759,active,0.392,1.792,9.918926629412049
chr14,10509759,active,0.391,1.808,9.884008613081821
chr14,10513759,active,0.395,1.812,9.912368592098762
chr14,10517759,active,0.39,1.812,9.920779732643155
chr14,10521759,active,0.39,1.84,9.92305340461079
chr14,10525759,active,0.3905,1.804,9.906497398935134
chr14,10529759,active,0.3895,1.768,9.838878352925633
chr14,10533759,active,0.3905,1.812,9.932877591592352
chr14,10537759,active,0.392,1.86,9.966882460519045
chr14,10541759,active,0.3885,1.84,9.947607635826884
chr14,10545759,active,0.39,1.816,9.947647264144129
chr14,10549759,active,0.397,1.812,9.895018717278639
chr14,10553759,active,0.393,1.872,10.00038042054653
chr14,10557759,active,0.3945,1.852,9.9996339227147
chr14,10561759,active,0.3895,1.784,9.833166117352178
chr14,10565759,active,0.3925,1.78,9.84468768339563
chr14,10569759,active,0.392,1.856,9.947717954548166
chr14,10573759,active,0.3945,1.848,9.965136946622835
chr14,10577759,active,0.392,1.82,9.92797386611271
chr14,10581759,active,0.389,1.808,9.878200301305025
chr14,10585759,active,0.39,1.824,9.952864668882288
chr14,10589759,active,0.3915,1.772,9.846190408427384
chr14,10593759,active,0.3915,1.84,9.956735674538656
chr14,10597759,active,0.392,1.832,9.956546568544029
chr14,10601759,active,0.388,1.864,9.999673883441544
chr14,10605759,active,0.39,1.828,9.939623156034589
chr14,10609759,active,0.3945,1.856,9.960725045363999
chr14,10613759,active,0.3925,1.848,9.976844743873857
chr14,10617759,active,0.3955,1.832,9.934123395012492
chr14,10621759,active,0.3935,1.86,9.958807593199744
chr14,10625759,active,0.3915,1.836,9.916753047522958
chr14,10629759,active,0.393,1.8,9.88884069036196
chr14,10633759,active,0.3925,1.776,9.906054179501949
chr14,10637759,active,0.3915,1.84,9.957575517638894
chr14,10641759,active,0.3895,1.804,9.871641998196116
chr14,10645759,active,0.39,1.832,9.924171307767622
chr14,10649759,active,0.389,1.788,9.915532922514224
chr14,10653759,active,0.3905,1.776,9.862609392560904
chr14,10657759,active,0.3915,1.852,10.02139768099857
chr14,10661759,active,0.389,1.832,9.957271601829683
chr14,10665759,active,0.3925,1.784,9.833231263888347
chr14,10669759,active,0.395,1.804,9.882202847082024
chr14,10673759,active,0.3955,1.824,9.928006295050505
chr14,10677759,active,0.3965,1.792,9.875610175987177
chr14,10681759,active,0.3945,1.812,9.885767467838368
chr14,10685759,active,0.3935,1.772,9.832901503759043
chr14,10689759,active,0.3935,1.776,9.836062195865777
chr14,10693759,active,0.3965,1.772,9.832566311081314
chr14,10697759,active,0.3945,1.756,9.838547740011812
chr14,10701759,active,0.391,1.828,9.928951196540694
chr14,10705759,active,0.39,1.844,9.930811708808976
chr14,10709759,active,0.3895,1.8,9.902606745028859
chr14,10713759,active,0.3905,1.792,9.875310175714848
chr14,10717759,active,0.392,1.82,9.944185165116556
chr14,10721759,active,0.3885,1.824,9.966164537942237
chr14,10725759,active,0.3905,1.752,9.829640687492502
chr14,10729759,active,0.3895,1.8,9.874821485768196
chr14,10733759,active,0.3945,1.828,9.974276664374836
chr14,10737759,active,0.3955,1.804,9.926524376054164
chr14,10741759,active,0.3915,1.824,9.919175144393447
chr14,10745759,active,0.3955,1.832,9.913311560257025
chr14,10749759,active,0.3935,1.804,9.916654330603858
chr14,10753759,active,0.393,1.8,9.91012482384023
chr14,10757759,active,0.3935,1.868,9.990644451878044
chr14,10761759,active,0.3885,1.8,9.883960162770398
chr14,10765759,active,0.391,1.8,9.897164438561363
chr14,10769759,active,0.3895,1.812,9.897507954914966
chr14,10773759,active,0.389,1.82,9.929128140560712
chr14,10777759,active,0.3915,1.848,9.978606937654524
chr14,10781759,active,0.39,1.852,9.985123463740317
chr14,10785759,active,0.39,1.816,9.899656976380603
chr14,10789759,active,0.39,1.804,9.896476907535808
chr14,10793759,active,0.3945,1.836,9.913333379269389
chr14,10797759,active,0.3965,1.884,9.980945563433123
chr14,10801759,active,0.395,1.804,9.886062339606822
chr14,10805759,active,0.39,1.788,9.851961954649243
chr14,10809759,active,0.391,1.792,9.855805846880646
chr14,10813759,active,0.3945,1.784,9.848162071101235
chr14,10817759,active,0.394,1.76,9.838476440562275
chr14,10821759,active,0.3925,1.764,9.822204540704877
chr14,10825759,active,0.391,1.808,9.917960540603772
chr14,10829759,active,0.3905,1.804,9.916265842055173
chr14,10833759,active,0.3905,1.812,9.912460198308988
chr14,10837759,active,0.393,1.816,9.945382878407738
chr14,10841759,active,0.393,1.796,9.898830612276571
chr14,10845759,active,0.392,1.792,9.873741168418066
chr14,10849759,active,0.3925,1.772,9.831846898309372
chr14,10853759,active,0.396,1.776,9.841602853353649
chr14,10857759,active,0.397,1.768,9.848516634800797
chr14,10861759,active,0.3965,1.832,9.932603552675781
chr14,10865759,active,0.393,1.812,9.875308802555391
chr14,10869759,active,0.3935,1.772,9.832901503759043
chr14,10873759,active,0.393,1.816,9.895345697599947
chr14,10877759,active,0.394,1.796,9.856686914096377
chr14,10881759,active,0.3945,1.748,9.823055819698586
chr14,10885759,active,0.3905,1.764,9.849047163624647
chr14,10889759,active,0.392,1.82,9.898891296084448
chr14,10893759,active,0.3895,1.792,9.876546665130912
chr14,10897759,active,0.3905,1.8,9.883060516419647
chr14,10901759,active,0.392,1.784,9.87529849095832
chr14,10905759,active,0.3935,1.784,9.86727619914504
chr14,10909759,active,0.3905,1.788,9.865299885185442
chr14,10913759,active,0.3925,1.784,9.851188719915227
chr14,10917759,active,0.396,1.828,9.913179355909374
chr14,10921759,active,0.396,1.776,9.84107268471225
chr14,10925759,active,0.3945,1.784,9.843522127530424
chr14,10929759,active,0.3915,1.812,9.867652870517592
chr14,10933759,active,0.393,1.748,9.813444240644314
chr14,10937759,active,0.395,1.788,9.846707873619032
chr14,10941759,active,0.3935,1.776,9.858576943074832
chr14,10945759,active,0.3915,1.796,9.829998397490968
chr14,10949759,active,0.391,1.78,9.860795502875243
chr14,10953759,active,0.3925,1.792,9.87919783443913
chr14,10957759,active,0.3895,1.816,9.90508825660237
chr14,10961759,active,0.3905,1.816,9.906744844801658
chr14,10965759,active,0.392,1.872,9.989479034148708
chr14,10969759,active,0.3885,1.816,9.884582729508805
chr14,10973759,active,0.3895,1.804,9.88847044282242
chr14,10977759,active,0.392,1.808,9.88686370645903
chr14,10981759,active,0.3935,1.792,9.840387668291307
chr14,10985759,active,0.392,1.804,9.880046161407693
chr14,10989759,active,0.392,1.796,9.86922215504247
chr14,10993759,active,0.3915,1.796,9.85298235802168
chr14,10997759,active,0.3895,1.812,9.896338739640704
chr14,11001759,active,0.3915,1.808,9.901515789388291
chr14,11005759,active,0.3905,1.768,9.831090809245376
chr14,11009759,active,0.389,1.828,9.897755838202052
chr14,11013759,active,0.389,1.78,9.836969578903403
chr14,11017759,active,0.389,1.78,9.831021331808348
chr14,11021759,active,0.39,1.808,9.868235620381286
chr14,11025759,active,0.3905,1.82,9.897062332196562
chr14,11029759,active,0.387,1.82,9.896889375235274
chr14,11033759,active,0.3905,1.804,9.879651912660806
chr14,11037759,active,0.3955,1.804,9.863993758139884
chr14,11041759,active,0.3935,1.792,9.864937795413041
chr14,11045759,active,0.394,1.856,9.99775158000153
chr14,11049759,active,0.386,1.812,9.92507502413146
chr14,11053759,active,0.3905,1.788,9.851831716166217
chr14,11057759,active,0.387,1.776,9.904952696890275
chr14,11061759,active,0.388,1.772,9.814665429051663
chr14,11065759,active,0.3905,1.784,9.877002588013903
chr14,11069759,active,0.3935,1.816,9.872618144022208
chr14,11073759,active,0.3935,1.784,9.823361063961896
chr14,11077759,active,0.3865,1.784,9.904603614612242
chr14,11081759,active,0.389,1.78,9.845589223280767
chr14,11085759,active,0.392,1.824,9.939608857378792
chr14,11089759,active,0.3935,1.772,9.819785948767219
chr14,11093759,active,0.389,1.788,9.890066535771334
chr14,11097759,active,0.3905,1.772,9.849116635345416
chr14,11101759,active,0.392,1.792,9.909652530833664
chr14,11105759,active,0.394,1.748,9.766430136955819
chr14,11109759,active,0.3875,1.768,9.838507058920026
chr14,11113759,active,0.392,1.772,9.84171270212159
chr14,11117759,active,0.3885,1.796,9.842456890098761
chr14,11121759,active,0.3925,1.756,9.796278436745515
chr14,11125759,active,0.385,1.792,9.885229524261064
chr14,11129759,active,0.3905,1.788,9.840812618350277
chr14,11133759,active,0.389,1.796,9.875976818706992
chr14,11137759,active,0.3915,1.788,9.892509145108782
chr14,11141759,active,0.3895,1.8,9.905827566487252
chr14,11145759,active,0.3875,1.804,9.875184124280532
chr14,11149759,active,0.3905,1.764,9.852955926712644
chr14,11153759,active,0.389,1.792,9.898235158963107
chr14,11157759,active,0.393,1.804,9.878578540110809
chr14,11161759,active,0.394,1.844,9.930023733238695
chr14,11165759,active,0.393,1.784,9.877137600534626
chr14,11169759,active,0.392,1.808,9.920588783535779
chr14,11173759,active,0.3905,1.792,9.922489422439634
chr14,11177759,active,0.3905,1.78,9.84738621675167
chr14,11181759,active,0.3895,1.78,9.881171423180094
chr14,11185759,active,0.389,1.788,9.867029722506468
chr14,11189759,active,0.3915,1.8,9.891722188231727
chr14,11193759,active,0.3935,1.764,9.842237659304796
chr14,11197759,active,0.391,1.8,9.898250044607847
chr14,11201759,active,0.3875,1.78,9.831904968217966
chr14,11205759,active,0.392,1.82,9.88390339449938
chr14,11209759,active,0.3935,1.776,9.886825324597888
chr14,11213759,active,0.3915,1.768,9.84560074784484
chr14,11217759,active,0.392,1.8,9.82716330682985
chr14,11221759,active,0.3895,1.772,9.860624866244814
chr14,11225759,active,0.3935,1.828,9.920685014215314
chr14,11229759,active,0.391,1.808,9.896642372505548
chr14,11233759,active,0.391,1.788,9.870633063249869
chr14,11237759,active,0.3895,1.816,9.872199146886516
chr14,11241759,active,0.3865,1.812,9.911951056793177
chr14,11245759,active,0.3865,1.828,9.925552283900878
chr14,11249759,active,0.3905,1.824,9.918204044116955
chr14,11253759,active,0.3915,1.796,9.830764460618386
chr14,11257759,active,0.3905,1.832,9.930850512706717
chr14,11261759,active,0.388,1.82,9.914432109845883
chr14,11265759,active,0.391,1.82,9.862614604019106
chr14,11269759,active,0.393,1.816,9.840986489950225
chr14,11273759,active,0.392,1.796,9.909371437346104
chr14,11277759,active,0.39,1.788,9.881146182189244
chr14,11281759,active,0.388,1.796,9.86461687933446
chr14,11285759,active,0.389,1.78,9.86778077232941
chr14,11289759,active,0.387,1.808,9.869137520448849
chr14,11293759,active,0.3895,1.804,9.895750916454688
chr14,11297759,active,0.388,1.788,9.91819555453239
chr14,11301759,active,0.3865,1.808,9.898128289993128
chr14,11305759,active,0.387,1.784,9.883142836398644
chr14,11309759,active,0.391,1.792,9.877611161097423
chr14,11313759,active,0.3915,1.784,9.847454371450874
chr14,11317759,active,0.39,1.8,9.8323720497663
chr14,11321759,active,0.3905,1.788,9.874321609383397
chr14,11325759,active,0.391,1.796,9.934063703081343
chr14,11329759,active,0.39,1.776,9.8517171778635
chr14,11333759,active,0.388,1.784,9.872355423963388
chr14,11337759,active,0.389,1.764,9.853998541812684
chr14,11341759,active,0.3895,1.752,9.839571332839958
chr14,11345759,active,0.3865,1.784,9.830391377132994
chr14,11349759,active,0.3865,1.78,9.81196713884244
chr14,11353759,active,0.3915,1.776,9.842384654910315
chr14,11357759,active,0.392,1.836,9.898313480450895
chr14,11361759,active,0.3895,1.788,9.832718761291872
chr14,11365759,active,0.3885,1.804,9.871688050938587
chr14,11369759,active,0.39,1.796,9.87863330352803
chr14,11373759,active,0.3925,1.812,9.896783337949623
chr14,11377759,active,0.392,1.812,9.905749610898186
chr14,11381759,active,0.3915,1.78,9.858958382768758
chr14,11385759,active,0.3875,1.792,9.853921295156
chr14,11389759,active,0.388,1.788,9.853506845251564
chr14,11393759,active,0.3885,1.772,9.866456536102119
chr14,11397759,active,0.39,1.8,9.890793529205414
chr14,11401759,active,0.388,1.792,9.902966154287938
chr14,11405759,active,0.3865,1.784,9.871243890050232
chr14,11409759,active,0.388,1.756,9.859972638944093
chr14,11413759,active,0.3905,1.824,9.894192297993069
chr14,11417759,active,0.3945,1.768,9.845528950076968
chr14,11421759,active,0.392,1.74,9.813790287942844
chr14,11425759,active,0.393,1.804,9.893406199616825
chr14,11429759,active,0.393,1.856,9.96540558552368
chr14,11433759,active,0.3935,1.796,9.89110758498672
chr14,11437759,active,0.3945,1.772,9.848681081077274
chr14,11441759,active,0.3885,1.748,9.820337626660129
chr14,11445759,active,0.39,1.744,9.84317414844851
chr14,11449759,active,0.3885,1.784,9.842705682308242
chr14,11453759,active,0.3875,1.756,9.857740466771505
chr14,11457759,active,0.3885,1.788,9.855929251882912
chr14,11461759,active,0.389,1.812,9.862693938483897
chr14,11465759,active,0.3885,1.772,9.845500706639353
chr14,11469759,active,0.3905,1.776,9.864418487108615
chr14,11473759,active,0.392,1.804,9.91244445987969
chr14,11477759,active,0.3925,1.812,9.866768415404737
chr14,11481759,active,0.394,1.816,9.888058667715045
chr14,11485759,active,0.3935,1.764,9.835650503712726
chr14,11489759,active,0.39,1.736,9.838963568791938
chr14,11493759,active,0.392,1.804,9.90596715305562
chr14,11497759,active,0.3925,1.804,9.890133178218843
chr14,11501759,active,0.39,1.788,9.838561075155841
chr14,11505759,active,0.3895,1.764,9.833960816632343
chr14,11509759,active,0.39,1.764,9.840524136925772
chr14,11513759,active,0.3875,1.768,9.86846658635338
chr14,11517759,active,0.3885,1.792,9.88171776767135
chr14,11521759,active,0.3895,1.764,9.85220785573136
chr14,11525759,active,0.389,1.772,9.866401944309837
chr14,11529759,active,0.3925,1.784,9.873629559491707
chr14,11533759,active,0.393,1.792,9.902289350223459
chr14,11537759,active,0.393,1.852,9.982678573869578
chr14,11541759,active,0.3915,1.796,9.865709817180052
chr14,11545759,active,0.3915,1.8,9.889896342277707
chr14,11549759,active,0.393,1.8,9.89245245979213
chr14,11553759,active,0.394,1.796,9.878121238352142
chr14,11557759,active,0.3905,1.8,9.89159644084204
chr14,11561759,active,0.388,1.78,9.84499407401188
chr14,11565759,active,0.388,1.776,9.845346628689997
chr14,11569759,active,0.389,1.78,9.836717751714406
chr14,11573759,active,0.388,1.784,9.885790228305886
chr14,11577759,active,0.3925,1.756,9.837063665636968
chr14,11581759,active,0.3865,1.824,9.90870471139959
chr14,11585759,active,0.39,1.764,9.872951099323409
chr14,11589759,active,0.392,1.804,9.881523783584448
chr14,11593759,active,0.391,1.816,9.92556041330299
chr14,11597759,active,0.392,1.84,9.946583405588193
chr14,11601759,active,0.3885,1.812,9.897518975444433
chr14,11605759,active,0.39,1.768,9.87284985717564
chr14,11609759,active,0.392,1.8,9.9051211684745
chr14,11613759,active,0.392,1.816,9.914785323034799
chr14,11617759,active,0.391,1.792,9.850411880953708
chr14,11621759,active,0.388,1.812,9.876500036831986
chr14,11625759,active,0.389,1.8,9.928276314375577
chr14,11629759,active,0.3875,1.792,9.886230994032273
chr14,11633759,active,0.3895,1.816,9.89403108096984
chr14,11637759,active,0.39,1.788,9.887376347191402
chr14,11641759,active,0.3885,1.788,9.889339769143751
chr14,11645759,active,0.3875,1.792,9.881749704007024
chr14,11649759,active,0.392,1.792,9.874808339181637
chr14,11653759,active,0.392,1.824,9.9049626483049
chr14,11657759,active,0.393,1.772,9.81881083952332
chr14,11661759,active,0.39,1.76,9.803082083268956
chr14,11665759,active,0.391,1.78,9.898809590867193
chr14,11669759,active,0.393,1.792,9.890568932477
chr14,11673759,active,0.393,1.804,9.926027334658865
chr14,11677759,active,0.389,1.8,9.885010520273578
chr14,11681759,active,0.39,1.788,9.861314507135033
chr14,11685759,active,0.3885,1.752,9.842471217119563
chr14,11689759,active,0.389,1.784,9.876376903341601
chr14,11693759,active,0.3895,1.804,9.891685206346517
chr14,11697759,active,0.3905,1.808,9.890807965997086
chr14,11701759,active,0.3885,1.768,9.824193120693705
chr14,11705759,active,0.3885,1.788,9.86215870319271
chr14,11709759,active,0.392,1.772,9.85954840353377
chr14,11713759,active,0.392,1.836,9.957690681919681
chr14,11717759,active,0.3915,1.816,9.928441390797856
chr14,11721759,active,0.388,1.788,9.852094950883666
chr14,11725759,active,0.3915,1.784,9.872987427457737
chr14,11729759,active,0.3925,1.808,9.938653274441341
chr14,11733759,active,0.391,1.796,9.887627238641524
chr14,11737759,active,0.3915,1.804,9.879316471119964
chr14,11741759,active,0.389,1.8,9.924269581549895
chr14,11745759,active,0.388,1.808,9.875014556764977
chr14,11749759,active,0.3905,1.768,9.843735012685816
chr14,11753759,active,0.391,1.816,9.932637200296792
chr14,11757759,active,0.388,1.868,10.019963873231434
chr14,11761759,active,0.3885,1.864,9.968983452753482
chr14,11765759,active,0.3885,1.816,9.922438823422326
chr14,11769759,active,0.3955,1.82,9.938321797310458
chr14,11773759,active,0.391,1.84,9.92995847538315
chr14,11777759,active,0.3935,1.832,9.937742740937082
chr14,11781759,active,0.3915,1.84,9.933913235075751
chr14,11785759,active,0.389,1.792,9.902033724533197
chr14,11789759,active,0.395,1.76,9.859830057193783
chr14,11793759,active,0.393,1.796,9.908818336612226
chr14,11797759,active,0.3935,1.796,9.814776284340256
chr14,11801759,active,0.3905,1.804,9.923657314976055
chr14,11805759,active,0.392,1.8,9.847767075172959
chr14,11809759,active,0.3905,1.812,9.908432328586832
chr14,11813759,active,0.3935,1.78,9.855001151480499
chr14,11817759,active,0.3895,1.776,9.885711906818116
chr14,11821759,active,0.392,1.808,9.905342265986361
chr14,11825759,active,0.3915,1.8,9.934012423496679
chr14,11829759,active,0.3925,1.744,9.792188117340805
chr14,11833759,active,0.393,1.816,9.89362795563952
chr14,11837759,active,0.3925,1.828,9.9364664346463
chr14,11841759,active,0.391,1.8,9.906278915322552
chr14,11845759,active,0.3905,1.796,9.884151832242683
chr14,11849759,active,0.3905,1.808,9.917975260339817
chr14,11853759,active,0.393,1.832,9.94850771959823
chr14,11857759,active,0.3905,1.792,9.882802215932353
chr14,11861759,active,0.3905,1.772,9.854272940911713
chr14,11865759,active,0.393,1.844,9.932359384935575
chr14,11869759,active,0.392,1.788,9.849075024231015
chr14,11873759,active,0.391,1.74,9.797966015657613
chr14,11877759,active,0.389,1.804,9.892827092821836
chr14,11881759,active,0.391,1.816,9.914101131033322
chr14,11885759,active,0.3895,1.804,9.91008684531833
chr14,11889759,active,0.3915,1.804,9.881011446896677
chr14,11893759,active,0.393,1.848,9.930645945510912
chr14,11897759,active,0.395,1.856,9.970596885053983
chr14,11901759,active,0.3915,1.84,9.935427844853985
chr14,11905759,active,0.3905,1.792,9.909306179490521
chr14,11909759,active,0.3905,1.804,9.913663206012735
chr14,11913759,active,0.391,1.796,9.848403481090038
chr14,11917759,active,0.3895,1.788,9.825963500014323
chr14,11921759,active,0.3885,1.756,9.825877569499347
chr14,11925759,active,0.3885,1.756,9.851052911340068
chr14,11929759,active,0.3875,1.768,9.833135221766314
chr14,11933759,active,0.389,1.772,9.841824892320638
chr14,11937759,active,0.3905,1.792,9.855523950073822
chr14,11941759,active,0.387,1.784,9.868944832283299
chr14,11945759,active,0.3865,1.796,9.84752235869277
chr14,11949759,active,0.392,1.772,9.824863036095932
chr14,11953759,active,0.3925,1.808,9.855859857400256
chr14,11957759,active,0.3935,1.816,9.913429178244629
chr14,11961759,active,0.3895,1.792,9.881634733999995
chr14,11965759,active,0.393,1.788,9.865912955078535
chr14,11969759,active,0.392,1.78,9.816496087292329
chr14,11973759,active,0.3865,1.812,9.925022552680026
chr14,11977759,active,0.389,1.784,9.893042453740609
chr14,11981759,active,0.391,1.832,9.922489201349398
chr14,11985759,active,0.395,1.804,9.90386769988932
chr14,11989759,active,0.392,1.812,9.831147854744488
chr14,11993759,active,0.3895,1.804,9.909833230198085
chr14,11997759,active,0.3895,1.784,9.86996449419059
chr14,12001759,active,0.388,1.756,9.822464414341614
chr14,12005759,active,0.3875,1.768,9.829708177008305
chr14,12009759,active,0.391,1.768,9.866464145129306
chr14,12013759,active,0.393,1.808,9.916944711279019
chr14,12017759,active,0.392,1.832,9.9320319671937
chr14,12021759,active,0.387,1.808,9.914137675497987
chr14,12025759,active,0.3905,1.716,9.781878231426866
chr14,12029759,active,0.3905,1.796,9.847832559834993
chr14,12033759,active,0.3895,1.804,9.857904192683094
chr14,12037759,active,0.389,1.808,9.882668118050317
chr14,12041759,active,0.3885,1.796,9.85092066228704
chr14,12045759,active,0.3885,1.752,9.866859551661625
chr14,12049759,active,0.388,1.76,9.838430913910964
chr14,12053759,active,0.3915,1.744,9.82718397377302
chr14,12057759,active,0.391,1.788,9.866231877519603
chr14,12061759,active,0.3895,1.776,9.857859684725021
chr14,12065759,active,0.3895,1.76,9.833309502421754
chr14,12069759,active,0.393,1.812,9.869990975921265
chr14,12073759,active,0.393,1.824,9.890844206417158
chr14,12077759,active,0.393,1.804,9.917679169888133
chr14,12081759,active,0.389,1.828,9.910021864690867
chr14,12085759,active,0.3885,1.78,9.88244919701719
chr14,12089759,active,0.3925,1.816,9.900157385165045
chr14,12093759,active,0.3905,1.804,9.917364206732968
chr14,12097759,active,0.3885,1.796,9.890575322820917
chr14,12101759,active,0.3895,1.756,9.86114458515326
chr14,12105759,active,0.3875,1.812,9.902638349547114
chr14,12109759,active,0.387,1.76,9.832856248619608
chr14,12113759,active,0.391,1.776,9.88256876943693
chr14,12117759,active,0.389,1.832,9.929255404961989
chr14,12121759,active,0.387,1.776,9.87185535330483
chr14,12125759,active,0.389,1.752,9.839671922193167
chr14,12129759,active,0.3915,1.74,9.818723092712075
chr14,12133759,active,0.392,1.828,9.895507546317491
chr14,12137759,active,0.393,1.84,9.953295156500685
chr14,12141759,active,0.3905,1.796,9.87251656374851
chr14,12145759,active,0.391,1.792,9.873799764417823
chr14,12149759,active,0.3935,1.816,9.922855400932436
chr14,12153759,active,0.392,1.808,9.878523427943604
chr14,12157759,active,0.392,1.736,9.796599121849816
chr14,12161759,active,0.3885,1.784,9.834592454228007
chr14,12165759,active,0.389,1.764,9.829253246002079
chr14,12169759,active,0.39,1.776,9.876727170221592
chr14,12173759,active,0.3885,1.788,9.877973167915469
chr14,12177759,active,0.389,1.8,9.90012932456867
chr14,12181759,active,0.387,1.752,9.831176899952789
chr14,12185759,active,0.386,1.784,9.850149964214204
chr14,12189759,active,0.394,1.82,9.891589191997308
chr14,12193759,active,0.3935,1.764,9.837486572593239
chr14,12197759,active,0.3915,1.784,9.871101302583675
chr14,12201759,active,0.392,1.768,9.874181004121795
chr14,12205759,active,0.3915,1.796,9.887822767512807
chr14,12209759,active,0.394,1.784,9.867269870655244
chr14,12213759,active,0.3945,1.804,9.874756976642608
chr14,12217759,active,0.3915,1.784,9.854997968481126
chr14,12221759,active,0.3905,1.768,9.836169862438728
chr14,12225759,active,0.388,1.804,9.864683238837639
chr14,12229759,active,0.3885,1.784,9.872595100610278
chr14,12233759,active,0.3875,1.772,9.859127507147539
chr14,12237759,active,0.3875,1.796,9.854357209606622
chr14,12241759,active,0.3865,1.784,9.865671041055144
chr14,12245759,active,0.3895,1.796,9.880770917465235
chr14,12249759,active,0.393,1.788,9.863190542458646
chr14,12253759,active,0.3925,1.792,9.868663738795771
chr14,12257759,active,0.393,1.828,9.906848108951916
chr14,12261759,active,0.3935,1.76,9.810745701572028
chr14,12265759,active,0.3925,1.76,9.812093882868822
chr14,12269759,active,0.393,1.804,9.94281303875032
chr14,12273759,active,0.3915,1.808,9.901820446662617
chr14,12277759,active,0.389,1.788,9.848765349772165
chr14,12281759,active,0.3875,1.808,9.878256328110881
chr14,12285759,active,0.3875,1.776,9.873961911463702
chr14,12289759,active,0.386,1.816,9.892293773713817
chr14,12293759,active,0.3885,1.804,9.918357352828329
chr14,12297759,active,0.3885,1.776,9.894815806186623
chr14,12301759,active,0.388,1.796,9.873211886050266
chr14,12305759,active,0.3915,1.772,9.856555734158196
chr14,12309759,active,0.3925,1.836,9.951369956217027
chr14,12313759,active,0.395,1.768,9.839038302392574
chr14,12317759,active,0.391,1.812,9.891320004356507
chr14,12321759,active,0.392,1.796,9.882149113790522
chr14,12325759,active,0.3915,1.788,9.901469825316417
chr14,12329759,active,0.3925,1.82,9.945441745919366
chr14,12333759,active,0.392,1.82,9.92481281382355
chr14,12337759,active,0.389,1.812,9.876518306206194
chr14,12341759,active,0.3895,1.768,9.857559297453749
chr14,12345759,active,0.3895,1.752,9.821883784818795
chr14,12349759,active,0.387,1.788,9.881721760446325
chr14,12353759,active,0.3885,1.804,9.914358994100079
chr14,12357759,active,0.39,1.868,10.01541562037377
chr14,12361759,active,0.3875,1.792,9.874641861234895
chr14,12365759,active,0.392,1.78,9.854595867560258
chr14,12369759,active,0.3945,1.792,9.874694991197128
chr14,12373759,active,0.3935,1.828,9.933797406567937
chr14,12377759,active,0.3925,1.812,9.893325120377632
chr14,12381759,active,0.3935,1.784,9.832517589258009
chr14,12385759,active,0.3895,1.796,9.902645132606276
chr14,12389759,active,0.3915,1.852,9.990128559835853
chr14,12393759,active,0.392,1.808,9.866418231479074
chr14,12397759,active,0.391,1.852,9.977884718258125
chr14,12401759,active,0.391,1.796,9.926945991848955
chr14,12405759,active,0.3865,1.824,9.924208150560613
chr14,12409759,active,0.3905,1.784,9.936660856153736
chr14,12413759,active,0.391,1.816,9.934817095291727
chr14,12417759,active,0.3865,1.856,9.996442252067737
chr14,12421759,active,0.3885,1.776,9.874816551538071
chr14,12425759,active,0.387,1.784,9.863685490329562
chr14,12429759,active,0.3905,1.828,9.943669134938492
chr14,12433759,active,0.394,1.836,9.971373918289228
chr14,12437759,active,0.3905,1.84,9.955271691550546
chr14,12441759,active,0.3925,1.804,9.909921054247409
chr14,12445759,active,0.3915,1.82,9.932275420285238
chr14,12449759,active,0.397,1.816,9.939141743297737
chr14,12453759,active,0.392,1.816,9.893960230373363
chr14,12457759,active,0.393,1.812,9.918310337530455
chr14,12461759,active,0.3905,1.816,9.923360704149434
chr14,12465759,active,0.388,1.812,9.918199741581107
chr14,12469759,active,0.391,1.784,9.895532787308323
chr14,12473759,active,0.39,1.852,10.0374180366113
chr14,12477759,active,0.387,1.8,9.861442569139328
chr14,12481759,active,0.3855,1.784,9.922608142074834
chr14,12485759,active,0.3915,1.812,9.91060163571289
chr14,12489759,active,0.392,1.784,9.890170375478046
chr14,12493759,active,0.3935,1.792,9.905207890876248
chr14,12497759,active,0.392,1.812,9.923591398609707
chr14,12501759,active,0.3905,1.792,9.906617503162275
chr14,12505759,active,0.392,1.784,9.862687276628117
chr14,12509759,active,0.3945,1.804,9.917087770247443
chr14,12513759,active,0.391,1.808,9.863625278023541
chr14,12517759,active,0.388,1.808,9.883742588080198
chr14,12521759,active,0.388,1.816,9.916323047746726
chr14,12525759,active,0.3915,1.804,9.890499255049976
chr14,12529759,active,0.386,1.764,9.852929056434517
chr14,12533759,active,0.3905,1.768,9.89770904399446
chr14,12537759,active,0.39,1.828,9.993789986828162
chr14,12541759,active,0.3895,1.816,9.926853919853125
chr14,12545759,active,0.393,1.8,9.955773805311855
chr14,12549759,active,0.395,1.804,9.900366603646622
chr14,12553759,active,0.3945,1.796,9.891449799702729
chr14,12557759,active,0.389,1.84,9.958973578544386
chr14,12561759,active,0.394,1.816,9.919256778088819
chr14,12565759,active,0.389,1.8,9.920257255983291
chr14,12569759,active,0.388,1.808,9.920359350915597
chr14,12573759,active,0.3915,1.808,9.942600945481667
chr14,12577759,active,0.393,1.796,9.909193983575246
chr14,12581759,active,0.396,1.796,9.914868490082105
chr14,12585759,active,0.391,1.812,9.879670376308745
chr14,12589759,active,0.3885,1.82,9.948317511955976
chr14,12593759,active,0.388,1.828,9.953656720181904
chr14,12597759,active,0.3915,1.796,9.89713947479866
chr14,12601759,active,0.3885,1.852,10.033810729909481
chr14,12605759,active,0.3975,1.844,9.996012727961089
chr14,12609759,active,0.3955,1.844,9.966876590550033
chr14,12613759,active,0.395,1.86,9.969418188318404
chr14,12617759,active,0.3905,1.832,9.939089271846305
chr14,12621759,active,0.3905,1.792,9.903050705927217
chr14,12625759,active,0.3915,1.836,9.966561710349211
chr14,12629759,active,0.3905,1.86,9.98424107378675
chr14,12633759,active,0.389,1.848,10.009404016222291
chr14,12637759,active,0.3925,1.804,9.916192614989987
chr14,12641759,active,0.395,1.832,9.93409740684026
chr14,12645759,active,0.391,1.832,9.968799254172504
chr14,12649759,active,0.392,1.78,9.864362217155957
chr14,12653759,active,0.39,1.8,9.852604396444056
chr14,12657759,active,0.3915,1.844,9.980280776534766
chr14,12661759,active,0.392,1.8,9.912821679992184
chr14,12665759,active,0.387,1.812,9.931627684077837
chr14,12669759,active,0.3875,1.832,9.983581132447936
chr14,12673759,active,0.383,1.952,10.164876237134015
chr14,12677759,active,0.3845,1.956,10.118398742852497
chr14,12681759,active,0.3905,1.868,9.976511677253207
chr14,12685759,active,0.388,1.872,10.033517597199136
chr14,12689759,active,0.3895,1.884,10.049844420666222
chr14,12693759,active,0.3845,1.9,10.002351374287963
chr14,12697759,active,0.385,1.884,10.013388381295666
chr14,12701759,active,0.384,1.976,10.233169855547759
chr14,12705759,active,0.3805,2.044,10.370222473114454
chr15,15415981,inactive,0.371,1.984,10.27808612318473
chr15,15419981,inactive,0.377,1.984,10.387045740363815
chr15,15423981,inactive,0.379,2.02,10.404459686888963
chr15,15427981,inactive,0.379,2.012,10.332056100820628
chr15,15431981,inactive,0.381,2.004,10.308846114264165
chr15,15435981,inactive,0.3785,2.016,10.324925574819071
chr15,15439981,inactive,0.3825,2.044,10.38354819947552
chr15,15443981,inactive,0.38,2.028,10.426354126792674
chr15,15447981,inactive,0.375,1.988,10.353866298845913
chr15,15451981,inactive,0.377,2.048,10.495987519872987
chr15,15455981,inactive,0.3745,2.028,10.482285183993493
chr15,15459981,inactive,0.376,2.008,10.373609479907488
chr15,15463981,inactive,0.379,2.004,10.332390634987586
chr15,15467981,inactive,0.378,2.02,10.390827265867031
chr15,15471981,inactive,0.381,1.996,10.28412933757073
chr15,15475981,inactive,0.3845,2.02,10.300431861502123
chr15,15479981,inactive,0.3805,2.016,10.317072026101846
chr15,15483981,inactive,0.3825,2.008,10.37289924359595
chr15,15487981,inactive,0.378,2.036,10.393081345722623
chr15,15491981,inactive,0.378,2.04,10.367766805861041
chr15,15495981,inactive,0.373,1.992,10.43933308549031
chr15,15499981,inactive,0.376,1.992,10.43020879640674
chr15,15503981,inactive,0.3755,1.984,10.362161882394359
chr15,15507981,inactive,0.377,1.956,10.280081625324915
chr15,15511981,inactive,0.377,1.984,10.319924948716594
chr15,15515981,inactive,0.374,2.0,10.35515412398453
chr15,15519981,inactive,0.3775,2.004,10.301714397944414
chr15,15523981,inactive,0.3785,1.868,9.99501635832869
chr15,15527981,inactive,0.377,2.0,10.415414956146678
chr15,15531981,inactive,0.3725,1.996,10.448182068100998
chr15,15535981,inactive,0.376,1.996,10.287711784564484
chr15,15539981,inactive,0.3785,1.988,10.248241931657105
chr15,15543981,inactive,0.3745,1.908,10.085486889009406
chr15,15547981,inactive,0.373,1.992,10.432886308353392
chr15,15551981,inactive,0.378,1.992,10.376487726467438
chr15,15555981,inactive,0.3755,1.964,10.338261030548189
chr15,15559981,inactive,0.3765,1.952,10.272762459114327
chr15,15563981,inactive,0.376,2.012,10.369013955624116
chr15,15567981,inactive,0.373,1.968,10.302054796364146
chr15,15571981,inactive,0.381,1.996,10.285147703556683
chr15,15575981,inactive,0.3755,2.012,10.318292145394322
chr15,15579981,inactive,0.376,1.98,10.288102892728697
chr15,15583981,inactive,0.374,1.98,10.359029432176712
chr15,15587981,inactive,0.374,2.032,10.396677875041856
chr15,15591981,inactive,0.3765,2.012,10.365552548596435
chr15,15595981,inactive,0.377,2.028,10.420084963619063
chr15,15599981,inactive,0.375,2.02,10.450646224938954
chr15,15603981,inactive,0.375,2.036,10.489795493585207
chr15,15607981,inactive,0.377,1.984,10.344309450676144
chr15,15611981,inactive,0.378,1.98,10.293288077594598
chr15,15615981,inactive,0.379,2.012,10.344078180659446
chr15,15619981,inactive,0.376,2.016,10.362390034477208
chr15,15623981,inactive,0.375,1.996,10.336326378124598
chr15,15627981,inactive,0.3815,2.02,10.295431041125923
chr15,15631981,inactive,0.377,2.0,10.2808280402024
chr15,15635981,inactive,0.379,1.968,10.333982042569426
chr15,15639981,inactive,0.3755,2.036,10.419495546183338
chr15,15643981,inactive,0.375,2.0,10.396506214001917
chr15,15647981,inactive,0.377,1.984,10.37254211487019
chr15,15651981,inactive,0.3755,2.036,10.453662679191549
chr15,15655981,inactive,0.3745,2.008,10.466572880817083
chr15,15659981,inactive,0.374,2.008,10.420268420734892
chr15,15663981,inactive,0.3785,1.972,10.313730634630707
chr15,15667981,inactive,0.378,1.956,10.280131365841427
chr15,15671981,inactive,0.379,2.04,10.401488842242031
chr15,15675981,inactive,0.3765,1.972,10.30341146724548
chr15,15679981,inactive,0.382,2.012,10.325521659826826
chr15,15683981,inactive,0.375,2.008,10.292049605973553
chr15,15687981,inactive,0.366,2.044,10.34024721296808
chr15,15995981,inactive,0.372,2.056,10.372905196519373
chr15,15999981,inactive,0.38,1.968,10.223677943300123
chr15,16003981,inactive,0.3785,2.024,10.35328977341746
chr15,16007981,inactive,0.3795,2.004,10.336310943739901
chr15,16011981,inactive,0.3775,2.02,10.408283904053976
chr15,16015981,inactive,0.3775,2.024,10.388724180108253
chr15,16019981,inactive,0.3775,2.024,10.282184462220686
chr15,16023981,inactive,0.3745,2.02,10.313511049370529
chr15,16027981,inactive,0.377,2.0,10.328265454038544
chr15,16031981,inactive,0.379,2.024,10.365831078606334
chr15,16035981,inactive,0.3775,2.04,10.37464294119595
chr15,16039981,inactive,0.377,1.964,10.214920451412581
chr15,16043981,inactive,0.381,1.964,10.215090018928173
chr15,16047981,inactive,0.3765,1.984,10.311013737513626
chr15,16051981,inactive,0.374,1.984,10.28387263228945
chr15,16055981,inactive,0.374,2.024,10.394108610940858
chr15,16059981,inactive,0.374,2.032,10.34042865379767
chr15,16063981,inactive,0.376,1.964,10.211735918290977
chr15,16067981,inactive,0.379,1.984,10.283159338941843
chr15,16071981,inactive,0.3795,1.988,10.323659762966571
chr15,16075981,inactive,0.377,1.984,10.33157438249063
chr15,16079981,inactive,0.3805,2.036,10.405964705435043
chr15,16083981,inactive,0.374,2.044,10.345660079963524
chr15,16087981,inactive,0.378,1.968,10.237811896810655
chr15,16091981,inactive,0.377,2.02,10.33628889792103
chr15,16095981,inactive,0.3775,1.996,10.324813162573456
chr15,16099981,inactive,0.3745,1.968,10.294322259247943
chr15,16103981,inactive,0.38,2.036,10.423610199205012
chr15,16107981,inactive,0.3765,2.008,10.29573935935785
chr15,16111981,inactive,0.382,1.968,10.253762337565808
chr15,16115981,inactive,0.381,2.012,10.388632573897977
chr15,16119981,inactive,0.3795,2.012,10.345800851133811
chr15,16123981,inactive,0.377,2.016,10.37492345912706
chr15,16127981,inactive,0.378,2.016,10.391359915031789
chr15,16131981,inactive,0.378,2.012,10.300368968682799
chr15,16135981,inactive,0.3815,1.98,10.236173140565024
chr15,16139981,inactive,0.381,2.04,10.375015614077247
chr15,16143981,inactive,0.3795,2.024,10.364103639810564
chr15,16147981,inactive,0.376,2.028,10.3813736257097
chr15,16151981,inactive,0.38,2.004,10.368000086447756
chr15,16155981,inactive,0.376,1.976,10.266664487027352
chr15,16159981,inactive,0.382,1.972,10.244124797155829
chr15,16163981,inactive,0.3795,2.004,10.345662483248706
chr15,16167981,inactive,0.3775,2.016,10.354037212704442
chr15,16171981,inactive,0.3755,2.016,10.385774362586899
chr15,16175981,inactive,0.378,2.036,10.396361172828545
chr15,16179981,inactive,0.3785,1.964,10.252177591839743
chr15,16183981,inactive,0.3825,1.996,10.269356441481959
chr15,16187981,inactive,0.382,2.028,10.357590142988023
chr15,16191981,inactive,0.377,2.032,10.339712913415791
chr15,16195981,inactive,0.375,2.024,10.417874095800157
chr15,16199981,inactive,0.376,2.04,10.386714844505653
chr15,16203981,inactive,0.378,1.98,10.244741688198932
chr15,16207981,inactive,0.381,2.008,10.322112169794377
chr15,16211981,inactive,0.382,2.016,10.349197000305944
chr15,16215981,inactive,0.3795,2.02,10.354443616161145
chr15,16219981,inactive,0.381,2.032,10.42689967368091
chr15,16223981,inactive,0.3775,2.04,10.3737424704257
chr15,16227981,inactive,0.378,1.972,10.233558432767083
chr15,16231981,inactive,0.381,2.012,10.375706556605067
chr15,16235981,inactive,0.38,2.024,10.357290502898161
chr15,16239981,inactive,0.3765,2.008,10.352348078531735
chr15,16243981,inactive,0.379,2.032,10.424994564783985
chr15,16247981,inactive,0.377,2.016,10.30779966086539
chr15,16251981,inactive,0.3845,1.98,10.251080993036629
chr15,16255981,inactive,0.382,2.012,10.34297352969234
chr15,16259981,inactive,0.382,2.012,10.345426084728137
chr15,16263981,inactive,0.3755,1.984,10.373020803936933
chr15,16267981,inactive,0.3785,2.056,10.413091127342252
chr15,16271981,inactive,0.3775,2.012,10.281739863911785
chr15,16275981,inactive,0.381,1.964,10.223254892491763
chr15,16279981,inactive,0.3825,1.984,10.319193247858903
chr15,16283981,inactive,0.3815,2.012,10.36629686994956
chr15,16287981,inactive,0.3785,2.004,10.409914613851878
chr15,16291981,inactive,0.379,2.04,10.408098985108078
chr15,16295981,inactive,0.3775,1.94,10.255609210645437
chr15,16299981,inactive,0.3795,1.944,10.22130792361735
chr15,16303981,inactive,0.38,1.988,10.319010067971158
chr15,16307981,inactive,0.378,2.008,10.332121087164332
chr15,16311981,inactive,0.3775,2.016,10.398379629709966
chr15,16315981,inactive,0.3785,2.068,10.409262967823885
chr15,16319981,inactive,0.3795,1.972,10.260335714876962
chr15,16323981,inactive,0.38,1.964,10.23520669729057
chr15,16327981,inactive,0.379,2.0,10.33440690967406
chr15,16331981,inactive,0.3755,1.996,10.304295346801911
chr15,16335981,inactive,0.379,2.016,10.410845233026594
chr15,16339981,inactive,0.3775,2.032,10.38536977542649
chr15,16343981,inactive,0.38,1.984,10.250689026371601
chr15,16347981,inactive,0.38,2.004,10.335401351690786
chr15,16351981,inactive,0.3805,2.024,10.345011551869339
chr15,16355981,inactive,0.3755,2.0,10.326260941346698
chr15,16359981,inactive,0.3795,2.032,10.414723930664515
chr15,16363981,inactive,0.378,2.044,10.360080615647957
chr15,16367981,inactive,0.382,1.964,10.231202966911603
chr15,16371981,inactive,0.3805,2.024,10.359826889208302
chr15,16375981,inactive,0.3795,1.996,10.339275835463464
chr15,16379981,inactive,0.3775,2.02,10.37899374328289
chr15,16383981,inactive,0.3775,2.044,10.442308781413049
chr15,16387981,inactive,0.377,2.024,10.312403308834595
chr15,16391981,inactive,0.3835,1.944,10.21922969756666
chr15,16395981,inactive,0.3815,2.032,10.359914275837085
chr15,16399981,inactive,0.383,2.008,10.342352779250191
chr15,16403981,inactive,0.375,2.008,10.3830871480887
chr15,16407981,inactive,0.3795,2.044,10.411676226359855
chr15,16411981,inactive,0.377,1.988,10.29203014628115
chr15,16415981,inactive,0.3785,1.976,10.23263522834583
chr15,16419981,inactive,0.378,1.984,10.3073441811192
chr15,16423981,inactive,0.3795,2.02,10.35698565135007
chr15,16427981,inactive,0.3785,2.012,10.385560647295737
chr15,16431981,inactive,0.38,2.04,10.403017008254587
chr15,16435981,inactive,0.3795,1.984,10.257228678823639
chr15,16439981,inactive,0.3815,1.964,10.248414882902155
chr15,16443981,inactive,0.381,1.996,10.317862538333307
chr15,16447981,inactive,0.3745,2.012,10.310208954399199
chr15,16451981,inactive,0.3765,2.012,10.396149196595518
chr15,16455981,inactive,0.3795,2.032,10.410342759082864
chr15,16459981,inactive,0.3795,1.964,10.25826250029451
chr15,16463981,inactive,0.3835,1.976,10.263083501863672
chr15,16467981,inactive,0.3795,2.004,10.32372292729776
chr15,16471981,inactive,0.3765,2.008,10.342958815672569
chr15,16475981,inactive,0.3775,2.032,10.407229055457469
chr15,16479981,inactive,0.3765,2.036,10.398046253328511
chr15,16483981,inactive,0.378,1.972,10.253850161615123
chr15,16487981,inactive,0.38,2.012,10.361211254787284
chr15,16491981,inactive,0.381,2.02,10.350612178516437
chr15,16495981,inactive,0.378,2.004,10.345556051699301
chr15,16499981,inactive,0.3785,2.04,10.430728187665494
chr15,16503981,inactive,0.3755,2.028,10.325410405366704
chr15,16507981,inactive,0.3785,1.976,10.210820461989087
chr15,16511981,inactive,0.381,1.996,10.346311094297219
chr15,16515981,inactive,0.378,1.98,10.322728706371297
chr15,16519981,inactive,0.3745,2.016,10.351917673867707
chr15,16523981,inactive,0.375,2.04,10.41924129365257
chr15,16527981,inactive,0.3735,2.032,10.33437419779195
chr15,16531981,inactive,0.379,1.948,10.156438432017744
chr15,16535981,inactive,0.379,1.976,10.244446350644905
chr15,16539981,inactive,0.38,2.024,10.36876835858661
chr15,16543981,inactive,0.3775,2.024,10.350976444767563
chr15,16547981,inactive,0.3775,1.984,10.359152565667127
chr15,16551981,inactive,0.378,2.04,10.377978412276459
chr15,16679981,active,0.371,1.9,10.15842434292577
chr15,16683981,active,0.375,1.768,9.820068387472329
chr15,16687981,active,0.368,1.836,10.012741026371035
chr15,16691981,active,0.3675,1.86,10.02508104820663
chr15,16695981,active,0.369,1.86,10.052261228840374
chr15,16699981,active,0.3815,1.872,10.060988108086432
chr15,16703981,active,0.3775,1.908,10.114689936639477
chr15,16707981,active,0.383,1.876,10.054103483166998
chr15,16711981,active,0.378,1.912,10.111087094214412
chr15,16715981,active,0.378,1.792,9.921250567987384
chr15,16719981,active,0.3785,1.88,10.085238641799512
chr15,16723981,active,0.379,1.772,9.882392942871626
chr15,16727981,active,0.381,1.836,9.991505589875409
chr15,16731981,active,0.381,1.884,10.103441750578684
chr15,16735981,active,0.3775,1.86,10.077794997837307
chr15,16739981,active,0.377,1.82,9.964723539444082
chr15,16743981,active,0.382,1.904,10.107943596650793
chr15,16747981,active,0.3785,1.824,9.900167820681443
chr15,16751981,active,0.3775,1.856,10.038125311441055
chr15,16755981,active,0.38,1.832,9.984309114551587
chr15,16759981,active,0.3805,1.848,10.061163324480777
chr15,16763981,active,0.3795,1.868,10.048949982033324
chr15,16767981,active,0.3785,1.788,9.850924763174309
chr15,16771981,active,0.3805,1.864,10.060753052168417
chr15,16775981,active,0.3785,1.896,10.076916295657808
chr15,16779981,active,0.3795,1.84,9.990654033653573
chr15,16783981,active,0.3785,1.8,9.941168929170184
chr15,16787981,active,0.3805,1.888,10.098641165964207
chr15,16791981,active,0.38,1.896,10.129119289135051
chr15,16795981,active,0.3745,1.784,9.836429436198623
chr15,16799981,active,0.38,1.8,9.908952647084208
chr15,16803981,active,0.3805,1.896,10.094181707509236
chr15,16807981,active,0.3805,1.812,9.93654260481331
chr15,16811981,active,0.3765,1.88,10.110934782672933
chr15,16815981,active,0.3825,1.804,9.925550107422245
chr15,16819981,active,0.3795,1.844,9.998952126623607
chr15,16823981,active,0.3765,1.888,10.09030373189491
chr15,16827981,active,0.38,1.884,10.085720028845307
chr15,16831981,active,0.377,1.876,10.054286081782045
chr15,16835981,active,0.382,1.864,10.054092344366344
chr15,16839981,active,0.383,1.876,10.06960634677157
chr15,16843981,active,0.3805,1.82,9.926523574710817
chr15,16847981,active,0.38,1.856,10.07322571951268
chr15,16851981,active,0.3775,1.872,10.058681936826586
chr15,16855981,active,0.3785,1.824,9.956455895288633
chr15,16859981,active,0.378,1.8,9.867329054811393
chr15,16863981,active,0.382,1.888,10.11224976114416
chr15,16867981,active,0.38,1.48,9.352551827414013
chr15,16871981,active,0.3805,1.892,10.130554560390914
chr15,16875981,active,0.3795,1.596,9.507640362644878
chr15,16879981,active,0.38,1.852,10.071551659542196
chr15,16883981,active,0.382,1.728,9.733211573279128
chr15,16887981,active,0.375,1.768,9.856668639005896
chr15,16891981,active,0.3815,1.868,10.0751904300115
chr15,16895981,active,0.379,1.808,9.922954241770853
chr15,16899981,active,0.381,1.868,10.072269462891521
chr15,16903981,active,0.378,1.796,9.882759302647106
chr15,16907981,active,0.381,1.88,10.092655919624075
chr15,16911981,active,0.3795,1.812,9.905552638513033
chr15,16915981,active,0.38,1.856,10.075401394926129
chr15,16919981,active,0.3835,1.756,9.846894106802528
chr15,16923981,active,0.382,1.892,10.113848473708586
chr15,16927981,active,0.3795,1.792,9.871595499532834
chr15,16931981,active,0.382,1.876,10.084209424933215
chr15,16935981,active,0.38,1.504,9.36361724948429
chr15,16939981,active,0.3815,1.892,10.11350633623069
chr15,16943981,active,0.378,1.78,9.854811174317085
chr15,16947981,active,0.382,1.86,10.076776354623274
chr15,16951981,active,0.376,1.76,9.822528320137955
chr15,16955981,active,0.3795,1.848,9.986037350950406
chr15,16959981,active,0.379,1.804,9.991434213720943
chr15,16963981,active,0.382,1.752,9.848558367118683
chr15,16967981,active,0.377,1.896,10.08750556698115
chr15,16971981,active,0.38,1.784,9.85275934704272
chr15,16975981,active,0.3805,1.88,10.099532137913311
chr15,16979981,active,0.376,1.764,9.839790286828977
chr15,16983981,active,0.3795,1.876,10.049333905990999
chr15,16987981,active,0.3795,1.78,9.90654642367756
chr15,16991981,active,0.3805,1.812,9.924208543275924
chr15,16995981,active,0.379,1.868,10.06561669871812
chr15,16999981,active,0.383,1.8,9.901177594263833
chr15,17003981,active,0.381,1.844,9.964355310974904
chr15,17007981,active,0.381,1.896,10.113632304710618
chr15,17011981,active,0.3785,1.776,9.844248586373052
chr15,17015981,active,0.375,1.764,9.868390125127158
chr15,17019981,active,0.3805,1.776,9.833799346413524
chr15,17023981,active,0.383,1.884,10.092374132588096
chr15,17027981,active,0.375,1.752,9.859098675062349
chr15,17031981,active,0.3805,1.848,9.992276642947653
chr15,17035981,active,0.379,1.804,9.960158781111028
chr15,17039981,active,0.3815,1.764,9.821692893402131
chr15,17043981,active,0.3775,1.892,10.102188622734353
chr15,17047981,active,0.3815,1.788,9.875747170712868
chr15,17051981,active,0.3805,1.888,10.103469425834724
chr15,17055981,active,0.377,1.764,9.83077994905916
chr15,17059981,active,0.378,1.872,10.036755008745967
chr15,17063981,active,0.3795,1.788,9.942477095683973
chr15,17067981,active,0.383,1.824,9.94599131811541
chr15,17071981,active,0.3785,1.856,10.06085518743146
chr15,17075981,active,0.382,1.772,9.862303882502083
chr15,17079981,active,0.3815,1.864,10.069745974304897
chr15,17083981,active,0.3785,1.84,10.011848105706006
chr15,17087981,active,0.382,1.784,9.862924222340213
chr15,17091981,active,0.381,1.896,10.095617997458366
chr15,17095981,active,0.3805,1.784,9.849855202216684
chr15,17099981,active,0.3805,1.864,10.05127372788342
chr15,17103981,active,0.3765,1.78,9.877012615007953
chr15,17107981,active,0.38,1.84,9.987331496569738
chr15,17111981,active,0.3785,1.816,9.982250040091133
chr15,17115981,active,0.38,1.764,9.844457547559427
chr15,17119981,active,0.3765,1.868,10.07647241937247
chr15,17123981,active,0.38,1.808,9.889499884519442
chr15,17127981,active,0.3805,1.876,10.097372602076549
chr15,17131981,active,0.376,1.768,9.829130638602852
chr15,17135981,active,0.3765,1.868,10.025600021909572
chr15,17139981,active,0.3795,1.776,9.898966228126525
chr15,17143981,active,0.3815,1.812,9.934114196495608
chr15,17147981,active,0.38,1.868,10.066906372685752
chr15,17151981,active,0.384,1.764,9.836218170873964
chr15,17155981,active,0.381,1.884,10.098206002435399
chr15,17159981,active,0.3795,1.8,9.871595499532834
chr15,17163981,active,0.3825,1.864,10.071423071446752
chr15,17167981,active,0.377,1.768,9.859646511407323
chr15,17171981,active,0.38,1.856,9.98441430797618
chr15,17175981,active,0.378,1.832,9.981836661277418
chr15,17179981,active,0.3825,1.756,9.821684515670205
chr15,17183981,active,0.3765,1.9,10.069215445481028
chr15,17187981,active,0.378,1.796,9.867634684097805
chr15,17191981,active,0.379,1.852,10.009212324101252
chr15,17195981,active,0.381,1.756,9.873312037026729
chr15,17199981,active,0.378,1.864,10.06487459480868
chr15,17203981,active,0.378,1.776,9.90538916996482
chr15,17207981,active,0.3785,1.868,10.052639165577386
chr15,17211981,active,0.3775,1.868,10.04845977620051
chr15,17215981,active,0.3805,1.748,9.844199261220542
chr15,17219981,active,0.3815,1.876,10.073906793580258
chr15,17223981,active,0.3775,1.832,9.930706044305738
chr15,17227981,active,0.38,1.84,10.05487831310702
chr15,17231981,active,0.3765,1.836,10.01327598736627
chr15,17235981,active,0.3815,1.804,9.950846023443418
chr15,17239981,active,0.379,1.84,9.992123305338025
chr15,17243981,active,0.378,1.784,9.93818758436868
chr15,17247981,active,0.3735,1.76,9.818150981138844
chr15,17251981,active,0.3785,1.864,10.067053778895323
chr15,17255981,active,0.379,1.86,10.060814456341213
chr15,17259981,active,0.3795,1.828,10.041012638314902
chr15,17263981,active,0.376,1.76,9.853483364419132
chr15,17267981,active,0.378,1.788,9.848090034354298
chr15,17271981,active,0.3805,1.784,9.844682142629198
chr15,17275981,active,0.3775,1.864,10.068085830751174
chr15,17279981,active,0.3775,1.772,9.90123607322789
chr15,17283981,active,0.3795,1.876,10.06853286124352
chr15,17287981,active,0.381,1.776,9.851199848023786
chr15,17291981,active,0.381,1.836,9.964100086432108
chr15,17295981,active,0.381,1.888,10.073860656758011
chr15,17299981,active,0.377,1.836,10.001859202484663
chr15,17303981,active,0.376,1.82,9.937759581013966
chr15,17307981,active,0.3795,1.844,9.999174610386055
chr15,17311981,active,0.3785,1.764,9.917360185592972
chr15,17315981,active,0.3815,1.604,9.547188895246617
chr15,17319981,active,0.3805,1.892,10.088496509781294
chr15,17323981,active,0.3785,1.88,10.090372487308388
chr15,17327981,active,0.3835,1.876,10.066312983998388
chr15,17331981,active,0.3795,1.808,9.934108290253443
chr15,17335981,active,0.3805,1.868,10.061690735370789
chr15,17339981,active,0.38,1.884,10.040730954098002
chr15,17343981,active,0.3805,1.88,10.085459609675793
chr15,17347981,active,0.376,1.868,10.051955250804053
chr15,17351981,active,0.3785,1.876,10.069797927573243
chr15,17355981,active,0.3795,1.872,10.07983836276675
chr15,17359981,active,0.3785,1.872,10.052640898919313
chr15,17363981,active,0.38,1.784,9.843159647018755
chr15,17367981,active,0.379,1.88,10.049142283199886
chr15,17371981,active,0.3795,1.9,10.111894025442544
chr15,17375981,active,0.379,1.864,10.064455911174312
chr15,17379981,active,0.382,1.76,9.832732078547226
chr15,17383981,active,0.379,1.816,9.953513990839124
chr15,17387981,active,0.3785,1.784,9.944476570201223
chr15,17391981,active,0.3845,1.768,9.912227555132826
chr15,17395981,active,0.381,1.884,10.08578639572336
chr15,17399981,active,0.385,1.72,9.773855945329903
chr15,17403981,active,0.3815,1.908,10.106793289396828
chr15,17407981,active,0.3775,1.808,9.89374992284414
chr15,17411981,active,0.38,1.848,10.052249402207606
chr15,17415981,active,0.3745,1.76,9.82415166923852
chr15,17419981,active,0.379,1.848,9.975607759240777
chr15,17423981,active,0.3775,1.836,10.031221787534879
chr15,17427981,active,0.3775,1.884,10.120202845373598
chr15,17431981,active,0.384,1.804,9.908344664730027
chr15,17435981,active,0.3795,1.872,10.079758975904523
chr15,17439981,active,0.3795,1.768,9.833661389132446
chr15,17443981,active,0.3775,1.896,10.082642156694593
chr15,17447981,active,0.38,1.772,9.897772809996283
chr15,17451981,active,0.3835,1.84,9.977618011140695
chr15,17455981,active,0.379,1.868,10.094274035743059
chr15,17459981,active,0.385,1.784,9.836668758379407
chr15,17463981,active,0.382,1.892,10.1312111349328
chr15,17467981,active,0.377,1.804,9.874981508732873
chr15,17471981,active,0.381,1.876,10.08859690390445
chr15,17475981,active,0.3745,1.776,9.86461874968684
chr15,17479981,active,0.3795,1.88,10.108747913979638
chr15,17483981,active,0.3795,1.816,9.996260345452603
chr15,17487981,active,0.381,1.78,9.854140060164543
chr15,17491981,active,0.3795,1.86,10.109445198511542
chr15,17495981,active,0.378,1.756,9.844305142054068
chr15,17499981,active,0.3825,1.836,9.98584604903548
chr15,17503981,active,0.378,1.82,10.018178920959151
chr15,17507981,active,0.3755,1.78,9.875277184945979
chr15,17511981,active,0.379,1.856,10.018232884797543
chr15,17515981,active,0.3785,1.824,10.002682012359687
chr15,17519981,active,0.3795,1.796,9.871595499532834
chr15,17523981,active,0.3825,1.88,10.103267699344691
chr15,17527981,active,0.376,1.768,9.844191794069554
chr15,17531981,active,0.382,1.848,10.005133467406536
chr15,17535981,active,0.379,1.844,10.007607622340306
chr15,17539981,active,0.373,1.776,9.873749704683846
chr15,17543981,active,0.3765,1.852,10.002160575916433
chr15,17547981,active,0.3765,1.8,9.95107345350266
chr15,17551981,active,0.38,1.876,10.070747478690581
chr15,17555981,active,0.3755,1.864,10.064556638663413
chr15,17559981,active,0.379,1.752,9.871022092038212
chr15,17563981,active,0.3805,1.812,9.927016263148678
chr15,17567981,active,0.379,1.844,10.029669240690936
chr15,17571981,active,0.3825,1.764,9.831306393230344
chr15,17575981,active,0.381,1.892,10.110373338821613
chr15,17579981,active,0.3785,1.796,9.86958544928158
chr15,17583981,active,0.381,1.872,10.072940433260147
chr15,17587981,active,0.375,1.756,9.831543010865191
chr15,17591981,active,0.38,1.844,9.991868507807695
chr15,17595981,active,0.3785,1.832,10.027043498146984
chr15,17599981,active,0.3825,1.776,9.840367337925604
chr15,17603981,active,0.3725,1.8,9.89276730371978
chr15,17607981,active,0.378,1.936,10.112938249965177
chr15,17611981,active,0.3745,1.82,9.979208972801619
chr15,17615981,active,0.3765,1.872,10.085405285654973
chr15,17619981,active,0.3735,1.82,9.968664164413735
chr15,17623981,active,0.3765,1.852,10.03202704268437
chr15,17627981,active,0.3765,1.792,9.958293652805661
chr15,17631981,active,0.3795,1.752,9.860794125975488
chr15,17635981,active,0.378,1.868,10.086716710853489
chr15,17639981,active,0.378,1.884,10.045396257887122
chr15,17643981,active,0.377,1.628,9.606701526791886
chr15,17647981,active,0.3775,1.892,10.061275889010746
chr15,17651981,active,0.3725,1.932,10.165876416700167
chr15,17655981,active,0.377,1.832,9.923735328678902
chr15,17659981,active,0.3725,1.912,10.190492867051914
chr15,17663981,active,0.3765,1.924,10.173072607420938
chr15,17667981,active,0.3685,1.936,10.211256257212224
chr15,17671981,active,0.3785,1.9,10.163797599920155
chr15,17675981,active,0.3815,1.808,9.867547164093123
chr15,17679981,active,0.378,1.836,9.984734696304901
chr15,17683981,active,0.3675,2.024,10.386239793747679
chr15,17687981,active,0.3645,2.056,10.39170596233029
chr15,17691981,active,0.373,2.0,10.26099027884887
chr17,23433372,inactive,0.4055,2.112,10.569456454692398
chr17,23437372,inactive,0.4025,2.104,10.537242271847003
chr17,23441372,inactive,0.4095,2.112,10.56074176423748
chr17,23445372,inactive,0.4065,2.132,10.518963788422184
chr17,23449372,inactive,0.408,2.108,10.529707739957711
chr17,23453372,inactive,0.4055,2.16,10.581541255725618
chr17,23457372,inactive,0.4085,2.148,10.56131864413214
chr17,23461372,inactive,0.414,2.14,10.577399046142196
chr17,23465372,inactive,0.4125,2.128,10.600558494579122
chr17,23469372,inactive,0.4085,2.144,10.625359900149922
chr17,23473372,inactive,0.4135,2.136,10.551946354725816
chr17,23477372,inactive,0.4125,2.14,10.589232651680716
chr17,23481372,inactive,0.411,2.152,10.604299982117375
chr17,23485372,inactive,0.416,2.12,10.558454834363861
chr17,23489372,inactive,0.4125,2.152,10.589250206406255
chr17,23493372,inactive,0.4155,2.148,10.62381200293311
chr17,23497372,inactive,0.4135,2.14,10.6004451465946
chr17,23501372,inactive,0.415,2.144,10.585659630010403
chr17,23505372,inactive,0.4125,2.152,10.566297141461376
chr17,23509372,inactive,0.412,2.08,10.512609332144153
chr17,23513372,inactive,0.41,2.128,10.550433566960104
chr17,23517372,inactive,0.417,2.188,10.629696176774607
chr17,23521372,inactive,0.413,2.164,10.607159572304184
chr17,23525372,inactive,0.411,2.152,10.620323887368265
chr17,23529372,inactive,0.4145,2.14,10.550686224284865
chr17,23533372,inactive,0.414,2.152,10.61869455644608
chr17,23537372,inactive,0.417,2.144,10.617371976322577
chr17,23541372,inactive,0.414,2.14,10.58707524564144
chr17,23545372,inactive,0.414,2.144,10.586760448395003
chr17,23549372,inactive,0.4125,2.144,10.588389779317193
chr17,23553372,inactive,0.415,2.104,10.546065376056292
chr17,23557372,inactive,0.4115,2.14,10.572114595617252
chr17,23561372,inactive,0.418,2.148,10.595671299415539
chr17,23565372,inactive,0.409,2.124,10.5893070576316
chr17,23569372,inactive,0.411,2.14,10.550329727253397
chr17,23573372,inactive,0.4125,2.124,10.54118551269182
chr17,23577372,inactive,0.41,2.112,10.546601580575457
chr17,23581372,inactive,0.41,2.12,10.539245294343784
chr17,23585372,inactive,0.4145,2.136,10.581249301901043
chr17,23589372,inactive,0.4095,2.132,10.552088859238042
chr17,23593372,inactive,0.407,2.144,10.565855655370099
chr17,23597372,inactive,0.4125,2.12,10.567204911497988
chr17,23601372,inactive,0.4095,2.116,10.555319743430438
chr17,23605372,inactive,0.413,2.12,10.553677431830364
chr17,23609372,inactive,0.409,2.14,10.612265416989057
chr17,23613372,inactive,0.41,2.144,10.565215971326687
chr17,23617372,inactive,0.411,2.108,10.516942136368764
chr17,23621372,inactive,0.411,2.132,10.60386552378059
chr17,23625372,inactive,0.41,2.144,10.613998587617955
chr17,23629372,inactive,0.409,2.128,10.568329952180152
chr17,23633372,inactive,0.4065,2.132,10.590041516240726
chr17,23637372,inactive,0.4075,2.168,10.588835839456161
chr17,23641372,inactive,0.412,2.096,10.518443322332317
chr17,23645372,inactive,0.409,2.116,10.568519445173736
chr17,23649372,inactive,0.4125,2.144,10.620211918259477
chr17,23653372,inactive,0.41,2.104,10.557789853191785
chr17,23657372,inactive,0.4055,2.104,10.529332973552046
chr17,23661372,inactive,0.4105,2.112,10.557438207436098
chr17,23665372,inactive,0.406,2.104,10.522184449688133
chr17,23669372,inactive,0.4055,2.104,10.506804498483726
chr17,23673372,inactive,0.4105,2.124,10.527313415022997
chr17,23677372,inactive,0.406,2.116,10.532534784171085
chr17,23681372,inactive,0.4085,2.136,10.549574518746764
chr17,23685372,inactive,0.411,2.108,10.539753056983878
chr17,23689372,inactive,0.4115,2.144,10.575901332578699
chr17,23693372,inactive,0.4125,2.128,10.570004178059353
chr17,23697372,inactive,0.408,2.148,10.583106707667977
chr17,23701372,inactive,0.409,2.116,10.560654377608694
chr17,23705372,inactive,0.409,2.1,10.510613364218385
chr17,23709372,inactive,0.412,2.104,10.518131720257843
chr17,23713372,inactive,0.4085,2.132,10.56929430193026
chr17,23717372,inactive,0.4115,2.092,10.524131335608214
chr17,23721372,inactive,0.4085,2.132,10.578739895639883
chr17,23725372,inactive,0.409,2.028,10.296795669784393
chr17,23729372,inactive,0.4075,2.116,10.560198892146282
chr17,23733372,inactive,0.407,2.16,10.605592026837472
chr17,23737372,inactive,0.4095,2.14,10.635177502513805
chr17,23741372,inactive,0.41,2.112,10.569983150933734
chr17,23745372,inactive,0.4055,2.096,10.53143881706227
chr17,23749372,inactive,0.4105,2.116,10.589169487349524
chr17,23753372,inactive,0.4115,2.084,10.543093816760711
chr17,23757372,inactive,0.406,2.116,10.552539410470333
chr17,23761372,inactive,0.41,2.12,10.525700259950632
chr17,23765372,inactive,0.4095,2.128,10.530034803233384
chr17,23769372,inactive,0.41,2.12,10.530748589183084
chr17,23773372,inactive,0.411,2.128,10.565473834393433
chr17,23777372,inactive,0.4095,2.104,10.528096678409714
chr17,23781372,inactive,0.4075,2.116,10.541803865564995
chr17,23785372,inactive,0.407,2.088,10.525536728312794
chr17,23789372,inactive,0.4095,2.1,10.534876748973781
chr17,23793372,inactive,0.4135,2.096,10.520553822844581
chr17,23797372,inactive,0.4095,2.124,10.55320723234819
chr17,23801372,inactive,0.409,2.132,10.581330381140218
chr17,23805372,inactive,0.411,2.096,10.530161486361962
chr17,23809372,inactive,0.408,2.136,10.581576365176709
chr17,23813372,inactive,0.411,2.144,10.605653812292934
chr17,23817372,inactive,0.407,2.116,10.549420495386727
chr17,23821372,inactive,0.4105,2.144,10.581670779559966
chr17,23825372,inactive,0.4075,2.116,10.554277598283718
chr17,23829372,inactive,0.406,2.1,10.506875709262644
chr17,23833372,inactive,0.4055,2.092,10.515362989099895
chr17,23837372,inactive,0.4105,2.112,10.582669137113568
chr17,23841372,inactive,0.4105,2.112,10.570957640655948
chr17,23845372,inactive,0.4065,2.108,10.529819709066523
chr17,23849372,inactive,0.4115,2.1,10.512552120736375
chr17,23853372,inactive,0.4065,2.108,10.520420743655807
chr17,23857372,inactive,0.4095,2.1,10.49331769419162
chr17,23861372,inactive,0.4105,2.084,10.51866051002356
chr17,23865372,inactive,0.4085,2.104,10.536021437905863
chr17,23869372,inactive,0.4085,2.136,10.5619881993519
chr17,23873372,inactive,0.411,2.112,10.55082131404366
chr17,23877372,inactive,0.409,2.104,10.536147766568243
chr17,23881372,inactive,0.4145,2.132,10.566338918484503
chr17,23885372,inactive,0.413,2.132,10.59135467104077
chr17,23889372,inactive,0.4095,2.132,10.5990481605202
chr17,23893372,active,0.408,2.016,10.34356244880972
chr17,23897372,active,0.405,2.072,10.428196812823566
chr17,23901372,active,0.41,1.988,10.271970845235273
chr17,23905372,active,0.406,1.964,10.275198117935389
chr17,23909372,active,0.406,2.004,10.331145844544448
chr17,23913372,active,0.4085,1.972,10.298858661440368
chr17,23917372,active,0.4105,2.02,10.361902634735657
chr17,23921372,active,0.411,2.028,10.333663772922904
chr17,23925372,active,0.4085,2.028,10.389627979426422
chr17,23929372,active,0.4115,2.08,10.362935747274154
chr17,23933372,active,0.4055,2.04,10.419870971099812
chr17,23937372,active,0.4105,2.056,10.337531228941106
chr17,23941372,active,0.407,2.036,10.411943016431685
chr17,23945372,active,0.4125,2.008,10.290498319311048
chr17,23949372,active,0.4075,2.072,10.443711056183744
chr17,23953372,active,0.4095,2.012,10.267011364461634
chr17,23957372,active,0.4085,2.052,10.410660119806963
chr17,23961372,active,0.407,1.968,10.213650180999531
chr17,23965372,active,0.4065,1.964,10.27032599697402
chr17,23969372,active,0.4095,1.944,10.170983640260749
chr17,23973372,active,0.4105,1.984,10.261645480231328
chr17,23977372,active,0.408,1.96,10.232745625853712
chr17,23981372,active,0.408,1.968,10.283180088839353
chr17,23985372,active,0.407,2.008,10.324152805870629
chr17,23989372,active,0.406,1.996,10.326303848382445
chr17,23993372,active,0.408,2.012,10.345366747263201
chr17,23997372,active,0.41,2.008,10.309370877173606
chr17,24001372,active,0.4065,2.024,10.36629868624582
chr17,24005372,active,0.4085,2.064,10.368706490176763
chr17,24009372,active,0.4045,2.02,10.372091918104116
chr17,24013372,active,0.4065,2.04,10.352020051744326
chr17,24017372,active,0.405,2.02,10.391095157586493
chr17,24021372,active,0.409,2.028,10.32909413275719
chr17,24025372,active,0.4075,2.02,10.40074504126382
chr17,24029372,active,0.4095,2.036,10.335741561553043
chr17,24033372,active,0.407,2.04,10.418977394708076
chr17,24037372,active,0.4115,2.036,10.318663245126213
chr17,24041372,active,0.406,2.068,10.435713789987302
chr17,24045372,active,0.4095,2.024,10.328087811710207
chr17,24049372,active,0.405,2.024,10.420607523233272
chr17,24053372,active,0.409,1.972,10.245339323707382
chr17,24057372,active,0.4075,2.048,10.397110511366124
chr17,24061372,active,0.4095,1.96,10.223528937124593
chr17,24065372,active,0.4065,2.0,10.28905968863315
chr17,24069372,active,0.408,1.952,10.20632514481992
chr17,24073372,active,0.4085,1.988,10.26874382044191
chr17,24077372,active,0.4085,1.956,10.199904051810655
chr17,24081372,active,0.4085,1.964,10.261809011869145
chr17,24085372,active,0.405,1.992,10.283745777535904
chr17,24089372,active,0.41,1.956,10.259907735554732
chr17,24093372,active,0.4035,1.98,10.317171595805494
chr17,24097372,active,0.405,2.052,10.472786952923741
chr17,24101372,active,0.411,2.024,10.368439916435253
chr17,24105372,active,0.4035,2.036,10.390637855827828
chr17,24109372,active,0.4105,2.028,10.306849287837602
chr17,24113372,active,0.4055,2.036,10.415786964800935
chr17,24117372,active,0.4085,2.1,10.45057007992991
chr17,24121372,active,0.4045,2.036,10.414260836174916
chr17,24125372,active,0.407,2.068,10.377668903726326
chr17,24129372,active,0.4055,2.016,10.359937119258962
chr17,24133372,active,0.4055,2.084,10.479719280973168
chr17,24137372,active,0.407,2.008,10.257335082008021
chr17,24141372,active,0.409,2.1,10.481339490616524
chr17,24145372,active,0.409,1.988,10.2459615359796
chr17,24149372,active,0.4075,2.0,10.259406640486665
chr17,24153372,active,0.41,2.1,10.46849700055338
chr17,24157372,active,0.4035,2.02,10.373702979652121
chr17,24161372,active,0.407,2.052,10.362330729545038
chr17,24165372,active,0.407,2.052,10.421986239933483
chr17,24169372,active,0.4085,2.012,10.324647891877461
chr17,24173372,active,0.4065,1.988,10.276873114601102
chr17,24177372,active,0.405,1.98,10.269685952748182
chr17,24181372,active,0.408,2.0,10.319720104292706
chr17,24185372,active,0.405,2.02,10.34411537791864
chr17,24189372,active,0.4045,2.004,10.321065007463144
chr17,24193372,active,0.4055,2.028,10.34164819181743
chr17,24197372,active,0.4085,2.04,10.316920483265132
chr17,24201372,active,0.4055,2.024,10.352773300102562
chr17,24205372,active,0.407,2.036,10.315219941563997
chr17,24209372,active,0.4065,2.024,10.388794449432007
chr17,24213372,active,0.4065,2.036,10.355580258645492
chr17,24217372,active,0.4095,2.024,10.383192804091655
chr17,24221372,active,0.407,1.98,10.288408042605134
chr17,24225372,active,0.4075,2.004,10.340318418030739
chr17,24229372,active,0.4105,2.008,10.316915549035029
chr17,24233372,active,0.407,1.976,10.214820471104916
chr17,24237372,active,0.4085,2.008,10.281842711741742
chr17,24241372,active,0.403,1.984,10.292695210407604
chr17,24245372,active,0.4085,2.016,10.36186573580482
chr17,24249372,active,0.407,2.008,10.359086832141992
chr17,24253372,active,0.4095,2.016,10.335285910181922
chr17,24257372,active,0.405,2.044,10.358709396655524
chr17,24261372,active,0.407,1.996,10.296527229324978
chr17,24265372,active,0.4085,2.044,10.372779305277504
chr17,24269372,active,0.407,2.012,10.331199976267403
chr17,24273372,active,0.4055,1.996,10.352996523671528
chr17,24277372,active,0.4105,2.024,10.336358098129972
chr17,24281372,active,0.4065,2.06,10.418546131543254
chr17,24285372,active,0.412,2.028,10.322652012622301
chr17,24289372,active,0.4055,2.056,10.425718136239562
chr17,24293372,active,0.411,2.012,10.298873741358868
chr17,24297372,active,0.406,2.072,10.446749418119316
chr17,24301372,active,0.408,1.96,10.226989546549293
chr17,24305372,active,0.4095,1.972,10.283182182363712
chr17,24309372,active,0.406,2.008,10.311075877435314
chr17,24313372,active,0.4085,2.0,10.305605881986423
chr17,24317372,active,0.4075,2.02,10.35072102969137
chr17,24321372,active,0.406,1.988,10.340525825932303
chr17,24325372,active,0.4045,2.02,10.372873802615132
chr17,24329372,active,0.4075,2.044,10.3438905364949
chr17,24333372,active,0.4095,2.02,10.40024879747154
chr17,24337372,active,0.408,2.02,10.312420675002627
chr17,24341372,active,0.407,2.056,10.389822761116323
chr17,24345372,active,0.4055,2.04,10.315270125217316
chr17,24349372,active,0.406,2.036,10.401234091392885
chr17,24353372,active,0.4085,2.032,10.353336844853173
chr17,24357372,active,0.409,2.012,10.387825608588583
chr17,24361372,active,0.4095,1.968,10.302069980337233
chr17,24365372,active,0.4035,2.016,10.299187514195806
chr17,24369372,active,0.4085,1.968,10.287975489235206
chr17,24373372,active,0.409,2.032,10.402970734421867
chr17,24377372,active,0.4045,2.056,10.433166737613888
chr17,24381372,active,0.407,2.036,10.4055868210955
chr17,24385372,active,0.4055,1.992,10.322071937555647
chr17,24389372,active,0.4035,2.044,10.357120463880747
chr17,24393372,active,0.409,2.048,10.360707711728665
chr17,24397372,active,0.4065,2.0,10.332332121942187
chr17,24401372,active,0.4055,2.06,10.348131019860611
chr17,24405372,active,0.405,2.02,10.37849474173919
chr17,24409372,active,0.4115,2.036,10.322854840759941
chr17,24413372,active,0.406,2.036,10.395394508463797
chr17,24417372,active,0.409,1.992,10.241678915408308
chr17,24421372,active,0.4065,2.06,10.38814809781657
chr17,24425372,active,0.41,1.9,10.00297964449452
chr17,24429372,active,0.405,1.992,10.302365046379416
chr17,24433372,active,0.408,1.992,10.326186640998918
chr17,24437372,active,0.4045,2.028,10.351773430297303
chr17,24441372,active,0.4085,2.016,10.346005412613355
chr17,24445372,active,0.4035,2.04,10.416450954096273
chr17,24449372,active,0.4065,2.036,10.38716792668281
chr17,24453372,active,0.407,2.012,10.330519173711687
chr17,24457372,active,0.404,1.992,10.260753720135838
chr17,24461372,active,0.408,1.948,10.271886874868711
chr17,24465372,active,0.404,2.052,10.383495916581605
chr17,24469372,active,0.4075,1.988,10.347497920434881
chr17,24473372,active,0.405,2.028,10.370897677213014
chr17,24477372,active,0.406,2.052,10.461015930443716
chr17,24481372,active,0.4085,2.048,10.325597804835898
chr17,24485372,active,0.405,1.996,10.347272603341564
chr17,24489372,active,0.4065,1.96,10.212640936292438
chr17,24493372,active,0.404,2.008,10.361707936000148
chr17,24497372,active,0.406,1.98,10.26984309404209
chr17,24501372,active,0.4045,1.992,10.346067945250272
chr17,24505372,active,0.402,1.988,10.318479235102718
chr17,24509372,active,0.4055,2.06,10.44103472883906
chr17,24513372,active,0.408,2.012,10.368162593676061
chr17,24517372,active,0.406,2.032,10.355985560454563
chr17,24521372,active,0.406,2.016,10.331202424257963
chr17,24525372,active,0.403,2.032,10.394555855681777
chr17,24529372,active,0.4055,2.024,10.405467824232213
chr17,24533372,active,0.4045,2.048,10.372523762541638
chr17,24537372,active,0.405,2.064,10.472432194950434
chr17,24541372,active,0.4105,2.044,10.401266365854477
chr17,24545372,active,0.4065,2.04,10.427281107658603
chr17,24549372,active,0.408,1.972,10.25945701841372
chr17,24553372,active,0.4075,1.98,10.2909988053336
chr17,24557372,active,0.407,1.968,10.248261768464513
chr17,24561372,active,0.405,2.008,10.357458602867412
chr17,24565372,active,0.4075,2.032,10.413303818223886
chr17,24569372,active,0.4075,1.956,10.096557106217643
chr17,24573372,active,0.4075,2.032,10.42350983189835
chr17,24577372,active,0.4065,1.972,10.259179474564322
chr17,24581372,active,0.4075,1.996,10.333994663064853
chr17,24585372,active,0.406,2.028,10.33713358658079
chr17,24589372,active,0.406,2.032,10.405179868898854
chr17,24593372,active,0.408,2.04,10.363857650057822
chr17,24597372,active,0.409,2.064,10.387819522289236
chr17,24601372,active,0.4075,2.04,10.401010153175287
chr17,24605372,active,0.4085,2.084,10.416588004003469
chr17,24609372,active,0.407,2.036,10.441460974819414
chr17,24613372,active,0.4095,2.072,10.379678953977592
chr17,24617372,active,0.406,2.064,10.46266896328858
chr17,24621372,active,0.407,2.012,10.311351965170903
chr17,24625372,active,0.406,2.064,10.442106307741579
chr17,24629372,active,0.4075,1.976,10.248609670308308
chr17,24633372,active,0.408,2.024,10.407440671508018
chr17,24637372,active,0.4055,1.972,10.23306356785053
chr17,24641372,active,0.4095,1.988,10.344883129682609
chr17,24645372,active,0.406,1.964,10.218115898504212
chr17,24649372,active,0.407,2.012,10.381310018241706
chr17,24653372,active,0.4075,1.968,10.287553541622973
chr17,24657372,active,0.4085,2.02,10.366463236576912
chr17,24661372,active,0.4085,2.024,10.368052363625418
chr17,24665372,active,0.4065,2.04,10.373365776404327
chr17,24669372,active,0.408,2.008,10.353993253486337
chr17,24673372,active,0.406,2.044,10.384477383636684
chr17,24677372,active,0.407,2.024,10.38674364085088
chr17,24681372,active,0.409,2.084,10.390583679399525
chr17,24685372,active,0.4065,2.04,10.434741975062176
chr17,24689372,active,0.41,2.072,10.408030892263
chr17,24693372,active,0.407,2.048,10.43248558059199
chr17,24697372,active,0.4105,2.084,10.395720413954034
chr17,24701372,active,0.4045,2.044,10.45301103316352
chr17,24705372,active,0.4075,2.016,10.303987632491486
chr17,24709372,active,0.4055,2.056,10.446752092916368
chr17,24713372,active,0.4075,1.988,10.26310590786499
chr17,24717372,active,0.4085,2.036,10.425727284334936
chr17,24721372,active,0.4055,1.968,10.23380469403168
chr17,24725372,active,0.409,1.972,10.312451842100357
chr17,24729372,active,0.407,1.932,10.166392890015059
chr17,24733372,active,0.408,1.98,10.328392137167151
chr17,24737372,active,0.407,1.972,10.25547555018397
chr17,24741372,active,0.408,2.008,10.35041088944696
chr17,24745372,active,0.4085,2.0,10.331824913758267
chr17,24749372,active,0.4075,2.044,10.35224900714643
chr17,24753372,active,0.4075,2.024,10.355560798953054
chr17,24757372,active,0.4075,2.028,10.364871828995055
chr17,24761372,active,0.4085,2.032,10.367561574438179
chr17,24765372,active,0.408,2.048,10.367939402639863
chr17,24769372,active,0.408,2.024,10.38653130443544
chr17,24773372,active,0.408,2.064,10.421619797203643
chr17,24777372,active,0.4065,2.048,10.434702678562369
chr17,24781372,active,0.4095,2.088,10.394039520502805
chr17,24785372,active,0.404,2.048,10.448611592207659
chr17,24789372,active,0.4085,2.008,10.320609527717012
chr17,24793372,active,0.4055,2.056,10.452156558997856
chr17,24797372,active,0.408,1.98,10.249350796489457
chr17,24801372,active,0.4065,2.036,10.407043776329123
chr17,24805372,active,0.405,1.96,10.235465939233006
chr17,24809372,active,0.4095,1.968,10.326621182290081
chr17,24813372,active,0.407,1.944,10.18192584588625
chr17,24817372,active,0.407,1.992,10.331658130810643
chr17,24821372,active,0.4065,1.976,10.277370294132277
chr17,24825372,active,0.4085,2.008,10.376160108735585
chr17,24829372,active,0.409,2.02,10.350857226814005
chr17,24833372,active,0.4075,2.032,10.370825834739755
chr17,24837372,active,0.4085,2.036,10.358658769865391
chr17,24841372,active,0.406,2.048,10.371713158923447
chr17,24845372,active,0.4075,2.052,10.393778816730277
chr17,24849372,active,0.4085,2.072,10.411682893931875
chr17,24853372,active,0.4065,2.044,10.439501108221483
chr17,24857372,active,0.409,2.064,10.371765519055511
chr17,24861372,active,0.405,2.052,10.44035100833944
chr17,24865372,active,0.4075,2.028,10.299538007882301
chr17,24869372,active,0.406,2.056,10.450379872287666
chr17,24873372,active,0.407,1.968,10.255278486412225
chr17,24877372,active,0.4095,2.012,10.40976378566382
chr17,24881372,active,0.4075,1.964,10.224000786994331
chr17,24885372,active,0.409,1.98,10.331987287610666
chr17,24889372,active,0.406,1.916,10.16992030207971
chr17,24893372,active,0.409,2.0,10.346027103966042
chr17,24897372,active,0.404,1.972,10.270827806690741
chr17,24901372,active,0.4085,2.008,10.338609912836228
chr17,24905372,active,0.4075,2.008,10.343946640538833
chr17,24909372,active,0.407,2.024,10.353044891028583
chr17,24913372,active,0.4085,2.02,10.366975767538408
chr17,24917372,active,0.4045,2.076,10.42579920976249
chr17,24921372,active,0.4075,2.02,10.345154493802106
chr17,24925372,active,0.4055,2.064,10.372718184049074
chr17,24929372,active,0.407,2.02,10.386447112978628
chr17,24933372,active,0.4085,2.088,10.409672843680621
chr17,24937372,active,0.4055,2.036,10.42814930396732
chr17,24941372,active,0.4085,2.044,10.365929352388635
chr17,24945372,active,0.404,2.028,10.436527068402539
chr17,24949372,active,0.407,2.024,10.294626230238675
chr17,24953372,active,0.406,2.056,10.438844888145765
chr17,24957372,active,0.407,1.972,10.24951432812729
chr17,24961372,active,0.4075,2.012,10.385868416787709
chr17,24965372,active,0.406,1.956,10.206536019405304
chr17,24969372,active,0.4085,1.968,10.334376678315273
chr17,24973372,active,0.4055,1.924,10.185405554820898
chr17,24977372,active,0.4085,2.0,10.3479346933863
chr17,24981372,active,0.405,1.968,10.267237230294898
chr17,24985372,active,0.408,2.016,10.36851222886178
chr17,24989372,active,0.407,2.016,10.344864279035688
chr17,24993372,active,0.406,2.032,10.360629606571194
chr17,24997372,active,0.4095,2.028,10.366975767538406
chr17,25001372,active,0.405,2.056,10.385929487594524
chr17,25005372,active,0.407,2.032,10.393778816730277
chr17,25009372,active,0.406,2.068,10.368946166823665
chr17,25013372,active,0.405,2.044,10.443344696408287
chr17,25017372,active,0.4095,2.06,10.354911722118985
chr17,25021372,active,0.4055,2.052,10.445243137733163
chr17,25025372,active,0.4075,2.02,10.281427907371087
chr17,25029372,active,0.407,2.052,10.45219376197331
chr17,25033372,active,0.4075,1.972,10.27171858062572
chr17,25037372,active,0.406,1.992,10.363351626475906
chr17,25041372,active,0.406,1.956,10.216616806065005
chr17,25045372,active,0.4105,2.0,10.35857551986377
chr17,25049372,active,0.4075,1.936,10.206168944981188
chr17,25053372,active,0.4085,2.004,10.337378773014283
chr17,25057372,active,0.4045,1.988,10.280461154335763
chr17,25061372,active,0.408,2.028,10.372349149476548
chr17,25065372,active,0.407,2.024,10.3717974837562
chr17,25069372,active,0.4065,2.02,10.360409223708007
chr17,25073372,active,0.408,2.012,10.360186935877948
chr17,25077372,active,0.4095,2.068,10.387104711930027
chr17,25081372,active,0.4085,2.036,10.39855759813949
chr17,25085372,active,0.406,2.076,10.399177994115448
chr17,25089372,active,0.4055,2.052,10.440063628562557
chr17,25093372,active,0.4115,2.06,10.37933094653067
chr17,25097372,active,0.406,2.036,10.448879323734653
chr17,25101372,active,0.408,2.0,10.28776334709351
chr17,25105372,active,0.407,2.052,10.441480623069301
chr17,25109372,active,0.409,1.976,10.266763286900808
chr17,25113372,active,0.4065,1.984,10.334432593801719
chr17,25117372,active,0.4055,1.94,10.228483040531291
chr17,25121372,active,0.4115,1.988,10.338658197238951
chr17,25125372,active,0.411,1.96,10.24604222250358
chr17,25129372,active,0.409,2.004,10.344313581587038
chr17,25133372,active,0.4065,2.024,10.324543393659951
chr17,25137372,active,0.408,2.028,10.370391957675666
chr17,25141372,active,0.406,2.02,10.365318160645867
chr17,25145372,active,0.4075,2.044,10.421391007710252
chr17,25149372,active,0.407,2.04,10.370514066756572
chr17,25153372,active,0.4085,2.06,10.417067711763455
chr17,25157372,active,0.4085,2.016,10.380100786102716
chr17,25161372,active,0.4065,2.08,10.421650332607067
chr17,25165372,active,0.4055,2.068,10.440667184461612
chr17,25169372,active,0.4095,2.056,10.36809249026102
chr17,25173372,active,0.4035,2.04,10.418752792263392
chr17,25177372,active,0.407,2.0,10.288684623899144
chr17,25181372,active,0.4075,2.052,10.418724737383304
chr17,25185372,active,0.409,1.984,10.240669836609925
chr17,25189372,active,0.408,1.976,10.302847290800578
chr17,25193372,active,0.406,1.98,10.221726837798606
chr17,25197372,active,0.408,2.02,10.33811323162341
chr17,25201372,active,0.4075,1.96,10.20808072145016
chr17,25205372,active,0.4075,1.98,10.30721539875002
chr17,25209372,active,0.4055,2.0,10.305481841122136
chr17,25213372,active,0.408,2.028,10.364008782290487
chr17,25217372,active,0.406,2.016,10.372239988540754
chr17,25221372,active,0.406,2.04,10.40294943578441
chr17,25225372,active,0.406,2.024,10.368983724265311
chr17,25229372,active,0.408,2.056,10.40268575793018
chr17,25233372,active,0.408,2.012,10.378799233104834
chr17,25237372,active,0.4065,2.076,10.399651034303409
chr17,25241372,active,0.4065,2.056,10.445325950314274
chr17,25245372,active,0.4075,2.032,10.348238331967389
chr17,25249372,active,0.4035,2.052,10.433189503797662
chr17,25253372,active,0.4045,1.976,10.239465012609916
chr17,25257372,active,0.4075,2.04,10.426847750969428
chr17,25261372,active,0.4075,1.996,10.2639394378594
chr17,25265372,active,0.4085,2.044,10.442117194895095
chr17,25269372,active,0.4075,1.96,10.260042193619205
chr17,25273372,active,0.4055,1.972,10.327890106360183
chr17,25277372,active,0.4045,1.964,10.226420713102362
chr17,25281372,active,0.4095,2.02,10.345477564302831
chr17,25285372,active,0.4085,1.936,10.230421165354972
chr17,25289372,active,0.4075,1.988,10.32038913913757
chr17,25293372,active,0.4045,1.972,10.289464603443284
chr17,25297372,active,0.4085,2.008,10.346240819257176
chr17,25301372,active,0.4075,2.02,10.367840547584892
chr17,25305372,active,0.406,2.028,10.364847606697476
chr17,25309372,active,0.4065,2.036,10.368074492398645
chr17,25313372,active,0.409,2.06,10.410784549218725
chr17,25317372,active,0.408,2.008,10.374779132602322
chr17,25321372,active,0.409,2.08,10.407009053876994
chr17,25325372,active,0.406,2.056,10.455875557580452
chr17,25329372,active,0.408,2.044,10.346537790266254
chr17,25333372,active,0.4035,2.048,10.443169923150716
chr17,25337372,active,0.407,2.012,10.299897118813051
chr17,25341372,active,0.4075,2.068,10.455583603755874
chr17,25345372,active,0.407,1.996,10.287867075480841
chr17,25349372,active,0.4075,1.968,10.311253851581082
chr17,25353372,active,0.407,2.004,10.229413659706026
chr17,25357372,active,0.4065,2.024,10.356988680613346
chr17,25361372,active,0.4075,1.952,10.234330011397336
chr17,25365372,active,0.405,2.0,10.3536480867452
chr17,25369372,active,0.4075,2.012,10.298313669008323
chr17,25373372,active,0.408,2.048,10.346253799935043
chr17,25377372,active,0.4075,2.044,10.395159405864584
chr17,25381372,active,0.4075,2.044,10.403756040911354
chr17,25385372,active,0.4065,2.024,10.385096755203136
chr17,25389372,active,0.4045,2.072,10.439184932099316
chr17,25393372,active,0.4075,2.036,10.408128141635785
chr17,25397372,active,0.4085,2.092,10.402977711754772
chr17,25401372,active,0.406,2.052,10.425946925732955
chr17,25405372,active,0.408,2.056,10.364918457293978
chr17,25409372,active,0.4045,2.064,10.456893563383934
chr17,25413372,active,0.406,1.984,10.285636919594488
chr17,25417372,active,0.4065,2.044,10.439184932099318
chr17,25421372,active,0.407,1.948,10.229581765391522
chr17,25425372,active,0.4065,1.992,10.33380690912944
chr17,25429372,active,0.4065,1.944,10.177335533061106
chr17,25433372,active,0.4085,2.012,10.339004908764522
chr17,25437372,active,0.407,1.952,10.223032577845201
chr17,25441372,active,0.406,2.024,10.365662778647089
chr17,25445372,active,0.4065,2.008,10.307945637777637
chr17,25449372,active,0.405,2.024,10.380315880269556
chr17,25453372,active,0.4095,2.032,10.353473667953844
chr17,25457372,active,0.407,2.048,10.360254319790606
chr17,25461372,active,0.408,2.004,10.342472351669938
chr17,25465372,active,0.406,2.076,10.396905783977866
chr17,25469372,active,0.4045,2.04,10.408194778367044
chr17,25473372,active,0.406,2.064,10.387498772119425
chr17,25477372,active,0.4045,2.036,10.419884146051409
chr17,25481372,active,0.409,2.012,10.31923858023646
chr17,25485372,active,0.405,2.06,10.442210507630735
chr17,25489372,active,0.407,1.984,10.270144722053164
chr17,25493372,active,0.406,2.036,10.428299854927278
chr17,25497372,active,0.4045,1.968,10.2439356643447
chr17,25501372,active,0.4065,1.96,10.317006768246303
chr17,25505372,active,0.409,2.012,10.347178106003964
chr17,25509372,active,0.4075,2.0,10.34186276560941
chr17,25513372,active,0.4065,1.944,10.172893096398832
chr17,25517372,active,0.406,1.98,10.296120438869332
chr17,25521372,active,0.4075,2.016,10.372737832298984
chr17,25525372,active,0.4065,2.028,10.367461207131543
chr17,25529372,active,0.4065,2.036,10.41273542791376
chr17,25533372,active,0.406,2.024,10.377880658869062
chr17,25537372,active,0.405,2.016,10.360106028263719
chr17,25541372,active,0.407,2.028,10.363308110394602
chr17,25545372,active,0.409,2.016,10.347822857653425
chr17,25549372,active,0.407,2.056,10.383522542164371
chr17,25553372,active,0.4055,2.048,10.387610381045752
chr17,25557372,active,0.4075,2.012,10.377598047413588
chr17,25561372,active,0.406,2.048,10.382227302272343
chr17,25565372,active,0.405,2.048,10.42284063114479
chr17,25569372,active,0.41,2.044,10.353263457595528
chr17,25573372,active,0.4065,2.036,10.41226889510537
chr17,25577372,active,0.4065,1.996,10.268166420172314
chr17,25581372,active,0.408,2.04,10.433895907526686
chr17,25585372,active,0.408,1.984,10.276155224557034
chr17,25589372,active,0.4065,1.98,10.35131728632411
chr17,25593372,active,0.406,1.984,10.23421456988845
chr17,25597372,active,0.4105,1.996,10.340282239464825
chr17,25601372,active,0.4085,1.948,10.220588101789913
chr17,25605372,active,0.408,1.988,10.326545618553729
chr17,25609372,active,0.405,1.964,10.274995262981239
chr17,25613372,active,0.408,2.016,10.356591236694493
chr17,25617372,active,0.4075,2.012,10.364692475973584
chr17,25621372,active,0.4065,2.04,10.379367130812845
chr17,25625372,active,0.4065,2.012,10.3551421619999
chr17,25629372,active,0.408,2.048,10.370880072065848
chr17,25633372,active,0.409,2.02,10.384120886605228
chr17,25637372,active,0.4055,2.084,10.412561235928928
chr17,25641372,active,0.406,2.048,10.43610211834356
chr17,25645372,active,0.4105,2.052,10.373743300561438
chr17,25649372,active,0.4055,2.052,10.46627918793433
chr17,25653372,active,0.408,1.996,10.306921988811625
chr17,25657372,active,0.407,2.032,10.411469178640715
chr17,25661372,active,0.4075,1.972,10.276637025841383
chr17,25665372,active,0.407,1.968,10.300172259377238
chr17,25669372,active,0.405,1.952,10.218083984225085
chr17,25673372,active,0.4085,2.0,10.329144150501822
chr17,25677372,active,0.408,1.964,10.223924287519086
chr17,25681372,active,0.4085,1.984,10.324260150510185
chr17,25685372,active,0.405,2.004,10.287454553192026
chr17,25689372,active,0.4075,2.032,10.381095948484324
chr17,25693372,active,0.407,2.036,10.372087344056432
chr17,25697372,active,0.4065,2.044,10.399916805681977
chr17,25701372,active,0.408,2.036,10.384553883111943
chr17,25705372,active,0.4085,2.064,10.397390065785533
chr17,25709372,active,0.409,2.036,10.378799233104834
chr17,25713372,active,0.4075,2.076,10.404929171722511
chr17,25717372,active,0.4055,2.052,10.431205414902157
chr17,25721372,active,0.4075,2.032,10.348238331967389
chr17,25725372,active,0.4045,2.048,10.449036542266652
chr17,25729372,active,0.4055,1.996,10.285573755263293
chr17,25733372,active,0.407,1.964,10.250095034888218
chr17,25737372,active,0.4065,1.956,10.251182789640591
chr17,25741372,active,0.4075,2.016,10.353633012542973
chr17,25745372,active,0.4075,2.036,10.359365090640052
chr17,25749372,active,0.4055,2.048,10.376714062254003
chr17,25753372,active,0.407,2.032,10.3882564286166
chr17,25757372,active,0.4075,2.06,10.39101320350619
chr17,25761372,active,0.406,2.048,10.431247191925298
chr17,25765372,active,0.4095,2.036,10.36165037012613
chr17,25769372,active,0.4055,2.06,10.431205414902147
chr17,25773372,active,0.407,2.004,10.283634118187951
chr17,25777372,active,0.4075,2.072,10.448666349908663
chr17,25781372,active,0.408,1.996,10.2759088803381
chr17,25785372,active,0.407,2.012,10.38161227794708
chr17,25789372,active,0.407,1.96,10.2094051178699
chr17,25793372,active,0.4105,1.976,10.33158372485974
chr17,25797372,active,0.4065,1.948,10.204025898495516
chr17,25801372,active,0.4075,2.084,10.486207752178878
chr17,25805372,active,0.4055,1.98,10.253410414582023
chr17,25809372,active,0.4075,1.964,10.3111271684525
chr17,25813372,active,0.409,1.96,10.173528433201096
chr17,25817372,active,0.4085,2.008,10.29833717665728
chr17,25821372,active,0.408,1.964,10.23177322965586
chr17,25825372,active,0.4075,2.02,10.348577351511405
chr17,25829372,active,0.408,2.028,10.344548102913533
chr17,25833372,active,0.4065,2.04,10.370276295076543
chr17,25837372,active,0.409,2.02,10.343883476207642
chr17,25841372,active,0.4085,2.036,10.351385605975658
chr17,25845372,active,0.4075,2.04,10.377711395398105
chr17,25849372,active,0.408,2.072,10.407176418097336
chr17,25853372,active,0.4055,2.04,10.420305263527906
chr17,25857372,active,0.4065,2.072,10.465729648271125
chr17,25861372,active,0.4085,2.04,10.327052251181167
chr17,25865372,active,0.4035,2.044,10.434504037473417
chr17,25869372,active,0.406,1.992,10.281453287454136
chr17,25873372,active,0.407,2.032,10.405506766265818
chr17,25877372,active,0.4065,1.984,10.287541751263326
chr17,25881372,active,0.407,1.972,10.293631865460057
chr17,25885372,active,0.406,1.98,10.233279376666053
chr17,25889372,active,0.4075,2.004,10.349364668570928
chr17,25893372,active,0.4065,1.956,10.218698427277662
chr17,25897372,active,0.407,2.0,10.321498169878616
chr17,25901372,active,0.4055,1.948,10.258917341494506
chr17,25905372,active,0.4085,1.968,10.323460711273619
chr17,25909372,active,0.4045,1.996,10.313578893352533
chr17,25913372,active,0.409,1.96,10.328959591738368
chr17,25917372,active,0.406,1.94,10.182820003550681
chr17,25921372,active,0.4085,1.988,10.343631045689412
chr17,25925372,active,0.406,1.968,10.286845044369596
chr17,25929372,active,0.4095,1.996,10.368861033911715
chr17,25933372,active,0.408,1.992,10.342204321814576
chr17,25937372,active,0.4075,2.024,10.36462548477612
chr17,25941372,active,0.407,2.024,10.349776992418214
chr17,25945372,active,0.4065,2.052,10.389020707980473
chr17,25949372,active,0.406,2.016,10.375455000927907
chr17,25953372,active,0.408,2.06,10.398560716073352
chr17,25957372,active,0.406,2.04,10.419762391436722
chr17,25961372,active,0.4085,2.044,10.3708285924912
chr17,25965372,active,0.4055,2.056,10.432077443793354
chr17,25969372,active,0.4075,1.98,10.265625265540761
chr17,25973372,active,0.406,1.992,10.357859773765641
chr17,25977372,active,0.4055,1.952,10.211564700387868
chr17,25981372,active,0.4095,2.0,10.33835957584234
chr17,25985372,active,0.4095,1.944,10.199874895282942
chr17,25989372,active,0.407,2.008,10.340539825303459
chr17,25993372,active,0.4055,1.988,10.280015454379248
chr17,25997372,active,0.408,2.0,10.340746291749863
chr17,26001372,active,0.4075,2.036,10.39275036691007
chr17,26005372,active,0.406,2.036,10.391839401701505
chr17,26009372,active,0.4075,2.02,10.367518639629592
chr17,26013372,active,0.4075,2.04,10.382694029354452
chr17,26017372,active,0.409,2.02,10.385558908237584
chr17,26021372,active,0.4055,2.084,10.391839622791762
chr17,26025372,active,0.4045,2.056,10.430994180134324
chr17,26029372,active,0.4065,2.036,10.365796356154187
chr17,26033372,active,0.4075,2.04,10.39929663079628
chr17,26037372,active,0.41,2.084,10.405892419825001
chr17,26041372,active,0.4055,2.04,10.41196853465063
chr17,26045372,active,0.41,2.056,10.35592972792248
chr17,26049372,active,0.4055,2.048,10.442310874937375
chr17,26053372,active,0.4075,2.012,10.286915186033676
chr17,26057372,active,0.4055,2.044,10.42914134841506
chr17,26061372,active,0.4065,1.964,10.237966363307521
chr17,26065372,active,0.4055,1.944,10.141300771359479
chr17,26069372,active,0.407,1.968,10.31861609073615
chr17,26073372,active,0.4065,1.948,10.191509092832312
chr17,26077372,active,0.4075,2.012,10.34977206390438
chr17,26081372,active,0.407,1.94,10.23349692453973
chr17,26085372,active,0.404,2.016,10.338402510650907
chr17,26089372,active,0.4075,2.012,10.343121517174621
chr17,26093372,active,0.4075,2.02,10.351626434691767
chr17,26097372,active,0.4085,2.028,10.351267457136977
chr17,26101372,active,0.407,2.036,10.395260354443915
chr17,26105372,active,0.407,2.008,10.366430801922883
chr17,26109372,active,0.4065,2.068,10.407730531808228
chr17,26113372,active,0.406,2.004,10.39061319039344
chr17,26117372,active,0.406,2.08,10.461556903284299
chr17,26121372,active,0.409,1.996,10.38520872431195
chr17,26125372,active,0.409,2.076,10.40929807727496
chr17,26129372,active,0.4055,2.04,10.431155231248834
chr17,26133372,active,0.4095,2.052,10.359439585261585
chr17,26137372,active,0.4045,2.04,10.44155886160271
chr17,26141372,active,0.406,2.012,10.293563772614993
chr17,26145372,active,0.408,2.016,10.437820214770237
chr17,26149372,active,0.407,1.968,10.27215606822577
chr17,26153372,active,0.4075,1.944,10.276988943108917
chr17,26157372,active,0.4055,1.956,10.214602181766082
chr17,26161372,active,0.407,1.988,10.313855058326244
chr17,26165372,active,0.4065,1.944,10.24233932253274
chr17,26169372,active,0.405,2.012,10.335226384159508
chr17,26173372,active,0.4065,1.98,10.29939310008485
chr17,26177372,active,0.407,2.0,10.337494297477486
chr17,26181372,active,0.4085,2.004,10.346735019946697
chr17,26185372,active,0.4075,2.044,10.386670613775674
chr17,26189372,active,0.407,2.02,10.363119198673743
chr17,26193372,active,0.4065,2.044,10.382377853232304
chr17,26197372,active,0.4065,2.02,10.404980070024486
chr17,26201372,active,0.407,2.068,10.398894446921068
chr17,26205372,active,0.4065,2.04,10.437760883021559
chr17,26209372,active,0.4105,2.028,10.325299266393642
chr17,26213372,active,0.4045,2.04,10.452589915687039
chr17,26217372,active,0.407,2.004,10.27969771082391
chr17,26221372,active,0.406,2.032,10.427490990367259
chr17,26225372,active,0.4045,1.956,10.232780020656145
chr17,26229372,active,0.4075,1.96,10.321127236055455
chr17,26233372,active,0.407,1.936,10.190564391332101
chr17,26237372,active,0.4095,1.98,10.310460642496007
chr17,26241372,active,0.407,1.96,10.239451644933078
chr17,26245372,active,0.4065,2.012,10.343399581398952
chr17,26249372,active,0.4065,1.996,10.309955688028891
chr17,26253372,active,0.407,2.024,10.379840525466996
chr17,26257372,active,0.4085,2.016,10.350450185946762
chr17,26261372,active,0.409,2.016,10.379322456946095
chr17,26265372,active,0.408,2.024,10.374609730995449
chr17,26269372,active,0.4095,2.064,10.402459061961148
chr17,26273372,active,0.4085,2.036,10.377080776495701
chr17,26277372,active,0.408,2.076,10.397656058254366
chr17,26281372,active,0.406,2.016,10.408886822542486
chr17,26285372,active,0.4075,2.084,10.391233586369392
chr17,26289372,active,0.408,2.048,10.460104799326444
chr17,26293372,active,0.411,2.04,10.349622697546366
chr17,26297372,active,0.406,2.044,10.46475058450122
chr17,26301372,active,0.4055,1.98,10.274735749526961
chr17,26305372,active,0.407,2.032,10.427048485582716
chr17,26309372,active,0.405,1.952,10.24593904702392
chr17,26313372,active,0.408,1.956,10.309350481742301
chr17,26317372,active,0.4075,1.928,10.189559366206476
chr17,26321372,active,0.41,2.016,10.332904926107535
chr17,26325372,active,0.4085,1.936,10.23343447485718
chr17,26329372,active,0.4065,2.02,10.343449765052274
chr17,26333372,active,0.409,1.996,10.306694268433073
chr17,26337372,active,0.4085,2.012,10.370845482989667
chr17,26341372,active,0.4105,2.028,10.342727900122057
chr17,26345372,active,0.41,2.032,10.35560853461581
chr17,26349372,active,0.407,2.008,10.359724782843514
chr17,26353372,active,0.41,2.092,10.442624957535191
chr17,26357372,active,0.405,2.024,10.4021117691629
chr17,26361372,active,0.4075,2.064,10.372807309736027
chr17,26365372,active,0.4045,2.048,10.428277726154041
chr17,26369372,active,0.411,2.032,10.34206358317704
chr17,26373372,active,0.4065,2.06,10.4498127778989
chr17,26377372,active,0.407,2.008,10.271775431851077
chr17,26381372,active,0.4055,2.032,10.422579212723633
chr17,26385372,active,0.405,1.98,10.28676151713985
chr17,26389372,active,0.408,1.948,10.304870321729707
chr17,26393372,active,0.4085,1.94,10.146109207614757
chr17,26397372,active,0.4085,1.992,10.314561462055263
chr17,26401372,active,0.4065,1.936,10.243092404982244
chr17,26405372,active,0.408,2.008,10.353633012542973
chr17,26409372,active,0.408,2.048,10.352998534241522
chr17,26413372,active,0.408,2.016,10.365680693555076
chr17,26417372,active,0.409,2.016,10.341481104825167
chr17,26421372,active,0.4085,2.032,10.375164071512836
chr17,26425372,active,0.4075,2.032,10.3753220046935
chr17,26429372,active,0.4085,2.088,10.39451639327326
chr17,26433372,active,0.4055,2.044,10.409958484399372
chr17,26437372,active,0.4085,2.088,10.398654415807973
chr17,26441372,active,0.403,2.048,10.439333002535943
chr17,26445372,active,0.409,2.016,10.297957481737717
chr17,26449372,active,0.4035,2.028,10.397668457659535
chr17,26453372,active,0.407,1.972,10.258526925330168
chr17,26457372,active,0.4085,2.024,10.398441054983008
chr17,26461372,active,0.408,1.992,10.270144722053164
chr17,26465372,active,0.4075,2.04,10.414931332849827
chr17,26469372,active,0.4055,1.972,10.255666809052208
chr17,26473372,active,0.408,1.952,10.306524899358998
chr17,26477372,active,0.4075,1.928,10.169488684448682
chr17,26481372,active,0.4085,1.98,10.32071162836558
chr17,26485372,active,0.407,1.932,10.187353155389612
chr17,26489372,active,0.4065,2.036,10.394508341109278
chr17,26493372,active,0.405,1.972,10.229309459816864
chr17,26497372,active,0.4075,2.0,10.368346797973345
chr17,26501372,active,0.4065,1.952,10.23134547142387
chr17,26505372,active,0.4065,1.992,10.332010574169338
chr17,26509372,active,0.4085,2.008,10.307308711485653
chr17,26513372,active,0.408,2.02,10.36259810088957
chr17,26517372,active,0.4085,2.016,10.359617166692123
chr17,26521372,active,0.4085,2.052,10.395615472599683
chr17,26525372,active,0.407,2.04,10.38219502781077
chr17,26529372,active,0.4085,2.084,10.397547284317534
chr17,26533372,active,0.4085,2.02,10.38789464288881
chr17,26537372,active,0.4075,2.068,10.388351507226922
chr17,26541372,active,0.4065,2.048,10.434795991297998
chr17,26545372,active,0.4075,2.08,10.394745924231811
chr17,26549372,active,0.4065,2.06,10.447126859322053
chr17,26553372,active,0.4085,2.052,10.364944418649713
chr17,26557372,active,0.4045,2.04,10.443828236750772
chr17,26561372,active,0.4065,2.004,10.287224113311103
chr17,26565372,active,0.407,2.04,10.406657768303733
chr17,26569372,active,0.4065,1.972,10.227750486889049
chr17,26573372,active,0.408,1.952,10.323850357607768
chr17,26577372,active,0.406,1.956,10.208293057865609
chr17,26581372,active,0.408,2.0,10.35287243238567
chr17,26585372,active,0.4075,1.964,10.240045364904654
chr17,26589372,active,0.407,1.992,10.326093771400084
chr17,26593372,active,0.409,1.952,10.231434236928342
chr17,26597372,active,0.4085,1.992,10.32855566880498
chr17,26601372,active,0.405,1.984,10.28162056300387
chr17,26605372,active,0.407,2.0,10.328494763906841
chr17,26609372,active,0.406,2.008,10.34278604726876
chr17,26613372,active,0.4055,2.06,10.404878766978923
chr17,26617372,active,0.4075,2.028,10.361514450231564
chr17,26621372,active,0.41,2.044,10.385715772303376
chr17,26625372,active,0.4075,1.996,10.360156566383257
chr17,26629372,active,0.407,2.072,10.38795935200442
chr17,26633372,active,0.4045,2.052,10.444571843455256
chr17,26637372,active,0.4095,2.02,10.332456717262659
chr17,26641372,active,0.403,2.032,10.41338459341846
chr17,26645372,active,0.406,2.012,10.25171240954206
chr17,26649372,active,0.4065,2.036,10.395972490006082
chr17,26653372,active,0.4075,1.968,10.23122415994596
chr17,26657372,active,0.4065,1.98,10.308708892732023
chr17,26661372,active,0.4065,1.972,10.221922998364217
chr17,26665372,active,0.407,1.984,10.367997057184516
chr17,26669372,active,0.409,1.96,10.236246007447784
chr17,26673372,active,0.4085,2.02,10.397479900404878
chr17,26677372,active,0.4075,2.0,10.345063114398377
chr17,26681372,active,0.4055,2.04,10.407375026653506
chr17,26685372,active,0.407,2.0,10.318326811708603
chr17,26689372,active,0.407,1.94,10.22382601373679
chr17,26693372,active,0.405,2.024,10.424159157595527
chr17,26697372,active,0.407,1.984,10.317462165038096
chr17,26701372,active,0.408,1.944,10.198703663722412
chr17,26705372,active,0.4065,2.028,10.408313858184716
chr17,26709372,active,0.4095,2.032,10.362539870788503
chr17,26713372,active,0.404,2.04,10.408949986873669
chr17,26717372,active,0.407,2.056,10.3675182851634
chr17,26721372,active,0.407,2.032,10.435959336603254
chr17,26725372,active,0.406,2.072,10.43063087739494
chr17,26729372,active,0.4085,1.996,10.385784391239623
chr17,26733372,active,0.41,2.048,10.398505681144254
chr17,26737372,active,0.4055,2.028,10.392480902041182
chr17,26741372,active,0.4095,2.028,10.363857295591623
chr17,26745372,active,0.4055,2.028,10.370540028112325
chr17,26749372,active,0.4065,2.088,10.426812447244592
chr17,26753372,active,0.408,2.06,10.385557889544343
chr17,26757372,active,0.4045,2.044,10.417016946837432
chr17,26761372,active,0.4065,2.048,10.390946566774941
chr17,26765372,active,0.4085,2.012,10.386977364574403
chr17,26769372,active,0.405,2.064,10.44196033082929
chr17,26773372,active,0.408,1.996,10.33834471797039
chr17,26777372,active,0.404,2.02,10.402767989238582
chr17,26781372,active,0.4055,1.976,10.228913002058517
chr17,26785372,active,0.4045,2.084,10.474763438508322
chr17,26789372,active,0.4105,1.976,10.178487885609682
chr17,26793372,active,0.405,2.06,10.487113954782275
chr17,26797372,active,0.41,1.932,10.116158252720286
chr17,26801372,active,0.409,1.984,10.32143043149974
chr17,26805372,active,0.412,1.956,10.238860709529451
chr17,26809372,active,0.4095,1.872,9.89090499999588
chr17,26813372,active,0.411,2.012,10.340712561174492
chr17,26817372,active,0.409,1.928,10.163435026045985
chr17,26821372,active,0.4075,1.968,10.287554205850023
chr17,26825372,active,0.4055,2.004,10.309153496757181
chr17,26829372,active,0.409,2.02,10.353580929639024
chr17,26833372,active,0.4055,2.032,10.379159722911279
chr17,26837372,active,0.409,2.06,10.387518226095583
chr17,26841372,active,0.405,2.004,10.37285553324095
chr17,26845372,active,0.4075,2.016,10.239579595617993
chr17,26849372,active,0.4025,2.076,10.54909213618971
chr17,26853372,active,0.408,2.06,10.447972926857537
chr17,26857372,active,0.4075,2.004,10.382842703120387
chr17,26861372,active,0.4045,2.084,10.476943605015094
chr17,26865372,active,0.4025,2.024,10.384745635538609
chr17,26869372,active,0.414,2.048,10.421855059995337
chr17,26873372,active,0.4115,2.028,10.392562169837868
chr17,26877372,active,0.4115,1.984,10.308450675199088
chr17,26881372,active,0.4125,1.96,10.257463144012318
chr17,26885372,active,0.4115,2.02,10.336881239016911
chr17,26889372,active,0.413,2.096,10.493672452164935
chr17,26893372,active,0.4115,2.028,10.42080825784657
chr17,26897372,active,0.414,2.036,10.330026208045732
chr17,26901372,active,0.4105,2.072,10.432594354528804
chr17,26905372,active,0.413,1.988,10.258588627831292
chr17,26909372,active,0.408,2.048,10.45749309242676
chr17,26913372,active,0.4085,1.976,10.256095668931822
chr17,26917372,active,0.4135,2.004,10.313149756244814
chr17,26921372,active,0.4125,1.964,10.236614487564125
chr17,26925372,active,0.41,1.996,10.330627947648539
chr17,26929372,active,0.411,2.0,10.32482511884182
chr17,26933372,active,0.411,2.012,10.342365316791252
chr17,26937372,active,0.4115,2.012,10.378427003360327
chr17,26941372,active,0.412,2.048,10.39675632894925
chr17,26945372,active,0.4115,2.004,10.361742215315447
chr17,26949372,active,0.411,2.064,10.422657617165754
chr17,26953372,active,0.4095,2.04,10.410484239185555
chr17,26957372,active,0.406,2.048,10.392958793504903
chr17,26961372,active,0.413,2.02,10.382795465775956
chr17,26965372,active,0.41,2.024,10.356423491191427
chr17,26969372,active,0.4065,2.012,10.400427320357247
chr17,26973372,active,0.4085,2.052,10.368543124447653
chr17,26977372,active,0.4065,2.036,10.417209191866185
chr17,26981372,active,0.4085,2.068,10.367559126447652
chr17,26985372,active,0.408,2.068,10.468156241951185
chr17,26989372,active,0.414,2.04,10.33009422365269
chr17,26993372,active,0.4085,2.084,10.498690910221033
chr17,26997372,active,0.4105,2.012,10.341237163891469
chr17,27001372,active,0.4115,2.064,10.454400055744543
chr17,27005372,active,0.4115,1.98,10.274341523428864
chr17,27009372,active,0.409,1.976,10.308137611294537
chr17,27013372,active,0.411,1.952,10.221827205105244
chr17,27017372,active,0.4095,2.004,10.367154018912304
chr17,27021372,active,0.414,2.012,10.327202996414876
chr17,27025372,active,0.41,2.056,10.364319005489262
chr17,27029372,active,0.411,1.988,10.306395458478997
chr17,27033372,active,0.4105,2.0,10.32429451277985
chr17,27037372,active,0.4125,1.968,10.22452436530181
chr17,27041372,active,0.4115,2.076,10.473510524379334
chr17,27045372,active,0.4095,1.976,10.23809131309419
chr17,27049372,active,0.408,2.052,10.446692921360171
chr17,27053372,active,0.409,2.008,10.323120750274425
chr17,27057372,active,0.4095,1.988,10.33894877218779
chr17,27061372,active,0.411,1.952,10.211464637125841
chr17,27065372,active,0.4115,2.004,10.322662152594413
chr17,27069372,active,0.409,2.044,10.460512936125053
chr17,27073372,active,0.411,2.016,10.339339354260849
chr17,27077372,active,0.413,2.036,10.419313219080161
chr17,27081372,active,0.4085,2.008,10.312933947429293
chr17,27085372,active,0.412,1.96,10.257386999003248
chr17,27089372,active,0.413,1.988,10.195764290217843
chr17,27093372,active,0.4125,2.036,10.306105598178778
chr17,27097372,active,0.408,2.016,10.381083322272653
chr17,27101372,active,0.408,1.98,10.279884938668141
chr17,27105372,active,0.404,1.956,10.259660644154382
chr17,27109372,active,0.4065,1.956,10.157483500824593
chr17,27113372,active,0.4075,2.028,10.368172816602538
chr17,27117372,active,0.41,2.012,10.36837102027089
chr17,27121372,active,0.411,2.0,10.362038743187695
chr17,27125372,active,0.411,2.032,10.38253085218281
chr17,27129372,active,0.4125,2.044,10.409981327821228
chr17,27133372,active,0.412,2.056,10.350945360624218
chr17,27137372,active,0.409,2.084,10.498411001335443
chr17,27141372,active,0.412,2.024,10.341889247340045
chr17,27145372,active,0.4095,2.096,10.480131056080554
chr17,27149372,active,0.4105,1.996,10.273017209963461
chr17,27153372,active,0.4095,2.08,10.434078810186342
chr17,27157372,active,0.405,2.0,10.29202458035672
chr17,27161372,active,0.408,1.968,10.269851306398527
chr17,27165372,active,0.405,1.956,10.219271253499548
chr17,27169372,active,0.404,1.96,10.239537381174303
chr17,27173372,active,0.408,1.948,10.203025226327311
chr17,27177372,active,0.408,2.028,10.380653881120354
chr17,27181372,active,0.408,1.996,10.389301193378863
chr17,27185372,active,0.404,2.064,10.413031955786012
chr17,27189372,active,0.404,1.992,10.282585654219131
chr17,27193372,active,0.4075,2.06,10.379140434843839
chr17,27197372,active,0.4065,2.052,10.480567829031962
chr17,27201372,active,0.405,2.032,10.419978366160931
chr17,27205372,active,0.402,1.948,10.140503059748566
chr17,27209372,active,0.4065,2.04,10.415515760873886
chr17,27213372,active,0.404,1.972,10.18293615399193
chr17,27217372,active,0.405,2.028,10.434299470277644
chr17,27221372,active,0.404,1.992,10.341205332566712
chr17,27225372,active,0.4045,1.928,10.146337576027964
chr17,27229372,active,0.403,2.08,10.426414173189997
chr17,27233372,active,0.4085,2.048,10.425515662568122
chr17,27237372,active,0.408,2.044,10.377500216768105
chr17,27241372,active,0.4075,2.044,10.40377968193626
chr17,27245372,active,0.41,1.964,10.248780772724322
chr17,27249372,active,0.4075,2.044,10.349655680940332
chr17,27253372,active,0.4115,2.012,10.352239498868649
chr17,27257372,active,0.4115,2.012,10.330849266250594
chr17,27261372,active,0.4145,2.004,10.367393025615865
chr17,27265372,active,0.413,2.012,10.338935602952438
chr17,27269372,active,0.4125,2.008,10.384549829439198
chr17,27273372,active,0.413,2.068,10.351985689474663
chr17,27277372,active,0.408,2.028,10.391414806108736
chr17,27281372,active,0.415,2.068,10.354135569441096
chr17,27285372,active,0.4085,2.048,10.430681996787134
chr17,27289372,active,0.4145,2.02,10.27354718433113
chr17,27293372,active,0.4105,2.048,10.426199743250178
chr17,27297372,active,0.4135,2.008,10.251898784601758
chr17,27301372,active,0.411,2.012,10.384311177201809
chr17,27305372,active,0.411,1.98,10.237585117887297
chr17,27309372,active,0.4115,2.036,10.424126528667745
chr17,27313372,active,0.411,2.016,10.270434770910864
chr17,27317372,active,0.4105,1.996,10.347836585512713
chr17,27321372,active,0.413,1.968,10.25433645399283
chr17,27325372,active,0.4115,2.004,10.284357495369846
chr17,27329372,active,0.414,1.972,10.29348304784201
chr17,27333372,active,0.4095,2.028,10.365417813303864
chr17,27337372,active,0.4085,2.06,10.43363026952407
chr17,27341372,active,0.4085,2.004,10.33840975949563
chr17,27345372,active,0.4065,1.924,10.07198688199291
chr17,27349372,active,0.4105,2.048,10.458775545914676
chr17,27353372,active,0.4075,2.096,10.385369226686533
chr17,27357372,active,0.4055,2.076,10.46534821429343
chr17,27361372,active,0.407,2.092,10.459483688701855
chr17,27365372,active,0.4065,2.008,10.434046458486659
chr17,27369372,active,0.4015,2.064,10.417024195682194
chr17,27373372,active,0.406,2.04,10.410231393303308
chr17,27377372,active,0.408,2.052,10.384702700730026
chr17,27381372,active,0.408,2.048,10.459616684936272
chr17,27385372,active,0.4055,2.12,10.504051860221246
chr17,27389372,active,0.401,2.06,10.433296704585075
chr17,27393372,active,0.4055,2.044,10.358166391188407
chr17,27397372,active,0.4075,2.008,10.404038209230054
chr17,27401372,active,0.408,2.036,10.295228794260984
chr17,27405372,active,0.407,2.036,10.436549197175774
chr17,27409372,active,0.405,2.084,10.456896924464646
chr17,27413372,active,0.41,2.06,10.439448166816721
chr17,27417372,active,0.392,2.416,10.95654266517965
chr17,27421372,active,0.4325,2.152,10.590767568219643
chr17,27425372,active,0.4045,2.028,10.313404950230757
chr17,27429372,active,0.409,2.084,10.461939438909598
chr17,27433372,active,0.406,2.016,10.32364389116135
chr17,27437372,active,0.411,2.048,10.388551660567494
chr17,27441372,active,0.411,2.06,10.370735169984693
chr17,27445372,active,0.408,2.04,10.437669663810288
chr17,27449372,active,0.404,2.092,10.436405396742215
chr17,27453372,active,0.409,2.052,10.42158804883323
chr17,27457372,active,0.4015,2.112,10.502656253022554
chr17,27461372,active,0.4075,2.052,10.394978706500165
chr17,27465372,active,0.402,2.048,10.38686903377436
chr17,27469372,active,0.4125,2.06,10.389577990046835
chr17,27473372,active,0.412,2.036,10.370780059225424
chr17,27477372,active,0.409,1.96,10.149979714952785
chr17,27481372,active,0.4055,2.116,10.46949863623329
chr17,27485372,active,0.4065,2.02,10.29686790497281
chr17,27489372,inactive,0.4035,2.1,10.41814025417771
chr17,27493372,inactive,0.4065,2.056,10.33903778655533
chr17,27497372,inactive,0.4,2.088,10.396432903982362
chr17,27501372,inactive,0.405,2.104,10.423609617932286
chr17,27505372,inactive,0.403,2.052,10.33302891125702
chr17,27509372,inactive,0.403,2.112,10.446206628982496
chr17,27513372,inactive,0.404,2.1,10.439159496834726
chr17,27517372,inactive,0.401,2.076,10.37270139802829
chr17,27521372,inactive,0.403,2.112,10.418982185086053
chr17,27525372,inactive,0.4015,2.108,10.450055732672116
chr17,27529372,inactive,0.4035,2.04,10.33840923227904
chr17,27533372,inactive,0.4015,2.1,10.394901542797845
chr17,27537372,inactive,0.4045,2.088,10.418038230767255
chr17,27541372,inactive,0.3995,2.044,10.323747286605807
chr17,27545372,inactive,0.4025,2.068,10.36253689194685
chr17,27549372,inactive,0.404,2.096,10.39092228357957
chr17,27553372,inactive,0.403,2.04,10.343182060764867
chr17,27557372,inactive,0.402,2.056,10.39073235316544
chr17,27561372,inactive,0.4045,2.048,10.312591145724339
chr17,27565372,inactive,0.4015,2.028,10.377454607162456
chr17,27569372,inactive,0.3895,2.068,10.402944938974837
chr18,15641581,inactive,0.383,1.992,10.324061149238801
chr18,15645581,inactive,0.3975,2.06,10.34368229845758
chr18,15649581,inactive,0.3965,2.028,10.322282369004238
chr18,15653581,inactive,0.406,2.076,10.374059748195442
chr18,15657581,inactive,0.3965,2.064,10.354022410014068
chr18,15661581,inactive,0.3955,2.028,10.314235500427179
chr18,15665581,inactive,0.4035,2.072,10.360336107962215
chr18,15669581,inactive,0.4005,2.036,10.310476458163363
chr18,15673581,inactive,0.397,2.032,10.34761575951272
chr18,15677581,inactive,0.4035,2.0,10.274492428855039
chr18,15681581,inactive,0.3975,2.04,10.326139292335112
chr18,15685581,inactive,0.3965,2.052,10.284659887494854
chr18,15689581,inactive,0.4045,2.036,10.276116471080902
chr18,15693581,inactive,0.399,2.048,10.354288042300443
chr18,15697581,inactive,0.403,2.024,10.285297173969292
chr18,15701581,inactive,0.403,2.056,10.326796891286527
chr18,15705581,inactive,0.3985,2.036,10.31677926895802
chr18,15709581,inactive,0.407,2.032,10.301759009957053
chr18,15713581,inactive,0.4,2.036,10.320483193338376
chr18,15717581,inactive,0.3985,2.02,10.311007064225347
chr18,15721581,inactive,0.4055,2.052,10.341627385782086
chr18,15725581,inactive,0.3965,2.044,10.329643860977898
chr18,15729581,inactive,0.396,2.032,10.32583538224218
chr18,15733581,inactive,0.404,2.02,10.29156487531284
chr18,15737581,inactive,0.402,2.048,10.34739710999143
chr18,15741581,inactive,0.398,2.024,10.274589683944058
chr18,15745581,inactive,0.4055,2.028,10.295640093698792
chr18,15749581,inactive,0.401,2.04,10.320483193338362
chr18,15753581,inactive,0.3985,2.028,10.326373680285686
chr18,15757581,inactive,0.403,2.024,10.318972859279471
chr18,15761581,inactive,0.3995,2.012,10.270201401653544
chr18,15765581,inactive,0.403,2.052,10.336188828942753
chr18,15769581,inactive,0.4015,2.052,10.382321710939358
chr18,15773581,inactive,0.4005,2.072,10.379774077293233
chr18,15777581,inactive,0.404,2.068,10.365777777019156
chr18,15781581,inactive,0.398,2.072,10.409279498139906
chr18,15785581,inactive,0.3955,2.052,10.378871545531377
chr18,15789581,inactive,0.4015,2.044,10.32273154136083
chr18,15793581,inactive,0.3975,2.076,10.40991816349005
chr18,15797581,inactive,0.3945,2.04,10.38566175606755
chr18,15801581,inactive,0.4,2.012,10.282000644922391
chr18,15805581,inactive,0.3945,2.0,10.325892593649987
chr18,15809581,inactive,0.4,2.036,10.37810335634688
chr18,15813581,inactive,0.392,2.02,10.358989299824874
chr18,15817581,inactive,0.393,2.016,10.347375368217167
chr18,15821581,inactive,0.393,2.02,10.303069324051323
chr18,15825581,inactive,0.3995,2.052,10.357252579557816
chr18,15829581,inactive,0.3945,2.064,10.371328220012924
chr18,15833581,inactive,0.3935,2.044,10.340108562138624
chr18,15837581,inactive,0.399,2.068,10.3655988167129
chr18,15841581,inactive,0.392,2.068,10.377926844031165
chr18,15845581,inactive,0.4005,2.056,10.339256181497316
chr18,15849581,inactive,0.3945,2.06,10.348794096065825
chr18,15853581,inactive,0.408,1.84,9.957705661735096
chr18,15857581,inactive,0.3905,2.02,10.313188692562171
chr18,15861581,inactive,0.401,1.992,10.305947216145073
chr18,15865581,inactive,0.3995,1.984,10.277274140690839
chr18,15869581,inactive,0.399,1.984,10.285943885767184
chr18,15873581,inactive,0.4005,2.008,10.30425086149266
chr18,15877581,inactive,0.396,2.032,10.381291439106628
chr18,15881581,inactive,0.398,2.036,10.347963489731546
chr18,15885581,inactive,0.3995,2.028,10.33209751766131
chr18,15889581,inactive,0.3985,2.032,10.367390217442866
chr18,15893581,inactive,0.4005,2.024,10.3349118584249
chr18,15897581,inactive,0.394,2.008,10.2921028131739
chr18,15901581,inactive,0.392,2.016,10.314279370974669
chr18,15905581,inactive,0.3995,2.016,10.315078727256887
chr18,15909581,inactive,0.3955,2.004,10.283360428021332
chr18,15913581,inactive,0.3945,1.996,10.28261756849826
chr18,15917581,inactive,0.4005,2.048,10.35273347751162
chr18,15921581,inactive,0.397,2.008,10.292859760738672
chr18,15925581,inactive,0.391,2.008,10.257290845561826
chr18,15929581,inactive,0.4015,2.04,10.31908446820583
chr18,15933581,inactive,0.397,1.996,10.291638926797525
chr18,15937581,inactive,0.3925,2.016,10.307132225986466
chr18,15941581,inactive,0.3915,2.04,10.377148875057031
chr18,15945581,inactive,0.385,2.116,10.484281616156327
chr18,15949581,inactive,0.3825,2.1,10.525382344770339
chr18,15953581,inactive,0.393,2.124,10.496426109120646
chr18,15957581,inactive,0.39,2.22,10.688427298139795
chr18,15961581,inactive,0.3885,2.052,10.392894521809858
chr18,15965581,active,0.3855,1.932,10.156208069374909
chr18,15969581,active,0.3885,1.88,9.969205303163006
chr18,15973581,active,0.408,1.912,10.09418656615994
chr18,15977581,active,0.409,1.884,9.977953259956255
chr18,15981581,active,0.413,1.936,10.0833864780477
chr18,15985581,active,0.4095,1.916,10.057896306427784
chr18,15989581,active,0.4075,1.904,10.026498236987132
chr18,15993581,active,0.4005,1.94,10.102985664401961
chr18,15997581,active,0.395,1.784,9.783785422415665
chr18,16001581,active,0.396,1.904,10.001371833299995
chr18,16005581,active,0.4005,1.756,9.753411920747459
chr18,16009581,active,0.4005,1.888,10.013637997924704
chr18,16013581,active,0.4005,1.912,10.057027998799724
chr18,16017581,active,0.398,1.872,9.987480087381295
chr18,16021581,active,0.398,1.912,10.025314107703137
chr18,16025581,active,0.3995,1.884,9.978504698870136
chr18,16029581,active,0.4005,1.896,10.001665083045953
chr18,16033581,active,0.4,1.892,9.970458267713603
chr18,16037581,active,0.4,1.892,9.992150094853642
chr18,16041581,active,0.3995,1.888,9.98659681687034
chr18,16045581,active,0.3985,1.872,10.0069875341493
chr18,16049581,active,0.4005,1.892,10.019571059498128
chr18,16053581,active,0.399,1.892,9.99143537316507
chr18,16057581,active,0.3985,1.9,10.0063579339402
chr18,16061581,active,0.3985,1.892,10.000495230361134
chr18,16065581,active,0.398,1.892,9.978018317821842
chr18,16069581,active,0.3985,1.908,10.027630111150081
chr18,16073581,active,0.4,1.908,10.014823528140989
chr18,16077581,active,0.396,1.892,10.01867764329885
chr18,16081581,active,0.399,1.916,10.06672927909734
chr18,16085581,active,0.398,1.908,9.996171934414312
chr18,16089581,active,0.4,1.908,10.012231226344394
chr18,16093581,active,0.398,1.896,10.020130024484803
chr18,16097581,active,0.396,1.868,9.986087315172094
chr18,16101581,active,0.3985,1.908,10.02907030926113
chr18,16105581,active,0.398,1.896,9.992795705003935
chr18,16109581,active,0.3995,1.82,9.838298798233927
chr18,16113581,active,0.4,1.896,10.003036994038217
chr18,16117581,active,0.396,1.904,10.012963668667277
chr18,16121581,active,0.399,1.908,10.034516469411416
chr18,16125581,active,0.401,1.904,10.058857543960297
chr18,16129581,active,0.401,1.944,10.07141088837188
chr18,16133581,active,0.3985,1.884,9.977441083460976
chr18,16137581,active,0.3985,1.84,9.911855429442953
chr18,16141581,active,0.3995,1.884,10.017940349700226
chr18,16145581,active,0.398,1.912,10.047953533186957
chr18,16149581,active,0.3995,1.788,9.780524312580726
chr18,16153581,active,0.4005,1.9,10.023667387964093
chr18,16157581,active,0.393,1.776,9.707890579983864
chr18,16161581,active,0.4,1.888,9.96791917883355
chr18,16165581,active,0.4,1.908,10.003897692639077
chr18,16169581,active,0.397,1.844,9.873262650976312
chr18,16173581,active,0.3975,1.884,10.03010578683583
chr18,16177581,active,0.3965,1.836,9.880835604524275
chr18,16181581,active,0.394,1.924,10.059378148186047
chr18,16185581,active,0.3925,1.88,9.945464040601284
chr18,16189581,active,0.398,1.872,9.987745642429545
chr18,16193581,active,0.3925,1.844,9.851244773537614
chr18,16197581,active,0.4005,1.812,9.83439475876199
chr18,16201581,active,0.397,1.844,9.891672037111181
chr18,16205581,active,0.399,1.836,9.926376609662146
chr18,16209581,active,0.396,1.668,9.540584071633726
chr18,16213581,active,0.4015,1.776,9.74678949396336
chr18,16217581,active,0.3955,1.824,9.893281249830176
chr18,16221581,active,0.396,1.816,9.888112356301214
chr18,16225581,active,0.398,1.796,9.826844039590327
chr18,16229581,active,0.395,1.796,9.81128407685363
chr18,16233581,active,0.3965,1.828,9.875721158935518
chr18,16237581,active,0.4,1.784,9.834282789653189
chr18,16241581,active,0.395,1.788,9.8344348528648
chr18,16245581,active,0.3985,1.828,9.903883465135133
chr18,16249581,active,0.3965,1.852,9.939999084985654
chr18,16253581,active,0.398,1.828,9.887069098074345
chr18,16257581,active,0.394,1.636,9.569267443084811
chr18,16261581,active,0.3905,1.708,9.698575917565353
chr18,16265581,active,0.4,1.82,9.890064802429455
chr18,16269581,active,0.3965,1.804,9.82815124718323
chr18,16273581,active,0.3965,1.56,9.498478385248282
chr18,16277581,active,0.395,1.808,9.857399879794267
chr18,16281581,active,0.401,1.832,9.878069758777464
chr18,16285581,active,0.3925,1.656,9.590589411232775
chr18,16289581,active,0.397,1.812,9.757786236199614
chr18,16293581,active,0.3965,1.816,9.834385991949363
chr18,16297581,active,0.398,1.82,9.864517368980156
chr18,16301581,active,0.4005,1.816,9.873571444877802
chr18,16305581,active,0.3995,1.82,9.85532586760884
chr18,16309581,active,0.3925,1.812,9.85077405368051
chr18,16313581,active,0.394,1.616,9.530567772360284
chr18,16317581,active,0.401,1.644,9.51167799758078
chr18,16321581,active,0.399,1.84,9.878274712972269
chr18,16325581,active,0.398,1.828,9.869922715618998
chr18,16329581,active,0.3985,1.724,9.646049242253254
chr18,16333581,active,0.3955,1.832,9.888738699484257
chr18,16337581,active,0.398,1.828,9.873354141699423
chr18,16341581,active,0.392,1.684,9.633088095149155
chr18,16345581,active,0.3935,1.568,9.41189374304678
chr18,16349581,active,0.3945,1.756,9.714570737070261
chr18,16353581,active,0.397,1.736,9.67907308881022
chr18,16357581,active,0.394,1.788,9.87781612100843
chr18,16361581,active,0.3945,1.852,9.916542333130087
chr18,16365581,active,0.3955,1.86,9.961070466684516
chr18,16369581,active,0.397,1.848,9.923965090184307
chr18,16373581,active,0.393,1.88,9.996471137083631
chr18,16377581,active,0.3975,1.876,9.91625333133062
chr18,16381581,active,0.3965,1.884,9.989226105312087
chr18,16385581,active,0.3975,1.884,9.90713915385415
chr18,16389581,active,0.392,1.836,9.885601781778412
chr18,16393581,active,0.3935,1.836,9.918250040721581
chr18,16397581,active,0.395,1.86,9.884856413959223
chr18,16401581,active,0.3975,1.748,9.78159049718375
chr18,16405581,active,0.3965,1.78,9.768533067430068
chr18,16409581,active,0.397,1.876,10.004492127259335
chr18,16413581,active,0.398,1.896,9.952573545193495
chr18,16417581,active,0.394,1.904,9.991167481445615
chr18,16421581,active,0.396,1.86,9.938068735097925
chr18,16425581,active,0.397,1.864,9.961282199770698
chr18,16429581,active,0.395,1.864,9.935700587849249
chr18,16433581,active,0.396,1.852,9.912915412259586
chr18,16437581,active,0.397,1.844,9.893830955402116
chr18,16441581,active,0.3965,1.86,9.90482720407995
chr18,16445581,active,0.3955,1.82,9.857294578257527
chr18,16449581,active,0.399,1.804,9.80561111989121
chr18,16453581,active,0.396,1.848,9.900403180644041
chr18,16457581,active,0.397,1.852,9.912320396366667
chr18,16461581,active,0.397,1.868,9.94787966988976
chr18,16465581,active,0.398,1.86,9.936142377985124
chr18,16469581,active,0.395,1.86,9.92572055549515
chr18,16473581,active,0.394,1.832,9.84696601808161
chr18,16477581,active,0.39,1.824,9.887704739877535
chr18,16481581,active,0.3975,1.864,9.93570850092103
chr18,16485581,active,0.3975,1.796,9.8164091323679
chr18,16489581,active,0.387,1.836,9.868578200995989
chr18,16493581,active,0.396,1.848,9.888115468518818
chr18,16497581,active,0.3955,1.876,9.98071184542589
chr18,16501581,active,0.393,1.924,10.026386433787067
chr18,16505581,active,0.3975,1.864,9.956608359715805
chr18,16509581,active,0.393,1.888,9.989882325387809
chr18,16513581,active,0.3975,1.872,9.96876516913095
chr18,16517581,active,0.3945,1.62,9.538741163556352
chr18,16521581,active,0.398,1.88,9.952722634323408
chr18,16525581,active,0.396,1.896,9.986126617388194
chr18,16529581,active,0.3955,1.896,10.027145031739401
chr18,16533581,active,0.3915,1.904,9.968824306605892
chr18,16537581,active,0.3915,1.884,10.020427853994681
chr18,16541581,active,0.3965,1.864,9.912403075571792
chr18,16545581,active,0.3965,1.868,9.954790139129281
chr18,16549581,active,0.3955,1.892,10.004941886604858
chr18,16553581,active,0.396,1.868,9.943986855845106
chr18,16557581,active,0.3965,1.876,9.94837693237529
chr18,16561581,active,0.3935,1.696,9.647272293210847
chr18,16565581,active,0.3945,1.88,9.93486069432741
chr18,16569581,active,0.3955,1.752,9.759254987509077
chr18,16573581,active,0.395,1.776,9.77833992649255
chr18,16577581,active,0.3965,1.876,9.931841044902832
chr18,16581581,active,0.4,1.844,9.914735975233501
chr18,16585581,active,0.3985,1.88,9.910540735574765
chr18,16589581,active,0.397,1.852,9.905625264440815
chr18,16593581,active,0.396,1.856,9.890382002961134
chr18,16597581,active,0.3965,1.868,9.912699736820024
chr18,16601581,active,0.396,1.876,9.931250746909734
chr18,16605581,active,0.396,1.784,9.819574758704803
chr18,16609581,active,0.3955,1.848,9.89677184591834
chr18,16613581,active,0.3975,1.772,9.753752768020245
chr18,16617581,active,0.3955,1.692,9.587240483064695
chr18,16621581,active,0.396,1.884,9.967569936363107
chr18,16625581,active,0.3935,1.888,9.972897265558776
chr18,16629581,active,0.395,1.86,9.918915027609893
chr18,16633581,active,0.3925,1.896,10.004215861442402
chr18,16637581,active,0.3975,1.88,9.95271111547561
chr18,16641581,active,0.4005,1.876,9.973051067828557
chr18,16645581,active,0.394,1.876,9.971891138785521
chr18,16649581,active,0.3975,1.88,9.988654519830003
chr18,16653581,active,0.394,1.868,9.894250339536683
chr18,16657581,active,0.394,1.88,9.870129736521614
chr18,16661581,active,0.395,1.868,9.946265656316603
chr18,16665581,active,0.396,1.86,9.925968638772229
chr18,16669581,active,0.395,1.864,9.950997726472565
chr18,16673581,active,0.396,1.776,9.733836103906212
chr18,16677581,active,0.3995,1.792,9.787042698928046
chr18,16681581,active,0.3995,1.772,9.747449413245635
chr18,16685581,active,0.3935,1.872,9.978267336837819
chr18,16689581,active,0.396,1.844,9.921068297022067
chr18,16693581,active,0.3975,1.864,9.959873611894132
chr18,16697581,active,0.394,1.844,9.936050334354327
chr18,16701581,active,0.3945,1.852,9.92391123985717
chr18,16705581,active,0.396,1.868,9.927064439972316
chr18,16709581,active,0.3955,1.856,9.933072765997482
chr18,16713581,active,0.398,1.868,9.938498973853239
chr18,16717581,active,0.396,1.856,9.933946888413061
chr18,16721581,active,0.3955,1.704,9.612959725573921
chr18,16725581,active,0.398,1.776,9.798599779310456
chr18,16729581,active,0.3965,1.888,9.941696874651685
chr18,16733581,active,0.397,1.876,9.931680714153233
chr18,16737581,active,0.3965,1.872,9.950356087040673
chr18,16741581,active,0.3955,1.864,9.94082520022665
chr18,16745581,active,0.394,1.896,9.993283934881227
chr18,16749581,active,0.397,1.868,9.916310708647135
chr18,16753581,active,0.3915,1.82,9.792828649408875
chr18,16757581,active,0.3985,1.868,9.931409560647754
chr18,16761581,active,0.397,1.848,9.906599975253247
chr18,16765581,active,0.3975,1.88,9.936115120708017
chr18,16769581,active,0.3965,1.856,9.89642392142576
chr18,16773581,active,0.3975,1.852,9.880099268721148
chr18,16777581,active,0.3985,1.864,9.922004642313675
chr18,16781581,active,0.398,1.836,9.888251937153314
chr18,16785581,active,0.396,1.868,9.925409945297412
chr18,16789581,active,0.396,1.848,9.88457942873375
chr18,16793581,active,0.3965,1.856,9.897557368738143
chr18,16797581,active,0.3965,1.86,9.881313435090268
chr18,16801581,active,0.397,1.788,9.764685492184498
chr18,16805581,active,0.3955,1.868,9.908881472578397
chr18,16809581,active,0.397,1.864,9.91118157740362
chr18,16813581,active,0.3965,1.864,9.912473788032377
chr18,16817581,active,0.396,1.88,9.940366408272872
chr18,16821581,active,0.397,1.856,9.913687954401503
chr18,16825581,active,0.396,1.852,9.924577960087404
chr18,16829581,active,0.3965,1.844,9.883380336566855
chr18,16833581,active,0.3965,1.836,9.883547340604753
chr18,16837581,active,0.395,1.828,9.868902589474608
chr18,16841581,active,0.397,1.852,9.88128080616246
chr18,16845581,active,0.397,1.84,9.895318528993478
chr18,16849581,active,0.3975,1.844,9.888422136363186
chr18,16853581,active,0.397,1.84,9.901840621003716
chr18,16857581,active,0.394,1.836,9.880330538737855
chr18,16861581,active,0.3965,1.844,9.871540063456324
chr18,16865581,active,0.3945,1.832,9.854547449781645
chr18,16869581,active,0.3985,1.872,9.942175723910855
chr18,16873581,active,0.3975,1.828,9.904407985854098
chr18,16877581,active,0.397,1.868,9.939273115961145
chr18,16881581,active,0.3965,1.852,9.878068689662634
chr18,16885581,active,0.3945,1.856,9.915001961986107
chr18,16889581,active,0.397,1.892,9.940164793102237
chr18,16893581,active,0.397,1.88,9.921851200226333
chr18,16897581,active,0.3945,1.884,9.998195712524868
chr18,16901581,active,0.3965,1.868,9.928439961500574
chr18,16905581,active,0.3965,1.88,9.950504766522847
chr18,16909581,active,0.4,1.804,9.855022949392653
chr18,16913581,active,0.398,1.768,9.793123355268603
chr18,16917581,active,0.393,1.824,9.81344255772405
chr18,16921581,active,0.3965,1.872,9.927391420293636
chr18,16925581,active,0.394,1.86,9.920733491343261
chr18,16929581,active,0.4005,1.78,9.76164926847858
chr18,16933581,active,0.397,1.776,9.74800740996063
chr18,16937581,active,0.3965,1.888,9.976387474647964
chr18,16941581,active,0.398,1.88,9.947738267025143
chr18,16945581,active,0.394,1.8,9.791803887362704
chr18,16949581,active,0.3975,1.876,9.909907004454725
chr18,16953581,active,0.3945,1.82,9.822710647241234
chr18,16957581,active,0.394,1.852,9.893205491820058
chr18,16961581,active,0.398,1.88,9.941235076083403
chr18,16965581,active,0.396,1.852,9.917705435288509
chr18,16969581,active,0.397,1.864,9.928731915325155
chr18,16973581,active,0.3985,1.88,9.9526580911165
chr18,16977581,active,0.3975,1.86,9.912322350798789
chr18,16981581,active,0.4005,1.724,9.650134673681737
chr18,16985581,active,0.3985,1.852,9.894628052251226
chr18,16989581,active,0.399,1.7,9.613982222470707
chr18,16993581,active,0.397,1.864,9.919389663003905
chr18,16997581,active,0.394,1.868,9.953821713649857
chr18,17001581,active,0.3955,1.856,9.857741491181045
chr18,17005581,active,0.398,1.872,9.949842017010969
chr18,17009581,active,0.399,1.876,9.92237869407068
chr18,17013581,active,0.397,1.868,9.963940778116099
chr18,17017581,active,0.397,1.856,9.931137121697136
chr18,17021581,active,0.3975,1.872,9.959151192507722
chr18,17025581,active,0.3915,1.8,9.77238206134875
chr18,17029581,active,0.397,1.792,9.802858094629741
chr18,17033581,active,0.393,1.824,9.832953370332664
chr18,17037581,active,0.396,1.78,9.720255603937144
chr18,17041581,active,0.397,1.864,9.924965790125306
chr18,17045581,active,0.3965,1.904,9.982988552373014
chr18,17049581,active,0.3965,1.86,9.926364432303522
chr18,17053581,active,0.397,1.884,9.961460168200212
chr18,17057581,active,0.3935,1.848,9.932048447088148
chr18,17061581,active,0.3965,1.856,9.922157153422042
chr18,17065581,active,0.3975,1.868,9.932780812172926
chr18,17069581,active,0.3965,1.896,10.010967817777123
chr18,17073581,active,0.3945,1.872,9.97518628895672
chr18,17077581,active,0.3955,1.72,9.679193375878702
chr18,17081581,active,0.397,1.888,9.989701239024436
chr18,17085581,active,0.397,1.9,10.00206647503442
chr18,17089581,active,0.397,1.868,9.93356371537719
chr18,17093581,active,0.393,1.828,9.813964042507187
chr18,17097581,active,0.396,1.904,9.968649727622068
chr18,17101581,active,0.398,1.78,9.831697072474244
chr18,17105581,active,0.396,1.68,9.657460280657936
chr18,17109581,active,0.3955,1.88,9.99541063960836
chr18,17113581,active,0.3955,1.916,10.044622502778182
chr18,17117581,active,0.3955,1.876,9.965248644219818
chr18,17121581,active,0.395,1.776,9.7730944237174
chr18,17125581,active,0.396,1.776,9.76546737097928
chr18,17129581,active,0.395,1.864,9.93848389965101
chr18,17133581,active,0.3935,1.928,10.030175258556612
chr18,17137581,active,0.394,1.872,9.94835582229531
chr18,17141581,active,0.3945,1.88,9.94565838487063
chr18,17145581,active,0.3995,1.912,9.998173057660468
chr18,17149581,active,0.4005,1.888,9.973927947995552
chr18,17153581,active,0.3935,1.816,9.793321028085895
chr18,17157581,active,0.3985,1.88,9.958008901144623
chr18,17161581,active,0.3975,1.884,9.968095691149294
chr18,17165581,active,0.3975,1.9,10.018579513368731
chr18,17169581,active,0.3975,1.872,9.925448887330992
chr18,17173581,active,0.3955,1.868,9.910833569956692
chr18,17177581,active,0.399,1.884,9.976391307230507
chr18,17181581,active,0.397,1.852,9.897353793419084
chr18,17185581,active,0.3985,1.896,10.005543703445758
chr18,17189581,active,0.397,1.868,9.937713478806272
chr18,17193581,active,0.396,1.752,9.659525140474301
chr18,17197581,active,0.3975,1.848,9.898179498055969
chr18,17201581,active,0.394,1.796,9.79603404219879
chr18,17205581,active,0.393,1.86,9.903640953498757
chr18,17209581,active,0.394,1.784,9.773096544058248
chr18,17213581,active,0.395,1.688,9.578344250868863
chr18,17217581,active,0.3985,1.844,9.933165718550693
chr18,17221581,active,0.3945,1.88,9.925294724878798
chr18,17225581,active,0.3945,1.884,9.9588295334155
chr18,17229581,active,0.395,1.868,9.945379411723957
chr18,17233581,active,0.396,1.796,9.778766736813003
chr18,17237581,active,0.3975,1.908,9.984808445403637
chr18,17241581,active,0.398,1.872,9.965351182288927
chr18,17245581,active,0.3985,1.916,10.048972557683745
chr18,17249581,active,0.3965,1.84,9.876739132206312
chr18,17253581,active,0.3995,1.888,9.938438561557192
chr18,17257581,active,0.393,1.884,9.917029345872647
chr18,17261581,active,0.3975,1.896,10.005071404722967
chr18,17265581,active,0.3945,1.736,9.653750133284898
chr18,17269581,active,0.3945,1.896,9.958982177899822
chr18,17273581,active,0.399,1.744,9.688610365968202
chr18,17277581,active,0.3985,1.876,9.958593246214319
chr18,17281581,active,0.399,1.776,9.72476442857766
chr18,17285581,active,0.3995,1.788,9.786921077689295
chr18,17289581,active,0.396,1.868,9.945263305988044
chr18,17293581,active,0.3945,1.856,9.950001329067371
chr18,17297581,active,0.394,1.872,10.015769442608214
chr18,17301581,active,0.3965,1.888,9.94760527079072
chr18,17305581,active,0.4,1.732,9.652609312785378
chr18,17309581,active,0.398,1.832,9.868560950315063
chr18,17313581,active,0.3965,1.84,9.917244223709211
chr18,17317581,active,0.3945,1.888,9.987310109261665
chr18,17321581,active,0.3945,1.868,9.99453723184145
chr18,17325581,active,0.3965,1.884,9.966934111718713
chr18,17329581,active,0.4025,1.748,9.652638248222855
chr18,17333581,active,0.399,1.832,9.917208887451618
chr18,17337581,active,0.395,1.864,9.938174391100887
chr18,17341581,active,0.3975,1.86,9.917730017768536
chr18,17345581,active,0.398,1.892,9.971037024802317
chr18,17349581,active,0.394,1.8,9.809476721364089
chr18,17353581,active,0.3965,1.876,9.933259280149416
chr18,17357581,active,0.3975,1.892,10.003040604574185
chr18,17361581,active,0.3975,1.864,9.903848798820874
chr18,17365581,active,0.397,1.876,9.958784035129236
chr18,17369581,active,0.399,1.768,9.766395104742791
chr18,17373581,active,0.397,1.864,9.942394124569084
chr18,17377581,active,0.395,1.904,10.031691911437616
chr18,17381581,active,0.396,1.88,9.969383826048759
chr18,17385581,active,0.3945,1.732,9.653872966047972
chr18,17389581,active,0.3965,1.904,9.977438026424892
chr18,17393581,active,0.398,1.876,9.942231694578856
chr18,17397581,active,0.3965,1.876,9.921991307169582
chr18,17401581,active,0.3965,1.764,9.76299516769359
chr18,17405581,active,0.398,1.896,9.978950897144957
chr18,17409581,active,0.397,1.912,9.966697275777614
chr18,17413581,active,0.3965,1.848,9.907044352471923
chr18,17417581,active,0.3995,1.904,9.99476073263852
chr18,17421581,active,0.3985,1.876,9.930891935263679
chr18,17425581,active,0.3975,1.86,9.91036706396482
chr18,17429581,active,0.3975,1.864,9.914502605976205
chr18,17433581,active,0.398,1.868,9.956371657150626
chr18,17437581,active,0.3955,1.892,9.976732065832676
chr18,17441581,active,0.4005,1.892,10.008069562784843
chr18,17445581,active,0.3975,1.864,9.93078090189376
chr18,17449581,active,0.397,1.836,9.881162523947825
chr18,17453581,active,0.3955,1.876,9.949098404590284
chr18,17457581,active,0.393,1.836,9.811508685014545
chr18,17461581,active,0.3915,1.864,9.903761329237726
chr18,17465581,active,0.3945,1.86,9.901272950102179
chr18,17469581,active,0.398,1.888,9.95380437525461
chr18,17473581,active,0.3975,1.844,9.904821051166579
chr18,17477581,active,0.392,1.772,9.781186979138218
chr18,17481581,active,0.396,1.872,9.94658059741518
chr18,17485581,active,0.3985,1.872,9.936552608308089
chr18,17489581,active,0.3925,1.812,9.774027213654612
chr18,17493581,active,0.3975,1.892,9.96901399387322
chr18,17497581,active,0.393,1.784,9.770433114437111
chr18,17501581,active,0.394,1.92,9.945152715754949
chr18,17505581,active,0.396,1.888,9.956886612497586
chr18,17509581,active,0.3975,1.892,9.972582518733908
chr18,17513581,active,0.397,1.9,9.971505207998243
chr18,17517581,active,0.3985,1.88,9.937843412288343
chr18,17521581,active,0.397,1.884,9.9582972938985
chr18,17525581,active,0.398,1.892,9.930228161342304
chr18,17529581,active,0.3995,1.888,9.950419883066166
chr18,17533581,active,0.398,1.864,9.915882669019323
chr18,17537581,active,0.3985,1.864,9.90250152073019
chr18,17541581,active,0.398,1.88,9.948288078200198
chr18,17545581,active,0.396,1.892,9.921383669824957
chr18,17549581,active,0.3955,1.88,9.954442464092002
chr18,17553581,active,0.3975,1.876,9.935242045350753
chr18,17557581,active,0.3985,1.864,9.916542881870027
chr18,17561581,active,0.3985,1.864,9.900990472022674
chr18,17565581,active,0.3985,1.896,9.94027494019855
chr18,17569581,active,0.396,1.852,9.90907876315666
chr18,17573581,active,0.397,1.872,9.921912819773114
chr18,17577581,active,0.397,1.892,9.947430929237502
chr18,17581581,active,0.398,1.896,9.949260474398075
chr18,17585581,active,0.398,1.868,9.935908925773461
chr18,17589581,active,0.396,1.868,9.981665612067097
chr18,17593581,active,0.3915,1.852,9.893641404612014
chr18,17597581,active,0.397,1.748,9.632427745605161
chr18,17601581,active,0.3965,1.884,10.013120012358158
chr18,17605581,active,0.3975,1.868,9.950335420097542
chr18,17609581,active,0.398,1.796,9.801531410411892
chr18,17613581,active,0.3975,1.864,9.950792721856201
chr18,17617581,active,0.3955,1.792,9.765834672209877
chr18,17621581,active,0.3985,1.76,9.690851443089308
chr18,17625581,active,0.396,1.852,9.945464483738125
chr18,17629581,active,0.398,1.892,9.99694555614732
chr18,17633581,active,0.399,1.908,10.003781730755314
chr18,17637581,active,0.3945,1.88,9.958491089427904
chr18,17641581,active,0.3985,1.848,9.91022417245364
chr18,17645581,active,0.393,1.756,9.763177827206338
chr18,17649581,active,0.3955,1.92,10.025191118064843
chr18,17653581,active,0.3945,1.812,9.80104681884344
chr18,17657581,active,0.3945,1.876,9.982263158904896
chr18,17661581,active,0.398,1.796,9.820883371989853
chr18,17665581,active,0.3965,1.668,9.623543102404598
chr18,17669581,active,0.3995,1.924,9.98610636580902
chr18,17673581,active,0.399,1.9,10.003777156707635
chr18,17677581,active,0.3945,1.904,9.982829594782881
chr18,17681581,active,0.398,1.904,10.010251191121661
chr18,17685581,active,0.395,1.776,9.771080457929274
chr18,17689581,active,0.3985,1.9,9.99641566473399
chr18,17693581,active,0.3985,1.86,9.914990222048045
chr18,17697581,active,0.3945,1.868,9.949685673320133
chr18,17701581,active,0.396,1.888,9.952859983515271
chr18,17705581,active,0.3975,1.868,9.937230215691866
chr18,17709581,active,0.397,1.696,9.570475957257742
chr18,17713581,active,0.397,1.912,10.008521930313378
chr18,17717581,active,0.398,1.848,9.923493068689593
chr18,17721581,active,0.397,1.856,9.910565318054791
chr18,17725581,active,0.3985,1.904,9.98341350243201
chr18,17729581,active,0.398,1.876,9.934048053322696
chr18,17733581,active,0.399,1.868,9.928475204327606
chr18,17737581,active,0.399,1.888,9.94601567378889
chr18,17741581,active,0.3955,1.852,9.912032496214835
chr18,17745581,active,0.3955,1.908,9.989197308966848
chr18,17749581,active,0.3985,1.836,9.86709501289482
chr18,17753581,active,0.3965,1.868,9.936380149665156
chr18,17757581,active,0.399,1.844,9.97775420254706
chr18,17761581,active,0.399,1.872,9.927281982129777
chr18,17765581,active,0.3975,1.844,9.903138092556018
chr18,17769581,active,0.396,1.908,9.939159767976623
chr18,17773581,active,0.395,1.88,9.976365345874763
chr18,17777581,active,0.394,1.908,9.952784779961357
chr18,17781581,active,0.396,1.88,9.924286864763634
chr18,17785581,active,0.3975,1.896,9.994039254707266
chr18,17789581,active,0.395,1.848,9.932351149930355
chr18,17793581,active,0.392,1.788,9.795922040557258
chr18,17797581,active,0.3965,1.868,9.959975961405762
chr18,17801581,active,0.3965,1.892,9.968378080558214
chr18,17805581,active,0.3965,1.804,9.811101998613657
chr18,17809581,active,0.399,1.848,9.905513566843844
chr18,17813581,active,0.3955,1.848,9.87266275603481
chr18,17817581,active,0.397,1.884,9.944056742929872
chr18,17821581,active,0.398,1.88,9.931249722500256
chr18,17825581,active,0.403,1.664,9.546813686127136
chr18,17829581,active,0.399,1.864,9.941680111812884
chr18,17833581,active,0.397,1.872,9.940250357718506
chr18,17837581,active,0.3975,1.864,9.91739300307825
chr18,17841581,active,0.3975,1.88,9.920437234982858
chr18,17845581,active,0.398,1.888,9.955837329825547
chr18,17849581,active,0.3955,1.88,9.945725813488686
chr18,17853581,active,0.3995,1.864,9.943134530385338
chr18,17857581,active,0.3985,1.888,9.928398893409856
chr18,17861581,active,0.397,1.868,9.898850260526512
chr18,17865581,active,0.3985,1.872,9.922366566177358
chr18,17869581,active,0.398,1.864,9.93478278344367
chr18,17873581,active,0.3985,1.892,9.958523989867533
chr18,17877581,active,0.4,1.888,9.963546634972337
chr18,17881581,active,0.3995,1.896,9.9642354839758
chr18,17885581,active,0.401,1.864,9.901570547089287
chr18,17889581,active,0.4,1.896,9.944311493778986
chr18,17893581,active,0.3985,1.88,9.938355748976129
chr18,17897581,active,0.3975,1.876,9.904718618700603
chr18,17901581,active,0.3985,1.88,9.926386666679871
chr18,17905581,active,0.4,1.88,9.964654868110383
chr18,17909581,active,0.398,1.88,9.943692122212518
chr18,17913581,active,0.398,1.86,9.908636258372095
chr18,17917581,active,0.397,1.872,9.927834196590029
chr18,17921581,active,0.397,1.86,9.94379711398844
chr18,17925581,active,0.3995,1.876,9.968716801773914
chr18,17929581,active,0.396,1.876,9.97057304975538
chr18,17933581,active,0.398,1.872,9.961505694851502
chr18,17937581,active,0.397,1.856,9.92701306600081
chr18,17941581,active,0.4015,1.892,9.955510266549856
chr18,17945581,active,0.3995,1.876,9.936505814100475
chr18,17949581,active,0.399,1.896,9.978966629857991
chr18,17953581,active,0.4,1.884,9.946892471001483
chr18,17957581,active,0.3985,1.888,9.954786695094219
chr18,17961581,active,0.4005,1.876,9.92822651772125
chr18,17965581,active,0.4005,1.896,9.975860391407684
chr18,17969581,active,0.3975,1.848,9.920640063120489
chr18,17973581,active,0.3975,1.856,9.903626206946203
chr18,17977581,active,0.3985,1.876,9.944869440072399
chr18,17981581,active,0.4005,1.876,9.940792488344501
chr18,17985581,active,0.398,1.884,9.951643197530604
chr18,17989581,active,0.3985,1.872,9.942985718483508
chr18,17993581,active,0.3975,1.864,9.944206552424653
chr18,17997581,active,0.399,1.876,9.931507585566965
chr18,18001581,active,0.399,1.876,9.967781608551485
chr18,18005581,active,0.3965,1.888,9.943071366054122
chr18,18009581,active,0.3995,1.896,9.961403588486679
chr18,18013581,active,0.399,1.888,9.953014582431724
chr18,18017581,active,0.402,1.864,9.902723642651566
chr18,18021581,active,0.4005,1.904,9.97830214224433
chr18,18025581,active,0.4,1.912,9.985770535720691
chr18,18029581,active,0.399,1.876,9.962944597041234
chr18,18033581,active,0.399,1.868,9.929085565934615
chr18,18037581,active,0.3995,1.868,9.932771935589425
chr18,18041581,active,0.397,1.88,9.952951418100549
chr18,18045581,active,0.399,1.88,9.960818939372393
chr18,18049581,active,0.399,1.876,9.964207208005512
chr18,18053581,active,0.4,1.884,9.954492260746356
chr18,18057581,active,0.398,1.844,9.919645621103761
chr18,18061581,active,0.397,1.88,9.963948104198938
chr18,18065581,active,0.398,1.864,9.924700484532282
chr18,18069581,active,0.3975,1.896,9.978292855056726
chr18,18073581,active,0.3995,1.88,9.945722175179878
chr18,18077581,active,0.4005,1.864,9.92847054732559
chr18,18081581,active,0.3985,1.88,9.928104763106562
chr18,18085581,active,0.4,1.844,9.887613543315023
chr18,18089581,active,0.3965,1.848,9.894688015694223
chr18,18093581,active,0.3985,1.892,9.955397660030487
chr18,18097581,active,0.4,1.88,9.950433744301383
chr18,18101581,active,0.3985,1.88,9.95424456446821
chr18,18105581,active,0.3995,1.868,9.945595492051305
chr18,18109581,active,0.3995,1.872,9.940627217648508
chr18,18113581,active,0.3995,1.86,9.91217033800877
chr18,18117581,active,0.4005,1.888,9.940727584955166
chr18,18121581,active,0.399,1.864,9.913759270783554
chr18,18125581,active,0.3995,1.852,9.89348225595529
chr18,18129581,active,0.3985,1.88,9.948416500386948
chr18,18133581,active,0.3995,1.86,9.936225462078081
chr18,18137581,active,0.397,1.872,9.933842605569556
chr18,18141581,active,0.399,1.876,9.925520950894505
chr18,18145581,active,0.3985,1.868,9.936131628967534
chr18,18149581,active,0.399,1.888,9.970629159515589
chr18,18153581,active,0.399,1.868,9.941727100294246
chr18,18157581,active,0.399,1.876,9.978569734679118
chr18,18161581,active,0.399,1.892,9.970390584516299
chr18,18165581,active,0.397,1.868,9.910811933785558
chr18,18169581,active,0.3995,1.88,9.964268112903614
chr18,18173581,active,0.3985,1.888,9.965566991104438
chr18,18177581,active,0.399,1.892,9.97479597839551
chr18,18181581,active,0.399,1.864,9.95311246921503
chr18,18185581,active,0.399,1.868,9.963649095803335
chr18,18189581,active,0.4,1.868,9.935039571679303
chr18,18193581,active,0.399,1.864,9.927341508152185
chr18,18197581,active,0.3985,1.876,9.910907727044524
chr18,18201581,active,0.3985,1.848,9.898082431524454
chr18,18205581,active,0.399,1.88,9.952416952639556
chr18,18209581,active,0.3995,1.872,9.975996942996494
chr18,18213581,active,0.397,1.876,9.955358363530673
chr18,18217581,active,0.399,1.856,9.9275246880399
chr18,18221581,active,0.399,1.872,9.931758503833567
chr18,18225581,active,0.401,1.852,9.90014266542901
chr18,18229581,active,0.4005,1.868,9.930441655543222
chr18,18233581,active,0.399,1.856,9.911943642039747
chr18,18237581,active,0.4,1.836,9.895427048350992
chr18,18241581,active,0.3985,1.868,9.904869169660548
chr18,18245581,active,0.401,1.852,9.894884176259826
chr18,18249581,active,0.4005,1.876,9.945901307111136
chr18,18253581,active,0.4,1.872,9.954538611817163
chr18,18257581,active,0.399,1.868,9.934082415592403
chr18,18261581,active,0.399,1.868,9.926303854098785
chr18,18265581,active,0.399,1.856,9.926070490557729
chr18,18269581,active,0.399,1.864,9.910518961267737
chr18,18273581,active,0.3995,1.88,9.958041801584246
chr18,18277581,active,0.3985,1.872,9.952859977799026
chr18,18281581,active,0.3995,1.864,9.89025594581058
chr18,18285581,active,0.398,1.828,9.89819577950896
chr18,18289581,active,0.399,1.856,9.91380945443689
chr18,18293581,active,0.3985,1.86,9.921006422895939
chr18,18297581,active,0.3995,1.872,9.927474504386556
chr18,18301581,active,0.4,1.868,9.92670951037403
chr18,18305581,active,0.4005,1.856,9.89736588782333
chr18,18309581,active,0.399,1.864,9.909144021012203
chr18,18313581,active,0.3985,1.864,9.918440165409464
chr18,18317581,active,0.399,1.86,9.907696491102032
chr18,18321581,active,0.4005,1.876,9.952401878437326
chr18,18325581,active,0.4,1.876,9.947694086716783
chr18,18329581,active,0.3975,1.892,9.970647455706256
chr18,18333581,active,0.4,1.864,9.928618838852472
chr18,18337581,active,0.3985,1.872,9.947372178761492
chr18,18341581,active,0.4,1.856,9.905041107928572
chr18,18345581,active,0.4005,1.888,9.953388052916056
chr18,18349581,active,0.399,1.868,9.93789952204853
chr18,18353581,active,0.3975,1.88,9.92921891663519
chr18,18357581,active,0.3995,1.856,9.942802893061973
chr18,18361581,active,0.4,1.86,9.913938978271254
chr18,18365581,active,0.398,1.892,9.943735992760029
chr18,18369581,active,0.3975,1.888,9.971634184641195
chr18,18373581,active,0.3995,1.86,9.929548599526424
chr18,18377581,active,0.4,1.88,9.928392142883473
chr18,18381581,active,0.3995,1.888,9.95368182303691
chr18,18385581,active,0.3965,1.852,9.927919489694462
chr18,18389581,active,0.399,1.86,9.932530165418159
chr18,18393581,active,0.399,1.856,9.90877947753299
chr18,18397581,active,0.4015,1.864,9.923234021020894
chr18,18401581,active,0.3995,1.852,9.899399224633273
chr18,18405581,active,0.3975,1.864,9.940749713728392
chr18,18409581,active,0.3995,1.86,9.927524688039881
chr18,18413581,active,0.3995,1.876,9.931758503833542
chr18,18417581,active,0.4005,1.868,9.902645404118132
chr18,18421581,active,0.4,1.864,9.926826856849809
chr18,18425581,active,0.398,1.848,9.89467960906403
chr18,18429581,active,0.4005,1.864,9.894914711663253
chr18,18433581,active,0.3965,1.848,9.897456746852177
chr18,18437581,active,0.3995,1.88,9.925298828973125
chr18,18441581,active,0.3995,1.876,9.946063376918875
chr18,18445581,active,0.3995,1.864,9.935820381359203
chr18,18449581,active,0.3995,1.884,9.960209070367483
chr18,18453581,active,0.3985,1.88,9.978120916788718
chr18,18457581,active,0.4,1.852,9.889130905128395
chr18,18461581,active,0.399,1.868,9.919673980028469
chr18,18465581,active,0.399,1.852,9.90230117311587
chr18,18469581,active,0.3965,1.86,9.912246483017816
chr18,18473581,active,0.3985,1.7,9.579459058216589
chr18,18477581,active,0.399,1.844,9.884702390599207
chr18,18481581,active,0.3975,1.852,9.908003906127803
chr18,18485581,active,0.398,1.88,9.916970506726063
chr18,18489581,active,0.3955,1.572,9.453518058506369
chr18,18493581,active,0.398,1.812,9.82729976403186
chr18,18497581,active,0.397,1.876,9.922853107418106
chr18,18501581,active,0.396,1.872,9.93123566699127
chr18,18505581,active,0.394,1.624,9.501111838089955
chr18,18509581,active,0.397,1.872,9.92370868323138
chr18,18513581,active,0.398,1.896,9.935519279439289
chr18,18517581,active,0.3965,1.88,9.939515678019145
chr18,18521581,active,0.394,1.708,9.662404509148047
chr18,18525581,active,0.3975,1.88,9.931145799839145
chr18,18529581,active,0.3975,1.868,9.91412353703465
chr18,18533581,active,0.3975,1.88,9.925011449196228
chr18,18537581,active,0.397,1.852,9.906511065896643
chr18,18541581,active,0.3955,1.84,9.886777504432269
chr18,18545581,active,0.397,1.836,9.87772103668191
chr18,18549581,active,0.396,1.868,9.904588983546867
chr18,18553581,active,0.396,1.888,9.946884064371316
chr18,18557581,active,0.399,1.8,9.801592360015373
chr18,18561581,active,0.396,1.88,9.945875206663185
chr18,18565581,active,0.3965,1.908,9.999945524789192
chr18,18569581,active,0.395,1.908,10.008289308237433
chr18,18573581,active,0.3995,1.876,9.914751315231312
chr18,18577581,active,0.4,1.868,9.936680947540472
chr18,18581581,active,0.399,1.876,9.93436370335369
chr18,18585581,active,0.3995,1.86,9.899486445353313
chr18,18589581,active,0.399,1.868,9.918684770570216
chr18,18593581,active,0.4,1.86,9.891640311389558
chr18,18597581,active,0.4005,1.872,9.936978854288446
chr18,18601581,active,0.3995,1.864,9.951303153577088
chr18,18605581,active,0.399,1.86,9.933753258792377
chr18,18609581,active,0.3985,1.848,9.907441740252915
chr18,18613581,active,0.4,1.868,9.924819121213172
chr18,18617581,active,0.4,1.86,9.9051435687596
chr18,18621581,active,0.3995,1.872,9.946689997330086
chr18,18625581,active,0.399,1.852,9.929866154524287
chr18,18629581,active,0.3995,1.852,9.895331255092042
chr18,18633581,active,0.3975,1.828,9.89417567900645
chr18,18637581,active,0.399,1.864,9.92033229362852
chr18,18641581,active,0.3985,1.868,9.91852964556256
chr18,18645581,active,0.399,1.864,9.927474504386558
chr18,18649581,active,0.3995,1.856,9.924466096581716
chr18,18653581,active,0.4,1.868,9.924085737435137
chr18,18657581,active,0.3965,1.772,9.72519480642524
chr18,18661581,active,0.397,1.888,9.949454541439309
chr18,18665581,active,0.398,1.872,9.911859179071135
chr18,18669581,active,0.398,1.876,9.916029387396803
chr18,18673581,active,0.3995,1.852,9.911993770511538
chr18,18677581,active,0.3975,1.86,9.928044079298655
chr18,18681581,active,0.3975,1.88,9.94240181083436
chr18,18685581,active,0.3985,1.856,9.89517282359304
chr18,18689581,active,0.3995,1.88,9.91421549771114
chr18,18693581,active,0.3985,1.844,9.914509489878533
chr18,18697581,active,0.3955,1.664,9.565404628578747
chr18,18701581,active,0.4005,1.832,9.875852743761431
chr18,18705581,active,0.3985,1.868,9.904869169660548
chr18,18709581,active,0.4,1.872,9.913696106452374
chr18,18713581,active,0.4,1.88,9.941109462069704
chr18,18717581,active,0.3995,1.892,9.971528245693875
chr18,18721581,active,0.399,1.896,9.948664743856506
chr18,18725581,active,0.3945,1.532,9.44902111359843
chr18,18729581,active,0.3985,1.868,9.930297638779324
chr18,18733581,active,0.399,1.868,9.915141542838166
chr18,18737581,active,0.3985,1.856,9.897403256707495
chr18,18741581,active,0.399,1.86,9.919640769828009
chr18,18745581,active,0.3995,1.852,9.891241322686305
chr18,18749581,active,0.397,1.848,9.884022966919176
chr18,18753581,active,0.395,1.664,9.544554483483974
chr18,18757581,active,0.398,1.844,9.880881562879887
chr18,18761581,active,0.3985,1.688,9.555937192357536
chr18,18765581,active,0.3935,1.76,9.719177663165809
chr18,18769581,active,0.395,1.868,9.92499188390069
chr18,18773581,active,0.3955,1.876,9.928259888114182
chr18,18777581,active,0.397,1.876,9.908616964588385
chr18,18781581,active,0.394,1.776,9.726866933063787
chr18,18785581,active,0.399,1.872,9.935775652310918
chr18,18789581,active,0.396,1.872,9.940591913923695
chr18,18793581,active,0.397,1.864,9.913755438201038
chr18,18797581,active,0.398,1.732,9.669267531385385
chr18,18801581,active,0.399,1.888,9.926215171548666
chr18,18805581,active,0.3985,1.864,9.90952336146554
chr18,18809581,active,0.397,1.88,9.918904217694523
chr18,18813581,active,0.395,1.872,9.933296781453203
chr18,18817581,active,0.3985,1.844,9.89571778920856
chr18,18821581,active,0.396,1.868,9.936429037397081
chr18,18825581,active,0.399,1.864,9.91631756477668
chr18,18829581,active,0.3995,1.872,9.946728662135584
chr18,18833581,active,0.398,1.872,9.92356436242288
chr18,18837581,active,0.398,1.856,9.9078980233183
chr18,18841581,active,0.3945,1.9,9.956160997939254
chr18,18845581,active,0.3955,1.9,9.995420142169918
chr18,18849581,active,0.399,1.804,9.781714333890376
chr18,18853581,active,0.395,1.864,9.912861667535577
chr18,18857581,active,0.397,1.888,9.959212838871009
chr18,18861581,active,0.3965,1.904,9.967040426232488
chr18,18865581,active,0.399,1.864,9.916563908995608
chr18,18869581,active,0.3975,1.896,9.975835531699543
chr18,18873581,active,0.3975,1.888,9.918950763039046
chr18,18877581,active,0.4,1.812,9.813522201949704
chr18,18881581,active,0.3985,1.796,9.77002173850126
chr18,18885581,active,0.398,1.888,9.945353721880052
chr18,18889581,active,0.398,1.86,9.938575556282869
chr18,18893581,active,0.3975,1.884,9.967615623206854
chr18,18897581,active,0.397,1.9,9.968023322584889
chr18,18901581,active,0.395,1.888,9.941336101900871
chr18,18905581,active,0.3965,1.9,9.96968804018629
chr18,18909581,active,0.3965,1.884,9.983276009388044
chr18,18913581,active,0.3975,1.868,9.911693110772116
chr18,18917581,active,0.398,1.708,9.643117146914816
chr18,18921581,active,0.3965,1.848,9.877334502565356
chr18,18925581,active,0.398,1.892,9.966079909064904
chr18,18929581,active,0.3965,1.888,9.964655665713417
chr18,18933581,active,0.396,1.888,9.943100688490546
chr18,18937581,active,0.399,1.868,9.910729121204428
chr18,18941581,active,0.3965,1.9,9.968061904436045
chr18,18945581,active,0.399,1.856,9.901005933223836
chr18,18949581,active,0.399,1.912,9.975043784444525
chr18,18953581,active,0.3965,1.9,9.948248781700384
chr18,18957581,active,0.3975,1.848,9.88772267171802
chr18,18961581,active,0.397,1.832,9.880483454734009
chr18,18965581,active,0.3975,1.84,9.856584973640299
chr18,18969581,active,0.3965,1.888,9.95088242309958
chr18,18973581,active,0.396,1.896,9.987294210639924
chr18,18977581,active,0.3975,1.896,9.959023290695901
chr18,18981581,active,0.3965,1.912,9.992797304969868
chr18,18985581,active,0.397,1.88,9.94412448130872
chr18,18989581,active,0.3965,1.72,9.671339361375866
chr18,18993581,active,0.397,1.904,9.987494945253221
chr18,18997581,active,0.3985,1.884,9.951403964020566
chr18,19001581,active,0.3975,1.884,9.964379367363776
chr18,19005581,active,0.396,1.864,9.931039562563498
chr18,19009581,active,0.396,1.896,9.983366070813865
chr18,19013581,active,0.3955,1.904,9.999623782742601
chr18,19017581,active,0.397,1.872,9.932442778789342
chr18,19021581,active,0.397,1.892,9.973752011236261
chr18,19025581,active,0.3975,1.868,9.947044921212106
chr18,19029581,active,0.394,1.864,9.881235328976445
chr18,19033581,active,0.396,1.896,9.95862435717417
chr18,19037581,active,0.3965,1.888,9.95466742100284
chr18,19041581,active,0.3985,1.876,9.939288461675195
chr18,19045581,active,0.397,1.892,9.972775206899476
chr18,19049581,active,0.396,1.904,9.94636122752901
chr18,19053581,active,0.398,1.884,9.942460401117891
chr18,19057581,active,0.3965,1.88,9.925822850417449
chr18,19061581,active,0.3975,1.892,9.958565025425523
chr18,19065581,active,0.3975,1.88,9.953157884546973
chr18,19069581,active,0.396,1.904,9.97577294864106
chr18,19073581,active,0.396,1.9,9.985400343362711
chr18,19077581,active,0.3955,1.888,9.923810263505013
chr18,19081581,active,0.398,1.892,9.931566917315644
chr18,19085581,active,0.3965,1.896,9.972449522499506
chr18,19089581,active,0.3955,1.9,9.988199609924058
chr18,19093581,active,0.3965,1.876,9.928500445318424
chr18,19097581,active,0.395,1.904,9.9994966564772
chr18,19101581,active,0.398,1.88,9.926212634887472
chr18,19105581,active,0.398,1.88,9.919563772034392
chr18,19109581,active,0.396,1.868,9.930622962996864
chr18,19113581,active,0.396,1.896,9.95038342155589
chr18,19117581,active,0.395,1.892,9.963043446379961
chr18,19121581,active,0.396,1.884,9.93818433679923
chr18,19125581,active,0.3975,1.896,9.97829076153238
chr18,19129581,active,0.3965,1.896,9.980128519049426
chr18,19133581,active,0.394,1.884,9.936257099129095
chr18,19137581,active,0.395,1.784,9.806630162276907
chr18,19141581,active,0.3985,1.876,9.907692658519505
chr18,19145581,active,0.399,1.888,9.947488007269348
chr18,19149581,active,0.396,1.868,9.925085500680954
chr18,19153581,active,0.394,1.888,9.920089310490274
chr18,19157581,active,0.3975,1.888,9.93778024795716
chr18,19161581,active,0.398,1.896,9.95857910775097
chr18,19165581,active,0.396,1.884,9.946503510950967
chr18,19169581,active,0.3955,1.884,9.924890220672697
chr18,19173581,active,0.3955,1.888,9.956244253657138
chr18,19177581,active,0.3965,1.88,9.950882777565765
chr18,19181581,active,0.398,1.888,9.948808627244444
chr18,19185581,active,0.3945,1.884,9.952214865967083
chr18,19189581,active,0.396,1.888,9.948456183885732
chr18,19193581,active,0.398,1.864,9.897941471796665
chr18,19197581,active,0.399,1.868,9.90398589914964
chr18,19201581,active,0.3965,1.872,9.94404740056077
chr18,19205581,active,0.3945,1.896,9.970425333784918
chr18,19209581,active,0.396,1.888,9.967815560217103
chr18,19213581,active,0.397,1.86,9.883919957348205
chr18,19217581,active,0.3975,1.904,9.9939918230891
chr18,19221581,active,0.3975,1.88,9.924308683776013
chr18,19225581,active,0.3955,1.896,9.968724792083789
chr18,19229581,active,0.3975,1.888,9.966051854184771
chr18,19233581,active,0.3965,1.9,9.964072339336923
chr18,19237581,active,0.3975,1.88,9.940167545137394
chr18,19241581,active,0.398,1.86,9.9090481725717
chr18,19245581,active,0.3975,1.824,9.869628912965396
chr18,19249581,active,0.399,1.872,9.905059543211463
chr18,19253581,active,0.396,1.892,9.97363078271271
chr18,19257581,active,0.4,1.868,9.918981658624931
chr18,19261581,active,0.397,1.896,9.947141595028445
chr18,19265581,active,0.3975,1.88,9.940204748112839
chr18,19269581,active,0.4,1.724,9.64436337632295
chr18,19273581,active,0.3965,1.876,9.921021884097163
chr18,19277581,active,0.3965,1.892,9.960760736087833
chr18,19281581,active,0.397,1.884,9.975516160405421
chr18,19285581,active,0.3985,1.896,10.000167950755163
chr18,19289581,active,0.397,1.744,9.734122293364907
chr18,19293581,active,0.397,1.9,9.946392117398613
chr18,19297581,active,0.396,1.9,9.978011788385704
chr18,19301581,active,0.3975,1.872,9.908426098435386
chr18,19305581,active,0.3965,1.76,9.722198304467096
chr18,19309581,active,0.396,1.896,9.978428331814495
chr18,19313581,active,0.3965,1.692,9.661950497688162
chr18,19317581,active,0.401,1.716,9.697584886094567
chr18,19321581,active,0.396,1.876,9.94938470953609
chr18,19325581,active,0.395,1.888,9.97238729390721
chr18,19329581,active,0.396,1.888,9.954953006540075
chr18,19333581,active,0.398,1.888,9.947906644222513
chr18,19337581,active,0.4005,1.872,9.93346615624358
chr18,19341581,active,0.395,1.888,9.912995544327368
chr18,19345581,active,0.397,1.864,9.916942451845975
chr18,19349581,active,0.398,1.872,9.90323258989364
chr18,19353581,active,0.397,1.896,9.97054251435196
chr18,19357581,active,0.3965,1.844,9.891815029465567
chr18,19361581,active,0.396,1.872,9.917216379443154
chr18,19365581,active,0.396,1.88,9.9417619325172
chr18,19369581,active,0.401,1.692,9.56845983545701
chr18,19373581,active,0.4005,1.856,9.880792082726767
chr18,19377581,active,0.3965,1.908,9.976007469967584
chr18,19381581,active,0.3975,1.888,9.941472930717795
chr18,19385581,active,0.399,1.696,9.62494907066554
chr18,19389581,active,0.398,1.884,9.928578600897506
chr18,19393581,active,0.3975,1.728,9.695713834682746
chr18,19397581,active,0.396,1.888,9.943989087505347
chr18,19401581,active,0.3965,1.884,9.952519800469503
chr18,19405581,active,0.397,1.872,9.970497785303648
chr18,19409581,active,0.3975,1.888,9.9867671542161
chr18,19413581,active,0.398,1.88,9.959467944186333
chr18,19417581,active,0.398,1.872,9.933792478054077
chr18,19421581,active,0.3915,1.868,9.970213877926827
chr18,19425581,active,0.397,1.892,9.96634201376971
chr18,19429581,active,0.393,1.8,9.823321612177526
chr18,19433581,active,0.396,1.884,9.949110526767354
chr18,19437581,active,0.398,1.92,9.989735767202822
chr18,19441581,active,0.3975,1.892,9.976631996854406
chr18,19445581,active,0.396,1.904,10.002775049525916
chr18,19449581,active,0.398,1.856,9.894005064432593
chr18,19453581,active,0.3975,1.848,9.9082084124258
chr18,19457581,active,0.3985,1.848,9.8965898180998
chr18,19461581,active,0.3945,1.9,9.984552182302854
chr18,19465581,active,0.397,1.864,9.909236862245972
chr18,19469581,active,0.3945,1.868,9.901642836867085
chr18,19473581,active,0.397,1.8,9.810773910928368
chr18,19477581,active,0.3965,1.916,9.983882926367782
chr18,19481581,active,0.394,1.896,9.98880564634643
chr18,19485581,active,0.3945,1.9,9.99111431799428
chr18,19489581,active,0.397,1.892,9.963581744423424
chr18,19493581,active,0.397,1.872,9.914834514811384
chr18,19497581,active,0.397,1.828,9.863480402758864
chr18,19501581,active,0.396,1.896,10.004371231145402
chr18,19505581,active,0.3975,1.884,9.94907142454131
chr18,19509581,active,0.396,1.856,9.845266412119395
chr18,19513581,active,0.396,1.864,9.900849595249186
chr18,19517581,active,0.396,1.884,9.918654761257951
chr18,19521581,active,0.4,1.728,9.663942139473058
chr18,19525581,active,0.398,1.888,9.963644327481953
chr18,19529581,active,0.3965,1.84,9.882222140865753
chr18,19533581,active,0.3995,1.884,9.952080768085048
chr18,19537581,active,0.397,1.872,9.928426039367558
chr18,19541581,active,0.3955,1.888,9.967614244331156
chr18,19545581,active,0.396,1.888,9.956958122561222
chr18,19549581,active,0.397,1.892,9.94654591966841
chr18,19553581,active,0.3945,1.88,9.943763355048038
chr18,19557581,active,0.3955,1.892,9.934530596072216
chr18,19561581,active,0.3955,1.888,9.950957709607819
chr18,19565581,active,0.395,1.888,9.944526089627463
chr18,19569581,active,0.396,1.872,9.956197763494114
chr18,19573581,active,0.3975,1.776,9.73577951742618
chr18,19577581,active,0.392,1.896,9.992423064655405
chr18,19581581,active,0.3895,1.732,9.742738051420869
chr18,19585581,active,0.3945,1.888,10.013422853336227
chr18,19589581,active,0.393,1.86,9.951566503781624
chr18,19593581,active,0.396,1.808,9.802317121789203
chr18,19597581,active,0.394,1.912,10.015446598914023
chr18,19601581,active,0.3915,1.86,9.946922812131207
chr18,19605581,active,0.394,1.832,9.858699560358058
chr18,19609581,active,0.3985,1.824,9.776650936171894
chr18,19613581,active,0.3925,1.912,10.056515717293484
chr18,19617581,active,0.3995,1.7,9.618189475169846
chr18,19621581,active,0.399,1.804,9.825169072246007
chr18,19625581,active,0.3975,1.864,9.855774402554847
chr18,19629581,active,0.3995,1.796,9.733503199026531
chr18,19633581,active,0.398,1.784,9.755738087665707
chr18,19637581,active,0.398,1.748,9.733340137342054
chr18,19641581,active,0.3945,1.852,9.894831267387879
chr18,19645581,active,0.3925,1.896,9.975740098623032
chr18,19649581,active,0.394,1.872,9.893620739327503
chr18,19653581,active,0.3925,1.772,9.795243331525864
chr18,19657581,active,0.392,1.74,9.753111450521814
chr18,19661581,active,0.396,1.764,9.70672170294559
chr18,19665581,active,0.3995,1.764,9.709556021267433
chr18,19669581,active,0.3925,1.784,9.764650714017543
chr18,19673581,active,0.3955,1.772,9.721740165197753
chr18,19677581,active,0.397,1.872,9.94147753729823
chr18,19681581,active,0.3935,1.808,9.806518470396039
chr18,19685581,active,0.3965,1.884,9.976990315898364
chr18,19689581,active,0.3945,1.9,9.989333716703545
chr18,19693581,active,0.393,1.804,9.818935346173191
chr18,19697581,active,0.3965,1.736,9.670118201333478
chr18,19701581,active,0.397,1.792,9.715028227386457
chr18,19705581,active,0.395,1.932,10.067991807107267
chr18,19709581,active,0.3955,1.812,9.772978622026042
chr18,19713581,active,0.3935,1.892,9.955249318081998
chr18,19717581,active,0.3935,1.784,9.784714202645391
chr18,19721581,active,0.39,1.812,9.824750795475302
chr18,19725581,active,0.3955,1.964,10.08283034805053
chr18,19729581,active,0.3945,1.94,10.090004334951873
chr18,19733581,active,0.394,1.808,9.833612443286786
chr18,19737581,active,0.3955,1.808,9.785147780424767
chr18,19741581,active,0.3955,1.88,10.000878624487223
chr18,19745581,active,0.3925,1.768,9.740588319580201
chr18,19749581,active,0.395,1.92,10.03183815986176
chr18,19753581,active,0.396,1.772,9.729629158390678
chr18,19757581,active,0.3915,1.776,9.724722415714497
chr18,19761581,active,0.391,1.804,9.784090838303937
chr18,19765581,active,0.3915,1.796,9.824053458863137
chr18,19769581,active,0.395,1.792,9.752378126093056
chr18,19773581,active,0.39,1.836,9.875706015927323
chr18,19777581,active,0.4,1.768,9.689783732441065
chr18,19781581,active,0.3965,1.812,9.770639332020403
chr18,19785581,active,0.3915,1.888,9.916375711923386
chr18,19789581,active,0.395,1.792,9.793083200267985
chr18,19793581,active,0.399,1.816,9.794998310044818
chr18,19797581,active,0.3905,1.796,9.811348542822484
chr18,19801581,active,0.398,1.68,9.58458403077642
chr18,19805581,active,0.391,1.788,9.714432369185163
chr18,19809581,active,0.393,1.904,9.976629244819213
chr18,19813581,active,0.3915,1.932,9.987841739733122
chr18,19817581,active,0.3935,1.844,9.886124092529549
chr18,19821581,active,0.394,1.876,9.97805748094569
chr18,19825581,active,0.394,1.9,9.954933907030062
chr18,19829581,active,0.392,1.804,9.788822459606836
chr18,19833581,active,0.392,1.804,9.824317849390157
chr18,19837581,active,0.3965,1.916,10.010634828394581
chr18,19841581,active,0.3915,1.764,9.749592477620109
chr18,19845581,active,0.3955,1.784,9.778929063382769
chr18,19849581,active,0.395,1.868,9.958132992430487
chr18,19853581,active,0.3895,1.816,9.795156196861477
chr18,19857581,active,0.392,1.916,10.023602241427938
chr18,19861581,active,0.3915,1.812,9.797244183260151
chr18,19865581,active,0.395,1.776,9.677157911886079
chr18,19869581,active,0.3935,1.912,9.977287995839848
chr18,19873581,active,0.3985,1.864,9.896908474745272
chr18,19877581,active,0.396,1.928,10.042820214894713
chr18,19881581,active,0.3905,1.812,9.788092114976067
chr18,19885581,active,0.3925,1.796,9.801797015881757
chr18,19889581,active,0.3985,1.76,9.686398281014524
chr18,19893581,active,0.3945,1.904,10.000609325527034
chr18,19897581,active,0.396,1.824,9.919025972309191
chr18,19901581,active,0.394,1.792,9.732341236764762
chr18,19905581,active,0.3925,1.808,9.7831008312427
chr18,19909581,active,0.391,1.864,9.866434052862697
chr18,19913581,active,0.3955,1.816,9.75274121345846
chr18,19917581,active,0.395,1.752,9.681761039480408
chr18,19921581,active,0.394,1.736,9.675564955779464
chr18,19925581,active,0.395,1.796,9.745412341379051
chr18,19929581,active,0.3955,1.784,9.717718743510188
chr18,19933581,active,0.399,1.78,9.659572294864347
chr18,19937581,active,0.401,1.736,9.617388662773783
chr18,19941581,active,0.399,1.788,9.673597585757461
chr18,19945581,active,0.3965,1.796,9.732445637278104
chr18,19949581,active,0.3975,1.772,9.679123183792946
chr18,19953581,active,0.4,1.804,9.793806361119508
chr18,19957581,active,0.3975,1.832,9.840528826460533
chr18,19961581,active,0.397,1.82,9.798962666685798
chr18,19965581,active,0.3965,1.764,9.728321485012204
chr18,19969581,active,0.3935,1.86,9.853732549343839
chr18,19973581,active,0.394,1.784,9.731023939621346
chr18,19977581,active,0.3915,1.852,9.818631929638643
chr18,19981581,active,0.398,1.824,9.733674145417824
chr18,19985581,active,0.397,1.852,9.847756497780304
chr18,19989581,active,0.397,1.808,9.7639053410153
chr18,19993581,active,0.395,1.872,9.911901974787444
chr18,19997581,active,0.3945,1.832,9.841182045638039
chr18,20001581,active,0.3935,1.84,9.844423318665623
chr18,20005581,active,0.395,1.732,9.626111676904532
chr18,20009581,active,0.3975,1.772,9.65413217545766
chr18,20013581,active,0.394,1.912,10.0273022502714
chr18,20017581,active,0.397,1.932,10.016254604973227
chr18,20021581,active,0.3965,1.896,9.998126152133459
chr18,20025581,active,0.3975,1.788,9.756077642334429
chr18,20029581,active,0.3935,1.828,9.806163822193566
chr18,20033581,active,0.3975,1.836,9.842680551088256
chr18,20037581,active,0.398,1.84,9.824069987203316
chr18,20041581,active,0.3975,1.872,9.912009065803998
chr18,20045581,active,0.3985,1.824,9.820316676772649
chr18,20049581,active,0.394,1.772,9.703706510638971
chr18,20053581,active,0.395,1.824,9.77341900075348
chr18,20057581,active,0.3935,1.732,9.616626426512708
chr18,20061581,active,0.3945,1.78,9.75420985344862
chr18,20065581,active,0.3935,1.78,9.73130588829244
chr18,20069581,active,0.393,1.796,9.729966039705008
chr18,20073581,active,0.396,1.776,9.695779709482638
chr18,20077581,active,0.3955,1.78,9.694273604038758
chr18,20081581,active,0.3975,1.764,9.650790036805121
chr18,20085581,active,0.398,1.796,9.754265430275963
chr18,20089581,active,0.3985,1.816,9.783625041244486
chr18,20093581,active,0.3975,1.808,9.776737026879303
chr18,20097581,active,0.393,1.828,9.781104996692829
chr18,20101581,active,0.3955,1.824,9.82056928367579
chr18,20105581,active,0.395,1.852,9.88716844668778
chr18,20109581,active,0.3975,1.804,9.803803283972098
chr18,20113581,active,0.396,1.82,9.811713955426518
chr18,20117581,active,0.3935,1.816,9.80171628539253
chr18,20121581,active,0.3915,1.844,9.846707241924719
chr18,20125581,active,0.401,1.824,9.775953376493634
chr18,20129581,active,0.395,1.824,9.81832264217871
chr18,20133581,active,0.398,1.796,9.764013643340187
chr18,20137581,active,0.3975,1.832,9.79493049442781
chr18,20141581,active,0.398,1.836,9.798651336123193
chr18,20145581,active,0.3995,1.828,9.781759040289824
chr18,20149581,active,0.3995,1.868,9.904131161413277
chr18,20153581,active,0.3945,1.908,9.905440838096963
chr18,20157581,active,0.395,1.86,9.849367553612048
chr18,20161581,active,0.398,1.896,9.930531356786606
chr18,20165581,active,0.397,1.876,9.892913068042184
chr18,20169581,active,0.3905,1.828,9.857299235259577
chr18,20173581,active,0.394,1.816,9.816516416109632
chr18,20177581,active,0.393,1.892,9.957064359836858
chr18,20181581,active,0.3945,1.856,9.91769115868926
chr18,20185581,active,0.394,1.888,9.959455489599645
chr18,20189581,active,0.3965,1.884,9.966321324769972
chr18,20193581,active,0.393,1.86,9.921356114219527
chr18,20197581,active,0.3935,1.88,9.960796926086273
chr18,20201581,active,0.3965,1.796,9.858160565554742
chr18,20205581,active,0.3955,1.844,9.853406482112666
chr18,20209581,active,0.3925,1.864,9.945053450095887
chr18,20213581,active,0.395,1.8,9.74125334545768
chr18,20217581,active,0.399,1.804,9.751701986255599
chr18,20221581,active,0.399,1.776,9.725527790091482
chr18,20225581,active,0.3975,1.788,9.746444870668974
chr18,20229581,active,0.3985,1.78,9.759356007610306
chr18,20233581,active,0.392,1.828,9.86016342785904
chr18,20237581,active,0.395,1.808,9.77760692971342
chr18,20241581,active,0.3945,1.804,9.797435542971627
chr18,20245581,active,0.394,1.796,9.80266060561002
chr18,20249581,active,0.3925,1.86,9.849547040009478
chr18,20253581,active,0.395,1.768,9.759545756731706
chr18,20257581,active,0.3945,1.776,9.7092942084724
chr18,20261581,active,0.395,1.788,9.734588329297573
chr18,20265581,active,0.3935,1.848,9.83723822352055
chr18,20269581,active,0.3955,1.812,9.80425071727057
chr18,20273581,active,0.3935,1.84,9.82108639440124
chr18,20277581,active,0.3935,1.752,9.697318600907773
chr18,20281581,active,0.3955,1.816,9.826192532654613
chr18,20285581,active,0.398,1.828,9.831168250175791
chr18,20289581,active,0.397,1.824,9.802229646489812
chr18,20293581,active,0.3945,1.76,9.749226882914902
chr18,20297581,active,0.3885,1.816,9.776767889932438
chr18,20301581,active,0.3955,1.76,9.697231624883033
chr18,20305581,active,0.392,1.792,9.823372465774046
chr18,20309581,active,0.3945,1.852,9.788682574710124
chr18,20313581,active,0.397,1.852,9.928250191278904
chr18,20317581,active,0.392,1.848,9.875975877251895
chr18,20321581,active,0.3995,1.876,9.923575919519688
chr18,20325581,active,0.3945,1.904,10.017375569926104
chr18,20329581,active,0.3965,1.892,9.96090742764874
chr18,20333581,active,0.3945,1.88,9.934785701387517
chr18,20337581,active,0.396,1.892,9.960516485393237
chr18,20341581,active,0.3955,1.84,9.834949415496542
chr18,20345581,active,0.3955,1.796,9.741757886003393
chr18,20349581,active,0.3955,1.788,9.710522876698729
chr18,20353581,active,0.3955,1.756,9.661830687837828
chr18,20357581,active,0.3955,1.772,9.693745248376331
chr18,20361581,active,0.3955,1.916,9.997306317465615
chr18,20365581,active,0.395,1.828,9.82736580731779
chr18,20369581,active,0.3965,1.792,9.807794791330787
chr18,20373581,active,0.399,1.776,9.70460108938359
chr18,20377581,active,0.3945,1.836,9.841753321359237
chr18,20381581,active,0.393,1.848,9.837295899165365
chr18,20385581,active,0.3995,1.784,9.72038694572639
chr18,20389581,active,0.3945,1.808,9.794813479769525
chr18,20393581,active,0.394,1.812,9.762255260195557
chr18,20397581,active,0.394,1.768,9.682393397017874
chr18,20401581,active,0.3925,1.872,9.897552821506942
chr18,20405581,active,0.3925,1.788,9.762299651117988
chr18,20409581,active,0.394,1.74,9.651763756591295
chr18,20413581,active,0.3915,1.816,9.802057005005638
chr18,20417581,active,0.3925,1.848,9.869986157178264
chr18,20421581,active,0.395,1.74,9.673640535315833
chr18,20425581,active,0.3965,1.812,9.757671476806575
chr18,20429581,active,0.402,1.528,9.275056389080069
chr18,20433581,active,0.396,1.752,9.734645879364502
chr18,20437581,active,0.4015,1.764,9.721107265872199
chr18,20441581,active,0.402,1.852,9.857936216733078
chr18,20445581,active,0.3965,1.936,10.056740647387825
chr18,20449581,active,0.393,1.78,9.698985412033531
chr18,20453581,active,0.399,1.856,9.888170580685982
chr18,20457581,active,0.4,1.92,10.015151810099905
chr18,20461581,active,0.3945,1.812,9.79404151414032
chr18,20465581,active,0.3935,1.776,9.729993474957542
chr18,20469581,active,0.3945,1.876,9.966282194178874
chr18,20473581,active,0.4,1.796,9.788115424183516
chr18,20477581,active,0.397,1.828,9.817706271510541
chr18,20481581,active,0.3965,1.812,9.833010266263365
chr18,20485581,active,0.3985,1.792,9.762586841804172
chr18,20489581,active,0.4,1.792,9.765584501124636
chr18,20493581,active,0.398,1.78,9.69654241569708
chr18,20497581,active,0.393,1.768,9.671014332169392
chr18,20501581,active,0.3935,1.812,9.817446089555585
chr18,20505581,active,0.391,1.856,9.833543635793049
chr18,20509581,active,0.396,1.78,9.72692854523566
chr18,20513581,active,0.3965,1.78,9.70254211400182
chr18,20517581,active,0.395,1.776,9.725509077580508
chr18,20521581,active,0.3965,1.776,9.743517261134846
chr18,20525581,active,0.3965,1.752,9.659686483566707
chr18,20529581,active,0.397,1.776,9.7085412919316
chr18,20533581,active,0.3965,1.8,9.735348454251351
chr18,20537581,active,0.398,1.796,9.715237701995843
chr18,20541581,active,0.3965,1.796,9.730820591108783
chr18,20545581,active,0.3995,1.812,9.806882408997504
chr18,20549581,active,0.3995,1.8,9.76821948886674
chr18,20553581,active,0.395,1.78,9.704900342474513
chr18,20557581,active,0.396,1.756,9.713197823191834
chr18,20561581,active,0.3985,1.816,9.815705209162193
chr18,20565581,active,0.397,1.8,9.74443481667736
chr18,20569581,active,0.396,1.792,9.739279074600779
chr18,20573581,active,0.397,1.804,9.801794477561963
chr18,20577581,active,0.393,1.792,9.766541403588587
chr18,20581581,active,0.3955,1.8,9.77908160392264
chr18,20585581,active,0.3945,1.816,9.80023961038715
chr18,20589581,active,0.3965,1.788,9.732405961154244
chr18,20593581,active,0.396,1.792,9.7342033762386
chr18,20597581,active,0.3955,1.74,9.634451600953778
chr18,20601581,active,0.3965,1.768,9.684420532041337
chr18,20605581,active,0.3955,1.804,9.685876536786285
chr18,20609581,active,0.3955,1.804,9.681799579342165
chr18,20613581,active,0.3975,1.8,9.781511865935165
chr18,20617581,active,0.4005,1.812,9.78141797764305
chr18,20621581,active,0.399,1.812,9.78031013150394
chr18,20625581,active,0.4005,1.8,9.756414291015904
chr18,20629581,active,0.397,1.788,9.789042570958188
chr18,20633581,active,0.402,1.848,9.81717985821357
chr18,20637581,active,0.401,1.84,9.800654580666494
chr18,20641581,active,0.3955,1.8,9.779050195336724
chr18,20645581,active,0.397,1.792,9.774179613443568
chr18,20649581,active,0.3955,1.784,9.729615180119827
chr18,20653581,active,0.3945,1.796,9.749757161327151
chr18,20657581,active,0.397,1.82,9.780315387667542
chr18,20661581,active,0.3925,1.832,9.760206672798535
chr18,20665581,active,0.392,1.804,9.73902393675268
chr18,20669581,active,0.3935,1.788,9.746375952981293
chr18,20673581,active,0.395,1.812,9.79064057459021
chr18,20677581,active,0.394,1.824,9.830527205039635
chr18,20681581,active,0.398,1.772,9.696956714442626
chr18,20685581,active,0.3985,1.772,9.673521252190898
chr18,20689581,active,0.3955,1.78,9.707184243084845
chr18,20693581,active,0.395,1.772,9.670436179002088
chr18,20697581,active,0.3995,1.78,9.730198378836558
chr18,20701581,active,0.3975,1.824,9.802513503445057
chr18,20705581,active,0.398,1.808,9.775450465129301
chr18,20709581,active,0.3955,1.828,9.87030039580078
chr18,20713581,active,0.3925,1.776,9.777191372445127
chr18,20717581,active,0.394,1.788,9.782736532458806
chr18,20721581,active,0.3945,1.816,9.805690173810557
chr18,20725581,active,0.3995,1.784,9.664484641713976
chr18,20729581,active,0.3965,1.792,9.742482166391335
chr18,20733581,active,0.3985,1.768,9.728458895101825
chr18,20737581,active,0.392,1.88,9.919261378953003
chr18,20741581,active,0.3955,1.924,10.019997831569649
chr18,20745581,active,0.3985,1.816,9.839087476280286
chr18,20749581,active,0.397,1.868,9.896938983332161
chr18,20753581,active,0.3925,1.848,9.926002918087539
chr18,20757581,active,0.3865,1.808,9.874660274461224
chr18,20761581,active,0.393,1.82,9.932927863916277
chr18,20765581,active,0.392,1.912,10.106470883123206
chr18,20769581,active,0.3955,1.952,10.129493785687545
chr18,20773581,active,0.3995,1.896,9.962702638312487
chr18,20777581,active,0.396,1.864,9.908376878293785
chr18,20781581,active,0.3915,1.888,9.996178796260105
chr18,20785581,active,0.3975,1.888,9.981084988260495
chr18,20789581,active,0.3985,1.956,10.070529572293115
chr18,20793581,active,0.3975,1.88,9.914098816418775
chr18,20797581,active,0.3945,1.852,9.910410907695779
chr18,20801581,active,0.3895,1.848,9.904080319249108
chr18,20805581,active,0.389,1.812,9.894035162415406
chr18,20809581,active,0.388,1.692,9.678055991929082
chr18,20813581,active,0.388,1.864,9.960375421610802
chr18,20817581,active,0.391,1.752,9.764345061231916
chr18,20821581,active,0.394,1.832,9.907435515817646
chr18,20825581,active,0.3875,1.884,9.949647125550209
chr18,20829581,active,0.3995,1.924,10.001450570151762
chr18,20833581,active,0.3995,1.86,9.90797031309608
chr18,20837581,active,0.397,1.864,9.87318383117022
chr18,20841581,active,0.396,1.868,9.95342498437964
chr18,20845581,active,0.393,1.944,10.127761246752938
chr18,20849581,active,0.3985,1.912,10.004431720679522
chr18,20853581,active,0.4005,1.872,9.918605324786059
chr18,20857581,active,0.388,1.796,9.833987968306298
chr18,20861581,active,0.397,1.876,9.9578746919432
chr18,20865581,active,0.392,1.92,10.09560581438347
chr18,20869581,active,0.3915,1.852,9.865207735951515
chr18,20873581,active,0.389,1.924,10.150053600528793
chr18,20877581,active,0.3915,1.92,10.088552646357988
chr18,20881581,active,0.3955,1.904,9.95761666296773
chr18,20885581,active,0.3945,1.852,9.91193278741899
chr18,20889581,active,0.391,1.956,10.171125397591588
chr18,20893581,active,0.39,1.932,10.153457801864906
chr18,20897581,active,0.391,1.844,9.985396212451787
chr18,20901581,active,0.399,1.944,10.05829102512796
chr18,20905581,active,0.402,1.764,9.644815943841431
chr18,20909581,active,0.3975,1.88,9.967118532346287
chr18,20913581,active,0.398,1.912,9.980642373705107
chr18,20917581,active,0.3965,1.984,10.087300258320195
chr18,20921581,active,0.399,1.88,9.876643897571176
chr18,20925581,active,0.4015,1.728,9.756825148975624
chr18,20929581,active,0.398,1.884,10.003269477021902
chr18,20933581,inactive,0.3915,1.928,10.179132969668823
chr18,20937581,inactive,0.3925,1.808,9.97400932556308
chr18,20941581,inactive,0.3865,1.952,10.224905167585211
chr18,20945581,inactive,0.384,1.992,10.31111512351353
chr18,20949581,inactive,0.3885,1.936,10.196565108330047
chr18,20953581,inactive,0.394,1.988,10.264345288408423
chr18,20957581,inactive,0.388,1.976,10.23109912720493
chr18,20961581,inactive,0.393,1.904,10.172381340983781
chr18,20965581,inactive,0.391,1.896,10.175474023199811
chr18,20969581,inactive,0.3925,1.904,10.174652095007577
chr18,20973581,inactive,0.3925,1.912,10.131527754191753
chr18,20977581,inactive,0.3875,1.972,10.205737377771749
chr18,20981581,inactive,0.392,1.944,10.228524817554439
chr18,20985581,inactive,0.3855,1.916,10.168712222009923
chr18,20989581,inactive,0.3895,1.94,10.236289600767158
chr18,20993581,inactive,0.396,1.892,10.13850985529051
chr18,20997581,inactive,0.394,1.876,10.050878602319562
chr18,21001581,inactive,0.3925,1.932,10.181826934693424
chr18,21005581,inactive,0.3925,1.856,10.116551232362312
chr18,21009581,inactive,0.3935,1.952,10.207362438690875
chr18,21013581,inactive,0.3975,1.908,10.150272167095673
chr18,21017581,inactive,0.388,1.936,10.267614477223885
chr18,21021581,inactive,0.394,2.184,10.553376716909396
chr18,21025581,inactive,0.384,1.676,9.685614477815633
chr18,21029581,inactive,0.3915,2.024,10.35470916549317
chr18,21033581,inactive,0.384,1.972,10.262640553942322
chr18,21037581,inactive,0.383,2.06,10.430489972848664
chr18,21041581,inactive,0.39,2.048,10.33502658528516
chr18,21045581,inactive,0.3845,1.992,10.34689948732342
chr18,21049581,inactive,0.3885,1.94,10.198963924358136
chr18,21053581,inactive,0.3775,1.992,10.336755264820706
chr18,21057581,inactive,0.3835,1.952,10.21538646384606
chr18,21061581,inactive,0.3815,2.076,10.401254403869874
chr18,21065581,inactive,0.386,2.044,10.378755717023546
chr18,21069581,inactive,0.386,1.988,10.29207401682864
chr18,21073581,inactive,0.3835,2.02,10.279173960891477
chr18,21077581,inactive,0.38,2.028,10.354419305192968
chr18,21081581,inactive,0.3805,1.904,10.154781760864115
chr18,21085581,inactive,0.385,2.004,10.301463589448664
chr18,21089581,inactive,0.383,2.068,10.361988592067148
chr18,21093581,inactive,0.3845,2.028,10.345374079062301
chr18,21097581,inactive,0.39,1.992,10.306750405009817
chr18,21101581,inactive,0.385,1.992,10.236228092539765
chr18,21105581,inactive,0.3805,2.012,10.360707401967838
chr18,21109581,inactive,0.381,1.884,10.102548896210513
chr18,21113581,inactive,0.3815,2.044,10.362423327632046
chr18,21117581,inactive,0.382,1.976,10.288097155179308
chr19,24570766,inactive,0.3875,2.016,10.35113832030159
chr19,24574766,inactive,0.3895,2.02,10.353372148577995
chr19,24578766,inactive,0.383,1.94,10.187485659021926
chr19,24582766,inactive,0.39,1.952,10.188466456133703
chr19,24586766,inactive,0.3885,2.012,10.342607724373066
chr19,24590766,inactive,0.3825,2.04,10.307913451986678
chr19,24594766,inactive,0.3835,1.996,10.300948772237563
chr19,24598766,inactive,0.3835,1.96,10.2122103934925
chr19,24602766,inactive,0.3885,2.036,10.357977335615375
chr19,24606766,inactive,0.393,1.984,10.290425209281485
chr19,24610766,inactive,0.385,1.884,10.092281873583294
chr19,24614766,inactive,0.3835,1.98,10.2194130937847
chr19,24618766,inactive,0.3885,2.008,10.38500176526343
chr19,24622766,inactive,0.3855,1.908,10.114502933625857
chr19,24626766,inactive,0.3905,2.036,10.283920556509697
chr19,24630766,inactive,0.3895,2.0,10.308626251775895
chr19,24634766,inactive,0.3815,1.928,10.187626341521616
chr19,24638766,inactive,0.389,1.98,10.238046418137188
chr19,24642766,inactive,0.389,2.004,10.260088789385344
chr19,24646766,inactive,0.384,2.016,10.267718482839296
chr19,24650766,inactive,0.385,2.064,10.405478794340082
chr19,24654766,inactive,0.3865,2.02,10.339882946716948
chr19,24658766,inactive,0.392,2.02,10.313967027435012
chr19,24662766,inactive,0.389,2.012,10.341869793363873
chr19,24666766,inactive,0.388,2.06,10.38289029439777
chr19,24670766,inactive,0.391,2.056,10.389430002564549
chr19,24674766,inactive,0.3905,2.044,10.337045485303381
chr19,24678766,inactive,0.384,2.044,10.365910778969818
chr19,24682766,inactive,0.384,1.86,10.0800594965517
chr19,24686766,inactive,0.386,2.068,10.40605390836007
chr19,24690766,inactive,0.3955,2.404,10.820836578522233
chr19,24694766,inactive,0.3945,2.468,10.934432112415838
chr19,24698766,inactive,0.384,2.032,10.383653140829843
chr19,24702766,inactive,0.386,2.048,10.345419521633803
chr19,24706766,inactive,0.3895,1.932,10.183803337323624
chr19,24710766,inactive,0.388,2.076,10.386270329151078
chr19,24714766,inactive,0.388,2.06,10.412703076214084
chr19,24718766,inactive,0.3875,2.064,10.376342186975702
chr19,24722766,inactive,0.3875,2.1,10.452905814581117
chr19,24726766,inactive,0.391,1.98,10.181858267699816
chr19,24730766,inactive,0.3885,2.056,10.418237066129933
chr19,24734766,inactive,0.3925,2.076,10.402114526914296
chr19,24738766,inactive,0.39,2.076,10.436400822694534
chr19,24742766,inactive,0.3885,2.048,10.467830723459926
chr19,24746766,inactive,0.3905,2.028,10.404959403081312
chr19,24750766,inactive,0.3935,2.036,10.403106848590152
chr19,24754766,inactive,0.399,2.144,10.49095095835141
chr19,24758766,inactive,0.3965,2.076,10.442756823756973
chr19,24762766,inactive,0.3955,2.076,10.450612022861733
chr19,24766766,inactive,0.3955,2.076,10.41805744159662
chr19,24770766,inactive,0.3965,2.02,10.360067003275748
chr19,24774766,inactive,0.3945,2.076,10.447493024823785
chr19,24778766,inactive,0.3965,2.092,10.447123552830707
chr19,24782766,inactive,0.397,2.068,10.406117238599975
chr19,24786766,inactive,0.395,2.06,10.369462856468862
chr19,24790766,inactive,0.395,2.092,10.394160610890431
chr19,24794766,inactive,0.396,2.084,10.439531145306537
chr19,24798766,inactive,0.398,2.108,10.422955878379918
chr19,24802766,inactive,0.398,2.084,10.42524396603899
chr19,24806766,inactive,0.395,2.08,10.423384300838967
chr19,24810766,inactive,0.4,2.056,10.440843419549227
chr19,24814766,inactive,0.3955,2.144,10.551243893350183
chr19,24818766,inactive,0.3995,2.08,10.424187682428936
chr19,24822766,inactive,0.398,2.092,10.446848052084066
chr19,24826766,inactive,0.396,2.088,10.407767596647785
chr19,24830766,inactive,0.396,2.068,10.432628965661566
chr19,24834766,inactive,0.3975,2.092,10.446133324679206
chr19,24838766,inactive,0.3965,2.076,10.435749259620863
chr19,24842766,inactive,0.397,2.096,10.459065932306046
chr19,24846766,inactive,0.3945,2.084,10.45135728567001
chr19,24850766,inactive,0.3945,2.048,10.42282773342127
chr19,24854766,inactive,0.3955,2.072,10.439964723085989
chr19,24858766,inactive,0.397,2.064,10.41328047648366
chr19,24862766,inactive,0.395,2.12,10.497727523982652
chr19,24866766,inactive,0.3985,2.096,10.51477277406117
chr19,24870766,inactive,0.3915,2.052,10.421709000128672
chr19,24874766,inactive,0.3955,2.056,10.421668684935623
chr19,24878766,inactive,0.3965,2.06,10.38928931434858
chr19,24882766,inactive,0.393,2.096,10.471804416753784
chr19,24886766,inactive,0.3975,2.1,10.463934497913003
chr19,24890766,inactive,0.4015,2.064,10.399099534491768
chr19,24894766,inactive,0.3975,2.056,10.439229162829253
chr19,24898766,inactive,0.3975,2.052,10.409925245300633
chr19,24902766,inactive,0.403,2.112,10.467262908706253
chr19,24906766,inactive,0.3955,2.088,10.429535131376351
chr19,24910766,inactive,0.4,2.088,10.407383321964309
chr19,24914766,inactive,0.396,2.004,10.38951810384198
chr19,24918766,inactive,0.396,2.1,10.50267846475013
chr19,24922766,inactive,0.399,2.108,10.482067719074168
chr19,24926766,inactive,0.396,2.06,10.427187213650274
chr19,24930766,inactive,0.396,2.072,10.404249526952231
chr19,24934766,inactive,0.4025,2.056,10.398350993557173
chr19,24938766,inactive,0.3985,2.108,10.52372220693284
chr19,24942766,inactive,0.401,2.088,10.450759295695375
chr19,24946766,inactive,0.402,2.108,10.444285261281358
chr19,24950766,inactive,0.399,2.068,10.401632144357245
chr19,24954766,inactive,0.404,2.064,10.439563774234319
chr19,24958766,inactive,0.399,2.1,10.485233428365373
chr19,24962766,inactive,0.3985,2.1,10.44791130731075
chr19,24966766,inactive,0.397,2.06,10.422136126666384
chr19,24970766,inactive,0.4005,2.088,10.480575105649521
chr19,24974766,inactive,0.396,2.076,10.416210562800739
chr19,24978766,inactive,0.399,2.096,10.466845069356111
chr19,24982766,inactive,0.3995,2.06,10.419138606015043
chr19,24986766,inactive,0.3985,2.08,10.43260430022717
chr19,24990766,inactive,0.396,2.1,10.496408365837633
chr19,24994766,inactive,0.397,2.092,10.465153870024068
chr19,24998766,inactive,0.3975,2.096,10.437639265417324
chr19,25002766,inactive,0.3995,2.056,10.371127928536435
chr19,25006766,inactive,0.3965,1.82,9.93392590599283
chr19,25010766,inactive,0.4,2.12,10.496426635211835
chr19,25014766,inactive,0.3965,2.072,10.417770693513997
chr19,25018766,inactive,0.398,2.068,10.432420322736425
chr19,25022766,inactive,0.3975,2.096,10.427749102297065
chr19,25026766,inactive,0.403,2.072,10.398173849547169
chr19,25030766,inactive,0.396,2.1,10.477113804224958
chr19,25034766,inactive,0.403,2.108,10.46801456757473
chr19,25038766,inactive,0.4,2.068,10.46642852592731
chr19,25042766,inactive,0.3965,2.096,10.450148768179687
chr19,25046766,inactive,0.3945,2.068,10.358742025583293
chr19,25050766,inactive,0.4005,2.08,10.447905354387363
chr19,25054766,inactive,0.398,2.068,10.431811257050803
chr19,25058766,inactive,0.401,2.076,10.41531053516727
chr19,25062766,inactive,0.397,2.02,10.401638374508737
chr19,25066766,inactive,0.3965,2.048,10.358756710704819
chr19,25070766,inactive,0.4005,2.096,10.447750887890523
chr19,25074766,inactive,0.399,2.052,10.413239003505147
chr19,25078766,inactive,0.4,2.064,10.38589040742503
chr19,25082766,inactive,0.3995,2.04,10.396537103871529
chr19,25086766,inactive,0.3975,2.092,10.45367191024126
chr19,25090766,inactive,0.401,2.092,10.45262336903434
chr19,25094766,inactive,0.3975,2.06,10.382602589052935
chr19,25098766,inactive,0.3985,2.08,10.415233675509558
chr19,25102766,inactive,0.4,2.06,10.440657398955707
chr19,25106766,inactive,0.398,2.1,10.477297067067058
chr19,25110766,inactive,0.4005,2.1,10.455576658955744
chr19,25114766,inactive,0.3955,2.056,10.394808507290303
chr19,25118766,inactive,0.3965,2.076,10.450276475717772
chr19,25122766,inactive,0.396,2.072,10.432014085188442
chr19,25126766,inactive,0.4005,2.108,10.487809471357789
chr19,25130766,inactive,0.3965,2.052,10.368379592809804
chr19,25134766,inactive,0.398,2.072,10.414945194085059
chr19,25138766,inactive,0.395,2.072,10.438450833672645
chr19,25142766,inactive,0.397,2.06,10.466364481038756
chr19,25146766,inactive,0.3965,2.092,10.418327925158769
chr19,25150766,inactive,0.3985,2.056,10.387470053012247
chr19,25154766,inactive,0.3945,2.056,10.417421888464075
chr19,25158766,inactive,0.399,2.076,10.474644358690684
chr19,25162766,inactive,0.3975,2.048,10.433915804639668
chr19,25166766,inactive,0.3945,2.052,10.40548133100125
chr19,25170766,inactive,0.394,2.044,10.352664088745165
chr19,25174766,inactive,0.4005,2.084,10.449791252454945
chr19,25178766,inactive,0.3975,2.056,10.41087135457481
chr19,25182766,inactive,0.3995,2.1,10.445059680617337
chr19,25186766,inactive,0.3935,2.06,10.3992714727598
chr19,25190766,inactive,0.398,2.092,10.411951831584181
chr19,25194766,inactive,0.3995,2.064,10.409979760388037
chr19,25198766,inactive,0.397,2.028,10.364783063490588
chr19,25202766,inactive,0.398,2.028,10.36675453189068
chr19,25206766,inactive,0.398,2.04,10.374599785297091
chr19,25210766,inactive,0.3965,2.08,10.44955463760407
chr19,25214766,inactive,0.374,2.04,10.361824124690404
chr19,25218766,inactive,0.38,1.996,10.291467708894396
chr19,25222766,inactive,0.38,2.012,10.250302408175274
chr19,25226766,inactive,0.3815,2.04,10.3888255109266
chr19,25306766,inactive,0.3855,1.984,10.29855097490279
chr19,25310766,inactive,0.3855,1.96,10.298168162049368
chr19,25314766,inactive,0.3825,1.996,10.259616662287513
chr19,25318766,inactive,0.3815,2.092,10.475671125590578
chr19,25322766,inactive,0.388,1.956,10.27732275691098
chr19,25326766,inactive,0.3795,2.076,10.469996092992567
chr19,25330766,inactive,0.3905,1.996,10.284647627181874
chr19,25334766,inactive,0.3835,1.96,10.264756348867165
chr19,25338766,inactive,0.3835,1.996,10.304164527046202
chr19,25342766,inactive,0.3895,2.032,10.27049126767006
chr19,25346766,inactive,0.3915,2.036,10.352734862103564
chr19,25350766,inactive,0.3865,1.976,10.297092835067199
chr19,25354766,inactive,0.383,1.764,9.907211466280632
chr19,25358766,inactive,0.3875,1.94,10.197958927005326
chr19,25362766,inactive,0.3895,2.016,10.230649096347545
chr19,25366766,inactive,0.3885,1.912,10.158053569295074
chr19,25370766,inactive,0.381,1.856,10.008530502852262
chr19,25374766,inactive,0.3895,2.016,10.27683290917891
chr19,25378766,inactive,0.391,2.012,10.335320361122214
chr19,25382766,inactive,0.386,1.98,10.319261783840776
chr19,25386766,inactive,0.3845,1.952,10.268066927706778
chr19,25390766,inactive,0.3905,2.056,10.389379104262574
chr19,25394766,inactive,0.3885,2.028,10.359259877773901
chr19,25398766,inactive,0.3825,1.924,10.232520861668066
chr19,25402766,inactive,0.385,1.96,10.24081175984944
chr19,25406766,inactive,0.3855,2.072,10.374440196012646
chr19,25410766,inactive,0.3885,1.976,10.247051189982582
chr19,25414766,inactive,0.3805,1.812,9.96573672452868
chr19,25418766,inactive,0.383,1.972,10.262061968478577
chr19,25422766,inactive,0.388,2.024,10.294853003445802
chr19,25426766,inactive,0.384,1.92,10.161933923036766
chr19,25430766,inactive,0.383,1.816,9.980653421051036
chr19,25434766,inactive,0.382,1.98,10.29127309311323
chr19,25438766,inactive,0.389,2.016,10.239284092155236
chr19,25442766,inactive,0.3865,1.928,10.17451606950988
chr19,25446766,inactive,0.378,1.852,10.046127847425424
chr19,25450766,inactive,0.3845,1.932,10.176173975687107
chr19,25454766,inactive,0.388,2.004,10.234270568329256
chr19,25458766,inactive,0.387,1.924,10.190948748969923
chr19,25462766,inactive,0.3795,1.864,10.048604901986899
chr19,25466766,inactive,0.383,2.044,10.368097147263049
chr19,25470766,inactive,0.391,2.032,10.313975460881725
chr19,25474766,inactive,0.3865,1.944,10.21657365016616
chr19,25478766,inactive,0.378,1.908,10.123272491552614
chr19,25482766,inactive,0.3875,1.98,10.244196750356252
chr19,25486766,inactive,0.392,2.032,10.335612037718704
chr19,25490766,inactive,0.3885,2.032,10.377932498626203
chr19,25494766,inactive,0.383,1.976,10.266203878777327
chr19,25498766,inactive,0.3855,1.948,10.22708078781712
chr19,25502766,inactive,0.386,2.06,10.393036317389683
chr19,25506766,inactive,0.391,2.004,10.2531185437118
chr19,25510766,inactive,0.378,1.856,10.04482549682453
chr19,25514766,inactive,0.387,1.924,10.165588981741745
chr19,25518766,inactive,0.3865,2.016,10.275624529824446
chr19,25522766,inactive,0.3835,1.96,10.238490800115793
chr19,25526766,inactive,0.3825,1.852,9.995346616776336
chr19,25530766,inactive,0.3855,1.952,10.231223661627626
chr19,25534766,inactive,0.3845,1.924,10.185105333458322
chr19,25538766,inactive,0.3845,1.876,10.05424171291619
chr19,25542766,inactive,0.3825,2.004,10.3221712032147
chr19,25546766,inactive,0.3845,2.024,10.297341299626993
chr19,25550766,inactive,0.3825,2.0,10.347674432750578
chr19,25554766,inactive,0.3835,2.012,10.389762548810287
chr19,25558766,inactive,0.3875,2.048,10.386353418960274
chr19,25562766,inactive,0.385,1.992,10.325861703780388
chr19,25566766,inactive,0.38,2.016,10.324934639960109
chr19,25570766,inactive,0.3835,1.98,10.278141324022531
chr19,25574766,inactive,0.381,1.98,10.244718573265235
chr19,25578766,inactive,0.3835,1.992,10.257511013051035
chr19,25582766,inactive,0.3765,2.0,10.351215102721206
chr19,25586766,inactive,0.384,1.996,10.310807436975947
chr19,25590766,inactive,0.383,1.944,10.170000162635644
chr19,25594766,inactive,0.381,1.884,9.990131155846317
chr19,25598766,inactive,0.3815,1.904,10.181191913368293
chr19,25602766,inactive,0.3765,1.948,10.183926193585936
chr19,25606766,inactive,0.3835,1.968,10.266873711225175
chr19,25610766,inactive,0.381,1.996,10.31838664273196
chr19,25614766,inactive,0.3835,2.04,10.385538905521477
chr19,25618766,inactive,0.3855,2.064,10.381544185102001
chr19,25690766,inactive,0.372,2.044,10.45002968836204
chr19,25694766,inactive,0.382,1.96,10.267687232787237
chr19,25698766,inactive,0.397,2.06,10.463124448751017
chr19,25702766,inactive,0.401,2.072,10.39110017477098
chr19,25706766,inactive,0.4075,2.148,10.542425994882848
chr19,25710766,inactive,0.397,2.084,10.447557485076333
chr19,25714766,inactive,0.4005,2.112,10.521233080615886
chr19,25718766,inactive,0.398,2.128,10.54615588061895
chr19,25722766,inactive,0.4025,2.092,10.48576489292814
chr19,25726766,inactive,0.397,2.108,10.525200903940723
chr19,25730766,inactive,0.4015,2.06,10.360420631236446
chr19,25734766,inactive,0.3955,2.156,10.58541328579148
chr19,25738766,inactive,0.3885,2.032,10.309690608650198
chr19,25818766,inactive,0.381,1.976,10.291236742922312
chr19,25822766,active,0.387,1.78,9.786776281211198
chr19,25826766,inactive,0.383,1.916,10.154308720676138
chr19,25830766,active,0.381,1.448,9.202279275259839
chr19,25834766,active,0.38,1.448,9.187488202207879
chr19,25838766,active,0.3825,1.412,9.131115258719776
chr19,25842766,active,0.3835,1.408,9.06490198669756
chr19,25846766,active,0.385,1.476,9.219266768930973
chr19,25850766,active,0.386,1.428,9.066016559119486
chr19,25854766,active,0.384,1.456,9.118035113271906
chr19,25858766,active,0.38,1.392,9.022148493607295
chr19,25862766,active,0.381,1.412,9.073979180101885
chr19,25866766,active,0.3815,1.384,9.00954325901696
chr19,25870766,active,0.3855,1.412,9.011117826521891
chr19,25874766,active,0.3895,1.716,9.621325716581927
chr19,25878766,active,0.3895,1.672,9.59200554804711
chr19,25882766,active,0.3885,1.664,9.545688765797873
chr19,25886766,active,0.385,1.544,9.360088536200804
chr19,25890766,active,0.3935,1.74,9.701669463998375
chr19,25894766,active,0.3905,1.712,9.636844950310117
chr19,25898766,active,0.391,1.78,9.885903304778585
chr19,25902766,active,0.3935,1.648,9.595634766383503
chr19,25906766,active,0.3895,1.772,9.79303588568541
chr19,25910766,active,0.3905,1.744,9.679115081207328
chr19,25914766,active,0.3885,1.616,9.48722364833404
chr19,25918766,active,0.3925,1.604,9.456705808708557
chr19,25922766,active,0.3945,1.756,9.744490802095111
chr19,25926766,active,0.393,1.768,9.695116443869518
chr19,25930766,active,0.3915,1.672,9.640860354013064
chr19,25934766,active,0.3915,1.688,9.572820307562719
chr19,25938766,active,0.3935,1.612,9.550809750490629
chr19,25942766,active,0.3925,1.68,9.589465981949017
chr19,25946766,active,0.3925,1.672,9.630689986357048
chr19,25950766,active,0.3935,1.72,9.583339689186335
chr19,25954766,active,0.392,1.708,9.63404895615882
chr19,25958766,active,0.391,1.728,9.641193980806149
chr19,25962766,active,0.3885,1.644,9.482506331186904
chr19,25966766,active,0.3915,1.66,9.591376772257503
chr19,25970766,active,0.392,1.66,9.580217384657027
chr19,25974766,active,0.3905,1.66,9.593670812839996
chr19,25978766,active,0.396,1.724,9.645764556710771
chr19,25982766,active,0.3935,1.688,9.619458906591802
chr19,25986766,active,0.3895,1.664,9.589715804284266
chr19,25990766,active,0.394,1.716,9.613922828867924
chr19,25994766,active,0.394,1.712,9.639229578409592
chr19,25998766,active,0.393,1.724,9.650054597751748
chr19,26002766,active,0.3875,1.688,9.620677980374518
chr19,26006766,active,0.3895,1.772,9.795459676908782
chr19,26010766,active,0.39,1.348,8.979976411661719
chr19,26014766,active,0.389,1.352,9.029272921068792
chr19,26018766,active,0.3915,1.388,9.064828579998297
chr19,26022766,active,0.3925,1.456,9.232486175062038
chr19,26026766,active,0.3875,1.332,8.930389525958367
chr19,26030766,active,0.393,1.436,9.222593446382332
chr19,26034766,active,0.3925,1.416,9.143813478396016
chr19,26038766,active,0.3935,1.416,9.148026507067625
chr19,26042766,active,0.39,1.4,9.1008415553262
chr19,26046766,active,0.393,1.368,8.999525602497037
chr19,26050766,active,0.3925,1.436,9.17422759909084
chr19,26054766,active,0.39,1.416,9.154507003241557
chr19,26058766,active,0.3865,1.344,8.967507106633695
chr19,26062766,active,0.3865,1.328,8.977151235401754
chr19,26066766,active,0.389,1.336,8.96910336383266
chr19,26070766,active,0.391,1.456,9.218754128198627
chr19,26074766,active,0.394,1.404,9.106064020405622
chr19,26078766,active,0.391,1.396,9.081753402786527
chr19,26082766,active,0.391,1.436,9.178629875036208
chr19,26086766,active,0.3925,1.472,9.260598082234374
chr19,26090766,active,0.3925,1.324,8.925281408115056
chr19,26094766,active,0.388,1.332,8.94098364689882
chr19,26098766,active,0.3875,1.296,8.8405838475545
chr19,26102766,active,0.3885,1.308,8.928347541563278
chr19,26106766,active,0.388,1.38,9.040187768679859
chr19,26110766,active,0.388,1.4,9.124733806268425
chr19,26114766,active,0.3945,1.324,8.937801201585371
chr19,26118766,active,0.3895,1.376,9.042172237199441
chr19,26122766,active,0.3925,1.408,9.087594884543126
chr19,26126766,active,0.393,1.444,9.173720712527418
chr19,26130766,active,0.391,1.408,9.130090918710184
chr19,26134766,active,0.395,1.312,8.933167676723526
chr19,26138766,active,0.3905,1.372,9.019327614484093
chr19,26142766,active,0.3915,1.396,9.050665443143536
chr19,26146766,active,0.3925,1.48,9.274819774758123
chr19,26150766,active,0.3925,1.396,9.089048630879454
chr19,26154766,active,0.3905,1.448,9.208351543354489
chr19,26158766,active,0.392,1.484,9.323874111611
chr19,26162766,active,0.3895,1.436,9.177713363344862
chr19,26166766,active,0.39,1.46,9.278522332329501
chr19,26170766,active,0.394,1.404,9.135243692104012
chr19,26174766,active,0.392,1.368,9.060591104795613
chr19,26178766,active,0.3895,1.428,9.192974448980198
chr19,26182766,active,0.3905,1.38,9.040525072664959
chr19,26186766,active,0.391,1.432,9.23797712311862
chr19,26190766,active,0.392,1.376,9.045913096360696
chr19,26194766,active,0.3905,1.452,9.213343784350121
chr19,26198766,active,0.3915,1.416,9.164302856456299
chr19,26202766,active,0.3855,1.408,9.127824045185696
chr19,26206766,active,0.3915,1.392,9.086279726548016
chr19,26210766,active,0.3895,1.408,9.13832483726622
chr19,26214766,active,0.3895,1.416,9.184242584765192
chr19,26218766,active,0.3945,1.36,9.047034620994788
chr19,26222766,active,0.3875,1.408,9.134445222907948
chr19,26226766,active,0.39,1.388,9.122969695348326
chr19,26230766,active,0.39,1.396,9.070216713777885
chr19,26234766,active,0.393,1.32,8.97099927961169
chr19,26238766,active,0.3885,1.48,9.259894561411613
chr19,26242766,active,0.392,1.42,9.167108142771053
chr19,26246766,active,0.392,1.384,9.088204751889366
chr19,26250766,active,0.3935,1.416,9.17224678384093
chr19,26254766,active,0.3905,1.424,9.18022353185417
chr19,26258766,active,0.393,1.424,9.195055544211773
chr19,26262766,active,0.389,1.408,9.109703245867347
chr19,26266766,active,0.39,1.42,9.15897975753423
chr19,26270766,active,0.393,1.372,9.053544433250435
chr19,26274766,active,0.394,1.432,9.1738986094351
chr19,26278766,active,0.392,1.424,9.105669793071964
chr19,26282766,active,0.39,1.336,8.944193703955612
chr19,26286766,active,0.3885,1.336,8.91075818437003
chr19,26290766,active,0.392,1.324,8.95278346448855
chr19,26294766,active,0.389,1.428,9.098578878624295
chr19,26298766,active,0.3895,1.384,9.082631604142842
chr19,26302766,active,0.3935,1.444,9.223177252697097
chr19,26306766,active,0.391,1.28,8.827374768404493
chr19,26310766,active,0.393,1.324,8.943886084459134
chr19,26314766,active,0.392,1.424,9.192763795590894
chr19,26318766,active,0.3935,1.436,9.230611259169022
chr19,26322766,active,0.389,1.436,9.196593389699762
chr19,26326766,active,0.3945,1.376,9.086225966440013
chr19,26330766,active,0.3915,1.384,9.115812329938525
chr19,26334766,active,0.3965,1.42,9.130071239163051
chr19,26338766,active,0.389,1.464,9.25357611292502
chr19,26342766,active,0.393,1.336,8.950080508315912
chr19,26346766,active,0.39,1.492,9.277837679725518
chr19,26350766,active,0.3865,1.408,9.151457688452776
chr19,26354766,active,0.393,1.4,9.133779947037736
chr19,26358766,active,0.3895,1.396,9.111958256981131
chr19,26362766,active,0.3915,1.256,8.836778805868278
chr19,26366766,active,0.392,1.264,8.83763733621153
chr19,26370766,active,0.394,1.292,8.89334053810936
chr19,26374766,active,0.396,1.304,8.913121609978546
chr19,26378766,active,0.394,1.24,8.784238092508728
chr19,26382766,active,0.3975,1.352,9.036828489540326
chr19,26386766,active,0.396,1.236,8.788224081153183
chr19,26390766,active,0.387,1.34,8.979792024311267
chr19,26394766,active,0.388,1.244,8.80039351106375
chr19,26398766,active,0.3925,1.244,8.764688784527644
chr19,26402766,active,0.3885,1.32,8.980029687667978
chr19,26406766,active,0.3885,1.356,9.043918082379882
chr19,26410766,active,0.394,1.292,8.888943885884887
chr19,26414766,active,0.394,1.204,8.718584396067236
chr19,26418766,active,0.3965,1.236,8.799460846704532
chr19,26422766,active,0.3895,1.264,8.836924959694421
chr19,26426766,active,0.3945,1.208,8.712500578567914
chr19,26430766,active,0.3915,1.176,8.604876585279804
chr19,26434766,active,0.3925,1.228,8.73860849246695
chr19,26438766,active,0.3905,1.296,8.919230488660624
chr19,26442766,active,0.393,1.2,8.703985231360743
chr19,26446766,active,0.3955,1.148,8.637763492936015
chr19,26450766,active,0.394,1.336,8.994555962309732
chr19,26454766,active,0.3975,1.184,8.689723566677575
chr19,26458766,active,0.3885,1.304,8.924559801609783
chr19,26462766,active,0.3915,1.204,8.692220024793665
chr19,26466766,active,0.3905,1.188,8.683364259123834
chr19,26470766,active,0.396,1.264,8.825547239107093
chr19,26474766,active,0.3945,1.248,8.776240279120874
chr19,26478766,active,0.398,1.244,8.79812382978933
chr19,26482766,active,0.394,1.212,8.705030905045373
chr19,26486766,active,0.392,1.192,8.678014244617
chr19,26490766,active,0.3905,1.184,8.638389046737167
chr19,26494766,active,0.393,1.2,8.67668071830792
chr19,26498766,active,0.3945,1.236,8.777796713838994
chr19,26502766,active,0.3955,1.248,8.817210706272347
chr19,26506766,active,0.4,1.26,8.8111505655378
chr19,26510766,active,0.396,1.236,8.800176350189034
chr19,26514766,active,0.3965,1.232,8.740542739685539
chr19,26518766,active,0.3935,1.28,8.781579841813008
chr19,26522766,active,0.3945,1.208,8.749044271387225
chr19,26526766,active,0.3985,1.284,8.871669010778215
chr19,26530766,active,0.396,1.244,8.794646651376487
chr19,26534766,active,0.3945,1.228,8.727429579051265
chr19,26538766,active,0.397,1.244,8.798184204153587
chr19,26542766,active,0.3945,1.232,8.793879515922859
chr19,26546766,active,0.397,1.228,8.778485530309725
chr19,26550766,active,0.393,1.212,8.701601605656224
chr19,26554766,active,0.396,1.228,8.822156016049885
chr19,26558766,active,0.391,1.18,8.625915679917131
chr19,26562766,active,0.395,1.232,8.759388375718743
chr19,26566766,active,0.3925,1.26,8.837104133826152
chr19,26570766,active,0.3955,1.248,8.744550952124253
chr19,26574766,active,0.3975,1.224,8.832038113280808
chr19,26578766,active,0.3965,1.26,8.802430584410676
chr19,26582766,active,0.396,1.272,8.859785226562323
chr19,26586766,active,0.3925,1.22,8.740691372376391
chr19,26590766,active,0.3985,1.224,8.77056286267924
chr19,26594766,active,0.3955,1.272,8.879155490047205
chr19,26598766,active,0.399,1.228,8.764138461096897
chr19,26602766,active,0.3945,1.252,8.83521183680421
chr19,26606766,active,0.3935,1.248,8.860052536475848
chr19,26610766,active,0.395,1.312,8.95530979667516
chr19,26614766,active,0.3955,1.304,8.91888469145646
chr19,26618766,active,0.396,1.248,8.838008708690753
chr19,26622766,active,0.3945,1.24,8.79784852854148
chr19,26626766,active,0.3965,1.244,8.818762376299253
chr19,26630766,active,0.395,1.232,8.793610781826882
chr19,26634766,active,0.396,1.256,8.789537662258462
chr19,26638766,active,0.3955,1.272,8.887546557093787
chr19,26642766,active,0.3965,1.24,8.781619475313285
chr19,26646766,active,0.392,1.204,8.661091172315171
chr19,26650766,active,0.394,1.208,8.727606927853184
chr19,26654766,active,0.3945,1.224,8.728136819266538
chr19,26658766,active,0.3955,1.272,8.809703682071744
chr19,26662766,active,0.3925,1.244,8.775796726744824
chr19,26666766,active,0.3955,1.224,8.730889383608174
chr19,26670766,active,0.395,1.264,8.803051068634161
chr19,26674766,active,0.395,1.276,8.793530079178636
chr19,26678766,active,0.392,1.224,8.693185060294176
chr19,26682766,active,0.397,1.28,8.87319239703683
chr19,26686766,active,0.3945,1.232,8.803617162112621
chr19,26690766,active,0.3935,1.196,8.744355018471015
chr19,26694766,active,0.3945,1.256,8.868645468998764
chr19,26698766,active,0.396,1.28,8.886589921165772
chr19,26702766,active,0.396,1.304,8.916141394014598
chr19,26706766,active,0.396,1.244,8.791134362276983
chr19,26710766,active,0.3955,1.26,8.861126380104587
chr19,26714766,active,0.3975,1.268,8.831065184467317
chr19,26718766,active,0.397,1.236,8.748487355219607
chr19,26722766,active,0.397,1.284,8.884000879712547
chr19,26726766,active,0.3955,1.24,8.835334431222424
chr19,26730766,active,0.396,1.308,8.950806155830136
chr19,26734766,active,0.398,1.24,8.795902899236426
chr19,26738766,active,0.395,1.248,8.79194852322551
chr19,26742766,active,0.397,1.212,8.75180498291399
chr19,26746766,active,0.3955,1.244,8.839163942799992
chr19,26750766,active,0.3955,1.24,8.8138820628462
chr19,26754766,active,0.396,1.28,8.889275618229325
chr19,26758766,active,0.396,1.26,8.836412897661843
chr19,26762766,active,0.3955,1.22,8.734329018727795
chr19,26766766,active,0.399,1.264,8.835318877081889
chr19,26770766,active,0.395,1.208,8.687797889493092
chr19,26774766,active,0.396,1.264,8.844474437635007
chr19,26778766,active,0.3975,1.26,8.883553154013141
chr19,26782766,active,0.3945,1.216,8.71678488414121
chr19,26786766,active,0.396,1.24,8.78347524244215
chr19,26790766,active,0.397,1.26,8.816574280380433
chr19,26794766,active,0.3965,1.228,8.778475318815792
chr19,26798766,active,0.3955,1.248,8.82071017519934
chr19,26802766,active,0.3965,1.224,8.798069023748504
chr19,26806766,active,0.395,1.248,8.8069982586059
chr19,26810766,active,0.396,1.236,8.76656344221109
chr19,26814766,active,0.392,1.204,8.71121579380782
chr19,26818766,active,0.3955,1.264,8.840131332928635
chr19,26822766,active,0.3945,1.22,8.750827044714
chr19,26826766,active,0.395,1.256,8.840188134155513
chr19,26830766,active,0.401,1.264,8.8543024514828
chr19,26834766,active,0.397,1.28,8.871623677660322
chr19,26838766,active,0.397,1.284,8.900136312594059
chr19,26842766,active,0.3995,1.26,8.885489462223328
chr19,26846766,active,0.3915,1.312,8.965068498571569
chr19,26850766,active,0.3935,1.208,8.710652272556459
chr19,26854766,active,0.3975,1.252,8.83071243134775
chr19,26858766,active,0.3925,1.284,8.899367531021591
chr19,26862766,active,0.3945,1.212,8.706253266939408
chr19,26866766,active,0.4015,1.268,8.831938100440308
chr19,26870766,active,0.393,1.236,8.849074485650366
chr19,26874766,active,0.397,1.324,8.93330262541846
chr19,26878766,active,0.3965,1.244,8.8113912930935
chr19,26882766,active,0.3995,1.316,8.90578149959668
chr19,26886766,active,0.399,1.332,8.933193094632475
chr19,26890766,active,0.3935,1.256,8.853350560487154
chr19,26894766,active,0.3955,1.268,8.869228713656387
chr19,26898766,active,0.393,1.28,8.889327762454135
chr19,26902766,active,0.395,1.268,8.851711089592857
chr19,26906766,active,0.398,1.32,8.912728679911893
chr19,26910766,active,0.392,1.268,8.873129265238408
chr19,26914766,active,0.397,1.26,8.872603092579118
chr19,26918766,active,0.391,1.256,8.792507821578127
chr19,26922766,active,0.3945,1.268,8.894361604156092
chr19,26926766,active,0.393,1.168,8.675874902139826
chr19,26930766,active,0.3945,1.204,8.7268535141195
chr19,26934766,active,0.4005,1.28,8.858653127568765
chr19,26938766,active,0.3985,1.308,8.895020626688515
chr19,26942766,active,0.3955,1.216,8.743987386273423
chr19,26946766,active,0.3925,1.292,8.878849999742918
chr19,26950766,active,0.3935,1.308,8.92137209692133
chr19,26954766,active,0.393,1.32,8.913357857272025
chr19,26958766,active,0.3935,1.28,8.867624912808747
chr19,26962766,active,0.392,1.288,8.87183912911546
chr19,26966766,active,0.3915,1.284,8.883908838163496
chr19,26970766,active,0.394,1.224,8.74622818658957
chr19,26974766,active,0.3935,1.22,8.754971313207285
chr19,26978766,active,0.394,1.252,8.78192068128781
chr19,26982766,active,0.3925,1.208,8.700159117026882
chr19,26986766,active,0.396,1.232,8.785870154365854
chr19,26990766,active,0.394,1.208,8.725602660347878
chr19,26994766,active,0.395,1.208,8.751673774077583
chr19,26998766,active,0.4,1.26,8.884267869774366
chr19,27002766,active,0.3995,1.276,8.882634696495817
chr19,27006766,active,0.398,1.276,8.871698068227225
chr19,27010766,active,0.3965,1.312,8.968924843841144
chr19,27014766,active,0.3955,1.272,8.84113112009678
chr19,27018766,active,0.3955,1.304,8.933233013793044
chr19,27022766,active,0.394,1.308,8.917775111975489
chr19,27026766,active,0.394,1.208,8.730734172751976
chr19,27030766,active,0.395,1.264,8.848578619823508
chr19,27034766,active,0.394,1.304,8.94170021335887
chr19,27038766,active,0.3985,1.24,8.787917812480334
chr19,27042766,active,0.397,1.276,8.871096666682174
chr19,27046766,active,0.393,1.204,8.713512609924681
chr19,27050766,active,0.3975,1.348,8.94122102389204
chr19,27054766,active,0.3975,1.324,8.93524171530239
chr19,27058766,active,0.3915,1.272,8.838713208299126
chr19,27062766,active,0.3955,1.264,8.872592241275688
chr19,27066766,active,0.3935,1.224,8.779142830932786
chr19,27070766,active,0.393,1.272,8.852290212686176
chr19,27074766,active,0.398,1.312,8.919655386322152
chr19,27078766,active,0.3935,1.26,8.841110960014218
chr19,27082766,active,0.394,1.252,8.87049415961018
chr19,27086766,active,0.391,1.228,8.77745805490054
chr19,27090766,active,0.3945,1.24,8.834524470731038
chr19,27094766,active,0.3915,1.216,8.7832340807832
chr19,27098766,active,0.3925,1.216,8.76060918033853
chr19,27102766,active,0.3985,1.288,8.870817241966497
chr19,27106766,active,0.4005,1.284,8.850950459119815
chr19,27110766,active,0.3945,1.224,8.785269445946117
chr19,27114766,active,0.393,1.304,8.880133824841755
chr19,27118766,active,0.393,1.304,8.8992407170219
chr19,27122766,active,0.394,1.296,8.901055785593256
chr19,27126766,active,0.3925,1.308,8.894600601826113
chr19,27130766,active,0.394,1.292,8.891587605825153
chr19,27134766,active,0.3915,1.308,8.894686234012752
chr19,27138766,active,0.392,1.288,8.884383971875813
chr19,27142766,active,0.391,1.288,8.881526868562753
chr19,27146766,active,0.3925,1.316,8.918897317668137
chr19,27150766,active,0.391,1.296,8.851818265112266
chr19,27154766,active,0.396,1.232,8.771879828538506
chr19,27158766,active,0.398,1.268,8.892815897143377
chr19,27162766,active,0.396,1.308,8.9775303506014
chr19,27166766,active,0.3945,1.248,8.81619481177616
chr19,27170766,active,0.399,1.308,8.932309793247446
chr19,27174766,active,0.398,1.22,8.741717496149473
chr19,27178766,active,0.3965,1.308,8.945461810066815
chr19,27182766,active,0.3945,1.276,8.923925407921335
chr19,27186766,active,0.3985,1.304,9.001074069664197
chr19,27190766,active,0.396,1.252,8.86119841572615
chr19,27194766,active,0.3955,1.288,8.921865232130525
chr19,27198766,active,0.394,1.236,8.826064939647544
chr19,27202766,active,0.3915,1.32,8.9292803851335
chr19,27206766,active,0.3955,1.312,8.937321992253844
chr19,27210766,active,0.398,1.316,8.95271006382681
chr19,27214766,active,0.3945,1.272,8.903865301897584
chr19,27218766,active,0.395,1.26,8.819797582362165
chr19,27222766,active,0.3935,1.276,8.920804064288834
chr19,27226766,active,0.3925,1.264,8.843259446846416
chr19,27230766,active,0.3965,1.256,8.840987644490818
chr19,27234766,active,0.396,1.28,8.932752143064542
chr19,27238766,active,0.391,1.248,8.838595109353074
chr19,27242766,active,0.394,1.248,8.8333950829135
chr19,27246766,active,0.39,1.284,8.927626954174384
chr19,27250766,active,0.3925,1.296,8.921141583119576
chr19,27254766,active,0.3905,1.252,8.794351204051628
chr19,27258766,active,0.3935,1.252,8.84243576752927
chr19,27262766,active,0.391,1.28,8.9038377514752
chr19,27266766,active,0.3965,1.248,8.854579855114663
chr19,27270766,active,0.393,1.284,8.911012086703378
chr19,27274766,active,0.3955,1.284,8.86705580950861
chr19,27278766,active,0.394,1.288,8.845846398515658
chr19,27282766,active,0.3905,1.224,8.758217178239478
chr19,27286766,active,0.397,1.264,8.876462278977547
chr19,27290766,active,0.3925,1.24,8.784247818665374
chr19,27294766,active,0.3965,1.272,8.896664412185388
chr19,27298766,active,0.3915,1.308,8.957545235858795
chr19,27302766,active,0.3925,1.276,8.893926591363053
chr19,27306766,active,0.3965,1.288,8.941831585599118
chr19,27310766,active,0.393,1.248,8.793433536656513
chr19,27314766,active,0.3885,1.268,8.870190121045109
chr19,27318766,active,0.3985,1.232,8.821964861553488
chr19,27322766,active,0.391,1.28,8.872345847058202
chr19,27326766,active,0.3925,1.312,8.91036268419116
chr19,27330766,active,0.3985,1.28,8.823745028461731
chr19,27334766,active,0.3945,1.304,8.93722857546356
chr19,27338766,active,0.394,1.3,8.924042973828731
chr19,27342766,active,0.3925,1.324,8.963075645262363
chr19,27346766,active,0.394,1.328,8.957249368579085
chr19,27350766,active,0.3925,1.232,8.725224156803872
chr19,27354766,active,0.395,1.312,8.96404359870675
chr19,27358766,active,0.395,1.308,8.95862816583465
chr19,27362766,active,0.392,1.316,8.959874781920613
chr19,27366766,active,0.3935,1.368,9.038785236545738
chr19,27370766,active,0.3935,1.348,9.004760386003179
chr19,27374766,active,0.393,1.328,8.943151658805867
chr19,27378766,active,0.394,1.384,9.104371752381859
chr19,27382766,active,0.395,1.292,8.85887133769362
chr19,27386766,active,0.3945,1.268,8.851945627217683
chr19,27390766,active,0.392,1.368,9.078229398060692
chr19,27394766,active,0.3945,1.376,9.059908795810342
chr19,27398766,active,0.3995,1.328,8.985562757546118
chr19,27402766,active,0.39,1.356,9.023602467917495
chr19,27406766,active,0.3945,1.296,8.891090777019777
chr19,27410766,active,0.3965,1.328,8.971845651614855
chr19,27414766,active,0.3885,1.252,8.723789347064878
chr19,27418766,active,0.3905,1.204,8.660796770500017
chr19,27422766,active,0.393,1.204,8.739198232860577
chr19,27426766,active,0.392,1.22,8.726304588367583
chr19,27430766,active,0.395,1.236,8.770456859584998
chr19,27434766,active,0.3935,1.204,8.74991456122026
chr19,27438766,active,0.392,1.248,8.747884121253993
chr19,27442766,active,0.394,1.256,8.80799940280914
chr19,27446766,active,0.398,1.232,8.786856355661115
chr19,27450766,active,0.398,1.248,8.838982421097805
chr19,27454766,active,0.3925,1.232,8.74277732399866
chr19,27458766,active,0.398,1.264,8.82849287289701
chr19,27462766,active,0.3875,1.336,9.028758010495268
chr19,27466766,active,0.393,1.252,8.796269958276548
chr19,27470766,active,0.395,1.28,8.806366504465796
chr19,27474766,active,0.3955,1.296,8.892207850150978
chr19,27478766,active,0.3925,1.236,8.80437584344243
chr19,27482766,active,0.395,1.224,8.760462107494918
chr19,27486766,active,0.3975,1.272,8.86343292280115
chr19,27490766,active,0.398,1.292,8.88291585652928
chr19,27494766,active,0.395,1.232,8.763333344506409
chr19,27498766,active,0.394,1.256,8.833877996854952
chr19,27502766,active,0.397,1.208,8.73842383462486
chr19,27506766,active,0.3975,1.256,8.811713794811268
chr19,27510766,active,0.398,1.268,8.828980727842067
chr19,27514766,active,0.3995,1.276,8.878830133296953
chr19,27518766,active,0.396,1.244,8.809916363919848
chr19,27522766,active,0.396,1.292,8.909759261244975
chr19,27526766,active,0.3975,1.244,8.78366752000364
chr19,27530766,active,0.399,1.276,8.870703692333349
chr19,27534766,active,0.393,1.28,8.92473486892699
chr19,27538766,active,0.3955,1.216,8.745568827056623
chr19,27542766,active,0.394,1.308,8.987449213387178
chr19,27546766,active,0.396,1.232,8.79254541321117
chr19,27550766,active,0.396,1.312,9.035770927368832
chr19,27554766,active,0.394,1.256,8.794879187603863
chr19,27558766,active,0.396,1.344,8.99290004302929
chr19,27562766,active,0.3955,1.272,8.882902557235253
chr19,27566766,active,0.394,1.24,8.822979346299773
chr19,27570766,active,0.399,1.296,8.95842607584492
chr19,27574766,active,0.396,1.236,8.810204213650037
chr19,27578766,active,0.398,1.236,8.779420773953692
chr19,27582766,active,0.398,1.272,8.87326762426396
chr19,27586766,active,0.399,1.256,8.877098789372365
chr19,27590766,active,0.395,1.26,8.891028186696516
chr19,27594766,active,0.397,1.288,8.907401495524661
chr19,27598766,active,0.393,1.288,8.870015126274211
chr19,27602766,active,0.389,1.256,8.741549548253452
chr19,27606766,active,0.3995,1.256,8.871487607457327
chr19,27610766,active,0.3935,1.336,9.066393549920667
chr19,27614766,active,0.3935,1.276,8.834317764988295
chr19,27618766,active,0.397,1.18,8.680372212413271
chr19,27622766,active,0.3985,1.304,8.971032373093736
chr19,27626766,active,0.3985,1.252,8.800325959693847
chr19,27630766,active,0.396,1.244,8.79607492003571
chr19,27634766,active,0.392,1.268,8.875189805269331
chr19,27638766,active,0.398,1.28,8.85857097723883
chr19,27642766,active,0.399,1.308,8.909503691375328
chr19,27646766,active,0.3995,1.272,8.941869962484366
chr19,27650766,active,0.398,1.284,8.90378317672551
chr19,27654766,active,0.3955,1.34,9.049994566421509
chr19,27658766,active,0.3915,1.256,8.806432196424598
chr19,27662766,active,0.397,1.348,9.041065104050336
chr19,27666766,active,0.392,1.26,8.796625070292995
chr19,27670766,active,0.397,1.292,8.899633041470349
chr19,27674766,active,0.3935,1.188,8.603873908147753
chr19,27678766,active,0.3945,1.28,8.87256626453591
chr19,27682766,active,0.3975,1.284,8.883564268079038
chr19,27686766,active,0.396,1.28,8.872513290915675
chr19,27690766,active,0.395,1.3,8.91259242583897
chr19,27694766,active,0.394,1.176,8.714072703058177
chr19,27698766,active,0.3935,1.192,8.681910448640576
chr19,27702766,active,0.3945,1.272,8.79760439019073
chr19,27706766,active,0.396,1.236,8.76898167760081
chr19,27710766,active,0.394,1.224,8.719340596450591
chr19,27714766,active,0.3945,1.244,8.797221282960443
chr19,27718766,active,0.3915,1.208,8.732685283229483
chr19,27722766,active,0.3955,1.264,8.881716796895184
chr19,27726766,active,0.3945,1.264,8.837912782902086
chr19,27730766,active,0.3935,1.268,8.834662300458234
chr19,27734766,active,0.395,1.328,8.99060448293041
chr19,27738766,active,0.3935,1.28,8.855716643532832
chr19,27742766,active,0.3995,1.256,8.809139795344686
chr19,27746766,active,0.397,1.26,8.889296874666249
chr19,27750766,active,0.401,1.3,8.987249740190881
chr19,27754766,active,0.39,1.296,8.922519298909469
chr19,27758766,active,0.401,1.276,8.910749941143745
chr19,27762766,active,0.392,1.264,8.84177019033467
chr19,27766766,active,0.3975,1.268,8.833111955250901
chr19,27770766,active,0.392,1.312,8.919030054880535
chr19,27774766,active,0.3965,1.272,8.869041343402674
chr19,27778766,active,0.3955,1.24,8.77031485861611
chr19,27782766,active,0.3965,1.292,8.894076832879428
chr19,27786766,active,0.3935,1.284,8.88179928962457
chr19,27790766,active,0.396,1.2,8.742496615111122
chr19,27794766,active,0.397,1.236,8.771920604651296
chr19,27798766,active,0.395,1.336,8.991275329802813
chr19,27802766,active,0.3945,1.22,8.726180401569387
chr19,27806766,active,0.3955,1.272,8.826133969255967
chr19,27810766,active,0.394,1.24,8.792591215114701
chr19,27814766,active,0.392,1.252,8.766959563392037
chr19,27818766,active,0.3955,1.264,8.859180373083236
chr19,27822766,active,0.401,1.244,8.783317636911168
chr19,27826766,active,0.396,1.264,8.828763405222118
chr19,27830766,active,0.392,1.212,8.700029742269681
chr19,27834766,active,0.394,1.252,8.806014541574323
chr19,27838766,active,0.3935,1.212,8.73119707222753
chr19,27842766,active,0.396,1.316,8.976917741628046
chr19,27846766,active,0.395,1.34,9.0551786224002
chr19,27850766,active,0.3945,1.344,8.979517503374677
chr19,27854766,active,0.3985,1.256,8.842049537990599
chr19,27858766,active,0.397,1.26,8.823384243221119
chr19,27862766,active,0.3965,1.24,8.788438150910526
chr19,27866766,active,0.395,1.26,8.79037559509868
chr19,27870766,active,0.3955,1.3,8.880600553582504
chr19,27874766,active,0.396,1.316,8.903088306594118
chr19,27878766,active,0.397,1.244,8.7616467968832
chr19,27882766,active,0.397,1.268,8.834167520577786
chr19,27886766,active,0.3965,1.236,8.82684322378159
chr19,27890766,active,0.398,1.28,8.914503933690295
chr19,27894766,active,0.3985,1.24,8.801705391042665
chr19,27898766,active,0.3955,1.28,8.896673290427522
chr19,27902766,active,0.3995,1.256,8.815303744805972
chr19,27906766,active,0.3975,1.236,8.810038332359955
chr19,27910766,active,0.3945,1.28,8.924437001485336
chr19,27914766,active,0.395,1.268,8.851076091339625
chr19,27918766,active,0.3975,1.232,8.791832212274535
chr19,27922766,active,0.3995,1.336,9.030358312443635
chr19,27926766,active,0.3965,1.272,8.895483942801608
chr19,27930766,active,0.3975,1.3,8.94847374764513
chr19,27934766,active,0.399,1.312,8.936923606346621
chr19,27938766,active,0.398,1.34,9.020082124149194
chr19,27942766,active,0.4,1.34,8.965782338894607
chr19,27946766,active,0.3995,1.284,8.958959529987565
chr19,27950766,active,0.3985,1.216,8.762193857681757
chr19,27954766,active,0.3925,1.308,8.906782645458588
chr19,27958766,active,0.3985,1.24,8.796968032190374
chr19,27962766,active,0.3955,1.296,8.917122196842653
chr19,27966766,active,0.3955,1.292,8.853061647781459
chr19,27970766,active,0.396,1.256,8.81116951025434
chr19,27974766,active,0.3985,1.324,9.007974183341643
chr19,27978766,active,0.396,1.268,8.777320889083144
chr19,27982766,active,0.3965,1.28,8.828858232185297
chr19,27986766,active,0.3995,1.276,8.85230191522564
chr19,27990766,active,0.396,1.248,8.826074089824635
chr19,27994766,active,0.3985,1.24,8.784596882563331
chr19,27998766,active,0.3955,1.28,8.873440480313949
chr19,28002766,active,0.3985,1.3,8.880486367030056
chr19,28006766,active,0.395,1.212,8.732651653814479
chr19,28010766,active,0.395,1.196,8.75377557598173
chr19,28014766,active,0.397,1.276,8.898691004185205
chr19,28018766,active,0.3945,1.292,8.921918351684688
chr19,28022766,active,0.3945,1.232,8.752717753726579
chr19,28026766,active,0.3935,1.268,8.835028084254201
chr19,28030766,active,0.3935,1.272,8.853349079215516
chr19,28034766,active,0.3965,1.228,8.785230956400072
chr19,28038766,active,0.3965,1.272,8.886993473508683
chr19,28042766,active,0.393,1.224,8.814876993200512
chr19,28046766,active,0.3925,1.244,8.80106145312052
chr19,28050766,active,0.396,1.276,8.863265238306003
chr19,28054766,active,0.396,1.24,8.766064053668424
chr19,28058766,active,0.3975,1.288,8.852746745740085
chr19,28062766,active,0.4,1.28,8.844936435876043
chr19,28066766,active,0.394,1.26,8.78779217320288
chr19,28070766,active,0.396,1.26,8.826969871060136
chr19,28074766,active,0.398,1.256,8.827135883221292
chr19,28078766,active,0.395,1.236,8.74124553485022
chr19,28082766,active,0.394,1.2,8.714673608082556
chr19,28086766,active,0.393,1.196,8.739790595479809
chr19,28090766,active,0.395,1.312,8.943029162302913
chr19,28094766,active,0.3945,1.22,8.786796330787102
chr19,28098766,active,0.3935,1.22,8.749190730742658
chr19,28102766,active,0.396,1.224,8.777878104319461
chr19,28106766,active,0.3985,1.192,8.736193821042136
chr19,28110766,active,0.396,1.24,8.807937593854431
chr19,28114766,active,0.3935,1.224,8.741528467710182
chr19,28118766,active,0.3965,1.24,8.820341127112561
chr19,28122766,active,0.404,1.276,8.8625713969587
chr19,28126766,active,0.3965,1.256,8.8237576096508
chr19,28130766,active,0.3965,1.316,8.934196653870421
chr19,28134766,active,0.3945,1.248,8.775902892007437
chr19,28138766,active,0.392,1.228,8.782170109249202
chr19,28142766,active,0.3935,1.308,8.912533164554837
chr19,28146766,active,0.3975,1.272,8.862181378201349
chr19,28150766,active,0.397,1.264,8.852789264228367
chr19,28154766,active,0.397,1.292,8.913135816223322
chr19,28158766,active,0.395,1.196,8.792038938800333
chr19,28162766,active,0.3995,1.28,8.902127036528857
chr19,28166766,active,0.391,1.212,8.713105878501036
chr19,28170766,active,0.3945,1.288,8.900873977807693
chr19,28174766,active,0.4005,1.236,8.822319144881652
chr19,28178766,active,0.401,1.308,8.900469603127044
chr19,28182766,active,0.397,1.268,8.860000037784824
chr19,28186766,active,0.3955,1.28,8.866313651119993
chr19,28190766,active,0.396,1.308,8.898539274339528
chr19,28194766,active,0.3985,1.304,8.9227347565761
chr19,28198766,active,0.39,1.54,9.27843474662504
chr19,28202766,active,0.394,1.316,8.907730221254624
chr19,28206766,active,0.3965,1.236,8.829636659680244
chr19,28210766,active,0.396,1.248,8.852183549422445
chr19,28214766,active,0.401,1.268,8.866855735487853
chr19,28218766,active,0.3955,1.244,8.809972333039285
chr19,28222766,active,0.399,1.328,8.921177640799359
chr19,28226766,active,0.401,1.352,9.01781553233353
chr19,28230766,active,0.399,1.364,9.050869011087729
chr19,28234766,active,0.401,1.276,8.878075332889557
chr19,28238766,active,0.3955,1.296,8.896547520278938
chr19,28242766,active,0.3975,1.228,8.806646492671192
chr19,28246766,active,0.3945,1.34,8.96667637108697
chr19,28250766,active,0.3915,1.32,8.942451436888499
chr19,28254766,active,0.396,1.332,8.994099041833735
chr19,28258766,active,0.3905,1.348,8.949624133051488
chr19,28262766,active,0.3935,1.344,9.013635672369142
chr19,28266766,active,0.393,1.288,8.904856066722308
chr19,28270766,active,0.395,1.336,8.97578481154729
chr19,28274766,active,0.3935,1.308,8.99840805338331
chr19,28278766,active,0.3915,1.348,8.993907113339414
chr19,28282766,active,0.395,1.296,8.910329363796743
chr19,28286766,active,0.3935,1.376,9.056998742660397
chr19,28290766,active,0.3955,1.376,9.043373682335806
chr19,28294766,active,0.393,1.252,8.849269952667552
chr19,28298766,active,0.392,1.368,9.088191111042123
chr19,28302766,active,0.3935,1.348,8.997426946510698
chr19,28306766,active,0.3925,1.328,8.945154040574804
chr19,28310766,active,0.399,1.284,8.897524794992185
chr19,28314766,active,0.3965,1.216,8.752180928205348
chr19,28318766,active,0.3995,1.28,8.949908635113399
chr19,28322766,active,0.402,1.248,8.863292651294856
chr19,28326766,active,0.4,1.228,8.801111980831962
chr19,28330766,active,0.3965,1.292,8.905758985483159
chr19,28334766,active,0.395,1.24,8.805043256797974
chr19,28338766,active,0.4005,1.32,8.97725002705414
chr19,28342766,active,0.3985,1.272,8.860371870862604
chr19,28346766,active,0.39,1.248,8.76366232541273
chr19,28350766,active,0.3975,1.284,8.924642536635552
chr19,28354766,active,0.3955,1.292,8.882840741645966
chr19,28358766,active,0.3955,1.304,8.916891313824925
chr19,28362766,active,0.3945,1.28,8.802571232084764
chr19,28366766,active,0.3965,1.276,8.890185687179288
chr19,28370766,active,0.3975,1.26,8.862955726015485
chr19,28374766,active,0.3915,1.76,9.6866723199311
chr19,28378766,active,0.3975,1.272,8.847552903832382
chr19,28382766,active,0.3995,1.316,8.931258459991843
chr19,28386766,active,0.3935,1.224,8.776734063490109
chr19,28390766,active,0.3955,1.272,8.869384174428982
chr19,28394766,active,0.3955,1.264,8.850860659114998
chr19,28398766,active,0.3945,1.28,8.916477522854356
chr19,28402766,active,0.4035,1.252,8.857538993164468
chr19,28406766,active,0.4005,1.292,8.917550863996981
chr19,28410766,active,0.3905,1.704,9.618234109197024
chr19,28414766,active,0.3935,1.356,9.007946271183979
chr19,28418766,active,0.3965,1.32,8.993804122787019
chr19,28422766,active,0.396,1.3,8.880903347879398
chr19,28426766,active,0.398,1.28,8.914865154269725
chr19,28430766,active,0.3965,1.28,8.916816918282032
chr19,28434766,active,0.394,1.264,8.821013116597543
chr19,28438766,active,0.3965,1.264,8.809082716889773
chr19,28442766,active,0.397,1.32,8.925453975081336
chr19,28446766,active,0.396,1.244,8.769389205887073
chr19,28450766,active,0.398,1.324,8.995741860611709
chr19,28454766,active,0.4,1.316,8.952014800557077
chr19,28458766,active,0.397,1.288,8.858210928910527
chr19,28462766,active,0.3965,1.232,8.834158857819752
chr19,28466766,active,0.3885,1.412,9.160469157191502
chr19,28470766,active,0.3975,1.292,8.864637845630753
chr19,28474766,active,0.3905,1.332,8.954078768705788
chr19,28478766,active,0.3945,1.368,8.962453101705924
chr19,28482766,active,0.3925,1.312,8.960721379815933
chr19,28486766,active,0.3895,1.408,9.097015084867465
chr19,28490766,active,0.395,1.36,9.04529128929349
chr19,28494766,active,0.3975,1.376,9.050474890068704
chr19,28498766,active,0.3905,1.356,8.966191829834154
chr19,28502766,active,0.3955,1.38,9.04079954900209
chr19,28506766,active,0.4005,1.3,8.916535015547856
chr19,28510766,active,0.3925,1.256,8.842085190888438
chr19,28514766,active,0.394,1.292,8.924645048033028
chr19,28518766,active,0.395,1.292,8.918180801206635
chr19,28522766,active,0.3965,1.272,8.85772278364625
chr19,28526766,active,0.3915,1.332,8.992801366440924
chr19,28530766,active,0.3945,1.3,8.901401660209519
chr19,28534766,active,0.3955,1.356,9.010356665091894
chr19,28538766,active,0.3905,1.36,9.03137419053134
chr19,28542766,active,0.3985,1.264,8.87211427299691
chr19,28546766,active,0.3975,1.344,8.997311323709111
chr19,28550766,active,0.3935,1.312,8.925778322595011
chr19,28554766,active,0.391,1.336,8.960168218675452
chr19,28558766,active,0.3965,1.348,9.00628403004831
chr19,28562766,active,0.389,1.404,9.13905546329281
chr19,28566766,active,0.392,1.24,8.750010385353368
chr19,28570766,active,0.3955,1.34,8.977638557905214
chr19,28574766,active,0.392,1.408,9.095482545541518
chr19,28578766,active,0.3915,1.356,9.020709112540812
chr19,28582766,active,0.393,1.344,8.999763651515295
chr19,28586766,active,0.396,1.36,9.033818939122941
chr19,28590766,active,0.3895,1.34,9.021540235509638
chr19,28594766,active,0.3935,1.384,9.060660281505358
chr19,28598766,active,0.393,1.304,8.88954278686362
chr19,28602766,active,0.387,1.344,9.062246540612744
chr19,28606766,active,0.399,1.272,8.879517514754085
chr19,28610766,active,0.393,1.376,9.072259040572497
chr19,28614766,active,0.395,1.336,8.948184145131377
chr19,28618766,active,0.389,1.324,9.012913938309985
chr19,28622766,active,0.3955,1.36,9.038221262985052
chr19,28626766,active,0.3915,1.416,9.218917059650487
chr19,28630766,active,0.3905,1.356,9.00099882016937
chr19,28634766,active,0.388,1.372,9.093307507538679
chr19,28638766,active,0.392,1.412,9.10957875086108
chr19,28642766,active,0.3915,1.376,9.049629433127256
chr19,28646766,active,0.3905,1.376,9.085910886249234
chr19,28650766,active,0.3885,1.428,9.12989999070306
chr19,28654766,active,0.39,1.376,9.03943212483439
chr19,28658766,active,0.3905,1.448,9.271543923663806
chr19,28662766,active,0.389,1.392,9.079640281110267
chr19,28666766,active,0.3915,1.396,9.056799204715778
chr19,28670766,active,0.39,1.416,9.183176374687278
chr19,28674766,active,0.392,1.348,9.011407248166016
chr19,28678766,active,0.3875,1.404,9.166739468270837
chr19,28682766,active,0.3925,1.396,9.150954548200177
chr19,28686766,active,0.391,1.324,9.02018342324324
chr19,28690766,active,0.394,1.444,9.216353135691858
chr19,28694766,active,0.39,1.332,8.988906645347653
chr19,28698766,active,0.3895,1.436,9.183395502594058
chr19,28702766,active,0.3915,1.384,9.046895956439974
chr19,28706766,active,0.3875,1.288,8.922426646343272
chr19,28710766,active,0.388,1.4,9.066022533143121
chr19,28714766,active,0.3895,1.384,9.102057898174017
chr19,28718766,active,0.3905,1.336,8.956620299860134
chr19,28722766,active,0.389,1.328,8.940158543399308
chr19,28726766,active,0.387,1.392,9.028544174428134
chr19,28730766,active,0.391,1.336,9.007984824136903
chr19,28734766,active,0.3875,1.38,9.071796543479879
chr19,28738766,active,0.3845,1.452,9.175018699478683
chr19,28742766,active,0.3855,1.356,8.980092898680347
chr19,28746766,active,0.389,1.356,9.091886556530097
chr19,28750766,active,0.3915,1.448,9.181337712939655
chr19,28754766,active,0.3875,1.444,9.240807516235844
chr19,28758766,active,0.3865,1.328,8.901968414280503
chr19,28762766,active,0.3925,1.412,9.170340849288944
chr19,28766766,active,0.3885,1.372,9.081314380497172
chr19,28770766,active,0.391,1.388,9.09348872039432
chr19,28774766,active,0.3885,1.36,9.018372387671446
chr19,28778766,active,0.387,1.42,9.138855387190322
chr19,28782766,active,0.389,1.46,9.252683260215475
chr19,28786766,active,0.385,1.304,8.861416901420448
chr19,28790766,active,0.386,1.456,9.26908362093172
chr19,28794766,active,0.3885,1.4,9.123493595589192
chr19,28798766,active,0.393,1.372,9.129129075982695
chr19,28802766,active,0.3925,1.308,8.933132633996594
chr19,28806766,active,0.392,1.316,9.003836996231621
chr19,28810766,active,0.3925,1.432,9.235349080599725
chr19,28814766,active,0.394,1.432,9.21344228130438
chr19,28818766,active,0.3905,1.452,9.202255824984311
chr19,28822766,active,0.386,1.44,9.231788127541618
chr19,28826766,active,0.3905,1.376,9.134033700293871
chr19,28830766,active,0.3915,1.416,9.116949671898611
chr19,28834766,active,0.39,1.428,9.175203319355921
chr19,28838766,active,0.3915,1.404,9.077638940298252
chr19,28842766,active,0.3925,1.428,9.13930761315552
chr19,28846766,active,0.389,1.484,9.320823105680764
chr19,28850766,active,0.392,1.44,9.159288151768685
chr19,28854766,active,0.3915,1.424,9.156490833712105
chr19,28858766,active,0.393,1.308,8.862143481779384
chr19,28862766,active,0.395,1.468,9.259317577462353
chr19,28866766,active,0.393,1.312,8.827848877707291
chr19,28870766,active,0.3905,1.38,9.11077733013383
chr19,28874766,active,0.393,1.396,9.073596067895684
chr19,28878766,active,0.387,1.436,9.268263903832706
chr19,28882766,active,0.3865,1.392,9.094033836745703
chr19,28886766,active,0.389,1.352,8.994330050746653
chr19,28890766,active,0.3875,1.256,8.798110413772646
chr19,28894766,active,0.3915,1.356,8.986490118141976
chr19,28898766,active,0.389,1.324,8.950354552948731
chr19,28902766,active,0.392,1.324,8.940591294470373
chr19,28906766,active,0.386,1.332,8.99583303314178
chr19,28910766,active,0.3915,1.444,9.146180741986084
chr19,28914766,active,0.393,1.436,9.23298126106885
chr19,28918766,active,0.388,1.296,8.875279152469608
chr19,28922766,active,0.391,1.376,9.008872317969702
chr19,28926766,active,0.391,1.376,9.056676205092542
chr19,28930766,active,0.3905,1.408,9.16818761043368
chr19,28934766,active,0.3885,1.468,9.206610673792209
chr19,28938766,active,0.393,1.324,8.913074531590985
chr19,28942766,active,0.3915,1.3,8.852646762115086
chr19,28946766,active,0.388,1.372,9.072650407051482
chr19,28950766,active,0.3945,1.34,9.023906627998878
chr19,28954766,active,0.3935,1.316,8.957780260902679
chr19,28958766,active,0.386,1.444,9.178980247206365
chr19,28962766,active,0.3895,1.348,9.03281479610318
chr19,28966766,active,0.3935,1.308,8.879287730066702
chr19,28970766,active,0.3885,1.392,9.15842469167602
chr19,28974766,active,0.392,1.404,9.102836835842918
chr19,28978766,active,0.388,1.44,9.23510330558681
chr19,28982766,active,0.3895,1.424,9.182652296613915
chr19,28986766,active,0.3885,1.408,9.156582311348378
chr19,28990766,active,0.3905,1.448,9.176586250661643
chr19,28994766,active,0.391,1.42,9.16500629432464
chr19,28998766,active,0.392,1.42,9.182601746427654
chr19,29002766,active,0.393,1.364,8.970350773040831
chr19,29006766,active,0.392,1.424,9.224337630059962
chr19,29010766,active,0.393,1.36,8.965855440487685
chr19,29014766,active,0.3905,1.384,8.978148564805425
chr19,29018766,active,0.3895,1.368,8.957746605906749
chr19,29022766,active,0.3925,1.404,9.093510958938408
chr19,29026766,active,0.385,1.476,9.256288167689776
chr19,29030766,active,0.3825,1.38,9.02129506371584
chr19,29034766,active,0.39,1.476,9.218907901147055
chr19,29038766,active,0.385,1.496,9.289219689757523
chr19,29042766,active,0.3865,1.452,9.21985228914605
chr19,29046766,active,0.3905,1.468,9.222638103417548
chr19,29050766,active,0.397,1.244,8.784359460124469
chr19,29054766,active,0.388,1.44,9.185248991165492
chr19,29058766,active,0.3865,1.44,9.214183717669497
chr19,29062766,active,0.39,1.38,9.00778225710302
chr19,29066766,active,0.381,1.508,9.326487704670189
chr19,29070766,active,0.385,1.456,9.208864716951593
chr19,29074766,active,0.39,1.38,9.077843382237333
chr19,29078766,active,0.3835,1.46,9.205118259934506
chr19,29082766,active,0.3825,1.488,9.263178109780657
chr19,29086766,active,0.389,1.488,9.246614560566417
chr19,29090766,active,0.387,1.424,9.19705279069903
chr19,29094766,active,0.3895,1.368,9.05596818820056
chr19,29098766,active,0.3905,1.412,9.144403792797577
chr19,29102766,active,0.3825,1.352,8.995390836142224
chr19,29106766,active,0.384,1.484,9.282212463044964
chr19,29110766,active,0.3925,1.42,9.203186847282357
chr19,29114766,active,0.3895,1.304,8.918168479039556
chr19,29118766,active,0.383,1.404,9.143164219528924
chr19,29122766,active,0.39,1.484,9.256562907529618
chr19,29126766,active,0.3875,1.42,9.215124526814792
chr19,29130766,active,0.386,1.432,9.187582483215156
chr19,29134766,active,0.39,1.38,9.044606755489651
chr19,29138766,active,0.392,1.324,8.946507563883703
chr19,29142766,active,0.3895,1.44,9.194744425177507
chr19,29146766,active,0.3885,1.436,9.210769293406887
chr19,29150766,active,0.389,1.504,9.307159877743588
chr19,29154766,active,0.39,1.44,9.207171440926707
chr19,29158766,active,0.391,1.324,8.93420518575733
chr19,29162766,active,0.3895,1.488,9.301061599530266
chr19,29166766,active,0.3925,1.448,9.220475358683485
chr19,29170766,active,0.3895,1.336,8.996777161057171
chr19,29174766,active,0.389,1.412,9.137545730794365
chr19,29178766,active,0.388,1.412,9.163282885702408
chr19,29182766,active,0.385,1.388,9.092209017282947
chr19,29186766,active,0.385,1.424,9.193706736509617
chr19,29190766,active,0.3875,1.316,8.988784829903295
chr19,29194766,active,0.395,1.368,9.044802659927434
chr19,29198766,active,0.39,1.332,8.898343810216492
chr19,29202766,active,0.3915,1.292,8.857281711793542
chr19,29206766,active,0.389,1.336,8.931364708382786
chr19,29210766,active,0.3905,1.292,8.844583726721769
chr19,29214766,active,0.3885,1.288,8.87023021804211
chr19,29218766,active,0.3905,1.4,9.117268022840811
chr19,29222766,active,0.3915,1.728,9.629012151490416
chr19,29226766,active,0.3865,1.72,9.618696262231452
chr19,29230766,active,0.3875,1.796,9.784948618960952
chr19,29234766,active,0.388,1.588,9.3690154801168
chr19,29238766,active,0.3865,1.816,9.863759015723145
chr19,29242766,active,0.387,1.736,9.676986012992534
chr19,29246766,active,0.39,1.728,9.680800810550311
chr19,29250766,active,0.3885,1.732,9.639862473677562
chr19,29254766,active,0.3905,1.756,9.716471820659473
chr19,29258766,active,0.3915,1.82,9.788855835716014
chr19,29262766,active,0.3925,1.524,9.340518387256875
chr19,29266766,active,0.388,1.428,9.222051007971325
chr19,29270766,active,0.3855,1.532,9.429716514092565
chr19,29274766,active,0.386,1.536,9.422913605822847
chr19,29278766,active,0.3925,1.464,9.277735265575732
chr19,29282766,active,0.394,1.468,9.25706637772897
chr19,29286766,active,0.391,1.476,9.24973308822795
chr19,29290766,active,0.394,1.468,9.237087442822155
chr19,29294766,active,0.395,1.468,9.251607742594096
chr19,29298766,active,0.3945,1.476,9.253332258262953
chr19,29302766,active,0.396,1.472,9.27545287376078
chr19,29306766,active,0.391,1.472,9.24301796773445
chr19,29310766,active,0.3955,1.472,9.250704215320962
chr19,29314766,active,0.394,1.456,9.242907132805996
chr19,29318766,active,0.3925,1.464,9.244434915559989
chr19,29322766,active,0.3945,1.468,9.229335833012549
chr19,29326766,active,0.391,1.484,9.306293828592286
chr19,29330766,active,0.3915,1.456,9.233077231880142
chr19,29334766,active,0.394,1.46,9.24493126912312
chr19,29338766,active,0.39,1.444,9.169215681691432
chr19,29342766,active,0.3905,1.444,9.238824093226064
chr19,29346766,active,0.39,1.456,9.206947239206404
chr19,29350766,active,0.389,1.384,9.11280332526494
chr19,29354766,active,0.3875,1.436,9.154765896539928
chr19,29358766,active,0.3885,1.432,9.163824761859242
chr19,29362766,active,0.3945,1.412,9.176581708406436
chr19,29366766,active,0.3855,1.456,9.229451755479843
chr19,29370766,active,0.387,1.448,9.237572335223842
chr19,29374766,active,0.3905,1.436,9.17147793614562
chr19,29378766,active,0.3925,1.308,8.905108856999924
chr19,29382766,active,0.391,1.34,8.959022917490692
chr19,29386766,active,0.393,1.384,9.054620622473736
chr19,29390766,active,0.3895,1.34,8.937567151870754
chr19,29394766,active,0.391,1.42,9.06735458901166
chr19,29398766,active,0.3935,1.42,9.067553039038273
chr19,29402766,active,0.391,1.412,9.106515203332217
chr19,29406766,active,0.391,1.344,8.928303331933574
chr19,29410766,active,0.395,1.428,9.159554186226925
chr19,29414766,active,0.3945,1.356,9.009266961623618
chr19,29418766,active,0.3955,1.428,9.124367361879981
chr19,29422766,active,0.3935,1.396,9.013262350961952
chr19,29426766,active,0.3945,1.36,8.962876615515839
chr19,29430766,active,0.393,1.416,9.078223234946352
chr19,29434766,active,0.393,1.368,8.99643193080328
chr19,29438766,active,0.391,1.432,9.11335833988916
chr19,29442766,active,0.3925,1.508,9.344389688347418
chr19,29446766,active,0.3895,1.5,9.298822183806116
chr19,29450766,active,0.389,1.328,8.949621865930567
chr19,29454766,active,0.3825,1.436,9.177421024179923
chr19,29458766,active,0.386,1.452,9.168253512054536
chr19,29462766,active,0.3885,1.46,9.24816615335528
chr19,29466766,active,0.386,1.488,9.24310711826204
chr19,29470766,active,0.389,1.452,9.160186738461253
chr19,29474766,active,0.3925,1.364,9.092313322885355
chr19,29478766,active,0.3835,1.404,9.11422528247698
chr19,29482766,active,0.3925,1.496,9.393854549582864
chr19,29486766,active,0.389,1.492,9.257536316704455
chr19,29490766,active,0.3865,1.384,9.152043614791111
chr19,29494766,active,0.386,1.396,9.103545725811514
chr19,29498766,active,0.3875,1.408,9.101249414896674
chr19,29502766,active,0.389,1.336,9.030434428237218
chr19,29506766,active,0.39,1.388,9.122657063148074
chr19,29510766,active,0.3895,1.328,8.929551511822456
chr19,29514766,active,0.3875,1.416,9.102722545980166
chr19,29518766,active,0.388,1.392,9.1062646687473
chr19,29522766,active,0.387,1.464,9.311644611803866
chr19,29526766,active,0.3925,1.4,9.091796023069179
chr19,29530766,active,0.3885,1.48,9.279059212191008
chr19,29534766,active,0.3955,1.396,9.038038770929438
chr19,29538766,active,0.3915,1.4,9.137293188533665
chr19,29542766,active,0.3895,1.508,9.389593645204862
chr19,29546766,active,0.3855,1.508,9.34049451776684
chr19,29550766,active,0.389,1.408,9.11268182843674
chr19,29554766,active,0.3905,1.496,9.286672895593684
chr19,29558766,active,0.3865,1.48,9.25440061517701
chr19,29562766,active,0.3895,1.352,9.007621723858591
chr19,29566766,active,0.394,1.332,8.969621707499934
chr19,29570766,active,0.3905,1.388,9.05564547537749
chr19,29574766,active,0.3915,1.4,9.060102214748852
chr19,29578766,active,0.3905,1.412,9.11682472782816
chr19,29582766,active,0.3885,1.432,9.177624335996281
chr19,29586766,active,0.3925,1.436,9.121327014955355
chr19,29590766,active,0.3905,1.4,9.023949048148861
chr19,29594766,active,0.393,1.372,8.969544084536459
chr19,29598766,active,0.3915,1.388,9.01425565410651
chr19,29602766,active,0.392,1.436,9.132183327997666
chr19,29606766,active,0.3925,1.448,9.188412201727305
chr19,29610766,active,0.389,1.368,9.02174466975256
chr19,29614766,active,0.3935,1.38,9.092076125103093
chr19,29618766,active,0.394,1.412,9.17028517486754
chr19,29622766,active,0.3865,1.468,9.230072433485827
chr19,29626766,active,0.389,1.796,9.80298938433881
chr19,29630766,active,0.3935,1.804,9.81517377868071
chr19,29634766,active,0.393,1.812,9.811811703117673
chr19,29638766,active,0.3925,1.64,9.535644537328146
chr19,29642766,active,0.3925,1.756,9.689741199381274
chr19,29646766,active,0.395,1.684,9.578471073157818
chr19,29650766,active,0.3935,1.688,9.62519999464842
chr19,29654766,active,0.3915,1.752,9.68999236234324
chr19,29658766,active,0.391,1.72,9.7040435415217
chr19,29662766,active,0.395,1.744,9.727133745784439
chr19,29666766,active,0.396,1.816,9.821037029451185
chr19,29670766,active,0.391,1.82,9.822501012439277
chr19,29674766,active,0.392,1.696,9.586482194873254
chr19,29678766,active,0.3945,1.836,9.883024603649323
chr19,29682766,active,0.3955,1.768,9.698832634279121
chr19,29686766,active,0.395,1.736,9.625334375474802
chr19,29690766,active,0.3935,1.824,9.80521525557815
chr19,29694766,active,0.392,1.784,9.716717810412204
chr19,29698766,active,0.389,1.692,9.570150512755465
chr19,29702766,active,0.3895,1.668,9.557638586843174
chr19,29706766,active,0.393,1.684,9.563351918348022
chr19,29710766,active,0.39,1.708,9.615646496935272
chr19,29714766,active,0.395,1.692,9.610373964429686
chr19,29718766,active,0.395,1.812,9.780573837723278
chr19,29722766,active,0.39,1.444,9.201672633959687
chr19,29726766,active,0.3935,1.4,9.126724204529445
chr19,29730766,active,0.395,1.456,9.22258330069403
chr19,29734766,active,0.3905,1.6,9.414888880167423
chr19,29738766,active,0.3905,1.404,9.14799883918649
chr19,29742766,active,0.387,1.48,9.26167580678549
chr19,29746766,active,0.38,1.792,9.852283923502322
chr19,29750766,active,0.391,1.848,9.959993299800976
chr19,29754766,active,0.39,1.808,9.935401085895236
chr19,29758766,active,0.3915,1.78,9.872156383702961
chr19,29762766,active,0.375,1.916,10.152292357319004
chr19,29766766,active,0.386,1.944,10.140157649860585
chr20,26383658,inactive,0.397,1.948,10.18984853391464
chr20,26387658,inactive,0.3965,1.888,10.10761014522302
chr20,26391658,inactive,0.3955,1.9,10.054277592197508
chr20,26395658,inactive,0.396,1.872,10.02406439446231
chr20,26399658,inactive,0.3905,1.944,10.164638465454045
chr20,26403658,inactive,0.3985,1.896,10.122937880147543
chr20,26407658,inactive,0.402,1.812,9.91700668529196
chr20,26411658,inactive,0.3985,1.824,9.907421876628957
chr20,26415658,inactive,0.4025,1.896,10.08496708143037
chr20,26419658,inactive,0.4025,1.852,9.955140960465442
chr20,26423658,inactive,0.4055,1.808,9.87817359848415
chr20,26427658,inactive,0.407,1.876,10.037262717329927
chr20,26431658,inactive,0.4085,1.912,10.091075387763206
chr20,26435658,inactive,0.407,1.92,10.045225034267714
chr20,26439658,inactive,0.4045,1.828,9.957424695167079
chr20,26443658,inactive,0.407,1.868,10.027497912518626
chr20,26447658,inactive,0.406,1.892,10.036724142058311
chr20,26451658,inactive,0.4015,1.92,10.039054865241294
chr20,26455658,inactive,0.4055,1.86,10.035685357459057
chr20,26459658,inactive,0.406,1.84,9.948010700259497
chr20,26463658,inactive,0.406,1.908,10.08637760263883
chr20,26467658,inactive,0.407,1.88,10.000298903886794
chr20,26471658,inactive,0.402,1.932,10.099779223597372
chr20,26475658,inactive,0.4085,1.864,9.961849814534329
chr20,26479658,inactive,0.4015,1.928,10.10044803735197
chr20,26483658,inactive,0.4055,1.86,9.95128265254261
chr20,26487658,inactive,0.402,1.888,10.003196366992324
chr20,26491658,inactive,0.4025,1.824,9.953461362935585
chr20,26495658,inactive,0.4045,1.808,9.902623169741759
chr20,26499658,inactive,0.403,1.776,9.807041112964615
chr20,26503658,inactive,0.4045,1.864,9.963516902888168
chr20,26507658,inactive,0.4045,1.86,9.935262131021165
chr20,26511658,inactive,0.4115,1.86,9.98923274606761
chr20,26515658,inactive,0.4095,1.888,10.035741800162105
chr20,26519658,inactive,0.409,1.928,10.058961383666963
chr20,26523658,inactive,0.4075,1.896,10.06121449429456
chr20,26527658,inactive,0.41,1.92,10.087354655838713
chr20,26531658,inactive,0.4065,1.888,9.996677077438873
chr20,26535658,inactive,0.4055,1.904,9.99947807734215
chr20,26539658,inactive,0.405,1.936,10.020666423277676
chr20,26543658,inactive,0.4005,1.896,10.044874684433376
chr20,26547658,inactive,0.402,1.876,10.008928610998135
chr20,26551658,inactive,0.405,1.832,9.95967673096358
chr20,26555658,inactive,0.4075,1.836,9.939854980507555
chr20,26559658,inactive,0.406,1.828,9.896899319275008
chr20,26563658,inactive,0.405,1.888,10.075293999864977
chr20,26567658,inactive,0.404,1.884,10.092779213306917
chr20,26571658,inactive,0.408,1.912,10.097674094735794
chr20,26575658,inactive,0.404,1.864,9.960678339827007
chr20,26579658,inactive,0.403,1.876,9.966495433800405
chr20,26583658,inactive,0.407,1.836,9.984477195079238
chr20,26587658,inactive,0.4065,1.8,9.913676624111147
chr20,26591658,inactive,0.4055,1.844,9.969013772782915
chr20,26595658,inactive,0.4075,1.828,9.930642118644645
chr20,26599658,inactive,0.4065,1.788,9.886412883714907
chr20,26603658,inactive,0.4045,1.808,9.962575346138339
chr20,26607658,inactive,0.4065,1.856,10.039933838932651
chr20,26611658,inactive,0.4055,1.82,9.97300667118989
chr20,26615658,inactive,0.405,1.848,9.974023658300107
chr20,26619658,inactive,0.4075,1.876,10.008495608775148
chr20,26623658,inactive,0.4075,1.856,9.964009945792222
chr20,26627658,inactive,0.404,1.876,10.087507300323036
chr20,26631658,inactive,0.405,1.832,9.941475544617042
chr20,26635658,inactive,0.408,1.84,9.878816477699521
chr20,26639658,inactive,0.4035,1.876,10.0125192646321
chr20,26643658,inactive,0.406,1.82,9.887220612012822
chr20,26647658,inactive,0.4045,1.828,9.874544744281737
chr20,26651658,inactive,0.4,1.864,9.950437437791665
chr20,26655658,inactive,0.402,1.8,9.896586811485273
chr20,26659658,inactive,0.41,1.788,9.881576060762109
chr20,26663658,inactive,0.4095,1.872,10.02877022603455
chr20,26667658,inactive,0.403,1.888,9.954047986879976
chr20,26671658,inactive,0.4015,1.832,9.938820001251127
chr20,26675658,inactive,0.4055,1.844,9.932325216939587
chr20,26679658,inactive,0.3975,1.848,10.003774120069455
chr20,26683658,inactive,0.397,1.856,10.015600184853465
chr20,26687658,inactive,0.4045,1.848,9.938004823585297
chr20,26691658,inactive,0.4035,1.888,10.044416258378321
chr20,26695658,inactive,0.409,1.884,10.020585509947212
chr20,26699658,inactive,0.409,1.92,10.033421881178272
chr20,26703658,inactive,0.407,1.848,9.888794305209851
chr20,26707658,inactive,0.4015,1.852,9.945656944563927
chr20,26711658,inactive,0.401,1.876,9.97717949913106
chr20,26715658,inactive,0.4,1.86,9.974383710686016
chr20,26719658,inactive,0.3995,1.844,9.953288710018878
chr20,26723658,inactive,0.404,1.828,9.92369763588534
chr20,26727658,inactive,0.405,1.816,9.866609817996979
chr20,26731658,inactive,0.4,1.836,9.89540712858923
chr20,26735658,inactive,0.4,1.748,9.787847305657605
chr20,26739658,inactive,0.4065,1.82,9.87659585524885
chr20,26743658,inactive,0.4045,1.828,9.89307944038576
chr20,26747658,inactive,0.4025,1.856,10.003896186103654
chr20,26751658,inactive,0.404,1.816,9.916323163233837
chr20,26755658,inactive,0.4075,1.832,9.926568196180028
chr20,26759658,inactive,0.404,1.808,9.881153292898087
chr20,26763658,inactive,0.4065,1.828,9.904655537323725
chr20,26767658,inactive,0.408,1.816,9.821024742321717
chr20,26771658,inactive,0.408,1.864,9.931170742501633
chr20,26775658,inactive,0.41,1.796,9.823217889506346
chr20,26779658,inactive,0.4075,1.86,9.997053388628954
chr20,26783658,inactive,0.408,1.828,9.916877991593369
chr20,26787658,inactive,0.41,1.892,9.956306973192843
chr20,26791658,inactive,0.408,1.816,9.888564987966681
chr20,26795658,inactive,0.4085,1.84,9.973828231824779
chr20,26799658,inactive,0.4065,1.828,9.850416170398391
chr20,26803658,inactive,0.407,1.808,9.871026916074355
chr20,26807658,inactive,0.408,1.84,9.841670868960609
chr20,26811658,inactive,0.4055,1.852,9.92097806968748
chr20,26815658,inactive,0.402,1.84,9.904708921865275
chr20,26819658,inactive,0.4035,1.812,9.883041151114092
chr20,26823658,inactive,0.4065,1.816,9.872671605801786
chr20,26827658,inactive,0.405,1.84,9.936386513192529
chr20,26831658,inactive,0.405,1.804,9.771330440456982
chr20,26835658,inactive,0.409,1.784,9.857582229546246
chr20,26839658,inactive,0.407,1.812,9.883590330594862
chr20,26843658,inactive,0.4095,1.796,9.801001680739567
chr20,26847658,inactive,0.4075,1.784,9.873329199036922
chr20,26851658,inactive,0.408,1.828,9.821006105390133
chr20,26855658,inactive,0.41,1.808,9.858299069917067
chr20,26859658,inactive,0.408,1.888,9.946974998979588
chr20,26863658,inactive,0.4075,1.816,9.850284907505895
chr20,26867658,inactive,0.4045,1.844,9.961519195904243
chr20,26871658,inactive,0.406,1.828,9.898335828655712
chr20,26875658,inactive,0.404,1.876,9.954622969182656
chr20,26879658,inactive,0.408,1.9,10.02783916943919
chr20,26883658,inactive,0.3985,1.908,10.10263360804218
chr20,26887658,inactive,0.4095,1.864,9.939266435297922
chr20,26891658,inactive,0.4155,1.904,9.995049485574837
chr20,26895658,inactive,0.406,1.94,10.042811338311177
chr20,26899658,inactive,0.412,1.844,9.900163775508965
chr20,26903658,inactive,0.414,1.812,9.820346414573038
chr20,26907658,inactive,0.406,1.908,10.025116213795577
chr20,26911658,inactive,0.4075,1.904,10.027409639616252
chr20,26915658,inactive,0.4055,1.884,9.991557537427461
chr20,26919658,inactive,0.407,1.86,9.963297615956352
chr20,26923658,inactive,0.4035,2.0,10.227970786797867
chr20,26927658,active,0.3875,1.912,10.12700818635997
chr20,26931658,active,0.3925,1.82,9.938043762411755
chr20,26935658,active,0.3915,1.876,10.038806427498027
chr20,26939658,active,0.3885,1.832,9.938221982911491
chr20,26943658,active,0.3935,1.76,9.845915571907842
chr20,26947658,active,0.3875,1.832,9.950002424998686
chr20,26951658,active,0.3945,1.788,9.873344273239214
chr20,26955658,active,0.388,1.88,10.034145928303447
chr20,26959658,active,0.3945,1.888,10.012987376306171
chr20,26963658,active,0.3915,1.772,9.86706073304626
chr20,26967658,active,0.395,1.832,9.973597518773364
chr20,26971658,active,0.3925,1.808,9.893119649975732
chr20,26975658,active,0.394,1.828,9.983661105173704
chr20,26979658,active,0.392,1.812,9.859628496612492
chr20,26983658,active,0.393,1.832,9.990519390771988
chr20,26987658,active,0.3945,1.856,9.934118632407353
chr20,26991658,active,0.39,1.892,10.132633179156805
chr20,26995658,active,0.3905,1.872,10.121367299701317
chr20,26999658,active,0.3895,1.784,9.860084634869432
chr20,27003658,active,0.392,1.832,9.956575099093708
chr20,27007658,active,0.3925,1.876,10.031743708079896
chr20,27011658,active,0.39,1.852,9.937007379121846
chr20,27015658,active,0.392,1.852,10.05196821161723
chr20,27019658,active,0.3915,1.936,10.091053347660624
chr20,27023658,active,0.396,1.912,10.118774610905776
chr20,27027658,active,0.3925,1.932,10.075710709202538
chr20,27031658,active,0.394,1.916,10.04865216769635
chr20,27035658,active,0.3945,1.892,10.079818473561906
chr20,27039658,active,0.396,1.908,10.0779827591476
chr20,27043658,active,0.3915,1.876,10.026918944815906
chr20,27047658,active,0.391,1.872,10.032861620270243
chr20,27051658,active,0.393,1.884,10.05617366276992
chr20,27055658,active,0.39,1.856,10.000646528502497
chr20,27059658,active,0.3925,1.904,10.071063024777093
chr20,27063658,active,0.3895,1.78,9.831597972723932
chr20,27067658,active,0.389,1.824,9.936719999344945
chr20,27071658,active,0.391,1.888,10.068490808650948
chr20,27075658,active,0.395,1.868,10.046741326966291
chr20,27079658,active,0.3915,1.868,10.046682819637143
chr20,27083658,active,0.3965,1.92,10.138616895885402
chr20,27087658,active,0.394,1.872,9.982841722676204
chr20,27091658,active,0.394,1.884,10.091232257545267
chr20,27095658,active,0.3935,1.88,10.045537029057432
chr20,27099658,active,0.389,1.74,9.76004681200225
chr20,27103658,active,0.39,1.852,9.98365926537824
chr20,27107658,active,0.3935,1.888,10.106036153274532
chr20,27111658,active,0.389,1.896,9.996451926254277
chr20,27115658,active,0.394,1.964,10.171809199386871
chr20,27119658,active,0.39,1.896,9.995372134995316
chr20,27123658,active,0.396,1.892,10.05716719628736
chr20,27127658,active,0.391,1.852,9.977349730873746
chr20,27131658,active,0.393,1.84,9.989151856236361
chr20,27135658,active,0.391,1.848,9.992608919340189
chr20,27139658,active,0.393,1.86,10.04573892145617
chr20,27143658,active,0.3885,1.932,10.072091525018909
chr20,27147658,active,0.395,1.896,10.090091505250314
chr20,27151658,active,0.392,1.908,10.02858649740679
chr20,27155658,active,0.391,1.808,9.945499860960638
chr20,27159658,active,0.394,1.888,10.008514631047028
chr20,27163658,active,0.3935,1.832,9.941321908256002
chr20,27167658,active,0.3885,1.908,10.09030246279007
chr20,27171658,active,0.389,1.864,10.039138779470015
chr20,27175658,active,0.3925,1.904,10.102471538234417
chr20,27179658,active,0.389,1.8,9.9090628304536
chr20,27183658,active,0.394,1.864,10.0386007586546
chr20,27187658,active,0.388,1.784,9.88312999385669
chr20,27191658,active,0.391,1.9,10.028445920510203
chr20,27195658,active,0.3905,1.852,9.98131138018493
chr20,27199658,active,0.395,1.92,10.115864122417012
chr20,27203658,active,0.391,1.856,9.990411198107868
chr20,27207658,active,0.393,1.848,9.980692723267127
chr20,27211658,active,0.3925,1.884,10.04653444515589
chr20,27215658,active,0.394,1.828,9.976361601962827
chr20,27219658,active,0.3895,1.892,10.054185520201656
chr20,27223658,active,0.3945,1.952,10.163795315862448
chr20,27227658,active,0.3905,1.976,10.16062826022829
chr20,27231658,active,0.3945,1.9,10.115682841779877
chr20,27235658,active,0.3885,1.904,10.055932695917946
chr20,27239658,active,0.391,1.872,10.038553327036436
chr20,27243658,active,0.395,1.94,10.116037599753183
chr20,27247658,active,0.394,1.916,10.064742299074451
chr20,27251658,active,0.391,1.884,10.027989088704858
chr20,27255658,active,0.3905,1.948,10.123417587907555
chr20,27259658,active,0.392,1.896,10.097324276708877
chr20,27263658,active,0.3925,1.9,10.06469602524174
chr20,27267658,active,0.3945,1.816,9.958256069783063
chr20,27271658,active,0.3925,1.868,10.012581599677967
chr20,27275658,active,0.391,1.832,9.911742308264953
chr20,27279658,active,0.3945,1.864,10.01612886329981
chr20,27283658,active,0.3935,1.804,9.894404861215051
chr20,27287658,active,0.3945,1.836,9.947221162015946
chr20,27291658,active,0.3925,1.884,9.990147520253652
chr20,27295658,active,0.3925,1.848,9.98577043011755
chr20,27299658,active,0.3915,1.872,10.015671284313052
chr20,27303658,active,0.3915,1.848,10.006689881024377
chr20,27307658,active,0.3895,1.888,10.013698076854771
chr20,27311658,active,0.3885,1.832,9.967216634503561
chr20,27315658,active,0.3925,1.892,10.036233496723215
chr20,27319658,active,0.3885,1.816,9.94464409461404
chr20,27323658,active,0.3925,1.888,10.08835932078189
chr20,27327658,active,0.386,1.792,9.893032729132505
chr20,27331658,active,0.393,1.888,10.023624453155477
chr20,27335658,active,0.391,1.776,9.835633120612165
chr20,27339658,active,0.3955,1.824,9.940590287035342
chr20,27343658,active,0.3915,1.836,9.917607604643015
chr20,27347658,active,0.393,1.84,9.96941482237191
chr20,27351658,active,0.394,1.84,9.917869410063153
chr20,27355658,active,0.3945,1.896,10.028802172846362
chr20,27359658,active,0.393,1.844,9.917685952947306
chr20,27363658,active,0.3955,1.84,9.9798732755982
chr20,27367658,active,0.3965,1.876,10.045490123530456
chr20,27371658,active,0.395,1.848,10.002113933469065
chr20,27375658,active,0.3915,1.868,9.99000140520544
chr20,27379658,active,0.3915,1.832,9.952435310684326
chr20,27383658,active,0.392,1.88,10.0460633651163
chr20,27387658,active,0.3905,1.84,9.940883324724558
chr20,27391658,active,0.3895,1.876,10.012182537053905
chr20,27395658,active,0.3915,1.844,9.97036892569635
chr20,27399658,active,0.392,1.888,10.030540189034756
chr20,27403658,active,0.3895,1.836,9.984671118268366
chr20,27407658,active,0.394,1.884,10.025414784770604
chr20,27411658,active,0.389,1.792,9.88877578697261
chr20,27415658,active,0.392,1.836,9.972541571846554
chr20,27419658,active,0.3935,1.892,10.04156278130739
chr20,27423658,active,0.3965,1.844,10.011397728882747
chr20,27427658,active,0.392,1.876,10.002166066794596
chr20,27431658,active,0.391,1.86,10.015767077571999
chr20,27435658,active,0.392,1.876,10.031230860050742
chr20,27439658,active,0.389,1.812,9.935627277829683
chr20,27443658,active,0.3885,1.628,9.616621160998358
chr20,27447658,active,0.3955,1.844,9.966052161161587
chr20,27451658,active,0.3915,1.772,9.77468997364261
chr20,27455658,active,0.391,1.748,9.815205802730684
chr20,27459658,active,0.395,1.84,9.969865568411159
chr20,27463658,active,0.3915,1.86,9.957332484079084
chr20,27467658,active,0.3935,1.84,10.008681440811195
chr20,27471658,active,0.3935,1.872,10.004329785939706
chr20,27475658,active,0.392,1.76,9.797919640981737
chr20,27479658,active,0.3955,1.84,9.997064411134314
chr20,27483658,active,0.3935,1.896,10.005825074161415
chr20,27487658,active,0.394,1.872,10.04621333480358
chr20,27491658,active,0.39,1.872,10.02082888008443
chr20,27495658,active,0.391,1.84,9.963976634748587
chr20,27499658,active,0.394,1.884,10.003255587421629
chr20,27503658,active,0.3875,1.68,9.629644197608366
chr20,27507658,active,0.3935,1.788,9.867281630568081
chr20,27511658,active,0.391,1.864,9.978999153182635
chr20,27515658,active,0.3905,1.852,9.987973274137465
chr20,27519658,active,0.3925,1.84,9.962014281911072
chr20,27523658,active,0.3905,1.84,9.916754869535525
chr20,27527658,active,0.394,1.788,9.793278255445554
chr20,27531658,active,0.392,1.872,10.009275648624898
chr20,27535658,active,0.3925,1.872,10.02081669700955
chr20,27539658,active,0.396,1.88,10.035194380839748
chr20,27543658,active,0.392,1.848,9.958204424299666
chr20,27547658,active,0.396,1.892,10.051015901089816
chr20,27551658,active,0.392,1.844,9.920239152517839
chr20,27555658,active,0.3955,1.86,9.973488690780414
chr20,27559658,active,0.3925,1.82,9.902234353543422
chr20,27563658,active,0.3945,1.848,9.963984506787297
chr20,27567658,active,0.3935,1.852,9.98568761753648
chr20,27571658,active,0.393,1.856,10.026739264144725
chr20,27575658,active,0.391,1.872,10.007230189637884
chr20,27579658,active,0.392,1.848,9.930317845653201
chr20,27583658,active,0.3955,1.852,10.024362159334046
chr20,27587658,active,0.3915,1.836,9.919012359937048
chr20,27591658,active,0.394,1.88,10.047162721670844
chr20,27595658,active,0.392,1.824,9.954136543429048
chr20,27599658,active,0.3965,1.82,9.907297313841264
chr20,27603658,active,0.392,1.904,10.060881233400194
chr20,27607658,active,0.391,1.844,9.932129139328381
chr20,27611658,active,0.395,1.856,9.998666936416559
chr20,27615658,active,0.3905,1.872,9.998884345198052
chr20,27619658,active,0.394,1.816,9.972163269951162
chr20,27623658,active,0.392,1.796,9.900605725837321
chr20,27627658,active,0.3945,1.876,10.014429611803754
chr20,27631658,active,0.389,1.816,9.936672047351859
chr20,27635658,active,0.394,1.672,9.65082950118953
chr20,27639658,active,0.395,1.868,10.013096808753817
chr20,27643658,active,0.392,1.796,9.89207648613573
chr20,27647658,active,0.3965,1.848,9.994933412371674
chr20,27651658,active,0.397,1.756,9.801817070995364
chr20,27655658,active,0.392,1.844,9.94098107241571
chr20,27659658,active,0.396,1.86,10.00428477747144
chr20,27663658,active,0.393,1.84,9.924883475862575
chr20,27667658,active,0.3885,1.852,9.960723427509256
chr20,27671658,active,0.396,1.856,9.98816295290447
chr20,27675658,active,0.3935,1.88,10.026286398297865
chr20,27679658,active,0.3945,1.852,10.014970916461762
chr20,27683658,active,0.3945,1.884,10.027890814922575
chr20,27687658,active,0.3965,1.844,9.952656764638256
chr20,27691658,active,0.3915,1.832,9.908669800390003
chr20,27695658,active,0.3955,1.824,9.960270719662937
chr20,27699658,active,0.393,1.88,9.992120749768482
chr20,27703658,active,0.396,1.828,9.97335301974895
chr20,27707658,active,0.3935,1.88,10.009717106943391
chr20,27711658,active,0.3935,1.86,10.050839748956566
chr20,27715658,active,0.393,1.876,10.022471053548617
chr20,27719658,active,0.3895,1.856,10.013581450743938
chr20,27723658,active,0.3935,1.884,9.998446353563358
chr20,27727658,active,0.392,1.864,10.038360229223178
chr20,27731658,active,0.391,1.908,10.047580892838445
chr20,27735658,active,0.3935,1.848,9.99651567185816
chr20,27739658,active,0.3915,1.924,10.061311721018592
chr20,27743658,active,0.391,1.86,10.008251363796834
chr20,27747658,active,0.395,1.88,10.021597069268918
chr20,27751658,active,0.394,1.896,10.070703687039844
chr20,27755658,active,0.39,1.808,9.889830009591076
chr20,27759658,active,0.394,1.864,10.013447518770626
chr20,27763658,active,0.3905,1.764,9.851076230431513
chr20,27767658,active,0.3955,1.764,9.800744260809623
chr20,27771658,active,0.3955,1.788,9.807013691754673
chr20,27775658,active,0.396,1.872,10.015459520669971
chr20,27779658,active,0.3925,1.836,9.93214277851703
chr20,27783658,active,0.392,1.816,9.952233472874934
chr20,27787658,active,0.3975,1.844,9.996025628193696
chr20,27791658,active,0.39,1.82,9.929503216727257
chr20,27795658,active,0.3945,1.864,10.03103434501897
chr20,27799658,active,0.391,1.796,9.911499381264528
chr20,27803658,active,0.396,1.86,10.001201943850997
chr20,27807658,active,0.3905,1.804,9.901261481675968
chr20,27811658,active,0.3945,1.84,9.970228907423712
chr20,27815658,active,0.3905,1.804,9.888871751856577
chr20,27819658,active,0.3935,1.824,9.931364141575441
chr20,27823658,active,0.395,1.804,9.938375615532182
chr20,27827658,active,0.394,1.848,9.94487977848598
chr20,27831658,active,0.3935,1.88,10.043323569395834
chr20,27835658,active,0.3925,1.896,10.02352874285089
chr20,27839658,active,0.392,1.864,10.027048523831775
chr20,27843658,active,0.395,1.892,10.047962847191041
chr20,27847658,active,0.3945,1.86,9.994409607257698
chr20,27851658,active,0.3965,1.92,10.067316768917456
chr20,27855658,active,0.3945,1.828,9.982786825882977
chr20,27859658,active,0.391,1.88,9.997378441334641
chr20,27863658,active,0.391,1.832,9.946876461060365
chr20,27867658,active,0.392,1.876,10.061379874761437
chr20,27871658,active,0.39,1.84,9.96714456522386
chr20,27875658,active,0.3945,1.876,10.034460282413095
chr20,27879658,active,0.3905,1.852,10.020509946210852
chr20,27883658,active,0.3945,1.86,9.990083060001105
chr20,27887658,active,0.395,1.84,9.965788533728936
chr20,27891658,active,0.3925,1.848,9.956155083264893
chr20,27895658,active,0.3945,1.812,9.949649237390771
chr20,27899658,active,0.3955,1.844,9.998297209844157
chr20,27903658,active,0.395,1.856,10.007568633625468
chr20,27907658,active,0.391,1.848,9.982371932841723
chr20,27911658,active,0.392,1.812,9.968134305533193
chr20,27915658,active,0.3945,1.864,10.00803516643384
chr20,27919658,active,0.391,1.82,9.939204081660872
chr20,27923658,active,0.394,1.864,10.016476865030464
chr20,27927658,active,0.389,1.808,9.88420440774872
chr20,27931658,active,0.3935,1.868,10.011878068337024
chr20,27935658,active,0.388,1.728,9.801240498885658
chr20,27939658,active,0.3935,1.872,10.006121767942352
chr20,27943658,active,0.3915,1.764,9.881453984213994
chr20,27947658,active,0.396,1.832,9.960163767738623
chr20,27951658,active,0.3915,1.788,9.87543587839922
chr20,27955658,active,0.395,1.84,9.97948976796083
chr20,27959658,active,0.3925,1.768,9.842563464908148
chr20,27963658,active,0.394,1.804,9.901033799546436
chr20,27967658,active,0.394,1.864,9.979975736429221
chr20,27971658,active,0.3935,1.848,9.995474273892864
chr20,27975658,active,0.3925,1.848,9.97491726722464
chr20,27979658,active,0.393,1.864,10.007919398823805
chr20,27983658,active,0.393,1.864,10.016039017247957
chr20,27987658,active,0.393,1.804,9.988427053074476
chr20,27991658,active,0.397,1.856,10.050378254432916
chr20,27995658,active,0.393,1.816,9.911286595996014
chr20,27999658,active,0.396,1.86,10.034089431544295
chr20,28003658,active,0.389,1.768,9.848163615885639
chr20,28007658,active,0.3945,1.836,9.982343302405175
chr20,28011658,active,0.395,1.856,9.984209469268507
chr20,28015658,active,0.3895,1.792,9.87011275735249
chr20,28019658,active,0.3945,1.86,9.988747776427802
chr20,28023658,active,0.3875,1.764,9.820922364445055
chr20,28027658,active,0.395,1.856,10.004934498667888
chr20,28031658,active,0.391,1.776,9.86396193253137
chr20,28035658,active,0.3955,1.844,9.989451917939702
chr20,28039658,active,0.3915,1.776,9.894775960946918
chr20,28043658,active,0.3965,1.84,9.97617238619735
chr20,28047658,active,0.3925,1.792,9.8775477577872
chr20,28051658,active,0.3945,1.82,9.942029941272294
chr20,28055658,active,0.3935,1.868,10.004755145646438
chr20,28059658,active,0.3925,1.824,9.97430701122077
chr20,28063658,active,0.3925,1.84,9.999717399522853
chr20,28067658,active,0.391,1.86,9.998439165616418
chr20,28071658,active,0.3935,1.9,10.028445841723588
chr20,28075658,active,0.394,1.9,10.089420842666689
chr20,28079658,active,0.393,1.888,10.034878237250364
chr20,28083658,active,0.3955,1.808,9.933205177218813
chr20,28087658,active,0.393,1.844,9.929600632008754
chr20,28091658,active,0.393,1.828,9.986398512358782
chr20,28095658,active,0.396,1.872,10.036530656289765
chr20,28099658,active,0.3935,1.84,9.95709351636456
chr20,28103658,active,0.3955,1.876,10.036548654152131
chr20,28107658,active,0.3885,1.756,9.844696610400767
chr20,28111658,active,0.3935,1.88,10.016621191555208
chr20,28115658,active,0.3915,1.804,9.862304275217262
chr20,28119658,active,0.3915,1.744,9.70445973891645
chr20,28123658,active,0.393,1.848,9.97501487677985
chr20,28127658,active,0.391,1.828,9.948382304025941
chr20,28131658,active,0.394,1.856,10.010382835296864
chr20,28135658,active,0.3945,1.84,9.984151543212048
chr20,28139658,active,0.393,1.872,10.000241309647759
chr20,28143658,active,0.3905,1.824,9.958182572754515
chr20,28147658,active,0.394,1.852,9.966687850454113
chr20,28151658,active,0.391,1.832,9.963577064772679
chr20,28155658,active,0.3945,1.84,9.972387955350195
chr20,28159658,active,0.394,1.872,10.040238579161395
chr20,28163658,active,0.394,1.844,10.013273099979271
chr20,28167658,active,0.392,1.86,9.996233143357035
chr20,28171658,active,0.391,1.86,10.026103545103464
chr20,28175658,active,0.3945,1.892,10.008589640327186
chr20,28179658,active,0.389,1.772,9.834615856273821
chr20,28183658,active,0.3945,1.88,9.989671805268603
chr20,28187658,active,0.3895,1.788,9.870833576772933
chr20,28191658,active,0.393,1.872,9.99339441160308
chr20,28195658,active,0.3935,1.868,9.983349429178443
chr20,28199658,active,0.3945,1.836,10.002196796471758
chr20,28203658,active,0.393,1.872,10.016867369865428
chr20,28207658,active,0.392,1.836,9.977681064152456
chr20,28211658,active,0.395,1.904,10.084740417994102
chr20,28215658,active,0.3915,1.816,9.96603099296787
chr20,28219658,active,0.394,1.872,10.032322884806204
chr20,28223658,active,0.389,1.804,9.892417377157555
chr20,28227658,active,0.3945,1.86,9.99443788322804
chr20,28231658,active,0.388,1.792,9.87548184247103
chr20,28235658,active,0.393,1.848,9.98886112441232
chr20,28239658,active,0.39,1.816,9.897082069117095
chr20,28243658,active,0.3935,1.864,9.99778718498691
chr20,28247658,active,0.392,1.84,9.923938857316717
chr20,28251658,active,0.395,1.832,9.933815483644256
chr20,28255658,active,0.392,1.844,9.9127106565063
chr20,28259658,active,0.3945,1.816,9.940850355479053
chr20,28263658,active,0.396,1.884,10.029016797059926
chr20,28267658,active,0.3945,1.824,9.97993359922361
chr20,28271658,active,0.3925,1.856,9.98510346102423
chr20,28275658,active,0.391,1.836,9.995668972628408
chr20,28279658,active,0.395,1.904,10.075440801196782
chr20,28283658,active,0.3915,1.804,9.935410677127384
chr20,28287658,active,0.392,1.82,9.962261816448246
chr20,28291658,active,0.3915,1.844,9.996471801310678
chr20,28295658,active,0.3935,1.868,10.020796688577198
chr20,28299658,active,0.391,1.84,9.960356237597964
chr20,28303658,active,0.3955,1.876,10.015041601149512
chr20,28307658,active,0.393,1.812,9.908086164252676
chr20,28311658,active,0.3955,1.868,10.021536441598906
chr20,28315658,active,0.39,1.78,9.863084886455676
chr20,28319658,active,0.3955,1.868,10.000843630523242
chr20,28323658,active,0.392,1.788,9.900924228006602
chr20,28327658,active,0.3955,1.836,10.004900081216672
chr20,28331658,active,0.3905,1.836,9.927630548200582
chr20,28335658,active,0.3915,1.848,9.986288193637522
chr20,28339658,active,0.3915,1.804,9.892279729637364
chr20,28343658,active,0.3955,1.832,9.947840225797403
chr20,28347658,active,0.39,1.856,9.932617723671893
chr20,28351658,active,0.3935,1.84,10.013908874202064
chr20,28355658,active,0.3905,1.816,9.914629377775405
chr20,28359658,active,0.3955,1.82,9.96854867248328
chr20,28363658,active,0.3935,1.88,9.98069440618747
chr20,28367658,active,0.3945,1.84,10.017046722886912
chr20,28371658,active,0.393,1.832,9.914003693103115
chr20,28375658,active,0.395,1.832,9.951901259038824
chr20,28379658,active,0.391,1.872,10.004465539925558
chr20,28383658,active,0.395,1.832,9.975610357332936
chr20,28387658,active,0.3945,1.884,10.007356019981955
chr20,28391658,active,0.394,1.84,9.966515995140458
chr20,28395658,active,0.391,1.876,10.001622042634219
chr20,28399658,active,0.3905,1.832,9.962585486110445
chr20,28403658,active,0.394,1.864,9.9957363508248
chr20,28407658,active,0.391,1.84,9.964990498208715
chr20,28411658,active,0.394,1.884,10.047952735583966
chr20,28415658,active,0.3915,1.8,9.947329935952798
chr20,28419658,active,0.3945,1.904,10.04356701677113
chr20,28423658,active,0.394,1.84,10.022632934798898
chr20,28427658,active,0.3915,1.852,9.987776398923208
chr20,28431658,active,0.3905,1.844,10.011848634581225
chr20,28435658,active,0.394,1.884,10.003822460720148
chr20,28439658,active,0.389,1.832,9.957652487067458
chr20,28443658,active,0.394,1.868,10.027158095371638
chr20,28447658,active,0.388,1.648,9.502175170761836
chr20,28451658,active,0.3935,1.836,9.965526456796981
chr20,28455658,active,0.392,1.82,9.889667635738713
chr20,28459658,active,0.3955,1.856,9.959965785160486
chr20,28463658,active,0.391,1.824,9.850447930311473
chr20,28467658,active,0.3925,1.86,10.001375886972761
chr20,28471658,active,0.395,1.9,10.066223332753495
chr20,28475658,active,0.3915,1.804,9.905665529212262
chr20,28479658,active,0.396,1.852,10.026421543238131
chr20,28483658,active,0.388,1.772,9.728070001665333
chr20,28487658,active,0.395,1.828,9.955519309042073
chr20,28491658,active,0.3935,1.884,10.021060947704113
chr20,28495658,active,0.391,1.836,9.939063387728682
chr20,28499658,active,0.394,1.872,10.024978864603725
chr20,28503658,active,0.39,1.848,10.01044853628922
chr20,28507658,active,0.3945,1.864,9.991469906103356
chr20,28511658,active,0.3905,1.804,9.918847089241055
chr20,28515658,active,0.397,1.9,10.067412396267663
chr20,28519658,active,0.391,1.804,9.89683327119135
chr20,28523658,active,0.3965,1.86,10.01878976197608
chr20,28527658,active,0.393,1.832,9.916393000853363
chr20,28531658,active,0.3955,1.792,9.846858623020443
chr20,28535658,active,0.397,1.864,10.045111996044065
chr20,28539658,active,0.3925,1.844,9.934233990961864
chr20,28543658,active,0.395,1.864,9.999372999827813
chr20,28547658,active,0.3925,1.804,9.875155886559263
chr20,28551658,active,0.393,1.812,9.906102925357635
chr20,28555658,active,0.393,1.872,9.988994369509847
chr20,28559658,active,0.392,1.836,9.972622290903288
chr20,28563658,active,0.3935,1.9,10.027215029551334
chr20,28567658,active,0.3945,1.852,10.007536585970405
chr20,28571658,active,0.397,1.876,10.042046376831413
chr20,28575658,active,0.3905,1.744,9.748100909705219
chr20,28579658,active,0.3965,1.852,9.984171022769186
chr20,28583658,active,0.3955,1.892,9.998961836550047
chr20,28587658,active,0.394,1.856,10.023267435749098
chr20,28591658,active,0.396,1.896,10.076241149355749
chr20,28595658,active,0.3895,1.796,9.877656360099026
chr20,28599658,active,0.3965,1.868,10.013058226902652
chr20,28603658,active,0.39,1.776,9.850870207121899
chr20,28607658,active,0.3955,1.824,10.000837234463052
chr20,28611658,active,0.3955,1.812,9.861325039822361
chr20,28615658,active,0.3905,1.796,9.888181358068657
chr20,28619658,active,0.3935,1.852,9.970662612862833
chr20,28623658,active,0.392,1.792,9.890205302087917
chr20,28627658,active,0.398,1.864,9.982492029693985
chr20,28631658,active,0.3905,1.82,9.900886360804101
chr20,28635658,active,0.3945,1.848,9.973201845595018
chr20,28639658,active,0.3915,1.828,9.879939519244235
chr20,28643658,active,0.3965,1.84,9.944658680974108
chr20,28647658,active,0.391,1.848,9.92605867183304
chr20,28651658,active,0.393,1.844,9.990585971365386
chr20,28655658,active,0.394,1.888,10.03650899746985
chr20,28659658,active,0.3895,1.728,9.67353510040313
chr20,28663658,active,0.394,1.804,9.891153877135597
chr20,28667658,active,0.3945,1.876,9.976875671992532
chr20,28671658,active,0.392,1.852,9.973627316028916
chr20,28675658,active,0.3925,1.852,9.975010966959248
chr20,28679658,active,0.396,1.848,10.003357527877723
chr20,28683658,active,0.393,1.876,9.991677884801454
chr20,28687658,active,0.3915,1.84,10.008362069517059
chr20,28691658,active,0.395,1.872,10.028809111930213
chr20,28695658,active,0.392,1.808,9.935192104844232
chr20,28699658,active,0.392,1.864,10.016888419047605
chr20,28703658,active,0.397,1.928,10.132869267916504
chr20,28707658,active,0.394,1.896,10.054743333119115
chr20,28711658,active,0.393,1.812,9.914957949562314
chr20,28715658,active,0.39,1.816,9.927692333656115
chr20,28719658,active,0.3935,1.848,9.967997810082206
chr20,28723658,active,0.392,1.86,9.971067365932019
chr20,28727658,active,0.394,1.844,9.990419991737008
chr20,28731658,active,0.3925,1.872,10.004443189105736
chr20,28735658,active,0.3945,1.864,10.0086784341967
chr20,28739658,active,0.394,1.888,10.03172043055475
chr20,28743658,active,0.3915,1.82,9.95653020413671
chr20,28747658,active,0.395,1.888,10.048213793822674
chr20,28751658,active,0.3895,1.8,9.871558742478227
chr20,28755658,active,0.394,1.86,9.999201590435018
chr20,28759658,active,0.389,1.764,9.82928505467807
chr20,28763658,active,0.396,1.836,10.012138855063888
chr20,28767658,active,0.389,1.832,9.91337053753953
chr20,28771658,active,0.3965,1.848,9.993137844457694
chr20,28775658,active,0.392,1.824,9.901632061032933
chr20,28779658,active,0.3955,1.844,9.948753290246579
chr20,28783658,active,0.3935,1.828,9.939157319986082
chr20,28787658,active,0.3915,1.752,9.797040326972624
chr20,28791658,active,0.3955,1.884,10.051592858222573
chr20,28795658,active,0.3915,1.816,9.935286746033979
chr20,28799658,active,0.397,1.84,9.965046557547314
chr20,28803658,active,0.391,1.808,9.891001817664366
chr20,28807658,active,0.3965,1.848,9.999086154642415
chr20,28811658,active,0.3915,1.844,9.924697892689602
chr20,28815658,active,0.3945,1.832,9.939089794197091
chr20,28819658,active,0.3905,1.86,9.966729710431611
chr20,28823658,active,0.392,1.832,9.951131221025284
chr20,28827658,active,0.393,1.884,10.020236294293223
chr20,28831658,active,0.3905,1.736,9.719202079737148
chr20,28835658,active,0.397,1.832,9.940116117960176
chr20,28839658,active,0.3895,1.816,9.890243136757679
chr20,28843658,active,0.394,1.86,10.011107874298792
chr20,28847658,active,0.3965,1.88,10.021022808989803
chr20,28851658,active,0.3945,1.836,9.993479214889472
chr20,28855658,active,0.3965,1.868,10.04750813727507
chr20,28859658,active,0.388,1.784,9.873799487189752
chr20,28863658,active,0.3935,1.856,9.975820463213545
chr20,28867658,active,0.3915,1.804,9.885824628824604
chr20,28871658,active,0.3945,1.832,9.981526715306725
chr20,28875658,active,0.391,1.82,9.91019727535899
chr20,28879658,active,0.3925,1.872,9.992674229593181
chr20,28883658,active,0.391,1.824,9.902369637575916
chr20,28887658,active,0.3955,1.8,9.908290866800304
chr20,28891658,active,0.3925,1.864,9.981931770444643
chr20,28895658,active,0.393,1.828,9.97769760018475
chr20,28899658,active,0.393,1.892,10.038483826950667
chr20,28903658,active,0.393,1.824,9.97809050258867
chr20,28907658,active,0.391,1.92,10.097409730005749
chr20,28911658,active,0.3905,1.816,9.918004416867513
chr20,28915658,active,0.3905,1.884,10.06796695311536
chr20,28919658,active,0.3925,1.828,9.95612273156517
chr20,28923658,active,0.389,1.836,10.000946921490046
chr20,28927658,active,0.3925,1.852,9.984128463950139
chr20,28931658,active,0.3935,1.872,9.985139888453263
chr20,28935658,active,0.394,1.852,9.980777933417185
chr20,28939658,active,0.393,1.876,10.016274562984002
chr20,28943658,active,0.39,1.876,10.056299631249859
chr20,28947658,active,0.393,1.872,10.009836573759955
chr20,28951658,active,0.392,1.824,9.96446554102551
chr20,28955658,active,0.3925,1.92,10.118123928389466
chr20,28959658,active,0.3885,1.8,9.89984999695577
chr20,28963658,active,0.392,1.872,10.043535822856931
chr20,28967658,active,0.389,1.764,9.821539288020958
chr20,28971658,active,0.3915,1.84,9.993765658927472
chr20,28975658,active,0.3885,1.804,9.902126128346497
chr20,28979658,active,0.393,1.852,9.99327891769677
chr20,28983658,active,0.395,1.864,9.983540218093346
chr20,28987658,active,0.393,1.792,9.898420857623192
chr20,28991658,active,0.3905,1.86,10.004352469169113
chr20,28995658,active,0.393,1.816,9.96202885977083
chr20,28999658,active,0.3875,1.832,9.962103020599072
chr20,29003658,active,0.3915,1.844,10.012993187353285
chr20,29007658,active,0.392,1.824,9.922224980471505
chr20,29011658,active,0.394,1.82,9.954788543923257
chr20,29015658,active,0.3935,1.852,9.973646249630184
chr20,29019658,active,0.394,1.84,9.970747164502093
chr20,29023658,active,0.3925,1.812,9.903084082036433
chr20,29027658,active,0.3945,1.88,10.015910517823114
chr20,29031658,active,0.3945,1.884,10.067876946871081
chr20,29035658,active,0.389,1.904,10.054288999725943
chr20,29039658,active,0.3875,1.768,9.761595981958386
chr20,29043658,active,0.3905,1.856,10.02934719459975
chr20,29047658,active,0.3895,1.876,10.035406634300859
chr20,29051658,active,0.3895,1.868,10.001718771632076
chr20,29055658,active,0.392,1.852,9.973802089286492
chr20,29059658,active,0.396,1.844,9.9857348486314
chr20,29063658,active,0.394,1.952,10.143002004104183
chr20,29067658,active,0.393,1.884,10.033766316338282
chr20,29071658,active,0.391,1.816,9.917433295622535
chr20,29075658,active,0.3895,1.848,9.974693743245586
chr20,29079658,active,0.3915,1.896,10.052993239458935
chr20,29083658,active,0.389,1.684,9.61598016843363
chr20,29087658,active,0.392,1.832,9.953749516710412
chr20,29091658,active,0.3915,1.872,10.009522496878423
chr20,29095658,active,0.3915,1.8,9.873306748330295
chr20,29099658,inactive,0.383,1.928,10.199015292613392
chr20,29103658,inactive,0.384,1.936,10.218370975454494
chr20,29107658,inactive,0.3825,1.972,10.28582511095045
chr20,29111658,inactive,0.382,1.876,10.130669175931724
chr20,29115658,inactive,0.3855,1.892,10.161787281897427
chr20,29119658,inactive,0.3805,1.876,10.193500812811571
chr20,29123658,inactive,0.3815,1.836,10.006772578118383
chr20,29127658,inactive,0.3875,1.888,10.169723947240342
chr20,29131658,inactive,0.3885,1.876,10.150557342028838
chr20,29135658,inactive,0.3865,1.9,10.169039368239954
chr20,29139658,inactive,0.3845,1.908,10.133305985686366
chr20,29143658,inactive,0.387,1.864,10.159640845966054
chr20,29147658,inactive,0.381,1.908,10.193080548119639
chr20,29151658,inactive,0.38,1.868,10.036148286573175
chr20,29155658,inactive,0.387,1.88,10.172163300508029
chr20,29159658,inactive,0.382,1.916,10.18712643105555
chr20,29163658,inactive,0.3835,1.908,10.153256707069158
chr20,29167658,inactive,0.3845,1.892,10.1160839240075
chr20,29171658,inactive,0.389,1.908,10.171900420256808
chr20,29175658,inactive,0.3845,1.896,10.17024201576126
chr20,29179658,inactive,0.3785,1.924,10.188602287357662
chr20,29183658,inactive,0.3805,1.948,10.194518375478252
chr20,29187658,inactive,0.3795,1.884,10.131065684111647
chr20,29191658,inactive,0.379,1.88,10.063912761855047
chr20,29195658,inactive,0.378,1.932,10.200232350109864
chr20,29199658,inactive,0.3825,1.9,10.076712235111534
chr20,29203658,inactive,0.38,1.796,9.94559488812981
chr20,29207658,inactive,0.374,1.908,10.182623344666707
chr20,29211658,inactive,0.379,1.904,10.119624399704357
chr20,29215658,inactive,0.3785,1.924,10.188407588622141
chr20,29219658,inactive,0.375,1.936,10.241627430117386
chr20,29223658,inactive,0.3795,1.888,10.162086733429808
chr20,29227658,inactive,0.3865,1.868,10.073467793728515
chr20,29231658,inactive,0.377,1.924,10.161724061428373
chr20,29235658,inactive,0.3795,1.912,10.208594159785516
chr20,29239658,inactive,0.381,1.92,10.15278080352664
chr20,29243658,inactive,0.381,1.896,10.122158886763891
chr20,29247658,inactive,0.38,1.92,10.176744763566163
chr20,29251658,inactive,0.38,1.944,10.214952969020985
chr20,29255658,inactive,0.3815,1.944,10.16907795009111
chr20,29259658,inactive,0.38,1.928,10.18522600752566
chr20,29263658,inactive,0.384,1.908,10.103783231204401
chr20,29267658,inactive,0.381,1.912,10.172561214380204
chr20,29271658,inactive,0.3785,1.848,10.087583173820304
chr20,29275658,inactive,0.376,1.9,10.122039834719079
chr20,29279658,inactive,0.378,1.852,10.093102721228167
chr20,29283658,inactive,0.3825,1.86,10.040122423003844
chr20,29287658,inactive,0.381,1.888,10.086245791006377
chr20,29291658,inactive,0.3815,1.908,10.182332326581035
chr20,29295658,inactive,0.382,1.864,10.061620986421907
chr20,29299658,inactive,0.383,1.92,10.173654839101559
chr20,29303658,inactive,0.3825,1.896,10.213729875646768
chr20,29307658,inactive,0.3785,1.932,10.177781038743863
chr20,29311658,inactive,0.379,1.92,10.182586662066171
chr20,29315658,inactive,0.377,1.932,10.199383364630533
chr20,29319658,inactive,0.3775,1.86,10.03885843316386
chr20,29323658,inactive,0.387,1.84,10.02962117737846
chr20,29327658,inactive,0.385,1.844,10.017323735885189
chr20,29331658,inactive,0.384,1.872,10.076940336772791
chr20,29335658,inactive,0.3805,1.848,10.028604633405036
chr20,29339658,inactive,0.38,1.852,10.008093950991087
chr20,29343658,inactive,0.3825,1.868,10.071670162847079
chr20,29347658,inactive,0.383,1.868,10.045269574758535
chr20,29351658,inactive,0.3845,1.892,10.116791706612215
chr20,29355658,inactive,0.385,1.864,10.062135056451561
chr20,29359658,inactive,0.382,1.856,10.04030689309666
chr20,29363658,inactive,0.387,1.848,10.059090774125382
chr20,29367658,inactive,0.382,1.86,10.072168500163732
chr20,29371658,inactive,0.384,1.864,10.051153116905715
chr20,29375658,inactive,0.383,1.868,10.059890573544406
chr20,29379658,inactive,0.3835,1.864,10.095124644793415
chr20,29383658,inactive,0.3815,1.856,10.055766633335182
chr20,29387658,inactive,0.3835,1.844,10.049922110459702
chr20,29391658,inactive,0.3795,1.916,10.162265616497955
chr20,29395658,inactive,0.379,1.912,10.129755481336785
chr20,29399658,inactive,0.387,1.916,10.132048801554308
chr20,29403658,inactive,0.3785,1.9,10.087269832687635
chr20,29407658,inactive,0.385,1.868,10.044611615624678
chr20,29411658,inactive,0.385,1.924,10.175432683597226
chr20,29415658,inactive,0.3835,1.888,10.163944327754209
chr20,29419658,inactive,0.3855,1.844,10.061817728260207
chr20,29423658,inactive,0.3835,1.876,10.125618366175948
chr20,29427658,inactive,0.38,1.876,10.126716349571021
chr20,29431658,inactive,0.3805,1.892,10.137590843634161
chr20,29435658,inactive,0.381,1.888,10.15174369821317
chr20,29439658,inactive,0.3805,1.884,10.103782079135195
chr20,29443658,inactive,0.382,1.892,10.106803240811413
chr20,29447658,inactive,0.381,1.892,10.105371449330525
chr20,29451658,inactive,0.379,1.86,10.09958132968986
chr20,29455658,inactive,0.3805,1.9,10.149985862149883
chr20,29459658,inactive,0.3825,1.856,10.04277607283539
chr20,29463658,inactive,0.379,1.848,10.088655716234518
chr20,29467658,inactive,0.3805,1.876,10.0947123209461
chr20,29471658,inactive,0.3835,1.848,10.083488224230027
chr20,29475658,inactive,0.384,1.776,9.910814442081739
chr20,29479658,inactive,0.378,1.836,10.021681198169341
chr20,29483658,inactive,0.3855,1.876,10.115789522192374
chr20,29487658,inactive,0.3835,1.884,10.085692341522538
chr20,29491658,inactive,0.3825,1.892,10.122327707098055
chr20,29495658,inactive,0.3825,1.864,10.076069216803976
chr20,29499658,inactive,0.382,1.872,10.12957411774528
chr20,29503658,inactive,0.384,1.872,10.10459805440407
chr20,29507658,inactive,0.3835,1.864,10.120966545123414
chr20,29511658,inactive,0.3815,1.856,10.059844937122259
chr20,29515658,inactive,0.3795,1.876,10.11599791625443
chr20,29519658,inactive,0.36,2.16,10.577658371038982
chr20,30663658,inactive,0.372,1.536,9.425585602799915
chr20,30667658,inactive,0.3775,1.52,9.401927514660388
chr20,30671658,inactive,0.378,1.456,9.312331424905496
chr20,30675658,inactive,0.378,1.512,9.419478759422546
chr20,30679658,inactive,0.378,1.528,9.326988083541043
chr20,30683658,inactive,0.3725,1.468,9.260610549531162
chr20,30687658,inactive,0.3735,1.464,9.289767890384587
chr20,30691658,inactive,0.3785,1.476,9.318192425699545
chr20,30695658,inactive,0.3755,1.52,9.437332618889634
chr20,30699658,inactive,0.3785,1.584,9.498317189541487
chr20,30703658,inactive,0.3815,1.504,9.340304274917932
chr20,30707658,inactive,0.3805,1.364,9.012480243918018
chr20,30711658,inactive,0.3735,1.548,9.498433434369625
chr20,30715658,inactive,0.371,1.556,9.497850260810702
chr20,30719658,inactive,0.3735,1.52,9.451693711505934
chr20,30723658,inactive,0.38,1.476,9.320259785062774
chr20,30727658,inactive,0.378,1.5,9.431795067903105
chr20,30731658,inactive,0.376,1.552,9.431646308398742
chr20,30735658,inactive,0.382,1.476,9.286264780470605
chr20,30739658,inactive,0.3765,1.524,9.437581599973745
chr20,30743658,inactive,0.3745,1.512,9.380074124357215
chr20,30747658,inactive,0.3705,1.58,9.544131960425386
chr20,30751658,inactive,0.3755,1.548,9.450827932630913
chr20,30755658,inactive,0.381,1.508,9.367469305769982
chr20,30759658,inactive,0.3815,1.508,9.36724862052083
chr20,30763658,inactive,0.38,1.52,9.368300141525717
chr20,30767658,inactive,0.376,1.532,9.42976865366755
chr20,30771658,inactive,0.3735,1.48,9.360819916825738
chr20,30775658,inactive,0.3745,1.548,9.461867585220201
chr20,30779658,inactive,0.3765,1.536,9.410122057218498
chr20,30783658,inactive,0.3735,1.568,9.536939475684694
chr20,30787658,inactive,0.3805,1.58,9.521078807060633
chr20,30791658,inactive,0.382,1.544,9.458369659308834
chr20,30795658,inactive,0.374,1.556,9.529846876340832
chr20,30799658,inactive,0.3805,1.288,8.950777267649073
chr20,30803658,inactive,0.374,1.556,9.475368643462744
chr20,30807658,inactive,0.3745,1.568,9.488537755213347
chr20,30811658,inactive,0.3745,1.56,9.481892746042972
chr20,31727658,inactive,0.371,1.836,9.99336773933905
chr20,31731658,inactive,0.368,1.92,10.139877297838174
chr20,31735658,inactive,0.3695,1.848,9.951981287052012
chr20,31739658,inactive,0.3695,1.848,10.07206520919693
chr20,31743658,inactive,0.3715,1.884,10.164637280852073
chr20,31747658,inactive,0.365,1.864,10.010341855876746
chr20,31751658,inactive,0.3645,1.908,10.091734448544674
chr20,31755658,inactive,0.365,1.832,9.958235973103198
chr20,31759658,inactive,0.369,1.852,9.943699702874671
chr20,31763658,inactive,0.3755,1.896,10.071441618049034
chr20,31767658,inactive,0.3695,1.908,10.150920202587734
chr20,31771658,inactive,0.365,1.912,10.196683169454435
chr20,31775658,inactive,0.368,1.844,10.017389542480714
chr20,31779658,inactive,0.3715,1.852,10.028529480272715
chr20,31783658,inactive,0.368,1.876,10.10156018602691
chr20,31787658,inactive,0.3715,1.912,10.129908125821096
chr20,31791658,inactive,0.3705,1.824,9.924474237416334
chr20,31795658,inactive,0.371,1.808,10.02022254533369
chr20,31799658,inactive,0.373,1.916,10.195027351085342
chr20,31803658,inactive,0.3735,1.864,9.990119658521841
chr20,31807658,inactive,0.3715,1.816,9.975157852793915
chr20,31811658,inactive,0.3705,1.848,10.14590753154633
chr20,31815658,inactive,0.373,1.876,10.030836418578687
chr20,31819658,inactive,0.368,1.848,9.988886061358565
chr20,31823658,inactive,0.3715,1.856,10.118066911255392
chr20,31827658,inactive,0.3715,1.928,10.11808612208475
chr20,31831658,inactive,0.3715,1.844,9.958793986543842
chr20,31835658,inactive,0.3665,1.772,9.855049226965653
chr20,31839658,inactive,0.368,1.864,10.030366219096512
chr20,31843658,inactive,0.366,1.976,10.247418458680453
chr20,31847658,inactive,0.376,1.888,10.138251605224758
chr20,31851658,inactive,0.3725,1.832,9.901378307776794
chr20,31855658,inactive,0.372,1.784,9.80040622587754
chr20,31859658,inactive,0.369,1.88,10.104684112578736
chr20,31863658,inactive,0.3695,1.876,10.091352521964879
chr20,31867658,inactive,0.3675,1.968,10.186138579372756
chr20,31871658,inactive,0.365,1.956,10.214445760837075
chr20,31875658,inactive,0.361,1.972,10.27747559566904
chr20,31879658,inactive,0.3645,1.98,10.244441112370186
chr20,31883658,inactive,0.368,1.932,10.140926282181907
chr20,31887658,inactive,0.375,1.884,10.131879316993093
chr20,31891658,inactive,0.3725,1.824,9.88745850697797
chr20,31895658,inactive,0.3725,1.792,9.793617394217074
chr20,31899658,inactive,0.3705,1.872,10.079659294881482
chr20,31903658,inactive,0.3635,1.892,10.184738890728479
chr21,8180694,inactive,0.3625,2.004,10.319479054486369
chr21,8184694,inactive,0.369,2.02,10.439739405992666
chr21,8188694,inactive,0.3695,2.016,10.342756785137944
chr21,8192694,inactive,0.365,2.036,10.36711871518745
chr21,8196694,inactive,0.371,2.076,10.44216004674934
chr21,8200694,inactive,0.369,2.08,10.423182934531395
chr21,8204694,inactive,0.3665,2.08,10.43487411851204
chr21,8208694,inactive,0.369,2.072,10.388274509433309
chr21,8212694,inactive,0.3655,2.028,10.30674418057458
chr21,8216694,inactive,0.3725,2.112,10.409409027690502
chr21,8220694,inactive,0.373,2.1,10.442649622969576
chr21,8224694,inactive,0.372,2.116,10.431787034753215
chr21,8228694,inactive,0.3705,2.12,10.478685431137267
chr21,8232694,inactive,0.3695,2.144,10.48346275071642
chr21,8236694,inactive,0.3655,2.104,10.490160280211228
chr21,8240694,inactive,0.3645,2.096,10.43349771642645
chr21,8244694,inactive,0.3645,1.936,10.200927789447288
chr21,8248694,inactive,0.363,2.024,10.344250943347001
chr21,8884694,inactive,0.3765,1.768,9.859926713121277
chr21,8888694,inactive,0.378,1.844,10.024926145245557
chr21,8892694,inactive,0.373,1.876,10.072241471524167
chr21,8896694,inactive,0.3645,1.936,10.193772680965688
chr21,10964694,active,0.39,1.844,9.976887849351154
chr21,10968694,active,0.3875,1.892,10.0731164699063
chr21,10972694,active,0.392,1.876,10.016902452500018
chr21,10976694,active,0.387,1.84,9.968913266384101
chr21,10980694,active,0.3885,1.844,9.965483386636592
chr21,10984694,active,0.3865,1.824,9.957286404520081
chr21,10988694,active,0.3865,1.816,9.930414846162865
chr21,10992694,active,0.386,1.812,9.903251993448224
chr21,10996694,active,0.386,1.832,9.942647762338094
chr21,11000694,active,0.3875,1.8,9.925972028217931
chr21,11004694,active,0.388,1.84,10.003602410266609
chr21,11008694,active,0.3865,1.8,9.927310346770724
chr21,11012694,active,0.3845,1.816,9.931591582750013
chr21,11016694,active,0.385,1.808,9.934853666572886
chr21,11020694,active,0.3865,1.812,9.913241090943295
chr21,11024694,active,0.3855,1.812,9.934135711463346
chr21,11028694,active,0.3855,1.824,9.941466617611951
chr21,11032694,active,0.3875,1.868,10.032970338069251
chr21,11036694,active,0.3925,1.688,9.678866622363843
chr21,11040694,active,0.389,1.692,9.75103869372019
chr21,11044694,active,0.389,1.864,10.012384452101465
chr21,11048694,active,0.388,1.872,10.047595795415704
chr21,11052694,active,0.391,1.808,9.95913461177009
chr21,11056694,active,0.384,1.852,9.9889390027633
chr21,11060694,active,0.3855,1.88,10.027406837159507
chr21,11064694,active,0.386,1.88,10.054937284673262
chr21,11068694,active,0.3885,1.852,9.999999567841538
chr21,11072694,active,0.3915,1.872,10.030229939019486
chr21,11076694,active,0.388,1.88,10.025129338325636
chr21,11080694,active,0.3875,1.848,9.975165893525457
chr21,11084694,active,0.39,1.868,10.021127855947256
chr21,11088694,active,0.3865,1.872,10.028199525869699
chr21,11092694,active,0.3865,1.876,10.056265513675525
chr21,11096694,active,0.389,1.852,9.976610969728785
chr21,11100694,active,0.3915,1.84,10.024101160017224
chr21,11104694,active,0.3905,1.856,10.002738788005606
chr21,11108694,active,0.3875,1.828,9.96571812333713
chr21,11112694,active,0.3905,1.848,10.003204097963
chr21,11116694,active,0.3875,1.84,9.94085036397937
chr21,11120694,active,0.3895,1.888,10.065454263011633
chr21,11124694,active,0.392,1.884,10.03406085628933
chr21,11128694,active,0.3915,1.888,10.063895478641365
chr21,11132694,active,0.388,1.824,9.912862769183171
chr21,11136694,active,0.3915,1.868,10.063591574264665
chr21,11140694,active,0.387,1.856,10.031690449607572
chr21,11144694,active,0.389,1.84,9.989162580798494
chr21,11148694,active,0.387,1.86,10.061812788313805
chr21,11152694,active,0.3875,1.8,9.86694396266017
chr21,11156694,active,0.389,1.868,10.090712887386765
chr21,11160694,active,0.388,1.86,10.016232968802147
chr21,11164694,active,0.39,1.856,10.020965044674316
chr21,11168694,active,0.3915,1.86,9.994894747566184
chr21,11172694,active,0.3925,1.896,10.06681157130351
chr21,11176694,active,0.3905,1.796,9.848711416490698
chr21,11180694,active,0.386,1.864,10.048811340660494
chr21,11184694,active,0.3895,1.872,10.028777474879194
chr21,11188694,active,0.39,1.808,9.83455012846495
chr21,11192694,active,0.3885,1.852,10.023558055403342
chr21,11196694,active,0.3885,1.78,9.906719276161136
chr21,11200694,active,0.3885,1.824,9.96324426966385
chr21,11204694,active,0.388,1.86,10.010291229086606
chr21,11208694,active,0.3905,1.88,10.079601828894377
chr21,11212694,active,0.391,1.872,10.009930440951821
chr21,11216694,active,0.385,1.812,9.97127567703971
chr21,11220694,active,0.3915,1.84,9.97019225318823
chr21,11224694,active,0.388,1.844,10.017265694341656
chr21,11228694,active,0.388,1.876,10.009378524819898
chr21,11232694,active,0.387,1.824,9.974449736823233
chr21,11236694,active,0.3865,1.816,9.976745787975718
chr21,11240694,active,0.3875,1.82,9.937451174111462
chr21,11244694,active,0.388,1.856,10.036399121885411
chr21,11248694,active,0.389,1.848,9.999536977386557
chr21,11252694,active,0.388,1.872,10.02605297445123
chr21,11256694,active,0.389,1.856,10.027069905423597
chr21,11260694,active,0.388,1.884,10.03969281022655
chr21,11264694,active,0.383,1.892,10.038560354790954
chr21,11268694,active,0.3885,1.84,9.978868826029016
chr21,11272694,active,0.3895,1.812,9.929055036247393
chr21,11276694,active,0.3895,1.828,9.971655687436384
chr21,11280694,active,0.388,1.828,9.912820244978699
chr21,11284694,active,0.3875,1.824,9.966000729076347
chr21,11288694,active,0.3835,1.736,9.817177708551387
chr21,11292694,active,0.3775,1.94,10.119451580878978
chr21,11296694,inactive,0.3795,1.932,10.10959365594714
chr21,11300694,active,0.3865,1.856,9.98832775322406
chr21,11304694,active,0.3735,2.036,10.37244623865687
chr22,8489239,inactive,0.378,2.096,10.56443408681568
chr22,8493239,inactive,0.364,2.1,10.443577124210442
chr22,8497239,inactive,0.368,2.108,10.436269559802009
chr22,8501239,inactive,0.372,2.076,10.3576787703566
chr22,8505239,inactive,0.377,2.116,10.495476839289045
chr22,8509239,inactive,0.375,2.084,10.520680068552617
chr22,8513239,inactive,0.3745,2.092,10.488957278223728
chr22,8517239,inactive,0.3685,2.052,10.442161945999953
chr22,8521239,inactive,0.366,2.08,10.430614839680969
chr22,8525239,inactive,0.3725,2.052,10.371338531609984
chr22,8529239,inactive,0.3745,2.068,10.425934028009454
chr22,8533239,inactive,0.3735,2.052,10.430049921770921
chr22,8537239,inactive,0.368,2.064,10.447189746425147
chr22,8541239,inactive,0.366,2.108,10.49507792782388
chr22,8545239,inactive,0.3675,2.092,10.440356545898851
chr22,8549239,inactive,0.3765,2.116,10.502670695530504
chr22,8553239,inactive,0.3695,2.096,10.503519958237936
chr22,8557239,inactive,0.373,2.096,10.467279007317995
chr22,8561239,inactive,0.3685,2.096,10.49231341624741
chr22,8565239,inactive,0.3695,2.112,10.515870834694333
chr22,8569239,inactive,0.369,2.1,10.423318107244524
chr22,8573239,inactive,0.375,2.092,10.437690773890251
chr22,8577239,inactive,0.3775,2.12,10.645590558191136
chr22,8581239,inactive,0.3795,2.148,10.625483388106545
chr22,8585239,inactive,0.376,2.096,10.533629953676899
chr22,8589239,inactive,0.3845,2.124,10.562338743459998
chr22,8593239,inactive,0.39,2.148,10.598624589336952
chr22,8597239,inactive,0.3865,2.148,10.590684755638542
chr22,8601239,inactive,0.385,2.088,10.576727751864272
chr22,8605239,inactive,0.381,2.164,10.62329015796755
chr22,8609239,inactive,0.3735,2.08,10.533762949911317
chr22,8613239,inactive,0.3845,2.116,10.56258508767893
chr22,8617239,inactive,0.3895,2.168,10.591589413457559
chr22,8621239,inactive,0.386,2.144,10.600159505875862
chr22,8625239,inactive,0.385,2.068,10.567878686299228
chr22,8629239,inactive,0.38,2.148,10.61650132630708
chr22,8633239,inactive,0.374,2.092,10.540747942137388
chr22,8637239,inactive,0.3845,2.128,10.555846439671788
chr22,8641239,inactive,0.3895,2.144,10.591589413457559
chr22,8645239,inactive,0.3865,2.144,10.582694738286836
chr22,8649239,inactive,0.386,2.092,10.571273102129462
chr22,8653239,inactive,0.3805,2.164,10.619945925790635
chr22,8657239,inactive,0.375,2.104,10.54905413561125
chr22,8661239,inactive,0.3835,2.112,10.539715854008419
chr22,8665239,inactive,0.391,2.156,10.58857433808067
chr22,8669239,inactive,0.386,2.116,10.585659630010397
chr22,8673239,inactive,0.385,2.088,10.582461374745787
chr22,8677239,inactive,0.381,2.144,10.62095095091626
chr22,8681239,inactive,0.376,2.116,10.550488684843547
chr22,8685239,inactive,0.382,2.1,10.539715854008419
chr22,8689239,inactive,0.392,2.144,10.579149771496668
chr22,8693239,inactive,0.3865,2.132,10.593566834781008
chr22,8697239,inactive,0.3845,2.088,10.578574270477691
chr22,8701239,inactive,0.3735,2.152,10.558959871785316
chr22,8705239,inactive,0.3685,2.116,10.465739239503284
chr22,8709239,inactive,0.37,2.088,10.449314302446371
chr22,8713239,inactive,0.375,2.096,10.467611359290009
chr22,8717239,inactive,0.3725,2.072,10.449562961279916
chr22,8721239,inactive,0.374,2.084,10.475503102859415
chr22,8725239,inactive,0.379,2.14,10.604800717002991
chr22,8729239,inactive,0.378,2.108,10.559387934061917
chr22,8733239,inactive,0.3815,2.108,10.536629207670142
chr22,8737239,inactive,0.389,2.124,10.567848150895834
chr22,8741239,inactive,0.387,2.124,10.598282451859026
chr22,8745239,inactive,0.385,2.092,10.596943695885706
chr22,8749239,inactive,0.3775,2.148,10.583949940213929
chr22,8753239,inactive,0.378,2.092,10.54857900189894
chr22,8757239,inactive,0.371,2.068,10.447763951522752
chr22,8761239,inactive,0.3725,2.08,10.437094522973783
chr22,8765239,inactive,0.375,2.04,10.404303543188067
chr22,8769239,inactive,0.367,2.092,10.443765155373951
chr22,8773239,inactive,0.368,2.136,10.483426123297397
chr22,8777239,inactive,0.3695,2.068,10.408544109508126
chr22,8781239,inactive,0.377,2.072,10.438587662489592
chr22,8785239,inactive,0.371,2.08,10.491293948613862
chr22,8789239,inactive,0.371,2.028,10.379326809903525
chr22,8793239,inactive,0.365,2.04,10.385643625785553
chr22,8797239,inactive,0.368,2.128,10.445614154510688
chr22,8801239,inactive,0.374,2.08,10.402468349148709
chr22,8805239,inactive,0.376,2.084,10.457728389299712
chr22,8809239,inactive,0.369,2.068,10.501009450329175
chr22,9949239,inactive,0.385,2.108,10.559494968940594
chr22,9953239,inactive,0.3825,2.108,10.604274020761641
chr22,9957239,inactive,0.3785,2.16,10.606967985786252
chr22,9961239,inactive,0.378,2.16,10.597187946580272
chr22,9965239,inactive,0.381,2.144,10.55708940238615
chr22,9969239,inactive,0.385,2.156,10.559851465972082
chr22,9973239,inactive,0.383,2.12,10.582612723308749
chr22,9977239,inactive,0.382,2.108,10.63169671874805
chr22,9981239,inactive,0.3765,2.16,10.64319907396218
chr22,9985239,inactive,0.3785,2.168,10.62444364052878
chr22,9989239,inactive,0.3855,2.144,10.579465947618793
chr22,9993239,inactive,0.389,2.12,10.575652894835438
chr22,9997239,inactive,0.385,2.12,10.563680777559656
chr22,10001239,inactive,0.3845,2.104,10.618806525554884
chr22,10005239,inactive,0.38,2.144,10.601184179251414
chr22,10009239,inactive,0.381,2.144,10.597796076527006
chr22,10013239,inactive,0.3845,2.144,10.564453735065568
chr22,10017239,inactive,0.3865,2.124,10.592561809655402
chr22,10021239,inactive,0.3855,2.12,10.58095561473455
chr22,10025239,inactive,0.3845,2.112,10.62367407246857
chr22,10029239,inactive,0.378,2.132,10.61136742674211
chr22,10033239,inactive,0.381,2.172,10.623205251862089
chr22,10037239,inactive,0.382,2.136,10.55814003711742
chr22,10041239,inactive,0.3865,2.136,10.549605054150197
chr22,10045239,inactive,0.3845,2.108,10.574852874326144
chr22,10049239,inactive,0.381,2.096,10.641322019945333
chr22,10053239,inactive,0.3755,2.108,10.614096861400247
chr22,10057239,inactive,0.3795,2.136,10.60197832979164
chr22,10061239,inactive,0.382,2.112,10.550276348428104
chr22,10065239,inactive,0.388,2.14,10.632093613926953
chr22,10069239,inactive,0.384,2.148,10.650070718203736
chr22,10073239,inactive,0.383,2.108,10.607726666692935
chr22,10077239,inactive,0.3765,2.132,10.595982186841361
chr22,10081239,inactive,0.3785,2.132,10.580999130815837
chr22,10085239,inactive,0.382,2.128,10.514095443905495
chr22,10089239,inactive,0.387,2.164,10.586816945154169
chr22,10093239,inactive,0.386,2.144,10.620979005796361
chr22,10097239,inactive,0.3835,2.136,10.64000748626958
chr22,10101239,inactive,0.377,2.112,10.599167461428115
chr22,10105239,inactive,0.3775,2.128,10.600940675738237
chr22,10109239,inactive,0.381,2.124,10.53409210671135
chr22,10113239,inactive,0.3905,2.176,10.639242137790859
chr22,10117239,inactive,0.3845,2.124,10.651670892598231
chr22,10121239,inactive,0.384,2.108,10.580433769768975
chr22,10125239,inactive,0.378,2.144,10.612466151602346
chr22,10129239,inactive,0.3775,2.164,10.632113262176839
chr22,10133239,inactive,0.3835,2.128,10.573745665597615
chr22,10137239,inactive,0.3775,2.096,10.536134785890379
chr22,10141239,inactive,0.371,2.06,10.464276331346285
chr22,10145239,inactive,0.3745,2.056,10.413106638965012
chr22,10149239,inactive,0.366,2.072,10.428054036799512
chr22,10153239,inactive,0.369,2.084,10.457770166322831
chr22,10157239,inactive,0.374,2.068,10.371490461445656
chr22,10161239,inactive,0.3765,2.056,10.444930516965444
chr22,10165239,inactive,0.373,2.04,10.4069263803881
chr22,10169239,inactive,0.373,2.036,10.382220407893795
chr22,10173239,inactive,0.3675,2.076,10.436068553676893
chr22,10177239,inactive,0.37,2.104,10.49653879859437
chr22,10181239,inactive,0.37,2.1,10.434464740973613
chr22,12309239,inactive,0.358,1.84,10.031370059620155
chr22,12313239,inactive,0.357,1.872,10.075713274228688
chr22,12317239,inactive,0.3555,1.896,10.123873046553456
chr22,12789239,active,0.378,2.012,10.289763251656401
chr22,12793239,active,0.3835,1.864,10.018858071151422
chr22,12797239,active,0.3855,1.84,9.997960222926649
chr22,12801239,active,0.386,1.928,10.102392746793313
chr22,12805239,active,0.386,1.856,9.927136525592363
chr22,12809239,active,0.3905,1.912,10.055326848053049
chr22,12813239,active,0.389,1.836,9.971729700672032
chr22,12817239,active,0.3855,1.864,10.027070980254674
chr22,12821239,active,0.386,1.884,10.03751035175395
chr22,12825239,active,0.3845,1.864,10.005913258393168
chr22,12829239,active,0.3875,1.944,10.106487253246728
chr22,12833239,active,0.386,1.916,10.095645033645184
chr22,12837239,active,0.3855,1.888,10.027660840827211
chr22,12841239,active,0.3885,1.88,10.014251637657988
chr22,12845239,active,0.387,1.896,10.047187658617062
chr22,12849239,active,0.389,1.904,10.073300674203505
chr22,12853239,active,0.3855,1.888,10.063714315039826
chr22,12857239,active,0.3865,1.912,10.080979887083721
chr22,12861239,active,0.392,1.86,10.034244795531022
chr22,12865239,active,0.393,1.844,9.977491455671752
chr22,12869239,active,0.3935,1.876,9.968809033962165
chr22,12873239,active,0.3915,1.848,9.929391380994375
chr22,12877239,active,0.387,1.84,9.91966151972546
chr22,12881239,active,0.391,1.8,9.887494989588498
chr22,12885239,active,0.388,1.848,9.981141723998721
chr22,12889239,active,0.3915,1.832,9.940074565767668
chr22,12893239,active,0.3875,1.868,10.005389236948867
chr22,12897239,active,0.38,1.928,10.16129406736839
chr22,12901239,active,0.385,1.888,10.068845179625281
chr22,12905239,active,0.385,1.88,10.105396580550497
chr22,12909239,active,0.383,1.98,10.183496580808647
chr22,12913239,active,0.3855,1.892,10.02024356674305
chr22,12917239,active,0.387,1.876,10.008830857590759
chr22,12921239,active,0.39,1.876,10.024993634761362
chr22,12925239,active,0.3885,1.904,10.073891055150941
chr22,12929239,active,0.387,1.928,10.084805566078794
chr22,12933239,active,0.39,1.828,9.916815458956505
chr22,12937239,active,0.389,1.828,9.931060229506622
chr22,12941239,active,0.3835,1.968,10.134801988556701
chr22,12945239,active,0.3865,1.888,10.059867691873515
chr22,12949239,active,0.3865,1.972,10.127673943078475
chr22,12953239,active,0.383,1.852,9.981701409350283
chr22,12957239,active,0.386,1.808,9.964912787314947
chr22,12961239,active,0.3825,1.88,9.99647496394989
chr22,12965239,active,0.3835,1.888,10.100804257155355
chr22,12969239,active,0.3855,1.888,10.0656422998914
chr22,12973239,active,0.3895,1.868,9.971456730870322
chr22,12977239,active,0.3875,1.936,10.106512860136283
chr22,12981239,active,0.3885,1.84,10.00724953384317
chr22,12985239,active,0.385,1.86,9.9519046989061
chr22,12989239,active,0.3905,1.824,9.932489850225057
chr22,12993239,active,0.3905,1.84,9.974981966456248
chr22,12997239,active,0.391,1.86,10.042349185276741
chr22,13001239,active,0.387,1.932,10.148499307251726
chr22,13005239,active,0.3905,1.884,10.027674175971269
chr22,13009239,active,0.3875,1.9,10.099277304109792
chr22,13013239,active,0.3895,1.892,10.085860691903388
chr22,13017239,active,0.385,1.864,10.074713836127748
chr22,13021239,active,0.387,1.94,10.114495539972625
chr22,13025239,active,0.3865,1.964,10.206964879284902
chr22,13029239,active,0.3865,1.876,10.035574048942781
chr22,13033239,active,0.3895,1.984,10.168968346018488
chr22,13037239,active,0.389,1.896,10.08953904192696
chr22,13041239,active,0.3895,1.82,9.947855879296457
chr22,13045239,active,0.3865,1.872,9.998905699973292
chr22,13049239,active,0.3905,1.864,10.017041839078356
chr22,13053239,active,0.3885,1.844,10.005117923250957
chr22,13057239,active,0.393,1.864,9.9759655270357
chr22,13061239,active,0.387,1.836,9.940909668911516
chr22,13065239,active,0.3895,1.78,9.855709938134568
chr22,13069239,active,0.3875,1.832,9.982555827378103
chr22,13073239,active,0.387,1.856,10.055781148913487
chr22,13077239,active,0.3855,1.896,10.087347158130918
chr22,13081239,active,0.389,1.84,10.015323659697314
chr22,13085239,active,0.3855,1.948,10.152806787531139
chr22,13089239,active,0.391,1.828,9.963073296456042
chr22,13093239,active,0.387,1.864,10.051177306670532
chr22,13097239,active,0.3885,1.876,10.048142500089396
chr22,13101239,active,0.386,1.856,10.01261012937717
chr22,13105239,active,0.3925,1.812,9.893475233917025
chr22,13109239,active,0.391,1.804,9.86677646185246
chr22,13113239,active,0.394,1.796,9.857301517341389
chr22,13117239,active,0.388,1.808,9.875386597952003
chr22,13121239,active,0.386,1.784,9.85142076547836
chr22,13125239,active,0.393,1.824,9.96031015803902
chr22,13129239,active,0.39,1.812,9.927802642493342
chr22,13133239,active,0.388,1.768,9.840673397680625
chr22,13137239,active,0.39,1.784,9.919196365792793
chr22,13141239,active,0.388,1.772,9.869759926994803
chr22,13145239,active,0.386,1.776,9.878931647696556
chr22,13149239,active,0.39,1.796,9.912969062596686
chr22,13153239,active,0.3885,1.824,9.946024655975503
chr22,13157239,active,0.387,1.776,9.874472154627117
chr22,13161239,active,0.3865,1.752,9.838716283117844
chr22,13165239,active,0.392,1.76,9.845858771104032
chr22,13169239,active,0.3915,1.836,9.980212760927818
chr22,13173239,active,0.391,1.816,9.947017143560075
chr22,13177239,active,0.387,1.832,9.95164181865489
chr22,13181239,active,0.3905,1.792,9.938282721900869
chr22,13185239,active,0.391,1.836,10.002474224834035
chr22,13189239,active,0.3925,1.776,9.899008199423378
chr22,13193239,active,0.391,1.772,9.860518623252883
chr22,13197239,active,0.387,1.804,9.938135720579076
chr22,13201239,active,0.3885,1.784,9.92544022612146
chr22,13205239,active,0.388,1.816,9.95513805790557
chr22,13209239,active,0.388,1.788,9.903202358534763
chr22,13213239,active,0.389,1.82,9.959219506443016
chr22,13217239,active,0.386,1.808,9.95866054145636
chr22,13221239,active,0.387,1.812,9.949497476247855
chr22,13225239,active,0.3945,1.764,9.853798604802408
chr22,13229239,active,0.3925,1.78,9.842615620882441
chr22,13233239,active,0.392,1.748,9.831259989762005
chr22,13237239,active,0.389,1.788,9.87086237311818
chr22,13241239,active,0.391,1.8,9.903270734324181
chr22,13245239,active,0.3945,1.776,9.848689127525011
chr22,13249239,active,0.3925,1.76,9.828324448839878
chr22,13253239,active,0.388,1.772,9.859212496207329
chr22,13257239,active,0.388,1.796,9.919202395954281
chr22,13261239,active,0.391,1.78,9.879734393424464
chr22,13265239,active,0.391,1.788,9.86717098627889
chr22,13269239,active,0.39,1.788,9.879793370706954
chr22,13273239,active,0.391,1.796,9.867023187354087
chr22,13277239,active,0.389,1.78,9.868103504704228
chr22,13281239,active,0.389,1.772,9.843931699342564
chr22,13285239,active,0.394,1.752,9.833798469596495
chr22,13289239,active,0.3955,1.772,9.844651632489432
chr22,13293239,active,0.3925,1.748,9.814796774898538
chr22,13297239,active,0.394,1.748,9.837198838350107
chr22,13301239,active,0.3955,1.74,9.808969369328057
chr22,13305239,active,0.3965,1.74,9.830811449099741
chr22,13309239,active,0.3895,1.824,9.941844224723386
chr22,13313239,active,0.39,1.752,9.836492440337329
chr22,13317239,active,0.3915,1.796,9.913080677239277
chr22,13321239,active,0.3915,1.752,9.826920074828562
chr22,13325239,active,0.3865,1.78,9.881116831387835
chr22,13329239,active,0.39,1.828,9.938524929492704
chr22,13333239,active,0.39,1.832,9.99511655972666
chr22,13337239,active,0.394,1.792,9.850848510052984
chr22,13341239,active,0.3875,1.784,9.874814652287514
chr22,13345239,active,0.3875,1.792,9.903068260652756
chr22,13349239,active,0.3865,1.836,9.978536004103676
chr22,13353239,active,0.388,1.784,9.896427831246355
chr22,13357239,active,0.3915,1.772,9.880793240512197
chr22,13361239,active,0.3875,1.836,9.966417112312639
chr22,13365239,active,0.388,1.812,9.921206138815949
chr22,13369239,active,0.39,1.772,9.849272480718014
chr22,13373239,active,0.3875,1.796,9.898932718641364
chr22,13377239,active,0.391,1.768,9.853811883808623
chr22,13381239,active,0.3885,1.804,9.926067295385707
chr22,13385239,active,0.386,1.816,9.972096143401863
chr22,13389239,active,0.391,1.812,9.92970147081726
chr22,13393239,active,0.389,1.8,9.876412644486985
chr22,13397239,active,0.387,1.784,9.862648854969411
chr22,13401239,active,0.388,1.784,9.882913963950909
chr22,13405239,active,0.3935,1.824,9.983984700915116
chr22,13409239,active,0.395,1.852,10.014460474856875
chr22,13413239,active,0.3875,1.784,9.863053796596061
chr22,13417239,active,0.391,1.776,9.838056867870188
chr22,13421239,active,0.3925,1.76,9.849165800305494
chr22,13425239,active,0.3955,1.796,9.869667385045688
chr22,13429239,active,0.3905,1.78,9.836151017508099
chr22,13433239,active,0.3935,1.796,9.89749221648567
chr22,13437239,active,0.392,1.768,9.846011725349202
chr22,13441239,active,0.3915,1.78,9.900355007560721
chr22,13445239,active,0.39,1.772,9.853180251929212
chr22,13449239,active,0.3885,1.768,9.813250090648692
chr22,13453239,active,0.3895,1.768,9.847575682928731
chr22,13457239,active,0.39,1.784,9.86602701199546
chr22,13461239,active,0.3865,1.8,9.889888290113738
chr22,13465239,active,0.3905,1.784,9.843619133756372
chr22,13469239,active,0.39,1.764,9.830220076275502
chr22,13473239,active,0.3895,1.78,9.8312436196384
chr22,13477239,active,0.3945,1.776,9.853895499708985
chr22,13481239,active,0.3925,1.756,9.839439494391021
chr22,13485239,active,0.391,1.84,9.997521024633496
chr22,13489239,active,0.3925,1.744,9.820726475391298
chr22,13493239,active,0.389,1.784,9.880559162322484
chr22,13497239,active,0.3905,1.8,9.93729076040747
chr22,13501239,active,0.3905,1.824,10.002755318321611
chr22,13505239,active,0.389,1.788,9.89126946052073
chr22,13509239,active,0.385,1.816,9.940295967324097
chr22,13513239,active,0.3855,1.804,9.950509717685465
chr22,13517239,active,0.3885,1.8,9.919445267773149
chr22,13521239,active,0.385,1.816,9.979064239413201
chr22,13525239,active,0.388,1.796,9.912552158985427
chr22,13529239,active,0.388,1.828,9.96004518426341
chr22,13533239,active,0.386,1.816,9.955260338611454
chr22,13537239,active,0.392,1.84,9.988095383218369
chr22,13541239,active,0.392,1.84,9.987222722632861
chr22,13545239,active,0.3945,1.752,9.846909405835326
chr22,13549239,active,0.391,1.812,9.928635014702287
chr22,13553239,active,0.394,1.804,9.907409471507531
chr22,13557239,active,0.393,1.748,9.832383878374957
chr22,13561239,active,0.393,1.76,9.849405033815595
chr22,13565239,active,0.3905,1.788,9.830878112647468
chr22,13569239,active,0.39,1.748,9.79010863435786
chr22,13573239,active,0.39,1.808,9.887788289756012
chr22,13577239,active,0.3905,1.76,9.863013315494273
chr22,13581239,active,0.3865,1.62,9.672310085869668
chr22,13585239,active,0.39,1.796,9.842055858292719
chr22,13589239,active,0.3885,1.792,9.899239359669208
chr22,13593239,active,0.3895,1.788,9.889680527745956
chr22,13597239,active,0.3895,1.784,9.889370581775271
chr22,13601239,active,0.39,1.812,9.899790027796552
chr22,13605239,active,0.3885,1.752,9.81441837018407
chr22,13609239,active,0.3855,1.62,9.665082582007178
chr22,13613239,active,0.387,1.78,9.888324134092706
chr22,13617239,active,0.3865,1.804,9.944568692618631
chr22,13621239,active,0.3885,1.824,9.916748107576575
chr22,13625239,active,0.387,1.756,9.848938029505351
chr22,13629239,active,0.388,1.772,9.83597334740691
chr22,13633239,active,0.39,1.784,9.870297838039352
chr22,13637239,active,0.392,1.784,9.91915888558927
chr22,13641239,active,0.3895,1.78,9.87271329987055
chr22,13645239,active,0.3875,1.792,9.88963062132071
chr22,13649239,active,0.388,1.8,9.894706922478933
chr22,13653239,active,0.393,1.776,9.904582787476635
chr22,13657239,active,0.3905,1.784,9.89170347572071
chr22,13661239,active,0.39,1.764,9.840930734656187
chr22,13665239,active,0.39,1.776,9.875541253006324
chr22,13669239,active,0.39,1.788,9.886618380933365
chr22,13673239,active,0.389,1.784,9.889789856138972
chr22,13677239,active,0.388,1.768,9.844193887593912
chr22,13681239,active,0.3905,1.764,9.831100949217475
chr22,13685239,active,0.387,1.768,9.826827476741533
chr22,13689239,active,0.388,1.78,9.887301941240498
chr22,13693239,active,0.3895,1.78,9.868009284594697
chr22,13697239,active,0.387,1.792,9.919946888932381
chr22,13701239,active,0.392,1.748,9.823081858292415
chr22,13705239,active,0.3945,1.792,9.868849482161162
chr22,13709239,active,0.394,1.78,9.847613329041037
chr22,13713239,active,0.393,1.784,9.83020615985875
chr22,13717239,active,0.394,1.764,9.831366587220096
chr22,13721239,active,0.392,1.752,9.825337815342058
chr22,13725239,active,0.393,1.788,9.863684609772218
chr22,13729239,active,0.3915,1.776,9.844879352867945
chr22,13733239,active,0.3885,1.768,9.805104671061253
chr22,13737239,active,0.3885,1.764,9.845491226726576
chr22,13741239,active,0.3905,1.76,9.811522291670492
chr22,13745239,active,0.3865,1.768,9.859282050882475
chr22,13749239,active,0.3905,1.808,9.903300522546207
chr22,13753239,active,0.3895,1.768,9.833924000655857
chr22,13757239,active,0.388,1.82,9.940852700650536
chr22,13761239,active,0.394,1.832,9.938211865588157
chr22,13765239,active,0.395,1.776,9.856043120242347
chr22,13769239,active,0.3945,1.792,9.880657403572041
chr22,13773239,active,0.3925,1.776,9.857054818656257
chr22,13777239,active,0.392,1.744,9.828168331955466
chr22,13781239,active,0.3925,1.756,9.837952950925395
chr22,13785239,active,0.394,1.784,9.868412847345663
chr22,13789239,active,0.389,1.752,9.801454131222457
chr22,13793239,active,0.389,1.748,9.803653668751013
chr22,13797239,active,0.389,1.736,9.82051157549817
chr22,13801239,active,0.386,1.772,9.883341583090719
chr22,13805239,active,0.3875,1.772,9.883371681073585
chr22,13809239,active,0.389,1.792,9.887548285459424
chr22,13813239,active,0.388,1.8,9.903582690864873
chr22,13817239,active,0.389,1.772,9.820303784765363
chr22,13821239,active,0.3955,1.792,9.886095600228892
chr22,13825239,active,0.393,1.748,9.832284302955086
chr22,13829239,active,0.3935,1.76,9.841552011189542
chr22,13833239,active,0.3875,1.78,9.885430536102461
chr22,13837239,active,0.3915,1.792,9.929328437753407
chr22,13841239,active,0.39,1.84,10.000766655378404
chr22,13845239,active,0.392,1.8,9.925010430502974
chr22,13849239,active,0.387,1.82,9.9547898902662
chr22,13853239,active,0.3855,1.804,9.909050044049447
chr22,13857239,active,0.39,1.796,9.93828588454009
chr22,13861239,active,0.3855,1.816,9.958336313170191
chr22,13865239,active,0.3895,1.808,9.919928093467004
chr22,13869239,active,0.389,1.808,9.942717986956493
chr22,13873239,active,0.3865,1.816,9.937127583235842
chr22,13877239,active,0.39,1.736,9.80408096119745
chr22,13881239,active,0.3885,1.76,9.868926562909113
chr22,13885239,active,0.388,1.76,9.830868958835916
chr22,13889239,active,0.387,1.796,9.922322689913582
chr22,13893239,active,0.3905,1.824,9.931103822826026
chr22,13897239,active,0.3905,1.82,9.919260271589154
chr22,13901239,active,0.391,1.812,9.921207157509217
chr22,13905239,active,0.389,1.764,9.829847652257262
chr22,13909239,active,0.3885,1.76,9.844665880723591
chr22,13913239,active,0.393,1.768,9.834269770726301
chr22,13917239,active,0.393,1.772,9.90824580967499
chr22,13921239,active,0.3895,1.78,9.88343666170103
chr22,13925239,active,0.39,1.808,9.86800964477716
chr22,13929239,active,0.3915,1.748,9.840797106727473
chr22,13933239,active,0.394,1.792,9.900097416005808
chr22,13937239,active,0.393,1.796,9.907530207429012
chr22,13941239,active,0.3905,1.844,9.971728321796332
chr22,13945239,active,0.389,1.804,9.908891363687388
chr22,13949239,active,0.3885,1.788,9.888386938241455
chr22,13953239,active,0.3855,1.78,9.884529073455436
chr22,13957239,active,0.3885,1.808,9.918553513393935
chr22,13961239,active,0.389,1.784,9.896551457338862
chr22,13965239,active,0.386,1.816,9.893701071385268
chr22,13969239,active,0.387,1.832,9.94577599714197
chr22,13973239,active,0.3925,1.848,9.972297952846253
chr22,13977239,active,0.389,1.908,10.08688966209851
chr22,13981239,active,0.388,1.908,10.054015792493596
chr22,13985239,active,0.3915,1.872,10.004001011970878
chr22,13989239,active,0.39,1.82,9.972897182604383
chr22,13993239,active,0.3955,1.752,9.839273709036386
chr22,13997239,active,0.3915,1.776,9.862883791659925
chr22,14001239,active,0.3885,1.788,9.921556682924049
chr22,14005239,active,0.3885,1.784,9.8638280232068
chr22,14009239,active,0.388,1.784,9.900170165852906
chr22,14013239,active,0.3885,1.792,9.875192253682664
chr22,14017239,active,0.3895,1.78,9.874365036794087
chr22,14021239,active,0.39,1.776,9.860395052341921
chr22,14025239,active,0.3855,1.8,9.878450726969568
chr22,14029239,active,0.394,1.812,9.935002451658175
chr22,14033239,active,0.3935,1.832,9.90318725751605
chr22,14037239,active,0.3925,1.804,9.933992137836238
chr22,14041239,active,0.3865,1.9,10.061214500010825
chr22,14045239,active,0.387,1.836,9.949157272101855
chr22,14049239,active,0.3925,1.864,9.987936071162014
chr22,14053239,active,0.39,1.888,10.04179261785903
chr22,14057239,active,0.3865,1.856,10.005171030564403
chr22,14061239,active,0.39,1.76,9.823366701408133
chr22,14065239,active,0.386,1.8,9.902852064838273
chr22,14069239,active,0.387,1.816,9.924825517273321
chr22,14073239,active,0.3825,1.864,10.048418632530323
chr22,14077239,active,0.3905,1.788,9.8701764704236
chr22,14081239,active,0.3895,1.788,9.890560603084886
chr22,14085239,active,0.3885,1.768,9.84678114955726
chr22,14089239,active,0.3925,1.816,9.907705057924643
chr22,14093239,active,0.392,1.812,9.941810571386105
chr22,14097239,active,0.3955,1.82,9.912803493572367
chr22,14101239,active,0.3915,1.808,9.941497950618354
chr22,14105239,active,0.391,1.768,9.850403474323505
chr22,14109239,active,0.3925,1.804,9.971707875943416
chr22,14113239,active,0.3935,1.808,9.907011197452967
chr22,14117239,active,0.389,1.788,9.838166660500285
chr22,14121239,active,0.3895,1.804,9.877892448858702
chr22,14125239,active,0.39,1.788,9.854046959591338
chr22,14129239,active,0.3875,1.78,9.887599621181963
chr22,14133239,active,0.3895,1.772,9.843082929237225
chr22,14137239,active,0.388,1.78,9.890662626495335
chr22,14141239,active,0.388,1.776,9.851303197912378
chr22,14145239,active,0.3875,1.804,9.893831392822635
chr22,14149239,active,0.392,1.796,9.880164000485511
chr22,14153239,active,0.3935,1.784,9.854156640902069
chr22,14157239,active,0.394,1.808,9.926930696556493
chr22,14161239,active,0.3895,1.8,9.88279480117891
chr22,14165239,active,0.391,1.764,9.861252450167706
chr22,14169239,active,0.3925,1.784,9.90047328977536
chr22,14173239,active,0.39,1.88,10.047774678483835
chr22,14177239,active,0.3895,1.792,9.882911350051646
chr22,14181239,active,0.389,1.808,9.91664107269789
chr22,14185239,active,0.387,1.788,9.895836537208782
chr22,14189239,active,0.3885,1.784,9.846049360028962
chr22,14193239,active,0.3915,1.788,9.85728911793621
chr22,14197239,active,0.3895,1.792,9.922702777548341
chr22,14201239,active,0.3875,1.772,9.900748424623261
chr22,14205239,active,0.3895,1.784,9.908528447946953
chr22,14209239,active,0.3935,1.768,9.861812844451695
chr22,14213239,active,0.3915,1.8,9.919362073909364
chr22,14217239,active,0.3915,1.776,9.865951227168862
chr22,14221239,active,0.3885,1.788,9.893526215173381
chr22,14225239,active,0.391,1.804,9.924784758943435
chr22,14229239,active,0.389,1.892,10.045218921151884
chr22,14233239,active,0.395,1.784,9.920342516554959
chr22,14237239,active,0.3905,1.784,9.834872611976685
chr22,14241239,active,0.3915,1.792,9.867960834283279
chr22,14245239,active,0.389,1.788,9.890202921451458
chr22,14249239,active,0.3905,1.752,9.877237413385012
chr22,14253239,active,0.39,1.78,9.874298400062814
chr22,14257239,active,0.387,1.892,10.051410504302886
chr22,14261239,active,0.386,1.9,10.071204338971075
chr22,14265239,active,0.386,1.9,10.094670981343532
chr22,14269239,active,0.3905,1.816,9.915009781627296
chr22,14273239,active,0.389,1.856,10.035306400370164
chr22,14277239,active,0.3905,1.812,9.922232634204013
chr22,14281239,active,0.3885,1.824,10.010774188156406
chr22,14285239,active,0.3875,1.844,9.986696663802057
chr22,14289239,active,0.389,1.804,9.895811405988818
chr22,14293239,active,0.3905,1.824,9.930579142870949
chr22,14297239,active,0.389,1.792,9.854516527379218
chr22,14301239,active,0.3885,1.756,9.82923679292413
chr22,14305239,active,0.39,1.756,9.824208472124033
chr22,14309239,active,0.3925,1.816,9.923872131914829
chr22,14313239,active,0.3905,1.844,9.923136848886191
chr22,14317239,active,0.389,1.824,10.000906983411932
chr22,14321239,active,0.385,1.8,9.899975384163
chr22,14325239,active,0.387,1.812,9.94079932182523
chr22,14329239,active,0.3915,1.844,9.998029257226884
chr22,14333239,active,0.392,1.84,9.976389618593915
chr22,14337239,active,0.39,1.812,9.89207355675934
chr22,14341239,active,0.3895,1.836,10.002844057009572
chr22,14345239,active,0.3925,1.748,9.804194724545939
chr22,14349239,active,0.3905,1.804,9.918424787162605
chr22,14353239,active,0.3875,1.808,9.895072733514485
chr22,14357239,active,0.391,1.748,9.796367574605021
chr22,14361239,active,0.385,1.82,9.888132902040978
chr22,14365239,active,0.384,1.824,9.909410013480999
chr22,14369239,active,0.385,1.868,9.995014098895648
chr22,14373239,active,0.387,1.812,9.913610098699285
chr22,14377239,active,0.3895,1.836,9.984958198760589
chr22,14381239,active,0.387,1.84,9.98611173745967
chr22,14385239,active,0.385,1.768,9.8832651665698
chr22,14389239,active,0.391,1.824,9.930747608738898
chr22,14393239,active,0.394,1.788,9.89440215388523
chr22,14397239,active,0.391,1.828,9.93558506338598
chr22,14401239,active,0.3905,1.78,9.881282373595644
chr22,14405239,active,0.3925,1.792,9.86571012122463
chr22,14409239,active,0.393,1.756,9.83653796698865
chr22,14413239,active,0.392,1.764,9.839977715196415
chr22,14417239,active,0.3905,1.768,9.850413974478071
chr22,14421239,active,0.3905,1.78,9.866058456321248
chr22,14425239,active,0.388,1.792,9.859075944618514
chr22,14429239,active,0.3865,1.784,9.87449216305948
chr22,14433239,active,0.3875,1.8,9.875921340641085
chr22,14437239,active,0.39,1.776,9.841899298271533
chr22,14441239,active,0.3875,1.756,9.820465222878841
chr22,14445239,active,0.391,1.76,9.82165891086228
chr22,14449239,active,0.3925,1.768,9.83027105753185
chr22,14453239,active,0.393,1.848,10.049383342462901
chr22,14457239,active,0.3915,1.824,9.95038138416935
chr22,14461239,active,0.392,1.76,9.831423083979255
chr22,14465239,active,0.3915,1.764,9.834948042337105
chr22,14469239,active,0.391,1.752,9.864388095557368
chr22,14473239,active,0.3905,1.764,9.860350523283644
chr22,14477239,active,0.388,1.768,9.847155389871759
chr22,14481239,active,0.3885,1.78,9.883440765795378
chr22,14485239,active,0.3905,1.784,9.845850641701936
chr22,14489239,active,0.3865,1.784,9.860609565236105
chr22,14493239,active,0.388,1.764,9.860166262848551
chr22,14497239,active,0.388,1.76,9.841828447675049
chr22,14501239,active,0.387,1.76,9.838073209628746
chr22,14505239,active,0.395,1.784,9.857429141925119
chr22,14509239,active,0.3955,1.784,9.84977822707181
chr22,14513239,active,0.396,1.808,9.874926975862508
chr22,14517239,active,0.391,1.792,9.848241494236602
chr22,14521239,active,0.391,1.772,9.882583572127313
chr22,14525239,active,0.393,1.772,9.843301307246671
chr22,14529239,active,0.3915,1.8,9.92750366091428
chr22,14533239,active,0.3905,1.792,9.916153235535809
chr22,14537239,active,0.3895,1.764,9.834592176999912
chr22,14541239,active,0.39,1.78,9.882378889444404
chr22,14545239,active,0.3885,1.772,9.861309655859277
chr22,14549239,active,0.386,1.796,9.925285931249611
chr22,14553239,active,0.389,1.792,9.8865713152139
chr22,14557239,active,0.3905,1.796,9.91535351907114
chr22,14561239,active,0.3875,1.792,9.896087261201657
chr22,14565239,active,0.3905,1.896,10.087204104878738
chr22,14569239,active,0.392,1.812,9.969634080088275
chr22,14573239,active,0.3925,1.84,9.994911334020053
chr22,14577239,active,0.389,1.808,9.90041367508233
chr22,14581239,active,0.3905,1.84,10.0408995618422
chr22,14585239,active,0.39,1.824,9.949594648382531
chr22,14589239,active,0.39,1.836,9.958398736036251
chr22,14593239,active,0.386,1.84,9.964248464653679
chr22,14597239,active,0.388,1.76,9.80603007877775
chr22,14601239,active,0.388,1.82,9.91988556926247
chr22,14605239,active,0.3845,1.816,9.936375569901182
chr22,14609239,active,0.3895,1.804,9.905857741708221
chr22,14613239,active,0.3885,1.832,9.954431576938456
chr22,14617239,active,0.3865,1.824,9.948807165414308
chr22,14621239,active,0.3865,1.832,9.970002178921904
chr22,14625239,active,0.3915,1.864,10.025107337212082
chr22,14629239,active,0.3885,1.876,10.020271427349416
chr22,14633239,active,0.392,1.808,9.898109937664602
chr22,14637239,active,0.3895,1.776,9.84979917124306
chr22,14641239,active,0.391,1.796,9.909652968254205
chr22,14645239,active,0.391,1.824,9.97282349130213
chr22,14649239,active,0.391,1.812,9.955061448659462
chr22,14653239,active,0.387,1.816,9.915007522194234
chr22,14657239,active,0.387,1.82,9.907643549697246
chr22,14661239,active,0.389,1.792,9.89398051031755
chr22,14665239,active,0.3875,1.804,9.939100153283565
chr22,14669239,active,0.3905,1.804,9.910173628617823
chr22,14673239,active,0.388,1.86,10.03484234808509
chr22,14677239,active,0.387,1.784,9.88837222422167
chr22,14681239,active,0.3875,1.788,9.892177396466034
chr22,14685239,active,0.3925,1.828,9.969992393416
chr22,14689239,active,0.391,1.844,10.009695775773134
chr22,14693239,active,0.389,1.868,10.068725164068745
chr22,14697239,active,0.386,1.828,9.975376109599981
chr22,14701239,active,0.39,1.792,9.903305816958765
chr22,14705239,active,0.388,1.864,10.024826929051795
chr22,14709239,active,0.394,1.788,9.867732404972365
chr22,14713239,active,0.3885,1.804,9.909454985676094
chr22,14717239,active,0.3895,1.756,9.792227375591604
chr22,14721239,active,0.3885,1.816,9.954893342973943
chr22,14725239,active,0.39,1.796,9.913024534946329
chr22,14729239,active,0.3905,1.772,9.844217123731015
chr22,14733239,active,0.388,1.828,9.969172862792716
chr22,14737239,active,0.387,1.788,9.900190755557961
chr22,14741239,active,0.3865,1.76,9.85715779986215
chr22,14745239,active,0.3925,1.808,9.907673807872582
chr22,14749239,active,0.3925,1.804,9.951880831074748
chr22,14753239,active,0.392,1.768,9.865014300604553
chr22,14757239,active,0.3885,1.788,9.882182457366957
chr22,14761239,active,0.3885,1.776,9.875836434535614
chr22,14765239,active,0.393,1.788,9.905273812958827
chr22,14769239,active,0.3915,1.82,9.965983374340762
chr22,14773239,active,0.389,1.792,9.906216692446495
chr22,14777239,active,0.3925,1.772,9.858598330382852
chr22,14781239,active,0.3875,1.82,9.957275705924058
chr22,14785239,active,0.3865,1.808,9.931331156205614
chr22,14789239,active,0.3895,1.78,9.895024587247665
chr22,14793239,active,0.39,1.796,9.940130696628128
chr22,14797239,active,0.3865,1.776,9.904024203772682
chr22,14801239,active,0.387,1.812,9.947564285654318
chr22,14805239,active,0.3915,1.828,9.946971507137913
chr22,14809239,active,0.393,1.804,9.925484899988234
chr22,14813239,active,0.3895,1.832,9.952801310277362
chr22,14817239,active,0.391,1.748,9.781900056155493
chr22,14821239,active,0.3885,1.808,9.970755127995456
chr22,14825239,active,0.395,1.752,9.834281572518472
chr22,14829239,active,0.3925,1.796,9.912642719685929
chr22,14833239,active,0.39,1.82,9.950352144687267
chr22,14837239,active,0.387,1.82,9.939645313172838
chr22,14841239,active,0.387,1.812,9.959510713086173
chr22,14845239,active,0.3885,1.772,9.853817178221208
chr22,14849239,active,0.388,1.788,9.879266674465606
chr22,14853239,active,0.39,1.804,9.909305813591837
chr22,14857239,active,0.387,1.772,9.860097311502683
chr22,14861239,active,0.3865,1.784,9.923506929924784
chr22,14865239,active,0.3925,1.804,9.8788024783284
chr22,14869239,active,0.3935,1.812,9.882384925322171
chr22,14873239,active,0.389,1.84,9.995679440250187
chr22,14877239,active,0.3905,1.764,9.813114065151021
chr22,14881239,active,0.3925,1.776,9.833429578876082
chr22,14885239,active,0.3935,1.764,9.818087822523914
chr22,14889239,active,0.3925,1.764,9.833316945540249
chr22,14893239,active,0.3875,1.88,10.012170022161596
chr22,14897239,active,0.389,1.804,9.87532023273259
chr22,14901239,active,0.3875,1.84,9.989277552353977
chr22,14905239,active,0.388,1.88,10.045980082581895
chr22,14909239,active,0.3895,1.844,9.994822042424381
chr22,14913239,active,0.3895,1.868,10.014294406557863
chr22,14917239,active,0.388,1.844,9.981721355928533
chr22,14921239,active,0.3875,1.808,9.940594007448007
chr22,14925239,active,0.387,1.828,9.910878924982974
chr22,14929239,active,0.388,1.852,9.964941666614589
chr22,14933239,active,0.3895,1.832,9.914416371416616
chr22,14937239,active,0.386,1.836,9.888371642948984
chr22,14941239,active,0.387,1.816,9.917780472933641
chr22,14945239,active,0.391,1.9,10.070759442333836
chr22,14949239,active,0.391,1.852,9.964426051800494
chr22,14953239,active,0.3905,1.836,10.005716710828587
chr22,14957239,active,0.3875,1.952,10.163868377018883
chr22,14961239,active,0.386,1.872,10.051372914328448
chr22,14965239,active,0.387,1.864,9.993024411542946
chr22,14969239,active,0.3915,1.84,10.025412930225336
chr22,14973239,active,0.3845,1.872,9.98672747071734
chr22,14977239,active,0.3885,1.928,10.137645125665573
chr22,14981239,active,0.3895,1.932,10.156320670177987
chr22,14985239,active,0.392,1.94,10.175593291574918
chr22,14989239,active,0.3875,1.856,9.964858771079099
chr22,14993239,active,0.3925,1.98,10.225838234750485
chr22,14997239,active,0.388,1.864,10.004218282616463
chr22,15001239,active,0.3885,1.928,10.118280903774629
chr22,15005239,active,0.387,1.848,9.99821511191167
chr22,15009239,active,0.389,1.844,9.971276585962082
chr22,15013239,active,0.391,1.852,9.99960303284508
chr22,15017239,active,0.3885,1.852,10.013104822668785
chr22,15021239,active,0.3885,1.852,9.977465334123533
chr22,15025239,active,0.387,1.84,10.006945535079618
chr22,15029239,active,0.3855,1.8,9.924347265627146
chr22,15033239,active,0.3885,1.788,9.882505605105743
chr22,15037239,active,0.387,1.792,9.900761405301136
chr22,15041239,active,0.386,1.776,9.872999189452367
chr22,15045239,active,0.3895,1.772,9.897741257558245
chr22,15049239,active,0.3915,1.82,9.923440127284831
chr22,15053239,active,0.393,1.788,9.908465755117636
chr22,15057239,active,0.3945,1.776,9.858115593359628
chr22,15061239,active,0.389,1.928,10.071664454619008
chr22,15065239,active,0.3915,1.84,9.968571483372386
chr22,15069239,active,0.389,1.808,9.92408582038948
chr22,15073239,active,0.3895,1.824,9.948834860111988
chr22,15077239,active,0.387,1.852,10.003876145138545
chr22,15081239,active,0.3915,1.824,9.953044819506774
chr22,15085239,active,0.387,1.932,10.190140510387986
chr22,15089239,active,0.386,1.856,10.001579346804707
chr22,15093239,active,0.3885,1.856,10.045241404391295
chr22,15097239,active,0.388,1.896,10.087526865618578
chr22,15101239,active,0.387,1.88,10.050918424910531
chr22,15105239,active,0.3855,1.82,9.984284778425529
chr22,15109239,active,0.3885,1.852,10.01137165203987
chr22,15113239,active,0.393,1.856,10.011641199863146
chr22,15117239,active,0.396,1.848,9.933174562601398
chr22,15121239,active,0.3915,1.824,9.934014981258095
chr22,15125239,active,0.393,1.852,9.967440572721179
chr22,15129239,active,0.39,1.82,9.93934211772855
chr22,15133239,active,0.3915,1.824,9.938226945506651
chr22,15137239,active,0.387,1.8,9.914805414421474
chr22,15141239,active,0.3865,1.828,9.948676185466171
chr22,15145239,active,0.3945,1.828,9.97875398939797
chr22,15149239,active,0.388,1.828,9.966854267503063
chr22,15153239,active,0.3945,1.868,10.001820181237054
chr22,15157239,active,0.393,1.808,9.950056054235594
chr22,15161239,active,0.392,1.82,9.89776148708086
chr22,15165239,active,0.394,1.788,9.860880852117498
chr22,15169239,active,0.391,1.816,9.92095210833173
chr22,15173239,active,0.392,1.8,9.918326075959758
chr22,15177239,active,0.395,1.816,9.96355192938493
chr22,15181239,active,0.3945,1.856,9.999485388040988
chr22,15185239,active,0.393,1.788,9.873183144886545
chr22,15189239,active,0.3885,1.844,9.960152939507017
chr22,15193239,active,0.391,1.844,9.962394614241171
chr22,15197239,active,0.3885,1.768,9.858888905331725
chr22,15201239,active,0.3845,1.852,9.973033624422362
chr22,15205239,active,0.3875,1.848,9.998461893551156
chr22,15209239,active,0.3865,1.888,10.046132366883771
chr22,15213239,active,0.3885,1.824,9.946402617553153
chr22,15217239,active,0.388,1.848,9.978536441524234
chr22,15221239,active,0.3935,1.872,9.978158125480409
chr22,15225239,active,0.387,1.832,9.957558621424146
chr22,15229239,active,0.3935,1.864,10.02540764152899
chr22,15233239,active,0.393,1.856,10.003815074331735
chr22,15237239,active,0.3875,1.844,9.993528070088674
chr22,15241239,active,0.391,1.856,9.990329371687233
chr22,15245239,active,0.387,1.8,9.909695737154077
chr22,15249239,active,0.389,1.852,9.99562635975323
chr22,15253239,active,0.389,1.728,9.826431207540745
chr22,15257239,active,0.389,1.836,9.977621560778797
chr22,15261239,active,0.3915,1.82,9.901302074097101
chr22,15265239,active,0.387,1.864,10.00696554351198
chr22,15269239,active,0.3835,1.684,9.78557406539428
chr22,15273239,active,0.385,1.676,9.742100044687405
chr22,15277239,active,0.389,1.8,9.914897646609782
chr22,15281239,active,0.3875,1.808,9.961859788597721
chr22,15285239,active,0.391,1.848,9.985962122238607
chr22,15289239,active,0.391,1.86,9.970367380911926
chr22,15293239,active,0.391,1.884,10.067758637839916
chr22,15297239,active,0.3945,1.84,9.966084262022303
chr22,15301239,active,0.3925,1.848,9.992857324550702
chr22,15305239,active,0.393,1.888,10.07376007520278
chr22,15309239,active,0.3935,1.808,9.921548636476299
chr22,15313239,active,0.3905,1.816,9.94503123836828
chr22,15317239,active,0.3925,1.816,9.996377354394664
chr22,15321239,active,0.3905,1.812,9.912586222926763
chr22,15325239,active,0.39,1.876,10.004097823923091
chr22,15329239,active,0.388,1.84,9.920137124939613
chr22,15333239,active,0.3865,1.852,9.96084352185237
chr22,15337239,active,0.3905,1.852,10.018212766594285
chr22,15341239,active,0.388,1.84,10.015534534282702
chr22,15345239,active,0.386,1.872,10.046995685100168
chr22,15349239,active,0.388,1.836,9.990596084521
chr22,15353239,active,0.3885,1.852,10.049279142573718
chr22,15357239,active,0.39,1.868,10.00079514767906
chr22,15361239,active,0.391,1.848,9.96746259172356
chr22,15365239,active,0.384,1.832,9.942513204386701
chr22,15369239,active,0.3915,1.856,10.014901550344181
chr22,15373239,active,0.386,1.836,9.98420717730267
chr22,15377239,active,0.3895,1.824,9.953473977714737
chr22,15381239,active,0.384,1.824,9.930368185331206
chr22,15385239,active,0.386,1.904,10.102174097272032
chr22,15389239,active,0.388,1.848,10.000439592102728
chr22,15393239,active,0.3835,1.804,9.89858732509372
chr22,15397239,active,0.3865,1.836,9.956412913798808
chr22,15401239,active,0.3915,1.848,10.014949247757844
chr22,15405239,active,0.3905,1.852,10.008277679618788
chr22,15409239,active,0.3865,1.832,10.01408571416745
chr22,15413239,active,0.393,1.852,10.028669775773453
chr22,15417239,active,0.384,1.804,9.911964397653499
chr22,15421239,active,0.387,1.828,9.963432268294584
chr22,15425239,active,0.387,1.876,9.968774948920565
chr22,15429239,active,0.391,1.908,10.100975005105163
chr22,15433239,active,0.39,1.9,10.123617625761007
chr22,15437239,active,0.3865,1.876,10.036479808409403
chr22,15441239,active,0.386,1.832,9.928985558810371
chr22,15445239,active,0.3875,1.832,9.965201212601613
chr22,15449239,active,0.3945,1.856,9.991630100265589
chr22,15453239,active,0.39,1.816,9.888240663000829
chr22,15457239,active,0.389,1.792,9.933816971863457
chr22,15461239,active,0.387,1.828,9.92730083277663
chr22,15465239,active,0.389,1.856,9.9448858931503
chr22,15469239,active,0.388,1.824,9.936817720219533
chr22,15473239,active,0.3855,1.864,10.020110847736722
chr22,15477239,active,0.387,1.912,10.072548660868833
chr22,15481239,active,0.384,1.872,9.99572935239166
chr22,15485239,active,0.3865,1.852,9.989775257976357
chr22,15489239,active,0.393,1.824,9.97213535694735
chr22,15493239,active,0.389,1.82,9.929661593044692
chr22,15497239,active,0.3905,1.812,9.884027242638462
chr22,15501239,active,0.389,1.82,9.968534203158812
chr22,15505239,active,0.3855,1.784,9.93578599227302
chr22,15509239,active,0.389,1.8,9.934582435829327
chr22,15513239,active,0.3885,1.816,9.958606055267182
chr22,15517239,active,0.3875,1.844,9.98032958131238
chr22,15521239,active,0.392,1.888,10.027739433826833
chr22,15525239,active,0.3875,1.836,9.948420055741353
chr22,15529239,active,0.3875,1.888,10.042912452799216
chr22,15533239,active,0.3895,1.82,9.916415014139448
chr22,15537239,active,0.388,1.88,10.016973906425754
chr22,15541239,active,0.392,1.9,10.057635436746624
chr22,15545239,active,0.39,1.776,9.878866938580941
chr22,15549239,active,0.388,1.84,9.97271534905961
chr22,15553239,active,0.388,1.816,10.014587467746304
chr22,15557239,active,0.39,1.872,10.060581704629692
chr22,15561239,active,0.3865,1.82,10.003405862702001
chr22,15565239,active,0.386,1.84,9.956735314356195
chr22,15569239,active,0.3825,1.804,9.956777811744248
chr22,15573239,active,0.3835,1.864,10.009753568453643
chr22,15577239,active,0.389,1.8,9.88879725151876
chr22,15581239,active,0.3845,1.816,9.955887098114829
chr22,15585239,active,0.3905,1.804,9.906792713840371
chr22,15589239,active,0.39,1.824,9.95631645631279
chr22,15593239,active,0.391,1.836,9.966692669197144
chr22,15597239,active,0.3915,1.788,9.891900794071807
chr22,15601239,active,0.392,1.804,9.906338447061213
chr22,15605239,active,0.389,1.796,9.859373857082723
chr22,15609239,active,0.391,1.804,9.889812067866584
chr22,15613239,active,0.3915,1.848,9.946577009527983
chr22,15617239,active,0.3875,1.836,9.940478128518597
chr22,15621239,active,0.394,1.816,9.886286826564401
chr22,15625239,active,0.3895,1.852,9.955014188666269
chr22,15629239,active,0.3855,1.812,9.899667974853482
chr22,15633239,active,0.3905,1.8,9.888165265173159
chr22,15637239,active,0.392,1.836,9.971905492622813
chr22,15641239,active,0.389,1.816,9.912565467313001
chr22,15645239,active,0.3905,1.82,9.972962136415337
chr22,15649239,active,0.3885,1.804,9.918233117690285
chr22,15653239,active,0.3875,1.82,9.903941281420709
chr22,15657239,active,0.389,1.828,9.912150689758864
chr22,15661239,active,0.39,1.836,9.93847750359078
chr22,15665239,active,0.389,1.832,9.930605762737498
chr22,15669239,active,0.387,1.86,9.956765932713967
chr22,15673239,active,0.385,1.8,9.878186745070717
chr22,15677239,active,0.388,1.82,9.971118730019539
chr22,15681239,active,0.391,1.856,9.99447296014638
chr22,15685239,active,0.3895,1.84,9.921208232340337
chr22,15689239,active,0.3865,1.828,9.943910107506731
chr22,15693239,active,0.39,1.812,9.925875791822124
chr22,15697239,active,0.3905,1.788,9.88812166613754
chr22,15701239,active,0.3915,1.876,10.02007190570312
chr22,15705239,active,0.3865,1.876,9.964762540399601
chr22,15709239,active,0.374,2.072,10.43127141422288
