start,end,n_acgt,gc,H1,H3,H11,lz_norm,gzip_bpb,bz2_bpb,R_uniform,R_shuffle
9000000,9002000,2000,0.425,1.7164955742548158,4.46437750415696,9.299405736945124,0.4962017388809594,1.592,1.564,0.0,0.0
9004000,9006000,2000,0.4375,1.7268088690545587,4.5240291901067815,9.526298387994862,0.5181333074502835,1.732,1.688,0.0,0.0
9008000,9010000,2000,0.425,1.766580436473112,4.539923222575878,9.469289957346422,0.5071675231656215,1.688,1.532,0.0,0.0
9012000,9014000,2000,0.4155,1.7413760085305432,4.489151616019798,9.487594912112462,0.5263576456637802,1.72,1.604,0.0,0.0
9016000,9018000,2000,0.416,1.7907759682628444,4.578968087398667,9.543661167414365,0.5236161995926146,1.716,1.668,0.0,0.0
9020000,9022000,2000,0.4085,1.777570807238426,4.5424757851435515,9.571072249265509,0.5290990917349456,1.704,1.616,0.0,0.0
9024000,9026000,2000,0.302,1.882910401987809,5.56297141787124,10.952522564677139,0.9238673259827808,2.672,2.428,0.0,0.05
9028000,9030000,2000,0.3185,1.8974583574565616,5.623439813473978,10.944103023218767,0.9129015416981187,2.636,2.448,0.0,0.0
9032000,9034000,2000,0.3225,1.9061369258220355,5.613409178514728,10.955537640054024,0.9238673259827808,2.664,2.428,0.0,0.35
9036000,9038000,2000,0.3495,1.9314481039916958,5.72706690899712,10.94247231342086,0.9320916641962773,2.668,2.46,0.0,0.0
9040000,9042000,2000,0.353,1.9267825713801285,5.67592377758145,10.91095943766436,0.9293502181251118,2.628,2.44,0.0,0.0
9044000,9046000,2000,0.318,1.9012387567861255,5.633704944710253,10.949507489300254,0.9266087720539463,2.62,2.46,0.0,0.0
9048000,9050000,2000,0.3805,1.958363890044269,5.764520290799519,10.93335725538698,0.9540232327656015,2.708,2.46,0.0,0.0
9052000,9054000,2000,0.3055,1.8772831169058741,5.5473908138448795,10.945733733016674,0.8991943113422911,2.632,2.46,0.0,0.0
9056000,9058000,2000,0.3295,1.9116755399995975,5.648532381540806,10.953527589802766,0.9266087720539463,2.668,2.484,0.0,0.075
9060000,9062000,2000,0.285,1.8491544917974065,5.4687611907128275,10.893898838373072,0.8964528652711256,2.648,2.42,0.0,0.0
9064000,9066000,2000,0.314,1.8974808841490989,5.598568233431393,10.958552715430907,0.9046772034846221,2.632,2.452,0.0,1.0
9068000,9070000,2000,0.3375,1.9219902092036898,5.68877619517015,10.95654266517965,0.9430574484809394,2.672,2.448,0.0,0.25
9072000,9074000,2000,0.321,1.9025532675544377,5.629376485955005,10.940082922716252,0.9238673259827808,2.64,2.456,0.0,0.0
9076000,9078000,2000,0.322,1.9065062296909858,5.642305631844971,10.955537640054022,0.9348331102674429,2.684,2.5,0.0,0.225
9080000,9082000,2000,0.409,1.9759331905054256,5.823723771414036,10.883395166280499,0.9074186495557877,2.64,2.476,0.0,0.0
9084000,9086000,2000,0.31,1.8926857603507432,5.59659892120084,10.951517539551512,0.9211258799116152,2.668,2.456,0.0,0.05
9088000,9090000,2000,0.305,1.8499807573358724,5.476353522315348,10.952522564677139,0.9156429877692842,2.628,2.36,0.0,0.3
9092000,9094000,2000,0.3315,1.9156903045555707,5.670985913088126,10.95654266517965,0.9293502181251118,2.676,2.472,0.0,0.375
9096000,9098000,2000,0.5505,1.9760907237301413,5.76687149190266,10.952522564677139,0.9348331102674429,2.656,2.444,0.0,0.025
9100000,9102000,2000,0.3855,1.955592860789703,5.730367982775132,10.931909725476812,0.9238673259827808,2.656,2.456,0.0,0.0
9104000,9106000,2000,0.405,1.9607862623135366,5.73923989180143,10.804939315691705,0.89371141919996,2.576,2.432,0.0,0.0
9108000,9110000,2000,0.4155,1.9614765072040257,5.739579575489165,10.858243423300182,0.9074186495557877,2.624,2.444,0.0,0.0
9112000,9114000,2000,0.4215,1.9724189932634675,5.786632746544001,10.84769466264318,0.8909699731287946,2.552,2.432,0.0,0.0
9116000,9118000,2000,0.417,1.9713859060178673,5.8139567792112965,10.921100793313839,0.9211258799116152,2.628,2.468,0.0,0.0
9120000,9122000,2000,0.365,1.9366617973698927,5.681331733044581,10.874204656362853,0.8909699731287946,2.596,2.464,0.0,0.0
9124000,9126000,2000,0.382,1.9507625145942236,5.745430586143933,10.95754769030528,0.9540232327656015,2.68,2.452,0.0,0.6
9128000,9130000,2000,0.3645,1.9427798268123306,5.7179672727710775,10.946985102361232,0.9211258799116152,2.664,2.48,0.0,0.0
9132000,9134000,2000,0.5145,1.9888525191517619,5.775768615602656,10.954532614928395,0.945798894552105,2.732,2.42,0.0,0.025
9136000,9138000,2000,0.4915,1.9987861441605723,5.8183716445138565,10.95754769030528,0.945798894552105,2.716,2.488,0.0,0.625
9140000,9142000,2000,0.453,1.9757192804346069,5.780890185056332,10.95654266517965,0.9348331102674429,2.66,2.468,0.0,0.275
9144000,9146000,2000,0.468,1.9943906233623656,5.789016505868854,10.902763996833595,0.8690384045594703,2.48,2.364,0.0,0.0
9148000,9150000,2000,0.358,1.9371091110893697,5.721251964276196,10.958552715430907,0.9375745563386084,2.668,2.452,0.0,1.0
9152000,9154000,2000,0.415,1.9549268185041635,5.677664690695364,10.851089078473422,0.8800041888441325,2.56,2.368,0.0,0.0
9156000,9158000,2000,0.4905,1.9923209418139345,5.756908756489755,10.94548738879774,0.9430574484809394,2.692,2.456,0.0,0.0
9160000,9162000,2000,0.5175,1.9968145149940364,5.841293379670648,10.817622147407748,0.8854870809864634,2.528,2.424,0.0,0.0
9164000,9166000,2000,0.4385,1.9873893876590374,5.832528013927655,10.934432112415843,0.9430574484809394,2.712,2.476,0.0,0.0
9168000,9170000,2000,0.448,1.9897514711184878,5.775910358284152,10.958552715430907,0.9403160024097739,2.696,2.476,0.0,1.0
9172000,9174000,2000,0.375,1.950613008349056,5.728263744889731,10.95654266517965,0.9430574484809394,2.688,2.476,0.0,0.4
9176000,9178000,2000,0.364,1.8871922521072895,5.545547142485301,10.93440510346859,0.9183844338404498,2.64,2.4,0.0,0.0
9180000,9182000,2000,0.507,1.9708517132094414,5.767914804605651,10.470262436806307,0.8416239438478151,2.432,2.26,0.0,0.0
9184000,9186000,2000,0.37,1.9506230738160564,5.757751971840515,10.954532614928395,0.951281786694436,2.684,2.436,0.0,0.075
9188000,9190000,2000,0.4625,1.9870659768887942,5.8164160167006465,10.953148249349418,0.9595061249079325,2.732,2.48,0.0,0.0
9192000,9194000,2000,0.3995,1.969626662048198,5.797053783706956,10.954532614928395,0.9430574484809394,2.712,2.484,0.0,0.05
9196000,9198000,2000,0.403,1.9560917210905633,5.747608908765427,10.951517539551514,0.9320916641962773,2.676,2.44,0.0,0.0
9200000,9202000,2000,0.436,1.9795315079672389,5.82207219382093,10.955537640054024,0.9622475709790981,2.688,2.476,0.0,0.075
9204000,9206000,2000,0.3825,1.9558304768379386,5.754163032787086,10.95754769030528,0.9375745563386084,2.704,2.472,0.0,0.6
9208000,9210000,2000,0.372,1.949114181058192,5.733843653530613,10.955537640054022,0.951281786694436,2.672,2.404,0.0,0.2
9212000,9214000,2000,0.388,1.9629452293689433,5.721833734666456,10.939457238043971,0.9238673259827808,2.652,2.444,0.0,0.0
9216000,9218000,2000,0.349,1.9243342312443037,5.676101874658705,10.949507489300254,0.9320916641962773,2.68,2.468,0.0,0.0
9220000,9222000,2000,0.4115,1.9646854294170375,5.713332817218716,10.217299696896976,0.7429318852858563,2.192,2.148,0.0,0.0
9224000,9226000,2000,0.4685,1.9959969908059154,5.8737928815412905,10.894324807125335,0.9348331102674429,2.608,2.428,0.0,0.0
9228000,9230000,2000,0.494,1.9992000804416052,5.829159840603419,10.926638255629744,0.9348331102674429,2.676,2.452,0.0,0.0
9232000,9234000,2000,0.423,1.9821406224406828,5.7924639885506215,10.902971842155726,0.9430574484809394,2.684,2.412,0.0,0.0
9236000,9238000,2000,0.3745,1.9534991395735535,5.741387850861438,10.958552715430907,0.9540232327656015,2.664,2.452,0.0,1.0
9240000,9242000,2000,0.461,1.9828631473449285,5.791187603398022,10.568085069791287,0.8388824977766496,2.42,2.292,0.0,0.0
9244000,9246000,2000,0.438,1.988129920871097,5.838951784552844,10.91520363879448,0.9320916641962773,2.648,2.492,0.0,0.0
9248000,9250000,2000,0.421,1.9808018081070073,5.834570191869486,10.877352727974165,0.9129015416981187,2.576,2.424,0.0,0.0
9252000,9254000,2000,0.4485,1.98781665680629,5.824164564517388,10.954532614928393,0.9540232327656015,2.684,2.468,0.0,0.05
9256000,9258000,2000,0.415,1.978884695813857,5.802185459048035,10.958552715430907,0.951281786694436,2.712,2.488,0.0,1.0
9260000,9262000,2000,0.43,1.9836439167503794,5.824701535704471,10.948123123721277,0.956764678836767,2.676,2.472,0.0,0.0
9264000,9266000,2000,0.487,1.9327950284540705,5.549413273321904,9.214707672674667,0.5921523513717527,1.768,1.776,0.0,0.0
9268000,9270000,2000,0.401,1.9678134645596188,5.7851221829860275,10.954532614928395,0.945798894552105,2.672,2.512,0.0,0.175
9272000,9274000,2000,0.4395,1.9751791758109292,5.823581957909225,10.907902470446249,0.9101600956269531,2.624,2.42,0.0,0.0
9276000,9278000,2000,0.3705,1.9490807684030949,5.738169458919254,10.953527589802766,0.9485403406232704,2.66,2.456,0.0,0.05
9280000,9282000,2000,0.397,1.963312905054256,5.7320798278080165,10.933294091055787,0.9348331102674429,2.628,2.416,0.0,0.0
9284000,9286000,2000,0.4075,1.9726798881567549,5.816204872485089,10.745454405403795,0.8854870809864634,2.52,2.388,0.0,0.0
9288000,9290000,2000,0.449,1.992248283609965,5.829113029190905,10.920024557409269,0.9211258799116152,2.696,2.492,0.0,0.0
9292000,9294000,2000,0.4005,1.9628731698862787,5.797302114744277,10.939457238043975,0.956764678836767,2.712,2.48,0.0,0.0
9296000,9298000,2000,0.356,1.9383197288394507,5.737623601930393,10.953527589802766,0.9403160024097739,2.672,2.452,0.0,0.05
9300000,9302000,2000,0.526,1.9954355046681242,5.763213278925138,10.372579096755393,0.7593805617128495,2.244,2.156,0.0,0.0
9304000,9306000,2000,0.459,1.9940732425658325,5.809131260200741,10.909306484275149,0.9293502181251118,2.648,2.436,0.0,0.0
9308000,9310000,2000,0.419,1.979749719307693,5.8301276388783565,10.958552715430907,0.9595061249079325,2.728,2.516,0.0,1.0
9312000,9314000,2000,0.429,1.9823525563304587,5.784280243866117,10.950512514425881,0.945798894552105,2.632,2.432,0.0,0.0
9316000,9318000,2000,0.545,1.9868441547820614,5.7483710486421655,10.557434463524176,0.8087265909938288,2.376,2.26,0.0,0.0
9320000,9322000,2000,0.407,1.9742582855039006,5.817212527687175,10.953527589802766,0.956764678836767,2.712,2.48,0.0,0.05
9324000,9326000,2000,0.399,1.9701768109034206,5.80998342873756,10.958552715430907,0.9622475709790981,2.68,2.496,0.0,1.0
9328000,9330000,2000,0.3735,1.9295957173029383,5.682741327102328,10.95654266517965,0.9403160024097739,2.696,2.476,0.0,0.5
9332000,9334000,2000,0.562,1.9724187518302898,5.599114154334946,9.916849287953301,0.6908444099337114,1.992,1.992,0.0,0.0
9336000,9338000,2000,0.4865,1.998226792219669,5.842776139230529,10.95654266517965,0.956764678836767,2.72,2.492,0.0,0.175
9340000,9342000,2000,0.4775,1.983054954290078,5.8161989831696825,10.86501171260311,0.9348331102674429,2.668,2.46,0.0,0.0
9344000,9346000,2000,0.402,1.9720785865475248,5.809927072377333,10.952143224223791,0.9375745563386084,2.704,2.416,0.0,0.0
9348000,9350000,2000,0.414,1.977303667177226,5.799464292448375,10.944728707891048,0.951281786694436,2.7,2.436,0.0,0.0
9352000,9354000,2000,0.436,1.9802409888704502,5.814319095917475,10.949128148846906,0.9485403406232704,2.712,2.476,0.0,0.0
9356000,9358000,2000,0.4235,1.980516670950699,5.7686206246890634,10.885905265666944,0.9156429877692842,2.628,2.476,0.0,0.0
9360000,9362000,2000,0.379,1.956049993072099,5.772927840008523,10.874558150278558,0.945798894552105,2.656,2.464,0.0,0.0
9364000,9366000,2000,0.4005,1.9677230225212319,5.762287927691135,10.926391911410814,0.9320916641962773,2.696,2.424,0.0,0.0
9368000,9370000,2000,0.4155,1.9766994221211343,5.829698266067871,10.95754769030528,0.9540232327656015,2.696,2.488,0.0,0.475
9372000,9374000,2000,0.4025,1.968291825779974,5.795084253302974,10.958552715430907,0.9540232327656015,2.696,2.464,0.0,1.0
9376000,9378000,2000,0.59,1.9617099296669338,5.739532918888132,10.844226195328242,0.8608140663459738,2.556,2.396,0.0,0.0
9380000,9382000,2000,0.5915,1.963601531521759,5.768143877194706,10.372623067189714,0.7127759785030356,2.036,2.276,0.0,0.0
9384000,9386000,2000,0.5995,1.964791414721065,5.776978429005478,10.632165893820709,0.7785706842110082,2.332,2.356,0.0,0.0
9388000,9390000,2000,0.615,1.958252213312167,5.757542019102668,10.618024331282976,0.7867950224245047,2.34,2.372,0.0,0.0
9392000,9394000,2000,0.617,1.956678270851878,5.755707364284122,10.642216145076988,0.7922779145668357,2.34,2.348,0.0,0.0
9396000,9398000,2000,0.603,1.9576541382420833,5.7404731597735585,10.594846967938054,0.762122007784015,2.264,2.344,0.0,0.0
9400000,9402000,2000,0.5985,1.9603398064337774,5.7453767112249094,10.490211006888215,0.751156223499353,2.132,2.312,0.0,0.0
9404000,9406000,2000,0.5865,1.963486008875947,5.763116134760324,10.696234490069944,0.8087265909938288,2.404,2.376,0.0,0.0
9408000,9410000,2000,0.604,1.9621785901393933,5.772130536396802,10.566768049875954,0.7703463459975115,2.292,2.348,0.0,0.0
9412000,9414000,2000,0.606,1.96178078717959,5.7695860492939115,10.603020165177497,0.7950193606380013,2.3,2.34,0.0,0.0
9416000,9418000,2000,0.6165,1.958502290029787,5.761663709719626,10.601010114926238,0.7922779145668357,2.3,2.336,0.0,0.0
9420000,9422000,2000,0.6055,1.9597839744063708,5.754452805915097,10.551630887536035,0.7484147774281874,2.212,2.32,0.0,0.0
9424000,9426000,2000,0.594,1.9637650169302638,5.757403812781482,10.71209770438878,0.8416239438478151,2.464,2.364,0.0,0.0
9428000,9430000,2000,0.591,1.961564073983983,5.761476788836842,10.6809419254943,0.8142094831361599,2.404,2.336,0.0,0.0
9432000,9434000,2000,0.5885,1.9699066529730545,5.791713072225051,10.496241157641977,0.756639115641684,2.184,2.3,0.0,0.0
9436000,9438000,2000,0.616,1.9578635292827877,5.771781341727924,10.593728594827905,0.7813121302821736,2.292,2.312,0.0,0.0
9440000,9442000,2000,0.6195,1.9572416840561682,5.75739514586818,10.498251207893233,0.7292246549300287,2.176,2.316,0.0,0.0
9444000,9446000,2000,0.6135,1.9580936699738338,5.766796181709254,10.612444731761489,0.7758292381398426,2.3,2.328,0.0,0.0
9448000,9450000,2000,0.5975,1.962198803455058,5.7367381501954915,10.687561243695306,0.8224338213496565,2.424,2.352,0.0,0.0
9452000,9454000,2000,0.5035,1.9991251056700883,5.886514462231641,10.93578740442146,0.9649890170502636,2.692,2.52,0.0,0.0
9456000,9458000,2000,0.3595,1.9382739924461774,5.703495547472107,10.952522564677139,0.9348331102674429,2.656,2.468,0.0,0.05
9460000,9462000,2000,0.462,1.9777115259487195,5.791967180743626,10.958552715430907,0.9540232327656015,2.704,2.48,0.0,1.0
9464000,9466000,2000,0.467,1.992084865795118,5.800129118678485,10.954532614928393,0.9649890170502636,2.72,2.484,0.0,0.05
9468000,9470000,2000,0.3515,1.9303016986841253,5.695848830433651,10.953527589802766,0.9622475709790981,2.692,2.44,0.0,0.1
9472000,9474000,2000,0.365,1.926201659573223,5.6581452345436345,10.958552715430907,0.9293502181251118,2.616,2.436,0.0,1.0
9476000,9478000,2000,0.4215,1.9596248353895749,5.76883017026385,10.904060975783803,0.951281786694436,2.7,2.472,0.0,0.0
9480000,9482000,2000,0.27,1.838240188657132,5.4420757645409505,10.955537640054022,0.8991943113422911,2.636,2.396,0.0,0.725
9484000,9486000,2000,0.3245,1.8919314507669729,5.572861362479656,10.950512514425881,0.9101600956269531,2.64,2.424,0.0,0.05
9488000,9490000,2000,0.417,1.9721135619905712,5.750658541295646,10.92516650342199,0.9348331102674429,2.66,2.428,0.0,0.0
9492000,9494000,2000,0.429,1.9609356849394648,5.6765752806847205,10.928401961662077,0.9129015416981187,2.608,2.448,0.0,0.0
9496000,9498000,2000,0.4775,1.9973676333537471,5.791199889192239,10.953527589802766,0.951281786694436,2.732,2.456,0.0,0.075
9500000,9502000,2000,0.286,1.8614585236880832,5.489825205150564,10.944482363672117,0.8854870809864634,2.564,2.428,0.0,0.0
9504000,9506000,2000,0.3265,1.9104263786132563,5.646054071461457,10.958552715430907,0.9403160024097739,2.672,2.436,0.0,1.0
9508000,9510000,2000,0.3275,1.909937278709853,5.6131970942878,10.952522564677139,0.9129015416981187,2.648,2.432,0.0,0.05
9512000,9514000,2000,0.265,1.8317602458726225,5.407885748731435,10.952522564677139,0.8909699731287946,2.54,2.404,0.0,0.5
9516000,9518000,2000,0.4355,1.9871936975569506,5.785433021290923,10.95754769030528,0.951281786694436,2.676,2.472,0.0,0.4
9520000,9522000,2000,0.3555,1.9338014729203594,5.683296021602728,10.928218781774323,0.9183844338404498,2.64,2.448,0.0,0.0
9524000,9526000,2000,0.3245,1.9091405619235122,5.6372993180546525,10.944103023218767,0.9019357574134566,2.58,2.476,0.0,0.0
9528000,9530000,2000,0.335,1.8963310819126054,5.573492301135688,10.949507489300258,0.9074186495557877,2.624,2.456,0.0,0.0
9532000,9534000,2000,0.2935,1.8714117281360818,5.520761916364115,10.955537640054022,0.9101600956269531,2.624,2.388,0.0,0.575
9536000,9538000,2000,0.2965,1.8566259130338123,5.492984277546573,10.915378772234478,0.8690384045594703,2.568,2.384,0.0,0.0
9540000,9542000,2000,0.3395,1.9180731763937549,5.6115691586039205,10.94850246417463,0.89371141919996,2.556,2.432,0.0,0.0
9544000,9546000,2000,0.3045,1.883024853223611,5.561081531932478,10.94209297296751,0.9046772034846221,2.668,2.452,0.0,0.0
9548000,9550000,2000,0.3045,1.8858796536743765,5.575649758952218,10.955537640054022,0.9320916641962773,2.656,2.452,0.0,0.475
9552000,9554000,2000,0.332,1.9137735368641484,5.641473946503947,10.9467387581423,0.9266087720539463,2.64,2.448,0.0,0.0
9556000,9558000,2000,0.4115,1.9757157709622328,5.798462771184853,10.94850246417463,0.9403160024097739,2.684,2.452,0.0,0.0
9560000,9562000,2000,0.3585,1.939831574801572,5.665282071836287,10.949507489300258,0.9375745563386084,2.66,2.472,0.0,0.0
9564000,9566000,2000,0.313,1.8940374692892603,5.5694452475383915,10.954532614928393,0.9320916641962773,2.636,2.404,0.0,0.15
9568000,9570000,2000,0.315,1.8411270719754134,5.424099697913824,10.94233931718644,0.8991943113422911,2.592,2.384,0.0,0.0
9572000,9574000,2000,0.4315,1.9841510162179943,5.769702192462526,10.958552715430907,0.9485403406232704,2.652,2.472,0.0,1.0
9576000,9578000,2000,0.324,1.8949864114818038,5.587271052525166,10.93248522649577,0.9156429877692842,2.66,2.46,0.0,0.0
9580000,9582000,2000,0.3085,1.8879622104515004,5.552193386847436,10.953527589802766,0.9129015416981187,2.632,2.452,0.0,0.15
9584000,9586000,2000,0.4105,1.9766632429724855,5.774094176018679,10.950133173972535,0.945798894552105,2.688,2.436,0.0,0.0
9588000,9590000,2000,0.3255,1.9091644874751057,5.632183623846973,10.95654266517965,0.9293502181251118,2.66,2.432,0.0,0.425
9592000,9594000,2000,0.4115,1.9741301350359908,5.7753314855823685,10.958552715430907,0.956764678836767,2.688,2.456,0.0,1.0
9596000,9598000,2000,0.366,1.945619530235685,5.7248595280292465,10.951517539551512,0.956764678836767,2.716,2.416,0.0,0.0
9600000,9602000,2000,0.344,1.9147356780360287,5.650772782408163,10.95151753955151,0.9211258799116152,2.64,2.452,0.0,0.025
9604000,9606000,2000,0.3565,1.9338450693110871,5.720710447751225,10.950708674991493,0.9320916641962773,2.676,2.488,0.0,0.0
9608000,9610000,2000,0.317,1.898800546930031,5.598773826533065,10.955537640054022,0.9183844338404498,2.64,2.448,0.0,0.325
9612000,9614000,2000,0.3145,1.8824681908082035,5.566580583778225,10.95754769030528,0.9074186495557877,2.644,2.472,0.0,0.825
9616000,9618000,2000,0.364,1.9422635300313331,5.721647952410603,10.91036662728421,0.951281786694436,2.692,2.44,0.0,0.0
9620000,9622000,2000,0.3605,1.9206785171676095,5.636417217100944,10.95654266517965,0.9320916641962773,2.636,2.436,0.0,0.5
9624000,9626000,2000,0.295,1.8704706670443212,5.536252167635736,10.955537640054024,0.8964528652711256,2.612,2.404,0.0,0.425
9628000,9630000,2000,0.2705,1.841164114476295,5.462207484590158,10.949507489300258,0.9019357574134566,2.584,2.388,0.0,0.125
9632000,9634000,2000,0.3215,1.9026609508548116,5.606158339970196,10.95151753955151,0.9101600956269531,2.652,2.468,0.0,0.05
9636000,9638000,2000,0.378,1.9447136250872292,5.709037457846011,10.95654266517965,0.9375745563386084,2.692,2.424,0.0,0.45
9640000,9642000,2000,0.295,1.866846621016523,5.514730419582863,10.936884667451633,0.9183844338404498,2.6,2.428,0.0,0.0
9644000,9646000,2000,0.2965,1.8760920611057332,5.541787613990176,10.954532614928395,0.9074186495557877,2.668,2.428,0.0,0.35
9648000,9650000,2000,0.293,1.8725558954468644,5.53643625669441,10.95151753955151,0.9046772034846221,2.628,2.424,0.0,0.1
9652000,9654000,2000,0.367,1.941311240041191,5.735249481218656,10.94548738879774,0.9320916641962773,2.712,2.472,0.0,0.0
9656000,9658000,2000,0.346,1.929741532797685,5.706132798663134,10.896241157641986,0.8827456349152979,2.544,2.404,0.0,0.0
9660000,9662000,2000,0.388,1.9410456551751756,5.682931395212432,10.95754769030528,0.9266087720539463,2.668,2.444,0.0,0.725
9664000,9666000,2000,0.335,1.9164162521224601,5.6303620527572305,10.7527890543389,0.8800041888441325,2.592,2.36,0.0,0.0
9668000,9670000,2000,0.367,1.9454236118618708,5.7047443142045715,10.95654266517965,0.9430574484809394,2.676,2.444,0.0,0.275
9672000,9674000,2000,0.297,1.8770990366062217,5.56187854526669,10.95654266517965,0.9266087720539463,2.672,2.468,0.0,0.625
9676000,9678000,2000,0.333,1.915605459986052,5.665246271412267,10.955537640054022,0.9211258799116152,2.676,2.428,0.0,0.325
9680000,9682000,2000,0.3165,1.899358490390923,5.630532358823816,10.941087947841881,0.9266087720539463,2.68,2.444,0.0,0.0
9684000,9686000,2000,0.3635,1.9452818108569199,5.726092777543307,10.94812312372128,0.9485403406232704,2.668,2.444,0.0,0.0
9688000,9690000,2000,0.3105,1.8822803753626862,5.565028696030967,10.888902786318281,0.8964528652711256,2.628,2.48,0.0,0.0
9692000,9694000,2000,0.335,1.8958432382675388,5.599415312025857,10.95113819909816,0.9266087720539463,2.688,2.464,0.0,0.075
9696000,9698000,2000,0.318,1.9014387073812935,5.611628242510296,10.95754769030528,0.9238673259827808,2.668,2.484,0.0,0.7
9700000,9702000,2000,0.281,1.8539435907586546,5.489532821647843,10.939703582262903,0.9046772034846221,2.624,2.432,0.0,0.0
9704000,9706000,2000,0.3085,1.8895429125704413,5.583315852810937,10.954532614928395,0.9074186495557877,2.628,2.468,0.0,0.35
9708000,9710000,2000,0.3525,1.933164316232659,5.7075139818907585,10.934874617200371,0.9211258799116152,2.664,2.408,0.0,0.0
9712000,9714000,2000,0.3455,1.9076575306313608,5.624250680147426,10.823441063393688,0.9019357574134566,2.636,2.396,0.0,0.0
9716000,9718000,2000,0.3265,1.899860632448594,5.596502177488136,10.958552715430907,0.9266087720539463,2.64,2.46,0.0,1.0
9720000,9722000,2000,0.354,1.904490600189007,5.612702234309375,10.91594267145128,0.9046772034846221,2.604,2.38,0.0,0.0
9724000,9726000,2000,0.3965,1.9526607142918966,5.735812594265143,10.884615314471228,0.9046772034846221,2.58,2.452,0.0,0.0
9728000,9730000,2000,0.28,1.8509542766230607,5.4804193200880595,10.913326584777638,0.8717798506306359,2.54,2.388,0.0,0.0
9732000,9734000,2000,0.6445,1.9280971327268195,5.699376238984466,10.88507963368635,0.9156429877692842,2.616,2.444,0.0,0.0
9736000,9738000,2000,0.619,1.9343215344754088,5.546377372856323,10.198536853958245,0.6524641649373941,2.02,1.98,0.0,0.0
9740000,9742000,2000,0.539,1.9796217640540619,5.544396377262518,10.74006292000018,0.7758292381398426,2.316,2.148,0.0,0.0
9744000,9746000,2000,0.549,1.9819487704516912,5.535149297378057,10.762551434341626,0.7867950224245047,2.4,2.16,0.0,0.0
9748000,9750000,2000,0.536,1.9839821714468626,5.726460193204082,10.86985749258467,0.8745212967018013,2.508,2.392,0.0,0.0
9752000,9754000,2000,0.3865,1.9559599301167434,5.756840552740828,10.95151753955151,0.9430574484809394,2.724,2.464,0.0,0.0
9756000,9758000,2000,0.3525,1.9326695142580688,5.667710604904159,10.930587145353318,0.9129015416981187,2.636,2.464,0.0,0.0
9760000,9762000,2000,0.491,1.9992387499702,5.785738189346358,10.95654266517965,0.9595061249079325,2.684,2.444,0.0,0.275
9764000,9766000,2000,0.449,1.9822601823500166,5.754131564154591,10.955537640054022,0.9485403406232704,2.688,2.476,0.0,0.2
9768000,9770000,2000,0.46,1.9913648192899611,5.7804342789510565,10.927889624974302,0.9403160024097739,2.648,2.448,0.0,0.0
9772000,9774000,2000,0.329,1.9129915476832902,5.641663934878185,10.948502464174625,0.9238673259827808,2.644,2.48,0.0,0.0
9776000,9778000,2000,0.343,1.9222683675302648,5.670984766405489,10.95754769030528,0.9348331102674429,2.68,2.48,0.0,0.7
9780000,9782000,2000,0.357,1.938192635976178,5.720509078930171,10.955537640054022,0.956764678836767,2.704,2.476,0.0,0.225
9784000,9786000,2000,0.34,1.9219353544281592,5.624751425474231,10.779896095478003,0.8717798506306359,2.544,2.376,0.0,0.0
9788000,9790000,2000,0.345,1.9270571016773788,5.712907362991313,10.948677597614624,0.9403160024097739,2.64,2.468,0.0,0.0
9792000,9794000,2000,0.4355,1.9825548510927984,5.825626996865738,10.95654266517965,0.9540232327656015,2.672,2.476,0.0,0.35
9796000,9798000,2000,0.372,1.9449247798921372,5.738152473659434,10.95252256467714,0.9403160024097739,2.704,2.464,0.0,0.025
9800000,9802000,2000,0.313,1.8957885736105875,5.544672993974907,10.731174912401512,0.8525897281324772,2.5,2.328,0.0,0.0
9804000,9806000,2000,0.3665,1.9438973152213144,5.753880392145706,10.93190972547681,0.9430574484809394,2.716,2.484,0.0,0.0
9808000,9810000,2000,0.4115,1.963115750356425,5.780301973878659,10.955537640054024,0.9430574484809394,2.692,2.48,0.0,0.175
9812000,9814000,2000,0.424,1.9511630645122484,5.762259382485914,10.875458119231775,0.9320916641962773,2.656,2.464,0.0,0.0
9816000,9818000,2000,0.3195,1.8646004467498662,5.522051091075073,10.947497439049,0.9101600956269531,2.62,2.436,0.0,0.05
9820000,9822000,2000,0.4375,1.9730257066525727,5.823078741521299,10.945108048344396,0.945798894552105,2.704,2.524,0.0,0.0
9824000,9826000,2000,0.4335,1.977237508336841,5.743511158340792,10.953527589802768,0.945798894552105,2.652,2.444,0.0,0.05
9828000,9830000,2000,0.3685,1.9068574215809078,5.595098399233479,10.958552715430907,0.9266087720539463,2.668,2.404,0.0,1.0
9832000,9834000,2000,0.3365,1.9144505443783502,5.631043982248851,10.948502464174627,0.9101600956269531,2.576,2.428,0.0,0.0
9836000,9838000,2000,0.458,1.98672493681979,5.7915834436446865,10.947497439049002,0.9403160024097739,2.684,2.468,0.0,0.0
9840000,9842000,2000,0.383,1.959966182503836,5.753243954474915,10.95754769030528,0.9540232327656015,2.656,2.428,0.0,0.525
9844000,9846000,2000,0.382,1.958685470698652,5.729032622520518,10.95654266517965,0.9540232327656015,2.664,2.456,0.0,0.325
9848000,9850000,2000,0.3605,1.9057856110694167,5.591319318009814,10.910311509400781,0.9074186495557877,2.624,2.432,0.0,0.0
9852000,9854000,2000,0.5875,1.9748400479620076,5.7635619106413145,10.945108048344395,0.9293502181251118,2.668,2.448,0.0,0.0
9856000,9858000,2000,0.3985,1.9672482769213646,5.756081267318431,10.912321559652032,0.9266087720539463,2.64,2.464,0.0,0.0
9860000,9862000,2000,0.5025,1.9346385797585979,5.389686764795659,10.50691931334825,0.8032436988514978,2.36,2.2,0.0,0.0
9864000,9866000,2000,0.406,1.9743396382550733,5.79791811878019,10.941713632514166,0.9348331102674429,2.684,2.488,0.0,0.0
9868000,9870000,2000,0.4515,1.988329496024567,5.823818029434784,10.921366785782675,0.945798894552105,2.68,2.492,0.0,0.0
9872000,9874000,2000,0.346,1.8777429063831481,5.537093595152054,10.954532614928395,0.9101600956269531,2.66,2.38,0.0,0.375
9876000,9878000,2000,0.4125,1.961738284283701,5.750694067951922,10.929406986787695,0.9238673259827808,2.648,2.492,0.0,0.0
9880000,9882000,2000,0.366,1.9220116200756634,5.662253163782603,10.928401961662074,0.9101600956269531,2.608,2.42,0.0,0.0
9884000,9886000,2000,0.418,1.974095856014796,5.811851420756216,10.95654266517965,0.9540232327656015,2.688,2.464,0.0,0.225
9888000,9890000,2000,0.4135,1.9781787500192485,5.817746403491805,10.95654266517965,0.9430574484809394,2.668,2.484,0.0,0.225
9892000,9894000,2000,0.3235,1.9080802985374508,5.63390767165601,10.955537640054022,0.9320916641962773,2.656,2.456,0.0,0.325
9896000,9898000,2000,0.313,1.8962247434925306,5.5925944363622575,10.95151753955151,0.9320916641962773,2.676,2.428,0.0,0.075
9900000,9902000,2000,0.4105,1.974039413013703,5.775863003959459,10.948677597614624,0.9375745563386084,2.7,2.452,0.0,0.0
9904000,9906000,2000,0.3345,1.9006407358114252,5.620837234432613,10.8761406551294,0.9238673259827808,2.62,2.42,0.0,0.0
9908000,9910000,2000,0.5485,1.9871394359508079,5.895575724790984,10.943477338546492,0.9540232327656015,2.752,2.472,0.0,0.0
9912000,9914000,2000,0.385,1.9469246926700163,5.724964182422964,10.936442162667092,0.9430574484809394,2.684,2.444,0.0,0.0
9916000,9918000,2000,0.3405,1.9188820864927718,5.652518252238269,10.954532614928393,0.9375745563386084,2.672,2.436,0.0,0.1
9920000,9922000,2000,0.286,1.8075420286223336,5.363747208342439,10.953527589802768,0.8745212967018013,2.576,2.42,0.0,0.75
9924000,9926000,2000,0.3495,1.9290823246953428,5.683906140799269,10.95654266517965,0.9348331102674429,2.66,2.452,0.0,0.425
9928000,9930000,2000,0.4085,1.9726925719417467,5.78537536048492,10.95754769030528,0.9649890170502636,2.712,2.456,0.0,0.5
9932000,9934000,2000,0.304,1.8276897188456638,5.404366187774905,10.949507489300254,0.9101600956269531,2.612,2.388,0.0,0.3
9936000,9938000,2000,0.362,1.9396621437876167,5.703541885127986,10.95654266517965,0.9293502181251118,2.668,2.432,0.0,0.375
9940000,9942000,2000,0.391,1.9633433930019206,5.797809199324279,10.95754769030528,0.9622475709790981,2.752,2.44,0.0,0.45
9944000,9946000,2000,0.4075,1.8554843526970337,5.328816351132534,10.26917798745517,0.7950193606380013,2.348,2.164,0.0,0.0
9948000,9950000,2000,0.463,1.9900807069353366,5.804454859723083,10.790541496003149,0.8909699731287946,2.588,2.392,0.0,0.0
9952000,9954000,2000,0.387,1.9590667752362212,5.737358755367964,10.958552715430907,0.945798894552105,2.696,2.468,0.0,1.0
9956000,9958000,2000,0.3995,1.953988301668904,5.7406470607529,10.95754769030528,0.9485403406232704,2.736,2.48,0.0,0.65
9960000,9962000,2000,0.4125,1.9757553472899798,5.82393147228838,10.847448318424245,0.9101600956269531,2.636,2.416,0.0,0.0
9964000,9966000,2000,0.419,1.9544954573635411,5.754158809698761,10.945487388797746,0.9403160024097739,2.688,2.444,0.0,0.0
9968000,9970000,2000,0.366,1.8832355088759527,5.53837824928307,10.952522564677139,0.9129015416981187,2.632,2.4,0.0,0.125
9972000,9974000,2000,0.3845,1.9094474123430387,5.618136833072682,10.955537640054022,0.9129015416981187,2.648,2.444,0.0,0.375
9976000,9978000,2000,0.344,1.8885885644677105,5.565149667866489,10.951763883770441,0.9183844338404498,2.62,2.416,0.0,0.1
9980000,9982000,2000,0.3495,1.9327793340335804,5.681951566304437,10.955537640054022,0.9348331102674429,2.68,2.456,0.0,0.25
9984000,9986000,2000,0.37,1.9446889413484174,5.636398294563172,10.325496779018437,0.6908444099337114,2.124,2.088,0.0,0.0
9988000,9990000,2000,0.36,1.9375880146284739,5.522384943534293,10.04285000883296,0.5894109053005872,1.888,1.884,0.0,0.0
9992000,9994000,2000,0.3575,1.9399508310478335,5.5304701056390755,10.110754085923459,0.5948937974429181,1.912,1.936,0.0,0.0
9996000,9998000,2000,0.3625,1.941695935274517,5.541414943594732,10.107573440565911,0.6524641649373941,1.988,1.928,0.0,0.0
10000000,10002000,2000,0.3595,1.940243393318106,5.519009175134972,10.126391462774054,0.5702207828024285,1.82,1.888,0.0,0.0
10004000,10006000,2000,0.3625,1.940955921602676,5.522433574068976,9.954814367143088,0.5537721063754354,1.796,1.828,0.0,0.0
10008000,10010000,2000,0.353,1.9341770853224587,5.538030913733194,10.155042409455064,0.6387569345815666,1.952,1.92,0.0,0.0
10012000,10014000,2000,0.357,1.9335014349642203,5.501759559025079,10.043880302722235,0.578445121015925,1.872,1.868,0.0,0.0
10016000,10018000,2000,0.3775,1.9529688606327393,5.673148947814132,10.437750743049467,0.6963273020760424,2.128,2.176,0.0,0.0
10020000,10022000,2000,0.377,1.9528812589820381,5.615179893663584,10.12285123594024,0.636015488510401,1.948,1.936,0.0,0.0
10024000,10026000,2000,0.3765,1.9525998266774571,5.55911692033524,9.65103727146541,0.4852359545962973,1.596,1.632,0.0,0.0
10028000,10030000,2000,0.379,1.954792662686173,5.563181622221849,9.613606597564228,0.46330438602697316,1.524,1.648,0.0,0.0
10032000,10034000,2000,0.3645,1.9396821529553763,5.533413575046957,10.08015959234651,0.5921523513717527,1.864,1.852,0.0,0.0
10036000,10038000,2000,0.364,1.9389471101346716,5.543810477150303,10.023758745311238,0.5702207828024285,1.84,1.864,0.0,0.0
10040000,10042000,2000,0.358,1.938030635866587,5.524571686459998,10.09482401854307,0.6031181356564147,1.928,1.872,0.0,0.0
10044000,10046000,2000,0.3635,1.9425837524280987,5.570413189947984,9.800687021036776,0.509908969236787,1.628,1.744,0.0,0.0
10048000,10050000,2000,0.454,1.6959105375471926,4.350488793417541,8.712495685524377,0.45508004781347655,1.512,1.408,0.0,0.0
10052000,10054000,2000,0.3945,1.9364806645414587,5.666353470049091,10.850975730488921,0.8662969584883048,2.512,2.368,0.0,0.0
10056000,10058000,2000,0.3625,1.9365939263047274,5.550934769518587,10.315940040619545,0.6743957335067183,2.06,1.996,0.0,0.0
10060000,10062000,2000,0.3715,1.9460458269310217,5.575948962183049,10.148634297123644,0.6113424738699113,1.924,1.908,0.0,0.0
10064000,10066000,2000,0.361,1.9383136903590914,5.531165538720825,10.147783295358064,0.6195668120834079,1.944,1.872,0.0,0.0
10068000,10070000,2000,0.3635,1.9413675574221123,5.526907163403288,10.096403221949807,0.5976352435140837,1.868,1.912,0.0,0.0
10072000,10074000,2000,0.3715,1.8841568182132242,5.555940436416906,10.955537640054022,0.9074186495557877,2.664,2.408,0.0,0.425
10076000,10078000,2000,0.364,1.9411082907630979,5.588440757565053,10.279586096181298,0.6469812727950631,2.004,2.02,0.0,0.0
10080000,10082000,2000,0.3545,1.9346242148171253,5.504032577307656,10.227217677531861,0.6305325963680699,1.952,1.904,0.0,0.0
10084000,10086000,2000,0.3575,1.9381563882482673,5.485922983855527,10.155616974735103,0.6168253660122424,1.92,1.924,0.0,0.0
10088000,10090000,2000,0.366,1.940977440214003,5.557836121075772,10.192477878494193,0.6168253660122424,1.956,1.952,0.0,0.0
10092000,10094000,2000,0.372,1.9453844053840212,5.684421127385127,10.630662897277153,0.7730877920686771,2.328,2.312,0.0,0.0
10096000,10098000,2000,0.363,1.9366056450044564,5.507546009210223,9.81085860582751,0.509908969236787,1.648,1.76,0.0,0.0
10100000,10102000,2000,0.352,1.9266113327664798,5.56571371265935,10.413940446187537,0.6908444099337114,2.132,2.04,0.0,0.0
10104000,10106000,2000,0.354,1.937563733631004,5.5826494438524135,10.5821778275514,0.7155174245742011,2.148,2.136,0.0,0.0
10108000,10110000,2000,0.36,1.9422582104840513,5.620278258071787,10.527356576638066,0.7676048999263461,2.28,2.204,0.0,0.0
10112000,10114000,2000,0.348,1.9280681964986586,5.543328798913506,10.38013843221497,0.6634299492220562,2.064,1.992,0.0,0.0
10116000,10118000,2000,0.362,1.939325820770215,5.547054866408921,10.265032924444908,0.6442398267238976,2.008,1.98,0.0,0.0
10120000,10122000,2000,0.362,1.9399833405304312,5.5585661141749005,10.261307252574019,0.6606885031508907,2.04,1.992,0.0,0.0
10124000,10126000,2000,0.4275,1.873985516483674,5.125371033253222,9.750383078674727,0.6332740424392355,1.896,1.864,0.0,0.0
10128000,10130000,2000,0.474,1.7189620692485255,4.507578021342546,9.102158878327895,0.5290990917349456,1.676,1.584,0.0,0.0
10132000,10134000,2000,0.3885,1.9432822243687369,5.542878502071805,10.36255392629749,0.6716542874355528,2.036,1.992,0.0,0.0
10136000,10138000,2000,0.3495,1.9286034495258122,5.515343985523168,10.185424621798076,0.636015488510401,1.956,1.936,0.0,0.0
10140000,10142000,2000,0.362,1.9403715062875386,5.575372563247147,10.215760454705284,0.6497227188662286,2.004,1.944,0.0,0.0
10144000,10146000,2000,0.3675,1.946392755184838,5.540204370788621,10.111975140954845,0.6140839199410768,1.908,1.884,0.0,0.0
10148000,10150000,2000,0.4625,1.9559255964314852,5.698765245249717,10.95654266517965,0.9183844338404498,2.648,2.468,0.0,0.425
10152000,10154000,2000,0.38,1.917123376751765,5.622342778785649,10.95151753955151,0.9183844338404498,2.636,2.408,0.0,0.05
10156000,10158000,2000,0.363,1.9416685448727278,5.585023857253731,10.228703866531282,0.641498380652732,1.992,1.968,0.0,0.0
10160000,10162000,2000,0.38,1.9390694306665823,5.6673560571573525,10.854123802100201,0.8690384045594703,2.552,2.4,0.0,0.0
10164000,10166000,2000,0.365,1.9419477102625573,5.553081243361224,10.260338251538139,0.6442398267238976,1.976,1.976,0.0,0.0
10168000,10170000,2000,0.3735,1.9469255126586382,5.616890016047462,10.37330316652934,0.699068748147208,2.12,2.108,0.0,0.0
10172000,10174000,2000,0.3595,1.935982882735229,5.513035076459399,10.210227129016486,0.6332740424392355,1.964,1.972,0.0,0.0
10176000,10178000,2000,0.3585,1.934153082660349,5.524663061504161,10.362528983635016,0.6387569345815666,2.0,2.016,0.0,0.0
10180000,10182000,2000,0.3465,1.9219802539458968,5.548485478355084,10.275477451264553,0.6524641649373941,2.016,2.092,0.0,0.0
10184000,10186000,2000,0.4405,1.8036521136385817,4.895010769298173,9.391447405493045,0.5702207828024285,1.768,1.696,0.0,0.0
10188000,10190000,2000,0.4595,1.7509347001606168,4.601550200630729,9.27615698064737,0.5208747535214491,1.648,1.556,0.0,0.0
10192000,10194000,2000,0.4675,1.7375366307502922,4.560817694284732,9.279742031307729,0.5181333074502835,1.704,1.58,0.0,0.0
10196000,10198000,2000,0.488,1.7883500315715797,4.838811187918412,9.61680529862099,0.6086010277987458,1.912,1.816,0.0,0.0
10200000,10202000,2000,0.464,1.6961480272982867,4.469088215775721,9.190932472063384,0.4742701703116352,1.6,1.56,0.0,0.0
10204000,10206000,2000,0.4565,1.717228939220128,4.587795168466177,9.469219399387041,0.5428063220907733,1.76,1.688,0.0,0.0
10208000,10210000,2000,0.465,1.7247499530836612,4.503694829833607,9.36272082215239,0.5318405378061112,1.748,1.58,0.0,0.0
10212000,10214000,2000,0.477,1.679895994876524,4.298000941541621,8.931186424490178,0.46604583209813866,1.54,1.44,0.0,0.0
10216000,10218000,2000,0.4545,1.6852821029217335,4.38622930358134,9.230118054395557,0.5153918613791181,1.656,1.52,0.0,0.0
10220000,10222000,2000,0.456,1.6980962994279543,4.4317173742564595,9.171896227976413,0.5153918613791181,1.66,1.536,0.0,0.0
10224000,10226000,2000,0.4795,1.7845737506864496,4.8252439785531935,9.572483770866608,0.5866694592294216,1.832,1.836,0.0,0.0
10228000,10230000,2000,0.4605,1.7221922236655725,4.525708706305863,9.135626128232321,0.47975306245396626,1.604,1.556,0.0,0.0
10232000,10234000,2000,0.461,1.7003980884568324,4.488298759259889,9.352414578937712,0.5428063220907733,1.732,1.6,0.0,0.0
10236000,10238000,2000,0.4655,1.7273253706895797,4.554672141432446,9.392971488874394,0.5400648760196077,1.78,1.628,0.0,0.0
10240000,10242000,2000,0.478,1.6855701647374028,4.36374913561884,9.118464709005185,0.4824945085251318,1.608,1.476,0.0,0.0
10244000,10246000,2000,0.4525,1.6851610321230495,4.342581364949379,9.14397337834344,0.49071884673862837,1.584,1.488,0.0,0.0
10248000,10250000,2000,0.4565,1.711780874034094,4.4918521893115155,9.16690987016486,0.504426077094456,1.68,1.552,0.0,0.0
10252000,10254000,2000,0.482,1.7919768643993186,4.859104353629105,9.676633978740599,0.6003766895852493,1.84,1.836,0.0,0.0
10256000,10258000,2000,0.459,1.717142342684239,4.477850896677406,8.978413882051784,0.4687872781693042,1.544,1.508,0.0,0.0
10260000,10262000,2000,0.455,1.7057928995415517,4.495340142280393,9.366633039443794,0.5345819838772767,1.756,1.6,0.0,0.0
10264000,10266000,2000,0.467,1.704539952890156,4.473143202431425,9.260366599728506,0.5263576456637802,1.696,1.592,0.0,0.0
10268000,10270000,2000,0.475,1.6946336098100836,4.361070399975715,9.077029527275368,0.4742701703116352,1.588,1.464,0.0,0.0
10272000,10274000,2000,0.4505,1.698374628976415,4.376197460822921,9.212218143205165,0.5071675231656215,1.616,1.5,0.0,0.0
10276000,10278000,2000,0.4545,1.702821588661273,4.442726927959704,9.077877988879308,0.5016846310232904,1.66,1.556,0.0,0.0
10280000,10282000,2000,0.4595,1.7057504036869655,4.422375775985519,9.299664939908787,0.4852359545962973,1.624,1.528,0.0,0.0
10284000,10286000,2000,0.4675,1.7326630202389073,4.522512882660067,9.249811667969295,0.5208747535214491,1.688,1.572,0.0,0.0
10288000,10290000,2000,0.4575,1.7305944672388158,4.559114280983351,9.241673261914745,0.5071675231656215,1.684,1.608,0.0,0.0
10292000,10294000,2000,0.463,1.703252252045289,4.4226447372390645,8.903656900295328,0.49346029280979387,1.604,1.5,0.0,0.0
10296000,10298000,2000,0.46,1.6935979518555953,4.360585052531023,8.773159651753595,0.46604583209813866,1.56,1.46,0.0,0.0
10300000,10302000,2000,0.469,1.7352304769063334,4.554970940106133,9.291923263502895,0.5016846310232904,1.656,1.56,0.0,0.0
10304000,10306000,2000,0.4665,1.669518013935841,4.2765343776155875,8.818848717384437,0.44685570959998,1.512,1.44,0.0,0.0
10308000,10310000,2000,0.376,1.9350985144893544,5.650156968543272,10.799699800831966,0.8443653899189807,2.484,2.356,0.0,0.0
10312000,10314000,2000,0.3635,1.9406289014711922,5.517408664036616,10.220944815151679,0.6332740424392355,1.944,1.932,0.0,0.0
10316000,10318000,2000,0.347,1.9261357474748388,5.594260225088968,10.600091767496993,0.7538976695705184,2.256,2.2,0.0,0.0
10320000,10322000,2000,0.361,1.9407650850493094,5.658380921601074,10.80747400936815,0.8498482820613117,2.476,2.364,0.0,0.0
10324000,10326000,2000,0.352,1.9303792282258478,5.55654867682193,10.436593510860073,0.704551640289539,2.156,2.064,0.0,0.0
10328000,10330000,2000,0.3565,1.9330780664281273,5.565187583616142,10.43027168350983,0.6963273020760424,2.112,2.084,0.0,0.0
10332000,10334000,2000,0.365,1.9379723744777095,5.538981411874844,9.909327975854124,0.5537721063754354,1.764,1.804,0.0,0.0
10336000,10338000,2000,0.3615,1.9373423887138095,5.550077819687498,10.266574951692677,0.6387569345815666,2.0,1.972,0.0,0.0
10340000,10342000,2000,0.371,1.947995243130814,5.519195133685321,10.12625455100277,0.6058595817275803,1.908,1.884,0.0,0.0
10344000,10346000,2000,0.362,1.938299885386393,5.511298094249531,9.972723185849592,0.583928013158256,1.812,1.828,0.0,0.0
10348000,10350000,2000,0.364,1.9404916295091728,5.556712677723152,10.10955210262922,0.6168253660122424,1.924,1.892,0.0,0.0
10352000,10354000,2000,0.382,1.9192536807951481,5.626213308057214,10.95654266517965,0.9238673259827808,2.668,2.424,0.0,0.575
10356000,10358000,2000,0.433,1.960709795208841,5.7294507193876205,10.878776390052959,0.8991943113422911,2.608,2.412,0.0,0.0
10360000,10362000,2000,0.356,1.9340662208894042,5.570177592921226,10.20781899898438,0.6387569345815666,2.008,1.952,0.0,0.0
10364000,10366000,2000,0.37,1.9462563109621862,5.576715086909297,10.172244600837466,0.6442398267238976,2.004,1.952,0.0,0.0
10368000,10370000,2000,0.3635,1.9399349278381939,5.538321955397299,10.17751678533319,0.6195668120834079,1.956,1.932,0.0,0.0
10372000,10374000,2000,0.368,1.9437854403363872,5.554143143870014,10.167092765264226,0.6140839199410768,1.904,1.9,0.0,0.0
10376000,10378000,2000,0.365,1.9422018837475261,5.5446227971342505,10.215651437621627,0.641498380652732,2.008,1.932,0.0,0.0
10380000,10382000,2000,0.378,1.943082434102951,5.673541568467396,10.806828676445965,0.836141051705484,2.484,2.388,0.0,0.0
10384000,10386000,2000,0.406,1.913752597137673,5.629852083417444,10.95754769030528,0.9183844338404498,2.68,2.444,0.0,0.9
10388000,10390000,2000,0.416,1.7498766836725612,4.572333982860221,9.560211476434477,0.5153918613791181,1.744,1.628,0.0,0.0
10392000,10394000,2000,0.4285,1.7665463731342497,4.706837410781027,9.779620965025302,0.5647378906600974,1.824,1.72,0.0,0.0
10396000,10398000,2000,0.436,1.7862684475808128,4.658141069712448,9.657360651837429,0.5428063220907733,1.716,1.612,0.0,0.0
10400000,10402000,2000,0.4185,1.7538740922822729,4.544741563639419,9.466473800866057,0.5181333074502835,1.68,1.568,0.0,0.0
10404000,10406000,2000,0.439,1.7029828676103176,4.4786755619759395,9.514491592060274,0.5181333074502835,1.696,1.628,0.0,0.0
10408000,10410000,2000,0.4275,1.7528641966204919,4.588634590802933,9.669804357750001,0.5674793367312629,1.772,1.628,0.0,0.0
10412000,10414000,2000,0.4245,1.7500291584822354,4.484065829938699,9.29636810740753,0.4989431849521249,1.664,1.532,0.0,0.0
10416000,10418000,2000,0.433,1.7529275826119328,4.5972961518292985,9.731529187818214,0.5455477681619388,1.804,1.644,0.0,0.0
10420000,10422000,2000,0.436,1.750902264027311,4.458566386753567,9.238087633133825,0.5071675231656215,1.672,1.564,0.0,0.0
10424000,10426000,2000,0.444,1.78673701270476,4.712545839981374,9.809393869987455,0.5674793367312629,1.792,1.668,0.0,0.0
10428000,10430000,2000,0.4005,1.8166566289183579,4.455558489263312,9.14374463190878,0.47975306245396626,1.596,1.524,0.0,0.0
10432000,10434000,2000,0.405,1.8182663705588187,4.370483817829853,8.610133475669544,0.4605629399558076,1.524,1.408,0.0,0.0
10436000,10438000,2000,0.4025,1.829529598048741,4.5376036612879,9.264249116803223,0.5290990917349456,1.708,1.568,0.0,0.0
10440000,10442000,2000,0.39,1.8068735578502724,4.374480773109753,8.83505371226125,0.4687872781693042,1.548,1.44,0.0,0.0
10444000,10446000,2000,0.4015,1.8644579359939277,4.81190495340733,9.54151507585553,0.5811865670870906,1.824,1.7,0.0,0.0
10448000,10450000,2000,0.397,1.8024473018290676,4.377746055958057,8.881482476479427,0.4742701703116352,1.548,1.456,0.0,0.0
10452000,10454000,2000,0.4005,1.8093893163532198,4.448889200726385,8.943952152098383,0.4742701703116352,1.564,1.472,0.0,0.0
10456000,10458000,2000,0.403,1.8153444002745598,4.398271082029728,8.934980815346972,0.4605629399558076,1.528,1.436,0.0,0.0
10460000,10462000,2000,0.3815,1.798115170511998,4.471642949750759,9.171404795202793,0.46604583209813866,1.536,1.472,0.0,0.0
10464000,10466000,2000,0.3915,1.7993892527938977,4.418677320952541,8.972294692446367,0.4742701703116352,1.572,1.46,0.0,0.0
10468000,10470000,2000,0.3935,1.8171773830329088,4.4860909839993015,9.17587210026075,0.4715287242404697,1.588,1.472,0.0,0.0
10472000,10474000,2000,0.393,1.8286345500074048,4.442338047871738,9.082239241562949,0.5071675231656215,1.62,1.476,0.0,0.0
10476000,10478000,2000,0.4375,1.9828556250660094,5.797174507015903,10.958552715430907,0.9595061249079325,2.72,2.436,0.0,1.0
10480000,10482000,2000,0.3935,1.9646505466663615,5.765129824128211,10.954532614928397,0.9649890170502636,2.676,2.456,0.0,0.025
10484000,10486000,2000,0.4365,1.9805013565022689,5.766023600239761,10.946884735054589,0.956764678836767,2.664,2.464,0.0,0.0
10488000,10490000,2000,0.404,1.9680311480658295,5.774502381733173,10.955537640054022,0.956764678836767,2.708,2.5,0.0,0.075
10492000,10494000,2000,0.388,1.8913605536024691,5.563306566391481,10.952522564677137,0.9156429877692842,2.64,2.392,0.0,0.1
10496000,10498000,2000,0.341,1.9156100618061176,5.64058654468651,10.952522564677139,0.9403160024097739,2.66,2.428,0.0,0.0
10500000,10502000,2000,0.367,1.9463619590962515,5.7278133230635815,10.958552715430907,0.9348331102674429,2.672,2.444,0.0,1.0
10504000,10506000,2000,0.354,1.9191833603967676,5.679957622920139,10.954532614928397,0.9293502181251118,2.688,2.444,0.0,0.075
10508000,10510000,2000,0.3825,1.9476229091341137,5.561106515098236,10.825041237788197,0.8662969584883048,2.456,2.352,0.0,0.0
10512000,10514000,2000,0.4395,1.9884289064534886,5.832007545035109,10.95654266517965,0.9649890170502636,2.704,2.504,0.0,0.075
10516000,10518000,2000,0.3685,1.8943558173834811,5.576081348386571,10.958552715430907,0.9266087720539463,2.668,2.412,0.0,1.0
10520000,10522000,2000,0.3555,1.934733163975359,5.702265400184129,10.949507489300258,0.9375745563386084,2.664,2.488,0.0,0.0
10524000,10526000,2000,0.4025,1.968523256219083,5.791148323368655,10.875761314676055,0.8964528652711256,2.604,2.472,0.0,0.0
10528000,10530000,2000,0.3765,1.9539079736136296,5.741253073903745,10.941201295826396,0.9348331102674429,2.7,2.456,0.0,0.0
10532000,10534000,2000,0.392,1.955248771418536,5.730395312600348,10.908641503103045,0.9348331102674429,2.66,2.416,0.0,0.0
10536000,10538000,2000,0.4005,1.95237313077114,5.7147804452322255,10.95654266517965,0.9485403406232704,2.696,2.48,0.0,0.375
10540000,10542000,2000,0.331,1.894599655253504,5.587728484226628,10.901356196262014,0.9129015416981187,2.604,2.444,0.0,0.0
10544000,10546000,2000,0.329,1.9008068172840369,5.617060009750043,10.946492413923375,0.9046772034846221,2.636,2.436,0.0,0.025
10548000,10550000,2000,0.315,1.8976106417886855,5.634591815961193,10.89091283656954,0.9183844338404498,2.636,2.432,0.0,0.0
10552000,10554000,2000,0.3825,1.9380144735997888,5.724104579531685,10.948502464174627,0.9375745563386084,2.68,2.464,0.0,0.0
10556000,10558000,2000,0.3705,1.9493591800754355,5.750536972100502,10.95754769030528,0.9540232327656015,2.684,2.496,0.0,0.65
10560000,10562000,2000,0.3495,1.893444560216995,5.571451632466697,10.95151753955151,0.9183844338404498,2.668,2.412,0.0,0.025
10564000,10566000,2000,0.4105,1.9734237843554094,5.781059070699871,10.922352162658392,0.9348331102674429,2.68,2.472,0.0,0.0
10568000,10570000,2000,0.3905,1.9268438694096333,5.644779003635959,10.92701759608309,0.9101600956269531,2.62,2.428,0.0,0.0
10572000,10574000,2000,0.3205,1.902886629079428,5.606015573373056,10.95654266517965,0.9156429877692842,2.652,2.476,0.0,0.35
10576000,10578000,2000,0.373,1.912657328935974,5.625252557755714,10.954532614928393,0.9320916641962773,2.668,2.444,0.0,0.175
10580000,10582000,2000,0.3235,1.9075373147219945,5.622329676445058,10.891575724217263,0.8991943113422911,2.56,2.404,0.0,0.0
10584000,10586000,2000,0.4325,1.9806543058243506,5.8010708182539865,10.838832337513521,0.9348331102674429,2.668,2.412,0.0,0.0
10588000,10590000,2000,0.415,1.96299570778833,5.78668445926657,10.949703649865862,0.956764678836767,2.688,2.464,0.0,0.0
10592000,10594000,2000,0.363,1.9318627724524022,5.674260596664216,10.95754769030528,0.9320916641962773,2.628,2.44,0.0,0.7
10596000,10598000,2000,0.358,1.938558400550514,5.7088559090064015,10.93744718779272,0.9430574484809394,2.7,2.472,0.0,0.0
10600000,10602000,2000,0.39,1.9626859338560008,5.781748955870365,10.953527589802768,0.9595061249079325,2.704,2.464,0.0,0.1
10604000,10606000,2000,0.6525,1.922245566348827,5.670680370357116,10.933047746836863,0.9156429877692842,2.616,2.5,0.0,0.0
10608000,10610000,2000,0.463,1.9948238976924089,5.83737638512546,10.805250243825737,0.9046772034846221,2.584,2.388,0.0,0.0
10612000,10614000,2000,0.3385,1.915335213813403,5.646012016102613,10.95252256467714,0.9320916641962773,2.688,2.436,0.0,0.125
10616000,10618000,2000,0.383,1.9149331215450727,5.63987302644375,10.944349367437699,0.9156429877692842,2.668,2.424,0.0,0.0
10620000,10622000,2000,0.384,1.9485150521317829,5.752102332877158,10.916834348592387,0.945798894552105,2.676,2.448,0.0,0.0
10624000,10626000,2000,0.4185,1.977478468393344,5.803216078963482,10.938698557137275,0.9375745563386084,2.672,2.448,0.0,0.0
10628000,10630000,2000,0.378,1.9467346946454835,5.730073141205795,10.928648305880992,0.9320916641962773,2.68,2.424,0.0,0.0
10632000,10634000,2000,0.3725,1.9503135180245588,5.743892594265801,10.95754769030528,0.951281786694436,2.688,2.464,0.0,0.55
10636000,10638000,2000,0.397,1.9679004996960268,5.807576546973971,10.9006535792757,0.9320916641962773,2.636,2.432,0.0,0.0
10640000,10642000,2000,0.3545,1.9351960291887726,5.745214164802561,10.940525427500793,0.9266087720539463,2.64,2.472,0.0,0.0
10644000,10646000,2000,0.355,1.9289874502063502,5.674770073858019,10.95754769030528,0.9595061249079325,2.656,2.416,0.0,0.775
10648000,10650000,2000,0.358,1.9346435933445816,5.716375757831576,10.949507489300254,0.9430574484809394,2.708,2.46,0.0,0.0
10652000,10654000,2000,0.3295,1.911359356963541,5.641236848712389,10.94649241392337,0.9211258799116152,2.672,2.452,0.0,0.0
10656000,10658000,2000,0.3955,1.9604723898681644,5.756082360671254,10.88375843243857,0.9430574484809394,2.672,2.428,0.0,0.0
10660000,10662000,2000,0.4005,1.9566129586276373,5.769468408823335,10.954532614928393,0.9320916641962773,2.644,2.468,0.0,0.1
10664000,10666000,2000,0.351,1.92428198292697,5.686524431856091,10.914331609903268,0.9211258799116152,2.62,2.424,0.0,0.0
10668000,10670000,2000,0.3525,1.9272870751033377,5.677465209530736,10.955537640054022,0.9320916641962773,2.644,2.388,0.0,0.25
10672000,10674000,2000,0.3315,1.9146473025055792,5.657395831886354,10.948502464174629,0.9266087720539463,2.676,2.472,0.0,0.0
10676000,10678000,2000,0.3475,1.9208987546025218,5.67557521531548,10.939899742828514,0.9266087720539463,2.672,2.48,0.0,0.0
10680000,10682000,2000,0.3575,1.9312820538227555,5.717208621009672,10.879155730506296,0.89371141919996,2.584,2.44,0.0,0.0
10684000,10686000,2000,0.3915,1.9316218678005606,5.69535670507899,10.94649241392337,0.9320916641962773,2.68,2.432,0.0,0.0
10688000,10690000,2000,0.354,1.9367021243518807,5.715602062864351,10.904161343090447,0.9183844338404498,2.632,2.44,0.0,0.0
10692000,10694000,2000,0.3705,1.9478887781363854,5.729758758952908,10.896461186038957,0.9156429877692842,2.648,2.424,0.0,0.0
10696000,10698000,2000,0.366,1.9449467923018455,5.7062501479580705,10.95654266517965,0.9293502181251118,2.688,2.436,0.0,0.35
10700000,10702000,2000,0.475,1.8031151561317516,4.838868323259717,8.649567640650929,0.5647378906600974,1.72,1.676,0.0,0.0
10704000,10706000,2000,0.424,1.9832407376915098,5.843114201803185,10.89597516517313,0.9156429877692842,2.632,2.46,0.0,0.0
10708000,10710000,2000,0.3985,1.9609265437286203,5.774138484900012,10.909831884595128,0.9403160024097739,2.704,2.448,0.0,0.0
10712000,10714000,2000,0.562,1.9638562019687553,5.721264536711725,10.915203638794491,0.8991943113422911,2.596,2.384,0.0,0.0
10716000,10718000,2000,0.414,1.971013804011257,5.757981598018856,10.923376836033926,0.9293502181251118,2.616,2.468,0.0,0.0
10720000,10722000,2000,0.387,1.9625181705813703,5.751578765797493,10.893273153700793,0.9293502181251118,2.636,2.448,0.0,0.0
10724000,10726000,2000,0.556,1.9871632484157535,5.772190088724891,10.86417405335647,0.9156429877692842,2.636,2.424,0.0,0.0
10728000,10730000,2000,0.4795,1.9960769686118678,5.816821246114975,10.862156642407882,0.8991943113422911,2.608,2.436,0.0,0.0
10732000,10734000,2000,0.3825,1.9402129235149177,5.602624040189671,10.823959020061988,0.8854870809864634,2.54,2.356,0.0,0.0
10736000,10738000,2000,0.4475,1.9790620240517056,5.602873201448903,9.9377941961774,0.693585856004877,2.004,2.012,0.0,0.0
10740000,10742000,2000,0.435,1.9847071922666262,5.797121329050216,10.786560422714095,0.8690384045594703,2.484,2.412,0.0,0.0
10744000,10746000,2000,0.4505,1.9736038658850406,5.795559197237396,10.74556144028247,0.8498482820613117,2.5,2.352,0.0,0.0
10748000,10750000,2000,0.542,1.9450985100149658,5.440113853792294,10.3771220215407,0.8059851449226634,2.368,2.256,0.0,0.0
10752000,10754000,2000,0.4325,1.9809469303122575,5.726234690010445,10.478341177412132,0.7538976695705184,2.208,2.244,0.0,0.0
10756000,10758000,2000,0.3395,1.8365042547291834,5.034472194232882,10.075934207674601,0.6195668120834079,1.876,1.848,0.0,0.0
10760000,10762000,2000,0.458,1.9926254130335255,5.829010937874786,10.721981976016657,0.8443653899189807,2.452,2.308,0.0,0.0
10764000,10766000,2000,0.3615,1.9279225053603979,5.692641233273677,10.947672572488996,0.9348331102674429,2.688,2.436,0.0,0.0
10768000,10770000,2000,0.376,1.9374405284120415,5.70814599543285,10.943273131533136,0.9293502181251118,2.652,2.436,0.0,0.0
10772000,10774000,2000,0.4455,1.9505983817840582,5.707545076560976,10.953527589802768,0.9348331102674429,2.648,2.42,0.0,0.2
10776000,10778000,2000,0.3855,1.9260581519583808,5.640448045448667,10.958552715430907,0.9320916641962773,2.656,2.424,0.0,1.0
10780000,10782000,2000,0.5215,1.9973925154018346,5.731735692331094,10.952522564677139,0.956764678836767,2.652,2.464,0.0,0.0
10784000,10786000,2000,0.5805,1.972371791098347,5.798482271640802,10.955537640054024,0.9430574484809394,2.644,2.512,0.0,0.175
10788000,10790000,2000,0.3855,1.9364041054690193,5.7103437536917845,10.92726394030202,0.9046772034846221,2.64,2.444,0.0,0.0
10792000,10794000,2000,0.416,1.9756908611357793,5.818998022367531,10.892909906142918,0.9074186495557877,2.64,2.468,0.0,0.0
10796000,10798000,2000,0.4605,1.990542998327019,5.837552466288659,10.955537640054024,0.9622475709790981,2.74,2.44,0.0,0.075
10800000,10802000,2000,0.3935,1.9565813843908402,5.732846017168777,10.952522564677139,0.9348331102674429,2.672,2.468,0.0,0.025
10804000,10806000,2000,0.2275,1.7731351078295934,4.9618972232857494,10.366977440299744,0.7292246549300287,2.208,2.14,0.0,0.0
10808000,10810000,2000,0.105,1.483775452168215,3.953110651486493,10.0254788347658,0.5592549985177664,1.78,1.74,0.0,0.0
10812000,10814000,2000,0.2355,1.7869872648723326,5.030153055418126,10.51433067614029,0.7703463459975115,2.284,2.184,0.0,0.0
10816000,10818000,2000,0.2435,1.8001041154739006,5.117425396773676,10.660507420622205,0.7840535763533392,2.304,2.228,0.0,0.0
10820000,10822000,2000,0.2195,1.7151663525350456,4.702879993488681,9.076724889956662,0.42492414103065584,1.428,1.412,0.0,0.0
10824000,10826000,2000,0.219,1.7198620925255568,4.684183906764362,8.733280749409172,0.33993931282452466,1.204,1.212,0.0,0.0
10828000,10830000,2000,0.22,1.7226809097027644,4.639266697199109,8.728593083553825,0.33719786675335917,1.208,1.22,0.0,0.0
10832000,10834000,2000,0.2135,1.7217875163688632,4.686640146942867,8.78572908025635,0.33719786675335917,1.184,1.26,0.0,0.0
10836000,10838000,2000,0.227,1.7385620223476872,4.754964116547039,9.252545030423562,0.4605629399558076,1.54,1.476,0.0,0.0
10840000,10842000,2000,0.2235,1.7305634900550522,4.692875605912766,9.145021083537179,0.4194412488883248,1.428,1.384,0.0,0.0
10844000,10846000,2000,0.2245,1.7313685524922524,4.714552950564212,9.295903790144465,0.44685570959998,1.504,1.464,0.0,0.0
10848000,10850000,2000,0.2275,1.7331577968674725,4.73197474972186,9.386355247242305,0.4715287242404697,1.54,1.508,0.0,0.0
10852000,10854000,2000,0.219,1.7277345470373187,4.68824041356417,9.142161181221775,0.4084754646036627,1.42,1.404,0.0,0.0
10856000,10858000,2000,0.223,1.7302607678041306,4.703208434390076,9.186045210659143,0.43588992531531795,1.464,1.44,0.0,0.0
10860000,10862000,2000,0.223,1.7378380506148383,4.752902522659774,9.307762161601087,0.45508004781347655,1.532,1.52,0.0,0.0
10864000,10866000,2000,0.226,1.728504921728539,4.660892560173147,8.87865194071198,0.3563879892515178,1.22,1.312,0.0,0.0
10868000,10870000,2000,0.23,1.7416332366118177,4.739305019227332,9.282404703607298,0.44685570959998,1.48,1.472,0.0,0.0
10872000,10874000,2000,0.232,1.743873479710852,4.762201045499598,9.35785587666218,0.4331484792441524,1.46,1.512,0.0,0.0
10876000,10878000,2000,0.2305,1.7469684659340337,4.727382519295629,9.09101423724718,0.41121691067482824,1.404,1.372,0.0,0.0
10880000,10882000,2000,0.2255,1.7428282091778349,4.748069315328827,9.15154321071503,0.43588992531531795,1.484,1.468,0.0,0.0
10884000,10886000,2000,0.224,1.736892376919546,4.714536847055682,9.225913814080885,0.43863137138648345,1.468,1.436,0.0,0.0
10888000,10890000,2000,0.222,1.7320769201820199,4.711407443703056,9.174592717065382,0.41395835674599374,1.448,1.412,0.0,0.0
10892000,10894000,2000,0.228,1.746321487896264,4.716998810483736,9.106535642055977,0.39750968031900064,1.392,1.4,0.0,0.0
10896000,10898000,2000,0.231,1.7411838011488743,4.7132794631237,9.216284692179276,0.45233860174231105,1.512,1.452,0.0,0.0
10900000,10902000,2000,0.2235,1.729400437635575,4.719206427879446,9.340464409826282,0.44685570959998,1.496,1.5,0.0,0.0
10904000,10906000,2000,0.2195,1.723705052731937,4.686091163582739,9.10574273026724,0.4166998028171593,1.396,1.464,0.0,0.0
10908000,10910000,2000,0.2245,1.7350697704688354,4.717136490832779,9.195869318514811,0.42766558710182134,1.476,1.444,0.0,0.0
10912000,10914000,2000,0.2225,1.735454429614151,4.750937411009002,9.271497913576164,0.46604583209813866,1.56,1.472,0.0,0.0
10916000,10918000,2000,0.2265,1.7371364610091087,4.738093137695708,9.36208986830445,0.44137281745764895,1.516,1.472,0.0,0.0
10920000,10922000,2000,0.2235,1.730270337262165,4.6961674286698125,9.13149036829607,0.43588992531531795,1.464,1.412,0.0,0.0
10924000,10926000,2000,0.226,1.7320646075828627,4.71979177871817,9.396092955021857,0.4578214938846421,1.516,1.524,0.0,0.0
10928000,10930000,2000,0.2295,1.7424969529922074,4.741349692866294,9.204729009922376,0.43863137138648345,1.428,1.456,0.0,0.0
10932000,10934000,2000,0.2255,1.7334855254332697,4.711286593793657,9.291914589709851,0.4578214938846421,1.492,1.484,0.0,0.0
10936000,10938000,2000,0.225,1.7330588887178326,4.720026301039634,9.310040368043705,0.44959715567114555,1.496,1.544,0.0,0.0
10940000,10942000,2000,0.222,1.733406749818992,4.71271692812823,9.152210024237215,0.4331484792441524,1.44,1.424,0.0,0.0
10944000,10946000,2000,0.221,1.7340238388340112,4.72992779939181,9.236840475493434,0.4331484792441524,1.512,1.456,0.0,0.0
10948000,10950000,2000,0.231,1.7454926630514285,4.7584058780260445,9.390396525905626,0.46330438602697316,1.54,1.508,0.0,0.0
10952000,10954000,2000,0.225,1.7329359654747034,4.699510984516445,9.148532802645647,0.43588992531531795,1.476,1.432,0.0,0.0
10956000,10958000,2000,0.226,1.7344287626780968,4.718309560161115,9.293390898923386,0.45508004781347655,1.524,1.5,0.0,0.0
10960000,10962000,2000,0.222,1.7257595994910706,4.714282913797273,9.085650870205548,0.44959715567114555,1.46,1.472,0.0,0.0
10964000,10966000,2000,0.387,1.9570362584432992,5.648631615041208,10.015920297612764,0.5592549985177664,1.76,1.88,0.0,0.0
10968000,10970000,2000,0.3885,1.959693854149369,5.66019366868078,10.043367938261651,0.5592549985177664,1.792,1.86,0.0,0.0
10972000,10974000,2000,0.3925,1.9614386937152977,5.667831666016805,10.021474933371541,0.5428063220907733,1.716,1.876,0.0,0.0
10976000,10978000,2000,0.387,1.9581209456416488,5.6546865081550495,9.993472154602275,0.5482892142331043,1.728,1.84,0.0,0.0
10980000,10982000,2000,0.39,1.959156923922786,5.653331399681614,10.014651728008886,0.5510306603042698,1.724,1.852,0.0,0.0
10984000,10986000,2000,0.388,1.9592843161430307,5.664781955477771,10.015280917613957,0.5455477681619388,1.752,1.868,0.0,0.0
10988000,10990000,2000,0.3835,1.9550297638124583,5.64869924782631,9.990531485176263,0.5318405378061112,1.696,1.844,0.0,0.0
10992000,10994000,2000,0.3875,1.957229433485594,5.646538821836475,9.94659605290012,0.5290990917349456,1.676,1.816,0.0,0.0
10996000,10998000,2000,0.387,1.9572025885133977,5.6476132089061934,9.92568760046615,0.5318405378061112,1.664,1.812,0.0,0.0
11000000,11002000,2000,0.3865,1.9572374846427587,5.652956635045689,9.918323433695505,0.5290990917349456,1.664,1.804,0.0,0.0
11004000,11006000,2000,0.39,1.9582515585498574,5.654593494387145,10.014639771740553,0.5537721063754354,1.76,1.856,0.0,0.0
11008000,11010000,2000,0.3855,1.9564465405363827,5.64679029851044,9.954963639114268,0.5373234299484422,1.684,1.812,0.0,0.0
11012000,11014000,2000,0.386,1.95699391390367,5.645817825896554,9.940933342469188,0.5236161995926146,1.684,1.804,0.0,0.0
11016000,11018000,2000,0.386,1.957285978146735,5.658613556573211,9.970306032877028,0.5290990917349456,1.688,1.824,0.0,0.0
11020000,11022000,2000,0.39,1.9594000829267513,5.647596934380324,9.95694346943921,0.5428063220907733,1.704,1.86,0.0,0.0
11024000,11026000,2000,0.387,1.9564933812445997,5.6426224359278025,9.923065560869142,0.5318405378061112,1.664,1.812,0.0,0.0
11028000,11030000,2000,0.387,1.9568008556076417,5.640748196991077,9.930113827197307,0.5236161995926146,1.664,1.82,0.0,0.0
11032000,11034000,2000,0.3885,1.9574788971280017,5.643963906948148,9.97322815570073,0.5455477681619388,1.72,1.848,0.0,0.0
11036000,11038000,2000,0.3865,1.956983469271191,5.650479718672668,9.929501400431063,0.5181333074502835,1.624,1.776,0.0,0.0
11040000,11042000,2000,0.3875,1.9580854830305972,5.655739874918453,9.93823921153589,0.5208747535214491,1.66,1.812,0.0,0.0
11044000,11046000,2000,0.388,1.9587180616624535,5.654611813147362,10.05615673973866,0.5537721063754354,1.796,1.88,0.0,0.0
11048000,11050000,2000,0.3895,1.9595835084341928,5.6640808519767685,10.03723780720021,0.5592549985177664,1.756,1.848,0.0,0.0
11052000,11054000,2000,0.3905,1.9599077350098824,5.666095434286144,10.020007389312777,0.5565135524466008,1.752,1.864,0.0,0.0
11056000,11058000,2000,0.385,1.9582241011570278,5.669953579980093,9.994649859461095,0.5318405378061112,1.688,1.856,0.0,0.0
11060000,11062000,2000,0.389,1.9589519218802927,5.660415742076449,10.004949927336346,0.5510306603042698,1.756,1.868,0.0,0.0
11064000,11066000,2000,0.3895,1.959524421702486,5.667797129575111,10.025132495248593,0.5482892142331043,1.74,1.872,0.0,0.0
11068000,11070000,2000,0.3895,1.9596331392463269,5.655030876710572,10.00521939792148,0.5373234299484422,1.732,1.864,0.0,0.0
11072000,11074000,2000,0.3875,1.9582728446832565,5.652052028456281,10.031496769565258,0.5428063220907733,1.76,1.876,0.0,0.0
11076000,11078000,2000,0.39,1.9592704625217539,5.669010125700084,10.061792758781232,0.5565135524466008,1.772,1.876,0.0,0.0
11080000,11082000,2000,0.389,1.9577197618938031,5.6472378875259155,9.964876990031733,0.5345819838772767,1.7,1.84,0.0,0.0
11084000,11086000,2000,0.387,1.958388220685685,5.660501742611445,10.028120623109208,0.5428063220907733,1.732,1.864,0.0,0.0
11088000,11090000,2000,0.389,1.9592367585398316,5.656418273268044,9.998013302467324,0.5482892142331043,1.76,1.86,0.0,0.0
11092000,11094000,2000,0.3905,1.9600512836722777,5.668974168962529,10.063603884999228,0.5592549985177664,1.788,1.88,0.0,0.0
11096000,11098000,2000,0.3865,1.9581265479061514,5.649422327819767,9.993400229174657,0.5482892142331043,1.716,1.856,0.0,0.0
11100000,11102000,2000,0.3885,1.9592897473170559,5.665440751499742,10.032524638112738,0.5510306603042698,1.74,1.852,0.0,0.0
11104000,11106000,2000,0.387,1.9582311763041758,5.6540064402857135,10.00857944576578,0.5318405378061112,1.708,1.856,0.0,0.0
11108000,11110000,2000,0.3895,1.9578439755183707,5.647971622559194,10.009861704979938,0.5510306603042698,1.74,1.848,0.0,0.0
11112000,11114000,2000,0.389,1.9595689378848502,5.664548765858497,10.054874120342038,0.572962228873594,1.816,1.876,0.0,0.0
11116000,11118000,2000,0.387,1.9572437859537786,5.655428254048528,9.91685471075102,0.5181333074502835,1.652,1.824,0.0,0.0
11120000,11122000,2000,0.3875,1.9584636661728703,5.665418327226995,10.035128735985264,0.5428063220907733,1.736,1.86,0.0,0.0
11124000,11126000,2000,0.391,1.9595392820109343,5.664123127026847,10.010595809122886,0.5510306603042698,1.724,1.864,0.0,0.0
11128000,11130000,2000,0.3925,1.9602099150686727,5.66302693313045,10.046745791243081,0.5565135524466008,1.764,1.88,0.0,0.0
11132000,11134000,2000,0.391,1.9582824026428463,5.644509322510772,9.902972937347101,0.5236161995926146,1.656,1.84,0.0,0.0
11136000,11138000,2000,0.3915,1.9599853297328043,5.6610055858306305,10.069836503708196,0.578445121015925,1.804,1.88,0.0,0.0
11140000,11142000,2000,0.385,1.9560998764176458,5.650916176253566,9.957070152567777,0.5181333074502835,1.644,1.828,0.0,0.0
11144000,11146000,2000,0.39,1.9574891003030381,5.649804423521524,10.033101872473617,0.5757036749447595,1.8,1.86,0.0,0.0
11148000,11150000,2000,0.387,1.957152519475608,5.650876110354669,10.037584158543368,0.5592549985177664,1.756,1.868,0.0,0.0
11152000,11154000,2000,0.3905,1.9595686716050953,5.645180221631615,9.88737074873424,0.5181333074502835,1.632,1.816,0.0,0.0
11156000,11158000,2000,0.39,1.9598566504312653,5.663238956642518,10.087945895286964,0.578445121015925,1.84,1.872,0.0,0.0
11160000,11162000,2000,0.3915,1.9584780678231435,5.648093549190481,9.875105891463393,0.5236161995926146,1.624,1.808,0.0,0.0
11164000,11166000,2000,0.3895,1.9588907125567263,5.667783309209529,10.019272936419899,0.5482892142331043,1.74,1.856,0.0,0.0
11168000,11170000,2000,0.3875,1.9563690278055903,5.64964905466058,10.003828081826123,0.5400648760196077,1.724,1.852,0.0,0.0
11172000,11174000,2000,0.387,1.9574885900567038,5.668878233468438,10.063980417279517,0.5510306603042698,1.8,1.876,0.0,0.0
11176000,11178000,2000,0.39,1.957547015622222,5.654079551730512,10.031873269312817,0.5482892142331043,1.736,1.864,0.0,0.0
11180000,11182000,2000,0.3875,1.9569558640370963,5.6484454838407965,9.978270836054424,0.5400648760196077,1.724,1.832,0.0,0.0
11184000,11186000,2000,0.389,1.9587831753503673,5.6629617732939135,10.024403280630429,0.5482892142331043,1.76,1.852,0.0,0.0
11188000,11190000,2000,0.3895,1.957454517876241,5.655437610788504,10.016497177507429,0.5537721063754354,1.732,1.864,0.0,0.0
11192000,11194000,2000,0.388,1.9592619195630783,5.654255263255458,9.896369346565956,0.5181333074502835,1.624,1.796,0.0,0.0
11196000,11198000,2000,0.3875,1.9569046417554323,5.629619182554663,9.741950544953486,0.4605629399558076,1.484,1.716,0.0,0.0
11200000,11202000,2000,0.3875,1.9584872224760244,5.65929287053304,10.01083268976937,0.5428063220907733,1.724,1.832,0.0,0.0
11204000,11206000,2000,0.3915,1.96055995696806,5.657229398267524,10.01985436354572,0.5565135524466008,1.768,1.88,0.0,0.0
11208000,11210000,2000,0.3905,1.960812793835538,5.659564316514231,10.032077204814314,0.5428063220907733,1.76,1.856,0.0,0.0
11212000,11214000,2000,0.3895,1.9596544090235666,5.658323825880567,9.96817625001359,0.5263576456637802,1.688,1.848,0.0,0.0
11216000,11218000,2000,0.3845,1.95790661033458,5.666240725130797,9.83578010478526,0.4879774006674628,1.504,1.752,0.0,0.0
11220000,11222000,2000,0.3895,1.9593344285023988,5.657563098724681,9.97674598224946,0.5510306603042698,1.732,1.856,0.0,0.0
11224000,11226000,2000,0.389,1.959384355146295,5.652446662085045,9.945112317607485,0.5318405378061112,1.692,1.808,0.0,0.0
11228000,11230000,2000,0.3905,1.9588816061616494,5.655188306076109,10.037611111775824,0.5537721063754354,1.752,1.868,0.0,0.0
11232000,11234000,2000,0.3895,1.9593935152341055,5.650771964308617,9.938243231127405,0.5126504153079525,1.664,1.832,0.0,0.0
11236000,11238000,2000,0.3895,1.9596775578787393,5.656862294862308,9.970448504856508,0.5373234299484422,1.7,1.844,0.0,0.0
11240000,11242000,2000,0.39,1.9595299398425363,5.6507277635915445,9.96193566209495,0.5208747535214491,1.672,1.828,0.0,0.0
11244000,11246000,2000,0.3885,1.9594099207676594,5.6478591792294255,9.974503753059087,0.5318405378061112,1.68,1.824,0.0,0.0
11248000,11250000,2000,0.3905,1.9597320162770573,5.662845903346182,10.025596780056398,0.5565135524466008,1.74,1.864,0.0,0.0
11252000,11254000,2000,0.3885,1.9583372946255295,5.640442721603198,10.032896209346443,0.5537721063754354,1.756,1.864,0.0,0.0
11256000,11258000,2000,0.3885,1.9591068114920789,5.655165869271477,9.97637449397009,0.5400648760196077,1.732,1.824,0.0,0.0
11260000,11262000,2000,0.388,1.9591268458061204,5.662809931536207,10.01332669989485,0.5455477681619388,1.728,1.872,0.0,0.0
11264000,11266000,2000,0.389,1.9596574879396869,5.6686683294823945,10.035236485512625,0.572962228873594,1.8,1.888,0.0,0.0
11268000,11270000,2000,0.389,1.95944456982884,5.6603369984845875,10.008657407071093,0.5373234299484422,1.712,1.84,0.0,0.0
11272000,11274000,2000,0.3845,1.9565199618787126,5.643732715265726,9.976486823261354,0.5345819838772767,1.708,1.808,0.0,0.0
11276000,11278000,2000,0.39,1.9601438540223037,5.662750271181687,9.993720985060737,0.5400648760196077,1.676,1.844,0.0,0.0
11280000,11282000,2000,0.3875,1.956077943683575,5.641450748920951,9.910840730130783,0.5153918613791181,1.648,1.816,0.0,0.0
11284000,11286000,2000,0.387,1.9582311763041758,5.652378100524501,9.927610811280065,0.5263576456637802,1.68,1.812,0.0,0.0
11288000,11290000,2000,0.391,1.9604590474181676,5.65728808678924,9.999967216141894,0.5400648760196077,1.72,1.876,0.0,0.0
11292000,11294000,2000,0.378,1.9519064401657493,5.651234749220732,9.784205624513481,0.4687872781693042,1.548,1.74,0.0,0.0
11296000,11298000,2000,0.377,1.950692254326549,5.627205886932476,10.10897464622181,0.6086010277987458,1.9,1.944,0.0,0.0
11300000,11302000,2000,0.3865,1.9572139667430122,5.651603531336166,9.952842010810798,0.5290990917349456,1.704,1.836,0.0,0.0
11304000,11306000,2000,0.375,1.9515700806084686,5.64053396665671,10.285927875826058,0.6277911502969045,2.0,2.0,0.0,0.0
11308000,11310000,2000,0.3545,1.9336977450363653,5.535270479469312,10.104613760300586,0.5976352435140837,1.88,1.872,0.0,0.0
11312000,11314000,2000,0.371,1.9498926691738185,5.609586143174377,10.316199802936895,0.6524641649373941,2.076,2.024,0.0,0.0
11316000,11318000,2000,0.381,1.9568491715286256,5.616864382122237,10.121820055185138,0.6195668120834079,1.936,1.92,0.0,0.0
11320000,11322000,2000,0.372,1.949886777100663,5.571078917063019,10.13486030732839,0.6031181356564147,1.908,1.892,0.0,0.0
11324000,11326000,2000,0.3725,1.950299004803254,5.536259169102874,9.929276354257283,0.5674793367312629,1.82,1.8,0.0,0.0
11328000,11330000,2000,0.367,1.9450537544328148,5.56877300593338,9.893834239244649,0.5647378906600974,1.78,1.852,0.0,0.0
11332000,11334000,2000,0.366,1.9425135409962844,5.531948979785947,10.168671629588761,0.5948937974429181,1.9,1.928,0.0,0.0
11336000,11338000,2000,0.3665,1.9436680056793192,5.549826443816143,10.239347339440782,0.641498380652732,1.98,1.94,0.0,0.0
11340000,11342000,2000,0.375,1.952191838858644,5.665179261051188,10.549391338859012,0.7374489931435253,2.224,2.216,0.0,0.0
11344000,11346000,2000,0.3965,1.957345692479267,5.769733566620182,10.777556179394852,0.8800041888441325,2.568,2.404,0.0,0.0
11348000,11350000,2000,0.4145,1.976977493215382,5.7885966363675925,10.932843539823509,0.9485403406232704,2.7,2.452,0.0,0.0
11352000,11354000,2000,0.324,1.9084491840322235,5.619167370241755,10.95654266517965,0.9156429877692842,2.636,2.448,0.0,0.45
11356000,11358000,2000,0.3565,1.939464869827848,5.721608613634761,10.944482363672115,0.9266087720539463,2.644,2.472,0.0,0.0
11360000,11362000,2000,0.3945,1.9584479138241706,5.742213521422141,10.929273990553277,0.9074186495557877,2.632,2.468,0.0,0.0
11364000,11366000,2000,0.395,1.964072743265519,5.788434453532363,10.899096227837196,0.9156429877692842,2.616,2.484,0.0,0.0
11368000,11370000,2000,0.393,1.9642748786323767,5.775747799727011,10.955537640054022,0.951281786694436,2.672,2.496,0.0,0.125
11372000,11374000,2000,0.3845,1.9604504430543015,5.799717790811023,10.928374952714828,0.9403160024097739,2.664,2.488,0.0,0.0
11376000,11378000,2000,0.304,1.8561410963476446,5.486251508679148,10.896111799716328,0.9019357574134566,2.628,2.376,0.0,0.0
11380000,11382000,2000,0.531,1.9954403754714172,5.874083412588265,10.941467288295238,0.9375745563386084,2.676,2.416,0.0,0.0
11384000,11386000,2000,0.2845,1.859681071040498,5.490591230744738,10.949507489300252,0.9019357574134566,2.632,2.448,0.0,0.05
11388000,11390000,2000,0.3325,1.914876951297944,5.627021386557545,10.935612270981462,0.9074186495557877,2.644,2.472,0.0,0.0
11392000,11394000,2000,0.282,1.8567577594412306,5.483163849084436,10.873997608643737,0.8854870809864634,2.564,2.428,0.0,0.0
11396000,11398000,2000,0.4485,1.9902424666196519,5.832222879731479,10.923949396919351,0.9320916641962773,2.664,2.452,0.0,0.0
11400000,11402000,2000,0.4015,1.9688606739672116,5.771584324513816,10.958552715430907,0.9485403406232704,2.7,2.48,0.0,1.0
11404000,11406000,2000,0.395,1.9673822560297463,5.753920385170228,10.94548738879774,0.9320916641962773,2.64,2.448,0.0,0.0
11408000,11410000,2000,0.38,1.94945511386567,5.745120750585113,10.955537640054022,0.9320916641962773,2.652,2.504,0.0,0.1
11412000,11414000,2000,0.366,1.9396862755586157,5.693026340349969,10.954532614928395,0.9183844338404498,2.612,2.44,0.0,0.15
11416000,11418000,2000,0.364,1.9055599004193489,5.606775052486568,10.954532614928393,0.9266087720539463,2.636,2.428,0.0,0.4
11420000,11422000,2000,0.433,1.9835437547404355,5.766179417440829,10.952522564677139,0.9430574484809394,2.672,2.476,0.0,0.0
11424000,11426000,2000,0.393,1.961333391467385,5.736051706613631,10.942472313420865,0.9375745563386084,2.7,2.476,0.0,0.0
11428000,11430000,2000,0.324,1.9074357160739717,5.630792936396035,10.95654266517965,0.9266087720539463,2.672,2.468,0.0,0.65
11432000,11434000,2000,0.342,1.8986576832316007,5.589017435546254,10.935929825979322,0.9046772034846221,2.652,2.432,0.0,0.0
11436000,11438000,2000,0.3755,1.9517946412640288,5.704914276251913,10.949703649865864,0.9485403406232704,2.672,2.448,0.0,0.0
11440000,11442000,2000,0.3545,1.9252596495371366,5.555578084325437,10.290609128975749,0.6853615177913804,2.1,2.016,0.0,0.0
11444000,11446000,2000,0.349,1.897590451572826,5.605866588927306,10.932422062164584,0.8854870809864634,2.572,2.38,0.0,0.0
11448000,11450000,2000,0.3655,1.9207832995583667,5.655617543541285,10.845571264407408,0.8772627427729669,2.552,2.388,0.0,0.0
11452000,11454000,2000,0.3105,1.8840702652867518,5.526375772459971,10.827164636023946,0.8580726202748082,2.556,2.384,0.0,0.0
11456000,11458000,2000,0.3265,1.9000133567387878,5.600859577135029,10.953527589802766,0.9266087720539463,2.66,2.44,0.0,0.1
11460000,11462000,2000,0.407,1.974225740068744,5.796509889993206,10.955537640054024,0.9622475709790981,2.7,2.46,0.0,0.1
11464000,11466000,2000,0.44,1.9879800619705619,5.815718995684186,10.948502464174629,0.945798894552105,2.688,2.472,0.0,0.0
11468000,11470000,2000,0.4695,1.9888910183826876,5.588674698312538,9.628321380062568,0.5208747535214491,1.672,1.68,0.0,0.0
11472000,11474000,2000,0.455,1.988064169138912,5.633469470319361,9.771026153115534,0.5455477681619388,1.732,1.74,0.0,0.0
11476000,11478000,2000,0.4745,1.9633481796773378,5.742188143563046,10.954532614928395,0.951281786694436,2.704,2.508,0.0,0.125
11480000,11482000,2000,0.3815,1.9221822532913269,5.620637579372106,10.95754769030528,0.9101600956269531,2.648,2.4,0.0,0.9
11484000,11486000,2000,0.3355,1.905439772989025,5.651195877282621,10.955537640054022,0.9266087720539463,2.664,2.464,0.0,0.25
11488000,11490000,2000,0.344,1.9175710400168158,5.6654344075360905,10.949753833519186,0.9430574484809394,2.688,2.456,0.0,0.0
11492000,11494000,2000,0.3965,1.9427537720343024,5.670310046408918,10.95754769030528,0.9403160024097739,2.656,2.408,0.0,0.725
11496000,11498000,2000,0.375,1.9524003458490173,5.747330222331577,10.953527589802768,0.9348331102674429,2.688,2.452,0.0,0.0
11500000,11502000,2000,0.3615,1.9294720003764665,5.652593563099432,10.953148249349418,0.9375745563386084,2.656,2.444,0.0,0.05
11504000,11506000,2000,0.382,1.9588077190746698,5.764560628375427,10.937693532011652,0.9320916641962773,2.688,2.476,0.0,0.0
11508000,11510000,2000,0.35,1.9330602334027613,5.656148874723658,10.95654266517965,0.9238673259827808,2.66,2.448,0.0,0.375
11512000,11514000,2000,0.339,1.9238295848236933,5.690284501242963,10.922629666033293,0.9375745563386084,2.684,2.448,0.0,0.0
11516000,11518000,2000,0.4085,1.968495109289732,5.767736741564928,10.935500301872654,0.9348331102674429,2.676,2.448,0.0,0.0
11520000,11522000,2000,0.3415,1.926124951359091,5.677611392078468,10.95252256467714,0.9348331102674429,2.68,2.472,0.0,0.05
11524000,11526000,2000,0.3535,1.9060416281184667,5.604482573805554,10.953527589802768,0.9211258799116152,2.64,2.48,0.0,0.15
11528000,11530000,2000,0.3955,1.955083475258378,5.72598635115799,10.95754769030528,0.9293502181251118,2.64,2.464,0.0,0.55
11532000,11534000,2000,0.3375,1.9172544536798957,5.647988957832094,10.95654266517965,0.9320916641962773,2.664,2.432,0.0,0.45
11536000,11538000,2000,0.408,1.9753212533389166,5.829149381977498,10.945108048344393,0.9595061249079325,2.704,2.452,0.0,0.0
11540000,11542000,2000,0.4725,1.996837400918916,5.867634156876757,10.942668473986467,0.9403160024097739,2.68,2.516,0.0,0.0
11544000,11546000,2000,0.409,1.9720629673533547,5.774310212609095,10.954532614928395,0.9293502181251118,2.68,2.456,0.0,0.05
11548000,11550000,2000,0.316,1.8994477635788172,5.602510472136868,10.90747294633958,0.9129015416981187,2.62,2.416,0.0,0.0
11552000,11554000,2000,0.3335,1.9179812285154572,5.667534592492701,10.854287957490584,0.8827456349152979,2.588,2.448,0.0,0.0
11556000,11558000,2000,0.303,1.8474319777762072,5.453284275058561,10.927130944067601,0.9129015416981187,2.632,2.392,0.0,0.0
11560000,11562000,2000,0.3375,1.8794331200450605,5.54635926950475,10.938319216683928,0.9156429877692842,2.608,2.412,0.0,0.0
11564000,11566000,2000,0.3495,1.914602260589117,5.64948084453652,10.948502464174627,0.9183844338404498,2.656,2.412,0.0,0.0
11568000,11570000,2000,0.327,1.9101455477038145,5.6390678072788765,10.90689008462329,0.9101600956269531,2.648,2.46,0.0,0.0
11572000,11574000,2000,0.35,1.9145954631150248,5.652213570747309,10.95754769030528,0.9430574484809394,2.676,2.44,0.0,0.75
11576000,11578000,2000,0.4635,1.9807348442908743,5.782696133714549,10.9208544490949,0.9430574484809394,2.696,2.5,0.0,0.0
11580000,11582000,2000,0.372,1.9501191788778756,5.743066097218625,10.95654266517965,0.9430574484809394,2.688,2.432,0.0,0.3
11584000,11586000,2000,0.345,1.9288012557110699,5.695361021244427,10.951138199098164,0.9348331102674429,2.64,2.508,0.0,0.0
11588000,11590000,2000,0.3975,1.9562756737928384,5.755410990937626,10.799350331554974,0.9156429877692842,2.636,2.404,0.0,0.0
11592000,11594000,2000,0.3775,1.9550407298501258,5.754340182378711,10.95654266517965,0.9320916641962773,2.7,2.436,0.0,0.225
11596000,11598000,2000,0.4045,1.9595820735136222,5.733299927776678,10.780283573275197,0.8690384045594703,2.516,2.404,0.0,0.0
11600000,11602000,2000,0.3175,1.8994933268087892,5.622910403957057,10.955537640054022,0.9293502181251118,2.672,2.42,0.0,0.35
11604000,11606000,2000,0.4065,1.9560598752786977,5.7086519192911505,10.907338571229456,0.9183844338404498,2.628,2.408,0.0,0.0
11608000,11610000,2000,0.3335,1.9169937989337122,5.631432607162021,10.915362596384641,0.9211258799116152,2.632,2.42,0.0,0.0
11612000,11614000,2000,0.3655,1.9464007294468528,5.737259406696372,10.881904813414337,0.9293502181251118,2.652,2.448,0.0,0.0
11616000,11618000,2000,0.3585,1.9388870918190957,5.70523210780308,10.95171370011712,0.945798894552105,2.672,2.452,0.0,0.0
11620000,11622000,2000,0.305,1.8817764749307297,5.559725150922895,10.942092972967515,0.9156429877692842,2.644,2.412,0.0,0.0
11624000,11626000,2000,0.366,1.9334720716466456,5.691323775392489,10.95754769030528,0.9430574484809394,2.696,2.432,0.0,0.65
11628000,11630000,2000,0.362,1.9441361209632555,5.715423314437222,10.958552715430907,0.9348331102674429,2.688,2.444,0.0,1.0
11632000,11634000,2000,0.336,1.9155823143888364,5.644853889740336,10.95754769030528,0.9320916641962773,2.664,2.44,0.0,0.825
11636000,11638000,2000,0.3465,1.9304320150272298,5.699182841939701,10.955537640054022,0.9348331102674429,2.668,2.46,0.0,0.2
11640000,11642000,2000,0.347,1.924291235909967,5.690798289054532,10.925386886285196,0.9211258799116152,2.648,2.484,0.0,0.0
11644000,11646000,2000,0.329,1.9137342006517055,5.626219222617694,10.939899742828514,0.9156429877692842,2.616,2.448,0.0,0.0
11648000,11650000,2000,0.3645,1.9437076169882181,5.716040753345042,10.95654266517965,0.9485403406232704,2.664,2.484,0.0,0.275
11652000,11654000,2000,0.3285,1.9131953176360994,5.6422456380022945,10.944482363672112,0.9019357574134566,2.648,2.416,0.0,0.0
11656000,11658000,2000,0.426,1.9824778860913128,5.828043585186002,10.87680985588298,0.9238673259827808,2.648,2.436,0.0,0.0
11660000,11662000,2000,0.409,1.9660154216227184,5.7497215684045155,10.950512514425887,0.9485403406232704,2.664,2.456,0.0,0.0
11664000,11666000,2000,0.3095,1.8809330184032318,5.550693425653349,10.955537640054022,0.9074186495557877,2.632,2.424,0.0,0.45
11668000,11670000,2000,0.4385,1.9869113572929669,5.806907533388328,10.958552715430907,0.9732133552637602,2.712,2.416,0.0,1.0
11672000,11674000,2000,0.4305,1.9813472352403967,5.798965494846341,10.95754769030528,0.9540232327656015,2.724,2.456,0.0,0.5
11676000,11678000,2000,0.3465,1.9248390301867238,5.65743726187711,10.95754769030528,0.9430574484809394,2.688,2.404,0.0,0.675
11680000,11682000,2000,0.338,1.9178663244677256,5.657883959837433,10.937067847339367,0.9266087720539463,2.68,2.46,0.0,0.0
11684000,11686000,2000,0.338,1.9153634555657517,5.643925418868978,10.94711809859565,0.9183844338404498,2.632,2.464,0.0,0.0
11688000,11690000,2000,0.3305,1.9101312475414904,5.654519202405421,10.955537640054022,0.9238673259827808,2.632,2.46,0.0,0.3
11692000,11694000,2000,0.308,1.8895945261226885,5.586011368721096,10.95754769030528,0.9183844338404498,2.68,2.44,0.0,0.875
11696000,11698000,2000,0.319,1.9014866611306502,5.602457026517893,10.955537640054024,0.9375745563386084,2.66,2.392,0.0,0.3
11700000,11702000,2000,0.3745,1.9115529843217183,5.595693344796694,10.857885432330523,0.9074186495557877,2.616,2.392,0.0,0.0
11704000,11706000,2000,0.4805,1.9965860414193626,5.862328746813819,10.880899788288705,0.9101600956269531,2.592,2.444,0.0,0.0
11708000,11710000,2000,0.4495,1.990118936999948,5.843394397749459,10.955537640054024,0.9649890170502636,2.74,2.448,0.0,0.15
11712000,11714000,2000,0.5785,1.960725942037083,5.614668399752066,10.643314948309811,0.8471068359901461,2.48,2.328,0.0,0.0
11716000,11718000,2000,0.587,1.9471493719435415,5.6732796633824565,10.933427087290216,0.888228527057629,2.572,2.424,0.0,0.0
11720000,11722000,2000,0.3965,1.957907849453978,5.732229921273804,10.95654266517965,0.9485403406232704,2.684,2.452,0.0,0.375
11724000,11726000,2000,0.6085,1.9644157444702852,5.545867759123786,9.908080578537536,0.6606885031508907,2.008,1.896,0.0,0.0
11728000,11730000,2000,0.3195,1.8970088842435056,5.582079589276655,10.885246105457721,0.8964528652711256,2.616,2.412,0.0,0.0
11732000,11734000,2000,0.3385,1.9047775864526557,5.594922110516942,10.890609641125254,0.9101600956269531,2.612,2.408,0.0,0.0
11736000,11738000,2000,0.344,1.920700099036963,5.6702993229541185,10.905765043941107,0.9183844338404498,2.644,2.452,0.0,0.0
11740000,11742000,2000,0.345,1.925591506110003,5.675839268614194,10.95654266517965,0.9266087720539463,2.648,2.456,0.0,0.425
11744000,11746000,2000,0.308,1.8714392214302837,5.517965651894112,10.948502464174625,0.8964528652711256,2.588,2.436,0.0,0.025
11748000,11750000,2000,0.321,1.9016860307469645,5.6235500265263765,10.948748808393558,0.9183844338404498,2.652,2.476,0.0,0.0
11752000,11754000,2000,0.362,1.9374058052454743,5.704845250977712,10.95151753955151,0.9403160024097739,2.656,2.416,0.0,0.0
11756000,11758000,2000,0.3615,1.9410841438033593,5.705567745339526,10.944349367437695,0.9238673259827808,2.68,2.436,0.0,0.0
11760000,11762000,2000,0.386,1.921419554145127,5.626322684055126,10.958552715430907,0.9211258799116152,2.668,2.4,0.0,1.0
11764000,11766000,2000,0.3735,1.94442362201415,5.756342162884136,10.949507489300258,0.9266087720539463,2.68,2.476,0.0,0.0
11768000,11770000,2000,0.384,1.9587490163590553,5.804643574692181,10.955537640054024,0.9485403406232704,2.732,2.444,0.0,0.15
11772000,11774000,2000,0.349,1.927500525898262,5.6992247743520466,10.950512514425881,0.9266087720539463,2.684,2.44,0.0,0.0
11776000,11778000,2000,0.455,1.989477313341907,5.804120295918904,10.922546944348296,0.9348331102674429,2.672,2.432,0.0,0.0
11780000,11782000,2000,0.464,1.9805711441628149,5.752421714433373,10.937693532011654,0.9320916641962773,2.656,2.464,0.0,0.0
11784000,11786000,2000,0.3585,1.9411421280912475,5.710925441050987,10.955537640054022,0.9320916641962773,2.688,2.476,0.0,0.175
11788000,11790000,2000,0.42,1.98005028655525,5.837492337557231,10.920608104875972,0.9348331102674429,2.676,2.464,0.0,0.0
11792000,11794000,2000,0.3895,1.9516237106676877,5.736012595308709,10.906549264023244,0.9320916641962773,2.684,2.444,0.0,0.0
11796000,11798000,2000,0.358,1.9382597554164613,5.717781527781763,10.948502464174629,0.9293502181251118,2.704,2.48,0.0,0.0
11800000,11802000,2000,0.4125,1.974689020338282,5.787557325558065,10.955537640054022,0.9622475709790981,2.756,2.472,0.0,0.1
11804000,11806000,2000,0.405,1.9669616005821329,5.777258353147332,10.941663448860842,0.9595061249079325,2.704,2.452,0.0,0.0
11808000,11810000,2000,0.514,1.9905010555730143,5.708178253511222,10.95113819909816,0.9348331102674429,2.596,2.428,0.0,0.0
11812000,11814000,2000,0.324,1.8762364995318885,5.475862877903712,10.822755769744628,0.8498482820613117,2.476,2.336,0.0,0.0
11816000,11818000,2000,0.3655,1.9255874411649057,5.669685199516456,10.94812312372128,0.9129015416981187,2.636,2.428,0.0,0.0
11820000,11822000,2000,0.405,1.9713657261178175,5.783092755218562,10.922722077788293,0.945798894552105,2.664,2.452,0.0,0.0
11824000,11826000,2000,0.334,1.9003225443669616,5.60904456260683,10.926125918941972,0.9046772034846221,2.648,2.444,0.0,0.0
11828000,11830000,2000,0.355,1.938319852363019,5.7054746655783815,10.923798313692854,0.9211258799116152,2.612,2.456,0.0,0.0
11832000,11834000,2000,0.45,1.9825963562535278,5.7921088245526935,10.902960157399203,0.9019357574134566,2.624,2.412,0.0,0.0
11836000,11838000,2000,0.36,1.939798337740038,5.70927360092801,10.903739948385871,0.9129015416981187,2.648,2.436,0.0,0.0
11840000,11842000,2000,0.3185,1.9021664396503726,5.653654559350387,10.942472313420854,0.9238673259827808,2.648,2.448,0.0,0.0
11844000,11846000,2000,0.313,1.8949252004278287,5.582046625754997,10.955537640054022,0.9211258799116152,2.676,2.436,0.0,0.4
11848000,11850000,2000,0.3425,1.9176466813177144,5.65403720364591,10.935057797088112,0.9156429877692842,2.656,2.44,0.0,0.0
11852000,11854000,2000,0.3445,1.9277347397197866,5.693190515805892,10.95654266517965,0.9348331102674429,2.676,2.476,0.0,0.275
11856000,11858000,2000,0.358,1.9321895927648498,5.686261316902804,10.955537640054022,0.9293502181251118,2.644,2.448,0.0,0.3
11860000,11862000,2000,0.5075,1.8775671722971037,5.476630287470984,10.722123018698843,0.8032436988514978,2.332,2.292,0.0,0.0
11864000,11866000,2000,0.464,1.9834373972094952,5.748604139215785,10.911316534526383,0.9293502181251118,2.632,2.396,0.0,0.0
11868000,11870000,2000,0.4015,1.9710217084717712,5.80483942511715,10.937839508923936,0.9375745563386084,2.68,2.46,0.0,0.0
11872000,11874000,2000,0.4655,1.9963306469735358,5.765514463287225,10.95654266517965,0.945798894552105,2.68,2.432,0.0,0.275
11876000,11878000,2000,0.3325,1.910937525171073,5.652780464027659,10.925746578488623,0.9183844338404498,2.644,2.46,0.0,0.0
11880000,11882000,2000,0.3715,1.944099798016452,5.732693433090636,10.954532614928395,0.9403160024097739,2.664,2.492,0.0,0.05
11884000,11886000,2000,0.433,1.9818523097032308,5.8001142656531375,10.95754769030528,0.9649890170502636,2.74,2.488,0.0,0.475
11888000,11890000,2000,0.371,1.9417051245471308,5.728758961130894,10.95754769030528,0.9348331102674429,2.648,2.46,0.0,0.625
11892000,11894000,2000,0.3205,1.9047795722037417,5.625593056663439,10.953527589802768,0.9211258799116152,2.676,2.464,0.0,0.05
11896000,11898000,2000,0.352,1.888213562150202,5.59143503041149,10.757396867833489,0.8772627427729669,2.54,2.36,0.0,0.0
11900000,11902000,2000,0.3375,1.9177224749037753,5.655142509275727,10.92014137779385,0.9211258799116152,2.596,2.452,0.0,0.0
11904000,11906000,2000,0.369,1.9397053821999795,5.711937680559501,10.947497439048997,0.9375745563386084,2.716,2.488,0.0,0.0
11908000,11910000,2000,0.305,1.8502852144281623,5.46876564299937,10.954532614928393,0.9129015416981187,2.584,2.436,0.0,0.525
11912000,11914000,2000,0.3395,1.9160990034301542,5.653350847081845,10.955537640054022,0.9348331102674429,2.668,2.436,0.0,0.15
11916000,11918000,2000,0.3915,1.9518560553125095,5.77257073779619,10.950512514425887,0.945798894552105,2.708,2.46,0.0,0.0
11920000,11922000,2000,0.385,1.9613081775319492,5.743122038108272,10.952522564677139,0.9320916641962773,2.652,2.448,0.0,0.025
11924000,11926000,2000,0.334,1.9179081804255296,5.651955639289174,10.958552715430907,0.9293502181251118,2.632,2.432,0.0,1.0
11928000,11930000,2000,0.3485,1.9323254248491069,5.671240118629684,10.872120554626887,0.8772627427729669,2.552,2.412,0.0,0.0
11932000,11934000,2000,0.3165,1.8894140245556699,5.576120788633016,10.900601302098021,0.8909699731287946,2.588,2.428,0.0,0.0
11936000,11938000,2000,0.3545,1.9147684810984784,5.611115605206507,10.944657497112113,0.9211258799116152,2.624,2.46,0.0,0.0
11940000,11942000,2000,0.3725,1.9505867069396525,5.746762764781123,10.798718574164962,0.9129015416981187,2.636,2.412,0.0,0.0
11944000,11946000,2000,0.3265,1.9104679456452704,5.62738113164725,10.955537640054022,0.9238673259827808,2.696,2.488,0.0,0.45
11948000,11950000,2000,0.3955,1.9656571155888642,5.78620779654763,10.95754769030528,0.9649890170502636,2.708,2.48,0.0,0.6
11952000,11954000,2000,0.491,1.995128612957985,5.856995148162285,10.951517539551512,0.9375745563386084,2.612,2.476,0.0,0.0
11956000,11958000,2000,0.3685,1.9492972543574043,5.738894484805036,10.928648305880998,0.9375745563386084,2.644,2.42,0.0,0.0
11960000,11962000,2000,0.377,1.9471997445804612,5.702903484675733,10.909392823312404,0.9129015416981187,2.676,2.472,0.0,0.0
11964000,11966000,2000,0.3955,1.965968366055625,5.766535965748113,10.95754769030528,0.9540232327656015,2.664,2.484,0.0,0.475
11968000,11970000,2000,0.368,1.9434360801389337,5.687392402596676,10.95754769030528,0.9403160024097739,2.692,2.42,0.0,0.525
11972000,11974000,2000,0.323,1.9072313575240005,5.601220848012932,10.95654266517965,0.9320916641962773,2.624,2.452,0.0,0.625
11976000,11978000,2000,0.3505,1.9255140460781373,5.676253411911781,10.947497439049002,0.9266087720539463,2.632,2.452,0.0,0.0
11980000,11982000,2000,0.3365,1.9012630399546455,5.599849022037888,10.885596372337714,0.8991943113422911,2.636,2.4,0.0,0.0
11984000,11986000,2000,0.3395,1.9220836912125294,5.65556279320835,10.882349998045878,0.9046772034846221,2.636,2.392,0.0,0.0
11988000,11990000,2000,0.4485,1.9620006774408218,5.696116164688299,10.958552715430907,0.9293502181251118,2.64,2.452,0.0,1.0
11992000,11994000,2000,0.449,1.992084609321779,5.8055157113407585,10.934432112415845,0.9375745563386084,2.628,2.46,0.0,0.0
11996000,11998000,2000,0.4795,1.9934287359092626,5.749258022592102,10.886190906385691,0.8964528652711256,2.572,2.436,0.0,0.0
12000000,12002000,2000,0.3355,1.8915117377902868,5.566884694144567,10.93291475060244,0.9019357574134566,2.632,2.412,0.0,0.0
12004000,12006000,2000,0.327,1.9110921505944278,5.637623175997823,10.95754769030528,0.9238673259827808,2.652,2.416,0.0,0.8
12008000,12010000,2000,0.5815,1.9627218843081515,5.657383467143369,10.779604232549532,0.8635555124171392,2.472,2.328,0.0,0.0
12012000,12014000,2000,0.333,1.9161408583960402,5.6513977175502195,10.948502464174627,0.9211258799116152,2.648,2.48,0.0,0.0
12016000,12018000,2000,0.314,1.8901042779132289,5.573422527861419,10.954532614928395,0.9156429877692842,2.66,2.472,0.0,0.125
12020000,12022000,2000,0.3875,1.9626385012463312,5.823466620258767,10.95754769030528,0.951281786694436,2.752,2.476,0.0,0.45
12024000,12026000,2000,0.661,1.8952158359774443,5.3879314936899245,10.411502677827823,0.7072930863607045,2.092,2.088,0.0,0.0
12028000,12030000,2000,0.444,1.9897091991174098,5.7987640834836185,10.953148249349418,0.9622475709790981,2.704,2.484,0.0,0.0
12032000,12034000,2000,0.3995,1.9691888335202565,5.73527895731967,10.908046977586734,0.9348331102674429,2.668,2.424,0.0,0.0
12036000,12038000,2000,0.4735,1.997597490639294,5.7950008904730455,10.925296027256344,0.956764678836767,2.7,2.436,0.0,0.0
12040000,12042000,2000,0.6485,1.9255467619666569,5.598268898227113,10.872593594814854,0.8690384045594703,2.544,2.3,0.0,0.0
12044000,12046000,2000,0.3665,1.9180318303691954,5.637058888528776,10.95754769030528,0.9375745563386084,2.668,2.444,0.0,0.75
12048000,12050000,2000,0.501,1.98705512503695,5.822328701272528,10.95654266517965,0.9348331102674429,2.628,2.468,0.0,0.275
12052000,12054000,2000,0.451,1.992930169274884,5.819121381379483,10.95654266517965,0.951281786694436,2.688,2.468,0.0,0.2
12056000,12058000,2000,0.362,1.9312325493509523,5.6950427611416385,10.952143224223791,0.9320916641962773,2.632,2.468,0.0,0.025
12060000,12062000,2000,0.499,1.994613234686993,5.762525887718634,10.95654266517965,0.945798894552105,2.648,2.456,0.0,0.35
12064000,12066000,2000,0.4835,1.9984755216670818,5.814541065426349,10.933294091055792,0.9485403406232704,2.708,2.456,0.0,0.0
12068000,12070000,2000,0.4425,1.983101758464815,5.840094748964947,10.941467288295234,0.9293502181251118,2.588,2.496,0.0,0.0
12072000,12074000,2000,0.378,1.8990055435198379,5.566388893719901,10.95754769030528,0.9293502181251118,2.628,2.416,0.0,0.8
12076000,12078000,2000,0.377,1.9364569465348003,5.700804284397024,10.942472313420858,0.9266087720539463,2.664,2.46,0.0,0.0
12080000,12082000,2000,0.34,1.9243477132853741,5.6400154997706125,10.888376049368723,0.9211258799116152,2.668,2.472,0.0,0.0
12084000,12086000,2000,0.433,1.9851034029689767,5.816795567071064,10.95754769030528,0.9649890170502636,2.708,2.484,0.0,0.575
12088000,12090000,2000,0.417,1.9779994141526334,5.770303883052007,10.945108048344395,0.9403160024097739,2.644,2.448,0.0,0.0
12092000,12094000,2000,0.3945,1.9601609608337924,5.734739645152947,10.955537640054022,0.945798894552105,2.668,2.432,0.0,0.225
12096000,12098000,2000,0.3625,1.9433672461822102,5.694259880262374,10.955537640054022,0.9293502181251118,2.656,2.448,0.0,0.05
12100000,12102000,2000,0.4025,1.9602618405841326,5.741310661931853,10.95654266517965,0.9430574484809394,2.688,2.432,0.0,0.35
12104000,12106000,2000,0.3595,1.940702330141776,5.707077113835238,10.949507489300254,0.9485403406232704,2.652,2.444,0.0,0.0
12108000,12110000,2000,0.5295,1.9971529776418597,5.828373138987524,10.952522564677139,0.956764678836767,2.7,2.48,0.0,0.0
12112000,12114000,2000,0.397,1.9644061642877988,5.77004732378776,10.950708674991493,0.9403160024097739,2.712,2.444,0.0,0.0
12116000,12118000,2000,0.3625,1.9445947605646126,5.727497995618161,10.953773934021697,0.9403160024097739,2.708,2.468,0.0,0.0
12120000,12122000,2000,0.3785,1.9492780909747396,5.729159077880207,10.954153274475047,0.9403160024097739,2.696,2.468,0.0,0.0
12124000,12126000,2000,0.421,1.9797038763637052,5.768467546058963,10.953527589802766,0.9320916641962773,2.696,2.432,0.0,0.0
12128000,12130000,2000,0.3895,1.9613555898447788,5.751098980315365,10.943673499112094,0.9348331102674429,2.668,2.448,0.0,0.0
12132000,12134000,2000,0.4005,1.9526870108190855,5.7568196699467205,10.862017179583754,0.9046772034846221,2.62,2.456,0.0,0.0
12136000,12138000,2000,0.5255,1.9961210203121096,5.818303025783546,10.954532614928395,0.9485403406232704,2.688,2.48,0.0,0.175
12140000,12142000,2000,0.4295,1.9848337831083855,5.793726265637973,10.937447187792714,0.956764678836767,2.712,2.46,0.0,0.0
12144000,12146000,2000,0.4125,1.9749948202593746,5.754061760560787,10.958552715430907,0.956764678836767,2.696,2.472,0.0,1.0
12148000,12150000,2000,0.385,1.9599291315047347,5.747241213317234,10.95754769030528,0.9320916641962773,2.652,2.42,0.0,0.6
12152000,12154000,2000,0.4075,1.966187453384492,5.793342251602158,10.915829323466765,0.9375745563386084,2.692,2.46,0.0,0.0
12156000,12158000,2000,0.3515,1.929677234170492,5.6766251730526385,10.958552715430907,0.9540232327656015,2.632,2.468,0.0,1.0
12160000,12162000,2000,0.429,1.985163306061258,5.790428995008394,10.945487388797744,0.9430574484809394,2.704,2.472,0.0,0.0
12164000,12166000,2000,0.4505,1.9920161286006277,5.798840066192644,10.95654266517965,0.9403160024097739,2.704,2.46,0.0,0.225
12168000,12170000,2000,0.4005,1.965659067849279,5.796654858519522,10.951517539551514,0.9403160024097739,2.68,2.476,0.0,0.0
12172000,12174000,2000,0.4475,1.9890656701368872,5.8369156008845895,10.94548738879774,0.951281786694436,2.68,2.528,0.0,0.0
12176000,12178000,2000,0.364,1.9398892609411065,5.673512341948578,10.95654266517965,0.9375745563386084,2.652,2.448,0.0,0.4
12180000,12182000,2000,0.412,1.9735781714863707,5.766173734058862,10.886706616635678,0.9238673259827808,2.664,2.42,0.0,0.0
12184000,12186000,2000,0.3885,1.961663604700742,5.697200394052647,10.954532614928393,0.9211258799116152,2.644,2.444,0.0,0.1
12188000,12190000,2000,0.499,1.9955822610376053,5.779010089803151,10.958552715430907,0.951281786694436,2.7,2.48,0.0,1.0
12192000,12194000,2000,0.5565,1.9905280344411589,5.688275616675157,10.95754769030528,0.9403160024097739,2.664,2.448,0.0,0.65
12196000,12198000,2000,0.487,1.977345703619589,5.737449385144055,10.921480133767183,0.9211258799116152,2.624,2.468,0.0,0.0
12200000,12202000,2000,0.4675,1.989081867443137,5.792821078624959,10.936688506886025,0.9375745563386084,2.664,2.504,0.0,0.0
12204000,12206000,2000,0.469,1.9954403754714172,5.793787333254486,10.953527589802768,0.9430574484809394,2.656,2.484,0.0,0.025
12208000,12210000,2000,0.461,1.9578460317453596,5.688631843257383,10.915582979247844,0.9129015416981187,2.596,2.424,0.0,0.0
12212000,12214000,2000,0.4655,1.9744980556970673,5.723410055145618,10.952522564677139,0.9266087720539463,2.676,2.46,0.0,0.05
12216000,12218000,2000,0.4655,1.9862083033074611,5.772833779625648,10.951138199098164,0.9430574484809394,2.66,2.464,0.0,0.0
12220000,12222000,2000,0.482,1.9926543731902582,5.770426239925883,10.932422062164578,0.9320916641962773,2.688,2.46,0.0,0.0
12224000,12226000,2000,0.4535,1.9776829521227113,5.76225440924341,10.95151753955151,0.9293502181251118,2.656,2.468,0.0,0.05
12228000,12230000,2000,0.475,1.944569591436643,5.629940942850578,10.912321559652025,0.8854870809864634,2.552,2.424,0.0,0.0
12232000,12234000,2000,0.455,1.9853813023672953,5.776187219221058,10.949507489300254,0.9403160024097739,2.66,2.5,0.0,0.0
12236000,12238000,2000,0.4575,1.9933925921222713,5.757680274509918,10.95654266517965,0.9485403406232704,2.668,2.456,0.0,0.3
12240000,12242000,2000,0.4675,1.9827507325956935,5.777038456857817,10.95754769030528,0.945798894552105,2.676,2.504,0.0,0.6
12244000,12246000,2000,0.463,1.9712658333835655,5.741002661668868,10.939457238043973,0.9238673259827808,2.636,2.452,0.0,0.0
12248000,12250000,2000,0.416,1.9714479023231997,5.74848823303595,10.942472313420854,0.9238673259827808,2.66,2.412,0.0,0.0
12252000,12254000,2000,0.553,1.9874726875721667,5.688998458721958,10.911296886276483,0.9129015416981187,2.62,2.42,0.0,0.0
12256000,12258000,2000,0.351,1.9269618167531994,5.669392337251714,10.921584056428248,0.9293502181251118,2.624,2.416,0.0,0.0
12260000,12262000,2000,0.3035,1.8844445888691368,5.567220498622583,10.940196270700767,0.9046772034846221,2.612,2.464,0.0,0.0
12264000,12266000,2000,0.3895,1.9601187093580417,5.756805225553909,10.95754769030528,0.9595061249079325,2.732,2.456,0.0,0.475
12268000,12270000,2000,0.3555,1.93850744633762,5.707952708190521,10.954153274475047,0.9430574484809394,2.688,2.496,0.0,0.0
12272000,12274000,2000,0.3895,1.9402773582613277,5.699944298241711,10.896354505626482,0.8909699731287946,2.592,2.44,0.0,0.0
12276000,12278000,2000,0.301,1.8737286461135165,5.533988095735416,10.954532614928395,0.9074186495557877,2.612,2.44,0.0,0.225
12280000,12282000,2000,0.575,1.9809718038252933,5.689687405299893,10.266446701590008,0.7237417627876976,2.156,2.092,0.0,0.0
12284000,12286000,2000,0.3405,1.923150456421495,5.645746528035949,10.931284040804535,0.9238673259827808,2.624,2.396,0.0,0.0
12288000,12290000,2000,0.33,1.9128860259779363,5.658991542281463,10.943097998093135,0.9293502181251118,2.652,2.464,0.0,0.0
12292000,12294000,2000,0.3505,1.9321384347555681,5.702132707894699,10.949507489300254,0.9485403406232704,2.656,2.436,0.0,0.0
12296000,12298000,2000,0.38,1.934707061198114,5.680423141532918,10.954532614928395,0.945798894552105,2.668,2.436,0.0,0.05
12300000,12302000,2000,0.3535,1.9347385613198556,5.706881844850916,10.899202215124367,0.9238673259827808,2.644,2.456,0.0,0.0
12304000,12306000,2000,0.3495,1.929927195655214,5.673453757796941,10.95151753955151,0.9183844338404498,2.636,2.412,0.0,0.025
12308000,12310000,2000,0.3625,1.9383693968729871,5.689657193932349,10.935683481760398,0.9211258799116152,2.672,2.46,0.0,0.0
12312000,12314000,2000,0.3945,1.9657780394959117,5.753870616051492,10.955537640054024,0.9649890170502636,2.704,2.46,0.0,0.125
12316000,12318000,2000,0.331,1.9151008257038868,5.636389031289384,10.898649842130277,0.9101600956269531,2.64,2.432,0.0,0.0
12320000,12322000,2000,0.3105,1.8931713288672953,5.591751074309666,10.952522564677139,0.9211258799116152,2.604,2.432,0.0,0.125
12324000,12326000,2000,0.6585,1.88964515060936,5.549356655750432,10.912188563417597,0.8854870809864634,2.572,2.428,0.0,0.0
12328000,12330000,2000,0.641,1.9192590305103332,5.397153523555341,10.807159926770368,0.8333996056343186,2.432,2.304,0.0,0.0
12332000,12334000,2000,0.3515,1.934134632454133,5.7188012818690845,10.950512514425881,0.9485403406232704,2.664,2.484,0.0,0.0
12336000,12338000,2000,0.389,1.8941127579372752,5.556555993791161,10.95754769030528,0.9129015416981187,2.656,2.372,0.0,0.825
12340000,12342000,2000,0.3415,1.8883027734643019,5.5855144300998,10.952522564677139,0.9101600956269531,2.656,2.412,0.0,0.25
12344000,12346000,2000,0.363,1.9388888566777769,5.704099522317717,10.948698624740237,0.9348331102674429,2.668,2.456,0.0,0.0
12348000,12350000,2000,0.3045,1.878827767006993,5.551365557422335,10.945733733016674,0.9129015416981187,2.608,2.456,0.0,0.0
12352000,12354000,2000,0.609,1.964042949433053,5.670464291999701,10.95754769030528,0.9238673259827808,2.644,2.44,0.0,0.775
12356000,12358000,2000,0.6315,1.9493135687492025,5.570725082431694,10.83715172294905,0.8690384045594703,2.516,2.38,0.0,0.0
12360000,12362000,2000,0.5565,1.9896718412976486,5.747740140365912,10.868213802108889,0.8964528652711256,2.616,2.46,0.0,0.0
12364000,12366000,2000,0.4295,1.9821758228201887,5.792788521504412,10.952522564677139,0.9485403406232704,2.668,2.484,0.0,0.025
12368000,12370000,2000,0.3985,1.9693631072595352,5.759797901891654,10.950133173972537,0.9595061249079325,2.712,2.46,0.0,0.0
12372000,12374000,2000,0.404,1.9696248531061986,5.735052087743538,10.910959437664362,0.9375745563386084,2.68,2.48,0.0,0.0
12376000,12378000,2000,0.429,1.9846517851276435,5.780074802375775,10.95754769030528,0.945798894552105,2.696,2.464,0.0,0.55
12380000,12382000,2000,0.3895,1.9643467948368067,5.766082471737422,10.953527589802768,0.9403160024097739,2.66,2.472,0.0,0.025
12384000,12386000,2000,0.3725,1.9509751525938153,5.760571713590845,10.95654266517965,0.945798894552105,2.7,2.448,0.0,0.15
12388000,12390000,2000,0.319,1.8654734163126723,5.520674517543243,10.944482363672117,0.9046772034846221,2.596,2.416,0.0,0.0
12392000,12394000,2000,0.3285,1.8808201334610957,5.528207919436488,10.95754769030528,0.9183844338404498,2.624,2.408,0.0,0.775
12396000,12398000,2000,0.368,1.9459852825429482,5.745876234548131,10.954532614928397,0.9430574484809394,2.66,2.492,0.0,0.075
12400000,12402000,2000,0.6445,1.8437307192823427,5.001405244474397,10.590651108017516,0.7264832088588632,2.152,2.04,0.0,0.0
12404000,12406000,2000,0.437,1.9491440951170556,5.715280118695881,10.945733733016676,0.9238673259827808,2.664,2.46,0.0,0.0
12408000,12410000,2000,0.4615,1.990462254177732,5.888153035872658,10.906234557672894,0.9485403406232704,2.668,2.504,0.0,0.0
12412000,12414000,2000,0.392,1.9655107785266692,5.736799160583261,10.951138199098164,0.945798894552105,2.64,2.448,0.0,0.0
12416000,12418000,2000,0.6415,1.9276061373621554,5.568982091651131,10.491749434076254,0.704551640289539,2.168,2.128,0.0,0.0
12420000,12422000,2000,0.5135,1.9295438210206877,5.634034584665311,10.822687316717126,0.8772627427729669,2.536,2.412,0.0,0.0
12424000,12426000,2000,0.4925,1.9974151469393928,5.880363795919015,10.89784279386653,0.9293502181251118,2.644,2.452,0.0,0.0
12428000,12430000,2000,0.565,1.9861477876173372,5.871765961564424,10.945683549363354,0.9348331102674429,2.668,2.504,0.0,0.0
12432000,12434000,2000,0.3345,1.9077298080025127,5.607608212951742,10.919716427734855,0.8909699731287946,2.608,2.424,0.0,0.0
12436000,12438000,2000,0.453,1.9890129310075928,5.772844142781783,10.835188069608401,0.9074186495557877,2.592,2.404,0.0,0.0
12440000,12442000,2000,0.4475,1.9622722220733377,5.594044128159684,10.48954149264246,0.8224338213496565,2.372,2.228,0.0,0.0
12444000,12446000,2000,0.4525,1.9911800138920643,5.848344628829197,10.94850246417463,0.951281786694436,2.716,2.464,0.0,0.0
12448000,12450000,2000,0.396,1.9631507021626378,5.742116021790881,10.79142891672279,0.9129015416981187,2.616,2.416,0.0,0.0
12452000,12454000,2000,0.2945,1.8599805872201869,5.4915589797829405,10.95754769030528,0.9019357574134566,2.616,2.4,0.0,0.825
12456000,12458000,2000,0.4275,1.9624570099994718,5.7446818675801525,10.945733733016672,0.9348331102674429,2.656,2.448,0.0,0.0
12460000,12462000,2000,0.455,1.981488950243995,5.7994084456552955,10.95754769030528,0.956764678836767,2.716,2.412,0.0,0.625
12464000,12466000,2000,0.413,1.9706794512581642,5.79561913675993,10.958552715430907,0.9595061249079325,2.724,2.432,0.0,1.0
12468000,12470000,2000,0.359,1.9390469228251657,5.734507259667634,10.948748808393557,0.9266087720539463,2.684,2.436,0.0,0.0
12472000,12474000,2000,0.4155,1.9775981122854263,5.779546726136784,10.940708607388535,0.9156429877692842,2.58,2.464,0.0,0.0
12476000,12478000,2000,0.355,1.892874139400753,5.571082408562777,10.945487388797742,0.9019357574134566,2.632,2.404,0.0,0.0
12480000,12482000,2000,0.302,1.8716396027319957,5.5172094338477535,10.92840196166207,0.8991943113422911,2.58,2.38,0.0,0.0
12484000,12486000,2000,0.3475,1.9295399158861921,5.7040516626782285,10.94812312372128,0.9375745563386084,2.668,2.476,0.0,0.0
12488000,12490000,2000,0.4005,1.9629819442066054,5.725588935372436,10.93440510346859,0.9238673259827808,2.688,2.444,0.0,0.0
12492000,12494000,2000,0.391,1.9628036493947039,5.772814546915973,10.940462263169602,0.9211258799116152,2.672,2.452,0.0,0.0
12496000,12498000,2000,0.3365,1.896396209224286,5.563385824472951,10.952522564677139,0.9156429877692842,2.632,2.448,0.0,0.25
12500000,12502000,2000,0.324,1.8831456688507289,5.558157438493216,10.931417037038955,0.9101600956269531,2.612,2.448,0.0,0.0
12504000,12506000,2000,0.2455,1.8038020878204024,5.227573943728413,10.507591642792807,0.7785706842110082,2.3,2.22,0.0,0.0
12508000,12510000,2000,0.397,1.9677196038252602,5.802471403139632,10.953527589802768,0.9430574484809394,2.644,2.488,0.0,0.025
12512000,12514000,2000,0.384,1.90259291069529,5.5814446409362155,10.95654266517965,0.9156429877692842,2.632,2.404,0.0,0.65
12516000,12518000,2000,0.3965,1.9680162230417473,5.794658438517374,10.930658356132248,0.9348331102674429,2.668,2.496,0.0,0.0
12520000,12522000,2000,0.3085,1.8748909644620317,5.526811008782319,10.954532614928393,0.8991943113422911,2.616,2.412,0.0,0.475
12524000,12526000,2000,0.3465,1.920110719978959,5.649295863136106,10.849004976737497,0.8991943113422911,2.616,2.428,0.0,0.0
12528000,12530000,2000,0.3675,1.9483161951636139,5.743079530131596,10.950133173972532,0.9375745563386084,2.676,2.468,0.0,0.0
12532000,12534000,2000,0.3195,1.8990782825402492,5.634564011835055,10.955537640054024,0.9266087720539463,2.6,2.436,0.0,0.35
12536000,12538000,2000,0.336,1.892491043304537,5.560980943566249,10.952522564677139,0.9183844338404498,2.628,2.408,0.0,0.25
12540000,12542000,2000,0.353,1.8781544484640205,5.51435384208354,10.955537640054022,0.9183844338404498,2.64,2.42,0.0,0.625
12544000,12546000,2000,0.385,1.9169924087544785,5.6147079754050075,10.923376836033922,0.9101600956269531,2.668,2.396,0.0,0.0
12548000,12550000,2000,0.323,1.904976154891893,5.613599089747219,10.955537640054022,0.9074186495557877,2.628,2.476,0.0,0.45
12552000,12554000,2000,0.2835,1.856891677270979,5.506815704988124,10.953527589802766,0.9101600956269531,2.648,2.4,0.0,0.325
12556000,12558000,2000,0.3555,1.9355394285329142,5.7079070408821,10.892441085536445,0.9238673259827808,2.656,2.396,0.0,0.0
12560000,12562000,2000,0.2975,1.8768296513192142,5.5462425102909885,10.958552715430907,0.9211258799116152,2.632,2.44,0.0,1.0
12564000,12566000,2000,0.3495,1.9328218963057149,5.700810369316906,10.954532614928393,0.9293502181251118,2.624,2.5,0.0,0.075
12568000,12570000,2000,0.3555,1.938808694791459,5.733421740175566,10.832115710167436,0.8827456349152979,2.512,2.448,0.0,0.0
12572000,12574000,2000,0.4315,1.984061674543354,5.7559170323727615,10.951517539551512,0.9430574484809394,2.672,2.456,0.0,0.025
12576000,12578000,2000,0.405,1.9581281984253949,5.770854757555208,10.947497439049002,0.9540232327656015,2.7,2.452,0.0,0.0
12580000,12582000,2000,0.3475,1.9293448933950512,5.667883942821833,10.939653398609583,0.9320916641962773,2.64,2.44,0.0,0.0
12584000,12586000,2000,0.3815,1.9561927477849914,5.745362582092979,10.903976867281353,0.9430574484809394,2.664,2.448,0.0,0.0
12588000,12590000,2000,0.365,1.9269538807214925,5.6650967944717685,10.955537640054022,0.9320916641962773,2.684,2.388,0.0,0.15
12592000,12594000,2000,0.3815,1.9572544628963886,5.744309128401908,10.917142478266806,0.9129015416981187,2.628,2.448,0.0,0.0
12596000,12598000,2000,0.345,1.924492454627933,5.655082639464568,10.868664713523627,0.9211258799116152,2.62,2.412,0.0,0.0
12600000,12602000,2000,0.4175,1.9787032463415772,5.818699441646505,10.916038464710244,0.9403160024097739,2.684,2.468,0.0,0.0
12604000,12606000,2000,0.308,1.886381327286985,5.565250898769859,10.919356735531418,0.9211258799116152,2.596,2.46,0.0,0.0
12608000,12610000,2000,0.374,1.952601068324609,5.758219650055697,10.95754769030528,0.945798894552105,2.716,2.468,0.0,0.65
12612000,12614000,2000,0.406,1.9716615599487344,5.812377283846342,10.869084783408605,0.9375745563386084,2.676,2.448,0.0,0.0
12616000,12618000,2000,0.4495,1.9922717746571679,5.906620660012779,10.94649241392337,0.9649890170502636,2.736,2.516,0.0,0.0
12620000,12622000,2000,0.3305,1.9142198762347622,5.669789049653991,10.941713632514164,0.9348331102674429,2.68,2.424,0.0,0.0
12624000,12626000,2000,0.406,1.9665682882467184,5.807840790712249,10.953527589802768,0.9595061249079325,2.712,2.484,0.0,0.0
12628000,12630000,2000,0.389,1.9608706325476757,5.746191690718943,10.94774378326793,0.956764678836767,2.668,2.408,0.0,0.0
12632000,12634000,2000,0.358,1.9314899262166332,5.715451209813621,10.955537640054022,0.951281786694436,2.668,2.468,0.0,0.175
12636000,12638000,2000,0.41,1.9713794628447068,5.755849135457347,10.945487388797742,0.9485403406232704,2.64,2.42,0.0,0.0
12640000,12642000,2000,0.3445,1.9205853334398866,5.666187307064422,10.94548738879774,0.9293502181251118,2.676,2.488,0.0,0.0
12644000,12646000,2000,0.319,1.8965884913017834,5.605885076038572,10.941642421735226,0.9129015416981187,2.632,2.376,0.0,0.0
12648000,12650000,2000,0.317,1.8998654996245392,5.6232155986405035,10.95654266517965,0.9293502181251118,2.648,2.452,0.0,0.6
12652000,12654000,2000,0.313,1.8949658093534476,5.608646004420088,10.958552715430907,0.9348331102674429,2.652,2.444,0.0,1.0
12656000,12658000,2000,0.358,1.9404851001590155,5.755538913951765,10.95654266517965,0.9485403406232704,2.724,2.48,0.0,0.275
12660000,12662000,2000,0.326,1.9107065511110082,5.640037871979886,10.958552715430907,0.9348331102674429,2.696,2.444,0.0,1.0
12664000,12666000,2000,0.3985,1.9687841831640953,5.815186703168484,10.954153274475047,0.9348331102674429,2.68,2.48,0.0,0.125
12668000,12670000,2000,0.4075,1.9737348639208343,5.740650257132615,10.919003356433807,0.9266087720539463,2.644,2.436,0.0,0.0
12672000,12674000,2000,0.3705,1.883188198857963,5.547759549988554,10.955537640054022,0.9183844338404498,2.652,2.432,0.0,0.55
12676000,12678000,2000,0.323,1.907458385967503,5.635017116982916,10.952522564677139,0.9211258799116152,2.66,2.44,0.0,0.025
12680000,12682000,2000,0.3595,1.9140303727526458,5.644992212839489,10.946492413923375,0.9375745563386084,2.684,2.432,0.0,0.0
12684000,12686000,2000,0.34,1.921449187547435,5.652126769421309,10.95654266517965,0.9430574484809394,2.66,2.428,0.0,0.475
12688000,12690000,2000,0.3755,1.9387382700399574,5.734748122615679,10.86201345214526,0.9101600956269531,2.62,2.408,0.0,0.0
12692000,12694000,2000,0.344,1.9278530568968173,5.6789307853910325,10.95754769030528,0.9403160024097739,2.696,2.452,0.0,0.575
12696000,12698000,2000,0.359,1.9415347917191002,5.683441397858007,10.95754769030528,0.9485403406232704,2.664,2.452,0.0,0.5
12700000,12702000,2000,0.334,1.9174586854894122,5.658840325063228,10.953527589802768,0.9238673259827808,2.632,2.476,0.0,0.125
12704000,12706000,2000,0.401,1.9697136925449865,5.8041974925814515,10.932668406383515,0.9430574484809394,2.66,2.5,0.0,0.0
12708000,12710000,2000,0.3725,1.9524183291264308,5.755764978186764,10.90475439883496,0.9238673259827808,2.604,2.448,0.0,0.0
12712000,12714000,2000,0.3705,1.949917245989885,5.752062340063284,10.948502464174624,0.945798894552105,2.688,2.416,0.0,0.0
12716000,12718000,2000,0.35,1.9339626209203056,5.699915702489035,10.955537640054024,0.9348331102674429,2.692,2.46,0.0,0.175
12720000,12722000,2000,0.386,1.9595711435896348,5.786136905494954,10.955158299600674,0.9348331102674429,2.684,2.472,0.0,0.075
12724000,12726000,2000,0.4245,1.9758419257972513,5.838732065664068,10.958552715430907,0.9704719091925946,2.712,2.52,0.0,1.0
12728000,12730000,2000,0.3345,1.9155244974867132,5.671691415744585,10.95151753955151,0.9403160024097739,2.628,2.472,0.0,0.025
12732000,12734000,2000,0.326,1.8916511775187819,5.618575173783278,10.91330693652774,0.9266087720539463,2.636,2.448,0.0,0.0
12736000,12738000,2000,0.3345,1.9170274703094619,5.66021655715755,10.923742148217901,0.9320916641962773,2.652,2.428,0.0,0.0
12740000,12742000,2000,0.35,1.931606650704457,5.699259985576516,10.95654266517965,0.9348331102674429,2.644,2.484,0.0,0.25
12744000,12746000,2000,0.339,1.9149438457318775,5.662910256855675,10.955537640054024,0.9348331102674429,2.628,2.44,0.0,0.225
12748000,12750000,2000,0.382,1.9554492192485244,5.7582321881740794,10.958552715430907,0.9622475709790981,2.696,2.468,0.0,1.0
12752000,12754000,2000,0.3355,1.8790450610452667,5.529160334660025,10.953527589802766,0.9101600956269531,2.58,2.4,0.0,0.25
12756000,12758000,2000,0.386,1.961283002706978,5.723369520220691,10.95754769030528,0.9375745563386084,2.684,2.5,0.0,0.65
12760000,12762000,2000,0.412,1.9650092534516406,5.705643715807405,10.921233789548264,0.9348331102674429,2.6,2.424,0.0,0.0
12764000,12766000,2000,0.337,1.8779473119338244,5.545702338399575,10.949507489300254,0.9129015416981187,2.616,2.396,0.0,0.025
12768000,12770000,2000,0.3505,1.909242991035999,5.604349459834872,10.902621575275727,0.9046772034846221,2.64,2.432,0.0,0.0
12772000,12774000,2000,0.3255,1.882433182755435,5.58274446312683,10.935879642326002,0.9183844338404498,2.636,2.436,0.0,0.0
12776000,12778000,2000,0.3415,1.9241695402479972,5.694142931809348,10.947497439048998,0.9348331102674429,2.696,2.46,0.0,0.0
12780000,12782000,2000,0.3875,1.9623348075540532,5.737475181623081,10.936176170198253,0.9320916641962773,2.672,2.416,0.0,0.0
12784000,12786000,2000,0.3375,1.8738284600524113,5.523208377050023,10.954532614928395,0.9129015416981187,2.652,2.46,0.0,0.525
12788000,12790000,2000,0.34,1.8884456811662904,5.561891925258932,10.941467288295234,0.9019357574134566,2.636,2.448,0.0,0.0
12792000,12794000,2000,0.385,1.9209390647202198,5.645268558037066,10.952143224223791,0.9320916641962773,2.712,2.436,0.0,0.0
12796000,12798000,2000,0.348,1.9250379316760802,5.6780203071929645,10.955537640054022,0.9375745563386084,2.684,2.46,0.0,0.275
12800000,12802000,2000,0.3875,1.9514940340766587,5.755249006943006,10.958552715430907,0.945798894552105,2.668,2.468,0.0,1.0
12804000,12806000,2000,0.378,1.9562337933236813,5.734027037171243,10.938565560902859,0.9266087720539463,2.676,2.448,0.0,0.0
12808000,12810000,2000,0.3985,1.968250928066255,5.764309263901799,10.944216371203279,0.9348331102674429,2.676,2.468,0.0,0.0
12812000,12814000,2000,0.355,1.9301008692070616,5.67736944864425,10.954532614928395,0.9403160024097739,2.68,2.504,0.0,0.15
12816000,12818000,2000,0.4025,1.9717859558915651,5.784922335432752,10.933256888080336,0.956764678836767,2.712,2.46,0.0,0.0
12820000,12822000,2000,0.366,1.9312458960812868,5.690382286720801,10.95654266517965,0.9348331102674429,2.656,2.46,0.0,0.325
12824000,12826000,2000,0.3835,1.9585050771264239,5.770176870575123,10.958552715430907,0.9649890170502636,2.712,2.476,0.0,1.0
12828000,12830000,2000,0.3885,1.9636799127690385,5.776460912463801,10.95754769030528,0.9595061249079325,2.68,2.468,0.0,0.625
12832000,12834000,2000,0.3805,1.9567035797833712,5.761419266353608,10.955537640054022,0.9485403406232704,2.692,2.452,0.0,0.15
12836000,12838000,2000,0.3995,1.9704436350178982,5.78493470916284,10.912794599839973,0.9266087720539463,2.696,2.428,0.0,0.0
12840000,12842000,2000,0.3285,1.9096329061220194,5.638259847054458,10.95654266517965,0.9238673259827808,2.632,2.444,0.0,0.55
12844000,12846000,2000,0.33,1.9136619505833303,5.6419011642354295,10.95654266517965,0.9375745563386084,2.692,2.452,0.0,0.75
12848000,12850000,2000,0.412,1.9717775146639624,5.753313090931767,10.892760817013027,0.9238673259827808,2.664,2.424,0.0,0.0
12852000,12854000,2000,0.3825,1.9595129247676153,5.796738852075886,10.95654266517965,0.951281786694436,2.7,2.48,0.0,0.225
12856000,12858000,2000,0.3635,1.9455306667062162,5.7149123782642,10.958552715430907,0.9293502181251118,2.668,2.468,0.0,1.0
12860000,12862000,2000,0.3485,1.8756449044442591,5.5102811752291645,10.95654266517965,0.9156429877692842,2.612,2.4,0.0,0.8
12864000,12866000,2000,0.4555,1.9853734651729251,5.840538656803579,10.858789235524897,0.9046772034846221,2.628,2.42,0.0,0.0
12868000,12870000,2000,0.347,1.9299891424160738,5.668539284727482,10.95754769030528,0.9348331102674429,2.656,2.448,0.0,0.6
12872000,12874000,2000,0.35,1.9300313878499684,5.706822118285518,10.955537640054022,0.9348331102674429,2.684,2.472,0.0,0.225
12876000,12878000,2000,0.3545,1.9376408496165916,5.714805340875915,10.95314824934942,0.9348331102674429,2.672,2.472,0.0,0.0
12880000,12882000,2000,0.338,1.9189553110809068,5.67554327905519,10.942472313420863,0.9156429877692842,2.628,2.468,0.0,0.0
12884000,12886000,2000,0.368,1.9473884895167002,5.769599546263281,10.927995612261478,0.9375745563386084,2.716,2.476,0.0,0.0
12888000,12890000,2000,0.3715,1.9510001658365486,5.7667857898089725,10.92118360589493,0.9238673259827808,2.66,2.448,0.0,0.0
12892000,12894000,2000,0.3655,1.9460022336386487,5.728340593288804,10.945487388797742,0.9266087720539463,2.668,2.508,0.0,0.0
12896000,12898000,2000,0.374,1.9453910373138656,5.734815594265842,10.926434048616388,0.9266087720539463,2.656,2.448,0.0,0.0
12900000,12902000,2000,0.296,1.8756564781678862,5.547218581653331,10.95654266517965,0.9074186495557877,2.68,2.444,0.0,0.7
12904000,12906000,2000,0.3765,1.9554793379153579,5.739380556247672,10.958552715430907,0.956764678836767,2.716,2.476,0.0,1.0
12908000,12910000,2000,0.315,1.8710264109351202,5.528556835601601,10.953527589802766,0.9101600956269531,2.636,2.412,0.0,0.4
12912000,12914000,2000,0.433,1.9869370148437921,5.82575291881858,10.936442162667088,0.9375745563386084,2.68,2.488,0.0,0.0
12916000,12918000,2000,0.3995,1.970189222803216,5.777621709903756,10.958552715430907,0.9485403406232704,2.684,2.428,0.0,1.0
12920000,12922000,2000,0.393,1.9639745854303283,5.756459605396133,10.935437137541461,0.9320916641962773,2.676,2.44,0.0,0.0
12924000,12926000,2000,0.3765,1.9545270148350504,5.734410934131664,10.942472313420856,0.9156429877692842,2.632,2.488,0.0,0.0
12928000,12930000,2000,0.365,1.9459942885282344,5.7010704395373555,10.95151753955151,0.9485403406232704,2.668,2.42,0.0,0.0
12932000,12934000,2000,0.3845,1.953765413909071,5.750494392416391,10.845451086440862,0.9183844338404498,2.624,2.408,0.0,0.0
12936000,12938000,2000,0.3705,1.950068692335063,5.757143017380014,10.9137996249656,0.9375745563386084,2.704,2.476,0.0,0.0
12940000,12942000,2000,0.3405,1.9252635790051085,5.677505272230592,10.92231868712145,0.9266087720539463,2.696,2.444,0.0,0.0
12944000,12946000,2000,0.3125,1.8930136124635106,5.5955082107808956,10.933427087290209,0.9019357574134566,2.588,2.424,0.0,0.0
12948000,12950000,2000,0.329,1.912919132866885,5.6392732925063145,10.950512514425883,0.9320916641962773,2.652,2.436,0.0,0.0
12952000,12954000,2000,0.386,1.9618525755172225,5.762904083556331,10.951138199098162,0.956764678836767,2.688,2.496,0.0,0.0
12956000,12958000,2000,0.357,1.9400920350822373,5.705745232424334,10.95754769030528,0.945798894552105,2.672,2.432,0.0,0.675
12960000,12962000,2000,0.365,1.9437053703224454,5.744944149769782,10.890463664212968,0.9375745563386084,2.66,2.428,0.0,0.0
12964000,12966000,2000,0.375,1.9485306452245377,5.743492163611895,10.94046226316961,0.945798894552105,2.7,2.428,0.0,0.0
12968000,12970000,2000,0.3065,1.887446001080928,5.578090767774876,10.90729643402387,0.8964528652711256,2.636,2.44,0.0,0.0
12972000,12974000,2000,0.3865,1.9581366704090746,5.791268844630176,10.92516650342199,0.9622475709790981,2.72,2.448,0.0,0.0
12976000,12978000,2000,0.439,1.9720513420256833,5.786164820518181,10.958552715430907,0.951281786694436,2.644,2.448,0.0,1.0
12980000,12982000,2000,0.3905,1.9223139333046646,5.62948169042208,10.95654266517965,0.9320916641962773,2.688,2.432,0.0,0.6
12984000,12986000,2000,0.373,1.949054611802049,5.747135237608685,10.955537640054022,0.9348331102674429,2.656,2.456,0.0,0.35
12988000,12990000,2000,0.378,1.9537077057798151,5.739938445148416,10.943490319224356,0.9430574484809394,2.684,2.456,0.0,0.0
12992000,12994000,2000,0.3625,1.9430509178516324,5.741046038019132,10.93769353201165,0.9320916641962773,2.656,2.472,0.0,0.0
12996000,12998000,2000,0.322,1.9055177352618242,5.633760325109919,10.948502464174627,0.9293502181251118,2.668,2.452,0.0,0.025
