chrom,start,end,n_acgt,gc,H1,H3,H11,lz_norm,gzip_bpb,bz2_bpb,R_uniform,R_shuffle,accessibility,censat_class
chr13,12332063,12334063,2000,0.6135,1.956255026032272,5.749462439933634,10.4711015012319,0.7264832088588632,2.144,2.3,0.0,0.0,0.8611102652549744,other_sat
chr13,12336063,12338063,2000,0.602,1.9610399136389096,5.745652703104026,10.56759794156158,0.7593805617128495,2.26,2.3,0.0,0.0,4.289585559368134,other_sat
chr13,12340063,12342063,2000,0.596,1.960240328167708,5.752657590341444,10.45101502698871,0.7210003167165322,2.14,2.316,0.0,0.0,0.0,other_sat
chr13,12344063,12346063,2000,0.6005,1.9637702370278716,5.780137523941357,10.483175831008806,0.7347075470723597,2.16,2.316,0.0,0.0,0.5333328247070312,other_sat
chr13,12348063,12350063,2000,0.612,1.9603624300098332,5.768930728067062,10.436944675229917,0.7210003167165322,2.108,2.308,0.0,0.0,2.72,other_sat
chr13,12352063,12354063,2000,0.6165,1.9584437513496875,5.7630860118999525,10.505286383772631,0.7484147774281874,2.172,2.312,0.0,0.0,0.11,other_sat
chr13,12356063,12358063,2000,0.6165,1.95788225683382,5.7612518068708605,10.45001000186308,0.7319661010011943,2.084,2.32,0.0,0.0,2.421363716125488,other_sat
chr13,12360063,12362063,2000,0.6,1.9627671706975047,5.7476581008964684,10.580283927741396,0.7676048999263461,2.268,2.352,0.0,0.0,0.4692309012413025,other_sat
chr13,12364063,12366063,2000,0.5965,1.9588444786573695,5.749505704948484,10.49045735110714,0.7374489931435253,2.152,2.32,0.0,0.0,0.0,other_sat
chr13,12368063,12370063,2000,0.5985,1.9643266261898185,5.786095265485066,10.474130604878154,0.7347075470723597,2.156,2.32,0.0,0.0,0.9354398279190064,other_sat
chr13,12372063,12374063,2000,0.61,1.9612295637337225,5.771287145502141,10.375638142566595,0.704551640289539,2.0,2.296,0.0,0.0,3.16735276055336,other_sat
chr13,12376063,12378063,2000,0.616,1.958080234101794,5.757397901756863,10.476140655129417,0.7456733313570219,2.152,2.284,0.0,0.0,0.5124998044967651,other_sat
chr13,12380063,12382063,2000,0.619,1.955388600835868,5.7554481492461385,10.5364421626671,0.7484147774281874,2.192,2.304,0.0,0.0,0.8749996662139893,other_sat
chr13,12384063,12386063,2000,0.6,1.9610204832299831,5.751880819865947,10.47337192397146,0.7264832088588632,2.144,2.304,0.0,0.0,1.8883329582214357,other_sat
chr13,12388063,12390063,2000,0.5965,1.9593932059684784,5.754720416108384,10.480407099850858,0.7374489931435253,2.128,2.308,0.0,0.0,0.499999508857727,other_sat
chr13,12392063,12394063,2000,0.5925,1.9652372464273409,5.776127937672604,10.458675887540387,0.7292246549300287,2.144,2.312,0.0,0.0,0.0,other_sat
chr13,12396063,12398063,2000,0.608,1.962332843095264,5.77496359476521,10.515336635028913,0.7484147774281874,2.2,2.292,0.0,0.0,0.455,other_sat
chr13,12400063,12402063,2000,0.6115,1.9612096193358008,5.77257399521938,10.512321559652028,0.7429318852858563,2.196,2.292,0.0,0.0,1.416665275096893,other_sat
chr13,12404063,12406063,2000,0.619,1.9561243028728104,5.757557398779077,10.425889398848009,0.7155174245742011,2.072,2.28,0.0,0.0,2.16944356584549,other_sat
chr13,12408063,12410063,2000,0.6055,1.9586538734488088,5.7450927721315,10.44900497673745,0.7292246549300287,2.124,2.304,0.0,0.0,1.0714274883270265,other_sat
chr13,12412063,12414063,2000,0.598,1.960917964936412,5.755377449615634,10.509552828494074,0.7401904392146909,2.148,2.292,0.0,0.0,1.729762607574463,other_sat
chr13,12416063,12418063,2000,0.5885,1.9634067629977243,5.770256495446764,10.450010001863085,0.7237417627876976,2.132,2.3,0.0,0.0,1.2625,other_sat
chr13,12420063,12422063,2000,0.6035,1.962130738909616,5.766346447503377,10.506291408898257,0.7401904392146909,2.204,2.34,0.0,0.0,,other_sat
chr13,12424063,12426063,2000,0.613,1.9592016164664137,5.7647829428814745,10.516341660154543,0.7484147774281874,2.188,2.332,0.0,0.0,1.2236842105263157,other_sat
chr13,12428063,12430063,2000,0.6185,1.9570070502595176,5.74418359044298,10.53744718779273,0.756639115641684,2.204,2.312,0.0,0.0,1.6562522745132446,other_sat
chr13,12432063,12434063,2000,0.6105,1.9577096730048835,5.744232033031646,10.587053111151956,0.762122007784015,2.268,2.316,0.0,0.0,5.352219646453857,other_sat
chr13,12436063,12438063,2000,0.599,1.9619789246580812,5.7310266371044305,10.597720909736683,0.7922779145668357,2.344,2.328,0.0,0.0,3.0413637447357176,other_sat
chr13,12440063,12442063,2000,0.2925,1.8633327175929777,5.491126170907439,10.95151753955151,0.904677203484622,2.58,2.42,0.0,0.075,0.0,non_satellite
chr13,12444063,12446063,2000,0.445,1.9909349379021573,5.795131407239656,10.958552715430908,0.9375745563386084,2.652,2.444,0.0,1.0,0.9812499494552612,non_satellite
chr13,12448063,12450063,2000,0.45,1.9465812014603177,5.716000085478512,10.954532614928391,0.9430574484809394,2.692,2.432,0.0,0.1,0.0,non_satellite
chr13,12452063,12454063,2000,0.405,1.9717607952883824,5.777944278304649,10.927889624974302,0.9485403406232704,2.668,2.428,0.0,0.0,0.0,non_satellite
chr13,12456063,12458063,2000,0.4025,1.9719034577713677,5.799442198442058,10.958552715430908,0.956764678836767,2.7,2.432,0.0,1.0,1.150000323534012,non_satellite
chr13,12460063,12462063,2000,0.311,1.8884936795571912,5.591630444699845,10.955537640054024,0.904677203484622,2.616,2.452,0.0,0.425,0.0,non_satellite
chr13,12464063,12466063,2000,0.429,1.978089704326601,5.8141408763524325,10.958552715430908,0.956764678836767,2.688,2.48,0.0,1.0,2.859089137792587,non_satellite
chr13,12468063,12470063,2000,0.3205,1.8934399155215964,5.597361359277479,10.95654266517965,0.9211258799116152,2.648,2.408,0.0,0.65,1.0346211862564088,non_satellite
chr13,12472063,12474063,2000,0.425,1.969504403659992,5.752297776398993,10.958552715430908,0.9375745563386084,2.624,2.476,0.0,1.0,0.0,non_satellite
chr13,12476063,12478063,2000,0.3475,1.9138001719074835,5.629322001514063,10.95754769030528,0.940316002409774,2.6,2.48,0.0,0.7,0.0,non_satellite
chr13,12480063,12482063,2000,0.4865,1.999287920229151,5.773488107420176,10.953527589802768,0.9485403406232704,2.68,2.48,0.0,0.125,1.41,non_satellite
chr13,12484063,12486063,2000,0.334,1.9179963002340208,5.642326435193267,10.931212830025595,0.9129015416981188,2.624,2.48,0.0,0.0,2.9999977588653564,non_satellite
chr13,12488063,12490063,2000,0.3545,1.9362428745335392,5.71837971177135,10.941642421735228,0.9266087720539464,2.628,2.408,0.0,0.0,0.0,non_satellite
chr13,12492063,12494063,2000,0.3295,1.9138356618381005,5.659494798216275,10.942914818205397,0.9320916641962772,2.652,2.464,0.0,0.0,0.0,non_satellite
chr13,12496063,12498063,2000,0.3215,1.9022177216448397,5.611693705209055,10.958552715430908,0.9320916641962772,2.664,2.452,0.0,1.0,0.99375,non_satellite
chr13,12500063,12502063,2000,0.274,1.846537466953968,5.448795828781266,10.95654266517965,0.9019357574134566,2.628,2.416,0.0,0.825,0.0,non_satellite
chr13,12504063,12506063,2000,0.408,1.9750152116932336,5.766324742161295,10.95754769030528,0.9595061249079324,2.684,2.444,0.0,0.525,0.5833345127105712,non_satellite
chr13,12508063,12510063,2000,0.3175,1.8995095485906817,5.592751694722939,10.930241812703452,0.9129015416981188,2.584,2.444,0.0,0.0,0.0,non_satellite
chr13,12512063,12514063,2000,0.3225,1.9034565098357183,5.614324911995946,10.94799012748686,0.9019357574134566,2.64,2.448,0.0,0.0,0.8642848405838013,non_satellite
chr13,12516063,12518063,2000,0.398,1.967918616585144,5.804040823588214,10.939632371483972,0.9430574484809394,2.716,2.516,0.0,0.0,0.0,non_satellite
chr13,12520063,12522063,2000,0.2875,1.8543376136283696,5.4887265414302036,10.958552715430908,0.9156429877692842,2.62,2.408,0.0,1.0,0.0,non_satellite
chr13,12524063,12526063,2000,0.2805,1.8413703932230632,5.469041907185527,10.953527589802768,0.8964528652711256,2.6,2.46,0.0,0.45,0.0,non_satellite
chr13,12528063,12530063,2000,0.325,1.9088478505956432,5.606601210984749,10.955537640054022,0.9238673259827808,2.644,2.44,0.0,0.35,4.08095032787323,non_satellite
chr13,12532063,12534063,2000,0.361,1.9420286598484464,5.692101097683304,10.944349367437695,0.9320916641962772,2.692,2.436,0.0,0.0,0.8714276905059815,non_satellite
chr13,12536063,12538063,2000,0.289,1.867172265170644,5.541049148183974,10.95754769030528,0.9266087720539464,2.652,2.464,0.0,0.925,0.755,non_satellite
chr13,12540063,12542063,2000,0.3025,1.883593645337045,5.5704697207788065,10.953527589802766,0.9183844338404498,2.648,2.448,0.0,0.175,1.8177273178100584,non_satellite
chr13,12544063,12546063,2000,0.3735,1.953205637885512,5.71072138603441,10.94247231342086,0.9348331102674428,2.672,2.444,0.0,0.0,1.2863637590408326,non_satellite
chr13,12548063,12550063,2000,0.4265,1.981502753374908,5.77773295844155,10.939653398609586,0.9293502181251118,2.632,2.496,0.0,0.0,3.080277701377869,non_satellite
chr13,12552063,12554063,2000,0.336,1.9006924898382127,5.585769683946116,10.95654266517965,0.9293502181251118,2.648,2.432,0.0,0.525,1.2438888506889345,non_satellite
chr13,12556063,12558063,2000,0.3435,1.8817888192411685,5.530849560602081,10.946113073470022,0.904677203484622,2.62,2.424,0.0,0.0,2.9428541679382323,non_satellite
chr13,12560063,12562063,2000,0.2775,1.8503291589478632,5.47012264142409,10.95051251442588,0.8909699731287946,2.608,2.396,0.0,0.075,0.9555546169281006,non_satellite
chr13,12564063,12566063,2000,0.3245,1.90746488278561,5.611478307056329,10.939520402375168,0.9183844338404498,2.628,2.4,0.0,0.0,0.0,non_satellite
chr13,12568063,12570063,2000,0.356,1.9376860503197904,5.693169144485365,10.95654266517965,0.945798894552105,2.68,2.472,0.0,0.35,3.43,non_satellite
chr13,12572063,12574063,2000,0.397,1.9663419017353656,5.726112467416571,10.950133173972532,0.9348331102674428,2.604,2.48,0.0,0.0,7.849441650390625,non_satellite
chr13,12576063,12578063,2000,0.371,1.949729279942881,5.7275387393384465,10.95654266517965,0.9375745563386084,2.664,2.472,0.0,0.25,3.077775393009186,non_satellite
chr13,12580063,12582063,2000,0.377,1.9261487319356825,5.655350594893397,10.694443207836116,0.8745212967018013,2.528,2.36,0.0,0.0,6.5275682470798495,non_satellite
chr13,12584063,12586063,2000,0.349,1.9242246334630009,5.6588124668646005,10.95252256467714,0.9430574484809394,2.672,2.424,0.0,0.025,2.664285304069519,non_satellite
chr13,12588063,12590063,2000,0.379,1.9307346719911025,5.662323416976681,10.901563426363252,0.9266087720539464,2.656,2.432,0.0,0.0,3.025843440532684,non_satellite
chr13,12592063,12594063,2000,0.313,1.895318697877226,5.618693354260696,10.948698624740237,0.9101600956269532,2.656,2.456,0.0,0.05,1.890908908843994,non_satellite
chr13,12596063,12598063,2000,0.3885,1.963431593696163,5.78839776893926,10.87670274113006,0.9101600956269532,2.64,2.456,0.0,0.0,0.5388883595466614,non_satellite
chr13,12600063,12602063,2000,0.345,1.9292000985424504,5.684687890014455,10.952143224223793,0.9211258799116152,2.664,2.464,0.0,0.05,0.65625,non_satellite
chr13,12604063,12606063,2000,0.329,1.9047062210891783,5.612045922652961,10.9467387581423,0.9211258799116152,2.648,2.456,0.0,0.0,0.0,non_satellite
chr13,12608063,12610063,2000,0.3275,1.9120386447820248,5.661477461591982,10.933373963503351,0.9266087720539464,2.696,2.472,0.0,0.0,3.098609675884247,non_satellite
chr13,12612063,12614063,2000,0.306,1.8880112668081297,5.586201185406466,10.953527589802768,0.9183844338404498,2.628,2.46,0.0,0.025,1.2999995040893555,non_satellite
chr13,12616063,12618063,2000,0.3545,1.9373208744471615,5.703015132661071,10.936688506886023,0.9238673259827808,2.64,2.448,0.0,0.0,0.8205878205299377,non_satellite
chr13,12620063,12622063,2000,0.3745,1.9040420554699673,5.635701499658033,10.90561700240271,0.9211258799116152,2.672,2.456,0.0,0.0,1.9836957366466523,non_satellite
chr13,12624063,12626063,2000,0.35,1.933131844020142,5.681945783970299,10.950758858644814,0.9238673259827808,2.668,2.452,0.0,0.0,1.3826301231384277,non_satellite
chr13,12628063,12630063,2000,0.33,1.914076237757396,5.632502240761202,10.939191245575138,0.9266087720539464,2.628,2.48,0.0,0.0,1.3594156165122986,non_satellite
chr13,12632063,12634063,2000,0.3505,1.9339650872849603,5.712169820299963,10.928197754648716,0.9348331102674428,2.648,2.444,0.0,0.0,2.045915151119232,non_satellite
chr13,12636063,12638063,2000,0.2935,1.855139753407281,5.504018003757439,10.94649241392337,0.8991943113422911,2.66,2.416,0.0,0.025,0.0,non_satellite
chr13,12640063,12642063,2000,0.3315,1.9158448000037704,5.661456662444851,10.94774378326793,0.9238673259827808,2.652,2.464,0.0,0.0,0.0,non_satellite
chr13,12644063,12646063,2000,0.33,1.9019986705446772,5.641400242537392,10.924261845603004,0.9019357574134566,2.6,2.444,0.0,0.0,4.225,non_satellite
chr13,12648063,12650063,2000,0.385,1.9381644923596373,5.689802334901405,10.95252256467714,0.9320916641962772,2.644,2.444,0.0,0.05,3.120453805923462,non_satellite
chr13,12652063,12654063,2000,0.333,1.913208290788323,5.649651782436335,10.727184581988949,0.8772627427729669,2.544,2.356,0.0,0.0,0.0,non_satellite
chr13,12656063,12658063,2000,0.3825,1.959237474058879,5.7830530276997525,10.90539973175714,0.9238673259827808,2.664,2.468,0.0,0.0,1.0833329200744628,non_satellite
chr13,12660063,12662063,2000,0.304,1.884658472518055,5.547150440548853,10.954532614928391,0.9238673259827808,2.66,2.416,0.0,0.25,1.1464736094474792,non_satellite
chr13,12664063,12666063,2000,0.303,1.8832796557063984,5.578761668999928,10.951517539551512,0.9183844338404498,2.672,2.452,0.0,0.075,1.0613634395599365,non_satellite
chr13,12668063,12670063,2000,0.321,1.9053705642753795,5.64192924568348,10.91580231451952,0.904677203484622,2.616,2.456,0.0,0.0,0.7866670417785645,non_satellite
chr13,12672063,12674063,2000,0.345,1.928864717754854,5.688726955184151,10.92210581843946,0.9129015416981188,2.652,2.456,0.0,0.0,1.389998740196228,non_satellite
chr13,12676063,12678063,2000,0.304,1.8813640743403637,5.544609178103084,10.850010001863083,0.8717798506306359,2.556,2.416,0.0,0.0,1.4204768328666686,non_satellite
chr13,12680063,12682063,2000,0.35,1.9250314612217696,5.6592483040197665,10.919019532283643,0.9320916641962772,2.688,2.42,0.0,0.0,2.7263683621883392,non_satellite
chr13,12684063,12686063,2000,0.3345,1.9176747897478208,5.6496997493761505,10.929899675225554,0.9348331102674428,2.644,2.436,0.0,0.0,1.58260795211792,non_satellite
chr13,12688063,12690063,2000,0.3515,1.9341145992195288,5.692720557059071,10.951517539551512,0.9293502181251118,2.644,2.456,0.0,0.0,1.9652476620674133,non_satellite
chr13,12692063,12694063,2000,0.375,1.9514092105506295,5.729454707868908,10.955537640054022,0.9348331102674428,2.668,2.496,0.0,0.125,7.478807723522186,non_satellite
chr13,12696063,12698063,2000,0.317,1.900652757480116,5.635964993362413,10.94410302321877,0.9238673259827808,2.66,2.448,0.0,0.0,0.3682896776199341,non_satellite
chr13,12700063,12702063,2000,0.418,1.96761848567924,5.729550505543798,10.958552715430908,0.9595061249079324,2.688,2.496,0.0,1.0,0.9941171445846556,non_satellite
chr13,12704063,12706063,2000,0.3525,1.9170172693420673,5.656317945494028,10.876214706614103,0.904677203484622,2.628,2.404,0.0,0.0,1.113596747159958,non_satellite
chr13,12708063,12710063,2000,0.3125,1.8898308222015272,5.5865747280498805,10.91513242801556,0.9156429877692842,2.6,2.42,0.0,0.0,0.589869246006012,non_satellite
chr13,12712063,12714063,2000,0.2885,1.8655988165038255,5.508560924793783,10.955537640054024,0.8964528652711256,2.624,2.396,0.0,0.575,5.005516149044037,non_satellite
chr13,12716063,12718063,2000,0.278,1.8460885567364496,5.468781627896324,10.954532614928391,0.9183844338404498,2.648,2.436,0.0,0.5,0.209375,non_satellite
chr13,12720063,12722063,2000,0.6,1.9581710804051613,5.740411086012676,10.830066363416323,0.8662969584883048,2.556,2.392,0.0,0.0,5.3270329434871675,gsat
chr13,12724063,12726063,2000,0.6145,1.9449309938336392,5.57663711435239,10.351648761237444,0.6826200717202149,2.116,2.088,0.0,0.0,0.5230770702362061,gsat
chr13,12728063,12730063,2000,0.5165,1.9886798997712103,5.651208646492367,10.809220160674927,0.830658159563153,2.4,2.26,0.0,0.0,1.8461534843444825,other_sat
chr13,12732063,12734063,2000,0.5315,1.993137273461432,5.650513425409982,10.78273932348296,0.8169509292073254,2.396,2.212,0.0,0.0,0.4083331775665283,other_sat
chr13,12736063,12738063,2000,0.5,1.9982531823091776,5.750716785849916,10.95252256467714,0.9320916641962772,2.592,2.412,0.0,0.0,0.5730770843029023,non_satellite
chr13,12740063,12742063,2000,0.361,1.9428149161956876,5.662299971936272,10.736162480587994,0.8635555124171392,2.532,2.332,0.0,0.0,0.7290909433364868,non_satellite
chr13,12744063,12746063,2000,0.5735,1.982644686574761,5.675295804405724,10.95252256467714,0.9293502181251118,2.624,2.428,0.0,0.05,1.7181819820404052,non_satellite
chr13,12748063,12750063,2000,0.4015,1.9713632887136636,5.802179949560136,10.933047746836856,0.9266087720539464,2.652,2.46,0.0,0.0,1.6349649713039398,non_satellite
chr13,12752063,12754063,2000,0.3965,1.963409642700298,5.729989703306419,10.958552715430908,0.951281786694436,2.636,2.476,0.0,1.0,0.0,non_satellite
chr13,12756063,12758063,2000,0.386,1.956591294658536,5.721397022766123,10.939090878268496,0.9375745563386084,2.712,2.46,0.0,0.0,0.0,non_satellite
chr13,12760063,12762063,2000,0.362,1.936297945423912,5.692927826226421,10.953527589802766,0.945798894552105,2.628,2.476,0.0,0.025,1.455,non_satellite
chr13,12764063,12766063,2000,0.3265,1.9107410203276871,5.643469728069299,10.94046226316961,0.9183844338404498,2.64,2.428,0.0,0.0,0.0,non_satellite
chr13,12768063,12770063,2000,0.351,1.9218870147659668,5.673837522839259,10.958552715430908,0.9238673259827808,2.664,2.476,0.0,1.0,0.0,non_satellite
chr13,12772063,12774063,2000,0.3445,1.9215289779495852,5.611376115239446,10.836897864548892,0.8991943113422911,2.576,2.384,0.0,0.0,2.4375,non_satellite
chr13,12776063,12778063,2000,0.406,1.9683405491494932,5.811754034266639,10.883042834774384,0.9074186495557875,2.604,2.444,0.0,0.0,1.1416689748764035,non_satellite
chr13,12780063,12782063,2000,0.3695,1.937401981432702,5.70973157284793,10.95754769030528,0.945798894552105,2.668,2.476,0.0,0.55,0.6277771611213684,non_satellite
chr13,12784063,12786063,2000,0.3845,1.95894142472176,5.76503849054766,10.95754769030528,0.940316002409774,2.652,2.472,0.0,0.65,2.1333363094329836,non_satellite
chr13,12788063,12790063,2000,0.3245,1.908334430583461,5.624023115228711,10.88456356956008,0.9183844338404498,2.612,2.416,0.0,0.0,0.0,non_satellite
chr13,12792063,12794063,2000,0.376,1.9511029593516585,5.759438146487109,10.948502464174627,0.9293502181251118,2.668,2.52,0.0,0.0,1.904165940284729,non_satellite
chr13,12796063,12798063,2000,0.352,1.8618200552658155,5.465710410461487,10.944728707891048,0.8909699731287946,2.596,2.404,0.0,0.0,0.0,non_satellite
chr13,12800063,12802063,2000,0.637,1.944983159859884,5.7072685477997265,10.86819415385899,0.8854870809864634,2.532,2.4,0.0,0.0,2.320832612991333,non_satellite
chr13,12804063,12806063,2000,0.452,1.988515316893962,5.856341006732919,10.94850246417463,0.9293502181251118,2.608,2.476,0.0,0.0,0.6375,non_satellite
chr13,12808063,12810063,2000,0.4155,1.967320013190863,5.8055206730030235,10.953527589802768,0.9320916641962772,2.64,2.516,0.0,0.025,1.3583336496353149,non_satellite
chr13,12812063,12814063,2000,0.3705,1.8862391949961712,5.532855487958615,10.95654266517965,0.9129015416981188,2.588,2.412,0.0,0.7,0.0,non_satellite
chr13,12816063,12818063,2000,0.339,1.914530766288697,5.648103318341377,10.955537640054024,0.9266087720539464,2.664,2.468,0.0,0.55,0.0,non_satellite
chr13,12820063,12822063,2000,0.3605,1.9429142983208192,5.732208702957691,10.950512514425885,0.9485403406232704,2.64,2.5,0.0,0.0,1.5611095776557922,non_satellite
chr13,12824063,12826063,2000,0.3855,1.9573240756022012,5.781154326199599,10.948502464174627,0.9375745563386084,2.664,2.484,0.0,0.0,2.6705356998443603,non_satellite
chr13,12828063,12830063,2000,0.413,1.9729240588545327,5.805566465350782,10.95754769030528,0.962247570979098,2.704,2.472,0.0,0.475,3.0119435658454896,non_satellite
chr13,12832063,12834063,2000,0.3615,1.896459799482339,5.589258933135207,10.955537640054022,0.9375745563386084,2.668,2.464,0.0,0.4,1.925,non_satellite
chr13,12836063,12838063,2000,0.571,1.9778454816470823,5.821783028465639,10.95252256467714,0.9485403406232704,2.648,2.56,0.0,0.0,1.0504766306877136,other_sat
chr13,12840063,12842063,2000,0.604,1.966342491896239,5.713863812521401,10.945487388797746,0.9266087720539464,2.62,2.44,0.0,0.0,4.489995592117309,bsat
chr13,12844063,12846063,2000,0.374,1.950354873550165,5.75154126019441,10.93683448379831,0.940316002409774,2.624,2.496,0.0,0.0,0.0,non_satellite
chr13,12848063,12850063,2000,0.3975,1.8862655950320848,5.304153432978653,10.688811572823266,0.7922779145668357,2.32,2.248,0.0,0.0,2.266091163635254,non_satellite
chr13,12852063,12854063,2000,0.444,1.9900296977943444,5.682688010589443,9.744084675535252,0.6223082581545734,1.884,1.9,0.0,0.0,5.106823354005813,non_satellite
chr13,12856063,12858063,2000,0.4635,1.991464444274207,5.823726790944423,10.955537640054022,0.951281786694436,2.68,2.436,0.0,0.075,0.025,non_satellite
chr13,12860063,12862063,2000,0.407,1.967577638744599,5.7273386862675455,10.6755685238729,0.8745212967018013,2.508,2.352,0.0,0.0,0.8571419906616211,non_satellite
chr13,12864063,12866063,2000,0.391,1.924440888000826,5.631079906965946,10.95654266517965,0.9320916641962772,2.632,2.476,0.0,0.575,0.644443811416626,non_satellite
chr13,12868063,12870063,2000,0.3465,1.9275899781269237,5.680225749880464,10.942092972967512,0.9238673259827808,2.648,2.432,0.0,0.0,4.694303348064422,non_satellite
chr13,12872063,12874063,2000,0.328,1.9116883959002624,5.648656300269695,10.958552715430908,0.9375745563386084,2.66,2.44,0.0,1.0,0.7416672749519349,non_satellite
chr13,12876063,12878063,2000,0.359,1.9339227231973393,5.704710341393966,10.912947244324297,0.9129015416981188,2.624,2.456,0.0,0.0,0.4264703726768493,non_satellite
chr13,12880063,12882063,2000,0.316,1.896153701940151,5.582038268411532,10.949753833519186,0.9266087720539464,2.648,2.432,0.0,0.025,0.0,non_satellite
chr13,12884063,12886063,2000,0.3595,1.9357719510362756,5.699898571671429,10.903255265687536,0.9375745563386084,2.648,2.44,0.0,0.0,0.3547615461349487,non_satellite
chr13,12888063,12890063,2000,0.3785,1.9302596152031548,5.654111055780939,10.93517114507263,0.9293502181251118,2.6,2.416,0.0,0.0,0.0,non_satellite
chr13,12892063,12894063,2000,0.335,1.9187631185444456,5.664425345229314,10.958552715430908,0.9266087720539464,2.684,2.46,0.0,1.0,1.583098649263382,non_satellite
chr13,12896063,12898063,2000,0.3735,1.9482818685216703,5.760245613012969,10.958552715430908,0.962247570979098,2.7,2.492,0.0,1.0,0.9887257747650148,non_satellite
chr13,12900063,12902063,2000,0.3465,1.9306936932932004,5.7218218674587416,10.928761653865513,0.9375745563386084,2.66,2.452,0.0,0.0,0.3205880732536316,non_satellite
chr13,12904063,12906063,2000,0.302,1.8402154056655105,5.43127266120851,10.953527589802766,0.8991943113422911,2.612,2.444,0.0,0.725,0.0,non_satellite
chr13,12908063,12910063,2000,0.3725,1.916776394538417,5.623296471885564,10.947497439049,0.9183844338404498,2.672,2.456,0.0,0.0,2.2065795319080355,non_satellite
chr13,12912063,12914063,2000,0.4755,1.9961718357612075,5.861613682011042,10.944728707891048,0.945798894552105,2.676,2.488,0.0,0.0,0.8421054019927978,non_satellite
chr13,12916063,12918063,2000,0.3745,1.9505767431281535,5.738930835099504,10.95654266517965,0.9540232327656016,2.72,2.484,0.0,0.375,8.22638697052002,non_satellite
chr13,12920063,12922063,2000,0.347,1.9020643931874095,5.601884316299212,10.95654266517965,0.9375745563386084,2.668,2.412,0.0,0.575,0.3538462533950806,non_satellite
chr13,12924063,12926063,2000,0.3965,1.9684763097646576,5.782105875500256,10.953527589802768,0.940316002409774,2.672,2.452,0.0,0.025,4.945276613235474,non_satellite
chr13,12928063,12930063,2000,0.415,1.978336191389669,5.801629518966991,10.958552715430908,0.9485403406232704,2.704,2.46,0.0,1.0,0.7083347654342651,non_satellite
chr13,12932063,12934063,2000,0.388,1.9539299184691523,5.751750979805633,10.95654266517965,0.9348331102674428,2.684,2.46,0.0,0.3,0.0,non_satellite
chr13,12936063,12938063,2000,0.4235,1.98146574786294,5.828852916952776,10.95252256467714,0.956764678836767,2.704,2.492,0.0,0.0,0.0,non_satellite
chr13,12940063,12942063,2000,0.4565,1.988442507330587,5.7701850533930354,10.95654266517965,0.9293502181251118,2.684,2.396,0.0,0.35,1.8387870297431943,non_satellite
chr13,12944063,12946063,2000,0.352,1.9339505852886871,5.665329069033381,10.91123865617542,0.9101600956269532,2.632,2.4,0.0,0.0,0.0,non_satellite
chr13,12948063,12950063,2000,0.363,1.9413621129691707,5.724670493120817,10.909200236701428,0.9375745563386084,2.708,2.46,0.0,0.0,0.9291663122177124,non_satellite
chr13,12952063,12954063,2000,0.3895,1.9212991459142292,5.621173641591518,10.953527589802768,0.9348331102674428,2.66,2.436,0.0,0.15,1.2749995136260983,non_satellite
chr13,12956063,12958063,2000,0.3765,1.923744156226201,5.655248542043504,10.958552715430908,0.9266087720539464,2.672,2.444,0.0,1.0,2.2245455026626586,non_satellite
chr13,12960063,12962063,2000,0.456,1.9730613420560623,5.790340719381102,10.95654266517965,0.940316002409774,2.708,2.496,0.0,0.325,3.3741051788330076,non_satellite
chr13,12964063,12966063,2000,0.395,1.9188211914524371,5.638845938737343,10.819839186073937,0.89371141919996,2.62,2.404,0.0,0.0,0.7642849416732788,non_satellite
chr13,12968063,12970063,2000,0.363,1.9406117592518892,5.540465542903223,9.96515287873364,0.5757036749447595,1.824,1.82,0.0,0.0,0.966665717124939,alpha_mono
chr13,12972063,12974063,2000,0.37,1.9468883648504929,5.619724295943033,10.203619439857263,0.6469812727950631,2.012,1.992,0.0,0.0,0.6382583112716674,alpha_mono
chr13,12976063,12978063,2000,0.363,1.9386834532168895,5.544647977517259,10.150036654848718,0.6250497042257389,1.908,1.864,0.0,0.0,0.7111104125976563,alpha_mono
chr13,12980063,12982063,2000,0.3605,1.9387027002953368,5.495307627328546,10.023036441835057,0.5537721063754354,1.792,1.8,0.0,0.0,0.0,alpha_mono
chr13,12984063,12986063,2000,0.3565,1.9353945996982664,5.540028594543571,10.11455118966352,0.6003766895852493,1.924,1.908,0.0,0.0,1.8909092712402344,alpha_mono
chr13,12988063,12990063,2000,0.36,1.9383869984675244,5.541316027929874,10.178014845421734,0.6140839199410768,1.896,1.896,0.0,0.0,0.0,alpha_mono
chr13,12992063,12994063,2000,0.3685,1.944741305919784,5.557906227194113,9.8886654733754,0.5482892142331043,1.744,1.816,0.0,0.0,1.2430550589561462,alpha_mono
chr13,12996063,12998063,2000,0.3595,1.9372534930580891,5.5650634734211915,10.277266537379912,0.6497227188662286,2.028,1.976,0.0,0.0,1.0729163064956666,alpha_mono
chr13,13000063,13002063,2000,0.369,1.936679049317402,5.660406466151754,10.832619285758756,0.8690384045594703,2.492,2.356,0.0,0.0,1.4083361806869508,alpha_mono
chr13,13004063,13006063,2000,0.379,1.9524476709501937,5.63797817585196,10.225418501865974,0.6853615177913804,2.056,2.048,0.0,0.0,2.202562847852707,alpha_mono
chr13,13008063,13010063,2000,0.399,1.968411885766397,5.751867642177511,10.570253626554168,0.7484147774281874,2.244,2.268,0.0,0.0,0.4041665124893188,alpha_mono
chr13,13012063,13014063,2000,0.3685,1.9477065474935336,5.545880400099182,9.892255806624426,0.5565135524466008,1.824,1.784,0.0,0.0,1.1083329105377198,alpha_mono
chr13,13016063,13018063,2000,0.3765,1.9533298118216864,5.5272413799814855,9.477289678221,0.4194412488883248,1.404,1.56,0.0,0.0,1.664102115392685,alpha_mono
chr13,13020063,13022063,2000,0.367,1.9480891987651088,5.626252383059913,10.379790562903946,0.6634299492220562,2.004,2.064,0.0,0.0,1.2423080801963806,alpha_mono
chr13,13024063,13026063,2000,0.359,1.935384547263433,5.560161795684431,10.213924241972697,0.6113424738699113,1.932,1.94,0.0,0.0,1.0744508991241457,alpha_mono
chr13,13028063,13030063,2000,0.356,1.936589693489128,5.517078592678026,10.021272105233876,0.578445121015925,1.828,1.792,0.0,0.0,0.979166293144226,alpha_mono
chr13,13032063,13034063,2000,0.386,1.9600200609059228,5.612641942886742,10.122129813190533,0.5757036749447595,1.84,1.864,0.0,0.0,0.9653848869800568,alpha_mono
chr13,13036063,13038063,2000,0.452,1.6946630541785257,4.378911026610159,8.841797044486784,0.4852359545962973,1.568,1.476,0.0,0.0,0.875000342130661,hsat
chr13,13040063,13042063,2000,0.3665,1.942864485101019,5.56603509316919,10.09261601295331,0.5921523513717527,1.9,1.888,0.0,0.0,1.414286190509796,alpha_mono
chr13,13044063,13046063,2000,0.373,1.9470385588828412,5.5681934597944025,10.238945510031757,0.6606885031508907,2.036,1.944,0.0,0.0,0.3874998521804809,alpha_mono
chr13,13048063,13050063,2000,0.3725,1.946669185309606,5.5906317445440745,10.289781964167409,0.6606885031508907,2.048,2.012,0.0,0.0,0.7200003433227539,alpha_mono
chr13,13052063,13054063,2000,0.3595,1.9390506693217355,5.542103462853,10.119165060559183,0.5921523513717527,1.844,1.88,0.0,0.0,0.5541664552688599,alpha_mono
chr13,13056063,13058063,2000,0.4425,1.9835468828214933,5.765687570829368,10.783146358633957,0.8690384045594703,2.472,2.368,0.0,0.0,0.3541665315628052,alpha_mono
chr13,13060063,13062063,2000,0.383,1.9175157246857684,5.638595838132842,10.958552715430908,0.9183844338404498,2.68,2.4,0.0,1.0,1.794442681789398,alpha_mono
chr13,13064063,13066063,2000,0.3625,1.941253534340589,5.577552496771403,10.111581244482318,0.6113424738699113,1.92,1.912,0.0,0.0,0.5045455026626587,alpha_mono
chr13,13068063,13070063,2000,0.352,1.9324701721382815,5.4735163531186055,9.976125808320027,0.583928013158256,1.812,1.82,0.0,0.0,0.9916665363311769,alpha_mono
chr13,13072063,13074063,2000,0.358,1.9375135507334624,5.527159289605751,10.132913747509502,0.6140839199410768,1.96,1.896,0.0,0.0,0.924999647140503,alpha_mono
chr13,13076063,13078063,2000,0.3765,1.951442579049725,5.609929028669891,10.177530203431596,0.6442398267238976,2.004,2.02,0.0,0.0,1.1904169034957883,alpha_mono
chr13,13080063,13082063,2000,0.3665,1.9442761244754097,5.66063126873683,10.534753892711468,0.7676048999263461,2.248,2.216,0.0,0.0,1.0734303569793702,alpha_mono
chr13,13084063,13086063,2000,0.3675,1.9435414660602184,5.534785828250866,9.857391284606598,0.5400648760196077,1.748,1.816,0.0,0.0,3.9690069301128386,alpha_mono
chr13,13088063,13090063,2000,0.3555,1.9318412933348463,5.545806707539878,10.411657730179146,0.6689128413643872,2.06,2.04,0.0,0.0,0.096875,alpha_mono
chr13,13092063,13094063,2000,0.351,1.9272718984787376,5.537886416612469,10.302311612372588,0.6634299492220562,2.056,2.024,0.0,0.0,0.0,alpha_mono
chr13,13096063,13098063,2000,0.3555,1.9313519100582768,5.499786040892516,10.12629869877834,0.6058595817275803,1.92,1.924,0.0,0.0,2.0192290456295012,alpha_mono
chr13,13100063,13102063,2000,0.3445,1.9204898297277344,5.517522794704375,10.301940899639678,0.641498380652732,2.012,1.924,0.0,0.0,0.3269231688976288,alpha_mono
chr13,13104063,13106063,2000,0.3665,1.9424782710833377,5.573639195539692,10.349127085448368,0.6606885031508907,2.06,2.016,0.0,0.0,0.0,alpha_mono
chr13,13108063,13110063,2000,0.3685,1.94180764786414,5.591100076194667,10.508202204923004,0.7127759785030356,2.22,2.164,0.0,0.0,1.4791661024093627,alpha_mono
chr13,13112063,13114063,2000,0.46,1.7133336746671215,4.47940180057141,9.053415249697393,0.4907188467386283,1.616,1.52,0.0,0.0,1.6133930163383483,hsat
chr13,13116063,13118063,2000,0.4575,1.7155339903627165,4.479150631346667,8.984364490479779,0.4962017388809594,1.592,1.544,0.0,0.0,6.633804731369018,hsat
chr13,13120063,13122063,2000,0.3665,1.9439207424003704,5.533864307636744,9.97501110033519,0.5702207828024285,1.8,1.804,0.0,0.0,0.0,alpha_mono
chr13,13124063,13126063,2000,0.356,1.9382571393618548,5.590618827721489,10.46511063117088,0.7155174245742011,2.164,2.136,0.0,0.0,1.27948721909523,alpha_mono
chr13,13128063,13130063,2000,0.3625,1.941227272494544,5.53240550357004,10.096486858950414,0.6086010277987458,1.896,1.896,0.0,0.0,0.5375,alpha_mono
chr13,13132063,13134063,2000,0.369,1.945786661318839,5.572116761160512,10.287244281935903,0.636015488510401,1.984,2.004,0.0,0.0,2.362628373861313,alpha_mono
chr13,13136063,13138063,2000,0.3755,1.8846526075462853,5.522300074705819,10.95654266517965,0.8964528652711256,2.62,2.4,0.0,0.825,0.0,alpha_mono
chr13,13140063,13142063,2000,0.3685,1.9444937916869889,5.678902414442697,10.606426852753218,0.8005022527803323,2.36,2.316,0.0,0.0,2.38,alpha_mono
chr13,13144063,13146063,2000,0.359,1.9384208946588075,5.551971980309398,10.088395427825986,0.6003766895852493,1.912,1.904,0.0,0.0,2.0444424362182616,alpha_mono
chr13,13148063,13150063,2000,0.3725,1.9328017273535585,5.644341985500361,10.84428059856304,0.8772627427729669,2.552,2.384,0.0,0.0,1.5909084796905515,alpha_mono
chr13,13152063,13154063,2000,0.3665,1.9413371150305787,5.549454412180841,10.200667445857226,0.6168253660122424,1.908,1.968,0.0,0.0,5.476361159324646,alpha_mono
chr13,13156063,13158063,2000,0.3735,1.9494960623760471,5.5841071356016085,10.190228649914385,0.636015488510401,1.976,2.004,0.0,0.0,1.4708330821990967,alpha_mono
chr13,13160063,13162063,2000,0.358,1.9347475825781264,5.506439993783369,10.191466374354006,0.6250497042257389,1.944,1.936,0.0,0.0,0.6333328585624695,alpha_mono
chr13,13164063,13166063,2000,0.3615,1.937707395984705,5.562829044576194,10.348901219615108,0.636015488510401,2.012,2.016,0.0,0.0,0.0,alpha_mono
chr13,13168063,13170063,2000,0.345,1.9214130404426,5.51289267689489,10.060448957258364,0.578445121015925,1.828,1.908,0.0,0.0,0.46,alpha_mono
chr13,13172063,13174063,2000,0.4545,1.741679939837356,4.594066715358795,9.095341775230333,0.4797530624539662,1.556,1.5,0.0,0.0,4.264090967178345,hsat
chr13,13176063,13178063,2000,0.4565,1.746807807573837,4.579096473786375,9.091058493407449,0.4934602928097938,1.584,1.544,0.0,0.0,4.6238461830616,hsat
chr13,13180063,13182063,2000,0.463,1.7404073720653352,4.5771274516650235,9.321560126394871,0.5236161995926146,1.704,1.62,0.0,0.0,1.0095455408096314,hsat
chr13,13184063,13186063,2000,0.4855,1.780020204630219,4.815735792629121,9.558600584098812,0.5811865670870906,1.824,1.82,0.0,0.0,0.0,hsat
chr13,13188063,13190063,2000,0.463,1.724259440912996,4.525081917315882,9.094053372773343,0.4660458320981386,1.596,1.528,0.0,0.0,1.2545455741882323,hsat
chr13,13192063,13194063,2000,0.46,1.7021328215556444,4.493317763248042,9.361076059958751,0.5318405378061112,1.736,1.588,0.0,0.0,0.9989014418125152,hsat
chr13,13196063,13198063,2000,0.464,1.7289140392940316,4.569367071798253,9.452815622315166,0.5455477681619388,1.804,1.628,0.0,0.0,1.812278770446777,hsat
chr13,13200063,13202063,2000,0.477,1.6816808763348436,4.3619053440106965,9.103590963295778,0.4879774006674628,1.612,1.472,0.0,0.0,1.647968595266342,hsat
chr13,13204063,13206063,2000,0.4535,1.6852461311458828,4.351235563010965,9.201911087078765,0.4879774006674628,1.568,1.488,0.0,0.0,1.2775,hsat
chr13,13208063,13210063,2000,0.4565,1.7151605760477602,4.488168108829454,9.156652027505558,0.4989431849521249,1.664,1.548,0.0,0.0,0.0,hsat
chr13,13212063,13214063,2000,0.4635,1.6778787665391346,4.298431843011854,9.124228179962554,0.4852359545962973,1.596,1.46,0.0,0.0,2.6595459094047547,hsat
chr13,13216063,13218063,2000,0.4675,1.7231781750415385,4.473920766837792,9.105911360274694,0.5208747535214491,1.676,1.56,0.0,0.0,1.5048952317237854,hsat
chr13,13220063,13222063,2000,0.4555,1.702899670327182,4.476687467769424,9.247021969454304,0.504426077094456,1.664,1.592,0.0,0.0,0.0,hsat
chr13,13224063,13226063,2000,0.467,1.6875309754953167,4.324562811724096,8.758722198379816,0.4687872781693042,1.54,1.424,0.0,0.0,0.0,hsat
chr13,13228063,13230063,2000,0.46,1.678717412035519,4.30971350192303,8.685667392788583,0.4386313713864834,1.508,1.44,0.0,0.0,1.31,hsat
chr13,13232063,13234063,2000,0.4595,1.7294370666198031,4.544678967364338,9.245113766757187,0.5263576456637802,1.728,1.568,0.0,0.0,2.1946409029960634,hsat
chr13,13236063,13238063,2000,0.4695,1.7341828938822348,4.545032204099232,9.296863920833522,0.504426077094456,1.652,1.564,0.0,0.0,2.175000037908554,hsat
chr13,13240063,13242063,2000,0.466,1.6748774780580304,4.308723410067646,8.904408607917803,0.4660458320981386,1.564,1.476,0.0,0.0,3.5880965280532835,hsat
chr13,13244063,13246063,2000,0.3735,1.9350384778369096,5.649011358002098,10.766426936807562,0.8416239438478151,2.468,2.328,0.0,0.0,1.0115387461185454,alpha_mono
chr13,13248063,13250063,2000,0.364,1.940720807285291,5.517843662545955,10.205241937298716,0.6277911502969045,1.944,1.92,0.0,0.0,0.993331332206726,alpha_mono
chr13,13252063,13254063,2000,0.3495,1.9286278479293175,5.602179566780304,10.608978036037488,0.7538976695705184,2.26,2.196,0.0,0.0,2.0067305798530577,alpha_mono
chr13,13256063,13258063,2000,0.362,1.9406530344709116,5.652317028561075,10.82105167268908,0.8471068359901461,2.484,2.384,0.0,0.0,1.3164337542057036,alpha_mono
chr13,13260063,13262063,2000,0.3525,1.929777236582969,5.5529027054235565,10.41677829460006,0.699068748147208,2.144,2.06,0.0,0.0,2.640554224014282,alpha_mono
chr13,13264063,13266063,2000,0.3555,1.9324244218324909,5.554266107906874,10.442797250269422,0.693585856004877,2.112,2.064,0.0,0.0,0.6458330869674682,alpha_mono
chr13,13268063,13270063,2000,0.3555,1.931359833587496,5.513572242158568,10.170190010095416,0.6113424738699113,1.96,1.908,0.0,0.0,0.955303077697754,alpha_mono
chr13,13272063,13274063,2000,0.359,1.9380605220102871,5.564391077202029,10.315553285412737,0.6661713952932218,2.036,1.968,0.0,0.0,1.897057864665985,alpha_mono
chr13,13276063,13278063,2000,0.3635,1.9395708924574264,5.539130527577176,9.976487869727414,0.578445121015925,1.84,1.888,0.0,0.0,3.082513823747635,alpha_mono
chr13,13280063,13282063,2000,0.356,1.9324012701500943,5.5272096135856055,10.157340082630029,0.6003766895852493,1.908,1.924,0.0,0.0,1.9782126421928403,alpha_mono
chr13,13284063,13286063,2000,0.3635,1.9410839316405992,5.5588963892163,10.022726573635715,0.572962228873594,1.812,1.816,0.0,0.0,0.1999998989105224,alpha_mono
chr13,13288063,13290063,2000,0.3765,1.9022660417535415,5.587898620332222,10.958552715430908,0.9129015416981188,2.64,2.416,0.0,1.0,0.704670592546463,alpha_mono
chr13,13292063,13294063,2000,0.3735,1.9477688916825375,5.559424907143231,10.12577051805816,0.6168253660122424,1.892,1.864,0.0,0.0,0.8937497472763062,alpha_mono
chr13,13296063,13298063,2000,0.362,1.9392784272541044,5.5578611453974185,10.126844771757751,0.6277911502969045,1.948,1.904,0.0,0.0,0.9142847900390624,alpha_mono
chr13,13300063,13302063,2000,0.3605,1.9399197924612344,5.545230703477775,10.153024035527974,0.6031181356564147,1.948,1.888,0.0,0.0,11.073215867042542,alpha_mono
chr13,13304063,13306063,2000,0.359,1.9413567143097776,5.598129315172429,10.47384216170272,0.6798786256490493,2.092,2.128,0.0,0.0,0.0,alpha_mono
chr13,13308063,13310063,2000,0.3705,1.943604842306394,5.552122857058286,10.201358692429643,0.6168253660122424,1.928,1.916,0.0,0.0,0.0,alpha_mono
chr13,13312063,13314063,2000,0.3635,1.94212442568732,5.550975549372192,10.01139373134786,0.578445121015925,1.804,1.828,0.0,0.0,1.985,alpha_mono
chr13,13316063,13318063,2000,0.3885,1.9140976558218936,5.604839962608977,10.95754769030528,0.9293502181251118,2.68,2.428,0.0,0.775,1.544442927360535,alpha_mono
chr13,13320063,13322063,2000,0.47,1.9785061923219929,5.79663466316074,10.92400252070622,0.9375745563386084,2.624,2.468,0.0,0.0,2.7295446491241453,alpha_mono
chr13,13324063,13326063,2000,0.42,1.7325102154058054,4.493537611367726,9.515459131308592,0.5153918613791181,1.672,1.612,0.0,0.0,0.0,hsat
chr13,13328063,13330063,2000,0.4305,1.7496514807800565,4.6198486539699175,9.615549918560346,0.5619964445889319,1.836,1.676,0.0,0.0,1.13125,hsat
chr13,13332063,13334063,2000,0.435,1.7775721414965304,4.6432709672222,9.61539447677564,0.5290990917349456,1.748,1.64,0.0,0.0,1.9624995579719544,hsat
chr13,13336063,13338063,2000,0.43,1.784428128961118,4.6486283669073,9.629479403933049,0.5263576456637802,1.696,1.616,0.0,0.0,1.0655302000045777,hsat
chr13,13340063,13342063,2000,0.437,1.71180722260824,4.478650662624598,9.564413955239338,0.5181333074502835,1.704,1.648,0.0,0.0,2.4716213927268984,hsat
chr13,13344063,13346063,2000,0.4275,1.750911398598499,4.526263024521054,9.481441544568018,0.5071675231656215,1.672,1.588,0.0,0.0,1.8983310050964357,hsat
chr13,13348063,13350063,2000,0.4345,1.75834932545157,4.47092124069241,9.17133740210114,0.5071675231656215,1.652,1.564,0.0,0.0,1.8571058361530304,hsat
chr13,13352063,13354063,2000,0.443,1.7144037836085806,4.4866920571357545,9.502736346220283,0.5428063220907733,1.752,1.616,0.0,0.0,0.9042850427627565,hsat
chr13,13356063,13358063,2000,0.4315,1.7524958539678268,4.582078337556244,9.644431602686025,0.5153918613791181,1.684,1.64,0.0,0.0,1.9359211938381196,hsat
chr13,13360063,13362063,2000,0.4285,1.7990369745328934,4.638199693489104,9.51243826118687,0.5318405378061112,1.724,1.664,0.0,0.0,1.133088224887848,hsat
chr13,13364063,13366063,2000,0.403,1.819679055041804,4.5505340512326535,9.20599973972004,0.4962017388809594,1.628,1.552,0.0,0.0,1.9073528237342832,hsat
chr13,13368063,13370063,2000,0.3985,1.8019529145107855,4.371576920645986,8.802797284351351,0.4413728174576489,1.508,1.444,0.0,0.0,0.9888277719020844,hsat
chr13,13372063,13374063,2000,0.402,1.8272997461121732,4.502274650572389,9.329869521599957,0.4962017388809594,1.628,1.536,0.0,0.0,2.4833347492218016,hsat
chr13,13376063,13378063,2000,0.401,1.8309438942954843,4.5005991554146405,9.124941342702842,0.4907188467386283,1.624,1.512,0.0,0.0,2.054999165058136,hsat
chr13,13380063,13382063,2000,0.395,1.8086001549632056,4.585181914710308,9.39679382382514,0.4934602928097938,1.6,1.548,0.0,0.0,0.0,hsat
chr13,13384063,13386063,2000,0.389,1.797702983764832,4.433854143569843,9.165682770808989,0.4797530624539662,1.636,1.492,0.0,0.0,1.7625,hsat
chr13,13388063,13390063,2000,0.3905,1.819052883993296,4.489181565425187,9.153527310212237,0.509908969236787,1.656,1.528,0.0,0.0,0.2833334684371948,hsat
chr13,13392063,13394063,2000,0.393,1.8148116689521647,4.449990398797899,8.924746400825166,0.4824945085251318,1.584,1.48,0.0,0.0,0.675,hsat
chr13,13396063,13398063,2000,0.38,1.7971657497901798,4.453445183571612,9.175761509868725,0.44685570959998,1.496,1.448,0.0,0.0,3.3237500381469727,hsat
chr13,13400063,13402063,2000,0.392,1.799820689151545,4.402222631318397,8.827023615776902,0.452338601742311,1.524,1.44,0.0,0.0,1.1173267312049866,hsat
chr13,13404063,13406063,2000,0.399,1.8015613072591312,4.330729038766112,8.603468001670803,0.4578214938846421,1.52,1.396,0.0,0.0,4.334198025465011,hsat
chr13,13408063,13410063,2000,0.3955,1.874587941948406,4.848260655377216,9.250104813851651,0.5537721063754354,1.772,1.732,0.0,0.0,2.2400010681152343,hsat
chr13,13412063,13414063,2000,0.4295,1.9841940377917393,5.800402321489744,10.958552715430908,0.956764678836767,2.696,2.444,0.0,1.0,0.5469296321868896,non_satellite
chr13,13416063,13418063,2000,0.454,1.97704758090442,5.76691245107713,10.890191358638312,0.9129015416981188,2.588,2.424,0.0,0.0,0.6758775084018708,non_satellite
chr13,13420063,13422063,2000,0.51,1.9995818600086528,5.749789221764535,10.943869659677704,0.9430574484809394,2.664,2.448,0.0,0.0,1.948663798570633,non_satellite
chr13,13424063,13426063,2000,0.3875,1.9260959230595625,5.630205835048948,10.955537640054022,0.9238673259827808,2.68,2.428,0.0,0.425,0.6136364221572876,non_satellite
chr13,13428063,13430063,2000,0.451,1.9530327103738725,5.687919956418942,10.958552715430908,0.9348331102674428,2.704,2.436,0.0,1.0,0.0,non_satellite
chr13,13432063,13434063,2000,0.4125,1.97499167988119,5.776971660802629,10.88328113254558,0.904677203484622,2.568,2.408,0.0,0.0,1.8884083795547488,non_satellite
chr13,13436063,13438063,2000,0.334,1.915813033795383,5.618208689908922,10.95654266517965,0.9211258799116152,2.62,2.452,0.0,0.575,3.3072728157043456,non_satellite
chr13,13440063,13442063,2000,0.3185,1.9026210016355447,5.635664057613973,10.95051251442588,0.9129015416981188,2.636,2.476,0.0,0.0,0.9,non_satellite
chr13,13444063,13446063,2000,0.508,1.997352602750071,5.820641392476916,10.92248515889281,0.9266087720539464,2.608,2.5,0.0,0.0,0.0,non_satellite
chr13,13448063,13450063,2000,0.416,1.978083274688546,5.817229498668232,10.951138199098162,0.956764678836767,2.692,2.456,0.0,0.0,0.0,non_satellite
chr13,13452063,13454063,2000,0.4015,1.9547084682789928,5.769177674628682,10.954532614928391,0.9375745563386084,2.684,2.436,0.0,0.175,2.036818242073059,non_satellite
chr13,13456063,13458063,2000,0.332,1.9155585416525591,5.631495371990644,10.955537640054024,0.9348331102674428,2.664,2.412,0.0,0.3,0.7818182563781738,non_satellite
chr13,13460063,13462063,2000,0.4075,1.9565895872068095,5.743595182973328,10.918085717936949,0.9211258799116152,2.66,2.476,0.0,0.0,2.0846143288612367,non_satellite
chr13,13464063,13466063,2000,0.4335,1.9867500174181816,5.80365716559365,10.94774378326793,0.9540232327656016,2.704,2.484,0.0,0.0,0.6300003004074096,non_satellite
chr13,13468063,13470063,2000,0.422,1.980565674291582,5.783796247613966,10.8987706449918,0.9293502181251118,2.648,2.46,0.0,0.0,1.209967544555664,non_satellite
chr13,13472063,13474063,2000,0.406,1.9309405015510184,5.641637124091662,10.88983166643487,0.8991943113422911,2.584,2.424,0.0,0.0,2.294582051277161,non_satellite
chr13,13476063,13478063,2000,0.3785,1.9351151423386157,5.689200804321486,10.895955516923229,0.9211258799116152,2.62,2.444,0.0,0.0,3.1397833459377287,non_satellite
chr13,13480063,13482063,2000,0.3605,1.9329360373313769,5.696185190954404,10.941467288295232,0.9348331102674428,2.644,2.472,0.0,0.0,3.326099887371063,non_satellite
chr13,13484063,13486063,2000,0.3935,1.96433441293782,5.7533499925216445,10.921493114445052,0.9266087720539464,2.612,2.46,0.0,0.0,2.725,non_satellite
chr13,13488063,13490063,2000,0.3925,1.921398628886669,5.6327254141424,10.856858163613568,0.8964528652711256,2.608,2.408,0.0,0.0,1.9480775780677797,non_satellite
chr13,13492063,13494063,2000,0.3515,1.9337464972207852,5.706689331899737,10.958552715430908,0.9430574484809394,2.66,2.464,0.0,1.0,0.9801280887126924,non_satellite
chr13,13496063,13498063,2000,0.38,1.9278111893161796,5.6842719879144665,10.917593029499082,0.888228527057629,2.596,2.432,0.0,0.0,3.991664747714996,non_satellite
chr13,13500063,13502063,2000,0.3235,1.9058561294608216,5.636034022862631,10.924601196431242,0.9293502181251118,2.66,2.444,0.0,0.0,0.0,non_satellite
chr13,13504063,13506063,2000,0.3845,1.9255138821667583,5.674670948294237,10.954532614928397,0.9375745563386084,2.64,2.46,0.0,0.175,0.5041668376922608,non_satellite
chr13,13508063,13510063,2000,0.336,1.912332257838532,5.63602663190354,10.955537640054024,0.9156429877692842,2.64,2.472,0.0,0.35,2.1256931729316713,non_satellite
chr13,13512063,13514063,2000,0.5365,1.977952240190861,5.661322759722024,10.931284040804533,0.9183844338404498,2.628,2.356,0.0,0.0,5.9875,non_satellite
chr13,13516063,13518063,2000,0.41,1.973925702209287,5.811840687770203,10.948502464174624,0.951281786694436,2.692,2.48,0.0,0.0,0.0,non_satellite
chr13,13520063,13522063,2000,0.4505,1.982830104462726,5.817948244089138,10.943477338546488,0.9595061249079324,2.7,2.44,0.0,0.0,0.833335018157959,non_satellite
chr13,13524063,13526063,2000,0.411,1.964908432758646,5.762894901526896,10.929406986787692,0.9211258799116152,2.656,2.44,0.0,0.0,1.45625,non_satellite
chr13,13528063,13530063,2000,0.335,1.8898502299918267,5.586676024068793,10.954532614928397,0.9156429877692842,2.616,2.42,0.0,0.225,0.7954546213150024,non_satellite
chr13,13532063,13534063,2000,0.3785,1.955165816730352,5.740744786260372,10.924874549597414,0.9430574484809394,2.648,2.464,0.0,0.0,0.3894230456352234,non_satellite
chr13,13536063,13538063,2000,0.435,1.9858235421038943,5.833569911795933,10.953527589802768,0.945798894552105,2.72,2.504,0.0,0.0,1.889999499320984,non_satellite
chr13,13540063,13542063,2000,0.4765,1.9877726622523304,5.833847373054803,10.828946611430467,0.8772627427729669,2.544,2.424,0.0,0.0,0.556666932106018,non_satellite
chr13,13544063,13546063,2000,0.3785,1.9511140175727468,5.753169147718094,10.8648534770365,0.9238673259827808,2.652,2.416,0.0,0.0,1.9764293897151948,non_satellite
chr13,13548063,13550063,2000,0.403,1.9631977256175797,5.769111410349672,10.816856845610229,0.9019357574134566,2.592,2.416,0.0,0.0,0.4600002193450928,non_satellite
chr13,13552063,13554063,2000,0.3595,1.9078774686662816,5.61323417646692,10.948502464174627,0.9211258799116152,2.636,2.456,0.0,0.0,0.7178564321994781,non_satellite
chr13,13556063,13558063,2000,0.3315,1.914780728762809,5.630782453204393,10.95654266517965,0.940316002409774,2.68,2.456,0.0,0.425,0.3500000984668732,non_satellite
chr13,13560063,13562063,2000,0.3625,1.9415575830807343,5.733282262567916,10.948502464174624,0.9430574484809394,2.696,2.48,0.0,0.0,0.0,non_satellite
chr13,13564063,13566063,2000,0.354,1.9245018977951176,5.675157982843405,10.952522564677135,0.951281786694436,2.692,2.424,0.0,0.05,0.2966668081283569,non_satellite
chr13,13568063,13570063,2000,0.32,1.9000725961452511,5.621205977080684,10.95754769030528,0.9375745563386084,2.66,2.432,0.0,0.675,0.5961395230293274,non_satellite
chr13,13572063,13574063,2000,0.3505,1.9092733931815216,5.646546500500151,10.925386886285194,0.9074186495557875,2.616,2.436,0.0,0.0,0.6107145245075226,non_satellite
chr13,13576063,13578063,2000,0.3745,1.9533251438186057,5.764016841186238,10.93405277196249,0.9348331102674428,2.66,2.444,0.0,0.0,1.5745331547260284,non_satellite
chr13,13580063,13582063,2000,0.416,1.9709836067432076,5.771791793510513,10.94711809859565,0.940316002409774,2.652,2.464,0.0,0.0,0.0,non_satellite
chr13,13584063,13586063,2000,0.306,1.888306929009513,5.576847199597342,10.95754769030528,0.9183844338404498,2.668,2.428,0.0,0.725,1.6154546165466308,non_satellite
chr13,13588063,13590063,2000,0.4125,1.971501594239876,5.782799389757229,10.958552715430908,0.962247570979098,2.696,2.468,0.0,1.0,0.9219695425033568,non_satellite
chr13,13592063,13594063,2000,0.435,1.9685650625336235,5.727991225769291,10.89328924659627,0.9074186495557875,2.584,2.472,0.0,0.0,0.6785716938972474,non_satellite
chr13,13596063,13598063,2000,0.443,1.987260666974194,5.809712705278252,10.95654266517965,0.951281786694436,2.708,2.472,0.0,0.3,3.4335611469745637,non_satellite
chr13,13600063,13602063,2000,0.459,1.9938614514001725,5.863266882395946,10.912761124303024,0.945798894552105,2.704,2.424,0.0,0.0,0.0,non_satellite
chr13,13604063,13606063,2000,0.4565,1.987329624514966,5.7573984431013585,10.95654266517965,0.962247570979098,2.684,2.468,0.0,0.425,1.1545455646514893,non_satellite
chr13,13608063,13610063,2000,0.4535,1.986650594238538,5.8332954048803,10.95754769030528,0.962247570979098,2.712,2.484,0.0,0.45,0.0,non_satellite
chr13,13612063,13614063,2000,0.5245,1.9794990703062645,5.8443349313950135,10.939703582262904,0.940316002409774,2.676,2.476,0.0,0.0,1.9937052578926089,non_satellite
chr13,13616063,13618063,2000,0.471,1.9923419184006796,5.819285179511881,10.954532614928397,0.9485403406232704,2.696,2.444,0.0,0.025,0.3730770280361175,non_satellite
chr13,13620063,13622063,2000,0.4525,1.9846628484252455,5.7894645836454295,10.91580231451952,0.951281786694436,2.708,2.42,0.0,0.0,0.5409090995788575,non_satellite
chr13,13624063,13626063,2000,0.457,1.9919960738201157,5.819454397783391,10.948502464174624,0.9540232327656016,2.704,2.468,0.0,0.0,1.2161106581687928,non_satellite
chr13,13628063,13630063,2000,0.4925,1.9960695695333104,5.813986512778119,10.943723682765418,0.9704719091925946,2.68,2.5,0.0,0.0,3.8901516695022584,non_satellite
chr13,13632063,13634063,2000,0.5805,1.9696148418547197,5.667981997086605,10.955537640054024,0.9320916641962772,2.672,2.444,0.0,0.25,0.6272727870941162,non_satellite
chr13,13636063,13638063,2000,0.6005,1.9619968581351968,5.611486235670942,10.95654266517965,0.9101600956269532,2.596,2.456,0.0,0.8,1.6409077215194705,non_satellite
chr13,13640063,13642063,2000,0.4645,1.989614505923792,5.800178150992701,10.729787434604924,0.8471068359901461,2.448,2.336,0.0,0.0,0.7318182516098023,non_satellite
chr13,13644063,13646063,2000,0.5145,1.988075177590762,5.783880563657759,10.909992393145073,0.9129015416981188,2.616,2.484,0.0,0.0,1.209077799797058,non_satellite
chr13,13648063,13650063,2000,0.577,1.9781588352579536,5.721748977840811,10.940462263169602,0.9183844338404498,2.62,2.464,0.0,0.0,0.0,non_satellite
chr13,13652063,13654063,2000,0.537,1.9796482015572496,5.760857080372037,10.9364421626671,0.9293502181251118,2.656,2.48,0.0,0.0,0.0,non_satellite
chr13,13656063,13658063,2000,0.6265,1.9524346277429063,5.612485456481516,10.953527589802768,0.9101600956269532,2.616,2.428,0.0,0.15,1.4892860963344574,non_satellite
chr13,13660063,13662063,2000,0.5785,1.964209125732647,5.591045551583263,10.833656939812174,0.8580726202748082,2.5,2.336,0.0,0.0,1.419047706127167,non_satellite
chr13,13664063,13666063,2000,0.4395,1.9877565989542496,5.823070172508985,10.897638503898811,0.9156429877692842,2.644,2.404,0.0,0.0,0.0,non_satellite
chr13,13668063,13670063,2000,0.456,1.990553424168981,5.846216472541761,10.95151753955151,0.9595061249079324,2.756,2.472,0.0,0.0,1.6516027829647064,non_satellite
chr13,13672063,13674063,2000,0.46,1.9910654890791812,5.904120341732495,10.603052251081616,0.825175267420822,2.416,2.348,0.0,0.0,2.63749897480011,non_satellite
chr13,13676063,13678063,2000,0.6715,1.902000553567209,5.304033643027614,9.094740168731338,0.4139583567459937,1.376,1.348,0.0,0.0,0.44,non_satellite
chr13,13680063,13682063,2000,0.436,1.9877726557711983,5.811035065064895,10.958552715430908,0.945798894552105,2.656,2.452,0.0,1.0,0.585,non_satellite
chr13,13684063,13686063,2000,0.395,1.9644399428778965,5.7773673222909965,10.949703649865864,0.956764678836767,2.68,2.432,0.0,0.0,0.0,non_satellite
chr13,13688063,13690063,2000,0.454,1.993255601507452,5.811264788942469,10.95754769030528,0.9595061249079324,2.708,2.444,0.0,0.55,1.6677770628929138,non_satellite
chr13,13692063,13694063,2000,0.4595,1.9946881323690255,5.801807211318476,10.895861817188624,0.9074186495557875,2.632,2.44,0.0,0.0,0.705554862499237,non_satellite
chr13,13696063,13698063,2000,0.1925,1.704443774882248,4.573571530551841,9.212877888655148,0.5811865670870906,1.788,1.704,0.0,0.0,1.0714274883270265,hsat
chr13,13700063,13702063,2000,0.3875,1.9549186948218105,5.719329929264485,10.947497439049,0.9320916641962772,2.624,2.48,0.0,0.0,0.7250014657974243,non_satellite
chr13,13704063,13706063,2000,0.4535,1.9916585958124344,5.832505774728321,10.95151753955151,0.9485403406232704,2.704,2.456,0.0,0.0,0.9747470169067384,non_satellite
chr13,13708063,13710063,2000,0.414,1.9747386206286204,5.817455195464727,10.89849755211215,0.904677203484622,2.624,2.452,0.0,0.0,0.0,non_satellite
chr13,13712063,13714063,2000,0.3885,1.9352246673986104,5.676013481488617,10.949128148846908,0.9320916641962772,2.668,2.424,0.0,0.025,2.500000951766968,non_satellite
chr13,13716063,13718063,2000,0.569,1.9757313443721172,5.8139364491651895,10.954532614928391,0.9540232327656016,2.62,2.504,0.0,0.1,0.8878672204017639,non_satellite
chr13,13720063,13722063,2000,0.521,1.9979506804179663,5.7523930884864845,10.954532614928397,0.951281786694436,2.668,2.452,0.0,0.125,1.288234642982483,non_satellite
chr13,13724063,13726063,2000,0.389,1.9356171282168904,5.678321353909295,10.932084858916808,0.9320916641962772,2.62,2.416,0.0,0.0,2.1597982439994814,non_satellite
chr13,13728063,13730063,2000,0.439,1.9431228980511868,5.682580598240139,10.955537640054024,0.9211258799116152,2.688,2.44,0.0,0.45,0.6346155631542206,non_satellite
chr13,13732063,13734063,2000,0.354,1.932470144363606,5.698186108622503,10.945733733016676,0.9293502181251118,2.644,2.508,0.0,0.0,0.0,non_satellite
chr13,13736063,13738063,2000,0.3155,1.8917485494255155,5.6027279689137295,10.925386886285176,0.9183844338404498,2.648,2.472,0.0,0.0,1.822220432281494,non_satellite
chr13,13740063,13742063,2000,0.3225,1.9037217561644528,5.631847726353457,10.95654266517965,0.9293502181251118,2.664,2.424,0.0,0.6,0.0,non_satellite
chr13,13744063,13746063,2000,0.394,1.9395775048156991,5.694657314384603,10.896733846079846,0.888228527057629,2.612,2.42,0.0,0.0,4.733328819274902,non_satellite
chr13,13748063,13750063,2000,0.3635,1.945443403337903,5.724497670082268,10.949507489300252,0.9238673259827808,2.648,2.484,0.0,0.0,0.0,non_satellite
chr13,13752063,13754063,2000,0.3745,1.9446985428265424,5.721150770692604,10.943097998093137,0.951281786694436,2.652,2.448,0.0,0.0,0.0,non_satellite
chr13,13756063,13758063,2000,0.3235,1.901118515322671,5.6193200242701025,10.95654266517965,0.9183844338404498,2.668,2.452,0.0,0.525,0.0,non_satellite
chr13,13760063,13762063,2000,0.362,1.923347579709824,5.649133799272317,10.912840209445616,0.9211258799116152,2.668,2.444,0.0,0.0,2.75,non_satellite
chr13,13764063,13766063,2000,0.3485,1.9112942101059456,5.624171657727513,10.940658423735211,0.9293502181251118,2.644,2.436,0.0,0.0,0.0,non_satellite
chr13,13768063,13770063,2000,0.3515,1.9344346885365893,5.722182730510921,10.954532614928391,0.951281786694436,2.672,2.448,0.0,0.075,1.7375,non_satellite
chr13,13772063,13774063,2000,0.368,1.942729702966023,5.720608004104009,10.95654266517965,0.940316002409774,2.688,2.48,0.0,0.325,0.0,non_satellite
chr13,13776063,13778063,2000,0.341,1.9232454915440136,5.6981543993209165,10.925083690840896,0.951281786694436,2.708,2.484,0.0,0.0,0.0,non_satellite
chr13,13780063,13782063,2000,0.327,1.9016565865674864,5.6309610189252925,10.934432112415836,0.904677203484622,2.62,2.468,0.0,0.0,3.2,non_satellite
chr13,13784063,13786063,2000,0.378,1.9408020245703896,5.6975301906679245,10.915809675216858,0.9375745563386084,2.688,2.464,0.0,0.0,1.223333703994751,non_satellite
chr13,13788063,13790063,2000,0.3005,1.8618393115737415,5.487579629247392,10.954532614928397,0.89371141919996,2.644,2.444,0.0,0.475,0.0,non_satellite
chr13,13792063,13794063,2000,0.386,1.9222195430396545,5.634015298199042,10.888593277768155,0.89371141919996,2.616,2.396,0.0,0.0,3.08,non_satellite
chr13,13796063,13798063,2000,0.3575,1.9392432001152793,5.690860379833887,10.928231762452198,0.9266087720539464,2.676,2.44,0.0,0.0,0.0,non_satellite
chr13,13800063,13802063,2000,0.4945,1.962860058721136,5.697272786138832,10.70838702154031,0.7950193606380013,2.364,2.312,0.0,0.0,0.0,non_satellite
chr13,13804063,13806063,2000,0.424,1.9521864959932975,5.652839347792575,10.38398441966818,0.8580726202748082,2.42,2.264,0.0,0.0,0.7833349170684815,non_satellite
chr13,13808063,13810063,2000,0.384,1.9539048799794172,5.756094236107826,10.952522564677135,0.945798894552105,2.712,2.484,0.0,0.0,0.0,non_satellite
chr13,13812063,13814063,2000,0.3995,1.9683601948058336,5.807197917042941,10.903626600401363,0.9129015416981188,2.616,2.48,0.0,0.0,2.5857116718292237,non_satellite
chr13,13816063,13818063,2000,0.392,1.956099811967088,5.757111010933197,10.955537640054022,0.9485403406232704,2.688,2.456,0.0,0.2,0.9333324165344238,non_satellite
chr13,13820063,13822063,2000,0.3935,1.94638465539651,5.72574776086201,10.849251320956377,0.9211258799116152,2.64,2.404,0.0,0.0,0.9555546169281006,non_satellite
chr13,13824063,13826063,2000,0.409,1.9723447951058304,5.789223843774054,10.919173555643669,0.904677203484622,2.616,2.472,0.0,0.0,0.4090909481048584,non_satellite
chr13,13828063,13830063,2000,0.389,1.957607623342996,5.757953052238645,10.916701352357975,0.9211258799116152,2.632,2.48,0.0,0.0,0.0,non_satellite
chr13,13832063,13834063,2000,0.4215,1.9758604476727764,5.807615419886717,10.838802080996867,0.8827456349152979,2.576,2.484,0.0,0.0,0.423376727104187,non_satellite
chr13,13836063,13838063,2000,0.5355,1.9584345062249924,5.706656071557912,10.858359711418236,0.8854870809864634,2.488,2.4,0.0,0.0,0.0,non_satellite
chr13,13840063,13842063,2000,0.3755,1.912938622251653,5.628947069854309,10.958552715430908,0.940316002409774,2.676,2.468,0.0,1.0,2.264471197128296,non_satellite
chr13,13844063,13846063,2000,0.521,1.9955190970323864,5.864110288191247,10.804832321521245,0.8772627427729669,2.56,2.412,0.0,0.0,3.729999716281891,non_satellite
chr13,13848063,13850063,2000,0.551,1.9908716076782744,5.786691846745696,10.88094539789435,0.8991943113422911,2.608,2.416,0.0,0.0,0.8535946564674377,non_satellite
chr13,13852063,13854063,2000,0.4755,1.993054565614999,5.722959042106745,10.793911420249476,0.8772627427729669,2.464,2.36,0.0,0.0,0.45625,non_satellite
chr13,13856063,13858063,2000,0.4315,1.984906746842625,5.70686466835541,10.945733733016676,0.9266087720539464,2.628,2.408,0.0,0.0,1.727776080608368,non_satellite
chr13,13860063,13862063,2000,0.4165,1.964538556437842,5.715237198674002,10.606530498186183,0.7950193606380013,2.324,2.276,0.0,0.0,0.1857140979766845,non_satellite
chr13,13864063,13866063,2000,0.5,1.9719975099879423,5.55802600727664,9.73654293132724,0.6469812727950631,1.916,1.936,0.0,0.0,0.6142850933074951,non_satellite
chr13,13868063,13870063,2000,0.496,1.9996755671617623,5.870976040673668,10.822332913210015,0.8772627427729669,2.532,2.384,0.0,0.0,1.5083363828659058,non_satellite
chr13,13872063,13874063,2000,0.4875,1.9986301718552788,5.829381615419478,10.86469937072212,0.888228527057629,2.556,2.452,0.0,0.0,0.0,non_satellite
chr13,13876063,13878063,2000,0.4905,1.970898316018433,5.743118598858331,10.537205448495618,0.7347075470723597,2.24,2.268,0.0,0.0,0.0,non_satellite
chr13,13880063,13882063,2000,0.3985,1.9432877526398715,5.445834372302554,10.132932155019567,0.6826200717202149,2.036,2.032,0.0,0.0,3.9111072692871094,non_satellite
chr13,13884063,13886063,2000,0.4735,1.9957021044636052,5.787718600829116,10.954532614928397,0.9485403406232704,2.628,2.472,0.0,0.05,1.513636040687561,non_satellite
chr13,13888063,13890063,2000,0.3535,1.9314333446348677,5.684726934717767,10.94649241392337,0.9211258799116152,2.672,2.456,0.0,0.0,0.8944438605308532,non_satellite
chr13,13892063,13894063,2000,0.3765,1.95544897490812,5.764372305466476,10.930358888126468,0.945798894552105,2.68,2.488,0.0,0.0,0.0,non_satellite
chr13,13896063,13898063,2000,0.385,1.8906581622036729,5.560512366606522,10.955537640054022,0.9266087720539464,2.628,2.404,0.0,0.55,0.7875,non_satellite
chr13,13900063,13902063,2000,0.3915,1.9598558837880269,5.761888069747321,10.951517539551514,0.945798894552105,2.656,2.472,0.0,0.0,0.0,non_satellite
chr13,13904063,13906063,2000,0.467,1.9905731549110024,5.762562418205015,10.958552715430908,0.940316002409774,2.64,2.472,0.0,1.0,0.0,non_satellite
chr13,13908063,13910063,2000,0.3675,1.9219072102204668,5.691141460400677,10.948698624740237,0.940316002409774,2.672,2.492,0.0,0.0,0.9425,non_satellite
chr13,13912063,13914063,2000,0.4375,1.9796886925555297,5.833039232743622,10.933161094821372,0.940316002409774,2.68,2.488,0.0,0.0,3.634026673316955,non_satellite
chr13,13916063,13918063,2000,0.378,1.9560986510465743,5.788763848594024,10.958552715430908,0.9375745563386084,2.664,2.472,0.0,1.0,0.0,non_satellite
chr13,13920063,13922063,2000,0.4185,1.9753924333097388,5.776888968634345,10.955537640054022,0.9375745563386084,2.664,2.48,0.0,0.25,0.0,non_satellite
chr13,13924063,13926063,2000,0.245,1.8011310765734838,5.076192987556556,10.269859172235778,0.7456733313570219,2.22,2.12,0.0,0.0,2.55,hsat
chr13,13928063,13930063,2000,0.2225,1.7642259599385963,4.896899037696392,10.329736226292509,0.7347075470723597,2.204,2.072,0.0,0.0,0.0,hsat
chr13,13932063,13934063,2000,0.2365,1.7888955305304473,5.099543693757142,10.616804964888178,0.7840535763533392,2.308,2.24,0.0,0.0,0.0,hsat
chr13,13936063,13938063,2000,0.223,1.7654144919035508,4.992842656187812,10.439063180875888,0.7237417627876976,2.156,2.136,0.0,0.0,0.0,hsat
chr13,13940063,13942063,2000,0.2315,1.7660208310438716,4.968700604395837,10.069582429082748,0.6497227188662286,1.924,1.94,0.0,0.0,1.4625,hsat
chr13,13944063,13946063,2000,0.2275,1.736656756594683,4.674142554898579,8.613992548359569,0.3180077442552005,1.124,1.204,0.0,0.0,1.53,hsat
chr13,13948063,13950063,2000,0.2215,1.7302150745486615,4.686768774405645,9.105169209200051,0.4057340185324972,1.416,1.38,0.0,0.0,0.0,hsat
chr13,13952063,13954063,2000,0.224,1.7367873137800085,4.737217060297421,9.17880691549207,0.4029925724613317,1.36,1.388,0.0,0.0,0.0,hsat
chr13,13956063,13958063,2000,0.223,1.7387257569466017,4.767640207927236,9.248981202509013,0.44685570959998,1.496,1.464,0.0,0.0,0.0,hsat
chr13,13960063,13962063,2000,0.228,1.7362489325776571,4.719397236177746,9.130117352012878,0.4331484792441524,1.44,1.396,0.0,0.0,1.1416689748764035,hsat
chr13,13964063,13966063,2000,0.2205,1.7315055993176331,4.6986064539672405,9.023684918812055,0.3892853421055041,1.352,1.372,0.0,0.0,1.0857131881713866,hsat
chr13,13968063,13970063,2000,0.2255,1.7338865454397276,4.7263657548119955,9.160521924801222,0.4112169106748282,1.384,1.428,0.0,0.0,0.3818182182312011,hsat
chr13,13972063,13974063,2000,0.225,1.7357672697925273,4.728763661927745,9.04067843735818,0.4084754646036627,1.364,1.368,0.0,0.0,2.435256559610367,hsat
chr13,13976063,13978063,2000,0.2345,1.7554277926964117,4.785031777661829,9.274630311094294,0.4304070331729869,1.444,1.448,0.0,0.0,3.415383503437042,hsat
chr13,13980063,13982063,2000,0.2245,1.730627064352655,4.703213640112718,9.257668603385175,0.4578214938846421,1.488,1.476,0.0,0.0,0.0,hsat
chr13,13984063,13986063,2000,0.2215,1.72815083257302,4.701485106261972,9.157840946716222,0.4358899253153179,1.464,1.444,0.0,0.0,4.423076564311981,hsat
chr13,13988063,13990063,2000,0.2275,1.739950257730167,4.725673460547082,9.141665183240455,0.4139583567459937,1.444,1.412,0.0,0.0,0.0,hsat
chr13,13992063,13994063,2000,0.2245,1.7420147629415126,4.770358965022301,9.104118874790023,0.4194412488883248,1.416,1.396,0.0,0.0,0.0,hsat
chr13,13996063,13998063,2000,0.224,1.7357781177100646,4.701604138377909,8.978875008953464,0.3975096803190006,1.34,1.34,0.0,0.0,2.892854218482971,hsat
chr13,14000063,14002063,2000,0.2275,1.7426578840504068,4.737668614316236,8.943292318255867,0.4249241410306558,1.404,1.348,0.0,0.0,0.0,hsat
chr13,14004063,14006063,2000,0.2275,1.738681940584094,4.721623132253753,9.180301528148735,0.4057340185324972,1.404,1.404,0.0,0.0,1.24,hsat
chr13,14008063,14010063,2000,0.2215,1.7336639030773997,4.725107826395704,9.196736409137642,0.4276655871018213,1.476,1.472,0.0,0.0,1.8125,hsat
chr13,14012063,14014063,2000,0.224,1.7357445854977414,4.750118330873432,9.432996329371424,0.4797530624539662,1.564,1.52,0.0,0.0,2.5125,hsat
chr13,14016063,14018063,2000,0.2275,1.7397860481626115,4.7700944755460934,9.380445481736714,0.4660458320981386,1.552,1.508,0.0,0.0,0.0,hsat
chr13,14020063,14022063,2000,0.222,1.7321983232100204,4.70692521832208,9.11266518360773,0.4084754646036627,1.42,1.408,0.0,0.0,0.0,hsat
chr13,14024063,14026063,2000,0.2225,1.7358498970188605,4.726620831944564,9.14789109172088,0.4276655871018213,1.448,1.456,0.0,0.0,7.349997186660767,hsat
chr13,14028063,14030063,2000,0.2265,1.7345671660927855,4.703272148564637,9.050803933216578,0.4112169106748282,1.392,1.388,0.0,0.0,2.1375,hsat
chr13,14032063,14034063,2000,0.224,1.7273889430385712,4.700140208374482,9.172347842655755,0.4139583567459937,1.404,1.428,0.0,0.0,1.5499985218048096,hsat
chr13,14036063,14038063,2000,0.22,1.727392715966534,4.674276785048796,8.962143120788195,0.3920267881766696,1.36,1.344,0.0,0.0,0.0,hsat
chr13,14040063,14042063,2000,0.2205,1.7334152653853951,4.736439024655513,9.103404517899344,0.4221826949594903,1.456,1.424,0.0,0.0,0.0,hsat
chr13,14044063,14046063,2000,0.227,1.7342023212065825,4.705157982499551,9.014729884630055,0.4249241410306558,1.4,1.364,0.0,0.0,2.7666648387908936,hsat
chr13,14048063,14050063,2000,0.2245,1.7289880566003806,4.712927366975759,9.171222957987808,0.4413728174576489,1.468,1.42,0.0,0.0,2.216664552688598,hsat
chr13,14052063,14054063,2000,0.2205,1.7274477906773569,4.683849747760794,8.81355696672628,0.3646123274650144,1.292,1.292,0.0,0.0,0.0,hsat
chr13,14056063,14058063,2000,0.2175,1.7292257462770038,4.725191856917179,9.190699988840027,0.4249241410306558,1.5,1.444,0.0,0.0,0.0,hsat
chr13,14060063,14062063,2000,0.2255,1.7379573066569332,4.705010508517241,9.085426394102454,0.4166998028171593,1.416,1.364,0.0,0.0,1.45,hsat
chr13,14064063,14066063,2000,0.2225,1.7340243170451106,4.689114744464914,8.91647431578228,0.378319557820842,1.32,1.32,0.0,0.0,0.0,hsat
chr13,14068063,14070063,2000,0.225,1.732648328709803,4.729207733126554,9.238028192023332,0.4495971556711455,1.488,1.496,0.0,0.0,0.0,hsat
chr13,14072063,14074063,2000,0.2245,1.7326720631042485,4.716099372864604,9.276581546984708,0.4386313713864834,1.456,1.476,0.0,0.0,9.03333134651184,hsat
chr13,14076063,14078063,2000,0.222,1.7334228350942595,4.732841304711691,9.160721499826863,0.4358899253153179,1.464,1.452,0.0,0.0,3.3973831739425657,hsat
chr13,14080063,14082063,2000,0.227,1.7423874307543092,4.737843325308051,8.875916954392057,0.3481636510380212,1.236,1.304,0.0,0.0,0.0,hsat
chr13,14084063,14086063,2000,0.2265,1.7450092891186364,4.767199809094646,9.044342514230042,0.4112169106748282,1.416,1.372,0.0,0.0,0.0,hsat
chr13,14088063,14090063,2000,0.225,1.7299451950150615,4.687178609133887,9.166118548501068,0.4276655871018213,1.44,1.448,0.0,0.0,0.0,hsat
chr13,14092063,14094063,2000,0.226,1.7328505004039367,4.722500360363426,9.212548366008791,0.4194412488883248,1.432,1.46,0.0,0.0,1.341669379234314,hsat
chr13,14096063,14098063,2000,0.226,1.7324618405196106,4.714157131846389,9.173544129244924,0.452338601742311,1.444,1.476,0.0,0.0,1.07,hsat
chr13,14100063,14102063,2000,0.2265,1.732137000876049,4.700751616845489,9.175309620862407,0.4221826949594903,1.444,1.424,0.0,0.0,1.1125,hsat
chr13,14104063,14106063,2000,0.2285,1.7406005212992912,4.742015948288409,9.197913543820365,0.452338601742311,1.492,1.408,0.0,0.0,0.0,hsat
chr13,14108063,14110063,2000,0.225,1.729680432972894,4.7323926673191385,9.277307452368666,0.4578214938846421,1.536,1.492,0.0,0.0,0.0,hsat
chr13,14112063,14114063,2000,0.2285,1.7418670320814595,4.730553847129099,9.262847313939291,0.4550800478134765,1.496,1.46,0.0,0.0,1.51,hsat
chr13,14116063,14118063,2000,0.2225,1.7351956218130593,4.734457615653375,9.029365115927732,0.3728366656785109,1.292,1.344,0.0,0.0,2.61,hsat
chr13,14120063,14122063,2000,0.228,1.739590380772598,4.732010274666355,9.224813581766425,0.4304070331729869,1.46,1.432,0.0,0.0,0.0,hsat
chr13,14124063,14126063,2000,0.222,1.7371386050306623,4.755299962186537,9.197484226362722,0.4441142635288145,1.472,1.46,0.0,0.0,2.760002223968506,hsat
chr13,14128063,14130063,2000,0.224,1.741533659991212,4.760331150592156,9.126732349209512,0.4221826949594903,1.42,1.424,0.0,0.0,0.0,hsat
chr13,14132063,14134063,2000,0.2305,1.7433228478182023,4.730996429669958,9.242494948746652,0.4304070331729869,1.464,1.444,0.0,0.0,1.25,hsat
chr13,14136063,14138063,2000,0.222,1.7342073684278465,4.715599036515111,9.16659815673222,0.4304070331729869,1.488,1.448,0.0,0.0,0.0,hsat
chr13,14140063,14142063,2000,0.222,1.7266870944235928,4.689734031283709,9.118420119294845,0.4084754646036627,1.408,1.412,0.0,0.0,0.9071419401168824,hsat
chr13,14144063,14146063,2000,0.2285,1.7397633103102752,4.750234162447726,9.264435308052471,0.4578214938846421,1.504,1.456,0.0,0.0,0.0,hsat
chr13,14148063,14150063,2000,0.224,1.7297922792732714,4.707838943608411,9.192338627880646,0.4249241410306558,1.436,1.46,0.0,0.0,1.75,hsat
chr13,14152063,14154063,2000,0.2315,1.7422827200763529,4.727269888395065,9.104305776240126,0.4304070331729869,1.42,1.392,0.0,0.0,2.3083380002975464,hsat
chr13,14156063,14158063,2000,0.22,1.7231258839928196,4.688773440366497,9.146745419655604,0.4304070331729869,1.424,1.42,0.0,0.0,0.0,hsat
chr13,14160063,14162063,2000,0.221,1.7288434456457589,4.731852823424575,9.262365882030467,0.4386313713864834,1.504,1.48,0.0,0.0,0.0,hsat
chr13,14164063,14166063,2000,0.2255,1.7340525647240157,4.7380074027422685,9.35175473993882,0.4413728174576489,1.484,1.5,0.0,0.0,0.0,hsat
chr13,14168063,14170063,2000,0.2205,1.731084114974473,4.693045949016599,8.980095016556392,0.378319557820842,1.352,1.328,0.0,0.0,0.8416683683395386,hsat
chr13,14172063,14174063,2000,0.228,1.741540638589994,4.72753913946617,8.919574564578898,0.3728366656785109,1.292,1.324,0.0,0.0,1.75,hsat
chr13,14176063,14178063,2000,0.226,1.7411000915705914,4.745044865557387,8.945290330041523,0.4221826949594903,1.396,1.348,0.0,0.0,1.8166649341583252,hsat
chr13,14180063,14182063,2000,0.221,1.7247078570914534,4.681601639637056,9.202092590898058,0.4304070331729869,1.444,1.464,0.0,0.0,3.5,hsat
chr13,14184063,14186063,2000,0.2255,1.7367150174110315,4.722388352808678,9.129533681355992,0.4249241410306558,1.424,1.408,0.0,0.0,2.4666643142700195,hsat
chr13,14188063,14190063,2000,0.2205,1.7322617952853667,4.720075221782716,9.20850073978351,0.4276655871018213,1.456,1.428,0.0,0.0,0.0,hsat
chr13,14192063,14194063,2000,0.2215,1.7367736498824438,4.74072676614644,9.092697602440948,0.4139583567459937,1.412,1.428,0.0,0.0,0.0,hsat
chr13,14196063,14198063,2000,0.2275,1.7376414950814771,4.732622684512141,9.164332242889795,0.4413728174576489,1.464,1.412,0.0,0.0,0.0,hsat
chr13,14200063,14202063,2000,0.217,1.7220761349642932,4.6797094840749525,8.817443158525391,0.3536465431803522,1.252,1.276,0.0,0.0,0.0,hsat
chr13,14204063,14206063,2000,0.227,1.732086950733606,4.728337553208651,9.19051562820986,0.4276655871018213,1.42,1.428,0.0,0.0,1.26,hsat
chr13,14208063,14210063,2000,0.2225,1.7315412794450882,4.685854737176019,8.965510839626939,0.3892853421055041,1.352,1.328,0.0,0.0,5.0125,hsat
chr13,14212063,14214063,2000,0.219,1.7312073098714027,4.735637111909868,9.165096380168253,0.4221826949594903,1.472,1.432,0.0,0.0,5.73,hsat
chr13,14216063,14218063,2000,0.225,1.7354681646391843,4.704931596674002,9.18326620758148,0.4413728174576489,1.48,1.42,0.0,0.0,3.0666637420654297,hsat
chr13,14220063,14222063,2000,0.2215,1.72856392780489,4.6809566236871865,9.13865267876746,0.4057340185324972,1.396,1.408,0.0,0.0,1.73,hsat
chr13,14224063,14226063,2000,0.221,1.7266083328353656,4.694621863213527,9.119976866462364,0.4331484792441524,1.468,1.44,0.0,0.0,0.0,hsat
chr13,14228063,14230063,2000,0.226,1.735442696237316,4.7614208618146865,9.41404618961812,0.452338601742311,1.5,1.548,0.0,0.0,1.9875,hsat
chr13,14232063,14234063,2000,0.2255,1.73647556414114,4.739838054602035,9.201840838824408,0.4304070331729869,1.444,1.456,0.0,0.0,0.0,hsat
chr13,14236063,14238063,2000,0.2265,1.7375852834124084,4.727094234392125,9.309619034181322,0.4441142635288145,1.476,1.492,0.0,0.0,0.0,hsat
chr13,14240063,14242063,2000,0.219,1.725817488501918,4.702355836080692,9.069135494658372,0.4194412488883248,1.408,1.404,0.0,0.0,1.6833317279815674,hsat
chr13,14244063,14246063,2000,0.223,1.7401790475136,4.763642734102264,9.06347367696065,0.3810610038920075,1.3,1.372,0.0,0.0,3.0833395671844483,hsat
chr13,14248063,14250063,2000,0.2215,1.7339935460199352,4.7182196443445275,8.94449646228228,0.4002511263901661,1.38,1.344,0.0,0.0,0.0,hsat
chr13,14252063,14254063,2000,0.2195,1.7211841184256966,4.692446137192531,9.27959410039108,0.4194412488883248,1.448,1.488,0.0,0.0,1.021427538871765,hsat
chr13,14256063,14258063,2000,0.2235,1.7329657222806645,4.7242136195582685,9.134962310462909,0.4221826949594903,1.424,1.408,0.0,0.0,0.0,hsat
chr13,14260063,14262063,2000,0.2215,1.734560859836533,4.729489505279447,9.203038370982911,0.4249241410306558,1.436,1.42,0.0,0.0,2.4150027799606324,hsat
chr13,14264063,14266063,2000,0.22,1.733579397854276,4.745215206234957,9.1255891375976,0.4166998028171593,1.416,1.44,0.0,0.0,1.7875,hsat
chr13,14268063,14270063,2000,0.226,1.7397470571141953,4.760520135671768,9.378366671301483,0.4687872781693042,1.568,1.532,0.0,0.0,0.0,hsat
chr13,14272063,14274063,2000,0.231,1.7356555087783916,4.736252012655553,9.092054418888672,0.4112169106748282,1.404,1.384,0.0,0.0,2.3250047006607057,hsat
chr13,14276063,14278063,2000,0.221,1.7318360617737327,4.702888698027319,8.799558796514487,0.3947682342478351,1.344,1.296,0.0,0.0,1.2750025777816771,hsat
chr13,14280063,14282063,2000,0.2235,1.7319939961763593,4.728775349867979,9.269186055995204,0.4413728174576489,1.508,1.484,0.0,0.0,0.0,hsat
chr13,14284063,14286063,2000,0.224,1.735881219693952,4.7278888291160825,9.197533266071996,0.4413728174576489,1.464,1.444,0.0,0.0,1.1999987869262696,hsat
chr13,14288063,14290063,2000,0.2255,1.7340689361612898,4.7371909448303064,9.388873631470211,0.44685570959998,1.492,1.532,0.0,0.0,0.0,hsat
chr13,14292063,14294063,2000,0.2325,1.7452484763538352,4.759272384036258,9.253865715508642,0.4441142635288145,1.492,1.44,0.0,0.0,0.0,hsat
chr13,14296063,14298063,2000,0.2245,1.7325200201875357,4.7223796716206925,9.28352535851526,0.4331484792441524,1.48,1.472,0.0,0.0,0.0,hsat
chr13,14300063,14302063,2000,0.2215,1.7348927264031644,4.701100374684111,9.008623114623656,0.4084754646036627,1.38,1.344,0.0,0.0,2.1374979972839356,hsat
chr13,14304063,14306063,2000,0.2265,1.7336447239989707,4.705256536079794,9.209685215250458,0.4276655871018213,1.44,1.452,0.0,0.0,2.449997663497925,hsat
chr13,14308063,14310063,2000,0.227,1.7405013771993696,4.766269396118616,9.35103251813092,0.4605629399558076,1.52,1.504,0.0,0.0,0.65,hsat
chr13,14312063,14314063,2000,0.2255,1.743821928487681,4.708343420829879,9.031416262296352,0.3947682342478351,1.36,1.36,0.0,0.0,0.0,hsat
chr13,14316063,14318063,2000,0.224,1.7328348273379943,4.748476631341189,9.289306558967796,0.4715287242404697,1.52,1.496,0.0,0.0,0.0,hsat
chr13,14320063,14322063,2000,0.223,1.7292720666547212,4.700774062193082,9.210786227979984,0.4441142635288145,1.472,1.456,0.0,0.0,0.0,hsat
chr13,14324063,14326063,2000,0.229,1.7451591271949818,4.778665343435722,9.424469293012304,0.4742701703116352,1.564,1.532,0.0,0.0,3.485710762023926,hsat
chr13,14328063,14330063,2000,0.223,1.736946430748603,4.714294022995165,8.94115572156509,0.3728366656785109,1.284,1.32,0.0,0.0,1.0821425971984864,hsat
chr13,14332063,14334063,2000,0.2255,1.7430803531866306,4.7691442004064815,9.075106208806064,0.4276655871018213,1.416,1.388,0.0,0.0,1.275,hsat
chr13,14336063,14338063,2000,0.2265,1.7329277732603987,4.7180890725863955,9.25345293720588,0.4742701703116352,1.532,1.452,0.0,0.0,11.06666236114502,hsat
chr13,14340063,14342063,2000,0.224,1.7321249066216862,4.712392950169491,9.16421902016621,0.4331484792441524,1.436,1.44,0.0,0.0,0.0,hsat
chr13,14344063,14346063,2000,0.2255,1.7346166017198026,4.727822862880349,9.295766831741757,0.4660458320981386,1.508,1.5,0.0,0.0,2.078569327354431,hsat
chr13,14348063,14350063,2000,0.2285,1.7373891339127925,4.717881321266139,9.269056663237292,0.4358899253153179,1.48,1.436,0.0,0.0,0.285713996887207,hsat
chr13,14352063,14354063,2000,0.2245,1.7386529448052794,4.732975406766386,8.923566050643215,0.4002511263901661,1.344,1.348,0.0,0.0,0.0,hsat
chr13,14356063,14358063,2000,0.2225,1.7339944220503694,4.694482016404072,8.741914034153561,0.3865438960343385,1.32,1.3,0.0,0.0,2.971425567626953,hsat
chr13,14360063,14362063,2000,0.2255,1.736756615221127,4.712944876224363,9.251634403343736,0.4358899253153179,1.5,1.476,0.0,0.0,0.0,hsat
chr13,14364063,14366063,2000,0.226,1.7331349810525898,4.702603770675119,9.095426479611984,0.4002511263901661,1.392,1.396,0.0,0.0,0.0,hsat
chr13,14368063,14370063,2000,0.225,1.7406887367023849,4.732902001927634,8.99881212234648,0.3865438960343385,1.356,1.352,0.0,0.0,1.825,hsat
chr13,14372063,14374063,2000,0.227,1.7331500735032894,4.74470387215793,9.205105234262351,0.4441142635288145,1.464,1.428,0.0,0.0,6.756666826248169,hsat
chr13,14376063,14378063,2000,0.2235,1.7273901504093814,4.690905077273527,9.095989952905468,0.4166998028171593,1.404,1.412,0.0,0.0,6.15,hsat
chr13,14380063,14382063,2000,0.2205,1.7354072457028888,4.72292414619948,8.995564055117777,0.4057340185324972,1.392,1.336,0.0,0.0,1.0416687726974487,hsat
chr13,14384063,14386063,2000,0.2305,1.7393405301053475,4.721602470139793,9.224150580299275,0.452338601742311,1.448,1.44,0.0,0.0,3.93,hsat
chr13,14388063,14390063,2000,0.226,1.7350405192029452,4.727883972841275,9.204529717117495,0.4304070331729869,1.44,1.468,0.0,0.0,10.483582216262818,hsat
chr13,14392063,14394063,2000,0.223,1.733011777111822,4.7193724936226245,9.048690209001789,0.4304070331729869,1.412,1.404,0.0,0.0,1.19,hsat
chr13,14396063,14398063,2000,0.2245,1.7387628769725405,4.750695476238917,9.219958591997216,0.4550800478134765,1.496,1.484,0.0,0.0,1.55,hsat
chr13,14400063,14402063,2000,0.2235,1.728952224454984,4.6820721615831165,9.13824293623868,0.4331484792441524,1.444,1.432,0.0,0.0,0.0,hsat
chr13,14404063,14406063,2000,0.2265,1.7354260802298238,4.72161979047791,9.234531669360146,0.4386313713864834,1.468,1.48,0.0,0.0,0.0,hsat
chr13,14408063,14410063,2000,0.219,1.73095292189253,4.7335846949324445,9.190574890884944,0.4194412488883248,1.444,1.432,0.0,0.0,2.74,hsat
chr13,14412063,14414063,2000,0.221,1.7241848426228306,4.702935880956605,9.2376325526238,0.4331484792441524,1.432,1.468,0.0,0.0,1.4333362312316895,hsat
chr13,14416063,14418063,2000,0.2235,1.7315117978321588,4.726897680059129,9.155678827321324,0.4194412488883248,1.452,1.448,0.0,0.0,1.1214274377822877,hsat
chr13,14420063,14422063,2000,0.228,1.744798915877542,4.771021013124528,9.45255373745157,0.4742701703116352,1.536,1.5,0.0,0.0,0.0,hsat
chr13,14424063,14426063,2000,0.223,1.7276621532303735,4.698052654374109,9.230747011489846,0.4386313713864834,1.436,1.46,0.0,0.0,2.04920506811142,hsat
chr13,14428063,14430063,2000,0.2285,1.7342528468193172,4.699889809602237,9.078679048015456,0.4304070331729869,1.42,1.392,0.0,0.0,0.972221267223358,hsat
chr13,14432063,14434063,2000,0.228,1.7410343087595843,4.739341813872523,9.245146624676478,0.4304070331729869,1.468,1.416,0.0,0.0,1.5,hsat
chr13,14436063,14438063,2000,0.222,1.734966344105782,4.745152293189468,9.190429912908206,0.4331484792441524,1.444,1.42,0.0,0.0,0.95,hsat
chr13,14440063,14442063,2000,0.222,1.7369943684854867,4.734092121966161,9.04794399791109,0.4139583567459937,1.416,1.388,0.0,0.0,0.0,hsat
chr13,14444063,14446063,2000,0.229,1.7366002272160157,4.711156034936327,9.23193512540322,0.4578214938846421,1.492,1.456,0.0,0.0,1.2333358268737793,hsat
chr13,14448063,14450063,2000,0.221,1.7267028981072174,4.703501226675753,9.16757164929664,0.4276655871018213,1.452,1.436,0.0,0.0,2.16,hsat
chr13,14452063,14454063,2000,0.225,1.735914839890165,4.7110832988031754,9.132133712298245,0.4166998028171593,1.424,1.4,0.0,0.0,0.0,hsat
chr13,14456063,14458063,2000,0.2205,1.7354268639737624,4.734783633148428,9.060146410938083,0.3618708813938488,1.28,1.344,0.0,0.0,0.0,hsat
chr13,14460063,14462063,2000,0.227,1.7379755751467352,4.715646152539253,9.164399176350503,0.4166998028171593,1.424,1.416,0.0,0.0,4.41875,hsat
chr13,14464063,14466063,2000,0.223,1.731070671101738,4.716921595048916,9.181744011512178,0.4358899253153179,1.456,1.46,0.0,0.0,0.6777771120071411,hsat
chr13,14468063,14470063,2000,0.2225,1.729875447955502,4.750562021121581,9.509619139657437,0.4660458320981386,1.536,1.568,0.0,0.0,0.86875,hsat
chr13,14472063,14474063,2000,0.2245,1.731135908787713,4.715657585813321,9.154231155540392,0.4029925724613317,1.4,1.412,0.0,0.0,1.09375,hsat
chr13,14476063,14478063,2000,0.225,1.7346519797358293,4.725437484102078,9.266706149810814,0.4331484792441524,1.44,1.476,0.0,0.0,1.25,hsat
chr13,14480063,14482063,2000,0.221,1.7339541823293874,4.739823864183092,9.150408245970617,0.452338601742311,1.5,1.44,0.0,0.0,1.6,hsat
chr13,14484063,14486063,2000,0.225,1.72997230579506,4.68847919771868,9.0323199623633,0.4276655871018213,1.424,1.388,0.0,0.0,0.0,hsat
chr13,14488063,14490063,2000,0.2255,1.7325958492915674,4.700279654305306,9.167095357135269,0.4249241410306558,1.456,1.408,0.0,0.0,0.0,hsat
chr13,14492063,14494063,2000,0.224,1.7296528846717787,4.714816181656448,9.290662044150078,0.4578214938846421,1.488,1.492,0.0,0.0,1.75,hsat
chr13,14496063,14498063,2000,0.224,1.736949244823504,4.744257836151572,9.319487377343828,0.4550800478134765,1.536,1.484,0.0,0.0,0.93,hsat
chr13,14500063,14502063,2000,0.2235,1.7379388169540873,4.727922075441941,8.982272410999133,0.3947682342478351,1.368,1.34,0.0,0.0,2.183331251144409,hsat
chr13,14504063,14506063,2000,0.221,1.7287192410445893,4.687269452915666,8.668305161285568,0.383802449963173,1.304,1.264,0.0,0.0,1.55,hsat
chr13,14508063,14510063,2000,0.221,1.7258866209699733,4.67564729044782,9.038938502248609,0.4194412488883248,1.436,1.396,0.0,0.0,0.0,hsat
chr13,14512063,14514063,2000,0.2295,1.7396634425167694,4.7340614892651445,9.159962121443124,0.44685570959998,1.452,1.48,0.0,0.0,1.021427538871765,hsat
chr13,14516063,14518063,2000,0.2265,1.7335214738638156,4.7402332637766875,9.189475850824108,0.4413728174576489,1.44,1.432,0.0,0.0,0.6999993124008179,hsat
chr13,14520063,14522063,2000,0.222,1.729869205943252,4.689403736098795,8.87426026336271,0.3673537735361799,1.292,1.316,0.0,0.0,1.3577770628929138,hsat
chr13,14524063,14526063,2000,0.222,1.7378829688818933,4.740956840870934,9.2044610410439,0.4358899253153179,1.492,1.448,0.0,0.0,0.0,hsat
chr13,14528063,14530063,2000,0.2305,1.7370439198002012,4.7551112311287955,9.306142023587196,0.4633043860269731,1.528,1.5,0.0,0.0,2.270138654232025,hsat
chr13,14532063,14534063,2000,0.23,1.7409013793311614,4.751551037142266,9.213000432060488,0.4358899253153179,1.436,1.424,0.0,0.0,0.9214276399612428,hsat
chr13,14536063,14538063,2000,0.224,1.741552047636649,4.7180883890430065,9.036338391009345,0.4057340185324972,1.408,1.36,0.0,0.0,0.0,hsat
chr13,14540063,14542063,2000,0.2265,1.7321174868387688,4.730315925739266,9.164041695052784,0.4358899253153179,1.464,1.452,0.0,0.0,0.0,hsat
chr13,14544063,14546063,2000,0.221,1.7296316906522535,4.702520397793218,9.053333646747149,0.3975096803190006,1.4,1.4,0.0,0.0,1.32,hsat
chr13,14548063,14550063,2000,0.223,1.7384840074357255,4.7100115428951215,8.810717476879217,0.3920267881766696,1.348,1.292,0.0,0.0,0.0,hsat
chr13,14552063,14554063,2000,0.2265,1.7317302341350922,4.718215386530763,9.106697859584356,0.4194412488883248,1.412,1.408,0.0,0.0,0.0,hsat
chr13,14556063,14558063,2000,0.226,1.7384417592188994,4.7016915838558795,9.04521173095256,0.3975096803190006,1.348,1.364,0.0,0.0,1.25,hsat
chr13,14560063,14562063,2000,0.225,1.7304352507227934,4.730028253113099,9.219932625668031,0.4495971556711455,1.492,1.476,0.0,0.0,0.0,hsat
chr13,14564063,14566063,2000,0.2235,1.731711757901445,4.725204281239263,9.388405021397508,0.4578214938846421,1.52,1.524,0.0,0.0,0.0,hsat
chr13,14568063,14570063,2000,0.2235,1.734632053519812,4.722406772219069,9.039316554018228,0.4358899253153179,1.44,1.384,0.0,0.0,2.233331203460694,hsat
chr13,14572063,14574063,2000,0.22,1.7316554778125297,4.732726667247383,9.204506313892646,0.4249241410306558,1.464,1.484,0.0,0.0,0.0,hsat
chr13,14576063,14578063,2000,0.224,1.732697485736269,4.733076745835125,9.390421997739551,0.44685570959998,1.516,1.512,0.0,0.0,0.0,hsat
chr13,14580063,14582063,2000,0.2235,1.7383160891874991,4.734640038841962,9.082510887337492,0.3947682342478351,1.392,1.408,0.0,0.0,3.1,hsat
chr13,14584063,14586063,2000,0.224,1.733475808515264,4.72013775707314,8.956149127178854,0.4413728174576489,1.424,1.36,0.0,0.0,1.7499983310699463,hsat
chr13,14588063,14590063,2000,0.2225,1.728716343104832,4.731224315338549,9.320024378962984,0.4441142635288145,1.516,1.5,0.0,0.0,1.575,hsat
chr13,14592063,14594063,2000,0.2245,1.7387628769725405,4.712685246740309,9.000661068113649,0.3810610038920075,1.34,1.36,0.0,0.0,0.0,hsat
chr13,14596063,14598063,2000,0.2225,1.7372473953097716,4.768018609064924,9.153754850201956,0.4112169106748282,1.416,1.408,0.0,0.0,0.0,hsat
chr13,14600063,14602063,2000,0.229,1.7388234777195302,4.710901671989917,9.205395977566694,0.4495971556711455,1.48,1.444,0.0,0.0,1.1333356246948243,hsat
chr13,14604063,14606063,2000,0.2195,1.7241579001908198,4.6899043014387205,9.141399924853598,0.4276655871018213,1.436,1.428,0.0,0.0,0.0,hsat
chr13,14608063,14610063,2000,0.226,1.738559481489328,4.715792660366253,9.062890263178431,0.4112169106748282,1.408,1.384,0.0,0.0,0.7249997234344483,hsat
chr13,14612063,14614063,2000,0.225,1.7417583690463214,4.706122028233146,8.88472002853013,0.3700952196073454,1.3,1.304,0.0,0.0,1.6921240618228912,hsat
chr13,14616063,14618063,2000,0.226,1.7446647051709596,4.780099478280067,9.113309744403066,0.4276655871018213,1.44,1.408,0.0,0.0,0.5784090805053711,hsat
chr13,14620063,14622063,2000,0.2275,1.7373892471151882,4.712457410067026,9.084737534765807,0.4166998028171593,1.404,1.408,0.0,0.0,0.6636364269256592,hsat
chr13,14624063,14626063,2000,0.224,1.7262582125292223,4.691516149647094,9.161743315128543,0.4084754646036627,1.376,1.428,0.0,0.0,0.6500000619888305,hsat
chr13,14628063,14630063,2000,0.2195,1.7329618704019083,4.731880393833681,9.037568239833556,0.3563879892515178,1.248,1.356,0.0,0.0,1.0111111001968385,hsat
chr13,14632063,14634063,2000,0.2275,1.7400215410235975,4.722308845160028,9.107504605978448,0.4084754646036627,1.4,1.392,0.0,0.0,2.075,hsat
chr13,14636063,14638063,2000,0.2245,1.7326720631042485,4.719149786916959,9.182213679276527,0.4386313713864834,1.472,1.42,0.0,0.0,0.555555009841919,hsat
chr13,14640063,14642063,2000,0.2175,1.7283551860487592,4.721952827236362,9.24748897697754,0.4413728174576489,1.508,1.452,0.0,0.0,0.0,hsat
chr13,14644063,14646063,2000,0.2235,1.738646692660643,4.7632564220544555,9.173960193604197,0.4358899253153179,1.468,1.46,0.0,0.0,0.0,hsat
chr13,14648063,14650063,2000,0.2275,1.74036048377456,4.729907522741574,9.229119915889564,0.4413728174576489,1.46,1.424,0.0,0.0,1.6333366355895995,hsat
chr13,14652063,14654063,2000,0.221,1.7345535763818654,4.730150456402027,9.170752885396766,0.4276655871018213,1.476,1.432,0.0,0.0,0.0,hsat
chr13,14656063,14658063,2000,0.2215,1.7256737076104058,4.697901483645773,9.1768687852656,0.4221826949594903,1.408,1.444,0.0,0.0,1.6375,hsat
chr13,14660063,14662063,2000,0.2275,1.7393890132119576,4.761463835331808,9.240434104399624,0.4166998028171593,1.42,1.436,0.0,0.0,0.0,hsat
chr13,14664063,14666063,2000,0.225,1.7314586118476845,4.7127926060311225,9.174435037643851,0.4386313713864834,1.456,1.436,0.0,0.0,1.1,hsat
chr13,14668063,14670063,2000,0.2215,1.7369032888616398,4.741682265155756,9.20059327230384,0.4413728174576489,1.512,1.46,0.0,0.0,0.0,hsat
chr13,14672063,14674063,2000,0.2295,1.742997230335848,4.726810327564571,9.045416137922704,0.4084754646036627,1.392,1.348,0.0,0.0,0.0,hsat
chr13,14676063,14678063,2000,0.229,1.736430495253921,4.728596042606952,9.172740205735284,0.4386313713864834,1.448,1.432,0.0,0.0,0.0,hsat
chr13,14680063,14682063,2000,0.2215,1.7295775669076567,4.678377332257159,8.778512237266014,0.3755781117496765,1.296,1.284,0.0,0.0,0.8999990901947021,hsat
chr13,14684063,14686063,2000,0.223,1.731987831032563,4.704187143924338,9.112573568315192,0.383802449963173,1.38,1.42,0.0,0.0,0.1250002527236938,hsat
chr13,14688063,14690063,2000,0.2225,1.7362715572762613,4.727161109419019,9.153063279087256,0.4221826949594903,1.44,1.452,0.0,0.0,0.0,hsat
chr13,14692063,14694063,2000,0.227,1.734660180118336,4.701647397356777,9.047263452967917,0.4029925724613317,1.376,1.4,0.0,0.0,0.0,hsat
chr13,14696063,14698063,2000,0.2245,1.7266646828294867,4.696818827087018,9.16684625019775,0.4112169106748282,1.392,1.424,0.0,0.0,1.2309091472625733,hsat
chr13,14700063,14702063,2000,0.221,1.7291245226445418,4.68144475490893,9.012004814974668,0.3947682342478351,1.364,1.344,0.0,0.0,2.046153720855713,hsat
chr13,14704063,14706063,2000,0.2185,1.729966712727626,4.723618599288337,9.07625021794662,0.4276655871018213,1.444,1.404,0.0,0.0,0.6692309575080871,hsat
chr13,14708063,14710063,2000,0.2225,1.72837821096552,4.71457514014389,9.32685876890572,0.4358899253153179,1.464,1.492,0.0,0.0,1.535,hsat
chr13,14712063,14714063,2000,0.2305,1.7415880436405475,4.7775570180800075,9.384551897727318,0.4578214938846421,1.492,1.488,0.0,0.0,0.8125,hsat
chr13,14716063,14718063,2000,0.2245,1.738560903221266,4.722442899586793,9.093079512015644,0.4002511263901661,1.384,1.396,0.0,0.0,1.491669682502747,hsat
chr13,14720063,14722063,2000,0.227,1.7388407263076278,4.746001485372637,9.294749309646066,0.4276655871018213,1.448,1.484,0.0,0.0,1.0625,hsat
chr13,14724063,14726063,2000,0.2285,1.7412968582585986,4.732135074670691,9.138225591046492,0.4249241410306558,1.424,1.404,0.0,0.0,0.0,hsat
chr13,14728063,14730063,2000,0.2265,1.740326834628476,4.742643785122328,9.114932962962047,0.4002511263901661,1.364,1.368,0.0,0.0,2.1,hsat
chr13,14732063,14734063,2000,0.2245,1.7297394548282272,4.714525807609314,9.17159396957852,0.4441142635288145,1.448,1.444,0.0,0.0,0.0,hsat
chr13,14736063,14738063,2000,0.2215,1.72404817737929,4.694072893298158,9.308601715033506,0.4413728174576489,1.484,1.52,0.0,0.0,0.85,hsat
chr13,14740063,14742063,2000,0.222,1.7321983232100209,4.698563705839146,8.990822748919559,0.3865438960343385,1.356,1.344,0.0,0.0,1.7875,hsat
chr13,14744063,14746063,2000,0.2285,1.7425741160213877,4.736188728951529,8.917071646839254,0.3646123274650144,1.268,1.316,0.0,0.0,0.0,hsat
chr13,14748063,14750063,2000,0.2265,1.741790656143352,4.750127230761469,8.990052098280808,0.4221826949594903,1.404,1.348,0.0,0.0,1.59,hsat
chr13,14752063,14754063,2000,0.222,1.7259385166090278,4.690987618023423,9.238173816197635,0.4358899253153179,1.468,1.48,0.0,0.0,0.0,hsat
chr13,14756063,14758063,2000,0.2235,1.734607674724938,4.712024462440912,9.058118210740782,0.4112169106748282,1.408,1.384,0.0,0.0,0.9285704898834228,hsat
chr13,14760063,14762063,2000,0.229,1.7455796146864375,4.745526506418017,8.87958058638302,0.3646123274650144,1.256,1.288,0.0,0.0,0.0,hsat
chr13,14764063,14766063,2000,0.226,1.7445400892949487,4.784385765966712,9.070209818147228,0.4194412488883248,1.416,1.392,0.0,0.0,2.8499972820281982,hsat
chr13,14768063,14770063,2000,0.225,1.7311670999770146,4.693518693699715,9.198908597898097,0.4441142635288145,1.468,1.448,0.0,0.0,2.316664457321167,hsat
chr13,14772063,14774063,2000,0.224,1.7334013714565004,4.733517770240963,9.29130207961969,0.452338601742311,1.492,1.468,0.0,0.0,0.0,hsat
chr13,14776063,14778063,2000,0.222,1.739085880044184,4.748986649879535,9.117348792332814,0.4276655871018213,1.44,1.388,0.0,0.0,0.0,hsat
chr13,14780063,14782063,2000,0.223,1.7381378665080307,4.741397070117515,9.164722543294785,0.4139583567459937,1.428,1.4,0.0,0.0,2.02856937789917,hsat
chr13,14784063,14786063,2000,0.2225,1.7350555232778475,4.7354985542275445,9.150576768815345,0.3975096803190006,1.388,1.456,0.0,0.0,0.971427589416504,hsat
chr13,14788063,14790063,2000,0.222,1.7322264625935433,4.69015035450512,8.939753046876039,0.3920267881766696,1.352,1.344,0.0,0.0,1.6625,hsat
chr13,14792063,14794063,2000,0.2295,1.7383272947180637,4.730663072900316,8.964332865029835,0.3892853421055041,1.324,1.348,0.0,0.0,1.9849994106292723,hsat
chr13,14796063,14798063,2000,0.229,1.7376525073367504,4.741419318168549,9.228344499333405,0.4413728174576489,1.46,1.464,0.0,0.0,0.0,hsat
chr13,14800063,14802063,2000,0.221,1.729803104524951,4.678719601990395,8.754803328531779,0.3700952196073454,1.272,1.264,0.0,0.0,0.49,hsat
chr13,14804063,14806063,2000,0.223,1.739216915363736,4.73997319393375,9.197095096558328,0.4304070331729869,1.492,1.464,0.0,0.0,0.5125,hsat
chr13,14808063,14810063,2000,0.224,1.7375061033838917,4.713188573256065,8.98670492687044,0.3865438960343385,1.328,1.308,0.0,0.0,2.911803781986237,hsat
chr13,14812063,14814063,2000,0.2255,1.735072574505229,4.729196764689097,9.305558857487911,0.4715287242404697,1.532,1.496,0.0,0.0,0.0,hsat
chr13,14816063,14818063,2000,0.225,1.7302809255299452,4.689714581389487,9.066568159458996,0.4221826949594903,1.4,1.408,0.0,0.0,3.080355330467224,hsat
chr13,14820063,14822063,2000,0.2235,1.7318422599085774,4.719774729688139,9.237511832734038,0.4249241410306558,1.46,1.436,0.0,0.0,0.0,hsat
chr13,14824063,14826063,2000,0.2205,1.7354974131494845,4.752623423812028,9.153281870434556,0.4413728174576489,1.464,1.42,0.0,0.0,0.9285704898834228,hsat
chr13,14828063,14830063,2000,0.2265,1.7350000985719245,4.700726156774237,9.173734275708108,0.4687872781693042,1.496,1.412,0.0,0.0,0.892856240272522,hsat
chr13,14832063,14834063,2000,0.225,1.7352886563946808,4.705977128670935,9.20203297431378,0.4358899253153179,1.48,1.412,0.0,0.0,1.175002375602722,hsat
chr13,14836063,14838063,2000,0.226,1.7344664212487286,4.731485615276965,9.26031328724108,0.4742701703116352,1.484,1.48,0.0,0.0,0.0,hsat
chr13,14840063,14842063,2000,0.224,1.735331084224518,4.759204589989386,9.470037912636917,0.4742701703116352,1.576,1.528,0.0,0.0,0.0,hsat
chr13,14844063,14846063,2000,0.2205,1.732629406537586,4.71602805544671,9.043928446754803,0.3947682342478351,1.364,1.372,0.0,0.0,0.0,hsat
chr13,14848063,14850063,2000,0.223,1.733011777111822,4.715047772687218,8.80028707909525,0.3865438960343385,1.336,1.3,0.0,0.0,1.7611093811988832,hsat
chr13,14852063,14854063,2000,0.224,1.732679815217741,4.725848461049876,9.16817452921962,0.44685570959998,1.476,1.42,0.0,0.0,1.1388877387046814,hsat
chr13,14856063,14858063,2000,0.2295,1.7391701296657025,4.730838885743548,9.151716329291109,0.4304070331729869,1.44,1.432,0.0,0.0,0.0,hsat
chr13,14860063,14862063,2000,0.2225,1.7301160438182708,4.717422318944,9.253793821420231,0.4413728174576489,1.472,1.468,0.0,0.0,0.0,hsat
chr13,14864063,14866063,2000,0.224,1.7315501134797155,4.734414563242665,9.311664679911354,0.452338601742311,1.488,1.452,0.0,0.0,1.575,hsat
chr13,14868063,14870063,2000,0.222,1.7357603744573764,4.748297846213716,9.068175779556665,0.3810610038920075,1.304,1.368,0.0,0.0,1.2547608890533448,hsat
chr13,14872063,14874063,2000,0.225,1.7352886563946808,4.686783839219198,9.113479012330773,0.4276655871018213,1.416,1.396,0.0,0.0,0.0,hsat
chr13,14876063,14878063,2000,0.222,1.727290903262015,4.721263188032951,9.169768976872446,0.4276655871018213,1.456,1.448,0.0,0.0,1.116668924331665,hsat
chr13,14880063,14882063,2000,0.2255,1.7356148810934673,4.734707363008826,9.19705096590542,0.4386313713864834,1.484,1.44,0.0,0.0,0.0,hsat
chr13,14884063,14886063,2000,0.227,1.7360897881858002,4.709700002290287,9.143639472771998,0.4358899253153179,1.44,1.432,0.0,0.0,1.0583354730606078,hsat
chr13,14888063,14890063,2000,0.2215,1.7334632052227543,4.738672554561825,9.04905313821078,0.4112169106748282,1.42,1.4,0.0,0.0,0.0,hsat
chr13,14892063,14894063,2000,0.2285,1.7394290350814512,4.729880575337516,9.201579910251612,0.4358899253153179,1.452,1.408,0.0,0.0,1.2666692276000977,hsat
chr13,14896063,14898063,2000,0.217,1.7231454257424197,4.653174787879806,8.66767227533136,0.3563879892515178,1.224,1.24,0.0,0.0,4.755353157043457,hsat
chr13,14900063,14902063,2000,0.226,1.7359974322787668,4.753381075463143,9.33993423774467,0.4715287242404697,1.5,1.516,0.0,0.0,0.0,hsat
chr13,14904063,14906063,2000,0.2275,1.736503044398035,4.718473916945247,9.21488835513592,0.4276655871018213,1.46,1.436,0.0,0.0,1.2333358268737793,hsat
chr13,14908063,14910063,2000,0.2285,1.7350189404712284,4.714955716917399,9.15401041528914,0.4386313713864834,1.452,1.432,0.0,0.0,1.34,hsat
chr13,14912063,14914063,2000,0.2245,1.7428510619481836,4.759340650862219,8.988607355093949,0.3975096803190006,1.372,1.364,0.0,0.0,4.2625,hsat
chr13,14916063,14918063,2000,0.2265,1.7318694449346834,4.726374839619122,9.226104390274024,0.4495971556711455,1.484,1.432,0.0,0.0,0.0,hsat
chr13,14920063,14922063,2000,0.22,1.727674615893838,4.669346405542884,8.817099858186818,0.3563879892515178,1.26,1.272,0.0,0.0,1.15625,hsat
chr13,14924063,14926063,2000,0.225,1.7293735853006162,4.709127262631733,9.239490513079398,0.4550800478134765,1.484,1.472,0.0,0.0,0.9214276399612428,hsat
chr13,14928063,14930063,2000,0.225,1.730277413665935,4.712887911485434,9.258364031468568,0.4304070331729869,1.488,1.456,0.0,0.0,1.00625,hsat
chr13,14932063,14934063,2000,0.2225,1.737745331536879,4.73493875563818,8.988048203209951,0.3947682342478351,1.396,1.364,0.0,0.0,2.84285426902771,hsat
chr13,14936063,14938063,2000,0.2275,1.7335138538259514,4.721457334173766,9.119424408463075,0.4304070331729869,1.444,1.44,0.0,0.0,1.8712109756469728,hsat
chr13,14940063,14942063,2000,0.224,1.7407596824600684,4.707801581089206,8.948571483974753,0.4304070331729869,1.432,1.332,0.0,0.0,3.6127272605896,hsat
chr13,14944063,14946063,2000,0.226,1.7308775833923944,4.703027643548364,9.08021849173928,0.4057340185324972,1.372,1.404,0.0,0.0,4.46,hsat
chr13,14948063,14950063,2000,0.2225,1.7325019908909989,4.6909136426808,8.98353286488229,0.3947682342478351,1.376,1.372,0.0,0.0,0.68,hsat
chr13,14952063,14954063,2000,0.2255,1.7318238066235965,4.696853974475031,9.160373674641114,0.4495971556711455,1.44,1.456,0.0,0.0,1.125,hsat
chr13,14956063,14958063,2000,0.228,1.7402820780472146,4.7660985375980065,9.31845105364246,0.4550800478134765,1.536,1.452,0.0,0.0,0.0,hsat
chr13,14960063,14962063,2000,0.2255,1.733190909111873,4.718530661634883,9.135840623190148,0.4166998028171593,1.384,1.396,0.0,0.0,1.5581818914413452,hsat
chr13,14964063,14966063,2000,0.223,1.739743295373808,4.715705750292443,9.064030455593649,0.4139583567459937,1.416,1.372,0.0,0.0,3.071474027633667,hsat
chr13,14968063,14970063,2000,0.222,1.7313986157219554,4.732084445416999,9.389738904771058,0.4907188467386283,1.556,1.536,0.0,0.0,1.8799984130859375,hsat
chr13,14972063,14974063,2000,0.224,1.7297975404370665,4.71738898381736,9.24731537503542,0.44685570959998,1.472,1.472,0.0,0.0,1.795984420776367,hsat
chr13,14976063,14978063,2000,0.222,1.7230437063838064,4.685780710841823,9.136590851825945,0.4139583567459937,1.388,1.42,0.0,0.0,0.43,hsat
chr13,14980063,14982063,2000,0.2215,1.729929728686431,4.696370681984819,9.123140192710908,0.4029925724613317,1.388,1.4,0.0,0.0,0.0,hsat
chr13,14984063,14986063,2000,0.2225,1.7391606636786932,4.758686440262333,9.135819092226074,0.4358899253153179,1.452,1.424,0.0,0.0,0.0,hsat
chr13,14988063,14990063,2000,0.229,1.738252787267108,4.743258719742598,9.183788397970226,0.4331484792441524,1.432,1.416,0.0,0.0,1.005554567813873,hsat
chr13,14992063,14994063,2000,0.223,1.7388233068451502,4.719327386093767,9.09843737463776,0.4249241410306558,1.444,1.384,0.0,0.0,0.0,hsat
chr13,14996063,14998063,2000,0.228,1.7352212949809205,4.74771062392623,9.168039580093454,0.4249241410306558,1.432,1.452,0.0,0.0,0.8240909099578857,hsat
chr13,15000063,15002063,2000,0.2245,1.7371270002522037,4.713676962914364,9.112951921633991,0.4249241410306558,1.456,1.396,0.0,0.0,1.095,hsat
chr13,15004063,15006063,2000,0.2235,1.7381187973838368,4.716200955918524,8.81568388237313,0.3920267881766696,1.34,1.3,0.0,0.0,0.0,hsat
chr13,15008063,15010063,2000,0.226,1.7347544395840149,4.737612621552747,9.3403548943467,0.4386313713864834,1.5,1.512,0.0,0.0,0.7818182563781738,hsat
chr13,15012063,15014063,2000,0.23,1.7467845191487783,4.738411081388587,9.151514579845612,0.4276655871018213,1.456,1.416,0.0,0.0,1.4227274084091186,hsat
chr13,15016063,15018063,2000,0.2225,1.7279822953041073,4.710755126356946,9.078778276740085,0.3975096803190006,1.36,1.412,0.0,0.0,0.765,hsat
chr13,15020063,15022063,2000,0.221,1.7282961974607158,4.693518144629035,8.99590378046084,0.4166998028171593,1.428,1.368,0.0,0.0,2.95,hsat
chr13,15024063,15026063,2000,0.223,1.7276621532303735,4.688793785036756,9.17745392418128,0.4358899253153179,1.416,1.456,0.0,0.0,1.6136365175247191,hsat
chr13,15028063,15030063,2000,0.228,1.7416392055490493,4.7326154486126875,9.08887204997504,0.4194412488883248,1.404,1.392,0.0,0.0,0.0,hsat
chr13,15032063,15034063,2000,0.223,1.727787623521502,4.702899705861762,9.073190949802989,0.3947682342478351,1.372,1.408,0.0,0.0,1.064284638404846,hsat
chr13,15036063,15038063,2000,0.221,1.7295227567178586,4.706296159218803,9.011635644766464,0.4166998028171593,1.42,1.372,0.0,0.0,2.03571222782135,hsat
chr13,15040063,15042063,2000,0.222,1.7244139667151548,4.680015173283421,9.181550409558682,0.4441142635288145,1.416,1.46,0.0,0.0,0.8,hsat
chr13,15044063,15046063,2000,0.228,1.736433176464641,4.715859589710104,9.055192168490793,0.4084754646036627,1.412,1.36,0.0,0.0,1.3777764244079589,hsat
chr13,15048063,15050063,2000,0.227,1.7295490323399283,4.706799583756555,9.054364328214724,0.4249241410306558,1.436,1.388,0.0,0.0,0.0,hsat
chr13,15052063,15054063,2000,0.224,1.7302040900562596,4.724844532684544,9.270893504995568,0.4441142635288145,1.492,1.452,0.0,0.0,2.772320439338684,hsat
chr13,15056063,15058063,2000,0.2225,1.7386030622142286,4.719774382433388,9.021276228408595,0.4276655871018213,1.42,1.356,0.0,0.0,3.57,hsat
chr13,15060063,15062063,2000,0.2285,1.7362372585590362,4.688321504221065,9.113918955235317,0.4221826949594903,1.42,1.412,0.0,0.0,1.083335220336914,hsat
chr13,15064063,15066063,2000,0.226,1.7351624266824228,4.762073302239033,9.384085836147417,0.4550800478134765,1.508,1.516,0.0,0.0,3.1071397161483763,hsat
chr13,15068063,15070063,2000,0.2235,1.7362044895702278,4.711360351620277,8.993437996236995,0.3920267881766696,1.376,1.34,0.0,0.0,0.0,hsat
chr13,15072063,15074063,2000,0.2295,1.7447937041603865,4.754909304517626,9.274321994304309,0.4441142635288145,1.492,1.472,0.0,0.0,0.0,hsat
chr13,15076063,15078063,2000,0.2265,1.7328856140084634,4.707042571620499,9.214352203605232,0.4221826949594903,1.428,1.452,0.0,0.0,0.0,hsat
chr13,15080063,15082063,2000,0.224,1.7411469792257794,4.751800419095186,9.115840368019958,0.4166998028171593,1.444,1.424,0.0,0.0,0.0,hsat
chr13,15084063,15086063,2000,0.226,1.7378637828047991,4.712992064656235,9.12600851258498,0.4166998028171593,1.408,1.396,0.0,0.0,0.0,hsat
chr13,15088063,15090063,2000,0.226,1.7353343242853123,4.7153444818728065,9.184592445985889,0.4550800478134765,1.476,1.464,0.0,0.0,1.20625,hsat
chr13,15092063,15094063,2000,0.2215,1.7206968185780631,4.688095977160601,9.150201104666714,0.4221826949594903,1.408,1.432,0.0,0.0,0.5722216601371766,hsat
chr13,15096063,15098063,2000,0.23,1.7406099823363392,4.710975293466995,9.218836244901386,0.4276655871018213,1.44,1.452,0.0,0.0,1.06875,hsat
chr13,15100063,15102063,2000,0.226,1.7344586266703954,4.726895658489386,9.225076069550468,0.4331484792441524,1.436,1.452,0.0,0.0,0.9416685705184936,hsat
chr13,15104063,15106063,2000,0.223,1.7408007256910274,4.759586831178088,9.26913094784372,0.452338601742311,1.528,1.48,0.0,0.0,0.0,hsat
chr13,15108063,15110063,2000,0.2225,1.729216866345873,4.709866266218968,9.131879205848769,0.4139583567459937,1.412,1.392,0.0,0.0,0.0,hsat
chr13,15112063,15114063,2000,0.2245,1.7319296292913704,4.7181305496760455,9.2429109633688,0.44685570959998,1.492,1.488,0.0,0.0,0.9071419401168824,hsat
chr13,15116063,15118063,2000,0.225,1.7351674473753078,4.756742044866483,9.349018728402838,0.4441142635288145,1.512,1.492,0.0,0.0,2.121426426887512,hsat
chr13,15120063,15122063,2000,0.2255,1.7300502741261568,4.712127673997755,9.177721350939157,0.4358899253153179,1.428,1.428,0.0,0.0,0.0,hsat
chr13,15124063,15126063,2000,0.2255,1.7325757257855232,4.703152429004279,9.09268406808718,0.3975096803190006,1.372,1.432,0.0,0.0,0.0,hsat
chr13,15128063,15130063,2000,0.2175,1.7230987773007689,4.688138367649587,9.12618959683662,0.4166998028171593,1.428,1.396,0.0,0.0,0.0,hsat
chr13,15132063,15134063,2000,0.2285,1.7411745840749404,4.727940927654787,9.236170918595096,0.44685570959998,1.46,1.44,0.0,0.0,0.0,hsat
chr13,15136063,15138063,2000,0.222,1.7378548174275608,4.746634916355897,9.024109057088616,0.3700952196073454,1.312,1.36,0.0,0.0,0.0,hsat
chr13,15140063,15142063,2000,0.2255,1.7374948018543728,4.711655121959355,9.119580313265592,0.4276655871018213,1.432,1.408,0.0,0.0,5.483328104019165,hsat
chr13,15144063,15146063,2000,0.223,1.7302607678041306,4.720792413497096,9.173934359948651,0.4249241410306558,1.44,1.456,0.0,0.0,0.0,hsat
chr13,15148063,15150063,2000,0.2235,1.727746705368361,4.6742881356881485,9.046556512506736,0.4029925724613317,1.376,1.408,0.0,0.0,4.0,hsat
chr13,15152063,15154063,2000,0.2225,1.7388524993534558,4.749944236639258,9.06487234874689,0.4139583567459937,1.424,1.404,0.0,0.0,5.034523092269898,hsat
chr13,15156063,15158063,2000,0.2285,1.7362188501111044,4.709647544660175,9.014847297750253,0.4331484792441524,1.412,1.384,0.0,0.0,0.90625,hsat
chr13,15160063,15162063,2000,0.227,1.736692598399722,4.747481413875829,9.299675748938114,0.4386313713864834,1.5,1.484,0.0,0.0,1.4905547642707824,hsat
chr13,15164063,15166063,2000,0.2255,1.7386688519681934,4.74672758325685,9.253649798106688,0.4550800478134765,1.496,1.48,0.0,0.0,3.433329960823059,hsat
chr13,15168063,15170063,2000,0.223,1.729285952428891,4.698296561659203,9.315937651381368,0.4358899253153179,1.448,1.476,0.0,0.0,1.1999987869262696,hsat
chr13,15172063,15174063,2000,0.2245,1.744844872799369,4.785329127592213,9.176783100224569,0.4112169106748282,1.396,1.412,0.0,0.0,3.1071397161483763,hsat
chr13,15176063,15178063,2000,0.231,1.7455943443506947,4.734092820197513,9.064413776467504,0.4194412488883248,1.404,1.38,0.0,0.0,4.146434615135193,hsat
chr13,15180063,15182063,2000,0.2295,1.73951369494294,4.736658338184176,9.131253516899465,0.4386313713864834,1.456,1.416,0.0,0.0,1.01,hsat
chr13,15184063,15186063,2000,0.2255,1.737861491025257,4.784193186932651,9.428635030396084,0.4550800478134765,1.556,1.536,0.0,0.0,0.0,hsat
chr13,15188063,15190063,2000,0.2235,1.7331964783629292,4.716157288884075,9.02428755874006,0.3975096803190006,1.36,1.36,0.0,0.0,1.588193320274353,hsat
chr13,15192063,15194063,2000,0.219,1.7244412652679186,4.67043729893095,8.70317861651467,0.3892853421055041,1.304,1.276,0.0,0.0,0.6909091567993164,hsat
chr13,15196063,15198063,2000,0.2275,1.7388273577506712,4.788619543112373,9.456420210119436,0.4742701703116352,1.572,1.548,0.0,0.0,0.0,hsat
chr13,15200063,15202063,2000,0.2285,1.7401853460195114,4.76221194933457,9.278365856608808,0.4441142635288145,1.48,1.476,0.0,0.0,0.5791664457321167,hsat
chr13,15204063,15206063,2000,0.2255,1.735072574505229,4.732190786561866,9.423705944321464,0.4770116163828007,1.556,1.528,0.0,0.0,4.145948264122009,hsat
chr13,15208063,15210063,2000,0.231,1.7409049132724168,4.749722201655595,9.230584389272318,0.4687872781693042,1.508,1.424,0.0,0.0,2.31,hsat
chr13,15212063,15214063,2000,0.2265,1.7341034019963877,4.711932690511903,9.188120063475854,0.4276655871018213,1.464,1.452,0.0,0.0,2.4161096267700195,hsat
chr13,15216063,15218063,2000,0.222,1.7373886362156834,4.738766958737891,9.07497888349606,0.4221826949594903,1.42,1.416,0.0,0.0,2.0833312611579897,hsat
chr13,15220063,15222063,2000,0.2285,1.7377270965519025,4.738365977184773,9.18039380831976,0.4276655871018213,1.424,1.416,0.0,0.0,0.0,hsat
chr13,15224063,15226063,2000,0.2245,1.7418980238858657,4.719789927821874,9.022349530862456,0.4112169106748282,1.4,1.364,0.0,0.0,1.27,hsat
chr13,15228063,15230063,2000,0.221,1.7326310513822063,4.734949710220965,9.069223063605676,0.4139583567459937,1.42,1.404,0.0,0.0,0.0,hsat
chr13,15232063,15234063,2000,0.2295,1.7430756771492817,4.743813539034835,9.163515945120206,0.4249241410306558,1.432,1.404,0.0,0.0,3.175,hsat
chr13,15236063,15238063,2000,0.219,1.726879931681223,4.66619077874785,8.714256490036984,0.3646123274650144,1.264,1.256,0.0,0.0,0.0,hsat
chr13,15240063,15242063,2000,0.2275,1.7386293520935192,4.738635209176142,9.301980105488353,0.4550800478134765,1.48,1.512,0.0,0.0,2.87,hsat
chr13,15244063,15246063,2000,0.2295,1.7407945172492831,4.7396766588045045,9.231626583261251,0.4386313713864834,1.464,1.46,0.0,0.0,0.0,hsat
chr13,15248063,15250063,2000,0.2245,1.7347871588742525,4.7016128076135315,8.99365532111242,0.4139583567459937,1.376,1.328,0.0,0.0,1.1095247097015382,hsat
chr13,15252063,15254063,2000,0.225,1.7311670999770146,4.701283307439746,9.05982587460846,0.383802449963173,1.356,1.392,0.0,0.0,3.8583411340713503,hsat
chr13,15256063,15258063,2000,0.2275,1.7400909323385507,4.7464676533462224,9.313474022584016,0.452338601742311,1.492,1.48,0.0,0.0,1.3357129354476929,hsat
chr13,15260063,15262063,2000,0.223,1.7378380506148383,4.761607064618811,9.173812877410947,0.4413728174576489,1.468,1.444,0.0,0.0,0.0,hsat
chr13,15264063,15266063,2000,0.226,1.7302740664302994,4.71330184059512,9.078777498997283,0.4139583567459937,1.4,1.384,0.0,0.0,4.941663646697998,hsat
chr13,15268063,15270063,2000,0.2275,1.743396802123199,4.7225540213094,8.984884633161428,0.3920267881766696,1.34,1.32,0.0,0.0,0.0,hsat
chr13,15272063,15274063,2000,0.227,1.7387841845680962,4.711375440632169,8.974942331470558,0.3865438960343385,1.332,1.336,0.0,0.0,0.0,hsat
chr13,15276063,15278063,2000,0.228,1.7373448018860722,4.7072506658649385,9.177635675925798,0.4221826949594903,1.4,1.444,0.0,0.0,1.5361102652549743,hsat
chr13,15280063,15282063,2000,0.2245,1.7318126253775807,4.715002734836573,9.220344778945394,0.4386313713864834,1.464,1.46,0.0,0.0,4.098885609149933,hsat
chr13,15284063,15286063,2000,0.2225,1.735914940064865,4.735062308656304,9.142568354842911,0.4002511263901661,1.412,1.448,0.0,0.0,2.74375,hsat
chr13,15288063,15290063,2000,0.226,1.7351759701447096,4.752192756424951,9.4081658125863,0.4770116163828007,1.52,1.504,0.0,0.0,0.0,hsat
chr13,15292063,15294063,2000,0.223,1.7342414128865369,4.701850731267285,9.001239515043364,0.378319557820842,1.324,1.352,0.0,0.0,0.0,hsat
chr13,15296063,15298063,2000,0.228,1.7409163542025474,4.776032806978724,9.426122933557483,0.4660458320981386,1.56,1.536,0.0,0.0,0.0,hsat
chr13,15300063,15302063,2000,0.2195,1.7281880265026062,4.7023913359352365,8.986249230510811,0.3947682342478351,1.344,1.332,0.0,0.0,0.0,hsat
chr13,15304063,15306063,2000,0.228,1.7386514498461187,4.726919349556841,9.32440658966694,0.4358899253153179,1.472,1.476,0.0,0.0,0.0,hsat
chr13,15308063,15310063,2000,0.223,1.7398003037263443,4.732347884667229,8.992315016002893,0.3892853421055041,1.396,1.36,0.0,0.0,2.266664505004883,hsat
chr13,15312063,15314063,2000,0.2275,1.7362049811079692,4.708108304540624,9.2288279717023,0.4386313713864834,1.432,1.44,0.0,0.0,0.0,hsat
chr13,15316063,15318063,2000,0.2235,1.732552685311533,4.734289995625653,9.204109581694048,0.4358899253153179,1.484,1.472,0.0,0.0,0.0,hsat
chr13,15320063,15322063,2000,0.2275,1.739668460385347,4.768447250445499,9.485576214153031,0.4770116163828007,1.588,1.536,0.0,0.0,2.0999979972839355,hsat
chr13,15324063,15326063,2000,0.2185,1.7262804247798516,4.668797746964948,8.866221023403597,0.3673537735361799,1.28,1.336,0.0,0.0,1.3500027294158936,hsat
chr13,15328063,15330063,2000,0.2225,1.7390921919457984,4.751132011688886,9.202001918158,0.4112169106748282,1.432,1.44,0.0,0.0,2.6250053071975707,hsat
chr13,15332063,15334063,2000,0.2305,1.7418826738394932,4.766564871116154,9.334340522939597,0.4441142635288145,1.48,1.468,0.0,0.0,1.258335877418518,hsat
chr13,15336063,15338063,2000,0.223,1.7395776030813663,4.75091147686799,8.975551186506062,0.3947682342478351,1.36,1.356,0.0,0.0,2.765,hsat
chr13,15340063,15342063,2000,0.226,1.7290144957744975,4.714938516119211,9.189422940499012,0.452338601742311,1.464,1.436,0.0,0.0,0.0,hsat
chr13,15344063,15346063,2000,0.222,1.7243255797353716,4.692814088020251,9.23593644994212,0.4221826949594903,1.448,1.46,0.0,0.0,0.0,hsat
chr13,15348063,15350063,2000,0.2235,1.7396929715740217,4.723441371134645,8.97974438006649,0.3892853421055041,1.368,1.356,0.0,0.0,1.825,hsat
chr13,15352063,15354063,2000,0.2295,1.7380271986397875,4.749690687406279,9.1439869923317,0.4331484792441524,1.428,1.416,0.0,0.0,1.6,hsat
chr13,15356063,15358063,2000,0.2255,1.7295137777816878,4.704704947842396,9.199326000927725,0.4194412488883248,1.416,1.444,0.0,0.0,0.0,hsat
chr13,15360063,15362063,2000,0.2235,1.738646692660643,4.711829293456045,8.987883069968204,0.3920267881766696,1.352,1.36,0.0,0.0,3.94999623298645,hsat
chr13,15364063,15366063,2000,0.223,1.7302837303513738,4.737343174701804,9.330180674727131,0.4660458320981386,1.536,1.512,0.0,0.0,2.71,hsat
chr13,15368063,15370063,2000,0.2255,1.730876266630584,4.711755285252852,9.12499866045728,0.4194412488883248,1.392,1.412,0.0,0.0,3.375,hsat
chr13,15372063,15374063,2000,0.228,1.740965013609964,4.712494092845793,9.11544701217294,0.4221826949594903,1.416,1.38,0.0,0.0,2.15,hsat
chr13,15376063,15378063,2000,0.23,1.737318121732825,4.708419428453522,9.02705634216266,0.3947682342478351,1.344,1.364,0.0,0.0,4.099995855331421,hsat
chr13,15380063,15382063,2000,0.2225,1.725432186245644,4.6936218726944885,9.254780574413823,0.4249241410306558,1.436,1.484,0.0,0.0,0.0,hsat
chr13,15384063,15386063,2000,0.225,1.7372699073499198,4.759137587519771,9.42231152921491,0.4660458320981386,1.564,1.512,0.0,0.0,1.0500001001358032,hsat
chr13,15388063,15390063,2000,0.2285,1.7406005212992912,4.763208385950907,9.21695628666114,0.4331484792441524,1.452,1.448,0.0,0.0,1.355,hsat
chr13,15392063,15394063,2000,0.229,1.7427063890149233,4.745027605461603,9.265057063564209,0.4413728174576489,1.484,1.448,0.0,0.0,1.6125,hsat
chr13,15396063,15398063,2000,0.225,1.7427669011172875,4.729555771974668,9.08972750257373,0.4495971556711455,1.46,1.388,0.0,0.0,1.0071418390274047,hsat
chr13,15400063,15402063,2000,0.227,1.7314430362806277,4.716103212057928,9.069010991914665,0.4029925724613317,1.376,1.416,0.0,0.0,0.0,hsat
chr13,15404063,15406063,2000,0.2205,1.7354268639737624,4.7522420118245865,9.097502985363075,0.4304070331729869,1.436,1.396,0.0,0.0,0.0,hsat
chr13,15408063,15410063,2000,0.226,1.7377332777898835,4.761972396739013,9.413183097232086,0.4742701703116352,1.592,1.52,0.0,0.0,1.41,hsat
chr13,15412063,15414063,2000,0.22,1.728232654810531,4.695189702567612,9.016701243146128,0.4112169106748282,1.412,1.384,0.0,0.0,1.1250022745132446,hsat
chr13,15416063,15418063,2000,0.2295,1.7419798617672977,4.740138046252339,9.27415857274361,0.44685570959998,1.476,1.484,0.0,0.0,0.0,hsat
chr13,15420063,15422063,2000,0.2255,1.7421917771244233,4.759143023550393,9.127343101046383,0.4221826949594903,1.452,1.428,0.0,0.0,0.03,hsat
chr13,15424063,15426063,2000,0.229,1.7464324285887447,4.744701834587822,9.28360604260458,0.4221826949594903,1.452,1.444,0.0,0.0,0.0,hsat
chr13,15428063,15430063,2000,0.225,1.7310200833968332,4.739494256393497,9.219202554015204,0.4441142635288145,1.468,1.46,0.0,0.0,0.0,hsat
chr13,15432063,15434063,2000,0.223,1.738745862243296,4.706418441316205,8.962600281455135,0.383802449963173,1.32,1.328,0.0,0.0,4.5,hsat
chr13,15436063,15438063,2000,0.218,1.723549822766894,4.670709226445611,8.939534347127903,0.4249241410306558,1.404,1.384,0.0,0.0,1.8125,hsat
chr13,15440063,15442063,2000,0.229,1.7361481391181437,4.688520624415767,9.010630382189252,0.3975096803190006,1.368,1.384,0.0,0.0,2.1875,hsat
chr13,15444063,15446063,2000,0.2255,1.73744742444778,4.757618488395866,9.259691187946803,0.4441142635288145,1.476,1.472,0.0,0.0,0.0,hsat
chr13,15448063,15450063,2000,0.2265,1.7477111320765926,4.746815987321909,9.144677509794256,0.4221826949594903,1.428,1.408,0.0,0.0,5.2,hsat
chr13,15452063,15454063,2000,0.222,1.7290272642386049,4.715673360625023,9.18729796125582,0.4413728174576489,1.456,1.46,0.0,0.0,1.26,hsat
chr13,15456063,15458063,2000,0.223,1.731004409027843,4.698070140667529,9.210334003207995,0.452338601742311,1.492,1.452,0.0,0.0,0.0,hsat
chr13,15460063,15462063,2000,0.223,1.7301523784644577,4.689497455099616,9.1254263283805,0.4249241410306558,1.448,1.424,0.0,0.0,1.46875,hsat
chr13,15464063,15466063,2000,0.226,1.73298866586578,4.703466512516399,9.08183030133433,0.4057340185324972,1.392,1.392,0.0,0.0,3.63213996887207,hsat
chr13,15468063,15470063,2000,0.221,1.727740426529212,4.719540365061108,9.349401923663176,0.4413728174576489,1.492,1.488,0.0,0.0,1.3999985847473144,hsat
chr13,15472063,15474063,2000,0.2185,1.7256545406923196,4.680803228855819,8.92491705143485,0.4276655871018213,1.416,1.348,0.0,0.0,1.74,hsat
chr13,15476063,15478063,2000,0.2285,1.7362372585590362,4.7003584679167885,9.022952034898829,0.3975096803190006,1.372,1.372,0.0,0.0,1.88125,hsat
chr13,15480063,15482063,2000,0.2255,1.7363425486436503,4.76098423389067,9.278464000346371,0.44685570959998,1.504,1.488,0.0,0.0,3.444441699504852,hsat
chr13,15484063,15486063,2000,0.227,1.746800868868856,4.735754261735211,9.11767196699508,0.4166998028171593,1.424,1.384,0.0,0.0,1.256944155216217,hsat
chr13,15488063,15490063,2000,0.222,1.7297344122858915,4.712988681609083,9.209902468553322,0.4413728174576489,1.456,1.464,0.0,0.0,0.0,hsat
chr13,15492063,15494063,2000,0.2235,1.733103664454369,4.7432281913503935,9.282693860030546,0.4441142635288145,1.476,1.476,0.0,0.0,1.9857122783660888,hsat
chr13,15496063,15498063,2000,0.231,1.743389934051784,4.7658053532909,9.265994039429602,0.4358899253153179,1.48,1.504,0.0,0.0,0.0,hsat
chr13,15500063,15502063,2000,0.224,1.7357781177100646,4.745596615037598,9.264513441284448,0.4386313713864834,1.5,1.46,0.0,0.0,0.3142853965759277,hsat
chr13,15504063,15506063,2000,0.2185,1.726866453908093,4.67448780116273,8.855294582993105,0.4057340185324972,1.356,1.336,0.0,0.0,1.10625,hsat
chr13,15508063,15510063,2000,0.2265,1.7389682076319866,4.729767287769749,9.26107911799472,0.452338601742311,1.492,1.48,0.0,0.0,2.114283576965332,hsat
chr13,15512063,15514063,2000,0.226,1.7331462839548408,4.6856991331263576,9.119855227153645,0.4221826949594903,1.412,1.408,0.0,0.0,3.1357111158370974,hsat
chr13,15516063,15518063,2000,0.2225,1.738567011135285,4.747621148848616,9.13463852651974,0.4194412488883248,1.44,1.428,0.0,0.0,0.0,hsat
chr13,15520063,15522063,2000,0.23,1.7394351885252064,4.737286744730318,9.157175389171988,0.4249241410306558,1.44,1.428,0.0,0.0,1.85,hsat
chr13,15524063,15526063,2000,0.2195,1.7290909108021828,4.695145875173045,9.039810454329796,0.3975096803190006,1.392,1.368,0.0,0.0,0.0,hsat
chr13,15528063,15530063,2000,0.2285,1.7413256957091556,4.7626502433203495,9.37685335139816,0.4660458320981386,1.564,1.508,0.0,0.0,1.875,hsat
chr13,15532063,15534063,2000,0.2215,1.7319997114850687,4.699491224028179,9.0137309085514,0.4029925724613317,1.384,1.4,0.0,0.0,0.7666682167053223,hsat
chr13,15536063,15538063,2000,0.224,1.7327914921510212,4.734051427508066,9.233514304231246,0.4413728174576489,1.472,1.468,0.0,0.0,0.7583348665237427,hsat
chr13,15540063,15542063,2000,0.231,1.7427924531496526,4.748849126572454,9.258561897410797,0.4331484792441524,1.464,1.464,0.0,0.0,0.0,hsat
chr13,15544063,15546063,2000,0.224,1.7365898948546783,4.732331273882471,9.163879191077116,0.4057340185324972,1.416,1.412,0.0,0.0,0.0,hsat
chr13,15548063,15550063,2000,0.3905,1.9594862507575388,5.642428402667003,9.935442038498874,0.5290990917349456,1.692,1.836,0.0,0.0,0.84375,alpha_hor
chr13,15552063,15554063,2000,0.3885,1.9587012980322556,5.651544506443813,9.948212647839812,0.5263576456637802,1.66,1.844,0.0,0.0,3.5277751474380494,alpha_hor
chr13,15556063,15558063,2000,0.3895,1.9577636233859164,5.6446562031021665,9.964566844071074,0.5428063220907733,1.7,1.848,0.0,0.0,1.1833357257843018,alpha_hor
chr13,15560063,15562063,2000,0.388,1.9582847212260448,5.649688049412319,9.95702415024695,0.5208747535214491,1.668,1.836,0.0,0.0,0.0,alpha_hor
chr13,15564063,15566063,2000,0.3905,1.9598580227527684,5.653927252067464,10.000455690714505,0.5537721063754354,1.724,1.876,0.0,0.0,0.0,alpha_hor
chr13,15568063,15570063,2000,0.388,1.9584773496661472,5.657661782935962,10.01787448851544,0.5510306603042698,1.736,1.872,0.0,0.0,1.04,alpha_hor
chr13,15572063,15574063,2000,0.3895,1.9586354562757868,5.654847242101732,9.964766045332484,0.5236161995926146,1.668,1.848,0.0,0.0,0.0,alpha_hor
chr13,15576063,15578063,2000,0.386,1.9567050599245603,5.655962129513608,9.989759746353592,0.5236161995926146,1.684,1.864,0.0,0.0,1.7785696306228638,alpha_hor
chr13,15580063,15582063,2000,0.39,1.9593563156288945,5.6516444386120765,9.762482272381838,0.4550800478134765,1.436,1.744,0.0,0.0,2.4166643619537354,alpha_hor
chr13,15584063,15586063,2000,0.388,1.958636723528297,5.652244129294465,9.848595969265606,0.4852359545962973,1.54,1.784,0.0,0.0,0.55,alpha_hor
chr13,15588063,15590063,2000,0.388,1.957203429657888,5.6391299968994275,9.928448362414567,0.5208747535214491,1.636,1.84,0.0,0.0,1.0444434185028075,alpha_hor
chr13,15592063,15594063,2000,0.387,1.956117349078386,5.636773534095599,9.939458383656993,0.5153918613791181,1.656,1.848,0.0,0.0,1.704544596672058,alpha_hor
chr13,15596063,15598063,2000,0.3875,1.958300024611794,5.650594154253479,9.953560926922986,0.5290990917349456,1.684,1.856,0.0,0.0,0.887292046546936,alpha_hor
chr13,15600063,15602063,2000,0.386,1.9563551379229809,5.64801088140805,9.961120041292313,0.5345819838772767,1.672,1.86,0.0,0.0,0.4466668796539306,alpha_hor
chr13,15604063,15606063,2000,0.387,1.958179393716114,5.648152887507659,9.784279572683626,0.4633043860269731,1.472,1.76,0.0,0.0,3.154807656049728,alpha_hor
chr13,15608063,15610063,2000,0.3855,1.9562469291698044,5.6481516199079325,9.968584741278375,0.5373234299484422,1.692,1.856,0.0,0.0,0.0,alpha_hor
chr13,15612063,15614063,2000,0.3875,1.95827646830864,5.648132161309011,9.799655032794726,0.4633043860269731,1.48,1.76,0.0,0.0,0.9171432251930236,alpha_hor
chr13,15616063,15618063,2000,0.3855,1.9554408215016752,5.646769456544734,9.968722311560477,0.5400648760196077,1.692,1.86,0.0,0.0,1.494093758821487,alpha_hor
chr13,15620063,15622063,2000,0.3885,1.957929835099257,5.646389739728471,9.916260657413488,0.5428063220907733,1.676,1.848,0.0,0.0,3.38791468501091,alpha_hor
chr13,15624063,15626063,2000,0.3895,1.9582947711555667,5.648653293189981,9.933915251362,0.5400648760196077,1.692,1.844,0.0,0.0,3.502354969263077,alpha_hor
chr13,15628063,15630063,2000,0.3905,1.9589251807815529,5.65093338402852,9.917500430672156,0.5263576456637802,1.68,1.824,0.0,0.0,3.5624685287475586,alpha_hor
chr13,15632063,15634063,2000,0.3895,1.957645449605213,5.645657899593188,9.920792075910564,0.509908969236787,1.652,1.832,0.0,0.0,3.445257695198059,alpha_hor
chr13,15636063,15638063,2000,0.384,1.9565410182170295,5.6603352112682135,9.800207961903672,0.4578214938846421,1.46,1.76,0.0,0.0,1.2080003051757813,alpha_hor
chr13,15640063,15642063,2000,0.3865,1.957781807455761,5.647539963952094,9.76481216959681,0.4495971556711455,1.432,1.764,0.0,0.0,1.6640308496952056,alpha_hor
chr13,15644063,15646063,2000,0.3885,1.957556761671135,5.645761787739543,9.751482468349591,0.4578214938846421,1.452,1.736,0.0,0.0,0.096764374256134,alpha_hor
chr13,15648063,15650063,2000,0.39,1.9592460880016784,5.650525060536878,9.956282005372556,0.5153918613791181,1.644,1.856,0.0,0.0,1.2924832100868224,alpha_hor
chr13,15652063,15654063,2000,0.385,1.9566307076403624,5.656347579262083,9.887728984823884,0.4907188467386283,1.572,1.8,0.0,0.0,5.373683381319046,alpha_hor
chr13,15656063,15658063,2000,0.382,1.954445235029243,5.643434514953282,9.839818037241391,0.4770116163828007,1.496,1.78,0.0,0.0,2.9537565562725066,alpha_hor
chr13,15660063,15662063,2000,0.389,1.9575011430634064,5.642670021507768,9.949954999096851,0.5181333074502835,1.664,1.848,0.0,0.0,2.487970217704773,alpha_hor
chr13,15664063,15666063,2000,0.382,1.955412254107983,5.650481557320376,9.806538860111177,0.4633043860269731,1.452,1.764,0.0,0.0,4.5527632937431335,alpha_hor
chr13,15668063,15670063,2000,0.39,1.9581931783184043,5.645514417066286,9.956189356863977,0.5181333074502835,1.676,1.86,0.0,0.0,3.0052064218521117,alpha_hor
chr13,15672063,15674063,2000,0.386,1.9567344348171312,5.642932559391846,9.764109509779706,0.4550800478134765,1.464,1.74,0.0,0.0,2.0664841895103456,alpha_hor
chr13,15676063,15678063,2000,0.389,1.9580089730365855,5.652739261733341,9.94508284560274,0.5126504153079525,1.644,1.852,0.0,0.0,0.0,alpha_hor
chr13,15680063,15682063,2000,0.39,1.9590154897684644,5.650197850750719,9.949058747908015,0.5400648760196077,1.688,1.848,0.0,0.0,1.5642304029464722,alpha_hor
chr13,15684063,15686063,2000,0.386,1.956058131385286,5.652107370788813,10.015921289489556,0.5345819838772767,1.696,1.884,0.0,0.0,2.421665711402893,alpha_hor
chr13,15688063,15690063,2000,0.3835,1.9548922918859364,5.656567600686539,9.93781461594308,0.5071675231656215,1.616,1.848,0.0,0.0,2.540705293416977,alpha_hor
chr13,15692063,15694063,2000,0.3875,1.9556015425927948,5.6392147725880735,9.96098778652306,0.5181333074502835,1.668,1.864,0.0,0.0,1.1326195328235626,alpha_hor
chr13,15696063,15698063,2000,0.384,1.9572625689626195,5.662922842717268,9.783889294655207,0.452338601742311,1.444,1.756,0.0,0.0,0.5499997901916504,alpha_hor
chr13,15700063,15702063,2000,0.3845,1.955489496117077,5.650144188927549,9.892465351799409,0.4879774006674628,1.556,1.804,0.0,0.0,1.7583347053527831,alpha_hor
chr13,15704063,15706063,2000,0.3835,1.9559111400237248,5.658080092985253,9.800207961903672,0.4550800478134765,1.448,1.764,0.0,0.0,0.9717949905395508,alpha_hor
chr13,15708063,15710063,2000,0.389,1.9583851155220424,5.646504494383731,9.965464757079918,0.5318405378061112,1.704,1.844,0.0,0.0,0.8071968221664428,alpha_hor
chr13,15712063,15714063,2000,0.3845,1.9562308197649192,5.655932309249016,9.87107974936691,0.4879774006674628,1.556,1.82,0.0,0.0,0.3500001368522644,alpha_hor
chr13,15716063,15718063,2000,0.384,1.956215242847241,5.651291879162854,9.798834483478222,0.4578214938846421,1.428,1.76,0.0,0.0,0.0,alpha_hor
chr13,15720063,15722063,2000,0.383,1.9551252584412864,5.656962379328584,9.784473999907332,0.4633043860269731,1.432,1.768,0.0,0.0,4.110608049869537,alpha_hor
chr13,15724063,15726063,2000,0.382,1.955610268037998,5.651939171991323,9.854046322180835,0.4797530624539662,1.536,1.8,0.0,0.0,1.024450570344925,alpha_hor
chr13,15728063,15730063,2000,0.3815,1.9551291355218845,5.650691749184233,9.82422475774478,0.4660458320981386,1.52,1.784,0.0,0.0,0.0,alpha_hor
chr13,15732063,15734063,2000,0.389,1.9583528717819791,5.647334507949818,9.923655525496333,0.5400648760196077,1.688,1.836,0.0,0.0,2.6645605313777923,alpha_hor
chr13,15736063,15738063,2000,0.39,1.9598566504312656,5.658257045058914,9.901744739074129,0.5208747535214491,1.62,1.808,0.0,0.0,3.0666669878959656,alpha_hor
chr13,15740063,15742063,2000,0.3895,1.9586218143902352,5.653615641184296,9.987867978316968,0.5455477681619388,1.728,1.88,0.0,0.0,3.94861381149292,alpha_hor
chr13,15744063,15746063,2000,0.39,1.9595834166403707,5.66426387841843,9.902370423746415,0.509908969236787,1.596,1.816,0.0,0.0,3.288460659503937,alpha_hor
chr13,15748063,15750063,2000,0.39,1.958411227999893,5.647536432430988,9.946394854049776,0.5208747535214491,1.7,1.84,0.0,0.0,3.7256419456005094,alpha_hor
chr13,15752063,15754063,2000,0.389,1.9583000875336785,5.647549270457028,9.976853764309531,0.5400648760196077,1.736,1.868,0.0,0.0,1.5993007373809816,alpha_hor
chr13,15756063,15758063,2000,0.391,1.958244308690861,5.653264993609429,9.938110434882972,0.5181333074502835,1.684,1.844,0.0,0.0,4.750899344444275,alpha_hor
chr13,15760063,15762063,2000,0.389,1.9575875109044785,5.640572034363393,9.941531243773277,0.5126504153079525,1.66,1.836,0.0,0.0,4.7071691756248475,alpha_hor
chr13,15764063,15766063,2000,0.3905,1.959460210770101,5.65691904459286,9.910994404740912,0.5318405378061112,1.676,1.832,0.0,0.0,5.2499021673202515,alpha_hor
chr13,15768063,15770063,2000,0.387,1.9568279240308644,5.637321646204168,9.92578311078086,0.5208747535214491,1.644,1.84,0.0,0.0,4.670950204849243,alpha_hor
chr13,15772063,15774063,2000,0.3895,1.9586667176549737,5.655533033576218,9.957498220560662,0.5428063220907733,1.7,1.86,0.0,0.0,3.142831980705261,alpha_hor
chr13,15776063,15778063,2000,0.384,1.9568075225954125,5.647114874460773,9.77678152912114,0.4742701703116352,1.492,1.752,0.0,0.0,3.707826287508011,alpha_hor
chr13,15780063,15782063,2000,0.3905,1.9594862507575388,5.657992967152515,9.951070814445549,0.5345819838772767,1.692,1.868,0.0,0.0,6.608824018001556,alpha_hor
chr13,15784063,15786063,2000,0.388,1.959648054363926,5.663176043479744,9.85559416897607,0.4934602928097938,1.536,1.78,0.0,0.0,1.727205066204071,alpha_hor
chr13,15788063,15790063,2000,0.3915,1.960339731885888,5.65414476051247,9.950242301635647,0.5181333074502835,1.66,1.832,0.0,0.0,4.573315829515457,alpha_hor
chr13,15792063,15794063,2000,0.387,1.9576113760208516,5.652011338676265,9.940485460317715,0.5290990917349456,1.68,1.836,0.0,0.0,0.825,alpha_hor
chr13,15796063,15798063,2000,0.3895,1.9584681864134457,5.650866912191288,9.901290865010225,0.5016846310232904,1.616,1.832,0.0,0.0,3.481211447715759,alpha_hor
chr13,15800063,15802063,2000,0.387,1.9573850246048217,5.657268438514794,10.022698879530289,0.5428063220907733,1.728,1.876,0.0,0.0,0.0833332514762878,alpha_hor
chr13,15804063,15806063,2000,0.3895,1.9581813143776328,5.646616218982308,9.90153720922916,0.5016846310232904,1.616,1.832,0.0,0.0,3.61875,alpha_hor
chr13,15808063,15810063,2000,0.389,1.9584473286745063,5.65199827317388,9.938729136506122,0.5181333074502835,1.656,1.836,0.0,0.0,1.0000020217895509,alpha_hor
chr13,15812063,15814063,2000,0.386,1.955435016057824,5.632717552393007,9.918512560790353,0.5071675231656215,1.64,1.84,0.0,0.0,1.68,alpha_hor
chr13,15816063,15818063,2000,0.39,1.9595834166403705,5.654844942534439,9.901056471343356,0.5153918613791181,1.612,1.832,0.0,0.0,2.51875,alpha_hor
chr13,15820063,15822063,2000,0.386,1.9558113552639256,5.635765269109443,9.891657234420803,0.5016846310232904,1.632,1.82,0.0,0.0,2.66,alpha_hor
chr13,15824063,15826063,2000,0.389,1.958979078928129,5.650605072474231,9.896067612951772,0.5126504153079525,1.616,1.84,0.0,0.0,3.0519239766597748,alpha_hor
chr13,15828063,15830063,2000,0.3815,1.955517898152486,5.645441069841538,9.790129655767284,0.4578214938846421,1.468,1.744,0.0,0.0,2.5115394341945647,alpha_hor
chr13,15832063,15834063,2000,0.388,1.958140173706056,5.6460676030544334,9.92463847227036,0.5071675231656215,1.644,1.836,0.0,0.0,0.0,alpha_hor
chr13,15836063,15838063,2000,0.3865,1.9568355023699135,5.637686885329018,9.923881917420752,0.509908969236787,1.652,1.832,0.0,0.0,0.0,alpha_hor
chr13,15840063,15842063,2000,0.3865,1.956452405561216,5.65248990885949,9.96567496743824,0.5153918613791181,1.636,1.856,0.0,0.0,,alpha_hor
chr13,15844063,15846063,2000,0.389,1.958465038590571,5.64471302603615,9.930576998925028,0.5181333074502835,1.684,1.82,0.0,0.0,,alpha_hor
chr13,15848063,15850063,2000,0.388,1.9564074599230752,5.640871957975561,9.919274714097163,0.5153918613791181,1.656,1.82,0.0,0.0,,alpha_hor
chr13,15852063,15854063,2000,0.3895,1.9588505365983284,5.654714622012647,9.9675969164121,0.5318405378061112,1.672,1.848,0.0,0.0,3.0375,alpha_hor
chr13,15856063,15858063,2000,0.3885,1.9569419803605732,5.64256227539028,9.920033395003868,0.509908969236787,1.648,1.82,0.0,0.0,1.1473206415176391,alpha_hor
chr13,15860063,15862063,2000,0.3885,1.9576283947685824,5.650351887956722,9.942408832872626,0.5236161995926146,1.664,1.844,0.0,0.0,0.7363637065887452,alpha_hor
chr13,15864063,15866063,2000,0.385,1.955987261138593,5.653927242611143,9.948895847964469,0.509908969236787,1.624,1.868,0.0,0.0,1.660714364290237,alpha_hor
chr13,15868063,15870063,2000,0.386,1.956828430108789,5.64661213699994,9.96925121681326,0.5345819838772767,1.704,1.844,0.0,0.0,2.023425586223602,alpha_hor
chr13,15872063,15874063,2000,0.384,1.9563583107265148,5.651430565352734,9.766522053667009,0.4578214938846421,1.424,1.736,0.0,0.0,2.920454306602478,alpha_hor
chr13,15876063,15878063,2000,0.388,1.957052524663211,5.641945141156172,9.924086478900325,0.5071675231656215,1.632,1.848,0.0,0.0,0.0,alpha_hor
chr13,15880063,15882063,2000,0.3865,1.9561545702390433,5.637598975434518,9.943499156818882,0.5373234299484422,1.696,1.84,0.0,0.0,2.024746201038361,alpha_hor
chr13,15884063,15886063,2000,0.3875,1.9569558640370963,5.642040553740115,9.92722752275712,0.5208747535214491,1.66,1.84,0.0,0.0,1.4000001335144043,alpha_hor
chr13,15888063,15890063,2000,0.3875,1.9586706354906136,5.65225030174984,9.951001419962862,0.5345819838772767,1.72,1.848,0.0,0.0,0.4600000381469726,alpha_hor
chr13,15892063,15894063,2000,0.385,1.9555798704688547,5.64566078515719,9.95800917265646,0.5400648760196077,1.688,1.848,0.0,0.0,1.0428560886383056,alpha_hor
chr13,15896063,15898063,2000,0.3875,1.958000676872093,5.644100769291242,9.905385448701738,0.5126504153079525,1.636,1.832,0.0,0.0,0.0,alpha_hor
chr13,15900063,15902063,2000,0.388,1.9583589850244951,5.651942252533965,9.947366580304363,0.5208747535214491,1.656,1.848,0.0,0.0,0.0,alpha_hor
chr13,15904063,15906063,2000,0.384,1.9566650508405192,5.650321213013522,9.76656854383003,0.4605629399558076,1.448,1.748,0.0,0.0,1.3690498237609865,alpha_hor
chr13,15908063,15910063,2000,0.387,1.9566301941308388,5.653724834293618,10.03195608189394,0.5619964445889319,1.736,1.876,0.0,0.0,1.21,alpha_hor
chr13,15912063,15914063,2000,0.3885,1.957415186365811,5.6436773042583415,9.92793779160145,0.509908969236787,1.66,1.832,0.0,0.0,0.98125,alpha_hor
chr13,15916063,15918063,2000,0.3845,1.9566906869449612,5.655579125129611,9.801088784424042,0.4578214938846421,1.448,1.78,0.0,0.0,0.0,alpha_hor
chr13,15920063,15922063,2000,0.3875,1.957328371189928,5.6552163508846505,9.944350822811533,0.5345819838772767,1.696,1.856,0.0,0.0,1.4000003938674928,alpha_hor
chr13,15924063,15926063,2000,0.386,1.955774927690477,5.64222942000434,10.016413977927416,0.5565135524466008,1.736,1.884,0.0,0.0,0.7859846830368042,alpha_hor
chr13,15928063,15930063,2000,0.3825,1.9553680626492027,5.655845714231593,9.769733732746325,0.4605629399558076,1.444,1.756,0.0,0.0,1.6837789275646209,alpha_hor
chr13,15932063,15934063,2000,0.3865,1.956452405561216,5.637224371924749,9.924354957608704,0.5071675231656215,1.648,1.832,0.0,0.0,0.8200002002716065,alpha_hor
chr13,15936063,15938063,2000,0.386,1.956379811828864,5.647115481678365,9.972404577120898,0.5455477681619388,1.716,1.844,0.0,0.0,2.0926033692359924,alpha_hor
chr13,15940063,15942063,2000,0.39,1.9588608173529147,5.643855350366936,9.932333018692056,0.5263576456637802,1.668,1.844,0.0,0.0,1.5546699059009552,alpha_hor
chr13,15944063,15946063,2000,0.388,1.9566342665931304,5.638665744761929,9.947604904892062,0.5236161995926146,1.68,1.856,0.0,0.0,3.0208346242904662,alpha_hor
chr13,15948063,15950063,2000,0.3875,1.957307170875068,5.645102941533642,9.96800679226887,0.5318405378061112,1.684,1.86,0.0,0.0,0.7277272796630859,alpha_hor
chr13,15952063,15954063,2000,0.3905,1.957509254702858,5.643756385807408,9.947076392354468,0.5236161995926146,1.688,1.852,0.0,0.0,3.620453567504883,alpha_hor
chr13,15956063,15958063,2000,0.3885,1.9585612998754935,5.646730910578285,9.772925946416972,0.4605629399558076,1.444,1.736,0.0,0.0,1.4538884086608888,alpha_hor
chr13,15960063,15962063,2000,0.385,1.956745361392692,5.656512627548259,9.795666763617014,0.452338601742311,1.428,1.772,0.0,0.0,2.1749987230300905,alpha_hor
chr13,15964063,15966063,2000,0.3855,1.9570127726779152,5.660152468180254,9.794692273894768,0.4633043860269731,1.448,1.752,0.0,0.0,1.0,alpha_hor
chr13,15968063,15970063,2000,0.3895,1.959335326395346,5.648117989232921,9.665687918847873,0.452338601742311,1.424,1.724,0.0,0.0,0.0,alpha_hor
chr13,15972063,15974063,2000,0.3855,1.956864851977297,5.65034780534092,9.760386767285205,0.4441142635288145,1.428,1.756,0.0,0.0,0.0,alpha_hor
chr13,15976063,15978063,2000,0.385,1.9570738437672823,5.654341344062076,9.811780149021011,0.452338601742311,1.44,1.764,0.0,0.0,0.0,alpha_hor
chr13,15980063,15982063,2000,0.3845,1.9552043337476015,5.648252547354421,9.76717476880991,0.4660458320981386,1.452,1.76,0.0,0.0,1.99,alpha_hor
chr13,15984063,15986063,2000,0.3845,1.9571595083972355,5.659430649629699,9.839689615054647,0.4742701703116352,1.512,1.816,0.0,0.0,1.2125,alpha_hor
chr13,15988063,15990063,2000,0.3905,1.959460210770101,5.655789638084175,9.914317249609775,0.504426077094456,1.62,1.844,0.0,0.0,0.0,alpha_hor
chr13,15992063,15994063,2000,0.387,1.9579644237083895,5.657091721219964,9.777726198088615,0.4605629399558076,1.444,1.756,0.0,0.0,7.191662311553955,alpha_hor
chr13,15996063,15998063,2000,0.3875,1.9578946615409836,5.648062102283096,9.765354377460923,0.4550800478134765,1.468,1.756,0.0,0.0,3.475,alpha_hor
chr13,16000063,16002063,2000,0.389,1.958756018302531,5.646779028295692,9.76789842321986,0.4687872781693042,1.484,1.756,0.0,0.0,3.48,alpha_hor
chr13,16004063,16006063,2000,0.388,1.958152686410135,5.653675035750225,9.876435931045702,0.5016846310232904,1.584,1.8,0.0,0.0,2.8,alpha_hor
chr13,16008063,16010063,2000,0.386,1.9571525428138177,5.652568609697843,9.760386767285205,0.44685570959998,1.432,1.752,0.0,0.0,0.0,alpha_hor
chr13,16012063,16014063,2000,0.3865,1.9556894571651915,5.63645561177675,9.936576968741557,0.5153918613791181,1.664,1.856,0.0,0.0,2.475,alpha_hor
chr13,16016063,16018063,2000,0.3845,1.9565785684873065,5.657721232971523,9.805856324213511,0.4660458320981386,1.464,1.768,0.0,0.0,4.074998235702514,alpha_hor
chr13,16020063,16022063,2000,0.3915,1.9599853297328045,5.646881887760352,9.919029034105268,0.504426077094456,1.628,1.84,0.0,0.0,0.0,alpha_hor
chr13,16024063,16026063,2000,0.386,1.956503805395922,5.652466604562956,9.991003063534151,0.5290990917349456,1.676,1.872,0.0,0.0,2.8266682167053223,alpha_hor
chr13,16028063,16030063,2000,0.387,1.9580679891602724,5.648842375206751,9.965345810638231,0.5400648760196077,1.724,1.864,0.0,0.0,1.2500025272369384,alpha_hor
chr13,16032063,16034063,2000,0.3845,1.956393708766712,5.649867813527566,9.829406714905968,0.4605629399558076,1.488,1.792,0.0,0.0,4.633328914642334,alpha_hor
chr13,16036063,16038063,2000,0.3855,1.9579909102163549,5.654674935927145,9.798652848374878,0.4660458320981386,1.476,1.776,0.0,0.0,,alpha_hor
chr13,16040063,16042063,2000,0.3885,1.9585070301645595,5.64776068667838,9.748285591960666,0.452338601742311,1.424,1.736,0.0,0.0,,alpha_hor
chr13,16044063,16046063,2000,0.383,1.956337477087227,5.656482761515574,9.854382456313743,0.4770116163828007,1.536,1.78,0.0,0.0,1.6108330154418946,alpha_hor
chr13,16048063,16050063,2000,0.3905,1.957744058658994,5.6492622227876845,9.95908860373297,0.5373234299484422,1.68,1.86,0.0,0.0,1.2000024261474609,alpha_hor
chr13,16052063,16054063,2000,0.3895,1.9596331392463264,5.658906814018354,9.859384151531074,0.4962017388809594,1.56,1.788,0.0,0.0,0.4249998378753662,alpha_hor
chr13,16056063,16058063,2000,0.387,1.9577433079589184,5.6485179246763515,9.760176607348452,0.452338601742311,1.456,1.768,0.0,0.0,0.0,alpha_hor
chr13,16060063,16062063,2000,0.3895,1.9581742945731675,5.649507786980423,9.935915161641184,0.5263576456637802,1.684,1.856,0.0,0.0,1.0611119813919068,alpha_hor
chr13,16064063,16066063,2000,0.3885,1.958089518616388,5.648099581666821,9.92720713875828,0.5236161995926146,1.672,1.84,0.0,0.0,2.583026453495026,alpha_hor
chr13,16068063,16070063,2000,0.385,1.9567046091043516,5.654716373779534,9.827876649642786,0.4633043860269731,1.476,1.788,0.0,0.0,1.0266542236804963,alpha_hor
chr13,16072063,16074063,2000,0.384,1.9565369496386749,5.651259255240194,9.822220273417964,0.4715287242404697,1.484,1.788,0.0,0.0,0.6212418327331543,alpha_hor
chr13,16076063,16078063,2000,0.3865,1.9575748672355011,5.660169285064729,9.97761070615806,0.5455477681619388,1.716,1.86,0.0,0.0,0.6269232532978057,alpha_hor
chr13,16080063,16082063,2000,0.3865,1.956960785675676,5.6397444560567305,9.784506623118858,0.4770116163828007,1.496,1.76,0.0,0.0,1.5958981091976163,alpha_hor
chr13,16084063,16086063,2000,0.3895,1.9595835084341928,5.652480641597048,9.91164728007622,0.5153918613791181,1.62,1.84,0.0,0.0,0.0,alpha_hor
chr13,16088063,16090063,2000,0.3865,1.9573551594204992,5.63922504640813,9.90803625782747,0.509908969236787,1.636,1.824,0.0,0.0,2.141758890390396,alpha_hor
chr13,16092063,16094063,2000,0.3845,1.9562308197649192,5.663752390850614,9.778862486106718,0.4633043860269731,1.44,1.772,0.0,0.0,1.9754770910739896,alpha_hor
chr13,16096063,16098063,2000,0.386,1.956734434817131,5.641623998184098,9.946208279000093,0.5181333074502835,1.692,1.844,0.0,0.0,1.344443123817444,alpha_hor
chr13,16100063,16102063,2000,0.386,1.956503805395922,5.646970105787867,9.95809347960036,0.5455477681619388,1.736,1.848,0.0,0.0,0.0,alpha_hor
chr13,16104063,16106063,2000,0.3875,1.957463863830483,5.6467081867726066,9.939767897923348,0.5263576456637802,1.684,1.836,0.0,0.0,2.075,alpha_hor
chr13,16108063,16110063,2000,0.3875,1.957298954757955,5.6478774947834065,9.921466875121244,0.5400648760196077,1.708,1.836,0.0,0.0,1.6625,alpha_hor
chr13,16112063,16114063,2000,0.3885,1.9581071439787217,5.645642043463494,9.727345772439037,0.4550800478134765,1.44,1.712,0.0,0.0,1.7879371535778046,alpha_hor
chr13,16116063,16118063,2000,0.3875,1.9572589023141191,5.645870578579197,9.94082341074688,0.5400648760196077,1.716,1.836,0.0,0.0,0.449999828338623,alpha_hor
chr13,16120063,16122063,2000,0.3895,1.9582806440302567,5.657865359554955,9.933549638767978,0.5455477681619388,1.712,1.84,0.0,0.0,0.5346155350208283,alpha_hor
chr13,16124063,16126063,2000,0.389,1.9580499788546268,5.645897170623291,9.948441469865918,0.5400648760196077,1.684,1.868,0.0,0.0,0.6208330965042115,alpha_hor
chr13,16128063,16130063,2000,0.3885,1.9575552415909616,5.644514369430731,9.925996161844935,0.509908969236787,1.636,1.832,0.0,0.0,2.1949994106292725,alpha_hor
chr13,16132063,16134063,2000,0.386,1.958178181342615,5.648803423014654,9.769420391613693,0.4578214938846421,1.456,1.776,0.0,0.0,0.9250018701553344,alpha_hor
chr13,16136063,16138063,2000,0.3865,1.957409252171223,5.657481284255628,9.8934166379173,0.4907188467386283,1.544,1.848,0.0,0.0,0.9454546356201172,alpha_hor
chr13,16140063,16142063,2000,0.3885,1.959494865647767,5.6556864894178105,9.88991113353564,0.5016846310232904,1.576,1.82,0.0,0.0,1.084615689754486,alpha_hor
chr13,16144063,16146063,2000,0.389,1.9585834928924588,5.644251893760915,9.966802107361044,0.5263576456637802,1.712,1.844,0.0,0.0,2.4045456504821776,alpha_hor
chr13,16148063,16150063,2000,0.3895,1.9575396019325828,5.625754606529261,9.609627980516503,0.4194412488883248,1.352,1.62,0.0,0.0,1.2966658153533936,alpha_hor
chr13,16152063,16154063,2000,0.3895,1.9580466639210132,5.634054569882892,9.712845890117356,0.4386313713864834,1.42,1.668,0.0,0.0,2.4625,alpha_hor
chr13,16156063,16158063,2000,0.3875,1.958109039333751,5.661082891238397,9.961950680159331,0.5345819838772767,1.7,1.86,0.0,0.0,0.994443467617035,alpha_hor
chr13,16160063,16162063,2000,0.3865,1.9565206141777824,5.657761588631506,10.009169660804536,0.5318405378061112,1.7,1.884,0.0,0.0,1.3,alpha_hor
chr13,16164063,16166063,2000,0.386,1.9575013862532644,5.650290365925805,9.771899622653873,0.4550800478134765,1.448,1.76,0.0,0.0,2.625,alpha_hor
chr13,16168063,16170063,2000,0.3885,1.9569042233766625,5.6425469828536965,9.91091588897937,0.5290990917349456,1.66,1.82,0.0,0.0,1.0833355236053466,alpha_hor
chr13,16172063,16174063,2000,0.3845,1.9566840538838235,5.660625144852517,9.806885571636723,0.4660458320981386,1.46,1.764,0.0,0.0,5.3642802915573125,alpha_hor
chr13,16176063,16178063,2000,0.3895,1.9588367670590523,5.6489262464918655,9.925302694088456,0.5126504153079525,1.664,1.84,0.0,0.0,1.898107361793518,alpha_hor
chr13,16180063,16182063,2000,0.3845,1.9554121262189033,5.657377555107762,9.990771439051258,0.5345819838772767,1.68,1.872,0.0,0.0,0.5166664695739747,alpha_hor
chr13,16184063,16186063,2000,0.3885,1.958089518616388,5.641864328270749,9.936943694415785,0.5181333074502835,1.672,1.852,0.0,0.0,0.9492422723770142,alpha_hor
chr13,16188063,16190063,2000,0.3835,1.9561861117213415,5.655228526578139,9.839841544890312,0.4715287242404697,1.54,1.796,0.0,0.0,2.825757908821106,alpha_hor
chr13,16192063,16194063,2000,0.3895,1.9593013387780376,5.648960887788153,9.93222424475521,0.5373234299484422,1.688,1.84,0.0,0.0,2.0008922939300535,alpha_hor
chr13,16196063,16198063,2000,0.389,1.957986539795099,5.646789987456349,9.919981085293411,0.5071675231656215,1.644,1.84,0.0,0.0,2.9583393144607544,alpha_hor
chr13,16200063,16202063,2000,0.3865,1.957887649913095,5.649555936909094,9.759419854057397,0.452338601742311,1.424,1.752,0.0,0.0,1.6666689453125,alpha_hor
chr13,16204063,16206063,2000,0.388,1.9580883064875576,5.649817375774291,9.94318226604807,0.5318405378061112,1.684,1.84,0.0,0.0,2.083331346511841,alpha_hor
chr13,16208063,16210063,2000,0.388,1.958529216884645,5.653139307227617,9.931031737206002,0.5208747535214491,1.676,1.836,0.0,0.0,1.5875,alpha_hor
chr13,16212063,16214063,2000,0.384,1.9547374725011517,5.647164591826341,9.77823004519182,0.4660458320981386,1.46,1.756,0.0,0.0,0.0,alpha_hor
chr13,16216063,16218063,2000,0.3835,1.9564887190906928,5.655729306479594,9.798735882046222,0.4687872781693042,1.488,1.78,0.0,0.0,1.033335422515869,alpha_hor
chr13,16220063,16222063,2000,0.3885,1.958891785972124,5.647630025365021,9.759419106875994,0.452338601742311,1.428,1.736,0.0,0.0,1.3208325638771057,alpha_hor
chr13,16224063,16226063,2000,0.3855,1.9559754043278337,5.648066797217043,9.983507473678475,0.5428063220907733,1.712,1.852,0.0,0.0,3.0625,alpha_hor
chr13,16228063,16230063,2000,0.3905,1.9589194870974187,5.655054715741258,9.935969121739197,0.5290990917349456,1.648,1.84,0.0,0.0,0.63125,alpha_hor
chr13,16232063,16234063,2000,0.3865,1.9569890082554235,5.657131204568358,9.982040295518395,0.5345819838772767,1.696,1.86,0.0,0.0,0.0,alpha_hor
chr13,16236063,16238063,2000,0.3895,1.9581813143776328,5.646401965627305,9.901537209229158,0.504426077094456,1.62,1.836,0.0,0.0,0.0,alpha_hor
chr13,16240063,16242063,2000,0.3865,1.9569302105370936,5.65510201384644,9.784693635589138,0.4715287242404697,1.452,1.756,0.0,0.0,0.34375,alpha_hor
chr13,16244063,16246063,2000,0.386,1.9575884436861684,5.6471357797532855,9.790440709101825,0.4633043860269731,1.464,1.768,0.0,0.0,0.0,alpha_hor
chr13,16248063,16250063,2000,0.388,1.9577112199590976,5.645941448194482,9.727219360822296,0.4550800478134765,1.416,1.716,0.0,0.0,0.0,alpha_hor
chr13,16252063,16254063,2000,0.386,1.9566028302344844,5.646573491715154,10.011186024161594,0.5400648760196077,1.724,1.872,0.0,0.0,2.2027774066925048,alpha_hor
chr13,16256063,16258063,2000,0.389,1.9587831753503673,5.642658843690296,9.926325601589287,0.5290990917349456,1.692,1.836,0.0,0.0,1.715,alpha_hor
chr13,16260063,16262063,2000,0.387,1.959102131704897,5.659105516944462,9.85017572504678,0.4879774006674628,1.564,1.792,0.0,0.0,1.168180956840515,alpha_hor
chr13,16264063,16266063,2000,0.384,1.9555813463946967,5.655316398149526,9.890793966625989,0.4962017388809594,1.556,1.82,0.0,0.0,1.965,alpha_hor
chr13,16268063,16270063,2000,0.3895,1.9592257494812144,5.656234917287858,9.939008103936557,0.5126504153079525,1.64,1.828,0.0,0.0,2.059443664073944,alpha_hor
chr13,16272063,16274063,2000,0.389,1.9573306803020816,5.645514528492639,9.988929217257398,0.5510306603042698,1.716,1.872,0.0,0.0,2.4916681156158447,alpha_hor
chr13,16276063,16278063,2000,0.3905,1.959550164910528,5.656778888436348,10.002551034070189,0.5482892142331043,1.72,1.888,0.0,0.0,1.8034705305099488,alpha_hor
chr13,16280063,16282063,2000,0.386,1.955435016057824,5.654268739002275,10.006762360908148,0.5482892142331043,1.72,1.868,0.0,0.0,0.6249997615814209,alpha_hor
chr13,16284063,16286063,2000,0.386,1.9575754081018757,5.6583651852678924,9.802553482060771,0.4578214938846421,1.444,1.78,0.0,0.0,0.65,alpha_hor
chr13,16288063,16290063,2000,0.385,1.9552202700355923,5.6432431110151935,9.761563255009296,0.4633043860269731,1.448,1.74,0.0,0.0,0.9283326621055604,alpha_hor
chr13,16292063,16294063,2000,0.3855,1.9576933672338863,5.665029346968276,9.826152627109238,0.4742701703116352,1.516,1.796,0.0,0.0,2.0,alpha_hor
chr13,16296063,16298063,2000,0.3895,1.959187882000104,5.641356144442969,9.939172394188317,0.5208747535214491,1.684,1.836,0.0,0.0,1.0875,alpha_hor
chr13,16300063,16302063,2000,0.3835,1.956359997136877,5.656448803818191,9.823874490864783,0.4660458320981386,1.516,1.792,0.0,0.0,1.175,alpha_hor
chr13,16304063,16306063,2000,0.387,1.9577750853439244,5.642447379699015,9.763952291247673,0.4550800478134765,1.464,1.748,0.0,0.0,0.0,alpha_hor
chr13,16308063,16310063,2000,0.3855,1.9572655836447064,5.651541626869837,9.80468007546854,0.4605629399558076,1.468,1.772,0.0,0.0,0.0,alpha_hor
chr13,16312063,16314063,2000,0.388,1.958115419150656,5.645321481238158,9.958443270810855,0.5236161995926146,1.664,1.844,0.0,0.0,4.075,alpha_hor
chr13,16316063,16318063,2000,0.391,1.9593506199567103,5.649842439165908,9.905980520732488,0.504426077094456,1.628,1.844,0.0,0.0,0.61,alpha_hor
chr13,16320063,16322063,2000,0.387,1.9575501758100853,5.654314398664014,10.00678484414758,0.5345819838772767,1.688,1.868,0.0,0.0,0.63,alpha_hor
chr13,16324063,16326063,2000,0.3905,1.9597320162770573,5.647447864290391,9.962822682234048,0.5400648760196077,1.712,1.856,0.0,0.0,1.5090910530090331,alpha_hor
chr13,16328063,16330063,2000,0.387,1.9576113760208516,5.65289373767526,10.002956330163013,0.5318405378061112,1.684,1.864,0.0,0.0,0.4409091329574585,alpha_hor
chr14,8077085,8079085,2000,0.3605,1.9359435566040817,5.53135343195826,10.388686395860082,0.6524641649373941,2.028,1.996,0.0,0.0,2.259091124534607,alpha_mono
chr14,8081085,8083085,2000,0.367,1.9464372142161095,5.581091888413467,10.27538593372491,0.6168253660122424,1.96,1.94,0.0,0.0,1.1875,alpha_mono
chr14,8085085,8087085,2000,0.427,1.9237816567416552,5.657824248961182,10.955537640054022,0.9129015416981188,2.636,2.424,0.0,0.475,2.48125,alpha_mono
chr14,8089085,8091085,2000,0.3795,1.9325000875195228,5.666635461228548,10.898089138085462,0.9266087720539464,2.636,2.42,0.0,0.0,0.0,alpha_mono
chr14,8093085,8095085,2000,0.3615,1.937694284367816,5.559191502553361,10.125265896000734,0.578445121015925,1.868,1.868,0.0,0.0,2.171363716125488,alpha_mono
chr14,8097085,8099085,2000,0.3585,1.936009274416607,5.5099085937211765,10.131839853459152,0.6113424738699113,1.94,1.932,0.0,0.0,1.5999984283447266,alpha_mono
chr14,8101085,8103085,2000,0.3575,1.9350267574644495,5.52859445796214,10.102402116935234,0.5976352435140837,1.896,1.876,0.0,0.0,2.034442632675171,alpha_mono
chr14,8105085,8107085,2000,0.3515,1.9327201002107368,5.507402368932148,10.316003121996392,0.6579470570797251,2.04,2.0,0.0,0.0,2.50625,alpha_mono
chr14,8109085,8111085,2000,0.3575,1.935606526202521,5.543490203162814,10.257733655347288,0.6606885031508907,2.02,1.928,0.0,0.0,1.135713137626648,alpha_mono
chr14,8113085,8115085,2000,0.3585,1.9386787478638867,5.496693091774008,9.902100111809233,0.5400648760196077,1.728,1.824,0.0,0.0,1.7875,alpha_mono
chr14,8117085,8119085,2000,0.362,1.9383664898797823,5.541020668660643,10.336100506575082,0.6634299492220562,2.036,2.024,0.0,0.0,0.0,alpha_mono
chr14,8121085,8123085,2000,0.3875,1.8983207868009924,5.5875692597515885,10.955537640054024,0.9183844338404498,2.648,2.42,0.0,0.5,0.0,alpha_mono
chr14,8125085,8127085,2000,0.3745,1.946729128651004,5.664938183840575,10.77992845511946,0.8745212967018013,2.472,2.336,0.0,0.0,4.800002729415893,alpha_mono
chr14,8129085,8131085,2000,0.3585,1.9350199840424944,5.489456756514471,10.066380170002786,0.578445121015925,1.828,1.848,0.0,0.0,5.1619025259017945,alpha_mono
chr14,8133085,8135085,2000,0.357,1.9374294333061617,5.538493323699764,9.91515647890449,0.5373234299484422,1.76,1.8,0.0,0.0,4.84444390964508,alpha_mono
chr14,8137085,8139085,2000,0.36,1.937849626177531,5.54050004866067,10.218341437644073,0.6003766895852493,1.904,1.916,0.0,0.0,1.3692311544418334,alpha_mono
chr14,8141085,8143085,2000,0.368,1.938696633484824,5.5527020377517875,10.061470297326036,0.583928013158256,1.892,1.9,0.0,0.0,1.2348485231399535,alpha_mono
chr14,8145085,8147085,2000,0.367,1.943657564671079,5.553670433819876,10.249330123830028,0.6469812727950631,1.984,2.008,0.0,0.0,3.0438462736606597,alpha_mono
chr14,8149085,8151085,2000,0.3635,1.938937224435143,5.585420181759772,10.369979684249955,0.6798786256490493,2.116,2.08,0.0,0.0,2.999997960805893,alpha_hor
chr14,8153085,8155085,2000,0.363,1.938589638481515,5.596369543993511,10.385179296272405,0.6826200717202149,2.128,2.08,0.0,0.0,0.5166664695739747,alpha_hor
chr14,8157085,8159085,2000,0.362,1.938924961397133,5.571524110936077,10.336361293301962,0.6661713952932218,2.048,2.024,0.0,0.0,7.99961869430542,alpha_hor
chr14,8161085,8163085,2000,0.3615,1.9386082948038776,5.58932129388307,10.303007793175162,0.6634299492220562,2.056,2.036,0.0,0.0,1.0454546451568605,alpha_hor
chr14,8165085,8167085,2000,0.364,1.9404916295091728,5.566879756478816,10.30305177504204,0.6579470570797251,2.02,2.032,0.0,0.0,1.09,alpha_hor
chr14,8169085,8171085,2000,0.3635,1.941036957888248,5.551468278372071,10.201608946469198,0.6031181356564147,1.936,1.972,0.0,0.0,0.45909095287323,alpha_hor
chr14,8173085,8175085,2000,0.363,1.940562656614856,5.532506397167353,10.170459397726209,0.6058595817275803,1.936,1.932,0.0,0.0,3.3045447731018065,alpha_hor
chr14,8177085,8179085,2000,0.3625,1.9402180007830816,5.529324601495281,10.12537960416769,0.5894109053005872,1.896,1.924,0.0,0.0,1.4444436149597168,alpha_hor
chr14,8181085,8183085,2000,0.366,1.941639267751976,5.533485435123344,10.244856498013515,0.6223082581545734,1.976,1.968,0.0,0.0,0.8181818962097168,alpha_hor
chr14,8185085,8187085,2000,0.364,1.9394327026428169,5.587099734059577,10.30449026662772,0.6524641649373941,1.996,2.028,0.0,0.0,1.08,alpha_hor
chr14,8189085,8191085,2000,0.3655,1.941831652363288,5.587503847852868,10.333792632530225,0.6661713952932218,2.084,2.036,0.0,0.0,0.845,alpha_hor
chr14,8193085,8195085,2000,0.365,1.9419551139929017,5.582885370858062,10.319002541898342,0.6634299492220562,2.084,2.036,0.0,0.0,0.9977272367477416,alpha_hor
chr14,8197085,8199085,2000,0.3655,1.9404757043592673,5.556254439649142,10.172002443667251,0.6058595817275803,1.948,1.932,0.0,0.0,1.9750033321380616,alpha_hor
chr14,8201085,8203085,2000,0.365,1.941494951204368,5.557551797408756,10.206854732188622,0.6086010277987458,1.952,1.96,0.0,0.0,1.2040909576416017,alpha_hor
chr14,8205085,8207085,2000,0.367,1.942248556217468,5.555125495180128,10.22575049365552,0.6113424738699113,1.948,1.968,0.0,0.0,0.8208330202102662,alpha_hor
chr14,8209085,8211085,2000,0.3665,1.9421827992181089,5.547679761190715,10.169862869581635,0.6058595817275803,1.916,1.936,0.0,0.0,1.8807401549816132,alpha_hor
chr14,8213085,8215085,2000,0.368,1.942636669384276,5.5606802740468115,10.213035350948008,0.6031181356564147,1.932,1.964,0.0,0.0,0.7,alpha_hor
chr14,8217085,8219085,2000,0.3695,1.943957024322968,5.566551401937033,10.154238473408917,0.583928013158256,1.86,1.956,0.0,0.0,3.145554027557373,alpha_hor
chr14,8221085,8223085,2000,0.358,1.940597994509791,5.600608339536364,10.455583603755883,0.7100345324318701,2.124,2.132,0.0,0.0,0.4545454978942871,alpha_mono
chr14,8225085,8227085,2000,0.3585,1.9355691397385364,5.522623888407966,10.313442070251847,0.641498380652732,1.956,1.976,0.0,0.0,1.2890909576416016,alpha_mono
chr14,8229085,8231085,2000,0.356,1.9340947447583243,5.553957260452625,10.200662677535805,0.6277911502969045,1.964,1.964,0.0,0.0,1.1738086910247802,alpha_mono
chr14,8233085,8235085,2000,0.4725,1.6796071629747138,4.3566064522305386,9.10193259415825,0.4879774006674628,1.62,1.512,0.0,0.0,2.2809522485733034,hsat
chr14,8237085,8239085,2000,0.4175,1.800520606548261,4.6784481262284885,9.737177364257636,0.5482892142331043,1.74,1.692,0.0,0.0,0.0,hsat
chr14,8241085,8243085,2000,0.406,1.722801509984387,4.415941000324276,9.28447842438086,0.4989431849521249,1.648,1.528,0.0,0.0,0.0,hsat
chr14,8245085,8247085,2000,0.4255,1.7482369625696683,4.554291218598523,9.442911262822124,0.5400648760196077,1.744,1.656,0.0,0.0,0.0,hsat
chr14,8249085,8251085,2000,0.394,1.8142091967215837,4.581208756014113,9.50139042285215,0.504426077094456,1.68,1.592,0.0,0.0,1.745,hsat
chr14,8253085,8255085,2000,0.379,1.7967482683587828,4.59961263611974,9.659517131369322,0.5455477681619388,1.756,1.624,0.0,0.0,1.1769234080314637,hsat
chr14,8257085,8259085,2000,0.387,1.8050001954705792,4.652816802162482,9.575539550445832,0.5318405378061112,1.716,1.568,0.0,0.0,0.517857345342636,hsat
chr14,8261085,8263085,2000,0.382,1.785164463786738,4.570978819019962,9.342029191338693,0.4742701703116352,1.576,1.496,0.0,0.0,0.4423078167438507,hsat
chr14,8265085,8267085,2000,0.3835,1.8287560375440368,4.79016987172836,9.897467064449495,0.5894109053005872,1.864,1.688,0.0,0.0,1.0294871156215668,hsat
chr14,8269085,8271085,2000,0.381,1.8089652787356785,4.625778022926681,9.60237211797645,0.5373234299484422,1.728,1.632,0.0,0.0,1.0807695622444151,hsat
chr14,8273085,8275085,2000,0.384,1.8033256231161217,4.5393376634983005,9.290883789155266,0.4989431849521249,1.66,1.568,0.0,0.0,0.0,hsat
chr14,8277085,8279085,2000,0.384,1.8103748241625703,4.644551381143755,9.587996388056151,0.5400648760196077,1.748,1.604,0.0,0.0,6.482216601371765,hsat
chr14,8281085,8283085,2000,0.3825,1.7940625510724042,4.6723516999390275,9.754330945396092,0.5592549985177664,1.792,1.668,0.0,0.0,1.755,hsat
chr14,8285085,8287085,2000,0.3835,1.8052866794098803,4.571625641072462,9.40690102005042,0.4989431849521249,1.656,1.536,0.0,0.0,1.756665373325348,hsat
chr14,8289085,8291085,2000,0.3865,1.8362546306719447,4.732834667293105,9.679944249323375,0.5702207828024285,1.8,1.66,0.0,0.0,3.269471405029297,hsat
chr14,8293085,8295085,2000,0.385,1.8098274695929355,4.622167635077648,9.438517646519728,0.5071675231656215,1.656,1.56,0.0,0.0,2.3554471881389616,hsat
chr14,8297085,8299085,2000,0.4155,1.782491512768815,4.693695025838207,9.66995978390018,0.5674793367312629,1.82,1.7,0.0,0.0,0.4412501955032348,hsat
chr14,8301085,8303085,2000,0.477,1.6978190145931604,4.430102876294391,8.964237997698467,0.4824945085251318,1.616,1.544,0.0,0.0,0.0,hsat
chr14,8305085,8307085,2000,0.4555,1.7425698316248204,4.547214047128638,8.964719774141377,0.4797530624539662,1.58,1.532,0.0,0.0,0.2588233985900879,hsat
chr14,8309085,8311085,2000,0.468,1.714213731975918,4.394334719346054,8.670868555209687,0.4495971556711455,1.488,1.424,0.0,0.0,0.7678574430942535,hsat
chr14,8313085,8315085,2000,0.466,1.7076407057145373,4.3639296520481645,8.632060197768622,0.4550800478134765,1.5,1.42,0.0,0.0,1.5692295684814452,hsat
chr14,8317085,8319085,2000,0.353,1.9344083951643083,5.719648331440763,10.947693599614608,0.9348331102674428,2.688,2.436,0.0,0.0,0.4490909099578857,non_satellite
chr14,8321085,8323085,2000,0.424,1.9801247353241151,5.806877544672155,10.95654266517965,0.9375745563386084,2.716,2.48,0.0,0.225,1.06666828250885,non_satellite
chr14,8325085,8327085,2000,0.3835,1.928164152845248,5.517818036918147,10.659705132738129,0.8416239438478151,2.432,2.264,0.0,0.0,0.125,non_satellite
chr14,8329085,8331085,2000,0.3315,1.9077624837869047,5.654070544835669,10.950708674991493,0.9375745563386084,2.656,2.42,0.0,0.0,0.785,non_satellite
chr14,8333085,8335085,2000,0.343,1.9261486435974993,5.685209498226482,10.95654266517965,0.9320916641962772,2.644,2.46,0.0,0.475,0.0,non_satellite
chr14,8337085,8339085,2000,0.493,1.998983681431546,5.8424825575694355,10.915696327232345,0.9156429877692842,2.588,2.456,0.0,0.0,0.0,non_satellite
chr14,8341085,8343085,2000,0.324,1.9082155981304996,5.6342336580079015,10.955537640054022,0.951281786694436,2.68,2.472,0.0,0.275,0.4181818580627441,non_satellite
chr14,8345085,8347085,2000,0.3475,1.91666765122023,5.6662426457265385,10.95654266517965,0.9348331102674428,2.656,2.432,0.0,0.45,0.6285707931518555,non_satellite
chr14,8349085,8351085,2000,0.3155,1.8986888647904716,5.62549032516343,10.95654266517965,0.9238673259827808,2.664,2.444,0.0,0.6,3.3943433799743654,non_satellite
chr14,8353085,8355085,2000,0.305,1.8582017147408316,5.517787798090715,10.954532614928391,0.9074186495557875,2.636,2.452,0.0,0.425,0.761110363483429,non_satellite
chr14,8357085,8359085,2000,0.3225,1.905836436672358,5.639562044903594,10.953527589802766,0.940316002409774,2.66,2.46,0.0,0.075,1.6888872299194335,non_satellite
chr14,8361085,8363085,2000,0.394,1.965141270032854,5.793854461476238,10.95754769030528,0.951281786694436,2.68,2.464,0.0,0.525,0.0,non_satellite
chr14,8365085,8367085,2000,0.297,1.8214587352171296,5.388532591489991,10.874130604878143,0.8717798506306359,2.552,2.376,0.0,0.0,0.0,non_satellite
chr14,8369085,8371085,2000,0.497,1.9940581278984104,5.763599569763617,10.949507489300252,0.9348331102674428,2.668,2.428,0.0,0.0,2.488331434249878,non_satellite
chr14,8373085,8375085,2000,0.4125,1.9662539965618873,5.717535367907458,10.869364887101169,0.9101600956269532,2.58,2.424,0.0,0.0,0.7966666502952575,non_satellite
chr14,8377085,8379085,2000,0.4955,1.999442088612832,5.794081828848244,10.95754769030528,0.9375745563386084,2.664,2.444,0.0,0.6,4.7583310904502865,non_satellite
chr14,8381085,8383085,2000,0.528,1.9925702280715352,5.696536803561661,10.799878406672024,0.8224338213496565,2.448,2.296,0.0,0.0,0.0,other_sat
chr14,8385085,8387085,2000,0.4835,1.9988554634723137,5.894108557977691,10.942092972967508,0.9540232327656016,2.696,2.488,0.0,0.0,0.475,non_satellite
chr14,8389085,8391085,2000,0.3385,1.9189560700248376,5.64178109695123,10.95754769030528,0.9266087720539464,2.628,2.496,0.0,0.75,0.6833326621055603,non_satellite
chr14,8393085,8395085,2000,0.4725,1.9957584972806104,5.8226077028562315,10.949507489300252,0.945798894552105,2.664,2.444,0.0,0.0,3.511107662200928,non_satellite
chr14,8397085,8399085,2000,0.3745,1.944589065134284,5.698853076077381,10.932368938377724,0.9238673259827808,2.704,2.468,0.0,0.0,1.0111101179122923,non_satellite
chr14,8401085,8403085,2000,0.321,1.9039283545617305,5.623004503520729,10.955537640054022,0.9375745563386084,2.672,2.452,0.0,0.325,0.0,non_satellite
chr14,8405085,8407085,2000,0.338,1.9178047579466788,5.67399964227572,10.953527589802766,0.9348331102674428,2.704,2.408,0.0,0.05,0.55,non_satellite
chr14,8409085,8411085,2000,0.342,1.9261055253386783,5.674213118967911,10.945487388797748,0.9348331102674428,2.64,2.464,0.0,0.0,0.0,non_satellite
chr14,8413085,8415085,2000,0.3315,1.915936856272533,5.634497284089828,10.952522564677135,0.9293502181251118,2.636,2.46,0.0,0.075,0.0,non_satellite
chr14,8417085,8419085,2000,0.3625,1.942484093616044,5.713713148192576,10.939457238043971,0.9266087720539464,2.704,2.468,0.0,0.0,1.0494436640739442,non_satellite
chr14,8421085,8423085,2000,0.3455,1.878911275295559,5.525596715036084,10.787065784044827,0.8772627427729669,2.572,2.352,0.0,0.0,0.4892859055995941,non_satellite
chr14,8425085,8427085,2000,0.3465,1.928771464897332,5.673624781331578,10.954532614928397,0.9348331102674428,2.716,2.412,0.0,0.15,1.0880511717796326,non_satellite
chr14,8429085,8431085,2000,0.3665,1.9453099078903104,5.733619830142773,10.93119665417576,0.9430574484809394,2.672,2.484,0.0,0.0,1.0035709297657014,non_satellite
chr14,8433085,8435085,2000,0.6635,1.819099026934648,4.987517157435616,10.051329432309904,0.6140839199410768,1.892,1.896,0.0,0.0,0.4166668653488159,other_sat
chr14,8437085,8439085,2000,0.337,1.8402899542788345,4.992300724019465,9.61120381446894,0.6661713952932218,1.956,1.916,0.0,0.0,0.6124997663497925,non_satellite
chr14,8441085,8443085,2000,0.343,1.909765734421563,5.651745909398927,10.922371810908295,0.9266087720539464,2.648,2.452,0.0,0.0,0.0,non_satellite
chr14,8445085,8447085,2000,0.2995,1.8772952492664308,5.555256353433857,10.95754769030528,0.9183844338404498,2.628,2.4,0.0,0.825,0.0,non_satellite
chr14,8449085,8451085,2000,0.3225,1.889317857602667,5.598573557115939,10.94649241392337,0.9129015416981188,2.648,2.436,0.0,0.0,0.0,non_satellite
chr14,8453085,8455085,2000,0.3385,1.9183193211546228,5.657701109963752,10.95654266517965,0.9238673259827808,2.66,2.468,0.0,0.4,1.2222210216522216,non_satellite
chr14,8457085,8459085,2000,0.356,1.9376018195928768,5.722628452411905,10.95113819909816,0.951281786694436,2.64,2.424,0.0,0.0,1.9086364793777464,non_satellite
chr14,8461085,8463085,2000,0.3885,1.960407830961764,5.767189203434039,10.95654266517965,0.9293502181251118,2.656,2.42,0.0,0.3,3.5426269562244417,non_satellite
chr14,8465085,8467085,2000,0.372,1.9475908594881344,5.663776695067922,10.782472312320875,0.8827456349152979,2.54,2.372,0.0,0.0,3.1866660289764406,non_satellite
chr14,8469085,8471085,2000,0.317,1.899925302610835,5.610139324561717,10.9467387581423,0.9156429877692842,2.592,2.432,0.0,0.0,1.0083341603279117,non_satellite
chr14,8473085,8475085,2000,0.333,1.9145621235714791,5.633783622883895,10.95654266517965,0.9211258799116152,2.66,2.424,0.0,0.6,1.1117106080055237,non_satellite
chr14,8477085,8479085,2000,0.4975,1.9692296218617396,5.694959439314822,10.419129639952718,0.8169509292073254,2.388,2.248,0.0,0.0,3.7956563770771026,non_satellite
chr14,8481085,8483085,2000,0.4275,1.98048462924626,5.807204263494073,10.94774378326793,0.9540232327656016,2.72,2.5,0.0,0.0,0.7107145636081695,non_satellite
chr14,8485085,8487085,2000,0.4545,1.9935953349745987,5.802251458538069,10.951138199098164,0.945798894552105,2.676,2.416,0.0,0.0,0.458333158493042,non_satellite
chr14,8489085,8491085,2000,0.43,1.9854172627886657,5.845726365964946,10.940708607388531,0.9649890170502636,2.736,2.424,0.0,0.0,0.0,non_satellite
chr14,8493085,8495085,2000,0.3695,1.9394626166257556,5.734932273357662,10.93582945867268,0.945798894552105,2.7,2.464,0.0,0.0,2.485,non_satellite
chr14,8497085,8499085,2000,0.3295,1.9133728313089708,5.663302884775988,10.94146728829523,0.9238673259827808,2.672,2.496,0.0,0.025,3.596150564908981,non_satellite
chr14,8501085,8503085,2000,0.363,1.944813056064826,5.741228118670921,10.92988002697565,0.9266087720539464,2.7,2.42,0.0,0.0,0.0,non_satellite
chr14,8505085,8507085,2000,0.4175,1.978809840938906,5.811386061085773,10.94372368276542,0.9320916641962772,2.68,2.496,0.0,0.0,2.4272434413433075,non_satellite
chr14,8509085,8511085,2000,0.407,1.9727692537026411,5.770002976863427,10.89269409732741,0.9320916641962772,2.664,2.468,0.0,0.0,1.2235421085357665,non_satellite
chr14,8513085,8515085,2000,0.379,1.9472736941978708,5.725009032338819,10.894253596346388,0.9211258799116152,2.612,2.432,0.0,0.0,0.0,non_satellite
chr14,8517085,8519085,2000,0.4885,1.957143886845008,5.775261037141214,10.95754769030528,0.9430574484809394,2.688,2.472,0.0,0.65,0.0,non_satellite
chr14,8521085,8523085,2000,0.4015,1.9321456963231547,5.661877764137149,10.95754769030528,0.9485403406232704,2.672,2.436,0.0,0.7,0.4666662082672119,non_satellite
chr14,8525085,8527085,2000,0.4285,1.984487906131812,5.783201344584205,10.950133173972535,0.9485403406232704,2.656,2.444,0.0,0.0,5.244995704174042,non_satellite
chr14,8529085,8531085,2000,0.2825,1.8547344908465415,5.486425499453658,10.95051251442588,0.89371141919996,2.612,2.404,0.0,0.05,1.09375,non_satellite
chr14,8533085,8535085,2000,0.2865,1.8613125940024704,5.480897531191492,10.846776005453073,0.888228527057629,2.516,2.34,0.0,0.0,0.43,non_satellite
chr14,8537085,8539085,2000,0.3105,1.8106113314110095,4.9838061212721145,9.86234675935406,0.6442398267238976,1.964,1.948,0.0,0.0,1.5944428782463074,non_satellite
chr14,8541085,8543085,2000,0.589,1.9385709444292352,5.378188683228382,10.715977093493343,0.8032436988514978,2.324,2.156,0.0,0.0,3.994545750617981,non_satellite
chr14,8545085,8547085,2000,0.5105,1.9761048950710811,5.780136536776559,10.947497439049,0.9211258799116152,2.652,2.484,0.0,0.0,2.720833396911621,non_satellite
chr14,8549085,8551085,2000,0.3395,1.924101510180011,5.662129699778487,10.95151753955151,0.945798894552105,2.688,2.432,0.0,0.0,1.6583327007293702,non_satellite
chr14,8553085,8555085,2000,0.3715,1.950735653872622,5.727690532355667,10.927510284520958,0.9129015416981188,2.664,2.424,0.0,0.0,0.0,non_satellite
chr14,8557085,8559085,2000,0.345,1.9198905555169703,5.65640432154751,10.888106902436135,0.9156429877692842,2.62,2.452,0.0,0.0,0.508636384010315,non_satellite
chr14,8561085,8563085,2000,0.3245,1.904296366469173,5.630746994876447,10.953527589802766,0.9156429877692842,2.66,2.472,0.0,0.125,1.1125,non_satellite
chr14,8565085,8567085,2000,0.32,1.9011228832147375,5.62743423683528,10.95654266517965,0.9211258799116152,2.644,2.468,0.0,0.325,1.91,non_satellite
chr14,8569085,8571085,2000,0.3065,1.8884885455881752,5.580831670675106,10.95754769030528,0.9183844338404498,2.628,2.464,0.0,0.9,4.577381085395813,non_satellite
chr14,8573085,8575085,2000,0.3335,1.9152516268436963,5.6458254642094134,10.950512514425885,0.9320916641962772,2.684,2.456,0.0,0.025,1.6857125816345215,non_satellite
chr14,8577085,8579085,2000,0.368,1.9463330046599228,5.7090037678112875,10.95654266517965,0.9485403406232704,2.64,2.452,0.0,0.4,2.3416714010238646,non_satellite
chr14,8581085,8583085,2000,0.3305,1.8748490478409192,5.532500440236649,10.92190161142611,0.89371141919996,2.576,2.396,0.0,0.0,0.0,non_satellite
chr14,8585085,8587085,2000,0.33,1.9144805811483272,5.6604151506374745,10.953527589802768,0.9375745563386084,2.68,2.432,0.0,0.0,0.0,non_satellite
chr14,8589085,8591085,2000,0.383,1.916349997119582,5.625344218809469,10.949753833519184,0.9211258799116152,2.676,2.412,0.0,0.025,0.81875,non_satellite
chr14,8593085,8595085,2000,0.332,1.9096975476404203,5.615626429697183,10.95654266517965,0.945798894552105,2.656,2.452,0.0,0.65,0.9958325638771056,non_satellite
chr14,8597085,8599085,2000,0.3515,1.9337326314866103,5.682150025679125,10.951517539551514,0.9375745563386084,2.664,2.456,0.0,0.0,1.0208329076766969,non_satellite
chr14,8601085,8603085,2000,0.4075,1.9732616049198852,5.781892486436913,10.945879709928962,0.9540232327656016,2.688,2.456,0.0,0.0,0.695,non_satellite
chr14,8605085,8607085,2000,0.4915,1.9682408041070272,5.696860247388293,10.563807198743056,0.7977608067091668,2.332,2.272,0.0,0.0,1.70625,non_satellite
chr14,8609085,8611085,2000,0.352,1.9318583043670223,5.659216542539024,10.950512514425885,0.9266087720539464,2.668,2.448,0.0,0.0,0.0,non_satellite
chr14,8613085,8615085,2000,0.3405,1.9015024822109272,5.591521329465002,10.954532614928397,0.9211258799116152,2.68,2.448,0.0,0.25,0.8055547642707824,non_satellite
chr14,8617085,8619085,2000,0.348,1.9297555111012377,5.688283186382473,10.955537640054022,0.940316002409774,2.648,2.444,0.0,0.175,4.704957786083221,non_satellite
chr14,8621085,8623085,2000,0.311,1.8807074444182132,5.557142554682332,10.947118098595649,0.9183844338404498,2.616,2.42,0.0,0.0,0.0,non_satellite
chr14,8625085,8627085,2000,0.358,1.936643040169828,5.7112254910501274,10.947497439048997,0.9430574484809394,2.656,2.472,0.0,0.0,1.4875,non_satellite
chr14,8629085,8631085,2000,0.3475,1.925009150709877,5.6642672511154375,10.95654266517965,0.945798894552105,2.672,2.428,0.0,0.375,1.3538465347290038,non_satellite
chr14,8633085,8635085,2000,0.3275,1.909606954402913,5.6379796218540585,10.931284040804536,0.9238673259827808,2.628,2.424,0.0,0.0,2.075,non_satellite
chr14,8637085,8639085,2000,0.3145,1.8964507416726455,5.612593928032183,10.95654266517965,0.9375745563386084,2.652,2.424,0.0,0.475,0.0,non_satellite
chr14,8641085,8643085,2000,0.3185,1.8757021445451492,5.552543476039616,10.856411355726353,0.8854870809864634,2.564,2.4,0.0,0.0,0.0,non_satellite
chr14,8645085,8647085,2000,0.3065,1.7569919343225608,4.61030682070197,9.12210355281457,0.5674793367312629,1.768,1.712,0.0,0.0,2.1071407270431517,non_satellite
chr14,8649085,8651085,2000,0.657,1.867145326217165,5.2785036592131895,10.429696753496884,0.751156223499353,2.176,2.116,0.0,0.0,1.3375,other_sat
chr14,8653085,8655085,2000,0.367,1.9469293972770476,5.736577553229513,10.914169540095504,0.9348331102674428,2.676,2.46,0.0,0.0,0.06,non_satellite
chr14,8657085,8659085,2000,0.3625,1.9410313106353525,5.716270912701182,10.953527589802768,0.956764678836767,2.708,2.496,0.0,0.175,1.300002628326416,non_satellite
chr14,8661085,8663085,2000,0.3475,1.8835730664721164,5.534633367466533,10.807835840118518,0.8964528652711256,2.584,2.36,0.0,0.0,4.683342802047729,non_satellite
chr14,8665085,8667085,2000,0.352,1.929810836223168,5.682918431220105,10.954532614928397,0.9211258799116152,2.656,2.48,0.0,0.1,3.220243609428406,non_satellite
chr14,8669085,8671085,2000,0.341,1.9257490060274596,5.668986077798021,10.946113073470023,0.9348331102674428,2.684,2.464,0.0,0.0,10.468343613624572,non_satellite
chr14,8673085,8675085,2000,0.328,1.9123062182244976,5.643179315714022,10.949507489300256,0.9238673259827808,2.656,2.472,0.0,0.0,2.572319731712341,non_satellite
chr14,8677085,8679085,2000,0.3915,1.949515981995935,5.75812011829201,10.931151044570118,0.9293502181251118,2.656,2.428,0.0,0.0,1.578569832801819,non_satellite
chr14,8681085,8683085,2000,0.3585,1.9377202446505315,5.698114329112258,10.954153274475049,0.9320916641962772,2.66,2.5,0.0,0.05,0.5888883104324341,non_satellite
chr14,8685085,8687085,2000,0.348,1.9196811922709145,5.65446587106673,10.869836374562963,0.9101600956269532,2.592,2.416,0.0,0.0,0.64,non_satellite
chr14,8689085,8691085,2000,0.498,1.9972471452485911,5.759097434623854,10.95754769030528,0.951281786694436,2.66,2.424,0.0,0.6,4.296666257381439,non_satellite
chr14,8693085,8695085,2000,0.3675,1.943906477637476,5.705382677981882,10.95654266517965,0.9430574484809394,2.668,2.468,0.0,0.275,2.5990384056568145,non_satellite
chr14,8697085,8699085,2000,0.3455,1.9290075948261975,5.6832848739366195,10.930804333044543,0.9183844338404498,2.644,2.464,0.0,0.0,1.246154257059097,non_satellite
chr14,8701085,8703085,2000,0.556,1.985555056392688,5.5833504938881715,10.807740001836988,0.7922779145668357,2.348,2.22,0.0,0.0,0.3035715472698211,other_sat
chr14,8705085,8707085,2000,0.455,1.9738571376858347,5.770076325408281,10.949507489300252,0.940316002409774,2.664,2.48,0.0,0.0,6.958637303829193,non_satellite
chr14,8709085,8711085,2000,0.507,1.9989423089309624,5.786272784079476,10.954532614928397,0.9348331102674428,2.668,2.444,0.0,0.05,2.3614588737487794,non_satellite
chr14,8713085,8715085,2000,0.514,1.9873433262093312,5.764026373675932,10.954532614928397,0.940316002409774,2.656,2.428,0.0,0.125,1.059091010093689,non_satellite
chr14,8717085,8719085,2000,0.4075,1.96869577884558,5.806297564438411,10.955537640054024,0.945798894552105,2.696,2.496,0.0,0.15,0.8181818962097168,non_satellite
chr14,8721085,8723085,2000,0.507,1.9393388478012232,5.547751861790439,10.586949248263268,0.762122007784015,2.256,2.216,0.0,0.0,3.4243038311004637,other_sat
chr14,8725085,8727085,2000,0.341,1.917794315631422,5.659115349383164,10.945487388797742,0.9266087720539464,2.648,2.396,0.0,0.0,0.0,non_satellite
chr14,8729085,8731085,2000,0.347,1.924511988031194,5.680201847977113,10.95754769030528,0.9485403406232704,2.692,2.452,0.0,0.475,0.0,non_satellite
chr14,8733085,8735085,2000,0.3325,1.9153936007911931,5.65865615090333,10.954532614928397,0.9293502181251118,2.66,2.416,0.0,0.1,1.49,non_satellite
chr14,8737085,8739085,2000,0.3485,1.9326114112527029,5.69120477300429,10.953527589802768,0.9101600956269532,2.644,2.468,0.0,0.05,4.541664981842041,non_satellite
chr14,8741085,8743085,2000,0.3245,1.8970180898381943,5.6206958385093815,10.884799873234677,0.9101600956269532,2.572,2.436,0.0,0.0,0.0,non_satellite
chr14,8745085,8747085,2000,0.3035,1.8588694502978709,5.291450208270584,10.152264768372312,0.762122007784015,2.232,2.128,0.0,0.0,0.0,non_satellite
chr14,8749085,8751085,2000,0.556,1.9734517887600256,5.739377692898802,10.716343431745477,0.8717798506306359,2.492,2.336,0.0,0.0,1.9222203340530395,non_satellite
chr14,8753085,8755085,2000,0.333,1.9137679390829687,5.642565952323808,10.954532614928397,0.9320916641962772,2.66,2.484,0.0,0.175,0.8,non_satellite
chr14,8757085,8759085,2000,0.3305,1.9152238458639832,5.659707703408051,10.92935386300084,0.9266087720539464,2.648,2.476,0.0,0.0,1.8049235343933103,non_satellite
chr14,8761085,8763085,2000,0.368,1.947744436136154,5.745782769805211,10.935858615200388,0.945798894552105,2.676,2.432,0.0,0.0,0.8333325147628784,non_satellite
chr14,8765085,8767085,2000,0.351,1.9307022296271383,5.715503357460715,10.954532614928397,0.9348331102674428,2.668,2.44,0.0,0.075,0.53,non_satellite
chr14,8769085,8771085,2000,0.3265,1.9105204388694108,5.657167022104946,10.94166344886084,0.9129015416981188,2.604,2.424,0.0,0.0,0.0,non_satellite
chr14,8773085,8775085,2000,0.468,1.706777903301102,4.388086718538477,8.681432164940178,0.4633043860269731,1.492,1.452,0.0,0.0,0.6285707931518555,hsat
chr14,8777085,8779085,2000,0.4525,1.7688641548137107,4.634989236085059,9.258202662641368,0.5153918613791181,1.62,1.568,0.0,0.0,1.3055542731285097,hsat
chr14,8781085,8783085,2000,0.4695,1.727560724984222,4.548977517697441,9.081344192345078,0.509908969236787,1.712,1.576,0.0,0.0,1.145,hsat
chr14,8785085,8787085,2000,0.4535,1.7302631508392212,4.5043402400940264,8.930345924878761,0.4770116163828007,1.564,1.456,0.0,0.0,0.0,hsat
chr14,8789085,8791085,2000,0.447,1.7284512235687337,4.571172761014837,9.303730987388288,0.5318405378061112,1.712,1.64,0.0,0.0,0.5045455026626587,hsat
chr14,8793085,8795085,2000,0.4035,1.7681882500205062,4.650898215355658,9.62702291795372,0.5400648760196077,1.748,1.7,0.0,0.0,1.0244508850574494,hsat
chr14,8797085,8799085,2000,0.38,1.822893411348304,4.685104006851035,9.7061989187877,0.5263576456637802,1.72,1.576,0.0,0.0,0.380714453458786,hsat
chr14,8801085,8803085,2000,0.3815,1.806112310681979,4.537451563429505,9.266022267708848,0.4934602928097938,1.676,1.54,0.0,0.0,1.215554715156555,hsat
chr14,8805085,8807085,2000,0.384,1.8121016294788923,4.601554953369539,9.523426777438772,0.5373234299484422,1.724,1.64,0.0,0.0,1.2045455694198608,hsat
chr14,8809085,8811085,2000,0.386,1.803228000393424,4.589065011828206,9.416106964515782,0.4962017388809594,1.592,1.544,0.0,0.0,1.3027765717506408,hsat
chr14,8813085,8815085,2000,0.378,1.8203559779148737,4.690810044110079,9.781944135007777,0.5757036749447595,1.836,1.644,0.0,0.0,0.64375,hsat
chr14,8817085,8819085,2000,0.383,1.808976372686747,4.6716030230830174,9.53871012894708,0.5181333074502835,1.688,1.596,0.0,0.0,0.60625,hsat
chr14,8821085,8823085,2000,0.3755,1.8082589812843184,4.561366960683309,9.536377059720852,0.504426077094456,1.668,1.572,0.0,0.0,0.6375,hsat
chr14,8825085,8827085,2000,0.3815,1.814790541706413,4.596332999376768,9.532286412536532,0.5318405378061112,1.768,1.652,0.0,0.0,0.7214278421401977,hsat
chr14,8829085,8831085,2000,0.3855,1.810762465042714,4.57133003816111,9.36883806032932,0.5153918613791181,1.668,1.544,0.0,0.0,1.3,hsat
chr14,8833085,8835085,2000,0.3735,1.8208182768256485,4.71124750948535,9.740431379956624,0.5318405378061112,1.748,1.664,0.0,0.0,1.5910705404281615,hsat
chr14,8837085,8839085,2000,0.3825,1.805594727399132,4.613764292852463,9.590881502802423,0.5126504153079525,1.692,1.592,0.0,0.0,0.0,hsat
chr14,8841085,8843085,2000,0.388,1.814656287604966,4.61769269743837,9.524164617442148,0.504426077094456,1.676,1.588,0.0,0.0,0.6272727870941162,hsat
chr14,8845085,8847085,2000,0.378,1.7985914703905133,4.6219137628218325,9.739996456983588,0.5345819838772767,1.788,1.668,0.0,0.0,1.612499384880066,hsat
chr14,8849085,8851085,2000,0.386,1.8035099041812184,4.605663853041745,9.527457624346845,0.5236161995926146,1.708,1.572,0.0,0.0,0.8909091758728027,hsat
chr14,8853085,8855085,2000,0.3765,1.8071469364438464,4.585150538101687,9.357268438172833,0.5181333074502835,1.692,1.56,0.0,0.0,1.3811351742744449,hsat
chr14,8857085,8859085,2000,0.4055,1.7839622734695195,4.698138243837809,9.941205557147736,0.5894109053005872,1.84,1.744,0.0,0.0,1.303571938276291,hsat
chr14,8861085,8863085,2000,0.422,1.7466355595040477,4.495503386137446,9.393850433416334,0.5208747535214491,1.68,1.584,0.0,0.0,0.3874998521804809,hsat
chr14,8865085,8867085,2000,0.4515,1.686973764942291,4.434138099127881,9.378900756968466,0.4989431849521249,1.652,1.568,0.0,0.0,1.3125,hsat
chr14,8869085,8871085,2000,0.4315,1.7423963059451384,4.527281571289445,9.42751563947484,0.5236161995926146,1.652,1.568,0.0,0.0,0.0,hsat
chr14,8873085,8875085,2000,0.431,1.719492677887508,4.428592249453442,9.180363182593032,0.4934602928097938,1.628,1.516,0.0,0.0,1.367647560596466,hsat
chr14,8877085,8879085,2000,0.439,1.7507878590957504,4.521314585334044,9.44145215687187,0.5181333074502835,1.68,1.632,0.0,0.0,2.237417757987976,hsat
chr14,8881085,8883085,2000,0.3985,1.9507964838439928,5.646051996246258,10.541198863816122,0.7758292381398426,2.316,2.24,0.0,0.0,2.2391994419097903,alpha_mono
chr14,8885085,8887085,2000,0.3555,1.9349057349486831,5.556142452491873,10.27769890219236,0.6743957335067183,2.036,1.992,0.0,0.0,5.810437928915023,alpha_mono
chr14,8889085,8891085,2000,0.357,1.9321409776286096,5.521946957372657,10.394980639832063,0.6634299492220562,2.068,2.036,0.0,0.0,2.5458323621749877,alpha_mono
chr14,8893085,8895085,2000,0.3575,1.9308205245324568,5.525023476375215,10.121188174442654,0.6058595817275803,1.932,1.916,0.0,0.0,1.8708326196670533,alpha_mono
chr14,8897085,8899085,2000,0.3615,1.9380330496341789,5.542324175992941,10.312614077816814,0.6579470570797251,2.032,1.992,0.0,0.0,9.534441535949709,alpha_mono
chr14,8901085,8903085,2000,0.361,1.9389067692156268,5.599923888420478,10.375194025643555,0.6716542874355528,2.1,2.048,0.0,0.0,3.0312494597434996,alpha_mono
chr14,8905085,8907085,2000,0.364,1.943340823706213,5.559039770114958,10.1982320853645,0.6442398267238976,1.972,1.936,0.0,0.0,4.613030241012574,alpha_mono
chr14,8909085,8911085,2000,0.355,1.9329537511175083,5.510308851908662,10.08742617161857,0.6031181356564147,1.92,1.908,0.0,0.0,0.98125,alpha_mono
chr14,8913085,8915085,2000,0.367,1.9425146277908312,5.528543492431095,10.13104320087223,0.6003766895852493,1.884,1.892,0.0,0.0,3.0499977407455443,alpha_mono
chr14,8917085,8919085,2000,0.3695,1.9470716736279827,5.623301988515932,10.470984665040254,0.7100345324318701,2.168,2.164,0.0,0.0,1.231348708152771,alpha_mono
chr14,8921085,8923085,2000,0.3775,1.8865165711520095,5.543036903733716,10.95654266517965,0.9156429877692842,2.612,2.436,0.0,0.825,1.43,alpha_mono
chr14,8925085,8927085,2000,0.361,1.9390095755037493,5.527477025345343,10.147410816750476,0.6031181356564147,1.912,1.916,0.0,0.0,1.2544870297908783,alpha_mono
chr14,8929085,8931085,2000,0.356,1.9360345049560133,5.533624282491581,10.125964336236358,0.6031181356564147,1.872,1.852,0.0,0.0,1.022727370262146,alpha_mono
chr14,8933085,8935085,2000,0.3455,1.926221994006223,5.4830319157077785,10.254506160600595,0.6579470570797251,2.04,1.952,0.0,0.0,0.9846153302192688,alpha_mono
chr14,8937085,8939085,2000,0.363,1.941562573604415,5.534048475712512,10.144931391436552,0.5866694592294216,1.864,1.908,0.0,0.0,2.07929144525528,alpha_mono
chr14,8941085,8943085,2000,0.36,1.9379261842542472,5.5873361941599455,10.268097468826452,0.641498380652732,2.036,1.928,0.0,0.0,0.8863637208938598,alpha_mono
chr14,8945085,8947085,2000,0.3565,1.933788994832574,5.522006310856369,10.19876189953973,0.6305325963680699,1.98,1.956,0.0,0.0,0.0,alpha_mono
chr14,8949085,8951085,2000,0.3585,1.9349861431064637,5.527857081974467,10.174035863431564,0.6195668120834079,1.892,1.924,0.0,0.0,3.1448715982437134,alpha_mono
chr14,8953085,8955085,2000,0.362,1.9386408747991164,5.570997730641398,10.178175098933234,0.5976352435140837,1.944,1.924,0.0,0.0,3.5422773542404173,alpha_mono
chr14,8957085,8959085,2000,0.375,1.900468699101994,5.570327315192453,10.95754769030528,0.9074186495557875,2.648,2.412,0.0,0.95,0.0,alpha_mono
chr14,8961085,8963085,2000,0.409,1.973245902598528,5.736348292501684,10.471687873597316,0.7374489931435253,2.2,2.144,0.0,0.0,1.905,alpha_mono
chr14,8965085,8967085,2000,0.362,1.9405613931077768,5.522629374088804,10.162598051424316,0.6031181356564147,1.888,1.896,0.0,0.0,0.2222220039367675,alpha_mono
chr14,8969085,8971085,2000,0.3595,1.9400658866032785,5.542058460791762,10.167709018896806,0.6086010277987458,1.884,1.88,0.0,0.0,1.344443123817444,alpha_mono
chr14,8973085,8975085,2000,0.3625,1.943668793769374,5.539249681100738,10.163315891046782,0.6086010277987458,1.928,1.888,0.0,0.0,3.37483664727211,alpha_mono
chr14,8977085,8979085,2000,0.3605,1.9414196954146303,5.535344906540282,10.196369086856649,0.636015488510401,1.964,1.904,0.0,0.0,1.3208329620361328,alpha_mono
chr14,8981085,8983085,2000,0.353,1.935026618081165,5.520922643851021,10.203174758594006,0.6086010277987458,1.928,1.924,0.0,0.0,0.7821426622867584,alpha_mono
chr14,8985085,8987085,2000,0.3615,1.936974441057156,5.532728689026398,10.19715483076669,0.5894109053005872,1.856,1.928,0.0,0.0,2.8318663246631623,alpha_mono
chr14,8989085,8991085,2000,0.3635,1.9392864383512691,5.572291031973564,10.176284987000438,0.6223082581545734,1.964,1.94,0.0,0.0,0.5249997997283935,alpha_mono
chr14,8993085,8995085,2000,0.362,1.939977769775745,5.552616314812641,10.172472371637584,0.6058595817275803,1.964,1.928,0.0,0.0,0.0,alpha_mono
chr14,8997085,8999085,2000,0.363,1.9388336379837572,5.535576908651912,10.137635954921446,0.6058595817275803,1.912,1.948,0.0,0.0,0.9428561897277832,alpha_mono
chr14,9001085,9003085,2000,0.3585,1.9375542008315227,5.578458856024786,10.31105697636682,0.6716542874355528,2.072,1.988,0.0,0.0,0.4772727727890015,alpha_mono
chr14,9005085,9007085,2000,0.458,1.9842134155463405,5.797814050556236,10.694625554579073,0.8142094831361599,2.428,2.364,0.0,0.0,1.165,alpha_mono
chr14,9009085,9011085,2000,0.379,1.9124209976352895,5.6160350955134,10.955537640054022,0.9129015416981188,2.672,2.408,0.0,0.55,0.5708331155776978,alpha_mono
chr14,9013085,9015085,2000,0.3585,1.9373963607139464,5.558576965887207,10.247510945448065,0.6332740424392355,1.964,1.924,0.0,0.0,0.5454545974731445,alpha_mono
chr14,9017085,9019085,2000,0.3675,1.9449554072338795,5.537725108140518,10.24461478398011,0.6277911502969045,1.988,1.972,0.0,0.0,0.0,alpha_mono
chr14,9021085,9023085,2000,0.366,1.94365546524883,5.523587058986282,10.011495123063971,0.5647378906600974,1.828,1.84,0.0,0.0,3.3625010986328125,alpha_mono
chr14,9025085,9027085,2000,0.3545,1.9333867620026908,5.5753030011704,10.301768468769566,0.6853615177913804,2.096,2.012,0.0,0.0,3.845,alpha_mono
chr14,9029085,9031085,2000,0.3585,1.936196344866686,5.559445871836409,10.23625493445286,0.636015488510401,1.996,1.944,0.0,0.0,2.271426275253296,alpha_mono
chr14,9033085,9035085,2000,0.3635,1.9354810941187024,5.52013307734283,10.20905261932966,0.636015488510401,1.964,1.956,0.0,0.0,0.0,alpha_mono
chr14,9037085,9039085,2000,0.3625,1.9401054684869463,5.590658551323208,10.472270125142668,0.7072930863607045,2.144,2.088,0.0,0.0,0.0,alpha_mono
chr14,9041085,9043085,2000,0.351,1.9343205255023297,5.571359887474052,10.488952261039271,0.693585856004877,2.096,2.1,0.0,0.0,0.9833323674201966,alpha_mono
chr14,9045085,9047085,2000,0.3595,1.939458579070838,5.666826560665895,10.781077363633,0.8662969584883048,2.468,2.376,0.0,0.0,3.999996070861816,alpha_mono
chr14,9049085,9051085,2000,0.35,1.9297077861869072,5.610555396039151,10.58811218504622,0.751156223499353,2.304,2.212,0.0,0.0,0.0,alpha_mono
chr14,9053085,9055085,2000,0.3595,1.934738950316717,5.500373449916249,10.183183771483456,0.6003766895852493,1.92,1.94,0.0,0.0,0.555555009841919,alpha_mono
chr14,9057085,9059085,2000,0.3795,1.9403000958072816,5.670807867883705,10.79449149531609,0.8690384045594703,2.536,2.356,0.0,0.0,0.0,alpha_mono
chr14,9061085,9063085,2000,0.467,1.6674505799895107,4.23743866932491,8.63808604565696,0.4413728174576489,1.448,1.396,0.0,0.0,0.58,hsat
chr14,9065085,9067085,2000,0.453,1.709995014110902,4.465892307322909,9.32460441933011,0.5153918613791181,1.676,1.584,0.0,0.0,0.8871210622787475,hsat
chr14,9069085,9071085,2000,0.458,1.7449034882076768,4.612756215435889,9.44209758827654,0.5510306603042698,1.756,1.672,0.0,0.0,1.5272728729248046,hsat
chr14,9073085,9075085,2000,0.4525,1.745290120033834,4.616679409279052,9.32639280856552,0.5208747535214491,1.688,1.636,0.0,0.0,4.811106385231018,hsat
chr14,9077085,9079085,2000,0.459,1.7383195897514616,4.5416474488787335,9.08112221701042,0.5126504153079525,1.672,1.568,0.0,0.0,4.39,hsat
chr14,9081085,9083085,2000,0.457,1.7179223731892512,4.460844926099399,9.228083850173231,0.4989431849521249,1.648,1.532,0.0,0.0,0.7083347654342651,hsat
chr14,9085085,9087085,2000,0.4615,1.6463921873744216,4.089953559410528,7.865201633704862,0.3234906363975315,1.128,1.124,0.0,0.0,2.840970088481903,hsat
chr14,9089085,9091085,2000,0.456,1.7411075139161778,4.506112186632943,9.06822744962547,0.4715287242404697,1.588,1.532,0.0,0.0,1.6785697317123414,hsat
chr14,9093085,9095085,2000,0.469,1.7382035093441557,4.606480377502201,9.312653780537516,0.5263576456637802,1.72,1.636,0.0,0.0,0.585,hsat
chr14,9097085,9099085,2000,0.459,1.7488840278657345,4.6017160205206284,9.350080206248329,0.5126504153079525,1.692,1.636,0.0,0.0,2.193749545097351,hsat
chr14,9101085,9103085,2000,0.455,1.6920740229227,4.370113888612752,8.94294466657967,0.4578214938846421,1.524,1.42,0.0,0.0,0.7944436640739441,hsat
chr14,9105085,9107085,2000,0.455,1.7269143898421486,4.524626676670811,9.200055590902366,0.509908969236787,1.684,1.556,0.0,0.0,3.923885461807251,hsat
chr14,9109085,9111085,2000,0.4515,1.719969806861929,4.442086736396695,9.396881237631831,0.5181333074502835,1.64,1.592,0.0,0.0,1.2381424431800845,hsat
chr14,9113085,9115085,2000,0.4645,1.6928496992847433,4.368253278890922,8.965634920044273,0.4824945085251318,1.576,1.48,0.0,0.0,0.7090909767150879,hsat
chr14,9117085,9119085,2000,0.464,1.674673404377976,4.313986609441059,8.992991108873966,0.4824945085251318,1.612,1.516,0.0,0.0,1.9701939568519593,hsat
chr14,9121085,9123085,2000,0.4625,1.7358522291386052,4.587325432069271,9.229128262710232,0.5345819838772767,1.704,1.588,0.0,0.0,2.2009079699516296,hsat
chr14,9125085,9127085,2000,0.458,1.7079412858738152,4.45040475394969,9.144396431915052,0.4852359545962973,1.6,1.532,0.0,0.0,0.4041665124893188,hsat
chr14,9129085,9131085,2000,0.451,1.7094189293293156,4.489041044379176,9.19282910144092,0.5236161995926146,1.7,1.624,0.0,0.0,2.2631863203048708,hsat
chr14,9133085,9135085,2000,0.4655,1.7230361967134016,4.538829735980207,9.328519901914376,0.504426077094456,1.684,1.616,0.0,0.0,1.8418504428863525,hsat
chr14,9137085,9139085,2000,0.4595,1.7100947142908878,4.419738960343171,8.917669377672395,0.4742701703116352,1.54,1.496,0.0,0.0,2.7464270317554473,hsat
chr14,9141085,9143085,2000,0.47,1.684517114135344,4.411579401622321,9.197132684829109,0.5071675231656215,1.66,1.584,0.0,0.0,1.8663233966827393,hsat
chr14,9145085,9147085,2000,0.4655,1.704219329237065,4.4626626184305955,9.118061330782773,0.4879774006674628,1.624,1.584,0.0,0.0,1.6326795024871823,hsat
chr14,9149085,9151085,2000,0.4695,1.6826193037277102,4.406352602121347,9.180698020516155,0.5016846310232904,1.628,1.56,0.0,0.0,1.0453300533294678,hsat
chr14,9153085,9155085,2000,0.4675,1.701040447083193,4.4351409971397695,8.91917583960693,0.4824945085251318,1.592,1.484,0.0,0.0,2.804998155593872,hsat
chr14,9157085,9159085,2000,0.4575,1.6955953131002448,4.430009854118703,9.211769658808354,0.504426077094456,1.624,1.524,0.0,0.0,0.0,hsat
chr14,9161085,9163085,2000,0.465,1.7179215531502054,4.548810329366398,9.228675797881596,0.5153918613791181,1.656,1.612,0.0,0.0,0.9250016679763794,hsat
chr14,9165085,9167085,2000,0.4555,1.693520483862888,4.40776618391916,9.089048639494347,0.4824945085251318,1.576,1.516,0.0,0.0,0.4777773084640503,hsat
chr14,9169085,9171085,2000,0.457,1.6921374264953428,4.38553290063294,9.116531391216364,0.4879774006674628,1.604,1.536,0.0,0.0,1.8763636779785156,hsat
chr14,9173085,9175085,2000,0.4645,1.7015580846757346,4.440506869710806,9.13436728374588,0.5290990917349456,1.684,1.584,0.0,0.0,0.3923078026771545,hsat
chr14,9177085,9179085,2000,0.456,1.703441892789162,4.4493428506914965,9.28557869672767,0.5126504153079525,1.684,1.592,0.0,0.0,2.469231463909149,hsat
chr14,9181085,9183085,2000,0.4665,1.688433637002812,4.399522500022548,9.101256578314588,0.504426077094456,1.644,1.544,0.0,0.0,0.996875,hsat
chr14,9185085,9187085,2000,0.457,1.7030580043043746,4.415402120327894,8.957788478946213,0.4989431849521249,1.624,1.52,0.0,0.0,2.01508861374855,hsat
chr14,9189085,9191085,2000,0.4585,1.6948761288330032,4.434614895132329,9.061758658578366,0.4824945085251318,1.616,1.548,0.0,0.0,1.3380958013534543,hsat
chr14,9193085,9195085,2000,0.468,1.6882652188040226,4.434241935070513,9.319273470595878,0.5236161995926146,1.696,1.584,0.0,0.0,3.2689593601226807,hsat
chr14,9197085,9199085,2000,0.468,1.6981099940306204,4.432839937066514,9.124260013234036,0.5236161995926146,1.668,1.584,0.0,0.0,1.7446853938102722,hsat
chr14,9201085,9203085,2000,0.46,1.689116983663496,4.411950132660123,9.283982865865717,0.504426077094456,1.656,1.564,0.0,0.0,0.742058708190918,hsat
chr14,9205085,9207085,2000,0.452,1.749889309811196,4.609737915518049,9.177691010164311,0.509908969236787,1.64,1.588,0.0,0.0,2.0647432482242585,hsat
chr14,9209085,9211085,2000,0.456,1.7640477361090032,4.658214724781984,9.285685747726822,0.4989431849521249,1.6,1.58,0.0,0.0,2.085,hsat
chr14,9213085,9215085,2000,0.464,1.7347940200183,4.472794255084338,8.833537735286162,0.4660458320981386,1.576,1.488,0.0,0.0,0.3874998521804809,hsat
chr14,9217085,9219085,2000,0.3535,1.9320042771116963,5.543690951092215,10.131059565279594,0.572962228873594,1.816,1.904,0.0,0.0,0.75,alpha_mono
chr14,9221085,9223085,2000,0.457,1.9849148187025525,5.713170997399188,10.640438472206329,0.7593805617128495,2.26,2.232,0.0,0.0,5.835907861709595,alpha_mono
chr14,9225085,9227085,2000,0.3635,1.9383915092087256,5.538783592924025,10.133543763082642,0.5894109053005872,1.872,1.912,0.0,0.0,0.9244437623023988,alpha_mono
chr14,9229085,9231085,2000,0.3665,1.9446751785247225,5.5173756454191025,10.02828308087224,0.5976352435140837,1.876,1.828,0.0,0.0,0.8211111001968384,alpha_mono
chr14,9233085,9235085,2000,0.3525,1.9334612997033744,5.530489424680975,10.092941809205875,0.6086010277987458,1.88,1.884,0.0,0.0,0.835,alpha_mono
chr14,9237085,9239085,2000,0.3645,1.9426450512104072,5.535529324651282,10.192269368944997,0.6086010277987458,1.892,1.932,0.0,0.0,2.2125,alpha_mono
chr14,9241085,9243085,2000,0.3715,1.9490008388732476,5.576451773779261,10.214609098201157,0.6195668120834079,1.968,1.96,0.0,0.0,1.9833373432159425,alpha_mono
chr14,9245085,9247085,2000,0.353,1.931545664614544,5.529435615140544,10.095471167761518,0.5921523513717527,1.876,1.916,0.0,0.0,0.4755552062988281,alpha_mono
chr14,9249085,9251085,2000,0.376,1.947249590637509,5.708070341098746,10.785579265419846,0.8443653899189807,2.472,2.38,0.0,0.0,0.6500000619888305,alpha_mono
chr14,9253085,9255085,2000,0.359,1.9377902403572305,5.553207577693556,10.21401742133238,0.6387569345815666,1.98,1.964,0.0,0.0,3.145138506889343,alpha_mono
chr14,9257085,9259085,2000,0.3675,1.9436521224429,5.582359927443526,10.299094561642615,0.6223082581545734,1.956,2.008,0.0,0.0,1.2333358268737793,alpha_mono
chr14,9261085,9263085,2000,0.379,1.951917768302261,5.607571686373928,10.27489701601545,0.6277911502969045,1.956,2.06,0.0,0.0,1.5750031843185426,alpha_mono
chr14,9265085,9267085,2000,0.359,1.936445661818858,5.576852014047372,10.345693456072688,0.6606885031508907,2.044,2.032,0.0,0.0,1.613095401763916,alpha_mono
chr14,9269085,9271085,2000,0.365,1.941505612690489,5.5494691247190575,10.31173414061378,0.6497227188662286,2.02,1.972,0.0,0.0,2.125504515647888,alpha_mono
chr14,9273085,9275085,2000,0.36,1.938775293775398,5.545800615100445,10.233948937602063,0.6250497042257389,1.948,1.92,0.0,0.0,1.571250591278076,alpha_mono
chr14,9277085,9279085,2000,0.4565,1.7290196241649454,4.517539658579153,9.065195092416651,0.509908969236787,1.64,1.524,0.0,0.0,5.413354498386383,hsat
chr14,9281085,9283085,2000,0.473,1.7041161942590064,4.459478033635381,9.142670820944886,0.5071675231656215,1.656,1.56,0.0,0.0,2.951665337562561,hsat
chr14,9285085,9287085,2000,0.454,1.7110299591568547,4.519775139339062,9.2088864965112,0.5236161995926146,1.676,1.552,0.0,0.0,0.5200002479553223,hsat
chr14,9289085,9291085,2000,0.3755,1.9370854407254416,5.682056737108203,10.862789687777507,0.8553311742036427,2.524,2.404,0.0,0.0,1.2750004985332488,alpha_mono
chr14,9293085,9295085,2000,0.3605,1.940230833620624,5.558739815264175,10.28388828776438,0.636015488510401,1.984,1.968,0.0,0.0,0.3538462533950806,alpha_mono
chr14,9297085,9299085,2000,0.362,1.9369497351888736,5.545983863311526,10.331960473470367,0.6552056110085597,2.04,1.972,0.0,0.0,1.053846450328827,alpha_mono
chr14,9301085,9303085,2000,0.353,1.932177137554987,5.514552897035676,10.310318498166223,0.6305325963680699,1.952,1.932,0.0,0.0,3.178330451965332,alpha_mono
chr14,9305085,9307085,2000,0.365,1.9399818165098792,5.674091968072023,10.85789755838378,0.8772627427729669,2.516,2.396,0.0,0.0,1.4874994325637818,alpha_mono
chr14,9309085,9311085,2000,0.3525,1.935421947521332,5.596203274963274,10.472767304673846,0.6661713952932218,2.064,2.088,0.0,0.0,0.5633336019515991,alpha_mono
chr14,9313085,9315085,2000,0.3635,1.9371920525137123,5.588387272811039,10.478731976481798,0.704551640289539,2.156,2.104,0.0,0.0,1.0932694771289826,alpha_mono
chr14,9317085,9319085,2000,0.357,1.9330243900037265,5.523456153574907,10.079934939480236,0.5702207828024285,1.848,1.88,0.0,0.0,0.0,alpha_mono
chr14,9321085,9323085,2000,0.3705,1.9479835306199864,5.6778669925719125,10.515149273808715,0.7593805617128495,2.244,2.208,0.0,0.0,0.5749997806549072,alpha_mono
chr14,9325085,9327085,2000,0.367,1.9423650248102649,5.550273883049237,10.192199126437728,0.641498380652732,1.992,1.96,0.0,0.0,1.8037873792648316,alpha_mono
chr14,9329085,9331085,2000,0.3745,1.948043223569254,5.657156213238547,10.423038530768556,0.7182588706453666,2.18,2.144,0.0,0.0,3.589745936393738,alpha_mono
chr14,9333085,9335085,2000,0.3565,1.9383307773231069,5.5262900521874485,10.249660305039573,0.6387569345815666,2.0,1.968,0.0,0.0,2.546970426559448,alpha_mono
chr14,9337085,9339085,2000,0.3545,1.935093142410397,5.534072286633804,10.12128542953169,0.6277911502969045,1.944,1.888,0.0,0.0,2.6076897096633913,alpha_mono
chr14,9341085,9343085,2000,0.3605,1.937066037033693,5.560047604146547,10.192804415678692,0.6332740424392355,1.968,1.904,0.0,0.0,2.240984778404236,alpha_mono
chr14,9345085,9347085,2000,0.377,1.9084956637532968,5.615844197749121,10.95654266517965,0.9238673259827808,2.604,2.384,0.0,0.55,0.0,alpha_mono
chr14,9349085,9351085,2000,0.4415,1.9890670241356825,5.77687525782934,10.73250033323079,0.8333996056343186,2.424,2.356,0.0,0.0,1.2488633441925048,alpha_mono
chr14,9353085,9355085,2000,0.361,1.9396696870190009,5.556887915363649,10.227052401119604,0.6223082581545734,1.9,1.956,0.0,0.0,3.1040909814834596,alpha_mono
chr14,9357085,9359085,2000,0.389,1.9543497500253997,5.594685372968508,10.271545812221916,0.6497227188662286,2.052,2.024,0.0,0.0,0.3943180465698242,alpha_mono
chr14,9361085,9363085,2000,0.3755,1.951604519040084,5.734154595679969,10.95654266517965,0.9320916641962772,2.64,2.464,0.0,0.45,1.6576927740573884,alpha_mono
chr14,9365085,9367085,2000,0.3685,1.949485850405976,5.623183359067667,10.463726652590877,0.6661713952932218,2.0,2.128,0.0,0.0,3.2356072721481324,alpha_mono
chr14,9369085,9371085,2000,0.3715,1.9472313043725311,5.573908795820882,10.05591847545655,0.5565135524466008,1.78,1.872,0.0,0.0,2.0419632387161255,alpha_mono
chr14,9373085,9375085,2000,0.3835,1.9299736543735968,5.663719417792541,10.94448236367212,0.9211258799116152,2.648,2.432,0.0,0.0,0.4777773084640503,alpha_mono
chr14,9377085,9379085,2000,0.3575,1.9363667168219387,5.53775164498851,10.112430709371624,0.5921523513717527,1.888,1.876,0.0,0.0,1.2181819343566895,alpha_mono
chr14,9381085,9383085,2000,0.3725,1.947861307647053,5.557117326072954,10.049979161675047,0.5921523513717527,1.876,1.844,0.0,0.0,0.9011905159950256,alpha_mono
chr14,9385085,9387085,2000,0.364,1.939257275157057,5.49746355671118,10.166219357497315,0.6223082581545734,1.936,1.884,0.0,0.0,3.4946067457199095,alpha_mono
chr14,9389085,9391085,2000,0.3645,1.94105068405984,5.544731858381433,10.200661879932795,0.6140839199410768,1.912,1.912,0.0,0.0,0.871875,alpha_mono
chr14,9393085,9395085,2000,0.366,1.9449106712854227,5.580441946001325,10.16836733249686,0.6250497042257389,1.94,1.92,0.0,0.0,0.0,alpha_mono
chr14,9397085,9399085,2000,0.3655,1.9443263094048433,5.542377923259181,10.151662430416485,0.6003766895852493,1.92,1.912,0.0,0.0,2.173397845029831,alpha_mono
chr14,9401085,9403085,2000,0.3565,1.9336017969489552,5.534769706559031,10.208616982107143,0.6606885031508907,1.988,1.972,0.0,0.0,1.0222212181091308,alpha_mono
chr14,9405085,9407085,2000,0.3685,1.9445812534958016,5.647712152232302,10.500393551162787,0.7538976695705184,2.276,2.168,0.0,0.0,0.0,alpha_mono
chr14,9409085,9411085,2000,0.369,1.947873345796276,5.625936087412715,10.42236723649062,0.7264832088588632,2.2,2.16,0.0,0.0,0.0,alpha_mono
chr14,9413085,9415085,2000,0.3745,1.9125902533799275,5.622773406962045,10.944482363672114,0.9266087720539464,2.692,2.452,0.0,0.0,3.8749979276657105,non_satellite
chr14,9417085,9419085,2000,0.381,1.9122826084223017,5.6213462417897,10.95252256467714,0.9348331102674428,2.688,2.42,0.0,0.125,0.2142854976654052,non_satellite
chr14,9421085,9423085,2000,0.374,1.896029751904991,5.575990550862194,10.954532614928391,0.9238673259827808,2.636,2.392,0.0,0.425,0.0,non_satellite
chr14,9425085,9427085,2000,0.433,1.9571970894442736,5.775993267428327,10.95151753955151,0.945798894552105,2.692,2.448,0.0,0.025,2.446704011678696,non_satellite
chr14,9429085,9431085,2000,0.404,1.9701686409486203,5.7840129922649695,10.83323094216166,0.9183844338404498,2.596,2.42,0.0,0.0,1.005625138282776,non_satellite
chr14,9433085,9435085,2000,0.3965,1.9507474292358045,5.723235677876617,10.95654266517965,0.9430574484809394,2.708,2.428,0.0,0.325,1.4821434366703032,non_satellite
chr14,9437085,9439085,2000,0.358,1.9398310533069616,5.678480630144731,10.95654266517965,0.9485403406232704,2.664,2.46,0.0,0.475,1.2734847395420077,non_satellite
chr14,9441085,9443085,2000,0.4485,1.990390953782878,5.830197535552682,10.839270547137128,0.9074186495557875,2.636,2.456,0.0,0.0,4.08,non_satellite
chr14,9445085,9447085,2000,0.3885,1.8900701488008833,5.476311742038426,10.700515732233688,0.8690384045594703,2.508,2.3,0.0,0.0,0.0,non_satellite
chr14,9449085,9451085,2000,0.3925,1.96421455753227,5.7679909817336785,10.95654266517965,0.962247570979098,2.724,2.464,0.0,0.25,0.9636364555358888,non_satellite
chr14,9453085,9455085,2000,0.355,1.9333541338287008,5.679056900040452,10.95754769030528,0.9375745563386084,2.664,2.472,0.0,0.85,5.375,non_satellite
chr14,9457085,9459085,2000,0.4575,1.9942948723709273,5.845793875806951,10.95754769030528,0.9649890170502636,2.712,2.512,0.0,0.475,1.8000033388137815,non_satellite
chr14,9461085,9463085,2000,0.3755,1.9416319333805223,5.679448647404223,10.95252256467714,0.9375745563386084,2.696,2.472,0.0,0.075,0.0,non_satellite
chr14,9465085,9467085,2000,0.3195,1.8648036865483464,5.501136883916857,10.953527589802766,0.904677203484622,2.592,2.416,0.0,0.425,0.4796704771518707,non_satellite
chr14,9469085,9471085,2000,0.346,1.9286392070806664,5.706223995160857,10.925367238035276,0.9320916641962772,2.676,2.46,0.0,0.0,2.1269223434925077,non_satellite
chr14,9473085,9475085,2000,0.3565,1.9358204625655604,5.701891477524312,10.955537640054024,0.9485403406232704,2.704,2.472,0.0,0.35,0.3500000984668732,non_satellite
chr14,9477085,9479085,2000,0.362,1.9409519060989864,5.737680293484334,10.958552715430908,0.9540232327656016,2.696,2.468,0.0,1.0,3.9039173691272735,non_satellite
chr14,9481085,9483085,2000,0.3595,1.9135586259319417,5.638711880450915,10.92230197900507,0.9375745563386084,2.656,2.436,0.0,0.0,1.25833376455307,non_satellite
chr14,9485085,9487085,2000,0.361,1.9185394375641691,5.655964634647198,10.95754769030528,0.9266087720539464,2.656,2.44,0.0,0.725,0.9622919034957884,non_satellite
chr14,9489085,9491085,2000,0.331,1.9150598596089023,5.6629429508834015,10.953527589802766,0.9211258799116152,2.66,2.456,0.0,0.025,0.0,non_satellite
chr14,9493085,9495085,2000,0.3515,1.934431698658437,5.731870487660763,10.950512514425885,0.9375745563386084,2.644,2.444,0.0,0.0,1.048063892364502,non_satellite
chr14,9497085,9499085,2000,0.3855,1.9614167694898423,5.765162598478747,10.955537640054022,0.945798894552105,2.676,2.444,0.0,0.1,1.4952658298015595,non_satellite
chr14,9501085,9503085,2000,0.444,1.9902143652606925,5.843916838732498,10.95654266517965,0.940316002409774,2.7,2.456,0.0,0.175,1.895,non_satellite
chr14,9505085,9507085,2000,0.3545,1.9192221603364823,5.661664237232209,10.932422062164587,0.9074186495557875,2.632,2.444,0.0,0.0,4.533650659561157,non_satellite
chr14,9509085,9511085,2000,0.425,1.9595399922173404,5.726899142305378,10.857158525726998,0.8745212967018013,2.544,2.432,0.0,0.0,0.631818242073059,non_satellite
chr14,9513085,9515085,2000,0.369,1.9118692457459217,5.641569413362686,10.944482363672115,0.9348331102674428,2.644,2.456,0.0,0.0,0.49,non_satellite
chr14,9517085,9519085,2000,0.473,1.991518854232916,5.796169086215873,10.921366785782686,0.945798894552105,2.656,2.488,0.0,0.0,2.528569703578949,non_satellite
chr14,9521085,9523085,2000,0.4325,1.9863076352183269,5.820417610761557,10.7011764486508,0.8416239438478151,2.464,2.356,0.0,0.0,4.487946487426758,non_satellite
chr14,9525085,9527085,2000,0.476,1.8364455420420769,4.940964280799936,10.375345568480276,0.7210003167165322,2.176,2.076,0.0,0.0,1.9583333492279056,non_satellite
chr14,9529085,9531085,2000,0.4145,1.9778843384128335,5.83937555455708,10.90768875515511,0.945798894552105,2.668,2.5,0.0,0.0,1.0323524193763731,non_satellite
chr14,9533085,9535085,2000,0.561,1.9782383015928269,5.762592002637423,10.95252256467714,0.9293502181251118,2.66,2.46,0.0,0.05,1.09375,bsat
chr14,9537085,9539085,2000,0.5145,1.9779138950634527,5.844648441504841,10.91533663502892,0.951281786694436,2.636,2.512,0.0,0.0,1.288887622833252,non_satellite
chr14,9541085,9543085,2000,0.372,1.9404500882814495,5.693097459032896,10.95754769030528,0.9348331102674428,2.676,2.428,0.0,0.55,0.950699492931366,non_satellite
chr14,9545085,9547085,2000,0.4075,1.9743257932462597,5.821540894611556,10.94850246417463,0.951281786694436,2.704,2.46,0.0,0.0,0.6522055716514588,non_satellite
chr14,9549085,9551085,2000,0.359,1.9385640245468931,5.554598828114265,10.08657886905953,0.6058595817275803,1.896,1.896,0.0,0.0,1.6988094427585605,alpha_mono
chr14,9553085,9555085,2000,0.3625,1.9417781645547765,5.57912854789144,10.31050029917825,0.636015488510401,1.968,1.992,0.0,0.0,1.6897057232856751,alpha_mono
chr14,9557085,9559085,2000,0.364,1.943958412071817,5.545643553597557,10.052549057470332,0.578445121015925,1.856,1.86,0.0,0.0,0.3394738347530365,alpha_mono
chr14,9561085,9563085,2000,0.3665,1.9457731580395143,5.527325473960563,10.066733720725365,0.5948937974429181,1.9,1.864,0.0,0.0,0.0,alpha_mono
chr14,9565085,9567085,2000,0.4625,1.995536649997997,5.813131911081092,10.752044982974295,0.8416239438478151,2.46,2.38,0.0,0.0,1.1119483227729798,non_satellite
chr14,9569085,9571085,2000,0.3695,1.937889914836076,5.7131951674185,10.95754769030528,0.9375745563386084,2.684,2.448,0.0,0.7,0.0,non_satellite
chr14,9573085,9575085,2000,0.4215,1.9777716789465265,5.833942662170812,10.94736444281458,0.9540232327656016,2.728,2.496,0.0,0.0,0.5066669082641602,non_satellite
chr14,9577085,9579085,2000,0.393,1.9620862864165107,5.789036632599421,10.95070867499149,0.9540232327656016,2.676,2.464,0.0,0.0,1.6676186547279357,non_satellite
chr14,9581085,9583085,2000,0.3705,1.937375389089448,5.692926396938201,10.95754769030528,0.945798894552105,2.652,2.456,0.0,0.675,4.008333365440369,non_satellite
chr14,9585085,9587085,2000,0.427,1.9831125192437384,5.7885611969951825,10.95654266517965,0.940316002409774,2.64,2.504,0.0,0.175,0.8083349676132202,non_satellite
chr14,9589085,9591085,2000,0.448,1.973874599067366,5.811723454331254,10.955537640054022,0.951281786694436,2.676,2.468,0.0,0.1,0.0,non_satellite
chr14,9593085,9595085,2000,0.387,1.9174281699185736,5.616542137384573,10.95654266517965,0.9074186495557875,2.668,2.4,0.0,0.675,3.3875,non_satellite
chr14,9597085,9599085,2000,0.3925,1.9473908225140304,5.701158356364041,10.83665903451118,0.8662969584883048,2.58,2.42,0.0,0.0,0.0,non_satellite
chr14,9601085,9603085,2000,0.419,1.98012019162026,5.828506689060171,10.95754769030528,0.951281786694436,2.716,2.48,0.0,0.5,1.3083359785079955,non_satellite
chr14,9605085,9607085,2000,0.4365,1.9837435116139244,5.820819181564679,10.95754769030528,0.9677304631214292,2.748,2.484,0.0,0.6,1.94,non_satellite
chr14,9609085,9611085,2000,0.305,1.8372164956088708,5.4295773585928195,10.944103023218766,0.8991943113422911,2.548,2.408,0.0,0.05,0.0,non_satellite
chr14,9613085,9615085,2000,0.4655,1.9870957290435816,5.791581876981992,10.944482363672114,0.951281786694436,2.7,2.476,0.0,0.0,0.0,non_satellite
chr14,9617085,9619085,2000,0.47,1.9971672463964565,5.847707847054156,10.900520583041285,0.9430574484809394,2.664,2.492,0.0,0.0,0.0,non_satellite
chr14,9621085,9623085,2000,0.433,1.98244949314411,5.830692914223709,10.954532614928391,0.956764678836767,2.7,2.504,0.0,0.075,2.202221512794494,non_satellite
chr14,9625085,9627085,2000,0.42,1.9602656761692991,5.753896910883856,10.928401961662074,0.9266087720539464,2.644,2.464,0.0,0.0,0.0,non_satellite
chr14,9629085,9631085,2000,0.3785,1.9539911095288451,5.737525502401001,10.954532614928397,0.9430574484809394,2.684,2.472,0.0,0.05,1.0944433693885802,non_satellite
chr14,9633085,9635085,2000,0.3765,1.931130982270866,5.682288314061177,10.958552715430908,0.9266087720539464,2.668,2.464,0.0,1.0,0.4497620809078216,non_satellite
chr14,9637085,9639085,2000,0.445,1.9459081950706103,5.696667376392892,10.95252256467714,0.9293502181251118,2.656,2.452,0.0,0.05,1.0766671800613403,non_satellite
chr14,9641085,9643085,2000,0.532,1.9928596263040408,5.823931827594236,10.933294091055792,0.945798894552105,2.66,2.456,0.0,0.0,4.931906140804291,other_sat
chr14,9645085,9647085,2000,0.4815,1.9968800470882395,5.880587004738077,10.94209297296751,0.945798894552105,2.672,2.472,0.0,0.0,1.2166672468185424,bsat
chr14,9649085,9651085,2000,0.6085,1.9632799868068775,5.749185684105785,10.94812312372128,0.9375745563386084,2.66,2.516,0.0,0.0,2.0740119318962096,bsat
chr14,9653085,9655085,2000,0.454,1.9756147160292976,5.8377270885416435,10.91930361174456,0.9595061249079324,2.672,2.472,0.0,0.0,2.0599963908195495,non_satellite
chr14,9657085,9659085,2000,0.5095,1.9949648897371055,5.842687950744369,10.790967638605846,0.89371141919996,2.568,2.448,0.0,0.0,1.7297545528411866,non_satellite
chr14,9661085,9663085,2000,0.528,1.924101570202399,5.53173144945158,10.546573524036711,0.8471068359901461,2.44,2.256,0.0,0.0,2.579414049625397,non_satellite
chr14,9665085,9667085,2000,0.453,1.9929234220260112,5.892279946938738,10.946492413923371,0.951281786694436,2.672,2.5,0.0,0.0,1.4080057706832885,non_satellite
chr14,9669085,9671085,2000,0.4205,1.979074845338696,5.824348617575849,10.95654266517965,0.951281786694436,2.708,2.48,0.0,0.175,0.445604543685913,non_satellite
chr14,9673085,9675085,2000,0.668,1.908241757481514,5.656916550627602,10.950512514425885,0.9375745563386084,2.66,2.524,0.0,0.025,3.485987358093262,non_satellite
chr14,9677085,9679085,2000,0.6005,1.9664810110665625,5.762671602531183,10.954532614928391,0.9266087720539464,2.664,2.488,0.0,0.225,7.490528896331787,non_satellite
chr14,9681085,9683085,2000,0.3605,1.931234342888001,5.511824800135404,9.990334830883103,0.5537721063754354,1.796,1.868,0.0,0.0,0.015,alpha_mono
chr14,9685085,9687085,2000,0.365,1.942664403034716,5.498693228926709,10.01768733790927,0.5866694592294216,1.852,1.86,0.0,0.0,0.0,alpha_mono
chr14,9689085,9691085,2000,0.357,1.9341750657969643,5.5077370248203605,10.191219835861348,0.5948937974429181,1.84,1.908,0.0,0.0,3.925007935523986,alpha_mono
chr14,9693085,9695085,2000,0.3475,1.9229434958368856,5.51878274566489,10.144380389943256,0.6140839199410768,1.924,1.884,0.0,0.0,0.0,alpha_mono
chr14,9697085,9699085,2000,0.3505,1.9244644888701896,5.497753201797692,10.099503673385454,0.6086010277987458,1.916,1.904,0.0,0.0,1.8333370399475095,alpha_mono
chr14,9701085,9703085,2000,0.358,1.936070872166424,5.517744427193899,10.333897851112615,0.6497227188662286,2.04,2.016,0.0,0.0,0.0,alpha_mono
chr14,9705085,9707085,2000,0.3625,1.9392227234604524,5.519106176632102,10.017315689437469,0.572962228873594,1.82,1.828,0.0,0.0,0.0,alpha_mono
chr14,9709085,9711085,2000,0.3545,1.933317358059769,5.525155026664552,10.286114090693312,0.636015488510401,2.032,1.984,0.0,0.0,1.25,alpha_mono
chr14,9713085,9715085,2000,0.2075,1.6666433970814851,4.538963721903088,9.288713644277344,0.4550800478134765,1.504,1.476,0.0,0.0,0.0,hsat
chr14,9717085,9719085,2000,0.2265,1.696292239716284,4.6782488404926355,9.223413094184211,0.4687872781693042,1.544,1.492,0.0,0.0,0.0,hsat
chr14,9721085,9723085,2000,0.214,1.6688755374821225,4.583970640494839,9.381552192057669,0.4770116163828007,1.564,1.532,0.0,0.0,0.0,hsat
chr14,9725085,9727085,2000,0.214,1.6804312212437582,4.54926629501016,8.76677979675788,0.3755781117496765,1.304,1.392,0.0,0.0,0.0,hsat
chr14,9729085,9731085,2000,0.3775,1.9531415827252792,5.711966228429403,10.955537640054022,0.9156429877692842,2.62,2.44,0.0,0.2,0.0,alpha_mono
chr14,9733085,9735085,2000,0.3635,1.9411741908414275,5.565101539136503,10.199376497068494,0.6223082581545734,1.936,1.908,0.0,0.0,3.5416738271713255,alpha_mono
chr14,9737085,9739085,2000,0.3685,1.944835833999749,5.5691070465174874,10.02574407494658,0.5866694592294216,1.832,1.872,0.0,0.0,0.7690909433364869,alpha_mono
chr14,9741085,9743085,2000,0.3575,1.9404288640738203,5.57825624995548,10.255337818160914,0.641498380652732,1.96,2.016,0.0,0.0,3.1334718565940856,alpha_mono
chr14,9745085,9747085,2000,0.3635,1.9440584509132144,5.545710784526286,10.135288618468064,0.6277911502969045,1.972,1.936,0.0,0.0,1.40625,alpha_mono
chr14,9749085,9751085,2000,0.4085,1.9722020524368225,5.669429587596563,10.29582052155136,0.7018101942183735,2.156,2.076,0.0,0.0,1.3880967664718629,alpha_mono
chr14,9753085,9755085,2000,0.371,1.8965680629820785,5.555599850111955,10.95654266517965,0.9183844338404498,2.644,2.392,0.0,0.6,1.8,alpha_mono
chr14,9757085,9759085,2000,0.38,1.9556572808180837,5.6168095940095695,10.313303204048395,0.6442398267238976,2.012,1.988,0.0,0.0,0.4636364078521728,alpha_mono
chr14,9761085,9763085,2000,0.436,1.8927035830545955,5.245129656723899,9.870966623733937,0.6086010277987458,1.868,1.868,0.0,0.0,2.9884608371257784,hsat
chr14,9765085,9767085,2000,0.455,1.783940443089502,4.78095394847947,9.381033356983034,0.4797530624539662,1.584,1.588,0.0,0.0,0.0,hsat
chr14,9769085,9771085,2000,0.468,1.7611141996037365,4.672722571102662,9.010493176217578,0.4797530624539662,1.576,1.508,0.0,0.0,2.12062410736084,hsat
chr14,9773085,9775085,2000,0.4695,1.7501616996960547,4.577905750357049,9.221799812747747,0.4934602928097938,1.58,1.536,0.0,0.0,2.596429613828659,hsat
chr14,9777085,9779085,2000,0.4605,1.735986043009392,4.535584688780105,8.906086025128682,0.4029925724613317,1.408,1.46,0.0,0.0,2.2963640575408935,hsat
chr14,9781085,9783085,2000,0.459,1.8073328501812156,4.9368428442066215,9.71456734642818,0.5948937974429181,1.908,1.824,0.0,0.0,2.845532869338989,hsat
chr14,9785085,9787085,2000,0.369,1.9477622001058656,5.569763171821242,9.933070118440003,0.5702207828024285,1.82,1.8,0.0,0.0,0.0,alpha_mono
chr14,9789085,9791085,2000,0.3745,1.9532199906401568,5.5600191144843105,9.795490696413914,0.5263576456637802,1.692,1.732,0.0,0.0,2.0375,alpha_mono
chr14,9793085,9795085,2000,0.367,1.948077032067967,5.578596896990526,10.0872910818598,0.5976352435140837,1.908,1.876,0.0,0.0,4.083329439163208,alpha_mono
chr14,9797085,9799085,2000,0.3605,1.942461867124204,5.613746599700022,10.215498598863562,0.636015488510401,1.988,1.98,0.0,0.0,0.0,alpha_mono
chr14,9801085,9803085,2000,0.378,1.886358746262516,5.5486494162946665,10.953527589802768,0.9183844338404498,2.62,2.408,0.0,0.225,0.0,alpha_mono
chr14,9805085,9807085,2000,0.365,1.9457914048177705,5.559105286575788,10.04047411918114,0.5647378906600974,1.824,1.9,0.0,0.0,0.0,alpha_mono
chr14,9809085,9811085,2000,0.3685,1.9482107529030477,5.589678960949788,10.026956779485616,0.5757036749447595,1.844,1.864,0.0,0.0,0.0,alpha_mono
chr14,9813085,9815085,2000,0.367,1.9477450884087264,5.574960903723167,9.793322467267108,0.5071675231656215,1.636,1.78,0.0,0.0,0.0,alpha_mono
chr14,9817085,9819085,2000,0.4465,1.9822903283604496,5.768329213304137,10.871967910142574,0.8854870809864634,2.532,2.408,0.0,0.0,0.6890909576416016,alpha_mono
chr14,9821085,9823085,2000,0.3585,1.938472313406869,5.54726989053613,10.131138550994384,0.6003766895852493,1.928,1.892,0.0,0.0,0.0,alpha_mono
chr14,9825085,9827085,2000,0.3745,1.9485612381062631,5.641276258168083,10.563711590191156,0.7401904392146909,2.26,2.18,0.0,0.0,2.3545451583862307,alpha_mono
chr14,9829085,9831085,2000,0.386,1.9587303513771552,5.732364770013212,10.954532614928397,0.9293502181251118,2.672,2.448,0.0,0.075,0.6428564929962158,alpha_mono
chr14,9833085,9835085,2000,0.355,1.9309467892595151,5.5584981519998005,10.495303992098624,0.7210003167165322,2.196,2.096,0.0,0.0,2.96,alpha_mono
chr14,9837085,9839085,2000,0.365,1.9419968568416397,5.564325048293171,10.34173230031988,0.6579470570797251,2.052,2.024,0.0,0.0,2.6307674074172973,alpha_mono
chr14,9841085,9843085,2000,0.3475,1.9243830628081735,5.482597464693377,10.128500722546493,0.5894109053005872,1.864,1.884,0.0,0.0,2.4872726583480835,alpha_mono
chr14,9845085,9847085,2000,0.3505,1.9260372073874696,5.527695216739868,10.062904043239088,0.5674793367312629,1.848,1.868,0.0,0.0,1.35625,alpha_mono
chr14,9849085,9851085,2000,0.361,1.9392298022886656,5.496907476196845,10.12922335826323,0.5674793367312629,1.82,1.908,0.0,0.0,0.8875,alpha_mono
chr14,9853085,9855085,2000,0.368,1.9392682943592192,5.609688473301925,10.4991802092132,0.704551640289539,2.18,2.152,0.0,0.0,1.14375,alpha_mono
chr14,9857085,9859085,2000,0.359,1.937108358795001,5.708320711646936,10.955537640054022,0.9348331102674428,2.696,2.476,0.0,0.2,2.10625,non_satellite
chr14,9861085,9863085,2000,0.531,1.9965049674010404,5.941982575099662,10.95754769030528,0.9786962474060912,2.796,2.496,0.0,0.275,0.4888884086608887,non_satellite
chr14,9865085,9867085,2000,0.5435,1.9893862897219827,5.860416908701001,10.904161343090443,0.9320916641962772,2.644,2.468,0.0,0.0,0.0,non_satellite
chr14,9869085,9871085,2000,0.386,1.96088570982398,5.790559770232836,10.890787969737222,0.9211258799116152,2.624,2.48,0.0,0.0,0.0,non_satellite
chr14,9873085,9875085,2000,0.5185,1.969225006154625,5.804701900756272,10.887827929289427,0.9430574484809394,2.672,2.488,0.0,0.0,1.97,non_satellite
chr14,9877085,9879085,2000,0.4975,1.997010470120018,5.866877887769921,10.874778778506112,0.9238673259827808,2.656,2.44,0.0,0.0,0.0,non_satellite
chr14,9881085,9883085,2000,0.4875,1.9743962567437296,5.83256207271808,10.91067120160421,0.9183844338404498,2.644,2.484,0.0,0.0,2.2125,non_satellite
chr14,9885085,9887085,2000,0.562,1.9828981503657157,5.817769331918397,10.95176388377044,0.956764678836767,2.696,2.496,0.0,0.0,3.0662678093910216,bsat
chr14,9889085,9891085,2000,0.3935,1.96143837509092,5.778035234692774,10.94085458430082,0.9430574484809394,2.664,2.496,0.0,0.0,0.0,bsat
chr14,9893085,9895085,2000,0.5745,1.9810499335486864,5.750621421849861,10.918711402609228,0.9211258799116152,2.644,2.472,0.0,0.0,4.268749508857727,other_sat
chr14,9897085,9899085,2000,0.4385,1.97473031684378,5.775102658577242,10.955537640054022,0.945798894552105,2.64,2.484,0.0,0.225,2.4975757784843444,non_satellite
chr14,9901085,9903085,2000,0.3785,1.912051187411085,5.594822327321399,10.954532614928391,0.9129015416981188,2.656,2.412,0.0,0.175,3.0640114381313324,non_satellite
chr14,9905085,9907085,2000,0.368,1.9401310157085747,5.706750677988731,10.95754769030528,0.9293502181251118,2.656,2.44,0.0,0.775,1.0833329200744628,non_satellite
chr14,9909085,9911085,2000,0.4085,1.9406932167721804,5.678430650898276,10.884573177265668,0.888228527057629,2.592,2.408,0.0,0.0,2.405126879453659,non_satellite
chr14,9913085,9915085,2000,0.456,1.9914605749172136,5.835796303171398,10.958552715430908,0.9677304631214292,2.728,2.492,0.0,1.0,0.0,non_satellite
chr14,9917085,9919085,2000,0.514,1.9928057739819085,5.825875630809075,10.916322011904624,0.9430574484809394,2.656,2.46,0.0,0.0,0.649999342918396,non_satellite
chr14,9921085,9923085,2000,0.4045,1.964139047480165,5.724342492217447,10.9012466350202,0.9129015416981188,2.616,2.428,0.0,0.0,0.0,non_satellite
chr14,9925085,9927085,2000,0.3855,1.92247579032578,5.631565371563034,10.945108048344398,0.9156429877692842,2.652,2.424,0.0,0.0,0.0,non_satellite
chr14,9929085,9931085,2000,0.3625,1.9325267669067403,5.722493329226342,10.941467288295229,0.940316002409774,2.672,2.448,0.0,0.0,0.0,non_satellite
chr14,9933085,9935085,2000,0.439,1.988485586499855,5.814161584906475,10.958552715430908,0.9814376934772568,2.716,2.452,0.0,1.0,1.0583354730606078,non_satellite
chr14,9937085,9939085,2000,0.3845,1.959567166798126,5.746657468789341,10.884108084097674,0.9211258799116152,2.66,2.412,0.0,0.0,2.067859374046326,non_satellite
chr14,9941085,9943085,2000,0.4235,1.9764492912643452,5.805397458986021,10.865445070950932,0.9019357574134566,2.612,2.424,0.0,0.0,0.0,non_satellite
chr14,9945085,9947085,2000,0.3895,1.954328457154023,5.71144693897987,10.945487388797748,0.951281786694436,2.704,2.48,0.0,0.0,0.0,non_satellite
chr14,9949085,9951085,2000,0.4475,1.9561283607873825,5.686585055381708,10.958552715430908,0.945798894552105,2.652,2.44,0.0,1.0,1.32,non_satellite
chr14,9953085,9955085,2000,0.3655,1.9363012904601125,5.680476491854051,10.95252256467714,0.9348331102674428,2.616,2.436,0.0,0.0,1.666670036315918,non_satellite
chr14,9957085,9959085,2000,0.371,1.9508823759812208,5.7696922185016195,10.86704879275811,0.9293502181251118,2.636,2.444,0.0,0.0,0.0,non_satellite
chr14,9961085,9963085,2000,0.3685,1.9467456080611696,5.741295218482382,10.95754769030528,0.9595061249079324,2.704,2.448,0.0,0.7,0.0,non_satellite
chr14,9965085,9967085,2000,0.375,1.9158450999837,5.61520576553609,10.958552715430908,0.9348331102674428,2.656,2.388,0.0,1.0,0.73,non_satellite
chr14,9969085,9971085,2000,0.5865,1.9740712986980655,5.755592359599267,10.946492413923377,0.9320916641962772,2.616,2.532,0.0,0.0,0.0,other_sat
chr14,9973085,9975085,2000,0.544,1.98890806058364,5.8134405900649995,10.936617296107093,0.9540232327656016,2.66,2.48,0.0,0.0,0.8888880157470703,bsat
chr14,9977085,9979085,2000,0.372,1.9437758858399885,5.719092174701212,10.949128148846908,0.9293502181251118,2.656,2.5,0.0,0.0,0.7944436640739441,non_satellite
chr14,9981085,9983085,2000,0.387,1.9049342308060777,5.4253262690730635,10.743298378240242,0.8279167134919875,2.4,2.344,0.0,0.0,7.50625,non_satellite
chr14,9985085,9987085,2000,0.428,1.9842896598206683,5.716540604348476,10.052951619310983,0.6853615177913804,2.076,2.032,0.0,0.0,4.013333585739136,non_satellite
chr14,9989085,9991085,2000,0.4485,1.9851027205086311,5.804035532589802,10.95252256467714,0.9540232327656016,2.68,2.468,0.0,0.025,1.7509091472625733,non_satellite
chr14,9993085,9995085,2000,0.4145,1.9643170160984784,5.688310217503595,10.587575044788146,0.8608140663459738,2.456,2.328,0.0,0.0,5.4076349706649784,non_satellite
chr14,9997085,9999085,2000,0.3845,1.9200060973109008,5.610108795215148,10.954532614928391,0.9156429877692842,2.624,2.412,0.0,0.225,0.0,non_satellite
chr14,10001085,10003085,2000,0.355,1.9349676341275184,5.695198499608352,10.939253031030626,0.9375745563386084,2.696,2.44,0.0,0.0,2.64,non_satellite
chr14,10005085,10007085,2000,0.3135,1.8951775824720936,5.595033954505605,10.955537640054022,0.9211258799116152,2.608,2.448,0.0,0.525,0.0,non_satellite
chr14,10009085,10011085,2000,0.3505,1.92448406965528,5.672505805382623,10.955537640054024,0.9320916641962772,2.648,2.468,0.0,0.325,1.225,non_satellite
chr14,10013085,10015085,2000,0.313,1.8926005409195457,5.586720509592535,10.95252256467714,0.9320916641962772,2.664,2.484,0.0,0.05,0.0,non_satellite
chr14,10017085,10019085,2000,0.3365,1.9132287963969383,5.667199996284568,10.949753833519184,0.9375745563386084,2.688,2.48,0.0,0.025,3.95,non_satellite
chr14,10021085,10023085,2000,0.3525,1.900898130864231,5.596995922545369,10.910817178516492,0.9266087720539464,2.64,2.456,0.0,0.0,0.0,non_satellite
chr14,10025085,10027085,2000,0.3495,1.9316966983448096,5.7074108459875585,10.958552715430908,0.9540232327656016,2.696,2.432,0.0,1.0,3.1714253654479982,non_satellite
chr14,10029085,10031085,2000,0.355,1.9306670004694229,5.701214840593326,10.958552715430908,0.940316002409774,2.708,2.484,0.0,1.0,5.595138310432434,non_satellite
chr14,10033085,10035085,2000,0.345,1.9291515566936288,5.700070958563235,10.902517652614662,0.9320916641962772,2.664,2.412,0.0,0.0,1.18,non_satellite
chr14,10037085,10039085,2000,0.3245,1.8670039264151783,5.497871887972631,10.95252256467714,0.904677203484622,2.628,2.424,0.0,0.325,1.6777761297225953,non_satellite
chr14,10041085,10043085,2000,0.374,1.927538249425075,5.6505802799090254,10.95051251442588,0.9375745563386084,2.684,2.444,0.0,0.0,1.245,non_satellite
chr14,10045085,10047085,2000,0.4835,1.9988163196768616,5.861283588111551,10.958552715430908,0.9759548013349256,2.756,2.5,0.0,1.0,0.6272727870941162,non_satellite
chr14,10049085,10051085,2000,0.3935,1.962418040017253,5.757778056770263,10.95654266517965,0.9485403406232704,2.704,2.464,0.0,0.4,5.811113467693329,non_satellite
chr14,10053085,10055085,2000,0.3295,1.878331337302972,5.546385979012366,10.95654266517965,0.9074186495557875,2.628,2.388,0.0,0.85,0.6644439096450806,non_satellite
chr14,10057085,10059085,2000,0.3905,1.9622053530195305,5.789390630150639,10.958552715430908,0.951281786694436,2.7,2.44,0.0,1.0,0.0,non_satellite
chr14,10061085,10063085,2000,0.4275,1.9804135741342384,5.7991341979406545,10.95654266517965,0.9430574484809394,2.724,2.448,0.0,0.225,2.6285687713623047,non_satellite
chr14,10065085,10067085,2000,0.3985,1.95151858891137,5.717098513714311,10.95252256467714,0.9430574484809394,2.696,2.448,0.0,0.0,0.0,non_satellite
chr14,10069085,10071085,2000,0.367,1.9471440852899609,5.568274396807711,10.04704584610474,0.5948937974429181,1.856,1.86,0.0,0.0,0.0,non_satellite
chr14,10073085,10075085,2000,0.3575,1.9313434524592004,5.560022893897017,9.909411286753594,0.5373234299484422,1.736,1.8,0.0,0.0,1.100002223968506,non_satellite
chr14,10077085,10079085,2000,0.3785,1.9000201121892728,5.586451113449275,10.958552715430908,0.9266087720539464,2.644,2.432,0.0,1.0,1.5500001478195191,non_satellite
chr14,10081085,10083085,2000,0.3765,1.9486382321462945,5.655037018286573,10.25151170174529,0.6305325963680699,1.984,2.008,0.0,0.0,0.0,non_satellite
chr14,10085085,10087085,2000,0.3615,1.9391872163115085,5.6043663613241295,9.91776259151474,0.5373234299484422,1.704,1.804,0.0,0.0,0.0,non_satellite
chr14,10089085,10091085,2000,0.3695,1.9436021049819223,5.616642106972336,10.375344770877268,0.6552056110085597,2.044,2.0,0.0,0.0,1.6131873743534089,non_satellite
chr14,10093085,10095085,2000,0.377,1.9517848064101715,5.65225445694826,10.27704579433427,0.6442398267238976,2.02,2.016,0.0,0.0,0.0,alpha_hor
chr14,10097085,10099085,2000,0.383,1.955213703488219,5.624515173399191,10.01293746416468,0.5318405378061112,1.732,1.868,0.0,0.0,0.4791664838790893,alpha_hor
chr14,10101085,10103085,2000,0.3815,1.955042149055894,5.629323811690213,10.149705066990649,0.5948937974429181,1.864,1.96,0.0,0.0,1.795,alpha_hor
chr14,10105085,10107085,2000,0.388,1.960506056733631,5.653170012899863,10.150729823320551,0.6003766895852493,1.92,1.924,0.0,0.0,4.840476857185363,alpha_hor
chr14,10109085,10111085,2000,0.387,1.958509701839552,5.662381897160504,9.961423874147096,0.5318405378061112,1.676,1.828,0.0,0.0,0.92,alpha_hor
chr14,10113085,10115085,2000,0.38,1.9532748896391705,5.620807059186406,10.18844694601968,0.583928013158256,1.872,1.956,0.0,0.0,0.0,alpha_hor
chr14,10117085,10119085,2000,0.3865,1.95824648717636,5.6472495751577405,9.993663380937685,0.5373234299484422,1.712,1.828,0.0,0.0,0.0,alpha_hor
chr14,10121085,10123085,2000,0.3865,1.9577343323379532,5.650236518001342,10.10884401502357,0.5702207828024285,1.86,1.876,0.0,0.0,1.45,alpha_hor
chr14,10125085,10127085,2000,0.382,1.956047342462455,5.648513366263148,10.210976490202857,0.6086010277987458,1.92,2.004,0.0,0.0,0.0,alpha_hor
chr14,10129085,10131085,2000,0.386,1.9582370676877776,5.6638880759054375,10.137940938889171,0.5976352435140837,1.888,1.94,0.0,0.0,1.875003790855408,alpha_hor
chr14,10133085,10135085,2000,0.3815,1.955951991340004,5.647359491762896,10.177500880995169,0.5948937974429181,1.912,1.96,0.0,0.0,2.5500051555633543,alpha_hor
chr14,10137085,10139085,2000,0.39,1.961566344171024,5.6633641364654785,9.922429458996683,0.5373234299484422,1.664,1.84,0.0,0.0,0.6214279432296753,alpha_hor
chr14,10141085,10143085,2000,0.3905,1.9623762694717983,5.659106250503193,9.878805153125452,0.5016846310232904,1.596,1.82,0.0,0.0,5.2928552799224855,alpha_hor
chr14,10145085,10147085,2000,0.383,1.955504104174852,5.641680435783803,10.18130654584161,0.5866694592294216,1.884,1.912,0.0,0.0,4.059722151279449,alpha_hor
chr14,10149085,10151085,2000,0.3875,1.9589327099291325,5.649320659870305,10.098727127036032,0.5565135524466008,1.792,1.888,0.0,0.0,0.8090909862518311,alpha_hor
chr14,10153085,10155085,2000,0.3825,1.9554878186984348,5.632103867596737,10.174294933748996,0.5894109053005872,1.88,1.976,0.0,0.0,1.0884618446826937,alpha_hor
chr14,10157085,10159085,2000,0.3875,1.9599242373919463,5.66850697160067,10.152157267560256,0.5976352435140837,1.92,1.952,0.0,0.0,1.0384618306159974,alpha_hor
chr14,10161085,10163085,2000,0.3875,1.9609129819914564,5.662718969129834,9.920457984880318,0.5263576456637802,1.648,1.836,0.0,0.0,2.230303044319153,alpha_hor
chr14,10165085,10167085,2000,0.385,1.958111485877975,5.658850344069608,10.094841374827237,0.572962228873594,1.836,1.896,0.0,0.0,0.6142859544754028,alpha_hor
chr14,10169085,10171085,2000,0.382,1.957059227515075,5.665594990675033,10.209309407565302,0.5948937974429181,1.896,1.964,0.0,0.0,2.0890150117874144,alpha_hor
chr14,10173085,10175085,2000,0.385,1.957805199432861,5.658374545178544,10.144540637738505,0.583928013158256,1.864,1.944,0.0,0.0,1.2624995183944705,alpha_hor
chr14,10177085,10179085,2000,0.391,1.9612986035619695,5.675746567730308,10.01121790590795,0.5510306603042698,1.748,1.888,0.0,0.0,0.6583330821990967,alpha_hor
chr14,10181085,10183085,2000,0.3895,1.9615151274674496,5.66113985685579,9.928019198490269,0.5181333074502835,1.644,1.852,0.0,0.0,1.5772719793319705,alpha_hor
chr14,10185085,10187085,2000,0.391,1.960995893212952,5.660929879662882,9.885866290360582,0.5153918613791181,1.612,1.788,0.0,0.0,2.86634645485878,alpha_hor
chr14,10189085,10191085,2000,0.3905,1.9619100657135569,5.6476429242266155,9.946980495040805,0.5181333074502835,1.676,1.82,0.0,0.0,1.5499994087219238,alpha_hor
chr14,10193085,10195085,2000,0.387,1.959200983759675,5.6592594645921315,9.95292755026913,0.5263576456637802,1.676,1.832,0.0,0.0,1.022727370262146,alpha_hor
chr14,10197085,10199085,2000,0.3905,1.961158019323158,5.652457657957012,9.990536336452,0.5428063220907733,1.748,1.86,0.0,0.0,0.8545455074310303,alpha_hor
chr14,10201085,10203085,2000,0.3915,1.963163040907819,5.6682204977334685,9.952552783863467,0.5290990917349456,1.696,1.836,0.0,0.0,1.389102651119232,alpha_hor
chr14,10205085,10207085,2000,0.389,1.960798136691368,5.660882751286048,9.856671479711666,0.5016846310232904,1.584,1.768,0.0,0.0,0.5500001547336578,alpha_hor
chr14,10209085,10211085,2000,0.3885,1.9617145044076545,5.653079111034377,9.915472100570447,0.5236161995926146,1.652,1.804,0.0,0.0,1.533636407852173,alpha_hor
chr14,10213085,10215085,2000,0.3915,1.9631954716549609,5.668069575117054,9.882583920877268,0.5071675231656215,1.624,1.804,0.0,0.0,0.825,alpha_hor
chr14,10217085,10219085,2000,0.395,1.966059382730694,5.690984267635494,9.980167594458967,0.5373234299484422,1.736,1.876,0.0,0.0,0.9652771120071412,alpha_hor
chr14,10221085,10223085,2000,0.3935,1.964489444716245,5.687286743470552,9.9632231270511,0.5263576456637802,1.7,1.856,0.0,0.0,1.5346155660152436,alpha_hor
chr14,10225085,10227085,2000,0.3885,1.9613254672965843,5.672151072502322,9.919193336529547,0.5126504153079525,1.644,1.824,0.0,0.0,0.5346155350208283,alpha_hor
chr14,10229085,10231085,2000,0.3905,1.961462223436614,5.671226609080593,9.933068823644067,0.5181333074502835,1.66,1.828,0.0,0.0,0.0,alpha_hor
chr14,10233085,10235085,2000,0.394,1.96388214635129,5.684665027494046,9.930887195307262,0.5153918613791181,1.652,1.816,0.0,0.0,0.4923078308105468,alpha_hor
chr14,10237085,10239085,2000,0.3935,1.9632951380019203,5.68503600399529,9.945521440566605,0.5208747535214491,1.68,1.828,0.0,0.0,1.6112176756858825,alpha_hor
chr14,10241085,10243085,2000,0.391,1.96238892999372,5.660043766271013,9.938729502404758,0.5263576456637802,1.656,1.836,0.0,0.0,3.71875,alpha_hor
chr14,10245085,10247085,2000,0.392,1.962503259693408,5.669055186404659,9.90405399771092,0.509908969236787,1.632,1.792,0.0,0.0,1.1277770628929138,alpha_hor
chr14,10249085,10251085,2000,0.3905,1.9618982303753396,5.652271133283457,9.908523547798104,0.5153918613791181,1.624,1.78,0.0,0.0,0.8863637208938598,alpha_hor
chr14,10253085,10255085,2000,0.3885,1.9597976664129484,5.657838521734007,9.931502374108732,0.5318405378061112,1.668,1.82,0.0,0.0,0.0,alpha_hor
chr14,10257085,10259085,2000,0.393,1.9624105113769403,5.66235664781601,9.94977983884028,0.5153918613791181,1.676,1.816,0.0,0.0,0.428125,alpha_hor
chr14,10261085,10263085,2000,0.39,1.962472780639202,5.672248763431655,9.896907948654096,0.504426077094456,1.58,1.796,0.0,0.0,1.25511918759346,alpha_hor
chr14,10265085,10267085,2000,0.39,1.962501162466001,5.670115240823501,9.953348313279394,0.5345819838772767,1.7,1.82,0.0,0.0,1.7784102249145508,alpha_hor
chr14,10269085,10271085,2000,0.391,1.9631776638577891,5.661141129516246,9.872291767030088,0.5126504153079525,1.628,1.792,0.0,0.0,1.6495334942340851,alpha_hor
chr14,10273085,10275085,2000,0.386,1.9577304542949143,5.6604516763664945,10.204065986882052,0.6113424738699113,1.896,1.988,0.0,0.0,0.529166464805603,alpha_hor
chr14,10277085,10279085,2000,0.389,1.961203541882028,5.673061633243834,10.111279098288172,0.5894109053005872,1.896,1.928,0.0,0.0,0.0,alpha_hor
chr14,10281085,10283085,2000,0.383,1.9552668017443584,5.648146760956761,10.106184778167348,0.5866694592294216,1.864,1.956,0.0,0.0,2.4812494106292724,alpha_hor
chr14,10285085,10287085,2000,0.389,1.9625854901441384,5.657705377222155,9.934650445720012,0.5126504153079525,1.644,1.844,0.0,0.0,0.0,alpha_hor
chr14,10289085,10291085,2000,0.389,1.962128168371575,5.654610539181065,9.886679396558652,0.504426077094456,1.616,1.812,0.0,0.0,1.8055537819862368,alpha_hor
chr14,10293085,10295085,2000,0.3865,1.9597088784166523,5.660953032055437,9.935206160353168,0.5263576456637802,1.688,1.844,0.0,0.0,0.0,alpha_hor
chr14,10297085,10299085,2000,0.3865,1.9584165832639535,5.665593965131283,10.113155488077958,0.5565135524466008,1.824,1.912,0.0,0.0,1.025,alpha_hor
chr14,10301085,10303085,2000,0.3905,1.9616851761230687,5.675570769369632,10.080946815019152,0.5428063220907733,1.772,1.884,0.0,0.0,0.54375,alpha_hor
chr14,10305085,10307085,2000,0.387,1.9587490284927889,5.676662739160385,10.159476788237033,0.5894109053005872,1.852,1.972,0.0,0.0,0.0,alpha_hor
chr14,10309085,10311085,2000,0.3885,1.96007542332044,5.677030903302468,10.07291061250534,0.5592549985177664,1.796,1.924,0.0,0.0,0.8607142496109009,alpha_hor
chr14,10313085,10315085,2000,0.3905,1.9617490960130315,5.680481107999555,9.924839212599826,0.5236161995926146,1.664,1.828,0.0,0.0,0.0,alpha_hor
chr14,10317085,10319085,2000,0.391,1.9605729649356876,5.670960030913474,10.067428489163138,0.5510306603042698,1.784,1.896,0.0,0.0,0.7444437131881714,alpha_hor
chr14,10321085,10323085,2000,0.3875,1.9585292913904344,5.663771856624115,10.010768456323294,0.5537721063754354,1.732,1.872,0.0,0.0,1.11,alpha_hor
chr14,10325085,10327085,2000,0.3845,1.9569461758345372,5.639463240940124,10.073951024310167,0.578445121015925,1.816,1.924,0.0,0.0,0.7064642615318298,alpha_hor
chr14,10329085,10331085,2000,0.3895,1.960616079507121,5.673607796403143,10.085027244863326,0.5866694592294216,1.84,1.92,0.0,0.0,0.0,alpha_hor
chr14,10333085,10335085,2000,0.3885,1.960887029088758,5.642662533247163,9.945084147240266,0.5236161995926146,1.632,1.844,0.0,0.0,1.345832942008972,alpha_hor
chr14,10337085,10339085,2000,0.388,1.960209600218353,5.650624406932591,9.942724737482894,0.5153918613791181,1.672,1.816,0.0,0.0,1.3942309324741364,alpha_hor
chr14,10341085,10343085,2000,0.389,1.960122517938666,5.654206932306818,9.965067197673935,0.5126504153079525,1.7,1.816,0.0,0.0,3.566667048454285,alpha_hor
chr14,10345085,10347085,2000,0.3905,1.962919614707438,5.6698338493250455,10.013321018483271,0.5537721063754354,1.792,1.856,0.0,0.0,0.635,alpha_hor
chr14,10349085,10351085,2000,0.39,1.9630095548655493,5.661753831843922,9.911358001048672,0.5208747535214491,1.624,1.832,0.0,0.0,1.3055360102653504,alpha_hor
chr14,10353085,10355085,2000,0.3865,1.9601338912664992,5.659497094143714,9.966174185312232,0.5455477681619388,1.724,1.848,0.0,0.0,2.15,alpha_hor
chr14,10357085,10359085,2000,0.3845,1.9571693040637403,5.669157227240274,10.214971459485454,0.5948937974429181,1.848,2.0,0.0,0.0,0.59,alpha_hor
chr14,10361085,10363085,2000,0.386,1.958943929872095,5.663807203335977,10.093226480696613,0.5757036749447595,1.82,1.936,0.0,0.0,0.0,alpha_hor
chr14,10365085,10367085,2000,0.388,1.959945551038216,5.677493741847717,10.016723840943689,0.5400648760196077,1.72,1.856,0.0,0.0,0.0,alpha_hor
chr14,10369085,10371085,2000,0.391,1.9623415465446892,5.66603873152141,9.917044641165097,0.5153918613791181,1.668,1.832,0.0,0.0,0.575,alpha_hor
chr14,10373085,10375085,2000,0.389,1.9599693050005385,5.658291752761652,9.903409019254935,0.5181333074502835,1.656,1.8,0.0,0.0,0.320454568862915,alpha_hor
chr14,10377085,10379085,2000,0.391,1.962330165195899,5.653181255596814,9.903031695087847,0.5181333074502835,1.632,1.816,0.0,0.0,0.0,alpha_hor
chr14,10381085,10383085,2000,0.3885,1.9595585707291072,5.6488432179627415,9.940387623955951,0.5208747535214491,1.676,1.8,0.0,0.0,1.383331974506378,alpha_hor
chr14,10385085,10387085,2000,0.388,1.9597718141707297,5.642865936507506,9.950156725586828,0.5208747535214491,1.684,1.828,0.0,0.0,1.014284688949585,alpha_hor
chr14,10389085,10391085,2000,0.3915,1.9630249377786615,5.671012749769337,9.980084255786691,0.5318405378061112,1.72,1.848,0.0,0.0,0.6714278926849365,alpha_hor
chr14,10393085,10395085,2000,0.389,1.961686631788272,5.65899361874806,9.893632529687125,0.5153918613791181,1.652,1.808,0.0,0.0,1.5999983825683597,alpha_hor
chr14,10397085,10399085,2000,0.391,1.9633052924558907,5.66916156881322,9.901775800568675,0.5263576456637802,1.68,1.824,0.0,0.0,1.1571416873931886,alpha_hor
chr14,10401085,10403085,2000,0.3915,1.9629585507802492,5.675072677436233,9.975958000962873,0.5373234299484422,1.732,1.856,0.0,0.0,1.1928559370040894,alpha_hor
chr14,10405085,10407085,2000,0.3945,1.965016675461391,5.689034036379779,9.9828854215987,0.5510306603042698,1.764,1.872,0.0,0.0,0.0,alpha_hor
chr14,10409085,10411085,2000,0.3935,1.964024976693741,5.684870768254923,9.94533029718546,0.5236161995926146,1.692,1.844,0.0,0.0,4.281110805511474,alpha_hor
chr14,10413085,10415085,2000,0.388,1.961440220185828,5.677210368955784,9.965259498840531,0.5318405378061112,1.7,1.86,0.0,0.0,1.84999818277359,alpha_hor
chr14,10417085,10419085,2000,0.3915,1.9619734768963408,5.676255849834658,9.937222280563455,0.5428063220907733,1.74,1.82,0.0,0.0,0.92,alpha_hor
chr14,10421085,10423085,2000,0.393,1.9635209472222075,5.672420734108309,9.958275525307714,0.5345819838772767,1.712,1.84,0.0,0.0,1.7684521985054016,alpha_hor
chr14,10425085,10427085,2000,0.3915,1.961329852621665,5.679423530699364,9.908661555500784,0.5208747535214491,1.64,1.824,0.0,0.0,0.0,alpha_hor
chr14,10429085,10431085,2000,0.39,1.9610928110567036,5.66568445127375,9.93502174544188,0.5345819838772767,1.692,1.824,0.0,0.0,2.5714259719848633,alpha_hor
chr14,10433085,10435085,2000,0.3905,1.961763763082544,5.660043768473323,9.935517546097351,0.5208747535214491,1.652,1.832,0.0,0.0,2.5750020217895506,alpha_hor
chr14,10437085,10439085,2000,0.387,1.959023764439988,5.650914048104265,9.922454944682851,0.5153918613791181,1.612,1.816,0.0,0.0,0.0,alpha_hor
chr14,10441085,10443085,2000,0.388,1.9593691839562075,5.655432063415827,9.939477013213596,0.5236161995926146,1.652,1.816,0.0,0.0,0.0,alpha_hor
chr14,10445085,10447085,2000,0.3915,1.9618709328573125,5.656986526586251,9.898699792520857,0.504426077094456,1.628,1.808,0.0,0.0,0.8076387033462524,alpha_hor
chr14,10449085,10451085,2000,0.392,1.9636886842591448,5.670600566946526,9.969668746402558,0.5290990917349456,1.716,1.832,0.0,0.0,2.713886640548706,alpha_hor
chr14,10453085,10455085,2000,0.3875,1.9610516706374748,5.660241196145806,9.964527077617904,0.5290990917349456,1.692,1.856,0.0,0.0,0.9428561897277832,alpha_hor
chr14,10457085,10459085,2000,0.3915,1.9634352041817655,5.667665571113504,9.907779989966704,0.5318405378061112,1.684,1.82,0.0,0.0,0.0,alpha_hor
chr14,10461085,10463085,2000,0.392,1.9631986263632293,5.67788160646856,9.98746244970136,0.5428063220907733,1.744,1.872,0.0,0.0,0.969443811416626,alpha_hor
chr14,10465085,10467085,2000,0.392,1.964013640124632,5.6829362817094395,9.965339934952937,0.5318405378061112,1.708,1.86,0.0,0.0,0.55625,alpha_hor
chr14,10469085,10471085,2000,0.396,1.966377817476617,5.682949057271592,9.932506380541115,0.509908969236787,1.652,1.828,0.0,0.0,0.695,alpha_hor
chr14,10473085,10475085,2000,0.3925,1.9636746401257692,5.676241962908373,9.942153069046446,0.5208747535214491,1.676,1.844,0.0,0.0,0.5250002052783966,alpha_hor
chr14,10477085,10479085,2000,0.39,1.9613306382525784,5.6776022686345735,9.899066158012584,0.504426077094456,1.648,1.824,0.0,0.0,3.2291669130325316,alpha_hor
chr14,10481085,10483085,2000,0.393,1.9633454502983971,5.670727302665784,9.952029565738446,0.5290990917349456,1.688,1.832,0.0,0.0,1.8879953446388245,alpha_hor
chr14,10485085,10487085,2000,0.393,1.9625001695853328,5.667929064004068,9.94134586059024,0.5290990917349456,1.676,1.844,0.0,0.0,0.980302996635437,alpha_hor
chr14,10489085,10491085,2000,0.389,1.960730836846676,5.670137787328061,9.972113975355503,0.5455477681619388,1.74,1.828,0.0,0.0,0.7999999017715455,alpha_hor
chr14,10493085,10495085,2000,0.392,1.9621705613386464,5.670912269428594,9.881901307741522,0.5016846310232904,1.584,1.776,0.0,0.0,0.0,alpha_hor
chr14,10497085,10499085,2000,0.3905,1.9612385033065076,5.65877514229876,9.97965820979634,0.5318405378061112,1.696,1.828,0.0,0.0,1.025,alpha_hor
chr14,10501085,10503085,2000,0.39,1.9615198592472751,5.654481194455681,9.95783310347754,0.5208747535214491,1.688,1.808,0.0,0.0,0.0,alpha_hor
chr14,10505085,10507085,2000,0.392,1.9627830824176624,5.653793984470071,9.962735676887949,0.5290990917349456,1.704,1.844,0.0,0.0,2.091665868759155,alpha_hor
chr14,10509085,10511085,2000,0.3905,1.9623762694717983,5.670678705494442,9.912975369986253,0.5208747535214491,1.668,1.8,0.0,0.0,2.346363749504089,alpha_hor
chr14,10513085,10515085,2000,0.3925,1.9639392905616335,5.666283150010895,9.904204265726548,0.5318405378061112,1.652,1.808,0.0,0.0,1.707638163089752,alpha_hor
chr14,10517085,10519085,2000,0.3895,1.962136260088141,5.666951908356605,9.92566744818165,0.5263576456637802,1.676,1.824,0.0,0.0,0.0,alpha_hor
chr14,10521085,10523085,2000,0.392,1.9635937666023855,5.680450153557355,9.960537291428585,0.5318405378061112,1.704,1.848,0.0,0.0,0.0,alpha_hor
chr14,10525085,10527085,2000,0.3935,1.9648540196621969,5.673252454941978,9.917669024199787,0.5153918613791181,1.628,1.84,0.0,0.0,1.5686086773872376,alpha_hor
chr14,10529085,10531085,2000,0.392,1.9635190141274848,5.686306259282419,9.88153546834098,0.5016846310232904,1.608,1.808,0.0,0.0,1.525000476837158,alpha_hor
chr14,10533085,10535085,2000,0.3895,1.961541899856581,5.68334180651986,9.93981631570197,0.5153918613791181,1.656,1.844,0.0,0.0,2.77166285610199,alpha_hor
chr14,10537085,10539085,2000,0.3915,1.962918242755297,5.686021350850284,9.962159074221365,0.5345819838772767,1.692,1.828,0.0,0.0,3.737805860042572,alpha_hor
chr14,10541085,10543085,2000,0.3925,1.9629369377863335,5.681611537054235,9.921038670541014,0.5126504153079525,1.632,1.8,0.0,0.0,0.3233334875106811,alpha_hor
chr14,10545085,10547085,2000,0.393,1.963117610034,5.683197337083672,10.001766364991209,0.5482892142331043,1.732,1.848,0.0,0.0,2.0692297191619873,alpha_hor
chr14,10549085,10551085,2000,0.3925,1.9629369377863335,5.664982110400608,9.922543798857944,0.5263576456637802,1.672,1.832,0.0,0.0,2.8209091520309446,alpha_hor
chr14,10553085,10555085,2000,0.3885,1.9607497573581265,5.659685279256874,9.926105213009803,0.5208747535214491,1.676,1.804,0.0,0.0,4.601747102975845,alpha_hor
chr14,10557085,10559085,2000,0.389,1.960685929287291,5.657616181169438,9.872814298871493,0.5016846310232904,1.576,1.784,0.0,0.0,3.654119384765625,alpha_hor
chr14,10561085,10563085,2000,0.3895,1.9612660077734632,5.657708332481619,9.894096144551666,0.5071675231656215,1.648,1.796,0.0,0.0,2.5456256580352785,alpha_hor
chr14,10565085,10567085,2000,0.3925,1.9631726577258284,5.668757369732888,9.957525992496356,0.5236161995926146,1.716,1.824,0.0,0.0,0.0,alpha_hor
chr14,10569085,10571085,2000,0.393,1.9648254771369724,5.675944480828237,9.976078237609672,0.5263576456637802,1.712,1.832,0.0,0.0,1.834194056034088,alpha_hor
chr14,10573085,10575085,2000,0.3885,1.961846783238062,5.665592132251543,9.981168704047713,0.5400648760196077,1.704,1.852,0.0,0.0,2.9447608008384702,alpha_hor
chr14,10577085,10579085,2000,0.389,1.961714967160564,5.664711120067177,9.897921325228358,0.5208747535214491,1.644,1.804,0.0,0.0,2.0900729942321776,alpha_hor
chr14,10581085,10583085,2000,0.395,1.9654360732729552,5.6922987820343245,9.939514216189048,0.5318405378061112,1.684,1.848,0.0,0.0,0.2441175236701965,alpha_hor
chr14,10585085,10587085,2000,0.393,1.964730403096864,5.6880698986960505,9.984893351509085,0.5373234299484422,1.74,1.876,0.0,0.0,2.108935737848282,alpha_hor
chr14,10589085,10591085,2000,0.394,1.9645881782155348,5.685318869265062,9.920048635114725,0.5263576456637802,1.656,1.828,0.0,0.0,2.299998837471008,alpha_hor
chr14,10593085,10595085,2000,0.3905,1.9621939964301085,5.6771241056569535,9.947952032737875,0.5373234299484422,1.708,1.856,0.0,0.0,3.886866183757782,alpha_hor
chr14,10597085,10599085,2000,0.394,1.9638642902988777,5.6842383085635015,9.847994435369,0.5071675231656215,1.584,1.78,0.0,0.0,6.108175024986267,alpha_hor
chr14,10601085,10603085,2000,0.3905,1.961562549331372,5.673769566794519,9.927779799071462,0.5071675231656215,1.672,1.84,0.0,0.0,2.8965908336639403,alpha_hor
chr14,10605085,10607085,2000,0.393,1.962567912995587,5.677897224261811,9.972279157380912,0.5290990917349456,1.692,1.844,0.0,0.0,1.798146582365036,alpha_hor
chr14,10609085,10611085,2000,0.392,1.962550114495718,5.665012939159647,9.858829328887731,0.5126504153079525,1.624,1.788,0.0,0.0,2.8992868702411654,alpha_hor
chr14,10613085,10615085,2000,0.391,1.9620225779597809,5.677988265894577,9.942041016983271,0.5345819838772767,1.68,1.82,0.0,0.0,2.101923287153244,alpha_hor
chr14,10617085,10619085,2000,0.3905,1.9612385033065076,5.649621236027411,9.916574635956632,0.5153918613791181,1.616,1.812,0.0,0.0,0.949524224281311,alpha_hor
chr14,10621085,10623085,2000,0.3905,1.9619313690547215,5.655725079740245,9.93228390415355,0.5153918613791181,1.648,1.832,0.0,0.0,1.025735047340393,alpha_hor
chr14,10625085,10627085,2000,0.3915,1.962231149012788,5.665441829792278,9.951249497523666,0.5208747535214491,1.696,1.828,0.0,0.0,5.062148375272751,alpha_hor
chr14,10629085,10631085,2000,0.393,1.9645647942243776,5.670836810993002,10.006203030022771,0.5263576456637802,1.724,1.84,0.0,0.0,4.445511586904526,alpha_hor
chr14,10633085,10635085,2000,0.387,1.960603410967796,5.658668727451362,9.826788180241737,0.4852359545962973,1.556,1.768,0.0,0.0,4.534092009544373,alpha_hor
chr14,10637085,10639085,2000,0.3915,1.9638096589775256,5.666305370528074,9.919803442965,0.5263576456637802,1.656,1.82,0.0,0.0,2.4227535123825072,alpha_hor
chr14,10641085,10643085,2000,0.395,1.9654038802446128,5.682529792573307,9.876492427804838,0.5126504153079525,1.636,1.8,0.0,0.0,3.9601093397140503,alpha_hor
chr14,10645085,10647085,2000,0.395,1.9659010635609968,5.689253414788819,9.941641169779246,0.5318405378061112,1.7,1.852,0.0,0.0,2.0084535701274873,alpha_hor
chr14,10649085,10651085,2000,0.3935,1.964539400203496,5.687094780748343,9.963855562249764,0.5290990917349456,1.7,1.832,0.0,0.0,4.522630249977111,alpha_hor
chr14,10653085,10655085,2000,0.39,1.9618384908372837,5.67417511108378,9.90999857813219,0.4989431849521249,1.652,1.788,0.0,0.0,8.291631916761398,alpha_hor
chr14,10657085,10659085,2000,0.3925,1.9633072870751425,5.685168403896104,9.983013406364847,0.5318405378061112,1.684,1.852,0.0,0.0,4.412865564346314,alpha_hor
chr14,10661085,10663085,2000,0.3925,1.9630372816100676,5.672783622916618,9.857625579718835,0.5016846310232904,1.616,1.792,0.0,0.0,4.90008723950386,alpha_hor
chr14,10665085,10667085,2000,0.3935,1.9631672689814088,5.680935873919037,9.833464295612002,0.4934602928097938,1.548,1.788,0.0,0.0,5.446874432086944,alpha_hor
chr14,10669085,10671085,2000,0.391,1.9623664230678797,5.65971784587353,9.91336348296851,0.5236161995926146,1.656,1.792,0.0,0.0,5.747486503362656,alpha_hor
chr14,10673085,10675085,2000,0.391,1.961524295985681,5.671820720925215,9.90529411971952,0.5290990917349456,1.644,1.808,0.0,0.0,3.868332359313965,alpha_hor
chr14,10677085,10679085,2000,0.39,1.9611921493195328,5.657667407338875,9.897897795522873,0.5153918613791181,1.6,1.776,0.0,0.0,3.376190895318985,alpha_hor
chr14,10681085,10683085,2000,0.3915,1.9624234410021253,5.655786230625288,9.896808024484256,0.5071675231656215,1.612,1.788,0.0,0.0,3.8368415644168854,alpha_hor
chr14,10685085,10687085,2000,0.3935,1.9630240104800416,5.661993609242456,9.88997350026377,0.509908969236787,1.64,1.808,0.0,0.0,3.298772696018219,alpha_hor
chr14,10689085,10691085,2000,0.393,1.964034682436301,5.676254626572564,9.890201929574712,0.5153918613791181,1.628,1.796,0.0,0.0,1.8385957362651824,alpha_hor
chr14,10693085,10695085,2000,0.392,1.9636791928016089,5.67250234604212,9.87183148547345,0.5181333074502835,1.628,1.792,0.0,0.0,3.753011438369751,alpha_hor
chr14,10697085,10699085,2000,0.392,1.963544469905233,5.667467983719063,9.831846898309372,0.509908969236787,1.588,1.768,0.0,0.0,4.126797920703888,alpha_hor
chr14,10701085,10703085,2000,0.395,1.9651377216940713,5.678628815061483,9.927392129226025,0.5290990917349456,1.684,1.824,0.0,0.0,1.4093411302566528,alpha_hor
chr14,10705085,10707085,2000,0.393,1.9643807741320185,5.680460635638148,9.963553468453089,0.5263576456637802,1.728,1.844,0.0,0.0,5.4562118005752565,alpha_hor
chr14,10709085,10711085,2000,0.3945,1.9649594883981791,5.68401106709549,9.939767150741917,0.5373234299484422,1.672,1.828,0.0,0.0,3.650000128746033,alpha_hor
chr14,10713085,10715085,2000,0.3905,1.9630612354913368,5.683202665044908,9.864239438131747,0.4879774006674628,1.608,1.796,0.0,0.0,7.584817457199096,alpha_hor
chr14,10717085,10719085,2000,0.393,1.9632316059801376,5.682555438528472,9.961976337470462,0.5455477681619388,1.732,1.868,0.0,0.0,4.11,alpha_hor
chr14,10721085,10723085,2000,0.3925,1.96315603333974,5.681866277546362,9.911141090585549,0.5153918613791181,1.616,1.8,0.0,0.0,8.0,alpha_hor
chr14,10725085,10727085,2000,0.393,1.9623724809350864,5.670484004798583,9.895263516713175,0.504426077094456,1.62,1.796,0.0,0.0,0.0,alpha_hor
chr14,10729085,10731085,2000,0.391,1.9620378694799196,5.669060540156857,9.856198882660523,0.5016846310232904,1.584,1.808,0.0,0.0,3.26,alpha_hor
chr14,10733085,10735085,2000,0.3905,1.9620834031912575,5.664013739436394,9.901103902961482,0.5208747535214491,1.632,1.82,0.0,0.0,0.0,alpha_hor
chr14,10737085,10739085,2000,0.389,1.9611364450482631,5.6503544857642085,9.840453120420571,0.4962017388809594,1.564,1.772,0.0,0.0,1.2,alpha_hor
chr14,10741085,10743085,2000,0.3895,1.9609404587306136,5.646641147202111,9.883737409154763,0.509908969236787,1.64,1.808,0.0,0.0,2.7833306789398193,alpha_hor
chr14,10745085,10747085,2000,0.392,1.9618325048340337,5.657296625738899,9.874382591519634,0.4962017388809594,1.624,1.784,0.0,0.0,0.0,alpha_hor
chr14,10749085,10751085,2000,0.392,1.9634119657460327,5.667114548393982,9.904472274481622,0.5071675231656215,1.608,1.8,0.0,0.0,3.656824455738067,alpha_hor
chr14,10753085,10755085,2000,0.3875,1.9605536764595912,5.659502421638152,9.847123038172096,0.4879774006674628,1.568,1.768,0.0,0.0,1.268181939125061,alpha_hor
chr14,10757085,10759085,2000,0.391,1.9634303876594303,5.670887575087688,9.920182783418351,0.5263576456637802,1.656,1.828,0.0,0.0,1.059091010093689,alpha_hor
chr14,10761085,10763085,2000,0.3945,1.964570720405839,5.685096182274685,9.925043496851302,0.5345819838772767,1.7,1.828,0.0,0.0,2.5644422397613527,alpha_hor
chr14,10765085,10767085,2000,0.3935,1.964600392156559,5.685478163493155,9.93281285411172,0.5126504153079525,1.676,1.82,0.0,0.0,1.3095225019454957,alpha_hor
chr14,10769085,10771085,2000,0.395,1.9650491241268329,5.68380586650037,9.948445739868992,0.5290990917349456,1.708,1.844,0.0,0.0,3.1928539152145388,alpha_hor
chr14,10773085,10775085,2000,0.3905,1.962884109011388,5.691418352965148,9.881499915753064,0.4934602928097938,1.612,1.8,0.0,0.0,1.78,alpha_hor
chr14,10777085,10779085,2000,0.3935,1.9628907928287789,5.682763798136685,9.848451299707111,0.4989431849521249,1.604,1.776,0.0,0.0,0.0,alpha_hor
chr14,10781085,10783085,2000,0.3915,1.962774047685529,5.678317724691192,9.90997471601706,0.5126504153079525,1.656,1.796,0.0,0.0,0.0,alpha_hor
chr14,10785085,10787085,2000,0.394,1.9632022966804468,5.682370016924332,9.911819052435527,0.504426077094456,1.62,1.808,0.0,0.0,0.79375,alpha_hor
chr14,10789085,10791085,2000,0.3915,1.9624021026506528,5.673357606922396,9.87394262339625,0.5016846310232904,1.596,1.808,0.0,0.0,0.0,alpha_hor
chr14,10793085,10795085,2000,0.3895,1.960928642779576,5.667118985428212,9.910358270335614,0.5263576456637802,1.676,1.8,0.0,0.0,1.4777763261795045,alpha_hor
chr14,10797085,10799085,2000,0.3895,1.961273097242633,5.668851070861505,9.93627547982265,0.5236161995926146,1.652,1.856,0.0,0.0,0.0,alpha_hor
chr14,10801085,10803085,2000,0.391,1.9620225779597809,5.651543111102744,9.885353759399091,0.4989431849521249,1.592,1.784,0.0,0.0,0.7999992141723633,alpha_hor
chr14,10805085,10807085,2000,0.3895,1.9607507902655616,5.658121389299967,9.947236147547557,0.5236161995926146,1.708,1.836,0.0,0.0,1.1166655697822572,alpha_hor
chr14,10809085,10811085,2000,0.3915,1.9627304537854025,5.663091779490495,9.879710912592062,0.509908969236787,1.608,1.808,0.0,0.0,1.4285699844360351,alpha_hor
chr14,10813085,10815085,2000,0.392,1.9641904763542697,5.672180002074933,9.876655876488313,0.5126504153079525,1.604,1.796,0.0,0.0,0.0,alpha_hor
chr14,10817085,10819085,2000,0.3905,1.962656579718618,5.665409715751003,9.859588613123703,0.5126504153079525,1.608,1.8,0.0,0.0,1.63,alpha_hor
chr14,10821085,10823085,2000,0.394,1.964792569915859,5.670082364378734,9.830624602538167,0.509908969236787,1.6,1.776,0.0,0.0,1.600003234863281,alpha_hor
chr14,10825085,10827085,2000,0.3945,1.9652677250226576,5.681030026305553,9.900381400620738,0.509908969236787,1.656,1.816,0.0,0.0,0.9,alpha_hor
chr14,10829085,10831085,2000,0.396,1.9655666521870223,5.696518058066927,9.984695097419124,0.5345819838772767,1.716,1.88,0.0,0.0,1.08,alpha_hor
chr14,10833085,10835085,2000,0.3945,1.96509519713068,5.689384848815462,9.903556180769195,0.5181333074502835,1.644,1.812,0.0,0.0,0.0,alpha_hor
chr14,10837085,10839085,2000,0.3915,1.962327337594373,5.676414126635154,9.851070277508128,0.4934602928097938,1.612,1.792,0.0,0.0,1.6499983792304993,alpha_hor
chr14,10841085,10843085,2000,0.393,1.962886995212488,5.688819240993469,9.863957934040116,0.504426077094456,1.592,1.808,0.0,0.0,5.049543749809265,alpha_hor
chr14,10845085,10847085,2000,0.3955,1.9641729176154887,5.68834588201973,9.856076303626333,0.4962017388809594,1.564,1.792,0.0,0.0,1.6666650295257568,alpha_hor
chr14,10849085,10851085,2000,0.394,1.9627239449216063,5.685027612161851,9.834625166110175,0.4962017388809594,1.556,1.764,0.0,0.0,3.085,alpha_hor
chr14,10853085,10855085,2000,0.393,1.962757243629338,5.673272479739794,9.823280776609437,0.4989431849521249,1.564,1.764,0.0,0.0,0.74,alpha_hor
chr14,10857085,10859085,2000,0.392,1.962503259693408,5.671405596600568,9.843256329335318,0.5071675231656215,1.584,1.764,0.0,0.0,0.0,alpha_hor
chr14,10861085,10863085,2000,0.3895,1.9613971665137475,5.6495707058230185,9.936416528221056,0.509908969236787,1.62,1.808,0.0,0.0,0.0,alpha_hor
chr14,10865085,10867085,2000,0.3915,1.9617646502012005,5.664203146051775,9.923241873194874,0.5345819838772767,1.676,1.828,0.0,0.0,1.42,alpha_hor
chr14,10869085,10871085,2000,0.3935,1.9630240104800416,5.661993609242456,9.88997350026377,0.509908969236787,1.64,1.808,0.0,0.0,1.0830354471206665,alpha_hor
chr14,10873085,10875085,2000,0.392,1.9635539613627688,5.671339089660925,9.94696304436987,0.5153918613791181,1.688,1.832,0.0,0.0,0.7545449337959289,alpha_hor
chr14,10877085,10879085,2000,0.392,1.9632733734449452,5.671061176296736,9.885869208304465,0.5318405378061112,1.644,1.804,0.0,0.0,2.0168178033828736,alpha_hor
chr14,10881085,10883085,2000,0.3925,1.964071987198265,5.670136725958709,9.863135673438252,0.5236161995926146,1.62,1.788,0.0,0.0,0.0,alpha_hor
chr14,10885085,10887085,2000,0.3955,1.9653564343001133,5.680092270723529,9.85429906245993,0.509908969236787,1.604,1.78,0.0,0.0,2.130908088684082,alpha_hor
chr14,10889085,10891085,2000,0.395,1.9656807006149215,5.688539826250038,9.886269298655334,0.504426077094456,1.624,1.804,0.0,0.0,0.5590909624099731,alpha_hor
chr14,10893085,10895085,2000,0.397,1.9667340054278917,5.68847107968749,9.894802908463133,0.5181333074502835,1.628,1.82,0.0,0.0,3.020137819290161,alpha_hor
chr14,10897085,10899085,2000,0.3935,1.9646836516038408,5.690385588768267,9.843493248230809,0.4962017388809594,1.58,1.784,0.0,0.0,2.9127756876945496,alpha_hor
chr14,10901085,10903085,2000,0.393,1.9629071990218296,5.6827158022643625,9.811233455779757,0.4907188467386283,1.544,1.748,0.0,0.0,3.45237771654129,alpha_hor
chr14,10905085,10907085,2000,0.394,1.963737687026057,5.687581998126952,9.821808664219253,0.4962017388809594,1.572,1.756,0.0,0.0,0.7727273464202881,alpha_hor
chr14,10909085,10911085,2000,0.393,1.96201084232925,5.685525063608737,9.8486449740332,0.4907188467386283,1.556,1.776,0.0,0.0,0.0,alpha_hor
chr14,10913085,10915085,2000,0.395,1.96405844518688,5.680078759786811,9.834111096080496,0.4989431849521249,1.564,1.756,0.0,0.0,1.7685604667663577,alpha_hor
chr14,10917085,10919085,2000,0.392,1.9628068115108523,5.677205263768877,9.86502719832805,0.5181333074502835,1.612,1.788,0.0,0.0,5.171429027557373,alpha_hor
chr14,10921085,10923085,2000,0.392,1.9623435209801785,5.667791316346864,9.869187621147818,0.5153918613791181,1.596,1.776,0.0,0.0,2.03141029214859,alpha_hor
chr14,10925085,10927085,2000,0.39,1.9607026318454688,5.659620265955147,9.857376587519347,0.504426077094456,1.584,1.764,0.0,0.0,6.271363520622254,alpha_hor
chr14,10929085,10931085,2000,0.3895,1.9609144634988285,5.655766915003993,9.958188963098465,0.5263576456637802,1.7,1.84,0.0,0.0,2.357498673915863,alpha_hor
chr14,10933085,10935085,2000,0.392,1.9628246080499,5.663940848721617,9.872599591703604,0.509908969236787,1.62,1.788,0.0,0.0,1.5731818914413451,alpha_hor
chr14,10937085,10939085,2000,0.392,1.9640670306083936,5.661039940961846,9.852155933019883,0.504426077094456,1.588,1.784,0.0,0.0,0.725,alpha_hor
chr14,10941085,10943085,2000,0.391,1.9630427622503033,5.667490173894499,9.87001820483333,0.5181333074502835,1.628,1.788,0.0,0.0,0.0,alpha_hor
chr14,10945085,10947085,2000,0.392,1.9636708877200977,5.664466712239265,9.829107240724769,0.509908969236787,1.592,1.764,0.0,0.0,1.691670086860657,alpha_hor
chr14,10949085,10951085,2000,0.395,1.9652796174984668,5.683029620815173,9.850546333301956,0.5016846310232904,1.592,1.78,0.0,0.0,0.0,alpha_hor
chr14,10953085,10955085,2000,0.397,1.9667675023705944,5.691043152478527,9.863614855107093,0.504426077094456,1.596,1.784,0.0,0.0,0.0,alpha_hor
chr14,10957085,10959085,2000,0.3925,1.9639888661687763,5.689250548338953,9.86010397907472,0.5153918613791181,1.608,1.8,0.0,0.0,0.0,alpha_hor
chr14,10961085,10963085,2000,0.3895,1.9613662339652111,5.673972866869112,9.851297327943348,0.4962017388809594,1.604,1.812,0.0,0.0,0.0,alpha_hor
chr14,10965085,10967085,2000,0.3915,1.961780830862495,5.694291023798958,9.906650790600834,0.5126504153079525,1.616,1.816,0.0,0.0,1.6833367366790772,alpha_hor
chr14,10969085,10971085,2000,0.393,1.9631068127772184,5.680994449130082,9.897314962704828,0.5016846310232904,1.616,1.836,0.0,0.0,0.0,alpha_hor
chr14,10973085,10975085,2000,0.3925,1.9624948259128308,5.68006299677548,9.901934154829592,0.5153918613791181,1.628,1.824,0.0,0.0,0.0,alpha_hor
chr14,10977085,10979085,2000,0.39,1.9614122431333216,5.6620122842735485,9.903715055404998,0.509908969236787,1.632,1.808,0.0,0.0,3.416673574447632,alpha_hor
chr14,10981085,10983085,2000,0.3885,1.9607379607308564,5.659301941580691,9.874751044819458,0.4962017388809594,1.58,1.792,0.0,0.0,1.8375,alpha_hor
chr14,10985085,10987085,2000,0.39,1.9612969739243007,5.665858849627209,9.934101183284886,0.5236161995926146,1.664,1.82,0.0,0.0,0.7785706415176391,alpha_hor
chr14,10989085,10991085,2000,0.3925,1.9635213218769652,5.667767378977442,9.929289578674194,0.5263576456637802,1.664,1.84,0.0,0.0,0.0,alpha_hor
chr14,10993085,10995085,2000,0.3895,1.9608790146311128,5.668749526449735,9.9039564653938,0.5153918613791181,1.68,1.816,0.0,0.0,1.41875,alpha_hor
chr14,10997085,10999085,2000,0.3885,1.961604436581404,5.665621790584903,9.902844399673231,0.504426077094456,1.624,1.788,0.0,0.0,0.7142849922180176,alpha_hor
chr14,11001085,11003085,2000,0.387,1.9603876378544656,5.668594506530005,9.897237548590914,0.5263576456637802,1.652,1.828,0.0,0.0,1.5500031337738036,alpha_hor
chr14,11005085,11007085,2000,0.388,1.9611407559336669,5.6676993789295205,9.876389031234911,0.5153918613791181,1.62,1.8,0.0,0.0,0.7857134914398194,alpha_hor
chr14,11009085,11011085,2000,0.392,1.9633739994023471,5.690528486718665,9.87553931967442,0.504426077094456,1.62,1.824,0.0,0.0,1.6277761788368226,alpha_hor
chr14,11013085,11015085,2000,0.393,1.9646258137032853,5.690712938700485,9.857658368839088,0.4852359545962973,1.576,1.8,0.0,0.0,0.0,alpha_hor
chr14,11017085,11019085,2000,0.3925,1.9637255401511289,5.690105363066876,9.84823353074322,0.4934602928097938,1.572,1.8,0.0,0.0,2.565969892024994,alpha_hor
chr14,11021085,11023085,2000,0.39,1.9616788213872471,5.6682890264482095,9.833616751538814,0.4770116163828007,1.564,1.78,0.0,0.0,0.0,alpha_hor
chr14,11025085,11027085,2000,0.3905,1.9616477730208173,5.6818574055767845,9.824657012786304,0.4879774006674628,1.56,1.784,0.0,0.0,2.675970726966858,alpha_hor
chr14,11029085,11031085,2000,0.3915,1.962050943075588,5.670085927234413,9.888075315066738,0.4989431849521249,1.596,1.808,0.0,0.0,0.585,alpha_hor
chr14,11033085,11035085,2000,0.393,1.9630890879252128,5.675042214148516,9.962442704370138,0.5318405378061112,1.684,1.844,0.0,0.0,0.0,alpha_hor
chr14,11037085,11039085,2000,0.391,1.9619053092469003,5.660780245054392,9.902039096183907,0.5290990917349456,1.672,1.816,0.0,0.0,1.3999985847473144,alpha_hor
chr14,11041085,11043085,2000,0.3885,1.9602540654310303,5.662551498496078,9.910506999283072,0.5208747535214491,1.648,1.808,0.0,0.0,0.7388881630897522,alpha_hor
chr14,11045085,11047085,2000,0.3895,1.9602207010503905,5.651141486534453,9.921723326779482,0.509908969236787,1.64,1.788,0.0,0.0,0.0,alpha_hor
chr14,11049085,11051085,2000,0.3855,1.9579273859308368,5.643661481015253,9.921162982917132,0.504426077094456,1.636,1.824,0.0,0.0,1.775,alpha_hor
chr14,11053085,11055085,2000,0.3905,1.962050264511875,5.664578191229993,10.008641862915525,0.5510306603042698,1.78,1.844,0.0,0.0,1.825,alpha_hor
chr14,11057085,11059085,2000,0.391,1.962876924203521,5.675908381006718,9.93862463828856,0.5181333074502835,1.652,1.84,0.0,0.0,0.0,alpha_hor
chr14,11061085,11063085,2000,0.3915,1.9625763356987695,5.688238504528689,9.80997932868382,0.4797530624539662,1.544,1.772,0.0,0.0,3.416673574447632,alpha_hor
chr14,11065085,11067085,2000,0.3905,1.961369895701182,5.663674009082293,9.888404504399563,0.4934602928097938,1.66,1.804,0.0,0.0,0.5375,alpha_hor
chr14,11069085,11071085,2000,0.3915,1.961901755808532,5.6608358001261525,9.804845661641576,0.4907188467386283,1.564,1.776,0.0,0.0,2.4194424362182616,alpha_hor
chr14,11073085,11075085,2000,0.387,1.9605074066592925,5.652302521096828,9.888262071409128,0.5016846310232904,1.6,1.8,0.0,0.0,0.0,alpha_hor
chr14,11077085,11079085,2000,0.39,1.9617817216904632,5.677352362024819,9.944951039686472,0.509908969236787,1.656,1.812,0.0,0.0,0.8666658401489258,alpha_hor
chr14,11081085,11083085,2000,0.3895,1.960616079507121,5.6504458417208205,9.86115098121346,0.509908969236787,1.6,1.76,0.0,0.0,0.94,alpha_hor
chr14,11085085,11087085,2000,0.3915,1.9618709328573125,5.664208737061204,9.86069225015749,0.4989431849521249,1.58,1.78,0.0,0.0,2.184819529533386,alpha_hor
chr14,11089085,11091085,2000,0.3945,1.965248662702926,5.683279605146788,9.880120484404284,0.504426077094456,1.604,1.816,0.0,0.0,0.0,alpha_hor
chr14,11093085,11095085,2000,0.389,1.9611830883422023,5.679961473705281,9.86305123311839,0.4962017388809594,1.584,1.792,0.0,0.0,2.049997986316681,alpha_hor
chr14,11097085,11099085,2000,0.3905,1.9613343833122765,5.657056742906387,9.854381797802889,0.5016846310232904,1.596,1.772,0.0,0.0,0.0,alpha_hor
chr14,11101085,11103085,2000,0.392,1.962313859974778,5.6656995426032974,9.827971019320657,0.4907188467386283,1.564,1.768,0.0,0.0,3.9369047498703,alpha_hor
chr14,11105085,11107085,2000,0.3885,1.9608162471165276,5.659643067812981,9.855731435213489,0.4962017388809594,1.6,1.772,0.0,0.0,0.0833332538604736,alpha_hor
chr14,11109085,11111085,2000,0.3905,1.9623892803146232,5.680345198670891,9.887152548065997,0.4962017388809594,1.632,1.804,0.0,0.0,1.65,alpha_hor
chr14,11113085,11115085,2000,0.391,1.9618531864689528,5.662654374629545,9.829675116376215,0.504426077094456,1.616,1.772,0.0,0.0,4.98,alpha_hor
chr14,11117085,11119085,2000,0.391,1.9614863919863463,5.659307716695244,9.826768094571264,0.4907188467386283,1.556,1.76,0.0,0.0,2.172220088481903,alpha_hor
chr14,11121085,11123085,2000,0.393,1.964023986805177,5.680159316744003,9.84532851950832,0.4934602928097938,1.596,1.784,0.0,0.0,2.823485644340515,alpha_hor
chr14,11125085,11127085,2000,0.3865,1.9599074069134097,5.669223051633564,9.854586442236812,0.4852359545962973,1.592,1.792,0.0,0.0,0.0,alpha_hor
chr14,11129085,11131085,2000,0.3885,1.9607379607308564,5.659005763936226,9.886784011811788,0.504426077094456,1.632,1.784,0.0,0.0,0.6692309575080871,alpha_hor
chr14,11133085,11135085,2000,0.3875,1.9608988490133887,5.666318013989305,9.87758258012616,0.4989431849521249,1.588,1.796,0.0,0.0,0.38125,alpha_hor
chr14,11137085,11139085,2000,0.3855,1.959252593912006,5.647722054412432,9.849562501210636,0.5016846310232904,1.588,1.8,0.0,0.0,1.9687906737327576,alpha_hor
chr14,11141085,11143085,2000,0.388,1.9611207172095195,5.665171001251452,9.915321112189927,0.5208747535214491,1.656,1.796,0.0,0.0,0.4907144930362701,alpha_hor
chr14,11145085,11147085,2000,0.391,1.9625126674231328,5.677519464047319,9.897094025385444,0.5071675231656215,1.632,1.808,0.0,0.0,1.962262999534607,alpha_hor
chr14,11149085,11151085,2000,0.3945,1.9647414530063907,5.684451954165387,9.939460920318128,0.504426077094456,1.68,1.84,0.0,0.0,1.53,alpha_hor
chr14,11153085,11155085,2000,0.393,1.9631968807767504,5.68505181535003,9.890006926794578,0.5071675231656215,1.6,1.8,0.0,0.0,0.948282479763031,alpha_hor
chr14,11157085,11159085,2000,0.391,1.96083815201436,5.663068793362911,9.84338924833168,0.5071675231656215,1.628,1.8,0.0,0.0,2.13375,alpha_hor
chr14,11161085,11163085,2000,0.3925,1.9623748383220276,5.6676119844142265,9.88619790086742,0.5016846310232904,1.568,1.784,0.0,0.0,0.0,alpha_hor
chr14,11165085,11167085,2000,0.388,1.959553751841328,5.646486762142362,9.882253585191522,0.5016846310232904,1.604,1.804,0.0,0.0,2.342854774475098,alpha_hor
chr14,11169085,11171085,2000,0.389,1.9611600576265704,5.657964437113724,9.857746281558985,0.509908969236787,1.612,1.768,0.0,0.0,0.9166657662391664,alpha_hor
chr14,11173085,11175085,2000,0.391,1.9614311473167143,5.675126879489139,9.946814675604882,0.5126504153079525,1.672,1.82,0.0,0.0,0.9071419401168824,alpha_hor
chr14,11177085,11179085,2000,0.393,1.963473407621295,5.674599523265836,9.90092703617959,0.5071675231656215,1.652,1.788,0.0,0.0,1.021427538871765,alpha_hor
chr14,11181085,11183085,2000,0.3935,1.9625122370396344,5.673988069218436,9.882901758819502,0.5016846310232904,1.608,1.764,0.0,0.0,0.825,alpha_hor
chr14,11185085,11187085,2000,0.392,1.9631784557881864,5.663883710278809,9.857536182520048,0.5016846310232904,1.608,1.768,0.0,0.0,2.257140575408936,alpha_hor
chr14,11189085,11191085,2000,0.3885,1.9607238046393125,5.654533966338678,9.857195778384034,0.5016846310232904,1.604,1.788,0.0,0.0,1.0733349170684814,alpha_hor
chr14,11193085,11195085,2000,0.3895,1.9613971665137475,5.651683495558561,9.847883812603149,0.4907188467386283,1.54,1.76,0.0,0.0,0.7833349170684815,alpha_hor
chr14,11197085,11199085,2000,0.389,1.9601992603600704,5.646021738979548,9.819898317047574,0.4852359545962973,1.52,1.756,0.0,0.0,0.0,alpha_hor
chr14,11201085,11203085,2000,0.387,1.958977869392838,5.6487470269377456,9.82715525466586,0.4879774006674628,1.56,1.768,0.0,0.0,0.0,alpha_hor
chr14,11205085,11207085,2000,0.3905,1.9618674579989277,5.66632825654399,9.844706971463104,0.4934602928097938,1.612,1.768,0.0,0.0,1.725,alpha_hor
chr14,11209085,11211085,2000,0.3895,1.9622648900889752,5.658675189956778,9.84466838961194,0.4934602928097938,1.552,1.764,0.0,0.0,0.0499999494552612,alpha_hor
chr14,11213085,11215085,2000,0.387,1.9602382194186168,5.666255309957892,9.853753244059822,0.5071675231656215,1.604,1.804,0.0,0.0,1.8755550589561465,alpha_hor
chr14,11217085,11219085,2000,0.394,1.96386337511937,5.685343727564723,9.904796580005884,0.5208747535214491,1.652,1.832,0.0,0.0,0.0,alpha_hor
chr14,11221085,11223085,2000,0.3935,1.9625669542589572,5.682408138888841,9.895474397014858,0.4989431849521249,1.644,1.824,0.0,0.0,0.8590909910202026,alpha_hor
chr14,11225085,11227085,2000,0.3945,1.9633752852671191,5.666817714337626,9.79523582164547,0.4989431849521249,1.572,1.76,0.0,0.0,0.3423077886104583,alpha_hor
chr14,11229085,11231085,2000,0.3875,1.95974830188893,5.650131223774269,9.86048461544942,0.4852359545962973,1.568,1.776,0.0,0.0,1.2458331680297852,alpha_hor
chr14,11233085,11235085,2000,0.3925,1.9623950737389848,5.6658524627056295,9.874837412755008,0.4879774006674628,1.632,1.8,0.0,0.0,0.941667148590088,alpha_hor
chr14,11237085,11239085,2000,0.3925,1.9635796512894248,5.686099097409558,9.915154025197696,0.5153918613791181,1.656,1.832,0.0,0.0,0.0,alpha_hor
chr14,11241085,11243085,2000,0.3915,1.9606744698285576,5.670785952098328,9.948961111536264,0.5263576456637802,1.68,1.812,0.0,0.0,0.485,alpha_hor
chr14,11245085,11247085,2000,0.391,1.96210539037886,5.6603577673251015,9.880355587003436,0.504426077094456,1.6,1.784,0.0,0.0,0.0,alpha_hor
chr14,11249085,11251085,2000,0.3875,1.960367790609348,5.65951361212098,9.90541421823041,0.509908969236787,1.628,1.832,0.0,0.0,1.8863629865646363,alpha_hor
chr14,11253085,11255085,2000,0.388,1.960168346004444,5.655417545973713,9.84004462343951,0.4934602928097938,1.548,1.776,0.0,0.0,0.0,alpha_hor
chr14,11257085,11259085,2000,0.387,1.9592186351371528,5.653358584552738,9.898609925368776,0.504426077094456,1.604,1.812,0.0,0.0,1.2205548133850097,alpha_hor
chr14,11261085,11263085,2000,0.386,1.9584862388288056,5.644673606498474,9.905326471419205,0.504426077094456,1.624,1.796,0.0,0.0,0.0,alpha_hor
chr14,11265085,11267085,2000,0.3885,1.9606884137478664,5.670297719849294,9.8769130249064,0.5071675231656215,1.644,1.804,0.0,0.0,1.549304174900055,alpha_hor
chr14,11269085,11271085,2000,0.3895,1.9618749197453969,5.667343135366022,9.85053500872787,0.4989431849521249,1.552,1.796,0.0,0.0,0.5999994106292724,alpha_hor
chr14,11273085,11275085,2000,0.3875,1.960042019535908,5.662613772385203,9.910420659120378,0.5181333074502835,1.656,1.812,0.0,0.0,2.3211108546257018,alpha_hor
chr14,11277085,11279085,2000,0.393,1.9634990010546016,5.67098051941173,9.903265218821366,0.5236161995926146,1.652,1.812,0.0,0.0,1.6727274322509766,alpha_hor
chr14,11281085,11283085,2000,0.3925,1.96315603333974,5.687080576573018,9.91870348308121,0.509908969236787,1.668,1.832,0.0,0.0,0.542307844877243,alpha_hor
chr14,11285085,11287085,2000,0.3945,1.964236752730879,5.675908529658212,9.87401592769957,0.5016846310232904,1.6,1.772,0.0,0.0,0.0,alpha_hor
chr14,11289085,11291085,2000,0.391,1.9629894594398247,5.679310555101455,9.932480424901607,0.5016846310232904,1.652,1.828,0.0,0.0,0.0,alpha_hor
chr14,11293085,11295085,2000,0.3895,1.9600387178237908,5.670430675017541,9.899551077230791,0.504426077094456,1.636,1.8,0.0,0.0,0.0,alpha_hor
chr14,11297085,11299085,2000,0.3905,1.96113197933572,5.670007641077217,9.90518571168139,0.5071675231656215,1.636,1.804,0.0,0.0,0.61,alpha_hor
chr14,11301085,11303085,2000,0.391,1.9604590474181671,5.670963407704679,9.93529779492848,0.504426077094456,1.624,1.824,0.0,0.0,0.2357140474319458,alpha_hor
chr14,11305085,11307085,2000,0.3885,1.960405816383589,5.656417745215849,9.89560080863153,0.509908969236787,1.624,1.812,0.0,0.0,0.7285706920623779,alpha_hor
chr14,11309085,11311085,2000,0.388,1.9600096821513264,5.645615976683619,9.78160280791833,0.4797530624539662,1.52,1.728,0.0,0.0,0.8,alpha_hor
chr14,11313085,11315085,2000,0.3875,1.9597624348669975,5.656166615115861,9.859715601845394,0.4989431849521249,1.568,1.796,0.0,0.0,0.4777773084640503,alpha_hor
chr14,11317085,11319085,2000,0.389,1.960160299379724,5.6577285678315565,9.8264032413312,0.4879774006674628,1.54,1.78,0.0,0.0,3.135713137626648,alpha_hor
chr14,11321085,11323085,2000,0.3895,1.9598931087282432,5.641215324815389,9.875016682822102,0.509908969236787,1.628,1.792,0.0,0.0,2.5729159626960754,alpha_hor
chr14,11325085,11327085,2000,0.3935,1.9635462062617115,5.6832371097060115,9.90941365178978,0.5071675231656215,1.64,1.8,0.0,0.0,0.825,alpha_hor
chr14,11329085,11331085,2000,0.393,1.963312948762033,5.685800285411931,9.95623392095981,0.5153918613791181,1.672,1.852,0.0,0.0,0.9375,alpha_hor
chr14,11333085,11335085,2000,0.3895,1.961347538365284,5.679714082884523,9.922965713937415,0.5126504153079525,1.676,1.816,0.0,0.0,0.7500000715255737,alpha_hor
chr14,11337085,11339085,2000,0.3905,1.961369895701182,5.669596640895836,9.89740665186942,0.4989431849521249,1.636,1.804,0.0,0.0,0.6863637018203735,alpha_hor
chr14,11341085,11343085,2000,0.3915,1.9624507755610452,5.66715177880717,9.800146929345804,0.4742701703116352,1.524,1.728,0.0,0.0,2.029999656200409,alpha_hor
chr14,11345085,11347085,2000,0.3905,1.960426528425348,5.67927910494583,9.850564442483712,0.4962017388809594,1.576,1.812,0.0,0.0,0.8857133903503418,alpha_hor
chr14,11349085,11351085,2000,0.3885,1.9603341822329048,5.661996816996899,9.809085835246425,0.4879774006674628,1.552,1.772,0.0,0.0,0.0,alpha_hor
chr14,11353085,11355085,2000,0.388,1.9603232474813503,5.661985889835438,9.827082227590653,0.4907188467386283,1.544,1.784,0.0,0.0,3.4825,alpha_hor
chr14,11357085,11359085,2000,0.3885,1.9610181890610112,5.652843156889972,9.862923365387829,0.4989431849521249,1.572,1.772,0.0,0.0,3.575,alpha_hor
chr14,11361085,11363085,2000,0.3875,1.9592806340238176,5.64980270731569,9.814665429051663,0.4852359545962973,1.524,1.772,0.0,0.0,0.0,alpha_hor
chr14,11365085,11367085,2000,0.388,1.9599566391307477,5.644912636235072,9.847823211749631,0.4962017388809594,1.588,1.76,0.0,0.0,3.966666206359863,alpha_hor
chr14,11369085,11371085,2000,0.387,1.9592873434048008,5.656198137130222,9.856300185706065,0.4934602928097938,1.62,1.784,0.0,0.0,2.1375,alpha_hor
chr14,11373085,11375085,2000,0.39,1.9626871248374973,5.6664197780011,9.8711492268039,0.504426077094456,1.584,1.788,0.0,0.0,0.0,alpha_hor
chr14,11377085,11379085,2000,0.389,1.9614396885433285,5.661912584071895,9.840854921464564,0.504426077094456,1.588,1.764,0.0,0.0,2.90833802318573,alpha_hor
chr14,11381085,11383085,2000,0.394,1.964015899933441,5.680741409516052,9.86991656997035,0.5071675231656215,1.616,1.784,0.0,0.0,0.76875,alpha_hor
chr14,11385085,11387085,2000,0.393,1.9633454502983971,5.693097878269842,9.880074957752932,0.509908969236787,1.644,1.808,0.0,0.0,0.0,alpha_hor
chr14,11389085,11391085,2000,0.393,1.9630402515532732,5.683735698552978,9.913198926921188,0.504426077094456,1.632,1.812,0.0,0.0,2.850004919052124,alpha_hor
chr14,11393085,11395085,2000,0.3925,1.9639674913402183,5.68193981238974,9.820593479156878,0.4852359545962973,1.568,1.76,0.0,0.0,2.0866684188842775,alpha_hor
chr14,11397085,11399085,2000,0.391,1.9616304124745787,5.669378089779479,9.88194526695961,0.4962017388809594,1.624,1.792,0.0,0.0,0.0,alpha_hor
chr14,11401085,11403085,2000,0.39,1.9615415084371013,5.6712114401431934,9.90831066264273,0.5126504153079525,1.672,1.796,0.0,0.0,2.1428593740463255,alpha_hor
chr14,11405085,11407085,2000,0.393,1.96234989983921,5.672919026217944,9.891353569023208,0.5016846310232904,1.616,1.792,0.0,0.0,1.675,alpha_hor
chr14,11409085,11411085,2000,0.389,1.9611264121313292,5.659139232738518,9.877571427177052,0.504426077094456,1.616,1.812,0.0,0.0,2.17,alpha_hor
chr14,11413085,11415085,2000,0.389,1.9608441819797244,5.654715318766359,9.857795224472476,0.509908969236787,1.616,1.764,0.0,0.0,0.0,alpha_hor
chr14,11417085,11419085,2000,0.3895,1.961244739137686,5.651193481195981,9.83529042451034,0.4962017388809594,1.544,1.76,0.0,0.0,0.0,alpha_hor
chr14,11421085,11423085,2000,0.389,1.9603298225142485,5.653260056021928,9.87181886497804,0.4989431849521249,1.62,1.784,0.0,0.0,0.0,alpha_hor
chr14,11425085,11427085,2000,0.3885,1.959756940628561,5.64381676286634,9.868334886040312,0.4934602928097938,1.604,1.792,0.0,0.0,0.6142850933074951,alpha_hor
chr14,11429085,11431085,2000,0.389,1.9611210966462245,5.667231958509484,9.875116689946292,0.4962017388809594,1.612,1.792,0.0,0.0,0.0,alpha_hor
chr14,11433085,11435085,2000,0.3875,1.9606032890169027,5.665679322205096,9.865000876789866,0.504426077094456,1.592,1.788,0.0,0.0,2.0,alpha_hor
chr14,11437085,11439085,2000,0.389,1.9613936432549717,5.659563112068811,9.839889192838744,0.4934602928097938,1.576,1.772,0.0,0.0,2.4142832736968995,alpha_hor
chr14,11441085,11443085,2000,0.3925,1.962530331643241,5.671320554149753,9.855980233139244,0.4989431849521249,1.612,1.764,0.0,0.0,0.0,alpha_hor
chr14,11445085,11447085,2000,0.3925,1.9635345262437,5.683146349575247,9.892843756513852,0.4989431849521249,1.628,1.812,0.0,0.0,0.0,alpha_hor
chr14,11449085,11451085,2000,0.392,1.9626252730604148,5.682085987127027,9.894972366207847,0.4962017388809594,1.64,1.796,0.0,0.0,0.0,alpha_hor
chr14,11453085,11455085,2000,0.3895,1.962053547543085,5.676092900459568,9.891621820925083,0.504426077094456,1.652,1.808,0.0,0.0,1.341669379234314,alpha_hor
chr14,11457085,11459085,2000,0.3905,1.9610041392113824,5.670652643342067,9.850756859137372,0.4962017388809594,1.596,1.776,0.0,0.0,1.45,alpha_hor
chr14,11461085,11463085,2000,0.391,1.962164327149117,5.676566100227911,9.856685180754456,0.4879774006674628,1.58,1.804,0.0,0.0,0.9416685705184936,alpha_hor
chr14,11465085,11467085,2000,0.3935,1.9629407510327597,5.678483461454616,9.91114456298563,0.5126504153079525,1.616,1.82,0.0,0.0,1.0500021228790284,alpha_hor
chr14,11469085,11471085,2000,0.3905,1.961749096013032,5.659321507967349,9.87327654057655,0.5071675231656215,1.608,1.804,0.0,0.0,0.6571421928405762,alpha_hor
chr14,11473085,11475085,2000,0.389,1.960639883998934,5.653934731692705,9.842087772571835,0.4907188467386283,1.58,1.764,0.0,0.0,0.685,alpha_hor
chr14,11477085,11479085,2000,0.3895,1.960715341397846,5.656394089810558,9.893278680636222,0.5071675231656215,1.584,1.812,0.0,0.0,0.0,alpha_hor
chr14,11481085,11483085,2000,0.39,1.9611921493195328,5.662579588966975,9.853864604123116,0.4934602928097938,1.556,1.776,0.0,0.0,0.0,alpha_hor
chr14,11485085,11487085,2000,0.392,1.961443223234476,5.6493519080831724,9.865253173932173,0.4989431849521249,1.628,1.764,0.0,0.0,0.6517853965759277,alpha_hor
chr14,11489085,11491085,2000,0.39,1.9618160429087463,5.660305401667288,9.857700727134876,0.4962017388809594,1.6,1.788,0.0,0.0,0.555555009841919,alpha_hor
chr14,11493085,11495085,2000,0.389,1.9612303166619,5.658659697783174,9.854822203346824,0.5016846310232904,1.6,1.768,0.0,0.0,2.3283325638771055,alpha_hor
chr14,11497085,11499085,2000,0.3875,1.9606337661821192,5.66147763572881,9.848230855946143,0.5071675231656215,1.592,1.788,0.0,0.0,0.0,alpha_hor
chr14,11501085,11503085,2000,0.3935,1.9639988078735051,5.690940265458049,9.83743922964566,0.4962017388809594,1.576,1.78,0.0,0.0,2.72103049325943,alpha_hor
chr14,11505085,11507085,2000,0.3935,1.964418076435604,5.685872659583249,9.898324367604395,0.504426077094456,1.636,1.82,0.0,0.0,2.755554518699646,alpha_hor
chr14,11509085,11511085,2000,0.393,1.9634460715715525,5.684565849785654,9.907710629565344,0.509908969236787,1.644,1.816,0.0,0.0,1.2685606098175048,alpha_hor
chr14,11513085,11515085,2000,0.389,1.961805261302375,5.676155196018182,9.887219267751613,0.5071675231656215,1.648,1.828,0.0,0.0,2.187912734031677,alpha_hor
chr14,11517085,11519085,2000,0.3905,1.9609612404047525,5.6687868037654825,9.86310070783929,0.4962017388809594,1.604,1.772,0.0,0.0,0.758333044052124,alpha_hor
chr14,11521085,11523085,2000,0.3925,1.962530331643241,5.6651986164419865,9.864044219021292,0.5016846310232904,1.6,1.796,0.0,0.0,0.0,alpha_hor
chr14,11525085,11527085,2000,0.393,1.961906252935672,5.676369892310371,9.93117878894938,0.5153918613791181,1.652,1.808,0.0,0.0,0.687499737739563,alpha_hor
chr14,11529085,11531085,2000,0.391,1.9617572277811075,5.653747983031817,9.841878631328369,0.5181333074502835,1.6,1.772,0.0,0.0,0.3909091281890869,alpha_hor
chr14,11533085,11535085,2000,0.39,1.9614879301068957,5.660204624082011,9.83012847006525,0.4852359545962973,1.536,1.764,0.0,0.0,0.465,alpha_hor
chr14,11537085,11539085,2000,0.387,1.95926498336674,5.652303749491466,9.909572797937416,0.5016846310232904,1.564,1.816,0.0,0.0,1.6,alpha_hor
chr14,11541085,11543085,2000,0.389,1.9605109350148595,5.651133899290616,9.878235383939646,0.4962017388809594,1.584,1.78,0.0,0.0,0.0,alpha_hor
chr14,11545085,11547085,2000,0.388,1.9591068070819728,5.654293975106891,9.867177216430356,0.4879774006674628,1.612,1.78,0.0,0.0,1.6416699857711792,alpha_hor
chr14,11549085,11551085,2000,0.3925,1.9637910120899695,5.671603574229512,9.885064834837772,0.4989431849521249,1.6,1.808,0.0,0.0,1.1214274377822877,alpha_hor
chr14,11553085,11555085,2000,0.389,1.9615130823341351,5.665792574916191,9.865287181735654,0.4989431849521249,1.584,1.784,0.0,0.0,2.7857114696502685,alpha_hor
chr14,11557085,11559085,2000,0.39,1.962234057802077,5.665553543934543,9.859336233027015,0.509908969236787,1.588,1.772,0.0,0.0,1.603570439338684,alpha_hor
chr14,11561085,11563085,2000,0.3915,1.962750336506174,5.6766044790461905,9.896160211038756,0.509908969236787,1.644,1.812,0.0,0.0,0.6222216110229493,alpha_hor
chr14,11565085,11567085,2000,0.39,1.9625155890649693,5.6855618665329155,9.826458719397133,0.4797530624539662,1.548,1.796,0.0,0.0,0.7964288828372955,alpha_hor
chr14,11569085,11571085,2000,0.3915,1.9627740476855289,5.67981349661126,9.887953449132636,0.4989431849521249,1.64,1.82,0.0,0.0,0.6999996461868286,alpha_hor
chr14,11573085,11575085,2000,0.3885,1.960707707404221,5.663712150118909,9.87598219035767,0.4852359545962973,1.612,1.812,0.0,0.0,0.9694447388648988,alpha_hor
chr14,11577085,11579085,2000,0.391,1.9614311473167143,5.6781885425309255,9.876286050029009,0.5016846310232904,1.64,1.792,0.0,0.0,0.7979169130325318,alpha_hor
chr14,11581085,11583085,2000,0.391,1.9617572277811075,5.666303750756183,9.913865209730874,0.509908969236787,1.644,1.816,0.0,0.0,1.6427574355602264,alpha_hor
chr14,11585085,11587085,2000,0.394,1.9629596623247283,5.6813977955833534,9.928168564848258,0.5236161995926146,1.656,1.8,0.0,0.0,2.1178564889431,alpha_hor
chr14,11589085,11591085,2000,0.391,1.961559329312566,5.655149040062794,9.850987381972653,0.5016846310232904,1.58,1.772,0.0,0.0,0.0,alpha_hor
chr14,11593085,11595085,2000,0.3895,1.9610389371109649,5.654356452023414,9.864725376043198,0.504426077094456,1.572,1.764,0.0,0.0,0.4433335447311401,alpha_hor
chr14,11597085,11599085,2000,0.3885,1.9600734516320015,5.657151508004429,9.859134889368212,0.4962017388809594,1.564,1.796,0.0,0.0,2.9178581535816193,alpha_hor
chr14,11601085,11603085,2000,0.3905,1.9619100657135569,5.649579118975685,9.883569657935452,0.509908969236787,1.632,1.764,0.0,0.0,1.347756344795227,alpha_hor
chr14,11605085,11607085,2000,0.389,1.9603834198042287,5.6492203565295505,9.830800151342148,0.4907188467386283,1.592,1.748,0.0,0.0,0.9719695472717284,alpha_hor
chr14,11609085,11611085,2000,0.39,1.9623564673790896,5.6549016879658325,9.858649255501344,0.4962017388809594,1.572,1.776,0.0,0.0,1.08,alpha_hor
chr14,11613085,11615085,2000,0.3865,1.9600821549116572,5.659067754866485,9.861632228041618,0.5016846310232904,1.604,1.784,0.0,0.0,0.575,alpha_hor
chr14,11617085,11619085,2000,0.3865,1.960173179483296,5.661001408533622,9.846262859946108,0.4934602928097938,1.572,1.776,0.0,0.0,0.4949997053146362,alpha_hor
chr14,11621085,11623085,2000,0.3915,1.962774047685529,5.67878796752685,9.894837630915257,0.504426077094456,1.636,1.82,0.0,0.0,0.8142854619026184,alpha_hor
chr14,11625085,11627085,2000,0.3935,1.963832266788569,5.684929381175659,9.951518026653696,0.5153918613791181,1.668,1.852,0.0,0.0,1.6371318697929382,alpha_hor
chr14,11629085,11631085,2000,0.39,1.9617497879722383,5.6782586711112515,9.937608094315117,0.5208747535214491,1.696,1.812,0.0,0.0,0.4166668653488159,alpha_hor
chr14,11633085,11635085,2000,0.3885,1.960426878562232,5.671380913334809,9.846674031724223,0.4907188467386283,1.58,1.8,0.0,0.0,0.0,alpha_hor
chr14,11637085,11639085,2000,0.392,1.9623893573753532,5.685562319812905,9.911001509733444,0.5126504153079525,1.656,1.804,0.0,0.0,0.0,alpha_hor
chr14,11641085,11643085,2000,0.3925,1.9617380679445864,5.673458337838867,9.90777051577022,0.504426077094456,1.636,1.784,0.0,0.0,1.0444434185028075,alpha_hor
chr14,11645085,11647085,2000,0.392,1.96246824111284,5.680474314882108,9.914882578123812,0.509908969236787,1.632,1.82,0.0,0.0,0.0,alpha_hor
chr14,11649085,11651085,2000,0.3895,1.96127663777591,5.656476557497401,9.873174074029285,0.509908969236787,1.62,1.784,0.0,0.0,0.0,alpha_hor
chr14,11653085,11655085,2000,0.389,1.960619812473941,5.651694101236895,9.850678144934395,0.4989431849521249,1.564,1.756,0.0,0.0,2.46875,alpha_hor
chr14,11657085,11659085,2000,0.3885,1.96025406543103,5.6497752698289405,9.842088044083704,0.4934602928097938,1.548,1.772,0.0,0.0,5.07454306936264,alpha_hor
chr14,11661085,11663085,2000,0.3895,1.9610578432921224,5.656649148085938,9.836826165468802,0.4907188467386283,1.568,1.78,0.0,0.0,2.1619460117816924,alpha_hor
chr14,11665085,11667085,2000,0.389,1.9607780651663735,5.666686456618061,9.93439423875709,0.5318405378061112,1.704,1.808,0.0,0.0,1.396667332649231,alpha_hor
chr14,11669085,11671085,2000,0.389,1.9622206489510827,5.668502683240944,9.885099640244253,0.5016846310232904,1.592,1.804,0.0,0.0,2.569140387058258,alpha_hor
chr14,11673085,11675085,2000,0.3875,1.960509724027552,5.665057599019681,9.85987417088807,0.5181333074502835,1.612,1.78,0.0,0.0,6.079983682394028,alpha_hor
chr14,11677085,11679085,2000,0.387,1.96020526896758,5.661337943249967,9.872826509719166,0.509908969236787,1.604,1.796,0.0,0.0,1.3375,alpha_hor
chr14,11681085,11683085,2000,0.3935,1.9642820207808127,5.690422672280277,9.944165954287216,0.5236161995926146,1.692,1.836,0.0,0.0,2.19375,alpha_hor
chr14,11685085,11687085,2000,0.3935,1.9640494806365616,5.683793284083886,9.913832740995565,0.4962017388809594,1.644,1.82,0.0,0.0,0.0,alpha_hor
chr14,11689085,11691085,2000,0.3905,1.961912116414103,5.671060398138937,9.897230576974284,0.504426077094456,1.652,1.792,0.0,0.0,3.266673271179199,alpha_hor
chr14,11693085,11695085,2000,0.391,1.9619072369186343,5.668250748482526,9.875479278993357,0.4907188467386283,1.62,1.792,0.0,0.0,0.0,alpha_hor
chr14,11697085,11699085,2000,0.3925,1.9630657830036455,5.686651141688991,9.92274425624312,0.5126504153079525,1.668,1.816,0.0,0.0,1.8857123794555664,alpha_hor
chr14,11701085,11703085,2000,0.393,1.9619463013892833,5.666899345285435,9.862329955177154,0.4934602928097938,1.596,1.78,0.0,0.0,0.925,alpha_hor
chr14,11705085,11707085,2000,0.3935,1.9635176578626248,5.675663699683243,9.88958573207999,0.5126504153079525,1.644,1.796,0.0,0.0,0.0,alpha_hor
chr14,11709085,11711085,2000,0.3905,1.9621275497313235,5.663985971940386,9.871717035841314,0.509908969236787,1.604,1.788,0.0,0.0,0.0,alpha_hor
chr14,11713085,11715085,2000,0.3895,1.9613829872329995,5.6662494523335445,9.95613211863958,0.5318405378061112,1.668,1.82,0.0,0.0,0.0,alpha_hor
chr14,11717085,11719085,2000,0.389,1.960160299379724,5.647934963736459,9.893906845831816,0.5181333074502835,1.624,1.784,0.0,0.0,2.9875,alpha_hor
chr14,11721085,11723085,2000,0.387,1.9591774482243347,5.636676897121895,9.854347784283178,0.4852359545962973,1.564,1.76,0.0,0.0,0.8875,alpha_hor
chr14,11725085,11727085,2000,0.389,1.96061981247394,5.659316155381598,9.84367278980977,0.4907188467386283,1.608,1.784,0.0,0.0,0.892856240272522,alpha_hor
chr14,11729085,11731085,2000,0.3895,1.9625700189959816,5.659619560574543,9.862672911358278,0.5016846310232904,1.576,1.78,0.0,0.0,1.0973205404281616,alpha_hor
chr14,11733085,11735085,2000,0.3875,1.9606337661821192,5.659968835187894,9.850532499839526,0.4989431849521249,1.584,1.78,0.0,0.0,1.8416703901290896,alpha_hor
chr14,11737085,11739085,2000,0.388,1.960398949079275,5.658980071823837,9.93183001961339,0.5208747535214491,1.672,1.84,0.0,0.0,0.21,alpha_hor
chr14,11741085,11743085,2000,0.392,1.9628604553026152,5.677583601998581,9.914074150984352,0.509908969236787,1.656,1.812,0.0,0.0,0.0,alpha_hor
chr14,11745085,11747085,2000,0.394,1.9644512716215763,5.681850740843956,9.91699103553332,0.5016846310232904,1.636,1.828,0.0,0.0,1.0875,alpha_hor
chr14,11749085,11751085,2000,0.3925,1.9634798991155789,5.691411896168051,9.91238165573096,0.5236161995926146,1.66,1.812,0.0,0.0,0.0,alpha_hor
chr14,11753085,11755085,2000,0.392,1.962744232671189,5.681721828105045,9.838055051573916,0.4797530624539662,1.58,1.792,0.0,0.0,1.05625,alpha_hor
chr14,11757085,11759085,2000,0.39,1.9609700501875609,5.674656663033801,9.90106954069181,0.5071675231656215,1.64,1.792,0.0,0.0,1.0305768184661863,alpha_hor
chr14,11761085,11763085,2000,0.392,1.9622410322831716,5.677310719215645,9.991325171479415,0.5318405378061112,1.728,1.864,0.0,0.0,2.7136359071731566,alpha_hor
chr14,11765085,11767085,2000,0.392,1.9624119013252015,5.684096220298452,9.877290327973247,0.5016846310232904,1.576,1.816,0.0,0.0,6.74,alpha_hor
chr14,11769085,11771085,2000,0.392,1.962497905970665,5.673069784611491,9.975950813015926,0.5428063220907733,1.732,1.852,0.0,0.0,2.272272911071777,alpha_hor
chr14,11773085,11775085,2000,0.3895,1.9613664445464416,5.666533474938693,9.913739622533628,0.5071675231656215,1.64,1.792,0.0,0.0,2.911108251571655,alpha_hor
chr14,11777085,11779085,2000,0.3905,1.9612385033065076,5.663626050731734,9.888390770823976,0.509908969236787,1.58,1.788,0.0,0.0,3.0187544984817505,alpha_hor
chr14,11781085,11783085,2000,0.3905,1.961264541190776,5.66087305047759,9.921478167162553,0.5181333074502835,1.64,1.808,0.0,0.0,1.3357129354476929,alpha_hor
chr14,11785085,11787085,2000,0.3885,1.9600734516320015,5.660749833360396,9.954031209359488,0.5236161995926146,1.72,1.816,0.0,0.0,0.7666682167053223,alpha_hor
chr14,11789085,11791085,2000,0.391,1.9631598965417485,5.66758725887669,9.900442028290762,0.509908969236787,1.624,1.8,0.0,0.0,1.4277763752937316,alpha_hor
chr14,11793085,11795085,2000,0.3855,1.9591489155852295,5.659352023431406,9.904781505803664,0.509908969236787,1.636,1.788,0.0,0.0,0.85625,alpha_hor
chr14,11797085,11799085,2000,0.3925,1.9638917934740592,5.676114780542332,9.858850987707692,0.504426077094456,1.608,1.792,0.0,0.0,2.6277751965522764,alpha_hor
chr14,11801085,11803085,2000,0.3875,1.960191475341428,5.652580759782274,9.903584152694922,0.504426077094456,1.62,1.792,0.0,0.0,1.43125,alpha_hor
chr14,11805085,11807085,2000,0.387,1.9596393835637704,5.648565202190359,9.841036667887272,0.4907188467386283,1.548,1.768,0.0,0.0,0.0,alpha_hor
chr14,11809085,11811085,2000,0.3875,1.9606478991601872,5.6514538243911945,9.847397408906094,0.4989431849521249,1.58,1.764,0.0,0.0,0.75,alpha_hor
chr14,11813085,11815085,2000,0.391,1.9626776918648552,5.672031271219555,9.883463918978173,0.509908969236787,1.624,1.808,0.0,0.0,0.0,alpha_hor
chr14,11817085,11819085,2000,0.3865,1.9587502755695123,5.666748566773291,9.865468628281477,0.504426077094456,1.6,1.788,0.0,0.0,1.5,alpha_hor
chr14,11821085,11823085,2000,0.39,1.9611684980302784,5.646347908123394,9.88105311414894,0.5016846310232904,1.588,1.764,0.0,0.0,2.808338366508484,alpha_hor
chr14,11825085,11827085,2000,0.3875,1.9594230218470217,5.656490742056589,9.885294421934171,0.4907188467386283,1.592,1.784,0.0,0.0,1.98888693523407,alpha_hor
chr14,11829085,11831085,2000,0.39,1.961418505532496,5.669872936215736,9.870017955970251,0.5016846310232904,1.612,1.796,0.0,0.0,0.885,alpha_hor
chr14,11833085,11835085,2000,0.3935,1.9635377914768968,5.668556144945608,9.829293682398536,0.4989431849521249,1.608,1.76,0.0,0.0,0.0,alpha_hor
chr14,11837085,11839085,2000,0.3855,1.9580143898377185,5.651851173104048,9.90905872790774,0.5071675231656215,1.596,1.808,0.0,0.0,1.7357125310897827,alpha_hor
chr14,11841085,11843085,2000,0.3885,1.9600899672635463,5.645575790583369,9.856051166690085,0.4852359545962973,1.56,1.728,0.0,0.0,0.0,alpha_hor
chr14,11845085,11847085,2000,0.387,1.958740381785438,5.6468426104468,9.9024576501827,0.509908969236787,1.644,1.78,0.0,0.0,0.0,alpha_hor
chr14,11849085,11851085,2000,0.3905,1.962632909360785,5.6612189411674025,9.90386031195238,0.5153918613791181,1.656,1.808,0.0,0.0,1.39,alpha_hor
chr14,11853085,11855085,2000,0.3865,1.960194345236837,5.662960477389612,9.88808977867491,0.504426077094456,1.616,1.808,0.0,0.0,0.0,alpha_hor
chr14,11857085,11859085,2000,0.388,1.960778364117131,5.655911879745032,9.883313616881216,0.5153918613791181,1.632,1.776,0.0,0.0,0.0,alpha_hor
chr14,11861085,11863085,2000,0.3915,1.962050943075588,5.674973296304008,9.879769591546165,0.5126504153079525,1.644,1.796,0.0,0.0,0.0,alpha_hor
chr14,11865085,11867085,2000,0.3925,1.963338160767692,5.670449502119501,9.834859199594506,0.504426077094456,1.608,1.808,0.0,0.0,6.666660308837891,alpha_hor
chr14,11869085,11871085,2000,0.389,1.9606729423170373,5.646506032791701,9.837205505922142,0.4962017388809594,1.552,1.78,0.0,0.0,0.9083351697921752,alpha_hor
chr14,11873085,11875085,2000,0.388,1.9606899587680384,5.661053323360263,9.833781080779644,0.4989431849521249,1.588,1.768,0.0,0.0,0.0,alpha_hor
chr14,11877085,11879085,2000,0.391,1.961385704193655,5.674554784249969,9.918270680848268,0.509908969236787,1.648,1.836,0.0,0.0,1.3666694297790527,alpha_hor
chr14,11881085,11883085,2000,0.392,1.9626549379182396,5.667922385849585,9.914555160381958,0.509908969236787,1.656,1.808,0.0,0.0,0.0,alpha_hor
chr14,11885085,11887085,2000,0.3935,1.9621164099658224,5.671108869429314,9.940113862267497,0.5236161995926146,1.668,1.808,0.0,0.0,0.7214278421401977,alpha_hor
chr14,11889085,11891085,2000,0.391,1.9617915841638764,5.655616240453525,9.884949095000536,0.5126504153079525,1.624,1.788,0.0,0.0,1.0916688737869262,alpha_hor
chr14,11893085,11895085,2000,0.39,1.9612004271706576,5.658476005361485,9.913192176394752,0.5126504153079525,1.64,1.792,0.0,0.0,0.88,alpha_hor
chr14,11897085,11899085,2000,0.39,1.960949945754157,5.652147816467985,9.898298877750474,0.504426077094456,1.588,1.788,0.0,0.0,0.0,alpha_hor
chr14,11901085,11903085,2000,0.39,1.9613430947027508,5.653854546457097,9.875608797111454,0.4989431849521249,1.584,1.756,0.0,0.0,0.0,alpha_hor
chr14,11905085,11907085,2000,0.3895,1.960102532978508,5.652570530425568,9.877224987163329,0.4934602928097938,1.632,1.772,0.0,0.0,2.66666912651062,alpha_hor
chr14,11909085,11911085,2000,0.3905,1.962364434324742,5.6684551311243245,9.912737072215076,0.5071675231656215,1.628,1.824,0.0,0.0,2.2416711988449096,alpha_hor
chr14,11913085,11915085,2000,0.3875,1.960318324526766,5.666813023350278,9.857655477711692,0.504426077094456,1.576,1.796,0.0,0.0,1.6428554821014405,alpha_hor
chr14,11917085,11919085,2000,0.388,1.9607653983685704,5.667200676040967,9.87270483805882,0.5126504153079525,1.62,1.8,0.0,0.0,2.46875,alpha_hor
chr14,11921085,11923085,2000,0.3915,1.9629182427552965,5.672586553778309,9.888707112854844,0.504426077094456,1.636,1.8,0.0,0.0,0.0,alpha_hor
chr14,11925085,11927085,2000,0.3905,1.9628301301007935,5.668663865212259,9.862720697442665,0.4879774006674628,1.6,1.768,0.0,0.0,1.2166691265106202,alpha_hor
chr14,11929085,11931085,2000,0.392,1.963103703313285,5.677920540936002,9.890209843602824,0.5071675231656215,1.632,1.812,0.0,0.0,0.0,alpha_hor
chr14,11933085,11935085,2000,0.3875,1.960043068125283,5.668154763723792,9.820736343851545,0.4797530624539662,1.572,1.792,0.0,0.0,1.7142839813232422,alpha_hor
chr14,11937085,11939085,2000,0.391,1.9616623986463175,5.677141404475033,9.8641313341382,0.504426077094456,1.624,1.8,0.0,0.0,0.0,alpha_hor
chr14,11941085,11943085,2000,0.3925,1.9626238606939872,5.66515411869817,9.845956220466814,0.4879774006674628,1.556,1.756,0.0,0.0,2.74,alpha_hor
chr14,11945085,11947085,2000,0.392,1.9615047001636572,5.668542233797244,9.877781200114836,0.5153918613791181,1.632,1.776,0.0,0.0,1.2000024261474609,alpha_hor
chr14,11949085,11951085,2000,0.39,1.9609449724181756,5.660302510581868,9.806456767894913,0.4907188467386283,1.532,1.76,0.0,0.0,0.0,alpha_hor
chr14,11953085,11955085,2000,0.389,1.9607981366913676,5.664090955962637,9.818435907208904,0.4852359545962973,1.532,1.772,0.0,0.0,1.842855279922485,alpha_hor
chr14,11957085,11959085,2000,0.39,1.96078086129143,5.649078672029982,9.842002396513086,0.4934602928097938,1.564,1.764,0.0,0.0,1.7583330550193788,alpha_hor
chr14,11961085,11963085,2000,0.3885,1.9605851380681256,5.644906278270237,9.842335933087057,0.4852359545962973,1.572,1.76,0.0,0.0,1.7222205305099487,alpha_hor
chr14,11965085,11967085,2000,0.391,1.9619479536226496,5.668900330406649,9.862575301803062,0.4989431849521249,1.616,1.784,0.0,0.0,0.9142847900390624,alpha_hor
chr14,11969085,11971085,2000,0.392,1.9639054711903663,5.680254165990646,9.906037062197012,0.504426077094456,1.636,1.828,0.0,0.0,1.298332416534424,alpha_hor
chr14,11973085,11975085,2000,0.392,1.961264589400529,5.675120150526038,9.939622829933436,0.509908969236787,1.64,1.82,0.0,0.0,3.495240020751953,alpha_hor
chr14,11977085,11979085,2000,0.39,1.9619541745962263,5.6611410525130355,9.87445141044585,0.5016846310232904,1.608,1.796,0.0,0.0,1.3214272356033323,alpha_hor
chr14,11981085,11983085,2000,0.388,1.960050936365236,5.649750482350469,9.8582636076584,0.5071675231656215,1.58,1.78,0.0,0.0,1.37,alpha_hor
chr14,11985085,11987085,2000,0.3905,1.962884109011388,5.662937181611176,9.875540261129576,0.5016846310232904,1.572,1.796,0.0,0.0,0.84,alpha_hor
chr14,11989085,11991085,2000,0.3885,1.961032345152555,5.668541620187336,9.837799170712165,0.4962017388809594,1.58,1.792,0.0,0.0,2.3083380002975464,alpha_hor
chr14,11993085,11995085,2000,0.3905,1.961562549331372,5.660786088372309,9.890675108854875,0.5126504153079525,1.628,1.784,0.0,0.0,1.4785699338912963,alpha_hor
chr14,11997085,11999085,2000,0.392,1.9623371488503003,5.6781571445974155,9.874975426173888,0.504426077094456,1.636,1.8,0.0,0.0,1.158335675239563,alpha_hor
chr14,12001085,12003085,2000,0.392,1.962436202314958,5.690743339336077,9.865804065654624,0.5016846310232904,1.604,1.824,0.0,0.0,0.0,alpha_hor
chr14,12005085,12007085,2000,0.39,1.961588814194276,5.686175144011373,9.82472097472052,0.4907188467386283,1.584,1.788,0.0,0.0,0.0,alpha_hor
chr14,12009085,12011085,2000,0.393,1.9624110281951588,5.680728275750226,9.872598578726578,0.4962017388809594,1.616,1.792,0.0,0.0,0.0,alpha_hor
chr14,12013085,12015085,2000,0.3915,1.962666437693587,5.66373614629885,9.850321325969473,0.5181333074502835,1.648,1.788,0.0,0.0,0.0,alpha_hor
chr14,12017085,12019085,2000,0.389,1.9601425894636595,5.645390807528728,9.887181538684988,0.5016846310232904,1.588,1.776,0.0,0.0,0.0,alpha_hor
chr14,12021085,12023085,2000,0.3885,1.9599574961664676,5.6469270101143785,9.89208956670046,0.5016846310232904,1.624,1.784,0.0,0.0,0.0,alpha_hor
chr14,12025085,12027085,2000,0.389,1.9602696078317032,5.65064912355264,9.859428969249915,0.4934602928097938,1.652,1.764,0.0,0.0,0.665,alpha_hor
chr14,12029085,12031085,2000,0.388,1.961440220185828,5.667267024875118,9.8702494974988,0.4962017388809594,1.568,1.796,0.0,0.0,2.1000002002716065,alpha_hor
chr14,12033085,12035085,2000,0.3855,1.9591747415953984,5.654729685892199,9.866617475897254,0.4962017388809594,1.624,1.804,0.0,0.0,0.0,alpha_hor
chr14,12037085,12039085,2000,0.387,1.9600450268088856,5.664299291110514,9.80793890893783,0.4962017388809594,1.572,1.78,0.0,0.0,1.0230772109031678,alpha_hor
chr14,12041085,12043085,2000,0.391,1.96238892999372,5.684664216464019,9.820137993694471,0.4852359545962973,1.56,1.788,0.0,0.0,1.89128764629364,alpha_hor
chr14,12045085,12047085,2000,0.393,1.9637110573172465,5.679273497677376,9.907213089851712,0.4989431849521249,1.64,1.824,0.0,0.0,0.0,alpha_hor
chr14,12049085,12051085,2000,0.3905,1.962248444263015,5.688273070185933,9.890070534262582,0.5071675231656215,1.652,1.8,0.0,0.0,3.7818174457550047,alpha_hor
chr14,12053085,12055085,2000,0.391,1.9619510761282208,5.674688928008305,9.895839106402716,0.5071675231656215,1.648,1.812,0.0,0.0,1.0444434185028075,alpha_hor
chr14,12057085,12059085,2000,0.392,1.9620317415739177,5.679360859266812,9.903893306778857,0.5126504153079525,1.664,1.808,0.0,0.0,0.7944436640739441,alpha_hor
chr14,12061085,12063085,2000,0.3925,1.9617745452147473,5.676896612652711,9.890611784331242,0.504426077094456,1.62,1.796,0.0,0.0,0.92590913772583,alpha_hor
chr14,12065085,12067085,2000,0.394,1.9639776633487993,5.675592492217617,9.824309282567492,0.4989431849521249,1.556,1.772,0.0,0.0,0.875,alpha_hor
chr14,12069085,12071085,2000,0.388,1.960421345659228,5.660306847394811,9.873274801518376,0.5126504153079525,1.616,1.808,0.0,0.0,0.0,alpha_hor
chr14,12073085,12075085,2000,0.3885,1.9604285590373336,5.6571530528044,9.853315258733629,0.4962017388809594,1.576,1.796,0.0,0.0,0.65625,alpha_hor
chr15,14555223,14557223,2000,0.483,1.992744983746844,5.825190453464802,10.93744718779272,0.951281786694436,2.688,2.476,0.0,0.0,0.0,non_satellite
chr15,14559223,14561223,2000,0.593,1.9724078989191784,5.75295177968977,10.917276853376936,0.9348331102674428,2.628,2.484,0.0,0.0,0.0,other_sat
chr15,14563223,14565223,2000,0.3865,1.9339237715331652,5.681108204044959,10.958552715430908,0.940316002409774,2.716,2.444,0.0,1.0,0.45,non_satellite
chr15,14567223,14569223,2000,0.385,1.9558267830697904,5.730313807110004,10.95754769030528,0.951281786694436,2.668,2.464,0.0,0.575,2.3,non_satellite
chr15,14571223,14573223,2000,0.3455,1.9299818358289889,5.69418288411064,10.889014040778438,0.9211258799116152,2.668,2.468,0.0,0.0,1.58125,non_satellite
chr15,14575223,14577223,2000,0.3785,1.934154234647291,5.682606980465535,10.954532614928397,0.9540232327656016,2.672,2.46,0.0,0.225,1.2625,non_satellite
chr15,14579223,14581223,2000,0.415,1.924503110419669,5.643079820398792,10.95654266517965,0.9129015416981188,2.664,2.44,0.0,0.625,1.940177134513855,non_satellite
chr15,14583223,14585223,2000,0.388,1.9305398441924968,5.654213143454779,10.936638323232698,0.9293502181251118,2.68,2.44,0.0,0.0,0.5374995579719544,non_satellite
chr15,14587223,14589223,2000,0.443,1.940221820044032,5.690070953060023,10.95754769030528,0.9266087720539464,2.684,2.452,0.0,0.875,13.378569074630738,non_satellite
chr15,14591223,14593223,2000,0.4145,1.973421798180428,5.742651807633524,10.955537640054022,0.9320916641962772,2.664,2.472,0.0,0.175,1.33125,non_satellite
chr15,14595223,14597223,2000,0.382,1.9474436315476344,5.70295486262607,10.942472313420858,0.9129015416981188,2.656,2.44,0.0,0.0,0.88125,non_satellite
chr15,14599223,14601223,2000,0.4435,1.9888261512424112,5.835013862644026,10.958552715430908,0.9759548013349256,2.732,2.496,0.0,1.0,1.386818232536316,non_satellite
chr15,14603223,14605223,2000,0.4315,1.979423635431208,5.809492639684679,10.944349367437695,0.945798894552105,2.716,2.456,0.0,0.0,0.6409091520309448,non_satellite
chr15,14607223,14609223,2000,0.3225,1.887384472383391,5.570805033379192,10.954532614928397,0.9074186495557875,2.648,2.444,0.0,0.525,1.5461542811393738,non_satellite
chr15,14611223,14613223,2000,0.446,1.966944907995393,5.707385594797845,10.951517539551514,0.9211258799116152,2.656,2.432,0.0,0.0,0.6642859740257263,non_satellite
chr15,14615223,14617223,2000,0.4635,1.994790463494384,5.8010210415974335,10.929040627012215,0.951281786694436,2.712,2.46,0.0,0.0,5.149591503381729,non_satellite
chr15,14619223,14621223,2000,0.444,1.9852847756012248,5.822278312786064,10.95754769030528,0.951281786694436,2.724,2.512,0.0,0.6,1.5121317434310912,non_satellite
chr15,14623223,14625223,2000,0.4385,1.9770287974122531,5.796294199507511,10.953527589802768,0.9485403406232704,2.716,2.452,0.0,0.0,0.888889440536499,non_satellite
chr15,14627223,14629223,2000,0.442,1.988712212573832,5.80409495700687,10.95754769030528,0.956764678836767,2.656,2.48,0.0,0.325,0.39,non_satellite
chr15,14631223,14633223,2000,0.327,1.9114430787108725,5.630416067422442,10.954532614928397,0.9129015416981188,2.632,2.456,0.0,0.25,1.735712733268738,non_satellite
chr15,14635223,14637223,2000,0.39,1.8969630060557268,5.581126089510525,10.958552715430908,0.9129015416981188,2.652,2.42,0.0,1.0,0.0,non_satellite
chr15,14639223,14641223,2000,0.401,1.9701556947132863,5.8150056721578895,10.945487388797744,0.951281786694436,2.644,2.476,0.0,0.0,4.95256029844284,non_satellite
chr15,14643223,14645223,2000,0.6045,1.9666974309765233,5.767801502616472,10.95754769030528,0.945798894552105,2.708,2.44,0.0,0.475,1.1624995565414429,bsat
chr15,14647223,14649223,2000,0.5025,1.9982881988250312,5.830814988804134,10.912631068202144,0.9320916641962772,2.66,2.456,0.0,0.0,1.5269235064983369,bsat
chr15,14651223,14653223,2000,0.411,1.9764711189882875,5.806026899267991,10.935929825979326,0.9485403406232704,2.716,2.456,0.0,0.0,2.425553732872009,non_satellite
chr15,14655223,14657223,2000,0.468,1.9614974387299344,5.683832322973169,10.473268962362935,0.8224338213496565,2.368,2.284,0.0,0.0,0.6375,non_satellite
chr15,14659223,14661223,2000,0.501,1.8050436120044648,4.89349833095196,9.814508955844248,0.6661713952932218,2.052,1.968,0.0,0.0,0.7666659135818481,non_satellite
chr15,14663223,14665223,2000,0.4515,1.969879326308492,5.615632914893547,10.703243793264212,0.8333996056343186,2.436,2.3,0.0,0.0,0.8954546308517456,non_satellite
chr15,14667223,14669223,2000,0.6255,1.9519789559376377,5.792763326754687,10.95754769030528,0.956764678836767,2.72,2.468,0.0,0.725,1.045,non_satellite
chr15,14671223,14673223,2000,0.522,1.9985624360159353,5.880778939133466,10.954532614928397,0.9540232327656016,2.672,2.512,0.0,0.025,0.7730771405696869,non_satellite
chr15,14675223,14677223,2000,0.3635,1.9366429169342947,5.529950107963942,10.212834422060991,0.6250497042257389,1.98,1.94,0.0,0.0,0.4846155209541321,alpha_mono
chr15,14679223,14681223,2000,0.362,1.9399211168321904,5.556443352532017,10.19162643930804,0.6387569345815666,1.972,1.92,0.0,0.0,1.7999992847442627,alpha_mono
chr15,14683223,14685223,2000,0.355,1.927326314908204,5.50944369268659,10.269757966846363,0.6332740424392355,1.988,1.964,0.0,0.0,0.5954546022415161,alpha_mono
chr15,14687223,14689223,2000,0.352,1.9252874663183368,5.50425246937407,10.18655909351996,0.6305325963680699,1.968,1.908,0.0,0.0,1.4222208251953126,alpha_mono
chr15,14691223,14693223,2000,0.348,1.9209535799532,5.5244836195043625,10.41650918419735,0.6634299492220562,2.028,2.036,0.0,0.0,0.0,alpha_mono
chr15,14695223,14697223,2000,0.356,1.9308886051262968,5.529808083499508,10.187597628130732,0.6058595817275803,1.936,1.952,0.0,0.0,0.5777772102355957,alpha_mono
chr15,14699223,14701223,2000,0.377,1.9489578009613615,5.59040599413717,10.2255417125945,0.6277911502969045,1.948,1.964,0.0,0.0,3.08125,alpha_mono
chr15,14703223,14705223,2000,0.3825,1.9538675555239997,5.610771661738339,10.247590562857187,0.6469812727950631,2.016,1.968,0.0,0.0,0.0,alpha_mono
chr15,14707223,14709223,2000,0.3765,1.9495550068226837,5.591910704673483,10.259256643982887,0.6250497042257389,2.004,1.96,0.0,0.0,0.63,alpha_mono
chr15,14711223,14713223,2000,0.404,1.9680030233358337,5.711633570524428,10.381529742594068,0.6853615177913804,2.092,2.128,0.0,0.0,0.5363636875152588,alpha_mono
chr15,14715223,14717223,2000,0.4125,1.9708530453583553,5.7127078140734575,10.38718686600033,0.7072930863607045,2.132,2.108,0.0,0.0,0.8384617743492127,alpha_mono
chr15,14719223,14721223,2000,0.413,1.9720596550019804,5.71784980663961,10.347147922841234,0.6853615177913804,2.12,2.104,0.0,0.0,1.61190539932251,alpha_mono
chr15,14723223,14725223,2000,0.385,1.9538216238663224,5.584495625738617,10.16561651624691,0.6250497042257389,1.972,1.932,0.0,0.0,0.916666316986084,alpha_mono
chr15,14727223,14729223,2000,0.3815,1.9536595401748271,5.615887867679417,10.274646457931304,0.6387569345815666,2.024,1.992,0.0,0.0,0.4178573062419891,alpha_mono
chr15,14731223,14733223,2000,0.405,1.970241747090402,5.707996406945937,10.422706893445202,0.693585856004877,2.112,2.088,0.0,0.0,1.1317947278022766,alpha_mono
chr15,14735223,14737223,2000,0.374,1.9470024063919396,5.592825539214244,9.819810930418813,0.4605629399558076,1.52,1.78,0.0,0.0,0.2961539294719696,alpha_mono
chr15,14739223,14741223,2000,0.3625,1.9404417507595533,5.547275949572992,10.083414781790864,0.5866694592294216,1.86,1.884,0.0,0.0,0.8133337211608886,alpha_mono
chr15,14743223,14745223,2000,0.382,1.909201412588039,5.603254836541055,10.95151753955151,0.9101600956269532,2.66,2.416,0.0,0.05,1.07222167634964,alpha_mono
chr15,14747223,14749223,2000,0.4485,1.9832234711037844,5.772428756358875,10.81430213752844,0.8772627427729669,2.536,2.412,0.0,0.0,2.179410663127899,alpha_mono
chr15,14751223,14753223,2000,0.4645,1.7296114154222153,4.52286107748495,8.913325072367622,0.4550800478134765,1.512,1.492,0.0,0.0,4.078392946720124,hsat
chr15,14755223,14757223,2000,0.46,1.6801572034931596,4.315356442773414,9.04781015744696,0.4907188467386283,1.6,1.492,0.0,0.0,0.3750908803939819,hsat
chr15,14759223,14761223,2000,0.45,1.6931742176428974,4.330626326929587,8.571127174478265,0.4249241410306558,1.436,1.384,0.0,0.0,0.577777416229248,hsat
chr15,14763223,14765223,2000,0.4625,1.712017122201042,4.443489381513688,9.065001422153264,0.5016846310232904,1.664,1.528,0.0,0.0,0.554,hsat
chr15,14767223,14769223,2000,0.4775,1.637066694302741,4.190445626731375,8.763332754586637,0.4331484792441524,1.464,1.348,0.0,0.0,0.478603660583496,hsat
chr15,14771223,14773223,2000,0.4515,1.6905854245923246,4.400000153831083,8.994708511211325,0.4770116163828007,1.6,1.512,0.0,0.0,2.458370329618454,hsat
chr15,14775223,14777223,2000,0.477,1.788995623800803,4.8481123593218385,9.7267504155279,0.583928013158256,1.872,1.832,0.0,0.0,0.6045455121994019,hsat
chr15,14779223,14781223,2000,0.4065,1.9708409024950844,5.810770688665367,10.958552715430908,0.9649890170502636,2.752,2.492,0.0,1.0,0.0,non_satellite
chr15,14783223,14785223,2000,0.5025,1.9319350950948928,5.459564297178574,10.52547406117452,0.8388824977766496,2.384,2.244,0.0,0.0,0.565,non_satellite
chr15,14787223,14789223,2000,0.477,1.7025284038703483,4.549897828010734,9.53455552700558,0.6003766895852493,1.848,1.748,0.0,0.0,1.504166283607483,non_satellite
chr15,14791223,14793223,2000,0.5715,1.9682618067952844,5.772737459769773,10.947497439049,0.9211258799116152,2.668,2.476,0.0,0.0,0.834614958524704,non_satellite
chr15,14795223,14797223,2000,0.6555,1.925552339035646,5.666375142374235,10.955537640054022,0.9238673259827808,2.652,2.432,0.0,0.425,0.0499999809265136,non_satellite
chr15,14799223,14801223,2000,0.6445,1.9108277263756357,5.659574694479734,10.95654266517965,0.9348331102674428,2.652,2.452,0.0,0.45,0.0,non_satellite
chr15,14803223,14805223,2000,0.4515,1.91572957506302,5.602294652629049,10.754373572158414,0.8800041888441325,2.468,2.36,0.0,0.0,0.2847620344161987,non_satellite
chr15,14807223,14809223,2000,0.447,1.9765765297914424,5.813696797367736,10.934678456634767,0.9375745563386084,2.68,2.492,0.0,0.0,2.341668236732483,non_satellite
chr15,14811223,14813223,2000,0.4485,1.9858199375790389,5.841810284781922,10.840426123222716,0.9101600956269532,2.64,2.424,0.0,0.0,0.6833330726623535,non_satellite
chr15,14815223,14817223,2000,0.4595,1.95810990339484,5.725191751600148,10.95754769030528,0.940316002409774,2.688,2.444,0.0,0.625,3.2208330783843993,non_satellite
chr15,14819223,14821223,2000,0.381,1.9180384309242728,5.628718984114918,10.95654266517965,0.9129015416981188,2.656,2.416,0.0,0.475,3.055,non_satellite
chr15,14823223,14825223,2000,0.397,1.966507997929135,5.765217747274268,10.897739486426346,0.9293502181251118,2.66,2.444,0.0,0.0,1.654545087814331,non_satellite
chr15,14827223,14829223,2000,0.401,1.9512876690455596,5.741405076837945,10.95754769030528,0.9649890170502636,2.716,2.408,0.0,0.7,1.019524150133133,non_satellite
chr15,14831223,14833223,2000,0.3555,1.9382489593268712,5.6857964336138735,10.95654266517965,0.951281786694436,2.676,2.492,0.0,0.475,0.77,non_satellite
chr15,14835223,14837223,2000,0.45,1.9879414448027932,5.80774831661299,10.79563792330632,0.8854870809864634,2.564,2.432,0.0,0.0,1.4511363887786866,non_satellite
chr15,14839223,14841223,2000,0.4175,1.91568267830906,5.596778303859535,10.779445043571092,0.9074186495557875,2.556,2.336,0.0,0.0,0.386363673210144,non_satellite
chr15,14843223,14845223,2000,0.409,1.9754004880843836,5.803603475215219,10.95654266517965,0.9677304631214292,2.732,2.488,0.0,0.225,0.405238260269165,non_satellite
chr15,14847223,14849223,2000,0.3845,1.9581109009539737,5.764700807629915,10.948502464174627,0.940316002409774,2.652,2.492,0.0,0.0,4.10595206284523,non_satellite
chr15,14851223,14853223,2000,0.3095,1.8427703511627271,5.456099004781463,10.949507489300254,0.8909699731287946,2.58,2.396,0.0,0.275,1.3115388305187226,non_satellite
chr15,14855223,14857223,2000,0.3905,1.9607587469233048,5.777031852301358,10.958552715430908,0.9485403406232704,2.696,2.456,0.0,1.0,2.9914826877117155,non_satellite
chr15,14859223,14861223,2000,0.3305,1.8807242500090984,5.5479544880622615,10.958552715430908,0.9183844338404498,2.64,2.448,0.0,1.0,0.0,non_satellite
chr15,14863223,14865223,2000,0.3115,1.8943513781100405,5.58922663324169,10.762347310282628,0.89371141919996,2.596,2.412,0.0,0.0,0.0,non_satellite
chr15,14867223,14869223,2000,0.408,1.968408027523113,5.815998223029429,10.958552715430908,0.9649890170502636,2.724,2.5,0.0,1.0,1.2633919906616211,non_satellite
chr15,14871223,14873223,2000,0.339,1.9210087588129592,5.659201496236553,10.94548738879774,0.940316002409774,2.676,2.428,0.0,0.0,2.973808994293213,non_satellite
chr15,14875223,14877223,2000,0.4075,1.9502995351972947,5.714811262587588,10.94233931718644,0.9293502181251118,2.68,2.444,0.0,0.0,0.7750015668869018,non_satellite
chr15,14879223,14881223,2000,0.372,1.8990217934355529,5.5536740738928705,10.953527589802768,0.9183844338404498,2.628,2.372,0.0,0.3,0.5954546022415161,non_satellite
chr15,14883223,14885223,2000,0.271,1.8357970092275988,5.425223834747332,10.943723682765418,0.8991943113422911,2.62,2.38,0.0,0.0,0.8821432020664215,non_satellite
chr15,14887223,14889223,2000,0.3025,1.879306846149696,5.552455385520901,10.95252256467714,0.904677203484622,2.596,2.44,0.0,0.15,1.495,non_satellite
chr15,14891223,14893223,2000,0.3765,1.9547998836529716,5.750847014343948,10.95654266517965,0.951281786694436,2.664,2.476,0.0,0.4,0.6777771120071411,non_satellite
chr15,14895223,14897223,2000,0.393,1.965714093476667,5.776106481803536,10.944728707891048,0.9786962474060912,2.724,2.492,0.0,0.0,0.5227273225784301,non_satellite
chr15,14899223,14901223,2000,0.389,1.9138050964321576,5.613189823605435,10.955537640054022,0.9211258799116152,2.648,2.38,0.0,0.325,2.277198605298996,non_satellite
chr15,14903223,14905223,2000,0.4265,1.9504648793340251,5.654805547308708,10.71868194567145,0.888228527057629,2.536,2.372,0.0,0.0,0.8716659135818482,non_satellite
chr15,14907223,14909223,2000,0.374,1.9219940328678349,5.687414988328893,10.948502464174627,0.9266087720539464,2.668,2.428,0.0,0.0,0.4968182182312011,non_satellite
chr15,14911223,14913223,2000,0.415,1.9764494450486705,5.792300835641728,10.650913950749686,0.8553311742036427,2.46,2.376,0.0,0.0,0.0,non_satellite
chr15,14915223,14917223,2000,0.364,1.944474569714596,5.702957538294881,10.953773934021696,0.940316002409774,2.664,2.48,0.0,0.025,0.4958331441879272,non_satellite
chr15,14919223,14921223,2000,0.3965,1.9599211219342816,5.73438010628844,10.938269033030606,0.9211258799116152,2.616,2.46,0.0,0.0,1.232143338918686,non_satellite
chr15,14923223,14925223,2000,0.4745,1.9922021598558888,5.83533609629746,10.9373141915583,0.951281786694436,2.68,2.456,0.0,0.0,1.543565770626068,non_satellite
chr15,14927223,14929223,2000,0.5835,1.978997264223821,5.783828178968741,10.933047746836856,0.9348331102674428,2.672,2.464,0.0,0.0,0.8813632440567016,other_sat
chr15,14931223,14933223,2000,0.372,1.9195782927329783,5.638314720486614,10.958552715430908,0.9320916641962772,2.656,2.428,0.0,1.0,0.5523803939819336,non_satellite
chr15,14935223,14937223,2000,0.3905,1.9599913535123303,5.746869337942021,10.95654266517965,0.945798894552105,2.692,2.48,0.0,0.35,5.256141896247864,non_satellite
chr15,14939223,14941223,2000,0.3635,1.9406239604210755,5.5038164433214405,9.872447090479207,0.5565135524466008,1.804,1.8,0.0,0.0,0.5052633819580078,alpha_mono
chr15,14943223,14945223,2000,0.361,1.9403188668056712,5.537933618500013,10.056644527435472,0.6168253660122424,1.888,1.868,0.0,0.0,2.46875,alpha_mono
chr15,14947223,14949223,2000,0.3565,1.937006938369287,5.509285648298253,10.009994983566507,0.5948937974429181,1.848,1.848,0.0,0.0,0.0,alpha_mono
chr15,14951223,14953223,2000,0.3605,1.939185353014545,5.524803776835065,10.060811103168628,0.5702207828024285,1.824,1.884,0.0,0.0,0.8111103143692017,alpha_mono
chr15,14955223,14957223,2000,0.351,1.9320375688522091,5.5667018241412825,10.05873496492604,0.5921523513717527,1.892,1.908,0.0,0.0,0.5333331298828125,alpha_mono
chr15,14959223,14961223,2000,0.3645,1.941883176976705,5.623740068866605,10.330488200887714,0.6963273020760424,2.104,2.092,0.0,0.0,1.7563192760944366,alpha_mono
chr15,14963223,14965223,2000,0.388,1.8984342420708613,5.582806676215489,10.953527589802768,0.9101600956269532,2.628,2.396,0.0,0.3,2.260163635492325,alpha_mono
chr15,14967223,14969223,2000,0.376,1.935841861870954,5.66625055880585,10.775313205348096,0.836141051705484,2.416,2.328,0.0,0.0,0.0,alpha_mono
chr15,14971223,14973223,2000,0.3655,1.942065787226438,5.517342562259616,9.847534492302376,0.5400648760196077,1.756,1.784,0.0,0.0,1.4428577070236206,alpha_mono
chr15,14975223,14977223,2000,0.3695,1.9481627853997476,5.552194288989219,10.213659025050282,0.6223082581545734,1.96,1.912,0.0,0.0,2.7586525132656097,alpha_mono
chr15,14979223,14981223,2000,0.3755,1.952247585251772,5.542981353440504,9.953465326812314,0.5702207828024285,1.796,1.832,0.0,0.0,0.0,alpha_mono
chr15,14983223,14985223,2000,0.372,1.948290984953562,5.566957931482659,9.964571341836931,0.578445121015925,1.828,1.852,0.0,0.0,1.0571432704925536,alpha_mono
chr15,14987223,14989223,2000,0.37,1.9495874245279792,5.570483794903392,9.998732084501237,0.572962228873594,1.836,1.84,0.0,0.0,2.6750001211166383,alpha_mono
chr15,14991223,14993223,2000,0.377,1.919506126407809,5.626869193386607,10.93561227098146,0.9238673259827808,2.632,2.404,0.0,0.0,2.1072609157562256,non_satellite
chr15,14995223,14997223,2000,0.407,1.97224676517128,5.762756939700601,10.938894717702883,0.9485403406232704,2.672,2.484,0.0,0.0,6.538232443332672,non_satellite
chr15,14999223,15001223,2000,0.369,1.9495133509012632,5.746718923357547,10.954532614928397,0.9485403406232704,2.68,2.416,0.0,0.075,2.0035721518993377,non_satellite
chr15,15003223,15005223,2000,0.4485,1.9821218053044989,5.7786242226526054,10.949507489300252,0.9430574484809394,2.688,2.432,0.0,0.0,1.7116653807163238,non_satellite
chr15,15007223,15009223,2000,0.3835,1.8974507466678028,5.572036032028856,10.95654266517965,0.9183844338404498,2.684,2.416,0.0,0.725,0.69,non_satellite
chr15,15011223,15013223,2000,0.331,1.879316531903178,5.537323028253816,10.950512514425885,0.9074186495557875,2.62,2.436,0.0,0.025,0.7071421422958374,non_satellite
chr15,15015223,15017223,2000,0.3705,1.9270739889329147,5.652559514698498,10.86957851943798,0.89371141919996,2.58,2.416,0.0,0.0,0.5625,non_satellite
chr15,15019223,15021223,2000,0.3885,1.962728198193781,5.7718830612421765,10.898170181051496,0.9375745563386084,2.664,2.428,0.0,0.0,3.6499996929168703,non_satellite
chr15,15023223,15025223,2000,0.4265,1.9830900107965628,5.794274664882463,10.95754769030528,0.945798894552105,2.692,2.476,0.0,0.625,0.0,non_satellite
chr15,15027223,15029223,2000,0.3665,1.9433235081553453,5.745436915635223,10.927377288286534,0.9293502181251118,2.656,2.452,0.0,0.0,2.584025589466095,non_satellite
chr15,15031223,15033223,2000,0.4,1.9484905636718843,5.736749601104426,10.93467845663477,0.9293502181251118,2.652,2.488,0.0,0.0,1.375,non_satellite
chr15,15035223,15037223,2000,0.452,1.985753291753316,5.713043034689401,10.818265386805596,0.8772627427729669,2.544,2.38,0.0,0.0,1.5355543222427368,non_satellite
chr15,15039223,15041223,2000,0.461,1.9895918574768443,5.79780711914417,10.954532614928397,0.9485403406232704,2.7,2.472,0.0,0.025,1.3357134408950806,non_satellite
chr15,15043223,15045223,2000,0.4595,1.994276967039172,5.871548448327877,10.95754769030528,0.9814376934772568,2.728,2.48,0.0,0.475,1.3222209234237672,non_satellite
chr15,15047223,15049223,2000,0.4495,1.9885155614467749,5.805640405963214,10.95754769030528,0.9540232327656016,2.68,2.436,0.0,0.575,1.260554371356964,non_satellite
chr15,15051223,15053223,2000,0.325,1.906470135980082,5.63800964886643,10.953527589802768,0.9238673259827808,2.64,2.48,0.0,0.075,0.7727773084640502,non_satellite
chr15,15055223,15057223,2000,0.379,1.8826968874879708,5.536372946856187,10.95252256467714,0.904677203484622,2.636,2.428,0.0,0.25,0.0,non_satellite
chr15,15059223,15061223,2000,0.379,1.955820975916546,5.779479834228539,10.949753833519187,0.9375745563386084,2.676,2.46,0.0,0.0,3.5655290937423705,non_satellite
chr15,15063223,15065223,2000,0.604,1.96672032567424,5.788573939382424,10.95754769030528,0.9540232327656016,2.716,2.484,0.0,0.575,1.5428570351600648,bsat
chr15,15067223,15069223,2000,0.513,1.998114804419197,5.843351497235081,10.940904767954144,0.9293502181251118,2.656,2.468,0.0,0.0,3.2429113869667052,bsat
chr15,15071223,15073223,2000,0.4135,1.9774338593029144,5.815560115193349,10.887388257835765,0.9238673259827808,2.664,2.452,0.0,0.0,2.7314809494018553,non_satellite
chr15,15075223,15077223,2000,0.4905,1.975850046765742,5.767656225979199,10.715159760305264,0.8800041888441325,2.528,2.416,0.0,0.0,3.5859889714717865,non_satellite
chr15,15079223,15081223,2000,0.5165,1.8684188272833884,5.2036978780604874,10.233674702086768,0.7484147774281874,2.248,2.092,0.0,0.0,1.5352551810741424,non_satellite
chr15,15083223,15085223,2000,0.4795,1.9860992069121208,5.823181961949919,10.915449983013414,0.9183844338404498,2.616,2.456,0.0,0.0,0.7333330535888671,non_satellite
chr15,15087223,15089223,2000,0.4535,1.9892649701805212,5.856064173495039,10.955537640054024,0.9649890170502636,2.696,2.536,0.0,0.075,2.34,non_satellite
chr15,15091223,15093223,2000,0.6175,1.9561278902099857,5.813973519402286,10.958552715430908,0.9595061249079324,2.7,2.476,0.0,1.0,0.9611101670265196,non_satellite
chr15,15095223,15097223,2000,0.5215,1.9980514530511204,5.89387412479388,10.958552715430908,0.9595061249079324,2.688,2.508,0.0,1.0,2.632577332496643,non_satellite
chr15,15099223,15101223,2000,0.38,1.9400733202970424,5.66508890999188,10.81999646391014,0.8553311742036427,2.524,2.372,0.0,0.0,2.3841593708992006,alpha_mono
chr15,15103223,15105223,2000,0.3625,1.9407246742065265,5.531846552681259,9.97856879894018,0.5318405378061112,1.7,1.808,0.0,0.0,0.70625,alpha_mono
chr15,15107223,15109223,2000,0.359,1.936757275477754,5.530359758441974,10.228469372977584,0.6277911502969045,1.944,1.932,0.0,0.0,4.745238328456879,alpha_mono
chr15,15111223,15113223,2000,0.348,1.9262727714422256,5.505938703614928,10.204898226671371,0.6003766895852493,1.92,1.912,0.0,0.0,3.5,alpha_mono
chr15,15115223,15117223,2000,0.368,1.9391374465604785,5.665929912156562,10.805845393094598,0.8443653899189807,2.468,2.332,0.0,0.0,2.7194429273605345,alpha_mono
chr15,15119223,15121223,2000,0.416,1.9351919404982756,5.689855960896217,10.954532614928397,0.9238673259827808,2.68,2.432,0.0,0.275,0.5388883595466614,alpha_mono
chr15,15123223,15125223,2000,0.3645,1.9386190418168527,5.687270997428062,10.900008246353517,0.9101600956269532,2.564,2.428,0.0,0.0,1.6833316798210145,alpha_mono
chr15,15127223,15129223,2000,0.3575,1.933415927278267,5.510518776636447,10.24131051253006,0.6223082581545734,1.968,1.908,0.0,0.0,1.593334093093872,alpha_mono
chr15,15131223,15133223,2000,0.3565,1.935820160705956,5.613488681625961,10.56743626446905,0.7264832088588632,2.22,2.176,0.0,0.0,1.4125,alpha_mono
chr15,15135223,15137223,2000,0.3635,1.9409486919218817,5.511631143895177,10.025986702493194,0.5702207828024285,1.86,1.876,0.0,0.0,1.3800651111602784,alpha_mono
chr15,15139223,15141223,2000,0.37,1.949547196267497,5.601362619996634,10.230727695063408,0.6387569345815666,2.004,1.992,0.0,0.0,0.6178573844432831,alpha_mono
chr15,15143223,15145223,2000,0.395,1.9648703942895511,5.657502554638182,10.217687775329802,0.6497227188662286,2.02,2.016,0.0,0.0,5.170085721969604,alpha_mono
chr15,15147223,15149223,2000,0.365,1.9433080020233973,5.55434922651895,10.027503455794312,0.5976352435140837,1.884,1.86,0.0,0.0,0.0,alpha_mono
chr15,15151223,15153223,2000,0.3735,1.9514218558619845,5.530733186946348,9.956186632601572,0.5866694592294216,1.856,1.824,0.0,0.0,1.9481065454483033,alpha_mono
chr15,15155223,15157223,2000,0.368,1.9433832603677392,5.568165907278966,9.942267109030825,0.5537721063754354,1.812,1.776,0.0,0.0,0.9958334741592408,alpha_mono
chr15,15159223,15161223,2000,0.378,1.936555745274992,5.672748947106618,10.813031119933958,0.8416239438478151,2.5,2.396,0.0,0.0,1.010605902671814,alpha_mono
chr15,15163223,15165223,2000,0.37,1.9427557344945925,5.5732190080404616,10.188798176411431,0.5976352435140837,1.888,1.932,0.0,0.0,0.0,alpha_mono
chr15,15167223,15169223,2000,0.369,1.944611348370868,5.568815639234027,10.138825699002968,0.6113424738699113,1.916,1.916,0.0,0.0,0.771875,alpha_mono
chr15,15171223,15173223,2000,0.373,1.9478728869316184,5.576992522209816,9.960048052742025,0.5674793367312629,1.8,1.852,0.0,0.0,0.5003204188346863,alpha_mono
chr15,15175223,15177223,2000,0.3735,1.9494808359291775,5.52586845007559,9.492812633381416,0.4221826949594903,1.412,1.548,0.0,0.0,0.3166667919158935,alpha_mono
chr15,15179223,15181223,2000,0.371,1.9471615300011549,5.6181741766981705,10.257820300510891,0.6634299492220562,2.064,2.068,0.0,0.0,2.4386359214782716,alpha_mono
chr15,15183223,15185223,2000,0.3765,1.8970780363296835,5.579931736272024,10.95051251442588,0.9266087720539464,2.644,2.4,0.0,0.025,0.5461539998054504,alpha_mono
chr15,15187223,15189223,2000,0.36,1.9415763865666191,5.534280509512988,9.992227901682762,0.5674793367312629,1.784,1.796,0.0,0.0,0.0,alpha_mono
chr15,15191223,15193223,2000,0.391,1.964152130261794,5.666803944519037,10.213379033210307,0.6661713952932218,2.028,2.02,0.0,0.0,0.9726181576251984,alpha_mono
chr15,15195223,15197223,2000,0.405,1.9325034604464475,5.659891442491274,10.95654266517965,0.9266087720539464,2.676,2.444,0.0,0.6,0.7462502813339233,alpha_mono
chr15,15199223,15201223,2000,0.479,1.962883969428603,5.768550086277718,10.955537640054022,0.945798894552105,2.708,2.476,0.0,0.275,1.9650791716575624,alpha_mono
chr15,15203223,15205223,2000,0.3715,1.950419820404754,5.575723414730044,9.948014680861888,0.578445121015925,1.812,1.804,0.0,0.0,0.3176468982696533,alpha_mono
chr15,15207223,15209223,2000,0.3705,1.9496618804032495,5.571134370369889,10.103201478933718,0.5921523513717527,1.888,1.836,0.0,0.0,0.9745122003555298,alpha_mono
chr15,15211223,15213223,2000,0.367,1.9469020093918776,5.5545485440230955,10.060386153109636,0.583928013158256,1.824,1.824,0.0,0.0,0.0,alpha_mono
chr15,15215223,15217223,2000,0.362,1.9436631469082488,5.522685475810156,9.971685226203071,0.5674793367312629,1.816,1.844,0.0,0.0,1.921054498195648,alpha_mono
chr15,15219223,15221223,2000,0.383,1.864204462422525,4.9100295477733304,9.04304750470132,0.5702207828024285,1.764,1.656,0.0,0.0,1.85045401096344,hsat
chr15,15223223,15225223,2000,0.396,1.8006692968733136,4.457000120554826,8.36349764333523,0.4084754646036627,1.404,1.352,0.0,0.0,1.2949196300506591,hsat
chr15,15227223,15229223,2000,0.3955,1.7913209230961724,4.348330249142438,8.148398700430251,0.4112169106748282,1.38,1.308,0.0,0.0,0.720424940109253,hsat
chr15,15231223,15233223,2000,0.3855,1.778449611183773,4.3489820559511525,8.246233782259297,0.4166998028171593,1.408,1.308,0.0,0.0,1.6523797540664673,hsat
chr15,15235223,15237223,2000,0.3865,1.7837072635223268,4.327379898581573,8.099904790309258,0.383802449963173,1.356,1.32,0.0,0.0,3.2852940998077393,hsat
chr15,15239223,15241223,2000,0.3965,1.7929109167822233,4.3234710418519935,8.123689123747766,0.4029925724613317,1.352,1.328,0.0,0.0,2.861538180112839,hsat
chr15,15243223,15245223,2000,0.3965,1.764891684840732,4.427434292851508,8.805837256490515,0.4578214938846421,1.532,1.48,0.0,0.0,3.023213297367096,hsat
chr15,15247223,15249223,2000,0.418,1.786862992372598,4.612541212282239,9.621132922202849,0.5373234299484422,1.736,1.652,0.0,0.0,0.2299708695411682,hsat
chr15,15251223,15253223,2000,0.3975,1.7915786879278326,4.617860100972459,9.57399039485526,0.5318405378061112,1.708,1.568,0.0,0.0,1.0441526186466217,hsat
chr15,15255223,15257223,2000,0.43,1.7541981104657172,4.559170946028285,9.530541642852764,0.5208747535214491,1.704,1.644,0.0,0.0,0.335,hsat
chr15,15259223,15261223,2000,0.4195,1.7455312204331908,4.6021572172786795,9.688122800564749,0.5318405378061112,1.748,1.672,0.0,0.0,0.9814702382087708,hsat
chr15,15263223,15265223,2000,0.3985,1.747560967054412,4.381950902252069,9.211038540704465,0.5181333074502835,1.664,1.536,0.0,0.0,1.1157122910022736,hsat
chr15,15267223,15269223,2000,0.4395,1.765184656985729,4.664850516789911,9.843877682298126,0.572962228873594,1.828,1.716,0.0,0.0,3.391665090560913,hsat
chr15,15271223,15273223,2000,0.4255,1.749955875868615,4.641988262467377,9.752366453299963,0.5647378906600974,1.852,1.712,0.0,0.0,0.599999771118164,hsat
chr15,15275223,15277223,2000,0.432,1.7772200161637417,4.583563392652025,9.610059327372769,0.4879774006674628,1.668,1.58,0.0,0.0,0.9499996376037596,hsat
chr15,15279223,15281223,2000,0.415,1.713499564623569,4.445979220009003,9.363770175576017,0.5016846310232904,1.644,1.584,0.0,0.0,0.0,hsat
chr15,15283223,15285223,2000,0.452,1.7404896321720678,4.550727572300999,9.735874216740172,0.5428063220907733,1.764,1.644,0.0,0.0,1.19,hsat
chr15,15287223,15289223,2000,0.427,1.77240683749753,4.6912316927377855,9.872979590282323,0.5811865670870906,1.856,1.736,0.0,0.0,2.011109135627746,hsat
chr15,15291223,15293223,2000,0.444,1.7297257829053725,4.5450341733134545,9.554138165934075,0.5318405378061112,1.724,1.6,0.0,0.0,0.0,hsat
chr15,15295223,15297223,2000,0.4285,1.7434697465628786,4.575680902352583,9.51189688930752,0.5345819838772767,1.692,1.604,0.0,0.0,2.066670845031738,hsat
chr15,15299223,15301223,2000,0.4195,1.744947421380871,4.520108004303736,9.482814563945023,0.5126504153079525,1.64,1.572,0.0,0.0,1.0916688737869262,hsat
chr15,15303223,15305223,2000,0.4035,1.7660582979269384,4.529936842357667,9.36141817450673,0.4962017388809594,1.6,1.54,0.0,0.0,1.4750016174316407,hsat
chr15,15307223,15309223,2000,0.44,1.74460176051783,4.557537329482469,9.61273748003594,0.5537721063754354,1.768,1.656,0.0,0.0,2.201387819290161,hsat
chr15,15311223,15313223,2000,0.3915,1.7560550667514137,4.541678270408953,9.65343516729017,0.5592549985177664,1.8,1.704,0.0,0.0,1.5954546976089476,hsat
chr15,15315223,15317223,2000,0.431,1.7459012273074532,4.5810650051402515,9.621311996450238,0.5153918613791181,1.72,1.688,0.0,0.0,0.803333716392517,hsat
chr15,15319223,15321223,2000,0.4215,1.7416102101503883,4.554567135065532,9.73258944154168,0.5373234299484422,1.744,1.668,0.0,0.0,1.463235148429871,hsat
chr15,15323223,15325223,2000,0.4035,1.7872680617530554,4.65925344385581,9.74443695995713,0.5345819838772767,1.708,1.644,0.0,0.0,0.2833334684371948,hsat
chr15,15327223,15329223,2000,0.428,1.7806186461624234,4.608852420211223,9.652505057273318,0.5455477681619388,1.744,1.684,0.0,0.0,1.9433330383300784,hsat
chr15,15331223,15333223,2000,0.4295,1.8005761658991162,4.5957805790403725,9.509833469008337,0.5290990917349456,1.732,1.644,0.0,0.0,0.440625,hsat
chr15,15335223,15337223,2000,0.406,1.8089513943410105,4.605222247679888,9.456873616524788,0.5153918613791181,1.692,1.6,0.0,0.0,1.8679168272018432,hsat
chr15,15339223,15341223,2000,0.449,1.7126584958809845,4.410102568136672,9.219726204383743,0.4852359545962973,1.624,1.548,0.0,0.0,2.3880961909294127,hsat
chr15,15343223,15345223,2000,0.448,1.7064104464062435,4.478593859857775,9.296133751360813,0.509908969236787,1.648,1.572,0.0,0.0,0.0,hsat
chr15,15347223,15349223,2000,0.45,1.741626647467724,4.589704862082645,9.521415693283354,0.5345819838772767,1.728,1.6,0.0,0.0,0.5048077929019928,hsat
chr15,15351223,15353223,2000,0.456,1.7200545601044392,4.525762325039902,9.44081019654113,0.5153918613791181,1.708,1.664,0.0,0.0,2.0874992036819457,hsat
chr15,15355223,15357223,2000,0.449,1.7140052052716823,4.4834182331467725,9.401796357074002,0.5126504153079525,1.692,1.6,0.0,0.0,1.3727266936302185,hsat
chr15,15359223,15361223,2000,0.432,1.743882877380058,4.581905445304318,9.745171666976663,0.5482892142331043,1.772,1.68,0.0,0.0,0.0,hsat
chr15,15363223,15365223,2000,0.4465,1.765873667287994,4.534146248339681,9.445808319349329,0.5318405378061112,1.7,1.612,0.0,0.0,1.56590913772583,hsat
chr15,15367223,15369223,2000,0.434,1.7591009194444125,4.633200208186396,9.745318280498788,0.5510306603042698,1.804,1.692,0.0,0.0,1.5392863161563872,hsat
chr15,15371223,15373223,2000,0.4095,1.766385875788255,4.652361840676275,9.81870117367933,0.5537721063754354,1.784,1.72,0.0,0.0,1.9818184461593629,hsat
chr15,15375223,15377223,2000,0.445,1.715128506550197,4.53607530347766,9.626084034414284,0.5318405378061112,1.752,1.712,0.0,0.0,0.525,hsat
chr15,15379223,15381223,2000,0.4175,1.7465657466197144,4.578299455725315,9.56428177772163,0.5373234299484422,1.748,1.656,0.0,0.0,0.0,hsat
chr15,15383223,15385223,2000,0.414,1.792964762844034,4.639505263902922,9.644831376372682,0.5537721063754354,1.74,1.692,0.0,0.0,0.0,hsat
chr15,15387223,15389223,2000,0.453,1.7558025467469482,4.657369726432522,9.634706008122178,0.5510306603042698,1.768,1.724,0.0,0.0,0.0,hsat
chr15,15391223,15393223,2000,0.4625,1.6920957055134656,4.444791403958624,9.318832375427911,0.5126504153079525,1.644,1.548,0.0,0.0,0.9769233517646788,hsat
chr15,15395223,15397223,2000,0.46,1.700360597683551,4.441325179721151,9.265577325149216,0.5236161995926146,1.724,1.612,0.0,0.0,1.382372147321701,hsat
chr15,15399223,15401223,2000,0.471,1.7195728895373077,4.5235437817715125,9.313848681910338,0.5153918613791181,1.668,1.572,0.0,0.0,3.295,hsat
chr15,15403223,15405223,2000,0.374,1.9362256505116264,5.680735958074897,10.82053933600132,0.8608140663459738,2.524,2.4,0.0,0.0,0.0,alpha_mono
chr15,15407223,15409223,2000,0.4105,1.973006414275407,5.71314528568073,10.491480961084095,0.7401904392146909,2.228,2.224,0.0,0.0,0.8444436149597168,alpha_mono
chr15,15411223,15413223,2000,0.3745,1.901789082394572,5.5884620248748105,10.955537640054022,0.9238673259827808,2.632,2.392,0.0,0.5,2.6916721086502076,alpha_mono
chr15,15415223,15417223,2000,0.3655,1.9433153783890436,5.583950713694379,10.48049212715972,0.7072930863607045,2.14,2.104,0.0,0.0,2.2756935658454895,alpha_hor
chr15,15419223,15421223,2000,0.377,1.954018953719377,5.6075721282950575,10.364179701865268,0.6743957335067183,2.096,2.004,0.0,0.0,0.775,alpha_hor
chr15,15423223,15425223,2000,0.385,1.9586812227232917,5.617522479656423,10.37967481735046,0.6798786256490493,2.116,2.016,0.0,0.0,0.705,alpha_hor
chr15,15427223,15429223,2000,0.386,1.9604108460737997,5.6236354534502935,10.290574575639486,0.6442398267238976,2.04,2.024,0.0,0.0,1.48,alpha_hor
chr15,15431223,15433223,2000,0.378,1.9548490710596795,5.590303931872007,10.338987215903057,0.6661713952932218,2.092,2.008,0.0,0.0,0.0,alpha_hor
chr15,15435223,15437223,2000,0.3745,1.951241990540208,5.598111718541269,10.39990062983215,0.7018101942183735,2.116,2.016,0.0,0.0,0.7666682167053223,alpha_hor
chr15,15439223,15441223,2000,0.378,1.9531823796853636,5.577209671358248,10.406858863099467,0.6689128413643872,2.1,2.0,0.0,0.0,1.9166705417633056,alpha_hor
chr15,15443223,15445223,2000,0.3735,1.950939996705693,5.573871189151262,10.431340891659891,0.6826200717202149,2.124,2.064,0.0,0.0,1.3166693286895752,alpha_hor
chr15,15447223,15449223,2000,0.374,1.94869581254858,5.56935619079141,10.4862856362461,0.704551640289539,2.164,2.052,0.0,0.0,0.0,alpha_hor
chr15,15451223,15453223,2000,0.3755,1.950450593962942,5.583511877232874,10.413661667314551,0.6716542874355528,2.092,2.016,0.0,0.0,1.5625,alpha_hor
chr15,15455223,15457223,2000,0.378,1.9538717360527031,5.596551990485587,10.323788489197907,0.6524641649373941,2.024,1.98,0.0,0.0,2.31,alpha_hor
chr15,15459223,15461223,2000,0.3775,1.9535837644740055,5.606290344960743,10.341430843933738,0.6606885031508907,2.076,2.008,0.0,0.0,3.30439568901062,alpha_hor
chr15,15463223,15465223,2000,0.378,1.9538793224870072,5.6057116255593655,10.275306233361428,0.6634299492220562,2.06,1.988,0.0,0.0,1.4684231488704682,alpha_hor
chr15,15467223,15469223,2000,0.3825,1.9569916060121793,5.61195978536577,10.28731323328177,0.6689128413643872,2.068,2.004,0.0,0.0,1.4590910482406616,alpha_hor
chr15,15471223,15473223,2000,0.384,1.958345167400344,5.617215849851098,10.30976983906036,0.6606885031508907,2.068,2.028,0.0,0.0,2.2472206778526305,alpha_hor
chr15,15475223,15477223,2000,0.3805,1.9563491636917696,5.595832450833277,10.31345584853271,0.6634299492220562,2.068,2.008,0.0,0.0,0.5363636875152588,alpha_hor
chr15,15479223,15481223,2000,0.381,1.9550999923646304,5.588398297786225,10.40426286781256,0.6661713952932218,2.092,2.024,0.0,0.0,0.0,alpha_hor
chr15,15483223,15485223,2000,0.381,1.9550902023186556,5.5784407966841085,10.347444845654191,0.6771371795778838,2.064,2.012,0.0,0.0,0.0,alpha_hor
chr15,15487223,15489223,2000,0.3785,1.9528446177271477,5.574740899188452,10.455463588199322,0.7264832088588632,2.16,2.068,0.0,0.0,2.256665373325348,alpha_hor
chr15,15491223,15493223,2000,0.376,1.950301096192003,5.568497031741696,10.417968150000968,0.6908444099337114,2.1,2.02,0.0,0.0,2.47179505944252,alpha_hor
chr15,15495223,15497223,2000,0.375,1.951796888395837,5.581935707001247,10.3313493426254,0.6442398267238976,2.088,1.972,0.0,0.0,0.0,alpha_hor
chr15,15499223,15501223,2000,0.3775,1.9544271261421688,5.599637613789609,10.312584040731744,0.641498380652732,2.044,1.98,0.0,0.0,0.7,alpha_hor
chr15,15503223,15505223,2000,0.377,1.9533734409843104,5.615576719828095,10.369991286052098,0.6661713952932218,2.092,2.012,0.0,0.0,0.0,alpha_hor
chr15,15507223,15509223,2000,0.3745,1.952190227990878,5.610924034472153,10.318176975397316,0.6743957335067183,2.076,1.988,0.0,0.0,2.353410385131836,alpha_hor
chr15,15511223,15513223,2000,0.378,1.954713338760163,5.624660367767286,10.244243794019107,0.6689128413643872,2.056,1.976,0.0,0.0,2.5701041069030763,alpha_hor
chr15,15515223,15517223,2000,0.3785,1.9558817927938916,5.619083944687362,10.29247317715684,0.6606885031508907,2.048,2.016,0.0,0.0,0.4461539716720581,alpha_hor
chr15,15519223,15521223,2000,0.375,1.9529916632691693,5.607853183181711,10.277346237743396,0.6387569345815666,2.028,2.0,0.0,0.0,1.5021983258724212,alpha_hor
chr15,15523223,15525223,2000,0.376,1.9530507467702585,5.601972103518529,10.32102585005555,0.6661713952932218,2.064,1.976,0.0,0.0,0.0,alpha_hor
chr15,15527223,15529223,2000,0.375,1.9496130054104928,5.5593652263253395,10.398371583262234,0.6743957335067183,2.124,1.992,0.0,0.0,0.309375,alpha_hor
chr15,15531223,15533223,2000,0.3765,1.952967629932844,5.5988046972020395,10.309593713743617,0.6387569345815666,2.036,1.968,0.0,0.0,1.378571967601776,alpha_hor
chr15,15535223,15537223,2000,0.3745,1.9518535834131705,5.60460920740406,10.102053311885316,0.5948937974429181,1.864,1.928,0.0,0.0,0.3250001270771027,alpha_hor
chr15,15539223,15541223,2000,0.3745,1.9521742712631671,5.590636879899515,10.326906191314514,0.6524641649373941,2.072,1.98,0.0,0.0,1.96533900475502,alpha_hor
chr15,15543223,15545223,2000,0.377,1.9532101047433432,5.589657026910513,10.380650851857087,0.6963273020760424,2.124,2.02,0.0,0.0,1.1499999675750732,alpha_hor
chr15,15547223,15549223,2000,0.3765,1.953721264473825,5.601280800445434,10.29162959014469,0.6442398267238976,2.02,1.948,0.0,0.0,0.649999342918396,alpha_hor
chr15,15551223,15553223,2000,0.377,1.954419596348641,5.601560953537152,10.292644672288056,0.641498380652732,2.036,1.98,0.0,0.0,0.0,alpha_hor
chr15,15555223,15557223,2000,0.376,1.9534504317286905,5.616357226387427,10.386410270185644,0.6853615177913804,2.12,2.016,0.0,0.0,1.8333370399475095,alpha_hor
chr15,15559223,15561223,2000,0.376,1.9530429541078824,5.609966726721622,10.303852870382412,0.6743957335067183,2.076,2.0,0.0,0.0,0.0,alpha_hor
chr15,15563223,15565223,2000,0.38,1.9564824169214856,5.628423003350687,10.294270253582113,0.6606885031508907,2.064,2.0,0.0,0.0,4.287499292373657,alpha_hor
chr15,15567223,15569223,2000,0.377,1.9545509726887085,5.619180234998296,10.251977466271986,0.636015488510401,2.008,1.988,0.0,0.0,1.3693180418014526,alpha_hor
chr15,15571223,15573223,2000,0.376,1.9537078320993824,5.607179011407149,10.28071121981782,0.6497227188662286,2.048,1.98,0.0,0.0,1.2409433088302613,alpha_hor
chr15,15575223,15577223,2000,0.3735,1.9508317148975027,5.586637143050292,10.39235182134363,0.6743957335067183,2.084,2.016,0.0,0.0,2.3102931156158446,alpha_hor
chr15,15579223,15581223,2000,0.3725,1.9494621062169133,5.579949003258983,10.389887664505675,0.6716542874355528,2.072,2.008,0.0,0.0,1.6461900382041932,alpha_hor
chr15,15583223,15585223,2000,0.3765,1.9530507812809836,5.5706004141613725,10.360694509960544,0.6552056110085597,2.036,1.976,0.0,0.0,0.947039746761322,alpha_hor
chr15,15587223,15589223,2000,0.376,1.9517841421479172,5.561896584190505,10.425877176784084,0.6908444099337114,2.112,2.028,0.0,0.0,1.2600006008148192,alpha_hor
chr15,15591223,15593223,2000,0.374,1.947917055827324,5.536348494616852,10.43756929650363,0.7018101942183735,2.152,2.004,0.0,0.0,0.4205880227088928,alpha_hor
chr15,15595223,15597223,2000,0.3775,1.9508011797856963,5.551755935295443,10.377492751593064,0.6771371795778838,2.104,1.98,0.0,0.0,2.880188136577606,alpha_hor
chr15,15599223,15601223,2000,0.376,1.9525349690077585,5.594114836150929,10.358052024510627,0.6579470570797251,2.1,2.0,0.0,0.0,0.0,alpha_hor
chr15,15603223,15605223,2000,0.3755,1.9533008422736664,5.599364776451594,10.30937280478925,0.6387569345815666,2.052,1.996,0.0,0.0,0.0214285497665405,alpha_hor
chr15,15607223,15609223,2000,0.3785,1.9554247327193452,5.623836716530992,10.39344726236128,0.6743957335067183,2.112,2.008,0.0,0.0,0.0,alpha_hor
chr15,15611223,15613223,2000,0.375,1.952766528569827,5.6144992152474575,10.299861566225154,0.6689128413643872,2.044,1.976,0.0,0.0,0.0,alpha_hor
chr15,15615223,15617223,2000,0.3815,1.9570728047717785,5.635700554291832,10.336126745158907,0.6743957335067183,2.096,1.996,0.0,0.0,2.5166642665863037,alpha_hor
chr15,15619223,15621223,2000,0.375,1.9533014404967648,5.621750564601313,10.329479039134949,0.6743957335067183,2.1,2.036,0.0,0.0,2.5,alpha_hor
chr15,15623223,15625223,2000,0.3735,1.9515263293700769,5.608621574748337,10.303222140160596,0.641498380652732,2.036,2.004,0.0,0.0,0.0,alpha_hor
chr15,15627223,15629223,2000,0.3755,1.9524738226591476,5.598774129780948,10.37490105312573,0.6661713952932218,2.088,1.984,0.0,0.0,3.72,alpha_hor
chr15,15631223,15633223,2000,0.378,1.954099338980646,5.588767889318683,10.404358383843432,0.693585856004877,2.116,2.024,0.0,0.0,1.496464244365692,alpha_hor
chr15,15635223,15637223,2000,0.3775,1.9528119071929004,5.572611644388585,10.385662476432444,0.6634299492220562,2.072,1.996,0.0,0.0,0.9540909099578856,alpha_hor
chr15,15639223,15641223,2000,0.377,1.9528978048535992,5.550930182735814,10.397749093761924,0.6826200717202149,2.104,2.028,0.0,0.0,0.66,alpha_hor
chr15,15643223,15645223,2000,0.374,1.9500966092585803,5.551236429981634,10.445667810564071,0.7018101942183735,2.148,2.004,0.0,0.0,0.0,alpha_hor
chr15,15647223,15649223,2000,0.377,1.9506595447414952,5.5544748933745955,10.459099774200824,0.6963273020760424,2.156,1.988,0.0,0.0,1.775,alpha_hor
chr15,15651223,15653223,2000,0.3765,1.950750547529541,5.571552746396179,10.34664408367975,0.641498380652732,2.064,1.984,0.0,0.0,3.7284846544265746,alpha_hor
chr15,15655223,15657223,2000,0.3775,1.954323763451997,5.600794905691085,10.287157559534185,0.6497227188662286,2.02,1.96,0.0,0.0,0.6769232673645019,alpha_hor
chr15,15659223,15661223,2000,0.379,1.9559742775863849,5.613864591259764,10.33859090199686,0.6552056110085597,2.072,2.012,0.0,0.0,1.64230726313591,alpha_hor
chr15,15663223,15665223,2000,0.3735,1.9519444209898105,5.617440060522658,10.35732770587362,0.6771371795778838,2.116,2.008,0.0,0.0,0.0,alpha_hor
chr15,15667223,15669223,2000,0.377,1.9540594895334151,5.6275285835421975,10.344595368623011,0.6771371795778838,2.12,2.008,0.0,0.0,0.9085419464111328,alpha_hor
chr15,15671223,15673223,2000,0.382,1.9580608834306563,5.6349007068041885,10.296841007878191,0.6716542874355528,2.068,2.008,0.0,0.0,3.7438110609054567,alpha_hor
chr15,15675223,15677223,2000,0.381,1.9567929578602792,5.628345806394768,10.28628762416734,0.636015488510401,2.02,1.988,0.0,0.0,0.353125,alpha_hor
chr15,15679223,15681223,2000,0.3765,1.953547418992796,5.604841686700805,10.315249812740358,0.6579470570797251,2.072,1.956,0.0,0.0,1.997856181383133,alpha_hor
chr15,15683223,15685223,2000,0.3745,1.9511004696911105,5.582733512024818,10.420847282834536,0.6881029638625459,2.112,2.028,0.0,0.0,0.4500001759529113,alpha_hor
chr15,15687223,15689223,2000,0.371,1.94830619979696,5.580093642670838,10.50801657132849,0.6798786256490493,2.12,2.06,0.0,0.0,1.1321429870128632,alpha_hor
chr15,15691223,15693223,2000,0.365,1.944951133723195,5.541717404058979,10.066809256688892,0.6003766895852493,1.864,1.904,0.0,0.0,0.3133334827423095,alpha_hor
chr15,15695223,15697223,2000,0.446,1.9770817523453397,5.770711025902376,10.919223739296994,0.9156429877692842,2.608,2.436,0.0,0.0,1.4916680202484132,alpha_mono
chr15,15699223,15701223,2000,0.377,1.9144935629302224,5.6049714033124705,10.95654266517965,0.9293502181251118,2.68,2.412,0.0,0.575,0.916666316986084,alpha_mono
chr15,15703223,15705223,2000,0.3605,1.940799678492219,5.575778959338686,10.1484152874199,0.6387569345815666,1.956,1.908,0.0,0.0,0.5730770843029023,alpha_mono
chr15,15707223,15709223,2000,0.3615,1.940559065978576,5.506494952838648,10.003048822646852,0.5757036749447595,1.804,1.852,0.0,0.0,0.0,alpha_mono
chr15,15711223,15713223,2000,0.3625,1.938696507227977,5.529264659950754,10.18535357692786,0.6168253660122424,1.936,1.9,0.0,0.0,2.5805554518699645,alpha_mono
chr15,15715223,15717223,2000,0.3615,1.9359866419234368,5.537329001561092,10.061244454141551,0.578445121015925,1.84,1.868,0.0,0.0,2.73125,alpha_mono
chr15,15719223,15721223,2000,0.369,1.9437326045682863,5.532657762896047,10.100393174047852,0.6086010277987458,1.896,1.888,0.0,0.0,0.9673608055114746,alpha_mono
chr15,15723223,15725223,2000,0.362,1.9412217175166755,5.63146281432968,10.55558044720294,0.7347075470723597,2.264,2.18,0.0,0.0,0.9916686716079712,alpha_mono
chr15,15727223,15729223,2000,0.357,1.9354429328809704,5.543520003788378,10.349269672914946,0.6771371795778838,2.088,2.016,0.0,0.0,5.475691219806671,alpha_mono
chr15,15731223,15733223,2000,0.377,1.9480694394884857,5.667085584313259,10.488051822801742,0.7237417627876976,2.18,2.196,0.0,0.0,0.5545455074310303,alpha_mono
chr15,15735223,15737223,2000,0.3565,1.9325911815116197,5.547623596241047,10.173995902704684,0.6305325963680699,2.0,1.988,0.0,0.0,0.3115385491847992,alpha_mono
chr15,15739223,15741223,2000,0.3635,1.938387571320837,5.518536509045607,10.206321091147156,0.583928013158256,1.892,1.896,0.0,0.0,0.1541666078567505,alpha_mono
chr15,15743223,15745223,2000,0.367,1.9433887320669192,5.53779758951126,9.845859989195056,0.5318405378061112,1.716,1.772,0.0,0.0,1.4749996175765991,alpha_mono
chr15,15747223,15749223,2000,0.3465,1.9182133284024605,5.515664318340479,10.263146001967783,0.6250497042257389,1.988,1.98,0.0,0.0,0.0,alpha_mono
chr15,15751223,15753223,2000,0.3615,1.939594385570348,5.5915570293952905,10.399036564434317,0.6826200717202149,2.104,2.06,0.0,0.0,1.0583354730606078,alpha_mono
chr15,15755223,15757223,2000,0.348,1.925101583559523,5.534868239573359,10.163612058736616,0.6195668120834079,1.924,1.932,0.0,0.0,4.93,alpha_mono
chr15,15759223,15761223,2000,0.351,1.9291936247992036,5.510535163409809,10.230770053359244,0.6250497042257389,1.964,1.924,0.0,0.0,1.6357126321792603,alpha_mono
chr15,15763223,15765223,2000,0.415,1.9023554270719831,5.272367690154731,9.777619823724285,0.636015488510401,1.912,1.908,0.0,0.0,1.5979154224395753,hsat
chr15,15767223,15769223,2000,0.466,1.7420304112715193,4.648147516502814,9.417772321979166,0.5208747535214491,1.692,1.644,0.0,0.0,0.64375,hsat
chr15,15771223,15773223,2000,0.47,1.7097563425019815,4.478695545122773,9.187611579970705,0.5016846310232904,1.644,1.544,0.0,0.0,1.1571416873931886,hsat
chr15,15775223,15777223,2000,0.455,1.7393109122397576,4.608531225529711,9.429438889620302,0.5400648760196077,1.748,1.648,0.0,0.0,1.9142843351364136,hsat
chr15,15779223,15781223,2000,0.4525,1.7147772100353942,4.454816318384756,8.991672648550264,0.4934602928097938,1.608,1.532,0.0,0.0,0.795,hsat
chr15,15783223,15785223,2000,0.364,1.9396453550765025,5.5369581389705385,10.20880999637386,0.6552056110085597,1.972,1.984,0.0,0.0,0.0,alpha_mono
chr15,15787223,15789223,2000,0.3645,1.9402922926984243,5.555060587149909,10.029112396045162,0.572962228873594,1.768,1.888,0.0,0.0,0.2703646111488342,alpha_mono
chr15,15791223,15793223,2000,0.3865,1.9611561917656055,5.705422643258147,10.608277945414304,0.7676048999263461,2.312,2.264,0.0,0.0,0.9357146515846252,alpha_mono
chr15,15795223,15797223,2000,0.3665,1.9451582629954236,5.547310361371982,10.253537901029851,0.641498380652732,1.964,1.94,0.0,0.0,1.4137255330085754,alpha_mono
chr15,15799223,15801223,2000,0.3695,1.948194384569714,5.525185346341232,9.830783399343645,0.5674793367312629,1.76,1.824,0.0,0.0,1.5319224979877473,alpha_mono
chr15,15803223,15805223,2000,0.3625,1.94163076198057,5.5543156048669795,10.187532093047096,0.6113424738699113,1.956,1.936,0.0,0.0,1.375,alpha_mono
chr15,15807223,15809223,2000,0.375,1.9388501851631408,5.672840896804949,10.87409130837834,0.904677203484622,2.616,2.416,0.0,0.0,0.0,alpha_mono
chr15,15811223,15813223,2000,0.3655,1.9453808547943052,5.572128376588645,10.094913006094108,0.5976352435140837,1.872,1.872,0.0,0.0,0.5318182325363159,alpha_mono
chr15,15815223,15817223,2000,0.3585,1.9332027510257277,5.561854450860119,10.134157736181882,0.6277911502969045,1.968,1.932,0.0,0.0,1.0108976263999938,alpha_mono
chr15,15819223,15821223,2000,0.36,1.937345233476594,5.513596718362343,10.146500836153884,0.6058595817275803,1.88,1.908,0.0,0.0,0.7461540560722351,alpha_mono
chr15,15823223,15825223,2000,0.3545,1.9317761501145945,5.535460949475817,10.35251499961528,0.6634299492220562,2.076,2.016,0.0,0.0,0.0,alpha_mono
chr15,15827223,15829223,2000,0.393,1.936075249654866,5.5039754947593496,10.377171364012698,0.6552056110085597,2.032,2.052,0.0,0.0,3.761551344871521,alpha_mono
chr15,15831223,15833223,2000,0.4575,1.7534624208673024,4.615026886706972,9.09181166942812,0.4824945085251318,1.552,1.54,0.0,0.0,1.3944455881118774,hsat
chr15,15835223,15837223,2000,0.467,1.6669464013767863,4.275392042919643,8.755789827469329,0.4495971556711455,1.532,1.488,0.0,0.0,0.5764702968597412,hsat
chr15,15839223,15841223,2000,0.449,1.70926437883443,4.568561818533452,9.37115257752807,0.5537721063754354,1.764,1.64,0.0,0.0,0.4749998188018798,hsat
chr15,15843223,15845223,2000,0.4615,1.7124912880646646,4.46386617099397,9.129957824187196,0.5208747535214491,1.696,1.568,0.0,0.0,1.3230772953033447,hsat
chr15,15847223,15849223,2000,0.454,1.7136779128136892,4.529388635218081,9.28164111475012,0.5537721063754354,1.772,1.664,0.0,0.0,0.0,hsat
chr15,15851223,15853223,2000,0.4555,1.712658264467462,4.461999061161231,9.249494029649435,0.4962017388809594,1.632,1.544,0.0,0.0,0.0214285497665405,hsat
chr15,15855223,15857223,2000,0.4485,1.7135408625459818,4.484497171928909,9.223014494504154,0.5016846310232904,1.652,1.568,0.0,0.0,2.8869033627510072,hsat
chr15,15859223,15861223,2000,0.465,1.7058883155730773,4.4322316460931726,9.267966812455189,0.4934602928097938,1.644,1.556,0.0,0.0,0.0,hsat
chr15,15863223,15865223,2000,0.46,1.7140422127477164,4.423135070369973,8.76641099598695,0.4824945085251318,1.608,1.492,0.0,0.0,2.087220860004425,hsat
chr15,15867223,15869223,2000,0.4625,1.7067917092122868,4.4595964607038745,9.051200594774786,0.4770116163828007,1.584,1.512,0.0,0.0,0.6500001828670502,hsat
chr15,15871223,15873223,2000,0.4635,1.6949145396353238,4.440589697068606,9.145809640763668,0.4879774006674628,1.632,1.516,0.0,0.0,0.0,hsat
chr15,15875223,15877223,2000,0.37,1.9320909305149687,5.652033688850823,10.812898123699576,0.8608140663459738,2.508,2.38,0.0,0.0,1.188461322069168,alpha_mono
chr15,15879223,15881223,2000,0.3675,1.944325502595457,5.530064977410255,10.193740025221398,0.6113424738699113,1.956,1.912,0.0,0.0,0.9083329868316652,alpha_mono
chr15,15883223,15885223,2000,0.353,1.9322340275045369,5.593322029164411,10.625095641023014,0.7785706842110082,2.304,2.192,0.0,0.0,0.6833326621055603,alpha_mono
chr15,15887223,15889223,2000,0.3755,1.9461924068059195,5.69261024848596,10.898251207893248,0.8909699731287946,2.588,2.44,0.0,0.0,0.185,alpha_mono
chr15,15891223,15893223,2000,0.3605,1.93310048324305,5.526789649339796,10.189563364697667,0.6086010277987458,1.916,1.948,0.0,0.0,3.76875,alpha_mono
chr15,15895223,15897223,2000,0.365,1.9414514450895328,5.5521326532301405,10.226061658309453,0.6634299492220562,2.032,1.952,0.0,0.0,0.76875,alpha_mono
chr15,15899223,15901223,2000,0.366,1.9422759006682973,5.571059530796715,10.14669647634457,0.6140839199410768,1.912,1.888,0.0,0.0,0.0,alpha_mono
chr15,15903223,15905223,2000,0.3565,1.9339020004575365,5.557906183309981,10.267705064740872,0.6442398267238976,2.008,2.0,0.0,0.0,2.721427387237549,alpha_mono
chr15,15907223,15909223,2000,0.366,1.942161069185122,5.553640771833298,10.338448203210907,0.6716542874355528,2.056,1.968,0.0,0.0,0.0,alpha_mono
chr15,15911223,15913223,2000,0.36,1.9376530922887112,5.5931371656561435,10.449837720561396,0.6881029638625459,2.1,2.176,0.0,0.0,1.416665275096893,alpha_mono
chr15,15915223,15917223,2000,0.36,1.9357141309695247,5.51965653475587,10.083090919403409,0.5921523513717527,1.888,1.896,0.0,0.0,0.0,alpha_mono
chr15,15919223,15921223,2000,0.3605,1.9348320375283896,5.554105874871369,10.205423904219469,0.6223082581545734,1.952,1.916,0.0,0.0,0.837499680519104,alpha_mono
chr15,15923223,15925223,2000,0.3615,1.938611150065094,5.557814871079989,10.213977543559867,0.641498380652732,1.984,1.952,0.0,0.0,0.5678573648929596,alpha_mono
chr15,15927223,15929223,2000,0.3585,1.9374031592777976,5.540958467903266,10.194514742885737,0.6332740424392355,1.968,1.944,0.0,0.0,0.3964287264347076,alpha_mono
chr15,15931223,15933223,2000,0.374,1.9158742510706748,5.633309423749802,10.95654266517965,0.945798894552105,2.66,2.476,0.0,0.55,3.8579669535160064,alpha_mono
chr15,15935223,15937223,2000,0.437,1.9494622886604749,5.716906786331041,10.955537640054024,0.9348331102674428,2.684,2.472,0.0,0.375,3.38,alpha_mono
chr15,15939223,15941223,2000,0.3595,1.9381498528284495,5.505692808809136,9.947084472291216,0.5565135524466008,1.76,1.832,0.0,0.0,2.4394429273605347,alpha_mono
chr15,15943223,15945223,2000,0.357,1.9380847757762811,5.5125678746029525,10.123291038154914,0.6058595817275803,1.936,1.888,0.0,0.0,3.040907926559448,alpha_mono
chr15,15947223,15949223,2000,0.3565,1.9312076095941273,5.481015455713122,10.065990246440538,0.5702207828024285,1.828,1.832,0.0,0.0,0.6772727918624878,alpha_mono
chr15,15951223,15953223,2000,0.356,1.9351088868485735,5.556319996975758,10.237244143911107,0.6305325963680699,1.96,1.996,0.0,0.0,3.5,alpha_mono
chr15,15955223,15957223,2000,0.369,1.942945808982056,5.542868703951407,9.87968562213594,0.5290990917349456,1.724,1.776,0.0,0.0,3.424997151374817,alpha_mono
chr15,15959223,15961223,2000,0.3645,1.9406105066117456,5.564001153920436,10.031432337085525,0.5948937974429181,1.904,1.824,0.0,0.0,1.2124995374679566,alpha_mono
chr15,15963223,15965223,2000,0.399,1.9195086049791497,5.647959384339387,10.958552715430908,0.9320916641962772,2.696,2.42,0.0,1.0,1.314514663219452,alpha_mono
chr15,15967223,15969223,2000,0.3695,1.9459854261153935,5.5272391776995855,10.097017852011328,0.6003766895852493,1.872,1.88,0.0,0.0,0.903571781873703,alpha_mono
chr15,15971223,15973223,2000,0.371,1.9440620714308616,5.571069782649372,10.274389115239472,0.6387569345815666,1.984,1.936,0.0,0.0,0.9153848729133606,alpha_mono
chr15,15975223,15977223,2000,0.369,1.9426848554218112,5.5681284733616465,10.09275165674516,0.5866694592294216,1.848,1.86,0.0,0.0,1.4572728633880616,alpha_mono
chr15,15979223,15981223,2000,0.3575,1.937522268107179,5.515359139493804,10.08174185754926,0.5811865670870906,1.872,1.844,0.0,0.0,0.9894442534446716,alpha_mono
chr15,15983223,15985223,2000,0.366,1.9448855479459304,5.60046069086716,10.32728856674738,0.6387569345815666,1.992,2.048,0.0,0.0,1.2909085941314695,alpha_mono
chr15,15987223,15989223,2000,0.3655,1.9415422171431285,5.538509227488734,10.201074286734476,0.6250497042257389,1.932,1.924,0.0,0.0,0.7972727823257446,alpha_mono
chr15,15991223,15993223,2000,0.365,1.9448172773640435,5.549577523935686,10.223560984779668,0.6277911502969045,1.944,1.912,0.0,0.0,1.0523810806274414,alpha_mono
chr15,15995223,15997223,2000,0.372,1.9482750335604464,5.586280777795401,10.425515391056294,0.6826200717202149,2.116,2.072,0.0,0.0,1.6256395723819732,alpha_mono
chr15,15999223,16001223,2000,0.376,1.953212829404024,5.589763489821977,10.340428653797677,0.6606885031508907,2.036,2.032,0.0,0.0,1.3266487910747529,alpha_hor
chr15,16003223,16005223,2000,0.3775,1.9538263680298928,5.5934223646871,10.209409691917566,0.6113424738699113,1.916,1.956,0.0,0.0,1.0166662788391114,alpha_hor
chr15,16007223,16009223,2000,0.379,1.9547450201661671,5.591860344240444,10.302436700295168,0.6497227188662286,2.02,1.992,0.0,0.0,2.3295466642379763,alpha_hor
chr15,16011223,16013223,2000,0.38,1.9546656883191913,5.580648218317822,10.342163203302253,0.6606885031508907,2.036,2.016,0.0,0.0,1.2051280691623687,alpha_hor
chr15,16015223,16017223,2000,0.3745,1.9503497635400993,5.551158415823428,10.325091586980223,0.6387569345815666,2.0,1.988,0.0,0.0,1.681914423942566,alpha_hor
chr15,16019223,16021223,2000,0.38,1.955356572308164,5.586799132436298,10.41594476460565,0.6579470570797251,2.108,2.048,0.0,0.0,1.2291661977767945,alpha_hor
chr15,16023223,16025223,2000,0.3795,1.953772451666774,5.5848962549403725,10.313555418236357,0.6469812727950631,2.02,1.972,0.0,0.0,1.9692313232421872,alpha_hor
chr15,16027223,16029223,2000,0.3805,1.9552624981182836,5.594865429697803,10.346659101744146,0.6689128413643872,2.068,2.024,0.0,0.0,3.3884617908000947,alpha_hor
chr15,16031223,16033223,2000,0.377,1.9529323082891112,5.592034018885628,10.217093673119203,0.6086010277987458,1.908,1.96,0.0,0.0,0.5363636875152588,alpha_hor
chr15,16035223,16037223,2000,0.3735,1.949338736418688,5.5476110740712965,10.336972978603104,0.6442398267238976,2.02,1.988,0.0,0.0,0.0,alpha_hor
chr15,16039223,16041223,2000,0.3765,1.952622913982159,5.5859320932340495,10.365799911508644,0.6387569345815666,2.02,2.004,0.0,0.0,2.0995439958572386,alpha_hor
chr15,16043223,16045223,2000,0.376,1.952866865551235,5.583398734369709,10.245421389107085,0.6086010277987458,1.912,1.996,0.0,0.0,2.4329779086112975,alpha_hor
chr15,16047223,16049223,2000,0.3785,1.9544168954596937,5.59292422723504,10.19628274573764,0.6003766895852493,1.888,1.96,0.0,0.0,0.935,alpha_hor
chr15,16051223,16053223,2000,0.3785,1.9534223265514004,5.583142270716582,10.286040399391052,0.6497227188662286,2.012,1.96,0.0,0.0,0.0,alpha_hor
chr15,16055223,16057223,2000,0.3765,1.9525043176216947,5.584683128377256,10.346567661442604,0.6661713952932218,2.052,2.012,0.0,0.0,1.727776080608368,alpha_hor
chr15,16059223,16061223,2000,0.3755,1.9508603340690067,5.56120212913745,10.3784040769841,0.6606885031508907,2.06,1.988,0.0,0.0,0.7666659135818481,alpha_hor
chr15,16063223,16065223,2000,0.378,1.9544460643816144,5.578148722967361,10.348120326980842,0.6387569345815666,2.016,2.016,0.0,0.0,0.5666661100387573,alpha_hor
chr15,16067223,16069223,2000,0.375,1.9519587473734807,5.579013745284454,10.231645471696169,0.6195668120834079,1.936,1.948,0.0,0.0,0.0,alpha_hor
chr15,16071223,16073223,2000,0.3775,1.953992699435685,5.589800999688525,10.182917696060262,0.6003766895852493,1.908,1.928,0.0,0.0,0.3958331823348999,alpha_hor
chr15,16075223,16077223,2000,0.378,1.9526825570236983,5.577839203865868,10.292571285030414,0.6606885031508907,2.02,1.988,0.0,0.0,4.5766637034416195,alpha_hor
chr15,16079223,16081223,2000,0.3775,1.9521044628383684,5.568608961104047,10.315441316303938,0.6579470570797251,2.008,1.992,0.0,0.0,1.2640909957885742,alpha_hor
chr15,16083223,16085223,2000,0.3755,1.951105359027156,5.565750964316235,10.389630931451569,0.6469812727950631,2.044,2.028,0.0,0.0,3.3570823183059693,alpha_hor
chr15,16087223,16089223,2000,0.377,1.9529013842077731,5.592708930943467,10.387594919844604,0.6661713952932218,2.064,2.036,0.0,0.0,5.571501698732376,alpha_hor
chr15,16091223,16093223,2000,0.3765,1.953183813618989,5.590950628733128,10.231707257151642,0.6168253660122424,1.944,1.964,0.0,0.0,2.176923689365387,alpha_hor
chr15,16095223,16097223,2000,0.379,1.9547004330933424,5.5896984989585246,10.193259818186764,0.6168253660122424,1.936,1.948,0.0,0.0,8.201900276184082,alpha_hor
chr15,16099223,16101223,2000,0.377,1.952256297037199,5.572137201115325,10.298040731739356,0.6524641649373941,2.008,1.98,0.0,0.0,0.0,alpha_hor
chr15,16103223,16105223,2000,0.3765,1.951899353149799,5.5681938283516415,10.33682052839251,0.6552056110085597,2.028,2.0,0.0,0.0,0.8254546022415161,alpha_hor
chr15,16107223,16109223,2000,0.377,1.952286850948609,5.570323664881191,10.412090289265322,0.6524641649373941,2.072,2.02,0.0,0.0,1.6569433016777038,alpha_hor
chr15,16111223,16113223,2000,0.3775,1.95417787297012,5.599121201108901,10.371279775417792,0.6771371795778838,2.056,2.044,0.0,0.0,1.0677770137786866,alpha_hor
chr15,16115223,16117223,2000,0.3775,1.9535264074868792,5.595768013685312,10.21910372337046,0.6086010277987458,1.916,1.96,0.0,0.0,0.6625,alpha_hor
chr15,16119223,16121223,2000,0.381,1.9560642317180648,5.603233619458176,10.321146524122913,0.6552056110085597,2.024,2.0,0.0,0.0,0.9576379666328432,alpha_hor
chr15,16123223,16125223,2000,0.3805,1.9551887070402396,5.586167118231545,10.343009631020175,0.6497227188662286,2.012,2.004,0.0,0.0,1.1722210707664489,alpha_hor
chr15,16127223,16129223,2000,0.3775,1.9518091638804909,5.564854581985596,10.352433565909893,0.6524641649373941,2.036,2.004,0.0,0.0,0.5583331203460693,alpha_hor
chr15,16131223,16133223,2000,0.3805,1.9559215320249563,5.590722545389892,10.410097793739622,0.6579470570797251,2.104,2.032,0.0,0.0,1.7585083117485047,alpha_hor
chr15,16135223,16137223,2000,0.376,1.9523969687019531,5.593689980415122,10.355898362383323,0.6497227188662286,2.028,2.028,0.0,0.0,1.8000008583068847,alpha_hor
chr15,16139223,16141223,2000,0.38,1.955979525095347,5.606267715665235,10.23555550234047,0.6003766895852493,1.892,1.976,0.0,0.0,0.2033334302902221,alpha_hor
chr15,16143223,16145223,2000,0.3795,1.954228405318593,5.603135893605762,10.348418233728784,0.6661713952932218,2.06,2.02,0.0,0.0,0.7266670131683349,alpha_hor
chr15,16147223,16149223,2000,0.38,1.95563995285895,5.596091768352975,10.348066670927446,0.6442398267238976,2.032,1.996,0.0,0.0,2.3439544112682342,alpha_hor
chr15,16151223,16153223,2000,0.378,1.9521998244198688,5.56490741514861,10.3348917175729,0.641498380652732,2.012,2.0,0.0,0.0,0.3669871032238007,alpha_hor
chr15,16155223,16157223,2000,0.379,1.9545959331854936,5.589515605518659,10.42720077560085,0.6853615177913804,2.112,2.044,0.0,0.0,1.9307697739601135,alpha_hor
chr15,16159223,16161223,2000,0.3765,1.9531362648213615,5.600251495469436,10.307566297324325,0.6469812727950631,1.988,2.008,0.0,0.0,1.3211543083190918,alpha_hor
chr15,16163223,16165223,2000,0.385,1.9583635266529735,5.61112524771813,10.253420200087913,0.6031181356564147,1.936,1.968,0.0,0.0,0.546875,alpha_hor
chr15,16167223,16169223,2000,0.381,1.9557445255730697,5.602366494034986,10.361015094221676,0.6689128413643872,2.068,2.016,0.0,0.0,0.969230481147766,alpha_hor
chr15,16171223,16173223,2000,0.3805,1.9555870475727144,5.596932119576799,10.338199682513268,0.6524641649373941,2.064,2.004,0.0,0.0,1.41875,alpha_hor
chr15,16175223,16177223,2000,0.374,1.9499147137535104,5.551123912179946,10.341573154172243,0.641498380652732,2.02,1.976,0.0,0.0,0.765277259349823,alpha_hor
chr15,16179223,16181223,2000,0.378,1.9539442779848597,5.589219244298954,10.399140791140011,0.6579470570797251,2.068,2.024,0.0,0.0,1.05,alpha_hor
chr15,16183223,16185223,2000,0.3775,1.9540434284094772,5.593262917019925,10.28625474637652,0.6195668120834079,1.944,1.992,0.0,0.0,1.3090906286239623,alpha_hor
chr15,16187223,16189223,2000,0.3805,1.9556190146976833,5.603143198068732,10.237971956048447,0.6031181356564147,1.908,1.972,0.0,0.0,0.0,alpha_hor
chr15,16191223,16193223,2000,0.3825,1.9558238937697665,5.596726857853318,10.343885796538514,0.6524641649373941,2.044,1.988,0.0,0.0,0.5631581444740296,alpha_hor
chr15,16195223,16197223,2000,0.3795,1.9544779933055336,5.591368527063656,10.373865409642336,0.6716542874355528,2.08,2.028,0.0,0.0,0.9347227325439452,alpha_hor
chr15,16199223,16201223,2000,0.377,1.9522836557964975,5.566677075321115,10.4033545716848,0.6689128413643872,2.084,2.0,0.0,0.0,2.854582281112671,alpha_hor
chr15,16203223,16205223,2000,0.378,1.9546010058389256,5.586253014240287,10.376306279921614,0.6497227188662286,2.048,2.028,0.0,0.0,1.7758929908275605,alpha_hor
chr15,16207223,16209223,2000,0.3765,1.953378750741322,5.588779797685317,10.250154560910628,0.6140839199410768,1.94,1.976,0.0,0.0,0.8466669034957885,alpha_hor
chr15,16211223,16213223,2000,0.3795,1.955307745013614,5.599597542745451,10.213267722612324,0.6086010277987458,1.928,1.956,0.0,0.0,1.225824588060379,alpha_hor
chr15,16215223,16217223,2000,0.381,1.955296325017862,5.587982687972859,10.320773774003484,0.6497227188662286,2.012,1.996,0.0,0.0,0.8170452642440796,alpha_hor
chr15,16219223,16221223,2000,0.379,1.952988554948394,5.5741880823190755,10.34591913334845,0.6661713952932218,2.036,1.996,0.0,0.0,0.849999165058136,alpha_hor
chr15,16223223,16225223,2000,0.3775,1.9528331376631916,5.573405016960165,10.412107843990864,0.6606885031508907,2.064,2.012,0.0,0.0,2.8972215127944945,alpha_hor
chr15,16227223,16229223,2000,0.3775,1.9531717230044872,5.594547395203517,10.403858501742391,0.6689128413643872,2.064,2.048,0.0,0.0,1.5848205404281617,alpha_hor
chr15,16231223,16233223,2000,0.3795,1.9558340143623985,5.600183784321682,10.260139554311351,0.6168253660122424,1.952,1.972,0.0,0.0,2.225,alpha_hor
chr15,16235223,16237223,2000,0.3815,1.956560685454344,5.600701875702237,10.236028542528462,0.6113424738699113,1.948,1.972,0.0,0.0,1.2227273893356323,alpha_hor
chr15,16239223,16241223,2000,0.38,1.954985964517891,5.586438945404184,10.352101485449726,0.6579470570797251,2.024,2.012,0.0,0.0,1.6500001573562622,alpha_hor
chr15,16243223,16245223,2000,0.3765,1.9514610263888337,5.5648558122262015,10.32118489060007,0.6497227188662286,2.028,2.008,0.0,0.0,1.6198713183403015,alpha_hor
chr15,16247223,16249223,2000,0.3775,1.9524063989283031,5.574049521678663,10.419371809363648,0.6442398267238976,2.036,2.036,0.0,0.0,2.6346161258220673,alpha_hor
chr15,16251223,16253223,2000,0.3775,1.9540830984673525,5.60460154362234,10.378827287984958,0.6661713952932218,2.072,2.044,0.0,0.0,2.2975,alpha_hor
chr15,16255223,16257223,2000,0.3795,1.9544732924468855,5.602633407734815,10.23714051957838,0.6250497042257389,1.948,1.98,0.0,0.0,0.0,alpha_hor
chr15,16259223,16261223,2000,0.382,1.95661315574684,5.613877840004389,10.324686916865424,0.6524641649373941,2.036,2.0,0.0,0.0,2.9780179653167727,alpha_hor
chr15,16263223,16265223,2000,0.3815,1.955550436717281,5.596072538179028,10.341913663911358,0.6497227188662286,2.012,2.012,0.0,0.0,1.0590905904769898,alpha_hor
chr15,16267223,16269223,2000,0.3785,1.9532111514983264,5.572275323522891,10.338783395888676,0.6634299492220562,2.044,2.012,0.0,0.0,0.988289746761322,alpha_hor
chr15,16271223,16273223,2000,0.38,1.955301863291012,5.591517939190502,10.438072872095017,0.6853615177913804,2.132,2.052,0.0,0.0,1.170587643623352,alpha_hor
chr15,16275223,16277223,2000,0.3785,1.9548276617563471,5.600496000031618,10.361794138026958,0.6469812727950631,2.032,2.032,0.0,0.0,1.301514973640442,alpha_hor
chr15,16279223,16281223,2000,0.382,1.9571860724989023,5.60827914522081,10.231538597009928,0.6003766895852493,1.912,1.976,0.0,0.0,2.053169357299805,alpha_hor
chr15,16283223,16285223,2000,0.3825,1.9558057366530404,5.601083175181826,10.3581773287635,0.6771371795778838,2.068,2.016,0.0,0.0,0.8769233236312867,alpha_hor
chr15,16287223,16289223,2000,0.381,1.9563109569213168,5.592738734589458,10.335072555073214,0.6579470570797251,2.048,2.012,0.0,0.0,1.1678575093746186,alpha_hor
chr15,16291223,16293223,2000,0.3775,1.951003256740811,5.566207813627781,10.382767499566471,0.6634299492220562,2.048,2.02,0.0,0.0,0.0,alpha_hor
chr15,16295223,16297223,2000,0.3785,1.954392723004063,5.589917867541899,10.425683413787452,0.6771371795778838,2.104,2.016,0.0,0.0,1.4768938398361209,alpha_hor
chr15,16299223,16301223,2000,0.3775,1.9534438691070888,5.596014108781435,10.31839625661291,0.6469812727950631,1.996,1.988,0.0,0.0,0.98125,alpha_hor
chr15,16303223,16305223,2000,0.3805,1.9563841026116595,5.605085471571429,10.21039093788243,0.6086010277987458,1.912,1.944,0.0,0.0,0.0,alpha_hor
chr15,16307223,16309223,2000,0.381,1.9554828455243696,5.597964834319809,10.358909250711456,0.6552056110085597,2.04,2.036,0.0,0.0,0.8458330106735229,alpha_hor
chr15,16311223,16313223,2000,0.381,1.9552930671733164,5.587426851925295,10.32715245257909,0.6606885031508907,2.068,2.008,0.0,0.0,0.0,alpha_hor
chr15,16315223,16317223,2000,0.3775,1.95247678412166,5.565459215867665,10.390869403072625,0.6634299492220562,2.068,2.016,0.0,0.0,0.0,alpha_hor
chr15,16319223,16321223,2000,0.3795,1.9543771918184905,5.595191466829666,10.41573352983782,0.6716542874355528,2.072,2.04,0.0,0.0,0.0,alpha_hor
chr15,16323223,16325223,2000,0.3755,1.9530447572440068,5.586848323842263,10.273889510366528,0.6277911502969045,1.972,1.988,0.0,0.0,1.1809545736312863,alpha_hor
chr15,16327223,16329223,2000,0.378,1.954080169735956,5.599405074248577,10.218352540171583,0.6058595817275803,1.912,1.96,0.0,0.0,1.46375,alpha_hor
chr15,16331223,16333223,2000,0.3775,1.9532587158945447,5.581218975636654,10.301996211796872,0.6524641649373941,2.02,1.976,0.0,0.0,2.6411101670265196,alpha_hor
chr15,16335223,16337223,2000,0.38,1.954665800180013,5.582652470775946,10.360759407633653,0.6661713952932218,2.056,2.024,0.0,0.0,1.8733320236206057,alpha_hor
chr15,16339223,16341223,2000,0.3775,1.9518923487953983,5.55563463784628,10.388575722672622,0.6661713952932218,2.076,2.008,0.0,0.0,0.6857135925292969,alpha_hor
chr15,16343223,16345223,2000,0.381,1.956194237224525,5.592382603010115,10.411120373590803,0.6716542874355528,2.068,2.044,0.0,0.0,0.78,alpha_hor
chr15,16347223,16349223,2000,0.378,1.9539409755437775,5.598797392191025,10.27422498027238,0.6223082581545734,1.964,1.984,0.0,0.0,1.39,alpha_hor
chr15,16351223,16353223,2000,0.38,1.955710380985751,5.597848375812148,10.23564426784498,0.6113424738699113,1.948,1.964,0.0,0.0,1.948887622833252,alpha_hor
chr15,16355223,16357223,2000,0.3795,1.9544221198322176,5.5890560368725986,10.33029413384645,0.6634299492220562,2.032,1.996,0.0,0.0,0.5604166502952576,alpha_hor
chr15,16359223,16361223,2000,0.3745,1.951023707141567,5.56633769213649,10.319993130232287,0.6552056110085597,2.012,2.02,0.0,0.0,0.775,alpha_hor
chr15,16363223,16365223,2000,0.3765,1.9522813917457027,5.56823592360629,10.394030372407428,0.6524641649373941,2.064,2.004,0.0,0.0,0.96875,alpha_hor
chr15,16367223,16369223,2000,0.377,1.9533912298122764,5.587326009473926,10.391000937476996,0.6798786256490493,2.076,2.044,0.0,0.0,1.8130935316085817,alpha_hor
chr15,16371223,16373223,2000,0.378,1.9540834577810215,5.595049420180798,10.239180003585448,0.6086010277987458,1.908,1.972,0.0,0.0,4.2625,alpha_hor
chr15,16375223,16377223,2000,0.3825,1.9567857122864667,5.59991044858547,10.27198275108204,0.6332740424392355,1.976,1.972,0.0,0.0,0.0,alpha_hor
chr15,16379223,16381223,2000,0.38,1.9549962364511069,5.587366825421722,10.328856466680282,0.6552056110085597,1.996,2.004,0.0,0.0,1.3253196799755096,alpha_hor
chr15,16383223,16385223,2000,0.375,1.9506139414318795,5.574217803299036,10.35639050208121,0.6606885031508907,2.048,2.008,0.0,0.0,1.29562518119812,alpha_hor
chr15,16387223,16389223,2000,0.378,1.9539357398901969,5.578786482918515,10.416515691576924,0.6552056110085597,2.084,2.02,0.0,0.0,1.678125,alpha_hor
chr15,16391223,16393223,2000,0.376,1.9530345174467645,5.594055716888951,10.359589306085802,0.6552056110085597,2.064,2.032,0.0,0.0,1.7494511411190032,alpha_hor
chr15,16395223,16397223,2000,0.3795,1.9551961175339492,5.5968284170872264,10.246535929634664,0.6140839199410768,1.92,1.972,0.0,0.0,0.4875000791549682,alpha_hor
chr15,16399223,16401223,2000,0.382,1.955924519847985,5.611022839927573,10.363240953288445,0.6661713952932218,2.064,2.028,0.0,0.0,1.261109872341156,alpha_hor
chr15,16403223,16405223,2000,0.381,1.9546380748313508,5.591159135126708,10.339903613660102,0.6469812727950631,2.028,2.008,0.0,0.0,1.0499989385604858,alpha_hor
chr15,16407223,16409223,2000,0.379,1.9530917499074825,5.5759580382935265,10.356476952971082,0.6579470570797251,2.044,2.008,0.0,0.0,3.5595212860107424,alpha_hor
chr15,16411223,16413223,2000,0.38,1.9547344964279867,5.593838826492097,10.446442229900065,0.6881029638625459,2.132,2.044,0.0,0.0,1.8642838296890256,alpha_hor
chr15,16415223,16417223,2000,0.3755,1.952698199033036,5.597591057903241,10.328363695288092,0.636015488510401,1.988,2.028,0.0,0.0,0.7499992632865906,alpha_hor
chr15,16419223,16421223,2000,0.381,1.9566615276613208,5.61043782475802,10.246506501595126,0.6086010277987458,1.92,1.992,0.0,0.0,0.8955350427627563,alpha_hor
chr15,16423223,16425223,2000,0.38,1.9552814351270809,5.596823472156736,10.359795057883536,0.6716542874355528,2.068,2.02,0.0,0.0,3.5261101179122925,alpha_hor
chr15,16427223,16429223,2000,0.379,1.954684618571369,5.591543775466058,10.32438372142114,0.6497227188662286,2.04,1.992,0.0,0.0,0.0,alpha_hor
chr15,16431223,16433223,2000,0.3785,1.95179417212138,5.559206386446654,10.382091631240872,0.6579470570797251,2.056,2.012,0.0,0.0,1.292856695175171,alpha_hor
chr15,16435223,16437223,2000,0.379,1.954526560502668,5.58865001904221,10.407669106535216,0.6661713952932218,2.072,2.024,0.0,0.0,2.01,alpha_hor
chr15,16439223,16441223,2000,0.3795,1.954563226168934,5.600275181007674,10.31586720210185,0.6277911502969045,1.964,2.024,0.0,0.0,0.4874998140335083,alpha_hor
chr15,16443223,16445223,2000,0.381,1.9565757779073256,5.609850302144237,10.227220235293272,0.6140839199410768,1.928,1.984,0.0,0.0,0.875,alpha_hor
chr15,16447223,16449223,2000,0.381,1.955585067359571,5.598458301300763,10.352762639755564,0.6716542874355528,2.056,2.02,0.0,0.0,0.5846155490875244,alpha_hor
chr15,16451223,16453223,2000,0.38,1.9552520966008269,5.58814845216014,10.353485933983066,0.6743957335067183,2.088,2.008,0.0,0.0,0.5681818723678589,alpha_hor
chr15,16455223,16457223,2000,0.378,1.9534721192628672,5.567344740084622,10.38948503749365,0.6579470570797251,2.052,2.008,0.0,0.0,2.5611085953712465,alpha_hor
chr15,16459223,16461223,2000,0.381,1.9559370520821608,5.5902133972898715,10.378859202264056,0.6552056110085597,2.06,2.0,0.0,0.0,0.96875,alpha_hor
chr15,16463223,16465223,2000,0.378,1.9544937514307992,5.5946181442368195,10.269300221950886,0.6223082581545734,1.956,1.964,0.0,0.0,1.99643102645874,alpha_hor
chr15,16467223,16469223,2000,0.381,1.9554927384542464,5.6049261795000795,10.223490930829888,0.6031181356564147,1.916,1.96,0.0,0.0,0.0,alpha_hor
chr15,16471223,16473223,2000,0.378,1.953197957657618,5.585503726025596,10.322354300148072,0.6524641649373941,2.012,1.988,0.0,0.0,0.7090271611213684,alpha_hor
chr15,16475223,16477223,2000,0.3765,1.951539217931488,5.574619307723776,10.343320601400364,0.6552056110085597,2.028,2.016,0.0,0.0,1.3250000858306883,alpha_hor
chr15,16479223,16481223,2000,0.376,1.9518960462610608,5.5655930631051875,10.396975615881091,0.6634299492220562,2.08,2.016,0.0,0.0,1.237499527931213,alpha_hor
chr15,16483223,16485223,2000,0.3775,1.953463822895624,5.596143936017212,10.41280126704204,0.6606885031508907,2.076,2.064,0.0,0.0,0.4727273178100586,alpha_hor
chr15,16487223,16489223,2000,0.377,1.9538590948409975,5.589179940889943,10.250172115636165,0.6058595817275803,1.94,1.972,0.0,0.0,1.7044436149597169,alpha_hor
chr15,16491223,16493223,2000,0.3805,1.9560328770029909,5.603456784426796,10.235685026174853,0.6250497042257389,1.968,1.96,0.0,0.0,0.0,alpha_hor
chr15,16495223,16497223,2000,0.381,1.9548112500229216,5.593376387399252,10.33453635055406,0.6606885031508907,2.032,2.008,0.0,0.0,0.0,alpha_hor
chr15,16499223,16501223,2000,0.3775,1.952903924495241,5.5726829048217965,10.32661495785485,0.6606885031508907,2.028,2.016,0.0,0.0,2.0999979372024535,alpha_hor
chr15,16503223,16505223,2000,0.3765,1.951534788338716,5.576646142998082,10.43578136817372,0.6634299492220562,2.096,2.012,0.0,0.0,2.84375,alpha_hor
chr15,16507223,16509223,2000,0.3735,1.9505024135790696,5.582302923556476,10.38074154497724,0.6853615177913804,2.068,2.056,0.0,0.0,1.064284638404846,alpha_hor
chr15,16511223,16513223,2000,0.377,1.9538181712379008,5.593078366231276,10.182389537988836,0.6003766895852493,1.892,1.944,0.0,0.0,0.0,alpha_hor
chr15,16515223,16517223,2000,0.379,1.954299974693659,5.5896375327558765,10.277545731616875,0.6469812727950631,2.012,2.0,0.0,0.0,0.9642847394943236,alpha_hor
chr15,16519223,16521223,2000,0.3785,1.9531355140838815,5.578589061154192,10.338639346592023,0.6524641649373941,2.028,2.0,0.0,0.0,0.0,alpha_hor
chr15,16523223,16525223,2000,0.3755,1.9501735648606515,5.560691680416949,10.347713291829836,0.6552056110085597,2.024,2.008,0.0,0.0,0.7277770628929138,alpha_hor
chr15,16527223,16529223,2000,0.379,1.954531189017329,5.5847385854776865,10.407366625739568,0.6497227188662286,2.064,2.036,0.0,0.0,1.1444433202743531,alpha_hor
chr15,16531223,16533223,2000,0.3775,1.952884145730512,5.590347301914105,10.378505545938363,0.6497227188662286,2.036,2.036,0.0,0.0,1.6392874689102173,alpha_hor
chr15,16535223,16537223,2000,0.374,1.95078989881543,5.584520941543132,10.395800468783722,0.6826200717202149,2.084,2.072,0.0,0.0,0.015,alpha_hor
chr15,16539223,16541223,2000,0.3765,1.9528230063797103,5.594633280083593,10.238075712800786,0.6223082581545734,1.944,1.98,0.0,0.0,1.7166649804115297,alpha_hor
chr15,16543223,16545223,2000,0.379,1.9544355057747895,5.588717333488656,10.292171936144715,0.6442398267238976,2.024,2.012,0.0,0.0,0.5166664695739747,alpha_hor
chr15,16547223,16549223,2000,0.3785,1.95291663816378,5.582665010513611,10.340897119937924,0.6552056110085597,2.016,2.008,0.0,0.0,0.5545455074310303,alpha_hor
chr15,16551223,16553223,2000,0.378,1.9519695842676412,5.5693712522828855,10.328140670160591,0.6552056110085597,2.028,2.0,0.0,0.0,1.788181896209717,alpha_hor
chr15,16555223,16557223,2000,0.34,1.92420093203774,5.656505665190854,10.92500754583183,0.8991943113422911,2.62,2.44,0.0,0.0,0.0,non_satellite
chr15,16559223,16561223,2000,0.3285,1.9104221984291396,5.641241290966607,10.95070867499149,0.9183844338404498,2.66,2.444,0.0,0.0,1.51891002368927,non_satellite
chr15,16563223,16565223,2000,0.31,1.8914797266624064,5.557311884886976,10.951138199098162,0.9183844338404498,2.624,2.476,0.0,0.05,0.0,non_satellite
chr15,16567223,16569223,2000,0.4315,1.9634428789472649,5.774314670504328,10.95654266517965,0.956764678836767,2.696,2.476,0.0,0.25,1.033335422515869,non_satellite
chr15,16571223,16573223,2000,0.459,1.972140491087215,5.811003163895569,10.880925749644458,0.9211258799116152,2.592,2.456,0.0,0.0,0.6857135925292969,non_satellite
chr15,16575223,16577223,2000,0.3945,1.9385099308470168,5.722861703602894,10.915829323466768,0.9183844338404498,2.676,2.46,0.0,0.0,0.0,non_satellite
chr15,16579223,16581223,2000,0.4145,1.976858021030274,5.753876334933547,10.948748808393558,0.9293502181251118,2.656,2.424,0.0,0.0,0.0,non_satellite
chr15,16583223,16585223,2000,0.3625,1.8871904479492263,5.544709527203757,10.95151753955151,0.9101600956269532,2.636,2.408,0.0,0.075,0.0,non_satellite
chr15,16587223,16589223,2000,0.336,1.9135717256406384,5.654921478578965,10.944728707891043,0.9266087720539464,2.632,2.5,0.0,0.0,0.0,non_satellite
chr15,16591223,16593223,2000,0.4225,1.9670586047582344,5.747082469017416,10.95252256467714,0.9293502181251118,2.648,2.432,0.0,0.0,0.935713339805603,non_satellite
chr15,16595223,16597223,2000,0.352,1.9354183948471575,5.712577675727904,10.954532614928397,0.940316002409774,2.684,2.436,0.0,0.2,1.875000597715378,non_satellite
chr15,16599223,16601223,2000,0.415,1.9766637922127268,5.78369495310774,10.95654266517965,0.962247570979098,2.704,2.468,0.0,0.225,5.019443452358246,non_satellite
chr15,16603223,16605223,2000,0.3715,1.9186326322452296,5.614169842315642,10.913952269449943,0.89371141919996,2.604,2.376,0.0,0.0,0.777737608909607,non_satellite
chr15,16607223,16609223,2000,0.58,1.9775001639121244,5.783361934106537,10.94649241392337,0.9293502181251118,2.628,2.464,0.0,0.0,1.560088539838791,other_sat
chr15,16611223,16613223,2000,0.359,1.9353165775304049,5.723487406704708,10.95654266517965,0.9430574484809394,2.64,2.464,0.0,0.35,1.6014095797538757,non_satellite
chr15,16615223,16617223,2000,0.352,1.934178669341465,5.714873702485137,10.949507489300256,0.9266087720539464,2.664,2.476,0.0,0.0,0.4181818580627441,non_satellite
chr15,16619223,16621223,2000,0.4505,1.9923922222635493,5.839222576567964,10.95754769030528,0.9649890170502636,2.724,2.444,0.0,0.35,0.0,non_satellite
chr15,16623223,16625223,2000,0.381,1.9045051191042497,5.571632158657358,10.95252256467714,0.9293502181251118,2.644,2.396,0.0,0.125,0.0,non_satellite
chr15,16627223,16629223,2000,0.3685,1.9442198196558576,5.723460663104562,10.942472313420858,0.9375745563386084,2.692,2.496,0.0,0.0,1.7229160118103026,non_satellite
chr15,16631223,16633223,2000,0.3385,1.8805215351437523,5.536450042219107,10.885619624948207,0.8991943113422911,2.628,2.404,0.0,0.0,0.0,non_satellite
chr15,16635223,16637223,2000,0.5305,1.9920346363247128,5.874827504611467,10.95754769030528,0.9348331102674428,2.668,2.44,0.0,0.525,1.3666653242111206,non_satellite
chr15,16639223,16641223,2000,0.3925,1.9579229303095376,5.731029646192887,10.946492413923368,0.945798894552105,2.7,2.436,0.0,0.0,0.8033331041336059,non_satellite
chr15,16643223,16645223,2000,0.3355,1.916263709427568,5.651847395990868,10.927396936536452,0.9238673259827808,2.632,2.46,0.0,0.0,0.0,non_satellite
chr15,16647223,16649223,2000,0.3755,1.9532045886602003,5.732140633541361,10.955537640054022,0.9320916641962772,2.656,2.456,0.0,0.1,0.0,non_satellite
chr15,16651223,16653223,2000,0.3505,1.9034339635479531,5.61517441062864,10.955537640054022,0.9320916641962772,2.672,2.4,0.0,0.525,0.0,non_satellite
chr15,16655223,16657223,2000,0.372,1.9518664522942883,5.74004716700217,10.955537640054024,0.9485403406232704,2.7,2.456,0.0,0.3,3.6750021238327024,non_satellite
chr15,16659223,16661223,2000,0.405,1.9723981305501297,5.75004515403376,10.95754769030528,0.9320916641962772,2.696,2.464,0.0,0.65,0.06,non_satellite
chr15,16663223,16665223,2000,0.372,1.951042603291517,5.6795227652371985,10.734979204088535,0.8169509292073254,2.432,2.348,0.0,0.0,0.515,non_satellite
chr15,16667223,16669223,2000,0.409,1.9742282651155312,5.723214674226066,10.454039926120544,0.7429318852858563,2.24,2.132,0.0,0.0,1.2333358268737793,non_satellite
chr15,16671223,16673223,2000,0.3895,1.9047863396469291,5.595448417446404,10.95754769030528,0.9211258799116152,2.656,2.392,0.0,0.8,0.0,non_satellite
chr15,16675223,16677223,2000,0.3645,1.9411520805242823,5.60959852988766,10.243655395276637,0.6305325963680699,1.964,1.968,0.0,0.0,0.0,non_satellite
chr15,16679223,16681223,2000,0.373,1.9491965654916457,5.619274170648951,10.11853328387137,0.5948937974429181,1.88,1.912,0.0,0.0,2.4250049028396607,alpha_hor
chr15,16683223,16685223,2000,0.3735,1.9498340403091008,5.624104204125876,9.83831175198942,0.5208747535214491,1.66,1.764,0.0,0.0,0.0,alpha_hor
chr15,16687223,16689223,2000,0.372,1.9498557589667451,5.635547806065629,10.0000122712913,0.5674793367312629,1.788,1.82,0.0,0.0,2.0035722119808197,alpha_hor
chr15,16691223,16693223,2000,0.368,1.9466566455271648,5.618784423005614,9.998186115576466,0.5455477681619388,1.74,1.864,0.0,0.0,2.4773820898532866,alpha_hor
chr15,16695223,16697223,2000,0.369,1.94768990351219,5.623364844476038,10.0312375276228,0.5428063220907733,1.756,1.848,0.0,0.0,0.7874996995925904,alpha_hor
chr15,16699223,16701223,2000,0.3825,1.9586064458689607,5.649164380017422,9.9296225932146,0.5071675231656215,1.66,1.816,0.0,0.0,2.363887328147888,alpha_hor
chr15,16703223,16705223,2000,0.3795,1.955787851685638,5.644803418109191,10.16678245339484,0.5948937974429181,1.888,1.908,0.0,0.0,0.95,alpha_hor
chr15,16707223,16709223,2000,0.3825,1.9586064458689607,5.647249894330857,9.94238929845116,0.5236161995926146,1.692,1.804,0.0,0.0,2.3275,alpha_hor
chr15,16711223,16713223,2000,0.38,1.9563497691188907,5.653980130205488,10.169272211406089,0.5894109053005872,1.896,1.92,0.0,0.0,0.0,alpha_hor
chr15,16715223,16717223,2000,0.379,1.9546346110443356,5.638783712769168,9.86343382114123,0.5071675231656215,1.62,1.784,0.0,0.0,0.0,alpha_hor
chr15,16719223,16721223,2000,0.38,1.9565627633383844,5.637408860951369,10.02991179900856,0.5482892142331043,1.764,1.856,0.0,0.0,0.7857134914398194,alpha_hor
chr15,16723223,16725223,2000,0.3825,1.9578307899538887,5.652242552141138,9.820503496945111,0.4907188467386283,1.572,1.764,0.0,0.0,1.6714268817901612,alpha_hor
chr15,16727223,16729223,2000,0.3805,1.955889989054135,5.647508226541703,10.110797260730706,0.5866694592294216,1.892,1.892,0.0,0.0,3.23125,alpha_hor
chr15,16731223,16733223,2000,0.38,1.956556858252073,5.637989256024758,10.015182068275244,0.5345819838772767,1.752,1.828,0.0,0.0,2.949997034072876,alpha_hor
chr15,16735223,16737223,2000,0.377,1.9540243373179744,5.632415140540924,10.07723437674684,0.5702207828024285,1.844,1.876,0.0,0.0,1.5714269828796388,alpha_hor
chr15,16739223,16741223,2000,0.378,1.955004928982156,5.632549524772273,9.9667643193725,0.5537721063754354,1.784,1.824,0.0,0.0,0.0,alpha_hor
chr15,16743223,16745223,2000,0.377,1.9535128374635455,5.631071112637028,9.861724300037446,0.4962017388809594,1.62,1.764,0.0,0.0,3.1812483825683593,alpha_hor
chr15,16747223,16749223,2000,0.381,1.95698239159819,5.640246365577834,9.971409661410531,0.5290990917349456,1.74,1.836,0.0,0.0,0.0,alpha_hor
chr15,16751223,16753223,2000,0.381,1.9564592644968477,5.64552923479176,10.083043341318165,0.5537721063754354,1.836,1.872,0.0,0.0,0.7222215127944946,alpha_hor
chr15,16755223,16757223,2000,0.377,1.9543236866846596,5.630266070019483,9.983070198668326,0.5400648760196077,1.732,1.832,0.0,0.0,1.3999986248016358,alpha_hor
chr15,16759223,16761223,2000,0.379,1.955502765803745,5.640349700584972,9.96866487532202,0.5400648760196077,1.724,1.832,0.0,0.0,0.7285706920623779,alpha_hor
chr15,16763223,16765223,2000,0.3795,1.9557157600000363,5.640676945634717,10.057999395212692,0.5647378906600974,1.812,1.876,0.0,0.0,2.923811770439148,alpha_hor
chr15,16767223,16769223,2000,0.3795,1.95507726625692,5.63585787941557,10.005069664006143,0.5428063220907733,1.78,1.852,0.0,0.0,1.135713137626648,alpha_hor
chr15,16771223,16773223,2000,0.3775,1.9546357678431816,5.629912618146191,10.003016872094609,0.5482892142331043,1.768,1.844,0.0,0.0,1.707141131401062,alpha_hor
chr15,16775223,16777223,2000,0.3755,1.9531047570961324,5.630149921703069,9.994803307264624,0.5373234299484422,1.764,1.832,0.0,0.0,2.6619047498703003,alpha_hor
chr15,16779223,16781223,2000,0.38,1.9568274375909744,5.6453879775967355,9.980422973262,0.5510306603042698,1.772,1.836,0.0,0.0,1.549998477458954,alpha_hor
chr15,16783223,16785223,2000,0.381,1.9564838827657796,5.645168426104139,10.079469940023806,0.5811865670870906,1.864,1.872,0.0,0.0,4.054165058135986,alpha_hor
chr15,16787223,16789223,2000,0.373,1.95054441711453,5.613988617846563,9.855759407139232,0.4989431849521249,1.64,1.764,0.0,0.0,2.575,alpha_hor
chr15,16791223,16793223,2000,0.3805,1.956230364550139,5.644524425820913,9.976586551498787,0.5455477681619388,1.772,1.816,0.0,0.0,0.0,alpha_hor
chr15,16795223,16797223,2000,0.38,1.9561412797259947,5.634598368787573,9.874903774234117,0.4962017388809594,1.628,1.792,0.0,0.0,1.1333356246948243,alpha_hor
chr15,16799223,16801223,2000,0.3755,1.952432439509396,5.62425917081049,10.046344154559309,0.5647378906600974,1.812,1.864,0.0,0.0,0.0,alpha_hor
chr15,16803223,16805223,2000,0.381,1.9565058435556115,5.64807771475749,10.100069713933268,0.578445121015925,1.86,1.896,0.0,0.0,1.260713845252991,alpha_hor
chr15,16807223,16809223,2000,0.3805,1.9554792681253612,5.643865752116593,10.108531392597213,0.578445121015925,1.872,1.896,0.0,0.0,0.0,alpha_hor
chr15,16811223,16813223,2000,0.3775,1.9532106954821151,5.625338017313395,9.88528293032598,0.5126504153079525,1.672,1.796,0.0,0.0,1.0777767190933227,alpha_hor
chr15,16815223,16817223,2000,0.376,1.953155665557225,5.627553979539289,10.035154389556023,0.5565135524466008,1.788,1.86,0.0,0.0,0.0,alpha_hor
chr15,16819223,16821223,2000,0.3775,1.9538718762037408,5.63058678764034,10.104590994116824,0.5948937974429181,1.888,1.88,0.0,0.0,1.5166697330474854,alpha_hor
chr15,16823223,16825223,2000,0.3785,1.9548849013778355,5.645352198767964,10.059559614596562,0.578445121015925,1.84,1.872,0.0,0.0,3.1416730184555055,alpha_hor
chr15,16827223,16829223,2000,0.3765,1.9536968448561665,5.629630532203643,10.03790082656525,0.5647378906600974,1.808,1.84,0.0,0.0,1.25,alpha_hor
chr15,16831223,16833223,2000,0.3765,1.9540424755282,5.639457632459411,10.03934651128091,0.5647378906600974,1.804,1.86,0.0,0.0,0.0,alpha_hor
chr15,16835223,16837223,2000,0.3775,1.954122760134626,5.641578410590734,10.09169019099823,0.572962228873594,1.836,1.892,0.0,0.0,0.761110363483429,alpha_hor
chr15,16839223,16841223,2000,0.377,1.9543741939191412,5.646177429355215,10.075211865659394,0.5702207828024285,1.836,1.884,0.0,0.0,2.5272719955444334,alpha_hor
chr15,16843223,16845223,2000,0.38,1.9556304102719453,5.648780235175357,10.100520987189103,0.583928013158256,1.872,1.892,0.0,0.0,0.5153847603797913,alpha_hor
chr15,16847223,16849223,2000,0.379,1.9549332017606251,5.6420901728247514,9.900728247498172,0.5181333074502835,1.688,1.816,0.0,0.0,0.6545455169677734,alpha_hor
chr15,16851223,16853223,2000,0.378,1.9547497854630904,5.635184886505946,10.041880093158436,0.5674793367312629,1.812,1.844,0.0,0.0,1.449999108314514,alpha_hor
chr15,16855223,16857223,2000,0.3825,1.9578494817897472,5.657251403422514,9.874313332388857,0.5126504153079525,1.644,1.8,0.0,0.0,1.96363655090332,alpha_hor
chr15,16859223,16861223,2000,0.3815,1.9568497055058989,5.637867341114848,9.968508324757488,0.5345819838772767,1.732,1.832,0.0,0.0,0.9454546356201172,alpha_hor
chr15,16863223,16865223,2000,0.3785,1.955217164540061,5.637661597530784,10.02395470994449,0.5510306603042698,1.8,1.832,0.0,0.0,1.34,alpha_hor
chr15,16867223,16869223,2000,0.3835,1.957919790184684,5.65226917049313,9.745122960065824,0.4605629399558076,1.496,1.696,0.0,0.0,0.76,alpha_hor
chr15,16871223,16873223,2000,0.3755,1.9524925488848304,5.626163168149407,9.899940523041744,0.5126504153079525,1.668,1.784,0.0,0.0,0.0,alpha_hor
chr15,16875223,16877223,2000,0.38,1.9561642391819989,5.640626349785161,9.979173373532532,0.5345819838772767,1.744,1.844,0.0,0.0,2.28125,alpha_hor
chr15,16879223,16881223,2000,0.3775,1.953692222884669,5.630415502493642,9.88202509124246,0.509908969236787,1.652,1.784,0.0,0.0,2.172220088481903,alpha_hor
chr15,16883223,16885223,2000,0.3825,1.9581265538502408,5.650651024354631,10.078085574444836,0.5619964445889319,1.828,1.868,0.0,0.0,1.0249996089935305,alpha_hor
chr15,16887223,16889223,2000,0.3815,1.9570293343166112,5.647392689069776,9.817887410271483,0.4907188467386283,1.572,1.76,0.0,0.0,1.1461541686058043,alpha_hor
chr15,16891223,16893223,2000,0.377,1.9537070024320855,5.62817899070442,9.874641577757323,0.5126504153079525,1.64,1.776,0.0,0.0,0.8909091758728027,alpha_hor
chr15,16895223,16897223,2000,0.381,1.957407260855457,5.638575511130299,9.943061278479524,0.5290990917349456,1.724,1.836,0.0,0.0,0.4884616758823394,alpha_hor
chr15,16899223,16901223,2000,0.3795,1.955898312567247,5.637348930642832,10.045292907998435,0.5647378906600974,1.828,1.844,0.0,0.0,3.847709399223328,alpha_hor
chr15,16903223,16905223,2000,0.3825,1.957760693240436,5.649792248040212,9.832337102483626,0.4879774006674628,1.6,1.768,0.0,0.0,1.6466670913696289,alpha_hor
chr15,16907223,16909223,2000,0.3755,1.952539540840286,5.62913353692424,9.857931249970164,0.504426077094456,1.624,1.776,0.0,0.0,4.854641283035279,alpha_hor
chr15,16911223,16913223,2000,0.381,1.9568891955529404,5.640788922705537,9.991474730562684,0.5400648760196077,1.752,1.848,0.0,0.0,3.227504256248474,alpha_hor
chr15,16915223,16917223,2000,0.378,1.9539732749627203,5.628236425013289,9.63231583750432,0.4413728174576489,1.436,1.644,0.0,0.0,5.7653182487487795,alpha_hor
chr15,16919223,16921223,2000,0.382,1.9573378474930292,5.6478859706425135,10.1009368989236,0.578445121015925,1.84,1.872,0.0,0.0,4.038809380531311,alpha_hor
chr15,16923223,16925223,2000,0.378,1.954275450625966,5.6346332706590445,9.866028993667191,0.5071675231656215,1.632,1.76,0.0,0.0,3.893807530403137,alpha_hor
chr15,16927223,16929223,2000,0.3825,1.9577022765031085,5.645212305796815,9.969158231727352,0.5373234299484422,1.748,1.824,0.0,0.0,3.632168316364288,alpha_hor
chr15,16931223,16933223,2000,0.3785,1.9553574024121592,5.6388230209446295,10.010420917171048,0.5537721063754354,1.792,1.828,0.0,0.0,5.874999680757522,alpha_hor
chr15,16935223,16937223,2000,0.3825,1.9576116746268304,5.6517128200499265,9.804857727680922,0.4742701703116352,1.56,1.748,0.0,0.0,3.983659128665924,alpha_hor
chr15,16939223,16941223,2000,0.3765,1.9531686643888757,5.626762911467102,9.856737423317613,0.5016846310232904,1.636,1.756,0.0,0.0,3.537720187187195,alpha_hor
chr15,16943223,16945223,2000,0.3805,1.9562355216824483,5.639380255063734,9.978844216732504,0.5400648760196077,1.752,1.84,0.0,0.0,2.863452129364014,alpha_hor
chr15,16947223,16949223,2000,0.378,1.9553101788199905,5.632149318486905,9.999228070507046,0.5537721063754354,1.788,1.824,0.0,0.0,2.864482591629028,alpha_hor
chr15,16951223,16953223,2000,0.383,1.9577281946027445,5.653986628971098,9.838477303230896,0.4879774006674628,1.584,1.76,0.0,0.0,0.7722916698455811,alpha_hor
chr15,16955223,16957223,2000,0.3775,1.954702989949871,5.6320823319126365,10.06257995143018,0.5811865670870906,1.86,1.884,0.0,0.0,2.0971438307762145,alpha_hor
chr15,16959223,16961223,2000,0.3805,1.9544735378913316,5.640978750465089,9.86591311527106,0.509908969236787,1.636,1.784,0.0,0.0,2.440625225543976,alpha_hor
chr15,16963223,16965223,2000,0.3805,1.956272294861542,5.641425724329981,10.095303914860567,0.5565135524466008,1.816,1.896,0.0,0.0,5.0471202127933505,alpha_hor
chr15,16967223,16969223,2000,0.3745,1.951099791882306,5.624592613531294,9.843152954288785,0.4962017388809594,1.62,1.772,0.0,0.0,5.9332733135223386,alpha_hor
chr15,16971223,16973223,2000,0.3785,1.9549848578972715,5.627655799346527,10.037098471043466,0.5674793367312629,1.816,1.868,0.0,0.0,4.07831587600708,alpha_hor
chr15,16975223,16977223,2000,0.3795,1.9555619386410177,5.640532972108924,9.925140451530233,0.5290990917349456,1.688,1.78,0.0,0.0,2.1063492064476015,alpha_hor
chr15,16979223,16981223,2000,0.382,1.9571206964329428,5.650191272542157,9.905455203366902,0.5181333074502835,1.668,1.812,0.0,0.0,4.475489348888397,alpha_hor
chr15,16983223,16985223,2000,0.3775,1.9546705383172924,5.631398514825663,10.067921897965926,0.578445121015925,1.852,1.86,0.0,0.0,3.1356150898933413,alpha_hor
chr15,16987223,16989223,2000,0.384,1.9581165433538172,5.6586853674394195,9.898856933814832,0.509908969236787,1.652,1.8,0.0,0.0,2.220203704357147,alpha_hor
chr15,16991223,16993223,2000,0.381,1.9566953288086248,5.6463216983024855,10.059090739934,0.5619964445889319,1.828,1.88,0.0,0.0,2.5953937833309175,alpha_hor
chr15,16995223,16997223,2000,0.379,1.9545266066022096,5.635122967772997,9.858045891091992,0.5071675231656215,1.644,1.784,0.0,0.0,5.1884371387958526,alpha_hor
chr15,16999223,17001223,2000,0.3795,1.9561077664219289,5.641747289865481,10.079177908961126,0.5811865670870906,1.848,1.884,0.0,0.0,2.8339825201034547,alpha_hor
chr15,17003223,17005223,2000,0.3825,1.9575812976046472,5.656719092421983,10.093361602988187,0.583928013158256,1.84,1.888,0.0,0.0,2.509761588096618,alpha_hor
chr15,17007223,17009223,2000,0.375,1.9523673252478464,5.62200436402247,9.83408857251029,0.5071675231656215,1.632,1.764,0.0,0.0,5.238553163290024,alpha_hor
chr15,17011223,17013223,2000,0.3805,1.9563053920547,5.6401782483208995,9.97542457935304,0.5345819838772767,1.764,1.836,0.0,0.0,5.6134142541885375,alpha_hor
chr15,17015223,17017223,2000,0.3695,1.9475396771757083,5.5936023766419405,9.74301961694345,0.4824945085251318,1.588,1.668,0.0,0.0,5.680052681922913,alpha_hor
chr15,17019223,17021223,2000,0.3805,1.9562075725137291,5.640368384460984,9.992473165354362,0.5345819838772767,1.76,1.848,0.0,0.0,5.5589202001094815,alpha_hor
chr15,17023223,17025223,2000,0.3795,1.955660735762573,5.635304281110793,9.996905678374787,0.5537721063754354,1.772,1.824,0.0,0.0,4.168048031806946,alpha_hor
chr15,17027223,17029223,2000,0.3815,1.956495611814765,5.648446581968321,9.839903361219989,0.4824945085251318,1.592,1.756,0.0,0.0,4.51223304271698,alpha_hor
chr15,17031223,17033223,2000,0.3775,1.9540810320100932,5.629482906773574,10.087884907434498,0.5894109053005872,1.876,1.896,0.0,0.0,1.993125877380371,alpha_hor
chr15,17035223,17037223,2000,0.3805,1.9549618798249009,5.646008292235993,9.8612276465975,0.5071675231656215,1.628,1.78,0.0,0.0,2.196666512489319,alpha_hor
chr15,17039223,17041223,2000,0.3805,1.955900093182096,5.642802486182413,10.097105544233257,0.5647378906600974,1.82,1.892,0.0,0.0,3.3155645422935485,alpha_hor
chr15,17043223,17045223,2000,0.3765,1.953191296904183,5.626481847632398,9.829620900573506,0.509908969236787,1.632,1.764,0.0,0.0,2.8573809835910797,alpha_hor
chr15,17047223,17049223,2000,0.3795,1.9557157600000363,5.630894395023243,10.052728321821233,0.5702207828024285,1.808,1.864,0.0,0.0,1.7695054125785827,alpha_hor
chr15,17051223,17053223,2000,0.3785,1.955217164540061,5.6328153112771995,9.903727508866284,0.5236161995926146,1.68,1.776,0.0,0.0,2.75,alpha_hor
chr15,17055223,17057223,2000,0.3815,1.956989678081693,5.652935595688997,9.935782109268985,0.5181333074502835,1.68,1.816,0.0,0.0,5.112080795764923,alpha_hor
chr15,17059223,17061223,2000,0.3775,1.9550455964870723,5.630964218794387,10.044575789866288,0.5702207828024285,1.832,1.852,0.0,0.0,3.2124989891052245,alpha_hor
chr15,17063223,17065223,2000,0.3825,1.9571177893650793,5.653287133726067,9.889519919768336,0.504426077094456,1.644,1.788,0.0,0.0,2.8375,alpha_hor
chr15,17067223,17069223,2000,0.381,1.956814596898211,5.650168894568435,10.07959508408423,0.5757036749447595,1.836,1.88,0.0,0.0,1.4777771611213684,alpha_hor
chr15,17071223,17073223,2000,0.38,1.9551555282422215,5.640521162009174,9.89666463091437,0.5181333074502835,1.656,1.808,0.0,0.0,0.0,alpha_hor
chr15,17075223,17077223,2000,0.379,1.95562565491227,5.640441959777865,10.086828984006903,0.572962228873594,1.848,1.884,0.0,0.0,1.4,alpha_hor
chr15,17079223,17081223,2000,0.3775,1.9539579289615736,5.631900811473861,9.861610952052947,0.4989431849521249,1.628,1.768,0.0,0.0,2.02142655801773,alpha_hor
chr15,17083223,17085223,2000,0.3795,1.9545686543857188,5.629601733814617,9.838844120291563,0.4989431849521249,1.628,1.772,0.0,0.0,18.508578206062317,alpha_hor
chr15,17087223,17089223,2000,0.382,1.957243736327124,5.652920107233938,10.098966803682952,0.5565135524466008,1.828,1.88,0.0,0.0,5.092851994514465,alpha_hor
chr15,17091223,17093223,2000,0.375,1.9516981936845663,5.621849161237158,9.85467076332918,0.4989431849521249,1.62,1.756,0.0,0.0,0.8999990901947021,alpha_hor
chr15,17095223,17097223,2000,0.3805,1.9564270098571672,5.640077983023974,9.985900142509408,0.5400648760196077,1.772,1.84,0.0,0.0,4.934529713630676,alpha_hor
chr15,17099223,17101223,2000,0.378,1.9543425822389504,5.62845474434053,9.95391670080548,0.5345819838772767,1.752,1.792,0.0,0.0,1.3250026788711549,alpha_hor
chr15,17103223,17105223,2000,0.3835,1.958233896152474,5.653477720396461,9.85213734171236,0.4907188467386283,1.604,1.764,0.0,0.0,2.5821453266143797,alpha_hor
chr15,17107223,17109223,2000,0.38,1.956069983536921,5.635943562079769,10.089395601675864,0.583928013158256,1.856,1.888,0.0,0.0,1.358332815170288,alpha_hor
chr15,17111223,17113223,2000,0.382,1.9565542763809065,5.651808557630012,9.88234477603785,0.509908969236787,1.644,1.792,0.0,0.0,5.1999990556240085,alpha_hor
chr15,17115223,17117223,2000,0.3795,1.9553986318805987,5.644618070596189,10.092845052435193,0.5592549985177664,1.816,1.892,0.0,0.0,5.915882233858109,alpha_hor
chr15,17119223,17121223,2000,0.3775,1.9540805179047531,5.628640147607801,9.818234319811104,0.4989431849521249,1.62,1.756,0.0,0.0,0.484375,alpha_hor
chr15,17123223,17125223,2000,0.3775,1.9542664804446703,5.629038978885547,10.04893949133542,0.5674793367312629,1.796,1.86,0.0,0.0,3.422050286054611,alpha_hor
chr15,17127223,17129223,2000,0.377,1.954374721633079,5.632104223317867,9.926899086321978,0.5236161995926146,1.684,1.792,0.0,0.0,4.516539250373841,alpha_hor
chr15,17131223,17133223,2000,0.382,1.957449193200244,5.652765280276485,9.940966192487274,0.5208747535214491,1.688,1.832,0.0,0.0,0.8976316909790039,alpha_hor
chr15,17135223,17137223,2000,0.3775,1.9545592696398264,5.628206563175113,10.034047618248035,0.5674793367312629,1.828,1.836,0.0,0.0,0.0,alpha_hor
chr15,17139223,17141223,2000,0.3815,1.9564430497444925,5.652735324769611,9.849682486210376,0.4989431849521249,1.604,1.764,0.0,0.0,2.2442617101669313,alpha_hor
chr15,17143223,17145223,2000,0.3825,1.9573750955559877,5.650928633050296,10.09089670468507,0.5811865670870906,1.856,1.892,0.0,0.0,1.8833328456878664,alpha_hor
chr15,17147223,17149223,2000,0.3795,1.954766334384182,5.645201320588022,9.913741964921105,0.5236161995926146,1.676,1.804,0.0,0.0,4.704613233327866,alpha_hor
chr15,17151223,17153223,2000,0.3815,1.9569571896075388,5.639898151489869,10.07698192107072,0.5702207828024285,1.828,1.872,0.0,0.0,3.5613637018203734,alpha_hor
chr15,17155223,17157223,2000,0.378,1.9543694031016792,5.634512209531613,9.849463263916626,0.4989431849521249,1.616,1.752,0.0,0.0,0.0,alpha_hor
chr15,17159223,17161223,2000,0.383,1.9577803892103012,5.645999994641674,9.991156815382366,0.5400648760196077,1.748,1.848,0.0,0.0,0.3833331871032714,alpha_hor
chr15,17163223,17165223,2000,0.379,1.9556082735261648,5.633902082485176,9.988985185141331,0.5400648760196077,1.768,1.816,0.0,0.0,0.5708331155776978,alpha_hor
chr15,17167223,17169223,2000,0.3845,1.9587686422279735,5.655505295275148,9.868439942881857,0.4962017388809594,1.62,1.78,0.0,0.0,1.2727273941040038,alpha_hor
chr15,17171223,17173223,2000,0.3795,1.955904120440522,5.638003900765936,10.090419524129604,0.5811865670870906,1.852,1.884,0.0,0.0,0.445,alpha_hor
chr15,17175223,17177223,2000,0.3795,1.953870455768421,5.6330179107156235,9.867756161484415,0.5153918613791181,1.632,1.784,0.0,0.0,0.6888882122039794,alpha_hor
chr15,17179223,17181223,2000,0.38,1.9564360673304184,5.636654146992748,10.093619872918572,0.5674793367312629,1.82,1.908,0.0,0.0,1.165,alpha_hor
chr15,17183223,17185223,2000,0.3745,1.95171367669968,5.624254955636563,9.902907118083558,0.5208747535214491,1.696,1.808,0.0,0.0,1.3080801844596863,alpha_hor
chr15,17187223,17189223,2000,0.3765,1.9539015343125936,5.622139692313994,10.051056576465362,0.5565135524466008,1.812,1.88,0.0,0.0,1.5840269646644591,alpha_hor
chr15,17191223,17193223,2000,0.377,1.9524532407994333,5.6176026935740975,9.525574951750666,0.4221826949594903,1.316,1.6,0.0,0.0,0.6999993124008179,alpha_hor
chr15,17195223,17197223,2000,0.3805,1.9569158923857248,5.638592721227841,10.126808858987417,0.583928013158256,1.856,1.908,0.0,0.0,0.8833324656486511,alpha_hor
chr15,17199223,17201223,2000,0.374,1.9510327711603035,5.616481563922623,9.81489785685384,0.4934602928097938,1.6,1.756,0.0,0.0,0.665,alpha_hor
chr15,17203223,17205223,2000,0.3785,1.954555258329104,5.643370442786595,9.870381084300677,0.504426077094456,1.636,1.808,0.0,0.0,1.7972221021652222,alpha_hor
chr15,17207223,17209223,2000,0.3805,1.9562611412418216,5.642391246154673,10.079833428536622,0.5647378906600974,1.82,1.872,0.0,0.0,0.0,alpha_hor
chr15,17211223,17213223,2000,0.377,1.9547084814532976,5.628191412452035,10.03013629168236,0.5674793367312629,1.824,1.84,0.0,0.0,1.9845252656936645,alpha_hor
chr15,17215223,17217223,2000,0.3825,1.9575135309890748,5.6532694954980744,10.007027334683752,0.5565135524466008,1.768,1.832,0.0,0.0,0.8611102652549744,alpha_hor
chr15,17219223,17221223,2000,0.3795,1.9562240351768132,5.644500089989951,10.0380931256501,0.5565135524466008,1.8,1.86,0.0,0.0,1.3714271850585935,alpha_hor
chr15,17223223,17225223,2000,0.3805,1.9563291903161957,5.641172440382598,10.040800656365672,0.5455477681619388,1.768,1.872,0.0,0.0,5.635708588600159,alpha_hor
chr15,17227223,17229223,2000,0.3795,1.956170552800213,5.637070026616543,9.992188291681734,0.5482892142331043,1.76,1.824,0.0,0.0,3.118749656200409,alpha_hor
chr15,17231223,17233223,2000,0.3735,1.9497703078071944,5.604296218227141,9.51100036380796,0.4029925724613317,1.304,1.568,0.0,0.0,0.0,alpha_hor
chr15,17235223,17237223,2000,0.381,1.9565058435556115,5.649075568813003,10.039999838253372,0.5510306603042698,1.8,1.832,0.0,0.0,0.75,alpha_hor
chr15,17239223,17241223,2000,0.3775,1.9540434284094776,5.634845833845775,10.054799797345517,0.5866694592294216,1.86,1.88,0.0,0.0,1.403526502609253,alpha_hor
chr15,17243223,17245223,2000,0.3795,1.954586506399144,5.642262705107028,9.840086341540776,0.509908969236787,1.62,1.772,0.0,0.0,0.3357144169807434,alpha_hor
chr15,17247223,17249223,2000,0.381,1.9563061245915716,5.643074169269084,9.91374636931975,0.5071675231656215,1.648,1.816,0.0,0.0,0.7725152366161346,alpha_hor
chr15,17251223,17253223,2000,0.3755,1.953324196055993,5.627891829187415,10.067216919793834,0.578445121015925,1.856,1.856,0.0,0.0,0.8375,alpha_hor
chr15,17255223,17257223,2000,0.379,1.9550368659907744,5.637041794598814,9.892803488002,0.5208747535214491,1.66,1.788,0.0,0.0,0.0,alpha_hor
chr15,17259223,17261223,2000,0.3775,1.9537985535894808,5.636719215118471,9.871783004605176,0.5071675231656215,1.648,1.788,0.0,0.0,0.2822224249839782,alpha_hor
chr15,17263223,17265223,2000,0.382,1.9572152572105912,5.650473907206326,9.868457908211449,0.4934602928097938,1.608,1.804,0.0,0.0,0.8255852880477905,alpha_hor
chr15,17267223,17269223,2000,0.38,1.9561910019233408,5.638127339486621,10.005869351572564,0.5510306603042698,1.788,1.852,0.0,0.0,0.536666922569275,alpha_hor
chr15,17271223,17273223,2000,0.38,1.9561461332054504,5.640194209113321,10.087294241884056,0.5592549985177664,1.824,1.88,0.0,0.0,0.0,alpha_hor
chr15,17275223,17277223,2000,0.3735,1.9507429434524104,5.615326342045938,9.796098907339164,0.4797530624539662,1.584,1.744,0.0,0.0,2.367044792175293,alpha_hor
chr15,17279223,17281223,2000,0.3785,1.9545181091300547,5.644398430064857,9.870381084300677,0.504426077094456,1.628,1.8,0.0,0.0,1.2981818771362306,alpha_hor
chr15,17283223,17285223,2000,0.38,1.955804636630829,5.6406925163256165,10.085863579290391,0.5674793367312629,1.812,1.888,0.0,0.0,3.2569426817893983,alpha_hor
chr15,17287223,17289223,2000,0.3775,1.955078048119651,5.629702661781673,10.060056516899664,0.578445121015925,1.828,1.868,0.0,0.0,0.61666606092453,alpha_hor
chr15,17291223,17293223,2000,0.3805,1.9562355216824487,5.65074685405921,10.056907503833218,0.572962228873594,1.816,1.872,0.0,0.0,0.0,alpha_hor
chr15,17295223,17297223,2000,0.381,1.9572674063930495,5.650331513565142,10.082738304419742,0.5647378906600974,1.84,1.888,0.0,0.0,0.6227273321151734,alpha_hor
chr15,17299223,17301223,2000,0.373,1.950104974146124,5.612029369718197,9.463963981777836,0.3975096803190006,1.26,1.564,0.0,0.0,1.5185605144500731,alpha_hor
chr15,17303223,17305223,2000,0.381,1.956539826303205,5.645953990644146,9.890235642684456,0.4852359545962973,1.608,1.78,0.0,0.0,1.576923520565033,alpha_hor
chr15,17307223,17309223,2000,0.3795,1.9556014744350807,5.635728971940949,10.140499593064764,0.5976352435140837,1.892,1.912,0.0,0.0,0.9555546169281006,alpha_hor
chr15,17311223,17313223,2000,0.3805,1.9565733170922612,5.642535950350619,10.025964621526626,0.5757036749447595,1.812,1.836,0.0,0.0,0.0,alpha_hor
chr15,17315223,17317223,2000,0.378,1.9541492269426708,5.626433976676397,10.038401763099522,0.5482892142331043,1.772,1.828,0.0,0.0,0.0,alpha_hor
chr15,17319223,17321223,2000,0.378,1.9546755467687649,5.628470738590757,9.882387217287985,0.5181333074502835,1.672,1.772,0.0,0.0,2.853336736679077,alpha_hor
chr15,17323223,17325223,2000,0.3805,1.955326486013574,5.631105150388522,9.873749046173035,0.5153918613791181,1.664,1.78,0.0,0.0,2.3325,alpha_hor
chr15,17327223,17329223,2000,0.378,1.954636964694992,5.642110682786246,10.037779237326026,0.5565135524466008,1.792,1.864,0.0,0.0,0.0,alpha_hor
chr15,17331223,17333223,2000,0.38,1.9560937725300496,5.6431433498477634,10.087497075737955,0.5757036749447595,1.852,1.876,0.0,0.0,3.45,alpha_hor
chr15,17335223,17337223,2000,0.3815,1.957087647842928,5.651096935419396,10.071294926488092,0.5811865670870906,1.856,1.876,0.0,0.0,1.583331823348999,alpha_hor
chr15,17339223,17341223,2000,0.378,1.9543365047205523,5.634875782480836,10.06275718576943,0.5619964445889319,1.824,1.88,0.0,0.0,0.0,alpha_hor
chr15,17343223,17345223,2000,0.3775,1.954162168842705,5.637689613013038,10.060293666342004,0.5565135524466008,1.796,1.872,0.0,0.0,0.0,alpha_hor
chr15,17347223,17349223,2000,0.3785,1.954759515251844,5.63724982084328,10.094401710748397,0.5619964445889319,1.812,1.88,0.0,0.0,0.0,alpha_hor
chr15,17351223,17353223,2000,0.376,1.9535079910450743,5.627941310603625,10.06890905486477,0.572962228873594,1.844,1.868,0.0,0.0,1.36,alpha_hor
chr15,17355223,17357223,2000,0.377,1.954018953719377,5.630067257884041,9.901481947493506,0.5208747535214491,1.672,1.788,0.0,0.0,1.4,alpha_hor
chr15,17359223,17361223,2000,0.3795,1.955813087418272,5.642249946084485,10.06913748417568,0.5619964445889319,1.808,1.868,0.0,0.0,0.725,alpha_hor
chr15,17363223,17365223,2000,0.376,1.9539786919141675,5.630700659067942,10.05313468900478,0.5702207828024285,1.832,1.86,0.0,0.0,1.175002375602722,alpha_hor
chr15,17367223,17369223,2000,0.3805,1.9562075725137291,5.649794535167303,10.05807606059668,0.5702207828024285,1.82,1.876,0.0,0.0,0.0,alpha_hor
chr15,17371223,17373223,2000,0.3735,1.9516875668389329,5.617880294614782,9.809641599344848,0.4879774006674628,1.564,1.744,0.0,0.0,3.1142825660705564,alpha_hor
chr15,17375223,17377223,2000,0.379,1.9539679369187557,5.640068251341163,9.92603020218118,0.5181333074502835,1.68,1.816,0.0,0.0,1.2333358268737793,alpha_hor
chr15,17379223,17381223,2000,0.379,1.955827850996716,5.642058103069358,10.113078190999714,0.572962228873594,1.832,1.9,0.0,0.0,2.728568670272827,alpha_hor
chr15,17383223,17385223,2000,0.38,1.9557103809857512,5.644800788297535,10.07696783874523,0.583928013158256,1.852,1.888,0.0,0.0,1.0916688737869262,alpha_hor
chr15,17387223,17389223,2000,0.3815,1.9581172958726896,5.643797711019672,9.879999759915274,0.4907188467386283,1.608,1.764,0.0,0.0,1.1625,alpha_hor
chr15,17391223,17393223,2000,0.377,1.954018953719377,5.628920561143275,9.934141232682371,0.5181333074502835,1.664,1.78,0.0,0.0,1.035,alpha_hor
chr15,17395223,17397223,2000,0.381,1.9573699677600211,5.646297879161745,10.060090879169328,0.5702207828024285,1.832,1.872,0.0,0.0,0.0,alpha_hor
chr15,17399223,17401223,2000,0.3825,1.9584732624626189,5.64588584530259,9.872192196370277,0.4879774006674628,1.596,1.748,0.0,0.0,2.2435022406578065,alpha_hor
chr15,17403223,17405223,2000,0.3755,1.952301450494234,5.624677222645901,9.86570088445867,0.5071675231656215,1.636,1.792,0.0,0.0,0.5609848880767823,alpha_hor
chr15,17407223,17409223,2000,0.3795,1.9554240137684984,5.638576343566585,10.006592599118862,0.5428063220907733,1.76,1.84,0.0,0.0,2.140493544101715,alpha_hor
chr15,17411223,17413223,2000,0.377,1.9545658144444025,5.62616802288966,9.974801485398029,0.5345819838772767,1.736,1.816,0.0,0.0,0.0,alpha_hor
chr15,17415223,17417223,2000,0.382,1.956896842540112,5.647164976803878,9.83693361822066,0.4770116163828007,1.572,1.76,0.0,0.0,2.048483355522156,alpha_hor
chr15,17419223,17421223,2000,0.3765,1.9540748750957144,5.625526284736216,10.06811741374609,0.5921523513717527,1.876,1.88,0.0,0.0,0.0,alpha_hor
chr15,17423223,17425223,2000,0.3785,1.953370818553073,5.632273062895727,9.85911272848964,0.5126504153079525,1.632,1.788,0.0,0.0,2.2544634914398194,alpha_hor
chr15,17427223,17429223,2000,0.3805,1.956230364550139,5.636628215523348,10.12713208802192,0.5757036749447595,1.856,1.888,0.0,0.0,1.0750021734237671,alpha_hor
chr15,17431223,17433223,2000,0.376,1.9528806003686088,5.634435063640636,10.064839463834245,0.5702207828024285,1.816,1.88,0.0,0.0,0.0,alpha_hor
chr15,17435223,17437223,2000,0.38,1.9561945451573135,5.640186881243737,9.902154696226594,0.5236161995926146,1.68,1.784,0.0,0.0,1.123333703994751,alpha_hor
chr15,17439223,17441223,2000,0.382,1.9572144828620883,5.653225308039216,9.954689832720474,0.5208747535214491,1.708,1.812,0.0,0.0,0.0,alpha_hor
chr15,17443223,17445223,2000,0.3815,1.9566256747042832,5.643839398840205,10.062868800412046,0.572962228873594,1.832,1.868,0.0,0.0,0.68,alpha_hor
chr15,17447223,17449223,2000,0.3825,1.957279678134284,5.652145883762378,9.821256141974064,0.4797530624539662,1.568,1.752,0.0,0.0,1.344443123817444,alpha_hor
chr15,17451223,17453223,2000,0.3825,1.9575153257756095,5.658773613990928,10.1494292947322,0.5894109053005872,1.896,1.904,0.0,0.0,2.4086365509033203,alpha_hor
chr15,17455223,17457223,2000,0.3775,1.9538518640956852,5.638427362533232,9.898363079091162,0.5153918613791181,1.652,1.816,0.0,0.0,6.6832747950553895,alpha_hor
chr15,17459223,17461223,2000,0.3815,1.9568497055058989,5.652447248720777,10.086112080123344,0.5537721063754354,1.804,1.876,0.0,0.0,4.572217730998993,alpha_hor
chr15,17463223,17465223,2000,0.375,1.9523882520097908,5.623966719960661,9.875371795261602,0.504426077094456,1.644,1.784,0.0,0.0,1.6888872299194335,alpha_hor
chr15,17467223,17469223,2000,0.38,1.9558558344523247,5.638164200157215,10.00136637869499,0.5428063220907733,1.756,1.856,0.0,0.0,2.6250053071975707,alpha_hor
chr15,17471223,17473223,2000,0.378,1.9551820917488751,5.630405513080075,10.002576876731627,0.5455477681619388,1.776,1.832,0.0,0.0,2.8291683807373045,alpha_hor
chr15,17475223,17477223,2000,0.3825,1.9571878860785312,5.649070076682125,9.856273321144307,0.4824945085251318,1.572,1.788,0.0,0.0,2.271426275253296,alpha_hor
chr15,17479223,17481223,2000,0.374,1.9515432902010377,5.616837364238498,9.774082907094476,0.4824945085251318,1.556,1.712,0.0,0.0,1.306347900867462,alpha_hor
chr15,17483223,17485223,2000,0.3785,1.9530059866308225,5.633295507232883,9.855202290981651,0.5071675231656215,1.632,1.796,0.0,0.0,1.0821969079971314,alpha_hor
chr15,17487223,17489223,2000,0.38,1.955710380985751,5.636272735993482,10.12187249886376,0.5647378906600974,1.844,1.9,0.0,0.0,0.5772727823257446,alpha_hor
chr15,17491223,17493223,2000,0.374,1.9511019231959816,5.618100218206927,9.900334306003051,0.5071675231656215,1.656,1.784,0.0,0.0,1.3749999508857726,alpha_hor
chr15,17495223,17497223,2000,0.3835,1.9583326029943269,5.649082065684101,9.827084483283455,0.4852359545962973,1.588,1.764,0.0,0.0,0.0,alpha_hor
chr15,17499223,17501223,2000,0.382,1.956897055476408,5.656803095939628,10.121683392869148,0.5948937974429181,1.896,1.892,0.0,0.0,1.366666145324707,alpha_hor
chr15,17503223,17505223,2000,0.3785,1.9529894742950795,5.626516778945109,9.846737583054454,0.4934602928097938,1.608,1.772,0.0,0.0,2.3918054027557374,alpha_hor
chr15,17507223,17509223,2000,0.381,1.955766073857416,5.643047489730634,9.84821165559311,0.4934602928097938,1.588,1.768,0.0,0.0,1.0250020723342896,alpha_hor
chr15,17511223,17513223,2000,0.3775,1.9535829721962263,5.63229402335762,10.127599891593793,0.6003766895852493,1.884,1.912,0.0,0.0,1.59375,alpha_hor
chr15,17515223,17517223,2000,0.3805,1.9549991490101275,5.645192484090944,9.948690267791717,0.5181333074502835,1.692,1.804,0.0,0.0,0.0,alpha_hor
chr15,17519223,17521223,2000,0.3825,1.9575135309890748,5.641461263414106,9.967370303397448,0.5345819838772767,1.732,1.832,0.0,0.0,1.1375,alpha_hor
chr15,17523223,17525223,2000,0.3805,1.9568171574660311,5.642176760942261,10.023851555988193,0.5428063220907733,1.792,1.84,0.0,0.0,0.0,alpha_hor
chr15,17527223,17529223,2000,0.383,1.9576253007113371,5.650466995756369,9.83943423822755,0.4907188467386283,1.6,1.768,0.0,0.0,0.0,alpha_hor
chr15,17531223,17533223,2000,0.3815,1.9571794767583013,5.6472636192363375,10.105519076630388,0.5894109053005872,1.872,1.9,0.0,0.0,0.0,alpha_hor
chr15,17535223,17537223,2000,0.38,1.954579059362516,5.638556901040294,9.907104785868222,0.5208747535214491,1.664,1.808,0.0,0.0,0.0,alpha_hor
chr15,17539223,17541223,2000,0.377,1.9544578929944352,5.6332666220570395,9.88662015252439,0.4907188467386283,1.604,1.788,0.0,0.0,3.2583307962417605,alpha_hor
chr15,17543223,17545223,2000,0.377,1.954089188518067,5.624030303541803,10.057429579345664,0.5757036749447595,1.844,1.848,0.0,0.0,4.373334613800049,alpha_hor
chr15,17547223,17549223,2000,0.378,1.9544460643816148,5.641253680641448,9.974845829106023,0.5400648760196077,1.728,1.828,0.0,0.0,1.19,alpha_hor
chr15,17551223,17553223,2000,0.38,1.9557979967280663,5.6359026989573,10.08744867948264,0.578445121015925,1.832,1.872,0.0,0.0,0.0,alpha_hor
chr15,17555223,17557223,2000,0.3775,1.9546587916905895,5.625395943284029,10.080315977002376,0.572962228873594,1.824,1.868,0.0,0.0,2.916666650772094,alpha_hor
chr15,17559223,17561223,2000,0.382,1.9568501492638932,5.648765095638272,9.796243861817882,0.4797530624539662,1.548,1.752,0.0,0.0,0.0,alpha_hor
chr15,17563223,17565223,2000,0.381,1.9564753496632,5.647096286287165,10.097844576890049,0.5866694592294216,1.872,1.888,0.0,0.0,1.1863637495040893,alpha_hor
chr15,17567223,17569223,2000,0.3775,1.953292140719108,5.635696104232656,9.819613166146889,0.5016846310232904,1.612,1.76,0.0,0.0,2.385,alpha_hor
chr15,17571223,17573223,2000,0.382,1.957110778060412,5.643008293936889,10.066848857233346,0.572962228873594,1.824,1.88,0.0,0.0,0.0,alpha_hor
chr15,17575223,17577223,2000,0.3765,1.953433270270197,5.632086040000554,9.858887830500624,0.5016846310232904,1.636,1.756,0.0,0.0,0.84375,alpha_hor
chr15,17579223,17581223,2000,0.3815,1.9571211544959377,5.64382036590934,9.97067101949307,0.5345819838772767,1.732,1.824,0.0,0.0,0.0,alpha_hor
chr15,17583223,17585223,2000,0.3775,1.954802512000634,5.632341205073323,9.97667853941487,0.5482892142331043,1.756,1.828,0.0,0.0,3.0857111663818357,alpha_hor
chr15,17587223,17589223,2000,0.3825,1.9574120598206255,5.65478177860601,9.844572711840204,0.4907188467386283,1.608,1.76,0.0,0.0,1.75,alpha_hor
chr15,17591223,17593223,2000,0.3785,1.955096173766875,5.631539915323103,10.080369272873323,0.578445121015925,1.848,1.884,0.0,0.0,0.6625,alpha_hor
chr15,17595223,17597223,2000,0.38,1.954104491651799,5.638672869594056,9.89708534724346,0.5181333074502835,1.648,1.8,0.0,0.0,0.0,alpha_hor
chr15,17599223,17601223,2000,0.38,1.9562545389631387,5.640643454386569,10.091037470139124,0.5537721063754354,1.804,1.888,0.0,0.0,1.5,alpha_hor
chr15,17603223,17605223,2000,0.3775,1.9535004384633905,5.632906816087268,9.836217760269934,0.4879774006674628,1.576,1.752,0.0,0.0,2.429582612991333,alpha_hor
chr15,17607223,17609223,2000,0.3775,1.954277062451358,5.638001348597053,10.141516137038204,0.6031181356564147,1.92,1.924,0.0,0.0,2.202677185058594,alpha_hor
chr15,17611223,17613223,2000,0.3765,1.950793390006809,5.629115073874495,9.860071402544476,0.5016846310232904,1.6,1.784,0.0,0.0,3.816672746658325,alpha_hor
chr15,17615223,17617223,2000,0.373,1.9515086806626791,5.626860128422753,10.077725574456403,0.5811865670870906,1.852,1.86,0.0,0.0,0.88125,alpha_hor
chr15,17619223,17621223,2000,0.3795,1.9547314517939691,5.639831289518528,9.888194057778142,0.4797530624539662,1.596,1.808,0.0,0.0,1.24375,alpha_hor
chr15,17623223,17625223,2000,0.374,1.9513004666042344,5.616680661576735,10.101304992040983,0.5894109053005872,1.876,1.888,0.0,0.0,1.0250020723342896,alpha_hor
chr15,17627223,17629223,2000,0.376,1.951561911945001,5.631920019776759,9.916933516340576,0.5345819838772767,1.692,1.824,0.0,0.0,5.9475,alpha_hor
chr15,17631223,17633223,2000,0.378,1.953922780337782,5.634186272199061,10.10869209090418,0.5619964445889319,1.848,1.872,0.0,0.0,0.0,alpha_hor
chr15,17635223,17637223,2000,0.375,1.9521663495214836,5.620153515497595,9.788934567807864,0.4934602928097938,1.608,1.744,0.0,0.0,0.0,alpha_hor
chr15,17639223,17641223,2000,0.3775,1.9540434284094776,5.631236567565696,10.094140375281592,0.583928013158256,1.876,1.888,0.0,0.0,0.6611107563972474,alpha_hor
chr15,17643223,17645223,2000,0.3835,1.9579173606655704,5.635528506814928,9.703300640009315,0.4578214938846421,1.492,1.672,0.0,0.0,0.0,alpha_hor
chr15,17647223,17649223,2000,0.376,1.9525725018594189,5.622381541236557,9.944937751223623,0.5373234299484422,1.744,1.816,0.0,0.0,0.7214288535118103,alpha_hor
chr15,17651223,17653223,2000,0.369,1.9483857535561635,5.608241731276169,10.16983335287148,0.6003766895852493,1.908,1.912,0.0,0.0,2.196609757900238,alpha_hor
chr15,17655223,17657223,2000,0.373,1.9510396753028196,5.622073232020203,10.188152594626173,0.5866694592294216,1.876,1.94,0.0,0.0,0.0133333396911621,alpha_hor
chr15,17659223,17661223,2000,0.3695,1.948194384569714,5.611356488193562,10.215473232928996,0.5976352435140837,1.896,1.916,0.0,0.0,1.389524395465851,alpha_hor
chr15,17663223,17665223,2000,0.378,1.9548437379388035,5.646511239984097,10.189268560710726,0.6086010277987458,1.956,1.932,0.0,0.0,0.553125,alpha_hor
chr15,17667223,17669223,2000,0.367,1.9465771924791015,5.596323874760959,10.185514045813374,0.5921523513717527,1.92,1.912,0.0,0.0,0.6173202881813049,alpha_hor
chr15,17671223,17673223,2000,0.3765,1.951502984489585,5.641756437304295,10.051278969898558,0.5537721063754354,1.784,1.892,0.0,0.0,0.8499983224868775,alpha_hor
chr15,17675223,17677223,2000,0.374,1.9518256821771056,5.636040086458295,10.169968114980572,0.6003766895852493,1.904,1.932,0.0,0.0,0.9583331997394562,alpha_hor
chr15,17679223,17681223,2000,0.38,1.954327928045405,5.64371545899697,9.985994036517791,0.5373234299484422,1.716,1.824,0.0,0.0,0.7666659135818481,alpha_hor
chr15,17683223,17685223,2000,0.366,1.9439030203558376,5.633238429360561,10.39400441105169,0.6798786256490493,2.068,2.048,0.0,0.0,0.5333328094482422,alpha_hor
chr15,17687223,17689223,2000,0.3705,1.9477519240873633,5.623781016772026,10.188301737812182,0.6277911502969045,1.972,1.92,0.0,0.0,2.6131819248199464,alpha_hor
chr15,17691223,17693223,2000,0.364,1.941817075803579,5.600681880393466,10.279165359987529,0.6305325963680699,1.94,1.996,0.0,0.0,0.9929486603736878,alpha_hor
chr15,17695223,17697223,2000,0.38,1.9566570072115157,5.606895553484782,10.195904042694844,0.5976352435140837,1.912,1.896,0.0,0.0,2.9478014743328096,alpha_mono
chr15,17699223,17701223,2000,0.3765,1.9547177406787617,5.613212513912786,10.032929612695256,0.5702207828024285,1.82,1.848,0.0,0.0,0.0600000286102294,alpha_mono
chr15,17703223,17705223,2000,0.374,1.950857382143368,5.568894863058529,10.00206672389746,0.5565135524466008,1.78,1.836,0.0,0.0,1.6034323406219482,alpha_mono
chr15,17707223,17709223,2000,0.371,1.94511410991198,5.56497302740983,10.163273039192545,0.6031181356564147,1.904,1.908,0.0,0.0,1.5894739384651184,alpha_mono
chr15,17711223,17713223,2000,0.364,1.9412211459220892,5.522445009529443,10.041573198507551,0.5674793367312629,1.812,1.86,0.0,0.0,0.9454765870571136,alpha_mono
chr15,17715223,17717223,2000,0.357,1.9360533373061968,5.559058175495853,10.054612569501256,0.5976352435140837,1.884,1.904,0.0,0.0,0.0,alpha_mono
chr15,17719223,17721223,2000,0.3555,1.928568567412495,5.538438661083403,10.130099387519028,0.6277911502969045,1.944,2.02,0.0,0.0,3.50125,alpha_mono
chr15,17723223,17725223,2000,0.3685,1.9440312943155695,5.565369264690786,9.978026092757696,0.583928013158256,1.844,1.84,0.0,0.0,2.246427387237549,alpha_mono
chr15,17727223,17729223,2000,0.3955,1.9584940932353436,5.730903753182464,10.95051251442588,0.9430574484809394,2.628,2.436,0.0,0.0,0.745,alpha_mono
chr15,17731223,17733223,2000,0.366,1.9396361093215853,5.546378959387273,9.96856840464384,0.5482892142331043,1.776,1.836,0.0,0.0,2.745908932685852,alpha_mono
chr15,17735223,17737223,2000,0.3675,1.9432319503755515,5.536925946968187,10.035366707063057,0.5976352435140837,1.856,1.888,0.0,0.0,0.76875,alpha_mono
chr15,17739223,17741223,2000,0.3685,1.941976210552516,5.538011650140212,9.53422274874996,0.4934602928097938,1.556,1.664,0.0,0.0,1.9272712421417235,alpha_mono
chr15,17743223,17745223,2000,0.385,1.9600877269021044,5.746224559670479,10.941284108407492,0.940316002409774,2.652,2.424,0.0,0.0,8.089105093002319,non_satellite
chr15,17747223,17749223,2000,0.296,1.8728068813762544,5.52687184955672,10.916867060474528,0.9129015416981188,2.584,2.476,0.0,0.0,1.831818356513977,non_satellite
chr15,17751223,17753223,2000,0.411,1.9736541375478192,5.790200688999125,10.83989623180941,0.8964528652711256,2.572,2.416,0.0,0.0,1.586362862586975,non_satellite
chr15,17755223,17757223,2000,0.4225,1.9786089483914424,5.79764599523479,10.94233931718644,0.9348331102674428,2.676,2.456,0.0,0.0,1.2166665363311768,non_satellite
chr15,17759223,17761223,2000,0.3485,1.9306966658035765,5.703631801472984,10.94649241392337,0.9348331102674428,2.6,2.472,0.0,0.0,0.5484848213195801,non_satellite
chr15,17763223,17765223,2000,0.422,1.9800159624330456,5.832238608183362,10.86231664758955,0.9129015416981188,2.64,2.444,0.0,0.0,2.856248281478882,non_satellite
chr15,17767223,17769223,2000,0.344,1.9261372836139707,5.661869728916492,10.947118098595649,0.9320916641962772,2.656,2.464,0.0,0.0,0.7777773084640502,non_satellite
chr15,17771223,17773223,2000,0.37,1.947641955424188,5.744942934064308,10.930032671459983,0.940316002409774,2.656,2.464,0.0,0.0,2.0928550271987914,non_satellite
chr15,17775223,17777223,2000,0.375,1.953965743108234,5.75260563856518,10.931363913252095,0.9430574484809394,2.7,2.448,0.0,0.0,2.8999970684051513,non_satellite
chr15,17779223,17781223,2000,0.381,1.9567695775269,5.756108225700143,10.918547870971407,0.9101600956269532,2.62,2.472,0.0,0.0,1.54,non_satellite
chr15,17783223,17785223,2000,0.3405,1.9227214329532576,5.641990721363412,10.949507489300252,0.9293502181251118,2.632,2.432,0.0,0.0,0.9636364555358888,non_satellite
chr15,17787223,17789223,2000,0.3235,1.9079765561618245,5.62952529892604,10.95252256467714,0.9430574484809394,2.664,2.46,0.0,0.025,0.3916665172576904,non_satellite
chr15,17791223,17793223,2000,0.4455,1.9880443765030604,5.793860163221726,10.912292486078664,0.9238673259827808,2.672,2.428,0.0,0.0,3.60625,non_satellite
chr15,17795223,17797223,2000,0.383,1.907374922375206,5.595735242345384,10.955537640054022,0.9266087720539464,2.656,2.408,0.0,0.45,0.0,non_satellite
chr15,17799223,17801223,2000,0.333,1.914812626305737,5.660768514381957,10.95654266517965,0.940316002409774,2.648,2.456,0.0,0.575,0.0,non_satellite
chr15,17803223,17805223,2000,0.5015,1.997932416765532,5.835601937265357,10.939849559175194,0.9266087720539464,2.664,2.468,0.0,0.0,2.866663932800293,non_satellite
chr15,17807223,17809223,2000,0.3135,1.873442593037052,5.341519897758018,10.228685339192808,0.756639115641684,2.272,2.152,0.0,0.0,0.0,non_satellite
chr15,17811223,17813223,2000,0.328,1.8945788193758664,5.621270765858488,10.954532614928397,0.9101600956269532,2.628,2.456,0.0,0.3,2.3333311080932617,non_satellite
chr15,17815223,17817223,2000,0.348,1.9320076664997692,5.698394620525031,10.95754769030528,0.9293502181251118,2.672,2.456,0.0,0.65,3.36,non_satellite
chr15,17819223,17821223,2000,0.329,1.9014835952571985,5.623751816789626,10.949507489300256,0.9238673259827808,2.676,2.452,0.0,0.0,0.64375,non_satellite
chr15,17823223,17825223,2000,0.3505,1.9321669076517152,5.699045870591714,10.958552715430908,0.9293502181251118,2.676,2.444,0.0,1.0,0.0,non_satellite
chr15,17827223,17829223,2000,0.335,1.918050728345035,5.670004521063524,10.949128148846906,0.9320916641962772,2.636,2.444,0.0,0.0,0.6428564929962158,non_satellite
chr15,17831223,17833223,2000,0.3645,1.941237195219,5.741283596662951,10.949128148846906,0.9156429877692842,2.648,2.44,0.0,0.0,0.65625,non_satellite
chr15,17835223,17837223,2000,0.375,1.954080031331487,5.735243914787924,10.924248864925143,0.9293502181251118,2.676,2.444,0.0,0.0,1.2642844362258912,non_satellite
chr15,17839223,17841223,2000,0.3225,1.9063754694872737,5.632103591619847,10.953527589802768,0.9348331102674428,2.632,2.472,0.0,0.15,1.8811111001968384,non_satellite
chr15,17843223,17845223,2000,0.332,1.9112275098535525,5.628403297955257,10.95654266517965,0.9211258799116152,2.652,2.428,0.0,0.5,1.5544866502285004,non_satellite
chr15,17847223,17849223,2000,0.589,1.932807939051686,5.439276895608642,10.338783032281198,0.7319661010011943,2.2,2.104,0.0,0.0,4.458331762075424,other_sat
chr15,17851223,17853223,2000,0.463,1.992425127862262,5.806307097893302,10.95151753955151,0.945798894552105,2.68,2.48,0.0,0.0,1.2857143828868869,non_satellite
chr15,17855223,17857223,2000,0.388,1.9130015449660671,5.638066743735283,10.954532614928391,0.9238673259827808,2.672,2.404,0.0,0.175,2.729792609214783,non_satellite
chr15,17859223,17861223,2000,0.4925,1.998179508940195,5.745630357773191,10.915316986778992,0.9293502181251118,2.628,2.46,0.0,0.0,5.460651059627533,non_satellite
chr15,17863223,17865223,2000,0.4255,1.969021992076366,5.725713672925213,10.940904767954144,0.9430574484809394,2.672,2.428,0.0,0.0,3.3209527072906493,non_satellite
chr15,17867223,17869223,2000,0.452,1.9883599884148928,5.789825133095546,10.958552715430908,0.940316002409774,2.692,2.452,0.0,1.0,0.9320828733444214,non_satellite
chr15,17871223,17873223,2000,0.41,1.9736908197051763,5.8065491205039645,10.954532614928397,0.9540232327656016,2.72,2.412,0.0,0.075,0.4173076937198638,non_satellite
chr15,17875223,17877223,2000,0.4295,1.9851896909270212,5.815399537845003,10.95654266517965,0.945798894552105,2.684,2.448,0.0,0.275,0.55,non_satellite
chr15,17879223,17881223,2000,0.3705,1.9497847620851985,5.707639844911511,10.95654266517965,0.951281786694436,2.712,2.428,0.0,0.35,4.1022211689949035,non_satellite
chr15,17883223,17885223,2000,0.35,1.9140919599134831,5.6322349151704145,10.954532614928397,0.9266087720539464,2.66,2.452,0.0,0.175,1.285,non_satellite
chr15,17887223,17889223,2000,0.3625,1.941764963466848,5.697093774299342,10.950512514425885,0.9485403406232704,2.664,2.448,0.0,0.0,2.2694422397613527,non_satellite
chr15,17891223,17893223,2000,0.397,1.9639953428888943,5.788125780937183,10.958552715430908,0.9266087720539464,2.668,2.452,0.0,1.0,4.656246463775635,non_satellite
chr15,17895223,17897223,2000,0.377,1.9491186398657503,5.7451761882536685,10.9240025207062,0.9238673259827808,2.604,2.464,0.0,0.0,1.35625,non_satellite
chr15,17899223,17901223,2000,0.467,1.9952818974473248,5.752599410170466,10.95654266517965,0.9320916641962772,2.644,2.436,0.0,0.325,0.54375,non_satellite
chr15,17903223,17905223,2000,0.3905,1.948391884969109,5.7097422604970856,10.954532614928397,0.9211258799116152,2.688,2.456,0.0,0.1,0.6625,non_satellite
chr15,17907223,17909223,2000,0.617,1.955293593268644,5.577117559661869,10.946492413923377,0.8909699731287946,2.6,2.452,0.0,0.0,0.0,non_satellite
chr15,17911223,17913223,2000,0.5045,1.9716373912449503,5.717806902214608,10.95654266517965,0.940316002409774,2.628,2.424,0.0,0.3,2.012776424407959,non_satellite
chr15,17915223,17917223,2000,0.5965,1.9633918549183955,5.606796167458419,10.95051251442588,0.9101600956269532,2.628,2.448,0.0,0.075,1.480555009841919,non_satellite
chr15,17919223,17921223,2000,0.51,1.9924130038828216,5.777276160958796,10.954532614928397,0.9485403406232704,2.696,2.408,0.0,0.175,4.5875,non_satellite
chr15,17923223,17925223,2000,0.5955,1.9672927323716545,5.644321632360256,10.95754769030528,0.9156429877692842,2.596,2.384,0.0,0.85,0.0,non_satellite
chr15,17927223,17929223,2000,0.4835,1.989316352672723,5.76950921154619,10.81958837379274,0.8909699731287946,2.592,2.328,0.0,0.0,0.6357136430740357,non_satellite
chr15,17931223,17933223,2000,0.475,1.988064261221824,5.777676289856729,10.955537640054024,0.9595061249079324,2.708,2.456,0.0,0.075,0.0,non_satellite
chr15,17935223,17937223,2000,0.3825,1.959364413863652,5.7329840305194075,10.95654266517965,0.940316002409774,2.656,2.472,0.0,0.3,1.0736106090545654,non_satellite
chr15,17939223,17941223,2000,0.4005,1.908813372720825,5.615967737939788,10.958552715430908,0.9266087720539464,2.652,2.428,0.0,1.0,1.8571409797668457,non_satellite
chr15,17943223,17945223,2000,0.4475,1.982654288532511,5.719873447197073,10.751662468872308,0.888228527057629,2.568,2.38,0.0,0.0,0.0,non_satellite
chr15,17947223,17949223,2000,0.4875,1.9957728569538893,5.806736638980984,10.94711809859565,0.940316002409774,2.672,2.456,0.0,0.0,1.454999508857727,non_satellite
chr15,17951223,17953223,2000,0.487,1.9988057620828152,5.879967234423695,10.958552715430908,0.9759548013349256,2.736,2.472,0.0,1.0,3.024997978210449,non_satellite
chr15,17955223,17957223,2000,0.3945,1.9675365910031353,5.804949684054968,10.95654266517965,0.9540232327656016,2.708,2.476,0.0,0.175,3.75,non_satellite
chr15,17959223,17961223,2000,0.4785,1.99865604926981,5.814823051215023,10.92612591894198,0.9183844338404498,2.672,2.42,0.0,0.0,0.0,non_satellite
chr15,17963223,17965223,2000,0.4075,1.9447959235385128,5.739776812222,10.946113073470023,0.9293502181251118,2.66,2.432,0.0,0.0,8.949991464614868,non_satellite
chr15,17967223,17969223,2000,0.3885,1.9628331184110377,5.788957550934862,10.95654266517965,0.951281786694436,2.688,2.472,0.0,0.25,2.8611104035377504,non_satellite
chr15,17971223,17973223,2000,0.4945,1.9996522615404249,5.817577789963325,10.81709683004211,0.8909699731287946,2.544,2.448,0.0,0.0,1.595,non_satellite
chr15,17975223,17977223,2000,0.524,1.995529797309662,5.767808959892109,10.879035797904104,0.9238673259827808,2.604,2.42,0.0,0.0,0.4545454978942871,non_satellite
chr15,17979223,17981223,2000,0.452,1.9815711897964237,5.790391210981243,10.85880221620277,0.8909699731287946,2.616,2.4,0.0,0.0,2.847872456550598,non_satellite
chr15,17983223,17985223,2000,0.488,1.9984793493072224,5.785579613337516,10.710842785406047,0.825175267420822,2.42,2.372,0.0,0.0,1.2727273941040038,non_satellite
chr15,17987223,17989223,2000,0.511,1.998085651604667,5.845739089729266,10.90526673552272,0.9266087720539464,2.684,2.452,0.0,0.0,1.2688883595466611,non_satellite
chr15,17991223,17993223,2000,0.48,1.9975587094897227,5.786014336548788,10.851621063411098,0.9019357574134566,2.592,2.436,0.0,0.0,0.7,non_satellite
chr15,17995223,17997223,2000,0.4995,1.9956642465088268,5.795560233369995,10.759232803338008,0.8608140663459738,2.464,2.396,0.0,0.0,0.8428562908172608,non_satellite
chr15,17999223,18001223,2000,0.4715,1.9962084797161548,5.8064604600642955,10.916980325504676,0.9320916641962772,2.624,2.42,0.0,0.0,0.0,non_satellite
chr15,18003223,18005223,2000,0.535,1.91307156964344,5.40281687147162,9.582552138262344,0.4852359545962973,1.56,1.7,0.0,0.0,2.8,non_satellite
chr15,18007223,18009223,2000,0.6735,1.6097626709014643,3.5839394870160524,7.616038604612942,0.3097834060417039,1.124,1.156,0.0,0.0,3.6216637525558473,other_sat
chr15,18011223,18013223,2000,0.6775,1.606964048985889,3.5862584621780305,7.72751024837325,0.3152662981840349,1.116,1.176,0.0,0.0,1.789393696784973,other_sat
chr15,18015223,18017223,2000,0.3775,1.9535647156818872,5.6811222421093905,10.71843684681648,0.8553311742036427,2.444,2.36,0.0,0.0,5.40371291923523,non_satellite
chr15,18019223,18021223,2000,0.3615,1.938882343601939,5.684107735907774,10.924248864925133,0.9183844338404498,2.608,2.488,0.0,0.0,1.211764093399048,non_satellite
chr15,18023223,18025223,2000,0.426,1.9823571259427917,5.783604641422265,10.627793492686235,0.8005022527803323,2.384,2.288,0.0,0.0,1.827451090812683,non_satellite
chr15,18027223,18029223,2000,0.477,1.9956377239938152,5.797318152888451,10.865886196859782,0.8964528652711256,2.588,2.428,0.0,0.0,0.9441171698570252,non_satellite
chr15,18031223,18033223,2000,0.4805,1.9958001274122588,5.768592689270331,10.795228047449545,0.9129015416981188,2.604,2.444,0.0,0.0,1.4539089913368226,non_satellite
chr15,18035223,18037223,2000,0.431,1.984719190938639,5.78972945195864,10.955537640054024,0.951281786694436,2.688,2.484,0.0,0.225,3.153843158721924,non_satellite
chr15,18039223,18041223,2000,0.298,1.8744972594661524,5.550903959098865,10.95754769030528,0.9129015416981188,2.616,2.404,0.0,0.7,0.0,non_satellite
chr15,18043223,18045223,2000,0.281,1.7371168472780516,4.686627204689199,9.538237349958669,0.636015488510401,1.888,1.84,0.0,0.0,2.151665275096893,non_satellite
chr15,18047223,18049223,2000,0.5415,1.941708070348451,5.4251251965241725,10.710845980578023,0.7950193606380013,2.332,2.2,0.0,0.0,0.0,non_satellite
chr15,18051223,18053223,2000,0.651,1.8376412742653585,4.939029982283566,10.539606032480073,0.6881029638625459,2.136,1.952,0.0,0.0,0.0,non_satellite
chr15,18055223,18057223,2000,0.6095,1.9303050620705453,5.658473464318568,10.227358558711993,0.7785706842110082,2.228,2.184,0.0,0.0,0.5071423444747925,non_satellite
chr15,18059223,18061223,2000,0.402,1.919158538989828,5.643393054493686,10.940082922716252,0.9293502181251118,2.684,2.468,0.0,0.0,2.26,non_satellite
chr15,18063223,18065223,2000,0.4765,1.9609063751327476,5.714683300139036,10.95754769030528,0.940316002409774,2.68,2.388,0.0,0.625,1.4257069611549378,non_satellite
chr15,18067223,18069223,2000,0.396,1.9608781740911576,5.76215794171361,10.955537640054024,0.9348331102674428,2.708,2.46,0.0,0.175,1.012501296043396,non_satellite
chr15,18071223,18073223,2000,0.4895,1.9811833615885115,5.7687369206483226,10.885185881260057,0.9238673259827808,2.596,2.464,0.0,0.0,1.132143299818039,non_satellite
chr15,18075223,18077223,2000,0.51,1.9858911901273777,5.847014968383239,10.94566252223774,0.9485403406232704,2.692,2.528,0.0,0.0,2.520053443670273,non_satellite
chr15,18079223,18081223,2000,0.4465,1.9916736563966495,5.807072546373191,10.896733846079831,0.9238673259827808,2.632,2.452,0.0,0.0,1.4931815428733826,non_satellite
chr15,18083223,18085223,2000,0.4365,1.9739770178878389,5.793461075031398,10.95654266517965,0.962247570979098,2.72,2.488,0.0,0.225,4.058888113975525,non_satellite
chr15,18087223,18089223,2000,0.406,1.948577133187487,5.739654017574585,10.893699122453045,0.904677203484622,2.66,2.436,0.0,0.0,1.822220432281494,non_satellite
chr15,18091223,18093223,2000,0.5365,1.9889786695503833,5.795043241352895,10.958552715430908,0.9485403406232704,2.68,2.492,0.0,1.0,1.19,non_satellite
chr15,18095223,18097223,2000,0.4775,1.9859764128658943,5.745865118376974,10.958552715430908,0.9430574484809394,2.692,2.396,0.0,1.0,0.5611105599403381,non_satellite
chr15,18099223,18101223,2000,0.4025,1.9675416878153256,5.7667729442551465,10.89595551692323,0.9238673259827808,2.648,2.428,0.0,0.0,0.0,non_satellite
chr15,18103223,18105223,2000,0.3875,1.9212903634677247,5.618671470545724,10.95654266517965,0.9348331102674428,2.672,2.44,0.0,0.425,2.2059531791210176,non_satellite
chr15,18107223,18109223,2000,0.424,1.950348116722149,5.670283561560821,10.95654266517965,0.9238673259827808,2.66,2.452,0.0,0.625,0.8600004100799561,non_satellite
chr15,18111223,18113223,2000,0.527,1.9969561300367251,5.809977100322174,10.79419496744385,0.89371141919996,2.528,2.376,0.0,0.0,5.499678503036499,non_satellite
chr15,18115223,18117223,2000,0.442,1.984452905678257,5.811955994995431,10.85647389630499,0.940316002409774,2.68,2.412,0.0,0.0,1.0958329153060913,non_satellite
chr15,18119223,18121223,2000,0.412,1.9623786181692673,5.726224991754269,10.95654266517965,0.945798894552105,2.64,2.476,0.0,0.3,0.5692309293746948,non_satellite
chr15,18123223,18125223,2000,0.407,1.9748527725432696,5.782288862837187,10.94233931718644,0.9156429877692842,2.652,2.472,0.0,0.0,1.4846158022880551,non_satellite
chr15,18127223,18129223,2000,0.4465,1.9857399419670656,5.8251233427503974,10.89831437222441,0.9183844338404498,2.64,2.448,0.0,0.0,0.8140909624099731,non_satellite
chr15,18131223,18133223,2000,0.421,1.9707096881212527,5.729270511717454,10.930762278793315,0.9375745563386084,2.66,2.48,0.0,0.0,0.8,non_satellite
chr15,18135223,18137223,2000,0.3745,1.9519791506004616,5.760573599855044,10.954153274475043,0.945798894552105,2.652,2.464,0.0,0.025,0.6500000619888305,non_satellite
chr15,18139223,18141223,2000,0.4875,1.9837003716607744,5.776003472050595,10.823785294395938,0.904677203484622,2.616,2.4,0.0,0.0,3.72727232837677,non_satellite
chr15,18143223,18145223,2000,0.465,1.9811521605345872,5.7881394719172,10.95051251442588,0.9540232327656016,2.7,2.488,0.0,0.0,1.2944438605308533,non_satellite
chr15,18147223,18149223,2000,0.4835,1.9850174693618536,5.818181046195913,10.878131057130764,0.89371141919996,2.592,2.42,0.0,0.0,1.5437497978210448,non_satellite
chr15,18151223,18153223,2000,0.5,1.9967376823603489,5.855912679792531,10.812991823434157,0.888228527057629,2.54,2.44,0.0,0.0,0.0,non_satellite
chr15,18155223,18157223,2000,0.562,1.85810062035141,5.31790321874879,10.391570101541788,0.762122007784015,2.276,2.184,0.0,0.0,3.5071393117904663,non_satellite
chr15,18159223,18161223,2000,0.483,1.997954950597007,5.810487902310729,10.878306190570754,0.9211258799116152,2.644,2.48,0.0,0.0,4.439543910026551,non_satellite
chr15,18163223,18165223,2000,0.477,1.9921525845742456,5.810096013043338,10.814453048670856,0.9019357574134566,2.616,2.416,0.0,0.0,0.0,non_satellite
chr15,18167223,18169223,2000,0.482,1.998492850215676,5.809258819706206,10.831062240446595,0.8909699731287946,2.568,2.436,0.0,0.0,0.525,non_satellite
chr15,18171223,18173223,2000,0.4595,1.9880468621849647,5.818210187454442,10.886304254370197,0.8991943113422911,2.628,2.444,0.0,0.0,0.7388881630897522,non_satellite
chr15,18175223,18177223,2000,0.464,1.9887004286678471,5.778815602603668,10.743474197430649,0.8498482820613117,2.492,2.32,0.0,0.0,1.004999508857727,non_satellite
chr15,18179223,18181223,2000,0.4945,1.9912146108817008,5.802550167174853,10.922864499346156,0.9348331102674428,2.664,2.464,0.0,0.0,3.612151269674301,non_satellite
chr15,18183223,18185223,2000,0.4495,1.98941610075284,5.825319306049604,10.904470851640571,0.9320916641962772,2.668,2.472,0.0,0.0,3.2807683312892912,non_satellite
chr15,18187223,18189223,2000,0.456,1.9787836815500015,5.810186929822114,10.906784097336107,0.904677203484622,2.648,2.448,0.0,0.0,3.235714719772339,non_satellite
chr15,18191223,18193223,2000,0.4405,1.9850446296046809,5.839384066820247,10.919716427734858,0.9266087720539464,2.636,2.436,0.0,0.0,2.691457759857178,non_satellite
chr15,18195223,18197223,2000,0.451,1.985407372846328,5.76502105431546,10.91457795412222,0.9320916641962772,2.632,2.432,0.0,0.0,0.8781818199157715,non_satellite
chr15,18199223,18201223,2000,0.451,1.9871530377366815,5.8460615249352115,10.91558297924783,0.9320916641962772,2.688,2.48,0.0,0.0,0.4730770561695099,non_satellite
chr15,18203223,18205223,2000,0.479,1.9957950846347827,5.803957700401021,10.915336635028904,0.9101600956269532,2.628,2.44,0.0,0.0,0.7642853021621704,non_satellite
chr15,18207223,18209223,2000,0.614,1.9526191121134675,5.795616743392795,10.941713632514164,0.9375745563386084,2.688,2.476,0.0,0.0,4.597436090946197,non_satellite
chr15,18211223,18213223,2000,0.35,1.902716457418844,5.605346332225867,10.945487388797746,0.9074186495557875,2.636,2.42,0.0,0.0,2.2541658067703247,non_satellite
chr15,18215223,18217223,2000,0.651,1.846544436749033,4.9796117158311946,10.4619278354488,0.6881029638625459,2.144,1.996,0.0,0.0,1.33,non_satellite
chr15,18219223,18221223,2000,0.538,1.9475773767509232,5.4374587556988105,10.67491356785481,0.7758292381398426,2.3,2.224,0.0,0.0,0.33125,non_satellite
chr15,18223223,18225223,2000,0.437,1.920075414354248,5.453846441684206,10.315777448472332,0.7758292381398426,2.28,2.192,0.0,0.0,1.0428560886383056,non_satellite
chr15,18227223,18229223,2000,0.3895,1.9120697628033592,5.593101804176673,10.953527589802766,0.9211258799116152,2.664,2.376,0.0,0.175,0.95,non_satellite
chr15,18231223,18233223,2000,0.33,1.914294367513564,5.672867855359877,10.954532614928391,0.9375745563386084,2.672,2.444,0.0,0.1,0.8722213654518127,non_satellite
chr15,18235223,18237223,2000,0.3225,1.9050582895061396,5.622076614910075,10.93780687999616,0.9183844338404498,2.632,2.476,0.0,0.0,0.0,non_satellite
chr15,18239223,18241223,2000,0.5305,1.995001480274536,5.772531888015304,10.924078665715268,0.9348331102674428,2.672,2.44,0.0,0.0,0.876388457775116,non_satellite
chr15,18243223,18245223,2000,0.471,1.9975461563105017,5.8231513862830155,10.955537640054024,0.9540232327656016,2.696,2.488,0.0,0.075,1.0285703887939452,non_satellite
chr15,18247223,18249223,2000,0.464,1.988891291963624,5.79102249201746,10.914331609903272,0.89371141919996,2.604,2.5,0.0,0.0,0.0,non_satellite
chr15,18251223,18253223,2000,0.5125,1.9972173178609185,5.807047480214453,10.799167815894291,0.8608140663459738,2.488,2.384,0.0,0.0,6.784924302101135,non_satellite
chr15,18255223,18257223,2000,0.6025,1.958916875451245,5.411347853617496,10.075922509035111,0.751156223499353,2.26,2.14,0.0,0.0,2.201099068403244,non_satellite
chr15,18259223,18261223,2000,0.5405,1.9951958504698677,5.792902919014321,10.90114626771356,0.9238673259827808,2.628,2.464,0.0,0.0,1.0571431663036346,non_satellite
chr15,18263223,18265223,2000,0.5475,1.9911137669415753,5.755439361563949,10.940708607388537,0.9348331102674428,2.644,2.448,0.0,0.0,3.1289222478866576,non_satellite
chr15,18267223,18269223,2000,0.584,1.9734140928276496,5.731832410099576,10.850546206382225,0.8909699731287946,2.576,2.436,0.0,0.0,6.229997975349426,non_satellite
chr15,18271223,18273223,2000,0.322,1.9036611919808852,5.583270126982294,10.95754769030528,0.904677203484622,2.64,2.424,0.0,0.925,1.7604168176651,non_satellite
chr15,18275223,18277223,2000,0.3315,1.8966362853241032,5.590753641608481,10.953527589802766,0.9183844338404498,2.628,2.456,0.0,0.225,1.0695958786010742,non_satellite
chr15,18279223,18281223,2000,0.3095,1.8805708194180504,5.544668329014914,10.949507489300256,0.9211258799116152,2.624,2.448,0.0,0.025,3.3538454451560975,non_satellite
chr15,18283223,18285223,2000,0.4145,1.978198188678397,5.811897663552374,10.945733733016676,0.9485403406232704,2.688,2.468,0.0,0.0,6.777360676527024,non_satellite
chr15,18287223,18289223,2000,0.384,1.9514913764082928,5.734877397961701,10.95151753955151,0.9266087720539464,2.656,2.476,0.0,0.0,2.2658903307914735,non_satellite
chr15,18291223,18293223,2000,0.399,1.9567863059357344,5.677378970620006,10.725478627847265,0.8827456349152979,2.552,2.404,0.0,0.0,2.155357383489609,non_satellite
chr15,18295223,18297223,2000,0.3865,1.9446353390525213,5.716656637324855,10.949507489300252,0.9320916641962772,2.648,2.448,0.0,0.0,7.301818385124206,non_satellite
chr15,18299223,18301223,2000,0.339,1.92250997064986,5.690438694136951,10.953527589802766,0.9375745563386084,2.696,2.484,0.0,0.0,2.551099776268005,non_satellite
chr15,18303223,18305223,2000,0.3025,1.8519547307182345,5.471634206210014,10.953527589802768,0.8964528652711256,2.584,2.464,0.0,0.35,0.8392860424518586,non_satellite
chr15,18307223,18309223,2000,0.3035,1.8772527452789427,5.55917649003058,10.95754769030528,0.9156429877692842,2.628,2.448,0.0,0.85,1.1725299060344696,non_satellite
chr15,18311223,18313223,2000,0.408,1.970038380645667,5.7768083096938865,10.950708674991493,0.956764678836767,2.664,2.464,0.0,0.0,4.100323174238205,non_satellite
chr15,18315223,18317223,2000,0.266,1.8123934673718043,5.3675572391368895,10.954532614928397,0.8854870809864634,2.556,2.396,0.0,0.65,1.4222208251953126,non_satellite
chr15,18319223,18321223,2000,0.3805,1.9551395836564571,5.741196902631534,10.95654266517965,0.9430574484809394,2.656,2.456,0.0,0.325,0.0,non_satellite
chr15,18323223,18325223,2000,0.3895,1.9243101687972477,5.658371426093097,10.95754769030528,0.9293502181251118,2.652,2.464,0.0,0.875,0.9055554518699646,non_satellite
chr15,18327223,18329223,2000,0.4135,1.9415577706601368,5.7102426756636815,10.95151753955151,0.9211258799116152,2.668,2.48,0.0,0.025,1.45,non_satellite
chr15,18331223,18333223,2000,0.364,1.9274923482135289,5.6707551962080975,10.95176388377044,0.9348331102674428,2.636,2.416,0.0,0.025,0.0,non_satellite
chr15,18335223,18337223,2000,0.327,1.8567265179169936,5.468974575344356,10.954532614928391,0.8991943113422911,2.604,2.396,0.0,0.5,0.5454545974731445,non_satellite
chr15,18339223,18341223,2000,0.4295,1.985552165462291,5.803478418269476,10.946492413923371,0.9430574484809394,2.66,2.504,0.0,0.0,2.720804522037506,non_satellite
chr15,18343223,18345223,2000,0.4785,1.9915580746575403,5.8236317458087905,10.889853910026174,0.9156429877692842,2.66,2.432,0.0,0.0,1.6038466050624849,non_satellite
chr15,18347223,18349223,2000,0.503,1.998463819902005,5.878451728913522,10.95654266517965,0.9649890170502636,2.716,2.428,0.0,0.175,0.0,non_satellite
chr15,18351223,18353223,2000,0.4485,1.990597904787665,5.834628190146939,10.909306484275133,0.9293502181251118,2.656,2.46,0.0,0.0,3.5125003545284272,non_satellite
chr15,18355223,18357223,2000,0.548,1.9912274302011947,5.754533872165274,10.489871466377076,0.8169509292073254,2.36,2.244,0.0,0.0,1.875605764389038,non_satellite
chr15,18359223,18361223,2000,0.3865,1.9450277454261269,5.7136130648715175,10.923869524471792,0.9156429877692842,2.66,2.456,0.0,0.0,0.8777776031494141,non_satellite
chr15,18363223,18365223,2000,0.394,1.9554651213653993,5.778498533749232,10.902631000599197,0.9211258799116152,2.652,2.484,0.0,0.0,0.458333158493042,non_satellite
chr15,18367223,18369223,2000,0.429,1.9842765018018225,5.843350990320134,10.955537640054024,0.9786962474060912,2.708,2.5,0.0,0.125,1.4521434824466706,non_satellite
chr15,18371223,18373223,2000,0.4995,1.9933312330424515,5.785143418804892,10.889698670200453,0.8991943113422911,2.568,2.392,0.0,0.0,2.4669107389450073,non_satellite
chr15,18375223,18377223,2000,0.422,1.9683305655613323,5.81865053918426,10.951517539551512,0.9485403406232704,2.688,2.504,0.0,0.0,0.0,non_satellite
chr15,18379223,18381223,2000,0.365,1.9115097484250836,5.6537254458416335,10.939457238043977,0.9266087720539464,2.624,2.412,0.0,0.0,3.3186284465789795,non_satellite
chr15,18383223,18385223,2000,0.437,1.981981919245805,5.816072871052492,10.912055567183192,0.9183844338404498,2.604,2.468,0.0,0.0,2.626874422073364,non_satellite
chr15,18387223,18389223,2000,0.405,1.9625869623147685,5.773630395795259,10.872120554626887,0.904677203484622,2.596,2.428,0.0,0.0,0.3236843540668487,non_satellite
chr15,18391223,18393223,2000,0.4115,1.9756616561534373,5.798513688157796,10.934432112415832,0.940316002409774,2.672,2.5,0.0,0.0,0.4333328952789306,non_satellite
chr15,18395223,18397223,2000,0.415,1.9572950990425808,5.7616800423491705,10.802367228944377,0.89371141919996,2.592,2.432,0.0,0.0,1.8675927481651309,non_satellite
chr15,18399223,18401223,2000,0.3915,1.951026360774388,5.721652548577312,10.847007599379076,0.9156429877692842,2.604,2.424,0.0,0.0,3.1612741737365724,non_satellite
chr15,18403223,18405223,2000,0.42,1.9814358316578,5.819420126040796,10.945487388797748,0.951281786694436,2.664,2.484,0.0,0.0,1.1775616083145142,non_satellite
chr15,18407223,18409223,2000,0.436,1.9788134245553113,5.824317163586248,10.912101176788823,0.9375745563386084,2.692,2.472,0.0,0.0,0.3609228963851928,non_satellite
chr15,18411223,18413223,2000,0.43,1.9836951972499457,5.791234418966879,10.901625975473562,0.8991943113422911,2.58,2.448,0.0,0.0,0.2517858127355575,non_satellite
chr15,18415223,18417223,2000,0.3865,1.9403876196205412,5.729693134915055,10.91787208560015,0.9375745563386084,2.724,2.496,0.0,0.0,1.8051121269464492,non_satellite
chr15,18419223,18421223,2000,0.4595,1.9901381469088395,5.83529074715091,10.888314304621456,0.8964528652711256,2.632,2.46,0.0,0.0,0.298875615477562,non_satellite
chr15,18423223,18425223,2000,0.4885,1.9994730010928752,5.837140905704774,10.93693485110495,0.962247570979098,2.664,2.488,0.0,0.0,0.2625002002716064,non_satellite
chr15,18427223,18429223,2000,0.4385,1.984837179213246,5.840147532997008,10.943477338546488,0.9320916641962772,2.668,2.504,0.0,0.0,0.236363410949707,non_satellite
chr15,18431223,18433223,2000,0.4495,1.9746314778242873,5.774321406011487,10.85811510625746,0.9266087720539464,2.632,2.452,0.0,0.0,0.5844830206632614,non_satellite
chr15,18435223,18437223,2000,0.455,1.9816227307536836,5.8238283370501165,10.938452212918344,0.9375745563386084,2.68,2.496,0.0,0.0,1.004486675977707,non_satellite
chr15,18439223,18441223,2000,0.5535,1.990257233794768,5.7551340012218075,10.954532614928391,0.9595061249079324,2.68,2.472,0.0,0.075,1.093042336821556,non_satellite
chr15,18443223,18445223,2000,0.4915,1.993343921842606,5.826050076251295,10.95654266517965,0.9375745563386084,2.684,2.484,0.0,0.225,0.4130438327789306,non_satellite
chr15,18447223,18449223,2000,0.503,1.990315896107184,5.812177249656024,10.799560934628513,0.904677203484622,2.564,2.392,0.0,0.0,0.7849420056343078,non_satellite
chr15,18451223,18453223,2000,0.4875,1.994068253101,5.813063415101461,10.949507489300258,0.9485403406232704,2.704,2.508,0.0,0.0,2.0772543158531187,non_satellite
chr15,18455223,18457223,2000,0.368,1.9474600579180168,5.732630091060363,10.919236719974863,0.9266087720539464,2.672,2.44,0.0,0.0,0.65,non_satellite
chr15,18459223,18461223,2000,0.406,1.964243457336445,5.796607264560168,10.958552715430908,0.951281786694436,2.68,2.468,0.0,1.0,0.7958333611488342,non_satellite
chr15,18463223,18465223,2000,0.434,1.9841736503326768,5.821247855283313,10.806918780351651,0.8525897281324772,2.516,2.456,0.0,0.0,1.73598370552063,non_satellite
chr15,18467223,18469223,2000,0.4085,1.974247860334573,5.814273999248462,10.953527589802768,0.962247570979098,2.704,2.428,0.0,0.05,0.0,non_satellite
chr15,18471223,18473223,2000,0.3895,1.96156003114919,5.771732590585495,10.91482429834114,0.9183844338404498,2.68,2.46,0.0,0.0,0.4705879974365234,non_satellite
chr15,18475223,18477223,2000,0.4725,1.996404636071252,5.800223151517238,10.955537640054024,0.956764678836767,2.68,2.46,0.0,0.175,0.6888894538879394,non_satellite
chr15,18479223,18481223,2000,0.533,1.991082936105236,5.762718862342674,10.937693532011656,0.9430574484809394,2.66,2.44,0.0,0.0,1.1449341096878052,non_satellite
chr15,18483223,18485223,2000,0.523,1.9973573332071408,5.796088719926414,10.95754769030528,0.945798894552105,2.672,2.444,0.0,0.6,1.2252084064483642,non_satellite
chr15,18487223,18489223,2000,0.4085,1.9734702828588633,5.7495847297315485,10.914691302106728,0.904677203484622,2.592,2.472,0.0,0.0,1.2892862484455108,non_satellite
chr15,18491223,18493223,2000,0.501,1.999903431730126,5.846638918237388,10.81803869083654,0.8608140663459738,2.504,2.432,0.0,0.0,1.4833149461746216,non_satellite
chr15,18495223,18497223,2000,0.2905,1.8391143531688456,5.441348858009205,10.947118098595649,0.8909699731287946,2.584,2.4,0.0,0.05,0.960714661359787,non_satellite
chr15,18499223,18501223,2000,0.3975,1.9633451966765103,5.7793428668909925,10.943477338546488,0.9375745563386084,2.704,2.5,0.0,0.0,4.9821440646648405,non_satellite
chr15,18503223,18505223,2000,0.5815,1.979274922375912,5.676177229800602,10.953527589802768,0.9183844338404498,2.596,2.468,0.0,0.125,0.9984847450256348,non_satellite
chr15,18507223,18509223,2000,0.5835,1.9683147974837616,5.621099970913595,10.953527589802768,0.9101600956269532,2.632,2.448,0.0,0.15,0.0,non_satellite
chr15,18511223,18513223,2000,0.392,1.9328651317498855,5.673290193853059,10.949507489300252,0.9320916641962772,2.636,2.436,0.0,0.0,1.614166925430298,non_satellite
chr15,18515223,18517223,2000,0.394,1.966844566483691,5.752528467972798,10.945733733016672,0.9266087720539464,2.632,2.48,0.0,0.0,0.4323527226448059,non_satellite
chr15,18519223,18521223,2000,0.399,1.966887879684587,5.817021502660597,10.953527589802768,0.956764678836767,2.716,2.516,0.0,0.025,1.843625503540039,non_satellite
chr15,18523223,18525223,2000,0.5275,1.988787458198241,5.811053448043283,10.913326584777638,0.9266087720539464,2.656,2.516,0.0,0.0,1.010087450027466,non_satellite
chr15,18527223,18529223,2000,0.4765,1.9921483929620756,5.836524050425075,10.942718657639787,0.940316002409774,2.688,2.464,0.0,0.0,2.266666069507599,non_satellite
chr15,18531223,18533223,2000,0.429,1.9800838706922976,5.776886298935329,10.95754769030528,0.9485403406232704,2.664,2.464,0.0,0.5,0.5525639045238495,non_satellite
chr15,18535223,18537223,2000,0.439,1.986953722560403,5.833272281449206,10.95654266517965,0.962247570979098,2.716,2.5,0.0,0.2,1.475002361297607,non_satellite
chr15,18539223,18541223,2000,0.504,1.98726479563772,5.854628310209311,10.958552715430908,0.962247570979098,2.712,2.488,0.0,1.0,1.4350188472270966,non_satellite
chr15,18543223,18545223,2000,0.3705,1.8924759631831136,5.5670491175569135,10.954532614928391,0.9156429877692842,2.64,2.396,0.0,0.325,0.8835718238353729,non_satellite
chr15,18547223,18549223,2000,0.3335,1.9166429006450167,5.627432045385586,10.954532614928397,0.9320916641962772,2.66,2.404,0.0,0.2,0.3800001811981201,non_satellite
chr15,18551223,18553223,2000,0.4815,1.994725245934509,5.826241591904436,10.958552715430908,0.9540232327656016,2.736,2.468,0.0,1.0,5.089285286426544,non_satellite
chr22,10100152,10102152,2000,0.384,1.9554338637883433,5.650179123126767,10.597985923986789,0.7072930863607045,2.204,2.124,0.0,0.0,0.649999342918396,alpha_hor
chr22,10104152,10106152,2000,0.382,1.952647169045566,5.640796600667787,10.6245962850131,0.7237417627876976,2.236,2.104,0.0,0.0,0.0,alpha_hor
chr22,10108152,10110152,2000,0.3785,1.9504223892666652,5.640257717351422,10.59659489083577,0.7319661010011943,2.212,2.1,0.0,0.0,1.4338881139755248,alpha_hor
chr22,10112152,10114152,2000,0.374,1.9458466990555072,5.647861104556338,10.636011253598443,0.7538976695705184,2.272,2.188,0.0,0.0,0.3125,alpha_hor
chr22,10116152,10118152,2000,0.3845,1.9519965149108391,5.635668088930771,10.589590965008444,0.7182588706453666,2.204,2.16,0.0,0.0,0.7423604617118835,alpha_hor
chr22,10120152,10122152,2000,0.391,1.9592810231540052,5.680229683698693,10.623950952090928,0.7429318852858563,2.256,2.172,0.0,0.0,0.935,alpha_hor
chr22,10124152,10126152,2000,0.3845,1.9557132728260267,5.6639656382198496,10.624770316805485,0.7319661010011943,2.236,2.152,0.0,0.0,0.9651513528823852,alpha_hor
chr22,10128152,10130152,2000,0.3815,1.9519348182494056,5.635286452325625,10.543960556955602,0.7155174245742011,2.188,2.096,0.0,0.0,0.4772727727890015,alpha_hor
chr22,10132152,10134152,2000,0.376,1.9482861131698417,5.647634340832363,10.581157728223552,0.7292246549300287,2.212,2.14,0.0,0.0,0.0,alpha_hor
chr22,10136152,10138152,2000,0.3735,1.945898773362572,5.6406912536878,10.662510360164625,0.7401904392146909,2.248,2.16,0.0,0.0,0.0,alpha_hor
chr22,10140152,10142152,2000,0.372,1.945056572614621,5.594561840563537,10.455128206964076,0.7100345324318701,2.164,2.112,0.0,0.0,1.3500010871887207,alpha_hor
chr22,10144152,10146152,2000,0.3755,1.9501528864475073,5.6163139770222905,10.42268696796721,0.6771371795778838,2.124,2.064,0.0,0.0,1.2104757571220397,alpha_hor
chr22,10148152,10150152,2000,0.3735,1.948930838639381,5.61266884465088,10.467226426095715,0.6826200717202149,2.124,2.076,0.0,0.0,1.3488635444641113,alpha_hor
chr22,10152152,10154152,2000,0.3705,1.9462250923772648,5.610686898076568,10.413803977553036,0.6771371795778838,2.132,2.072,0.0,0.0,0.0,alpha_hor
chr22,10156152,10158152,2000,0.368,1.9424923362915925,5.617486400074056,10.436890121686682,0.7100345324318701,2.16,2.08,0.0,0.0,3.325274929046631,alpha_hor
chr22,10160152,10162152,2000,0.3675,1.9413057837794143,5.607087382563382,10.43877064810358,0.7072930863607045,2.172,2.088,0.0,0.0,0.3576924083232879,alpha_hor
chr22,10164152,10166152,2000,0.373,1.9454612021501143,5.606582540056928,10.393067567441744,0.699068748147208,2.164,2.104,0.0,0.0,0.3176468982696533,alpha_hor
chr22,10168152,10170152,2000,0.3735,1.947942226290246,5.605099848347711,10.37429639557907,0.6689128413643872,2.092,2.056,0.0,0.0,1.797473123073578,alpha_hor
chr22,10172152,10174152,2000,0.3745,1.9494457601200528,5.601771683550029,10.400570545234372,0.6497227188662286,2.052,2.032,0.0,0.0,2.5657321708202363,alpha_hor
chr22,10176152,10178152,2000,0.372,1.9467961272430552,5.6165814910291365,10.374299785024764,0.6771371795778838,2.104,2.052,0.0,0.0,0.0,alpha_hor
chr22,10180152,10182152,2000,0.3685,1.9419572424873233,5.624142956603009,10.504563925397186,0.7182588706453666,2.2,2.112,0.0,0.0,1.6914284238815307,alpha_hor
chr22,10184152,10186152,2000,0.352,1.933321597785861,5.543655239662849,10.36353161119168,0.6606885031508907,2.06,2.008,0.0,0.0,0.3,alpha_mono
chr22,10188152,10190152,2000,0.3765,1.9394354169709649,5.6636287816954525,10.84128517143606,0.8498482820613117,2.484,2.368,0.0,0.0,0.8112178814411163,alpha_mono
chr22,10192152,10194152,2000,0.441,1.7105211149974058,4.529636951735745,8.958265801616609,0.4578214938846421,1.548,1.512,0.0,0.0,1.9969720516204832,hsat
chr22,10196152,10198152,2000,0.4545,1.7225144705365938,4.57799246274708,9.37459279586536,0.5290990917349456,1.748,1.644,0.0,0.0,1.4137818331718446,hsat
chr22,10200152,10202152,2000,0.4745,1.7413031325397448,4.615413166957368,9.599926686699169,0.5373234299484422,1.744,1.688,0.0,0.0,0.871875,hsat
chr22,10204152,10206152,2000,0.4675,1.7031847928342363,4.4380747083860355,9.24356620193409,0.509908969236787,1.668,1.56,0.0,0.0,0.8728761196136474,hsat
chr22,10208152,10210152,2000,0.462,1.7200492124154023,4.542658987056988,9.499243649527902,0.5318405378061112,1.74,1.612,0.0,0.0,0.0,hsat
chr22,10212152,10214152,2000,0.4665,1.7354291602805203,4.572946386599089,9.511833029482014,0.5236161995926146,1.704,1.676,0.0,0.0,3.6812861988544463,hsat
chr22,10216152,10218152,2000,0.461,1.7190783137324115,4.578705816894332,9.50905454977892,0.5318405378061112,1.724,1.688,0.0,0.0,1.2075,hsat
chr22,10220152,10222152,2000,0.4535,1.7461152539328673,4.613333428343411,9.571538827240865,0.5482892142331043,1.752,1.704,0.0,0.0,0.8322369949817657,hsat
chr22,10224152,10226152,2000,0.4085,1.794838834447966,4.733211669390285,9.984487111278789,0.5757036749447595,1.82,1.712,0.0,0.0,1.0411759443283082,hsat
chr22,10228152,10230152,2000,0.4125,1.7552493844046857,4.555734191722895,9.750414662549396,0.5537721063754354,1.716,1.652,0.0,0.0,1.4764825959205627,hsat
chr22,10232152,10234152,2000,0.4125,1.7754364484888594,4.645902867130761,9.714138607677947,0.5428063220907733,1.724,1.688,0.0,0.0,1.2248158464431762,hsat
chr22,10236152,10238152,2000,0.425,1.7660671551027547,4.64760258971495,9.837959812262888,0.5619964445889319,1.804,1.684,0.0,0.0,0.6027083539962769,hsat
chr22,10240152,10242152,2000,0.446,1.7519881000974682,4.587963654838668,9.49808062325532,0.4907188467386283,1.584,1.584,0.0,0.0,1.5443014497756955,hsat
chr22,10244152,10246152,2000,0.4365,1.743585432257397,4.663864755922803,9.91494768999736,0.5866694592294216,1.84,1.768,0.0,0.0,2.8496343789100647,hsat
chr22,10248152,10250152,2000,0.4415,1.7692733563826597,4.658106611496273,9.72483428673528,0.5674793367312629,1.748,1.68,0.0,0.0,2.629125899553299,hsat
chr22,10252152,10254152,2000,0.4505,1.7330553289305983,4.586576423563931,9.525956463507397,0.5510306603042698,1.768,1.668,0.0,0.0,1.2250006704330445,hsat
chr22,10256152,10258152,2000,0.4485,1.7631155792085813,4.65369546941944,9.700428852721544,0.5263576456637802,1.744,1.668,0.0,0.0,0.8000002837181092,hsat
chr22,10260152,10262152,2000,0.459,1.7123901747834895,4.472978198330902,9.28757505607724,0.5126504153079525,1.676,1.58,0.0,0.0,0.9285709104537964,hsat
chr22,10264152,10266152,2000,0.405,1.773589072292954,4.493886632009998,9.38504511467573,0.4852359545962973,1.596,1.56,0.0,0.0,0.0,hsat
chr22,10268152,10270152,2000,0.4085,1.7505575369117743,4.493877433705206,9.311390982771862,0.5455477681619388,1.732,1.66,0.0,0.0,1.19484775018692,hsat
chr22,10272152,10274152,2000,0.4055,1.755597176756811,4.438050661242698,9.17651154998026,0.4852359545962973,1.624,1.56,0.0,0.0,0.1590909242630004,hsat
chr22,10276152,10278152,2000,0.4135,1.7576864349920789,4.606696903074758,9.794716501671369,0.5482892142331043,1.812,1.688,0.0,0.0,0.775,hsat
chr22,10280152,10282152,2000,0.432,1.7516341248619165,4.566537612377541,9.585558610341945,0.5181333074502835,1.676,1.652,0.0,0.0,0.145,hsat
chr22,10284152,10286152,2000,0.403,1.7593840722245817,4.6008956504067084,9.68673449111866,0.5236161995926146,1.768,1.716,0.0,0.0,0.0,hsat
chr22,10288152,10290152,2000,0.43,1.740699378574493,4.566065423302641,9.677766442670883,0.5126504153079525,1.728,1.652,0.0,0.0,0.0,hsat
chr22,10292152,10294152,2000,0.4605,1.8490738425113955,4.974309502365933,9.12430034598898,0.5674793367312629,1.772,1.756,0.0,0.0,0.65625,hsat
chr22,10296152,10298152,2000,0.4525,1.9685924875906464,5.730568186566634,10.95151753955151,0.9320916641962772,2.66,2.44,0.0,0.0,0.0,non_satellite
chr22,10300152,10302152,2000,0.317,1.8839977968617032,5.567041325067799,10.950512514425885,0.9101600956269532,2.588,2.44,0.0,0.0,0.0,non_satellite
chr22,10304152,10306152,2000,0.4345,1.9836971985930296,5.821583479891328,10.958552715430908,0.962247570979098,2.716,2.44,0.0,1.0,0.6,non_satellite
chr22,10308152,10310152,2000,0.4445,1.987769268494444,5.805796540451127,10.95654266517965,0.9540232327656016,2.708,2.496,0.0,0.15,0.7714277915954589,non_satellite
chr22,10312152,10314152,2000,0.3585,1.9323057176951643,5.678714316704509,10.93788969257726,0.9238673259827808,2.664,2.492,0.0,0.0,1.1333356246948243,non_satellite
chr22,10316152,10318152,2000,0.4175,1.980211153076259,5.754165803264944,10.94548738879774,0.9266087720539464,2.672,2.48,0.0,0.0,1.8202386560440065,non_satellite
chr22,10320152,10322152,2000,0.328,1.8756507217694467,5.5406404030969885,10.95252256467714,0.8991943113422911,2.644,2.42,0.0,0.375,0.0,non_satellite
chr22,10324152,10326152,2000,0.3795,1.9027132147909969,5.596754483410089,10.953527589802768,0.9129015416981188,2.664,2.416,0.0,0.15,1.7491060886383056,non_satellite
chr22,10328152,10330152,2000,0.419,1.968011932391993,5.770517806300624,10.955537640054022,0.9485403406232704,2.692,2.48,0.0,0.15,0.705554862499237,non_satellite
chr22,10332152,10334152,2000,0.422,1.981205605148828,5.82301821736474,10.95754769030528,0.956764678836767,2.72,2.524,0.0,0.475,0.7375,non_satellite
chr22,10336152,10338152,2000,0.383,1.955319006648461,5.720149651593099,10.958552715430908,0.962247570979098,2.68,2.44,0.0,1.0,2.542422344684601,non_satellite
chr22,10340152,10342152,2000,0.4455,1.9869345667902336,5.805923959412028,10.944103023218766,0.940316002409774,2.632,2.484,0.0,0.0,1.9569444007873535,non_satellite
chr22,10344152,10346152,2000,0.421,1.921547040898731,5.652654032742284,10.955537640054022,0.9293502181251118,2.66,2.44,0.0,0.375,1.0444434185028075,alpha_mono
chr22,10348152,10350152,2000,0.3785,1.94353657303398,5.693806509423586,10.808119342290368,0.8827456349152979,2.524,2.408,0.0,0.0,1.1079544067382812,alpha_mono
chr22,10352152,10354152,2000,0.3715,1.9496570021707864,5.542134462055854,10.048139199314289,0.5565135524466008,1.8,1.816,0.0,0.0,0.7231059885025024,alpha_mono
chr22,10356152,10358152,2000,0.3575,1.936206119551786,5.529895056755872,10.228751015205086,0.6140839199410768,1.952,1.904,0.0,0.0,0.0,alpha_mono
chr22,10360152,10362152,2000,0.39,1.8096254058751104,4.481974906664243,9.11499647059867,0.4824945085251318,1.588,1.496,0.0,0.0,1.1450000190734864,hsat
chr22,10364152,10366152,2000,0.389,1.8034447659190564,4.533100627168475,9.320773007382906,0.5345819838772767,1.716,1.588,0.0,0.0,1.08,hsat
chr22,10368152,10370152,2000,0.3955,1.824858631764134,4.522576844371007,9.244250129667408,0.509908969236787,1.672,1.56,0.0,0.0,1.6663636827468873,hsat
chr22,10372152,10374152,2000,0.3935,1.7994563774055676,4.529192763517727,9.425329216532624,0.5373234299484422,1.708,1.608,0.0,0.0,0.6409091520309448,hsat
chr22,10376152,10378152,2000,0.399,1.823889859784671,4.538705238707044,9.318250696587938,0.5016846310232904,1.676,1.556,0.0,0.0,2.0125,hsat
chr22,10380152,10382152,2000,0.382,1.8154040946535592,4.503404757562698,9.275864085980713,0.5208747535214491,1.68,1.512,0.0,0.0,1.1499988374710084,hsat
chr22,10384152,10386152,2000,0.3925,1.7993740666970068,4.501777254801322,9.170576960482736,0.5263576456637802,1.68,1.584,0.0,0.0,0.0,hsat
chr22,10388152,10390152,2000,0.395,1.8053677544331053,4.433778767504478,9.081384595416305,0.4852359545962973,1.608,1.484,0.0,0.0,0.0,hsat
chr22,10392152,10394152,2000,0.408,1.7636465625106987,4.551416258814068,9.547627869614342,0.5318405378061112,1.772,1.652,0.0,0.0,0.0,hsat
chr22,10396152,10398152,2000,0.468,1.6802539781242174,4.419344855510362,9.377500835045147,0.5208747535214491,1.68,1.592,0.0,0.0,1.075,hsat
chr22,10400152,10402152,2000,0.46,1.6769002324469138,4.409556975369409,9.356964759431444,0.4962017388809594,1.66,1.584,0.0,0.0,0.0,hsat
chr22,10404152,10406152,2000,0.4655,1.6583187591186526,4.3197756961470155,9.320576628718335,0.509908969236787,1.62,1.556,0.0,0.0,0.53,hsat
chr22,10408152,10410152,2000,0.472,1.6706163407207564,4.30468701673849,9.003014496945635,0.4824945085251318,1.6,1.504,0.0,0.0,2.245832853317261,hsat
chr22,10412152,10414152,2000,0.469,1.662159461964132,4.2839179146000825,9.129128573984795,0.4715287242404697,1.592,1.472,0.0,0.0,2.745454807281494,hsat
chr22,10416152,10418152,2000,0.466,1.6735903834416177,4.328378877284854,9.056670657863084,0.4797530624539662,1.584,1.492,0.0,0.0,0.0277777504920959,hsat
chr22,10420152,10422152,2000,0.455,1.6561337833123078,4.231679643285528,8.81952747280688,0.4824945085251318,1.568,1.432,0.0,0.0,0.0,hsat
chr22,10424152,10426152,2000,0.383,1.9278398226036475,5.390915722740092,9.555848690520978,0.7182588706453666,2.096,2.008,0.0,0.0,1.8125,non_satellite
chr22,10428152,10430152,2000,0.326,1.9100547653614788,5.630290032450695,10.953527589802768,0.9320916641962772,2.656,2.496,0.0,0.125,0.0,non_satellite
chr22,10432152,10434152,2000,0.3815,1.9564076594976905,5.750417874025873,10.95754769030528,0.9430574484809394,2.66,2.46,0.0,0.625,0.0,non_satellite
chr22,10436152,10438152,2000,0.3365,1.9184597385750617,5.655706210393977,10.939457238043982,0.9293502181251118,2.64,2.444,0.0,0.0,1.7909092617034912,non_satellite
chr22,10440152,10442152,2000,0.3855,1.961731220127944,5.764654059825705,10.95754769030528,0.9540232327656016,2.704,2.484,0.0,0.65,1.3938882613182069,non_satellite
chr22,10444152,10446152,2000,0.3745,1.8939109518685735,5.564612257910457,10.953527589802766,0.9266087720539464,2.648,2.396,0.0,0.225,1.24,non_satellite
chr22,10448152,10450152,2000,0.3125,1.8929178995442335,5.578672556956296,10.918364691083658,0.9074186495557875,2.636,2.46,0.0,0.0,1.6349991159439088,non_satellite
chr22,10452152,10454152,2000,0.325,1.9089272239265125,5.628866283481219,10.954532614928397,0.9375745563386084,2.656,2.464,0.0,0.225,1.4666696319580077,non_satellite
chr22,10456152,10458152,2000,0.365,1.945082492256894,5.721586950071162,10.918337682136412,0.9348331102674428,2.664,2.412,0.0,0.0,0.0,non_satellite
chr22,10460152,10462152,2000,0.3225,1.903387869851232,5.60870846322218,10.955537640054024,0.9074186495557875,2.64,2.448,0.0,0.225,0.0,non_satellite
chr22,10464152,10466152,2000,0.3235,1.8839918119708736,5.590683653993505,10.949507489300252,0.9183844338404498,2.652,2.468,0.0,0.025,2.375,non_satellite
chr22,10468152,10470152,2000,0.3825,1.958531017930586,5.778703105866394,10.90602541642941,0.9320916641962772,2.66,2.452,0.0,0.0,6.266660690307617,non_satellite
chr22,10472152,10474152,2000,0.3605,1.9353640222766109,5.680981431537632,10.94133429206081,0.9375745563386084,2.68,2.484,0.0,0.0,0.0,non_satellite
chr22,10476152,10478152,2000,0.452,1.9920783225926424,5.854976765776271,10.955537640054022,0.962247570979098,2.712,2.468,0.0,0.025,3.9625,non_satellite
chr22,10480152,10482152,2000,0.4655,1.995751917819318,5.8252354460854585,10.859313083118732,0.9266087720539464,2.616,2.444,0.0,0.0,7.283329010009766,non_satellite
chr22,10484152,10486152,2000,0.3525,1.9338474875501872,5.702313810251216,10.933427087290214,0.9129015416981188,2.62,2.44,0.0,0.0,0.0,non_satellite
chr22,10488152,10490152,2000,0.378,1.894765949814476,5.55197239771457,10.954532614928397,0.8991943113422911,2.644,2.372,0.0,0.475,0.0,non_satellite
chr22,10492152,10494152,2000,0.4015,1.9698095891189893,5.8075298562968785,10.95654266517965,0.962247570979098,2.716,2.484,0.0,0.15,9.895,non_satellite
chr22,10496152,10498152,2000,0.3385,1.855878831298588,5.472029629733456,10.915809675216856,0.8827456349152979,2.572,2.408,0.0,0.0,0.0,non_satellite
chr22,10500152,10502152,2000,0.4925,1.9952735613001689,5.886874357597832,10.953148249349418,0.9649890170502636,2.724,2.476,0.0,0.025,1.1071417379379271,non_satellite
chr22,10504152,10506152,2000,0.4215,1.978272834245576,5.804703528416337,10.911676226729831,0.9320916641962772,2.672,2.448,0.0,0.0,1.9714265785217284,non_satellite
chr22,10508152,10510152,2000,0.421,1.9816706741141248,5.790823625120599,10.897894111031198,0.904677203484622,2.612,2.464,0.0,0.0,1.7840268664360046,non_satellite
chr22,10512152,10514152,2000,0.4185,1.9728834606272323,5.790264008361839,10.939457238043982,0.9430574484809394,2.672,2.464,0.0,0.0,6.859819529533386,non_satellite
chr22,10516152,10518152,2000,0.375,1.9259241791974293,5.656632749025982,10.924373814711814,0.9129015416981188,2.6,2.404,0.0,0.0,3.0,non_satellite
chr22,10520152,10522152,2000,0.3685,1.9040244361476264,5.592622437754227,10.94209297296751,0.9019357574134566,2.612,2.42,0.0,0.0,7.600596715927124,non_satellite
chr22,10524152,10526152,2000,0.43,1.9818477454533072,5.820652260318451,10.918465058390296,0.9540232327656016,2.7,2.484,0.0,0.0,0.7285706920623779,non_satellite
chr22,10528152,10530152,2000,0.3755,1.9416379683370253,5.669924359932889,10.744957142918256,0.8525897281324772,2.432,2.376,0.0,0.0,0.0,non_satellite
chr22,10532152,10534152,2000,0.463,1.988583438832375,5.5564715617047264,9.492653491580649,0.5071675231656215,1.62,1.636,0.0,0.0,3.067774852752686,other_sat
chr22,10536152,10538152,2000,0.4495,1.9882484388607609,5.777220496378942,10.95754769030528,0.956764678836767,2.688,2.412,0.0,0.4,0.8055547642707824,non_satellite
chr22,10540152,10542152,2000,0.428,1.98349262664001,5.795166782208092,10.95654266517965,0.956764678836767,2.668,2.472,0.0,0.175,0.0,non_satellite
chr22,10544152,10546152,2000,0.4895,1.9877439981888072,5.77367021365345,10.95754769030528,0.951281786694436,2.668,2.42,0.0,0.75,3.1964281454086305,non_satellite
chr22,10548152,10550152,2000,0.5935,1.9654399171480357,5.57384412316643,10.92036176065705,0.89371141919996,2.544,2.336,0.0,0.0,0.3625,other_sat
chr22,10552152,10554152,2000,0.447,1.981631103466063,5.736391063682395,10.95754769030528,0.940316002409774,2.644,2.424,0.0,0.6,0.7305551080703735,non_satellite
chr22,10556152,10558152,2000,0.4525,1.971136513658724,5.761378945663923,10.95654266517965,0.9430574484809394,2.668,2.492,0.0,0.4,1.04,non_satellite
chr22,10560152,10562152,2000,0.488,1.9811988484612633,5.750541931467149,10.944482363672112,0.9293502181251118,2.688,2.464,0.0,0.0,2.111110461711883,non_satellite
chr22,10564152,10566152,2000,0.435,1.983656760210225,5.772326096816345,10.95754769030528,0.956764678836767,2.664,2.412,0.0,0.675,1.961109184741974,non_satellite
chr22,10568152,10570152,2000,0.46,1.986372632710599,5.775146849566949,10.929653331006625,0.9238673259827808,2.564,2.484,0.0,0.0,0.8428562908172608,non_satellite
chr22,10572152,10574152,2000,0.3865,1.9421877731514232,5.701681569876371,10.93467845663477,0.9183844338404498,2.66,2.436,0.0,0.0,0.9090909957885742,non_satellite
chr22,10576152,10578152,2000,0.3045,1.883964744861304,5.54955508348928,10.942092972967512,0.904677203484622,2.616,2.468,0.0,0.0,1.4141664457321168,non_satellite
chr22,10580152,10582152,2000,0.367,1.9412352173882057,5.686186600035816,10.95654266517965,0.9293502181251118,2.668,2.432,0.0,0.55,1.02,non_satellite
chr22,10584152,10586152,2000,0.395,1.9624157542757557,5.755528465210427,10.89286898540306,0.9101600956269532,2.64,2.484,0.0,0.0,0.5136364126205444,non_satellite
chr22,10588152,10590152,2000,0.3115,1.8851909769123576,5.581168829741554,10.955537640054022,0.9211258799116152,2.66,2.48,0.0,0.35,0.3541665315628052,non_satellite
chr22,10592152,10594152,2000,0.308,1.8878929141256933,5.584311568239247,10.885833809523673,0.8964528652711256,2.576,2.448,0.0,0.0,0.0,non_satellite
chr22,10596152,10598152,2000,0.33,1.9146485413208976,5.630792203091316,10.951517539551512,0.9320916641962772,2.628,2.412,0.0,0.0,0.0,non_satellite
chr22,10600152,10602152,2000,0.354,1.937410606256356,5.71061323031648,10.95654266517965,0.9375745563386084,2.656,2.436,0.0,0.45,0.933332977294922,non_satellite
chr22,10604152,10606152,2000,0.369,1.945985702058422,5.711567623896082,10.955537640054024,0.9540232327656016,2.664,2.472,0.0,0.225,0.1249999523162841,non_satellite
chr22,10608152,10610152,2000,0.3805,1.955684526310477,5.754913805746799,10.928648305880998,0.9430574484809394,2.668,2.456,0.0,0.0,3.135605520248413,non_satellite
chr22,10612152,10614152,2000,0.355,1.9373313991933792,5.695891073185997,10.944103023218767,0.9211258799116152,2.64,2.428,0.0,0.0,1.338887573719025,non_satellite
chr22,10616152,10618152,2000,0.394,1.9567701478217236,5.7303218896150545,10.90088694281676,0.8772627427729669,2.576,2.428,0.0,0.0,0.422727313041687,non_satellite
chr22,10620152,10622152,2000,0.451,1.9748417839819332,5.788864062085261,10.908907495571889,0.9183844338404498,2.62,2.44,0.0,0.0,3.3410688724517823,non_satellite
chr22,10624152,10626152,2000,0.399,1.9688301890233,5.832639734104997,10.954532614928391,0.9595061249079324,2.756,2.508,0.0,0.025,0.0,non_satellite
chr22,10628152,10630152,2000,0.425,1.9833762127094492,5.63873964200572,10.50308021120481,0.7210003167165322,2.2,2.096,0.0,0.0,0.52,other_sat
chr22,10632152,10634152,2000,0.3485,1.9299431149733657,5.6975747013975,10.95754769030528,0.940316002409774,2.688,2.476,0.0,0.65,0.3923078026771545,non_satellite
chr22,10636152,10638152,2000,0.3545,1.9337371555415912,5.723105722193871,10.955537640054024,0.9266087720539464,2.664,2.42,0.0,0.075,0.0,non_satellite
chr22,10640152,10642152,2000,0.439,1.9804977491741,5.797449015616196,10.938072872464994,0.9348331102674428,2.684,2.432,0.0,0.0,3.490824761867523,non_satellite
chr22,10644152,10646152,2000,0.451,1.9910544770113272,5.802417327645228,10.94247231342086,0.9320916641962772,2.668,2.452,0.0,0.0,2.0564323894977568,non_satellite
chr22,10648152,10650152,2000,0.3295,1.882373255340001,5.573188218261284,10.95151753955151,0.9129015416981188,2.608,2.4,0.0,0.05,1.3490912277698517,non_satellite
chr22,10652152,10654152,2000,0.3695,1.883426667888719,5.56735788030949,10.932864566949116,0.9293502181251118,2.68,2.428,0.0,0.0,5.046346189022064,non_satellite
chr22,10656152,10658152,2000,0.5695,1.9624448660336944,5.646939132554596,10.44897109013738,0.704551640289539,2.152,2.128,0.0,0.0,1.5462502813339234,gsat
chr22,10660152,10662152,2000,0.5545,1.9176080803611124,5.437139138496844,10.335264939194138,0.6689128413643872,2.06,2.0,0.0,0.0,1.8968753833770753,other_sat
chr22,10664152,10666152,2000,0.471,1.980370405102014,5.769061738945777,10.90258081694586,0.9156429877692842,2.612,2.468,0.0,0.0,1.4749996995925905,other_sat
chr22,10668152,10670152,2000,0.532,1.9930306679154872,5.740111176813043,10.878150705380664,0.8964528652711256,2.58,2.404,0.0,0.0,1.4827272748947145,non_satellite
chr22,10672152,10674152,2000,0.4955,1.9945507085691976,5.687636037960956,10.258374297121106,0.6826200717202149,2.024,2.008,0.0,0.0,0.55,other_sat
chr22,10676152,10678152,2000,0.4085,1.9724459109238572,5.708091516979841,10.464604720751105,0.7676048999263461,2.296,2.224,0.0,0.0,0.0,non_satellite
chr22,10680152,10682152,2000,0.43,1.972752988429996,5.7888959144098795,10.95151753955151,0.945798894552105,2.7,2.44,0.0,0.0,0.0,non_satellite
chr22,10684152,10686152,2000,0.3545,1.9014964297983088,5.576122952961279,10.815287514404154,0.8525897281324772,2.496,2.392,0.0,0.0,0.7363637065887452,non_satellite
chr22,10688152,10690152,2000,0.3955,1.9454981550688435,5.69521112071895,10.927192729523089,0.9238673259827808,2.608,2.456,0.0,0.0,0.8771432189941406,non_satellite
chr22,10692152,10694152,2000,0.445,1.987145187805998,5.8424554179160655,10.917194040795833,0.9156429877692842,2.64,2.484,0.0,0.0,1.1136364698410035,non_satellite
chr22,10696152,10698152,2000,0.4685,1.990664656108819,5.839020184187601,10.95654266517965,0.9732133552637602,2.696,2.5,0.0,0.175,3.58,non_satellite
chr22,10700152,10702152,2000,0.378,1.8963868336408791,5.568054941914277,10.95151753955151,0.9183844338404498,2.648,2.404,0.0,0.075,0.0,non_satellite
chr22,10704152,10706152,2000,0.391,1.963764101300091,5.759598597595942,10.95654266517965,0.945798894552105,2.692,2.488,0.0,0.175,1.4375,non_satellite
chr22,10708152,10710152,2000,0.4125,1.974133054541439,5.821359254154946,10.958552715430908,0.962247570979098,2.752,2.464,0.0,1.0,2.715276719093323,non_satellite
chr22,10712152,10714152,2000,0.4695,1.9935072907835685,5.87673466645399,10.944924868456654,0.9677304631214292,2.728,2.464,0.0,0.0,1.3961101179122926,non_satellite
chr22,10716152,10718152,2000,0.37,1.826770832164041,4.834489021590198,8.838078790318697,0.5757036749447595,1.756,1.656,0.0,0.0,0.0,hsat
chr22,10720152,10722152,2000,0.401,1.7832603754381484,4.155588325341683,7.633139117987526,0.3591294353226833,1.272,1.208,0.0,0.0,2.411108742713928,hsat
chr22,10724152,10726152,2000,0.4055,1.7639914275644184,4.209265010715226,7.813265064748199,0.378319557820842,1.288,1.22,0.0,0.0,2.4034718565940856,hsat
chr22,10728152,10730152,2000,0.409,1.7931480854393134,4.242461147559672,7.797002658858013,0.3426807588956902,1.216,1.212,0.0,0.0,0.725,hsat
chr22,10732152,10734152,2000,0.4035,1.768887936883497,4.205697121536395,7.7103761435942255,0.3509050971091867,1.196,1.156,0.0,0.0,0.0,hsat
chr22,10736152,10738152,2000,0.4045,1.7774131220725853,4.28171665615195,7.873154811391723,0.3509050971091867,1.232,1.16,0.0,0.0,1.01,hsat
chr22,10740152,10742152,2000,0.4045,1.7672899287217216,4.171783090710935,7.720514642473046,0.3509050971091867,1.236,1.204,0.0,0.0,0.971427589416504,hsat
chr22,10744152,10746152,2000,0.399,1.7623442915116443,4.144589022085969,7.713837057341221,0.3755781117496765,1.288,1.22,0.0,0.0,1.3138883595466613,hsat
chr22,10748152,10750152,2000,0.406,1.76083493766083,4.146614346100898,7.573363423927289,0.3371978667533591,1.196,1.164,0.0,0.0,0.7769051234722137,hsat
chr22,10752152,10754152,2000,0.4025,1.7696670550337503,4.24289927380652,7.7416362573973485,0.3344564206821936,1.204,1.132,0.0,0.0,0.6671796872615814,hsat
chr22,10756152,10758152,2000,0.4005,1.7709336541582927,4.263477364270024,7.94120935045124,0.3700952196073454,1.272,1.208,0.0,0.0,3.550003249168396,hsat
chr22,10760152,10762152,2000,0.404,1.7711665876987273,4.148855988151916,7.382489346785812,0.2823689453300487,1.0,1.012,0.0,0.0,1.2666654224395753,hsat
chr22,10764152,10766152,2000,0.404,1.7685868463113334,4.19479721929142,7.804100744539445,0.3563879892515178,1.224,1.184,0.0,0.0,2.8142847900390624,hsat
chr22,10768152,10770152,2000,0.404,1.7684940719186868,4.131512894117616,7.301857898615511,0.2686617149742211,1.012,1.016,0.0,0.0,0.0,hsat
chr22,10772152,10774152,2000,0.408,1.7767059961503802,4.240080802746531,7.816597242160365,0.3536465431803522,1.216,1.172,0.0,0.0,0.0,hsat
chr22,10776152,10778152,2000,0.4035,1.7590429343025964,4.198773976427941,7.795094545082605,0.3947682342478351,1.312,1.212,0.0,0.0,0.4346155068874359,hsat
chr22,10780152,10782152,2000,0.3995,1.7472077144446063,4.057024596275677,7.388746304268794,0.3125248521128694,1.156,1.104,0.0,0.0,2.427472472190857,hsat
chr22,10784152,10786152,2000,0.409,1.7774314252544552,4.233233950662463,7.84344523324975,0.3454222049668557,1.232,1.164,0.0,0.0,2.078204726457596,hsat
chr22,10788152,10790152,2000,0.4015,1.7586119412220156,4.081951088275149,7.483081720697607,0.3097834060417039,1.14,1.116,0.0,0.0,2.841667625427246,hsat
chr22,10792152,10794152,2000,0.4085,1.7823086572271396,4.209413423572839,7.946537507859985,0.3563879892515178,1.26,1.22,0.0,0.0,0.7352562139034271,hsat
chr22,10796152,10798152,2000,0.4085,1.765199012759881,4.1435569743705125,7.66039243942259,0.3618708813938488,1.252,1.172,0.0,0.0,4.747350038528443,hsat
chr22,10800152,10802152,2000,0.41,1.7876701036782263,4.236732874690959,7.758177810229275,0.378319557820842,1.348,1.244,0.0,0.0,0.31,hsat
chr22,10804152,10806152,2000,0.403,1.752197677727201,4.115124959072196,7.623614182318477,0.3618708813938488,1.24,1.192,0.0,0.0,1.543939366340637,hsat
chr22,10808152,10810152,2000,0.4045,1.7756000804012295,4.195009209263064,7.9227842464147615,0.383802449963173,1.308,1.24,0.0,0.0,3.1787886238098144,hsat
chr22,10812152,10814152,2000,0.4065,1.7811128223296877,4.280763025836768,8.0244964210724,0.3673537735361799,1.288,1.24,0.0,0.0,2.1875006589889527,hsat
chr22,10816152,10818152,2000,0.406,1.7643006430934636,4.121820797946769,7.522986832647184,0.3509050971091867,1.212,1.18,0.0,0.0,1.8491062908172609,hsat
chr22,10820152,10822152,2000,0.4015,1.790914460642161,4.163758968191598,7.651050966153596,0.3536465431803522,1.228,1.2,0.0,0.0,1.9666647348403932,hsat
chr22,10824152,10826152,2000,0.415,1.7814223521874513,4.115771250899741,7.453137720566413,0.2905932835435453,1.04,1.076,0.0,0.0,1.021427538871765,hsat
chr22,10828152,10830152,2000,0.4135,1.782810033432367,4.16158394638553,7.656985642614663,0.3618708813938488,1.228,1.172,0.0,0.0,2.7150040941238403,hsat
chr22,10832152,10834152,2000,0.413,1.7816560020105,4.1765432307808625,7.785417866590012,0.3591294353226833,1.224,1.208,0.0,0.0,1.9895838556289671,hsat
chr22,10836152,10838152,2000,0.415,1.7740634373737014,4.14297100837244,7.484863130686284,0.3289735285398625,1.14,1.092,0.0,0.0,0.0,hsat
chr22,10840152,10842152,2000,0.4005,1.7848950935228092,4.116323224950753,7.548939364866888,0.3563879892515178,1.216,1.192,0.0,0.0,1.5548605108261109,hsat
chr22,10844152,10846152,2000,0.3995,1.7827763320930636,4.160211700045523,7.676686142763525,0.3892853421055041,1.336,1.228,0.0,0.0,2.280959277629852,hsat
chr22,10848152,10850152,2000,0.4105,1.7876926789208754,4.213941622696858,7.458718896930245,0.2851103914012142,1.016,1.076,0.0,0.0,0.5681818723678589,hsat
chr22,10852152,10854152,2000,0.4065,1.762948638392137,4.1491545042592435,7.706393591917277,0.3618708813938488,1.268,1.148,0.0,0.0,1.961109184741974,hsat
chr22,10856152,10858152,2000,0.401,1.7657507876792855,4.122756660807176,7.586226340895611,0.3371978667533591,1.204,1.152,0.0,0.0,0.5777772102355957,hsat
chr22,10860152,10862152,2000,0.4025,1.7869483834612447,4.136765088554755,7.583957713068767,0.3673537735361799,1.252,1.196,0.0,0.0,0.0,hsat
chr22,10864152,10866152,2000,0.408,1.7641971554877234,4.163945460649049,7.642590778611262,0.3865438960343385,1.324,1.192,0.0,0.0,0.55,hsat
chr22,10868152,10870152,2000,0.401,1.7769395414777889,4.113276360238482,7.616459198218647,0.3700952196073454,1.288,1.196,0.0,0.0,0.825,hsat
chr22,10872152,10874152,2000,0.3995,1.782074113762442,4.151637559496432,7.626260984424033,0.3618708813938488,1.256,1.188,0.0,0.0,1.02,hsat
chr22,10876152,10878152,2000,0.4075,1.7656803085569344,4.152896970921482,7.568400728069109,0.3070419599705384,1.12,1.132,0.0,0.0,4.299391352653504,hsat
chr22,10880152,10882152,2000,0.4105,1.7659880907726364,4.111125606923024,7.645539498598993,0.3152662981840349,1.124,1.172,0.0,0.0,0.0,hsat
chr22,10884152,10886152,2000,0.4045,1.7824893251212657,4.236393935022831,7.819009433940723,0.3289735285398625,1.148,1.12,0.0,0.0,0.3191668081283569,hsat
chr22,10888152,10890152,2000,0.3995,1.791068239267289,4.183769734610802,7.807796414238619,0.3728366656785109,1.284,1.244,0.0,0.0,0.4722226095199585,hsat
chr22,10892152,10894152,2000,0.414,1.7671336626969254,4.146060117604031,7.338334826299554,0.2796274992588832,1.016,1.024,0.0,0.0,1.4261907691955569,hsat
chr22,10896152,10898152,2000,0.4125,1.7836645958591988,4.150479540601328,7.499433690722109,0.2960761756858763,1.048,1.084,0.0,0.0,1.078810026884079,hsat
chr22,10900152,10902152,2000,0.4075,1.7879205047014577,4.219920187339712,7.827693095586034,0.3481636510380212,1.216,1.156,0.0,0.0,0.6153847885131836,hsat
chr22,10904152,10906152,2000,0.411,1.7605358969373364,4.115875563959372,7.315584704478742,0.2878518374723797,1.056,1.036,0.0,0.0,0.7545455265045166,hsat
chr22,10908152,10910152,2000,0.4125,1.7693316100613543,4.091300964641969,7.3672164434325245,0.2905932835435453,1.04,1.06,0.0,0.0,0.955,hsat
chr22,10912152,10914152,2000,0.401,1.7810876693542614,4.1574682697839584,7.730996984231014,0.3810610038920075,1.292,1.192,0.0,0.0,0.7222215127944946,hsat
chr22,10916152,10918152,2000,0.41,1.7621263344496332,4.127426627874654,7.409306107800908,0.2933347296147108,1.092,1.08,0.0,0.0,0.0,hsat
chr22,10920152,10922152,2000,0.413,1.774576782827806,4.140921922396226,7.674901054906226,0.3426807588956902,1.168,1.184,0.0,0.0,1.4785699338912963,hsat
chr22,10924152,10926152,2000,0.4055,1.7847701635482391,4.2388372549749445,7.852113857277211,0.3509050971091867,1.208,1.144,0.0,0.0,1.7523822641372682,hsat
chr22,10928152,10930152,2000,0.4055,1.7636640035002609,4.141204236095834,7.601739821535076,0.3509050971091867,1.256,1.18,0.0,0.0,1.273887966632843,hsat
chr22,10932152,10934152,2000,0.402,1.7866502512378608,4.213784673694014,7.797346161452409,0.3563879892515178,1.256,1.196,0.0,0.0,0.0,hsat
chr22,10936152,10938152,2000,0.414,1.7765047499522066,4.173352842709533,7.417723613519406,0.2933347296147108,1.076,1.084,0.0,0.0,0.0,hsat
chr22,10940152,10942152,2000,0.4015,1.7633927039298536,4.1397373255521,7.642966215935367,0.3563879892515178,1.26,1.204,0.0,0.0,3.080354926109314,hsat
chr22,10944152,10946152,2000,0.408,1.7900011833938383,4.19123324556096,7.640334398766295,0.3043005138993729,1.068,1.076,0.0,0.0,1.6888872299194335,hsat
chr22,10948152,10950152,2000,0.4035,1.770026826437213,4.252170771864299,7.878600114055642,0.3755781117496765,1.288,1.204,0.0,0.0,0.665,hsat
chr22,10952152,10954152,2000,0.412,1.787498592196791,4.226132940759516,7.746570444081453,0.3536465431803522,1.236,1.18,0.0,0.0,2.743749312400818,hsat
chr22,10956152,10958152,2000,0.4025,1.760596285220473,4.1788464816518385,7.732770983380875,0.3755781117496765,1.292,1.216,0.0,0.0,1.583336534500122,hsat
chr22,10960152,10962152,2000,0.4015,1.792780559052239,4.218167714937826,7.749135866832633,0.3618708813938488,1.244,1.232,0.0,0.0,3.85,hsat
chr22,10964152,10966152,2000,0.2085,1.696213295539997,4.71296198990073,9.582302644333785,0.5016846310232904,1.604,1.596,0.0,0.0,0.0,hsat
chr22,10968152,10970152,2000,0.213,1.687321092221451,4.6621142367265955,9.593880124506152,0.509908969236787,1.668,1.656,0.0,0.0,0.0,hsat
chr22,10972152,10974152,2000,0.2035,1.6614794261330426,4.554558350440105,9.1708236809717,0.4331484792441524,1.428,1.424,0.0,0.0,0.81875,hsat
chr22,10976152,10978152,2000,0.213,1.7098897250028933,4.6249056596916525,8.878001982628186,0.4139583567459937,1.392,1.412,0.0,0.0,1.0833355236053466,hsat
chr22,10980152,10982152,2000,0.211,1.7048425426477902,4.64701800617434,9.008716103208677,0.3892853421055041,1.332,1.316,0.0,0.0,2.9333392639160154,hsat
chr22,10984152,10986152,2000,0.2255,1.7383437606074046,4.700699995428386,8.98426487443894,0.4029925724613317,1.34,1.368,0.0,0.0,0.0,hsat
chr22,10988152,10990152,2000,0.229,1.737515320104662,4.712559812508672,8.868502156626999,0.3481636510380212,1.236,1.328,0.0,0.0,0.0,hsat
chr22,10992152,10994152,2000,0.216,1.7126809083993797,4.638002925150805,8.74303376934796,0.3563879892515178,1.256,1.26,0.0,0.0,0.0,hsat
chr22,10996152,10998152,2000,0.245,1.802009656738474,5.110583323379754,10.578825624506218,0.7813121302821736,2.304,2.164,0.0,0.0,2.925,hsat
chr22,11000152,11002152,2000,0.2295,1.7767568457204548,5.009915192536079,10.395247808961118,0.7264832088588632,2.172,2.124,0.0,0.0,0.0,hsat
chr22,11004152,11006152,2000,0.1145,1.512132153587163,4.069761761078536,10.044350726742692,0.5948937974429181,1.808,1.804,0.0,0.0,0.0,hsat
chr22,11008152,11010152,2000,0.228,1.7736718999770602,4.967654565606858,10.394142239763529,0.7538976695705184,2.248,2.144,0.0,0.0,7.55,hsat
chr22,11012152,11014152,2000,0.3935,1.956128113328902,5.730716289015628,10.949507489300256,0.9293502181251118,2.66,2.508,0.0,0.0,0.0,non_satellite
chr22,11016152,11018152,2000,0.457,1.991006915406062,5.839074154401935,10.955537640054022,0.9595061249079324,2.728,2.448,0.0,0.075,0.0,non_satellite
chr22,11020152,11022152,2000,0.417,1.9760333482337025,5.824195826390851,10.898693712677757,0.9156429877692842,2.632,2.472,0.0,0.0,0.9250018701553344,non_satellite
chr22,11024152,11026152,2000,0.3905,1.938009473410488,5.7090399038749355,10.930658356132264,0.9293502181251118,2.644,2.436,0.0,0.0,1.9625,non_satellite
chr22,11028152,11030152,2000,0.5745,1.974379188837472,5.800633151487847,10.955537640054022,0.956764678836767,2.676,2.5,0.0,0.15,3.8875,non_satellite
chr22,11032152,11034152,2000,0.521,1.9976759339690813,5.738231926901649,10.955537640054022,0.945798894552105,2.676,2.444,0.0,0.3,1.3875,non_satellite
chr22,11036152,11038152,2000,0.3845,1.925024598666348,5.636401582565326,10.958552715430908,0.940316002409774,2.644,2.448,0.0,1.0,2.1416709966659546,non_satellite
chr22,11040152,11042152,2000,0.443,1.9496306588347592,5.69731137538887,10.953527589802768,0.9348331102674428,2.7,2.472,0.0,0.05,0.0,non_satellite
chr22,11044152,11046152,2000,0.3775,1.937310750652809,5.705556477513174,10.93153038502346,0.9266087720539464,2.66,2.456,0.0,0.0,0.5777772102355957,non_satellite
chr22,11048152,11050152,2000,0.359,1.9254766366405265,5.687318972756135,10.947672572488996,0.945798894552105,2.684,2.444,0.0,0.0,1.0333323183059693,non_satellite
chr22,11052152,11054152,2000,0.4575,1.9925985496775296,5.830803620289114,10.72499705139355,0.8443653899189807,2.476,2.308,0.0,0.0,1.34375,non_satellite
chr22,11056152,11058152,2000,0.339,1.8366732692602703,5.028495561446829,10.064288041728846,0.583928013158256,1.852,1.868,0.0,0.0,0.0,non_satellite
chr22,11060152,11062152,2000,0.43,1.981903364308065,5.726171374092909,10.546324069258834,0.7484147774281874,2.204,2.252,0.0,0.0,2.335,non_satellite
chr22,11064152,11066152,2000,0.5415,1.955687006545175,5.49054231077613,10.438784557760323,0.8005022527803323,2.352,2.292,0.0,0.0,7.405552658081055,non_satellite
chr22,11068152,11070152,2000,0.4545,1.976280908794018,5.786330698765044,10.70407999233948,0.8443653899189807,2.416,2.376,0.0,0.0,1.3999986248016358,non_satellite
chr22,11072152,11074152,2000,0.4355,1.9846083773483976,5.799131614859454,10.840628951360358,0.8827456349152979,2.548,2.448,0.0,0.0,0.0,non_satellite
chr22,11076152,11078152,2000,0.446,1.9793133699993777,5.6230818158723395,10.045348027498516,0.6743957335067183,2.068,2.044,0.0,0.0,0.0,non_satellite
chr22,11080152,11082152,2000,0.3945,1.9474348928742344,5.64848422850329,10.875262041620514,0.8991943113422911,2.568,2.404,0.0,0.0,1.1571416873931886,non_satellite
chr22,11084152,11086152,2000,0.471,1.9947093605071529,5.812592405089347,10.85952826818168,0.89371141919996,2.6,2.444,0.0,0.0,2.326059910297394,non_satellite
chr22,11088152,11090152,2000,0.554,1.986172284082352,5.767181976807262,10.8473805800454,0.8909699731287946,2.584,2.464,0.0,0.0,2.0647596361637115,non_satellite
chr22,11092152,11094152,2000,0.352,1.9356791951347292,5.681682949673554,10.883498320236791,0.9183844338404498,2.624,2.42,0.0,0.0,2.071429381370544,non_satellite
chr22,11096152,11098152,2000,0.429,1.9788323000318304,5.780363403511902,10.92337683603392,0.9293502181251118,2.672,2.472,0.0,0.0,1.3576926896572112,non_satellite
chr22,11100152,11102152,2000,0.6045,1.930921247776751,5.600405782028685,10.933047746836856,0.89371141919996,2.572,2.392,0.0,0.0,1.6811898057460786,non_satellite
chr22,11104152,11106152,2000,0.3835,1.9557552725804253,5.7502931542438915,10.846820975989518,0.9101600956269532,2.616,2.428,0.0,0.0,1.695452971458435,non_satellite
chr22,11108152,11110152,2000,0.3995,1.964338731436502,5.786747389081483,10.927263940302018,0.9211258799116152,2.676,2.476,0.0,0.0,0.0,non_satellite
chr22,11112152,11114152,2000,0.401,1.9551543474756885,5.735074887967458,10.82799488789203,0.9129015416981188,2.612,2.412,0.0,0.0,1.24,non_satellite
chr22,11116152,11118152,2000,0.404,1.964578721733987,5.774456157699022,10.954532614928397,0.9430574484809394,2.66,2.48,0.0,0.025,0.1055554518699646,non_satellite
chr22,11120152,11122152,2000,0.382,1.958443916427812,5.796400946186892,10.955537640054024,0.940316002409774,2.688,2.524,0.0,0.125,1.2651778421401978,non_satellite
chr22,11124152,11126152,2000,0.4715,1.912665060443598,5.422072922967946,9.83287981864548,0.756639115641684,2.232,2.108,0.0,0.0,5.85,non_satellite
chr22,11128152,11130152,2000,0.4625,1.9635341309319896,5.731450054799725,10.782765598596685,0.8498482820613117,2.472,2.36,0.0,0.0,1.50625,non_satellite
chr22,11132152,11134152,2000,0.3695,1.9484090344897491,5.704448855275252,10.910078228814056,0.9348331102674428,2.644,2.432,0.0,0.0,1.36875,non_satellite
chr22,11136152,11138152,2000,0.3615,1.9089342298611107,5.5987648770779606,10.900261258144496,0.8717798506306359,2.556,2.444,0.0,0.0,1.47,non_satellite
chr22,11140152,11142152,2000,0.308,1.8713300417919,5.523589865787117,10.95151753955151,0.9101600956269532,2.636,2.428,0.0,0.15,0.0,non_satellite
chr22,11144152,11146152,2000,0.398,1.9560153039062296,5.734651067052463,10.92518267927183,0.9293502181251118,2.632,2.416,0.0,0.0,0.0,non_satellite
chr22,11148152,11150152,2000,0.3195,1.8887801986706596,5.584433294131828,10.953527589802768,0.9211258799116152,2.672,2.464,0.0,0.25,0.422727313041687,non_satellite
chr22,11152152,11154152,2000,0.3085,1.891080993181125,5.592283914318779,10.95754769030528,0.9183844338404498,2.648,2.436,0.0,0.825,0.1090909194946289,non_satellite
chr22,11156152,11158152,2000,0.368,1.94097951580009,5.728819322224486,10.95654266517965,0.940316002409774,2.684,2.496,0.0,0.35,3.1722191362380983,non_satellite
chr22,11160152,11162152,2000,0.335,1.8868816118599625,5.57467511476,10.95654266517965,0.9211258799116152,2.656,2.424,0.0,0.65,0.0,non_satellite
chr22,11164152,11166152,2000,0.367,1.922537634661416,5.660088070050795,10.95252256467714,0.9238673259827808,2.656,2.44,0.0,0.15,1.7750035886764526,non_satellite
chr22,11168152,11170152,2000,0.3975,1.9691511822504868,5.802173929732057,10.902877344818114,0.9375745563386084,2.68,2.472,0.0,0.0,0.0,non_satellite
chr22,11172152,11174152,2000,0.4065,1.974490272770101,5.811935025679484,10.861804671084228,0.9320916641962772,2.676,2.452,0.0,0.0,1.1416689748764035,non_satellite
chr22,11176152,11178152,2000,0.365,1.935770146300684,5.67752128730698,10.880180049415625,0.9348331102674428,2.704,2.46,0.0,0.0,0.0,non_satellite
chr22,11180152,11182152,2000,0.4305,1.985788072636825,5.7980114670115634,10.89438659258081,0.9019357574134566,2.6,2.408,0.0,0.0,0.89,non_satellite
chr22,11184152,11186152,2000,0.445,1.9867473121976225,5.8348585641762645,10.95754769030528,0.9649890170502636,2.7,2.476,0.0,0.475,4.253330336570739,non_satellite
chr22,11188152,11190152,2000,0.422,1.9786536309375424,5.819089728734452,10.955537640054022,0.9540232327656016,2.7,2.504,0.0,0.075,1.5544633903503418,non_satellite
chr22,11192152,11194152,2000,0.3805,1.949393773937928,5.769410685452119,10.94812312372128,0.940316002409774,2.704,2.5,0.0,0.0,1.525,non_satellite
chr22,11196152,11198152,2000,0.3505,1.934446700876194,5.710610794712478,10.952522564677135,0.9238673259827808,2.656,2.436,0.0,0.05,0.0,non_satellite
chr22,11200152,11202152,2000,0.4215,1.976748627669655,5.789007690749033,10.933294091055792,0.9293502181251118,2.632,2.456,0.0,0.0,0.849999165058136,non_satellite
chr22,11204152,11206152,2000,0.4085,1.810083297100544,4.35888493621467,8.57983883974713,0.452338601742311,1.472,1.404,0.0,0.0,0.529166464805603,hsat
chr22,11208152,11210152,2000,0.4065,1.7889186075221335,4.3364666291288545,8.768750079249081,0.4495971556711455,1.488,1.364,0.0,0.0,0.9939562759399414,hsat
chr22,11212152,11214152,2000,0.352,1.933829563236196,5.698267276962879,10.955537640054022,0.940316002409774,2.688,2.46,0.0,0.275,1.2821433584690094,non_satellite
chr22,11216152,11218152,2000,0.347,1.9279021635243565,5.683271819560057,10.945980077235603,0.9348331102674428,2.668,2.416,0.0,0.0,0.0,non_satellite
chr22,11220152,11222152,2000,0.3355,1.91955344037884,5.680684308239858,10.949507489300256,0.940316002409774,2.704,2.48,0.0,0.0,0.7178568828105927,non_satellite
chr22,11224152,11226152,2000,0.3185,1.895320616027836,5.615777981358198,10.95252256467714,0.9183844338404498,2.636,2.448,0.0,0.025,5.150493494987487,non_satellite
chr22,11228152,11230152,2000,0.611,1.8224481384771112,5.023783096689363,9.886443135368,0.5702207828024285,1.788,1.82,0.0,0.0,0.5183335523605347,other_sat
chr22,11232152,11234152,2000,0.328,1.907586225201563,5.614299630713865,10.953527589802768,0.9320916641962772,2.644,2.456,0.0,0.075,3.3499997806549073,non_satellite
chr22,11236152,11238152,2000,0.351,1.920954445915943,5.640459499536186,10.889873803640436,0.8854870809864634,2.588,2.424,0.0,0.0,5.975001971244812,non_satellite
chr22,11240152,11242152,2000,0.3905,1.962515678337556,5.765772986426873,10.95754769030528,0.940316002409774,2.66,2.484,0.0,0.55,0.0,non_satellite
chr22,11244152,11246152,2000,0.334,1.9041932852251584,5.604064983502911,10.842734960779298,0.9101600956269532,2.624,2.412,0.0,0.0,3.6,non_satellite
chr22,11248152,11250152,2000,0.3375,1.914500801529318,5.676174251893481,10.955537640054022,0.940316002409774,2.66,2.48,0.0,0.325,0.93,non_satellite
chr22,11252152,11254152,2000,0.391,1.919661272391284,5.649471119554976,10.958552715430908,0.9211258799116152,2.632,2.432,0.0,1.0,1.8909092712402344,non_satellite
chr22,11256152,11258152,2000,0.449,1.9515560332046085,5.718348990619795,10.95754769030528,0.951281786694436,2.68,2.432,0.0,0.7,2.495,non_satellite
chr22,11260152,11262152,2000,0.542,1.9920401869521205,5.8620598351364,10.920960436382082,0.9375745563386084,2.632,2.496,0.0,0.0,1.6666685342788696,non_satellite
chr22,11264152,11266152,2000,0.394,1.965598326039617,5.769762680325347,10.888458811761938,0.9375745563386084,2.632,2.452,0.0,0.0,1.7464742870330812,non_satellite
chr22,11268152,11270152,2000,0.3485,1.9319335355434035,5.702191140963403,10.955537640054022,0.951281786694436,2.7,2.456,0.0,0.25,1.618560667037964,non_satellite
chr22,11272152,11274152,2000,0.333,1.899766589443898,5.629724154290493,10.953527589802768,0.9348331102674428,2.68,2.452,0.0,0.1,0.527777259349823,non_satellite
chr22,11276152,11278152,2000,0.344,1.9284178679018975,5.6890185501501,10.949507489300252,0.9348331102674428,2.652,2.452,0.0,0.0,1.4024900209903717,non_satellite
chr22,11280152,11282152,2000,0.332,1.8739664314382127,5.2620148781309615,10.097924305325424,0.7210003167165322,2.116,2.028,0.0,0.0,0.2529410486221313,non_satellite
chr22,11284152,11286152,2000,0.3395,1.92313545249438,5.658587915412143,10.95654266517965,0.9348331102674428,2.664,2.452,0.0,0.4,0.6857142481803894,non_satellite
chr22,11288152,11290152,2000,0.4495,1.9915047116968905,5.828804711675999,10.924774182290768,0.940316002409774,2.668,2.516,0.0,0.0,3.5919745221138,non_satellite
chr22,11292152,11294152,2000,0.435,1.983382505400017,5.809536993618756,10.943673499112096,0.956764678836767,2.728,2.488,0.0,0.0,0.2434784698486328,non_satellite
chr22,11296152,11298152,2000,0.434,1.9867283591503864,5.807198300957981,10.953527589802768,0.945798894552105,2.688,2.444,0.0,0.025,1.2706279518604278,non_satellite
chr22,11300152,11302152,2000,0.4225,1.9819784751423064,5.820854833406289,10.936258982779352,0.9485403406232704,2.748,2.416,0.0,0.0,0.5708331155776978,non_satellite
chr22,11304152,11306152,2000,0.3775,1.9508669085251231,5.751951314337311,10.936176170198252,0.9485403406232704,2.684,2.456,0.0,0.0,0.0,non_satellite
chr22,11308152,11310152,2000,0.3195,1.9023733838148624,5.613293053643159,10.944482363672115,0.9101600956269532,2.668,2.48,0.0,0.0,3.6474339947700503,non_satellite
chr22,11312152,11314152,2000,0.3695,1.9470686748185135,5.745824119717767,10.900486534529582,0.9211258799116152,2.672,2.452,0.0,0.0,1.410714893102646,non_satellite
chr22,11316152,11318152,2000,0.4345,1.9858403244397032,5.847796345686336,10.93864837348396,0.9595061249079324,2.676,2.508,0.0,0.0,2.753021307706833,non_satellite
chr22,11320152,11322152,2000,0.3965,1.9666698952041664,5.753970810376634,10.90244324666376,0.9211258799116152,2.648,2.452,0.0,0.0,1.3783338754177092,non_satellite
chr22,11324152,11326152,2000,0.353,1.9256749524821333,5.681828226198045,10.854542084587155,0.8964528652711256,2.596,2.432,0.0,0.0,3.317082487344742,non_satellite
chr22,11328152,11330152,2000,0.382,1.9498127269746337,5.753534346522681,10.955537640054024,0.9595061249079324,2.696,2.484,0.0,0.1,1.1465272102355957,non_satellite
chr22,11332152,11334152,2000,0.336,1.9172609268445384,5.640377935016258,10.954532614928391,0.9375745563386084,2.632,2.46,0.0,0.15,0.1428569984436035,non_satellite
chr22,11336152,11338152,2000,0.363,1.9447604348808245,5.741593044173421,10.94769359961461,0.9485403406232704,2.656,2.484,0.0,0.0,0.3625,non_satellite
chr22,11340152,11342152,2000,0.2745,1.67469662647741,4.385532614750086,9.225341163219204,0.5537721063754354,1.716,1.672,0.0,0.0,1.9272215127944947,other_sat
chr22,11344152,11346152,2000,0.533,1.9524674500958856,5.458238182154172,10.72134548714524,0.8032436988514978,2.3,2.216,0.0,0.0,0.656363673210144,non_satellite
chr22,11348152,11350152,2000,0.6485,1.8485151668539024,5.0055999788450265,10.50575705726578,0.6853615177913804,2.092,1.952,0.0,0.0,1.6474738941192626,non_satellite
chr22,11352152,11354152,2000,0.482,1.9506461481696675,5.751961997678316,10.760625658501532,0.8827456349152979,2.46,2.4,0.0,0.0,1.623483419418335,non_satellite
chr22,11356152,11358152,2000,0.3295,1.9141222704718344,5.625346243087225,10.955537640054022,0.9129015416981188,2.644,2.44,0.0,0.225,0.56,non_satellite
chr22,11360152,11362152,2000,0.3695,1.9439045975170997,5.72427019274739,10.95051251442588,0.945798894552105,2.696,2.444,0.0,0.0,0.0,non_satellite
chr22,11364152,11366152,2000,0.4185,1.917732685008718,5.640307258440439,10.95654266517965,0.9293502181251118,2.676,2.428,0.0,0.525,0.835,non_satellite
chr22,11368152,11370152,2000,0.349,1.922790280744094,5.688272464106154,10.94321134607765,0.940316002409774,2.672,2.476,0.0,0.0,0.0,non_satellite
chr22,11372152,11374152,2000,0.312,1.895381209718016,5.58911130404888,10.95654266517965,0.9266087720539464,2.624,2.412,0.0,0.475,0.0,non_satellite
chr22,11376152,11378152,2000,0.3225,1.904530373458345,5.635048349653782,10.95151753955151,0.9183844338404498,2.66,2.408,0.0,0.025,0.0,non_satellite
chr22,11380152,11382152,2000,0.331,1.915382376318542,5.639012774501781,10.95654266517965,0.9320916641962772,2.688,2.392,0.0,0.475,1.35,non_satellite
chr22,11384152,11386152,2000,0.3925,1.9626594900436252,5.770556963398246,10.95754769030528,0.9540232327656016,2.708,2.456,0.0,0.65,2.055909233093262,non_satellite
chr22,11388152,11390152,2000,0.337,1.8699552860375952,5.523020101807872,10.955537640054024,0.8964528652711256,2.632,2.444,0.0,0.675,2.177243980407715,non_satellite
chr22,11392152,11394152,2000,0.3545,1.937635509734503,5.685787980331484,10.951517539551512,0.9485403406232704,2.648,2.436,0.0,0.025,0.0,non_satellite
chr22,11396152,11398152,2000,0.3835,1.9033852660581745,5.595746639116246,10.95754769030528,0.9183844338404498,2.66,2.4,0.0,0.925,1.9534804382324216,non_satellite
chr22,11400152,11402152,2000,0.349,1.93306098799532,5.660196484908066,10.95754769030528,0.9320916641962772,2.676,2.472,0.0,0.7,2.8999993615150452,non_satellite
chr22,11404152,11406152,2000,0.297,1.8731670772304052,5.341268226264236,10.25808126467996,0.756639115641684,2.172,2.092,0.0,0.0,0.0,non_satellite
chr22,11408152,11410152,2000,0.42,1.9795704213955052,5.777754154990759,10.946884735054589,0.951281786694436,2.692,2.468,0.0,0.0,0.4818182277679443,non_satellite
chr22,11412152,11414152,2000,0.399,1.9641613526367427,5.797483175035015,10.900191426241252,0.8964528652711256,2.58,2.436,0.0,0.0,4.629996636867523,non_satellite
chr22,11416152,11418152,2000,0.3655,1.9264317826296176,5.662726339405061,10.95151753955151,0.9211258799116152,2.656,2.444,0.0,0.0,1.4733503584861756,non_satellite
chr22,11420152,11422152,2000,0.3525,1.9184749899784983,5.61071086227926,10.949507489300254,0.9101600956269532,2.604,2.436,0.0,0.025,0.0,non_satellite
chr22,11424152,11426152,2000,0.3675,1.9474175965604297,5.738331862931716,10.95654266517965,0.962247570979098,2.688,2.464,0.0,0.3,4.296274831295014,non_satellite
chr22,11428152,11430152,2000,0.322,1.897215520123084,5.581770356051934,10.94711809859565,0.9101600956269532,2.576,2.404,0.0,0.0,0.0,non_satellite
chr22,11432152,11434152,2000,0.3435,1.9207875810970023,5.678499044478538,10.954532614928397,0.9183844338404498,2.652,2.472,0.0,0.2,0.0,non_satellite
chr22,11436152,11438152,2000,0.3345,1.9072702118049265,5.626630343262542,10.95252256467714,0.9375745563386084,2.676,2.412,0.0,0.025,0.0,non_satellite
chr22,11440152,11442152,2000,0.3065,1.887607542119264,5.56865240237913,10.933294091055789,0.9183844338404498,2.612,2.416,0.0,0.0,0.0,non_satellite
chr22,11444152,11446152,2000,0.3,1.8736244995341764,5.550229033636469,10.955537640054022,0.9074186495557875,2.616,2.404,0.0,0.4,3.46,non_satellite
chr22,11448152,11450152,2000,0.3445,1.9168022817249728,5.671526168468937,10.923932688802976,0.9129015416981188,2.616,2.46,0.0,0.0,4.12,non_satellite
chr22,11452152,11454152,2000,0.33,1.8366522030869132,5.020752228914343,9.64954298406439,0.6387569345815666,1.972,1.944,0.0,0.0,0.0,non_satellite
chr22,11456152,11458152,2000,0.6675,1.801790577988363,4.889526910081526,10.003103122929442,0.6250497042257389,1.932,1.856,0.0,0.0,1.4500029315948486,other_sat
chr22,11460152,11462152,2000,0.372,1.9491590868726096,5.746021861317371,10.91919466572364,0.9293502181251118,2.68,2.468,0.0,0.0,0.0,non_satellite
chr22,11464152,11466152,2000,0.3425,1.92472776280661,5.6605793319512765,10.953527589802768,0.9293502181251118,2.652,2.456,0.0,0.05,1.5849991159439087,non_satellite
chr22,11468152,11470152,2000,0.34,1.8812556793641684,5.519773561846737,10.806830814992884,0.8827456349152979,2.556,2.384,0.0,0.0,0.0,non_satellite
chr22,11472152,11474152,2000,0.351,1.932426583110561,5.698170870558579,10.95654266517965,0.9293502181251118,2.648,2.496,0.0,0.525,0.0,non_satellite
chr22,11476152,11478152,2000,0.3315,1.9157596675628676,5.6359361245012645,10.947118098595649,0.9183844338404498,2.636,2.464,0.0,0.0,0.0,non_satellite
chr22,11480152,11482152,2000,0.355,1.9370554740755552,5.70219999912856,10.958552715430908,0.940316002409774,2.672,2.468,0.0,1.0,1.5016670541763306,non_satellite
chr22,11484152,11486152,2000,0.3445,1.9154954048540416,5.649289263073596,10.949324309412516,0.9238673259827808,2.64,2.4,0.0,0.0,0.0,non_satellite
chr22,11488152,11490152,2000,0.3315,1.9139252711199024,5.623060451117137,10.949507489300258,0.9129015416981188,2.632,2.464,0.0,0.0,0.0,non_satellite
chr22,11492152,11494152,2000,0.379,1.9491395027936391,5.739960203654409,10.916706972338504,0.9320916641962772,2.676,2.468,0.0,0.0,1.2125,non_satellite
chr22,11496152,11498152,2000,0.481,1.9985419860912264,5.809017252672214,10.958552715430908,0.9649890170502636,2.716,2.472,0.0,1.0,0.0,non_satellite
chr22,11500152,11502152,2000,0.335,1.9156211174867157,5.6153669240281845,10.95654266517965,0.9293502181251118,2.652,2.456,0.0,0.475,1.7794144649505614,non_satellite
chr22,11504152,11506152,2000,0.498,1.9998389602071671,5.8801890690536975,10.937643348358328,0.9540232327656016,2.668,2.516,0.0,0.0,1.8606419944763184,non_satellite
chr22,11508152,11510152,2000,0.563,1.9781323154337944,5.49778670614906,10.661322238105612,0.7347075470723597,2.216,2.116,0.0,0.0,0.8214473812580109,other_sat
chr22,11512152,11514152,2000,0.4975,1.9820428349323655,5.7422130742637965,10.94548738879774,0.9348331102674428,2.676,2.432,0.0,0.0,7.084536199092865,non_satellite
chr22,11516152,11518152,2000,0.455,1.9937736432050852,5.814148359983064,10.950512514425885,0.9375745563386084,2.664,2.472,0.0,0.0,0.6374997568130493,non_satellite
chr22,11520152,11522152,2000,0.5,1.9963425007297195,5.77631191183602,10.95754769030528,0.9485403406232704,2.72,2.44,0.0,0.65,0.0,non_satellite
chr22,11524152,11526152,2000,0.3445,1.8993247323168505,5.6394794326902575,10.953527589802766,0.9211258799116152,2.668,2.48,0.0,0.2,0.66875,non_satellite
chr22,11528152,11530152,2000,0.354,1.934748280058908,5.713870872320848,10.954532614928391,0.9266087720539464,2.66,2.456,0.0,0.1,4.116662644386292,other_sat
chr22,11532152,11534152,2000,0.328,1.9050419028822323,5.627998604153727,10.955537640054022,0.9293502181251118,2.656,2.448,0.0,0.35,1.415,non_satellite
chr22,11536152,11538152,2000,0.3225,1.8873697626483048,5.58498754163174,10.955537640054022,0.9293502181251118,2.652,2.404,0.0,0.35,0.0,non_satellite
chr22,11540152,11542152,2000,0.3005,1.8808564579511768,5.553845547062623,10.949128148846905,0.9211258799116152,2.608,2.456,0.0,0.05,1.5189100568294525,non_satellite
chr22,11544152,11546152,2000,0.3225,1.905972429946561,5.644309653965228,10.95754769030528,0.9375745563386084,2.68,2.42,0.0,0.725,1.1000001049041748,non_satellite
chr22,11548152,11550152,2000,0.329,1.8894001162504617,5.607746905587332,10.936934851104954,0.9238673259827808,2.636,2.448,0.0,0.0,0.9318182706832886,non_satellite
chr22,11552152,11554152,2000,0.328,1.8407746193580783,4.984902540997622,9.49077266622054,0.6579470570797251,2.004,1.916,0.0,0.0,0.0,non_satellite
chr22,11556152,11558152,2000,0.47,1.974783539091222,5.740332352795345,10.724586460888135,0.8553311742036427,2.46,2.3,0.0,0.0,0.99375,non_satellite
chr22,11560152,11562152,2000,0.352,1.928882710296948,5.642948617607472,10.950512514425885,0.904677203484622,2.648,2.44,0.0,0.025,0.0,non_satellite
chr22,11564152,11566152,2000,0.3365,1.8963085229408587,5.587846754925879,10.953527589802766,0.9074186495557875,2.652,2.428,0.0,0.1,0.7555548133850097,non_satellite
chr22,11568152,11570152,2000,0.3505,1.931229356714712,5.696115062785365,10.95654266517965,0.945798894552105,2.696,2.42,0.0,0.3,0.3333330059051513,non_satellite
chr22,11572152,11574152,2000,0.3135,1.883108481441759,5.57543275336029,10.952143224223793,0.9129015416981188,2.62,2.42,0.0,0.05,0.5727273273468018,non_satellite
chr22,11576152,11578152,2000,0.3475,1.9278454376735297,5.706899537712393,10.953527589802766,0.9348331102674428,2.636,2.456,0.0,0.0,1.6104401412010192,non_satellite
chr22,11580152,11582152,2000,0.4485,1.735231423298546,4.531488292594794,8.84479574693831,0.4029925724613317,1.348,1.404,0.0,0.0,0.4958331441879272,hsat
chr22,11584152,11586152,2000,0.447,1.7540216464062326,4.547279361390609,9.15909008753004,0.4824945085251318,1.592,1.528,0.0,0.0,0.5000000476837159,hsat
chr22,11588152,11590152,2000,0.4545,1.7291929719271937,4.535899892410188,8.989216074053136,0.4852359545962973,1.596,1.536,0.0,0.0,0.3545454883575439,hsat
chr22,11592152,11594152,2000,0.4595,1.7178253584064334,4.468195875157043,8.863568051648096,0.4605629399558076,1.512,1.436,0.0,0.0,1.0499995579719543,hsat
chr22,11596152,11598152,2000,0.442,1.7383727396582875,4.559904590848438,9.325916812720706,0.5263576456637802,1.704,1.576,0.0,0.0,1.6916652345657348,hsat
chr22,11600152,11602152,2000,0.4105,1.7643033148520435,4.6537754835491905,9.637755467537753,0.5565135524466008,1.764,1.724,0.0,0.0,2.805713339805603,hsat
chr22,11604152,11606152,2000,0.394,1.8076583478095127,4.681307239205167,9.782404365333557,0.5537721063754354,1.792,1.708,0.0,0.0,0.65,hsat
chr22,11608152,11610152,2000,0.389,1.8102150080540151,4.625644448976927,9.606156760360427,0.5318405378061112,1.716,1.62,0.0,0.0,0.0,hsat
chr22,11612152,11614152,2000,0.3875,1.7881607406858788,4.536595575038227,9.432556438435086,0.509908969236787,1.656,1.6,0.0,0.0,0.0,hsat
chr22,11616152,11618152,2000,0.3905,1.7923526068962488,4.552137256545337,9.581661804027643,0.5236161995926146,1.696,1.572,0.0,0.0,2.624406661748886,hsat
chr22,11620152,11622152,2000,0.3725,1.8216436665722024,4.717882017217706,9.705313175103012,0.5565135524466008,1.792,1.632,0.0,0.0,2.8227261781692503,hsat
chr22,11624152,11626152,2000,0.367,1.8125050498870143,4.681622128757121,9.705454228882369,0.5565135524466008,1.78,1.64,0.0,0.0,0.7999991912841797,hsat
chr22,11628152,11630152,2000,0.3935,1.8012567347011812,4.578198512770332,9.510550972868849,0.5482892142331043,1.752,1.664,0.0,0.0,0.55,hsat
chr22,11632152,11634152,2000,0.3865,1.7901649868357412,4.580113122484946,9.31470965493525,0.4824945085251318,1.592,1.524,0.0,0.0,0.0,hsat
chr22,11636152,11638152,2000,0.3825,1.7968455276383648,4.628072791632804,9.482486141920816,0.5153918613791181,1.7,1.6,0.0,0.0,0.8857133903503418,hsat
chr22,11640152,11642152,2000,0.381,1.792474622853315,4.605137432484564,9.66050050789294,0.5290990917349456,1.748,1.64,0.0,0.0,1.65,hsat
chr22,11644152,11646152,2000,0.385,1.8096150571454757,4.632073669539793,9.626920730521643,0.5428063220907733,1.764,1.608,0.0,0.0,0.0,hsat
chr22,11648152,11650152,2000,0.3865,1.8136405750955056,4.612243297601671,9.50147736437715,0.5181333074502835,1.676,1.584,0.0,0.0,1.05,hsat
chr22,11652152,11654152,2000,0.386,1.8302342329420307,4.666234535731994,9.651556289159473,0.5400648760196077,1.736,1.616,0.0,0.0,0.5692309293746948,hsat
chr22,11656152,11658152,2000,0.3815,1.8107545013302817,4.672346927822051,9.625414506885262,0.5290990917349456,1.74,1.6,0.0,0.0,0.2423075301647186,hsat
chr22,11660152,11662152,2000,0.3905,1.8053875942932824,4.558003415075629,9.47469732495414,0.5153918613791181,1.708,1.572,0.0,0.0,0.0,hsat
chr22,11664152,11666152,2000,0.4255,1.7608382288196511,4.570493547767577,9.609840393751648,0.5455477681619388,1.78,1.66,0.0,0.0,0.0,hsat
chr22,11668152,11670152,2000,0.4265,1.7344390340905866,4.418692030774641,9.306495520599547,0.4962017388809594,1.604,1.544,0.0,0.0,1.6516662311553956,hsat
chr22,11672152,11674152,2000,0.4435,1.736132394029828,4.582570199484338,9.671811975054922,0.5290990917349456,1.704,1.636,0.0,0.0,0.8681819009780883,hsat
chr22,11676152,11678152,2000,0.4295,1.7624235784047686,4.582506250791012,9.624497434363452,0.5428063220907733,1.756,1.656,0.0,0.0,0.5909091472625733,hsat
chr22,11680152,11682152,2000,0.437,1.7333142130998045,4.533183215442868,9.574463473049102,0.5263576456637802,1.708,1.608,0.0,0.0,1.4777763261795045,hsat
chr22,11684152,11686152,2000,0.462,1.7269855084882515,4.528137782587522,9.51121070401178,0.5345819838772767,1.728,1.644,0.0,0.0,2.0,hsat
chr22,11688152,11690152,2000,0.3825,1.9492492348599817,5.679085343219251,10.714612709107127,0.8279167134919875,2.404,2.32,0.0,0.0,1.8142838802337649,alpha_mono
chr22,11692152,11694152,2000,0.3655,1.9434308660837183,5.541759726048228,10.238213339220737,0.6387569345815666,1.976,1.964,0.0,0.0,0.6,alpha_mono
chr22,11696152,11698152,2000,0.358,1.9346616162122297,5.5237213911958545,10.202090393287357,0.6195668120834079,1.96,1.948,0.0,0.0,0.0,alpha_mono
chr22,11700152,11702152,2000,0.3615,1.9342155093601727,5.551147895888127,10.332908841644388,0.6387569345815666,2.016,1.988,0.0,0.0,0.0,alpha_mono
chr22,11704152,11706152,2000,0.363,1.9416713368917913,5.520092241382136,9.948569399450564,0.5592549985177664,1.768,1.816,0.0,0.0,0.0,alpha_mono
chr22,11708152,11710152,2000,0.3575,1.9333706235509969,5.589198176694953,10.371235627642172,0.6798786256490493,2.092,2.036,0.0,0.0,3.497325089454651,alpha_mono
chr22,11712152,11714152,2000,0.358,1.9365986420950536,5.537237274969215,10.168018610401282,0.6305325963680699,1.968,1.924,0.0,0.0,2.4083382024765014,alpha_mono
chr22,11716152,11718152,2000,0.3545,1.9341880170648589,5.539199881987836,10.059691517091489,0.5811865670870906,1.892,1.888,0.0,0.0,1.42,alpha_mono
chr22,11720152,11722152,2000,0.362,1.941788961535873,5.515516197787429,10.15620371737378,0.6086010277987458,1.944,1.932,0.0,0.0,0.2714282970428466,alpha_mono
chr22,11724152,11726152,2000,0.3825,1.912821043829822,5.60251513162059,10.955537640054024,0.9266087720539464,2.652,2.392,0.0,0.475,1.21,alpha_mono
chr22,11728152,11730152,2000,0.4445,1.9768492236852857,5.742942176109041,10.895842168938731,0.9129015416981188,2.584,2.46,0.0,0.0,2.3301570529937745,alpha_mono
chr22,11732152,11734152,2000,0.356,1.9354537298918053,5.54383259485572,10.111011511569636,0.6168253660122424,1.916,1.912,0.0,0.0,0.5192309153079987,alpha_mono
chr22,11736152,11738152,2000,0.3575,1.9353367240021169,5.505749892734683,10.318556758987468,0.6524641649373941,2.012,1.976,0.0,0.0,1.7409092569351197,alpha_mono
chr22,11740152,11742152,2000,0.3575,1.9364054090643616,5.54311096115446,10.274147184875767,0.641498380652732,2.008,1.964,0.0,0.0,0.9769225206375122,alpha_mono
chr22,11744152,11746152,2000,0.355,1.929795089694416,5.527921404774774,10.222633976140896,0.6305325963680699,1.984,1.94,0.0,0.0,2.742307302236557,alpha_mono
chr22,11748152,11750152,2000,0.3585,1.934924276294528,5.525058278453939,10.177565673065155,0.6113424738699113,1.94,1.908,0.0,0.0,0.6249997615814209,alpha_mono
chr22,11752152,11754152,2000,0.3555,1.9346520072259856,5.553401413896625,10.224855427068706,0.6058595817275803,1.944,1.928,0.0,0.0,0.9844694948196412,alpha_mono
chr22,11756152,11758152,2000,0.381,1.9145284763284227,5.6240183842885525,10.921204715974897,0.9238673259827808,2.624,2.448,0.0,0.0,0.5090909576416016,alpha_mono
chr22,11760152,11762152,2000,0.452,1.9446920777116,5.710268026774008,10.891216032013856,0.9019357574134566,2.592,2.46,0.0,0.0,1.47277676820755,alpha_mono
chr22,11764152,11766152,2000,0.3665,1.9451814332311896,5.564445341196635,10.188524137494843,0.6387569345815666,1.96,1.96,0.0,0.0,0.0,alpha_mono
chr22,11768152,11770152,2000,0.3645,1.9403644160674975,5.549707203234554,10.309538512905808,0.6524641649373941,1.984,1.956,0.0,0.0,0.5918182134628296,alpha_mono
chr22,11772152,11774152,2000,0.37,1.9453580114570097,5.551642031969429,10.199104280164438,0.6497227188662286,2.028,1.896,0.0,0.0,0.8011105599403381,alpha_mono
chr22,11776152,11778152,2000,0.3585,1.9368150903610708,5.52057234323632,10.179676722317335,0.6305325963680699,1.952,1.912,0.0,0.0,3.392046792984009,alpha_mono
chr22,11780152,11782152,2000,0.366,1.944175720891484,5.529054946035108,10.190714172461874,0.6332740424392355,1.98,1.952,0.0,0.0,1.7652686934471131,alpha_mono
chr22,11784152,11786152,2000,0.349,1.9304742859731212,5.52931332814041,10.175538151042709,0.5921523513717527,1.9,1.888,0.0,0.0,1.451722172498703,alpha_mono
chr22,11788152,11790152,2000,0.3665,1.9431209104672111,5.570876617622387,10.02963839552662,0.572962228873594,1.796,1.892,0.0,0.0,0.4961539857387543,alpha_mono
chr22,11792152,11794152,2000,0.364,1.9440455962839585,5.595733256681492,10.165506667478972,0.6195668120834079,1.972,1.988,0.0,0.0,0.0,alpha_mono
chr22,11796152,11798152,2000,0.362,1.9405857884513111,5.5462622087250875,10.12466741134224,0.6031181356564147,1.9,1.916,0.0,0.0,1.17,alpha_mono
chr22,11800152,11802152,2000,0.3575,1.9348419503024523,5.517973815581308,10.1470898991234,0.6031181356564147,1.876,1.908,0.0,0.0,2.5347207760810853,alpha_mono
chr22,11804152,11806152,2000,0.366,1.9435198682499544,5.553453768038773,10.17681487841374,0.6195668120834079,1.956,1.924,0.0,0.0,0.0,alpha_mono
chr22,11808152,11810152,2000,0.4145,1.9178741384657445,5.628375488903246,10.953527589802766,0.9211258799116152,2.64,2.436,0.0,0.125,1.29727267742157,alpha_mono
chr22,11812152,11814152,2000,0.377,1.9339544914250424,5.652507615309412,10.906784097336129,0.888228527057629,2.6,2.416,0.0,0.0,2.62537814617157,alpha_mono
chr22,11816152,11818152,2000,0.3695,1.944485915718549,5.532128766803021,10.14819724694415,0.6277911502969045,1.964,1.92,0.0,0.0,0.575,alpha_mono
chr22,11820152,11822152,2000,0.37,1.9494629450009295,5.528863845173282,10.025375760738951,0.583928013158256,1.864,1.848,0.0,0.0,0.0,alpha_mono
chr22,11824152,11826152,2000,0.363,1.9396193714853665,5.513841537707398,10.083415141973305,0.5894109053005872,1.872,1.868,0.0,0.0,1.535,alpha_mono
chr22,11828152,11830152,2000,0.3605,1.9395575464361483,5.605854330143537,10.41759658448351,0.7127759785030356,2.2,2.128,0.0,0.0,1.749999300956726,alpha_mono
chr22,11832152,11834152,2000,0.369,1.943899886104623,5.58627073978629,10.27158582700488,0.6524641649373941,2.032,1.976,0.0,0.0,0.855833716392517,alpha_mono
chr22,11836152,11838152,2000,0.364,1.9373895535483117,5.531540151855597,10.207016364575836,0.6086010277987458,1.9,1.904,0.0,0.0,2.729943298578262,alpha_mono
chr22,11840152,11842152,2000,0.353,1.9250648137419832,5.543325701512051,10.393249368453786,0.6963273020760424,2.124,2.08,0.0,0.0,1.16881005692482,alpha_mono
chr22,11844152,11846152,2000,0.3595,1.9346102636176867,5.546286237131447,10.165829954309958,0.641498380652732,2.0,1.94,0.0,0.0,4.169107493877411,alpha_mono
chr22,11848152,11850152,2000,0.351,1.9280231610564336,5.521614633186349,10.21094802567504,0.636015488510401,1.988,1.924,0.0,0.0,2.405138654232025,alpha_mono
chr22,11852152,11854152,2000,0.3485,1.9264405597117809,5.539902890397336,10.548296833580263,0.7210003167165322,2.216,2.096,0.0,0.0,0.0,alpha_mono
chr22,11856152,11858152,2000,0.3525,1.9308672002227336,5.528484742807491,10.047138444191791,0.5702207828024285,1.828,1.892,0.0,0.0,3.139422798633575,alpha_mono
chr22,11860152,11862152,2000,0.445,1.8055574033603143,4.855450996711087,9.416641545332007,0.5976352435140837,1.84,1.764,0.0,0.0,3.879225333690643,hsat
chr22,11864152,11866152,2000,0.459,1.7093221933948168,4.364094667282265,8.747005922042954,0.4386313713864834,1.532,1.452,0.0,0.0,1.326664134979248,hsat
chr22,11868152,11870152,2000,0.4605,1.7088325233313857,4.349174297188754,8.716640176741894,0.4578214938846421,1.56,1.484,0.0,0.0,3.2045447492599486,hsat
chr22,11872152,11874152,2000,0.4715,1.7130431213253583,4.5130711751589105,9.19216091572145,0.5016846310232904,1.664,1.58,0.0,0.0,0.0818181896209716,hsat
chr22,11876152,11878152,2000,0.458,1.7144141879048047,4.405526642797751,8.93799887686195,0.4715287242404697,1.576,1.512,0.0,0.0,0.9696426477432252,hsat
chr22,11880152,11882152,2000,0.463,1.7307845172596144,4.560168026608941,9.174728248358232,0.5208747535214491,1.692,1.604,0.0,0.0,1.1229157171249389,hsat
chr22,11884152,11886152,2000,0.4615,1.7050607960739554,4.414788697748791,9.007791762090692,0.4962017388809594,1.604,1.54,0.0,0.0,2.8206690554618836,hsat
chr22,11888152,11890152,2000,0.4685,1.723498043488847,4.524379159786829,9.3291750551564,0.5153918613791181,1.7,1.64,0.0,0.0,0.959640483379364,hsat
chr22,11892152,11894152,2000,0.462,1.714202719622203,4.505216079449142,9.25542540256981,0.4989431849521249,1.64,1.6,0.0,0.0,0.3568715524673462,hsat
chr22,11896152,11898152,2000,0.463,1.6813212649932874,4.340491406810956,9.072414243404948,0.4962017388809594,1.596,1.508,0.0,0.0,2.5928781776428225,hsat
chr22,11900152,11902152,2000,0.462,1.681736580656742,4.287682226797704,8.806649043045795,0.4633043860269731,1.552,1.44,0.0,0.0,1.4710419940948487,hsat
chr22,11904152,11906152,2000,0.467,1.6947012017053775,4.436816945203224,9.32843808628757,0.509908969236787,1.664,1.568,0.0,0.0,0.6106209635734559,hsat
chr22,11908152,11910152,2000,0.4585,1.697555941769895,4.3999229150122074,9.055694504565736,0.4907188467386283,1.608,1.524,0.0,0.0,3.8488727006912233,hsat
chr22,11912152,11914152,2000,0.459,1.691674424752995,4.376089142847579,8.81191939863144,0.4687872781693042,1.528,1.456,0.0,0.0,1.4289212551116943,hsat
chr22,11916152,11918152,2000,0.4605,1.6855152487710017,4.373314666462101,9.214259694523143,0.4715287242404697,1.54,1.488,0.0,0.0,0.871875,hsat
chr22,11920152,11922152,2000,0.458,1.6970774300834728,4.386387904315173,9.05166241818696,0.4907188467386283,1.624,1.532,0.0,0.0,1.2795243515968322,hsat
chr22,11924152,11926152,2000,0.454,1.684722915825013,4.251958887403033,8.736390874098682,0.4386313713864834,1.496,1.416,0.0,0.0,0.376923182964325,hsat
chr22,11928152,11930152,2000,0.4595,1.72723485059112,4.500388404562688,9.130503820475074,0.4633043860269731,1.528,1.524,0.0,0.0,1.149486659526825,hsat
chr22,11932152,11934152,2000,0.4625,1.6890267790602624,4.422205464115257,9.179506503416842,0.504426077094456,1.644,1.568,0.0,0.0,1.4333333353996276,hsat
chr22,11936152,11938152,2000,0.4645,1.7361181432535306,4.560926511549108,9.254598776451664,0.5208747535214491,1.688,1.58,0.0,0.0,2.4145605633258818,hsat
chr22,11940152,11942152,2000,0.458,1.7079770073467504,4.456147494723168,9.089741125208247,0.4989431849521249,1.64,1.556,0.0,0.0,1.332051787137985,hsat
chr22,11944152,11946152,2000,0.469,1.6944818776343202,4.440140117565974,9.185794414470504,0.5263576456637802,1.692,1.548,0.0,0.0,1.1833328819274902,hsat
chr22,11948152,11950152,2000,0.4645,1.7104842676021177,4.450466171476873,9.08927407785546,0.4742701703116352,1.584,1.512,0.0,0.0,0.0,hsat
chr22,11952152,11954152,2000,0.46,1.7351961905563775,4.560021442054405,9.31636039458126,0.5345819838772767,1.736,1.664,0.0,0.0,4.3961006546020505,hsat
chr22,11956152,11958152,2000,0.461,1.7435589263593765,4.604140740288138,9.279556193368192,0.5071675231656215,1.64,1.556,0.0,0.0,4.250237490177154,hsat
chr22,11960152,11962152,2000,0.452,1.7557833630243358,4.6235645299789345,8.914605894867698,0.4633043860269731,1.508,1.432,0.0,0.0,0.921041898727417,hsat
chr22,11964152,11966152,2000,0.3475,1.9262529384616005,5.526810297699515,10.15179672257228,0.6168253660122424,1.932,1.924,0.0,0.0,0.0,alpha_mono
chr22,11968152,11970152,2000,0.3665,1.937649235560195,5.537224577781744,10.359377716851752,0.6579470570797251,2.068,2.008,0.0,0.0,1.7352566277980803,alpha_mono
chr22,11972152,11974152,2000,0.3645,1.9389277383107737,5.541105829858404,10.153827716994767,0.5894109053005872,1.884,1.916,0.0,0.0,0.67,alpha_mono
chr22,11976152,11978152,2000,0.366,1.9434822948590025,5.517942421969547,10.065216934468417,0.5894109053005872,1.844,1.86,0.0,0.0,0.0,alpha_mono
chr22,11980152,11982152,2000,0.3615,1.9399129721250352,5.513088838113106,9.801717918847553,0.509908969236787,1.652,1.752,0.0,0.0,0.0,alpha_mono
chr22,11984152,11986152,2000,0.363,1.9397271120791852,5.526036365790886,10.094402789747232,0.583928013158256,1.832,1.868,0.0,0.0,0.0,alpha_mono
chr22,11988152,11990152,2000,0.367,1.9446866368663025,5.557818275972522,10.254059551721696,0.6552056110085597,2.024,1.944,0.0,0.0,1.33,alpha_mono
chr22,11992152,11994152,2000,0.358,1.9363567339652887,5.561134331293961,10.284938285085108,0.641498380652732,2.016,2.004,0.0,0.0,1.21,alpha_mono
chr22,11996152,11998152,2000,0.3715,1.943681684129946,5.702359847428139,10.924381861159551,0.9129015416981188,2.628,2.416,0.0,0.0,1.385,alpha_mono
chr22,12000152,12002152,2000,0.3645,1.940750634289015,5.574290297953337,10.247628867480252,0.6497227188662286,2.036,2.004,0.0,0.0,2.06375,alpha_mono
chr22,12004152,12006152,2000,0.365,1.9418551411324447,5.580475436841635,10.274953568912483,0.6305325963680699,1.98,1.992,0.0,0.0,1.3100009098052978,alpha_mono
chr22,12008152,12010152,2000,0.3765,1.950292506673297,5.609809333705305,10.333824658128703,0.6469812727950631,2.016,2.068,0.0,0.0,1.727776080608368,alpha_mono
chr22,12012152,12014152,2000,0.365,1.9419290444455144,5.599811766502865,10.250476772910552,0.6113424738699113,1.952,1.956,0.0,0.0,0.63,alpha_mono
chr22,12016152,12018152,2000,0.3525,1.9291817207441369,5.522267417850178,10.10725869945732,0.5976352435140837,1.9,1.9,0.0,0.0,0.4083331775665283,alpha_mono
chr22,12020152,12022152,2000,0.357,1.933122891491045,5.51088913639268,10.272447357823294,0.6168253660122424,1.96,1.972,0.0,0.0,1.346154224872589,alpha_mono
chr22,12024152,12026152,2000,0.3905,1.9214122561887397,5.636714599713688,10.95654266517965,0.9348331102674428,2.668,2.4,0.0,0.55,1.1142861499786376,alpha_mono
chr22,12028152,12030152,2000,0.4505,1.7282189486451924,4.516120313543015,9.091863124486109,0.5071675231656215,1.672,1.548,0.0,0.0,1.7863637351989743,hsat
chr22,12032152,12034152,2000,0.475,1.666938763800089,4.3323045101468605,9.052209070544029,0.4962017388809594,1.62,1.512,0.0,0.0,1.2874989686012268,hsat
chr22,12036152,12038152,2000,0.4555,1.7121672137137955,4.463134920493449,8.9580188161366,0.4934602928097938,1.596,1.512,0.0,0.0,2.033331336021423,hsat
chr22,12040152,12042152,2000,0.3765,1.9401923815177824,5.682888512042032,10.794768374938446,0.8608140663459738,2.488,2.38,0.0,0.0,1.839582416534424,alpha_mono
chr22,12044152,12046152,2000,0.3605,1.938738803314923,5.532720781720092,10.29806988826706,0.6277911502969045,1.992,1.976,0.0,0.0,0.0,alpha_mono
chr22,12048152,12050152,2000,0.357,1.932794214544203,5.543731323824903,10.310381634132382,0.6606885031508907,2.064,1.972,0.0,0.0,0.4750009603500366,alpha_mono
chr22,12052152,12054152,2000,0.3515,1.9293535674301028,5.51355964465128,10.154357968590537,0.6168253660122424,1.924,1.892,0.0,0.0,0.0,alpha_mono
chr22,12056152,12058152,2000,0.366,1.9394270066055437,5.691215558506072,10.90363602572482,0.9074186495557875,2.588,2.432,0.0,0.0,2.6508914852142333,alpha_mono
chr22,12060152,12062152,2000,0.359,1.9328267954338365,5.554490707211909,10.326882051971294,0.6634299492220562,2.068,2.02,0.0,0.0,0.0,alpha_mono
chr22,12064152,12066152,2000,0.3645,1.937000677821928,5.56232266786654,10.435293968432212,0.6881029638625459,2.116,2.04,0.0,0.0,0.0,alpha_mono
chr22,12068152,12070152,2000,0.357,1.935468586722868,5.556975731086799,10.18888859230343,0.6277911502969045,1.968,1.928,0.0,0.0,0.0,alpha_mono
chr22,12072152,12074152,2000,0.3705,1.9458246458562751,5.692000133530738,10.75399396241871,0.8333996056343186,2.436,2.344,0.0,0.0,1.2565938439369202,alpha_mono
chr22,12076152,12078152,2000,0.36,1.9348395744329008,5.526922865001286,10.164340453102929,0.6332740424392355,1.968,1.916,0.0,0.0,4.670327372074127,alpha_mono
chr22,12080152,12082152,2000,0.3705,1.9446135789424992,5.608173801131309,10.37712071612231,0.693585856004877,2.104,2.1,0.0,0.0,1.3000006198883056,alpha_mono
chr22,12084152,12086152,2000,0.363,1.9415903317774312,5.5145388131874,10.281296423388316,0.6469812727950631,2.012,1.976,0.0,0.0,2.587264355421066,alpha_mono
chr22,12088152,12090152,2000,0.3505,1.930122314410766,5.511779246036558,10.131777022070814,0.6058595817275803,1.9,1.92,0.0,0.0,0.0,alpha_mono
chr22,12092152,12094152,2000,0.366,1.9397941808124872,5.571564388049968,10.229403736064226,0.6469812727950631,2.016,1.952,0.0,0.0,2.4833342094421385,alpha_mono
chr22,12096152,12098152,2000,0.376,1.899117735863202,5.5810010736815165,10.955537640054024,0.9183844338404498,2.648,2.376,0.0,0.35,5.32,alpha_mono
chr22,12100152,12102152,2000,0.4155,1.9774890816141095,5.716518679876666,10.593512077080009,0.7648634538551805,2.292,2.228,0.0,0.0,0.0375,alpha_mono
chr22,12104152,12106152,2000,0.359,1.9373268656124925,5.5282766064500555,10.132458899457632,0.5948937974429181,1.864,1.896,0.0,0.0,4.2675,alpha_mono
chr22,12108152,12110152,2000,0.3805,1.9522379734571984,5.556680804786884,10.038328813262371,0.5921523513717527,1.876,1.872,0.0,0.0,0.0,alpha_mono
chr22,12112152,12114152,2000,0.37,1.940301451075569,5.705993913709107,10.95654266517965,0.9293502181251118,2.672,2.464,0.0,0.35,1.188888457775116,alpha_mono
chr22,12116152,12118152,2000,0.3695,1.950154417382074,5.61890374152484,10.43502268726706,0.6661713952932218,2.04,2.164,0.0,0.0,3.4072711992263796,alpha_mono
chr22,12120152,12122152,2000,0.369,1.9441257777509573,5.596074460941368,10.176649690672106,0.5894109053005872,1.904,1.944,0.0,0.0,0.0,alpha_mono
chr22,12124152,12126152,2000,0.371,1.934626548547408,5.65980599566921,10.884294204118971,0.8991943113422911,2.6,2.364,0.0,0.0,2.045454397201538,alpha_mono
chr22,12128152,12130152,2000,0.36,1.936424164254046,5.525820657491175,10.110342531906326,0.5921523513717527,1.888,1.864,0.0,0.0,1.025,alpha_mono
chr22,12132152,12134152,2000,0.3705,1.9478769488928085,5.563518705327758,10.087169444280727,0.5976352435140837,1.9,1.868,0.0,0.0,0.0,alpha_mono
chr22,12136152,12138152,2000,0.363,1.9376579710485176,5.506458359744522,10.152713259421514,0.5921523513717527,1.912,1.888,0.0,0.0,1.5672724924087524,alpha_mono
chr22,12140152,12142152,2000,0.3605,1.939995316176234,5.552637814436253,10.20004148395684,0.6305325963680699,1.94,1.94,0.0,0.0,1.5000006113052369,alpha_mono
chr22,12144152,12146152,2000,0.3625,1.9427644456742277,5.575800469868178,10.200578514444022,0.6140839199410768,1.904,1.912,0.0,0.0,0.0,alpha_mono
chr22,12148152,12150152,2000,0.369,1.947164591683568,5.56627896546379,10.167359195153615,0.6113424738699113,1.964,1.92,0.0,0.0,1.6192312247753142,alpha_mono
chr22,12152152,12154152,2000,0.3565,1.9351571898562288,5.511821069156758,10.084204192374704,0.583928013158256,1.852,1.888,0.0,0.0,0.2272727489471435,alpha_mono
chr22,12156152,12158152,2000,0.3735,1.950051440147551,5.639098740789364,10.373055692297774,0.693585856004877,2.144,2.064,0.0,0.0,1.3886364269256593,alpha_mono
chr22,12160152,12162152,2000,0.367,1.9442784774349624,5.580277214722874,10.158586357551997,0.6469812727950631,1.996,1.968,0.0,0.0,0.505,alpha_mono
chr22,12164152,12166152,2000,0.3955,1.9287263828429344,5.648392351645543,10.923623180252855,0.9211258799116152,2.676,2.424,0.0,0.0,0.43,non_satellite
chr22,12168152,12170152,2000,0.383,1.9100488951345616,5.623387374582091,10.954532614928397,0.9183844338404498,2.652,2.424,0.0,0.4,0.5749997806549072,non_satellite
chr22,12172152,12174152,2000,0.3735,1.891404882449641,5.550887850567117,10.95654266517965,0.9211258799116152,2.628,2.42,0.0,0.775,1.0892854063510895,non_satellite
chr22,12176152,12178152,2000,0.4245,1.9549611735146968,5.7634479881482275,10.947497439049,0.9266087720539464,2.684,2.444,0.0,0.0,2.788886149406433,non_satellite
chr22,12180152,12182152,2000,0.414,1.976476423668982,5.809324030217533,10.854995830991417,0.9183844338404498,2.664,2.42,0.0,0.0,1.3869071760177611,non_satellite
chr22,12184152,12186152,2000,0.4045,1.9545266274168975,5.736377725422184,10.95754769030528,0.956764678836767,2.68,2.448,0.0,0.55,0.0,non_satellite
chr22,12188152,12190152,2000,0.381,1.9549970259521472,5.735442004255279,10.958552715430908,0.9540232327656016,2.712,2.468,0.0,1.0,1.39,non_satellite
chr22,12192152,12194152,2000,0.466,1.9924039548915728,5.8215504562662135,10.845191923954053,0.9238673259827808,2.632,2.42,0.0,0.0,0.88805535364151,non_satellite
chr22,12196152,12198152,2000,0.4065,1.9095836268491464,5.538062093395083,10.762460982176446,0.8745212967018013,2.572,2.332,0.0,0.0,0.0,non_satellite
chr22,12200152,12202152,2000,0.3895,1.9611699600110963,5.763622794471228,10.95654266517965,0.962247570979098,2.748,2.464,0.0,0.25,1.0454546451568605,non_satellite
chr22,12204152,12206152,2000,0.3475,1.925346667097105,5.657631841350459,10.95754769030528,0.940316002409774,2.644,2.476,0.0,0.725,6.665703604459763,non_satellite
chr22,12208152,12210152,2000,0.4305,1.983087141296659,5.814363022722743,10.945733733016672,0.951281786694436,2.692,2.476,0.0,0.0,2.7227246923446655,non_satellite
chr22,12212152,12214152,2000,0.385,1.9572755222360376,5.733867718747681,10.955537640054022,0.9375745563386084,2.704,2.476,0.0,0.15,0.503846295595169,non_satellite
chr22,12216152,12218152,2000,0.3085,1.8439677569950552,5.453115597795902,10.95654266517965,0.89371141919996,2.572,2.408,0.0,0.875,0.4709525699615478,non_satellite
chr22,12220152,12222152,2000,0.355,1.9374777335683813,5.731579417858652,10.933206704427016,0.9375745563386084,2.712,2.468,0.0,0.0,0.83,non_satellite
chr22,12224152,12226152,2000,0.3745,1.9516665235297297,5.754335899636191,10.954532614928397,0.9704719091925946,2.716,2.46,0.0,0.1,0.0,non_satellite
chr22,12228152,12230152,2000,0.4155,1.9731316886341088,5.843825012551482,10.958552715430908,0.9732133552637602,2.752,2.492,0.0,1.0,5.2929186062812805,non_satellite
chr22,12232152,12234152,2000,0.332,1.8785607471319112,5.5386018060032125,10.9071893991452,0.904677203484622,2.6,2.428,0.0,0.0,0.2823527984619141,non_satellite
chr22,12236152,12238152,2000,0.3645,1.931387942317611,5.690997885962117,10.958552715430908,0.9266087720539464,2.664,2.436,0.0,1.0,0.9133337688446044,non_satellite
chr22,12240152,12242152,2000,0.365,1.9460532783116349,5.7524305889283,10.953527589802766,0.9293502181251118,2.672,2.488,0.0,0.125,2.5892853264808653,non_satellite
chr22,12244152,12246152,2000,0.3405,1.9232582832417384,5.700254633547704,10.95754769030528,0.9348331102674428,2.648,2.48,0.0,0.75,1.038095688343048,non_satellite
chr22,12248152,12250152,2000,0.3675,1.947382502568854,5.736770842632382,10.95654266517965,0.9348331102674428,2.648,2.456,0.0,0.325,1.577200628042221,non_satellite
chr22,12252152,12254152,2000,0.423,1.9820885992204904,5.821723199890737,10.95754769030528,0.9293502181251118,2.68,2.456,0.0,0.475,0.9083339087963104,non_satellite
chr22,12256152,12258152,2000,0.3635,1.9401580013841844,5.71825564844998,10.931417037038957,0.9266087720539464,2.676,2.46,0.0,0.0,2.9891950657367707,non_satellite
chr22,12260152,12262152,2000,0.408,1.9416601529273985,5.671753366124209,10.907296434023872,0.9156429877692842,2.584,2.44,0.0,0.0,1.942237061500549,non_satellite
chr22,12264152,12266152,2000,0.378,1.928411401727255,5.685595620755578,10.93543713754146,0.9320916641962772,2.66,2.448,0.0,0.0,1.7832138147354126,non_satellite
chr22,12268152,12270152,2000,0.4715,1.9935308727823704,5.808463284756158,10.921366785782686,0.9375745563386084,2.672,2.464,0.0,0.0,2.831578941345215,non_satellite
chr22,12272152,12274152,2000,0.436,1.9867971146963848,5.807902952793722,10.467496056873328,0.7840535763533392,2.312,2.24,0.0,0.0,4.649093928337098,non_satellite
chr22,12276152,12278152,2000,0.4605,1.832661536563899,4.954041286960066,10.3839266776877,0.7374489931435253,2.172,2.076,0.0,0.0,1.321429088115692,non_satellite
chr22,12280152,12282152,2000,0.4065,1.9733522736498992,5.817822274148269,10.899748921456728,0.9238673259827808,2.632,2.5,0.0,0.0,5.19857574892044,non_satellite
chr22,12284152,12286152,2000,0.5775,1.9791293194105803,5.7855361812268375,10.95654266517965,0.9430574484809394,2.716,2.508,0.0,0.325,0.7230771265029907,bsat
chr22,12288152,12290152,2000,0.5365,1.9786121978253792,5.835273438299436,10.95754769030528,0.9704719091925946,2.668,2.52,0.0,0.7,1.923593894958496,other_sat
chr22,12292152,12294152,2000,0.348,1.911112778034888,5.607272394261944,10.95754769030528,0.9238673259827808,2.66,2.408,0.0,0.75,0.3750001466274261,non_satellite
chr22,12296152,12298152,2000,0.4085,1.973498065150219,5.826827924226485,10.95654266517965,0.9485403406232704,2.74,2.476,0.0,0.15,1.718181209564209,non_satellite
chr22,12300152,12302152,2000,0.357,1.9366637347809892,5.556417634119321,10.18329657227654,0.6277911502969045,1.956,1.924,0.0,0.0,1.8318173265457152,alpha_mono
chr22,12304152,12306152,2000,0.362,1.938774964214948,5.564085002106992,10.254970190829091,0.6332740424392355,1.944,1.96,0.0,0.0,1.6333317289352416,alpha_mono
chr22,12308152,12310152,2000,0.356,1.9376506501544477,5.531221326827447,10.069789609613654,0.6058595817275803,1.896,1.868,0.0,0.0,0.0,alpha_hor
chr22,12312152,12314152,2000,0.3595,1.940229004664924,5.5131544314020235,9.970502559341297,0.5510306603042698,1.772,1.832,0.0,0.0,0.0,alpha_hor
chr22,12316152,12318152,2000,0.357,1.9389593738742028,5.542187970227373,10.071235373649165,0.583928013158256,1.852,1.888,0.0,0.0,0.0,alpha_hor
chr22,12320152,12322152,2000,0.3655,1.94549070997452,5.526930543405786,10.033756226787771,0.5894109053005872,1.852,1.84,0.0,0.0,3.1925,alpha_mono
chr22,12324152,12326152,2000,0.3615,1.9427754191982216,5.538487203237866,9.919001340363875,0.5482892142331043,1.788,1.82,0.0,0.0,0.0,alpha_mono
chr22,12328152,12330152,2000,0.38,1.92398339246203,5.652332579043652,10.937622321232716,0.9266087720539464,2.664,2.424,0.0,0.0,3.3899982318878172,non_satellite
chr22,12332152,12334152,2000,0.408,1.971957284078576,5.779965529934922,10.896288229077674,0.9320916641962772,2.64,2.476,0.0,0.0,5.1372692022323605,non_satellite
chr22,12336152,12338152,2000,0.3775,1.9557556116385229,5.766827782854276,10.954532614928397,0.945798894552105,2.692,2.436,0.0,0.075,1.4709090137481688,non_satellite
chr22,12340152,12342152,2000,0.446,1.981199047218242,5.768138028017151,10.949507489300252,0.9266087720539464,2.668,2.424,0.0,0.0,9.024994870185852,non_satellite
chr22,12344152,12346152,2000,0.384,1.893582291866964,5.565543113253591,10.95754769030528,0.9238673259827808,2.696,2.432,0.0,0.975,0.6499993615150451,non_satellite
chr22,12348152,12350152,2000,0.3335,1.8782068238999017,5.540638373144001,10.94233931718644,0.9156429877692842,2.624,2.412,0.0,0.0,1.5999983825683597,non_satellite
chr22,12352152,12354152,2000,0.3915,1.8957281414382237,5.600065117273575,10.955537640054024,0.9375745563386084,2.668,2.436,0.0,0.475,1.9642837285995485,non_satellite
chr22,12356152,12358152,2000,0.409,1.96768891918018,5.748682478623189,10.94698510236123,0.940316002409774,2.668,2.488,0.0,0.0,1.766664981842041,non_satellite
chr22,12360152,12362152,2000,0.368,1.9400563090118008,5.697820691827127,10.938452212918346,0.9238673259827808,2.668,2.476,0.0,0.0,0.0,non_satellite
chr22,12364152,12366152,2000,0.4395,1.9865718979094495,5.840326971873433,10.95654266517965,0.9649890170502636,2.7,2.448,0.0,0.275,0.9250018701553344,non_satellite
chr22,12368152,12370152,2000,0.44,1.9866012916744196,5.845842777464061,10.95754769030528,0.9677304631214292,2.74,2.464,0.0,0.525,0.791668267250061,non_satellite
chr22,12372152,12374152,2000,0.347,1.9162669783869315,5.6430246783792315,10.931390028091707,0.9156429877692842,2.632,2.472,0.0,0.0,1.358336079597473,non_satellite
chr22,12376152,12378152,2000,0.389,1.9533181481077624,5.684056654062105,10.888181308387049,0.9156429877692842,2.636,2.4,0.0,0.0,1.158335675239563,non_satellite
chr22,12380152,12382152,2000,0.5165,1.9963009566831016,5.811622263207989,10.913439932762152,0.9348331102674428,2.692,2.436,0.0,0.0,4.89,non_satellite
chr22,12384152,12386152,2000,0.4665,1.9923640103570996,5.809200965740297,10.95654266517965,0.9649890170502636,2.724,2.46,0.0,0.325,2.1875,non_satellite
chr22,12388152,12390152,2000,0.408,1.9357025419841067,5.6551617993323395,10.89899024055002,0.9129015416981188,2.596,2.388,0.0,0.0,0.0,non_satellite
chr22,12392152,12394152,2000,0.3825,1.938226037857535,5.725144766200258,10.912764064436557,0.9156429877692842,2.652,2.424,0.0,0.0,0.01,non_satellite
chr22,12396152,12398152,2000,0.366,1.8937123801324245,5.548607906708512,10.95252256467714,0.9238673259827808,2.66,2.424,0.0,0.175,0.5576924645900726,non_satellite
chr22,12400152,12402152,2000,0.3665,1.9455793124705696,5.741940840539892,10.95754769030528,0.9348331102674428,2.648,2.492,0.0,0.525,0.8647054452896118,non_satellite
chr22,12404152,12406152,2000,0.599,1.9653141471707636,5.708259361548047,10.928598122227678,0.904677203484622,2.62,2.46,0.0,0.0,1.3942855710983275,bsat
chr22,12408152,12410152,2000,0.33,1.9108796741061604,5.635855063869189,10.958552715430908,0.9183844338404498,2.62,2.42,0.0,1.0,2.7435409278869627,non_satellite
chr22,12412152,12414152,2000,0.4145,1.970593911390492,5.77717664404563,10.95151753955151,0.951281786694436,2.668,2.48,0.0,0.0,0.65,non_satellite
chr22,12416152,12418152,2000,0.501,1.9899295913162216,5.825480852036042,10.842462210409172,0.9375745563386084,2.632,2.48,0.0,0.0,2.1901097249984742,non_satellite
chr22,12420152,12422152,2000,0.3645,1.9403760679374704,5.560708222404372,10.13812820022249,0.583928013158256,1.892,1.896,0.0,0.0,0.0,alpha_mono
chr22,12424152,12426152,2000,0.37,1.9458578574701777,5.574678066715651,10.129424396921088,0.5921523513717527,1.884,1.896,0.0,0.0,1.4117423582077029,alpha_mono
chr22,12428152,12430152,2000,0.355,1.933542358730029,5.518901979633814,9.852650199731228,0.5811865670870906,1.792,1.82,0.0,0.0,1.2651507377624511,alpha_mono
chr22,12432152,12434152,2000,0.36,1.942653007585641,5.58974559063168,10.29492101905278,0.6442398267238976,1.968,2.068,0.0,0.0,3.8227250547409057,alpha_mono
chr22,12436152,12438152,2000,0.367,1.9459140287824428,5.541059914820146,9.931107361247944,0.5811865670870906,1.82,1.816,0.0,0.0,3.2520966556072235,alpha_mono
chr22,12440152,12442152,2000,0.378,1.889478426291968,5.545340324976486,10.954532614928397,0.9074186495557875,2.652,2.42,0.0,0.425,1.7443196878433227,alpha_mono
chr22,12444152,12446152,2000,0.383,1.956109717453256,5.691298877917711,10.570997961565263,0.7703463459975115,2.284,2.216,0.0,0.0,0.7576925208568573,alpha_mono
chr22,12448152,12450152,2000,0.3855,1.944539659098917,5.552892857403656,10.027241876514378,0.6031181356564147,1.856,1.94,0.0,0.0,1.4860693426132203,alpha_mono
chr22,12452152,12454152,2000,0.4575,1.7880459997494584,4.777908634878802,9.323314312425223,0.4715287242404697,1.56,1.556,0.0,0.0,0.2529410486221313,hsat
chr22,12456152,12458152,2000,0.475,1.7527858781783887,4.656119564379182,8.953173841781574,0.4495971556711455,1.508,1.528,0.0,0.0,0.423333535194397,hsat
chr22,12460152,12462152,2000,0.4435,1.7630136690256102,4.638289921445448,9.158222377862836,0.4550800478134765,1.532,1.492,0.0,0.0,4.868634400844574,hsat
chr22,12464152,12466152,2000,0.4655,1.7526465286102733,4.64118502765781,9.215862744318466,0.4852359545962973,1.632,1.552,0.0,0.0,0.5384616899490356,hsat
chr22,12468152,12470152,2000,0.4715,1.7752314660719817,4.707682920814697,9.061844433183262,0.4002511263901661,1.364,1.42,0.0,0.0,2.031903775691986,hsat
chr22,12472152,12474152,2000,0.4785,1.7531636298604172,4.623920356506458,9.182794930110006,0.4742701703116352,1.596,1.532,0.0,0.0,2.13363648891449,hsat
chr22,12476152,12478152,2000,0.444,1.7601205334993932,4.698118095797483,9.301141789916272,0.504426077094456,1.644,1.588,0.0,0.0,2.8916694087982178,hsat
chr22,12480152,12482152,2000,0.382,1.9523809519949775,5.5921247639773295,10.2087278706686,0.6195668120834079,1.912,1.952,0.0,0.0,1.9768940782547,alpha_mono
chr22,12484152,12486152,2000,0.369,1.9480666772745776,5.553717383208399,9.863253489334078,0.5400648760196077,1.748,1.744,0.0,0.0,1.0692310700416563,alpha_mono
chr22,12488152,12490152,2000,0.365,1.9463929854481912,5.587212381396664,10.094093336378627,0.6003766895852493,1.86,1.9,0.0,0.0,3.8034100570678713,alpha_mono
chr22,12492152,12494152,2000,0.36,1.9419493578154772,5.579844854240565,10.273834724300505,0.6387569345815666,1.972,1.964,0.0,0.0,1.7371206426620482,alpha_mono
chr22,12496152,12498152,2000,0.377,1.930259123710413,5.658610951512881,10.88514658476025,0.8854870809864634,2.596,2.412,0.0,0.0,0.0,alpha_mono
chr22,12500152,12502152,2000,0.4285,1.9221746735913772,5.6436426026865885,10.95654266517965,0.9211258799116152,2.644,2.448,0.0,0.625,10.042054622173309,alpha_mono
chr22,12504152,12506152,2000,0.368,1.9478298170188248,5.581867020409749,10.215977122021595,0.6223082581545734,1.948,1.936,0.0,0.0,1.2805551838874818,alpha_mono
chr22,12508152,12510152,2000,0.3755,1.954035669604378,5.625229411399632,10.242630721901111,0.6387569345815666,2.024,1.964,0.0,0.0,0.884117681503296,alpha_mono
chr22,12512152,12514152,2000,0.373,1.951752315763194,5.594146866978328,10.092902512706054,0.5948937974429181,1.864,1.888,0.0,0.0,0.0,alpha_mono
chr22,12516152,12518152,2000,0.3915,1.924811332951361,5.649517897151824,10.954532614928397,0.9183844338404498,2.644,2.432,0.0,0.225,4.043587789535523,alpha_mono
chr22,12520152,12522152,2000,0.356,1.9332879572354689,5.522910865038133,9.929748764299468,0.5537721063754354,1.768,1.82,0.0,0.0,1.6111095285415649,alpha_mono
chr22,12524152,12526152,2000,0.3995,1.9313645217277744,5.618469901106695,10.95754769030528,0.904677203484622,2.616,2.412,0.0,0.85,1.2419636430740355,alpha_mono
chr22,12528152,12530152,2000,0.384,1.9485749666328485,5.689855511515362,10.62825843237034,0.8059851449226634,2.384,2.276,0.0,0.0,1.0666688232421877,alpha_mono
chr22,12532152,12534152,2000,0.35,1.9197961638845145,5.484366679864394,10.190618130339832,0.6223082581545734,1.94,1.932,0.0,0.0,0.0,alpha_mono
chr22,12536152,12538152,2000,0.365,1.9433956787816185,5.628508330704021,10.479695445674553,0.751156223499353,2.256,2.164,0.0,0.0,0.0,alpha_mono
chr22,12540152,12542152,2000,0.348,1.9263967363847936,5.533423336070294,10.25216149894426,0.6332740424392355,1.964,1.94,0.0,0.0,0.0,alpha_mono
chr22,12544152,12546152,2000,0.355,1.931091003941224,5.509258540625452,10.082273565258848,0.572962228873594,1.844,1.852,0.0,0.0,0.2500000977516174,alpha_mono
chr22,12548152,12550152,2000,0.351,1.9316911728462896,5.532943112925376,10.119156022234694,0.6031181356564147,1.904,1.932,0.0,0.0,0.3058821983337402,alpha_mono
chr22,12552152,12554152,2000,0.376,1.9412409172044045,5.684976859810232,10.704821782747649,0.8443653899189807,2.428,2.328,0.0,0.0,0.4941173973083496,alpha_mono
chr22,12556152,12558152,2000,0.609,1.9623337186399443,5.812145546888934,10.958552715430908,0.962247570979098,2.66,2.512,0.0,1.0,4.469228082418442,non_satellite
chr22,12560152,12562152,2000,0.672,1.900033811635523,5.6656591746174865,10.953527589802768,0.9266087720539464,2.664,2.452,0.0,0.1,1.0886358833312988,non_satellite
chr22,12564152,12566152,2000,0.4285,1.9819499488672168,5.84219369275154,10.95754769030528,0.9649890170502636,2.736,2.492,0.0,0.45,0.392307769536972,non_satellite
chr22,12568152,12570152,2000,0.5055,1.9491766543061615,5.568542156345223,10.710025514215848,0.8608140663459738,2.456,2.308,0.0,0.0,1.2738884086608886,non_satellite
chr22,12572152,12574152,2000,0.502,1.7466906236935944,4.643311565499598,9.544665964110717,0.6277911502969045,1.952,1.82,0.0,0.0,8.284544410705566,non_satellite
chr22,12576152,12578152,2000,0.5005,1.9881136020568193,5.802740540587528,10.806213574882593,0.9074186495557875,2.612,2.38,0.0,0.0,0.66875,non_satellite
chr22,12580152,12582152,2000,0.417,1.9797501700950195,5.815743933176493,10.95754769030528,0.962247570979098,2.688,2.452,0.0,0.475,1.3839278926849363,non_satellite
chr22,12584152,12586152,2000,0.4965,1.9987516690267344,5.8637074554491235,10.955537640054024,0.956764678836767,2.664,2.5,0.0,0.1,2.8791644892692565,bsat
chr22,12588152,12590152,2000,0.618,1.9579558617297368,5.737787479664505,10.94247231342086,0.9211258799116152,2.628,2.468,0.0,0.0,1.4159091424942016,bsat
chr22,12592152,12594152,2000,0.3975,1.96778057505804,5.805435065322871,10.95252256467714,0.956764678836767,2.66,2.496,0.0,0.0,1.9704554615020753,non_satellite
chr22,12596152,12598152,2000,0.3925,1.9016210115218184,5.600348367973954,10.954532614928391,0.9211258799116152,2.672,2.408,0.0,0.375,1.425549884080887,non_satellite
chr22,12600152,12602152,2000,0.355,1.93809663419132,5.730685868602642,10.933919775728068,0.9375745563386084,2.676,2.496,0.0,0.0,0.0,non_satellite
chr22,12604152,12606152,2000,0.4465,1.9908130735692344,5.790758712173307,10.958552715430908,0.956764678836767,2.668,2.46,0.0,1.0,1.1674109125137329,non_satellite
chr22,12608152,12610152,2000,0.422,1.9585586262175103,5.732506760929982,10.907542778242805,0.9156429877692842,2.636,2.444,0.0,0.0,0.4964287655353546,non_satellite
chr22,12612152,12614152,2000,0.4245,1.9787066816119032,5.825389431892445,10.950512514425885,0.951281786694436,2.7,2.484,0.0,0.0,1.9749998409748075,non_satellite
chr22,12616152,12618152,2000,0.464,1.9954991913720672,5.816138010299569,10.919173555643685,0.940316002409774,2.68,2.444,0.0,0.0,0.0,non_satellite
chr22,12620152,12622152,2000,0.4835,1.9802900980778688,5.764969214500542,10.951517539551512,0.940316002409774,2.64,2.436,0.0,0.0,0.6581170208454132,non_satellite
chr22,12624152,12626152,2000,0.3465,1.9147205281400943,5.624081813828645,10.944349367437695,0.9293502181251118,2.632,2.448,0.0,0.0,0.8249998998641968,non_satellite
chr22,12628152,12630152,2000,0.4455,1.9879375007087992,5.844384389722893,10.95754769030528,0.951281786694436,2.724,2.452,0.0,0.525,7.908104090690613,non_satellite
chr22,12632152,12634152,2000,0.4375,1.9864392437121825,5.823124400899519,10.95754769030528,0.9649890170502636,2.696,2.476,0.0,0.5,0.645,non_satellite
chr22,12636152,12638152,2000,0.3545,1.9291691372387991,5.659359083767787,10.852151397961205,0.9074186495557875,2.624,2.404,0.0,0.0,1.37500115776062,non_satellite
chr22,12640152,12642152,2000,0.379,1.9522922388996693,5.736841061506752,10.948369467940209,0.9375745563386084,2.664,2.48,0.0,0.0,0.945,non_satellite
chr22,12644152,12646152,2000,0.323,1.856434482913396,5.502353192004745,10.94146728829523,0.8991943113422911,2.64,2.44,0.0,0.0,1.4411909844875337,non_satellite
chr22,12648152,12650152,2000,0.3865,1.9019401327495973,5.6027899951731825,10.95754769030528,0.9293502181251118,2.664,2.416,0.0,0.825,1.6906598954200744,non_satellite
chr22,12652152,12654152,2000,0.4485,1.9845612255591485,5.7776143616909135,10.947497439049002,0.9348331102674428,2.668,2.448,0.0,0.0,2.219998218536377,non_satellite
chr22,12656152,12658152,2000,0.385,1.9608293362653348,5.776988488964431,10.955537640054022,0.940316002409774,2.676,2.476,0.0,0.1,1.3736608469486236,non_satellite
chr22,12660152,12662152,2000,0.3945,1.965969579365896,5.775043363108019,10.946492413923371,0.945798894552105,2.712,2.496,0.0,0.0,2.6230761590003966,non_satellite
chr22,12664152,12666152,2000,0.3615,1.9044480442569085,5.588831418301643,10.934052771962492,0.9183844338404498,2.624,2.468,0.0,0.0,0.8741668033599853,non_satellite
chr22,12668152,12670152,2000,0.5885,1.9663976470302236,5.732559099968083,10.815326810904004,0.8909699731287946,2.512,2.372,0.0,0.0,0.6118425178527832,other_sat
chr22,12672152,12674152,2000,0.3875,1.9600735495105497,5.755173872254789,10.88811009760812,0.9101600956269532,2.624,2.424,0.0,0.0,0.578125,non_satellite
chr22,12676152,12678152,2000,0.482,1.9641446866625132,5.564318835063887,10.654047828716136,0.8416239438478151,2.436,2.284,0.0,0.0,1.5697372517585757,non_satellite
chr22,12680152,12682152,2000,0.3605,1.9421995669514112,5.726193388880695,10.930475176244514,0.9266087720539464,2.656,2.404,0.0,0.0,1.3676463675498962,non_satellite
chr22,12684152,12686152,2000,0.42,1.9791997848131708,5.812222861586161,10.855261823460248,0.888228527057629,2.564,2.456,0.0,0.0,3.2008239049911498,non_satellite
chr22,12688152,12690152,2000,0.365,1.907704327744388,5.647070970142564,10.93041201191332,0.9156429877692842,2.644,2.42,0.0,0.0,0.7612501647472382,non_satellite
chr22,12692152,12694152,2000,0.4505,1.9365495424603163,5.583262462502926,10.530817701091904,0.8196923752784909,2.44,2.344,0.0,0.0,0.0,non_satellite
chr22,12696152,12698152,2000,0.3935,1.9289308004447057,5.644589517302475,10.951517539551514,0.9183844338404498,2.632,2.416,0.0,0.025,0.0,non_satellite
chr22,12700152,12702152,2000,0.4055,1.9724476625599925,5.789817603367013,10.944678524237723,0.9485403406232704,2.684,2.48,0.0,0.0,2.0538467316627504,non_satellite
chr22,12704152,12706152,2000,0.3845,1.960498903704772,5.78327276377481,10.948502464174624,0.9595061249079324,2.684,2.492,0.0,0.0,0.0,non_satellite
chr22,12708152,12710152,2000,0.3115,1.891797790741134,5.587703691874045,10.95654266517965,0.9101600956269532,2.608,2.416,0.0,0.725,0.6923078870773316,non_satellite
chr22,12712152,12714152,2000,0.296,1.872015068767185,5.538969550704325,10.955537640054022,0.9129015416981188,2.628,2.456,0.0,0.575,0.1966667604446411,non_satellite
chr22,12716152,12718152,2000,0.37,1.945591878245527,5.737613604838588,10.954532614928391,0.940316002409774,2.708,2.472,0.0,0.05,1.9844761905670163,non_satellite
chr22,12720152,12722152,2000,0.335,1.8821109552217208,5.557386586040343,10.950133173972532,0.8991943113422911,2.612,2.4,0.0,0.025,1.3961390933990478,non_satellite
chr22,12724152,12726152,2000,0.511,1.996829415791583,5.913425021593295,10.958552715430908,0.9677304631214292,2.716,2.46,0.0,1.0,11.01839057803154,non_satellite
chr22,12728152,12730152,2000,0.396,1.9599169863799295,5.740964939121373,10.932422062164571,0.9293502181251118,2.652,2.468,0.0,0.0,0.7919050769805909,non_satellite
chr22,12732152,12734152,2000,0.3345,1.9175040845957076,5.658877879124208,10.95754769030528,0.9320916641962772,2.632,2.456,0.0,0.625,2.875318855762482,non_satellite
chr22,12736152,12738152,2000,0.314,1.854151063874469,5.484210524808492,10.95252256467714,0.9129015416981188,2.644,2.392,0.0,0.175,0.3321429870128631,non_satellite
chr22,12740152,12742152,2000,0.3715,1.9497993679005616,5.730412212157116,10.955537640054024,0.9595061249079324,2.736,2.476,0.0,0.15,1.376469892501831,non_satellite
chr22,12744152,12746152,2000,0.386,1.9592477424555397,5.760476093884984,10.953527589802768,0.940316002409774,2.672,2.492,0.0,0.0,0.3100878913402557,non_satellite
chr22,12748152,12750152,2000,0.365,1.937313954027395,5.708393540699317,10.955537640054022,0.945798894552105,2.656,2.448,0.0,0.125,0.1652573499679565,non_satellite
chr22,12752152,12754152,2000,0.358,1.912584673823695,5.628644241432782,10.953527589802768,0.945798894552105,2.66,2.448,0.0,0.15,0.0,non_satellite
chr22,12756152,12758152,2000,0.372,1.9517221788035992,5.731587499652892,10.955537640054024,0.9293502181251118,2.704,2.396,0.0,0.25,1.4022437992095946,non_satellite
chr22,12760152,12762152,2000,0.4165,1.973729032410865,5.735837220012734,10.958552715430908,0.951281786694436,2.692,2.424,0.0,1.0,4.078567305564881,non_satellite
chr22,12764152,12766152,2000,0.357,1.9390539093043515,5.65516914243151,10.595232267031095,0.7758292381398426,2.316,2.268,0.0,0.0,1.875,non_satellite
chr22,12768152,12770152,2000,0.3675,1.9440961615501595,5.573752789130254,10.11139179347817,0.5921523513717527,1.884,1.884,0.0,0.0,0.55625,non_satellite
chr22,12772152,12774152,2000,0.383,1.949674533628922,5.688840859899493,10.711464637495808,0.8059851449226634,2.388,2.348,0.0,0.0,0.0,non_satellite
chr22,12776152,12778152,2000,0.395,1.9060695465558588,5.604278969782064,10.95654266517965,0.9375745563386084,2.672,2.424,0.0,0.525,0.4777773084640503,non_satellite
chr22,12780152,12782152,2000,0.3605,1.938448574785118,5.604296105473749,10.100780976312947,0.6031181356564147,1.908,1.864,0.0,0.0,1.555,non_satellite
chr22,12784152,12786152,2000,0.3635,1.941383674436569,5.6091925798731035,10.054670162191774,0.583928013158256,1.86,1.824,0.0,0.0,3.2125005769729613,non_satellite
chr22,12788152,12790152,2000,0.3775,1.9514338539077252,5.639921526347572,10.313074603112517,0.6524641649373941,2.024,2.028,0.0,0.0,0.9166669578552246,alpha_hor
chr22,12792152,12794152,2000,0.382,1.9556371174101583,5.626910543294835,10.088785926944691,0.5592549985177664,1.828,1.884,0.0,0.0,0.938887966632843,alpha_hor
chr22,12796152,12798152,2000,0.3855,1.9578382825694975,5.642127496145328,10.005831354734456,0.5318405378061112,1.756,1.844,0.0,0.0,1.435,alpha_hor
chr22,12800152,12802152,2000,0.3835,1.9580368079868944,5.64654181750747,10.073914479845522,0.5510306603042698,1.788,1.916,0.0,0.0,4.147220579624176,alpha_hor
chr22,12804152,12806152,2000,0.39,1.962094907143405,5.665388542600264,9.981083854080117,0.5318405378061112,1.716,1.872,0.0,0.0,2.65,alpha_hor
chr22,12808152,12810152,2000,0.3885,1.96092615740937,5.669967915314535,9.995298083510582,0.5318405378061112,1.7,1.876,0.0,0.0,0.0,alpha_hor
chr22,12812152,12814152,2000,0.3875,1.958983812467002,5.663102246435088,9.925636198129578,0.5126504153079525,1.628,1.84,0.0,0.0,2.825891839027405,alpha_hor
chr22,12816152,12818152,2000,0.389,1.960572584154243,5.65704836508086,9.975707829877685,0.5400648760196077,1.728,1.84,0.0,0.0,2.44375,alpha_hor
chr22,12820152,12822152,2000,0.3905,1.9605801094754256,5.67318529787112,9.973454824853222,0.5537721063754354,1.704,1.844,0.0,0.0,4.124091238975525,alpha_hor
chr22,12824152,12826152,2000,0.3885,1.96092615740937,5.671221822200123,9.913442596343083,0.5290990917349456,1.652,1.84,0.0,0.0,0.10625,alpha_hor
chr22,12828152,12830152,2000,0.3895,1.960071807548152,5.669764331337847,10.039893157840895,0.5619964445889319,1.78,1.88,0.0,0.0,2.1714263763427732,alpha_hor
chr22,12832152,12834152,2000,0.3855,1.957838282569497,5.647566580690824,10.007418354177336,0.572962228873594,1.752,1.856,0.0,0.0,0.0,alpha_hor
chr22,12836152,12838152,2000,0.3855,1.95808482621424,5.645758871356991,10.073789890241288,0.572962228873594,1.816,1.896,0.0,0.0,2.9166725635528565,alpha_hor
chr22,12840152,12842152,2000,0.386,1.9582815780837963,5.649278783470857,9.994907335528804,0.5455477681619388,1.72,1.864,0.0,0.0,0.0,alpha_hor
chr22,12844152,12846152,2000,0.3845,1.9575491374194176,5.652446065647325,9.915384935032,0.5126504153079525,1.648,1.84,0.0,0.0,1.21428448677063,alpha_hor
chr22,12848152,12850152,2000,0.3855,1.9583413719095908,5.650663748704847,9.992262092327453,0.5400648760196077,1.7,1.864,0.0,0.0,0.0,alpha_hor
chr22,12852152,12854152,2000,0.386,1.958468615451943,5.648812240138044,10.072311907882067,0.5565135524466008,1.804,1.896,0.0,0.0,0.164285548210144,alpha_hor
chr22,12856152,12858152,2000,0.388,1.958878370803908,5.64087202828296,10.058033716517404,0.5565135524466008,1.816,1.908,0.0,0.0,3.34375,alpha_hor
chr22,12860152,12862152,2000,0.3875,1.960530923212095,5.664366252950322,10.084027895433003,0.5757036749447595,1.816,1.908,0.0,0.0,3.7619090967178344,alpha_hor
chr22,12864152,12866152,2000,0.3855,1.9593018989837947,5.66127704429186,10.078326901479247,0.5592549985177664,1.808,1.908,0.0,0.0,2.133331298828125,alpha_hor
chr22,12868152,12870152,2000,0.387,1.9608830019420709,5.6670052425815145,9.96792628954239,0.5345819838772767,1.72,1.856,0.0,0.0,1.6650002527236938,alpha_hor
chr22,12872152,12874152,2000,0.3935,1.9640827886722865,5.680254195253523,9.936254618605744,0.5263576456637802,1.68,1.832,0.0,0.0,3.3294612674713133,alpha_hor
chr22,12876152,12878152,2000,0.39,1.962990160095159,5.669744285001855,9.932563674903273,0.5071675231656215,1.652,1.844,0.0,0.0,0.0,alpha_hor
chr22,12880152,12882152,2000,0.3895,1.962288523576474,5.682339059944807,9.980634958951647,0.5373234299484422,1.728,1.844,0.0,0.0,0.0,alpha_hor
chr22,12884152,12886152,2000,0.385,1.9596194324904728,5.67432888314802,9.987750216477217,0.5290990917349456,1.74,1.864,0.0,0.0,0.0,alpha_hor
chr22,12888152,12890152,2000,0.3885,1.9599827110673993,5.6665935706080095,9.86720232500154,0.509908969236787,1.648,1.796,0.0,0.0,0.0,alpha_hor
chr22,12892152,12894152,2000,0.391,1.9627809655156756,5.680439971529352,9.971335286016457,0.5428063220907733,1.716,1.844,0.0,0.0,0.0,alpha_hor
chr22,12896152,12898152,2000,0.3895,1.9602774719098697,5.6758070721849005,9.9522317621818,0.5208747535214491,1.648,1.86,0.0,0.0,1.7,alpha_hor
chr22,12900152,12902152,2000,0.3875,1.9593896696509532,5.660998876375234,9.989280476014128,0.5510306603042698,1.724,1.852,0.0,0.0,0.5055550589561463,alpha_hor
chr22,12904152,12906152,2000,0.3855,1.9578851249257605,5.657658064470597,10.037827414149715,0.5592549985177664,1.768,1.888,0.0,0.0,5.913093014717102,alpha_hor
chr22,12908152,12910152,2000,0.3825,1.9552912027205764,5.644454056121469,10.12777979335518,0.6058595817275803,1.872,1.916,0.0,0.0,1.73125,alpha_hor
chr22,12912152,12914152,2000,0.3865,1.9595510470879904,5.649866218905473,10.018569063635756,0.5510306603042698,1.76,1.868,0.0,0.0,0.635,alpha_hor
chr22,12916152,12918152,2000,0.385,1.958376428818762,5.6478957214494026,10.084133474197875,0.578445121015925,1.856,1.896,0.0,0.0,0.4711111001968384,alpha_hor
chr22,12920152,12922152,2000,0.389,1.9618186590313729,5.669260770805127,9.983145687950651,0.5345819838772767,1.768,1.86,0.0,0.0,2.465,alpha_hor
chr22,12924152,12926152,2000,0.3865,1.9604638806676191,5.662816773042546,10.007602552758328,0.5345819838772767,1.724,1.88,0.0,0.0,4.152491300821304,alpha_hor
chr22,12928152,12930152,2000,0.38,1.9546819459801128,5.652751748827495,10.064832493876224,0.5647378906600974,1.784,1.896,0.0,0.0,2.622050941705704,alpha_hor
chr22,12932152,12934152,2000,0.391,1.9619490209200867,5.666844835884732,10.006071468801904,0.5455477681619388,1.752,1.872,0.0,0.0,0.6999993124008179,alpha_hor
chr22,12936152,12938152,2000,0.389,1.9610608819636792,5.675073294335659,9.94497416033643,0.5318405378061112,1.7,1.872,0.0,0.0,0.0,alpha_hor
chr22,12940152,12942152,2000,0.39,1.9598737794849463,5.682548080742645,10.17084504556913,0.5894109053005872,1.892,1.948,0.0,0.0,2.927279492378235,alpha_hor
chr22,12944152,12946152,2000,0.385,1.958263813539709,5.676641808996752,10.109154604121048,0.5894109053005872,1.896,1.972,0.0,0.0,0.0,alpha_hor
chr22,12948152,12950152,2000,0.388,1.958265144430112,5.6708877587901805,10.104728481444534,0.5674793367312629,1.836,1.944,0.0,0.0,4.164281504631043,alpha_hor
chr22,12952152,12954152,2000,0.3895,1.9610389371109649,5.671039130083714,10.001934193448612,0.5428063220907733,1.74,1.84,0.0,0.0,0.1,alpha_hor
chr22,12956152,12958152,2000,0.387,1.958879687640032,5.665860029873999,9.996310994891491,0.5400648760196077,1.724,1.856,0.0,0.0,3.472503487586975,alpha_hor
chr22,12960152,12962152,2000,0.387,1.9593957634300072,5.67465604441881,10.12897612777065,0.6058595817275803,1.872,1.92,0.0,0.0,1.0500021228790284,alpha_hor
chr22,12964152,12966152,2000,0.3825,1.9560577934965329,5.651286068036895,9.995126815185872,0.5482892142331043,1.732,1.86,0.0,0.0,0.0,alpha_hor
chr22,12968152,12970152,2000,0.3865,1.959999122741639,5.660393260517676,10.071107527018928,0.5619964445889319,1.78,1.92,0.0,0.0,0.6214279432296753,alpha_hor
chr22,12972152,12974152,2000,0.3795,1.954945384080191,5.645480029897847,9.918751573210164,0.5290990917349456,1.668,1.808,0.0,0.0,1.0666688232421877,alpha_hor
chr22,12976152,12978152,2000,0.3835,1.9580789318829832,5.653010803480691,9.949973850699982,0.5373234299484422,1.736,1.86,0.0,0.0,2.625,alpha_hor
chr22,12980152,12982152,2000,0.391,1.9627939775104948,5.670634120488409,9.965941674555712,0.5181333074502835,1.688,1.828,0.0,0.0,1.021153884887695,alpha_hor
chr22,12984152,12986152,2000,0.3865,1.960123791412573,5.6588994859796395,9.987424532077274,0.5208747535214491,1.724,1.844,0.0,0.0,1.1923080277442932,alpha_hor
chr22,12988152,12990152,2000,0.3885,1.959865480340868,5.674975768823848,10.003815240240444,0.5674793367312629,1.804,1.896,0.0,0.0,0.4500001266002655,alpha_hor
chr22,12992152,12994152,2000,0.3905,1.9623401503823443,5.68937959278328,9.99970273592466,0.5373234299484422,1.724,1.876,0.0,0.0,0.0,alpha_hor
chr22,12996152,12998152,2000,0.3875,1.9582819029288672,5.662190505716198,10.095790567420638,0.5674793367312629,1.796,1.912,0.0,0.0,0.7833325638771057,alpha_hor
chr22,13000152,13002152,2000,0.3935,1.9635176578626248,5.671756706630752,9.922310435316884,0.5318405378061112,1.672,1.832,0.0,0.0,3.95,alpha_hor
chr22,13004152,13006152,2000,0.3905,1.9597320162770573,5.681526775549102,10.04280467073915,0.5674793367312629,1.784,1.868,0.0,0.0,0.0,alpha_hor
chr22,13008152,13010152,2000,0.3885,1.9597569406285615,5.65853593966209,10.053427665262967,0.583928013158256,1.8,1.868,0.0,0.0,1.7,alpha_hor
chr22,13012152,13014152,2000,0.39,1.961541508437101,5.662528795170466,10.089933811048729,0.5702207828024285,1.78,1.928,0.0,0.0,2.6875,alpha_hor
chr22,13016152,13018152,2000,0.387,1.958977869392838,5.650171683513251,10.115173779050682,0.583928013158256,1.828,1.892,0.0,0.0,0.0,alpha_hor
chr22,13020152,13022152,2000,0.3885,1.959983791749249,5.649633725533557,10.112684768220843,0.5674793367312629,1.824,1.9,0.0,0.0,0.8,alpha_hor
chr22,13024152,13026152,2000,0.3895,1.959965444769451,5.652061247302182,10.155231647869291,0.5921523513717527,1.916,1.94,0.0,0.0,0.5833330059051514,alpha_hor
chr22,13028152,13030152,2000,0.385,1.9573289934266525,5.665226586192259,10.03505148932858,0.5565135524466008,1.756,1.892,0.0,0.0,0.7375,alpha_hor
chr22,13032152,13034152,2000,0.388,1.96028578161942,5.654876271313564,10.196069579186403,0.6140839199410768,1.956,1.972,0.0,0.0,0.0,alpha_hor
chr22,13036152,13038152,2000,0.3865,1.9601409460677692,5.6640908302148905,10.098965702035306,0.572962228873594,1.864,1.908,0.0,0.0,1.4499985756874083,alpha_hor
chr22,13040152,13042152,2000,0.3925,1.9620470651852044,5.6788142975828295,10.09926925766206,0.6113424738699113,1.9,1.9,0.0,0.0,1.4333319253921508,alpha_hor
chr22,13044152,13046152,2000,0.39,1.9621453625669711,5.678700372577964,10.063318327234798,0.5510306603042698,1.784,1.896,0.0,0.0,1.251288501739502,alpha_hor
chr22,13048152,13050152,2000,0.394,1.9639776633487989,5.6907391482517555,9.92211754716135,0.5153918613791181,1.664,1.824,0.0,0.0,7.2411053538322445,alpha_hor
chr22,13052152,13054152,2000,0.3895,1.9609396752202397,5.679357661785786,9.963378695195535,0.5290990917349456,1.712,1.848,0.0,0.0,0.0,alpha_hor
chr22,13056152,13058152,2000,0.3885,1.9601478899167328,5.672164852799908,10.010308042346972,0.5455477681619388,1.736,1.856,0.0,0.0,5.196135120391846,alpha_hor
chr22,13060152,13062152,2000,0.391,1.962535174348973,5.678233307058566,9.996370964050708,0.5455477681619388,1.756,1.872,0.0,0.0,4.590003713369369,alpha_hor
chr22,13064152,13066152,2000,0.392,1.960916718456216,5.675218407460399,9.908973461619857,0.5208747535214491,1.652,1.792,0.0,0.0,3.1241252381801603,alpha_hor
chr22,13068152,13070152,2000,0.3905,1.9610041392113828,5.671915712653816,9.922804219686084,0.5153918613791181,1.648,1.82,0.0,0.0,1.7685848007202147,alpha_hor
chr22,13072152,13074152,2000,0.385,1.9587119499893133,5.655998591443049,9.952994192716629,0.5373234299484422,1.716,1.852,0.0,0.0,4.656320592403412,alpha_hor
chr22,13076152,13078152,2000,0.3885,1.96012535720846,5.658769892200036,9.96243308632146,0.5263576456637802,1.676,1.84,0.0,0.0,2.9042480111122133,alpha_hor
chr22,13080152,13082152,2000,0.3855,1.958105956399658,5.655628515645882,10.073461448089924,0.5647378906600974,1.808,1.876,0.0,0.0,2.6325495018959044,alpha_hor
chr22,13084152,13086152,2000,0.388,1.9592517529264517,5.639813374321808,9.949233134166588,0.5208747535214491,1.688,1.808,0.0,0.0,3.635821990251541,alpha_hor
chr22,13088152,13090152,2000,0.386,1.958468615451943,5.666806354033881,10.119614642563464,0.572962228873594,1.872,1.916,0.0,0.0,5.076052229642868,alpha_hor
chr22,13092152,13094152,2000,0.3845,1.9576745375596425,5.635774950934593,9.994038070105248,0.5455477681619388,1.78,1.844,0.0,0.0,9.526520834684373,alpha_hor
chr22,13096152,13098152,2000,0.3865,1.9596971202479176,5.662187044140907,10.035916927885845,0.5811865670870906,1.784,1.908,0.0,0.0,4.689653476715088,alpha_hor
chr22,13100152,13102152,2000,0.3865,1.9585174110198185,5.66676034815566,10.142713850329354,0.5948937974429181,1.904,1.972,0.0,0.0,1.0690668613910674,alpha_hor
chr22,13104152,13106152,2000,0.392,1.961443223234476,5.658085730162962,9.870935671705237,0.4989431849521249,1.604,1.784,0.0,0.0,3.9344320416450502,alpha_hor
chr22,13108152,13110152,2000,0.392,1.9620005989322145,5.678174199290258,10.01798615357962,0.5455477681619388,1.76,1.86,0.0,0.0,1.2833322200775146,alpha_hor
chr22,13112152,13114152,2000,0.3815,1.9542942221842048,5.641188566453516,9.864839250118887,0.5071675231656215,1.612,1.792,0.0,0.0,3.9454534530639647,alpha_hor
chr22,13116152,13118152,2000,0.3925,1.9628514334510427,5.673444927315019,10.007222553794186,0.5455477681619388,1.776,1.836,0.0,0.0,0.70625,alpha_hor
chr22,13120152,13122152,2000,0.388,1.9609411966438368,5.663990559004289,9.9261541007418,0.5181333074502835,1.68,1.856,0.0,0.0,3.8777739686965944,alpha_hor
chr22,13124152,13126152,2000,0.3935,1.9638778157239525,5.6936461029066,9.984071151805008,0.5290990917349456,1.712,1.832,0.0,0.0,1.3,alpha_hor
chr22,13128152,13130152,2000,0.3855,1.958872407284251,5.656508045739598,9.87595760787764,0.5016846310232904,1.612,1.804,0.0,0.0,1.265,alpha_hor
chr22,13132152,13134152,2000,0.388,1.959421717025419,5.6684238912904785,9.86402145855375,0.504426077094456,1.652,1.764,0.0,0.0,2.154545559883118,alpha_hor
chr22,13136152,13138152,2000,0.3905,1.961039651600288,5.668552818256742,9.91558440780516,0.5126504153079525,1.64,1.8,0.0,0.0,0.0,alpha_hor
chr22,13140152,13142152,2000,0.3905,1.9597656950173368,5.67226528890367,9.866244116732336,0.4989431849521249,1.58,1.792,0.0,0.0,2.172220088481903,alpha_hor
chr22,13144152,13146152,2000,0.3895,1.9599252610458568,5.662988000945974,9.828883496780875,0.5071675231656215,1.596,1.756,0.0,0.0,1.788887131690979,alpha_hor
chr22,13148152,13150152,2000,0.3915,1.9611838988968144,5.662009931570337,9.835504139801476,0.5016846310232904,1.576,1.764,0.0,0.0,5.755454568862915,alpha_hor
chr22,13152152,13154152,2000,0.389,1.9597721853379009,5.653458909246607,9.851178525353795,0.4962017388809594,1.584,1.76,0.0,0.0,1.2545445728302005,alpha_hor
chr22,13156152,13158152,2000,0.385,1.9578194395898751,5.651253525642536,9.931515797923396,0.5153918613791181,1.644,1.832,0.0,0.0,4.527975522756576,alpha_hor
chr22,13160152,13162152,2000,0.3885,1.9598418855086697,5.649521757011981,9.871226473460585,0.5016846310232904,1.652,1.78,0.0,0.0,1.6273816287517548,alpha_hor
chr22,13164152,13166152,2000,0.3865,1.9594223664370376,5.662504973162907,9.96246794536096,0.5318405378061112,1.704,1.832,0.0,0.0,1.402703377246857,alpha_hor
chr22,13168152,13170152,2000,0.3875,1.960042019535908,5.671448033891686,9.97772824119129,0.5318405378061112,1.684,1.84,0.0,0.0,2.0163754122257234,alpha_hor
chr22,13172152,13174152,2000,0.3875,1.9604955910494843,5.6648058360435645,9.95677899634618,0.5181333074502835,1.704,1.812,0.0,0.0,0.8833337545394897,alpha_hor
chr22,13176152,13178152,2000,0.3925,1.962982062832059,5.684255181126766,9.9638919676222,0.5236161995926146,1.704,1.808,0.0,0.0,3.4087616763114927,alpha_hor
chr22,13180152,13182152,2000,0.3895,1.9616830998007384,5.684219728879218,10.004333363942893,0.5455477681619388,1.744,1.844,0.0,0.0,5.6426465382575985,alpha_hor
chr22,13184152,13186152,2000,0.3945,1.9643559026312207,5.694646172042765,9.943252148372888,0.5071675231656215,1.668,1.82,0.0,0.0,5.4349670264720915,alpha_hor
chr22,13188152,13190152,2000,0.3865,1.9589420248160532,5.671785417206222,9.969459965341526,0.5290990917349456,1.716,1.836,0.0,0.0,7.7027962992191314,alpha_hor
chr22,13192152,13194152,2000,0.3875,1.95905684615959,5.674204439846764,9.85196297334248,0.5016846310232904,1.608,1.764,0.0,0.0,4.82623574590683,alpha_hor
chr22,13196152,13198152,2000,0.3925,1.962020746869071,5.675273854022931,9.93318746032492,0.5181333074502835,1.68,1.812,0.0,0.0,0.5467034552097321,alpha_hor
chr22,13200152,13202152,2000,0.3895,1.9594195125587408,5.678321785167612,9.975535365518493,0.5455477681619388,1.712,1.82,0.0,0.0,5.442222289800644,alpha_hor
chr22,13204152,13206152,2000,0.39,1.9603620169612397,5.667777023617195,9.886038666049176,0.5181333074502835,1.644,1.772,0.0,0.0,4.713330694198609,alpha_hor
chr22,13208152,13210152,2000,0.389,1.9596681135477407,5.669496058835187,9.929090494448424,0.5208747535214491,1.648,1.8,0.0,0.0,3.875446296453476,alpha_hor
chr22,13212152,13214152,2000,0.3885,1.9588003975646295,5.660667441409957,9.933434817520846,0.5263576456637802,1.664,1.8,0.0,0.0,2.9709524846076967,alpha_hor
chr22,13216152,13218152,2000,0.3865,1.958775816007968,5.658505324040641,9.949733591824083,0.5153918613791181,1.66,1.812,0.0,0.0,4.167509662628174,alpha_hor
chr22,13220152,13222152,2000,0.389,1.959359560068084,5.655053948106561,9.886592065111412,0.504426077094456,1.652,1.788,0.0,0.0,2.060926734447479,alpha_hor
chr22,13224152,13226152,2000,0.3905,1.9623431307924164,5.6719806657863465,9.920103143952646,0.5016846310232904,1.632,1.816,0.0,0.0,4.315909266471863,alpha_hor
chr22,13228152,13230152,2000,0.3875,1.96000197478142,5.661940778534129,9.871621989763776,0.504426077094456,1.572,1.764,0.0,0.0,1.682777259349823,alpha_hor
chr22,13232152,13234152,2000,0.3865,1.959708878416652,5.669466301836605,9.94866794474469,0.5373234299484422,1.676,1.808,0.0,0.0,0.6883331532478333,alpha_hor
chr22,13236152,13238152,2000,0.3895,1.9613475383652836,5.680631313959704,9.993546560553115,0.5455477681619388,1.748,1.828,0.0,0.0,3.115592893600464,alpha_hor
chr22,13240152,13242152,2000,0.393,1.964152571862502,5.684474953255451,9.864019055268583,0.4907188467386283,1.592,1.792,0.0,0.0,1.171427387237549,alpha_hor
chr22,13244152,13246152,2000,0.3935,1.9638516469037168,5.691307029819736,9.835413086498926,0.4797530624539662,1.552,1.764,0.0,0.0,0.6636364269256592,alpha_hor
chr22,13248152,13250152,2000,0.391,1.9617572277811075,5.675126550365272,9.82214978300388,0.4852359545962973,1.572,1.756,0.0,0.0,2.57280287194252,alpha_hor
chr22,13252152,13254152,2000,0.389,1.959487466595766,5.681344353410163,9.96172122643886,0.5236161995926146,1.712,1.812,0.0,0.0,1.6499974422454835,alpha_hor
chr22,13256152,13258152,2000,0.39,1.960295427181196,5.674895080783438,9.974643029866575,0.5345819838772767,1.716,1.828,0.0,0.0,0.490625,alpha_hor
chr22,13260152,13262152,2000,0.3935,1.9617960766456823,5.680195195794866,9.861999142273298,0.5071675231656215,1.596,1.78,0.0,0.0,0.5666669368743896,alpha_hor
chr22,13264152,13266152,2000,0.3905,1.9606210327879932,5.665270813494929,9.845835567499687,0.504426077094456,1.576,1.792,0.0,0.0,0.8090909862518311,alpha_hor
chr22,13268152,13270152,2000,0.3915,1.961329852621665,5.664857874484305,9.855908939405932,0.5126504153079525,1.584,1.788,0.0,0.0,0.0,alpha_hor
chr22,13272152,13274152,2000,0.39,1.9598791204545176,5.659349997008656,9.882452940929106,0.5071675231656215,1.604,1.808,0.0,0.0,2.812498635292054,alpha_hor
chr22,13276152,13278152,2000,0.39,1.9606612423673655,5.656288829248365,9.880378734469918,0.5016846310232904,1.596,1.796,0.0,0.0,3.9964253149032594,alpha_hor
chr22,13280152,13282152,2000,0.3905,1.960932832559284,5.6665412522736816,9.845363191538794,0.4989431849521249,1.608,1.776,0.0,0.0,1.500003032684326,alpha_hor
chr22,13284152,13286152,2000,0.391,1.9625730798814889,5.670609858438999,9.862865516569467,0.5016846310232904,1.58,1.772,0.0,0.0,2.0416707944869996,alpha_hor
chr22,13288152,13290152,2000,0.389,1.9613511384884912,5.668452258219633,9.858124464226885,0.509908969236787,1.6,1.78,0.0,0.0,0.0,alpha_hor
chr22,13292152,13294152,2000,0.39,1.9620933252548984,5.670758400412401,9.821441806125408,0.4907188467386283,1.56,1.752,0.0,0.0,0.0,alpha_hor
chr22,13296152,13298152,2000,0.3925,1.9619289320878968,5.664882595909579,9.892304577912965,0.504426077094456,1.608,1.784,0.0,0.0,2.30625,alpha_hor
chr22,13300152,13302152,2000,0.39,1.962303250428767,5.664626335312411,9.88882285840831,0.509908969236787,1.632,1.776,0.0,0.0,1.9214266290664672,alpha_hor
chr22,13304152,13306152,2000,0.3905,1.9622484442630153,5.671360408502079,9.878899899326148,0.5126504153079525,1.616,1.788,0.0,0.0,1.0500021228790284,alpha_hor
chr22,13308152,13310152,2000,0.3905,1.9616496637341632,5.6735020518760795,9.993792904772034,0.5318405378061112,1.72,1.844,0.0,0.0,1.8666648864746096,alpha_hor
chr22,13312152,13314152,2000,0.3915,1.9623191168853575,5.689279845217875,9.965263352523309,0.5537721063754354,1.736,1.828,0.0,0.0,1.161668469429016,alpha_hor
chr22,13316152,13318152,2000,0.393,1.9627834837923703,5.6867802653263935,9.854194398333732,0.4907188467386283,1.568,1.788,0.0,0.0,2.5785688219070435,alpha_hor
chr22,13320152,13322152,2000,0.3915,1.962110224066751,5.683402749662376,9.850101076482254,0.4934602928097938,1.608,1.776,0.0,0.0,2.807140474319458,alpha_hor
chr22,13324152,13326152,2000,0.392,1.960464819156505,5.673326293698142,9.890996800479858,0.4907188467386283,1.604,1.788,0.0,0.0,0.0,alpha_hor
chr22,13328152,13330152,2000,0.3885,1.9604285590373336,5.659713829769434,9.89409360789048,0.5016846310232904,1.612,1.792,0.0,0.0,0.0,alpha_hor
chr22,13332152,13334152,2000,0.3865,1.9596477348019727,5.658077680196159,9.904907834466032,0.5153918613791181,1.644,1.804,0.0,0.0,0.882638457775116,alpha_hor
chr22,13336152,13338152,2000,0.3895,1.9610743859786803,5.662921643149068,9.880537553924178,0.5181333074502835,1.624,1.784,0.0,0.0,1.2691664266586304,alpha_hor
chr22,13340152,13342152,2000,0.3915,1.9604817084555697,5.667086615690096,9.899474572039283,0.5181333074502835,1.632,1.796,0.0,0.0,0.7689102103710175,alpha_hor
chr22,13344152,13346152,2000,0.3865,1.9585812103125433,5.646448407569863,9.869749754489936,0.5071675231656215,1.56,1.772,0.0,0.0,1.1000001049041748,alpha_hor
chr22,13348152,13350152,2000,0.387,1.9591774482243347,5.647789599134619,9.89401680437062,0.5181333074502835,1.648,1.796,0.0,0.0,1.0624999508857726,alpha_hor
chr22,13352152,13354152,2000,0.387,1.9585909072533736,5.644215821311233,9.857284981309093,0.4879774006674628,1.592,1.76,0.0,0.0,2.78,alpha_hor
chr22,13356152,13358152,2000,0.39,1.9608009657248344,5.665590891382059,9.886795170477164,0.5016846310232904,1.628,1.788,0.0,0.0,6.7875,alpha_hor
chr22,13360152,13362152,2000,0.387,1.9595123216468289,5.653345480343269,9.916298470982944,0.5153918613791181,1.644,1.804,0.0,0.0,0.0,alpha_hor
chr22,13364152,13366152,2000,0.3885,1.9591964713748309,5.645904133767091,9.835010896907445,0.4934602928097938,1.564,1.752,0.0,0.0,0.3388885560035705,alpha_hor
chr22,13368152,13370152,2000,0.3895,1.9598600190038815,5.645381432959983,9.852259418260395,0.4989431849521249,1.6,1.768,0.0,0.0,0.9333324165344238,alpha_hor
chr22,13372152,13374152,2000,0.387,1.958650925450908,5.6548731086297765,9.887242963958016,0.5181333074502835,1.616,1.772,0.0,0.0,1.9942865009307864,alpha_hor
chr22,13376152,13378152,2000,0.3885,1.9598159307072571,5.646923814286435,9.831707894562234,0.4962017388809594,1.552,1.764,0.0,0.0,2.269375410079956,alpha_hor
chr22,13380152,13382152,2000,0.3875,1.9594654203291344,5.650774218057155,9.93921203943802,0.5208747535214491,1.656,1.812,0.0,0.0,1.0507348957061768,alpha_hor
chr22,13384152,13386152,2000,0.3875,1.9584377537557844,5.646287489710392,9.920171242513977,0.5181333074502835,1.688,1.808,0.0,0.0,1.68198476934433,alpha_hor
chr22,13388152,13390152,2000,0.3895,1.961676610615022,5.680731314294833,9.956724814201644,0.5181333074502835,1.672,1.836,0.0,0.0,2.0152935309410096,alpha_hor
chr22,13392152,13394152,2000,0.3865,1.958017001455689,5.645688613651861,9.90648579713294,0.509908969236787,1.608,1.78,0.0,0.0,1.2068180704116822,alpha_hor
chr22,13396152,13398152,2000,0.3895,1.960928642779576,5.65145051151702,9.833644086054017,0.4852359545962973,1.552,1.748,0.0,0.0,0.0,alpha_hor
chr22,13400152,13402152,2000,0.3895,1.9599781927845852,5.661698547307969,9.871962665411608,0.4962017388809594,1.62,1.768,0.0,0.0,1.3972214636802671,alpha_hor
chr22,13404152,13406152,2000,0.3865,1.9601409460677688,5.668264048621882,9.988462761687098,0.5236161995926146,1.68,1.824,0.0,0.0,0.4928566446304321,alpha_hor
chr22,13408152,13410152,2000,0.388,1.9609052707910544,5.677600534078614,9.982726386770423,0.5345819838772767,1.704,1.836,0.0,0.0,2.35,alpha_hor
chr22,13412152,13414152,2000,0.3875,1.9588502661650848,5.645257948103563,9.83079913264894,0.5016846310232904,1.584,1.76,0.0,0.0,0.0,alpha_hor
chr22,13416152,13418152,2000,0.3875,1.959026116954521,5.653224243416582,9.89385456865414,0.5071675231656215,1.64,1.78,0.0,0.0,1.5125,alpha_hor
chr22,13420152,13422152,2000,0.388,1.960889947470004,5.657435469181259,9.863767062170831,0.4989431849521249,1.588,1.756,0.0,0.0,0.0,alpha_hor
chr22,13424152,13426152,2000,0.389,1.960477876696757,5.663813714641298,9.831982652295196,0.4962017388809594,1.572,1.768,0.0,0.0,2.930955382347107,alpha_hor
chr22,13428152,13430152,2000,0.392,1.962522034139787,5.666227865422149,9.835245999506649,0.4934602928097938,1.576,1.768,0.0,0.0,1.1375,alpha_hor
chr22,13432152,13434152,2000,0.3935,1.962798008260705,5.6831214002287505,9.903969883492229,0.5181333074502835,1.648,1.808,0.0,0.0,2.002677589416504,alpha_hor
chr22,13436152,13438152,2000,0.3945,1.9635605332034969,5.684760541278296,9.859294290095225,0.4907188467386283,1.568,1.776,0.0,0.0,0.81875,alpha_hor
chr22,13440152,13442152,2000,0.3905,1.961488263424052,5.679948913113858,9.886727515052645,0.4989431849521249,1.628,1.772,0.0,0.0,1.2333358268737793,alpha_hor
chr22,13444152,13446152,2000,0.392,1.961832385006613,5.681208500980166,9.839732832807536,0.4907188467386283,1.564,1.772,0.0,0.0,0.0,alpha_hor
chr22,13448152,13450152,2000,0.392,1.9617708011783268,5.679356285184991,9.860881516344564,0.5071675231656215,1.612,1.792,0.0,0.0,0.0,alpha_hor
chr22,13452152,13454152,2000,0.3935,1.961736600113334,5.678382271793581,9.829302797961134,0.4879774006674628,1.548,1.764,0.0,0.0,0.0,alpha_hor
chr22,13456152,13458152,2000,0.39,1.961716704645918,5.668038294226977,9.83550039588959,0.4934602928097938,1.588,1.764,0.0,0.0,1.6714279432296753,alpha_hor
chr22,13460152,13462152,2000,0.39,1.9613147128759516,5.664066918768568,9.83289199548122,0.509908969236787,1.6,1.756,0.0,0.0,1.7249988012313844,alpha_hor
chr22,13464152,13466152,2000,0.3885,1.9597150891386097,5.65306359181114,9.845441043073253,0.4989431849521249,1.564,1.768,0.0,0.0,1.704166208267212,alpha_hor
chr22,13468152,13470152,2000,0.3895,1.9604381779000952,5.653337590925692,9.85616834725712,0.4989431849521249,1.588,1.784,0.0,0.0,2.527775294780731,alpha_hor
chr22,13472152,13474152,2000,0.3875,1.9584377537557849,5.641887047879659,9.82916668379282,0.4879774006674628,1.568,1.744,0.0,0.0,1.1715271611213685,alpha_hor
chr22,13476152,13478152,2000,0.3885,1.959468910846355,5.6590663143015885,9.827671727980745,0.4852359545962973,1.584,1.756,0.0,0.0,0.4888884086608887,alpha_hor
chr22,13480152,13482152,2000,0.389,1.9610360868854688,5.6584619084706365,9.848667462988834,0.4962017388809594,1.572,1.76,0.0,0.0,1.242307939529419,alpha_hor
chr22,13484152,13486152,2000,0.3865,1.9588984408319523,5.658450850951021,9.862642985000386,0.5071675231656215,1.584,1.764,0.0,0.0,2.513636269569397,alpha_hor
chr22,13488152,13490152,2000,0.3935,1.9628532280483053,5.672351904821039,9.835284581357811,0.4962017388809594,1.584,1.756,0.0,0.0,4.84697039604187,alpha_hor
chr22,13492152,13494152,2000,0.393,1.9633882352036152,5.689739062427183,9.96556974885582,0.5400648760196077,1.716,1.852,0.0,0.0,0.0,alpha_hor
chr22,13496152,13498152,2000,0.3925,1.9621943356926357,5.689374951782104,9.9897170278753,0.5428063220907733,1.736,1.844,0.0,0.0,0.999999017715454,alpha_hor
chr22,13500152,13502152,2000,0.3925,1.9633907009924187,5.692884761439426,9.95128670049913,0.5181333074502835,1.692,1.828,0.0,0.0,1.255554862499237,alpha_hor
chr22,13504152,13506152,2000,0.389,1.9599158815818076,5.675527298948274,9.980212046279124,0.5400648760196077,1.736,1.836,0.0,0.0,0.0,alpha_hor
chr22,13508152,13510152,2000,0.391,1.9616017357083475,5.680952143850129,9.938130160370903,0.5208747535214491,1.696,1.804,0.0,0.0,1.15,alpha_hor
chr22,13512152,13514152,2000,0.3925,1.961319941985625,5.680780994328676,9.909508641729486,0.5126504153079525,1.632,1.808,0.0,0.0,1.4055541749000549,alpha_hor
chr22,13516152,13518152,2000,0.3875,1.9593429321244935,5.665869182533902,9.942559389548792,0.5236161995926146,1.684,1.808,0.0,0.0,2.2714262909889222,alpha_hor
chr22,13520152,13522152,2000,0.388,1.9597942107506825,5.662065704842156,9.896429315725184,0.5181333074502835,1.644,1.78,0.0,0.0,0.57,alpha_hor
chr22,13524152,13526152,2000,0.3855,1.9582502125854544,5.655521308423447,9.961033009129702,0.5263576456637802,1.672,1.816,0.0,0.0,0.8357134408950806,alpha_hor
chr22,13528152,13530152,2000,0.3885,1.9592483769512896,5.655825798359802,9.904945391907688,0.5208747535214491,1.656,1.78,0.0,0.0,0.0,alpha_hor
chr22,13532152,13534152,2000,0.388,1.9593043548671785,5.652133487694695,9.93509970103096,0.5126504153079525,1.668,1.8,0.0,0.0,0.0,alpha_hor
chr22,13536152,13538152,2000,0.3865,1.9583522462871912,5.660346295223402,9.912552158985427,0.5236161995926146,1.688,1.788,0.0,0.0,1.62,alpha_hor
chr22,13540152,13542152,2000,0.388,1.9605687286241933,5.666004703017376,9.96100807218346,0.5153918613791181,1.668,1.828,0.0,0.0,1.1125,alpha_hor
chr22,13544152,13546152,2000,0.385,1.9582663294296463,5.666819506780102,9.978774905204157,0.5592549985177664,1.748,1.844,0.0,0.0,0.8214277410507203,alpha_hor
chr22,13548152,13550152,2000,0.3915,1.9620203248110968,5.666414525940847,9.845714173067432,0.4934602928097938,1.592,1.764,0.0,0.0,0.0,alpha_hor
chr22,13552152,13554152,2000,0.394,1.9641301881628703,5.686010184603287,9.842747902468188,0.4907188467386283,1.592,1.756,0.0,0.0,0.0,alpha_hor
chr22,13556152,13558152,2000,0.395,1.9640901868873637,5.690828974685864,9.873061086227272,0.4934602928097938,1.608,1.788,0.0,0.0,5.28,alpha_hor
chr22,13560152,13562152,2000,0.393,1.9638207532634493,5.688549955778529,9.793211456545995,0.4770116163828007,1.532,1.732,0.0,0.0,3.911902827262878,alpha_hor
chr22,13564152,13566152,2000,0.393,1.962214895833708,5.677270927903253,9.811948266138971,0.4879774006674628,1.548,1.756,0.0,0.0,0.0,alpha_hor
chr22,13568152,13570152,2000,0.3945,1.9638274552030768,5.68397936304496,9.812187582603434,0.4934602928097938,1.56,1.748,0.0,0.0,1.2928558359146118,alpha_hor
chr22,13572152,13574152,2000,0.393,1.961839691711727,5.677914935801923,9.827842287373102,0.4824945085251318,1.544,1.764,0.0,0.0,0.0,alpha_hor
chr22,13576152,13578152,2000,0.391,1.9618235703356148,5.671438234080512,9.821186534901384,0.4962017388809594,1.556,1.78,0.0,0.0,3.228571500778198,alpha_hor
chr22,13580152,13582152,2000,0.389,1.9601000846971792,5.661480493627708,9.830262650901629,0.5016846310232904,1.564,1.768,0.0,0.0,0.0,alpha_hor
chr22,13584152,13586152,2000,0.3925,1.9626238606939868,5.674839123404998,9.843509263888194,0.504426077094456,1.592,1.776,0.0,0.0,1.47,alpha_hor
chr22,13588152,13590152,2000,0.3935,1.961736600113334,5.675169987194508,9.851960049682384,0.5071675231656215,1.596,1.772,0.0,0.0,2.8874997806549074,alpha_hor
chr22,13592152,13594152,2000,0.391,1.9609803187220969,5.664363999358948,9.80694807745708,0.4989431849521249,1.54,1.748,0.0,0.0,1.566666159152985,alpha_hor
chr22,13596152,13598152,2000,0.3865,1.9587334861131345,5.661063449322965,9.885545617428845,0.5208747535214491,1.644,1.8,0.0,0.0,2.261109724998474,alpha_hor
chr22,13600152,13602152,2000,0.3905,1.960658229578008,5.659008625094766,9.90550287396403,0.5071675231656215,1.612,1.8,0.0,0.0,0.0,alpha_hor
chr22,13604152,13606152,2000,0.3895,1.9600420022304816,5.652865314970251,9.850738938513132,0.4989431849521249,1.592,1.752,0.0,0.0,1.7680546169281006,alpha_hor
chr22,13608152,13610152,2000,0.392,1.961263807174592,5.672560476408547,9.8105855593799,0.5016846310232904,1.568,1.776,0.0,0.0,0.0,alpha_hor
chr22,13612152,13614152,2000,0.389,1.9600752896189684,5.6735410531950015,9.95019184075416,0.5126504153079525,1.684,1.788,0.0,0.0,0.0,alpha_hor
chr22,13616152,13618152,2000,0.3895,1.959824564807796,5.672211635803373,9.932788111439226,0.5126504153079525,1.64,1.808,0.0,0.0,0.0,alpha_hor
chr22,13620152,13622152,2000,0.393,1.9625001695853328,5.675169807148765,9.859283706986291,0.5071675231656215,1.58,1.784,0.0,0.0,2.155,alpha_hor
chr22,13624152,13626152,2000,0.389,1.959969305000538,5.664691749377941,9.82853149084272,0.4989431849521249,1.572,1.76,0.0,0.0,0.625,alpha_hor
chr22,13628152,13630152,2000,0.3925,1.9627236204390155,5.678416644909272,9.82648672385561,0.4907188467386283,1.58,1.768,0.0,0.0,1.100002223968506,alpha_hor
chr22,13632152,13634152,2000,0.392,1.9609440095345947,5.685599391618907,9.933374854077904,0.5236161995926146,1.676,1.804,0.0,0.0,0.0,alpha_hor
chr22,13636152,13638152,2000,0.392,1.962004450495539,5.668295638579875,9.710005909931343,0.4550800478134765,1.44,1.704,0.0,0.0,1.62,alpha_hor
chr22,13640152,13642152,2000,0.39,1.9604720167948233,5.674213320914681,9.83499930082151,0.4962017388809594,1.592,1.764,0.0,0.0,1.62,alpha_hor
chr22,13644152,13646152,2000,0.393,1.9633497966046844,5.673563695034263,9.828562031962424,0.504426077094456,1.564,1.784,0.0,0.0,2.18666953086853,alpha_hor
chr22,13648152,13650152,2000,0.3925,1.9607010410406391,5.674497489504125,9.887302655889156,0.509908969236787,1.62,1.784,0.0,0.0,0.0,alpha_hor
chr22,13652152,13654152,2000,0.3925,1.9614775891463752,5.662938971069559,9.692251282042102,0.4578214938846421,1.412,1.688,0.0,0.0,4.2,alpha_hor
chr22,13656152,13658152,2000,0.3895,1.9603848381612992,5.675801527092553,9.857033708576267,0.4962017388809594,1.576,1.78,0.0,0.0,0.0,alpha_hor
chr22,13660152,13662152,2000,0.394,1.963105491323936,5.673363652009443,9.827249951993494,0.4879774006674628,1.564,1.772,0.0,0.0,0.9125,alpha_hor
chr22,13664152,13666152,2000,0.391,1.9601855603619744,5.677360316919881,9.92166154132402,0.5318405378061112,1.672,1.796,0.0,0.0,4.32,alpha_hor
chr22,13668152,13670152,2000,0.3905,1.960727570146092,5.678374987368532,9.89454167859944,0.5290990917349456,1.668,1.796,0.0,0.0,1.785,alpha_hor
chr22,13672152,13674152,2000,0.3915,1.9590271561392256,5.655786674662799,9.623821820971925,0.4249241410306558,1.344,1.58,0.0,0.0,0.0,alpha_hor
chr22,13676152,13678152,2000,0.3925,1.961555487740461,5.676271254548055,9.945333415119334,0.5236161995926146,1.688,1.804,0.0,0.0,6.642850427627564,alpha_hor
chr22,13680152,13682152,2000,0.3935,1.9623316502037476,5.675138229920553,9.827917413688878,0.4989431849521249,1.564,1.752,0.0,0.0,3.815002678871154,alpha_hor
chr22,13684152,13686152,2000,0.389,1.9604578051717627,5.662002763447674,9.827701959339544,0.5016846310232904,1.592,1.76,0.0,0.0,1.63,alpha_hor
chr22,13688152,13690152,2000,0.387,1.9592009837596756,5.653250628578875,9.85737749644172,0.5016846310232904,1.6,1.768,0.0,0.0,1.6267848405838012,alpha_hor
chr22,13692152,13694152,2000,0.3885,1.959339296950667,5.647703374262777,9.909917776121087,0.509908969236787,1.624,1.8,0.0,0.0,1.4583362817764285,alpha_hor
chr22,13696152,13698152,2000,0.3865,1.9585647485263933,5.650633712438884,9.9265064050083,0.5126504153079525,1.64,1.808,0.0,0.0,0.78,alpha_hor
chr22,13700152,13702152,2000,0.3895,1.960001826272084,5.654002716494198,9.857863517307552,0.4907188467386283,1.624,1.772,0.0,0.0,0.0,alpha_hor
chr22,13704152,13706152,2000,0.3895,1.9613971665137475,5.663827179985358,9.85171618598675,0.5016846310232904,1.584,1.784,0.0,0.0,0.0,alpha_hor
chr22,13708152,13710152,2000,0.3875,1.959552214065992,5.657189129974102,9.827090522901477,0.4934602928097938,1.56,1.748,0.0,0.0,2.1624995555877686,alpha_hor
chr22,13712152,13714152,2000,0.393,1.962843059023184,5.669876524352488,9.835733836668748,0.4907188467386283,1.58,1.764,0.0,0.0,1.725003487586975,alpha_hor
chr22,13716152,13718152,2000,0.396,1.9646939232930047,5.692423590347738,9.84224397241062,0.4989431849521249,1.604,1.776,0.0,0.0,1.241669177055359,alpha_hor
chr22,13720152,13722152,2000,0.3955,1.9642724115847936,5.691859321560725,9.85861210866378,0.4962017388809594,1.588,1.776,0.0,0.0,1.3875,alpha_hor
chr22,13724152,13726152,2000,0.392,1.9621726644211404,5.684724527985132,9.84175266284846,0.5016846310232904,1.6,1.764,0.0,0.0,2.075,alpha_hor
chr22,13728152,13730152,2000,0.3935,1.9630974545127675,5.683124250698509,9.83465396817166,0.4879774006674628,1.564,1.752,0.0,0.0,5.8625,alpha_hor
chr22,13732152,13734152,2000,0.3925,1.962020746869071,5.681957882757029,9.864509295715862,0.5208747535214491,1.652,1.776,0.0,0.0,0.0,alpha_hor
chr22,13736152,13738152,2000,0.392,1.9611073582157912,5.675278453128094,9.819910860304908,0.4797530624539662,1.536,1.744,0.0,0.0,0.0,alpha_hor
chr22,13740152,13742152,2000,0.39,1.9607063539561056,5.665573232564448,9.808460150574144,0.4962017388809594,1.568,1.752,0.0,0.0,3.486605279922485,alpha_hor
chr22,13744152,13746152,2000,0.3865,1.9587499478992847,5.6597112076353,9.887920211159315,0.5181333074502835,1.624,1.776,0.0,0.0,0.0,alpha_hor
chr22,13748152,13750152,2000,0.389,1.960345170916287,5.657887216018693,9.911993438694086,0.5208747535214491,1.596,1.784,0.0,0.0,3.18,alpha_hor
chr22,13752152,13754152,2000,0.387,1.9585117869053033,5.653308422871204,9.90730322851562,0.5263576456637802,1.656,1.8,0.0,0.0,0.89,alpha_hor
chr22,13756152,13758152,2000,0.3865,1.9583287283874449,5.646204264316032,9.909035684495892,0.504426077094456,1.652,1.804,0.0,0.0,1.51666522026062,alpha_hor
chr22,13760152,13762152,2000,0.388,1.9594356549608587,5.669019708779876,9.933047076153564,0.5126504153079525,1.688,1.804,0.0,0.0,1.4999984836578368,alpha_hor
chr22,13764152,13766152,2000,0.3905,1.96207783747421,5.662781880774017,9.830220076275502,0.4934602928097938,1.564,1.764,0.0,0.0,0.0,alpha_hor
chr22,13768152,13770152,2000,0.3885,1.960218674539584,5.661404060501331,9.82684417868254,0.5016846310232904,1.556,1.748,0.0,0.0,1.0916688737869262,alpha_hor
chr22,13772152,13774152,2000,0.393,1.9623863998349471,5.67794725152083,9.97257119415982,0.5455477681619388,1.744,1.84,0.0,0.0,2.542854572296142,alpha_hor
chr22,13776152,13778152,2000,0.3955,1.965152740964381,5.697793675272765,9.93581304956011,0.5208747535214491,1.672,1.828,0.0,0.0,0.0,alpha_hor
chr22,13780152,13782152,2000,0.396,1.9645601390362983,5.6947000045850285,9.8466080266873,0.4907188467386283,1.58,1.776,0.0,0.0,0.5500000524520874,alpha_hor
chr22,13784152,13786152,2000,0.3925,1.963336073864297,5.68933214027616,9.85388070273486,0.4934602928097938,1.596,1.776,0.0,0.0,2.254545669555664,alpha_hor
chr22,13788152,13790152,2000,0.3935,1.9623742443537848,5.680568200218331,9.816847063104722,0.4934602928097938,1.576,1.752,0.0,0.0,0.0,alpha_hor
chr22,13792152,13794152,2000,0.3915,1.961721549871332,5.674204144921162,9.831900975442997,0.4962017388809594,1.584,1.756,0.0,0.0,0.8785705404281616,alpha_hor
chr22,13796152,13798152,2000,0.3915,1.9606744698285576,5.669729867620294,9.876579654241173,0.4962017388809594,1.584,1.756,0.0,0.0,0.0,alpha_hor
chr22,13800152,13802152,2000,0.39,1.9609083058727448,5.667641565448376,9.92544334977159,0.5126504153079525,1.644,1.8,0.0,0.0,0.0,alpha_hor
chr22,13804152,13806152,2000,0.39,1.9610031627044795,5.665287147061986,9.845874149350845,0.5126504153079525,1.612,1.784,0.0,0.0,1.6255495672225952,alpha_hor
chr22,13808152,13810152,2000,0.389,1.960122517938666,5.665235138130525,9.901404534928108,0.5126504153079525,1.62,1.8,0.0,0.0,0.5833331108093261,alpha_hor
chr22,13812152,13814152,2000,0.3885,1.9591775961149305,5.655461018409562,9.866208452825038,0.5126504153079525,1.616,1.784,0.0,0.0,2.8870875325202943,alpha_hor
chr22,13816152,13818152,2000,0.391,1.960171955682691,5.651395727847183,9.826375109213004,0.4934602928097938,1.588,1.756,0.0,0.0,1.293333429336548,alpha_hor
chr22,13820152,13822152,2000,0.393,1.962925025654342,5.676831868339355,9.858297615461902,0.5016846310232904,1.616,1.78,0.0,0.0,0.8612502050399781,alpha_hor
chr22,13824152,13826152,2000,0.388,1.9601004525151229,5.65782510595923,9.85328271276021,0.4989431849521249,1.584,1.772,0.0,0.0,1.4166662063598632,alpha_hor
chr22,13828152,13830152,2000,0.3875,1.959869955083648,5.660288976859627,9.819864835335244,0.4962017388809594,1.56,1.76,0.0,0.0,0.6409091520309448,alpha_hor
chr22,13832152,13834152,2000,0.3915,1.96183062483236,5.677919686669785,9.962237035526726,0.5428063220907733,1.708,1.816,0.0,0.0,0.75625,alpha_hor
chr22,13836152,13838152,2000,0.3905,1.9618272161156145,5.686492143925121,9.974115258794132,0.5400648760196077,1.72,1.84,0.0,0.0,1.7642839307785034,alpha_hor
chr22,13840152,13842152,2000,0.394,1.9637690539124768,5.693251070181402,9.959516090453135,0.509908969236787,1.684,1.824,0.0,0.0,0.7333348159790039,alpha_hor
chr22,13844152,13846152,2000,0.3865,1.9593306506088088,5.6786157387193725,9.987973274137468,0.5510306603042698,1.752,1.836,0.0,0.0,0.92,alpha_hor
chr22,13848152,13850152,2000,0.391,1.9611564521923277,5.6812385271046155,9.932476509364712,0.5153918613791181,1.688,1.808,0.0,0.0,3.108339617729187,alpha_hor
chr22,13852152,13854152,2000,0.3925,1.9629108120517904,5.683229933777511,9.889149540401272,0.5126504153079525,1.636,1.788,0.0,0.0,0.7555548133850097,alpha_hor
chr22,13856152,13858152,2000,0.3905,1.9601009959293911,5.677976203496759,9.984664866060312,0.5428063220907733,1.712,1.816,0.0,0.0,0.0166666603088378,alpha_hor
chr22,13860152,13862152,2000,0.389,1.9606080353184243,5.667920683067026,9.90831137157512,0.509908969236787,1.652,1.808,0.0,0.0,0.6545455169677734,alpha_hor
chr22,13864152,13866152,2000,0.3865,1.9584227974866772,5.662834953857622,9.922717851750562,0.5263576456637802,1.664,1.808,0.0,0.0,0.6454546070098877,alpha_hor
chr22,13868152,13870152,2000,0.3885,1.959750480030055,5.65818960377377,9.925037378019187,0.5236161995926146,1.664,1.804,0.0,0.0,0.0,alpha_hor
chr22,13872152,13874152,2000,0.388,1.9591728158511128,5.652450538215867,9.912350482916985,0.5153918613791181,1.652,1.796,0.0,0.0,0.0,alpha_hor
chr22,13876152,13878152,2000,0.388,1.9586048942025984,5.64840139027875,9.906862766833852,0.5263576456637802,1.664,1.812,0.0,0.0,1.033335422515869,alpha_hor
chr22,13880152,13882152,2000,0.391,1.9611047020091317,5.672851750417899,9.89114624407595,0.5181333074502835,1.628,1.796,0.0,0.0,0.0,alpha_hor
chr22,13884152,13886152,2000,0.3895,1.959923834158599,5.657004570261034,9.845865632949792,0.4907188467386283,1.544,1.756,0.0,0.0,0.7416681661605835,alpha_hor
chr22,13888152,13890152,2000,0.392,1.9612942542583545,5.67242510120558,9.890629339056776,0.509908969236787,1.62,1.764,0.0,0.0,0.4750009603500366,alpha_hor
chr22,13892152,13894152,2000,0.39,1.960408965780163,5.666631909353839,9.869325191429896,0.5153918613791181,1.612,1.776,0.0,0.0,0.0,alpha_hor
chr22,13896152,13898152,2000,0.3895,1.960583364074457,5.659175256112045,9.896319440140743,0.5153918613791181,1.628,1.784,0.0,0.0,1.8571409797668457,alpha_hor
chr22,13900152,13902152,2000,0.3895,1.9604121826683103,5.655483811467342,9.907155712535166,0.509908969236787,1.608,1.8,0.0,0.0,0.0,alpha_hor
chr22,13904152,13906152,2000,0.388,1.9591728158511128,5.648640002306175,9.834232567750842,0.4797530624539662,1.552,1.748,0.0,0.0,0.4461539716720581,alpha_hor
chr22,13908152,13910152,2000,0.3905,1.9600512836722772,5.6591115579339775,9.840934954237676,0.4962017388809594,1.636,1.776,0.0,0.0,0.9769233517646788,alpha_hor
chr22,13912152,13914152,2000,0.389,1.9610833152051663,5.669296207582681,9.87059585455818,0.4962017388809594,1.612,1.788,0.0,0.0,0.36875,alpha_hor
chr22,13916152,13918152,2000,0.385,1.9579303602494271,5.656494145314214,9.861088060029086,0.5071675231656215,1.588,1.764,0.0,0.0,1.9099986276626584,alpha_hor
chr22,13920152,13922152,2000,0.3865,1.9586699887400008,5.66656017890476,9.909065644342842,0.5318405378061112,1.688,1.82,0.0,0.0,1.550000129699707,alpha_hor
chr22,13924152,13926152,2000,0.3925,1.9627521218325936,5.68581334585923,9.88853655346252,0.504426077094456,1.644,1.792,0.0,0.0,0.0,alpha_hor
chr22,13928152,13930152,2000,0.3915,1.9626649727245016,5.681662694176676,9.906548297237112,0.4989431849521249,1.64,1.792,0.0,0.0,0.0,alpha_hor
chr22,13932152,13934152,2000,0.3895,1.9603848381612992,5.685056350114554,9.942498407412591,0.5345819838772767,1.716,1.804,0.0,0.0,1.01,alpha_hor
chr22,13936152,13938152,2000,0.393,1.9618607127560193,5.683199229452027,9.922322335447396,0.5290990917349456,1.692,1.788,0.0,0.0,0.0,alpha_hor
chr22,13940152,13942152,2000,0.391,1.9611860683256657,5.686067254666847,9.984615319817514,0.5208747535214491,1.712,1.836,0.0,0.0,1.7375,alpha_hor
chr22,13944152,13946152,2000,0.3945,1.963182256985564,5.683952481199922,9.932318549367588,0.5290990917349456,1.684,1.824,0.0,0.0,0.0,alpha_hor
chr22,13948152,13950152,2000,0.3945,1.9636907653176547,5.688402909663078,9.89551551552712,0.5263576456637802,1.656,1.8,0.0,0.0,3.98332953453064,alpha_hor
chr22,13952152,13954152,2000,0.389,1.9600752896189684,5.668338810644797,9.87538979312396,0.5263576456637802,1.628,1.792,0.0,0.0,1.62,alpha_hor
chr22,13956152,13958152,2000,0.39,1.9604692791884704,5.656339333532873,9.886521846209222,0.5153918613791181,1.616,1.776,0.0,0.0,0.0,alpha_hor
chr22,13960152,13962152,2000,0.3875,1.957772229424368,5.658329067475125,9.860970907827094,0.504426077094456,1.568,1.776,0.0,0.0,0.0,alpha_hor
chr22,13964152,13966152,2000,0.386,1.9577353189287507,5.653152282575668,9.948737997738167,0.5318405378061112,1.712,1.82,0.0,0.0,0.6090909671783448,alpha_hor
chr22,13968152,13970152,2000,0.386,1.9577353189287507,5.656804636422881,9.933348178073484,0.5071675231656215,1.696,1.816,0.0,0.0,0.705554862499237,alpha_hor
chr22,13972152,13974152,2000,0.384,1.9590004228080695,5.653059504623955,10.094667620262856,0.5592549985177664,1.84,1.884,0.0,0.0,1.933331434249878,alpha_hor
chr22,13976152,13978152,2000,0.383,1.9570005789074751,5.642313041830303,9.989449296348276,0.5345819838772767,1.74,1.864,0.0,0.0,1.6,alpha_hor
chr22,13980152,13982152,2000,0.388,1.9612704767025788,5.657572089873205,10.067178014033331,0.5537721063754354,1.808,1.872,0.0,0.0,0.0,alpha_hor
chr22,13984152,13986152,2000,0.394,1.9632042876938365,5.683698668493076,10.103835702655813,0.5647378906600974,1.836,1.916,0.0,0.0,1.8275,alpha_hor
chr22,13988152,13990152,2000,0.39,1.9612987045343535,5.680815886045788,10.078089844447886,0.5428063220907733,1.764,1.872,0.0,0.0,2.1500002050399782,alpha_hor
chr22,13992152,13994152,2000,0.3935,1.963060218015842,5.689693367427198,9.864214944322327,0.5071675231656215,1.632,1.784,0.0,0.0,1.300000123977661,alpha_hor
chr22,13996152,13998152,2000,0.3925,1.9617380679445864,5.67983681763942,9.858462969112248,0.5016846310232904,1.596,1.792,0.0,0.0,1.158181858062744,alpha_hor
chr22,14000152,14002152,2000,0.3905,1.960334200689916,5.6827944156496795,9.987877126412302,0.5345819838772767,1.704,1.812,0.0,0.0,0.7166659626960754,alpha_hor
chr22,14004152,14006152,2000,0.3915,1.9601855988100243,5.678413282040483,9.903869438947488,0.5153918613791181,1.632,1.78,0.0,0.0,0.79375,alpha_hor
chr22,14008152,14010152,2000,0.3915,1.9616105321145685,5.669580698238236,9.861391289554668,0.509908969236787,1.616,1.796,0.0,0.0,1.37,alpha_hor
chr22,14012152,14014152,2000,0.3885,1.959339296950667,5.6549601647805785,9.8408209420261,0.509908969236787,1.604,1.764,0.0,0.0,0.89,alpha_hor
chr22,14016152,14018152,2000,0.391,1.9609425904024735,5.661883213479907,9.882686658936358,0.509908969236787,1.604,1.796,0.0,0.0,0.9555546169281006,alpha_hor
chr22,14020152,14022152,2000,0.388,1.95912684580612,5.6505821324862335,9.863269522457207,0.5153918613791181,1.62,1.768,0.0,0.0,0.4395454549789429,alpha_hor
chr22,14024152,14026152,2000,0.388,1.959580864504426,5.650749716618289,9.889421563031611,0.504426077094456,1.62,1.788,0.0,0.0,1.295832839012146,alpha_hor
chr22,14028152,14030152,2000,0.3895,1.960102532978508,5.659289101096953,9.918031031017826,0.504426077094456,1.648,1.8,0.0,0.0,0.4000001125335693,alpha_hor
chr22,14032152,14034152,2000,0.389,1.9608581800154563,5.666012114031127,9.946791826466743,0.5290990917349456,1.684,1.828,0.0,0.0,4.731001564979553,alpha_hor
chr22,14036152,14038152,2000,0.388,1.9596280156397787,5.6661424033550745,9.885065881303843,0.5126504153079525,1.6,1.784,0.0,0.0,2.2146053659915923,alpha_hor
chr22,14040152,14042152,2000,0.3895,1.962146716308272,5.662598383782227,10.098940100862022,0.5592549985177664,1.84,1.872,0.0,0.0,2.07840874671936,alpha_hor
chr22,14044152,14046152,2000,0.392,1.9630100431069288,5.678391234084552,10.04821762640519,0.5537721063754354,1.796,1.884,0.0,0.0,0.0,alpha_hor
chr22,14048152,14050152,2000,0.3915,1.9618612259623545,5.682054163758759,9.99471721084094,0.5318405378061112,1.72,1.848,0.0,0.0,1.118661031246185,alpha_hor
chr22,14052152,14054152,2000,0.3905,1.962049429628741,5.683673136068163,9.959907115662988,0.5208747535214491,1.696,1.852,0.0,0.0,1.0501837491989137,alpha_hor
chr22,14056152,14058152,2000,0.3875,1.9589777558659016,5.673393682978751,10.137927022472397,0.5921523513717527,1.876,1.964,0.0,0.0,0.7952393124103546,alpha_hor
chr22,14060152,14062152,2000,0.393,1.9621186504579011,5.681465050164823,9.94251312143234,0.5236161995926146,1.708,1.808,0.0,0.0,0.7945454692840577,alpha_hor
chr22,14064152,14066152,2000,0.392,1.9610456545600845,5.678335347042548,9.899820181917285,0.5208747535214491,1.64,1.788,0.0,0.0,1.4886360359191897,alpha_hor
chr22,14068152,14070152,2000,0.388,1.9595242809256697,5.661063248405011,9.903018076999423,0.5126504153079525,1.656,1.82,0.0,0.0,0.5958331060409546,alpha_hor
chr22,14072152,14074152,2000,0.385,1.958111485877975,5.659069556936803,10.102295851886742,0.583928013158256,1.832,1.928,0.0,0.0,0.66875,alpha_hor
chr22,14076152,14078152,2000,0.387,1.9587874559883385,5.653059388909202,9.933255824681822,0.5318405378061112,1.664,1.804,0.0,0.0,2.056248736381531,alpha_hor
chr22,14080152,14082152,2000,0.389,1.9596445009694337,5.6535744607662695,9.873736317142296,0.4962017388809594,1.588,1.768,0.0,0.0,1.0285703887939452,alpha_hor
chr22,14084152,14086152,2000,0.3855,1.9572655836447064,5.64431480484988,9.880930450611848,0.5016846310232904,1.64,1.796,0.0,0.0,0.0,alpha_hor
chr22,14088152,14090152,2000,0.388,1.9592619195630785,5.6689290132614305,9.942753096407596,0.5126504153079525,1.664,1.82,0.0,0.0,0.7833325862884521,alpha_hor
chr22,14092152,14094152,2000,0.389,1.9606080353184243,5.670117886124445,9.901638285468136,0.5208747535214491,1.648,1.792,0.0,0.0,2.48333270072937,alpha_hor
chr22,14096152,14098152,2000,0.386,1.958847779243703,5.6607810864480275,9.9312926573088,0.5236161995926146,1.648,1.796,0.0,0.0,0.0,alpha_hor
chrX,57373479,57375479,2000,0.3525,1.9280579001404194,5.573185418767467,10.683254102075004,0.7703463459975115,2.344,2.228,0.0,0.0,0.0,alpha_mono
chrX,57377479,57379479,2000,0.356,1.9316291093764533,5.600870253197075,10.555074861041577,0.7374489931435253,2.248,2.156,0.0,0.0,1.7125,alpha_mono
chrX,57381479,57383479,2000,0.4925,1.9898380018302253,5.52083345959436,10.346056875714627,0.6798786256490493,2.08,1.988,0.0,0.0,1.2916692781448365,other_sat
chrX,57385479,57387479,2000,0.4985,1.9987634150955809,5.716886336785014,10.547661113413593,0.751156223499353,2.188,2.128,0.0,0.0,0.2571425971984863,other_sat
chrX,57389479,57391479,2000,0.4595,1.9872523726400562,5.6555944987231666,10.470256864402794,0.7155174245742011,2.164,2.068,0.0,0.0,2.55,other_sat
chrX,57393479,57395479,2000,0.372,1.9248951925361266,5.6389618905178,10.95754769030528,0.9211258799116152,2.66,2.408,0.0,0.8,0.0,non_satellite
chrX,57397479,57399479,2000,0.4215,1.9817099375208904,5.792334643382657,10.710905672509147,0.8169509292073254,2.376,2.276,0.0,0.0,1.099998888015747,other_sat
chrX,57401479,57403479,2000,0.465,1.9829948517367202,5.628124368737081,10.458787571629472,0.7264832088588632,2.176,2.06,0.0,0.0,0.6772727918624878,other_sat
chrX,57405479,57407479,2000,0.4575,1.9809604954803988,5.663245938287382,10.573928235314412,0.7429318852858563,2.24,2.096,0.0,0.0,0.9999991416931152,other_sat
chrX,57409479,57411479,2000,0.424,1.9294664310267897,5.675674264293513,10.94649241392337,0.9320916641962773,2.676,2.436,0.0,0.0,0.0,other_sat
chrX,57413479,57415479,2000,0.4075,1.9479479508864643,5.715025249990212,10.945487388797746,0.9238673259827808,2.652,2.42,0.0,0.0,1.3730773093700408,other_sat
chrX,57417479,57419479,2000,0.4665,1.9907776864415498,5.714181521055708,10.570614302102689,0.7758292381398426,2.336,2.152,0.0,0.0,2.48,other_sat
chrX,57421479,57423479,2000,0.468,1.990070082733593,5.688714348905084,10.373579602816736,0.7347075470723597,2.164,2.024,0.0,0.0,0.0,other_sat
chrX,57425479,57427479,2000,0.464,1.9854378899151526,5.630950781887708,10.411827753471115,0.7018101942183735,2.14,2.0,0.0,0.0,0.0,other_sat
chrX,57429479,57431479,2000,0.472,1.986149808151728,5.587680605924056,10.157630794056129,0.6387569345815666,2.008,1.92,0.0,0.0,1.295,other_sat
chrX,57433479,57435479,2000,0.4165,1.9639699924894336,5.739501430437502,10.862055589350836,0.8964528652711256,2.576,2.44,0.0,0.0,3.429064696788788,other_sat
chrX,57437479,57439479,2000,0.474,1.9913986780953998,5.643656209983496,10.360599523978676,0.6826200717202149,2.084,2.032,0.0,0.0,1.850003740310669,other_sat
chrX,57441479,57443479,2000,0.479,1.9902476492424128,5.632941717316274,10.47510662862767,0.7182588706453666,2.18,2.06,0.0,0.0,0.6388882613182068,other_sat
chrX,57445479,57447479,2000,0.4195,1.9781028749089953,5.778049863215358,10.800591477973084,0.8443653899189807,2.436,2.332,0.0,0.0,0.77,other_sat
chrX,57449479,57451479,2000,0.376,1.9520351732111616,5.688189253291743,10.7826097996486,0.8333996056343186,2.48,2.332,0.0,0.0,0.529166464805603,alpha_mono
chrX,57453479,57455479,2000,0.3945,1.9652491684745472,5.776996525651505,10.94448236367212,0.945798894552105,2.676,2.516,0.0,0.0,0.0,alpha_mono
chrX,57457479,57459479,2000,0.362,1.9381505291400527,5.662821379562217,10.71994734328538,0.8087265909938288,2.376,2.308,0.0,0.0,1.1999992561340331,alpha_mono
chrX,57461479,57463479,2000,0.348,1.9159494075304826,5.60679130826018,10.850411831272107,0.8635555124171392,2.496,2.352,0.0,0.0,1.0363632392883302,alpha_mono
chrX,57465479,57467479,2000,0.3485,1.9306015636794582,5.588648743735888,10.741863829007947,0.7895364684956702,2.384,2.228,0.0,0.0,0.7827272939682007,alpha_mono
chrX,57469479,57471479,2000,0.347,1.9291935183922266,5.588692364562069,10.545678072109581,0.7538976695705184,2.244,2.128,0.0,0.0,1.7534711198806763,alpha_mono
chrX,57473479,57475479,2000,0.344,1.9272231618303743,5.588470716228919,10.654932312194058,0.7758292381398426,2.292,2.188,0.0,0.0,0.0,alpha_mono
chrX,57477479,57479479,2000,0.3555,1.9366204798709372,5.608405690673982,10.60063006554051,0.7401904392146909,2.268,2.112,0.0,0.0,1.2125,alpha_mono
chrX,57481479,57483479,2000,0.3495,1.9320599311790994,5.6009523533470915,10.67025193977305,0.7538976695705184,2.316,2.224,0.0,0.0,1.4333319664001465,alpha_mono
chrX,57485479,57487479,2000,0.4035,1.9677990628320403,5.752851891706883,10.737430380248616,0.8087265909938288,2.388,2.276,0.0,0.0,2.175,other_sat
chrX,57489479,57491479,2000,0.4645,1.985538457749548,5.6792854384185585,10.478147021241154,0.7182588706453666,2.176,2.088,0.0,0.0,0.0,other_sat
chrX,57493479,57495479,2000,0.465,1.982066771384826,5.620826878388477,10.4520849945007,0.6771371795778838,2.1,1.988,0.0,0.0,0.0,other_sat
chrX,57497479,57499479,2000,0.492,1.9813322983484136,5.566302283654531,10.046508017481335,0.5592549985177664,1.824,1.804,0.0,0.0,0.0,other_sat
chrX,57501479,57503479,2000,0.473,1.9815157615393382,5.589412991731558,10.385081239704164,0.6798786256490493,2.128,2.02,0.0,0.0,1.4051280591487885,other_sat
chrX,57505479,57507479,2000,0.4725,1.9826522303455216,5.659542752011869,10.536761085783551,0.7456733313570219,2.26,2.14,0.0,0.0,2.062501756668091,other_sat
chrX,57509479,57511479,2000,0.464,1.9869346933436316,5.648171093803874,10.351349950083817,0.7127759785030356,2.156,2.048,0.0,0.0,0.9052201261520386,other_sat
chrX,57513479,57515479,2000,0.469,1.9936705395715584,5.711799771268068,10.541677623806843,0.7429318852858563,2.244,2.124,0.0,0.0,3.237499445915222,other_sat
chrX,57517479,57519479,2000,0.342,1.9222130960464678,5.58048997553625,10.69426137128231,0.7730877920686771,2.332,2.224,0.0,0.0,0.537499794960022,alpha_mono
chrX,57521479,57523479,2000,0.3495,1.9318193237384362,5.627055613509229,10.693165404173493,0.7867950224245047,2.32,2.252,0.0,0.0,1.5625,alpha_mono
chrX,57525479,57527479,2000,0.466,1.9805320115667706,5.629363315311667,10.437443042853863,0.699068748147208,2.116,2.056,0.0,0.0,0.0,other_sat
chrX,57529479,57531479,2000,0.4715,1.9851959577625227,5.608036096868084,10.404414151204138,0.693585856004877,2.156,2.048,0.0,0.0,2.0388868861198426,other_sat
chrX,57533479,57535479,2000,0.481,1.9847243407338868,5.697056611484363,10.552316253382322,0.7593805617128495,2.268,2.144,0.0,0.0,0.76875,other_sat
chrX,57537479,57539479,2000,0.4785,1.9871200230180293,5.668029063459004,10.439082331366057,0.7018101942183735,2.164,2.012,0.0,0.0,0.12142844867706298,other_sat
chrX,57541479,57543479,2000,0.465,1.9899624476669904,5.676731551060426,10.580828176482818,0.7210003167165322,2.216,2.092,0.0,0.0,0.0,other_sat
chrX,57545479,57547479,2000,0.461,1.9846450106306477,5.633601507451198,10.480684039245594,0.7210003167165322,2.192,2.024,0.0,0.0,0.0,other_sat
chrX,57549479,57551479,2000,0.4745,1.986331314882652,5.642424791769588,10.396680294134164,0.6963273020760424,2.088,1.972,0.0,0.0,1.0875,other_sat
chrX,57553479,57555479,2000,0.5595,1.98679878964616,5.779212552232655,10.700108259193982,0.7895364684956702,2.356,2.312,0.0,0.0,2.408331805229187,gsat
chrX,57557479,57559479,2000,0.587,1.975306469434186,5.729785455995634,10.761142486282623,0.8142094831361599,2.416,2.264,0.0,0.0,3.1309524507522584,gsat
chrX,57561479,57563479,2000,0.605,1.9608909514863353,5.692663944167102,10.568705465767247,0.7456733313570219,2.22,2.2,0.0,0.0,0.0,gsat
chrX,57565479,57567479,2000,0.614,1.9608276640827387,5.696536973174118,10.82522441767592,0.8416239438478151,2.48,2.396,0.0,0.0,0.894444302558899,gsat
chrX,57569479,57571479,2000,0.614,1.9526235761894057,5.605744147017814,10.657847020264278,0.7703463459975115,2.3,2.208,0.0,0.0,2.9754546976089475,gsat
chrX,57573479,57575479,2000,0.625,1.9463298040147639,5.561377995771103,10.654949866919594,0.7538976695705184,2.308,2.208,0.0,0.0,0.0,gsat
chrX,57577479,57579479,2000,0.6185,1.9544427316159336,5.56503671027263,10.598410874045777,0.7347075470723597,2.244,2.18,0.0,0.0,1.145,gsat
chrX,57581479,57583479,2000,0.6185,1.9484238281413735,5.565762353914751,10.701283483529474,0.7676048999263461,2.296,2.224,0.0,0.0,0.61,gsat
chrX,57585479,57587479,2000,0.6135,1.946253953649751,5.589062919174698,10.71118109030143,0.7922779145668357,2.348,2.196,0.0,0.0,1.2645455074310303,gsat
chrX,57589479,57591479,2000,0.5815,1.9676263851624634,5.614822650553059,10.747617100139372,0.7922779145668357,2.376,2.292,0.0,0.0,1.8719184913635254,gsat
chrX,57593479,57595479,2000,0.3775,1.9554605827846105,5.633766587390893,10.309352852494735,0.6743957335067183,2.064,2.06,0.0,0.0,3.10125,alpha_mono
chrX,57597479,57599479,2000,0.3595,1.9376859579615215,5.593278520631147,10.018492508978946,0.578445121015925,1.8,1.848,0.0,0.0,1.0,alpha_mono
chrX,57601479,57603479,2000,0.3595,1.9364623866145094,5.602679642932223,10.495883597211932,0.7210003167165322,2.192,2.116,0.0,0.0,0.7883327603340149,alpha_mono
chrX,57605479,57607479,2000,0.359,1.939113960691703,5.608203564327782,10.564428133892294,0.7292246549300287,2.252,2.152,0.0,0.0,0.0,alpha_mono
chrX,57609479,57611479,2000,0.3665,1.9454296938084252,5.642384646195414,10.510831349512618,0.7182588706453666,2.172,2.116,0.0,0.0,0.0,alpha_mono
chrX,57613479,57615479,2000,0.3695,1.9486977544733415,5.640370469134759,10.559334992657202,0.7374489931435253,2.272,2.176,0.0,0.0,0.0,alpha_mono
chrX,57617479,57619479,2000,0.3685,1.94463784072346,5.609463455982525,10.55847870219526,0.7264832088588632,2.212,2.16,0.0,0.0,0.6204545211791992,alpha_mono
chrX,57621479,57623479,2000,0.3705,1.9499721414994489,5.626932844762422,10.479982902689565,0.704551640289539,2.16,2.096,0.0,0.0,0.8038099064826966,alpha_mono
chrX,57625479,57627479,2000,0.3795,1.9313529680642136,5.6618950988818995,10.92601257095746,0.9074186495557877,2.632,2.392,0.0,0.0,0.39615395760536193,alpha_mono
chrX,57629479,57631479,2000,0.3695,1.9474314233191048,5.6388643152743505,10.6882069152766,0.7648634538551805,2.332,2.224,0.0,0.0,0.0,alpha_mono
chrX,57633479,57635479,2000,0.366,1.9422705042607278,5.599241686448914,10.62736501617106,0.7210003167165322,2.212,2.16,0.0,0.0,0.6416664218902588,alpha_mono
chrX,57637479,57639479,2000,0.3675,1.9440291604203086,5.605526350762089,10.471558072534858,0.7237417627876976,2.196,2.156,0.0,0.0,1.169999508857727,alpha_mono
chrX,57641479,57643479,2000,0.3685,1.9448951284759382,5.6503216116704005,10.50774244945755,0.7292246549300287,2.236,2.088,0.0,0.0,0.0,alpha_mono
chrX,57645479,57647479,2000,0.3585,1.9355061124195632,5.6256036130130855,10.477071832928097,0.7264832088588632,2.192,2.1,0.0,0.0,0.0,alpha_mono
chrX,57649479,57651479,2000,0.3515,1.929994604315919,5.58058860736068,10.50572608610044,0.7100345324318701,2.176,2.072,0.0,0.0,4.69,alpha_mono
chrX,57653479,57655479,2000,0.3685,1.9443525668673203,5.631664299344459,10.324577178291442,0.6661713952932218,2.064,2.016,0.0,0.0,0.0,alpha_mono
chrX,57657479,57659479,2000,0.365,1.9371953459423321,5.628839818364912,10.480958056638828,0.7264832088588632,2.176,2.116,0.0,0.0,0.0,alpha_mono
chrX,57661479,57663479,2000,0.3635,1.940845331551077,5.626883298200473,10.414230964998543,0.6881029638625459,2.124,2.06,0.0,0.0,0.0,alpha_mono
chrX,57665479,57667479,2000,0.359,1.9400113454362626,5.589627047192095,10.601419281850617,0.7538976695705184,2.236,2.18,0.0,0.0,0.81,alpha_mono
chrX,57669479,57671479,2000,0.3685,1.9442905163462343,5.62126279015612,10.424049946238132,0.6881029638625459,2.108,2.072,0.0,0.0,2.019443762302399,alpha_mono
chrX,57673479,57675479,2000,0.365,1.942725076921934,5.601984557347012,10.421358378782482,0.6661713952932218,2.076,2.028,0.0,0.0,0.6499993615150451,alpha_mono
chrX,57677479,57679479,2000,0.366,1.9447697628149305,5.642198116226619,10.40706133677093,0.6963273020760424,2.128,2.036,0.0,0.0,0.0,alpha_mono
chrX,57681479,57683479,2000,0.368,1.9443625548224754,5.64987735675145,10.467123522127904,0.6963273020760424,2.148,2.12,0.0,0.0,3.139283374786377,alpha_mono
chrX,57685479,57687479,2000,0.358,1.9308531766978465,5.596088242162176,10.264921530892538,0.6277911502969045,1.976,1.98,0.0,0.0,2.408332896232605,alpha_mono
chrX,57689479,57691479,2000,0.3555,1.9370471627888197,5.6232374496279975,10.732703161368434,0.7785706842110082,2.336,2.276,0.0,0.0,1.0785703382492065,alpha_mono
chrX,57693479,57695479,2000,0.3765,1.9491231379008662,5.6138012650056455,10.526744227109871,0.7182588706453666,2.172,2.156,0.0,0.0,4.976671148300171,alpha_mono
chrX,57697479,57699479,2000,0.4205,1.950406086577679,5.7317282822671745,10.958552715430907,0.9485403406232704,2.676,2.436,0.0,1.0,0.0,alpha_mono
chrX,57701479,57703479,2000,0.377,1.9386566829615552,5.645321166101246,10.909173488040734,0.9074186495557877,2.572,2.404,0.0,0.0,0.8357134408950806,alpha_mono
chrX,57705479,57707479,2000,0.373,1.9465983823068413,5.622577605004415,10.542122799438568,0.7264832088588632,2.212,2.124,0.0,0.0,3.475,alpha_mono
chrX,57709479,57711479,2000,0.3675,1.9429141253821456,5.611336294713104,10.406248058355684,0.6743957335067183,2.092,2.044,0.0,0.0,2.03,alpha_mono
chrX,57713479,57715479,2000,0.3675,1.9441670674768472,5.595672663779378,10.559328408039503,0.7237417627876976,2.232,2.148,0.0,0.0,0.4888884086608887,alpha_mono
chrX,57717479,57719479,2000,0.351,1.923915876340652,5.554056377589388,10.498283514887598,0.693585856004877,2.14,2.112,0.0,0.0,0.0,alpha_mono
chrX,57721479,57723479,2000,0.3525,1.93249329795373,5.593621374195948,10.334265949946262,0.6497227188662286,2.028,1.996,0.0,0.0,0.9659717583656311,alpha_mono
chrX,57725479,57727479,2000,0.3645,1.9403911496966604,5.613988719350198,10.388508808713269,0.6743957335067183,2.088,2.016,0.0,0.0,1.2666692276000977,alpha_mono
chrX,57729479,57731479,2000,0.3675,1.9392610290451477,5.587541158120354,10.4037711151136,0.6634299492220562,2.068,2.08,0.0,0.0,5.14,alpha_mono
chrX,57733479,57735479,2000,0.3645,1.939773543489496,5.601209708806809,10.553797807569376,0.7210003167165322,2.188,2.132,0.0,0.0,0.0,alpha_mono
chrX,57737479,57739479,2000,0.365,1.9392295766593992,5.5902636300348325,10.475709790396087,0.6881029638625459,2.132,2.1,0.0,0.0,0.0,alpha_mono
chrX,57741479,57743479,2000,0.359,1.9349697417499343,5.611602126273087,10.480257966015648,0.7127759785030356,2.18,2.1,0.0,0.0,0.8888880157470703,alpha_mono
chrX,57745479,57747479,2000,0.391,1.9626978293147648,5.735893883579343,10.706799204071125,0.836141051705484,2.436,2.308,0.0,0.0,1.466515724658966,alpha_mono
chrX,57749479,57751479,2000,0.3685,1.9368353449022102,5.531251614207004,10.102438167841495,0.578445121015925,1.828,1.84,0.0,0.0,2.255146114826202,alpha_mono
chrX,57753479,57755479,2000,0.3815,1.9375848830815463,5.685953385245555,10.89610816140755,0.8964528652711256,2.56,2.424,0.0,0.0,0.0,alpha_mono
chrX,57757479,57759479,2000,0.3645,1.9320256960869941,5.530673121738497,10.227794717618977,0.6223082581545734,1.972,1.98,0.0,0.0,1.4700007009506226,alpha_mono
chrX,57761479,57763479,2000,0.365,1.9363011823017848,5.520460804819267,10.054867480542827,0.5866694592294216,1.836,1.848,0.0,0.0,0.0,alpha_mono
chrX,57765479,57767479,2000,0.3575,1.9307711055278882,5.518868674485119,10.252785804740835,0.6086010277987458,1.944,1.872,0.0,0.0,0.5607144939899444,alpha_mono
chrX,57769479,57771479,2000,0.363,1.938049587175013,5.605104304347112,10.369707655903396,0.6853615177913804,2.072,2.148,0.0,0.0,1.9727268409729004,alpha_mono
chrX,57773479,57775479,2000,0.361,1.933837647884293,5.557505479898068,10.190456503668873,0.6387569345815666,1.944,1.912,0.0,0.0,1.1757573461532593,alpha_mono
chrX,57777479,57779479,2000,0.3795,1.9575338941693423,5.714269635085823,10.601999356917249,0.7867950224245047,2.332,2.288,0.0,0.0,0.5666664505004883,alpha_mono
chrX,57781479,57783479,2000,0.372,1.9447660390997408,5.540269925031489,10.145940166190341,0.6140839199410768,1.924,1.9,0.0,0.0,2.1388101930618286,alpha_mono
chrX,57785479,57787479,2000,0.3555,1.9340607629152518,5.532337589724934,10.125720001995237,0.6195668120834079,1.936,1.896,0.0,0.0,0.43,alpha_mono
chrX,57789479,57791479,2000,0.365,1.942033995266803,5.519000988625768,9.934314709426358,0.5674793367312629,1.804,1.808,0.0,0.0,1.0458347368240357,alpha_mono
chrX,57793479,57795479,2000,0.4425,1.9876003015201158,5.745432515636191,10.703363011217753,0.8196923752784909,2.404,2.312,0.0,0.0,3.5875,alpha_mono
chrX,57797479,57799479,2000,0.381,1.8998024387699395,5.582773955428896,10.953527589802766,0.9129015416981187,2.612,2.372,0.0,0.275,1.1428559875488282,alpha_mono
chrX,57801479,57803479,2000,0.3525,1.9340446937580111,5.558729915005603,10.096485397120365,0.6140839199410768,1.884,1.96,0.0,0.0,0.0,alpha_mono
chrX,57805479,57807479,2000,0.367,1.9476478048850516,5.578984184377369,10.184026699984788,0.6250497042257389,1.94,1.952,0.0,0.0,0.0,alpha_mono
chrX,57809479,57811479,2000,0.374,1.952926817102622,5.54606311286069,10.17505949605725,0.5921523513717527,1.872,1.884,0.0,0.0,3.4291660609245302,alpha_mono
chrX,57813479,57815479,2000,0.3785,1.9563223924637814,5.559373841284534,10.179915297316626,0.6140839199410768,1.928,1.904,0.0,0.0,0.23181820392608643,alpha_mono
chrX,57817479,57819479,2000,0.376,1.9528194210255874,5.631271472757204,10.579895471725484,0.7401904392146909,2.224,2.116,0.0,0.0,1.379168243408203,non_satellite
chrX,57821479,57823479,2000,0.4055,1.972541169361058,5.696960004669152,10.517449981963209,0.7319661010011943,2.216,2.104,0.0,0.0,1.7902568950653077,alpha_hor
chrX,57825479,57827479,2000,0.4085,1.9736340602905136,5.695438607933559,10.484268281012252,0.7319661010011943,2.204,2.108,0.0,0.0,1.075000420331955,alpha_hor
chrX,57829479,57831479,2000,0.4065,1.972783854804491,5.693415348417876,10.509271135845005,0.7264832088588632,2.216,2.132,0.0,0.0,0.9153848729133606,alpha_hor
chrX,57833479,57835479,2000,0.403,1.9710739338215948,5.688131247030937,10.514512070288669,0.7292246549300287,2.212,2.12,0.0,0.0,2.5821567153930665,alpha_hor
chrX,57837479,57839479,2000,0.403,1.9699437194715386,5.696918098495258,10.538815853191483,0.7374489931435253,2.228,2.14,0.0,0.0,0.8994508416652679,alpha_hor
chrX,57841479,57843479,2000,0.405,1.9707083079305847,5.682310954307707,10.516669476327928,0.7237417627876976,2.196,2.112,0.0,0.0,1.812436205625534,alpha_hor
chrX,57845479,57847479,2000,0.4045,1.972048128711815,5.685702048007065,10.529577224246633,0.7182588706453666,2.232,2.124,0.0,0.0,0.0,alpha_hor
chrX,57849479,57851479,2000,0.407,1.9726145263749617,5.692050963569968,10.487666252196925,0.7155174245742011,2.216,2.14,0.0,0.0,1.5064108920097352,alpha_hor
chrX,57853479,57855479,2000,0.4065,1.9716998047499605,5.690763669334082,10.553019201184672,0.7264832088588632,2.232,2.14,0.0,0.0,2.9507563362121583,alpha_hor
chrX,57857479,57859479,2000,0.4075,1.9733598232180978,5.689992737198129,10.55215659761691,0.7182588706453666,2.236,2.132,0.0,0.0,2.763571019411087,alpha_hor
chrX,57861479,57863479,2000,0.405,1.9714412018046,5.694334187658466,10.541056071811806,0.7264832088588632,2.204,2.132,0.0,0.0,1.5865386817455291,alpha_hor
chrX,57865479,57867479,2000,0.404,1.9707425311426503,5.693870164466878,10.562414611240966,0.7182588706453666,2.232,2.148,0.0,0.0,0.0,alpha_hor
chrX,57869479,57871479,2000,0.402,1.9700062383785657,5.689636637532657,10.555764728738303,0.7292246549300287,2.248,2.128,0.0,0.0,1.0181819152832032,alpha_hor
chrX,57873479,57875479,2000,0.4065,1.972216316418484,5.695689819515991,10.529537263519762,0.7210003167165322,2.22,2.12,0.0,0.0,0.0,alpha_hor
chrX,57877479,57879479,2000,0.407,1.9728820099973345,5.699368772372378,10.477935815371572,0.7374489931435253,2.2,2.112,0.0,0.0,0.7252749481201172,alpha_hor
chrX,57881479,57883479,2000,0.405,1.9719888482398364,5.693551786373449,10.534625553479081,0.7319661010011943,2.232,2.132,0.0,0.0,2.045161954879761,alpha_hor
chrX,57885479,57887479,2000,0.4055,1.9719045709866185,5.695134590867117,10.523587831822715,0.7319661010011943,2.244,2.128,0.0,0.0,0.9476194553375245,alpha_hor
chrX,57889479,57891479,2000,0.408,1.973351860978445,5.690003549040727,10.536776646412497,0.7319661010011943,2.208,2.104,0.0,0.0,1.335252375125885,alpha_hor
chrX,57893479,57895479,2000,0.4045,1.9717014321364346,5.686404560076672,10.525390917309197,0.7264832088588632,2.252,2.152,0.0,0.0,1.2124995374679566,alpha_hor
chrX,57897479,57899479,2000,0.4085,1.973839636329605,5.691995493552866,10.53853368487278,0.7456733313570219,2.256,2.124,0.0,0.0,1.1378787136077881,alpha_hor
chrX,57901479,57903479,2000,0.407,1.9725719386814273,5.690731930435281,10.478703921601715,0.7429318852858563,2.224,2.112,0.0,0.0,0.71,alpha_hor
chrX,57905479,57907479,2000,0.4065,1.9725445422716905,5.689567414026667,10.53006933141179,0.7401904392146909,2.244,2.124,0.0,0.0,0.575,alpha_hor
chrX,57909479,57911479,2000,0.407,1.9726941102033624,5.70452154372674,10.568217351377076,0.7374489931435253,2.24,2.156,0.0,0.0,1.16,alpha_hor
chrX,57913479,57915479,2000,0.41,1.9741512532687413,5.7056032930167095,10.568517351649401,0.7538976695705184,2.252,2.144,0.0,0.0,0.0,alpha_hor
chrX,57917479,57919479,2000,0.407,1.9729599242738978,5.696539246186418,10.550865931772565,0.7401904392146909,2.256,2.136,0.0,0.0,0.9666686210632324,alpha_hor
chrX,57921479,57923479,2000,0.408,1.9735902117560415,5.696405100497648,10.525876855220694,0.7182588706453666,2.244,2.116,0.0,0.0,2.22,alpha_hor
chrX,57925479,57927479,2000,0.408,1.9732166876570876,5.7035646996719995,10.532602522549968,0.7182588706453666,2.224,2.124,0.0,0.0,0.0,alpha_hor
chrX,57929479,57931479,2000,0.408,1.9729841576711218,5.686463212642874,10.499805810931132,0.7100345324318701,2.18,2.108,0.0,0.0,0.6642850427627564,alpha_hor
chrX,57933479,57935479,2000,0.405,1.9715340834927562,5.690983022528052,10.51454478217078,0.7237417627876976,2.212,2.124,0.0,0.0,0.0,alpha_hor
chrX,57937479,57939479,2000,0.408,1.9730310311345483,5.698813651032275,10.519885286318072,0.7210003167165322,2.212,2.124,0.0,0.0,2.35,alpha_hor
chrX,57941479,57943479,2000,0.4035,1.9709377788990343,5.685965653009587,10.56608097246342,0.7429318852858563,2.252,2.152,0.0,0.0,0.0,alpha_hor
chrX,57945479,57947479,2000,0.405,1.9718000254120602,5.69644333502008,10.521250801250158,0.7347075470723597,2.252,2.128,0.0,0.0,0.7277770628929138,alpha_hor
chrX,57949479,57951479,2000,0.408,1.9729579058673128,5.695639375623936,10.532769526587861,0.7484147774281874,2.256,2.12,0.0,0.0,1.3992423391342164,alpha_hor
chrX,57953479,57955479,2000,0.4065,1.9730120742601438,5.699892092313055,10.575295379110685,0.7538976695705184,2.288,2.148,0.0,0.0,3.204545340538025,alpha_hor
chrX,57957479,57959479,2000,0.4025,1.9700905591350388,5.691508865665688,10.519362145431149,0.7374489931435253,2.252,2.112,0.0,0.0,4.658517261981964,alpha_hor
chrX,57961479,57963479,2000,0.407,1.9730961780284282,5.699183987137201,10.553873675350331,0.7456733313570219,2.24,2.144,0.0,0.0,3.120908341407776,alpha_hor
chrX,57965479,57967479,2000,0.407,1.972787501244569,5.69710872952964,10.515587010271853,0.7347075470723597,2.26,2.16,0.0,0.0,4.466110412597656,alpha_hor
chrX,57969479,57971479,2000,0.411,1.9751010566256035,5.703933319010679,10.469015456073226,0.7292246549300287,2.192,2.112,0.0,0.0,1.515,alpha_hor
chrX,57973479,57975479,2000,0.404,1.97102346546941,5.699075458167962,10.501347755224561,0.751156223499353,2.216,2.124,0.0,0.0,0.8722213654518127,alpha_hor
chrX,57977479,57979479,2000,0.4055,1.9719179695327334,5.698396874391377,10.511150366340564,0.7237417627876976,2.216,2.124,0.0,0.0,0.54375,alpha_hor
chrX,57981479,57983479,2000,0.4075,1.972745151897734,5.707249996014966,10.543380204660888,0.7456733313570219,2.236,2.14,0.0,0.0,0.8416683683395386,alpha_hor
chrX,57985479,57987479,2000,0.407,1.9724529217328055,5.692005594926004,10.537230038350572,0.7484147774281874,2.212,2.116,0.0,0.0,0.5857136936187745,alpha_hor
chrX,57989479,57991479,2000,0.406,1.9718414428284476,5.69152320036978,10.530889000170976,0.7347075470723597,2.24,2.14,0.0,0.0,1.1979163031578064,alpha_hor
chrX,57993479,57995479,2000,0.4065,1.9728905207532539,5.689763198174122,10.491140008208186,0.7072930863607045,2.204,2.116,0.0,0.0,0.49333356857299804,alpha_hor
chrX,57997479,57999479,2000,0.4035,1.970623318955133,5.680871151698397,10.511068849680806,0.7374489931435253,2.228,2.116,0.0,0.0,1.5662491588592529,alpha_hor
chrX,58001479,58003479,2000,0.405,1.9711264628285288,5.6972942065490475,10.558598717751806,0.7292246549300287,2.24,2.128,0.0,0.0,0.9366335945129395,alpha_hor
chrX,58005479,58007479,2000,0.407,1.9723469839410255,5.7068876329806315,10.544713007710813,0.7429318852858563,2.244,2.148,0.0,0.0,0.7641815567016601,alpha_hor
chrX,58009479,58011479,2000,0.403,1.969698386086543,5.693543054766692,10.517352012225535,0.7292246549300287,2.184,2.12,0.0,0.0,1.8008552141189575,alpha_hor
chrX,58013479,58015479,2000,0.4035,1.9708818800521148,5.69181064928815,10.556257417176166,0.7292246549300287,2.244,2.144,0.0,0.0,0.7277084493637085,alpha_hor
chrX,58017479,58019479,2000,0.4075,1.9729583639774777,5.694822734675345,10.530668617307768,0.7210003167165322,2.232,2.14,0.0,0.0,0.896875,alpha_hor
chrX,58021479,58023479,2000,0.401,1.9684962715560643,5.685431368466253,10.540678824882828,0.7292246549300287,2.236,2.144,0.0,0.0,1.6610616490840913,alpha_hor
chrX,58025479,58027479,2000,0.403,1.9707227855374287,5.690080034660931,10.564436263294402,0.751156223499353,2.268,2.148,0.0,0.0,0.36249986171722415,alpha_hor
chrX,58029479,58031479,2000,0.406,1.9721044411114521,5.702600364295041,10.52191041077156,0.7374489931435253,2.252,2.14,0.0,0.0,0.0,alpha_hor
chrX,58033479,58035479,2000,0.4045,1.9710259519696376,5.688043189595236,10.523661136126009,0.7401904392146909,2.256,2.14,0.0,0.0,1.1545448303222656,alpha_hor
chrX,58037479,58039479,2000,0.4025,1.9702934111321995,5.687420808195126,10.558394510738445,0.7374489931435253,2.264,2.144,0.0,0.0,1.0440909671783447,alpha_hor
chrX,58041479,58043479,2000,0.403,1.9706291452910039,5.692901870517434,10.56705226701366,0.7593805617128495,2.284,2.14,0.0,0.0,2.611108546257019,alpha_hor
chrX,58045479,58047479,2000,0.405,1.971592284180648,5.693697608986396,10.516288756998856,0.7401904392146909,2.248,2.128,0.0,0.0,1.435415913581848,alpha_hor
chrX,58049479,58051479,2000,0.4035,1.970732179145418,5.702123180820873,10.552231363750284,0.7484147774281874,2.256,2.164,0.0,0.0,1.4571413841247558,alpha_hor
chrX,58053479,58055479,2000,0.4065,1.9720032143168988,5.697979241556437,10.56728918590916,0.7456733313570219,2.236,2.164,0.0,0.0,0.9416685705184936,alpha_hor
chrX,58057479,58059479,2000,0.4055,1.9720550672204091,5.689548391402366,10.530295944426468,0.7319661010011943,2.224,2.132,0.0,0.0,0.0,alpha_hor
chrX,58061479,58063479,2000,0.404,1.9708478495205097,5.702392621005818,10.54437927686312,0.751156223499353,2.248,2.148,0.0,0.0,0.0,alpha_hor
chrX,58065479,58067479,2000,0.407,1.9720238830447827,5.704629313610362,10.523241037342808,0.7319661010011943,2.184,2.16,0.0,0.0,1.885,alpha_hor
chrX,58069479,58071479,2000,0.4015,1.9697085641222425,5.690423849275322,10.511182197665335,0.7374489931435253,2.216,2.104,0.0,0.0,1.3005948963165284,alpha_hor
chrX,58073479,58075479,2000,0.4035,1.9700868734887633,5.6974996732694185,10.571661950860635,0.7429318852858563,2.288,2.144,0.0,0.0,0.85625,alpha_hor
chrX,58077479,58079479,2000,0.405,1.9710482347945846,5.690853800496668,10.526732708262065,0.7182588706453666,2.236,2.112,0.0,0.0,1.4,alpha_hor
chrX,58081479,58083479,2000,0.404,1.9709386667302762,5.690991029561039,10.58515222755277,0.7319661010011943,2.244,2.156,0.0,0.0,0.7884617602825165,alpha_hor
chrX,58085479,58087479,2000,0.407,1.9718523959342507,5.6900775215717685,10.550589052150197,0.7292246549300287,2.232,2.124,0.0,0.0,0.7499996209144593,alpha_hor
chrX,58089479,58091479,2000,0.405,1.9711209912055963,5.690216368682006,10.548110895941113,0.7182588706453666,2.224,2.12,0.0,0.0,1.0476179885864259,alpha_hor
chrX,58093479,58095479,2000,0.4035,1.9708818800521148,5.689359553761088,10.518193588667685,0.7155174245742011,2.188,2.104,0.0,0.0,0.7157141485214233,alpha_hor
chrX,58097479,58099479,2000,0.4055,1.97138233379775,5.704289802517936,10.559888751901873,0.7429318852858563,2.244,2.156,0.0,0.0,1.6427856483459473,alpha_hor
chrX,58101479,58103479,2000,0.408,1.972904672855022,5.698760822416186,10.54410835016415,0.7292246549300287,2.244,2.144,0.0,0.0,0.5000002384185791,alpha_hor
chrX,58105479,58107479,2000,0.403,1.9698721855705292,5.69153844886475,10.566684528362481,0.7319661010011943,2.244,2.168,0.0,0.0,1.3055542731285095,alpha_hor
chrX,58109479,58111479,2000,0.404,1.970905952529634,5.689182592653469,10.573492376578553,0.751156223499353,2.272,2.136,0.0,0.0,0.0,alpha_hor
chrX,58113479,58115479,2000,0.4065,1.9720005291330613,5.694747443633607,10.513041696956607,0.7237417627876976,2.236,2.124,0.0,0.0,0.6277771611213684,alpha_hor
chrX,58117479,58119479,2000,0.403,1.9702111140446776,5.686646868021698,10.570863226272687,0.7456733313570219,2.24,2.16,0.0,0.0,2.4200757551193237,alpha_hor
chrX,58121479,58123479,2000,0.407,1.97255457131595,5.697750739407618,10.539618050179444,0.751156223499353,2.256,2.156,0.0,0.0,0.8938097665309906,alpha_hor
chrX,58125479,58127479,2000,0.4055,1.971888844728072,5.692253263522316,10.499663389373243,0.7347075470723597,2.216,2.112,0.0,0.0,1.1334555463790894,alpha_hor
chrX,58129479,58131479,2000,0.4,1.9690703381125507,5.695276487773035,10.587961634086238,0.7676048999263461,2.3,2.148,0.0,0.0,0.34210541486740115,alpha_hor
chrX,58133479,58135479,2000,0.4075,1.9723803084215266,5.70260037909097,10.56336945271329,0.756639115641684,2.268,2.152,0.0,0.0,0.8730265865325928,alpha_hor
chrX,58137479,58139479,2000,0.406,1.9715243402937568,5.6898119301591015,10.554926790604942,0.7484147774281874,2.24,2.156,0.0,0.0,2.815789569377899,alpha_hor
chrX,58141479,58143479,2000,0.405,1.972021315731085,5.689581457962342,10.52070575268027,0.7292246549300287,2.216,2.112,0.0,0.0,0.21136343479156494,alpha_hor
chrX,58145479,58147479,2000,0.4065,1.9719663519489177,5.703149598944711,10.581842440599914,0.751156223499353,2.28,2.164,0.0,0.0,0.9300005979537964,alpha_hor
chrX,58149479,58151479,2000,0.407,1.9724130756737865,5.697606125665101,10.507509606291398,0.7127759785030356,2.216,2.092,0.0,0.0,0.0,alpha_hor
chrX,58153479,58155479,2000,0.405,1.9722029734843467,5.690826286843865,10.554622216284939,0.7347075470723597,2.236,2.152,0.0,0.0,1.4659717092514037,alpha_hor
chrX,58157479,58159479,2000,0.4055,1.9715143402835276,5.690079338861888,10.53402546998009,0.7264832088588632,2.24,2.12,0.0,0.0,0.0,alpha_hor
chrX,58161479,58163479,2000,0.4085,1.9726536277390552,5.7030868645791,10.517408508984696,0.7237417627876976,2.216,2.14,0.0,0.0,0.0,alpha_hor
chrX,58165479,58167479,2000,0.404,1.9714038038613626,5.689603592799784,10.521291476625663,0.7127759785030356,2.196,2.128,0.0,0.0,0.0,alpha_hor
chrX,58169479,58171479,2000,0.4065,1.9718019185888152,5.703759181506432,10.548157607194364,0.7429318852858563,2.256,2.14,0.0,0.0,2.03333456325531,alpha_hor
chrX,58173479,58175479,2000,0.4085,1.9734215245150788,5.699727554754591,10.504226361966957,0.7347075470723597,2.244,2.128,0.0,0.0,2.1499978265762327,alpha_hor
chrX,58177479,58179479,2000,0.404,1.9716368824889592,5.6848182796623945,10.509141694965006,0.7237417627876976,2.224,2.124,0.0,0.0,0.8666684188842774,alpha_hor
chrX,58181479,58183479,2000,0.405,1.9714108886179837,5.694221977639203,10.514145793467534,0.7374489931435253,2.248,2.136,0.0,0.0,1.4430546660423278,alpha_hor
chrX,58185479,58187479,2000,0.406,1.9718622397134724,5.695713859574502,10.495776368059518,0.7264832088588632,2.224,2.108,0.0,0.0,0.4137819495201111,alpha_hor
chrX,58189479,58191479,2000,0.4055,1.972306485810726,5.6874328097204785,10.510843615541834,0.7292246549300287,2.188,2.128,0.0,0.0,0.8897780907154084,alpha_hor
chrX,58193479,58195479,2000,0.4085,1.973704514732572,5.700848583886567,10.514966176875351,0.7374489931435253,2.26,2.136,0.0,0.0,0.0,alpha_hor
chrX,58197479,58199479,2000,0.412,1.9752719781414838,5.710225744897944,10.520276228573573,0.7374489931435253,2.232,2.14,0.0,0.0,1.0382356972694398,alpha_hor
chrX,58201479,58203479,2000,0.4045,1.9717141284009356,5.697774198999606,10.518019834103404,0.7374489931435253,2.244,2.112,0.0,0.0,1.7230759162902831,alpha_hor
chrX,58205479,58207479,2000,0.408,1.9732166876570876,5.704079830050681,10.512781076138472,0.7292246549300287,2.192,2.14,0.0,0.0,0.3461539435386658,alpha_hor
chrX,58209479,58211479,2000,0.4045,1.9706824013170972,5.6917211488974555,10.539884042648303,0.7484147774281874,2.224,2.14,0.0,0.0,2.18738188290596,alpha_hor
chrX,58213479,58215479,2000,0.4035,1.9712091853831502,5.669239913374927,10.48469185219556,0.7401904392146909,2.176,2.096,0.0,0.0,0.0,alpha_hor
chrX,58217479,58219479,2000,0.4055,1.9721764224052614,5.688413620559228,10.50971719598399,0.7347075470723597,2.244,2.116,0.0,0.0,0.9772727775573731,alpha_hor
chrX,58221479,58223479,2000,0.4045,1.9710817271076813,5.691685352816319,10.523291303950483,0.7210003167165322,2.22,2.12,0.0,0.0,2.0905863749980926,alpha_hor
chrX,58225479,58227479,2000,0.403,1.9706067738962618,5.687804149399965,10.54611035396767,0.7319661010011943,2.26,2.132,0.0,0.0,2.260952432155609,alpha_hor
chrX,58229479,58231479,2000,0.404,1.9714875086413481,5.695187241855666,10.512206953995205,0.7155174245742011,2.204,2.14,0.0,0.0,0.8080420966148376,alpha_hor
chrX,58233479,58235479,2000,0.408,1.9719572840785764,5.702339215025177,10.557674411682909,0.7210003167165322,2.248,2.14,0.0,0.0,1.0696977643966674,alpha_hor
chrX,58237479,58239479,2000,0.405,1.9716840040567918,5.703848328070691,10.536543282871435,0.7210003167165322,2.208,2.132,0.0,0.0,3.245484641075134,alpha_hor
chrX,58241479,58243479,2000,0.4065,1.9724983525949416,5.7062593562804205,10.517129535837988,0.7210003167165322,2.208,2.136,0.0,0.0,0.0,alpha_hor
chrX,58245479,58247479,2000,0.4025,1.9699410051092687,5.692431169059918,10.541843909246214,0.7401904392146909,2.26,2.148,0.0,0.0,0.5681818723678589,alpha_hor
chrX,58249479,58251479,2000,0.4045,1.9712367669919932,5.695574782588805,10.550456055915786,0.7292246549300287,2.236,2.128,0.0,0.0,0.0,alpha_hor
chrX,58253479,58255479,2000,0.4035,1.9706974062969689,5.70459044943526,10.549903758501152,0.7429318852858563,2.244,2.152,0.0,0.0,2.474998281478882,alpha_hor
chrX,58257479,58259479,2000,0.408,1.9726197679432182,5.70128348558371,10.523537648169398,0.7264832088588632,2.236,2.116,0.0,0.0,0.6125,alpha_hor
chrX,58261479,58263479,2000,0.405,1.971617746154226,5.690669091680627,10.552712450385961,0.7292246549300287,2.224,2.14,0.0,0.0,0.0,alpha_hor
chrX,58265479,58267479,2000,0.405,1.9716840040567922,5.706669158502565,10.538127004187992,0.751156223499353,2.228,2.136,0.0,0.0,0.0,alpha_hor
chrX,58269479,58271479,2000,0.404,1.9707098896346733,5.698674790508382,10.551659335131376,0.7593805617128495,2.3,2.176,0.0,0.0,4.387505509376526,alpha_hor
chrX,58273479,58275479,2000,0.405,1.9719403496764598,5.696720841364676,10.536272356172475,0.756639115641684,2.28,2.144,0.0,0.0,3.213890688419342,alpha_hor
chrX,58277479,58279479,2000,0.407,1.9726923973581274,5.707418688764149,10.557465630621897,0.751156223499353,2.268,2.168,0.0,0.0,2.4333333005905153,alpha_hor
chrX,58281479,58283479,2000,0.4035,1.9707636259352452,5.687103193025242,10.540099851463818,0.7374489931435253,2.24,2.148,0.0,0.0,0.3400001621246338,alpha_hor
chrX,58285479,58287479,2000,0.4045,1.9713292428214766,5.689939459276042,10.533231679622324,0.7347075470723597,2.224,2.148,0.0,0.0,0.3250001270771027,alpha_hor
chrX,58289479,58291479,2000,0.404,1.9710912556226245,5.699999798803546,10.581017400190058,0.7484147774281874,2.284,2.164,0.0,0.0,0.45000017595291136,alpha_hor
chrX,58293479,58295479,2000,0.4025,1.9703105383514445,5.67859900577808,10.559778876317443,0.7429318852858563,2.248,2.152,0.0,0.0,2.0788462250232698,alpha_hor
chrX,58297479,58299479,2000,0.403,1.9709675921054992,5.690343690514661,10.613646310167965,0.7456733313570219,2.296,2.172,0.0,0.0,0.3916665172576904,alpha_hor
chrX,58301479,58303479,2000,0.4065,1.9723403227138856,5.703133942371861,10.532931679349982,0.7264832088588632,2.216,2.144,0.0,0.0,2.1522201867103576,alpha_hor
chrX,58305479,58307479,2000,0.4065,1.9720372521987022,5.692506059300903,10.514875234892155,0.7100345324318701,2.192,2.112,0.0,0.0,0.0,alpha_hor
chrX,58309479,58311479,2000,0.406,1.9720908028079527,5.69976378461516,10.540057714258214,0.7264832088588632,2.228,2.136,0.0,0.0,2.1799982810020446,alpha_hor
chrX,58313479,58315479,2000,0.4065,1.9721313163386873,5.693609738299386,10.544570503198587,0.7292246549300287,2.22,2.148,0.0,0.0,3.1183373937606813,alpha_hor
chrX,58317479,58319479,2000,0.4045,1.9715705854940462,5.692105247380842,10.544549476072973,0.7292246549300287,2.24,2.14,0.0,0.0,1.2000024261474609,alpha_hor
chrX,58321479,58323479,2000,0.4075,1.9726793973897607,5.69834135869176,10.546335588106626,0.7319661010011943,2.224,2.14,0.0,0.0,0.0,alpha_hor
chrX,58325479,58327479,2000,0.4055,1.971288600681827,5.69114487341359,10.545457606292041,0.7237417627876976,2.216,2.144,0.0,0.0,1.21428448677063,alpha_hor
chrX,58329479,58331479,2000,0.4055,1.972470516440243,5.70580409538873,10.581523069305774,0.7538976695705184,2.28,2.152,0.0,0.0,1.46,alpha_hor
chrX,58333479,58335479,2000,0.405,1.9717603901214438,5.703933488366078,10.553028626508114,0.7456733313570219,2.268,2.176,0.0,0.0,0.0,alpha_hor
chrX,58337479,58339479,2000,0.4045,1.9706397340759303,5.68324511541884,10.529687814479715,0.7319661010011943,2.208,2.108,0.0,0.0,1.2330350427627563,alpha_hor
chrX,58341479,58343479,2000,0.4055,1.9720623349598712,5.694430334419983,10.552080812790292,0.751156223499353,2.28,2.132,0.0,0.0,0.935,alpha_hor
chrX,58345479,58347479,2000,0.407,1.9726546791909738,5.694376085031155,10.532465970961104,0.751156223499353,2.26,2.112,0.0,0.0,1.8248696219921112,alpha_hor
chrX,58349479,58351479,2000,0.4035,1.9702856557619655,5.69516176659185,10.537831855191445,0.7401904392146909,2.22,2.124,0.0,0.0,0.42000020027160645,alpha_hor
chrX,58353479,58355479,2000,0.4025,1.9705657932094602,5.685990521474868,10.538418958012585,0.7429318852858563,2.244,2.12,0.0,0.0,0.284375,alpha_hor
chrX,58357479,58359479,2000,0.404,1.9700312261229738,5.696295503002026,10.573695121761855,0.7484147774281874,2.252,2.136,0.0,0.0,0.7952790479660035,alpha_hor
chrX,58361479,58363479,2000,0.4075,1.9720299276891748,5.689380541533746,10.547186589872243,0.7319661010011943,2.244,2.124,0.0,0.0,0.9594775233268737,alpha_hor
chrX,58365479,58367479,2000,0.402,1.9704243902077399,5.689747368482788,10.540571512776067,0.7210003167165322,2.248,2.132,0.0,0.0,0.9932892770767212,alpha_hor
chrX,58369479,58371479,2000,0.405,1.970831805884975,5.697644271710655,10.57196057225724,0.7429318852858563,2.3,2.148,0.0,0.0,0.7286505484580994,alpha_hor
chrX,58373479,58375479,2000,0.4035,1.9705014645657317,5.692646390826592,10.571005730784917,0.7374489931435253,2.268,2.136,0.0,0.0,0.2875,alpha_hor
chrX,58377479,58379479,2000,0.4045,1.9713454325261597,5.694393184374872,10.562852181795382,0.7401904392146909,2.24,2.132,0.0,0.0,0.45041686058044433,alpha_hor
chrX,58381479,58383479,2000,0.4055,1.971823416151546,5.697450109814841,10.527679940707179,0.7374489931435253,2.224,2.12,0.0,0.0,6.90192175245285,alpha_hor
chrX,58385479,58387479,2000,0.4065,1.9720146081784136,5.695146657148131,10.524786259762541,0.7319661010011943,2.236,2.14,0.0,0.0,0.7615387251377106,alpha_hor
chrX,58389479,58391479,2000,0.402,1.9709006021331563,5.68716108636383,10.529516153439777,0.7237417627876976,2.224,2.112,0.0,0.0,3.303571341276169,alpha_hor
chrX,58393479,58395479,2000,0.406,1.9721211670419534,5.697007976195772,10.52779328869169,0.7237417627876976,2.24,2.148,0.0,0.0,0.32333348751068114,alpha_hor
chrX,58397479,58399479,2000,0.407,1.9729903266283633,5.701456406334693,10.538755446611685,0.7319661010011943,2.244,2.14,0.0,0.0,0.925,alpha_hor
chrX,58401479,58403479,2000,0.4035,1.9713987455153155,5.695419092736391,10.554971021334868,0.7429318852858563,2.28,2.128,0.0,0.0,0.9807695066928863,alpha_hor
chrX,58405479,58407479,2000,0.4035,1.970451001948653,5.688021975712521,10.508903397193798,0.7319661010011943,2.24,2.128,0.0,0.0,0.7377272987365723,alpha_hor
chrX,58409479,58411479,2000,0.407,1.972061601211936,5.69946639472465,10.536087797409023,0.7429318852858563,2.232,2.12,0.0,0.0,2.540076992034912,alpha_hor
chrX,58413479,58415479,2000,0.407,1.9726415136424167,5.701307703714313,10.5318262869177,0.7538976695705184,2.272,2.136,0.0,0.0,0.0,alpha_hor
chrX,58417479,58419479,2000,0.4085,1.9734405258859558,5.704358011571349,10.521304374349167,0.7401904392146909,2.232,2.124,0.0,0.0,1.0875,alpha_hor
chrX,58421479,58423479,2000,0.404,1.970615431803889,5.689398488215949,10.502412472281309,0.7319661010011943,2.212,2.14,0.0,0.0,0.13571414852142333,alpha_hor
chrX,58425479,58427479,2000,0.4095,1.9731909485482528,5.702618914794558,10.5740651198461,0.7401904392146909,2.232,2.156,0.0,0.0,1.8048604617118835,alpha_hor
chrX,58429479,58431479,2000,0.4035,1.970525128878542,5.696774256427773,10.537648758258078,0.7264832088588632,2.224,2.132,0.0,0.0,1.0724356412887572,alpha_hor
chrX,58433479,58435479,2000,0.4055,1.9709263224100313,5.691264530006996,10.550054309461128,0.7319661010011943,2.244,2.132,0.0,0.0,0.0,alpha_hor
chrX,58437479,58439479,2000,0.4055,1.970786853160587,5.697787754570213,10.49709090173529,0.7237417627876976,2.212,2.112,0.0,0.0,0.7886362600326539,alpha_hor
chrX,58441479,58443479,2000,0.4095,1.9735498242172198,5.700064425685422,10.558833543122942,0.7401904392146909,2.236,2.156,0.0,0.0,0.6999993124008179,alpha_hor
chrX,58445479,58447479,2000,0.4045,1.9714598031991624,5.689229164215462,10.510058890325055,0.7264832088588632,2.24,2.12,0.0,0.0,1.4994438605308533,alpha_hor
chrX,58449479,58451479,2000,0.4075,1.9731548820223843,5.692215159256552,10.530046044853101,0.7347075470723597,2.26,2.112,0.0,0.0,1.593333703994751,alpha_hor
chrX,58453479,58455479,2000,0.4095,1.9735130927265543,5.703183882456542,10.534111837915601,0.7401904392146909,2.232,2.14,0.0,0.0,0.0,alpha_hor
chrX,58457479,58459479,2000,0.4085,1.9727243742813527,5.686144980480646,10.476421482821424,0.704551640289539,2.188,2.096,0.0,0.0,1.2777765226364135,alpha_hor
chrX,58461479,58463479,2000,0.4075,1.9728377113187905,5.703274694970932,10.550732354265424,0.7347075470723597,2.248,2.156,0.0,0.0,1.172915569782257,alpha_hor
chrX,58465479,58467479,2000,0.4065,1.971575798454559,5.695720806492797,10.563019351741989,0.7401904392146909,2.236,2.144,0.0,0.0,1.8291659688949584,alpha_hor
chrX,58469479,58471479,2000,0.4065,1.972664400618998,5.696077933975718,10.502419139853336,0.7182588706453666,2.212,2.108,0.0,0.0,1.7299993896484376,alpha_hor
chrX,58473479,58475479,2000,0.407,1.971992853968734,5.687206705922216,10.558528885848585,0.7264832088588632,2.208,2.108,0.0,0.0,1.417307531118393,alpha_hor
chrX,58477479,58479479,2000,0.405,1.9719582635011355,5.690825444374109,10.570935898881698,0.7374489931435253,2.292,2.188,0.0,0.0,0.7153839755058289,alpha_hor
chrX,58481479,58483479,2000,0.4085,1.9729263778527146,5.703843169347901,10.589128811974001,0.751156223499353,2.324,2.16,0.0,0.0,0.34230778861045835,alpha_hor
chrX,58485479,58487479,2000,0.4105,1.9739307345233439,5.711943337588077,10.541678284084023,0.7538976695705184,2.28,2.148,0.0,0.0,2.2503778886795045,alpha_hor
chrX,58489479,58491479,2000,0.4065,1.9729707473587332,5.707539595934038,10.586653850936873,0.7593805617128495,2.288,2.144,0.0,0.0,1.2065938189029695,alpha_hor
chrX,58493479,58495479,2000,0.4085,1.9728873436032257,5.709842788929677,10.599672466316775,0.7648634538551805,2.284,2.192,0.0,0.0,0.5583331203460693,alpha_hor
chrX,58497479,58499479,2000,0.4115,1.9753761044995273,5.713236041647763,10.59009982929613,0.7593805617128495,2.296,2.148,0.0,0.0,0.8233323640823365,alpha_hor
chrX,58501479,58503479,2000,0.4035,1.969687850152122,5.682355198005172,10.183089983078311,0.6058595817275803,1.852,2.028,0.0,0.0,0.8300003571510315,alpha_hor
chrX,58505479,58507479,2000,0.4055,1.9721695283152223,5.691579314876517,10.29564190999505,0.6442398267238976,1.98,2.044,0.0,0.0,1.1854752309322356,alpha_hor
chrX,58509479,58511479,2000,0.4065,1.9721247740375139,5.69283740464831,10.562555736877478,0.7237417627876976,2.248,2.144,0.0,0.0,0.7985718026161194,alpha_hor
chrX,58513479,58515479,2000,0.409,1.9729732486504417,5.708719441107011,10.550910162502483,0.7264832088588632,2.24,2.128,0.0,0.0,0.7769232954978943,alpha_hor
chrX,58517479,58519479,2000,0.408,1.9734670200263438,5.702982609506727,10.553878249398004,0.7648634538551805,2.288,2.14,0.0,0.0,0.9700004625320434,alpha_hor
chrX,58521479,58523479,2000,0.4085,1.9737874482833253,5.705668420073828,10.548856679124288,0.751156223499353,2.248,2.16,0.0,0.0,0.3438096785545349,alpha_hor
chrX,58525479,58527479,2000,0.406,1.9713348636228738,5.703180984994579,10.554164554343815,0.762122007784015,2.268,2.12,0.0,0.0,0.5749997806549072,alpha_hor
chrX,58529479,58531479,2000,0.4065,1.972068857995313,5.700582710948999,10.539544081649117,0.7292246549300287,2.248,2.116,0.0,0.0,0.9363637256622315,alpha_hor
chrX,58533479,58535479,2000,0.4085,1.973298907475599,5.712104759533068,10.582744921940183,0.756639115641684,2.256,2.156,0.0,0.0,1.9388635444641114,alpha_hor
chrX,58537479,58539479,2000,0.4095,1.9735498242172198,5.701444054180074,10.52364148787613,0.7347075470723597,2.22,2.124,0.0,0.0,1.3977577297687531,alpha_hor
chrX,58541479,58543479,2000,0.407,1.9731265934820554,5.703662445236472,10.556457050141866,0.7319661010011943,2.264,2.136,0.0,0.0,2.1569038059711456,alpha_hor
chrX,58545479,58547479,2000,0.409,1.9737749975134944,5.699000370147997,10.519384551432486,0.7182588706453666,2.24,2.124,0.0,0.0,0.8647054452896118,alpha_hor
chrX,58549479,58551479,2000,0.4055,1.9714607149129628,5.695381023915988,10.529859752747742,0.7292246549300287,2.228,2.112,0.0,0.0,2.6145809307098387,alpha_hor
chrX,58553479,58555479,2000,0.4075,1.9726465890290148,5.695191111676774,10.51908664468451,0.7237417627876976,2.236,2.112,0.0,0.0,1.0363637351989745,alpha_hor
chrX,58557479,58559479,2000,0.4075,1.972774375040867,5.704588463455771,10.547287754781873,0.7264832088588632,2.256,2.136,0.0,0.0,1.4727274131774903,alpha_hor
chrX,58561479,58563479,2000,0.4085,1.9725292019168617,5.705384939255968,10.540230671219499,0.7319661010011943,2.216,2.116,0.0,0.0,0.0,alpha_hor
chrX,58565479,58567479,2000,0.4055,1.971888844728072,5.697776748236986,10.545470309741798,0.7401904392146909,2.264,2.124,0.0,0.0,1.421427134513855,alpha_hor
chrX,58569479,58571479,2000,0.407,1.9722869179872917,5.705248275545597,10.517322938652187,0.7292246549300287,2.232,2.112,0.0,0.0,1.25,alpha_hor
chrX,58573479,58575479,2000,0.4065,1.9720491640734132,5.695685366435938,10.547564551449868,0.7319661010011943,2.252,2.128,0.0,0.0,1.694444155216217,alpha_hor
chrX,58577479,58579479,2000,0.4085,1.9731281560718432,5.698495651033657,10.552838197775651,0.7484147774281874,2.28,2.124,0.0,0.0,3.824442534446716,alpha_hor
chrX,58581479,58583479,2000,0.4085,1.9729629713801744,5.698143280796661,10.517117352763128,0.7319661010011943,2.236,2.104,0.0,0.0,1.655448171377182,alpha_hor
chrX,58585479,58587479,2000,0.4095,1.9737198695019078,5.701763413855121,10.555429619014886,0.7456733313570219,2.268,2.128,0.0,0.0,3.1999998888969423,alpha_hor
chrX,58589479,58591479,2000,0.4085,1.9738421536454969,5.718443158846804,10.553859315796748,0.7456733313570219,2.3,2.144,0.0,0.0,6.796998964309692,alpha_hor
chrX,58593479,58595479,2000,0.4085,1.9732159739248456,5.702566167489509,10.54243767963936,0.7538976695705184,2.272,2.12,0.0,0.0,0.0,alpha_hor
chrX,58597479,58599479,2000,0.408,1.97331407906903,5.708109123960784,10.558435269068335,0.751156223499353,2.268,2.136,0.0,0.0,1.2693431582450867,alpha_hor
chrX,58601479,58603479,2000,0.407,1.9724231848409841,5.704460555739594,10.552095609764448,0.7401904392146909,2.272,2.132,0.0,0.0,1.9636365509033202,alpha_hor
chrX,58605479,58607479,2000,0.4085,1.9729503488634117,5.703072061593968,10.607648788341985,0.7456733313570219,2.26,2.196,0.0,0.0,1.15,alpha_hor
chrX,58609479,58611479,2000,0.4075,1.9728877368865945,5.698992284030972,10.542589609475064,0.7347075470723597,2.244,2.116,0.0,0.0,1.3390910053253173,alpha_hor
chrX,58613479,58615479,2000,0.4075,1.9727134927408687,5.7036975619248285,10.552136949367036,0.7429318852858563,2.284,2.148,0.0,0.0,1.4100000057220459,alpha_hor
chrX,58617479,58619479,2000,0.4075,1.9729242686263697,5.700053392828276,10.522471635191303,0.7292246549300287,2.26,2.104,0.0,0.0,0.0,alpha_hor
chrX,58621479,58623479,2000,0.4045,1.9710671484217228,5.696921136351085,10.561513508776404,0.7374489931435253,2.264,2.116,0.0,0.0,2.3761458575725554,alpha_hor
chrX,58625479,58627479,2000,0.4075,1.9731363344871142,5.697753180327104,10.564269259256482,0.7182588706453666,2.26,2.124,0.0,0.0,0.44541675090789795,alpha_hor
chrX,58629479,58631479,2000,0.407,1.9726415136424167,5.704937378965786,10.592869939329798,0.7374489931435253,2.272,2.144,0.0,0.0,0.6136364221572876,alpha_hor
chrX,58633479,58635479,2000,0.408,1.9729973101843445,5.704017111592195,10.546055236084205,0.7292246549300287,2.228,2.12,0.0,0.0,0.5307693800926209,alpha_hor
chrX,58637479,58639479,2000,0.405,1.971776653534223,5.697719695430179,10.542895562670738,0.7237417627876976,2.24,2.12,0.0,0.0,2.019300817966461,alpha_hor
chrX,58641479,58643479,2000,0.407,1.972413075673787,5.700678806603589,10.53352473509449,0.7347075470723597,2.26,2.116,0.0,0.0,1.2300005650520325,alpha_hor
chrX,58645479,58647479,2000,0.408,1.9732720397222954,5.7027375626575285,10.53661181885332,0.7347075470723597,2.24,2.112,0.0,0.0,0.0,alpha_hor
chrX,58649479,58651479,2000,0.407,1.9721297344448472,5.700681806644716,10.538785400742423,0.7264832088588632,2.228,2.112,0.0,0.0,1.116668924331665,alpha_hor
chrX,58653479,58655479,2000,0.4055,1.9712002888244873,5.704053978672315,10.580929653378835,0.7429318852858563,2.28,2.152,0.0,0.0,0.0,alpha_hor
chrX,58657479,58659479,2000,0.41,1.973946406494798,5.700055121632053,10.562886272553234,0.7374489931435253,2.292,2.136,0.0,0.0,0.9178029012680053,alpha_hor
chrX,58661479,58663479,2000,0.41,1.9743839959105713,5.711113518235903,10.580199110306578,0.756639115641684,2.296,2.128,0.0,0.0,0.9713394339084626,alpha_hor
chrX,58665479,58667479,2000,0.407,1.9727276810911905,5.703768995405595,10.57243303117248,0.7456733313570219,2.268,2.116,0.0,0.0,0.525,alpha_hor
chrX,58669479,58671479,2000,0.4115,1.9745894490324165,5.709206449881581,10.547350919113057,0.7264832088588632,2.268,2.128,0.0,0.0,0.24285689735412597,alpha_hor
chrX,58673479,58675479,2000,0.407,1.9729830385720823,5.709248053984884,10.602215963335786,0.7538976695705184,2.28,2.124,0.0,0.0,1.4073525972366332,alpha_hor
chrX,58677479,58679479,2000,0.408,1.9725391595825965,5.701282596329108,10.518461042966587,0.7292246549300287,2.212,2.132,0.0,0.0,0.3895605585575104,alpha_hor
chrX,58681479,58683479,2000,0.4075,1.973795379278735,5.706218921639218,10.580892533357718,0.7456733313570219,2.256,2.14,0.0,0.0,1.5313192045688628,alpha_hor
chrX,58685479,58687479,2000,0.4075,1.973322914617004,5.699684014225528,10.553739300240219,0.7182588706453666,2.232,2.136,0.0,0.0,1.4586362075805663,alpha_hor
chrX,58689479,58691479,2000,0.408,1.9730310311345483,5.701970040843732,10.54785650527445,0.7429318852858563,2.272,2.128,0.0,0.0,1.2954546689987183,alpha_hor
chrX,58693479,58695479,2000,0.4045,1.9714157036713236,5.696180289052992,10.56008700599185,0.7456733313570219,2.296,2.136,0.0,0.0,2.3410420274734496,alpha_hor
chrX,58697479,58699479,2000,0.4095,1.9743260040863166,5.710058904752574,10.590482725103907,0.7484147774281874,2.296,2.168,0.0,0.0,2.0617769412994384,alpha_hor
chrX,58701479,58703479,2000,0.407,1.9727299751570058,5.698271592137145,10.579265213005513,0.7484147774281874,2.272,2.14,0.0,0.0,2.0073863677978516,alpha_hor
chrX,58705479,58707479,2000,0.405,1.9717697122254438,5.70117699730809,10.59576086252301,0.756639115641684,2.292,2.152,0.0,0.0,1.1882723066806793,alpha_hor
chrX,58709479,58711479,2000,0.409,1.9734557361786904,5.7196007635454835,10.614580839163304,0.7593805617128495,2.264,2.148,0.0,0.0,0.0,alpha_hor
chrX,58713479,58715479,2000,0.4075,1.973019246277476,5.7106369732092075,10.552455301967884,0.7401904392146909,2.264,2.156,0.0,0.0,0.0,alpha_hor
chrX,58717479,58719479,2000,0.41,1.9742435614960103,5.7117155473094305,10.592612790911721,0.7484147774281874,2.272,2.152,0.0,0.0,2.701663988828659,alpha_hor
chrX,58721479,58723479,2000,0.4045,1.970514509981028,5.697451459976862,10.545566103000787,0.7237417627876976,2.208,2.14,0.0,0.0,1.4714282155036926,alpha_hor
chrX,58725479,58727479,2000,0.4095,1.973010474715589,5.703680282173666,10.586666831614766,0.7429318852858563,2.248,2.144,0.0,0.0,1.9660262274742126,alpha_hor
chrX,58729479,58731479,2000,0.4075,1.9737640870639674,5.704586609450332,10.573724361243928,0.7347075470723597,2.28,2.136,0.0,0.0,0.40000003814697266,alpha_hor
chrX,58733479,58735479,2000,0.41,1.9736811483494734,5.7114531664350405,10.569115696090217,0.7319661010011943,2.264,2.148,0.0,0.0,0.4863636827468872,alpha_hor
chrX,58737479,58739479,2000,0.407,1.9722467651712798,5.703200362174942,10.569096047840302,0.7401904392146909,2.284,2.108,0.0,0.0,0.0,alpha_hor
chrX,58741479,58743479,2000,0.4065,1.9725226631582196,5.685734442591097,10.543768389164974,0.7155174245742011,2.22,2.116,0.0,0.0,0.9730771968364715,alpha_hor
chrX,58745479,58747479,2000,0.4085,1.972923516269891,5.700912189649322,10.540242273021667,0.7210003167165322,2.236,2.16,0.0,0.0,2.9153845243453977,alpha_hor
chrX,58749479,58751479,2000,0.4085,1.9723874801620305,5.697604337244344,10.526366785907129,0.7292246549300287,2.228,2.14,0.0,0.0,0.5821430847644806,alpha_hor
chrX,58753479,58755479,2000,0.407,1.9729550118975507,5.698163318390133,10.508739067952968,0.7210003167165322,2.228,2.12,0.0,0.0,0.6333330917358398,alpha_hor
chrX,58757479,58759479,2000,0.4075,1.9725150796381328,5.697428632580867,10.532632974999014,0.7237417627876976,2.244,2.132,0.0,0.0,3.4791661591529848,alpha_hor
chrX,58761479,58763479,2000,0.408,1.9732738583921632,5.690388612168575,10.550710446582451,0.7292246549300287,2.232,2.136,0.0,0.0,1.378570034980774,alpha_hor
chrX,58765479,58767479,2000,0.408,1.9732166876570876,5.701027876062178,10.549052756735556,0.756639115641684,2.276,2.12,0.0,0.0,0.9318182706832886,alpha_hor
chrX,58769479,58771479,2000,0.409,1.974069575990009,5.70659505955865,10.565888284297877,0.7319661010011943,2.244,2.108,0.0,0.0,0.6799983415603638,alpha_hor
chrX,58773479,58775479,2000,0.4075,1.9733712488071278,5.69586961358938,10.564103551139926,0.7401904392146909,2.248,2.136,0.0,0.0,0.9971199555397033,alpha_hor
chrX,58777479,58779479,2000,0.406,1.9725448862262736,5.698242406540368,10.520655569026921,0.7401904392146909,2.26,2.128,0.0,0.0,1.149999418735504,alpha_hor
chrX,58781479,58783479,2000,0.4055,1.9717446938175414,5.68936650294305,10.503057805203483,0.7429318852858563,2.232,2.112,0.0,0.0,0.6219738790988922,alpha_hor
chrX,58785479,58787479,2000,0.4045,1.9710171235071772,5.695700306869524,10.527117420366087,0.751156223499353,2.26,2.136,0.0,0.0,1.3379125089645385,alpha_hor
chrX,58789479,58791479,2000,0.4035,1.970246948864377,5.689883025703233,10.55145165571797,0.7264832088588632,2.248,2.132,0.0,0.0,1.192857276916504,alpha_hor
chrX,58793479,58795479,2000,0.408,1.97222246103097,5.702371689382405,10.54245661324065,0.7347075470723597,2.228,2.136,0.0,0.0,0.503125,alpha_hor
chrX,58797479,58799479,2000,0.406,1.9724785732449588,5.696095074218486,10.547986029108813,0.7429318852858563,2.228,2.12,0.0,0.0,1.29,alpha_hor
chrX,58801479,58803479,2000,0.4085,1.9738177608668324,5.711090907952742,10.600846976003655,0.7593805617128495,2.324,2.14,0.0,0.0,1.5140791387557984,alpha_hor
chrX,58805479,58807479,2000,0.4095,1.9737208972417088,5.710350931398279,10.541613740877137,0.7155174245742011,2.252,2.132,0.0,0.0,1.6321129622459412,alpha_hor
chrX,58809479,58811479,2000,0.408,1.9730801905353565,5.713056541466479,10.628843879087642,0.7538976695705184,2.308,2.168,0.0,0.0,0.5599357042312622,alpha_hor
chrX,58813479,58815479,2000,0.4085,1.9732159739248458,5.718239404035027,10.594829805927734,0.7538976695705184,2.3,2.176,0.0,0.0,0.3107144072055817,alpha_hor
chrX,58817479,58819479,2000,0.406,1.9718414428284479,5.701334766396263,10.6073298544684,0.756639115641684,2.312,2.144,0.0,0.0,0.0,alpha_hor
chrX,58821479,58823479,2000,0.408,1.9729685560857648,5.711306286123196,10.594007960689838,0.7319661010011943,2.244,2.14,0.0,0.0,0.0,alpha_hor
chrX,58825479,58827479,2000,0.4065,1.9718578346310163,5.708458967770408,10.603059854392532,0.7484147774281874,2.268,2.172,0.0,0.0,1.6000031852722167,alpha_hor
chrX,58829479,58831479,2000,0.408,1.9730310311345483,5.709018113467705,10.554453750416974,0.7374489931435253,2.256,2.136,0.0,0.0,3.228338101387024,alpha_hor
chrX,58833479,58835479,2000,0.4065,1.972014608178414,5.696748198448061,10.597801365223342,0.7374489931435253,2.256,2.152,0.0,0.0,0.69375,alpha_hor
chrX,58837479,58839479,2000,0.408,1.9732720397222954,5.70045060760334,10.558489008076075,0.751156223499353,2.272,2.12,0.0,0.0,0.9335954966545105,alpha_hor
chrX,58841479,58843479,2000,0.4065,1.9715116501340988,5.694412338037877,10.561944328804419,0.7374489931435253,2.276,2.124,0.0,0.0,0.8954546308517456,alpha_hor
chrX,58845479,58847479,2000,0.4035,1.9701142843851185,5.674694538632232,10.511784097460563,0.7264832088588632,2.228,2.116,0.0,0.0,1.0748253774642944,alpha_hor
chrX,58849479,58851479,2000,0.408,1.9737470062899913,5.718554172174492,10.626315539225235,0.7593805617128495,2.312,2.172,0.0,0.0,1.1109519839286803,alpha_hor
chrX,58853479,58855479,2000,0.4095,1.974326004086317,5.707595498096796,10.564792400143402,0.7456733313570219,2.264,2.128,0.0,0.0,1.6116066601276398,alpha_hor
chrX,58857479,58859479,2000,0.403,1.9703851323207446,5.691331467338425,10.524582052749196,0.7319661010011943,2.232,2.124,0.0,0.0,0.8250003225803375,alpha_hor
chrX,58861479,58863479,2000,0.409,1.9738738798154254,5.717896476177261,10.604838002932805,0.7648634538551805,2.296,2.156,0.0,0.0,1.4000005474090575,alpha_hor
chrX,58865479,58867479,2000,0.4085,1.9730183752800572,5.715437869723474,10.59171574211994,0.7593805617128495,2.252,2.14,0.0,0.0,0.40000003814697266,alpha_hor
chrX,58869479,58871479,2000,0.405,1.9721183131319533,5.697942455701204,10.572563850928201,0.7401904392146909,2.232,2.148,0.0,0.0,0.03571424961090088,alpha_hor
chrX,58873479,58875479,2000,0.4105,1.9737648195779085,5.709698490886193,10.589708887040652,0.7456733313570219,2.284,2.156,0.0,0.0,0.505,alpha_hor
chrX,58877479,58879479,2000,0.41,1.97351482495652,5.699706273058668,10.556359878007177,0.7292246549300287,2.26,2.144,0.0,0.0,0.65625,alpha_hor
chrX,58881479,58883479,2000,0.4105,1.9740303994407835,5.710244395356438,10.61951510576261,0.762122007784015,2.288,2.14,0.0,0.0,0.7555548133850097,alpha_hor
chrX,58885479,58887479,2000,0.4055,1.9710205984953555,5.696186530455997,10.550466361796591,0.7210003167165322,2.24,2.136,0.0,0.0,1.2743937253952027,alpha_hor
chrX,58889479,58891479,2000,0.4105,1.973456393289539,5.712162803343418,10.59771993151794,0.7538976695705184,2.304,2.168,0.0,0.0,0.0,alpha_hor
chrX,58893479,58895479,2000,0.411,1.9748431613170216,5.7147780991870984,10.580994911234354,0.7347075470723597,2.276,2.132,0.0,0.0,0.811080890417099,alpha_hor
chrX,58897479,58899479,2000,0.4125,1.9758101927472902,5.715726847390569,10.598081800200097,0.7374489931435253,2.276,2.156,0.0,0.0,0.484375,alpha_hor
chrX,58901479,58903479,2000,0.408,1.9727823881869777,5.701455089256641,10.554320754182548,0.7347075470723597,2.264,2.16,0.0,0.0,1.4752929282188416,alpha_hor
chrX,58905479,58907479,2000,0.4095,1.974769328513336,5.711225448043331,10.568073550943488,0.7347075470723597,2.292,2.144,0.0,0.0,2.070582581043243,alpha_hor
chrX,58909479,58911479,2000,0.4085,1.9735608818150163,5.712707501939954,10.572925719610344,0.7401904392146909,2.284,2.136,0.0,0.0,1.605,alpha_hor
chrX,58913479,58915479,2000,0.4055,1.9725096167451026,5.6972309252785776,10.54695184745545,0.7401904392146909,2.264,2.14,0.0,0.0,0.895,alpha_hor
chrX,58917479,58919479,2000,0.4095,1.973431398657453,5.709185030968797,10.591871581776205,0.7593805617128495,2.3,2.172,0.0,0.0,0.0,alpha_hor
chrX,58921479,58923479,2000,0.412,1.9750367689513888,5.715463521411987,10.603518812255006,0.756639115641684,2.292,2.156,0.0,0.0,0.0,alpha_hor
chrX,58925479,58927479,2000,0.412,1.9748981197427489,5.721175224438261,10.551897272720106,0.7538976695705184,2.304,2.152,0.0,0.0,2.6348205909729003,alpha_hor
chrX,58929479,58931479,2000,0.415,1.9768906563915754,5.716799749203009,10.60194779438822,0.7484147774281874,2.288,2.148,0.0,0.0,2.175227150917053,alpha_hor
chrX,58933479,58935479,2000,0.4095,1.974001222337377,5.711040761010953,10.562570811079713,0.7456733313570219,2.236,2.132,0.0,0.0,4.299998617172241,alpha_hor
chrX,58937479,58939479,2000,0.4075,1.973410962115672,5.690694002215993,10.543982021501774,0.7401904392146909,2.244,2.128,0.0,0.0,2.2632574319839476,alpha_hor
chrX,58941479,58943479,2000,0.4055,1.970383821848043,5.696415897697557,10.436635287883245,0.7018101942183735,2.112,2.1,0.0,0.0,0.7166663932800293,alpha_hor
chrX,58945479,58947479,2000,0.407,1.972061601211936,5.690851241456063,10.549154502917897,0.7237417627876976,2.232,2.132,0.0,0.0,0.961538102388382,alpha_hor
chrX,58949479,58951479,2000,0.4075,1.9734370033151005,5.692421965805524,10.546580553449855,0.7292246549300287,2.244,2.148,0.0,0.0,0.46538474631309507,alpha_hor
chrX,58953479,58955479,2000,0.4065,1.9721709637142633,5.697159942817953,10.490600691471435,0.7292246549300287,2.196,2.136,0.0,0.0,0.5333331298828125,alpha_hor
chrX,58957479,58959479,2000,0.407,1.9715713230208083,5.698761912219567,10.52734047802636,0.7292246549300287,2.228,2.14,0.0,0.0,2.3286364698410034,alpha_hor
chrX,58961479,58963479,2000,0.4065,1.972377401736441,5.689205274408984,10.588418935844922,0.7401904392146909,2.272,2.152,0.0,0.0,1.37,alpha_hor
chrX,58965479,58967479,2000,0.4045,1.9711422679722166,5.6909518004964,10.507285668073779,0.7100345324318701,2.224,2.132,0.0,0.0,1.4777763261795045,alpha_hor
chrX,58969479,58971479,2000,0.407,1.972157187640146,5.694937700965908,10.551908874522274,0.7347075470723597,2.24,2.128,0.0,0.0,0.527272777557373,alpha_hor
chrX,58973479,58975479,2000,0.407,1.9721881314789977,5.696227749369368,10.521558847970212,0.7237417627876976,2.236,2.12,0.0,0.0,1.3607149035930635,alpha_hor
chrX,58977479,58979479,2000,0.409,1.9735079255762642,5.696303076549168,10.573936614704989,0.7374489931435253,2.264,2.14,0.0,0.0,0.4802382938861847,alpha_hor
chrX,58981479,58983479,2000,0.4095,1.973964566812826,5.695687773537797,10.535933774048997,0.7210003167165322,2.232,2.12,0.0,0.0,1.0411110820770264,alpha_hor
chrX,58985479,58987479,2000,0.404,1.9723771784725668,5.686219562558376,10.060381401720736,0.5674793367312629,1.76,1.952,0.0,0.0,1.8759174389839173,alpha_hor
chrX,58989479,58991479,2000,0.4105,1.9743296771793784,5.706871447020713,10.58581582984916,0.756639115641684,2.28,2.16,0.0,0.0,0.35882374572753906,alpha_hor
chrX,58993479,58995479,2000,0.4095,1.9739764611204509,5.697341679363312,10.579028377064406,0.756639115641684,2.26,2.14,0.0,0.0,0.975,alpha_hor
chrX,58997479,58999479,2000,0.404,1.971535925815855,5.677570926423623,10.501722244402147,0.7155174245742011,2.188,2.1,0.0,0.0,1.5,alpha_hor
chrX,59001479,59003479,2000,0.4065,1.9721969600171014,5.693039832620026,10.499696018301034,0.7072930863607045,2.22,2.124,0.0,0.0,1.1327087020874023,alpha_hor
chrX,59005479,59007479,2000,0.4045,1.9709823307606915,5.6790896511055315,10.4958918095684,0.7210003167165322,2.208,2.112,0.0,0.0,0.4366668748855591,alpha_hor
chrX,59009479,59011479,2000,0.4065,1.973073845448364,5.690117296602126,10.493745124773938,0.7237417627876976,2.22,2.104,0.0,0.0,2.239834326982498,alpha_hor
chrX,59013479,59015479,2000,0.406,1.9718718070624481,5.689585579622979,10.551993065979095,0.7319661010011943,2.244,2.148,0.0,0.0,0.0,alpha_hor
chrX,59017479,59019479,2000,0.4085,1.9733453876116367,5.697518882965853,10.551112990640135,0.7264832088588632,2.248,2.136,0.0,0.0,2.281942681789398,alpha_hor
chrX,59021479,59023479,2000,0.4065,1.9729464367954552,5.68457253619464,10.54804919343999,0.7210003167165322,2.268,2.12,0.0,0.0,2.516664194583893,alpha_hor
chrX,59025479,59027479,2000,0.41,1.9738083222034948,5.7036377441704245,10.347613084715661,0.6689128413643872,2.024,2.084,0.0,0.0,2.1281805515289305,alpha_hor
chrX,59029479,59031479,2000,0.404,1.97102346546941,5.678223671032328,10.494669513797177,0.7264832088588632,2.2,2.1,0.0,0.0,0.685,alpha_hor
chrX,59033479,59035479,2000,0.4075,1.973856622622694,5.694392745875718,10.498840082305286,0.7264832088588632,2.216,2.12,0.0,0.0,0.0,alpha_hor
chrX,59037479,59039479,2000,0.407,1.9728675897900383,5.6935284997167175,10.535033967505772,0.7319661010011943,2.212,2.112,0.0,0.0,2.406247776031494,alpha_hor
chrX,59041479,59043479,2000,0.4045,1.9715683484703457,5.700746007146921,10.542439058515086,0.751156223499353,2.24,2.132,0.0,0.0,1.7625,alpha_hor
chrX,59045479,59047479,2000,0.4085,1.9739006215890866,5.708898905967965,10.543915744952974,0.7347075470723597,2.224,2.124,0.0,0.0,3.23571101474762,alpha_hor
chrX,59049479,59051479,2000,0.4065,1.972559814073768,5.6999134872463575,10.548395822011216,0.7429318852858563,2.232,2.136,0.0,0.0,0.7,alpha_hor
chrX,59053479,59055479,2000,0.4075,1.973790874359971,5.693586737901951,10.497901859819667,0.7292246549300287,2.188,2.084,0.0,0.0,1.0541207304000855,alpha_hor
chrX,59057479,59059479,2000,0.411,1.9752933826077153,5.712499904183493,10.553541046150261,0.7401904392146909,2.26,2.144,0.0,0.0,0.9164289658069611,alpha_hor
chrX,59061479,59063479,2000,0.4055,1.9716656521782931,5.693282614338611,10.527375283432825,0.7237417627876976,2.256,2.132,0.0,0.0,0.63104181599617,alpha_hor
chrX,59065479,59067479,2000,0.4025,1.970536814677632,5.683256890755109,10.533126461039885,0.7264832088588632,2.232,2.124,0.0,0.0,1.4558977174758911,alpha_hor
chrX,59069479,59071479,2000,0.405,1.9717118915580671,5.6853340805171655,10.510307411022701,0.7182588706453666,2.196,2.12,0.0,0.0,0.9454546356201172,alpha_hor
chrX,59073479,59075479,2000,0.4085,1.9733087940841767,5.703319145239178,10.572998226310625,0.7264832088588632,2.252,2.148,0.0,0.0,0.0,alpha_hor
chrX,59077479,59079479,2000,0.4085,1.9738713490272353,5.697235460839712,10.523139374114795,0.7210003167165322,2.212,2.136,0.0,0.0,3.483329911708832,alpha_hor
chrX,59081479,59083479,2000,0.4075,1.9731631217831174,5.695449910028319,10.51152615143948,0.7237417627876976,2.204,2.124,0.0,0.0,2.4761101179122926,alpha_hor
chrX,59085479,59087479,2000,0.406,1.972478573244959,5.694932434634329,10.528266162970931,0.7100345324318701,2.196,2.144,0.0,0.0,2.047915373325348,alpha_hor
chrX,59089479,59091479,2000,0.405,1.9718494099452353,5.690248399165829,10.534656803531158,0.7182588706453666,2.196,2.152,0.0,0.0,2.1345456075668334,alpha_hor
chrX,59093479,59095479,2000,0.4065,1.9729196946442713,5.698311421873618,10.536460470290345,0.7374489931435253,2.236,2.14,0.0,0.0,2.1400000762939455,alpha_hor
chrX,59097479,59099479,2000,0.4095,1.9737638602973022,5.699696938269745,10.51059936484727,0.7264832088588632,2.208,2.116,0.0,0.0,0.5124998044967651,alpha_hor
chrX,59101479,59103479,2000,0.4035,1.9710422798781007,5.677463339956959,10.523002822525953,0.7401904392146909,2.228,2.116,0.0,0.0,1.906893280506134,alpha_hor
chrX,59105479,59107479,2000,0.406,1.9724327275198672,5.698530912147966,10.56396735973354,0.7429318852858563,2.276,2.14,0.0,0.0,0.0,alpha_hor
chrX,59109479,59111479,2000,0.408,1.9738722170010552,5.691679861936138,10.52231890775261,0.7292246549300287,2.228,2.112,0.0,0.0,4.357370327472687,alpha_hor
chrX,59113479,59115479,2000,0.4075,1.9735173653558085,5.684758941592336,10.515695784208697,0.7401904392146909,2.208,2.1,0.0,0.0,1.9112643675804137,alpha_hor
chrX,59117479,59119479,2000,0.4055,1.971823416151546,5.6958658920660845,10.525692296457242,0.7347075470723597,2.232,2.12,0.0,0.0,2.0190936131477355,alpha_hor
chrX,59121479,59123479,2000,0.405,1.9715481954158303,5.683964408607058,10.507168764734839,0.7292246549300287,2.212,2.104,0.0,0.0,1.328125,alpha_hor
chrX,59125479,59127479,2000,0.4075,1.9730413568360081,5.690640194732495,10.505408614056929,0.7264832088588632,2.224,2.104,0.0,0.0,2.319233709335327,alpha_hor
chrX,59129479,59131479,2000,0.4095,1.9743058846622594,5.704216448267348,10.536451044966881,0.7347075470723597,2.232,2.136,0.0,0.0,0.8667279248237609,alpha_hor
chrX,59133479,59135479,2000,0.407,1.9731545750625785,5.6991369941804875,10.531689735328865,0.7456733313570219,2.256,2.132,0.0,0.0,1.0218751430511475,alpha_hor
chrX,59137479,59139479,2000,0.4025,1.9704544582602794,5.681925405127075,10.490424179155719,0.7264832088588632,2.204,2.124,0.0,0.0,0.796410543680191,alpha_hor
chrX,59141479,59143479,2000,0.406,1.9718414428284479,5.694810385636803,10.516953821125316,0.7429318852858563,2.232,2.124,0.0,0.0,1.1249998025894166,alpha_hor
chrX,59145479,59147479,2000,0.4045,1.9714469959051326,5.689401780793384,10.52065628367559,0.7374489931435253,2.204,2.116,0.0,0.0,1.2352934932708741,alpha_hor
chrX,59149479,59151479,2000,0.405,1.9722282785360634,5.692166477540403,10.567018259210194,0.7484147774281874,2.236,2.156,0.0,0.0,1.6859294271469116,alpha_hor
chrX,59153479,59155479,2000,0.408,1.9733324550646518,5.70221393665394,10.51750749741565,0.7319661010011943,2.192,2.144,0.0,0.0,1.3136024446487427,alpha_hor
chrX,59157479,59159479,2000,0.407,1.9727909460446662,5.693248702014425,10.537301963778159,0.7319661010011943,2.224,2.136,0.0,0.0,2.321499741077423,alpha_hor
chrX,59161479,59163479,2000,0.404,1.9720601163319982,5.686532569061873,10.469585939907715,0.6853615177913804,2.18,2.112,0.0,0.0,1.3999910097122192,alpha_hor
chrX,59165479,59167479,2000,0.4075,1.9728255139384414,5.701051969143308,10.559842040648634,0.7456733313570219,2.272,2.136,0.0,0.0,3.1820257601737976,alpha_hor
chrX,59169479,59171479,2000,0.408,1.97319891445506,5.694107220673027,10.52593051127407,0.7127759785030356,2.244,2.12,0.0,0.0,3.919293835401535,alpha_hor
chrX,59173479,59175479,2000,0.403,1.971100001183851,5.686942766569441,10.562711139113219,0.7347075470723597,2.26,2.128,0.0,0.0,4.186592269062996,alpha_hor
chrX,59177479,59179479,2000,0.4075,1.9728693704756557,5.701060426171981,10.524473556040464,0.7155174245742011,2.22,2.136,0.0,0.0,6.010829263210296,alpha_hor
chrX,59181479,59183479,2000,0.408,1.9730639361426725,5.697334494258048,10.522122747187009,0.7127759785030356,2.212,2.12,0.0,0.0,2.733817685961723,alpha_hor
chrX,59185479,59187479,2000,0.407,1.9727605305910387,5.703602473447765,10.540970501479302,0.7292246549300287,2.228,2.136,0.0,0.0,3.695157153248787,alpha_hor
chrX,59189479,59191479,2000,0.408,1.9732934608959365,5.703687001350631,10.5384996770693,0.7182588706453666,2.208,2.14,0.0,0.0,3.8023258278369902,alpha_hor
chrX,59193479,59195479,2000,0.4085,1.9735459503372725,5.7041650135569135,10.547111823738868,0.7319661010011943,2.244,2.148,0.0,0.0,3.161370878458023,alpha_hor
chrX,59197479,59199479,2000,0.4045,1.9719831863188402,5.684465041822431,10.504219030167873,0.7182588706453666,2.2,2.124,0.0,0.0,2.9711470937728883,alpha_hor
chrX,59201479,59203479,2000,0.405,1.971711891558067,5.689447915445439,10.514134108711012,0.7319661010011943,2.22,2.112,0.0,0.0,1.704899510383606,alpha_hor
chrX,59205479,59207479,2000,0.4065,1.9727495042680263,5.69662451784547,10.529600344896592,0.7347075470723597,2.2,2.116,0.0,0.0,3.213672081708908,alpha_hor
chrX,59209479,59211479,2000,0.406,1.9727530430312374,5.696262656284211,10.559204754174177,0.7484147774281874,2.276,2.136,0.0,0.0,4.033939356803894,alpha_hor
chrX,59213479,59215479,2000,0.4065,1.972640040679247,5.695078084322534,10.503306325901129,0.7264832088588632,2.228,2.132,0.0,0.0,3.9466674585342405,alpha_hor
chrX,59217479,59219479,2000,0.409,1.974069575990009,5.700280039160712,10.521054557730178,0.7429318852858563,2.22,2.136,0.0,0.0,0.0,alpha_hor
chrX,59221479,59223479,2000,0.405,1.9720635351897455,5.685598563617308,10.464381189746245,0.7127759785030356,2.204,2.112,0.0,0.0,,alpha_hor
chrX,59225479,59227479,2000,0.4085,1.9735137043614537,5.701465604050854,10.53735570278587,0.7347075470723597,2.248,2.132,0.0,0.0,,alpha_hor
chrX,59229479,59231479,2000,0.4095,1.9741837134848657,5.699256281336368,10.532544209494523,0.7429318852858563,2.244,2.16,0.0,0.0,,alpha_hor
chrX,59233479,59235479,2000,0.4005,1.969514342175681,5.6764679993682625,10.543995002179633,0.7456733313570219,2.248,2.128,0.0,0.0,11.95,alpha_hor
chrX,59237479,59239479,2000,0.409,1.9737554474820325,5.712101256829463,10.542817020092738,0.7319661010011943,2.224,2.152,0.0,0.0,7.806727564811706,alpha_hor
chrX,59241479,59243479,2000,0.4085,1.9734291500132373,5.698821896643587,10.548036129807771,0.7374489931435253,2.204,2.132,0.0,0.0,3.9090895109176635,alpha_hor
chrX,59245479,59247479,2000,0.4065,1.9727295357359533,5.692732101043003,10.53981274891501,0.7319661010011943,2.184,2.116,0.0,0.0,3.978572603702545,alpha_hor
chrX,59249479,59251479,2000,0.4085,1.9739933136180867,5.70514056799305,10.53675561928691,0.7401904392146909,2.252,2.144,0.0,0.0,4.581323862552643,alpha_hor
chrX,59253479,59255479,2000,0.4065,1.9725115331836636,5.689340047262432,10.494330931673712,0.7100345324318701,2.204,2.1,0.0,0.0,7.171448610782623,alpha_hor
chrX,59257479,59259479,2000,0.405,1.9718000254120602,5.687612871359998,10.526071636910585,0.7182588706453666,2.228,2.112,0.0,0.0,2.6639842808246614,alpha_hor
chrX,59261479,59263479,2000,0.405,1.9722282785360634,5.685399511604315,10.489994655049037,0.7155174245742011,2.2,2.108,0.0,0.0,5.37377742767334,alpha_hor
chrX,59265479,59267479,2000,0.408,1.9724867919310929,5.707222078312545,10.543013180658333,0.7319661010011943,2.24,2.14,0.0,0.0,4.126605833411217,alpha_hor
chrX,59269479,59271479,2000,0.406,1.9722939177823353,5.681919943455409,10.515950091921018,0.7182588706453666,2.212,2.108,0.0,0.0,4.551728063702583,alpha_hor
chrX,59273479,59275479,2000,0.4065,1.9727295357359533,5.693060550247103,10.532553717772343,0.7210003167165322,2.22,2.124,0.0,0.0,3.7446360578536986,alpha_hor
chrX,59277479,59279479,2000,0.407,1.9732350689537392,5.69688707382825,10.34948330525175,0.6743957335067183,2.052,2.08,0.0,0.0,3.73037001311779,alpha_hor
chrX,59281479,59283479,2000,0.4055,1.9718476858146299,5.683438463243721,10.510636567822724,0.7182588706453666,2.208,2.112,0.0,0.0,4.895650784134864,alpha_hor
chrX,59285479,59287479,2000,0.403,1.9708357825791414,5.681819874803005,10.548754135338939,0.7237417627876976,2.228,2.116,0.0,0.0,4.498469116687775,alpha_hor
chrX,59289479,59291479,2000,0.4085,1.9726210008338563,5.70154755939603,10.52341487486144,0.7264832088588632,2.216,2.152,0.0,0.0,3.8440162799358366,alpha_hor
chrX,59293479,59295479,2000,0.4065,1.973095724561835,5.696020358799123,10.522197513320359,0.7210003167165322,2.208,2.116,0.0,0.0,4.461080451965332,alpha_hor
chrX,59297479,59299479,2000,0.408,1.9735337359294114,5.695825750036262,10.534521630818023,0.7210003167165322,2.224,2.14,0.0,0.0,3.971768844604492,alpha_hor
chrX,59301479,59303479,2000,0.409,1.9736762186397971,5.692638996581983,10.549354135883583,0.7264832088588632,2.208,2.124,0.0,0.0,4.2912289295196535,alpha_hor
chrX,59305479,59307479,2000,0.409,1.9743658285588235,5.706546459752374,10.54699398466104,0.7429318852858563,2.252,2.132,0.0,0.0,4.61521888923645,alpha_hor
chrX,59309479,59311479,2000,0.407,1.97290639482671,5.692433546428035,10.496763838459595,0.7347075470723597,2.22,2.108,0.0,0.0,4.594077392101288,alpha_hor
chrX,59313479,59315479,2000,0.409,1.9736968628784124,5.693887130438543,10.515630443398782,0.7456733313570219,2.228,2.128,0.0,0.0,3.164078295469284,alpha_hor
chrX,59317479,59319479,2000,0.4095,1.9745282775300619,5.711028208676929,10.553309776133531,0.751156223499353,2.284,2.12,0.0,0.0,2.2411841201782225,alpha_hor
chrX,59321479,59323479,2000,0.4075,1.9734328781616104,5.692560067707992,10.509448362809335,0.7401904392146909,2.22,2.12,0.0,0.0,0.9760239920616149,alpha_hor
chrX,59325479,59327479,2000,0.407,1.9725719386814273,5.697157831848836,10.541955795400675,0.7593805617128495,2.24,2.124,0.0,0.0,0.0,alpha_hor
chrX,59329479,59331479,2000,0.4055,1.9720550672204091,5.697679913981518,10.566209394650175,0.7401904392146909,2.244,2.14,0.0,0.0,0.5233335828781128,alpha_hor
chrX,59333479,59335479,2000,0.4085,1.973084942248014,5.708606306359536,10.595179989853387,0.762122007784015,2.26,2.164,0.0,0.0,2.0590911054611207,alpha_hor
chrX,59337479,59339479,2000,0.4085,1.9736591964715333,5.6979436310553275,10.525709768228447,0.7347075470723597,2.204,2.124,0.0,0.0,2.6784081172943117,alpha_hor
chrX,59341479,59343479,2000,0.4065,1.9727295357359533,5.699500469072786,10.5345610102722,0.7292246549300287,2.24,2.136,0.0,0.0,0.6458330869674682,alpha_hor
chrX,59345479,59347479,2000,0.4085,1.9740800824692686,5.701835516045371,10.525262772350573,0.7100345324318701,2.22,2.116,0.0,0.0,0.3714287166595459,alpha_hor
chrX,59349479,59351479,2000,0.407,1.9726546791909738,5.698208317329616,10.534757170837795,0.7210003167165322,2.236,2.112,0.0,0.0,1.9012040991783141,alpha_hor
chrX,59353479,59355479,2000,0.409,1.974197748430693,5.699733379317121,10.515332536650837,0.7155174245742011,2.2,2.14,0.0,0.0,0.0,alpha_hor
chrX,59357479,59359479,2000,0.4095,1.9737575527662596,5.698323360801654,10.532276838149992,0.7347075470723597,2.228,2.12,0.0,0.0,0.825,alpha_hor
chrX,59361479,59363479,2000,0.408,1.973606861196647,5.709855436453387,10.536037696710062,0.7374489931435253,2.232,2.128,0.0,0.0,1.115,alpha_hor
chrX,59365479,59367479,2000,0.407,1.9732313460399267,5.699815510794528,10.521975391399012,0.7264832088588632,2.22,2.132,0.0,0.0,0.0,alpha_hor
chrX,59369479,59371479,2000,0.409,1.9737749975134944,5.698788868572229,10.53132199667769,0.7264832088588632,2.236,2.128,0.0,0.0,0.0,alpha_hor
chrX,59373479,59375479,2000,0.4065,1.9727081689145658,5.699408781100984,10.531506555441142,0.7264832088588632,2.228,2.14,0.0,0.0,1.8535709953308106,alpha_hor
chrX,59377479,59379479,2000,0.409,1.9742847825605794,5.699406708721559,10.529496588144237,0.7401904392146909,2.26,2.14,0.0,0.0,0.4916676607131958,alpha_hor
chrX,59381479,59383479,2000,0.409,1.9738738798154254,5.691629659254869,10.479432067104991,0.7182588706453666,2.184,2.088,0.0,0.0,3.9446402721405027,alpha_hor
chrX,59385479,59387479,2000,0.4085,1.9736201622220442,5.701945890920472,10.532561764220073,0.7484147774281874,2.248,2.128,0.0,0.0,0.6999992923736572,alpha_hor
chrX,59389479,59391479,2000,0.409,1.974128170699878,5.69373696893624,10.539732112812596,0.7456733313570219,2.264,2.108,0.0,0.0,3.5506923871040343,alpha_hor
chrX,59393479,59395479,2000,0.407,1.9733627325148926,5.7016562442818515,10.53698302990455,0.7429318852858563,2.24,2.14,0.0,0.0,1.5090910530090331,alpha_hor
chrX,59397479,59399479,2000,0.407,1.9729550118975507,5.695870801640701,10.52226734522359,0.7401904392146909,2.224,2.12,0.0,0.0,0.0,alpha_hor
chrX,59401479,59403479,2000,0.407,1.973071806298214,5.696531810308729,10.5316722635577,0.7401904392146909,2.244,2.12,0.0,0.0,0.84230792927742,alpha_hor
chrX,59405479,59407479,2000,0.4075,1.9731631217831178,5.70374391305572,10.53443881823694,0.751156223499353,2.252,2.128,0.0,0.0,0.4444448089599609,alpha_hor
chrX,59409479,59411479,2000,0.4075,1.9733712488071278,5.695349721857174,10.51783527533997,0.7264832088588632,2.188,2.124,0.0,0.0,0.9054170656204223,alpha_hor
chrX,59413479,59415479,2000,0.4065,1.9731151723497746,5.695678408184963,10.556351831559432,0.7401904392146909,2.264,2.156,0.0,0.0,1.5847030074596404,alpha_hor
chrX,59417479,59419479,2000,0.404,1.9716949854980834,5.686205139114418,10.527835342942913,0.7182588706453666,2.24,2.1,0.0,0.0,1.6728761930465699,alpha_hor
chrX,59421479,59423479,2000,0.404,1.9712910876566005,5.688455300011357,10.56146194624737,0.7347075470723597,2.264,2.136,0.0,0.0,1.934668143749237,alpha_hor
chrX,59425479,59427479,2000,0.4055,1.972144849946226,5.683173675073705,10.55916132104725,0.7292246549300287,2.232,2.124,0.0,0.0,1.0441171193122865,alpha_hor
chrX,59429479,59431479,2000,0.407,1.9727276810911905,5.701956322472586,10.544082666036505,0.7264832088588632,2.228,2.132,0.0,0.0,2.226922334432602,alpha_hor
chrX,59433479,59435479,2000,0.4035,1.9713189224899763,5.686111175815222,10.52705555195624,0.7182588706453666,2.196,2.124,0.0,0.0,1.2365381798744202,alpha_hor
chrX,59437479,59439479,2000,0.406,1.971925246371924,5.6957309227570905,10.52859184737089,0.7210003167165322,2.192,2.136,0.0,0.0,0.8391025626659393,alpha_hor
chrX,59441479,59443479,2000,0.409,1.9737749975134944,5.699005281267522,10.52552658834069,0.7210003167165322,2.224,2.14,0.0,0.0,0.3166668176651001,alpha_hor
chrX,59445479,59447479,2000,0.4065,1.9729196946442713,5.692334715592574,10.518986277377875,0.7237417627876976,2.212,2.14,0.0,0.0,0.9096151268482209,alpha_hor
chrX,59449479,59451479,2000,0.409,1.9738433614023145,5.699227712250285,10.530205085397613,0.7347075470723597,2.224,2.124,0.0,0.0,1.1690470547676086,alpha_hor
chrX,59453479,59455479,2000,0.4075,1.9728487685498013,5.69278947083478,10.48929558311911,0.7210003167165322,2.22,2.104,0.0,0.0,3.044229334831238,alpha_hor
chrX,59457479,59459479,2000,0.405,1.972179936894548,5.690681113072781,10.537155986865843,0.7264832088588632,2.228,2.132,0.0,0.0,1.4669872469902039,alpha_hor
chrX,59461479,59463479,2000,0.409,1.9740864156873243,5.7047994342346815,10.549841973045652,0.7319661010011943,2.248,2.156,0.0,0.0,0.5090909576416016,alpha_hor
chrX,59465479,59467479,2000,0.4075,1.9727134927408687,5.693919276296017,10.530767522784332,0.7319661010011943,2.24,2.148,0.0,0.0,0.9125,alpha_hor
chrX,59469479,59471479,2000,0.4025,1.9709288840105044,5.687395994368897,10.565220545374368,0.751156223499353,2.264,2.144,0.0,0.0,1.2339281454086304,alpha_hor
chrX,59473479,59475479,2000,0.408,1.9732703075466116,5.702947210712075,10.522810217314793,0.7374489931435253,2.236,2.144,0.0,0.0,0.9818176364898682,alpha_hor
chrX,59477479,59479479,2000,0.4075,1.9726465890290152,5.695790810774588,10.513374048928627,0.7347075470723597,2.208,2.14,0.0,0.0,1.8059089279174805,alpha_hor
chrX,59481479,59483479,2000,0.4035,1.9716670231035491,5.686004433311664,10.50597105144368,0.7210003167165322,2.192,2.084,0.0,0.0,1.7101649613380432,alpha_hor
chrX,59485479,59487479,2000,0.4075,1.9725152340239183,5.7020060243858115,10.533486153243349,0.7401904392146909,2.256,2.14,0.0,0.0,0.0,alpha_hor
chrX,59489479,59491479,2000,0.409,1.9735784305450201,5.703895630534881,10.488230949016728,0.7127759785030356,2.228,2.1,0.0,0.0,2.6500005252361296,alpha_hor
chrX,59493479,59495479,2000,0.4075,1.9732766469694938,5.700780229158506,10.535496203494592,0.7347075470723597,2.236,2.112,0.0,0.0,1.7628676373958587,alpha_hor
chrX,59497479,59499479,2000,0.4075,1.9728011623368706,5.702438008215588,10.532367780133198,0.7155174245742011,2.224,2.132,0.0,0.0,0.919998896598816,alpha_hor
chrX,59501479,59503479,2000,0.4075,1.9724860108807847,5.698636917915744,10.53842838333602,0.7292246549300287,2.22,2.12,0.0,0.0,1.1983520317077636,alpha_hor
chrX,59505479,59507479,2000,0.406,1.9722939177823349,5.704211345879661,10.547892329374182,0.7264832088588632,2.22,2.148,0.0,0.0,0.4708331537246704,alpha_hor
chrX,59509479,59511479,2000,0.408,1.973450576190761,5.700099138268492,10.530265491977385,0.7155174245742011,2.196,2.148,0.0,0.0,0.4576924364566803,alpha_hor
chrX,59513479,59515479,2000,0.4085,1.973138010449921,5.708019374093375,10.573408102167393,0.7292246549300287,2.248,2.144,0.0,0.0,1.9250011081695557,alpha_hor
chrX,59517479,59519479,2000,0.4065,1.9725889879647853,5.687090442424801,10.540787321591568,0.7292246549300287,2.232,2.128,0.0,0.0,0.0,alpha_hor
chrX,59521479,59523479,2000,0.407,1.9725493425274792,5.6985796003763465,10.52005446683469,0.7347075470723597,2.232,2.128,0.0,0.0,0.6288888015747071,alpha_hor
chrX,59525479,59527479,2000,0.409,1.973413714392044,5.698977796510249,10.553410143440182,0.7374489931435253,2.236,2.116,0.0,0.0,1.099998888015747,alpha_hor
chrX,59529479,59531479,2000,0.404,1.9712378277148082,5.685871735668083,10.52498379920386,0.7347075470723597,2.224,2.132,0.0,0.0,0.81875,alpha_hor
chrX,59533479,59535479,2000,0.407,1.9728444754918535,5.700377020841365,10.542643265528422,0.7319661010011943,2.236,2.144,0.0,0.0,0.503846295595169,alpha_hor
chrX,59537479,59539479,2000,0.408,1.9730801905353565,5.697278244991804,10.54327699664844,0.7374489931435253,2.248,2.144,0.0,0.0,1.105,alpha_hor
chrX,59541479,59543479,2000,0.4045,1.9718595086375665,5.691275903860956,10.528470452938638,0.7401904392146909,2.244,2.132,0.0,0.0,2.020605088233948,alpha_hor
chrX,59545479,59547479,2000,0.4095,1.9740277732602258,5.704591130430282,10.54364829065407,0.7429318852858563,2.232,2.144,0.0,0.0,1.1607147395610808,alpha_hor
chrX,59549479,59551479,2000,0.4065,1.9724187975885403,5.69715044612715,10.57821000422658,0.7484147774281874,2.244,2.14,0.0,0.0,0.815,alpha_hor
chrX,59553479,59555479,2000,0.4045,1.9718086274207125,5.681699457977193,10.49179236888486,0.7292246549300287,2.184,2.104,0.0,0.0,0.93125,alpha_hor
chrX,59557479,59559479,2000,0.4045,1.9713849710212679,5.699372335151527,10.585478543647042,0.751156223499353,2.288,2.16,0.0,0.0,1.7833369388580322,alpha_hor
chrX,59561479,59563479,2000,0.4055,1.972049063493186,5.693679064628012,10.542972422328464,0.7237417627876976,2.24,2.128,0.0,0.0,0.0,alpha_hor
chrX,59565479,59567479,2000,0.4045,1.9717280844529956,5.690940461271773,10.53719950294714,0.7264832088588632,2.24,2.12,0.0,0.0,1.9857122783660888,alpha_hor
chrX,59569479,59571479,2000,0.4085,1.9736121071872008,5.705500354095183,10.554836563270387,0.7237417627876976,2.248,2.136,0.0,0.0,0.4307693519592285,alpha_hor
chrX,59573479,59575479,2000,0.4075,1.9721468329218292,5.696752895270094,10.517611337122343,0.7347075470723597,2.232,2.12,0.0,0.0,1.0916662502288819,alpha_hor
chrX,59577479,59579479,2000,0.4055,1.9719204920566682,5.695583967138703,10.511121209812844,0.7182588706453666,2.216,2.128,0.0,0.0,0.8928574919700623,alpha_hor
chrX,59581479,59583479,2000,0.4075,1.973300998571065,5.706792067566061,10.564557657726636,0.7319661010011943,2.228,2.152,0.0,0.0,0.0,alpha_hor
chrX,59585479,59587479,2000,0.408,1.9729973101843443,5.704850946820388,10.551923234075852,0.7401904392146909,2.252,2.148,0.0,0.0,0.8923079433441162,alpha_hor
chrX,59589479,59591479,2000,0.4085,1.973704514732572,5.708550576954112,10.530983414554214,0.7319661010011943,2.216,2.12,0.0,0.0,0.0,alpha_hor
chrX,59593479,59595479,2000,0.4065,1.9728397708466918,5.7054683463986215,10.556235288402942,0.7374489931435253,2.244,2.152,0.0,0.0,3.1819416995048524,alpha_hor
chrX,59597479,59599479,2000,0.407,1.9726923973581278,5.695504187724652,10.519244223398957,0.7319661010011943,2.236,2.124,0.0,0.0,1.1142845878601073,alpha_hor
chrX,59601479,59603479,2000,0.4055,1.9721764224052611,5.691811695359709,10.560208400424095,0.751156223499353,2.268,2.144,0.0,0.0,1.6666650295257568,alpha_hor
chrX,59605479,59607479,2000,0.406,1.9719679128408798,5.701144571468084,10.57041614744047,0.7456733313570219,2.26,2.148,0.0,0.0,2.1404547023773195,alpha_hor
chrX,59609479,59611479,2000,0.409,1.9735784305450201,5.707576577993408,10.55868153033289,0.7538976695705184,2.252,2.14,0.0,0.0,0.3541665315628052,alpha_hor
chrX,59613479,59615479,2000,0.408,1.9737470062899913,5.700212372251541,10.49137546527359,0.7401904392146909,2.22,2.104,0.0,0.0,1.6346400246620179,alpha_hor
chrX,59617479,59619479,2000,0.4075,1.9731889773734919,5.705060061730582,10.571379118314884,0.7401904392146909,2.252,2.152,0.0,0.0,1.4763067784309387,alpha_hor
chrX,59621479,59623479,2000,0.406,1.971735769701041,5.693091626246536,10.55224158667674,0.751156223499353,2.244,2.14,0.0,0.0,2.462865676641464,alpha_hor
chrX,59625479,59627479,2000,0.4065,1.9720392837768508,5.695880709075402,10.484703536952086,0.7210003167165322,2.18,2.124,0.0,0.0,0.7331579005718232,alpha_hor
chrX,59629479,59631479,2000,0.4075,1.9729583639774777,5.70954222597315,10.580646106184444,0.7484147774281874,2.268,2.16,0.0,0.0,0.6189704484939575,alpha_hor
chrX,59633479,59635479,2000,0.406,1.9719450444967246,5.697086542865738,10.519119273612297,0.7182588706453666,2.22,2.136,0.0,0.0,0.3368422546386719,alpha_hor
chrX,59637479,59639479,2000,0.407,1.97290639482671,5.696205101122781,10.54712698089546,0.7264832088588632,2.252,2.132,0.0,0.0,3.1071440720558168,alpha_hor
chrX,59641479,59643479,2000,0.4085,1.9733453876116367,5.706659686071723,10.537013565307987,0.7264832088588632,2.232,2.132,0.0,0.0,1.908974719285965,alpha_hor
chrX,59645479,59647479,2000,0.4065,1.9719930941001018,5.693184599644533,10.513344892400896,0.7264832088588632,2.22,2.128,0.0,0.0,0.0,alpha_hor
chrX,59649479,59651479,2000,0.4075,1.9732093894306275,5.7043761619532205,10.515788022113245,0.7292246549300287,2.22,2.124,0.0,0.0,1.4323718857765197,alpha_hor
chrX,59653479,59655479,2000,0.408,1.9732166876570876,5.704872397488018,10.565645578387723,0.7374489931435253,2.228,2.148,0.0,0.0,0.0,alpha_hor
chrX,59657479,59659479,2000,0.4065,1.972962013046274,5.695068522015639,10.53772206256135,0.7237417627876976,2.216,2.128,0.0,0.0,0.7534318423271179,alpha_hor
chrX,59661479,59663479,2000,0.408,1.9729380892393935,5.692547695939265,10.529758006565396,0.7155174245742011,2.22,2.128,0.0,0.0,0.0,alpha_hor
chrX,59665479,59667479,2000,0.406,1.9724683715382336,5.700450774678119,10.554019569308277,0.7347075470723597,2.208,2.148,0.0,0.0,1.00357182097435,alpha_hor
chrX,59669479,59671479,2000,0.407,1.9728759793730828,5.705626611540676,10.544218940397245,0.7319661010011943,2.252,2.14,0.0,0.0,5.093027798652649,alpha_hor
chrX,59673479,59675479,2000,0.405,1.971617746154226,5.695220522232719,10.547768758463206,0.7401904392146909,2.244,2.128,0.0,0.0,1.7071683416366576,alpha_hor
chrX,59677479,59679479,2000,0.408,1.9732720397222954,5.704190257755327,10.528314967748537,0.7429318852858563,2.236,2.14,0.0,0.0,0.9194451985359192,alpha_hor
chrX,59681479,59683479,2000,0.4065,1.9729936188428847,5.698071433308446,10.486053811773191,0.7484147774281874,2.244,2.104,0.0,0.0,2.4017016551494597,alpha_hor
chrX,59685479,59687479,2000,0.407,1.9731156014576239,5.685573434154655,10.506327271247038,0.7237417627876976,2.208,2.104,0.0,0.0,0.681993036031723,alpha_hor
chrX,59689479,59691479,2000,0.404,1.9711750126302772,5.686415993524154,10.503162442513213,0.7237417627876976,2.188,2.12,0.0,0.0,0.0,alpha_hor
chrX,59693479,59695479,2000,0.4035,1.9715449052296607,5.690612790451447,10.525486710568199,0.7319661010011943,2.208,2.104,0.0,0.0,1.7579550275802611,alpha_hor
chrX,59697479,59699479,2000,0.4035,1.9705961383944812,5.687922778341276,10.475411966602499,0.704551640289539,2.16,2.124,0.0,0.0,1.120454249382019,alpha_hor
chrX,59701479,59703479,2000,0.4065,1.9724424365527404,5.6960255321665345,10.529616520746448,0.7264832088588632,2.216,2.108,0.0,0.0,0.0,alpha_hor
chrX,59705479,59707479,2000,0.406,1.972912418420717,5.694240287202557,10.537648675303725,0.7127759785030356,2.228,2.128,0.0,0.0,2.092221070766449,alpha_hor
chrX,59709479,59711479,2000,0.4045,1.9719122370167905,5.691342880782213,10.497202787889732,0.7319661010011943,2.244,2.112,0.0,0.0,0.4416666889190674,alpha_hor
chrX,59713479,59715479,2000,0.406,1.9720580086293873,5.691379785763055,10.507561883469071,0.7100345324318701,2.188,2.108,0.0,0.0,0.42083317279815674,alpha_hor
chrX,59717479,59719479,2000,0.4085,1.9735649268048994,5.690533070688081,10.501827462984544,0.7072930863607045,2.208,2.108,0.0,0.0,0.9560898938179017,alpha_hor
chrX,59721479,59723479,2000,0.405,1.971592284180648,5.700323910229594,10.544244901752988,0.7319661010011943,2.236,2.14,0.0,0.0,0.9821967792510986,alpha_hor
chrX,59725479,59727479,2000,0.408,1.9731989144550595,5.694769936118203,10.545430930287642,0.7347075470723597,2.236,2.144,0.0,0.0,0.8477771120071411,alpha_hor
chrX,59729479,59731479,2000,0.405,1.9721652263061138,5.704615758531295,10.529149876618659,0.7347075470723597,2.244,2.132,0.0,0.0,0.0,alpha_hor
chrX,59733479,59735479,2000,0.4065,1.9727838548044907,5.694650868774831,10.537373257511428,0.7237417627876976,2.212,2.132,0.0,0.0,1.45625,alpha_hor
chrX,59737479,59739479,2000,0.407,1.9730950791862345,5.696111603964077,10.524717723780673,0.7264832088588632,2.208,2.132,0.0,0.0,5.491066041946411,alpha_hor
chrX,59741479,59743479,2000,0.4065,1.9731223242229108,5.701496975544901,10.55752248184724,0.7401904392146909,2.268,2.148,0.0,0.0,3.3793616938591002,alpha_hor
chrX,59745479,59747479,2000,0.404,1.9710234654694097,5.691707555682759,10.52196872382697,0.7401904392146909,2.248,2.132,0.0,0.0,3.56666316318512,alpha_hor
chrX,59749479,59751479,2000,0.4085,1.9736201622220442,5.69408488161393,10.563643491629845,0.7484147774281874,2.244,2.152,0.0,0.0,1.1090904426574708,alpha_hor
chrX,59753479,59755479,2000,0.4065,1.9726736196937524,5.689800921585035,10.527342654505034,0.751156223499353,2.268,2.116,0.0,0.0,1.2458331785202026,alpha_hor
chrX,59757479,59759479,2000,0.409,1.9741538050411525,5.699048992649965,10.536630669500195,0.7401904392146909,2.248,2.116,0.0,0.0,0.8791665458679199,alpha_hor
chrX,59761479,59763479,2000,0.408,1.9735902117560415,5.702815596256951,10.533351695178853,0.7292246549300287,2.224,2.124,0.0,0.0,2.0666646366119386,alpha_hor
chrX,59765479,59767479,2000,0.405,1.9726670730647706,5.694027329360974,10.554487758220473,0.7456733313570219,2.256,2.124,0.0,0.0,1.5076384086608887,alpha_hor
chrX,59769479,59771479,2000,0.4055,1.9717641088886657,5.696958061120591,10.537538085070628,0.7401904392146909,2.228,2.128,0.0,0.0,0.0,alpha_hor
chrX,59773479,59775479,2000,0.4085,1.9734443813864255,5.691947905870683,9.842760484714669,0.46604583209813866,1.444,1.804,0.0,0.0,1.935,alpha_hor
chrX,59777479,59779479,2000,0.4035,1.9714205145745367,5.682996186661781,10.528081687161835,0.7347075470723597,2.224,2.116,0.0,0.0,0.0,alpha_hor
chrX,59781479,59783479,2000,0.4085,1.9736484095772,5.705518147186841,10.552088942192396,0.7538976695705184,2.264,2.136,0.0,0.0,1.1875,alpha_hor
chrX,59785479,59787479,2000,0.41,1.9741862339905376,5.7049296659291135,10.557081355938404,0.7456733313570219,2.236,2.14,0.0,0.0,1.589011583328247,alpha_hor
chrX,59789479,59791479,2000,0.405,1.972179936894548,5.694321283858986,10.514379074054219,0.7401904392146909,2.244,2.12,0.0,0.0,1.2666653881072998,alpha_hor
chrX,59793479,59795479,2000,0.411,1.9750100074650165,5.705886519726054,10.529548865321903,0.7456733313570219,2.236,2.124,0.0,0.0,0.0,alpha_hor
chrX,59797479,59799479,2000,0.408,1.9736389561362768,5.711298842455816,10.5400998514638,0.7538976695705184,2.256,2.136,0.0,0.0,1.4401779432296753,alpha_hor
chrX,59801479,59803479,2000,0.4065,1.9735089271969941,5.695768443880479,10.558764425868368,0.7484147774281874,2.228,2.132,0.0,0.0,1.69,alpha_hor
chrX,59805479,59807479,2000,0.4065,1.9720174046633798,5.70028759750007,10.55805592861499,0.7347075470723597,2.216,2.16,0.0,0.0,0.9999990177154541,alpha_hor
chrX,59809479,59811479,2000,0.4085,1.9735069160877834,5.708060890631678,10.569438185318212,0.756639115641684,2.256,2.148,0.0,0.0,0.6958793280124664,alpha_hor
chrX,59813479,59815479,2000,0.4055,1.9717967189932541,5.693084036924344,10.51870730423118,0.7210003167165322,2.24,2.136,0.0,0.0,1.9465065159797668,alpha_hor
chrX,59817479,59819479,2000,0.407,1.9730633285285795,5.69408847521451,10.529529217072012,0.7127759785030356,2.236,2.112,0.0,0.0,2.257032834768295,alpha_hor
chrX,59821479,59823479,2000,0.405,1.9713781495746503,5.7093049477127025,10.586517659530497,0.756639115641684,2.304,2.144,0.0,0.0,2.9663602242469786,alpha_hor
chrX,59825479,59827479,2000,0.409,1.9743397105654101,5.688640934404003,10.517309957974318,0.7182588706453666,2.204,2.116,0.0,0.0,1.6783332569599152,alpha_hor
chrX,59829479,59831479,2000,0.4055,1.9719179695327334,5.704358224053976,10.588093334399305,0.7484147774281874,2.256,2.176,0.0,0.0,0.7125001921653747,alpha_hor
chrX,59833479,59835479,2000,0.409,1.9737371516459605,5.7011881128756645,10.52302610908464,0.7210003167165322,2.208,2.136,0.0,0.0,0.5749998760223388,alpha_hor
chrX,59837479,59839479,2000,0.4065,1.9729196946442713,5.69230894097363,10.52702647838289,0.7237417627876976,2.216,2.128,0.0,0.0,0.0,alpha_hor
chrX,59841479,59843479,2000,0.408,1.9734634676851113,5.7015901015033394,10.52213434898917,0.7127759785030356,2.208,2.12,0.0,0.0,1.112499837875366,alpha_hor
chrX,59845479,59847479,2000,0.409,1.9736762186397971,5.695036325539677,10.513908791617698,0.7210003167165322,2.192,2.124,0.0,0.0,0.3357144169807434,alpha_hor
chrX,59849479,59851479,2000,0.407,1.9732239180886524,5.696800120696499,10.553357866262509,0.7456733313570219,2.272,2.128,0.0,0.0,0.9692310419082641,alpha_hor
chrX,59853479,59855479,2000,0.4085,1.9736776821390514,5.700501113381414,10.506372963807049,0.7182588706453666,2.208,2.128,0.0,0.0,1.83041446685791,alpha_hor
chrX,59857479,59859479,2000,0.409,1.9736968628784124,5.700536560878243,10.5165221205399,0.7319661010011943,2.216,2.14,0.0,0.0,0.2895423741340637,alpha_hor
chrX,59861479,59863479,2000,0.4085,1.9740799418892994,5.695907517888969,10.532667863359851,0.7429318852858563,2.256,2.124,0.0,0.0,2.768748776435852,alpha_hor
chrX,59865479,59867479,2000,0.4075,1.973642125630619,5.692995160605215,10.524431501789214,0.7374489931435253,2.236,2.12,0.0,0.0,1.7678801064491272,alpha_hor
chrX,59869479,59871479,2000,0.4065,1.972457700234913,5.704405746999273,10.486467242984391,0.7374489931435253,2.224,2.12,0.0,0.0,0.9902570719718933,alpha_hor
chrX,59873479,59875479,2000,0.408,1.9732166876570876,5.698380527840146,10.545629267331973,0.7401904392146909,2.244,2.136,0.0,0.0,1.3791667461395263,alpha_hor
chrX,59877479,59879479,2000,0.407,1.9727909460446662,5.703486663587865,10.546911089125597,0.7401904392146909,2.216,2.164,0.0,0.0,2.7282963478565216,alpha_hor
chrX,59881479,59883479,2000,0.407,1.9731327973533883,5.690980140450439,10.521438832413677,0.7264832088588632,2.192,2.1,0.0,0.0,0.8771978211402893,alpha_hor
chrX,59885479,59887479,2000,0.4085,1.9739518469612714,5.7027613858577,10.54251839869613,0.7292246549300287,2.244,2.148,0.0,0.0,0.8306072537899017,alpha_hor
chrX,59889479,59891479,2000,0.4065,1.9726420138971417,5.694423371623087,10.518606936924522,0.7018101942183735,2.208,2.124,0.0,0.0,0.7675443255901336,alpha_hor
chrX,59893479,59895479,2000,0.4065,1.9725889879647853,5.692673022724583,10.536491803296766,0.7210003167165322,2.228,2.132,0.0,0.0,0.9357146515846252,alpha_hor
chrX,59897479,59899479,2000,0.4085,1.9733434454860759,5.693557188891862,10.520020376076857,0.7210003167165322,2.204,2.14,0.0,0.0,2.271875,alpha_hor
chrX,59901479,59903479,2000,0.407,1.9727276810911902,5.697044677553895,10.538828833869335,0.7127759785030356,2.22,2.132,0.0,0.0,2.386262589931488,alpha_hor
chrX,59905479,59907479,2000,0.4095,1.9738811616786276,5.702715077866457,10.537392905761326,0.7292246549300287,2.22,2.128,0.0,0.0,1.180769562959671,alpha_hor
chrX,59909479,59911479,2000,0.4095,1.9740965217792004,5.70262279101331,10.514028890128593,0.7264832088588632,2.208,2.128,0.0,0.0,0.8172617282867431,alpha_hor
chrX,59913479,59915479,2000,0.4065,1.9723403227138856,5.6986933859145275,10.509220952191678,0.704551640289539,2.212,2.136,0.0,0.0,1.0849110932350159,alpha_hor
chrX,59917479,59919479,2000,0.4045,1.9718177379970137,5.683069288582642,10.492886159514963,0.7155174245742011,2.188,2.104,0.0,0.0,1.5432689554691315,alpha_hor
chrX,59921479,59923479,2000,0.4055,1.972035637801579,5.687546189457224,10.53160243165446,0.7319661010011943,2.236,2.124,0.0,0.0,0.0,alpha_hor
chrX,59925479,59927479,2000,0.4075,1.9727281158911147,5.699839313005139,10.4810627769029,0.7182588706453666,2.208,2.1,0.0,0.0,0.0,alpha_hor
chrX,59929479,59931479,2000,0.4065,1.9727295357359533,5.684578468548237,10.49963293692419,0.7264832088588632,2.2,2.096,0.0,0.0,0.1500003032684326,alpha_hor
chrX,59933479,59935479,2000,0.408,1.9739063364118323,5.703642590734898,10.582536140879128,0.762122007784015,2.288,2.168,0.0,0.0,2.1,alpha_hor
chrX,59937479,59939479,2000,0.4065,1.9724108307561294,5.695024965631031,10.529916603973094,0.7429318852858563,2.236,2.124,0.0,0.0,0.0,alpha_hor
chrX,59941479,59943479,2000,0.4045,1.9718086274207125,5.688922798871604,10.511352396875187,0.7347075470723597,2.22,2.116,0.0,0.0,0.38571389579772947,alpha_hor
chrX,59945479,59947479,2000,0.408,1.9731533158025922,5.697266112351049,10.525323178930366,0.7292246549300287,2.224,2.124,0.0,0.0,0.0,alpha_hor
chrX,59949479,59951479,2000,0.4045,1.9710671484217228,5.69078149995379,10.50902826402616,0.7401904392146909,2.212,2.12,0.0,0.0,0.0,alpha_hor
chrX,59953479,59955479,2000,0.403,1.9706974088812597,5.68120800162838,10.457764019125745,0.7072930863607045,2.16,2.08,0.0,0.0,0.529166464805603,alpha_hor
chrX,59957479,59959479,2000,0.407,1.9728882706512634,5.698394286957592,10.55183099617133,0.7374489931435253,2.252,2.14,0.0,0.0,0.4000001125335693,alpha_hor
chrX,59961479,59963479,2000,0.4065,1.972852602357657,5.702418805311742,10.514820199963085,0.7237417627876976,2.24,2.144,0.0,0.0,0.7022322866916656,alpha_hor
chrX,59965479,59967479,2000,0.4055,1.9721206004423082,5.698666753419914,10.542091632340863,0.7319661010011943,2.248,2.124,0.0,0.0,1.8294108400344848,alpha_hor
chrX,59969479,59971479,2000,0.4085,1.97336783826474,5.701506760438469,10.565601264703425,0.7319661010011943,2.26,2.148,0.0,0.0,0.47556794333457947,alpha_hor
chrX,59973479,59975479,2000,0.409,1.9738433614023148,5.696853709697022,10.520226044920266,0.7237417627876976,2.204,2.124,0.0,0.0,1.2166660881042481,alpha_hor
chrX,59977479,59979479,2000,0.4075,1.973300998571065,5.7018868380681225,10.547525969598706,0.7456733313570219,2.252,2.14,0.0,0.0,1.20686851644516,alpha_hor
chrX,59981479,59983479,2000,0.4075,1.9729253809147929,5.6964780426943245,10.519315434177892,0.7237417627876976,2.208,2.144,0.0,0.0,0.2545454788208008,alpha_hor
chrX,59985479,59987479,2000,0.407,1.9729501738123512,5.691460947323283,10.537248307724747,0.7292246549300287,2.236,2.14,0.0,0.0,0.0,alpha_hor
chrX,59989479,59991479,2000,0.4095,1.9745413101936415,5.700668739640538,10.534870518822313,0.7264832088588632,2.216,2.124,0.0,0.0,0.0,alpha_hor
chrX,59993479,59995479,2000,0.4075,1.973107111343981,5.704429052708229,10.519178882589053,0.7347075470723597,2.22,2.132,0.0,0.0,1.9576838755607604,alpha_hor
chrX,59997479,59999479,2000,0.4095,1.9738054057684835,5.700943884976963,10.511283362574964,0.7319661010011943,2.232,2.112,0.0,0.0,1.831374341726303,alpha_hor
chrX,60001479,60003479,2000,0.4055,1.9719179695327334,5.685855787600391,10.51743628663669,0.7264832088588632,2.208,2.1,0.0,0.0,2.2447810451984407,alpha_hor
chrX,60005479,60007479,2000,0.407,1.9727605305910385,5.698177192889747,10.53987453437047,0.7429318852858563,2.236,2.124,0.0,0.0,2.436665144920349,alpha_hor
chrX,60009479,60011479,2000,0.4085,1.9734998965555344,5.703079350842754,10.57043863639614,0.7538976695705184,2.252,2.132,0.0,0.0,2.1759161353111267,alpha_hor
chrX,60013479,60015479,2000,0.407,1.9732032372274277,5.700320463238564,10.52030747862565,0.751156223499353,2.248,2.136,0.0,0.0,0.5088461880683899,alpha_hor
chrX,60017479,60019479,2000,0.4075,1.9732498596734906,5.70706320406264,10.5421622618471,0.7429318852858563,2.232,2.128,0.0,0.0,0.9363637256622315,alpha_hor
chrX,60021479,60023479,2000,0.4035,1.9715449052296603,5.692091683239103,10.538660368001388,0.762122007784015,2.248,2.144,0.0,0.0,0.0,alpha_hor
chrX,60025479,60027479,2000,0.405,1.9717603901214438,5.694087629873984,10.570404628592682,0.7347075470723597,2.236,2.148,0.0,0.0,2.6437488212585447,alpha_hor
chrX,60029479,60031479,2000,0.411,1.9749022210345244,5.709865835020644,10.567785069518996,0.7538976695705184,2.288,2.188,0.0,0.0,1.6277761788368226,alpha_hor
chrX,60033479,60035479,2000,0.406,1.9729452125992823,5.694570552225761,10.548640787354435,0.7264832088588632,2.268,2.116,0.0,0.0,2.895454821586609,alpha_hor
chrX,60037479,60039479,2000,0.408,1.9737442611159084,5.696214590649497,10.54852077179788,0.7237417627876976,2.252,2.124,0.0,0.0,0.9785714607238769,alpha_hor
chrX,60041479,60043479,2000,0.4095,1.9740671996311825,5.703685700612611,10.5193432118299,0.7210003167165322,2.22,2.108,0.0,0.0,0.4428573160171509,alpha_hor
chrX,60045479,60047479,2000,0.408,1.9730453293246135,5.685881735907373,10.483727585399789,0.704551640289539,2.204,2.092,0.0,0.0,0.6000002346038819,alpha_hor
chrX,60049479,60051479,2000,0.4065,1.972318513523992,5.700835221373817,10.56377794969434,0.7374489931435253,2.264,2.164,0.0,0.0,0.9742860960960388,alpha_hor
chrX,60053479,60055479,2000,0.4085,1.9734673584794764,5.699535207371429,10.553532916748148,0.7264832088588632,2.244,2.144,0.0,0.0,2.525273854494095,alpha_hor
chrX,60057479,60059479,2000,0.403,1.9716654789192143,5.687855378026091,10.520285653897027,0.7127759785030356,2.224,2.124,0.0,0.0,0.6911363554000854,alpha_hor
chrX,60061479,60063479,2000,0.406,1.9721211670419534,5.713268690607581,10.58615311605128,0.7264832088588632,2.256,2.14,0.0,0.0,0.4500001266002655,alpha_hor
chrX,60065479,60067479,2000,0.4095,1.974409355227267,5.706546037362505,10.548724978811235,0.7374489931435253,2.224,2.14,0.0,0.0,0.9704545412063599,alpha_hor
chrX,60069479,60071479,2000,0.4055,1.9724181300527184,5.690300503269442,10.530041553759768,0.7429318852858563,2.26,2.116,0.0,0.0,0.7733331532478332,alpha_hor
chrX,60073479,60075479,2000,0.4055,1.9719409797750191,5.694594918345212,10.518114248486656,0.7319661010011943,2.236,2.104,0.0,0.0,0.0,alpha_hor
chrX,60077479,60079479,2000,0.41,1.9745684292916719,5.701525213505499,10.52689210327276,0.7429318852858563,2.216,2.132,0.0,0.0,0.625,alpha_hor
chrX,60081479,60083479,2000,0.409,1.973927590453458,5.699789068038035,10.528684965832785,0.7374489931435253,2.256,2.12,0.0,0.0,0.0,alpha_hor
chrX,60085479,60087479,2000,0.4105,1.9747191773973654,5.700187486531633,10.524615977598305,0.7401904392146909,2.228,2.144,0.0,0.0,0.0,alpha_hor
chrX,60089479,60091479,2000,0.407,1.9727276810911902,5.696514702354093,10.505572145694773,0.7374489931435253,2.236,2.104,0.0,0.0,2.590002628326416,alpha_hor
chrX,60093479,60095479,2000,0.406,1.9721211670419536,5.6899394652633335,10.519877954519002,0.7319661010011943,2.208,2.116,0.0,0.0,7.50834851360321,alpha_hor
chrX,60097479,60099479,2000,0.407,1.9727050583548715,5.702431214823951,10.558590671304081,0.7484147774281874,2.264,2.172,0.0,0.0,1.0500021228790284,alpha_hor
chrX,60101479,60103479,2000,0.407,1.9729197281644884,5.698170037778563,10.567768893669156,0.7484147774281874,2.26,2.14,0.0,0.0,1.05,alpha_hor
chrX,60105479,60107479,2000,0.4045,1.9718352797372736,5.702671666123364,10.560741847191856,0.7401904392146909,2.284,2.164,0.0,0.0,1.8520820727348328,alpha_hor
chrX,60109479,60111479,2000,0.407,1.9726415136424167,5.683653370300618,10.494815490709472,0.7100345324318701,2.2,2.108,0.0,0.0,0.7701381630897522,alpha_hor
chrX,60113479,60115479,2000,0.404,1.9713202816089626,5.692800310717952,10.542223249699564,0.7292246549300287,2.248,2.116,0.0,0.0,1.6463637351989746,alpha_hor
chrX,60117479,60119479,2000,0.411,1.9754669261702742,5.711806470413406,10.583289970510066,0.7401904392146909,2.26,2.164,0.0,0.0,0.0,alpha_hor
chrX,60121479,60123479,2000,0.4045,1.971476279168548,5.6939042556015975,10.545259352202063,0.7182588706453666,2.236,2.128,0.0,0.0,0.0,alpha_hor
chrX,60125479,60127479,2000,0.4105,1.9746102207344534,5.722324569644138,10.610670614245237,0.7456733313570219,2.252,2.172,0.0,0.0,1.245,alpha_hor
chrX,60129479,60131479,2000,0.4075,1.973668357153918,5.698605956165008,10.500547020066627,0.7155174245742011,2.212,2.116,0.0,0.0,1.957140878677368,alpha_hor
chrX,60133479,60135479,2000,0.4055,1.9719409797750187,5.699459065843373,10.57373102881594,0.7292246549300287,2.268,2.164,0.0,0.0,1.3871964874267577,alpha_hor
chrX,60137479,60139479,2000,0.4075,1.9729941345781357,5.6885810779189585,10.521456304184863,0.7210003167165322,2.2,2.132,0.0,0.0,0.0,alpha_hor
chrX,60141479,60143479,2000,0.4055,1.9723524574688887,5.695246947303369,10.550425603466719,0.7429318852858563,2.26,2.132,0.0,0.0,1.0148690958023072,alpha_hor
chrX,60145479,60147479,2000,0.4075,1.9729242686263697,5.693710780946305,10.509723863555994,0.7319661010011943,2.236,2.12,0.0,0.0,1.2458336114883424,alpha_hor
chrX,60149479,60151479,2000,0.4085,1.9733751667030164,5.698769672100797,10.523119642910522,0.7401904392146909,2.232,2.12,0.0,0.0,0.0,alpha_hor
chrX,60153479,60155479,2000,0.4085,1.9742815761565304,5.698013577966153,10.52281021731476,0.751156223499353,2.28,2.132,0.0,0.0,1.6409087467193604,alpha_hor
chrX,60157479,60159479,2000,0.4065,1.972615730115969,5.689659642253344,10.522931528792652,0.7401904392146909,2.228,2.124,0.0,0.0,1.87,alpha_hor
chrX,60161479,60163479,2000,0.406,1.972405213125667,5.6948874692745495,10.498536969815381,0.7292246549300287,2.208,2.112,0.0,0.0,0.8166658644676208,alpha_hor
chrX,60165479,60167479,2000,0.4065,1.9724983525949416,5.6980374699068115,10.561676957459902,0.751156223499353,2.264,2.164,0.0,0.0,0.0,alpha_hor
chrX,60169479,60171479,2000,0.4085,1.9733453876116365,5.708188825010817,10.548528818245629,0.7484147774281874,2.236,2.152,0.0,0.0,2.6033343105316162,alpha_hor
chrX,60173479,60175479,2000,0.4065,1.9727884069143993,5.689886765598047,10.499265198273035,0.7264832088588632,2.184,2.088,0.0,0.0,3.95,alpha_hor
chrX,60177479,60179479,2000,0.4065,1.972640040679247,5.701748835037144,10.541476170595047,0.7264832088588632,2.248,2.128,0.0,0.0,0.0,alpha_hor
chrX,60181479,60183479,2000,0.4065,1.972457700234913,5.69063051685743,10.491604254766983,0.7127759785030356,2.22,2.136,0.0,0.0,0.0,alpha_hor
chrX,60185479,60187479,2000,0.4035,1.9708949352829264,5.687004862782211,10.545246371524199,0.7264832088588632,2.252,2.156,0.0,0.0,0.0,alpha_hor
chrX,60189479,60191479,2000,0.4105,1.9750156477892011,5.698135955288257,10.476496248954785,0.7127759785030356,2.196,2.12,0.0,0.0,1.908335473060608,alpha_hor
chrX,60193479,60195479,2000,0.4095,1.9742307046444934,5.718435732497301,10.584244811982373,0.7374489931435253,2.28,2.184,0.0,0.0,0.0,alpha_hor
chrX,60197479,60199479,2000,0.411,1.974637371397559,5.713472667381651,10.551492414047825,0.7456733313570219,2.264,2.152,0.0,0.0,0.61666606092453,alpha_hor
chrX,60201479,60203479,2000,0.406,1.9719679128408794,5.697914119791868,10.542928274552878,0.7347075470723597,2.248,2.124,0.0,0.0,1.085,alpha_hor
chrX,60205479,60207479,2000,0.405,1.9717697122254443,5.6925041519498345,10.501363931074392,0.7127759785030356,2.208,2.128,0.0,0.0,0.0,alpha_hor
chrX,60209479,60211479,2000,0.405,1.9718494099452353,5.684369395551629,10.502187952791001,0.7155174245742011,2.184,2.112,0.0,0.0,0.7472219548225403,alpha_hor
chrX,60213479,60215479,2000,0.405,1.9718533748869134,5.686185131979848,10.490120983711426,0.7292246549300287,2.22,2.116,0.0,0.0,1.0363637351989745,alpha_hor
chrX,60217479,60219479,2000,0.408,1.9733049447304196,5.699444133027161,10.506893346942555,0.7264832088588632,2.212,2.128,0.0,0.0,2.095,alpha_hor
chrX,60221479,60223479,2000,0.4025,1.970038436389129,5.682364105752157,10.517240043116718,0.7319661010011943,2.208,2.112,0.0,0.0,1.6277761788368226,alpha_hor
chrX,60225479,60227479,2000,0.4045,1.9716633366791412,5.688217034411738,10.520082244486673,0.7292246549300287,2.24,2.12,0.0,0.0,3.603055157184601,alpha_hor
chrX,60229479,60231479,2000,0.406,1.9722183277701792,5.690592049288424,10.515899991222037,0.7319661010011943,2.216,2.14,0.0,0.0,0.0,alpha_hor
chrX,60233479,60235479,2000,0.4045,1.9713583187047068,5.691364289680209,10.49348130878382,0.7155174245742011,2.2,2.116,0.0,0.0,1.3583344774246215,alpha_hor
chrX,60237479,60239479,2000,0.4055,1.9720271816773798,5.6949146318890955,10.545616286654099,0.7210003167165322,2.244,2.144,0.0,0.0,0.0,alpha_hor
chrX,60241479,60243479,2000,0.406,1.9719679128408798,5.6907360141702386,10.523106745187023,0.7237417627876976,2.204,2.132,0.0,0.0,1.2518182516098022,alpha_hor
chrX,60245479,60247479,2000,0.405,1.973058950480057,5.68095404355629,10.04289588423421,0.5510306603042698,1.704,1.912,0.0,0.0,1.5166651768684387,alpha_hor
chrX,60249479,60251479,2000,0.407,1.9727485728414167,5.706500641398779,10.578537150456611,0.7538976695705184,2.26,2.16,0.0,0.0,2.3012110137939454,alpha_hor
chrX,60253479,60255479,2000,0.4075,1.9723908639336603,5.697646088063915,10.556455671266146,0.7456733313570219,2.216,2.136,0.0,0.0,0.0,alpha_hor
chrX,60257479,60259479,2000,0.406,1.9728599219532776,5.689805147205625,10.498055883179699,0.7347075470723597,2.216,2.104,0.0,0.0,0.30357154726982116,alpha_hor
chrX,60261479,60263479,2000,0.4085,1.9722885069903309,5.696716633220756,10.380660631646759,0.6661713952932218,2.076,2.104,0.0,0.0,0.6466669750213623,alpha_hor
chrX,60265479,60267479,2000,0.408,1.973387204336266,5.697059911609678,10.531197046891027,0.7401904392146909,2.196,2.136,0.0,0.0,0.5533335971832275,alpha_hor
chrX,60269479,60271479,2000,0.406,1.9728368465747137,5.686699617736689,10.493298128896093,0.7155174245742011,2.16,2.092,0.0,0.0,1.8689091830253601,alpha_hor
chrX,60273479,60275479,2000,0.406,1.9718221545296515,5.701866784742506,10.54149728067502,0.7347075470723597,2.26,2.144,0.0,0.0,0.0,alpha_hor
chrX,60277479,60279479,2000,0.407,1.9722041774777452,5.695928588082142,10.507192051293526,0.7182588706453666,2.236,2.128,0.0,0.0,0.8964289219379425,alpha_hor
chrX,60281479,60283479,2000,0.406,1.9728113417269157,5.693274172635464,10.539333124109364,0.7401904392146909,2.264,2.148,0.0,0.0,1.3279171180725098,alpha_hor
chrX,60285479,60287479,2000,0.4125,1.9738252108269083,5.706527436407767,10.387399556881991,0.6661713952932218,2.076,2.112,0.0,0.0,1.0797623770236968,alpha_hor
chrX,60289479,60291479,2000,0.4115,1.9743505735328075,5.70506454400558,10.356871860228757,0.6606885031508907,2.056,2.1,0.0,0.0,2.4243602602481844,alpha_hor
chrX,60293479,60295479,2000,0.41,1.9739895555457567,5.683015506231766,10.38185040980957,0.6634299492220562,2.028,2.08,0.0,0.0,1.6,alpha_hor
chrX,60297479,60299479,2000,0.409,1.9719896747922798,5.690791083647431,10.373135442126559,0.6606885031508907,2.024,2.092,0.0,0.0,0.8416683683395386,alpha_hor
chrX,60301479,60303479,2000,0.4085,1.9738713490272353,5.7006951168027475,10.53420052046572,0.7484147774281874,2.244,2.144,0.0,0.0,1.3375,alpha_hor
chrX,60305479,60307479,2000,0.4015,1.969848402052893,5.68239858513672,10.480629697441811,0.7292246549300287,2.196,2.116,0.0,0.0,1.8,alpha_hor
chrX,60309479,60311479,2000,0.4045,1.9713817801487712,5.697562590539593,10.5324309444644,0.7429318852858563,2.244,2.152,0.0,0.0,0.0,alpha_hor
chrX,60313479,60315479,2000,0.405,1.9714285880384108,5.686397699505723,10.542005979054002,0.7347075470723597,2.22,2.144,0.0,0.0,0.9888879175186157,alpha_hor
chrX,60317479,60319479,2000,0.4025,1.9708500928190231,5.676367551348472,10.500712645228838,0.7127759785030356,2.168,2.104,0.0,0.0,0.5142851943969726,alpha_hor
chrX,60321479,60323479,2000,0.411,1.9743363887936374,5.702878670899741,10.341833686319795,0.6552056110085597,2.04,2.092,0.0,0.0,2.311108840942383,alpha_hor
chrX,60325479,60327479,2000,0.405,1.9713885702592693,5.696813578206469,10.534628665696719,0.7538976695705184,2.24,2.148,0.0,0.0,2.4833308939933776,alpha_hor
chrX,60329479,60331479,2000,0.4025,1.9709288840105044,5.687347340780078,10.499099490156468,0.7401904392146909,2.22,2.144,0.0,0.0,0.4428569984436035,alpha_hor
chrX,60333479,60335479,2000,0.406,1.9722101142388586,5.696468424036093,10.514473488437513,0.7456733313570219,2.236,2.136,0.0,0.0,1.8025,alpha_hor
chrX,60337479,60339479,2000,0.405,1.9712653753844964,5.689366049156815,10.49780598360635,0.7374489931435253,2.196,2.132,0.0,0.0,0.6571421928405762,alpha_hor
chrX,60341479,60343479,2000,0.406,1.9728599219532776,5.685362250966561,10.487893662814608,0.7182588706453666,2.18,2.096,0.0,0.0,2.0045450258255006,alpha_hor
chrX,60345479,60347479,2000,0.4065,1.9720980318863301,5.698843012296712,10.514073120858555,0.7292246549300287,2.236,2.136,0.0,0.0,2.2749991321563723,alpha_hor
chrX,60349479,60351479,2000,0.409,1.9740308624528815,5.6968223824296,10.501192352988827,0.7155174245742011,2.224,2.116,0.0,0.0,0.9981058835983276,alpha_hor
chrX,60353479,60355479,2000,0.4035,1.9713987455153155,5.689720095575336,10.558691038610712,0.7374489931435253,2.264,2.144,0.0,0.0,0.5681818723678589,alpha_hor
chrX,60357479,60359479,2000,0.4065,1.9726619197927182,5.696963237923211,10.516317913526565,0.7100345324318701,2.204,2.12,0.0,0.0,1.7055538802146912,alpha_hor
chrX,60361479,60363479,2000,0.408,1.9734201093443902,5.695388546502171,10.491493664533886,0.7127759785030356,2.204,2.116,0.0,0.0,0.0,alpha_hor
chrX,60365479,60367479,2000,0.404,1.9716368824889592,5.693538552430172,10.504461819032372,0.7182588706453666,2.212,2.128,0.0,0.0,0.0,alpha_hor
chrX,60369479,60371479,2000,0.4075,1.972745151897734,5.6993713849872565,10.515876787617723,0.7155174245742011,2.204,2.124,0.0,0.0,2.70714204120636,alpha_hor
chrX,60373479,60375479,2000,0.408,1.9734508555783992,5.693378181826934,10.52434998512949,0.7264832088588632,2.236,2.12,0.0,0.0,2.17,alpha_hor
chrX,60377479,60379479,2000,0.4055,1.9726058202104904,5.684914302652154,10.54051986729267,0.7264832088588632,2.216,2.124,0.0,0.0,0.9214276399612427,alpha_hor
chrX,60381479,60383479,2000,0.406,1.9720908028079527,5.69780631466366,10.51899570270132,0.7292246549300287,2.224,2.104,0.0,0.0,0.39444405698776247,alpha_hor
chrX,60385479,60387479,2000,0.41,1.9740680918114981,5.702018100892311,10.5266130471717,0.7347075470723597,2.256,2.1,0.0,0.0,0.0,alpha_hor
chrX,60389479,60391479,2000,0.4055,1.971888844728072,5.68500679686362,10.528644207502921,0.7374489931435253,2.208,2.136,0.0,0.0,0.975,alpha_hor
chrX,60393479,60395479,2000,0.4075,1.9728985936187893,5.70997686907288,10.541659350482764,0.7484147774281874,2.24,2.152,0.0,0.0,0.0,alpha_hor
chrX,60397479,60399479,2000,0.408,1.973351860978445,5.70455336703266,10.484803821304336,0.7292246549300287,2.22,2.124,0.0,0.0,0.525,alpha_hor
chrX,60401479,60403479,2000,0.4025,1.9705054205350703,5.6848877596095395,10.502121233105381,0.7347075470723597,2.248,2.12,0.0,0.0,1.972915078639984,alpha_hor
chrX,60405479,60407479,2000,0.4075,1.9731631217831174,5.702626196570537,10.503847736162273,0.7347075470723597,2.216,2.152,0.0,0.0,1.1289773178100586,alpha_hor
chrX,60409479,60411479,2000,0.406,1.9723258485978268,5.695908723153299,10.505734215502565,0.7401904392146909,2.2,2.128,0.0,0.0,2.5414290490150453,alpha_hor
chrX,60413479,60415479,2000,0.406,1.9724327275198674,5.684686876677507,10.499482385964255,0.7100345324318701,2.188,2.096,0.0,0.0,0.9909091854095459,alpha_hor
chrX,60417479,60419479,2000,0.406,1.9715474156723207,5.692322395764966,10.561258674972942,0.7484147774281874,2.268,2.128,0.0,0.0,0.9741670086383819,alpha_hor
chrX,60421479,60423479,2000,0.407,1.9726145263749622,5.6938268443197115,10.497655515600732,0.7072930863607045,2.204,2.096,0.0,0.0,0.25000020503997805,alpha_hor
chrX,60425479,60427479,2000,0.4065,1.972255842015826,5.690122331445835,10.537802781618103,0.7401904392146909,2.256,2.128,0.0,0.0,1.3115381395816803,alpha_hor
chrX,60429479,60431479,2000,0.4095,1.9742643477726574,5.714108916030005,10.564662876309063,0.7237417627876976,2.264,2.156,0.0,0.0,1.4753784656524658,alpha_hor
chrX,60433479,60435479,2000,0.4065,1.9719371780579007,5.689260904661502,10.491080316277051,0.7237417627876976,2.22,2.1,0.0,0.0,0.615,alpha_hor
chrX,60437479,60439479,2000,0.405,1.9720746652059382,5.6997166446877525,10.511304389700584,0.7237417627876976,2.204,2.124,0.0,0.0,0.0,alpha_hor
chrX,60441479,60443479,2000,0.409,1.9738872786575492,5.702348489211155,10.541954499479317,0.7210003167165322,2.224,2.136,0.0,0.0,1.224999532699585,alpha_hor
chrX,60445479,60447479,2000,0.4075,1.9731893454904228,5.691661722012461,10.52695171224954,0.7264832088588632,2.232,2.128,0.0,0.0,0.46363640785217286,alpha_hor
chrX,60449479,60451479,2000,0.407,1.9727909460446662,5.69503959240212,10.514781618111913,0.7127759785030356,2.204,2.124,0.0,0.0,0.9832420861721038,alpha_hor
chrX,60453479,60455479,2000,0.408,1.973504196080285,5.698740262977078,10.502268588893381,0.7237417627876976,2.212,2.148,0.0,0.0,0.9686813542842865,alpha_hor
chrX,60457479,60459479,2000,0.408,1.972791838287167,5.6956019008793195,10.515825225088692,0.7319661010011943,2.236,2.124,0.0,0.0,1.1150733480453492,alpha_hor
chrX,60461479,60463479,2000,0.4075,1.973276646969494,5.69479880888518,10.496740551900906,0.7182588706453666,2.216,2.12,0.0,0.0,0.8606252241134643,alpha_hor
chrX,60465479,60467479,2000,0.4065,1.9723506595852573,5.696499295509409,10.503077453453384,0.7319661010011943,2.204,2.124,0.0,0.0,0.0,alpha_hor
chrX,60469479,60471479,2000,0.4085,1.9735459503372725,5.701540733780899,10.49389923108831,0.7347075470723597,2.216,2.14,0.0,0.0,0.993406937122345,alpha_hor
chrX,60473479,60475479,2000,0.407,1.9730182768510267,5.696349605697927,10.506117111310308,0.7456733313570219,2.236,2.116,0.0,0.0,0.46363640785217286,alpha_hor
chrX,60477479,60479479,2000,0.4045,1.9715705854940464,5.688543985435917,10.493604879694804,0.7401904392146909,2.216,2.124,0.0,0.0,0.6409091520309448,alpha_hor
chrX,60481479,60483479,2000,0.405,1.9717369731821106,5.681886054332944,10.50077087532991,0.7292246549300287,2.208,2.124,0.0,0.0,0.0,alpha_hor
chrX,60485479,60487479,2000,0.4075,1.9729497325163636,5.6962323645218085,10.482886091912022,0.7210003167165322,2.196,2.12,0.0,0.0,0.6333330917358398,alpha_hor
chrX,60489479,60491479,2000,0.4075,1.9725150796381328,5.701175384135097,10.526868899668468,0.7347075470723597,2.256,2.148,0.0,0.0,0.3541665315628052,alpha_hor
chrX,60493479,60495479,2000,0.405,1.9719910025444685,5.688699483358783,10.497684589174089,0.7127759785030356,2.224,2.108,0.0,0.0,1.1000014028549194,alpha_hor
chrX,60497479,60499479,2000,0.405,1.9717369731821106,5.689195009871174,10.509971586650641,0.7210003167165322,2.24,2.104,0.0,0.0,0.8778846220970153,alpha_hor
chrX,60501479,60503479,2000,0.4075,1.9726428656499855,5.702866503843085,10.533873540144427,0.7237417627876976,2.228,2.152,0.0,0.0,0.0,alpha_hor
chrX,60505479,60507479,2000,0.4095,1.9734157525440037,5.695825542178683,10.526267797476198,0.7264832088588632,2.232,2.12,0.0,0.0,1.5454537391662597,alpha_hor
chrX,60509479,60511479,2000,0.407,1.9720999131677335,5.70732442425153,10.565420261294406,0.7401904392146909,2.26,2.148,0.0,0.0,0.0,alpha_hor
chrX,60513479,60515479,2000,0.408,1.9728698408734484,5.695727419314044,10.532993547759828,0.7292246549300287,2.24,2.152,0.0,0.0,1.9357123289108276,alpha_hor
chrX,60517479,60519479,2000,0.4055,1.972272505204782,5.696795837549666,10.517885458993273,0.7210003167165322,2.204,2.124,0.0,0.0,2.5944418959617614,alpha_hor
chrX,60521479,60523479,2000,0.408,1.9732720397222954,5.698525605817686,10.509920024121612,0.7182588706453666,2.2,2.128,0.0,0.0,1.715,alpha_hor
chrX,60525479,60527479,2000,0.4075,1.9729242686263702,5.703160088624725,10.498115492156455,0.7155174245742011,2.204,2.116,0.0,0.0,0.0,alpha_hor
chrX,60529479,60531479,2000,0.408,1.9733634404354048,5.698464098218771,10.533719516784386,0.7292246549300287,2.244,2.128,0.0,0.0,0.5181818675994873,alpha_hor
chrX,60533479,60535479,2000,0.4065,1.9724716104437579,5.697031520063923,10.503119590658963,0.7347075470723597,2.228,2.112,0.0,0.0,0.9888879175186157,alpha_hor
chrX,60537479,60539479,2000,0.4085,1.9735459503372725,5.696789884553171,10.531158465039843,0.7374489931435253,2.232,2.124,0.0,0.0,0.3,alpha_hor
chrX,60541479,60543479,2000,0.407,1.9726086641425684,5.6988501315248605,10.521104741383494,0.7429318852858563,2.256,2.148,0.0,0.0,0.8277769646644593,alpha_hor
chrX,60545479,60547479,2000,0.4075,1.9730192462774765,5.6943874441550415,10.482822927580797,0.7210003167165322,2.192,2.116,0.0,0.0,0.9857132892608642,alpha_hor
chrX,60549479,60551479,2000,0.407,1.9729197281644884,5.687935958427541,10.501448920134207,0.7319661010011943,2.212,2.132,0.0,0.0,1.5866688232421875,alpha_hor
chrX,60553479,60555479,2000,0.4045,1.9717480519234885,5.690752489424561,10.537216393445636,0.7429318852858563,2.232,2.152,0.0,0.0,0.0,alpha_hor
chrX,60557479,60559479,2000,0.406,1.9714988354459593,5.696878963227965,10.520461584940056,0.7401904392146909,2.212,2.136,0.0,0.0,1.5166652202606201,alpha_hor
chrX,60561479,60563479,2000,0.408,1.9729051842312693,5.695766391471665,10.532755167034301,0.7347075470723597,2.244,2.148,0.0,0.0,0.6636364269256592,alpha_hor
chrX,60565479,60567479,2000,0.404,1.9715899689081344,5.692630882843021,10.522367712530245,0.7127759785030356,2.232,2.132,0.0,0.0,0.4807693660259247,alpha_hor
chrX,60569479,60571479,2000,0.406,1.9721044411114521,5.692888218632964,10.517777045238896,0.7155174245742011,2.244,2.124,0.0,0.0,1.4374999923706056,alpha_hor
chrX,60573479,60575479,2000,0.407,1.9722630390402107,5.698766038647957,10.511878511843836,0.7210003167165322,2.208,2.128,0.0,0.0,0.6714288339614868,alpha_hor
chrX,60577479,60579479,2000,0.4075,1.972739124587741,5.687903454807348,10.495048854250532,0.7127759785030356,2.216,2.112,0.0,0.0,1.4336536612510682,alpha_hor
chrX,60581479,60583479,2000,0.406,1.9722404784728593,5.696044220907284,10.534027646458815,0.7292246549300287,2.248,2.156,0.0,0.0,1.6766663932800292,alpha_hor
chrX,60585479,60587479,2000,0.4075,1.9725624921571059,5.6975588394349765,10.533946129799062,0.7319661010011943,2.224,2.152,0.0,0.0,4.08347033405304,alpha_hor
chrX,60589479,60591479,2000,0.4045,1.9719122370167905,5.69379087258279,10.519003832103413,0.7237417627876976,2.216,2.136,0.0,0.0,1.0642848405838012,alpha_hor
chrX,60593479,60595479,2000,0.4755,1.9539018998927242,5.772788811973695,10.95754769030528,0.9485403406232704,2.688,2.448,0.0,0.675,0.42,alpha_hor
chrX,60597479,60599479,2000,0.391,1.9219925971651493,5.63680669965534,10.899207788423688,0.9293502181251118,2.652,2.416,0.0,0.0,3.0303550271987914,alpha_hor
chrX,60601479,60603479,2000,0.408,1.9732703075466118,5.699881491519194,10.521057315481606,0.7374489931435253,2.228,2.156,0.0,0.0,1.2357130365371705,alpha_hor
chrX,60605479,60607479,2000,0.405,1.9713429844894876,5.690591564951031,10.501233111318683,0.7182588706453666,2.22,2.108,0.0,0.0,1.1863637018203734,alpha_hor
chrX,60609479,60611479,2000,0.408,1.9730310311345483,5.698868858547462,10.53749327306796,0.7401904392146909,2.252,2.14,0.0,0.0,1.4363628578186036,alpha_hor
chrX,60613479,60615479,2000,0.4065,1.9723506595852573,5.70261067579001,10.494165223557147,0.7237417627876976,2.22,2.128,0.0,0.0,0.43749983310699464,alpha_hor
chrX,60617479,60619479,2000,0.408,1.9732720397222954,5.709672528506526,10.507519031614823,0.7456733313570219,2.252,2.136,0.0,0.0,1.7940474650859832,alpha_hor
chrX,60621479,60623479,2000,0.4075,1.973276646969494,5.702013329379382,10.489611759241265,0.7374489931435253,2.224,2.124,0.0,0.0,0.917857501745224,alpha_hor
chrX,60625479,60627479,2000,0.407,1.9726546791909738,5.7003323476785095,10.51250419651612,0.7374489931435253,2.22,2.132,0.0,0.0,0.0,alpha_hor
chrX,60629479,60631479,2000,0.407,1.9727909460446664,5.696541628106813,10.533063296708715,0.756639115641684,2.244,2.132,0.0,0.0,0.7714277915954589,alpha_hor
chrX,60633479,60635479,2000,0.4055,1.9717967189932541,5.692805642143213,10.50513986383671,0.7264832088588632,2.208,2.12,0.0,0.0,0.8,alpha_hor
chrX,60637479,60639479,2000,0.407,1.9719247207358226,5.692320360953429,10.555572040572777,0.7292246549300287,2.264,2.14,0.0,0.0,0.7499992632865906,alpha_hor
chrX,60641479,60643479,2000,0.4055,1.9723758584136826,5.686884609488531,10.499415666278644,0.7100345324318701,2.204,2.136,0.0,0.0,1.3277764735221862,alpha_hor
chrX,60645479,60647479,2000,0.4065,1.9725282082771574,5.688865609987331,10.510401110757318,0.7155174245742011,2.216,2.156,0.0,0.0,0.89375,alpha_hor
chrX,60649479,60651479,2000,0.4075,1.9728877368865938,5.696943244131186,10.498359078623968,0.7155174245742011,2.204,2.116,0.0,0.0,0.94,alpha_hor
chrX,60653479,60655479,2000,0.406,1.971925246371924,5.689061317475458,10.52385244541585,0.7264832088588632,2.236,2.12,0.0,0.0,2.2490397787094114,alpha_hor
chrX,60657479,60659479,2000,0.4045,1.9712367669919935,5.6980197451180645,10.546846628873045,0.7264832088588632,2.252,2.14,0.0,0.0,2.31875,alpha_hor
chrX,60661479,60663479,2000,0.4065,1.9716998047499605,5.689940549461566,10.544361361955112,0.7347075470723597,2.236,2.136,0.0,0.0,0.6611104617118836,alpha_hor
chrX,60665479,60667479,2000,0.4055,1.9723758584136823,5.692930325694788,10.53358652054997,0.7237417627876976,2.216,2.128,0.0,0.0,0.9848207931518554,alpha_hor
chrX,60669479,60671479,2000,0.4085,1.9734998965555344,5.69526537280785,10.513897987418542,0.7100345324318701,2.204,2.116,0.0,0.0,0.0,alpha_hor
chrX,60673479,60675479,2000,0.407,1.972843129873234,5.694014433285212,10.490554998911422,0.7237417627876976,2.192,2.132,0.0,0.0,0.0,alpha_hor
chrX,60677479,60679479,2000,0.406,1.972735406756705,5.69462612100623,10.505828712840158,0.7237417627876976,2.212,2.112,0.0,0.0,0.0,alpha_hor
chrX,60681479,60683479,2000,0.4065,1.9723214856942402,5.698962539617358,10.494340356997144,0.7374489931435253,2.228,2.136,0.0,0.0,1.71136323928833,alpha_hor
chrX,60685479,60687479,2000,0.405,1.9710961470330646,5.69274230870546,10.509177436110377,0.7319661010011943,2.224,2.144,0.0,0.0,1.7177272939682007,alpha_hor
chrX,60689479,60691479,2000,0.408,1.973387204336266,5.7045427904657195,10.493899231088312,0.7374489931435253,2.232,2.132,0.0,0.0,0.4727273178100586,alpha_hor
chrX,60693479,60695479,2000,0.4075,1.9728011623368702,5.697672898236582,10.502993261996586,0.7347075470723597,2.224,2.132,0.0,0.0,1.2322213654518128,alpha_hor
chrX,60697479,60699479,2000,0.407,1.9727701279730179,5.698706084750452,10.496504430608445,0.7292246549300287,2.212,2.12,0.0,0.0,1.3844435167312623,alpha_hor
chrX,60701479,60703479,2000,0.4055,1.972200692068345,5.691945540372759,10.519659387952073,0.7374489931435253,2.232,2.116,0.0,0.0,0.475,alpha_hor
chrX,60705479,60707479,2000,0.406,1.9712136347981324,5.696299957062727,10.506421768584683,0.7292246549300287,2.208,2.14,0.0,0.0,0.0,alpha_hor
chrX,60709479,60711479,2000,0.407,1.9722301895403622,5.687410799260117,10.535696855153544,0.7292246549300287,2.2,2.128,0.0,0.0,0.2874998903274536,alpha_hor
chrX,60713479,60715479,2000,0.403,1.970756654210909,5.683195450536754,10.501192352988832,0.704551640289539,2.22,2.132,0.0,0.0,0.0,alpha_hor
chrX,60717479,60719479,2000,0.4045,1.9716173021581118,5.688711590887415,10.502894356520022,0.7182588706453666,2.22,2.112,0.0,0.0,0.5817306926250457,alpha_hor
chrX,60721479,60723479,2000,0.407,1.9726923973581274,5.70453528097353,10.510740490483792,0.7292246549300287,2.216,2.128,0.0,0.0,2.584026375293732,alpha_hor
chrX,60725479,60727479,2000,0.4065,1.9727027935847696,5.675975865237981,10.477424774605144,0.7018101942183735,2.188,2.1,0.0,0.0,1.4127273273468017,alpha_hor
chrX,60729479,60731479,2000,0.407,1.9723469839410255,5.7103518112410345,10.535853137946624,0.7210003167165322,2.232,2.148,0.0,0.0,2.296911123752594,alpha_hor
chrX,60733479,60735479,2000,0.409,1.9737371516459605,5.696425757912917,10.525455377561755,0.7182588706453666,2.228,2.132,0.0,0.0,0.0,alpha_hor
chrX,60737479,60739479,2000,0.403,1.971287126744197,5.696815562775482,10.528561394921828,0.7210003167165322,2.224,2.144,0.0,0.0,0.7145834684371948,alpha_hor
chrX,60741479,60743479,2000,0.4075,1.9729583639774773,5.7016891050773335,10.516134733638822,0.7182588706453666,2.232,2.124,0.0,0.0,0.4444448089599609,alpha_hor
chrX,60745479,60747479,2000,0.409,1.973852033490286,5.704991306031924,10.525551170820727,0.7456733313570219,2.244,2.14,0.0,0.0,0.7777784156799317,alpha_hor
chrX,60749479,60751479,2000,0.4025,1.9708781731427982,5.69016438693165,10.524453907790544,0.7429318852858563,2.252,2.116,0.0,0.0,1.324182195186615,alpha_hor
chrX,60753479,60755479,2000,0.406,1.9716360551009364,5.69267470471941,10.515771486080943,0.7347075470723597,2.24,2.112,0.0,0.0,2.3023895988464353,alpha_hor
chrX,60757479,60759479,2000,0.4065,1.9723014200675124,5.698228877342107,10.530245677818765,0.7538976695705184,2.248,2.128,0.0,0.0,1.6678577950000764,alpha_hor
chrX,60761479,60763479,2000,0.406,1.97225783011008,5.6921813701380435,10.507313445725758,0.7401904392146909,2.24,2.132,0.0,0.0,1.4230773820877076,alpha_hor
chrX,60765479,60767479,2000,0.407,1.9725493425274792,5.694932501616645,10.492014130623732,0.7374489931435253,2.224,2.124,0.0,0.0,1.0967951085567473,alpha_hor
chrX,60769479,60771479,2000,0.406,1.9720580086293873,5.696829664918092,10.494014755551555,0.7264832088588632,2.2,2.112,0.0,0.0,0.6624997472763061,alpha_hor
chrX,60773479,60775479,2000,0.404,1.9714038038613628,5.690425902683625,10.530277010825209,0.7429318852858563,2.244,2.12,0.0,0.0,2.735577452421188,alpha_hor
chrX,60777479,60779479,2000,0.4065,1.9726619197927182,5.702625737745257,10.500967118849875,0.7292246549300287,2.212,2.124,0.0,0.0,0.3916665172576904,alpha_hor
chrX,60781479,60783479,2000,0.4075,1.9727635211821215,5.698276714255545,10.492761209728307,0.7237417627876976,2.22,2.108,0.0,0.0,0.425,alpha_hor
chrX,60785479,60787479,2000,0.404,1.9717352378868203,5.692021171037241,10.551463257520137,0.7264832088588632,2.248,2.148,0.0,0.0,1.3102273273468017,alpha_hor
chrX,60789479,60791479,2000,0.405,1.9721652263061142,5.690409915047992,10.486846583437751,0.699068748147208,2.216,2.116,0.0,0.0,0.704545521736145,alpha_hor
chrX,60793479,60795479,2000,0.405,1.971624198991957,5.700866137562692,10.510544329918183,0.7319661010011943,2.22,2.12,0.0,0.0,0.4249998378753662,alpha_hor
chrX,60797479,60799479,2000,0.407,1.9726259862728515,5.694067565652414,10.48003664169731,0.7100345324318701,2.204,2.096,0.0,0.0,2.286642146110535,alpha_hor
chrX,60801479,60803479,2000,0.4065,1.972494170395354,5.7032374062394915,10.513539757045166,0.7210003167165322,2.216,2.124,0.0,0.0,1.1833336029052735,alpha_hor
chrX,60805479,60807479,2000,0.408,1.9728750255163003,5.697007743548343,10.502217109318707,0.7182588706453666,2.212,2.148,0.0,0.0,0.6590196447372436,alpha_hor
chrX,60809479,60811479,2000,0.4045,1.9720389145186308,5.696417363568239,10.513978706475273,0.7210003167165322,2.224,2.132,0.0,0.0,4.077619898080826,alpha_hor
chrX,60813479,60815479,2000,0.407,1.9730950791862345,5.699234696298554,10.480057751777277,0.7100345324318701,2.196,2.128,0.0,0.0,3.2053658010959625,alpha_hor
chrX,60817479,60819479,2000,0.4095,1.9743287093704927,5.700920716806879,10.510179266064053,0.7210003167165322,2.188,2.12,0.0,0.0,0.4052748944759369,alpha_hor
chrX,60821479,60823479,2000,0.4035,1.9713987455153155,5.690833048825265,10.502455324135532,0.7319661010011943,2.232,2.096,0.0,0.0,0.546428785085678,alpha_hor
chrX,60825479,60827479,2000,0.4055,1.9718572921121162,5.693105110209369,10.519908489922393,0.7292246549300287,2.244,2.128,0.0,0.0,0.49444395875930786,alpha_hor
chrX,60829479,60831479,2000,0.4105,1.9747512869665547,5.703112671664967,10.552785754689248,0.7484147774281874,2.248,2.152,0.0,0.0,0.8775642445087433,alpha_hor
chrX,60833479,60835479,2000,0.407,1.9732593276204504,5.6982031534737265,10.514121925636129,0.7374489931435253,2.236,2.132,0.0,0.0,1.5285715155601503,alpha_hor
chrX,60837479,60839479,2000,0.4085,1.9737508606145489,5.6931489243278275,10.493079562329134,0.7401904392146909,2.204,2.132,0.0,0.0,0.30357154726982116,alpha_hor
chrX,60841479,60843479,2000,0.4015,1.969513066895907,5.688323023371944,10.503153681416824,0.7538976695705184,2.244,2.136,0.0,0.0,0.0,alpha_hor
chrX,60845479,60847479,2000,0.4025,1.9711408620107238,5.696008137158726,10.533526911573228,0.7456733313570219,2.232,2.156,0.0,0.0,0.8227273511886597,alpha_hor
chrX,60849479,60851479,2000,0.4,1.9684349682598463,5.695467390334182,10.518050369506835,0.7319661010011943,2.22,2.124,0.0,0.0,1.3511365792751313,alpha_hor
chrX,60853479,60855479,2000,0.405,1.9716241989919567,5.712263000274288,10.569013235259227,0.7484147774281874,2.24,2.144,0.0,0.0,0.0,alpha_hor
chrX,60857479,60859479,2000,0.404,1.9708272703653793,5.689613890019753,10.54510394996634,0.7319661010011943,2.252,2.124,0.0,0.0,0.733332612991333,alpha_hor
chrX,60861479,60863479,2000,0.405,1.971592284180648,5.694652583895174,10.510341501780534,0.7264832088588632,2.224,2.108,0.0,0.0,0.84,alpha_hor
chrX,60865479,60867479,2000,0.4035,1.9707004457210293,5.702723113418167,10.566558282654443,0.7401904392146909,2.244,2.144,0.0,0.0,0.5166664695739747,alpha_hor
chrX,60869479,60871479,2000,0.4075,1.9725857067290165,5.685524093834397,10.53912398286588,0.7429318852858563,2.26,2.124,0.0,0.0,0.2749998950958252,alpha_hor
chrX,60873479,60875479,2000,0.407,1.9722301895403622,5.702931666835157,10.61191393714206,0.7593805617128495,2.296,2.18,0.0,0.0,2.209545512199402,alpha_hor
chrX,60877479,60879479,2000,0.408,1.9727404302036453,5.699355254660831,10.542229202622948,0.7237417627876976,2.236,2.12,0.0,0.0,2.424360667705536,alpha_hor
chrX,60881479,60883479,2000,0.4045,1.9715615739583205,5.69821088988926,10.552567271076677,0.7401904392146909,2.248,2.164,0.0,0.0,1.3192301890850067,alpha_hor
chrX,60885479,60887479,2000,0.407,1.9727254585432314,5.700268501723573,10.562875468354065,0.7264832088588632,2.248,2.18,0.0,0.0,0.9558332633972167,alpha_hor
chrX,60889479,60891479,2000,0.4135,1.975549700751841,5.717206550765147,10.574883409729566,0.7456733313570219,2.256,2.152,0.0,0.0,0.8583330059051514,alpha_hor
chrX,60893479,60895479,2000,0.4065,1.9727251240267836,5.703068016730907,10.584304420959151,0.762122007784015,2.296,2.16,0.0,0.0,0.0,alpha_hor
chrX,60897479,60899479,2000,0.4065,1.9721247740375145,5.704200359181141,10.549453207268872,0.7401904392146909,2.248,2.156,0.0,0.0,1.2,alpha_hor
chrX,60901479,60903479,2000,0.408,1.972917685190446,5.708903072352502,10.582031850639122,0.7484147774281874,2.272,2.156,0.0,0.0,1.4875015354156493,alpha_hor
chrX,60905479,60907479,2000,0.4045,1.9720849490396608,5.700774028181694,10.597903111405687,0.7593805617128495,2.272,2.152,0.0,0.0,1.2576926615238189,alpha_hor
chrX,60909479,60911479,2000,0.406,1.9722183277701792,5.697908141826454,10.579028460018739,0.7429318852858563,2.252,2.14,0.0,0.0,0.475,alpha_hor
chrX,60913479,60915479,2000,0.406,1.9727530430312374,5.6935710855688635,10.555972491106067,0.7484147774281874,2.268,2.14,0.0,0.0,2.2833320989608765,alpha_hor
chrX,60917479,60919479,2000,0.4,1.9689564900825947,5.691755705599274,10.58620112322588,0.7456733313570219,2.28,2.14,0.0,0.0,0.18076928162574768,alpha_hor
chrX,60921479,60923479,2000,0.4,1.9695247761507277,5.7019945778461345,10.582811724580132,0.7730877920686771,2.304,2.176,0.0,0.0,2.01565581035614,alpha_hor
chrX,60925479,60927479,2000,0.3855,1.9580707392374226,5.679488984415045,10.613296126242327,0.7593805617128495,2.276,2.18,0.0,0.0,0.6071430945396423,alpha_hor
chrX,60929479,60931479,2000,0.3855,1.9572220829480818,5.592177259199572,9.834784184005883,0.5455477681619388,1.74,1.756,0.0,0.0,2.170089849472046,alpha_mono
chrX,60933479,60935479,2000,0.3835,1.9549316514693011,5.56534399581331,10.052808686411739,0.572962228873594,1.84,1.824,0.0,0.0,3.9366605110168456,alpha_mono
chrX,60937479,60939479,2000,0.469,1.9757405226133002,5.796343892370367,10.910291861150855,0.9101600956269531,2.624,2.46,0.0,0.0,3.7076733040809633,alpha_mono
chrX,60941479,60943479,2000,0.386,1.916761554221833,5.628930482166025,10.952522564677137,0.9211258799116152,2.64,2.428,0.0,0.175,0.40588214778900145,alpha_mono
chrX,60945479,60947479,2000,0.3785,1.9557865844051692,5.55731254269204,9.90741789479528,0.5592549985177664,1.764,1.792,0.0,0.0,2.32544264793396,alpha_mono
chrX,60949479,60951479,2000,0.37,1.9502709604147277,5.62051079072952,10.339765683195578,0.6661713952932218,1.996,2.072,0.0,0.0,3.990625,alpha_mono
chrX,60953479,60955479,2000,0.367,1.946941492259544,5.593862890014869,10.243285098864034,0.641498380652732,1.984,1.952,0.0,0.0,3.346875,alpha_mono
chrX,60957479,60959479,2000,0.367,1.9466561172311145,5.5521734975436114,10.228362006281493,0.6058595817275803,1.9,1.924,0.0,0.0,2.4571422755718233,alpha_mono
chrX,60961479,60963479,2000,0.3675,1.9460423708646466,5.5593939644789065,10.08355409113111,0.5674793367312629,1.836,1.852,0.0,0.0,0.8884617884159088,alpha_mono
chrX,60965479,60967479,2000,0.36,1.9418531012837235,5.556812192478213,10.20865319320584,0.6058595817275803,1.964,1.924,0.0,0.0,0.6932692849636077,alpha_mono
chrX,60969479,60971479,2000,0.368,1.9451159572167014,5.536371464178705,10.318699346454045,0.6469812727950631,1.988,1.976,0.0,0.0,2.004166340827942,alpha_mono
chrX,60973479,60975479,2000,0.369,1.944174706476213,5.5237218621096185,10.116909850690961,0.5866694592294216,1.888,1.9,0.0,0.0,1.3692311544418334,alpha_mono
chrX,60977479,60979479,2000,0.3925,1.8999350688852337,5.604458171573492,10.95654266517965,0.9266087720539463,2.628,2.42,0.0,0.6,2.512524615764618,alpha_mono
chrX,60981479,60983479,2000,0.385,1.9281642432731418,5.665596700187945,10.958552715430907,0.9403160024097739,2.68,2.46,0.0,1.0,1.1791662168502808,alpha_mono
chrX,60985479,60987479,2000,0.3655,1.942855617791013,5.532323553381505,10.061155334170895,0.5811865670870906,1.852,1.896,0.0,0.0,1.6655307569503783,alpha_mono
chrX,60989479,60991479,2000,0.37,1.9443634419920666,5.611688561705081,10.435215729898774,0.7127759785030356,2.184,2.16,0.0,0.0,1.7340272102355958,alpha_mono
chrX,60993479,60995479,2000,0.359,1.9372430145369521,5.528258919486156,10.181709815980463,0.6086010277987458,1.968,1.944,0.0,0.0,3.324303831100464,alpha_mono
chrX,60997479,60999479,2000,0.361,1.9397000126879675,5.547659284406954,10.207702344508512,0.6469812727950631,2.028,1.98,0.0,0.0,2.408628565788269,alpha_mono
chrX,61001479,61003479,2000,0.368,1.9448895982053336,5.546575881214405,10.080931059657344,0.5948937974429181,1.868,1.876,0.0,0.0,1.425,alpha_mono
chrX,61005479,61007479,2000,0.363,1.9398927726688264,5.5389796638998305,9.976501210587745,0.5866694592294216,1.852,1.852,0.0,0.0,1.699998336315155,alpha_mono
chrX,61009479,61011479,2000,0.3685,1.946704540976672,5.616548047033666,10.380207522653059,0.704551640289539,2.124,2.088,0.0,0.0,4.1972729063034055,alpha_mono
chrX,61013479,61015479,2000,0.376,1.9518323853668653,5.579618014543509,9.993355805127292,0.5921523513717527,1.856,1.816,0.0,0.0,0.0,alpha_mono
chrX,61017479,61019479,2000,0.3705,1.9492073605525446,5.5893341209714995,10.092307634949028,0.6058595817275803,1.92,1.896,0.0,0.0,2.1838601331710814,alpha_mono
chrX,61021479,61023479,2000,0.3725,1.9507585830278966,5.563966629200624,9.664235921982694,0.43588992531531795,1.42,1.632,0.0,0.0,0.8874567639827728,alpha_mono
chrX,61025479,61027479,2000,0.374,1.950411254103686,5.59413449412648,10.108731913495133,0.6031181356564147,1.88,1.864,0.0,0.0,1.3395234942436218,alpha_mono
chrX,61029479,61031479,2000,0.363,1.9417121460503362,5.562520547407668,10.14051896980282,0.6086010277987458,1.888,1.896,0.0,0.0,1.3475493879318237,alpha_mono
chrX,61033479,61035479,2000,0.368,1.9460263104763977,5.5640421188306215,9.805735483645194,0.5345819838772767,1.732,1.788,0.0,0.0,1.2763071446418761,alpha_mono
chrX,61037479,61039479,2000,0.373,1.949756520239554,5.614235355973695,9.958752314531644,0.5702207828024285,1.796,1.824,0.0,0.0,1.278125,alpha_mono
chrX,61041479,61043479,2000,0.363,1.9398961532865224,5.56315691723282,10.096837624148767,0.6003766895852493,1.896,1.88,0.0,0.0,1.4631818771362304,alpha_mono
chrX,61045479,61047479,2000,0.374,1.9514906432001007,5.562043700244041,9.867086334752754,0.572962228873594,1.808,1.764,0.0,0.0,0.22222200393676758,alpha_mono
chrX,61049479,61051479,2000,0.361,1.9404081177496557,5.5598352105443825,10.101383922574257,0.6003766895852493,1.908,1.904,0.0,0.0,1.85625,alpha_mono
chrX,61053479,61055479,2000,0.3685,1.9470576787844736,5.572009641591156,9.877297167170232,0.5510306603042698,1.776,1.788,0.0,0.0,1.0868182229995726,alpha_mono
chrX,61057479,61059479,2000,0.3655,1.9444105064461839,5.533665097277459,9.946206988794929,0.5318405378061112,1.724,1.788,0.0,0.0,0.4450000238418579,alpha_mono
chrX,61061479,61063479,2000,0.363,1.9391253629938154,5.589677826701684,10.150667462308608,0.6332740424392355,1.976,1.98,0.0,0.0,3.2958311796188355,alpha_mono
chrX,61065479,61067479,2000,0.3595,1.9354709338213418,5.522637596881978,10.090583751507678,0.5948937974429181,1.92,1.88,0.0,0.0,1.8240910530090333,alpha_mono
chrX,61069479,61071479,2000,0.3665,1.9406509820853473,5.5498102327004935,10.263028661208299,0.6086010277987458,1.952,1.98,0.0,0.0,1.2622211198806763,alpha_mono
chrX,61073479,61075479,2000,0.3655,1.9389731726856936,5.5533013265768245,10.180817944565614,0.641498380652732,2.004,1.94,0.0,0.0,0.6999992923736572,alpha_mono
chrX,61077479,61079479,2000,0.372,1.9406821812220931,5.6632994855275145,10.663251486345757,0.7950193606380013,2.344,2.284,0.0,0.0,0.7,alpha_mono
chrX,61081479,61083479,2000,0.3605,1.925446793330003,5.569137705477027,10.428129434627158,0.7264832088588632,2.176,2.116,0.0,0.0,0.0,alpha_mono
chrX,61085479,61087479,2000,0.3565,1.9316944945106347,5.555099506026288,10.215587364368053,0.6332740424392355,1.972,1.932,0.0,0.0,0.6857135925292969,alpha_mono
chrX,61089479,61091479,2000,0.3525,1.9283873348772793,5.507683142733819,10.21309840395981,0.6250497042257389,1.964,1.916,0.0,0.0,0.0,alpha_mono
chrX,61093479,61095479,2000,0.362,1.9380618359754127,5.531825250343485,10.110466268725997,0.5811865670870906,1.832,1.84,0.0,0.0,0.0,alpha_mono
chrX,61097479,61099479,2000,0.3535,1.9333373087847057,5.491930577666959,10.055766683756778,0.5921523513717527,1.856,1.832,0.0,0.0,1.32,alpha_mono
chrX,61101479,61103479,2000,0.3585,1.9346256341400794,5.565489202321708,10.207230877469994,0.6168253660122424,1.92,1.948,0.0,0.0,4.421673726081848,alpha_mono
chrX,61105479,61107479,2000,0.362,1.9375150597634216,5.528447682785634,10.144952031563188,0.6113424738699113,1.936,1.9,0.0,0.0,1.68375,alpha_mono
chrX,61109479,61111479,2000,0.367,1.9378313784000059,5.559302686470638,10.114374594393452,0.6250497042257389,1.996,1.936,0.0,0.0,0.6681816124916077,alpha_mono
chrX,61113479,61115479,2000,0.3635,1.9445685554505696,5.589871312427503,10.506977455445005,0.7072930863607045,2.14,2.096,0.0,0.0,2.018559761047363,alpha_mono
chrX,61117479,61119479,2000,0.385,1.9554475739909594,5.612431017708864,10.201585825819233,0.6113424738699113,1.96,1.952,0.0,0.0,0.0,alpha_mono
chrX,61121479,61123479,2000,0.366,1.9372440122267853,5.564106242054078,10.43540513199624,0.7155174245742011,2.172,2.104,0.0,0.0,2.744441767215729,alpha_mono
chrX,61125479,61127479,2000,0.3655,1.9410421540211007,5.584188484248023,10.395412063189347,0.6963273020760424,2.136,2.076,0.0,0.0,1.8666648330688476,alpha_mono
chrX,61129479,61131479,2000,0.361,1.9434319562369897,5.72460937962545,10.95654266517965,0.945798894552105,2.68,2.444,0.0,0.3,0.7714277915954589,alpha_mono
chrX,61133479,61135479,2000,0.3985,1.967191694590149,5.791332241176499,10.95654266517965,0.9649890170502636,2.708,2.488,0.0,0.2,2.164283526420593,alpha_mono
chrX,61137479,61139479,2000,0.3845,1.9597902958221038,5.722249821371213,10.761534807413842,0.8224338213496565,2.42,2.288,0.0,0.0,0.8071420412063599,alpha_mono
chrX,61141479,61143479,2000,0.3615,1.9368959279146905,5.606782165292182,10.493225101820876,0.704551640289539,2.2,2.12,0.0,0.0,1.2250024766921996,alpha_mono
chrX,61145479,61147479,2000,0.3735,1.9470370905949612,5.642044114600645,10.549733476336927,0.7401904392146909,2.232,2.168,0.0,0.0,0.0,alpha_mono
chrX,61149479,61151479,2000,0.3745,1.949194831812611,5.611220689771946,10.601955840835977,0.751156223499353,2.28,2.14,0.0,0.0,1.59,alpha_mono
chrX,61153479,61155479,2000,0.3775,1.9503264337914068,5.625782577058225,10.423706512838887,0.6963273020760424,2.176,2.068,0.0,0.0,0.0,alpha_mono
chrX,61157479,61159479,2000,0.3745,1.9478658264965159,5.661475342309118,10.64924082651811,0.7456733313570219,2.292,2.228,0.0,0.0,0.44,alpha_mono
chrX,61161479,61163479,2000,0.3645,1.9388036883293431,5.7041877402631505,10.958552715430907,0.945798894552105,2.688,2.488,0.0,1.0,1.2227273893356323,alpha_mono
chrX,61165479,61167479,2000,0.378,1.8845560951090674,5.531067676046042,10.95654266517965,0.9129015416981187,2.612,2.42,0.0,0.85,2.1545454931259154,alpha_mono
chrX,61169479,61171479,2000,0.3605,1.9387562438056205,5.612800066750242,10.57177107926365,0.7182588706453666,2.224,2.14,0.0,0.0,1.1988099546432496,alpha_mono
chrX,61173479,61175479,2000,0.4035,1.9712690867797964,5.7115412370695475,10.706219129004479,0.8059851449226634,2.392,2.288,0.0,0.0,0.0,alpha_mono
chrX,61177479,61179479,2000,0.3985,1.9604202912476625,5.751506452043406,10.958552715430907,0.951281786694436,2.728,2.48,0.0,1.0,6.630953527450561,alpha_mono
chrX,61181479,61183479,2000,0.3745,1.9534747080595702,5.6530757672846175,10.355915285414532,0.6689128413643872,2.064,2.056,0.0,0.0,0.635,alpha_mono
chrX,61185479,61187479,2000,0.379,1.9556718702439069,5.651966302368117,10.409318523127862,0.6689128413643872,2.08,2.036,0.0,0.0,0.7924241828918457,alpha_mono
chrX,61189479,61191479,2000,0.3675,1.9457234616455708,5.638441888771924,10.473442431534274,0.704551640289539,2.156,2.084,0.0,0.0,0.755,alpha_mono
chrX,61193479,61195479,2000,0.3695,1.9477875909537168,5.610275503102039,10.369348433653244,0.6771371795778838,2.088,2.004,0.0,0.0,0.94375,alpha_mono
chrX,61197479,61199479,2000,0.36,1.9398168106172182,5.584642191064785,10.560449810412898,0.7429318852858563,2.22,2.172,0.0,0.0,0.61666606092453,alpha_mono
chrX,61201479,61203479,2000,0.3745,1.9388479435742523,5.683686429066776,10.894324807125322,0.8690384045594703,2.56,2.444,0.0,0.0,0.15555540275573732,alpha_mono
chrX,61205479,61207479,2000,0.3665,1.9431030535655505,5.643817451412654,10.528552163872122,0.7347075470723597,2.212,2.14,0.0,0.0,2.061818227767944,alpha_mono
chrX,61209479,61211479,2000,0.371,1.9501637460645973,5.619244353177464,10.556167189841617,0.7237417627876976,2.192,2.112,0.0,0.0,1.40277676820755,alpha_mono
chrX,61213479,61215479,2000,0.371,1.9493832130099253,5.6421796348303515,10.605901535387572,0.7429318852858563,2.252,2.176,0.0,0.0,1.6666650295257568,alpha_mono
chrX,61217479,61219479,2000,0.355,1.935203744620206,5.645547918963196,10.593866918007684,0.7347075470723597,2.24,2.176,0.0,0.0,2.901784031867981,alpha_mono
chrX,61221479,61223479,2000,0.356,1.9369684232676498,5.632071339708569,10.445749908496532,0.6743957335067183,2.104,2.092,0.0,0.0,1.69,alpha_mono
chrX,61225479,61227479,2000,0.351,1.934297182477935,5.614564224935559,10.533366054732417,0.6908444099337114,2.152,2.112,0.0,0.0,4.9116670541763305,alpha_mono
chrX,61229479,61231479,2000,0.346,1.9280982980842676,5.606903940714835,10.406118728795077,0.699068748147208,2.136,2.124,0.0,0.0,2.5375,alpha_mono
chrX,61233479,61235479,2000,0.3665,1.9442039989818838,5.6694000166773515,10.46729096358636,0.7237417627876976,2.192,2.064,0.0,0.0,0.1499998483657837,alpha_mono
chrX,61237479,61239479,2000,0.368,1.9452062267137733,5.6360904341567375,10.443712795241913,0.6798786256490493,2.132,2.08,0.0,0.0,1.4625,alpha_mono
chrX,61241479,61243479,2000,0.379,1.950898793966786,5.70759646406594,10.79935308930638,0.8471068359901461,2.504,2.344,0.0,0.0,0.9571418895721435,alpha_mono
chrX,61245479,61247479,2000,0.387,1.9482273821841063,5.722842842200697,10.883136534509006,0.9266087720539463,2.596,2.484,0.0,0.0,0.0,alpha_mono
chrX,61249479,61251479,2000,0.4245,1.9590535631768125,5.6973167103597495,10.928064758414301,0.9348331102674429,2.672,2.42,0.0,0.0,1.1500023250579834,non_satellite
chrX,61253479,61255479,2000,0.4265,1.9830195066243503,5.7846996194990306,10.952143224223791,0.9293502181251118,2.632,2.424,0.0,0.0,0.0,non_satellite
chrX,61257479,61259479,2000,0.368,1.9464012450627581,5.705737876394153,10.948502464174629,0.9485403406232704,2.676,2.464,0.0,0.0,1.5,non_satellite
chrX,61261479,61263479,2000,0.331,1.9103116206839008,5.660955783274895,10.948502464174624,0.9375745563386084,2.668,2.452,0.0,0.0,2.415001566886902,non_satellite
chrX,61265479,61267479,2000,0.415,1.974659920482658,5.7901741338601544,10.958552715430907,0.9622475709790981,2.74,2.48,0.0,1.0,2.2580345373153685,non_satellite
chrX,61269479,61271479,2000,0.4155,1.973222915149747,5.764963675405538,10.946492413923375,0.9430574484809394,2.708,2.464,0.0,0.0,1.05625,non_satellite
chrX,61273479,61275479,2000,0.392,1.9619270366613883,5.760363523408537,10.95754769030528,0.9540232327656015,2.688,2.444,0.0,0.475,1.8875,non_satellite
chrX,61277479,61279479,2000,0.3995,1.9270655922416697,5.658582653248178,10.95252256467714,0.9266087720539463,2.648,2.444,0.0,0.15,0.0,non_satellite
chrX,61281479,61283479,2000,0.3895,1.91901828094713,5.636037948096062,10.951517539551514,0.9293502181251118,2.66,2.432,0.0,0.025,0.0,non_satellite
chrX,61285479,61287479,2000,0.319,1.8658466358967267,5.503767827144635,10.915322606759526,0.9019357574134566,2.596,2.4,0.0,0.0,0.8272728061676026,non_satellite
chrX,61289479,61291479,2000,0.3955,1.895904515631274,5.575580050770948,10.95654266517965,0.9156429877692842,2.648,2.416,0.0,0.8,2.40625,non_satellite
chrX,61293479,61295479,2000,0.3625,1.9376660219163855,5.712269122439875,10.938944901356209,0.9293502181251118,2.652,2.44,0.0,0.0,1.2045455694198608,non_satellite
chrX,61297479,61299479,2000,0.3245,1.9006595165952833,5.5915720178252215,10.953527589802766,0.9266087720539463,2.632,2.432,0.0,0.2,1.0416662693023682,non_satellite
chrX,61301479,61303479,2000,0.379,1.9569086990241968,5.733858911829002,10.958552715430907,0.9430574484809394,2.648,2.428,0.0,1.0,0.546428785085678,non_satellite
chrX,61305479,61307479,2000,0.394,1.9576981285875334,5.75635118958557,10.951517539551514,0.9403160024097739,2.628,2.496,0.0,0.025,0.7692309112548829,non_satellite
chrX,61309479,61311479,2000,0.433,1.947396674770388,5.688618568572786,10.95654266517965,0.9293502181251118,2.648,2.476,0.0,0.5,0.19545456409454345,non_satellite
chrX,61313479,61315479,2000,0.3665,1.9162158077102536,5.596131954710043,10.954532614928393,0.9238673259827808,2.66,2.4,0.0,0.3,0.0,non_satellite
chrX,61317479,61319479,2000,0.338,1.906368039782059,5.613830202159615,10.95754769030528,0.9238673259827808,2.632,2.48,0.0,0.85,0.0,non_satellite
chrX,61321479,61323479,2000,0.3655,1.9008210534904166,5.578080203337282,10.868100454124379,0.8608140663459738,2.548,2.42,0.0,0.0,4.010831139564514,non_satellite
chrX,61325479,61327479,2000,0.411,1.9131969905072852,5.622192592426991,10.955537640054024,0.9238673259827808,2.652,2.452,0.0,0.45,2.914285093307495,non_satellite
chrX,61329479,61331479,2000,0.237,1.7852367182986146,5.236257921269225,10.34275516745812,0.7401904392146909,2.212,2.184,0.0,0.0,0.8083349676132202,non_satellite
chrX,61333479,61335479,2000,0.3665,1.9478390911954637,5.710597212938252,10.95654266517965,0.9266087720539463,2.628,2.5,0.0,0.325,1.44,non_satellite
chrX,61337479,61339479,2000,0.3695,1.9218768016567849,5.65005160791382,10.955537640054024,0.9183844338404498,2.66,2.476,0.0,0.475,2.51,non_satellite
chrX,61341479,61343479,2000,0.2935,1.8477879262978072,5.451232128415735,10.880335889071912,0.8690384045594703,2.588,2.376,0.0,0.0,0.0,non_satellite
chrX,61345479,61347479,2000,0.343,1.92585641557345,5.665186720125819,10.954532614928393,0.9293502181251118,2.648,2.452,0.0,0.1,1.4166695308685302,non_satellite
chrX,61349479,61351479,2000,0.361,1.9412181706425582,5.6786363236585675,10.952522564677139,0.9019357574134566,2.612,2.456,0.0,0.05,0.9999989891052246,non_satellite
chrX,61353479,61355479,2000,0.3635,1.9450693346875654,5.66061702842129,10.921493114445052,0.9293502181251118,2.604,2.452,0.0,0.0,0.9214276399612427,non_satellite
chrX,61357479,61359479,2000,0.3715,1.941328358293781,5.69813227318221,10.958552715430907,0.9430574484809394,2.668,2.436,0.0,1.0,0.0,non_satellite
chrX,61361479,61363479,2000,0.355,1.9356536230274972,5.658394758206241,10.95754769030528,0.9348331102674429,2.692,2.452,0.0,0.775,1.0116069984436036,non_satellite
chrX,61365479,61367479,2000,0.391,1.9648898751690278,5.760927367254088,10.95754769030528,0.9485403406232704,2.648,2.476,0.0,0.65,0.7388881630897522,non_satellite
chrX,61369479,61371479,2000,0.3745,1.8952224728830478,5.568082878806577,10.947497439048998,0.9129015416981187,2.628,2.432,0.0,0.025,1.4499985756874085,non_satellite
