chrom,start,evo2_bpb
chr13,12332063,1.394815
chr13,12336063,1.44326
chr13,12340063,1.377667
chr13,12344063,1.396725
chr13,12348063,1.369305
chr13,12352063,1.393997
chr13,12356063,1.378211
chr13,12360063,1.450236
chr13,12364063,1.405563
chr13,12368063,1.380477
chr13,12372063,1.342765
chr13,12376063,1.385296
chr13,12380063,1.413854
chr13,12384063,1.388862
chr13,12388063,1.380377
chr13,12392063,1.380402
chr13,12396063,1.409929
chr13,12400063,1.404745
chr13,12404063,1.360874
chr13,12408063,1.379034
chr13,12412063,1.399223
chr13,12416063,1.384284
chr13,12420063,1.400015
chr13,12424063,1.400429
chr13,12428063,1.410327
chr13,12432063,1.448982
chr13,12436063,1.461313
chr13,12440063,1.335955
chr13,12444063,1.501732
chr13,12448063,0.841181
chr13,12452063,1.602594
chr13,12456063,1.723985
chr13,12460063,1.578596
chr13,12464063,1.284011
chr13,12468063,1.701886
chr13,12472063,1.576972
chr13,12476063,0.970114
chr13,12480063,1.054053
chr13,12484063,1.429455
chr13,12488063,0.951355
chr13,12492063,1.644044
chr13,12496063,1.701359
chr13,12500063,1.80999
chr13,12504063,1.260529
chr13,12508063,1.776427
chr13,12512063,1.675619
chr13,12516063,1.168772
chr13,12520063,1.654966
chr13,12524063,1.480569
chr13,12528063,1.507458
chr13,12532063,1.454304
chr13,12536063,1.838343
chr13,12540063,1.797475
chr13,12544063,1.23651
chr13,12548063,1.496683
chr13,12552063,1.254826
chr13,12556063,1.008205
chr13,12560063,1.827983
chr13,12564063,1.597258
chr13,12568063,1.724642
chr13,12572063,1.239528
chr13,12576063,1.396933
chr13,12580063,1.595797
chr13,12584063,1.765001
chr13,12588063,1.530093
chr13,12592063,1.598501
chr13,12596063,1.337812
chr13,12600063,1.442288
chr13,12604063,1.321946
chr13,12608063,1.413969
chr13,12612063,1.836496
chr13,12616063,1.474871
chr13,12620063,0.989159
chr13,12624063,1.465666
chr13,12628063,1.832051
chr13,12632063,1.537166
chr13,12636063,1.629175
chr13,12640063,1.473776
chr13,12644063,1.533633
chr13,12648063,0.854116
chr13,12652063,1.499462
chr13,12656063,1.461991
chr13,12660063,1.767687
chr13,12664063,1.659859
chr13,12668063,1.778525
chr13,12672063,1.406892
chr13,12676063,1.662154
chr13,12680063,1.555918
chr13,12684063,1.557365
chr13,12688063,1.298501
chr13,12692063,1.452254
chr13,12696063,1.603713
chr13,12700063,0.856697
chr13,12704063,1.132745
chr13,12708063,1.4583
chr13,12712063,1.83578
chr13,12716063,1.656263
chr13,12720063,1.466986
chr13,12724063,0.923781
chr13,12728063,1.224149
chr13,12732063,1.254932
chr13,12736063,1.724054
chr13,12740063,1.250283
chr13,12744063,1.794555
chr13,12748063,1.530614
chr13,12752063,1.627365
chr13,12756063,1.385691
chr13,12760063,1.090152
chr13,12764063,1.773224
chr13,12768063,0.903757
chr13,12772063,1.775481
chr13,12776063,1.451173
chr13,12780063,1.584656
chr13,12784063,1.453449
chr13,12788063,1.679465
chr13,12792063,1.70611
chr13,12796063,0.680427
chr13,12800063,1.559217
chr13,12804063,1.407085
chr13,12808063,1.622661
chr13,12812063,0.580369
chr13,12816063,1.142961
chr13,12820063,0.778534
chr13,12824063,1.297273
chr13,12828063,1.397534
chr13,12832063,0.955509
chr13,12836063,1.60963
chr13,12840063,1.824307
chr13,12844063,1.310997
chr13,12848063,1.515353
chr13,12852063,1.038524
chr13,12856063,1.412702
chr13,12860063,1.194212
chr13,12864063,0.346645
chr13,12868063,1.674806
chr13,12872063,1.874981
chr13,12876063,1.708198
chr13,12880063,1.572284
chr13,12884063,1.222509
chr13,12888063,1.273295
chr13,12892063,1.547801
chr13,12896063,1.840231
chr13,12900063,1.620738
chr13,12904063,0.954514
chr13,12908063,1.449067
chr13,12912063,1.856221
chr13,12916063,1.762868
chr13,12920063,1.055023
chr13,12924063,1.671945
chr13,12928063,1.889595
chr13,12932063,1.726886
chr13,12936063,1.44122
chr13,12940063,0.72407
chr13,12944063,1.790407
chr13,12948063,1.853298
chr13,12952063,0.453476
chr13,12956063,0.566513
chr13,12960063,0.809383
chr13,12964063,0.839504
chr13,12968063,0.791609
chr13,12972063,0.769169
chr13,12976063,0.807901
chr13,12980063,0.728618
chr13,12984063,0.815916
chr13,12988063,0.780088
chr13,12992063,0.751057
chr13,12996063,0.824674
chr13,13000063,0.629915
chr13,13004063,0.790951
chr13,13008063,0.774503
chr13,13012063,0.689036
chr13,13016063,0.596412
chr13,13020063,0.768215
chr13,13024063,0.807167
chr13,13028063,0.753745
chr13,13032063,0.812232
chr13,13036063,0.788618
chr13,13040063,0.800548
chr13,13044063,0.84799
chr13,13048063,0.841063
chr13,13052063,0.812206
chr13,13056063,0.742055
chr13,13060063,0.455483
chr13,13064063,0.787536
chr13,13068063,0.777283
chr13,13072063,0.79231
chr13,13076063,0.712854
chr13,13080063,0.773533
chr13,13084063,0.724905
chr13,13088063,0.906464
chr13,13092063,0.868927
chr13,13096063,0.845521
chr13,13100063,0.843864
chr13,13104063,0.877958
chr13,13108063,0.841142
chr13,13112063,0.793412
chr13,13116063,0.818626
chr13,13120063,0.701339
chr13,13124063,0.87151
chr13,13128063,0.787206
chr13,13132063,0.867078
chr13,13136063,0.387762
chr13,13140063,0.840426
chr13,13144063,0.777211
chr13,13148063,0.748777
chr13,13152063,0.847189
chr13,13156063,0.779292
chr13,13160063,0.791436
chr13,13164063,0.833316
chr13,13168063,0.778155
chr13,13172063,0.736028
chr13,13176063,0.745617
chr13,13180063,0.85144
chr13,13184063,0.788365
chr13,13188063,0.774973
chr13,13192063,0.894889
chr13,13196063,0.911754
chr13,13200063,0.81041
chr13,13204063,0.821391
chr13,13208063,0.843927
chr13,13212063,0.798084
chr13,13216063,0.840835
chr13,13220063,0.84655
chr13,13224063,0.792453
chr13,13228063,0.752364
chr13,13232063,0.864877
chr13,13236063,0.845687
chr13,13240063,0.821735
chr13,13244063,0.764857
chr13,13248063,0.820874
chr13,13252063,0.860121
chr13,13256063,0.648157
chr13,13260063,0.925186
chr13,13264063,0.954548
chr13,13268063,0.795663
chr13,13272063,0.843623
chr13,13276063,0.781481
chr13,13280063,0.772769
chr13,13284063,0.766497
chr13,13288063,0.388625
chr13,13292063,0.836701
chr13,13296063,0.782561
chr13,13300063,0.765265
chr13,13304063,0.786252
chr13,13308063,0.78937
chr13,13312063,0.755976
chr13,13316063,0.223111
chr13,13320063,0.579304
chr13,13324063,0.857884
chr13,13328063,0.929533
chr13,13332063,0.920186
chr13,13336063,0.853095
chr13,13340063,0.8706
chr13,13344063,0.884268
chr13,13348063,0.841372
chr13,13352063,0.910778
chr13,13356063,0.886843
chr13,13360063,0.892482
chr13,13364063,0.858236
chr13,13368063,0.785783
chr13,13372063,0.851112
chr13,13376063,0.837984
chr13,13380063,0.80289
chr13,13384063,0.840033
chr13,13388063,0.84668
chr13,13392063,0.795182
chr13,13396063,0.709094
chr13,13400063,0.780293
chr13,13404063,0.776503
chr13,13408063,0.993371
chr13,13412063,1.638381
chr13,13416063,1.108381
chr13,13420063,1.802677
chr13,13424063,0.360829
chr13,13428063,0.416945
chr13,13432063,1.653725
chr13,13436063,1.632399
chr13,13440063,1.402734
chr13,13444063,1.553269
chr13,13448063,1.513495
chr13,13452063,1.164024
chr13,13456063,1.845294
chr13,13460063,1.509233
chr13,13464063,1.814297
chr13,13468063,1.559814
chr13,13472063,0.929605
chr13,13476063,1.188527
chr13,13480063,1.132639
chr13,13484063,1.26114
chr13,13488063,0.974723
chr13,13492063,1.710398
chr13,13496063,0.743494
chr13,13500063,1.53021
chr13,13504063,0.825028
chr13,13508063,1.31313
chr13,13512063,1.502913
chr13,13516063,1.677556
chr13,13520063,1.65733
chr13,13524063,1.566956
chr13,13528063,1.562379
chr13,13532063,1.679489
chr13,13536063,1.365871
chr13,13540063,1.214118
chr13,13544063,1.466344
chr13,13548063,1.315719
chr13,13552063,0.96724
chr13,13556063,1.814783
chr13,13560063,1.488175
chr13,13564063,1.656014
chr13,13568063,1.764484
chr13,13572063,1.436843
chr13,13576063,1.56214
chr13,13580063,1.502337
chr13,13584063,1.825491
chr13,13588063,1.701136
chr13,13592063,1.128263
chr13,13596063,1.497728
chr13,13600063,1.455953
chr13,13604063,1.794532
chr13,13608063,1.649338
chr13,13612063,1.312266
chr13,13616063,1.761111
chr13,13620063,1.718145
chr13,13624063,1.772457
chr13,13628063,1.871471
chr13,13632063,1.804835
chr13,13636063,1.598882
chr13,13640063,0.89103
chr13,13644063,1.244269
chr13,13648063,1.497099
chr13,13652063,1.46311
chr13,13656063,1.482212
chr13,13660063,1.60272
chr13,13664063,1.048785
chr13,13668063,1.65473
chr13,13672063,1.312833
chr13,13676063,0.585416
chr13,13680063,1.896445
chr13,13684063,1.601522
chr13,13688063,1.898018
chr13,13692063,1.521259
chr13,13696063,0.908525
chr13,13700063,1.159022
chr13,13704063,1.305907
chr13,13708063,0.895049
chr13,13712063,1.399554
chr13,13716063,1.611733
chr13,13720063,1.652879
chr13,13724063,0.361155
chr13,13728063,0.462521
chr13,13732063,1.581963
chr13,13736063,1.757864
chr13,13740063,1.738993
chr13,13744063,1.193642
chr13,13748063,1.697462
chr13,13752063,1.633176
chr13,13756063,1.799353
chr13,13760063,1.454562
chr13,13764063,1.741676
chr13,13768063,1.71755
chr13,13772063,1.5177
chr13,13776063,1.674228
chr13,13780063,1.600438
chr13,13784063,1.444892
chr13,13788063,1.63633
chr13,13792063,1.191714
chr13,13796063,1.139437
chr13,13800063,0.904508
chr13,13804063,1.531826
chr13,13808063,1.424814
chr13,13812063,1.226211
chr13,13816063,1.465291
chr13,13820063,1.124833
chr13,13824063,1.28727
chr13,13828063,1.563741
chr13,13832063,1.126886
chr13,13836063,1.448104
chr13,13840063,1.056672
chr13,13844063,1.053394
chr13,13848063,1.399089
chr13,13852063,1.489729
chr13,13856063,1.578867
chr13,13860063,1.257534
chr13,13864063,0.787601
chr13,13868063,1.094894
chr13,13872063,1.1552
chr13,13876063,0.872637
chr13,13880063,1.193235
chr13,13884063,1.636638
chr13,13888063,1.392082
chr13,13892063,1.484962
chr13,13896063,0.463365
chr13,13900063,0.837068
chr13,13904063,1.629642
chr13,13908063,1.435734
chr13,13912063,1.443513
chr13,13916063,1.165843
chr13,13920063,1.327662
chr13,13924063,1.215862
chr13,13928063,1.248417
chr13,13932063,1.352553
chr13,13936063,1.291315
chr13,13940063,0.92395
chr13,13944063,0.481686
chr13,13948063,0.587935
chr13,13952063,0.551969
chr13,13956063,0.621198
chr13,13960063,0.616323
chr13,13964063,0.58261
chr13,13968063,0.630068
chr13,13972063,0.579866
chr13,13976063,0.626936
chr13,13980063,0.658892
chr13,13984063,0.643584
chr13,13988063,0.614359
chr13,13992063,0.580763
chr13,13996063,0.560542
chr13,14000063,0.58659
chr13,14004063,0.59472
chr13,14008063,0.599503
chr13,14012063,0.672676
chr13,14016063,0.661107
chr13,14020063,0.590809
chr13,14024063,0.590773
chr13,14028063,0.617892
chr13,14032063,0.628883
chr13,14036063,0.578978
chr13,14040063,0.575314
chr13,14044063,0.606817
chr13,14048063,0.636337
chr13,14052063,0.546954
chr13,14056063,0.603269
chr13,14060063,0.600869
chr13,14064063,0.5283
chr13,14068063,0.637224
chr13,14072063,0.643445
chr13,14076063,0.627517
chr13,14080063,0.505968
chr13,14084063,0.593303
chr13,14088063,0.643273
chr13,14092063,0.643966
chr13,14096063,0.615056
chr13,14100063,0.615563
chr13,14104063,0.625175
chr13,14108063,0.65422
chr13,14112063,0.634263
chr13,14116063,0.545855
chr13,14120063,0.60066
chr13,14124063,0.591708
chr13,14128063,0.59054
chr13,14132063,0.633004
chr13,14136063,0.608166
chr13,14140063,0.613641
chr13,14144063,0.629212
chr13,14148063,0.634021
chr13,14152063,0.616587
chr13,14156063,0.631802
chr13,14160063,0.648345
chr13,14164063,0.649644
chr13,14168063,0.564901
chr13,14172063,0.529471
chr13,14176063,0.580818
chr13,14180063,0.638017
chr13,14184063,0.604815
chr13,14188063,0.583776
chr13,14192063,0.590821
chr13,14196063,0.625406
chr13,14200063,0.549617
chr13,14204063,0.633552
chr13,14208063,0.58826
chr13,14212063,0.587869
chr13,14216063,0.631315
chr13,14220063,0.59414
chr13,14224063,0.609912
chr13,14228063,0.672353
chr13,14232063,0.61876
chr13,14236063,0.664779
chr13,14240063,0.591438
chr13,14244063,0.545507
chr13,14248063,0.558063
chr13,14252063,0.634067
chr13,14256063,0.6067
chr13,14260063,0.584415
chr13,14264063,0.603995
chr13,14268063,0.647295
chr13,14272063,0.597743
chr13,14276063,0.567985
chr13,14280063,0.641433
chr13,14284063,0.626869
chr13,14288063,0.660861
chr13,14292063,0.64689
chr13,14296063,0.63192
chr13,14300063,0.560032
chr13,14304063,0.625895
chr13,14308063,0.659326
chr13,14312063,0.56596
chr13,14316063,0.638613
chr13,14320063,0.654711
chr13,14324063,0.686811
chr13,14328063,0.54878
chr13,14332063,0.58994
chr13,14336063,0.647853
chr13,14340063,0.644634
chr13,14344063,0.624466
chr13,14348063,0.624092
chr13,14352063,0.558055
chr13,14356063,0.553299
chr13,14360063,0.613343
chr13,14364063,0.599335
chr13,14368063,0.570599
chr13,14372063,0.624003
chr13,14376063,0.616105
chr13,14380063,0.571712
chr13,14384063,0.623046
chr13,14388063,0.65136
chr13,14392063,0.582731
chr13,14396063,0.609465
chr13,14400063,0.62899
chr13,14404063,0.647434
chr13,14408063,0.618855
chr13,14412063,0.655573
chr13,14416063,0.619749
chr13,14420063,0.651021
chr13,14424063,0.637022
chr13,14428063,0.604746
chr13,14432063,0.613676
chr13,14436063,0.566385
chr13,14440063,0.576413
chr13,14444063,0.643786
chr13,14448063,0.643892
chr13,14452063,0.6099
chr13,14456063,0.540041
chr13,14460063,0.600144
chr13,14464063,0.638847
chr13,14468063,0.686049
chr13,14472063,0.61568
chr13,14476063,0.630521
chr13,14480063,0.598871
chr13,14484063,0.61954
chr13,14488063,0.623611
chr13,14492063,0.658573
chr13,14496063,0.640874
chr13,14500063,0.568519
chr13,14504063,0.554893
chr13,14508063,0.579623
chr13,14512063,0.627741
chr13,14516063,0.634402
chr13,14520063,0.556733
chr13,14524063,0.606072
chr13,14528063,0.659354
chr13,14532063,0.608012
chr13,14536063,0.584091
chr13,14540063,0.643631
chr13,14544063,0.592951
chr13,14548063,0.542014
chr13,14552063,0.623933
chr13,14556063,0.562566
chr13,14560063,0.639811
chr13,14564063,0.657088
chr13,14568063,0.572259
chr13,14572063,0.611908
chr13,14576063,0.662371
chr13,14580063,0.620222
chr13,14584063,0.589011
chr13,14588063,0.644313
chr13,14592063,0.55821
chr13,14596063,0.591413
chr13,14600063,0.639227
chr13,14604063,0.638658
chr13,14608063,0.604261
chr13,14612063,0.558001
chr13,14616063,0.590114
chr13,14620063,0.617425
chr13,14624063,0.612866
chr13,14628063,0.540902
chr13,14632063,0.580022
chr13,14636063,0.597185
chr13,14640063,0.61344
chr13,14644063,0.597759
chr13,14648063,0.622097
chr13,14652063,0.590647
chr13,14656063,0.635072
chr13,14660063,0.625795
chr13,14664063,0.631971
chr13,14668063,0.608328
chr13,14672063,0.584457
chr13,14676063,0.633583
chr13,14680063,0.552124
chr13,14684063,0.587316
chr13,14688063,0.591706
chr13,14692063,0.609837
chr13,14696063,0.616131
chr13,14700063,0.592017
chr13,14704063,0.573383
chr13,14708063,0.650823
chr13,14712063,0.657211
chr13,14716063,0.597201
chr13,14720063,0.623465
chr13,14724063,0.599018
chr13,14728063,0.560628
chr13,14732063,0.611086
chr13,14736063,0.649369
chr13,14740063,0.572492
chr13,14744063,0.518246
chr13,14748063,0.570913
chr13,14752063,0.647929
chr13,14756063,0.593333
chr13,14760063,0.502586
chr13,14764063,0.580112
chr13,14768063,0.639353
chr13,14772063,0.637377
chr13,14776063,0.58486
chr13,14780063,0.594102
chr13,14784063,0.615481
chr13,14788063,0.553944
chr13,14792063,0.568749
chr13,14796063,0.64309
chr13,14800063,0.540797
chr13,14804063,0.60939
chr13,14808063,0.522706
chr13,14812063,0.647638
chr13,14816063,0.613463
chr13,14820063,0.631222
chr13,14824063,0.589038
chr13,14828063,0.639915
chr13,14832063,0.617967
chr13,14836063,0.643043
chr13,14840063,0.669028
chr13,14844063,0.586129
chr13,14848063,0.552019
chr13,14852063,0.602913
chr13,14856063,0.612071
chr13,14860063,0.658436
chr13,14864063,0.637221
chr13,14868063,0.544968
chr13,14872063,0.583801
chr13,14876063,0.629525
chr13,14880063,0.615659
chr13,14884063,0.616358
chr13,14888063,0.601842
chr13,14892063,0.61314
chr13,14896063,0.530797
chr13,14900063,0.638581
chr13,14904063,0.630185
chr13,14908063,0.616522
chr13,14912063,0.575256
chr13,14916063,0.627289
chr13,14920063,0.562766
chr13,14924063,0.633549
chr13,14928063,0.614357
chr13,14932063,0.567101
chr13,14936063,0.599111
chr13,14940063,0.575357
chr13,14944063,0.594912
chr13,14948063,0.595516
chr13,14952063,0.632364
chr13,14956063,0.634527
chr13,14960063,0.572339
chr13,14964063,0.589746
chr13,14968063,0.665487
chr13,14972063,0.640165
chr13,14976063,0.615722
chr13,14980063,0.595389
chr13,14984063,0.581673
chr13,14988063,0.588638
chr13,14992063,0.598957
chr13,14996063,0.643078
chr13,15000063,0.606882
chr13,15004063,0.541902
chr13,15008063,0.632964
chr13,15012063,0.611742
chr13,15016063,0.559668
chr13,15020063,0.580627
chr13,15024063,0.627747
chr13,15028063,0.588968
chr13,15032063,0.573232
chr13,15036063,0.593448
chr13,15040063,0.63401
chr13,15044063,0.57758
chr13,15048063,0.611402
chr13,15052063,0.642914
chr13,15056063,0.566069
chr13,15060063,0.614191
chr13,15064063,0.659619
chr13,15068063,0.565137
chr13,15072063,0.643151
chr13,15076063,0.622309
chr13,15080063,0.60716
chr13,15084063,0.57923
chr13,15088063,0.630939
chr13,15092063,0.592126
chr13,15096063,0.620026
chr13,15100063,0.640385
chr13,15104063,0.619349
chr13,15108063,0.606287
chr13,15112063,0.642277
chr13,15116063,0.646859
chr13,15120063,0.635727
chr13,15124063,0.617893
chr13,15128063,0.600108
chr13,15132063,0.62896
chr13,15136063,0.544638
chr13,15140063,0.587089
chr13,15144063,0.625803
chr13,15148063,0.600703
chr13,15152063,0.598934
chr13,15156063,0.610996
chr13,15160063,0.654845
chr13,15164063,0.647659
chr13,15168063,0.651734
chr13,15172063,0.604018
chr13,15176063,0.591893
chr13,15180063,0.625257
chr13,15184063,0.67589
chr13,15188063,0.584659
chr13,15192063,0.557515
chr13,15196063,0.684357
chr13,15200063,0.634623
chr13,15204063,0.675169
chr13,15208063,0.644287
chr13,15212063,0.640503
chr13,15216063,0.595674
chr13,15220063,0.583674
chr13,15224063,0.58368
chr13,15228063,0.59842
chr13,15232063,0.610429
chr13,15236063,0.538669
chr13,15240063,0.631731
chr13,15244063,0.620739
chr13,15248063,0.556714
chr13,15252063,0.601616
chr13,15256063,0.638566
chr13,15260063,0.58869
chr13,15264063,0.599482
chr13,15268063,0.549542
chr13,15272063,0.540947
chr13,15276063,0.621555
chr13,15280063,0.64053
chr13,15284063,0.612603
chr13,15288063,0.652101
chr13,15292063,0.582961
chr13,15296063,0.663567
chr13,15300063,0.557018
chr13,15304063,0.642248
chr13,15308063,0.559347
chr13,15312063,0.634333
chr13,15316063,0.641735
chr13,15320063,0.680163
chr13,15324063,0.564358
chr13,15328063,0.604506
chr13,15332063,0.594958
chr13,15336063,0.575838
chr13,15340063,0.62943
chr13,15344063,0.637114
chr13,15348063,0.571392
chr13,15352063,0.625681
chr13,15356063,0.630005
chr13,15360063,0.567208
chr13,15364063,0.638296
chr13,15368063,0.622254
chr13,15372063,0.592959
chr13,15376063,0.572308
chr13,15380063,0.634433
chr13,15384063,0.682417
chr13,15388063,0.619198
chr13,15392063,0.641976
chr13,15396063,0.572078
chr13,15400063,0.588677
chr13,15404063,0.579761
chr13,15408063,0.663825
chr13,15412063,0.581609
chr13,15416063,0.636549
chr13,15420063,0.608262
chr13,15424063,0.617791
chr13,15428063,0.629404
chr13,15432063,0.565111
chr13,15436063,0.601926
chr13,15440063,0.569491
chr13,15444063,0.636008
chr13,15448063,0.585638
chr13,15452063,0.631256
chr13,15456063,0.633923
chr13,15460063,0.587656
chr13,15464063,0.617131
chr13,15468063,0.655478
chr13,15472063,0.593086
chr13,15476063,0.570887
chr13,15480063,0.644246
chr13,15484063,0.588681
chr13,15488063,0.63532
chr13,15492063,0.644117
chr13,15496063,0.637262
chr13,15500063,0.645396
chr13,15504063,0.573239
chr13,15508063,0.617066
chr13,15512063,0.609761
chr13,15516063,0.606817
chr13,15520063,0.605513
chr13,15524063,0.574951
chr13,15528063,0.657545
chr13,15532063,0.598873
chr13,15536063,0.630125
chr13,15540063,0.621594
chr13,15544063,0.591605
chr13,15548063,0.738627
chr13,15552063,0.742432
chr13,15556063,0.742429
chr13,15560063,0.740598
chr13,15564063,0.763544
chr13,15568063,0.747553
chr13,15572063,0.748857
chr13,15576063,0.731091
chr13,15580063,0.643673
chr13,15584063,0.674315
chr13,15588063,0.732173
chr13,15592063,0.736684
chr13,15596063,0.731683
chr13,15600063,0.735522
chr13,15604063,0.661909
chr13,15608063,0.731409
chr13,15612063,0.659557
chr13,15616063,0.726971
chr13,15620063,0.725852
chr13,15624063,0.740649
chr13,15628063,0.742007
chr13,15632063,0.738765
chr13,15636063,0.635233
chr13,15640063,0.636791
chr13,15644063,0.643918
chr13,15648063,0.742944
chr13,15652063,0.687866
chr13,15656063,0.663261
chr13,15660063,0.751592
chr13,15664063,0.641008
chr13,15668063,0.74492
chr13,15672063,0.64654
chr13,15676063,0.737303
chr13,15680063,0.728658
chr13,15684063,0.75077
chr13,15688063,0.710059
chr13,15692063,0.729117
chr13,15696063,0.63675
chr13,15700063,0.698958
chr13,15704063,0.634562
chr13,15708063,0.736724
chr13,15712063,0.685643
chr13,15716063,0.636129
chr13,15720063,0.626415
chr13,15724063,0.674422
chr13,15728063,0.658912
chr13,15732063,0.739467
chr13,15736063,0.71005
chr13,15740063,0.76081
chr13,15744063,0.701247
chr13,15748063,0.731166
chr13,15752063,0.742946
chr13,15756063,0.740178
chr13,15760063,0.740555
chr13,15764063,0.746726
chr13,15768063,0.73543
chr13,15772063,0.755887
chr13,15776063,0.656123
chr13,15780063,0.748283
chr13,15784063,0.682191
chr13,15788063,0.744189
chr13,15792063,0.729118
chr13,15796063,0.729783
chr13,15800063,0.743286
chr13,15804063,0.727925
chr13,15808063,0.737989
chr13,15812063,0.724926
chr13,15816063,0.702488
chr13,15820063,0.715803
chr13,15824063,0.704833
chr13,15828063,0.646295
chr13,15832063,0.732287
chr13,15836063,0.730263
chr13,15840063,0.714059
chr13,15844063,0.737936
chr13,15848063,0.743803
chr13,15852063,0.743437
chr13,15856063,0.741823
chr13,15860063,0.736201
chr13,15864063,0.723605
chr13,15868063,0.745653
chr13,15872063,0.635424
chr13,15876063,0.730191
chr13,15880063,0.732277
chr13,15884063,0.739326
chr13,15888063,0.741584
chr13,15892063,0.726228
chr13,15896063,0.73253
chr13,15900063,0.741167
chr13,15904063,0.645706
chr13,15908063,0.76211
chr13,15912063,0.741962
chr13,15916063,0.648825
chr13,15920063,0.739467
chr13,15924063,0.762117
chr13,15928063,0.631901
chr13,15932063,0.727153
chr13,15936063,0.752506
chr13,15940063,0.74586
chr13,15944063,0.750807
chr13,15948063,0.745864
chr13,15952063,0.747077
chr13,15956063,0.641414
chr13,15960063,0.638782
chr13,15964063,0.628092
chr13,15968063,0.650824
chr13,15972063,0.638684
chr13,15976063,0.643389
chr13,15980063,0.633414
chr13,15984063,0.668325
chr13,15988063,0.734956
chr13,15992063,0.632781
chr13,15996063,0.648923
chr13,16000063,0.659043
chr13,16004063,0.693157
chr13,16008063,0.630223
chr13,16012063,0.746543
chr13,16016063,0.638564
chr13,16020063,0.731009
chr13,16024063,0.736522
chr13,16028063,0.740729
chr13,16032063,0.648822
chr13,16036063,0.655193
chr13,16040063,0.638683
chr13,16044063,0.670096
chr13,16048063,0.739347
chr13,16052063,0.676542
chr13,16056063,0.649749
chr13,16060063,0.749575
chr13,16064063,0.736055
chr13,16068063,0.657865
chr13,16072063,0.657489
chr13,16076063,0.748023
chr13,16080063,0.665537
chr13,16084063,0.711508
chr13,16088063,0.731323
chr13,16092063,0.633031
chr13,16096063,0.736853
chr13,16100063,0.735996
chr13,16104063,0.753495
chr13,16108063,0.731683
chr13,16112063,0.638146
chr13,16116063,0.74055
chr13,16120063,0.752853
chr13,16124063,0.74618
chr13,16128063,0.731872
chr13,16132063,0.64078
chr13,16136063,0.682626
chr13,16140063,0.689394
chr13,16144063,0.747319
chr13,16148063,0.587002
chr13,16152063,0.621403
chr13,16156063,0.741262
chr13,16160063,0.752209
chr13,16164063,0.644899
chr13,16168063,0.742876
chr13,16172063,0.634026
chr13,16176063,0.735595
chr13,16180063,0.73183
chr13,16184063,0.746375
chr13,16188063,0.669524
chr13,16192063,0.751299
chr13,16196063,0.736181
chr13,16200063,0.64306
chr13,16204063,0.745582
chr13,16208063,0.730793
chr13,16212063,0.638722
chr13,16216063,0.649811
chr13,16220063,0.645382
chr13,16224063,0.737439
chr13,16228063,0.746893
chr13,16232063,0.734414
chr13,16236063,0.729198
chr13,16240063,0.634335
chr13,16244063,0.655133
chr13,16248063,0.637803
chr13,16252063,0.739538
chr13,16256063,0.739736
chr13,16260063,0.67921
chr13,16264063,0.688487
chr13,16268063,0.729603
chr13,16272063,0.752695
chr13,16276063,0.758268
chr13,16280063,0.749592
chr13,16284063,0.640795
chr13,16288063,0.637768
chr13,16292063,0.668936
chr13,16296063,0.750257
chr13,16300063,0.66319
chr13,16304063,0.640607
chr13,16308063,0.64121
chr13,16312063,0.736226
chr13,16316063,0.723462
chr13,16320063,0.73343
chr13,16324063,0.748774
chr13,16328063,0.729372
chr14,8077085,0.853021
chr14,8081085,0.798104
chr14,8085085,0.593793
chr14,8089085,0.593667
chr14,8093085,0.777798
chr14,8097085,0.81944
chr14,8101085,0.769842
chr14,8105085,0.85171
chr14,8109085,0.833712
chr14,8113085,0.741222
chr14,8117085,0.858565
chr14,8121085,0.477293
chr14,8125085,0.794971
chr14,8129085,0.793633
chr14,8133085,0.735783
chr14,8137085,0.831565
chr14,8141085,0.751748
chr14,8145085,0.820929
chr14,8149085,0.923847
chr14,8153085,0.963385
chr14,8157085,0.877931
chr14,8161085,0.912779
chr14,8165085,0.894694
chr14,8169085,0.843706
chr14,8173085,0.824299
chr14,8177085,0.801102
chr14,8181085,0.820483
chr14,8185085,0.925643
chr14,8189085,0.912975
chr14,8193085,0.919822
chr14,8197085,0.843637
chr14,8201085,0.827734
chr14,8205085,0.834777
chr14,8209085,0.815194
chr14,8213085,0.823559
chr14,8217085,0.822055
chr14,8221085,0.882062
chr14,8225085,0.859318
chr14,8229085,0.850135
chr14,8233085,0.841442
chr14,8237085,0.9196
chr14,8241085,0.849556
chr14,8245085,0.916106
chr14,8249085,0.833411
chr14,8253085,0.912524
chr14,8257085,0.881011
chr14,8261085,0.757987
chr14,8265085,0.900794
chr14,8269085,0.877424
chr14,8273085,0.814287
chr14,8277085,0.878311
chr14,8281085,0.915715
chr14,8285085,0.834155
chr14,8289085,0.888313
chr14,8293085,0.780036
chr14,8297085,0.898531
chr14,8301085,0.777571
chr14,8305085,0.787815
chr14,8309085,0.734812
chr14,8313085,0.731702
chr14,8317085,1.564574
chr14,8321085,1.674313
chr14,8325085,1.263379
chr14,8329085,1.276413
chr14,8333085,1.81134
chr14,8337085,1.526166
chr14,8341085,1.735925
chr14,8345085,1.529492
chr14,8349085,1.868067
chr14,8353085,1.33735
chr14,8357085,1.541701
chr14,8361085,1.759438
chr14,8365085,1.326818
chr14,8369085,1.768824
chr14,8373085,1.49148
chr14,8377085,1.615103
chr14,8381085,1.377629
chr14,8385085,1.835387
chr14,8389085,1.524982
chr14,8393085,1.542973
chr14,8397085,1.427064
chr14,8401085,1.788513
chr14,8405085,1.588841
chr14,8409085,1.586699
chr14,8413085,1.604866
chr14,8417085,1.426722
chr14,8421085,0.970845
chr14,8425085,1.737086
chr14,8429085,1.541048
chr14,8433085,1.062911
chr14,8437085,1.221722
chr14,8441085,1.606553
chr14,8445085,1.8417
chr14,8449085,1.424677
chr14,8453085,1.737525
chr14,8457085,1.585397
chr14,8461085,1.631229
chr14,8465085,1.39777
chr14,8469085,1.337257
chr14,8473085,1.673698
chr14,8477085,1.513593
chr14,8481085,1.509064
chr14,8485085,1.268752
chr14,8489085,0.843736
chr14,8493085,1.296697
chr14,8497085,1.40676
chr14,8501085,1.646735
chr14,8505085,1.432832
chr14,8509085,1.730091
chr14,8513085,1.406865
chr14,8517085,0.185022
chr14,8521085,0.15766
chr14,8525085,1.681297
chr14,8529085,1.838657
chr14,8533085,1.345588
chr14,8537085,1.037111
chr14,8541085,1.349092
chr14,8545085,1.531251
chr14,8549085,1.765442
chr14,8553085,1.72214
chr14,8557085,1.405453
chr14,8561085,1.83373
chr14,8565085,1.631068
chr14,8569085,1.818605
chr14,8573085,1.713753
chr14,8577085,1.57962
chr14,8581085,0.8754
chr14,8585085,1.877749
chr14,8589085,0.319905
chr14,8593085,1.830116
chr14,8597085,1.517553
chr14,8601085,1.448456
chr14,8605085,1.528256
chr14,8609085,1.432503
chr14,8613085,1.609505
chr14,8617085,1.755042
chr14,8621085,1.600567
chr14,8625085,1.629179
chr14,8629085,1.638583
chr14,8633085,1.64567
chr14,8637085,1.823347
chr14,8641085,1.540768
chr14,8645085,0.986398
chr14,8649085,1.270771
chr14,8653085,1.529952
chr14,8657085,1.686264
chr14,8661085,0.946384
chr14,8665085,1.619033
chr14,8669085,1.618904
chr14,8673085,1.652473
chr14,8677085,1.443888
chr14,8681085,1.715262
chr14,8685085,1.222973
chr14,8689085,1.788472
chr14,8693085,1.705178
chr14,8697085,1.809109
chr14,8701085,1.255594
chr14,8705085,1.558217
chr14,8709085,1.791332
chr14,8713085,1.792149
chr14,8717085,1.442867
chr14,8721085,1.351097
chr14,8725085,1.8735
chr14,8729085,1.615509
chr14,8733085,1.683039
chr14,8737085,1.83599
chr14,8741085,1.52362
chr14,8745085,1.3036
chr14,8749085,1.474736
chr14,8753085,1.609984
chr14,8757085,1.412941
chr14,8761085,1.519158
chr14,8765085,1.672193
chr14,8769085,1.586104
chr14,8773085,0.753702
chr14,8777085,0.792631
chr14,8781085,0.815289
chr14,8785085,0.757031
chr14,8789085,0.865444
chr14,8793085,0.881812
chr14,8797085,0.848049
chr14,8801085,0.823746
chr14,8805085,0.856073
chr14,8809085,0.793799
chr14,8813085,0.887432
chr14,8817085,0.840642
chr14,8821085,0.845373
chr14,8825085,0.901411
chr14,8829085,0.833493
chr14,8833085,0.877954
chr14,8837085,0.849254
chr14,8841085,0.864588
chr14,8845085,0.899477
chr14,8849085,0.854472
chr14,8853085,0.858784
chr14,8857085,0.95939
chr14,8861085,0.861303
chr14,8865085,0.847106
chr14,8869085,0.871362
chr14,8873085,0.847361
chr14,8877085,0.891052
chr14,8881085,0.86182
chr14,8885085,0.847476
chr14,8889085,0.884931
chr14,8893085,0.861655
chr14,8897085,0.879141
chr14,8901085,0.923251
chr14,8905085,0.838062
chr14,8909085,0.811112
chr14,8913085,0.820469
chr14,8917085,0.835189
chr14,8921085,0.484881
chr14,8925085,0.782
chr14,8929085,0.800394
chr14,8933085,0.870514
chr14,8937085,0.763361
chr14,8941085,0.833821
chr14,8945085,0.811033
chr14,8949085,0.835778
chr14,8953085,0.794629
chr14,8957085,0.369905
chr14,8961085,0.826159
chr14,8965085,0.791969
chr14,8969085,0.819745
chr14,8973085,0.802395
chr14,8977085,0.832483
chr14,8981085,0.823624
chr14,8985085,0.799601
chr14,8989085,0.796664
chr14,8993085,0.762611
chr14,8997085,0.807774
chr14,9001085,0.856622
chr14,9005085,0.726587
chr14,9009085,0.369025
chr14,9013085,0.815481
chr14,9017085,0.821746
chr14,9021085,0.785304
chr14,9025085,0.861995
chr14,9029085,0.827183
chr14,9033085,0.841375
chr14,9037085,0.965884
chr14,9041085,0.910096
chr14,9045085,0.701913
chr14,9049085,0.863494
chr14,9053085,0.796815
chr14,9057085,0.795365
chr14,9061085,0.769937
chr14,9065085,0.84833
chr14,9069085,0.902365
chr14,9073085,0.859622
chr14,9077085,0.86818
chr14,9081085,0.868786
chr14,9085085,0.518636
chr14,9089085,0.771774
chr14,9093085,0.889503
chr14,9097085,0.836852
chr14,9101085,0.756276
chr14,9105085,0.858467
chr14,9109085,0.884238
chr14,9113085,0.774613
chr14,9117085,0.815924
chr14,9121085,0.839254
chr14,9125085,0.802535
chr14,9129085,0.889415
chr14,9133085,0.858192
chr14,9137085,0.763226
chr14,9141085,0.854718
chr14,9145085,0.825531
chr14,9149085,0.831818
chr14,9153085,0.778015
chr14,9157085,0.845425
chr14,9161085,0.840791
chr14,9165085,0.81758
chr14,9169085,0.842713
chr14,9173085,0.85407
chr14,9177085,0.853169
chr14,9181085,0.845726
chr14,9185085,0.799267
chr14,9189085,0.823529
chr14,9193085,0.87205
chr14,9197085,0.84949
chr14,9201085,0.86603
chr14,9205085,0.775913
chr14,9209085,0.764346
chr14,9213085,0.716604
chr14,9217085,0.751337
chr14,9221085,0.785814
chr14,9225085,0.797619
chr14,9229085,0.789587
chr14,9233085,0.768067
chr14,9237085,0.811683
chr14,9241085,0.835955
chr14,9245085,0.807132
chr14,9249085,0.708599
chr14,9253085,0.823148
chr14,9257085,0.83985
chr14,9261085,0.8132
chr14,9265085,0.836974
chr14,9269085,0.815981
chr14,9273085,0.807516
chr14,9277085,0.802359
chr14,9281085,0.83416
chr14,9285085,0.838587
chr14,9289085,0.882109
chr14,9293085,0.854822
chr14,9297085,0.847768
chr14,9301085,0.849616
chr14,9305085,0.646144
chr14,9309085,0.866766
chr14,9313085,1.018545
chr14,9317085,0.788996
chr14,9321085,0.710235
chr14,9325085,0.825272
chr14,9329085,0.820817
chr14,9333085,0.824172
chr14,9337085,0.808055
chr14,9341085,0.794828
chr14,9345085,0.358818
chr14,9349085,0.87711
chr14,9353085,0.836363
chr14,9357085,0.846846
chr14,9361085,0.279342
chr14,9365085,0.819952
chr14,9369085,0.738258
chr14,9373085,0.527662
chr14,9377085,0.769219
chr14,9381085,0.783224
chr14,9385085,0.800464
chr14,9389085,0.783121
chr14,9393085,0.822515
chr14,9397085,0.805754
chr14,9401085,0.800676
chr14,9405085,0.865771
chr14,9409085,1.097949
chr14,9413085,0.902558
chr14,9417085,0.52002
chr14,9421085,0.391821
chr14,9425085,1.634398
chr14,9429085,1.766017
chr14,9433085,1.538634
chr14,9437085,1.681303
chr14,9441085,1.279941
chr14,9445085,1.486196
chr14,9449085,1.765644
chr14,9453085,1.683864
chr14,9457085,1.792683
chr14,9461085,1.609129
chr14,9465085,1.075952
chr14,9469085,1.618798
chr14,9473085,1.619789
chr14,9477085,1.553949
chr14,9481085,1.205156
chr14,9485085,0.773272
chr14,9489085,1.622698
chr14,9493085,1.559068
chr14,9497085,1.801481
chr14,9501085,1.847765
chr14,9505085,1.414616
chr14,9509085,0.716706
chr14,9513085,0.930812
chr14,9517085,1.769608
chr14,9521085,1.315715
chr14,9525085,1.061722
chr14,9529085,1.005598
chr14,9533085,1.836557
chr14,9537085,1.488179
chr14,9541085,1.305108
chr14,9545085,1.685047
chr14,9549085,0.792147
chr14,9553085,0.843112
chr14,9557085,0.763443
chr14,9561085,0.788635
chr14,9565085,1.478653
chr14,9569085,1.305515
chr14,9573085,1.543374
chr14,9577085,1.191082
chr14,9581085,0.629156
chr14,9585085,0.755163
chr14,9589085,0.822285
chr14,9593085,0.21754
chr14,9597085,0.942528
chr14,9601085,1.746265
chr14,9605085,1.24863
chr14,9609085,1.172769
chr14,9613085,0.85549
chr14,9617085,1.341013
chr14,9621085,1.323644
chr14,9625085,0.752445
chr14,9629085,1.819537
chr14,9633085,0.470328
chr14,9637085,0.465389
chr14,9641085,1.725289
chr14,9645085,1.882204
chr14,9649085,1.825851
chr14,9653085,1.186168
chr14,9657085,1.327167
chr14,9661085,1.424769
chr14,9665085,1.718038
chr14,9669085,0.848319
chr14,9673085,1.687066
chr14,9677085,1.760926
chr14,9681085,0.776851
chr14,9685085,0.767226
chr14,9689085,0.786873
chr14,9693085,0.808145
chr14,9697085,0.869575
chr14,9701085,0.915544
chr14,9705085,0.743553
chr14,9709085,0.870636
chr14,9713085,0.653443
chr14,9717085,0.660111
chr14,9721085,0.687022
chr14,9725085,0.586343
chr14,9729085,0.323049
chr14,9733085,0.819578
chr14,9737085,0.755028
chr14,9741085,0.756076
chr14,9745085,0.775183
chr14,9749085,0.780343
chr14,9753085,0.32103
chr14,9757085,0.841283
chr14,9761085,0.887014
chr14,9765085,0.723537
chr14,9769085,0.719482
chr14,9773085,0.769002
chr14,9777085,0.630471
chr14,9781085,0.95846
chr14,9785085,0.749583
chr14,9789085,0.686123
chr14,9793085,0.785311
chr14,9797085,0.800697
chr14,9801085,0.304437
chr14,9805085,0.748486
chr14,9809085,0.762843
chr14,9813085,0.695862
chr14,9817085,0.707359
chr14,9821085,0.766142
chr14,9825085,0.681345
chr14,9829085,0.341906
chr14,9833085,0.958704
chr14,9837085,0.855557
chr14,9841085,0.789034
chr14,9845085,0.7968
chr14,9849085,0.753189
chr14,9853085,0.836704
chr14,9857085,1.754257
chr14,9861085,0.599474
chr14,9865085,1.32507
chr14,9869085,1.587175
chr14,9873085,1.633855
chr14,9877085,1.445907
chr14,9881085,1.45172
chr14,9885085,1.566745
chr14,9889085,1.862939
chr14,9893085,1.805205
chr14,9897085,0.702814
chr14,9901085,0.410482
chr14,9905085,1.69759
chr14,9909085,0.861523
chr14,9913085,1.702964
chr14,9917085,1.576399
chr14,9921085,1.405126
chr14,9925085,0.652132
chr14,9929085,1.443037
chr14,9933085,1.466722
chr14,9937085,1.590785
chr14,9941085,0.706147
chr14,9945085,1.039767
chr14,9949085,0.468437
chr14,9953085,0.969689
chr14,9957085,1.438381
chr14,9961085,1.66018
chr14,9965085,0.835977
chr14,9969085,1.502647
chr14,9973085,1.522985
chr14,9977085,1.514059
chr14,9981085,1.624684
chr14,9985085,1.129424
chr14,9989085,1.352255
chr14,9993085,1.335829
chr14,9997085,0.284167
chr14,10001085,1.579679
chr14,10005085,1.784907
chr14,10009085,1.749237
chr14,10013085,1.564485
chr14,10017085,1.28967
chr14,10021085,1.210784
chr14,10025085,1.546487
chr14,10029085,1.73969
chr14,10033085,1.572213
chr14,10037085,0.998235
chr14,10041085,1.496226
chr14,10045085,1.811674
chr14,10049085,1.742366
chr14,10053085,1.023553
chr14,10057085,1.66224
chr14,10061085,1.888028
chr14,10065085,1.596111
chr14,10069085,0.751937
chr14,10073085,0.683479
chr14,10077085,0.292312
chr14,10081085,0.880568
chr14,10085085,0.718999
chr14,10089085,0.855775
chr14,10093085,0.8998
chr14,10097085,0.719952
chr14,10101085,0.794769
chr14,10105085,0.798108
chr14,10109085,0.717562
chr14,10113085,0.809169
chr14,10117085,0.718249
chr14,10121085,0.765626
chr14,10125085,0.808658
chr14,10129085,0.785744
chr14,10133085,0.805557
chr14,10137085,0.715261
chr14,10141085,0.699857
chr14,10145085,0.787251
chr14,10149085,0.751146
chr14,10153085,0.804983
chr14,10157085,0.783349
chr14,10161085,0.706002
chr14,10165085,0.770215
chr14,10169085,0.821739
chr14,10173085,0.783474
chr14,10177085,0.722405
chr14,10181085,0.705567
chr14,10185085,0.683289
chr14,10189085,0.70525
chr14,10193085,0.700956
chr14,10197085,0.722027
chr14,10201085,0.713665
chr14,10205085,0.675618
chr14,10209085,0.701775
chr14,10213085,0.693268
chr14,10217085,0.718906
chr14,10221085,0.741837
chr14,10225085,0.694557
chr14,10229085,0.695076
chr14,10233085,0.708787
chr14,10237085,0.721796
chr14,10241085,0.7062
chr14,10245085,0.700419
chr14,10249085,0.701404
chr14,10253085,0.702456
chr14,10257085,0.704624
chr14,10261085,0.682722
chr14,10265085,0.710343
chr14,10269085,0.679051
chr14,10273085,0.832435
chr14,10277085,0.776848
chr14,10281085,0.792625
chr14,10285085,0.687735
chr14,10289085,0.681415
chr14,10293085,0.708024
chr14,10297085,0.766243
chr14,10301085,0.753075
chr14,10305085,0.813383
chr14,10309085,0.777543
chr14,10313085,0.706096
chr14,10317085,0.732281
chr14,10321085,0.737741
chr14,10325085,0.78348
chr14,10329085,0.762622
chr14,10333085,0.703294
chr14,10337085,0.704456
chr14,10341085,0.716891
chr14,10345085,0.731929
chr14,10349085,0.700807
chr14,10353085,0.718562
chr14,10357085,0.807926
chr14,10361085,0.777301
chr14,10365085,0.74609
chr14,10369085,0.704327
chr14,10373085,0.697752
chr14,10377085,0.687982
chr14,10381085,0.703042
chr14,10385085,0.70457
chr14,10389085,0.718609
chr14,10393085,0.6861
chr14,10397085,0.708561
chr14,10401085,0.739489
chr14,10405085,0.716113
chr14,10409085,0.745297
chr14,10413085,0.706404
chr14,10417085,0.712952
chr14,10421085,0.708369
chr14,10425085,0.706371
chr14,10429085,0.718299
chr14,10433085,0.70308
chr14,10437085,0.678903
chr14,10441085,0.691464
chr14,10445085,0.695438
chr14,10449085,0.710597
chr14,10453085,0.712578
chr14,10457085,0.704133
chr14,10461085,0.728377
chr14,10465085,0.705766
chr14,10469085,0.714758
chr14,10473085,0.711141
chr14,10477085,0.709111
chr14,10481085,0.706853
chr14,10485085,0.706442
chr14,10489085,0.733953
chr14,10493085,0.698111
chr14,10497085,0.7186
chr14,10501085,0.710662
chr14,10505085,0.718833
chr14,10509085,0.702858
chr14,10513085,0.692757
chr14,10517085,0.70489
chr14,10521085,0.711088
chr14,10525085,0.686767
chr14,10529085,0.707822
chr14,10533085,0.721348
chr14,10537085,0.723828
chr14,10541085,0.716054
chr14,10545085,0.729339
chr14,10549085,0.709066
chr14,10553085,0.713246
chr14,10557085,0.676336
chr14,10561085,0.696321
chr14,10565085,0.718163
chr14,10569085,0.709937
chr14,10573085,0.712363
chr14,10577085,0.689457
chr14,10581085,0.712977
chr14,10585085,0.72888
chr14,10589085,0.713201
chr14,10593085,0.715317
chr14,10597085,0.686899
chr14,10601085,0.714764
chr14,10605085,0.721305
chr14,10609085,0.69505
chr14,10613085,0.715628
chr14,10617085,0.702532
chr14,10621085,0.704278
chr14,10625085,0.720615
chr14,10629085,0.727682
chr14,10633085,0.659089
chr14,10637085,0.689675
chr14,10641085,0.680478
chr14,10645085,0.696691
chr14,10649085,0.725397
chr14,10653085,0.702298
chr14,10657085,0.717582
chr14,10661085,0.676517
chr14,10665085,0.665011
chr14,10669085,0.699843
chr14,10673085,0.70425
chr14,10677085,0.689483
chr14,10681085,0.685701
chr14,10685085,0.690077
chr14,10689085,0.696834
chr14,10693085,0.68357
chr14,10697085,0.683654
chr14,10701085,0.724265
chr14,10705085,0.719527
chr14,10709085,0.706788
chr14,10713085,0.67992
chr14,10717085,0.71558
chr14,10721085,0.702852
chr14,10725085,0.695064
chr14,10729085,0.687834
chr14,10733085,0.691818
chr14,10737085,0.664524
chr14,10741085,0.690764
chr14,10745085,0.686687
chr14,10749085,0.682
chr14,10753085,0.666452
chr14,10757085,0.69636
chr14,10761085,0.72964
chr14,10765085,0.697566
chr14,10769085,0.73885
chr14,10773085,0.693087
chr14,10777085,0.683224
chr14,10781085,0.705822
chr14,10785085,0.707385
chr14,10789085,0.692197
chr14,10793085,0.699426
chr14,10797085,0.698039
chr14,10801085,0.683872
chr14,10805085,0.703968
chr14,10809085,0.683717
chr14,10813085,0.676243
chr14,10817085,0.67998
chr14,10821085,0.682402
chr14,10825085,0.695699
chr14,10829085,0.724456
chr14,10833085,0.707421
chr14,10837085,0.686958
chr14,10841085,0.672037
chr14,10845085,0.673393
chr14,10849085,0.671097
chr14,10853085,0.675496
chr14,10857085,0.677549
chr14,10861085,0.693915
chr14,10865085,0.696247
chr14,10869085,0.690077
chr14,10873085,0.703742
chr14,10877085,0.693746
chr14,10881085,0.693131
chr14,10885085,0.692105
chr14,10889085,0.688534
chr14,10893085,0.702835
chr14,10897085,0.672951
chr14,10901085,0.657479
chr14,10905085,0.664386
chr14,10909085,0.671011
chr14,10913085,0.677665
chr14,10917085,0.683044
chr14,10921085,0.677711
chr14,10925085,0.663019
chr14,10929085,0.704746
chr14,10933085,0.680621
chr14,10937085,0.666514
chr14,10941085,0.686679
chr14,10945085,0.673116
chr14,10949085,0.673401
chr14,10953085,0.681151
chr14,10957085,0.697182
chr14,10961085,0.678707
chr14,10965085,0.691004
chr14,10969085,0.702436
chr14,10973085,0.696304
chr14,10977085,0.705142
chr14,10981085,0.68635
chr14,10985085,0.705041
chr14,10989085,0.701029
chr14,10993085,0.703203
chr14,10997085,0.682878
chr14,11001085,0.681554
chr14,11005085,0.694955
chr14,11009085,0.686003
chr14,11013085,0.67411
chr14,11017085,0.69395
chr14,11021085,0.671473
chr14,11025085,0.662094
chr14,11029085,0.698485
chr14,11033085,0.712921
chr14,11037085,0.703153
chr14,11041085,0.70316
chr14,11045085,0.703642
chr14,11049085,0.694728
chr14,11053085,0.751079
chr14,11057085,0.694804
chr14,11061085,0.673687
chr14,11065085,0.702574
chr14,11069085,0.676617
chr14,11073085,0.67586
chr14,11077085,0.720874
chr14,11081085,0.685132
chr14,11085085,0.686902
chr14,11089085,0.690912
chr14,11093085,0.677547
chr14,11097085,0.680821
chr14,11101085,0.685795
chr14,11105085,0.673784
chr14,11109085,0.694582
chr14,11113085,0.699382
chr14,11117085,0.677371
chr14,11121085,0.678637
chr14,11125085,0.671742
chr14,11129085,0.690439
chr14,11133085,0.664353
chr14,11137085,0.664962
chr14,11141085,0.702169
chr14,11145085,0.68928
chr14,11149085,0.713207
chr14,11153085,0.688277
chr14,11157085,0.700988
chr14,11161085,0.690077
chr14,11165085,0.684004
chr14,11169085,0.690532
chr14,11173085,0.719067
chr14,11177085,0.703494
chr14,11181085,0.690064
chr14,11185085,0.68034
chr14,11189085,0.679318
chr14,11193085,0.662421
chr14,11197085,0.657357
chr14,11201085,0.661816
chr14,11205085,0.671501
chr14,11209085,0.662478
chr14,11213085,0.680323
chr14,11217085,0.706898
chr14,11221085,0.695468
chr14,11225085,0.694129
chr14,11229085,0.675675
chr14,11233085,0.690935
chr14,11237085,0.689188
chr14,11241085,0.713563
chr14,11245085,0.676084
chr14,11249085,0.695695
chr14,11253085,0.663549
chr14,11257085,0.688307
chr14,11261085,0.686494
chr14,11265085,0.686097
chr14,11269085,0.670322
chr14,11273085,0.698641
chr14,11277085,0.707557
chr14,11281085,0.697919
chr14,11285085,0.693481
chr14,11289085,0.702113
chr14,11293085,0.688421
chr14,11297085,0.68873
chr14,11301085,0.703047
chr14,11305085,0.694949
chr14,11309085,0.649863
chr14,11313085,0.669925
chr14,11317085,0.665885
chr14,11321085,0.680067
chr14,11325085,0.698692
chr14,11329085,0.721847
chr14,11333085,0.711358
chr14,11337085,0.703838
chr14,11341085,0.658532
chr14,11345085,0.680691
chr14,11349085,0.668803
chr14,11353085,0.666283
chr14,11357085,0.679982
chr14,11361085,0.661242
chr14,11365085,0.674081
chr14,11369085,0.672265
chr14,11373085,0.672164
chr14,11377085,0.672178
chr14,11381085,0.681658
chr14,11385085,0.68905
chr14,11389085,0.712718
chr14,11393085,0.66698
chr14,11397085,0.697459
chr14,11401085,0.697943
chr14,11405085,0.696547
chr14,11409085,0.691453
chr14,11413085,0.682102
chr14,11417085,0.659866
chr14,11421085,0.681476
chr14,11425085,0.673596
chr14,11429085,0.672033
chr14,11433085,0.668442
chr14,11437085,0.677842
chr14,11441085,0.682773
chr14,11445085,0.688648
chr14,11449085,0.717585
chr14,11453085,0.697195
chr14,11457085,0.67828
chr14,11461085,0.678069
chr14,11465085,0.700218
chr14,11469085,0.691082
chr14,11473085,0.667679
chr14,11477085,0.680468
chr14,11481085,0.669954
chr14,11485085,0.684169
chr14,11489085,0.673975
chr14,11493085,0.679629
chr14,11497085,0.681366
chr14,11501085,0.685137
chr14,11505085,0.687131
chr14,11509085,0.724653
chr14,11513085,0.696851
chr14,11517085,0.680376
chr14,11521085,0.683493
chr14,11525085,0.706874
chr14,11529085,0.670155
chr14,11533085,0.669138
chr14,11537085,0.688858
chr14,11541085,0.679226
chr14,11545085,0.67945
chr14,11549085,0.681073
chr14,11553085,0.671204
chr14,11557085,0.668749
chr14,11561085,0.689259
chr14,11565085,0.65579
chr14,11569085,0.716838
chr14,11573085,0.698972
chr14,11577085,0.702586
chr14,11581085,0.706868
chr14,11585085,0.711705
chr14,11589085,0.680381
chr14,11593085,0.685713
chr14,11597085,0.673512
chr14,11601085,0.684831
chr14,11605085,0.670478
chr14,11609085,0.661146
chr14,11613085,0.667811
chr14,11617085,0.673218
chr14,11621085,0.688618
chr14,11625085,0.705677
chr14,11629085,0.721528
chr14,11633085,0.686831
chr14,11637085,0.706714
chr14,11641085,0.694213
chr14,11645085,0.716275
chr14,11649085,0.687623
chr14,11653085,0.664443
chr14,11657085,0.659578
chr14,11661085,0.675169
chr14,11665085,0.713378
chr14,11669085,0.680451
chr14,11673085,0.675855
chr14,11677085,0.687498
chr14,11681085,0.710628
chr14,11685085,0.699204
chr14,11689085,0.702821
chr14,11693085,0.70165
chr14,11697085,0.704277
chr14,11701085,0.682084
chr14,11705085,0.705312
chr14,11709085,0.694831
chr14,11713085,0.712062
chr14,11717085,0.671877
chr14,11721085,0.667226
chr14,11725085,0.661997
chr14,11729085,0.670478
chr14,11733085,0.677251
chr14,11737085,0.714567
chr14,11741085,0.701287
chr14,11745085,0.701402
chr14,11749085,0.723062
chr14,11753085,0.686984
chr14,11757085,0.694486
chr14,11761085,0.740395
chr14,11765085,0.694888
chr14,11769085,0.750559
chr14,11773085,0.711556
chr14,11777085,0.682723
chr14,11781085,0.700285
chr14,11785085,0.714604
chr14,11789085,0.67901
chr14,11793085,0.683469
chr14,11797085,0.681018
chr14,11801085,0.688147
chr14,11805085,0.655391
chr14,11809085,0.668189
chr14,11813085,0.695126
chr14,11817085,0.673996
chr14,11821085,0.676396
chr14,11825085,0.684922
chr14,11829085,0.688179
chr14,11833085,0.68249
chr14,11837085,0.691809
chr14,11841085,0.664317
chr14,11845085,0.690291
chr14,11849085,0.681364
chr14,11853085,0.679399
chr14,11857085,0.684378
chr14,11861085,0.689181
chr14,11865085,0.698241
chr14,11869085,0.665685
chr14,11873085,0.676361
chr14,11877085,0.705836
chr14,11881085,0.699877
chr14,11885085,0.716775
chr14,11889085,0.694253
chr14,11893085,0.701311
chr14,11897085,0.68516
chr14,11901085,0.679306
chr14,11905085,0.680614
chr14,11909085,0.684022
chr14,11913085,0.674692
chr14,11917085,0.687081
chr14,11921085,0.689146
chr14,11925085,0.668384
chr14,11929085,0.715515
chr14,11933085,0.678198
chr14,11937085,0.68686
chr14,11941085,0.6749
chr14,11945085,0.685993
chr14,11949085,0.664838
chr14,11953085,0.667898
chr14,11957085,0.666549
chr14,11961085,0.667103
chr14,11965085,0.68916
chr14,11969085,0.683191
chr14,11973085,0.710854
chr14,11977085,0.690293
chr14,11981085,0.685857
chr14,11985085,0.660333
chr14,11989085,0.665203
chr14,11993085,0.689187
chr14,11997085,0.68468
chr14,12001085,0.700552
chr14,12005085,0.67558
chr14,12009085,0.695948
chr14,12013085,0.702597
chr14,12017085,0.679894
chr14,12021085,0.693764
chr14,12025085,0.683481
chr14,12029085,0.660345
chr14,12033085,0.671843
chr14,12037085,0.666242
chr14,12041085,0.667208
chr14,12045085,0.702548
chr14,12049085,0.702451
chr14,12053085,0.706606
chr14,12057085,0.696441
chr14,12061085,0.69901
chr14,12065085,0.673194
chr14,12069085,0.702391
chr14,12073085,0.679242
chr15,14555223,1.325903
chr15,14559223,1.476495
chr15,14563223,0.854761
chr15,14567223,1.633968
chr15,14571223,1.720965
chr15,14575223,1.252305
chr15,14579223,0.476773
chr15,14583223,0.496735
chr15,14587223,0.392031
chr15,14591223,1.102826
chr15,14595223,1.134694
chr15,14599223,1.21488
chr15,14603223,1.136644
chr15,14607223,1.650974
chr15,14611223,0.912684
chr15,14615223,1.213877
chr15,14619223,1.315136
chr15,14623223,0.923271
chr15,14627223,1.731024
chr15,14631223,0.848474
chr15,14635223,0.489362
chr15,14639223,1.796509
chr15,14643223,1.900626
chr15,14647223,1.646334
chr15,14651223,0.727197
chr15,14655223,1.133556
chr15,14659223,0.910262
chr15,14663223,1.249831
chr15,14667223,1.400585
chr15,14671223,1.764578
chr15,14675223,0.831764
chr15,14679223,0.850024
chr15,14683223,0.843326
chr15,14687223,0.820769
chr15,14691223,0.912674
chr15,14695223,0.836315
chr15,14699223,0.805573
chr15,14703223,0.80965
chr15,14707223,0.836193
chr15,14711223,0.786436
chr15,14715223,0.769442
chr15,14719223,0.761096
chr15,14723223,0.782888
chr15,14727223,0.820009
chr15,14731223,0.816493
chr15,14735223,0.615031
chr15,14739223,0.790928
chr15,14743223,0.352836
chr15,14747223,0.750762
chr15,14751223,0.744917
chr15,14755223,0.806494
chr15,14759223,0.691986
chr15,14763223,0.820723
chr15,14767223,0.724462
chr15,14771223,0.812605
chr15,14775223,0.857965
chr15,14779223,0.982141
chr15,14783223,1.542939
chr15,14787223,0.875351
chr15,14791223,1.350514
chr15,14795223,1.292975
chr15,14799223,1.803372
chr15,14803223,1.437335
chr15,14807223,1.486809
chr15,14811223,1.218516
chr15,14815223,0.501422
chr15,14819223,0.422292
chr15,14823223,1.836191
chr15,14827223,1.496847
chr15,14831223,1.736305
chr15,14835223,1.210407
chr15,14839223,1.40117
chr15,14843223,1.900599
chr15,14847223,1.464631
chr15,14851223,1.065143
chr15,14855223,1.675029
chr15,14859223,0.963763
chr15,14863223,1.610839
chr15,14867223,1.835895
chr15,14871223,1.503838
chr15,14875223,1.369389
chr15,14879223,0.504174
chr15,14883223,1.77486
chr15,14887223,1.664169
chr15,14891223,1.525276
chr15,14895223,1.535903
chr15,14899223,0.419555
chr15,14903223,1.465636
chr15,14907223,1.04267
chr15,14911223,1.568577
chr15,14915223,1.748747
chr15,14919223,1.230725
chr15,14923223,1.224084
chr15,14927223,1.465844
chr15,14931223,0.94676
chr15,14935223,1.624305
chr15,14939223,0.719425
chr15,14943223,0.794924
chr15,14947223,0.756648
chr15,14951223,0.766383
chr15,14955223,0.791336
chr15,14959223,0.836359
chr15,14963223,0.484687
chr15,14967223,0.647731
chr15,14971223,0.719643
chr15,14975223,0.802905
chr15,14979223,0.74843
chr15,14983223,0.757457
chr15,14987223,0.740557
chr15,14991223,0.991061
chr15,14995223,1.671777
chr15,14999223,1.721701
chr15,15003223,1.289181
chr15,15007223,0.344158
chr15,15011223,0.972754
chr15,15015223,1.04613
chr15,15019223,1.627677
chr15,15023223,1.530019
chr15,15027223,1.37995
chr15,15031223,0.884986
chr15,15035223,1.409671
chr15,15039223,1.321748
chr15,15043223,1.388974
chr15,15047223,1.726774
chr15,15051223,0.957488
chr15,15055223,0.438368
chr15,15059223,1.689624
chr15,15063223,1.908178
chr15,15067223,1.608948
chr15,15071223,0.660812
chr15,15075223,1.267049
chr15,15079223,1.023453
chr15,15083223,1.741091
chr15,15087223,1.53254
chr15,15091223,1.26397
chr15,15095223,1.745172
chr15,15099223,0.779276
chr15,15103223,0.710476
chr15,15107223,0.846321
chr15,15111223,0.807729
chr15,15115223,0.716962
chr15,15119223,0.390677
chr15,15123223,0.655552
chr15,15127223,0.851308
chr15,15131223,0.957597
chr15,15135223,0.763363
chr15,15139223,0.793126
chr15,15143223,0.742193
chr15,15147223,0.760042
chr15,15151223,0.767138
chr15,15155223,0.722688
chr15,15159223,0.585906
chr15,15163223,0.79227
chr15,15167223,0.798009
chr15,15171223,0.725573
chr15,15175223,0.594897
chr15,15179223,0.755818
chr15,15183223,0.467369
chr15,15187223,0.723185
chr15,15191223,0.739551
chr15,15195223,0.291664
chr15,15199223,0.44437
chr15,15203223,0.724301
chr15,15207223,0.78186
chr15,15211223,0.760761
chr15,15215223,0.758086
chr15,15219223,0.861293
chr15,15223223,0.678282
chr15,15227223,0.680743
chr15,15231223,0.653274
chr15,15235223,0.653697
chr15,15239223,0.683535
chr15,15243223,0.794778
chr15,15247223,0.895369
chr15,15251223,0.88483
chr15,15255223,0.912838
chr15,15259223,0.922396
chr15,15263223,0.825864
chr15,15267223,0.927815
chr15,15271223,0.993455
chr15,15275223,0.840659
chr15,15279223,0.895956
chr15,15283223,0.932783
chr15,15287223,0.933666
chr15,15291223,0.904978
chr15,15295223,0.86354
chr15,15299223,0.864243
chr15,15303223,0.819139
chr15,15307223,0.905499
chr15,15311223,0.928006
chr15,15315223,0.906211
chr15,15319223,0.89535
chr15,15323223,0.836765
chr15,15327223,0.903297
chr15,15331223,0.867193
chr15,15335223,0.869076
chr15,15339223,0.865915
chr15,15343223,0.861967
chr15,15347223,0.868124
chr15,15351223,0.904886
chr15,15355223,0.869107
chr15,15359223,0.923903
chr15,15363223,0.873167
chr15,15367223,0.929185
chr15,15371223,0.90762
chr15,15375223,0.930559
chr15,15379223,0.907339
chr15,15383223,0.897702
chr15,15387223,0.914873
chr15,15391223,0.860721
chr15,15395223,0.883444
chr15,15399223,0.874435
chr15,15403223,0.818676
chr15,15407223,0.742422
chr15,15411223,0.356655
chr15,15415223,0.999225
chr15,15419223,0.913837
chr15,15423223,0.919608
chr15,15427223,0.910665
chr15,15431223,0.873288
chr15,15435223,0.917951
chr15,15439223,0.905924
chr15,15443223,0.954141
chr15,15447223,0.943526
chr15,15451223,0.906603
chr15,15455223,0.882831
chr15,15459223,0.919514
chr15,15463223,0.893978
chr15,15467223,0.89511
chr15,15471223,0.894925
chr15,15475223,0.890462
chr15,15479223,0.915584
chr15,15483223,0.892284
chr15,15487223,0.937928
chr15,15491223,0.91253
chr15,15495223,0.893407
chr15,15499223,0.880005
chr15,15503223,0.913128
chr15,15507223,0.892305
chr15,15511223,0.876283
chr15,15515223,0.920937
chr15,15519223,0.873987
chr15,15523223,0.899091
chr15,15527223,0.904381
chr15,15531223,0.880719
chr15,15535223,0.826512
chr15,15539223,0.889567
chr15,15543223,0.91436
chr15,15547223,0.874558
chr15,15551223,0.884794
chr15,15555223,0.921372
chr15,15559223,0.89596
chr15,15563223,0.911332
chr15,15567223,0.894588
chr15,15571223,0.864916
chr15,15575223,0.909653
chr15,15579223,0.886197
chr15,15583223,0.866411
chr15,15587223,0.926906
chr15,15591223,0.913698
chr15,15595223,0.888747
chr15,15599223,0.893491
chr15,15603223,0.88242
chr15,15607223,0.924145
chr15,15611223,0.89156
chr15,15615223,0.903219
chr15,15619223,0.916946
chr15,15623223,0.87781
chr15,15627223,0.900784
chr15,15631223,0.906945
chr15,15635223,0.887495
chr15,15639223,0.914321
chr15,15643223,0.925211
chr15,15647223,0.912442
chr15,15651223,0.898117
chr15,15655223,0.871041
chr15,15659223,0.908016
chr15,15663223,0.917325
chr15,15667223,0.897455
chr15,15671223,0.91084
chr15,15675223,0.877526
chr15,15679223,0.870086
chr15,15683223,0.926299
chr15,15687223,0.902364
chr15,15691223,0.826261
chr15,15695223,0.770306
chr15,15699223,0.389514
chr15,15703223,0.803674
chr15,15707223,0.788079
chr15,15711223,0.818997
chr15,15715223,0.752089
chr15,15719223,0.786128
chr15,15723223,0.869757
chr15,15727223,0.901365
chr15,15731223,0.786674
chr15,15735223,0.864487
chr15,15739223,0.807978
chr15,15743223,0.735357
chr15,15747223,0.859106
chr15,15751223,0.88694
chr15,15755223,0.795238
chr15,15759223,0.830172
chr15,15763223,0.955843
chr15,15767223,0.849726
chr15,15771223,0.854791
chr15,15775223,0.853793
chr15,15779223,0.785925
chr15,15783223,0.853027
chr15,15787223,0.754691
chr15,15791223,0.81401
chr15,15795223,0.862802
chr15,15799223,0.749502
chr15,15803223,0.811921
chr15,15807223,0.760877
chr15,15811223,0.780918
chr15,15815223,0.836783
chr15,15819223,0.820344
chr15,15823223,0.847163
chr15,15827223,0.895822
chr15,15831223,0.746682
chr15,15835223,0.789769
chr15,15839223,0.896307
chr15,15843223,0.843926
chr15,15847223,0.892919
chr15,15851223,0.850464
chr15,15855223,0.895109
chr15,15859223,0.84257
chr15,15863223,0.814077
chr15,15867223,0.785633
chr15,15871223,0.798379
chr15,15875223,0.787247
chr15,15879223,0.81635
chr15,15883223,0.89305
chr15,15887223,0.631114
chr15,15891223,0.860852
chr15,15895223,0.884707
chr15,15899223,0.832563
chr15,15903223,0.857668
chr15,15907223,0.871417
chr15,15911223,0.788762
chr15,15915223,0.785719
chr15,15919223,0.808097
chr15,15923223,0.853122
chr15,15927223,0.795036
chr15,15931223,0.457695
chr15,15935223,0.520268
chr15,15939223,0.756294
chr15,15943223,0.805552
chr15,15947223,0.735004
chr15,15951223,0.814739
chr15,15955223,0.705307
chr15,15959223,0.790603
chr15,15963223,0.425658
chr15,15967223,0.829072
chr15,15971223,0.853338
chr15,15975223,0.757511
chr15,15979223,0.741714
chr15,15983223,0.760307
chr15,15987223,0.822604
chr15,15991223,0.815478
chr15,15995223,0.914987
chr15,15999223,0.889681
chr15,16003223,0.828914
chr15,16007223,0.873417
chr15,16011223,0.896862
chr15,16015223,0.882914
chr15,16019223,0.908607
chr15,16023223,0.8776
chr15,16027223,0.88895
chr15,16031223,0.830338
chr15,16035223,0.872278
chr15,16039223,0.883501
chr15,16043223,0.822921
chr15,16047223,0.832541
chr15,16051223,0.876764
chr15,16055223,0.881279
chr15,16059223,0.870692
chr15,16063223,0.900116
chr15,16067223,0.814176
chr15,16071223,0.815924
chr15,16075223,0.888867
chr15,16079223,0.882603
chr15,16083223,0.886377
chr15,16087223,0.901262
chr15,16091223,0.836906
chr15,16095223,0.844492
chr15,16099223,0.91024
chr15,16103223,0.8946
chr15,16107223,0.905227
chr15,16111223,0.901052
chr15,16115223,0.828669
chr15,16119223,0.878081
chr15,16123223,0.902713
chr15,16127223,0.888865
chr15,16131223,0.906364
chr15,16135223,0.887729
chr15,16139223,0.847804
chr15,16143223,0.898143
chr15,16147223,0.895581
chr15,16151223,0.882005
chr15,16155223,0.908958
chr15,16159223,0.861819
chr15,16163223,0.835359
chr15,16167223,0.901617
chr15,16171223,0.903596
chr15,16175223,0.874438
chr15,16179223,0.898352
chr15,16183223,0.8401
chr15,16187223,0.852056
chr15,16191223,0.894353
chr15,16195223,0.896336
chr15,16199223,0.87697
chr15,16203223,0.906837
chr15,16207223,0.818341
chr15,16211223,0.827394
chr15,16215223,0.893951
chr15,16219223,0.88697
chr15,16223223,0.889249
chr15,16227223,0.907572
chr15,16231223,0.837893
chr15,16235223,0.854208
chr15,16239223,0.920647
chr15,16243223,0.895842
chr15,16247223,0.902862
chr15,16251223,0.908601
chr15,16255223,0.850054
chr15,16259223,0.895468
chr15,16263223,0.914308
chr15,16267223,0.895766
chr15,16271223,0.913008
chr15,16275223,0.887177
chr15,16279223,0.830068
chr15,16283223,0.900683
chr15,16287223,0.892401
chr15,16291223,0.888236
chr15,16295223,0.900172
chr15,16299223,0.868738
chr15,16303223,0.828877
chr15,16307223,0.896695
chr15,16311223,0.886237
chr15,16315223,0.896493
chr15,16319223,0.900091
chr15,16323223,0.835093
chr15,16327223,0.83051
chr15,16331223,0.884004
chr15,16335223,0.891828
chr15,16339223,0.87956
chr15,16343223,0.920531
chr15,16347223,0.834325
chr15,16351223,0.84259
chr15,16355223,0.911822
chr15,16359223,0.884983
chr15,16363223,0.891316
chr15,16367223,0.913561
chr15,16371223,0.823689
chr15,16375223,0.872767
chr15,16379223,0.917409
chr15,16383223,0.896519
chr15,16387223,0.913492
chr15,16391223,0.888688
chr15,16395223,0.831132
chr15,16399223,0.896953
chr15,16403223,0.89713
chr15,16407223,0.904691
chr15,16411223,0.914519
chr15,16415223,0.864374
chr15,16419223,0.840259
chr15,16423223,0.904199
chr15,16427223,0.8936
chr15,16431223,0.888247
chr15,16435223,0.900511
chr15,16439223,0.857112
chr15,16443223,0.838661
chr15,16447223,0.899923
chr15,16451223,0.887392
chr15,16455223,0.87141
chr15,16459223,0.892859
chr15,16463223,0.832112
chr15,16467223,0.838157
chr15,16471223,0.898052
chr15,16475223,0.88648
chr15,16479223,0.888875
chr15,16483223,0.915895
chr15,16487223,0.82196
chr15,16491223,0.846336
chr15,16495223,0.920751
chr15,16499223,0.891201
chr15,16503223,0.924327
chr15,16507223,0.902246
chr15,16511223,0.810896
chr15,16515223,0.864211
chr15,16519223,0.913098
chr15,16523223,0.882148
chr15,16527223,0.905442
chr15,16531223,0.910859
chr15,16535223,0.910631
chr15,16539223,0.831853
chr15,16543223,0.869451
chr15,16547223,0.906799
chr15,16551223,0.881162
chr15,16555223,1.746591
chr15,16559223,1.760343
chr15,16563223,1.624528
chr15,16567223,1.351718
chr15,16571223,1.152225
chr15,16575223,1.077709
chr15,16579223,0.946994
chr15,16583223,0.534776
chr15,16587223,1.140011
chr15,16591223,1.14262
chr15,16595223,1.71243
chr15,16599223,1.752237
chr15,16603223,0.890467
chr15,16607223,1.428868
chr15,16611223,1.410028
chr15,16615223,1.862302
chr15,16619223,1.857458
chr15,16623223,0.218683
chr15,16627223,1.700305
chr15,16631223,1.233003
chr15,16635223,1.843774
chr15,16639223,1.054319
chr15,16643223,1.570703
chr15,16647223,1.633546
chr15,16651223,1.055132
chr15,16655223,1.770081
chr15,16659223,1.855018
chr15,16663223,1.504005
chr15,16667223,0.793611
chr15,16671223,0.167257
chr15,16675223,0.820672
chr15,16679223,0.800978
chr15,16683223,0.701324
chr15,16687223,0.762009
chr15,16691223,0.739715
chr15,16695223,0.738814
chr15,16699223,0.698869
chr15,16703223,0.80205
chr15,16707223,0.702509
chr15,16711223,0.794246
chr15,16715223,0.666452
chr15,16719223,0.728785
chr15,16723223,0.662696
chr15,16727223,0.777871
chr15,16731223,0.722585
chr15,16735223,0.747774
chr15,16739223,0.729492
chr15,16743223,0.695303
chr15,16747223,0.723456
chr15,16751223,0.751595
chr15,16755223,0.715969
chr15,16759223,0.709751
chr15,16763223,0.75949
chr15,16767223,0.718054
chr15,16771223,0.73512
chr15,16775223,0.721173
chr15,16779223,0.725809
chr15,16783223,0.749295
chr15,16787223,0.688861
chr15,16791223,0.716302
chr15,16795223,0.686133
chr15,16799223,0.744798
chr15,16803223,0.76677
chr15,16807223,0.762157
chr15,16811223,0.689287
chr15,16815223,0.745762
chr15,16819223,0.766373
chr15,16823223,0.752735
chr15,16827223,0.725646
chr15,16831223,0.752488
chr15,16835223,0.760653
chr15,16839223,0.777718
chr15,16843223,0.771326
chr15,16847223,0.693217
chr15,16851223,0.749357
chr15,16855223,0.683241
chr15,16859223,0.721769
chr15,16863223,0.732717
chr15,16867223,0.628914
chr15,16871223,0.699843
chr15,16875223,0.709733
chr15,16879223,0.678952
chr15,16883223,0.760163
chr15,16887223,0.663705
chr15,16891223,0.682823
chr15,16895223,0.720118
chr15,16899223,0.748261
chr15,16903223,0.664701
chr15,16907223,0.684319
chr15,16911223,0.731114
chr15,16915223,0.609252
chr15,16919223,0.775785
chr15,16923223,0.693262
chr15,16927223,0.723084
chr15,16931223,0.727145
chr15,16935223,0.644474
chr15,16939223,0.690444
chr15,16943223,0.71186
chr15,16947223,0.72772
chr15,16951223,0.654681
chr15,16955223,0.771327
chr15,16959223,0.677189
chr15,16963223,0.763342
chr15,16967223,0.68198
chr15,16971223,0.742496
chr15,16975223,0.705393
chr15,16979223,0.693149
chr15,16983223,0.753205
chr15,16987223,0.681911
chr15,16991223,0.752559
chr15,16995223,0.676561
chr15,16999223,0.778915
chr15,17003223,0.767632
chr15,17007223,0.680206
chr15,17011223,0.716165
chr15,17015223,0.654226
chr15,17019223,0.720116
chr15,17023223,0.738324
chr15,17027223,0.659305
chr15,17031223,0.767882
chr15,17035223,0.66915
chr15,17039223,0.767771
chr15,17043223,0.676519
chr15,17047223,0.751119
chr15,17051223,0.696837
chr15,17055223,0.701716
chr15,17059223,0.757096
chr15,17063223,0.667621
chr15,17067223,0.761156
chr15,17071223,0.680848
chr15,17075223,0.783336
chr15,17079223,0.680927
chr15,17083223,0.666823
chr15,17087223,0.763709
chr15,17091223,0.682937
chr15,17095223,0.725592
chr15,17099223,0.718754
chr15,17103223,0.671202
chr15,17107223,0.773692
chr15,17111223,0.682608
chr15,17115223,0.77187
chr15,17119223,0.668352
chr15,17123223,0.744691
chr15,17127223,0.699299
chr15,17131223,0.707018
chr15,17135223,0.749937
chr15,17139223,0.660088
chr15,17143223,0.759414
chr15,17147223,0.695786
chr15,17151223,0.764323
chr15,17155223,0.685005
chr15,17159223,0.728918
chr15,17163223,0.723157
chr15,17167223,0.677912
chr15,17171223,0.777477
chr15,17175223,0.66847
chr15,17179223,0.759394
chr15,17183223,0.693443
chr15,17187223,0.740094
chr15,17191223,0.580415
chr15,17195223,0.770898
chr15,17199223,0.667707
chr15,17203223,0.67431
chr15,17207223,0.753867
chr15,17211223,0.754113
chr15,17215223,0.738592
chr15,17219223,0.758602
chr15,17223223,0.742525
chr15,17227223,0.735687
chr15,17231223,0.5577
chr15,17235223,0.748814
chr15,17239223,0.768412
chr15,17243223,0.667367
chr15,17247223,0.70255
chr15,17251223,0.757743
chr15,17255223,0.693171
chr15,17259223,0.684393
chr15,17263223,0.682546
chr15,17267223,0.72732
chr15,17271223,0.767171
chr15,17275223,0.665554
chr15,17279223,0.676226
chr15,17283223,0.754598
chr15,17287223,0.778065
chr15,17291223,0.762656
chr15,17295223,0.755436
chr15,17299223,0.554458
chr15,17303223,0.674883
chr15,17307223,0.790475
chr15,17311223,0.734563
chr15,17315223,0.729937
chr15,17319223,0.696944
chr15,17323223,0.689042
chr15,17327223,0.75346
chr15,17331223,0.763355
chr15,17335223,0.743712
chr15,17339223,0.763259
chr15,17343223,0.748499
chr15,17347223,0.759845
chr15,17351223,0.756819
chr15,17355223,0.696962
chr15,17359223,0.751071
chr15,17363223,0.773313
chr15,17367223,0.76481
chr15,17371223,0.674927
chr15,17375223,0.69559
chr15,17379223,0.761852
chr15,17383223,0.777376
chr15,17387223,0.668907
chr15,17391223,0.697803
chr15,17395223,0.770665
chr15,17399223,0.667075
chr15,17403223,0.690988
chr15,17407223,0.71623
chr15,17411223,0.712843
chr15,17415223,0.645201
chr15,17419223,0.780559
chr15,17423223,0.681378
chr15,17427223,0.759008
chr15,17431223,0.761099
chr15,17435223,0.694439
chr15,17439223,0.712455
chr15,17443223,0.753418
chr15,17447223,0.654276
chr15,17451223,0.781691
chr15,17455223,0.688079
chr15,17459223,0.76695
chr15,17463223,0.685558
chr15,17467223,0.715723
chr15,17471223,0.720829
chr15,17475223,0.652164
chr15,17479223,0.653861
chr15,17483223,0.662624
chr15,17487223,0.766254
chr15,17491223,0.682197
chr15,17495223,0.665473
chr15,17499223,0.782254
chr15,17503223,0.656507
chr15,17507223,0.657164
chr15,17511223,0.784657
chr15,17515223,0.694813
chr15,17519223,0.721405
chr15,17523223,0.7323
chr15,17527223,0.671284
chr15,17531223,0.786582
chr15,17535223,0.675772
chr15,17539223,0.664607
chr15,17543223,0.751589
chr15,17547223,0.700366
chr15,17551223,0.75683
chr15,17555223,0.760254
chr15,17559223,0.642262
chr15,17563223,0.762876
chr15,17567223,0.662566
chr15,17571223,0.764589
chr15,17575223,0.696608
chr15,17579223,0.720456
chr15,17583223,0.717312
chr15,17587223,0.670423
chr15,17591223,0.76913
chr15,17595223,0.674158
chr15,17599223,0.752167
chr15,17603223,0.66929
chr15,17607223,0.782676
chr15,17611223,0.667352
chr15,17615223,0.75969
chr15,17619223,0.674139
chr15,17623223,0.771041
chr15,17627223,0.690368
chr15,17631223,0.780416
chr15,17635223,0.657463
chr15,17639223,0.768789
chr15,17643223,0.622258
chr15,17647223,0.722174
chr15,17651223,0.784249
chr15,17655223,0.780799
chr15,17659223,0.779516
chr15,17663223,0.803328
chr15,17667223,0.791837
chr15,17671223,0.728974
chr15,17675223,0.797991
chr15,17679223,0.702842
chr15,17683223,0.904237
chr15,17687223,0.815031
chr15,17691223,0.872535
chr15,17695223,0.804111
chr15,17699223,0.762023
chr15,17703223,0.712328
chr15,17707223,0.781522
chr15,17711223,0.74524
chr15,17715223,0.804711
chr15,17719223,0.694697
chr15,17723223,0.747662
chr15,17727223,0.251653
chr15,17731223,0.732443
chr15,17735223,0.773818
chr15,17739223,0.623823
chr15,17743223,1.648601
chr15,17747223,1.642537
chr15,17751223,1.023148
chr15,17755223,1.535007
chr15,17759223,1.521443
chr15,17763223,1.231103
chr15,17767223,1.641731
chr15,17771223,1.513152
chr15,17775223,1.561781
chr15,17779223,1.123266
chr15,17783223,1.557213
chr15,17787223,1.759977
chr15,17791223,1.181979
chr15,17795223,0.290977
chr15,17799223,1.819702
chr15,17803223,1.597006
chr15,17807223,1.328621
chr15,17811223,1.53547
chr15,17815223,1.8472
chr15,17819223,1.484415
chr15,17823223,1.762162
chr15,17827223,1.551853
chr15,17831223,1.652101
chr15,17835223,1.49777
chr15,17839223,1.361834
chr15,17843223,1.628532
chr15,17847223,1.323266
chr15,17851223,0.971447
chr15,17855223,0.359762
chr15,17859223,1.673644
chr15,17863223,1.412806
chr15,17867223,1.376785
chr15,17871223,1.863728
chr15,17875223,1.366447
chr15,17879223,1.818119
chr15,17883223,1.206645
chr15,17887223,1.320713
chr15,17891223,1.378763
chr15,17895223,1.610596
chr15,17899223,1.637206
chr15,17903223,1.771723
chr15,17907223,1.804066
chr15,17911223,1.780811
chr15,17915223,1.747471
chr15,17919223,1.812843
chr15,17923223,1.738801
chr15,17927223,1.174135
chr15,17931223,1.653083
chr15,17935223,0.5186
chr15,17939223,0.327622
chr15,17943223,0.760024
chr15,17947223,1.834015
chr15,17951223,1.61369
chr15,17955223,1.792113
chr15,17959223,1.700669
chr15,17963223,0.931195
chr15,17967223,1.36366
chr15,17971223,1.433993
chr15,17975223,1.318624
chr15,17979223,0.941929
chr15,17983223,0.888417
chr15,17987223,1.326746
chr15,17991223,1.007634
chr15,17995223,0.94493
chr15,17999223,1.282617
chr15,18003223,0.574729
chr15,18007223,0.577741
chr15,18011223,0.603114
chr15,18015223,1.437158
chr15,18019223,1.546381
chr15,18023223,1.098226
chr15,18027223,1.135553
chr15,18031223,1.669516
chr15,18035223,1.692412
chr15,18039223,1.780414
chr15,18043223,1.167631
chr15,18047223,1.348178
chr15,18051223,1.258637
chr15,18055223,1.172898
chr15,18059223,1.433512
chr15,18063223,1.68812
chr15,18067223,1.671013
chr15,18071223,1.387145
chr15,18075223,1.665725
chr15,18079223,0.983926
chr15,18083223,1.310985
chr15,18087223,1.017022
chr15,18091223,1.790058
chr15,18095223,1.786426
chr15,18099223,1.756363
chr15,18103223,0.380827
chr15,18107223,0.815949
chr15,18111223,0.906393
chr15,18115223,1.550213
chr15,18119223,1.727506
chr15,18123223,1.369025
chr15,18127223,1.219517
chr15,18131223,1.397632
chr15,18135223,1.681845
chr15,18139223,1.261894
chr15,18143223,1.325987
chr15,18147223,1.141597
chr15,18151223,1.165482
chr15,18155223,1.195296
chr15,18159223,1.20339
chr15,18163223,1.268591
chr15,18167223,0.972453
chr15,18171223,1.271307
chr15,18175223,1.079851
chr15,18179223,1.40823
chr15,18183223,1.390684
chr15,18187223,1.170172
chr15,18191223,1.404667
chr15,18195223,1.480975
chr15,18199223,1.476838
chr15,18203223,1.358399
chr15,18207223,1.622793
chr15,18211223,1.149951
chr15,18215223,1.272713
chr15,18219223,1.298318
chr15,18223223,0.462286
chr15,18227223,0.218347
chr15,18231223,1.239202
chr15,18235223,1.471824
chr15,18239223,1.605261
chr15,18243223,1.597759
chr15,18247223,1.072457
chr15,18251223,1.467604
chr15,18255223,1.459694
chr15,18259223,1.271942
chr15,18263223,1.418172
chr15,18267223,1.45593
chr15,18271223,1.764775
chr15,18275223,1.219782
chr15,18279223,1.613541
chr15,18283223,1.601385
chr15,18287223,1.058827
chr15,18291223,1.548293
chr15,18295223,0.818061
chr15,18299223,1.820106
chr15,18303223,1.450216
chr15,18307223,1.840378
chr15,18311223,0.834099
chr15,18315223,1.420867
chr15,18319223,1.818156
chr15,18323223,0.3259
chr15,18327223,0.488863
chr15,18331223,1.715898
chr15,18335223,0.983146
chr15,18339223,1.576228
chr15,18343223,1.335262
chr15,18347223,1.761091
chr15,18351223,1.454358
chr15,18355223,1.474838
chr15,18359223,1.296051
chr15,18363223,1.294107
chr15,18367223,1.493146
chr15,18371223,1.36271
chr15,18375223,1.456013
chr15,18379223,1.097457
chr15,18383223,1.217576
chr15,18387223,1.22539
chr15,18391223,1.476645
chr15,18395223,1.267634
chr15,18399223,0.703889
chr15,18403223,1.235507
chr15,18407223,1.480286
chr15,18411223,1.190862
chr15,18415223,1.562332
chr15,18419223,1.0365
chr15,18423223,1.386998
chr15,18427223,1.467873
chr15,18431223,1.212931
chr15,18435223,1.609827
chr15,18439223,1.806952
chr15,18443223,1.418757
chr15,18447223,1.010013
chr15,18451223,1.793764
chr15,18455223,1.565718
chr15,18459223,1.642648
chr15,18463223,1.116365
chr15,18467223,1.586342
chr15,18471223,1.413636
chr15,18475223,1.662975
chr15,18479223,1.440789
chr15,18483223,1.267742
chr15,18487223,1.408945
chr15,18491223,1.074433
chr15,18495223,1.387145
chr15,18499223,1.361201
chr15,18503223,1.80562
chr15,18507223,1.748748
chr15,18511223,0.923658
chr15,18515223,1.443233
chr15,18519223,1.330622
chr15,18523223,1.546841
chr15,18527223,1.645932
chr15,18531223,1.072328
chr15,18535223,1.829592
chr15,18539223,0.96833
chr15,18543223,0.521582
chr15,18547223,1.524873
chr15,18551223,1.624767
chr22,10100152,0.985604
chr22,10104152,0.969724
chr22,10108152,1.006637
chr22,10112152,1.028054
chr22,10116152,1.007496
chr22,10120152,0.988433
chr22,10124152,1.018926
chr22,10128152,0.942836
chr22,10132152,0.996048
chr22,10136152,1.03136
chr22,10140152,0.977037
chr22,10144152,0.934265
chr22,10148152,0.934683
chr22,10152152,0.902432
chr22,10156152,0.933415
chr22,10160152,0.972783
chr22,10164152,0.958583
chr22,10168152,0.919604
chr22,10172152,0.901975
chr22,10176152,0.901949
chr22,10180152,0.965635
chr22,10184152,0.897453
chr22,10188152,0.851049
chr22,10192152,0.741359
chr22,10196152,0.87787
chr22,10200152,0.914996
chr22,10204152,0.883832
chr22,10208152,0.904192
chr22,10212152,0.916329
chr22,10216152,0.890994
chr22,10220152,0.953221
chr22,10224152,0.943655
chr22,10228152,0.911721
chr22,10232152,0.883433
chr22,10236152,0.945788
chr22,10240152,0.864956
chr22,10244152,0.982071
chr22,10248152,0.905543
chr22,10252152,0.917537
chr22,10256152,0.916521
chr22,10260152,0.873531
chr22,10264152,0.858249
chr22,10268152,0.889433
chr22,10272152,0.840084
chr22,10276152,0.964265
chr22,10280152,0.898252
chr22,10284152,0.92175
chr22,10288152,0.894636
chr22,10292152,0.858878
chr22,10296152,0.944045
chr22,10300152,1.651897
chr22,10304152,1.406235
chr22,10308152,1.139805
chr22,10312152,1.172259
chr22,10316152,1.068153
chr22,10320152,0.953069
chr22,10324152,0.448922
chr22,10328152,1.274849
chr22,10332152,1.647099
chr22,10336152,1.565472
chr22,10340152,1.600178
chr22,10344152,0.428091
chr22,10348152,0.637905
chr22,10352152,0.750904
chr22,10356152,0.874317
chr22,10360152,0.830499
chr22,10364152,0.901234
chr22,10368152,0.877311
chr22,10372152,0.913027
chr22,10376152,0.846409
chr22,10380152,0.831537
chr22,10384152,0.882592
chr22,10388152,0.83727
chr22,10392152,0.911409
chr22,10396152,0.868711
chr22,10400152,0.898947
chr22,10404152,0.853192
chr22,10408152,0.842641
chr22,10412152,0.829676
chr22,10416152,0.855465
chr22,10420152,0.790452
chr22,10424152,1.02582
chr22,10428152,1.645295
chr22,10432152,1.69773
chr22,10436152,1.700234
chr22,10440152,1.478644
chr22,10444152,0.413137
chr22,10448152,1.459919
chr22,10452152,1.832175
chr22,10456152,1.617469
chr22,10460152,1.729761
chr22,10464152,1.283544
chr22,10468152,1.640577
chr22,10472152,1.495555
chr22,10476152,1.084128
chr22,10480152,1.261322
chr22,10484152,1.443393
chr22,10488152,0.530818
chr22,10492152,1.250744
chr22,10496152,0.835869
chr22,10500152,1.691323
chr22,10504152,0.964154
chr22,10508152,1.137563
chr22,10512152,1.497471
chr22,10516152,1.222798
chr22,10520152,1.085383
chr22,10524152,0.945047
chr22,10528152,1.168575
chr22,10532152,0.677326
chr22,10536152,1.611304
chr22,10540152,1.015679
chr22,10544152,1.276845
chr22,10548152,1.553694
chr22,10552152,1.416952
chr22,10556152,1.399675
chr22,10560152,1.346814
chr22,10564152,1.471079
chr22,10568152,1.632114
chr22,10572152,1.096507
chr22,10576152,1.420081
chr22,10580152,1.729927
chr22,10584152,1.308608
chr22,10588152,1.730038
chr22,10592152,1.599867
chr22,10596152,1.856716
chr22,10600152,1.704415
chr22,10604152,1.885451
chr22,10608152,1.021742
chr22,10612152,1.778378
chr22,10616152,1.433089
chr22,10620152,1.528751
chr22,10624152,1.262301
chr22,10628152,1.039981
chr22,10632152,1.625854
chr22,10636152,1.451842
chr22,10640152,1.3019
chr22,10644152,1.229143
chr22,10648152,1.262097
chr22,10652152,0.760618
chr22,10656152,1.003407
chr22,10660152,1.011553
chr22,10664152,1.455351
chr22,10668152,1.597926
chr22,10672152,1.035662
chr22,10676152,1.054873
chr22,10680152,0.997132
chr22,10684152,1.108923
chr22,10688152,1.287854
chr22,10692152,1.547336
chr22,10696152,1.373988
chr22,10700152,0.328107
chr22,10704152,0.923927
chr22,10708152,1.733446
chr22,10712152,1.59669
chr22,10716152,0.731615
chr22,10720152,0.595842
chr22,10724152,0.608639
chr22,10728152,0.557439
chr22,10732152,0.567262
chr22,10736152,0.552277
chr22,10740152,0.594967
chr22,10744152,0.626116
chr22,10748152,0.573148
chr22,10752152,0.546893
chr22,10756152,0.60552
chr22,10760152,0.448213
chr22,10764152,0.605115
chr22,10768152,0.446885
chr22,10772152,0.600321
chr22,10776152,0.618538
chr22,10780152,0.529164
chr22,10784152,0.584874
chr22,10788152,0.555031
chr22,10792152,0.596097
chr22,10796152,0.576573
chr22,10800152,0.6423
chr22,10804152,0.595648
chr22,10808152,0.65688
chr22,10812152,0.621936
chr22,10816152,0.581174
chr22,10820152,0.593699
chr22,10824152,0.483325
chr22,10828152,0.593871
chr22,10832152,0.599764
chr22,10836152,0.522579
chr22,10840152,0.595802
chr22,10844152,0.594228
chr22,10848152,0.455827
chr22,10852152,0.606972
chr22,10856152,0.58617
chr22,10860152,0.599585
chr22,10864152,0.625365
chr22,10868152,0.624446
chr22,10872152,0.605219
chr22,10876152,0.532958
chr22,10880152,0.554062
chr22,10884152,0.530419
chr22,10888152,0.625319
chr22,10892152,0.474875
chr22,10896152,0.482775
chr22,10900152,0.566587
chr22,10904152,0.495512
chr22,10908152,0.464275
chr22,10912152,0.617948
chr22,10916152,0.518335
chr22,10920152,0.551957
chr22,10924152,0.547104
chr22,10928152,0.613452
chr22,10932152,0.570415
chr22,10936152,0.504235
chr22,10940152,0.615313
chr22,10944152,0.476548
chr22,10948152,0.62711
chr22,10952152,0.57463
chr22,10956152,0.620428
chr22,10960152,0.610592
chr22,10964152,0.7079
chr22,10968152,0.798961
chr22,10972152,0.617827
chr22,10976152,0.596255
chr22,10980152,0.56961
chr22,10984152,0.612354
chr22,10988152,0.527775
chr22,10992152,0.52415
chr22,10996152,1.373863
chr22,11000152,1.290169
chr22,11004152,1.11773
chr22,11008152,1.304652
chr22,11012152,1.164271
chr22,11016152,1.326562
chr22,11020152,0.906738
chr22,11024152,1.441785
chr22,11028152,1.618939
chr22,11032152,1.655387
chr22,11036152,0.334636
chr22,11040152,0.49225
chr22,11044152,1.220166
chr22,11048152,0.866753
chr22,11052152,1.508535
chr22,11056152,0.844437
chr22,11060152,0.90104
chr22,11064152,1.165323
chr22,11068152,1.167539
chr22,11072152,1.093179
chr22,11076152,0.984371
chr22,11080152,1.51758
chr22,11084152,1.343003
chr22,11088152,1.493984
chr22,11092152,1.401866
chr22,11096152,0.985138
chr22,11100152,1.717151
chr22,11104152,1.593207
chr22,11108152,1.320282
chr22,11112152,1.05638
chr22,11116152,1.386586
chr22,11120152,1.374602
chr22,11124152,1.341153
chr22,11128152,1.049917
chr22,11132152,1.14193
chr22,11136152,1.188019
chr22,11140152,1.57627
chr22,11144152,1.296812
chr22,11148152,1.667208
chr22,11152152,1.829628
chr22,11156152,1.391759
chr22,11160152,1.450666
chr22,11164152,1.352487
chr22,11168152,1.083597
chr22,11172152,1.794606
chr22,11176152,1.307842
chr22,11180152,1.381866
chr22,11184152,1.387791
chr22,11188152,1.664968
chr22,11192152,1.640237
chr22,11196152,1.57457
chr22,11200152,1.349297
chr22,11204152,0.76192
chr22,11208152,0.740068
chr22,11212152,1.802534
chr22,11216152,1.654977
chr22,11220152,1.815461
chr22,11224152,1.817019
chr22,11228152,0.996381
chr22,11232152,1.586536
chr22,11236152,1.362529
chr22,11240152,1.752182
chr22,11244152,1.447324
chr22,11248152,1.807281
chr22,11252152,0.507349
chr22,11256152,0.437611
chr22,11260152,1.544576
chr22,11264152,1.83652
chr22,11268152,1.583587
chr22,11272152,1.3788
chr22,11276152,1.83554
chr22,11280152,1.20307
chr22,11284152,1.709492
chr22,11288152,1.601189
chr22,11292152,1.503049
chr22,11296152,1.341194
chr22,11300152,1.005075
chr22,11304152,1.227283
chr22,11308152,1.503035
chr22,11312152,1.455629
chr22,11316152,1.399719
chr22,11320152,1.779584
chr22,11324152,1.38964
chr22,11328152,1.582244
chr22,11332152,1.261986
chr22,11336152,1.191224
chr22,11340152,1.027667
chr22,11344152,1.292033
chr22,11348152,1.273134
chr22,11352152,1.195345
chr22,11356152,1.848062
chr22,11360152,1.632257
chr22,11364152,0.288481
chr22,11368152,1.66227
chr22,11372152,1.561892
chr22,11376152,1.758955
chr22,11380152,1.774866
chr22,11384152,1.497165
chr22,11388152,0.766783
chr22,11392152,1.86428
chr22,11396152,0.310502
chr22,11400152,1.804853
chr22,11404152,1.018494
chr22,11408152,1.472191
chr22,11412152,1.800312
chr22,11416152,1.341628
chr22,11420152,1.617488
chr22,11424152,1.763149
chr22,11428152,1.551489
chr22,11432152,1.801195
chr22,11436152,1.522899
chr22,11440152,1.710525
chr22,11444152,1.827551
chr22,11448152,1.615453
chr22,11452152,1.208544
chr22,11456152,1.046645
chr22,11460152,1.524973
chr22,11464152,1.74116
chr22,11468152,0.964621
chr22,11472152,1.489782
chr22,11476152,1.61662
chr22,11480152,1.503179
chr22,11484152,1.585998
chr22,11488152,1.834647
chr22,11492152,1.255519
chr22,11496152,1.612438
chr22,11500152,1.638214
chr22,11504152,1.863198
chr22,11508152,1.160318
chr22,11512152,1.589564
chr22,11516152,1.707337
chr22,11520152,1.782081
chr22,11524152,1.295479
chr22,11528152,1.662841
chr22,11532152,1.659337
chr22,11536152,1.313227
chr22,11540152,1.439527
chr22,11544152,1.828886
chr22,11548152,1.558513
chr22,11552152,1.192437
chr22,11556152,1.582777
chr22,11560152,1.413306
chr22,11564152,1.611563
chr22,11568152,1.743822
chr22,11572152,1.605769
chr22,11576152,1.649813
chr22,11580152,0.614471
chr22,11584152,0.79315
chr22,11588152,0.777979
chr22,11592152,0.728178
chr22,11596152,0.873515
chr22,11600152,0.892201
chr22,11604152,0.920994
chr22,11608152,0.841661
chr22,11612152,0.860141
chr22,11616152,0.865685
chr22,11620152,0.895675
chr22,11624152,0.907607
chr22,11628152,0.844921
chr22,11632152,0.783042
chr22,11636152,0.843197
chr22,11640152,0.89791
chr22,11644152,0.859637
chr22,11648152,0.846334
chr22,11652152,0.858778
chr22,11656152,0.877996
chr22,11660152,0.793468
chr22,11664152,0.908103
chr22,11668152,0.835438
chr22,11672152,0.903945
chr22,11676152,0.922309
chr22,11680152,0.896736
chr22,11684152,0.873517
chr22,11688152,0.834609
chr22,11692152,0.846799
chr22,11696152,0.825501
chr22,11700152,0.861052
chr22,11704152,0.781981
chr22,11708152,0.925942
chr22,11712152,0.82796
chr22,11716152,0.754156
chr22,11720152,0.836689
chr22,11724152,0.388005
chr22,11728152,0.849574
chr22,11732152,0.816089
chr22,11736152,0.844518
chr22,11740152,0.84237
chr22,11744152,0.807197
chr22,11748152,0.824577
chr22,11752152,0.818508
chr22,11756152,0.321658
chr22,11760152,0.474669
chr22,11764152,0.82381
chr22,11768152,0.816046
chr22,11772152,0.849665
chr22,11776152,0.837696
chr22,11780152,0.84524
chr22,11784152,0.804803
chr22,11788152,0.767044
chr22,11792152,0.756724
chr22,11796152,0.789115
chr22,11800152,0.79329
chr22,11804152,0.805168
chr22,11808152,0.518146
chr22,11812152,0.682074
chr22,11816152,0.824752
chr22,11820152,0.792037
chr22,11824152,0.77744
chr22,11828152,0.810126
chr22,11832152,0.872464
chr22,11836152,0.810566
chr22,11840152,0.898273
chr22,11844152,0.849629
chr22,11848152,0.859849
chr22,11852152,0.956088
chr22,11856152,0.771571
chr22,11860152,0.957826
chr22,11864152,0.774469
chr22,11868152,0.756778
chr22,11872152,0.848576
chr22,11876152,0.806003
chr22,11880152,0.868599
chr22,11884152,0.831829
chr22,11888152,0.877349
chr22,11892152,0.851265
chr22,11896152,0.844669
chr22,11900152,0.802424
chr22,11904152,0.860127
chr22,11908152,0.830889
chr22,11912152,0.774603
chr22,11916152,0.771693
chr22,11920152,0.832723
chr22,11924152,0.785512
chr22,11928152,0.763561
chr22,11932152,0.833143
chr22,11936152,0.835883
chr22,11940152,0.801419
chr22,11944152,0.865166
chr22,11948152,0.810091
chr22,11952152,0.851035
chr22,11956152,0.775278
chr22,11960152,0.649688
chr22,11964152,0.807111
chr22,11968152,0.851697
chr22,11972152,0.779935
chr22,11976152,0.781763
chr22,11980152,0.674653
chr22,11984152,0.764792
chr22,11988152,0.846561
chr22,11992152,0.874422
chr22,11996152,0.620511
chr22,12000152,0.84668
chr22,12004152,0.831278
chr22,12008152,0.836462
chr22,12012152,0.801472
chr22,12016152,0.797413
chr22,12020152,0.827877
chr22,12024152,0.150174
chr22,12028152,0.832092
chr22,12032152,0.815738
chr22,12036152,0.786075
chr22,12040152,0.867377
chr22,12044152,0.842762
chr22,12048152,0.86967
chr22,12052152,0.834588
chr22,12056152,0.625361
chr22,12060152,0.896934
chr22,12064152,0.975621
chr22,12068152,0.839447
chr22,12072152,0.801938
chr22,12076152,0.823062
chr22,12080152,0.766926
chr22,12084152,0.831911
chr22,12088152,0.827165
chr22,12092152,0.807308
chr22,12096152,0.346336
chr22,12100152,0.913882
chr22,12104152,0.821518
chr22,12108152,0.746458
chr22,12112152,0.296457
chr22,12116152,0.811126
chr22,12120152,0.777535
chr22,12124152,0.581615
chr22,12128152,0.763904
chr22,12132152,0.778731
chr22,12136152,0.790796
chr22,12140152,0.807164
chr22,12144152,0.799599
chr22,12148152,0.83397
chr22,12152152,0.754879
chr22,12156152,0.803258
chr22,12160152,0.935759
chr22,12164152,0.85624
chr22,12168152,0.647146
chr22,12172152,0.427354
chr22,12176152,1.550016
chr22,12180152,1.770109
chr22,12184152,1.592222
chr22,12188152,1.43668
chr22,12192152,1.165416
chr22,12196152,1.363134
chr22,12200152,1.794131
chr22,12204152,1.687679
chr22,12208152,1.782878
chr22,12212152,1.58795
chr22,12216152,1.078774
chr22,12220152,1.647037
chr22,12224152,1.492204
chr22,12228152,1.57439
chr22,12232152,1.215987
chr22,12236152,1.038283
chr22,12240152,1.414053
chr22,12244152,1.696056
chr22,12248152,1.845531
chr22,12252152,1.84967
chr22,12256152,1.610742
chr22,12260152,0.570799
chr22,12264152,0.902252
chr22,12268152,1.674201
chr22,12272152,1.24833
chr22,12276152,1.218645
chr22,12280152,1.080647
chr22,12284152,1.874754
chr22,12288152,1.574696
chr22,12292152,1.156633
chr22,12296152,1.61912
chr22,12300152,0.819236
chr22,12304152,0.837492
chr22,12308152,0.749831
chr22,12312152,0.723515
chr22,12316152,0.748135
chr22,12320152,0.75108
chr22,12324152,0.739442
chr22,12328152,1.004007
chr22,12332152,1.66925
chr22,12336152,1.725438
chr22,12340152,1.293008
chr22,12344152,0.362725
chr22,12348152,0.921757
chr22,12352152,0.286568
chr22,12356152,0.802225
chr22,12360152,1.237739
chr22,12364152,1.182934
chr22,12368152,1.275373
chr22,12372152,1.54979
chr22,12376152,1.625883
chr22,12380152,1.71667
chr22,12384152,1.729107
chr22,12388152,1.190579
chr22,12392152,1.301431
chr22,12396152,0.403655
chr22,12400152,1.325523
chr22,12404152,1.806194
chr22,12408152,1.862057
chr22,12412152,1.054442
chr22,12416152,1.656696
chr22,12420152,0.780751
chr22,12424152,0.761111
chr22,12428152,0.733736
chr22,12432152,0.769247
chr22,12436152,0.756397
chr22,12440152,0.30812
chr22,12444152,0.78679
chr22,12448152,0.821059
chr22,12452152,0.730288
chr22,12456152,0.703856
chr22,12460152,0.730545
chr22,12464152,0.7278
chr22,12468152,0.618643
chr22,12472152,0.744916
chr22,12476152,0.77118
chr22,12480152,0.856418
chr22,12484152,0.751623
chr22,12488152,0.756497
chr22,12492152,0.806325
chr22,12496152,0.525358
chr22,12500152,0.381922
chr22,12504152,0.814604
chr22,12508152,0.850375
chr22,12512152,0.78465
chr22,12516152,0.448812
chr22,12520152,0.735344
chr22,12524152,0.2435
chr22,12528152,0.686889
chr22,12532152,0.83158
chr22,12536152,0.763559
chr22,12540152,0.805334
chr22,12544152,0.781827
chr22,12548152,0.769143
chr22,12552152,0.785864
chr22,12556152,1.760842
chr22,12560152,1.612289
chr22,12564152,0.976947
chr22,12568152,1.592201
chr22,12572152,0.895998
chr22,12576152,1.348696
chr22,12580152,0.689322
chr22,12584152,1.666048
chr22,12588152,1.862101
chr22,12592152,1.775408
chr22,12596152,0.460654
chr22,12600152,0.818883
chr22,12604152,1.804868
chr22,12608152,0.781011
chr22,12612152,1.364656
chr22,12616152,1.31905
chr22,12620152,1.071659
chr22,12624152,1.519315
chr22,12628152,1.481278
chr22,12632152,1.149203
chr22,12636152,1.137126
chr22,12640152,0.989785
chr22,12644152,0.913493
chr22,12648152,0.391444
chr22,12652152,1.298293
chr22,12656152,1.818804
chr22,12660152,1.818298
chr22,12664152,1.007781
chr22,12668152,1.70031
chr22,12672152,0.926858
chr22,12676152,0.905311
chr22,12680152,1.737016
chr22,12684152,1.652763
chr22,12688152,0.844764
chr22,12692152,1.321478
chr22,12696152,0.42146
chr22,12700152,1.540346
chr22,12704152,1.505569
chr22,12708152,1.730496
chr22,12712152,1.805698
chr22,12716152,1.618108
chr22,12720152,1.259799
chr22,12724152,1.850864
chr22,12728152,1.095264
chr22,12732152,1.682072
chr22,12736152,1.072801
chr22,12740152,1.692727
chr22,12744152,1.66804
chr22,12748152,1.558768
chr22,12752152,1.07861
chr22,12756152,1.745463
chr22,12760152,1.810173
chr22,12764152,1.367795
chr22,12768152,0.802561
chr22,12772152,0.597565
chr22,12776152,0.289164
chr22,12780152,0.781289
chr22,12784152,0.738382
chr22,12788152,0.888586
chr22,12792152,0.755002
chr22,12796152,0.72704
chr22,12800152,0.739998
chr22,12804152,0.718884
chr22,12808152,0.715776
chr22,12812152,0.689058
chr22,12816152,0.712856
chr22,12820152,0.726966
chr22,12824152,0.703313
chr22,12828152,0.746594
chr22,12832152,0.743717
chr22,12836152,0.761536
chr22,12840152,0.741859
chr22,12844152,0.697956
chr22,12848152,0.729696
chr22,12852152,0.755116
chr22,12856152,0.739822
chr22,12860152,0.753294
chr22,12864152,0.749991
chr22,12868152,0.711866
chr22,12872152,0.712818
chr22,12876152,0.693538
chr22,12880152,0.755296
chr22,12884152,0.717499
chr22,12888152,0.698503
chr22,12892152,0.715742
chr22,12896152,0.719603
chr22,12900152,0.726021
chr22,12904152,0.746574
chr22,12908152,0.804306
chr22,12912152,0.741055
chr22,12916152,0.769845
chr22,12920152,0.73069
chr22,12924152,0.719395
chr22,12928152,0.774704
chr22,12932152,0.746048
chr22,12936152,0.717253
chr22,12940152,0.798192
chr22,12944152,0.786834
chr22,12948152,0.780669
chr22,12952152,0.7286
chr22,12956152,0.752157
chr22,12960152,0.778311
chr22,12964152,0.749821
chr22,12968152,0.75395
chr22,12972152,0.690026
chr22,12976152,0.725746
chr22,12980152,0.712267
chr22,12984152,0.720712
chr22,12988152,0.7564
chr22,12992152,0.729445
chr22,12996152,0.774051
chr22,13000152,0.714866
chr22,13004152,0.775683
chr22,13008152,0.772646
chr22,13012152,0.773082
chr22,13016152,0.775888
chr22,13020152,0.774158
chr22,13024152,0.804272
chr22,13028152,0.724198
chr22,13032152,0.813397
chr22,13036152,0.774407
chr22,13040152,0.796991
chr22,13044152,0.760133
chr22,13048152,0.718918
chr22,13052152,0.705628
chr22,13056152,0.726689
chr22,13060152,0.721676
chr22,13064152,0.701891
chr22,13068152,0.698175
chr22,13072152,0.726796
chr22,13076152,0.714177
chr22,13080152,0.754394
chr22,13084152,0.711089
chr22,13088152,0.772411
chr22,13092152,0.725233
chr22,13096152,0.757204
chr22,13100152,0.816147
chr22,13104152,0.672321
chr22,13108152,0.757441
chr22,13112152,0.69652
chr22,13116152,0.734214
chr22,13120152,0.705813
chr22,13124152,0.740238
chr22,13128152,0.696017
chr22,13132152,0.689413
chr22,13136152,0.701432
chr22,13140152,0.668963
chr22,13144152,0.674293
chr22,13148152,0.681248
chr22,13152152,0.673504
chr22,13156152,0.713785
chr22,13160152,0.690429
chr22,13164152,0.715744
chr22,13168152,0.724262
chr22,13172152,0.726246
chr22,13176152,0.721995
chr22,13180152,0.737679
chr22,13184152,0.725861
chr22,13188152,0.726581
chr22,13192152,0.673996
chr22,13196152,0.712865
chr22,13200152,0.729373
chr22,13204152,0.69701
chr22,13208152,0.728183
chr22,13212152,0.713996
chr22,13216152,0.720289
chr22,13220152,0.700442
chr22,13224152,0.683701
chr22,13228152,0.67715
chr22,13232152,0.721206
chr22,13236152,0.731871
chr22,13240152,0.675774
chr22,13244152,0.681104
chr22,13248152,0.674368
chr22,13252152,0.711222
chr22,13256152,0.726101
chr22,13260152,0.692867
chr22,13264152,0.685741
chr22,13268152,0.689538
chr22,13272152,0.683977
chr22,13276152,0.684215
chr22,13280152,0.677727
chr22,13284152,0.672356
chr22,13288152,0.668351
chr22,13292152,0.664394
chr22,13296152,0.695409
chr22,13300152,0.677858
chr22,13304152,0.679193
chr22,13308152,0.738564
chr22,13312152,0.732099
chr22,13316152,0.678328
chr22,13320152,0.6777
chr22,13324152,0.706295
chr22,13328152,0.671637
chr22,13332152,0.69448
chr22,13336152,0.682515
chr22,13340152,0.693186
chr22,13344152,0.669577
chr22,13348152,0.685935
chr22,13352152,0.673833
chr22,13356152,0.68408
chr22,13360152,0.684764
chr22,13364152,0.66387
chr22,13368152,0.66993
chr22,13372152,0.685523
chr22,13376152,0.664125
chr22,13380152,0.70808
chr22,13384152,0.70371
chr22,13388152,0.697917
chr22,13392152,0.686497
chr22,13396152,0.666451
chr22,13400152,0.685602
chr22,13404152,0.710164
chr22,13408152,0.713335
chr22,13412152,0.671644
chr22,13416152,0.682157
chr22,13420152,0.662477
chr22,13424152,0.658067
chr22,13428152,0.673165
chr22,13432152,0.692546
chr22,13436152,0.686269
chr22,13440152,0.689687
chr22,13444152,0.671645
chr22,13448152,0.685497
chr22,13452152,0.670396
chr22,13456152,0.663725
chr22,13460152,0.665534
chr22,13464152,0.671948
chr22,13468152,0.671356
chr22,13472152,0.654394
chr22,13476152,0.657989
chr22,13480152,0.666535
chr22,13484152,0.674824
chr22,13488152,0.672142
chr22,13492152,0.722445
chr22,13496152,0.744641
chr22,13500152,0.719768
chr22,13504152,0.7236
chr22,13508152,0.711193
chr22,13512152,0.69411
chr22,13516152,0.718318
chr22,13520152,0.68818
chr22,13524152,0.717271
chr22,13528152,0.706356
chr22,13532152,0.711455
chr22,13536152,0.701053
chr22,13540152,0.727568
chr22,13544152,0.739344
chr22,13548152,0.674727
chr22,13552152,0.666531
chr22,13556152,0.686315
chr22,13560152,0.657656
chr22,13564152,0.667956
chr22,13568152,0.661225
chr22,13572152,0.663834
chr22,13576152,0.668637
chr22,13580152,0.676753
chr22,13584152,0.675653
chr22,13588152,0.683552
chr22,13592152,0.66848
chr22,13596152,0.692255
chr22,13600152,0.691151
chr22,13604152,0.671566
chr22,13608152,0.668447
chr22,13612152,0.706624
chr22,13616152,0.707404
chr22,13620152,0.689322
chr22,13624152,0.669823
chr22,13628152,0.672398
chr22,13632152,0.700159
chr22,13636152,0.628574
chr22,13640152,0.664454
chr22,13644152,0.672087
chr22,13648152,0.6841
chr22,13652152,0.621654
chr22,13656152,0.673688
chr22,13660152,0.676785
chr22,13664152,0.702233
chr22,13668152,0.700155
chr22,13672152,0.597314
chr22,13676152,0.713472
chr22,13680152,0.681226
chr22,13684152,0.674859
chr22,13688152,0.666225
chr22,13692152,0.684766
chr22,13696152,0.701382
chr22,13700152,0.66879
chr22,13704152,0.659478
chr22,13708152,0.656415
chr22,13712152,0.669556
chr22,13716152,0.669978
chr22,13720152,0.684381
chr22,13724152,0.678321
chr22,13728152,0.669416
chr22,13732152,0.690412
chr22,13736152,0.656201
chr22,13740152,0.664165
chr22,13744152,0.686074
chr22,13748152,0.683566
chr22,13752152,0.691982
chr22,13756152,0.682433
chr22,13760152,0.692842
chr22,13764152,0.65679
chr22,13768152,0.663587
chr22,13772152,0.724646
chr22,13776152,0.695249
chr22,13780152,0.681018
chr22,13784152,0.678485
chr22,13788152,0.659313
chr22,13792152,0.663096
chr22,13796152,0.681182
chr22,13800152,0.693872
chr22,13804152,0.678507
chr22,13808152,0.696003
chr22,13812152,0.673491
chr22,13816152,0.657531
chr22,13820152,0.668076
chr22,13824152,0.669091
chr22,13828152,0.675448
chr22,13832152,0.735595
chr22,13836152,0.731113
chr22,13840152,0.733818
chr22,13844152,0.727244
chr22,13848152,0.713017
chr22,13852152,0.681429
chr22,13856152,0.736572
chr22,13860152,0.700555
chr22,13864152,0.714141
chr22,13868152,0.708783
chr22,13872152,0.709121
chr22,13876152,0.705023
chr22,13880152,0.693179
chr22,13884152,0.667429
chr22,13888152,0.684957
chr22,13892152,0.689015
chr22,13896152,0.701214
chr22,13900152,0.688799
chr22,13904152,0.662119
chr22,13908152,0.681481
chr22,13912152,0.667754
chr22,13916152,0.66906
chr22,13920152,0.704135
chr22,13924152,0.694217
chr22,13928152,0.690877
chr22,13932152,0.733072
chr22,13936152,0.718771
chr22,13940152,0.701882
chr22,13944152,0.72005
chr22,13948152,0.706919
chr22,13952152,0.687544
chr22,13956152,0.680623
chr22,13960152,0.663968
chr22,13964152,0.70468
chr22,13968152,0.701027
chr22,13972152,0.763225
chr22,13976152,0.721462
chr22,13980152,0.757754
chr22,13984152,0.765056
chr22,13988152,0.763926
chr22,13992152,0.693557
chr22,13996152,0.688169
chr22,14000152,0.718392
chr22,14004152,0.699406
chr22,14008152,0.666483
chr22,14012152,0.673935
chr22,14016152,0.679968
chr22,14020152,0.684765
chr22,14024152,0.676952
chr22,14028152,0.689092
chr22,14032152,0.696341
chr22,14036152,0.685489
chr22,14040152,0.771682
chr22,14044152,0.74894
chr22,14048152,0.732905
chr22,14052152,0.712086
chr22,14056152,0.782961
chr22,14060152,0.72149
chr22,14064152,0.692501
chr22,14068152,0.701372
chr22,14072152,0.759388
chr22,14076152,0.69229
chr22,14080152,0.678107
chr22,14084152,0.683037
chr22,14088152,0.695803
chr22,14092152,0.690502
chr22,14096152,0.69712
chrX,57373479,
chrX,57377479,
chrX,57381479,
chrX,57385479,
chrX,57389479,
chrX,57393479,
chrX,57397479,
chrX,57401479,
chrX,57405479,
chrX,57409479,
chrX,57413479,
chrX,57417479,
chrX,57421479,
chrX,57425479,
chrX,57429479,
chrX,57433479,
chrX,57437479,
chrX,57441479,
chrX,57445479,
chrX,57449479,
chrX,57453479,
chrX,57457479,
chrX,57461479,
chrX,57465479,
chrX,57469479,
chrX,57473479,
chrX,57477479,
chrX,57481479,
chrX,57485479,
chrX,57489479,
chrX,57493479,
chrX,57497479,
chrX,57501479,
chrX,57505479,
chrX,57509479,
chrX,57513479,
chrX,57517479,
chrX,57521479,
chrX,57525479,
chrX,57529479,
chrX,57533479,
chrX,57537479,
chrX,57541479,
chrX,57545479,
chrX,57549479,
chrX,57553479,
chrX,57557479,
chrX,57561479,
chrX,57565479,
chrX,57569479,
chrX,57573479,
chrX,57577479,
chrX,57581479,
chrX,57585479,
chrX,57589479,
chrX,57593479,
chrX,57597479,
chrX,57601479,
chrX,57605479,
chrX,57609479,
chrX,57613479,
chrX,57617479,
chrX,57621479,
chrX,57625479,
chrX,57629479,
chrX,57633479,
chrX,57637479,
chrX,57641479,
chrX,57645479,
chrX,57649479,
chrX,57653479,
chrX,57657479,
chrX,57661479,
chrX,57665479,
chrX,57669479,
chrX,57673479,
chrX,57677479,
chrX,57681479,
chrX,57685479,
chrX,57689479,
chrX,57693479,
chrX,57697479,
chrX,57701479,
chrX,57705479,
chrX,57709479,
chrX,57713479,
chrX,57717479,
chrX,57721479,
chrX,57725479,
chrX,57729479,
chrX,57733479,
chrX,57737479,
chrX,57741479,
chrX,57745479,
chrX,57749479,
chrX,57753479,
chrX,57757479,
chrX,57761479,
chrX,57765479,
chrX,57769479,
chrX,57773479,
chrX,57777479,
chrX,57781479,
chrX,57785479,
chrX,57789479,
chrX,57793479,
chrX,57797479,
chrX,57801479,
chrX,57805479,
chrX,57809479,
chrX,57813479,
chrX,57817479,
chrX,57821479,
chrX,57825479,
chrX,57829479,
chrX,57833479,
chrX,57837479,
chrX,57841479,
chrX,57845479,
chrX,57849479,
chrX,57853479,
chrX,57857479,
chrX,57861479,
chrX,57865479,
chrX,57869479,
chrX,57873479,
chrX,57877479,
chrX,57881479,
chrX,57885479,
chrX,57889479,
chrX,57893479,
chrX,57897479,
chrX,57901479,
chrX,57905479,
chrX,57909479,
chrX,57913479,
chrX,57917479,
chrX,57921479,
chrX,57925479,
chrX,57929479,
chrX,57933479,
chrX,57937479,
chrX,57941479,
chrX,57945479,
chrX,57949479,
chrX,57953479,
chrX,57957479,
chrX,57961479,
chrX,57965479,
chrX,57969479,
chrX,57973479,
chrX,57977479,
chrX,57981479,
chrX,57985479,
chrX,57989479,
chrX,57993479,
chrX,57997479,
chrX,58001479,
chrX,58005479,
chrX,58009479,
chrX,58013479,
chrX,58017479,
chrX,58021479,
chrX,58025479,
chrX,58029479,
chrX,58033479,
chrX,58037479,
chrX,58041479,
chrX,58045479,
chrX,58049479,
chrX,58053479,
chrX,58057479,
chrX,58061479,
chrX,58065479,
chrX,58069479,
chrX,58073479,
chrX,58077479,
chrX,58081479,
chrX,58085479,
chrX,58089479,
chrX,58093479,
chrX,58097479,
chrX,58101479,
chrX,58105479,
chrX,58109479,
chrX,58113479,
chrX,58117479,
chrX,58121479,
chrX,58125479,
chrX,58129479,
chrX,58133479,
chrX,58137479,
chrX,58141479,
chrX,58145479,
chrX,58149479,
chrX,58153479,
chrX,58157479,
chrX,58161479,
chrX,58165479,
chrX,58169479,
chrX,58173479,
chrX,58177479,
chrX,58181479,
chrX,58185479,
chrX,58189479,
chrX,58193479,
chrX,58197479,
chrX,58201479,
chrX,58205479,
chrX,58209479,
chrX,58213479,
chrX,58217479,
chrX,58221479,
chrX,58225479,
chrX,58229479,
chrX,58233479,
chrX,58237479,
chrX,58241479,
chrX,58245479,
chrX,58249479,
chrX,58253479,
chrX,58257479,
chrX,58261479,
chrX,58265479,
chrX,58269479,
chrX,58273479,
chrX,58277479,
chrX,58281479,
chrX,58285479,
chrX,58289479,
chrX,58293479,
chrX,58297479,
chrX,58301479,
chrX,58305479,
chrX,58309479,
chrX,58313479,
chrX,58317479,
chrX,58321479,
chrX,58325479,
chrX,58329479,
chrX,58333479,
chrX,58337479,
chrX,58341479,
chrX,58345479,
chrX,58349479,
chrX,58353479,
chrX,58357479,
chrX,58361479,
chrX,58365479,
chrX,58369479,
chrX,58373479,
chrX,58377479,
chrX,58381479,
chrX,58385479,
chrX,58389479,
chrX,58393479,
chrX,58397479,
chrX,58401479,
chrX,58405479,
chrX,58409479,
chrX,58413479,
chrX,58417479,
chrX,58421479,
chrX,58425479,
chrX,58429479,
chrX,58433479,
chrX,58437479,
chrX,58441479,
chrX,58445479,
chrX,58449479,
chrX,58453479,
chrX,58457479,
chrX,58461479,
chrX,58465479,
chrX,58469479,
chrX,58473479,
chrX,58477479,
chrX,58481479,
chrX,58485479,
chrX,58489479,
chrX,58493479,
chrX,58497479,
chrX,58501479,
chrX,58505479,
chrX,58509479,
chrX,58513479,
chrX,58517479,
chrX,58521479,
chrX,58525479,
chrX,58529479,
chrX,58533479,
chrX,58537479,
chrX,58541479,
chrX,58545479,
chrX,58549479,
chrX,58553479,
chrX,58557479,
chrX,58561479,
chrX,58565479,
chrX,58569479,
chrX,58573479,
chrX,58577479,
chrX,58581479,
chrX,58585479,
chrX,58589479,
chrX,58593479,
chrX,58597479,
chrX,58601479,
chrX,58605479,
chrX,58609479,
chrX,58613479,
chrX,58617479,
chrX,58621479,
chrX,58625479,
chrX,58629479,
chrX,58633479,
chrX,58637479,
chrX,58641479,
chrX,58645479,
chrX,58649479,
chrX,58653479,
chrX,58657479,
chrX,58661479,
chrX,58665479,
chrX,58669479,
chrX,58673479,
chrX,58677479,
chrX,58681479,
chrX,58685479,
chrX,58689479,
chrX,58693479,
chrX,58697479,
chrX,58701479,
chrX,58705479,
chrX,58709479,
chrX,58713479,
chrX,58717479,
chrX,58721479,
chrX,58725479,
chrX,58729479,
chrX,58733479,
chrX,58737479,
chrX,58741479,
chrX,58745479,
chrX,58749479,
chrX,58753479,
chrX,58757479,
chrX,58761479,
chrX,58765479,
chrX,58769479,
chrX,58773479,
chrX,58777479,
chrX,58781479,
chrX,58785479,
chrX,58789479,
chrX,58793479,
chrX,58797479,
chrX,58801479,
chrX,58805479,
chrX,58809479,
chrX,58813479,
chrX,58817479,
chrX,58821479,
chrX,58825479,
chrX,58829479,
chrX,58833479,
chrX,58837479,
chrX,58841479,
chrX,58845479,
chrX,58849479,
chrX,58853479,
chrX,58857479,
chrX,58861479,
chrX,58865479,
chrX,58869479,
chrX,58873479,
chrX,58877479,
chrX,58881479,
chrX,58885479,
chrX,58889479,
chrX,58893479,
chrX,58897479,
chrX,58901479,
chrX,58905479,
chrX,58909479,
chrX,58913479,
chrX,58917479,
chrX,58921479,
chrX,58925479,
chrX,58929479,
chrX,58933479,
chrX,58937479,
chrX,58941479,
chrX,58945479,
chrX,58949479,
chrX,58953479,
chrX,58957479,
chrX,58961479,
chrX,58965479,
chrX,58969479,
chrX,58973479,
chrX,58977479,
chrX,58981479,
chrX,58985479,
chrX,58989479,
chrX,58993479,
chrX,58997479,
chrX,59001479,
chrX,59005479,
chrX,59009479,
chrX,59013479,
chrX,59017479,
chrX,59021479,
chrX,59025479,
chrX,59029479,
chrX,59033479,
chrX,59037479,
chrX,59041479,
chrX,59045479,
chrX,59049479,
chrX,59053479,
chrX,59057479,
chrX,59061479,
chrX,59065479,
chrX,59069479,
chrX,59073479,
chrX,59077479,
chrX,59081479,
chrX,59085479,
chrX,59089479,
chrX,59093479,
chrX,59097479,
chrX,59101479,
chrX,59105479,
chrX,59109479,
chrX,59113479,
chrX,59117479,
chrX,59121479,
chrX,59125479,
chrX,59129479,
chrX,59133479,
chrX,59137479,
chrX,59141479,
chrX,59145479,
chrX,59149479,
chrX,59153479,
chrX,59157479,
chrX,59161479,
chrX,59165479,
chrX,59169479,
chrX,59173479,
chrX,59177479,
chrX,59181479,
chrX,59185479,
chrX,59189479,
chrX,59193479,
chrX,59197479,
chrX,59201479,
chrX,59205479,
chrX,59209479,
chrX,59213479,
chrX,59217479,
chrX,59221479,
chrX,59225479,
chrX,59229479,
chrX,59233479,
chrX,59237479,
chrX,59241479,
chrX,59245479,
chrX,59249479,
chrX,59253479,
chrX,59257479,
chrX,59261479,
chrX,59265479,
chrX,59269479,
chrX,59273479,
chrX,59277479,
chrX,59281479,
chrX,59285479,
chrX,59289479,
chrX,59293479,
chrX,59297479,
chrX,59301479,
chrX,59305479,
chrX,59309479,
chrX,59313479,
chrX,59317479,
chrX,59321479,
chrX,59325479,
chrX,59329479,
chrX,59333479,
chrX,59337479,
chrX,59341479,
chrX,59345479,
chrX,59349479,
chrX,59353479,
chrX,59357479,
chrX,59361479,
chrX,59365479,
chrX,59369479,
chrX,59373479,
chrX,59377479,
chrX,59381479,
chrX,59385479,
chrX,59389479,
chrX,59393479,
chrX,59397479,
chrX,59401479,
chrX,59405479,
chrX,59409479,
chrX,59413479,
chrX,59417479,
chrX,59421479,
chrX,59425479,
chrX,59429479,
chrX,59433479,
chrX,59437479,
chrX,59441479,
chrX,59445479,
chrX,59449479,
chrX,59453479,
chrX,59457479,
chrX,59461479,
chrX,59465479,
chrX,59469479,
chrX,59473479,
chrX,59477479,
chrX,59481479,
chrX,59485479,
chrX,59489479,
chrX,59493479,
chrX,59497479,
chrX,59501479,
chrX,59505479,
chrX,59509479,
chrX,59513479,
chrX,59517479,
chrX,59521479,
chrX,59525479,
chrX,59529479,
chrX,59533479,
chrX,59537479,
chrX,59541479,
chrX,59545479,
chrX,59549479,
chrX,59553479,
chrX,59557479,
chrX,59561479,
chrX,59565479,
chrX,59569479,
chrX,59573479,
chrX,59577479,
chrX,59581479,
chrX,59585479,
chrX,59589479,
chrX,59593479,
chrX,59597479,
chrX,59601479,
chrX,59605479,
chrX,59609479,
chrX,59613479,
chrX,59617479,
chrX,59621479,
chrX,59625479,
chrX,59629479,
chrX,59633479,
chrX,59637479,
chrX,59641479,
chrX,59645479,
chrX,59649479,
chrX,59653479,
chrX,59657479,
chrX,59661479,
chrX,59665479,
chrX,59669479,
chrX,59673479,
chrX,59677479,
chrX,59681479,
chrX,59685479,
chrX,59689479,
chrX,59693479,
chrX,59697479,
chrX,59701479,
chrX,59705479,
chrX,59709479,
chrX,59713479,
chrX,59717479,
chrX,59721479,
chrX,59725479,
chrX,59729479,
chrX,59733479,
chrX,59737479,
chrX,59741479,
chrX,59745479,
chrX,59749479,
chrX,59753479,
chrX,59757479,
chrX,59761479,
chrX,59765479,
chrX,59769479,
chrX,59773479,
chrX,59777479,
chrX,59781479,
chrX,59785479,
chrX,59789479,
chrX,59793479,
chrX,59797479,
chrX,59801479,
chrX,59805479,
chrX,59809479,
chrX,59813479,
chrX,59817479,
chrX,59821479,
chrX,59825479,
chrX,59829479,
chrX,59833479,
chrX,59837479,
chrX,59841479,
chrX,59845479,
chrX,59849479,
chrX,59853479,
chrX,59857479,
chrX,59861479,
chrX,59865479,
chrX,59869479,
chrX,59873479,
chrX,59877479,
chrX,59881479,
chrX,59885479,
chrX,59889479,
chrX,59893479,
chrX,59897479,
chrX,59901479,
chrX,59905479,
chrX,59909479,
chrX,59913479,
chrX,59917479,
chrX,59921479,
chrX,59925479,
chrX,59929479,
chrX,59933479,
chrX,59937479,
chrX,59941479,
chrX,59945479,
chrX,59949479,
chrX,59953479,
chrX,59957479,
chrX,59961479,
chrX,59965479,
chrX,59969479,
chrX,59973479,
chrX,59977479,
chrX,59981479,
chrX,59985479,
chrX,59989479,
chrX,59993479,
chrX,59997479,
chrX,60001479,
chrX,60005479,
chrX,60009479,
chrX,60013479,
chrX,60017479,
chrX,60021479,
chrX,60025479,
chrX,60029479,
chrX,60033479,
chrX,60037479,
chrX,60041479,
chrX,60045479,
chrX,60049479,
chrX,60053479,
chrX,60057479,
chrX,60061479,
chrX,60065479,
chrX,60069479,
chrX,60073479,
chrX,60077479,
chrX,60081479,
chrX,60085479,
chrX,60089479,
chrX,60093479,
chrX,60097479,
chrX,60101479,
chrX,60105479,
chrX,60109479,
chrX,60113479,
chrX,60117479,
chrX,60121479,
chrX,60125479,
chrX,60129479,
chrX,60133479,
chrX,60137479,
chrX,60141479,
chrX,60145479,
chrX,60149479,
chrX,60153479,
chrX,60157479,
chrX,60161479,
chrX,60165479,
chrX,60169479,
chrX,60173479,
chrX,60177479,
chrX,60181479,
chrX,60185479,
chrX,60189479,
chrX,60193479,
chrX,60197479,
chrX,60201479,
chrX,60205479,
chrX,60209479,
chrX,60213479,
chrX,60217479,
chrX,60221479,
chrX,60225479,
chrX,60229479,
chrX,60233479,
chrX,60237479,
chrX,60241479,
chrX,60245479,
chrX,60249479,
chrX,60253479,
chrX,60257479,
chrX,60261479,
chrX,60265479,
chrX,60269479,
chrX,60273479,
chrX,60277479,
chrX,60281479,
chrX,60285479,
chrX,60289479,
chrX,60293479,
chrX,60297479,
chrX,60301479,
chrX,60305479,
chrX,60309479,
chrX,60313479,
chrX,60317479,
chrX,60321479,
chrX,60325479,
chrX,60329479,
chrX,60333479,
chrX,60337479,
chrX,60341479,
chrX,60345479,
chrX,60349479,
chrX,60353479,
chrX,60357479,
chrX,60361479,
chrX,60365479,
chrX,60369479,
chrX,60373479,
chrX,60377479,
chrX,60381479,
chrX,60385479,
chrX,60389479,
chrX,60393479,
chrX,60397479,
chrX,60401479,
chrX,60405479,
chrX,60409479,
chrX,60413479,
chrX,60417479,
chrX,60421479,
chrX,60425479,
chrX,60429479,
chrX,60433479,
chrX,60437479,
chrX,60441479,
chrX,60445479,
chrX,60449479,
chrX,60453479,
chrX,60457479,
chrX,60461479,
chrX,60465479,
chrX,60469479,
chrX,60473479,
chrX,60477479,
chrX,60481479,
chrX,60485479,
chrX,60489479,
chrX,60493479,
chrX,60497479,
chrX,60501479,
chrX,60505479,
chrX,60509479,
chrX,60513479,
chrX,60517479,
chrX,60521479,
chrX,60525479,
chrX,60529479,
chrX,60533479,
chrX,60537479,
chrX,60541479,
chrX,60545479,
chrX,60549479,
chrX,60553479,
chrX,60557479,
chrX,60561479,
chrX,60565479,
chrX,60569479,
chrX,60573479,
chrX,60577479,
chrX,60581479,
chrX,60585479,
chrX,60589479,
chrX,60593479,
chrX,60597479,
chrX,60601479,
chrX,60605479,
chrX,60609479,
chrX,60613479,
chrX,60617479,
chrX,60621479,
chrX,60625479,
chrX,60629479,
chrX,60633479,
chrX,60637479,
chrX,60641479,
chrX,60645479,
chrX,60649479,
chrX,60653479,
chrX,60657479,
chrX,60661479,
chrX,60665479,
chrX,60669479,
chrX,60673479,
chrX,60677479,
chrX,60681479,
chrX,60685479,
chrX,60689479,
chrX,60693479,
chrX,60697479,
chrX,60701479,
chrX,60705479,
chrX,60709479,
chrX,60713479,
chrX,60717479,
chrX,60721479,
chrX,60725479,
chrX,60729479,
chrX,60733479,
chrX,60737479,
chrX,60741479,
chrX,60745479,
chrX,60749479,
chrX,60753479,
chrX,60757479,
chrX,60761479,
chrX,60765479,
chrX,60769479,
chrX,60773479,
chrX,60777479,
chrX,60781479,
chrX,60785479,
chrX,60789479,
chrX,60793479,
chrX,60797479,
chrX,60801479,
chrX,60805479,
chrX,60809479,
chrX,60813479,
chrX,60817479,
chrX,60821479,
chrX,60825479,
chrX,60829479,
chrX,60833479,
chrX,60837479,
chrX,60841479,
chrX,60845479,
chrX,60849479,
chrX,60853479,
chrX,60857479,
chrX,60861479,
chrX,60865479,
chrX,60869479,
chrX,60873479,
chrX,60877479,
chrX,60881479,
chrX,60885479,
chrX,60889479,
chrX,60893479,
chrX,60897479,
chrX,60901479,
chrX,60905479,
chrX,60909479,
chrX,60913479,
chrX,60917479,
chrX,60921479,
chrX,60925479,
chrX,60929479,
chrX,60933479,
chrX,60937479,
chrX,60941479,
chrX,60945479,
chrX,60949479,
chrX,60953479,
chrX,60957479,
chrX,60961479,
chrX,60965479,
chrX,60969479,
chrX,60973479,
chrX,60977479,
chrX,60981479,
chrX,60985479,
chrX,60989479,
chrX,60993479,
chrX,60997479,
chrX,61001479,
chrX,61005479,
chrX,61009479,
chrX,61013479,
chrX,61017479,
chrX,61021479,
chrX,61025479,
chrX,61029479,
chrX,61033479,
chrX,61037479,
chrX,61041479,
chrX,61045479,
chrX,61049479,
chrX,61053479,
chrX,61057479,
chrX,61061479,
chrX,61065479,
chrX,61069479,
chrX,61073479,
chrX,61077479,
chrX,61081479,
chrX,61085479,
chrX,61089479,
chrX,61093479,
chrX,61097479,
chrX,61101479,
chrX,61105479,
chrX,61109479,
chrX,61113479,
chrX,61117479,
chrX,61121479,
chrX,61125479,
chrX,61129479,
chrX,61133479,
chrX,61137479,
chrX,61141479,
chrX,61145479,
chrX,61149479,
chrX,61153479,
chrX,61157479,
chrX,61161479,
chrX,61165479,
chrX,61169479,
chrX,61173479,
chrX,61177479,
chrX,61181479,
chrX,61185479,
chrX,61189479,
chrX,61193479,
chrX,61197479,
chrX,61201479,
chrX,61205479,
chrX,61209479,
chrX,61213479,
chrX,61217479,
chrX,61221479,
chrX,61225479,
chrX,61229479,
chrX,61233479,
chrX,61237479,
chrX,61241479,
chrX,61245479,
chrX,61249479,
chrX,61253479,
chrX,61257479,
chrX,61261479,
chrX,61265479,
chrX,61269479,
chrX,61273479,
chrX,61277479,
chrX,61281479,
chrX,61285479,
chrX,61289479,
chrX,61293479,
chrX,61297479,
chrX,61301479,
chrX,61305479,
chrX,61309479,
chrX,61313479,
chrX,61317479,
chrX,61321479,
chrX,61325479,
chrX,61329479,
chrX,61333479,
chrX,61337479,
chrX,61341479,
chrX,61345479,
chrX,61349479,
chrX,61353479,
chrX,61357479,
chrX,61361479,
chrX,61365479,
chrX,61369479,
